original	before	after	review_status	concept	changed_tokens
Activate	Активиране	Активиране	existing-unreviewed		0
ActivateAll	АктивиранеВсички	АктивиранеВсички	existing-unreviewed		0
Active	Активна	Активна	existing-unreviewed		0
ActiveInterruptManager	АктивнаПрекъсванеmanager	АктивнаПрекъсванеmanager	existing-unreviewed		0
ActiveMemoryManager	АктивнаПаметmanager	АктивнаПаметmanager	existing-unreviewed		0
Add	Добавяне	Добавяне	existing-unreviewed		0
AddDriver	Добавянеdriver	Добавянеdriver	existing-unreviewed		0
AddRunnableThread	Добавянеrunnablethread	Добавянеrunnablethread	existing-unreviewed		0
AddTask	ДобавянеЗадача	ДобавянеЗадача	existing-unreviewed		0
AddThread	Добавянеthread	Добавянеthread	existing-unreviewed		0
Address	Address	Address	existing-unreviewed		0
AlignedMalloc	Alignedmalloc	Alignedmalloc	existing-unreviewed		0
AlignmentCheck	Alignmentcheck	Alignmentcheck	existing-unreviewed		0
AllocateBlock	AllocateБлок	AllocateБлок	existing-unreviewed		0
AllocatePID	AllocateИдПр	AllocateИдПр	existing-unreviewed		0
AmountOfMemory	КоличествоотПамет	КоличествоотПамет	existing-unreviewed		0
ArrayToUint16	Масивtounsignedinteger16	Масивtounsignedinteger16	existing-unreviewed		0
ArrayToUint32	Масивtounsignedinteger32	Масивtounsignedinteger32	existing-unreviewed		0
ArrayToUint48	Масивtounsignedinteger48	Масивtounsignedinteger48	existing-unreviewed		0
ArrayToUint48_BE	Масивtounsignedinteger48be	Масивtounsignedinteger48be	existing-unreviewed		0
ArrayToUint64	Масивtounsignedinteger64	Масивtounsignedinteger64	existing-unreviewed		0
Atime	Atime	Atime	existing-unreviewed		0
AtimeNsec	Atimensec	Atimensec	existing-unreviewed		0
BLOCKS_PER_BYTE	Блокperbyte	Блокperbyte	existing-unreviewed		0
BLOCK_SIZE	БлокРазмер	БлокРазмер	existing-unreviewed		0
Backend	Backend	Backend	existing-unreviewed		0
BaseAddr	Baseaddress	Baseaddress	existing-unreviewed		0
Bind	Bind	Bind	existing-unreviewed		0
Blksize	Blksize	Blksize	existing-unreviewed		0
Blocked	Blocked	Blocked	existing-unreviewed		0
BlockedState	BlockedСъстояние	BlockedСъстояние	existing-unreviewed		0
Blocks	Блок	Блок	existing-unreviewed		0
BoundRangeExceeded	BoundДиапазонexceeded	BoundДиапазонexceeded	existing-unreviewed		0
BroadcastMacAddress	Broadcastmacaddress	Broadcastmacaddress	existing-unreviewed		0
BytesPerSector	Байтовеpersector	Байтовеpersector	existing-unreviewed		0
BytesToString	БайтовеtoНиз	БайтовеtoНиз	existing-unreviewed		0
Checksum	Checksum	Checksum	existing-unreviewed		0
Clear	Изчистване	Изчистване	existing-unreviewed		0
Clone	Clone	Clone	existing-unreviewed		0
CloneAddressSpaceCOW	CloneaddressИнтервалcow	CloneaddressИнтервалcow	existing-unreviewed		0
Connect	Свързване	Свързване	existing-unreviewed		0
ContainsCoordinate	Containscoordinate	Containscoordinate	existing-unreviewed		0
CopyPageFrameBlock	КопиранеСтраницаРамкаБлок	КопиранеСтраницаРамкаБлок	existing-unreviewed		0
CpuState	ПроцесорСъстояние	ПроцесорСъстояние	existing-unreviewed		0
Create	Create	Create	existing-unreviewed		0
CreateFromData	Createfromdata	Createfromdata	existing-unreviewed		0
CreateFromFunction	Createfromфункция	Createfromфункция	existing-unreviewed		0
CreatePtrFromFunction	CreateПоказалциfromфункция	CreateПоказалциfromфункция	existing-unreviewed		0
Cs	Cs	Cs	existing-unreviewed		0
Ctime	Ctime	Ctime	existing-unreviewed		0
CtimeNsec	Ctimensec	Ctimensec	existing-unreviewed		0
CurrentPID	ТекущадатаИдПр	ТекущадатаИдПр	existing-unreviewed		0
CurrentParentPID	ТекущадатародителИдПр	ТекущадатародителИдПр	existing-unreviewed		0
Data	Data	Data	compatibility		0
Deactivate	Деактивиране	Деактивиране	existing-unreviewed		0
Deactive	Deactive	Deactive	existing-unreviewed		0
Decrement	Decrement	Decrement	existing-unreviewed		0
Delete	Изтриване	Изтриване	existing-unreviewed		0
DescriptorPrivilegeLevel	Descriptorprivilegelevel	Descriptorprivilegelevel	existing-unreviewed		0
DescriptorType	DescriptorТип	DescriptorТип	existing-unreviewed		0
Destroy	Унищожаване	Унищожаване	existing-unreviewed		0
Dev	Устройство	Устройство	existing-unreviewed		0
DeviceHasFunctions	УстройствоhasФункции	УстройствоhasФункции	existing-unreviewed		0
DeviceNotAvailable	УстройствоnotНалично	УстройствоnotНалично	existing-unreviewed		0
Device_id	УстройствоИДЕНТИФИКАТОР	УстройствоИДЕНТИФИКАТОР	existing-unreviewed		0
DisableInt	ИзключванеЦялочисло	ИзключванеЦялочисло	existing-unreviewed		0
Disconnect	Изключване	Изключване	existing-unreviewed		0
DivideByZero	Dividebyzero	Dividebyzero	existing-unreviewed		0
DoHandleInterrupt	DoРъкохваткаПрекъсване	DoРъкохваткаПрекъсване	existing-unreviewed		0
DoubleFault	Дублиранеfault	Дублиранеfault	existing-unreviewed		0
Draw	Draw	Draw	existing-unreviewed		0
DriverManager	Drivermanager	Drivermanager	existing-unreviewed		0
Ds	Ds	Ds	existing-unreviewed		0
Dynamic	Динамично	Динамично	existing-unreviewed		0
E2BIG	E2big	E2big	existing-unreviewed		0
EACCES	Eacces	Eacces	existing-unreviewed		0
EADDRINUSE	Eaddrinuse	Eaddrinuse	existing-unreviewed		0
EAFNOSUPPORT	Eafnosupport	Eafnosupport	existing-unreviewed		0
EAGAIN	Eagain	Eagain	existing-unreviewed		0
EBADF	Ebadf	Ebadf	existing-unreviewed		0
EBUSY	Ebusy	Ebusy	existing-unreviewed		0
ECHILD	Echild	Echild	existing-unreviewed		0
EEXIST	Eexist	Eexist	existing-unreviewed		0
EFAULT	Efault	Efault	existing-unreviewed		0
EFBIG	Efbig	Efbig	existing-unreviewed		0
EINTR	Eintr	Eintr	existing-unreviewed		0
EINVAL	Einval	Einval	existing-unreviewed		0
EIO	Eio	Eio	existing-unreviewed		0
EISDIR	Eisdir	Eisdir	existing-unreviewed		0
EMFILE	Emfile	Emfile	existing-unreviewed		0
EMSGSIZE	Emsgsize	Emsgsize	existing-unreviewed		0
ENETUNREACH	Enetunreach	Enetunreach	existing-unreviewed		0
ENFILE	Enfile	Enfile	existing-unreviewed		0
ENODEV	Enodev	Enodev	existing-unreviewed		0
ENOENT	Enoent	Enoent	existing-unreviewed		0
ENOEXEC	Enoexec	Enoexec	existing-unreviewed		0
ENOMEM	Enomem	Enomem	existing-unreviewed		0
ENOSPC	Enospc	Enospc	existing-unreviewed		0
ENOSYS	Enosys	Enosys	existing-unreviewed		0
ENOTCONN	Enotconn	Enotconn	existing-unreviewed		0
ENOTDIR	Enotdir	Enotdir	existing-unreviewed		0
ENOTTY	Enotty	Enotty	existing-unreviewed		0
EOPNOTSUPP	Eopnotsupp	Eopnotsupp	existing-unreviewed		0
EPERM	Eperm	Eperm	existing-unreviewed		0
EPROTONOSUPPORT	Eprotonosupport	Eprotonosupport	existing-unreviewed		0
ERANGE	Erange	Erange	existing-unreviewed		0
EROFS	Erofs	Erofs	existing-unreviewed		0
ESPIPE	Espipe	Espipe	existing-unreviewed		0
ESRCH	Esrch	Esrch	existing-unreviewed		0
Eax	Eax	Eax	existing-unreviewed		0
Ebp	Ebp	Ebp	existing-unreviewed		0
Ebx	Ebx	Ebx	existing-unreviewed		0
Ecx	Ecx	Ecx	existing-unreviewed		0
Edi	Edi	Edi	existing-unreviewed		0
Edx	Edx	Edx	existing-unreviewed		0
Eflags	Eflags	Eflags	existing-unreviewed		0
Eip	Eip	Eip	existing-unreviewed		0
Elf	Elf	Elf	existing-unreviewed		0
Elf32Dyn	Elf32dyn	Elf32dyn	existing-unreviewed		0
Elf32Note	Elf32Бележка	Elf32Бележка	existing-unreviewed		0
Elf32Rel	Elf32rel	Elf32rel	existing-unreviewed		0
Elf32Rela	Elf32rela	Elf32rela	existing-unreviewed		0
Elf32Sym	Elf32sym	Elf32sym	existing-unreviewed		0
ElfHeader	Elfheader	Elfheader	existing-unreviewed		0
ElfProgramHeader	Elfпрограмаheader	Elfпрограмаheader	existing-unreviewed		0
ElfSectionHeader	Elfsectionheader	Elfsectionheader	existing-unreviewed		0
EnablePaging	Включванеpaging	Включванеpaging	existing-unreviewed		0
Enabled	Включена	Включена	existing-unreviewed		0
EntryNumber	ЗаписЧисло	ЗаписЧисло	existing-unreviewed		0
EqualBytes	ЕднакъвБайтове	ЕднакъвБайтове	existing-unreviewed		0
Es	Es	Es	existing-unreviewed		0
Esi	Esi	Esi	existing-unreviewed		0
Esp	Esp	Esp	existing-unreviewed		0
FPUBuffer	Fpubuffer	Fpubuffer	existing-unreviewed		0
FPUOffset	Fpuoffset	Fpuoffset	existing-unreviewed		0
Family	Family	Family	existing-unreviewed		0
FileName	ФайлИме	ФайлИме	existing-unreviewed		0
Fill	Fill	Fill	existing-unreviewed		0
FillRectangle	FillПравоъгълник	FillПравоъгълник	existing-unreviewed		0
First	First	First	existing-unreviewed		0
FirstFree	FirstСвободно	FirstСвободно	existing-unreviewed		0
FirstFreeSize	FirstСвободноРазмер	FirstСвободноРазмер	existing-unreviewed		0
Flags	Флагове	Флагове	existing-unreviewed		0
FloatingPointException	Плаващоpointexception	Плаващоpointexception	existing-unreviewed		0
Flush	Flush	Flush	existing-unreviewed		0
FlushTlsTable	FlushtlsТаблица	FlushtlsТаблица	existing-unreviewed		0
Focussable	Focussable	Focussable	existing-unreviewed		0
Free	Свободно	Свободно	existing-unreviewed		0
Fs	Fs	Fs	existing-unreviewed		0
GB	ГБ	ГБ	existing-unreviewed		0
GDT_ENTRIES	Gdtзапис	Gdtзапис	existing-unreviewed		0
GOT	Got	Got	existing-unreviewed		0
GPFException	Gpfexception	Gpfexception	existing-unreviewed		0
GatewayIP	Gatewayip	Gatewayip	existing-unreviewed		0
GdtAddressHigh	GdtaddressВисок	GdtaddressВисок	existing-unreviewed		0
GdtAddressLow	GdtaddressНисък	GdtaddressНисък	existing-unreviewed		0
GdtDescriptor	Gdtdescriptor	Gdtdescriptor	existing-unreviewed		0
GdtEntry	Gdtзапис_2	Gdtзапис_2	existing-unreviewed		0
GdtSize	GdtРазмер	GdtРазмер	existing-unreviewed		0
GetAt	Getat	Getat	existing-unreviewed		0
GetBackend	Getbackend	Getbackend	existing-unreviewed		0
GetBaseAddressRegister	Getbaseaddressregister	Getbaseaddressregister	existing-unreviewed		0
GetBitmaspSize	GetbitmaspРазмер	GetbitmaspРазмер	existing-unreviewed		0
GetBytesFromPtr	GetБайтовеfromПоказалци	GetБайтовеfromПоказалци	existing-unreviewed		0
GetCR0	Getcr0	Getcr0	existing-unreviewed		0
GetCR2	Getcr2	Getcr2	existing-unreviewed		0
GetCR3	Getcr3	Getcr3	existing-unreviewed		0
GetCR4	Getcr4	Getcr4	existing-unreviewed		0
GetColorIndex	GetЦвятСъдържание	GetЦвятСъдържание	existing-unreviewed		0
GetDeviceDescriptor	GetУстройствоdescriptor	GetУстройствоdescriptor	existing-unreviewed		0
GetDriver	Getdriver	Getdriver	existing-unreviewed		0
GetESP0	Getesp0	Getesp0	existing-unreviewed		0
GetEntry	Getзапис	Getзапис	existing-unreviewed		0
GetFileSize	GetФайлРазмер	GetФайлРазмер	existing-unreviewed		0
GetFocus	GetФокус	GetФокус	existing-unreviewed		0
GetFrameBufferSegment	GetРамкаbuffersegment	GetРамкаbuffersegment	existing-unreviewed		0
GetFuncPtrFromPtr	GetfuncПоказалциfromПоказалци	GetfuncПоказалциfromПоказалци	existing-unreviewed		0
GetFunctionName	GetфункцияИме	GetфункцияИме	existing-unreviewed		0
GetHandler	Gethandler	Gethandler	existing-unreviewed		0
GetIPAddress	Getipaddress	Getipaddress	existing-unreviewed		0
GetMACAddress	Getmacaddress	Getmacaddress	existing-unreviewed		0
GetMACFromCache	Getmacfromcache	Getmacfromcache	existing-unreviewed		0
GetNextReadyThread	GetСледващоГотовоthread	GetСледващоГотовоthread	existing-unreviewed		0
GetNodeAt	GetВъзловаточкаat	GetВъзловаточкаat	existing-unreviewed		0
GetProvider	Providerget	Providerget	existing-unreviewed		0
GetSS0	Getss0	Getss0	existing-unreviewed		0
GetStr	Getstr	Getstr	existing-unreviewed		0
GetUint32ArrayFromPtr	Getunsignedinteger32МасивfromПоказалци	Getunsignedinteger32МасивfromПоказалци	existing-unreviewed		0
GetUintptrArrayFromPtr	GetunsignedintegerПоказалциМасивfromПоказалци	GetunsignedintegerПоказалциМасивfromПоказалци	existing-unreviewed		0
GetValue	GetСтойност	GetСтойност	existing-unreviewed		0
GetValueInPageDir	GetСтойностВходящСтраницапапка	GetСтойностВходящСтраницапапка	existing-unreviewed		0
Gid	Gid	Gid	existing-unreviewed		0
Gs	Gs	Gs	existing-unreviewed		0
HandleException	Ръкохваткаexception	Ръкохваткаexception	existing-unreviewed		0
HandleFatalInterruptFrame	РъкохваткаfatalПрекъсванеРамка	РъкохваткаfatalПрекъсванеРамка	existing-unreviewed		0
HandleInterrupt	РъкохваткаПрекъсване	РъкохваткаПрекъсване	existing-unreviewed		0
HandleInterrupt1	РъкохваткаПрекъсване1	РъкохваткаПрекъсване1	existing-unreviewed		0
HandleUserDatagramProtocolMessage	РъкохваткаСобственикdatagramprotocolСЪОБЩЕНИЕ	РъкохваткаСобственикdatagramprotocolСЪОБЩЕНИЕ	existing-unreviewed		0
IDT_DESC_PRESENT	IdtdescriptorНалична	IdtdescriptorНалична	existing-unreviewed		0
IDT_INTERRUPT_GATE	IdtПрекъсванеgate	IdtПрекъсванеgate	existing-unreviewed		0
IDriver	IDriver	IDriver	existing-unreviewed		0
IEtherFrameHandler	IЛокалнамрежаEthernetРамкаhandler	IЛокалнамрежаEthernetРамкаhandler	existing-unreviewed		0
IInternetProtocolHandler	IИнтернетprotocolhandler	IИнтернетprotocolhandler	existing-unreviewed		0
IInterruptHandler	IПрекъсванеhandler	IПрекъсванеhandler	existing-unreviewed		0
IKeyboardEventHandler	IКлавиатураСъбитиеhandler	IКлавиатураСъбитиеhandler	existing-unreviewed		0
IMouseEventHandler	IМишкаСъбитиеhandler	IМишкаСъбитиеhandler	existing-unreviewed		0
IPCIControllerHandler	Ipcicontrollerhandler	Ipcicontrollerhandler	existing-unreviewed		0
IPCache	Ipcache	Ipcache	existing-unreviewed		0
IP_BE	IpМрежаbyteorder	IpМрежаbyteorder	existing-unreviewed		0
IRawDataHandler	IRawdatahandler	IRawdatahandler	existing-unreviewed		0
ITimerEventHandler	IБроячСъбитиеhandler	IБроячСъбитиеhandler	existing-unreviewed		0
IUserDatagramProtocolHandler	IСобственикdatagramprotocolhandler	IСобственикdatagramprotocolhandler	existing-unreviewed		0
IUserDatagramProtocolSocket	IСобственикdatagramprotocolsocket	IСобственикdatagramprotocolsocket	existing-unreviewed		0
IWidget	IДжаджа	IДжаджа	pending-language-review	widget	0
Identify	Identify	Identify	existing-unreviewed		0
Increment	Increment	Increment	existing-unreviewed		0
IndexOf	Съдържаниеот	Съдържаниеот	existing-unreviewed		0
Init	Init	Init	existing-unreviewed		0
InitDriver	Initdriver	Initdriver	existing-unreviewed		0
InitialThreadUserJump	InitialthreadСобственикjump	InitialthreadСобственикjump	existing-unreviewed		0
Ino	Ino	Ino	existing-unreviewed		0
Install	Инсталиране	Инсталиране	existing-unreviewed		0
Interrupt	Прекъсване	Прекъсване	existing-unreviewed		0
InterruptActive	ПрекъсванеАктивна	ПрекъсванеАктивна	existing-unreviewed		0
InterruptDeactive	Прекъсванеdeactive	Прекъсванеdeactive	existing-unreviewed		0
InterruptManager	Прекъсванеmanager	Прекъсванеmanager	existing-unreviewed		0
InterruptNumber	ПрекъсванеЧисло	ПрекъсванеЧисло	existing-unreviewed		0
InvalidOpcode	Невалиденopcode	Невалиденopcode	existing-unreviewed		0
InvalidTSS	Невалиденtss	Невалиденtss	existing-unreviewed		0
IsKernel	Iskernel	Iskernel	existing-unreviewed		0
IsPresent	IsНалична	IsНалична	existing-unreviewed		0
IsUserSpace	IsСобственикИнтервал	IsСобственикИнтервал	existing-unreviewed		0
KB	КБ	КБ	existing-unreviewed		0
KCS_INDEX	KcsСъдържание	KcsСъдържание	existing-unreviewed		0
KCS_SELECTOR	Kcsselector	Kcsselector	existing-unreviewed		0
KDS_INDEX	KdsСъдържание	KdsСъдържание	existing-unreviewed		0
KDS_SELECTOR	Kdsselector	Kdsselector	existing-unreviewed		0
KERNEL_HEAP_START	KernelheapСтартиране	KernelheapСтартиране	existing-unreviewed		0
KERNEL_VIRT_ADDR	Kernelvirtaddress	Kernelvirtaddress	existing-unreviewed		0
KGS_INDEX	KgsСъдържание	KgsСъдържание	existing-unreviewed		0
KGS_SELECTOR	Kgsselector	Kgsselector	existing-unreviewed		0
K핵심	KKernelEntry	KKernelEntry	compatibility		0
LIDT	Lidt	Lidt	existing-unreviewed		0
Last	Последно	Последно	existing-unreviewed		0
Len	Len	Len	compatibility		0
Limit	Ограничение	Ограничение	existing-unreviewed		0
Link	Връзка	Връзка	existing-unreviewed		0
LinkMap	Връзкаmap	Връзкаmap	existing-unreviewed		0
LinkedList	LinkedСписък	LinkedСписък	existing-unreviewed		0
Listen	Listen	Listen	existing-unreviewed		0
LoadElf	Натовареностelf	Натовареностelf	existing-unreviewed		0
MAC	Mac	Mac	existing-unreviewed		0
MAC0	Mac0	Mac0	existing-unreviewed		0
MAC1	Mac1	Mac1	existing-unreviewed		0
MAC2	Mac2	Mac2	existing-unreviewed		0
MAC3	Mac3	Mac3	existing-unreviewed		0
MAC4	Mac4	Mac4	existing-unreviewed		0
MAC5	Mac5	Mac5	existing-unreviewed		0
MACAddress0Port	Macaddress0Порт	Macaddress0Порт	existing-unreviewed		0
MACAddress2Port	Macaddress2Порт	Macaddress2Порт	existing-unreviewed		0
MACAddress4Port	Macaddress4Порт	Macaddress4Порт	existing-unreviewed		0
MACCache	Maccache	Maccache	existing-unreviewed		0
MAX_QUEUE_SIZE	МаксqueueРазмер	МаксqueueРазмер	existing-unreviewed		0
MB	МБ	МБ	existing-unreviewed		0
MBR	Mbr	Mbr	existing-unreviewed		0
MHex출력	MHexadecimalПечат	MHexadecimalПечат	existing-unreviewed		0
MHex출력XY	MHexadecimalПечатxy	MHexadecimalПечатxy	existing-unreviewed		0
MUint16출력	MUnsignedinteger16Печат	MUnsignedinteger16Печат	existing-unreviewed		0
MUint16출력XY	MUnsignedinteger16Печатxy	MUnsignedinteger16Печатxy	existing-unreviewed		0
MUint32출력	MUnsignedinteger32Печат	MUnsignedinteger32Печат	existing-unreviewed		0
MUint32출력XY	MUnsignedinteger32Печатxy	MUnsignedinteger32Печатxy	existing-unreviewed		0
MUint64출력	MUnsignedinteger64Печат	MUnsignedinteger64Печат	existing-unreviewed		0
MUint64출력XY	MUnsignedinteger64Печатxy	MUnsignedinteger64Печатxy	existing-unreviewed		0
Machine	Machine	Machine	existing-unreviewed		0
MachineCheck	Machinecheck	Machinecheck	existing-unreviewed		0
MakeRangePrivateWritable	MakeДиапазонЧастноwritable	MakeДиапазонЧастноwritable	existing-unreviewed		0
Malloc	Malloc	Malloc	pending-language-review	allocate_memory	0
MemCmp	Memcmp	Memcmp	existing-unreviewed		0
MemCpy	MemКопиране	MemКопиране	existing-unreviewed		0
MemMove	MemПреместване	MemПреместване	existing-unreviewed		0
MemSet	MemЗадай	MemЗадай	existing-unreviewed		0
MemoryOper	Паметoper	Паметoper	existing-unreviewed		0
Mode	РЕЖИМ	РЕЖИМ	existing-unreviewed		0
ModelToScreen	МоделtoЕкран	Set_local_coordinates	pending-language-review	set_coordinates	5
Mtime	Mtime	Mtime	existing-unreviewed		0
MtimeNsec	Mtimensec	Mtimensec	existing-unreviewed		0
MyHandleInterrupt	MyРъкохваткаПрекъсване	MyРъкохваткаПрекъсване	existing-unreviewed		0
MyTest	MyТест	MyТест	existing-unreviewed		0
M긴급로그Hex8	MEmergencyЛогhexadecimal8	MEmergencyЛогhexadecimal8	existing-unreviewed		0
M긴급로그Uint32	MEmergencyЛогunsignedinteger32	MEmergencyЛогunsignedinteger32	existing-unreviewed		0
M긴급로그문자열	MEmergencyЛогНиз	MEmergencyЛогНиз	existing-unreviewed		0
M직렬로그초기화	MСериенномерЛогinit	MСериенномерЛогinit	existing-unreviewed		0
M출력	MПечат	MПечат	existing-unreviewed		0
M출력BytesXY	MПечатБайтовеxy	MПечатБайтовеxy	existing-unreviewed		0
M출력Hex	MПечатhexadecimal	MПечатhexadecimal	existing-unreviewed		0
M출력Uint16	MПечатunsignedinteger16	MПечатunsignedinteger16	existing-unreviewed		0
M출력Uint32	MПечатunsignedinteger32	MПечатunsignedinteger32	existing-unreviewed		0
M출력XY	MПечатxy	MПечатxy	existing-unreviewed		0
M테스트	M테스트	M테스트	existing-unreviewed		0
NMI	Nmi	Nmi	existing-unreviewed		0
New	Нов	Нов	existing-unreviewed		0
NewInterruptHandler	НовПрекъсванеhandler	НовПрекъсванеhandler	existing-unreviewed		0
Next	Следващо	Следващо	existing-unreviewed		0
Nlink	Nlink	Nlink	existing-unreviewed		0
Node	Възловаточка	Възловаточка	pending-language-review	list_node	0
Nodename	Nodename	Nodename	existing-unreviewed		0
OnEtherFrameReceived	ЛокалнамрежаEthernetРамкаreceivewhen	ЛокалнамрежаEthernetРамкаreceivewhen	existing-unreviewed		0
OnGetDriver	Вклgetdriver	Вклgetdriver	existing-unreviewed		0
OnInternetProtocolReceived	Интернетprotocolreceivewhen	Интернетprotocolreceivewhen	existing-unreviewed		0
OnKeyDown	ВклКлючНадолу	ВклКлючНадолу	existing-unreviewed		0
OnKeyUp	ВклКлючНагоре	ВклКлючНагоре	existing-unreviewed		0
OnMouseDown	ВклМишкаНадолу	ВклМишкаНадолу	existing-unreviewed		0
OnMouseMove	ВклМишкаПреместване	ВклМишкаПреместване	existing-unreviewed		0
OnMouseUp	ВклМишкаНагоре	ВклМишкаНагоре	existing-unreviewed		0
OnRawDataReceived	Вклrawdatareceive	Вклrawdatareceive	existing-unreviewed		0
OnTick	Вклtick	Вклtick	existing-unreviewed		0
Overflow	Overflow	Overflow	existing-unreviewed		0
P1LinkMap	PСтойност1Връзкаmap	PСтойност1Връзкаmap	existing-unreviewed		0
P2LinkMap	PСтойност2Връзкаmap	PСтойност2Връзкаmap	existing-unreviewed		0
P3LinkMap	PСтойност3Връзкаmap	PСтойност3Връзкаmap	existing-unreviewed		0
PAGE_COW	Страницаcow	Страницаcow	existing-unreviewed		0
PAGE_FRAME	СтраницаРамка	СтраницаРамка	existing-unreviewed		0
PAGE_PRESENT	СтраницаНалична	СтраницаНалична	existing-unreviewed		0
PAGE_USER	СтраницаСобственик	СтраницаСобственик	existing-unreviewed		0
PAGE_WRITABLE	Страницаwritable	Страницаwritable	existing-unreviewed		0
PAUSE_LOOP	Паузаloop	Паузаloop	existing-unreviewed		0
PICMasterCommandPort	PrimarypicКомандаioПорт	PrimarypicКомандаioПорт	existing-unreviewed		0
PICMasterDataPort	PrimarypicdataioПорт	PrimarypicdataioПорт	existing-unreviewed		0
PICSlaveCommandPort	SecondarypicКомандаioПорт	SecondarypicКомандаioПорт	existing-unreviewed		0
PICSlaveDataPort	SecondarypicdataioПорт	SecondarypicdataioПорт	existing-unreviewed		0
PRESENT	Налична	Налична	existing-unreviewed		0
PRIV_KERNEL	Privkernel	Privkernel	existing-unreviewed		0
PRIV_USER	PrivСобственик	PrivСобственик	existing-unreviewed		0
PROC_USER_HEAP_SIZE	ProcСобственикheapРазмер	ProcСобственикheapРазмер	existing-unreviewed		0
PageDirEntry	Страницапапказапис	Страницапапказапис	existing-unreviewed		0
PageDirectoryEntry	Страницапапказапис_2	Страницапапказапис_2	existing-unreviewed		0
PageFault	Страницаfault	Страницаfault	existing-unreviewed		0
PageFaultException	Страницаfaultexception	Страницаfaultexception	existing-unreviewed		0
PageRoundDown	СтраницаЗакръглянедоцелочисленоНадолу	СтраницаЗакръглянедоцелочисленоНадолу	existing-unreviewed		0
PageRoundUp	СтраницаЗакръглянедоцелочисленоНагоре	СтраницаЗакръглянедоцелочисленоНагоре	existing-unreviewed		0
PageTableEntry	СтраницаТаблицазапис	СтраницаТаблицазапис	existing-unreviewed		0
Paging	Paging	Paging	existing-unreviewed		0
ParentPid	РодителИдПр	РодителИдПр	existing-unreviewed		0
Parse	Parse	Parse	existing-unreviewed		0
Partition_id	PartitionИДЕНТИФИКАТОР	PartitionИДЕНТИФИКАТОР	existing-unreviewed		0
PhyMemTest	PhymemТест	PhymemТест	existing-unreviewed		0
PhysicalMemoryManager	PhysicalПаметmanager	PhysicalПаметmanager	existing-unreviewed		0
Pid	ИдПр	ИдПр	existing-unreviewed		0
Port	Порт	Порт	existing-unreviewed		0
PortBase	Портbase	Портbase	existing-unreviewed		0
PortInByte	ПортВходящbyte	ПортВходящbyte	existing-unreviewed		0
PortInDword	ПортВходящdword	ПортВходящdword	existing-unreviewed		0
PortInWord	ПортВходящдума	ПортВходящдума	existing-unreviewed		0
PortOutByte	ПортИзходящbyte	ПортИзходящbyte	existing-unreviewed		0
PortOutDword	ПортИзходящdword	ПортИзходящdword	existing-unreviewed		0
PortOutWord	ПортИзходящдума	ПортИзходящдума	existing-unreviewed		0
PortReadByte	ПортЧетенеbyte	ПортЧетенеbyte	existing-unreviewed		0
PortReadDword	ПортЧетенеdword	ПортЧетенеdword	existing-unreviewed		0
PortReadWord	ПортЧетенедума	ПортЧетенедума	existing-unreviewed		0
PortWriteByte	ПортПисанеbyte	ПортПисанеbyte	existing-unreviewed		0
PortWriteDword	ПортПисанеdword	ПортПисанеdword	existing-unreviewed		0
PortWriteWord	ПортПисанедума	ПортПисанедума	existing-unreviewed		0
Prev	Previous	Previous	existing-unreviewed		0
PrevTSS	Previoustss	Previoustss	existing-unreviewed		0
PrimaryPartition	Primarypartition	Primarypartition	existing-unreviewed		0
Print	Печат	Печат	existing-unreviewed		0
PrintBytes	ПечатБайтове	ПечатБайтове	existing-unreviewed		0
PrintStr	Печатstr	Печатstr	existing-unreviewed		0
PrintTLS	Печатtls	Печатtls	existing-unreviewed		0
PrintTest	ПечатТест	ПечатТест	existing-unreviewed		0
Process	Процес	Процес	existing-unreviewed		0
ProcessHelper	Процесhelper	Процесhelper	existing-unreviewed		0
ProcessPendingKeyboardEvents	ПроцесpendingКлавиатураevents	ПроцесpendingКлавиатураevents	existing-unreviewed		0
ProcessPendingMouseEvents	ПроцесpendingМишкаevents	ПроцесpendingМишкаevents	existing-unreviewed		0
PushAt	Pushat	Insert_at_index	pending-language-review	insert_at	1
PushBack	PushНазад	Append_to_list	pending-language-review	append	12
PushFront	PushОтпред	Prepend_to_list	pending-language-review	prepend	5
PutPixel	Putpixel	Putpixel	existing-unreviewed		0
PutPixelRGB	PutpixelОсновницветове	PutpixelОсновницветове	existing-unreviewed		0
QUEUE_START_ADDR	QueueСтартиранеaddress	QueueСтартиранеaddress	existing-unreviewed		0
Rdev	Rdev	Rdev	existing-unreviewed		0
Read	Четене	Четене	existing-unreviewed		0
Read28	Четене28	Четене28	existing-unreviewed		0
ReadFile	ЧетенеФайл	ЧетенеФайл	pending-language-review	file_read	0
ReadPartitions	Четенеpartition	Четенеpartition	existing-unreviewed		0
Ready	Готово	Готово	existing-unreviewed		0
Receive	Receive	Receive	existing-unreviewed		0
Ref	Reference	Reference	existing-unreviewed		0
Release	Release	Release	existing-unreviewed		0
ReloadCR3	Презарежданеcr3	Презарежданеcr3	existing-unreviewed		0
Remove	Премахване	Премахване	existing-unreviewed		0
RemoveAt	Премахванеat	Премахванеat	existing-unreviewed		0
RemoveThread	Премахванеthread	Премахванеthread	existing-unreviewed		0
RemoveThreadAt	Премахванеthreadat	Премахванеthreadat	existing-unreviewed		0
RequestMacAddress	Requestmacaddress	Requestmacaddress	existing-unreviewed		0
Reset	Възстановяване	Възстановяване	existing-unreviewed		0
Resolve	Resolve	Resolve	existing-unreviewed		0
ResolveCopyOnWriteFault	ResolveКопиранеВклПисанеfault	ResolveКопиранеВклПисанеfault	existing-unreviewed		0
SCHEDULER_FREQUENCY	SchedulerПовторяемост	SchedulerПовторяемост	existing-unreviewed		0
SEG_BIG_MODE	SegbigРЕЖИМ	SegbigРЕЖИМ	existing-unreviewed		0
SEG_EXEC	SegИзпълнение	SegИзпълнение	existing-unreviewed		0
SEG_GRAN_4K_PAGE	Seggran4kСтраница	Seggran4kСтраница	existing-unreviewed		0
SEG_GRAN_BYTE	Seggranbyte	Seggranbyte	existing-unreviewed		0
SEG_KERNEL_CODE	Segkernelcode	Segkernelcode	existing-unreviewed		0
SEG_KERNEL_DATA	Segkerneldata	Segkerneldata	existing-unreviewed		0
SEG_KERNEL_GS	Segkernelgs	Segkernelgs	existing-unreviewed		0
SEG_NOEXEC	Segnoexec	Segnoexec	existing-unreviewed		0
SEG_NORMAL	SegНормален	SegНормален	existing-unreviewed		0
SEG_NORW	Segnorw	Segnorw	existing-unreviewed		0
SEG_R	Segr	Segr	existing-unreviewed		0
SEG_SYSTEM	SegСистема	SegСистема	existing-unreviewed		0
SEG_TASK_STATE	SegЗадачаСъстояние	SegЗадачаСъстояние	existing-unreviewed		0
SEG_USER_CODE	SegСобственикcode	SegСобственикcode	existing-unreviewed		0
SEG_USER_DATA	SegСобственикdata	SegСобственикdata	existing-unreviewed		0
SEG_USER_GS	SegСобственикgs	SegСобственикgs	existing-unreviewed		0
SEG_W	Segw	Segw	existing-unreviewed		0
SIMDFloatingPointException	Simdплаващоpointexception	Simdплаващоpointexception	existing-unreviewed		0
SIZE	Размер	Размер	existing-unreviewed		0
SYS_ACCESS	Sysдостъп	Sysдостъп	existing-unreviewed		0
SYS_BRK	Sysbrk	Sysbrk	existing-unreviewed		0
SYS_CHDIR	Syschdir	Syschdir	existing-unreviewed		0
SYS_CLOSE	SysЗатваряне	SysЗатваряне	existing-unreviewed		0
SYS_CREAT	Syscreat	Syscreat	existing-unreviewed		0
SYS_DUP	Sysdup	Sysdup	existing-unreviewed		0
SYS_DUP2	Sysdup2	Sysdup2	existing-unreviewed		0
SYS_EXECVE	Sysexecve	Sysexecve	existing-unreviewed		0
SYS_EXIT	SysИзход	SysИзход	existing-unreviewed		0
SYS_FCNTL	Sysfcntl	Sysfcntl	existing-unreviewed		0
SYS_FORK	Sysfork	Sysfork	existing-unreviewed		0
SYS_FSTAT	Sysfstat	Sysfstat	existing-unreviewed		0
SYS_FSYNC	Sysfsync	Sysfsync	existing-unreviewed		0
SYS_GETCWD	Sysgetcwd	Sysgetcwd	existing-unreviewed		0
SYS_GETEGID	Sysgetegid	Sysgetegid	existing-unreviewed		0
SYS_GETEUID	Sysgeteuid	Sysgeteuid	existing-unreviewed		0
SYS_GETGID	Sysgetgid	Sysgetgid	existing-unreviewed		0
SYS_GETPID	Sysgetpid	Sysgetpid	existing-unreviewed		0
SYS_GETPPID	Sysgetppid	Sysgetppid	existing-unreviewed		0
SYS_GETUID	Sysgetuid	Sysgetuid	existing-unreviewed		0
SYS_LSEEK	Syslseek	Syslseek	existing-unreviewed		0
SYS_LSTAT	Syslstat	Syslstat	existing-unreviewed		0
SYS_OPEN	SysОтваряне	SysОтваряне	existing-unreviewed		0
SYS_READ	SysЧетене	SysЧетене	existing-unreviewed		0
SYS_RT_EXIT	SysrtИзход	SysrtИзход	existing-unreviewed		0
SYS_SOCKETCALL	Syssocketcall	Syssocketcall	existing-unreviewed		0
SYS_STAT	Sysstat	Sysstat	existing-unreviewed		0
SYS_SYNC	Syssync	Syssync	existing-unreviewed		0
SYS_UNAME	Sysuname	Sysuname	existing-unreviewed		0
SYS_WAITPID	Syswaitpid	Syswaitpid	existing-unreviewed		0
SYS_WRITE	SysПисане	SysПисане	existing-unreviewed		0
Schedule	Schedule	Schedule	existing-unreviewed		0
Scheduler	Scheduler	Scheduler	existing-unreviewed		0
SchedulerData	Schedulerdata	Schedulerdata	existing-unreviewed		0
SegmentNotPresent	SegmentnotНалична	SegmentnotНалична	existing-unreviewed		0
SelectDrivers	Избиранеdriver	Избиранеdriver	existing-unreviewed		0
Send	Изпращане	Изпращане	existing-unreviewed		0
SendEchoRequest	EchorequestИзпращане	EchorequestИзпращане	existing-unreviewed		0
SendFrame	РамкаИзпращане	РамкаИзпращане	existing-unreviewed		0
SerialInit	Сериенномерinit	Сериенномерinit	existing-unreviewed		0
SerialWriteByte	СериенномерПисанеbyte	СериенномерПисанеbyte	existing-unreviewed		0
SetBackend	Задайbackend	Задайbackend	existing-unreviewed		0
SetBit	Задайbit	Задайbit	existing-unreviewed		0
SetBlockInPageDir	ЗадайБлокВходящСтраницапапка	ЗадайБлокВходящСтраницапапка	existing-unreviewed		0
SetBuffer	Задайbuffer	Задайbuffer	existing-unreviewed		0
SetByteAtAddr	Задайbyteataddress	Задайbyteataddress	existing-unreviewed		0
SetByteInPageDir	ЗадайbyteВходящСтраницапапка	ЗадайbyteВходящСтраницапапка	existing-unreviewed		0
SetCR3	Задайcr3	Задайcr3	existing-unreviewed		0
SetColor	ЗадайЦвят	ЗадайЦвят	existing-unreviewed		0
SetDescriptor	Задайdescriptor	Задайdescriptor	existing-unreviewed		0
SetHandleInterruptFuction	ЗадайРъкохваткаПрекъсванеfuction	ЗадайРъкохваткаПрекъсванеfuction	existing-unreviewed		0
SetHandler	Задайhandler	Задайhandler	existing-unreviewed		0
SetIPAddress	Задайipaddress	Задайipaddress	existing-unreviewed		0
SetInterruptDescriptorTableEntry	ПрекъсванеdescriptorТаблицазаписЗадай	ПрекъсванеdescriptorТаблицазаписЗадай	existing-unreviewed		0
SetInterruptManager	ЗадайПрекъсванеmanager	ЗадайПрекъсванеmanager	existing-unreviewed		0
SetInterruptNumber	ЗадайПрекъсванеЧисло	ЗадайПрекъсванеЧисло	existing-unreviewed		0
SetMode	ЗадайРЕЖИМ	ЗадайРЕЖИМ	existing-unreviewed		0
SetNodeAt	ЗадайВъзловаточкаat	ЗадайВъзловаточкаat	existing-unreviewed		0
SetStack	Задайstack	Задайstack	existing-unreviewed		0
SetTlsSegment	Задайtlssegment	Задайtlssegment	existing-unreviewed		0
SetUint32AtAddr	Задайunsignedinteger32ataddress	Задайunsignedinteger32ataddress	existing-unreviewed		0
SetUint32InPageDir	Задайunsignedinteger32ВходящСтраницапапка	Задайunsignedinteger32ВходящСтраницапапка	existing-unreviewed		0
SetUint8AtAddr	Задайunsignedinteger8ataddress	Задайunsignedinteger8ataddress	existing-unreviewed		0
SharedMemoryRegion	SharedПаметregion	SharedПаметregion	existing-unreviewed		0
Size	Размер_2	Размер_2	existing-unreviewed		0
Spawn	Spawn	Spawn	existing-unreviewed		0
Ss	Ss	Ss	existing-unreviewed		0
Stack	Stack	Stack	existing-unreviewed		0
StackSegmentFault	Stacksegmentfault	Stacksegmentfault	existing-unreviewed		0
Start_lba	Стартиранеlba	Стартиранеlba	existing-unreviewed		0
Started	Стартиранна	Стартиранна	existing-unreviewed		0
StdinPutByte	Stdinputbyte	Stdinputbyte	existing-unreviewed		0
StopCurrentThread	СпиранеТекущадатаthread	СпиранеТекущадатаthread	existing-unreviewed		0
Stopped	Спрян	Спрян	existing-unreviewed		0
SubnetMask	SubnetМаска	SubnetМаска	existing-unreviewed		0
SupportMode	ПоддръжкаРЕЖИМ	ПоддръжкаРЕЖИМ	existing-unreviewed		0
Sys_brk	Sysbrk_2	Sysbrk_2	existing-unreviewed		0
Sys_close	SysЗатваряне_2	SysЗатваряне_2	existing-unreviewed		0
Sys_exit	SysИзход_2	SysИзход_2	existing-unreviewed		0
Sys_getpid	Sysgetpid_2	Sysgetpid_2	existing-unreviewed		0
Sys_mousemove	Sysmousemove	Sysmousemove	existing-unreviewed		0
Sys_open	SysОтваряне_2	SysОтваряне_2	existing-unreviewed		0
Sys_printStr	SysПечатstr	SysПечатstr	existing-unreviewed		0
Sys_printUint32	SysПечатunsignedinteger32	SysПечатunsignedinteger32	existing-unreviewed		0
Sys_printf	Sysprintf	Sysprintf	existing-unreviewed		0
Sys_read	SysЧетене_2	SysЧетене_2	existing-unreviewed		0
Syscall	Syscall	Syscall	existing-unreviewed		0
Sysname	Sysname	Sysname	existing-unreviewed		0
TARPEtherFrameHandler	ArpЛокалнамрежаEthernetРамкаhandler	ArpЛокалнамрежаEthernetРамкаhandler	existing-unreviewed		0
TARPMessage	ArpСЪОБЩЕНИЕ	ArpСЪОБЩЕНИЕ	existing-unreviewed		0
TARPMessageBuffer	ArpСЪОБЩЕНИЕbuffer	ArpСЪОБЩЕНИЕbuffer	existing-unreviewed		0
TARPProvider	Arpprovider	Arpprovider	existing-unreviewed		0
TAdvancedTechnologyAttachment	TДопълнителниТехнологияattachment	TДопълнителниТехнологияattachment	existing-unreviewed		0
TArray	TМасив	TМасив	existing-unreviewed		0
TBaseAddressRegister	TBaseaddressregister	TBaseaddressregister	existing-unreviewed		0
TBiosParameterBlock32	TBiosparameterБлок32	TBiosparameterБлок32	pending-language-review	fat_parameters	0
TBufferDescriptor	TBufferdescriptor	TBufferdescriptor	existing-unreviewed		0
TCOWFrameManager	TcowРамкаmanager	TcowРамкаmanager	existing-unreviewed		0
TCPUState	TcpuСъстояние	TcpuСъстояние	existing-unreviewed		0
TDefaultKeyboardEventHandler	TПоподразбиранеКлавиатураСъбитиеhandler	TПоподразбиранеКлавиатураСъбитиеhandler	existing-unreviewed		0
TDefaultMouseEventHandler	TПоподразбиранеМишкаСъбитиеhandler	TПоподразбиранеМишкаСъбитиеhandler	existing-unreviewed		0
TDefaultPCIControllerHandler	TПоподразбиранеpcicontrollerhandler	TПоподразбиранеpcicontrollerhandler	existing-unreviewed		0
TDefaultTimerEventHandler	TПоподразбиранеБроячСъбитиеhandler	TПоподразбиранеБроячСъбитиеhandler	existing-unreviewed		0
TDirectoryEntryFat32	TПапказаписfat32	TПапказаписfat32	existing-unreviewed		0
TDriverManager	TDrivermanager	TDrivermanager	existing-unreviewed		0
TEtherFrameHandler	TЛокалнамрежаEthernetРамкаhandler	TЛокалнамрежаEthernetРамкаhandler	existing-unreviewed		0
TEtherFrameHeader	TЛокалнамрежаEthernetРамкаheader	TЛокалнамрежаEthernetРамкаheader	pending-language-review	ethernet_header	0
TEtherFrameHeaderBuffer	TЛокалнамрежаEthernetРамкаheaderbuffer	TЛокалнамрежаEthernetРамкаheaderbuffer	existing-unreviewed		0
TEtherFrameProvider	TЛокалнамрежаEthernetРамкаprovider	TЛокалнамрежаEthernetРамкаprovider	pending-language-review	ethernet_provider	0
TEtherFrameRawDataHandler	TЛокалнамрежаEthernetРамкаrawdatahandler	TЛокалнамрежаEthernetРамкаrawdatahandler	existing-unreviewed		0
TGateDescriptor	TGatedescriptor	TGatedescriptor	existing-unreviewed		0
THREAD_STACK_SIZE	ThreadstackРазмер	ThreadstackРазмер	existing-unreviewed		0
TICMPHandler	Icmphandler	Icmphandler	existing-unreviewed		0
TIPEtherFrameHandler	IpЛокалнамрежаEthernetРамкаhandler	IpЛокалнамрежаEthernetРамкаhandler	existing-unreviewed		0
TInitializationBlock	TInitializationБлок	TInitializationБлок	existing-unreviewed		0
TInternetControlMessageProtocol	TИнтернетCtrlСЪОБЩЕНИЕprotocol	TИнтернетCtrlСЪОБЩЕНИЕprotocol	pending-language-review	icmp	0
TInternetControlMessageProtocolMessage	TИнтернетCtrlСЪОБЩЕНИЕprotocolСЪОБЩЕНИЕ	TИнтернетCtrlСЪОБЩЕНИЕprotocolСЪОБЩЕНИЕ	existing-unreviewed		0
TInternetControlMessageProtocolMessageBuffer	TИнтернетCtrlСЪОБЩЕНИЕprotocolСЪОБЩЕНИЕbuffer	TИнтернетCtrlСЪОБЩЕНИЕprotocolСЪОБЩЕНИЕbuffer	existing-unreviewed		0
TInternetProtocolHandler	TИнтернетprotocolhandler	TИнтернетprotocolhandler	existing-unreviewed		0
TInternetProtocolProvider	TИнтернетprotocolprovider	TИнтернетprotocolprovider	pending-language-review	ip_provider	0
TInternetProtocolV4Message	TИнтернетprotocolv4СЪОБЩЕНИЕ	TИнтернетprotocolv4СЪОБЩЕНИЕ	existing-unreviewed		0
TInternetProtocolV4MessageBuffer	TИнтернетprotocolv4СЪОБЩЕНИЕbuffer	TИнтернетprotocolv4СЪОБЩЕНИЕbuffer	existing-unreviewed		0
TInterruptDescriptorTablePointer	TПрекъсванеdescriptorТаблицаПоказалци	TПрекъсванеdescriptorТаблицаПоказалци	existing-unreviewed		0
TInterruptHandler	TПрекъсванеhandler	TПрекъсванеhandler	existing-unreviewed		0
TInterruptManager	TПрекъсванеmanager	TПрекъсванеmanager	existing-unreviewed		0
TKeyboardDriver	TКлавиатураdriver	TКлавиатураdriver	existing-unreviewed		0
TLS_START	TlsСтартиране	TlsСтартиране	existing-unreviewed		0
TMSDOSPartitionTable	TmsdospartitionТаблица	TmsdospartitionТаблица	existing-unreviewed		0
TMasterBootRecord	TГлавенbootЗапис	TГлавенbootЗапис	pending-language-review	boot_record	0
TMemoryChunk	TПаметchunk	TПаметchunk	existing-unreviewed		0
TMemoryManager	TПаметmanager	TПаметmanager	existing-unreviewed		0
TMouseDriver	TМишкаdriver	TМишкаdriver	existing-unreviewed		0
TMyKeyboardEventHandler	TMyКлавиатураСъбитиеhandler	TMyКлавиатураСъбитиеhandler	existing-unreviewed		0
TMyMouseEventHandler	TMyМишкаСъбитиеhandler	TMyМишкаСъбитиеhandler	existing-unreviewed		0
TMyPCIControllerHandler	TMypcicontrollerhandler	TMypcicontrollerhandler	existing-unreviewed		0
TPartitionTableEntry	TPartitionТаблицазапис	TPartitionТаблицазапис	existing-unreviewed		0
TPeripheralComponentInterconnectController	TPeripheralcomponentinterconnectcontroller	TPeripheralcomponentinterconnectcontroller	existing-unreviewed		0
TPeripheralComponentInterconnectDeviceDescriptor	TPeripheralcomponentinterconnectУстройствоdescriptor	TPeripheralcomponentinterconnectУстройствоdescriptor	existing-unreviewed		0
TPort	TПорт	TПорт	existing-unreviewed		0
TPort16Bit	TПорт16bit	TПорт16bit	existing-unreviewed		0
TPort32Bit	TПорт32bit	TПорт32bit	existing-unreviewed		0
TPort8Bit	TПорт8bit	TПорт8bit	existing-unreviewed		0
TRawDataHandler	TRawdatahandler	TRawdatahandler	existing-unreviewed		0
TSSEntry	Tssзапис	Tssзапис	existing-unreviewed		0
TSyscall	TSyscall	TSyscall	existing-unreviewed		0
TTask	TЗадача	TЗадача	existing-unreviewed		0
TThread	TThread	TThread	existing-unreviewed		0
TThreadHelper	TThreadhelper	TThreadhelper	existing-unreviewed		0
TTimerDriver	TБроячdriver	TБроячdriver	existing-unreviewed		0
TUserDatagramProtocolHandler	TСобственикdatagramprotocolhandler	TСобственикdatagramprotocolhandler	existing-unreviewed		0
TUserDatagramProtocolHeader	TСобственикdatagramprotocolheader	TСобственикdatagramprotocolheader	pending-language-review	udp_header	0
TUserDatagramProtocolHeaderBuffer	TСобственикdatagramprotocolheaderbuffer	TСобственикdatagramprotocolheaderbuffer	existing-unreviewed		0
TUserDatagramProtocolProvider	TСобственикdatagramprotocolprovider	TСобственикdatagramprotocolprovider	existing-unreviewed		0
TUserDatagramProtocolSocket	TСобственикdatagramprotocolsocket	TСобственикdatagramprotocolsocket	pending-language-review	udp_socket	0
TVideoGraphicsArray	TВидеоГрафикаМасив	TВидеоГрафикаМасив	existing-unreviewed		0
TWidget	TДжаджа	TДжаджа	pending-language-review	widget	0
TWidgetMouseEventHandler	TДжаджаМишкаСъбитиеhandler	TДжаджаМишкаСъбитиеhandler	existing-unreviewed		0
Tamd_am79c973	Tamdam79c973	Tamdam79c973	existing-unreviewed		0
Test	Тест	Тест	existing-unreviewed		0
TestBit	Тестbit	Тестbit	existing-unreviewed		0
TestPrint	ТестПечат	ТестПечат	existing-unreviewed		0
Thread	Thread	Thread	existing-unreviewed		0
ThreadList	ThreadСписък	ThreadСписък	existing-unreviewed		0
ThreadState	ThreadСъстояние	ThreadСъстояние	existing-unreviewed		0
Threads	Threads	Threads	existing-unreviewed		0
TlsSegments	Tlssegments	Tlssegments	existing-unreviewed		0
TotalBlocks	ОбщоБлок	ОбщоБлок	existing-unreviewed		0
Type	Тип	Тип	existing-unreviewed		0
TypeTest	ТипТест	ТипТест	existing-unreviewed		0
T공용서술자테이블	TShareddescriptorТаблица	TShareddescriptorТаблица	existing-unreviewed		0
T공용서술자테이블_자료	TShareddescriptorТаблицаdata	TShareddescriptorТаблицаdata	existing-unreviewed		0
T작업관리자	TЗадачаmanager	TЗадачаmanager	existing-unreviewed		0
T조각설명자	TSegmentdescriptor	TSegmentdescriptor	existing-unreviewed		0
T콘솔	TConsole	TConsole	existing-unreviewed		0
T함수1	TФункция1	TФункция1	existing-unreviewed		0
UDESC_32SEG	Udesc32seg	Udesc32seg	existing-unreviewed		0
UDESC_CONTENTS	UdescРъководство	UdescРъководство	existing-unreviewed		0
UDESC_LIMIT_IN_PAGES	UdescОграничениеВходящСтраници	UdescОграничениеВходящСтраници	existing-unreviewed		0
UDESC_RX_ONLY	Udescrxonly	Udescrxonly	existing-unreviewed		0
UDESC_SEG_NOT_PRESENT	UdescsegnotНалична	UdescsegnotНалична	existing-unreviewed		0
UDESC_USABLE	Udescusable	Udescusable	existing-unreviewed		0
USER_STACK	Собственикstack	Собственикstack	existing-unreviewed		0
USER_STACK_SIZE	СобственикstackРазмер	СобственикstackРазмер	existing-unreviewed		0
USER_STACK_TOP	СобственикstackГоре	СобственикstackГоре	existing-unreviewed		0
Uid	ЮИД	ЮИД	existing-unreviewed		0
Uint16ToArray	Unsignedinteger16toМасив	Unsignedinteger16toМасив	existing-unreviewed		0
Uint16ToArray_BE	Unsignedinteger16toМасивbe	Unsignedinteger16toМасивbe	existing-unreviewed		0
Uint16_R	Unsignedinteger16r	Unsignedinteger16r	existing-unreviewed		0
Uint32ToArray	Unsignedinteger32toМасив	Unsignedinteger32toМасив	existing-unreviewed		0
Uint32_R	Unsignedinteger32r	Unsignedinteger32r	existing-unreviewed		0
Uint48ToArray	Unsignedinteger48toМасив	Unsignedinteger48toМасив	existing-unreviewed		0
Uint48ToArray_BE	Unsignedinteger48toМасивbe	Unsignedinteger48toМасивbe	existing-unreviewed		0
Uint48_R	Unsignedinteger48r	Unsignedinteger48r	existing-unreviewed		0
Uint64ToArray	Unsignedinteger64toМасив	Unsignedinteger64toМасив	existing-unreviewed		0
Uint64_R	Unsignedinteger64r	Unsignedinteger64r	existing-unreviewed		0
UnhandleInterrupt	UnhandleПрекъсване	UnhandleПрекъсване	existing-unreviewed		0
UnsetBit	Незададеноbit	Toggle_allocation_bit	pending-language-review	toggle_bit	1
UsedBlocks	ИзползваноБлок	ИзползваноБлок	existing-unreviewed		0
UserDesc	Собственикdescriptor	Собственикdescriptor	existing-unreviewed		0
UserStack	Собственикstack_2	Собственикstack_2	existing-unreviewed		0
UserStackSize	СобственикstackРазмер_2	СобственикstackРазмер_2	existing-unreviewed		0
Vendor_id	ПроизводителИДЕНТИФИКАТОР	ПроизводителИДЕНТИФИКАТОР	existing-unreviewed		0
Version	Версия	Версия	existing-unreviewed		0
VirtTest	VirtТест	VirtТест	existing-unreviewed		0
Write	Писане	Писане	existing-unreviewed		0
Write28	Писане28	Писане28	existing-unreviewed		0
WriteRegisters	Писанеregister	Писанеregister	existing-unreviewed		0
X	X	X	existing-unreviewed		0
Y	Y	Y	existing-unreviewed		0
Zero	Zero	Zero	existing-unreviewed		0
ZeroBlockInPageDir	ZeroБлокВходящСтраницапапка	ZeroБлокВходящСтраницапапка	existing-unreviewed		0
a	a	a	existing-unreviewed		0
aTime	aВреме	aВреме	existing-unreviewed		0
access	достъп	достъп	existing-unreviewed		0
accessMode	достъпРЕЖИМ	достъпРЕЖИМ	existing-unreviewed		0
ack	ack	ack	existing-unreviewed		0
activeKeyboardDriver	активнаКлавиатураdriver	активнаКлавиатураdriver	existing-unreviewed		0
activeMouseDriver	активнаМишкаdriver	активнаМишкаdriver	existing-unreviewed		0
addr	address	address	existing-unreviewed		0
addrPtr	addressПоказалци	addressПоказалци	existing-unreviewed		0
address	address_2	address_2	existing-unreviewed		0
addressError	addressГрешка	addressГрешка	existing-unreviewed		0
afInet	afinet	afinet	existing-unreviewed		0
allocFD	allocateУкФ	allocateУкФ	existing-unreviewed		0
allocOpenFile	allocateОтварянеФайл	allocateОтварянеФайл	existing-unreviewed		0
allocProcess	allocateПроцес	allocateПроцес	existing-unreviewed		0
allocateSocket	allocatesocket	allocatesocket	existing-unreviewed		0
allocated	allocated	allocated	existing-unreviewed		0
amd_am79c973	amdam79c973	amdam79c973	existing-unreviewed		0
args	параметри	параметри	existing-unreviewed		0
argument	argument	argument	existing-unreviewed		0
argumentPointers	argumentpointers	argumentpointers	existing-unreviewed		0
arguments	параметри_2	параметри_2	existing-unreviewed		0
arp	arp	arp	existing-unreviewed		0
arpBuffer	arpbuffer	arpbuffer	existing-unreviewed		0
arpMesgSize	arpmesgРазмер	arpmesgРазмер	existing-unreviewed		0
arpProvider	arpprovider	arpprovider	existing-unreviewed		0
arp콘솔	arpconsole	arpconsole	existing-unreviewed		0
array	масив	масив	existing-unreviewed		0
ata	ata	ata	existing-unreviewed		0
ata0s	ata0s	ata0s	existing-unreviewed		0
attempts	attempts	attempts	existing-unreviewed		0
attr	атрибут	атрибут	existing-unreviewed		0
attributeControllerIndexPort	атрибутcontrollerСъдържаниеПорт	атрибутcontrollerСъдържаниеПорт	existing-unreviewed		0
attributeControllerReadPort	атрибутcontrollerЧетенеПорт	атрибутcontrollerЧетенеПорт	existing-unreviewed		0
attributeControllerResetPort	атрибутcontrollerВъзстановяванеПорт	атрибутcontrollerВъзстановяванеПорт	existing-unreviewed		0
attributeControllerWritePort	атрибутcontrollerПисанеПорт	атрибутcontrollerПисанеПорт	existing-unreviewed		0
attributes	атрибути	атрибути	existing-unreviewed		0
aux	aux	aux	existing-unreviewed		0
avail	налично	налично	existing-unreviewed		0
b	b	b	existing-unreviewed		0
backend	backend	backend	existing-unreviewed		0
backupFpRegs	backupfpregs	backupfpregs	existing-unreviewed		0
backupSector	backupsector	backupsector	existing-unreviewed		0
bar	лента	лента	existing-unreviewed		0
barNum	лентаЧисло	лентаЧисло	existing-unreviewed		0
bar_value	лентаСтойност	лентаСтойност	existing-unreviewed		0
base	base	base	existing-unreviewed		0
baseCode	basecode	basecode	existing-unreviewed		0
baseHigh	baseВисок	baseВисок	existing-unreviewed		0
baseLow	baseНисък	baseНисък	existing-unreviewed		0
baseMid	basemid	basemid	existing-unreviewed		0
base_addr_high	baseaddressВисок	baseaddressВисок	existing-unreviewed		0
base_addr_low	baseaddressНисък	baseaddressНисък	existing-unreviewed		0
bh	bh	bh	existing-unreviewed		0
bindEphemeral	bindephemeral	bindephemeral	existing-unreviewed		0
bindError	bindГрешка	bindГрешка	existing-unreviewed		0
bios	bios	bios	existing-unreviewed		0
bit	bit	bit	existing-unreviewed		0
bitmap	bitmap	bitmap	pending-language-review	bitmap	0
bootSignature	bootsignature	bootsignature	existing-unreviewed		0
bootable	bootable	bootable	existing-unreviewed		0
bootloader	bootloader	bootloader	existing-unreviewed		0
bound	bound	bound	existing-unreviewed		0
bpb	bpb	bpb	pending-language-review	fat_parameters	0
bpbBytes	bpbБайтове	bpbБайтове	existing-unreviewed		0
bpbPtr	bpbПоказалци	bpbПоказалци	existing-unreviewed		0
buf	buffer	buffer	existing-unreviewed		0
buf1	buffer1	buffer1	existing-unreviewed		0
buf2	buffer2	buffer2	existing-unreviewed		0
buf3	buffer3	buffer3	existing-unreviewed		0
buf4	buffer4	buffer4	existing-unreviewed		0
buf6	buffer6	buffer6	existing-unreviewed		0
buffer	buffer_2	buffer_2	existing-unreviewed		0
buffer1	buffer1_2	buffer1_2	existing-unreviewed		0
buffer2	buffer2_2	buffer2_2	existing-unreviewed		0
bufferAddr	bufferaddress	bufferaddress	existing-unreviewed		0
bufferAddress	bufferaddress_2	bufferaddress_2	existing-unreviewed		0
bufptr	bufferПоказалци	bufferПоказалци	existing-unreviewed		0
bus	bus	bus	existing-unreviewed		0
busControlRegisterDataPort	busCtrlregisterdataПорт	busCtrlregisterdataПорт	existing-unreviewed		0
button	бутон	бутон	existing-unreviewed		0
buttons	бутон_2	бутон_2	existing-unreviewed		0
bytesPerSector	байтовеpersector	байтовеpersector	existing-unreviewed		0
c	c	c	existing-unreviewed		0
cDate	cДата	cДата	existing-unreviewed		0
cTime	cВреме	cВреме	existing-unreviewed		0
cTimeTenth	cВремеtenth	cВремеtenth	existing-unreviewed		0
call	call	call	existing-unreviewed		0
candidate	candidate	candidate	existing-unreviewed		0
cap	cap	cap	existing-unreviewed		0
char	char	char	existing-unreviewed		0
checked	checked	checked	existing-unreviewed		0
checksum	checksum	checksum	existing-unreviewed		0
child	дете	дете	existing-unreviewed		0
childPID	детеИдПр	детеИдПр	existing-unreviewed		0
childPageDir	детеСтраницапапка	детеСтраницапапка	existing-unreviewed		0
chunk	chunk	chunk	existing-unreviewed		0
class_id	класИДЕНТИФИКАТОР	класИДЕНТИФИКАТОР	existing-unreviewed		0
closeAllProcessFDs	затварянеВсичкиПроцесfds	затварянеВсичкиПроцесfds	existing-unreviewed		0
closeOnExec	затварянеВклИзпълнение	затварянеВклИзпълнение	existing-unreviewed		0
closeProcessFD	затварянеПроцесУкФ	затварянеПроцесУкФ	existing-unreviewed		0
code	code	code	existing-unreviewed		0
code1Ptr	code1Показалци	code1Показалци	existing-unreviewed		0
code1ptr	code1Показалци_2	code1Показалци_2	existing-unreviewed		0
code2Ptr	code2Показалци	code2Показалци	existing-unreviewed		0
code3Ptr	code3Показалци	code3Показалци	existing-unreviewed		0
codeSegment	codesegment	codesegment	existing-unreviewed		0
colorIndex	цвятСъдържание	цвятСъдържание	existing-unreviewed		0
colordepth	цвятdepth	цвятdepth	existing-unreviewed		0
command	команда	команда	existing-unreviewed		0
commandPort	командаПорт	командаПорт	existing-unreviewed		0
commandport	командаПорт_2	командаПорт_2	existing-unreviewed		0
common	честосрещани	честосрещани	existing-unreviewed		0
connected	connected	connected	existing-unreviewed		0
console	console	console	existing-unreviewed		0
controlPort	ctrlПорт	ctrlПорт	existing-unreviewed		0
copyExecVector	копиранеИзпълнениеvector	копиранеИзпълнениеvector	existing-unreviewed		0
copyLength	копиранедължина	копиранедължина	existing-unreviewed		0
copyPageDir	копиранеСтраницапапка	копиранеСтраницапапка	existing-unreviewed		0
copyPath	копиранеПЪТ	копиранеПЪТ	existing-unreviewed		0
copySocketName	копиранеsocketИме	копиранеsocketИме	existing-unreviewed		0
copyUtsField	копиранеutsполе	копиранеutsполе	existing-unreviewed		0
count	count	count	existing-unreviewed		0
count2	count2	count2	existing-unreviewed		0
cowFrameManager	cowРамкаmanager	cowРамкаmanager	existing-unreviewed		0
cpu	процесор	процесор	existing-unreviewed		0
cpustate	процесорСъстояние	процесорСъстояние	existing-unreviewed		0
cr0	cr0	cr0	existing-unreviewed		0
cr3	cr3	cr3	existing-unreviewed		0
cr4	cr4	cr4	existing-unreviewed		0
crtcDataPort	crtcdataПорт	crtcdataПорт	existing-unreviewed		0
crtcIndexPort	crtcСъдържаниеПорт	crtcСъдържаниеПорт	existing-unreviewed		0
cs	cs	cs	existing-unreviewed		0
currentRecvBuffer	текущадатаrecvbuffer	текущадатаrecvbuffer	existing-unreviewed		0
currentSendBuffer	текущадатаИзпращанеbuffer	текущадатаИзпращанеbuffer	existing-unreviewed		0
currentTask	текущадатаЗадача	текущадатаЗадача	existing-unreviewed		0
currentThread	текущадатаthread	текущадатаthread	existing-unreviewed		0
currentThreadIndex	текущадатаthreadСъдържание	текущадатаthreadСъдържание	existing-unreviewed		0
cursorHeight	курсорВисочина	курсорВисочина	existing-unreviewed		0
cursorStart	курсорСтартиране	курсорСтартиране	existing-unreviewed		0
d_tag	dЕтикет	dЕтикет	existing-unreviewed		0
d_val_ptr	dvalПоказалци	dvalПоказалци	existing-unreviewed		0
data	data	data	existing-unreviewed		0
dataBuf	databuffer	databuffer	existing-unreviewed		0
dataBytes	dataБайтове	dataБайтове	existing-unreviewed		0
dataPointer	dataПоказалци	dataПоказалци	existing-unreviewed		0
dataPort	dataПорт	dataПорт	existing-unreviewed		0
dataStart	dataСтартиране	dataСтартиране	existing-unreviewed		0
databuffer	databuffer_2	databuffer_2	existing-unreviewed		0
dataport	dataПорт_2	dataПорт_2	existing-unreviewed		0
defaultKeyboardEventHandler	поподразбиранеКлавиатураСъбитиеhandler	поподразбиранеКлавиатураСъбитиеhandler	existing-unreviewed		0
desc	descriptor	descriptor	existing-unreviewed		0
description	описание	описание	existing-unreviewed		0
destination	назначение	назначение	existing-unreviewed		0
destinationAddress	назначениеaddress	назначениеaddress	existing-unreviewed		0
destinationLength	назначениедължина	назначениедължина	existing-unreviewed		0
dev	устройство	устройство	existing-unreviewed		0
device	устройство_2	устройство_2	existing-unreviewed		0
deviceDescriptor	устройствоdescriptor	устройствоdescriptor	existing-unreviewed		0
devicePort	устройствоПорт	устройствоПорт	existing-unreviewed		0
diff	diff	diff	existing-unreviewed		0
digits	digits	digits	existing-unreviewed		0
dirent	dirent	dirent	existing-unreviewed		0
direntBytes	direntБайтове	direntБайтове	existing-unreviewed		0
direntPtr	direntПоказалци	direntПоказалци	existing-unreviewed		0
discardProcess	discardПроцес	discardПроцес	existing-unreviewed		0
dispatchInterrupt	dispatchПрекъсване	dispatchПрекъсване	existing-unreviewed		0
divisor	divisor	divisor	existing-unreviewed		0
domain	сайт	сайт	existing-unreviewed		0
driveNumber	driveЧисло	driveЧисло	existing-unreviewed		0
driver	driver	driver	existing-unreviewed		0
driverManager	drivermanager	drivermanager	existing-unreviewed		0
drivercount	drivercount	drivercount	existing-unreviewed		0
drv	driver_2	driver_2	existing-unreviewed		0
ds	ds	ds	existing-unreviewed		0
ds_segment	dssegment	dssegment	existing-unreviewed		0
dst	назначение_2	назначение_2	existing-unreviewed		0
dstEntry	назначениезапис	назначениезапис	existing-unreviewed		0
dstIP	назначениеipaddress	назначениеipaddress	existing-unreviewed		0
dstIP_BE	назначениеipaddressМрежаbyteorder	назначениеipaddressМрежаbyteorder	existing-unreviewed		0
dstMAC	назначениеmacaddress	назначениеmacaddress	existing-unreviewed		0
dstMAC_BE	назначениеmacbe	назначениеmacbe	existing-unreviewed		0
dstPageDir	назначениеСтраницапапка	назначениеСтраницапапка	existing-unreviewed		0
dstPort	назначениеПортЧисло	назначениеПортЧисло	pending-language-review	destination_port	0
dstPt	назначениеpt	назначениеpt	existing-unreviewed		0
dstPtPtr	назначениеptПоказалци	назначениеptПоказалци	existing-unreviewed		0
dstPtr	назначениеПоказалци	назначениеПоказалци	existing-unreviewed		0
dstptr	назначениеПоказалци_2	назначениеПоказалци_2	existing-unreviewed		0
dynamic	динамично	динамично	existing-unreviewed		0
e	e	e	existing-unreviewed		0
e_ehsize	eehsize	eehsize	existing-unreviewed		0
e_entry	eзапис	eзапис	existing-unreviewed		0
e_flags	eФлагове	eФлагове	existing-unreviewed		0
e_ident	eident	eident	existing-unreviewed		0
e_machine	emachine	emachine	existing-unreviewed		0
e_phentsize	ephentsize	ephentsize	existing-unreviewed		0
e_phnum	ephnum	ephnum	existing-unreviewed		0
e_phoff	ephoff	ephoff	existing-unreviewed		0
e_shentsize	eshentsize	eshentsize	existing-unreviewed		0
e_shnum	eshnum	eshnum	existing-unreviewed		0
e_shoff	eshoff	eshoff	existing-unreviewed		0
e_shstrndx	eshstrndx	eshstrndx	existing-unreviewed		0
e_type	eТип	eТип	existing-unreviewed		0
e_version	eВерсия	eВерсия	existing-unreviewed		0
eax	eax	eax	existing-unreviewed		0
ebp	ebp	ebp	existing-unreviewed		0
ebx	ebx	ebx	existing-unreviewed		0
ecx	ecx	ecx	existing-unreviewed		0
edi	edi	edi	existing-unreviewed		0
edx	edx	edx	existing-unreviewed		0
efHandler	efhandler	efhandler	existing-unreviewed		0
eflags	eflags	eflags	existing-unreviewed		0
eip	eip	eip	existing-unreviewed		0
eipOffset	eipoffset	eipoffset	existing-unreviewed		0
elf	elf	elf	existing-unreviewed		0
elf0	elf0	elf0	existing-unreviewed		0
elf2	elf2	elf2	existing-unreviewed		0
elf3	elf3	elf3	existing-unreviewed		0
elf4	elf4	elf4	existing-unreviewed		0
elfHeader	elfheader	elfheader	existing-unreviewed		0
enabled	включена	включена	existing-unreviewed		0
end	край	край	existing-unreviewed		0
endOffset	крайoffset	крайoffset	existing-unreviewed		0
end_cylinder	крайcylinder	крайcylinder	existing-unreviewed		0
end_head	крайhead	крайhead	existing-unreviewed		0
end_sector	крайsector	крайsector	existing-unreviewed		0
ensureCurrentProcess	ensureТекущадатаПроцес	ensureТекущадатаПроцес	existing-unreviewed		0
entry	запис	запис	existing-unreviewed		0
entryPoint	записpoint	записpoint	existing-unreviewed		0
entrypoint	записpoint_2	записpoint_2	existing-unreviewed		0
environment	environment	environment	existing-unreviewed		0
environmentPointers	environmentpointers	environmentpointers	existing-unreviewed		0
err	грешка	грешка	existing-unreviewed		0
errorPort	грешкаПорт	грешкаПорт	existing-unreviewed		0
es	es	es	existing-unreviewed		0
esi	esi	esi	existing-unreviewed		0
esp	esp	esp	existing-unreviewed		0
esp0	esp0	esp0	existing-unreviewed		0
esp1	esp1	esp1	existing-unreviewed		0
esp2	esp2	esp2	existing-unreviewed		0
etherFrameProvider	локалнамрежаEthernetРамкаprovider	локалнамрежаEthernetРамкаprovider	pending-language-review	ethernet_provider	0
etherType	локалнамрежаEthernetТип	локалнамрежаEthernetТип	existing-unreviewed		0
etherType_BE	локалнамрежаEthernetТипbe	локалнамрежаEthernetТипbe	existing-unreviewed		0
etherframe	локалнамрежаEthernetРамка	локалнамрежаEthernetРамка	existing-unreviewed		0
etherframePayload	локалнамрежаEthernetРамкаpayload	локалнамрежаEthernetРамкаpayload	existing-unreviewed		0
except	except	except	existing-unreviewed		0
exceptionCR0	exceptioncr0	exceptioncr0	existing-unreviewed		0
exceptionCR2	exceptioncr2	exceptioncr2	existing-unreviewed		0
exceptionCR3	exceptioncr3	exceptioncr3	existing-unreviewed		0
exceptionFrameValue	exceptionРамкаСтойност	exceptionРамкаСтойност	existing-unreviewed		0
exceptionHasErrorCode	exceptionhasГрешкаcode	exceptionhasГрешкаcode	existing-unreviewed		0
exceptionName	exceptionИме	exceptionИме	existing-unreviewed		0
execVector	изпълнениеvector	изпълнениеvector	existing-unreviewed		0
exists	exists	exists	existing-unreviewed		0
exited	exited	exited	existing-unreviewed		0
ext	ext	ext	existing-unreviewed		0
extFlags	extФлагове	extФлагове	existing-unreviewed		0
extendedScanCode	extendedТърсенеcode	extendedТърсенеcode	existing-unreviewed		0
fDupFD	fdupУкФ	fdupУкФ	existing-unreviewed		0
fGetFD	fgetУкФ	fgetУкФ	existing-unreviewed		0
fGetFL	fgetfl	fgetfl	existing-unreviewed		0
fSetFD	fЗадайУкФ	fЗадайУкФ	existing-unreviewed		0
fSetFL	fЗадайfl	fЗадайfl	existing-unreviewed		0
fat	fat	fat	existing-unreviewed		0
fatCopies	fatКопиране	fatКопиране	existing-unreviewed		0
fatInfo	fatИнформация	fatИнформация	existing-unreviewed		0
fatOffsetInSectorForCurrentCluster	fatoffsetВходящsectorforТекущадатаcluster	fatoffsetВходящsectorforТекущадатаcluster	existing-unreviewed		0
fatSectorCount	fatsectorcount	fatsectorcount	existing-unreviewed		0
fatSectorForCurrentCluster	fatsectorforТекущадатаcluster	fatsectorforТекущадатаcluster	existing-unreviewed		0
fatSize	fatРазмер	fatРазмер	existing-unreviewed		0
fatStart	fatСтартиране	fatСтартиране	existing-unreviewed		0
fatTypeLabel	fatТипЕтикет	fatТипЕтикет	existing-unreviewed		0
fatVersion	fatВерсия	fatВерсия	existing-unreviewed		0
fatbuf	fatbuf	fatbuf	existing-unreviewed		0
fatbuffer	fatbuffer	fatbuffer	existing-unreviewed		0
faultAddr	faultaddress	faultaddress	existing-unreviewed		0
fb	fb	fb	existing-unreviewed		0
fbCurCol	fbТекущадатаcol	fbТекущадатаcol	existing-unreviewed		0
fbCurLine	fbТекущадатаline	fbТекущадатаline	existing-unreviewed		0
fbHeight	fbВисочина	fbВисочина	existing-unreviewed		0
fbPhysAddr	fbphysaddress	fbphysaddress	existing-unreviewed		0
fbWidth	fbШирочина	fbШирочина	existing-unreviewed		0
fd	укФ	укФ	existing-unreviewed		0
fdCloexec	укФcloexec	укФcloexec	existing-unreviewed		0
fdEntry	укФзапис	укФзапис	existing-unreviewed		0
fdFlags	укФФлагове	укФФлагове	existing-unreviewed		0
fdKindConsole	укФkindconsole	укФkindconsole	existing-unreviewed		0
fdKindFat	укФkindfat	укФkindfat	existing-unreviewed		0
fdKindNone	укФkindНяма	укФkindНяма	existing-unreviewed		0
fdKindRootDir	укФkindКоренпапка	укФkindКоренпапка	existing-unreviewed		0
fdKindSocket	укФkindsocket	укФkindsocket	existing-unreviewed		0
fdKindStdin	укФkindstdin	укФkindstdin	existing-unreviewed		0
fds	fds	fds	existing-unreviewed		0
filePtr	файлПоказалци	файлПоказалци	existing-unreviewed		0
fileSector	файлsector	файлsector	existing-unreviewed		0
fileSize	файлРазмер	файлРазмер	existing-unreviewed		0
filename	именафайл	именафайл	existing-unreviewed		0
fillPosixStat	fillposixstat	fillposixstat	existing-unreviewed		0
findProcess	търсенеПроцес	търсенеПроцес	existing-unreviewed		0
first	first	first	existing-unreviewed		0
firstClusterHi	firstclusterhi	firstclusterhi	existing-unreviewed		0
firstClusterLow	firstclusterНисък	firstclusterНисък	existing-unreviewed		0
firstFileCluster	firstФайлcluster	firstФайлcluster	existing-unreviewed		0
flags	флагове	флагове	existing-unreviewed		0
flags2	флагове2	флагове2	existing-unreviewed		0
flagsAndOffset	флаговеandoffset	флаговеandoffset	existing-unreviewed		0
flushIndex	flushСъдържание	flushСъдържание	existing-unreviewed		0
flushTlsTable	flushtlsТаблица	flushtlsТаблица	existing-unreviewed		0
flush_tss	flushtss	flushtss	existing-unreviewed		0
fn	fn	fn	existing-unreviewed		0
foo	foo	foo	existing-unreviewed		0
foundChild	foundдете	foundдете	existing-unreviewed		0
frame	рамка	рамка	existing-unreviewed		0
frameCount	рамкаcount	рамкаcount	existing-unreviewed		0
frameHeaderSize	рамкаheaderРазмер	рамкаheaderРазмер	existing-unreviewed		0
free	свободно	свободно	existing-unreviewed		0
freePort	свободноПорт	свободноПорт	existing-unreviewed		0
frequency	повторяемост	повторяемост	existing-unreviewed		0
fs	fs	fs	existing-unreviewed		0
func1Val	func1val	func1val	existing-unreviewed		0
func2Val	func2val	func2val	existing-unreviewed		0
func3Val	func3val	func3val	existing-unreviewed		0
func_addr	funcaddress	funcaddress	existing-unreviewed		0
func_bytes	funcБайтове	funcБайтове	existing-unreviewed		0
func_name	funcИме	funcИме	existing-unreviewed		0
func_value	funcСтойност	funcСтойност	existing-unreviewed		0
function	функция	функция	existing-unreviewed		0
fxrstor	fxrstor	fxrstor	existing-unreviewed		0
fxsave	fxsave	fxsave	existing-unreviewed		0
g	g	g	existing-unreviewed		0
g_320x200x256	g320x200x256	g320x200x256	existing-unreviewed		0
gate	gate	gate	existing-unreviewed		0
gateData	gatedata	gatedata	existing-unreviewed		0
gatewayIP	gatewayip	gatewayip	existing-unreviewed		0
gdt	gdt	gdt	existing-unreviewed		0
gdtDescriptor	gdtdescriptor	gdtdescriptor	existing-unreviewed		0
gdtEntry	gdtзапис	gdtзапис	existing-unreviewed		0
gdtTable	gdtТаблица	gdtТаблица	existing-unreviewed		0
gdtTableLen	gdtТаблицаlen	gdtТаблицаlen	existing-unreviewed		0
gdt_codeSegmentSelector	gdtcodesegmentselector	gdtcodesegmentselector	existing-unreviewed		0
gdt_func	gdtfunc	gdtfunc	existing-unreviewed		0
getCR2	getcr2	getcr2	existing-unreviewed		0
getCR3	getcr3	getcr3	existing-unreviewed		0
getDescriptor	getdescriptor	getdescriptor	existing-unreviewed		0
getESI	getesi	getesi	existing-unreviewed		0
getESP	getesp	getesp	existing-unreviewed		0
getGDT	getgdt	getgdt	existing-unreviewed		0
getGS	getgs	getgs	existing-unreviewed		0
getOpenFile	getОтварянеФайл	getОтварянеФайл	existing-unreviewed		0
getOpenFileFor	getОтварянеФайлfor	getОтварянеФайлfor	existing-unreviewed		0
getTLS	gettls	gettls	existing-unreviewed		0
globalDescriptorTable	глобалноdescriptorТаблица	глобалноdescriptorТаблица	existing-unreviewed		0
globalOffsetTable	глобалноoffsetТаблица	глобалноoffsetТаблица	existing-unreviewed		0
global_offset_table	глобалноoffsetТаблица_2	глобалноoffsetТаблица_2	existing-unreviewed		0
graphicsControllerDataPort	графикаcontrollerdataПорт	графикаcontrollerdataПорт	existing-unreviewed		0
graphicsControllerIndexPort	графикаcontrollerСъдържаниеПорт	графикаcontrollerСъдържаниеПорт	existing-unreviewed		0
grub_multiboot_memory_map_t	grubmultibootПаметmapt	grubmultibootПаметmapt	existing-unreviewed		0
gs	gs	gs	existing-unreviewed		0
gs_segment	gssegment	gssegment	existing-unreviewed		0
h	h	h	existing-unreviewed		0
haltAfterFatalException	haltСледfatalexception	haltСледfatalexception	existing-unreviewed		0
handleInterrupt	ръкохваткаПрекъсване	ръкохваткаПрекъсване	existing-unreviewed		0
handleKeyboardInterrupt	ръкохваткаКлавиатураПрекъсване	ръкохваткаКлавиатураПрекъсване	existing-unreviewed		0
handleMouseInterrupt	ръкохваткаМишкаПрекъсване	ръкохваткаМишкаПрекъсване	existing-unreviewed		0
handlePagingInterrupt	ръкохваткаpagingПрекъсване	ръкохваткаpagingПрекъсване	existing-unreviewed		0
handleUnhandledSyscall	ръкохваткаunhandledsyscall	ръкохваткаunhandledsyscall	existing-unreviewed		0
handler	handler	handler	existing-unreviewed		0
handlerAddressHighBits	handleraddressВисокбита	handleraddressВисокбита	existing-unreviewed		0
handlerAddressLowBits	handleraddressНисъкбита	handleraddressНисъкбита	existing-unreviewed		0
handlerRun	handlerСтарт	handlerСтарт	existing-unreviewed		0
handlers	handler_2	handler_2	existing-unreviewed		0
hardwareAddressSize	хардуерaddressРазмер	хардуерaddressРазмер	existing-unreviewed		0
hardwareInterruptOffset	хардуерПрекъсванеoffset	хардуерПрекъсванеoffset	existing-unreviewed		0
hardwareType	хардуерТип	хардуерТип	existing-unreviewed		0
hd	hd	hd	existing-unreviewed		0
head	head	head	existing-unreviewed		0
headCount	headcount	headcount	existing-unreviewed		0
headerLength	headerдължина	headerдължина	existing-unreviewed		0
headertype	headertype	headertype	existing-unreviewed		0
height	височина	височина	existing-unreviewed		0
hex	hex	hex	existing-unreviewed		0
hiddenSectors	скритsectors	скритsectors	existing-unreviewed		0
i	i	i	existing-unreviewed		0
iCount	icount	icount	existing-unreviewed		0
iDrivers	idriver	idriver	existing-unreviewed		0
iKeyboardEventHandler	iКлавиатураСъбитиеhandler	iКлавиатураСъбитиеhandler	existing-unreviewed		0
iMouseEventHandler	iМишкаСъбитиеhandler	iМишкаСъбитиеhandler	existing-unreviewed		0
iPCIControllerHandler	ipcicontrollerhandler	ipcicontrollerhandler	existing-unreviewed		0
iRawDataHandler	irawdatahandler	irawdatahandler	existing-unreviewed		0
iTimerEventHandler	iБроячСъбитиеhandler	iБроячСъбитиеhandler	existing-unreviewed		0
icmp	icmp	icmp	existing-unreviewed		0
icmpSize	icmpРазмер	icmpРазмер	existing-unreviewed		0
icmp콘솔	icmpconsole	icmpconsole	existing-unreviewed		0
id	иДЕНТИФИКАТОР	иДЕНТИФИКАТОР	existing-unreviewed		0
ident	ident	ident	existing-unreviewed		0
idtData	idtdata	idtdata	existing-unreviewed		0
idtPointer	idtПоказалци	idtПоказалци	existing-unreviewed		0
idx	idx	idx	existing-unreviewed		0
index	съдържание	съдържание	existing-unreviewed		0
initBlock	initБлок	initБлок	existing-unreviewed		0
initFileDescriptors	initФайлdescriptor	initФайлdescriptor	existing-unreviewed		0
initPIT	initpit	initpit	existing-unreviewed		0
initializeProcessFDs	initializeПроцесfds	initializeПроцесfds	existing-unreviewed		0
inode	iвъзел	iвъзел	existing-unreviewed		0
inputEventTask	входСъбитиеЗадача	входСъбитиеЗадача	existing-unreviewed		0
installIDT	инсталиранеidt	инсталиранеidt	existing-unreviewed		0
intNumber	цялочислоЧисло	цялочислоЧисло	existing-unreviewed		0
interface_id	иНТЕРФЕЙСИДЕНТИФИКАТОР	иНТЕРФЕЙСИДЕНТИФИКАТОР	existing-unreviewed		0
internetprotocolPayload	интернетprotocolpayload	интернетprotocolpayload	existing-unreviewed		0
interrupt	прекъсване	прекъсване	existing-unreviewed		0
interruptDebug	прекъсванеdebug	прекъсванеdebug	existing-unreviewed		0
interruptExitLoop	прекъсванеИзходloop	прекъсванеИзходloop	existing-unreviewed		0
interruptGateEntries	прекъсванеgateзапис	прекъсванеgateзапис	existing-unreviewed		0
interruptHandler	прекъсванеhandler	прекъсванеhandler	existing-unreviewed		0
interrupts	interrupts	interrupts	existing-unreviewed		0
iomap	iomap	iomap	existing-unreviewed		0
ip	ip	ip	existing-unreviewed		0
ipEtherFrameHandler	ipЛокалнамрежаEthernetРамкаhandler	ipЛокалнамрежаEthernetРамкаhandler	existing-unreviewed		0
ipHandler	iphandler	iphandler	existing-unreviewed		0
ipIdx	ipidx	ipidx	existing-unreviewed		0
ipProtocolUDP	ipprotocoludp	ipprotocoludp	existing-unreviewed		0
ipProvider	ipprovider	ipprovider	pending-language-review	ip_provider	0
ipSize	ipРазмер	ipРазмер	existing-unreviewed		0
ip_be	ipМрежаbyteorder	ipМрежаbyteorder	existing-unreviewed		0
ipmessage	интернетprotocolСЪОБЩЕНИЕ	интернетprotocolСЪОБЩЕНИЕ	existing-unreviewed		0
ipv4	ipv4	ipv4	existing-unreviewed		0
ip콘솔	ipconsole	ipconsole	existing-unreviewed		0
isKernel	iskernel	iskernel	existing-unreviewed		0
isRoot	isКорен	isКорен	existing-unreviewed		0
isRootPath	isКоренПЪТ	isКоренПЪТ	existing-unreviewed		0
isSharedPDE	issharedpde	issharedpde	existing-unreviewed		0
istOffset	istoffset	istoffset	existing-unreviewed		0
j	j	j	existing-unreviewed		0
jmp	jmp	jmp	existing-unreviewed		0
jmp_user	jmpСобственик	jmpСобственик	existing-unreviewed		0
jump_usermode_iret	jumpusermodeiret	jumpusermodeiret	existing-unreviewed		0
kPageDirEntry	kСтраницапапказапис	kСтраницапапказапис	existing-unreviewed		0
kernelESP	kernelesp	kernelesp	existing-unreviewed		0
kernelPageDirEntry	kernelСтраницапапказапис	kernelСтраницапапказапис	existing-unreviewed		0
kernelSS	kernelss	kernelss	existing-unreviewed		0
key	ключ	ключ	existing-unreviewed		0
keyboard	клавиатура	клавиатура	existing-unreviewed		0
keyboardDriver	клавиатураdriver	клавиатураdriver	existing-unreviewed		0
keyboardEventHandler	клавиатураСъбитиеhandler	клавиатураСъбитиеhandler	existing-unreviewed		0
keyboardQueue	клавиатураqueue	клавиатураqueue	existing-unreviewed		0
keyboardQueueRead	клавиатураqueueЧетене	клавиатураqueueЧетене	existing-unreviewed		0
keyboardQueueSize	клавиатураqueueРазмер	клавиатураqueueРазмер	existing-unreviewed		0
keyboardQueueWrite	клавиатураqueueПисане	клавиатураqueueПисане	existing-unreviewed		0
kind	kind	kind	existing-unreviewed		0
l	l	l	existing-unreviewed		0
last	последно	последно	existing-unreviewed		0
lbaHiPort	lbahiПорт	lbahiПорт	existing-unreviewed		0
lbaLowPort	lbaНисъкПорт	lbaНисъкПорт	existing-unreviewed		0
lbaMidPort	lbamidПорт	lbamidПорт	existing-unreviewed		0
ldt	ldt	ldt	existing-unreviewed		0
leftShift	лявоshift	лявоshift	existing-unreviewed		0
len	len	len	existing-unreviewed		0
len_ver	lenver	lenver	existing-unreviewed		0
length	дължина	дължина	existing-unreviewed		0
lengthAddress	дължинаaddress	дължинаaddress	existing-unreviewed		0
lengthInBytes	дължинаВходящБайтове	дължинаВходящБайтове	existing-unreviewed		0
length_high	дължинаВисок	дължинаВисок	existing-unreviewed		0
length_low	дължинаНисък	дължинаНисък	existing-unreviewed		0
lengths	lengths	lengths	existing-unreviewed		0
lib1Addr	lib1address	lib1address	existing-unreviewed		0
lib1Data	lib1data	lib1data	existing-unreviewed		0
lib1File	lib1Файл	lib1Файл	existing-unreviewed		0
lib1GOT	lib1got	lib1got	existing-unreviewed		0
lib1elf	lib1elf	lib1elf	existing-unreviewed		0
lib2Addr	lib2address	lib2address	existing-unreviewed		0
lib2Data	lib2data	lib2data	existing-unreviewed		0
lib2File	lib2Файл	lib2Файл	existing-unreviewed		0
lib2GOT	lib2got	lib2got	existing-unreviewed		0
lib2elf	lib2elf	lib2elf	existing-unreviewed		0
libLinkMap	libВръзкаmap	libВръзкаmap	existing-unreviewed		0
lidtaddr	lidtaddr	lidtaddr	existing-unreviewed		0
limit	ограничение	ограничение	existing-unreviewed		0
limitHighAndFlags	ограничениеВисокandФлагове	ограничениеВисокandФлагове	existing-unreviewed		0
limitLow	ограничениеНисък	ограничениеНисък	existing-unreviewed		0
linkMap	връзкаmap	връзкаmap	existing-unreviewed		0
linkMapAddr	връзкаmapaddress	връзкаmapaddress	existing-unreviewed		0
linkerAddr	linkeraddress	linkeraddress	existing-unreviewed		0
linkerData	linkerdata	linkerdata	existing-unreviewed		0
linkerEntry	linkerзапис	linkerзапис	existing-unreviewed		0
linkerFile	linkerФайл	linkerФайл	existing-unreviewed		0
list	списък	списък	existing-unreviewed		0
listening	listening	listening	existing-unreviewed		0
loader	loader	loader	existing-unreviewed		0
local	локално	локално	existing-unreviewed		0
localDatagramSocket	локалноdatagramsocket	локалноdatagramsocket	existing-unreviewed		0
localIP	локалноip	локалноip	existing-unreviewed		0
localPort	локалноПортЧисло	локалноПортЧисло	existing-unreviewed		0
localSockets	локалноsockets	локалноsockets	existing-unreviewed		0
logicalAddress	logicaladdress	logicaladdress	existing-unreviewed		0
macAddr	macaddress	macaddress	existing-unreviewed		0
macIdx	macidx	macidx	existing-unreviewed		0
magicnumber	magicnumber	magicnumber	existing-unreviewed		0
main	main	main	compatibility		0
mainThread	главенthread	главенthread	existing-unreviewed		0
makePagePrivateWritableCurrent	makeСтраницаЧастноwritableТекущадата	makeСтраницаЧастноwritableТекущадата	existing-unreviewed		0
makeRangePrivateWritableCurrent	makeДиапазонЧастноwritableТекущадата	makeДиапазонЧастноwritableТекущадата	existing-unreviewed		0
manager	manager	manager	existing-unreviewed		0
mask	маска	маска	existing-unreviewed		0
master	главен	главен	existing-unreviewed		0
matches	matches	matches	existing-unreviewed		0
maxBARs	максbars	максbars	existing-unreviewed		0
maxDatagramSize	максdatagramРазмер	максdatagramРазмер	existing-unreviewed		0
maxExecStringLength	максИзпълнениеНиздължина	максИзпълнениеНиздължина	existing-unreviewed		0
maxExecVectorEntries	максИзпълнениеvectorзапис	максИзпълнениеvectorзапис	existing-unreviewed		0
maxFD	максУкФ	максУкФ	existing-unreviewed		0
maxOpenFiles	максОтварянеФайлове	максОтварянеФайлове	existing-unreviewed		0
maxSocketPackets	максsocketпакети	максsocketпакети	existing-unreviewed		0
maxSockets	максsockets	максsockets	existing-unreviewed		0
maximumBlocks	максимумБлок	максимумБлок	existing-unreviewed		0
mediaType	носителТип	носителТип	existing-unreviewed		0
mem	mem	mem	existing-unreviewed		0
memoryArray	паметМасив	паметМасив	existing-unreviewed		0
memoryChunkSize	паметchunkРазмер	паметchunkРазмер	existing-unreviewed		0
memoryManager	паметmanager	паметmanager	existing-unreviewed		0
memoryOper	паметoper	паметoper	existing-unreviewed		0
memorySize	паметРазмер	паметРазмер	existing-unreviewed		0
memorymananger	memorymananger	memorymananger	existing-unreviewed		0
memorytest	memorytest	memorytest	existing-unreviewed		0
message	сЪОБЩЕНИЕ	сЪОБЩЕНИЕ	existing-unreviewed		0
micsPort	micsПорт	micsПорт	existing-unreviewed		0
minimum	минимум	минимум	existing-unreviewed		0
mode	рЕЖИМ	рЕЖИМ	existing-unreviewed		0
mouseDriver	мишкаdriver	мишкаdriver	existing-unreviewed		0
mouseEventHandler	мишкаСъбитиеhandler	мишкаСъбитиеhandler	existing-unreviewed		0
mouseVGA	мишкаvga	мишкаvga	existing-unreviewed		0
mouseWidget	мишкаДжаджа	мишкаДжаджа	existing-unreviewed		0
msdospart	msdospartition	msdospartition	existing-unreviewed		0
msg	msg	msg	existing-unreviewed		0
msgBuffer	msgbuffer	msgbuffer	existing-unreviewed		0
multiboot_memory_map	multibootПаметmap	multibootПаметmap	existing-unreviewed		0
multitasking	multitasking	multitasking	existing-unreviewed		0
myKeyboardEventHandler	myКлавиатураСъбитиеhandler	myКлавиатураСъбитиеhandler	existing-unreviewed		0
myPCIControllerHandler	mypcicontrollerhandler	mypcicontrollerhandler	existing-unreviewed		0
myfunction	myfunction	myfunction	existing-unreviewed		0
n	n	n	existing-unreviewed		0
n_descsz	ndescsz	ndescsz	existing-unreviewed		0
n_namesz	nnamesz	nnamesz	existing-unreviewed		0
n_type	nТип	nТип	existing-unreviewed		0
name	име	име	existing-unreviewed		0
nameLen	имеlen	имеlen	existing-unreviewed		0
netCard	мрежаКарти	мрежаКарти	existing-unreviewed		0
newButtons	новБутон	новБутон	existing-unreviewed		0
newFD	новУкФ	новУкФ	existing-unreviewed		0
newFrame	новРамка	новРамка	existing-unreviewed		0
newLink	новВръзка	новВръзка	existing-unreviewed		0
newNode	новВъзловаточка	новВъзловаточка	existing-unreviewed		0
newPtr	новПоказалци	новПоказалци	existing-unreviewed		0
next	следващо	следващо	existing-unreviewed		0
nextEphemeralPort	следващоephemeralПорт	следващоephemeralПорт	existing-unreviewed		0
nextFileCluster	следващоФайлcluster	следващоФайлcluster	existing-unreviewed		0
nextHopIP_BE	следващоhopipaddressМрежаbyteorder	следващоhopipaddressМрежаbyteorder	existing-unreviewed		0
nextNode	следващоВъзловаточка	следващоВъзловаточка	existing-unreviewed		0
nextProcessID	следващоПроцесИДЕНТИФИКАТОР	следващоПроцесИДЕНТИФИКАТОР	existing-unreviewed		0
nextThread	следващоthread	следващоthread	existing-unreviewed		0
nibble	nibble	nibble	existing-unreviewed		0
node	възловаточка	възловаточка	pending-language-review	list_node	0
nodeArray	възловаточкаМасив	възловаточкаМасив	existing-unreviewed		0
num	число	число	existing-unreviewed		0
numCacheEntries	числоcacheзапис	числоcacheзапис	existing-unreviewed		0
numDrivers	числоdriver	числоdriver	existing-unreviewed		0
numFunctions	числоФункции	числоФункции	existing-unreviewed		0
numRecvBuffers	числоrecvbuffer	числоrecvbuffer	existing-unreviewed		0
numSendBuffers	числоИзпращанеbuffer	числоИзпращанеbuffer	existing-unreviewed		0
numSockets	числоsockets	числоsockets	existing-unreviewed		0
numTasks	числоЗадачи	числоЗадачи	existing-unreviewed		0
oAppend	oappend	oappend	existing-unreviewed		0
oCreate	ocreate	ocreate	existing-unreviewed		0
oDirectory	oпапка	oпапка	existing-unreviewed		0
oReadOnly	oЧетенеonly	oЧетенеonly	existing-unreviewed		0
oReadWrite	oЧетенеПисане	oЧетенеПисане	existing-unreviewed		0
oTruncate	oОтрязваненастройността	oОтрязваненастройността	existing-unreviewed		0
oWriteOnly	oПисанеonly	oПисанеonly	existing-unreviewed		0
o_addr	oaddress	oaddress	existing-unreviewed		0
offset	offset	offset	existing-unreviewed		0
ok	приеми	приеми	existing-unreviewed		0
oldButtons	oldБутон	oldБутон	existing-unreviewed		0
oldCR3	oldcr3	oldcr3	existing-unreviewed		0
oldFD	oldУкФ	oldУкФ	existing-unreviewed		0
oldFrame	oldРамка	oldРамка	existing-unreviewed		0
oldGdt	oldgdt	oldgdt	existing-unreviewed		0
oldGdtAddr	oldgdtaddress	oldgdtaddress	existing-unreviewed		0
oldGdtLen	oldgdtlen	oldgdtlen	existing-unreviewed		0
openFileDescription	отварянеФайлОписание	отварянеФайлОписание	existing-unreviewed		0
openFileTable	отварянеФайлТаблица	отварянеФайлТаблица	existing-unreviewed		0
options	настройки	настройки	existing-unreviewed		0
orgValue	orgСтойност	orgСтойност	existing-unreviewed		0
p	p	p	existing-unreviewed		0
p1	p1	p1	existing-unreviewed		0
p2	p2	p2	existing-unreviewed		0
p_align	pПодравняване	pПодравняване	existing-unreviewed		0
p_backend	pbackend	pbackend	existing-unreviewed		0
p_data	pdata	pdata	existing-unreviewed		0
p_efHandler	pefhandler	pefhandler	existing-unreviewed		0
p_efProvider	pefprovider	pefprovider	existing-unreviewed		0
p_etherType	pЛокалнамрежаEthernetТип	pЛокалнамрежаEthernetТип	existing-unreviewed		0
p_filesz	pfilesz	pfilesz	existing-unreviewed		0
p_flags	pФлагове	pФлагове	existing-unreviewed		0
p_iHandler	pihandler	pihandler	existing-unreviewed		0
p_ipHandler	piphandler	piphandler	existing-unreviewed		0
p_ipProvider	pipprovider	pipprovider	existing-unreviewed		0
p_memsz	pmemsz	pmemsz	existing-unreviewed		0
p_offset	poffset	poffset	existing-unreviewed		0
p_paddr	ppaddr	ppaddr	existing-unreviewed		0
p_protocol	pprotocol	pprotocol	existing-unreviewed		0
p_provider	pprovider	pprovider	existing-unreviewed		0
p_str	pstr	pstr	existing-unreviewed		0
p_type	pТип	pТип	existing-unreviewed		0
p_udpHandler	pudphandler	pudphandler	existing-unreviewed		0
p_udpProvider	pudpprovider	pudpprovider	existing-unreviewed		0
p_vaddr	pvaddr	pvaddr	existing-unreviewed		0
packet	packet	packet	existing-unreviewed		0
packetStatus	packetСъстояние	packetСъстояние	existing-unreviewed		0
packets	пакети	пакети	existing-unreviewed		0
page	страница	страница	existing-unreviewed		0
pageDir	страницапапка	страницапапка	pending-language-review	page_directory	0
pageDirEntry	страницапапказапис	страницапапказапис	existing-unreviewed		0
pageTableEntry	страницаТаблицазапис	страницаТаблицазапис	existing-unreviewed		0
paging	paging	paging	existing-unreviewed		0
param	param	param	existing-unreviewed		0
params	params	params	existing-unreviewed		0
parent	родител	родител	existing-unreviewed		0
parentPID	родителИдПр	родителИдПр	existing-unreviewed		0
parentProcess	родителПроцес	родителПроцес	existing-unreviewed		0
partEntry	partзапис	partзапис	existing-unreviewed		0
partition	partition	partition	existing-unreviewed		0
partitionBytes	partitionБайтове	partitionБайтове	existing-unreviewed		0
partitionOffset	partitionoffset	partitionoffset	existing-unreviewed		0
path	пЪТ	пЪТ	existing-unreviewed		0
pathAddr	пЪТaddress	пЪТaddress	existing-unreviewed		0
pci	pci	pci	existing-unreviewed		0
pciController	pcicontroller	pcicontroller	existing-unreviewed		0
pde	pde	pde	existing-unreviewed		0
pdeAddr	pdeaddress	pdeaddress	existing-unreviewed		0
pdelen	pdelen	pdelen	existing-unreviewed		0
peer	peer	peer	existing-unreviewed		0
pendingButtons	pendingБутон	pendingБутон	existing-unreviewed		0
pendingMouseEvent	pendingМишкаСъбитие	pendingМишкаСъбитие	existing-unreviewed		0
pendingX	pendingx	pendingx	existing-unreviewed		0
pendingY	pendingy	pendingy	existing-unreviewed		0
phyaddr	phyaddr	phyaddr	existing-unreviewed		0
phymem	physicalПамет	physicalПамет	existing-unreviewed		0
physicalAddress	physicaladdress	physicaladdress	existing-unreviewed		0
pid	идПр	идПр	existing-unreviewed		0
pitFrequency	pitПовторяемост	pitПовторяемост	existing-unreviewed		0
pixelAddress	pixeladdress	pixeladdress	existing-unreviewed		0
pointer	показалци	показалци	pending-language-review	pointer	0
pollKeyboardScancode	pollКлавиатураscancode	pollКлавиатураscancode	existing-unreviewed		0
port	порт	порт	existing-unreviewed		0
portBase	портbase	портbase	existing-unreviewed		0
portInUse	портВходящИзползване	портВходящИзползване	existing-unreviewed		0
portnumber	portnumber	portnumber	existing-unreviewed		0
pos	позиция	позиция	existing-unreviewed		0
position	позиция_2	позиция_2	existing-unreviewed		0
posixStat	posixstat	posixstat	existing-unreviewed		0
posixUtsname	posixutsname	posixutsname	existing-unreviewed		0
prefetchable	prefetchcapable	prefetchcapable	existing-unreviewed		0
prev	previous	previous	existing-unreviewed		0
prevNode	previousВъзловаточка	previousВъзловаточка	existing-unreviewed		0
prevX	previousx	previousx	existing-unreviewed		0
prevY	previousy	previousy	existing-unreviewed		0
printESP	печатesp	печатesp	existing-unreviewed		0
printExceptionSelectorInfo	печатexceptionselectorИнформация	печатexceptionselectorИнформация	existing-unreviewed		0
printPageFaultInfo	печатСтраницаfaultИнформация	печатСтраницаfaultИнформация	existing-unreviewed		0
printreg	printreg	printreg	existing-unreviewed		0
proc2	proc2	proc2	existing-unreviewed		0
proc3	proc3	proc3	existing-unreviewed		0
proc4	proc4	proc4	existing-unreviewed		0
process	процес	процес	existing-unreviewed		0
processEntry	процесзапис	процесзапис	existing-unreviewed		0
processHelper	процесhelper	процесhelper	existing-unreviewed		0
processTable	процесТаблица	процесТаблица	existing-unreviewed		0
processes	процеси	процеси	existing-unreviewed		0
programBreak	програмаbreak	програмаbreak	existing-unreviewed		0
protocol	protocol	protocol	existing-unreviewed		0
protocolAddressSize	protocoladdressРазмер	protocoladdressРазмер	existing-unreviewed		0
providedLength	providedдължина	providedдължина	existing-unreviewed		0
provider	provider	provider	existing-unreviewed		0
ps2WaitLimit	ps2ИзчакванеОграничение	ps2ИзчакванеОграничение	existing-unreviewed		0
pt	pt	pt	existing-unreviewed		0
pte	pte	pte	existing-unreviewed		0
pteAddr	pteaddress	pteaddress	existing-unreviewed		0
ptr	показалци_2	показалци_2	pending-language-review	pointer	0
pushExecUint32	pushИзпълнениеunsignedinteger32	pushИзпълнениеunsignedinteger32	existing-unreviewed		0
queueKeyboardByte	queueКлавиатураbyte	queueКлавиатураbyte	existing-unreviewed		0
r	r	r	existing-unreviewed		0
r_addend	raddend	raddend	existing-unreviewed		0
r_info	rИнформация	rИнформация	existing-unreviewed		0
r_offset	roffset	roffset	existing-unreviewed		0
raw	raw	raw	existing-unreviewed		0
rawDataBackend	rawdatabackend	rawdatabackend	existing-unreviewed		0
readFile	четенеФайл	четенеФайл	existing-unreviewed		0
readPS2Data	четенеps2data	четенеps2data	existing-unreviewed		0
readStdin	четенеstdin	четенеstdin	existing-unreviewed		0
readVFSFile	четенеvfsФайл	четенеvfsФайл	existing-unreviewed		0
read_count	четенеcount	четенеcount	existing-unreviewed		0
receiver	receiver	receiver	existing-unreviewed		0
recvBufferDescr	recvbufferОписание	recvbufferОписание	existing-unreviewed		0
recvBufferDescrAddress	recvbufferОписаниеaddress	recvbufferОписаниеaddress	existing-unreviewed		0
recvBuffers	recvbuffer	recvbuffer	existing-unreviewed		0
recvBuffersDescrMemory	recvbufferОписаниеПамет	recvbufferОписаниеПамет	existing-unreviewed		0
refBytes	referenceБайтове	referenceБайтове	existing-unreviewed		0
refPtr	referenceПоказалци	referenceПоказалци	existing-unreviewed		0
refs	refs	refs	existing-unreviewed		0
regIndex	regСъдържание	regСъдържание	existing-unreviewed		0
registerAddressPort	registeraddressПорт	registeraddressПорт	existing-unreviewed		0
registerDataPort	registerdataПорт	registerdataПорт	existing-unreviewed		0
registeroffset	registeroffset	registeroffset	existing-unreviewed		0
registers	register	register	existing-unreviewed		0
regtype	regtype	regtype	existing-unreviewed		0
rel_text	relТекст	relТекст	existing-unreviewed		0
rel_text_len	relТекстlen	relТекстlen	existing-unreviewed		0
releaseOpenFile	releaseОтварянеФайл	releaseОтварянеФайл	existing-unreviewed		0
released	released	released	existing-unreviewed		0
reloadCR3	презарежданеcr3	презарежданеcr3	existing-unreviewed		0
relocation_text	relocationТекст	relocationТекст	existing-unreviewed		0
remaining	remaining	remaining	existing-unreviewed		0
remote	отдалечен	отдалечен	existing-unreviewed		0
remoteIP	отдалеченip	отдалеченip	existing-unreviewed		0
remotePort	отдалеченПортЧисло	отдалеченПортЧисло	existing-unreviewed		0
requested	requested	requested	existing-unreviewed		0
reserved	резервирано	резервирано	existing-unreviewed		0
reserved0	резервирано0	резервирано0	existing-unreviewed		0
reservedSectors	резервираноsectors	резервираноsectors	existing-unreviewed		0
resetPort	възстановяванеПорт	възстановяванеПорт	existing-unreviewed		0
restoreFpRegs	възстановяванеfpregs	възстановяванеfpregs	existing-unreviewed		0
result	рЕЗУЛТАТ	рЕЗУЛТАТ	existing-unreviewed		0
result1	рЕЗУЛТАТ1	рЕЗУЛТАТ1	existing-unreviewed		0
result2	рЕЗУЛТАТ2	рЕЗУЛТАТ2	existing-unreviewed		0
ret	ret	ret	existing-unreviewed		0
revision	revision	revision	existing-unreviewed		0
rightShift	дясноshift	дясноshift	existing-unreviewed		0
rootCluster	коренcluster	коренcluster	existing-unreviewed		0
rootDirEntries	коренпапказапис	коренпапказапис	existing-unreviewed		0
rootStart	коренСтартиране	коренСтартиране	existing-unreviewed		0
rt	rt	rt	existing-unreviewed		0
s	s	s	existing-unreviewed		0
sIfchr	sifchr	sifchr	existing-unreviewed		0
sIfdir	sifdir	sifdir	existing-unreviewed		0
sIfmt	sifmt	sifmt	existing-unreviewed		0
sIfreg	sifreg	sifreg	existing-unreviewed		0
sIfsock	sifsock	sifsock	existing-unreviewed		0
savedESP	savedesp	savedesp	existing-unreviewed		0
sc	sc	sc	existing-unreviewed		0
scanCode	търсенеcode	търсенеcode	existing-unreviewed		0
scanCodeToByte	търсенеcodetobyte	търсенеcodetobyte	existing-unreviewed		0
scancodeToByte	scancodetobyte	scancodetobyte	existing-unreviewed		0
sche	sche	sche	existing-unreviewed		0
sche_data	schedata	schedata	existing-unreviewed		0
scheduleStack	schedulestack	schedulestack	existing-unreviewed		0
scheduler	scheduler	scheduler	existing-unreviewed		0
schedulerDebug	schedulerdebug	schedulerdebug	existing-unreviewed		0
sectHeader	sectheader	sectheader	existing-unreviewed		0
sectHeaderSize	sectheaderРазмер	sectheaderРазмер	existing-unreviewed		0
sectName	sectИме	sectИме	existing-unreviewed		0
sectValue	sectСтойност	sectСтойност	existing-unreviewed		0
sector	sector	sector	existing-unreviewed		0
sectorCountPort	sectorcountПорт	sectorcountПорт	existing-unreviewed		0
sectorNum	sectorЧисло	sectorЧисло	existing-unreviewed		0
sectorOffset	sectoroffset	sectoroffset	existing-unreviewed		0
sectorPerTrack	sectorpertrack	sectorpertrack	existing-unreviewed		0
sectorsPerCluster	sectorspercluster	sectorspercluster	existing-unreviewed		0
seekCur	seekТекущадата	seekТекущадата	existing-unreviewed		0
seekEnd	seekКрай	seekКрай	existing-unreviewed		0
seekSet	seekЗадай	seekЗадай	existing-unreviewed		0
segmentNumber	segmentЧисло	segmentЧисло	existing-unreviewed		0
self	себеси	себеси	existing-unreviewed		0
self_uintptr	себесиuintptr	себесиuintptr	existing-unreviewed		0
sendBack	reply	reply	existing-unreviewed		0
sendBufferDescr	изпращанеbufferОписание	изпращанеbufferОписание	existing-unreviewed		0
sendBufferDescrAddress	изпращанеbufferОписаниеaddress	изпращанеbufferОписаниеaddress	existing-unreviewed		0
sendBuffers	изпращанеbuffer	изпращанеbuffer	existing-unreviewed		0
sendBuffersDescrMemory	изпращанеbufferОписаниеПамет	изпращанеbufferОписаниеПамет	existing-unreviewed		0
sendDataPointer	изпращанеdataПоказалци	изпращанеdataПоказалци	existing-unreviewed		0
sendDescriptor	изпращанеdescriptor	изпращанеdescriptor	existing-unreviewed		0
sendMouseCommand	изпращанеМишкаКоманда	изпращанеМишкаКоманда	existing-unreviewed		0
sequencerDataPort	sequencerdataПорт	sequencerdataПорт	existing-unreviewed		0
sequencerIndexPort	sequencerСъдържаниеПорт	sequencerСъдържаниеПорт	existing-unreviewed		0
serialLogByte	сериенномерЛогbyte	сериенномерЛогbyte	existing-unreviewed		0
serialReady	сериенномерГотово	сериенномерГотово	existing-unreviewed		0
setCR3	задайcr3	задайcr3	existing-unreviewed		0
setDS	задайds	задайds	existing-unreviewed		0
setGS	задайgs	задайgs	existing-unreviewed		0
setThreadExitLoopState	задайthreadИзходloopСъстояние	задайthreadИзходloopСъстояние	existing-unreviewed		0
setupExecStack	setupИзпълнениеstack	setupИзпълнениеstack	existing-unreviewed		0
sh	sh	sh	existing-unreviewed		0
sh_addr	shaddress	shaddress	existing-unreviewed		0
sh_addralign	shaddralign	shaddralign	existing-unreviewed		0
sh_entsize	shentsize	shentsize	existing-unreviewed		0
sh_flags	shФлагове	shФлагове	existing-unreviewed		0
sh_info	shИнформация	shИнформация	existing-unreviewed		0
sh_link	shВръзка	shВръзка	existing-unreviewed		0
sh_name	shИме	shИме	existing-unreviewed		0
sh_offset	shoffset	shoffset	existing-unreviewed		0
sh_size	shРазмер	shРазмер	existing-unreviewed		0
sh_type	shТип	shТип	existing-unreviewed		0
shift	shift	shift	existing-unreviewed		0
signature	signature	signature	existing-unreviewed		0
size	размер	размер	existing-unreviewed		0
sl	sl	sl	existing-unreviewed		0
sockDatagram	sockdatagram	sockdatagram	existing-unreviewed		0
socket	socket	socket	existing-unreviewed		0
socketAddress	socketaddress	socketaddress	existing-unreviewed		0
socketAddressIPv4	socketaddressiТСт4	socketaddressiТСт4	existing-unreviewed		0
socketBind	socketbind	socketbind	existing-unreviewed		0
socketCallArgument	socketcallargument	socketcallargument	existing-unreviewed		0
socketConnect	socketСвързване	socketСвързване	existing-unreviewed		0
socketForFD	socketforУкФ	socketforУкФ	existing-unreviewed		0
socketIndex	socketСъдържание	socketСъдържание	existing-unreviewed		0
socketPacket	socketpacket	socketpacket	existing-unreviewed		0
socketReceiveFrom	socketreceivefrom	socketreceivefrom	existing-unreviewed		0
socketSendTo	socketИзпращанеto	socketИзпращанеto	existing-unreviewed		0
socketType	socketТип	socketТип	existing-unreviewed		0
sockets	sockets	sockets	existing-unreviewed		0
softName	softИме	softИме	existing-unreviewed		0
source	източник	източник	existing-unreviewed		0
sourceAddress	източникaddress	източникaddress	existing-unreviewed		0
sourceLengthAddress	източникдължинаaddress	източникдължинаaddress	existing-unreviewed		0
src	източник_2	източник_2	existing-unreviewed		0
srcEntry	източникзапис	източникзапис	existing-unreviewed		0
srcIP	източникipaddress	източникipaddress	existing-unreviewed		0
srcIP_BE	източникipaddressМрежаbyteorder	източникipaddressМрежаbyteorder	existing-unreviewed		0
srcMAC	източникmacaddress	източникmacaddress	existing-unreviewed		0
srcMAC_BE	източникmacbe	източникmacbe	existing-unreviewed		0
srcPageDir	източникСтраницапапка	източникСтраницапапка	existing-unreviewed		0
srcPde	източникpde	източникpde	existing-unreviewed		0
srcPdeAddr	източникpdeaddress	източникpdeaddress	existing-unreviewed		0
srcPort	източникПортЧисло	източникПортЧисло	pending-language-review	source_port	0
srcPt	източникpt	източникpt	existing-unreviewed		0
srcptr	srcptr	srcptr	existing-unreviewed		0
ss	ss	ss	existing-unreviewed		0
ss0	ss0	ss0	existing-unreviewed		0
ss1	ss1	ss1	existing-unreviewed		0
ss2	ss2	ss2	existing-unreviewed		0
st	st	st	existing-unreviewed		0
st_info	stИнформация	stИнформация	existing-unreviewed		0
st_name	stИме	stИме	existing-unreviewed		0
st_other	stДруги	stДруги	existing-unreviewed		0
st_shndx	stshndx	stshndx	existing-unreviewed		0
st_size	stРазмер	stРазмер	existing-unreviewed		0
st_value	stСтойност	stСтойност	existing-unreviewed		0
stack	stack	stack	pending-language-review	stack	0
stackBytes	stackБайтове	stackБайтове	existing-unreviewed		0
stackPtr	stackПоказалци	stackПоказалци	existing-unreviewed		0
stack_addr	stackaddress	stackaddress	existing-unreviewed		0
stackbottom	stackbottom	stackbottom	existing-unreviewed		0
stacktop	stacktop	stacktop	existing-unreviewed		0
start	стартиране	стартиране	existing-unreviewed		0
startOffset	стартиранеoffset	стартиранеoffset	existing-unreviewed		0
start_cylinder	стартиранеcylinder	стартиранеcylinder	existing-unreviewed		0
start_head	стартиранеhead	стартиранеhead	existing-unreviewed		0
start_sector	стартиранеsector	стартиранеsector	existing-unreviewed		0
startingBit	startingbit	startingbit	existing-unreviewed		0
stat	stat	stat	existing-unreviewed		0
statAddr	stataddress	stataddress	existing-unreviewed		0
status	състояние	състояние	existing-unreviewed		0
statusAddr	състояниеaddress	състояниеaddress	existing-unreviewed		0
stderrFD	stderrУкФ	stderrУкФ	existing-unreviewed		0
stdinBuffer	stdinbuffer	stdinbuffer	existing-unreviewed		0
stdinFD	stdinУкФ	stdinУкФ	existing-unreviewed		0
stdinGetBlocking	stdingetblocking	stdingetblocking	existing-unreviewed		0
stdinRead	stdinЧетене	stdinЧетене	existing-unreviewed		0
stdinWrite	stdinПисане	stdinПисане	existing-unreviewed		0
stdoutFD	stdoutУкФ	stdoutУкФ	existing-unreviewed		0
stoppedThread	спрянthread	спрянthread	existing-unreviewed		0
str	str	str	existing-unreviewed		0
stringAddress	низaddress	низaddress	existing-unreviewed		0
stringHeader	низheader	низheader	existing-unreviewed		0
strtab	strtab	strtab	existing-unreviewed		0
subclass_id	subclassИДЕНТИФИКАТОР	subclassИДЕНТИФИКАТОР	existing-unreviewed		0
subnetMask	subnetМаска	subnetМаска	existing-unreviewed		0
swapUint16	странициранеunsignedinteger16	странициранеunsignedinteger16	existing-unreviewed		0
switchForced	switchforced	switchforced	existing-unreviewed		0
sysAccess	sysдостъп	sysдостъп	existing-unreviewed		0
sysBrk	sysbrk	sysbrk	existing-unreviewed		0
sysCall	syscall	syscall	existing-unreviewed		0
sysChdir	syschdir	syschdir	existing-unreviewed		0
sysClose	sysЗатваряне	sysЗатваряне	existing-unreviewed		0
sysDup	sysdup	sysdup	existing-unreviewed		0
sysDup2	sysdup2	sysdup2	existing-unreviewed		0
sysExecve	sysexecve	sysexecve	existing-unreviewed		0
sysExit	sysИзход	sysИзход	existing-unreviewed		0
sysFcntl	sysfcntl	sysfcntl	existing-unreviewed		0
sysFork	sysfork	sysfork	existing-unreviewed		0
sysFstat	sysfstat	sysfstat	existing-unreviewed		0
sysFsync	sysfsync	sysfsync	existing-unreviewed		0
sysGetcwd	sysgetcwd	sysgetcwd	existing-unreviewed		0
sysLseek	syslseek	syslseek	existing-unreviewed		0
sysOpen	sysОтваряне	sysОтваряне	existing-unreviewed		0
sysRead	sysЧетене	sysЧетене	existing-unreviewed		0
sysSocketCall	syssocketcall	syssocketcall	existing-unreviewed		0
sysStat	sysstat	sysstat	existing-unreviewed		0
sysUname	sysuname	sysuname	existing-unreviewed		0
sysWaitpid	syswaitpid	syswaitpid	existing-unreviewed		0
sysWrite	sysПисане	sysПисане	existing-unreviewed		0
syscallError	syscallГрешка	syscallГрешка	existing-unreviewed		0
syscallID	syscallИДЕНТИФИКАТОР	syscallИДЕНТИФИКАТОР	existing-unreviewed		0
systemcall	системаcall	системаcall	existing-unreviewed		0
table	таблица	таблица	existing-unreviewed		0
tableSize	таблицаРазмер	таблицаРазмер	existing-unreviewed		0
tail	tail	tail	existing-unreviewed		0
task	задача	задача	existing-unreviewed		0
taskA	задачаa	задачаa	existing-unreviewed		0
taskB	задачаb	задачаb	existing-unreviewed		0
taskC	задачаc	задачаc	existing-unreviewed		0
taskD	задачаd	задачаd	existing-unreviewed		0
taskD0	задачаd0	задачаd0	existing-unreviewed		0
taskD1	задачаd1	задачаd1	existing-unreviewed		0
taskManager	задачаmanager	задачаmanager	existing-unreviewed		0
tasks	задачи	задачи	existing-unreviewed		0
temp	temporary	temporary	existing-unreviewed		0
terminated	terminated	terminated	existing-unreviewed		0
text	текст	текст	existing-unreviewed		0
textPtr	текстПоказалци	текстПоказалци	existing-unreviewed		0
text_len	текстlen	текстlen	existing-unreviewed		0
text_mode_check_fb_move	текстРЕЖИМcheckfbПреместване	текстРЕЖИМcheckfbПреместване	existing-unreviewed		0
text_mode_disable_cursor	текстРЕЖИМИзключванеКурсор	текстРЕЖИМИзключванеКурсор	existing-unreviewed		0
text_mode_enable_cursor	текстРЕЖИМВключванеКурсор	текстРЕЖИМВключванеКурсор	existing-unreviewed		0
text_mode_error_writer	текстРЕЖИМГрешкаwriter	текстРЕЖИМГрешкаwriter	existing-unreviewed		0
text_mode_flush_screen	текстРЕЖИМflushЕкран	текстРЕЖИМflushЕкран	existing-unreviewed		0
text_mode_init	текстРЕЖИМinit	текстРЕЖИМinit	existing-unreviewed		0
text_mode_print	текстРЕЖИМПечат	текстРЕЖИМПечат	existing-unreviewed		0
text_mode_print_bytes	текстРЕЖИМПечатБайтове	текстРЕЖИМПечатБайтове	existing-unreviewed		0
text_mode_print_char	текстРЕЖИМПечатchar	текстРЕЖИМПечатchar	existing-unreviewed		0
text_mode_print_char_col	текстРЕЖИМПечатcharcol	текстРЕЖИМПечатcharcol	existing-unreviewed		0
text_mode_print_col	текстРЕЖИМПечатcol	текстРЕЖИМПечатcol	existing-unreviewed		0
text_mode_print_error	текстРЕЖИМПечатГрешка	текстРЕЖИМПечатГрешка	existing-unreviewed		0
text_mode_print_error_bytes	текстРЕЖИМПечатГрешкаБайтове	текстРЕЖИМПечатГрешкаБайтове	existing-unreviewed		0
text_mode_print_errorln	текстРЕЖИМПечатerrorln	текстРЕЖИМПечатerrorln	existing-unreviewed		0
text_mode_print_hex	текстРЕЖИМПечатhex	текстРЕЖИМПечатhex	existing-unreviewed		0
text_mode_print_hex16	текстРЕЖИМПечатhex16	текстРЕЖИМПечатhex16	existing-unreviewed		0
text_mode_print_hex32	текстРЕЖИМПечатhex32	текстРЕЖИМПечатhex32	existing-unreviewed		0
text_mode_print_hex64	текстРЕЖИМПечатhex64	текстРЕЖИМПечатhex64	existing-unreviewed		0
text_mode_print_hex_char	текстРЕЖИМПечатhexchar	текстРЕЖИМПечатhexchar	existing-unreviewed		0
text_mode_println	текстРЕЖИМprintln	текстРЕЖИМprintln	existing-unreviewed		0
text_mode_println_col	текстРЕЖИМprintlncol	текстРЕЖИМprintlncol	existing-unreviewed		0
text_mode_update_cursor	текстРЕЖИМОбновяванеКурсор	текстРЕЖИМОбновяванеКурсор	existing-unreviewed		0
text_mode_writer	текстРЕЖИМwriter	текстРЕЖИМwriter	existing-unreviewed		0
thr2	thr2	thr2	existing-unreviewed		0
thr3	thr3	thr3	existing-unreviewed		0
thr4	thr4	thr4	existing-unreviewed		0
thread	thread	thread	existing-unreviewed		0
threadExitLoop	threadИзходloop	threadИзходloop	existing-unreviewed		0
threadHelper	threadhelper	threadhelper	existing-unreviewed		0
threadPtr	threadПоказалци	threadПоказалци	existing-unreviewed		0
tickCount	tickcount	tickcount	existing-unreviewed		0
timeDelta	времеdelta	времеdelta	existing-unreviewed		0
timeToLive	времеtolive	времеtolive	existing-unreviewed		0
timer	брояч	брояч	existing-unreviewed		0
tls	tls	tls	existing-unreviewed		0
tmp	tmp	tmp	existing-unreviewed		0
tmpPtr	tmpПоказалци	tmpПоказалци	existing-unreviewed		0
tos	tos	tos	existing-unreviewed		0
totalLength	общодължина	общодължина	existing-unreviewed		0
totalSectorCount	общоsectorcount	общоsectorcount	existing-unreviewed		0
totalSectors	общоsectors	общоsectors	existing-unreviewed		0
trap	trap	trap	existing-unreviewed		0
tss	tss	tss	existing-unreviewed		0
tssIndex	tssСъдържание	tssСъдържание	existing-unreviewed		0
udp	udp	udp	existing-unreviewed		0
udpHandler	udphandler	udphandler	existing-unreviewed		0
udpHeaderSize	udpheaderРазмер	udpheaderРазмер	existing-unreviewed		0
udpProvider	udpprovider	udpprovider	existing-unreviewed		0
udp콘솔	udpconsole	udpconsole	existing-unreviewed		0
unused	неизползван	неизползван	existing-unreviewed		0
used	използвано	използвано	existing-unreviewed		0
usedBlocks	използваноБлок	използваноБлок	existing-unreviewed		0
user1addr	собственик1address	собственик1address	existing-unreviewed		0
user1data	собственик1data	собственик1data	existing-unreviewed		0
user1entry	собственик1запис	собственик1запис	existing-unreviewed		0
user1file	собственик1Файл	собственик1Файл	existing-unreviewed		0
user2addr	собственик2address	собственик2address	existing-unreviewed		0
user2data	собственик2data	собственик2data	existing-unreviewed		0
user2entry	собственик2запис	собственик2запис	existing-unreviewed		0
user2file	собственик2Файл	собственик2Файл	existing-unreviewed		0
user3addr	собственик3address	собственик3address	existing-unreviewed		0
user3data	собственик3data	собственик3data	existing-unreviewed		0
user3entry	собственик3запис	собственик3запис	existing-unreviewed		0
user3file	собственик3Файл	собственик3Файл	existing-unreviewed		0
userHeapBase	собственикheapbase	собственикheapbase	existing-unreviewed		0
userHeapLimit	собственикheapОграничение	собственикheapОграничение	existing-unreviewed		0
user_esp	собственикesp	собственикesp	existing-unreviewed		0
userhandler	userhandler	userhandler	existing-unreviewed		0
userproc_entry	userprocзапис	userprocзапис	existing-unreviewed		0
util	util	util	existing-unreviewed		0
util콘솔	utilconsole	utilconsole	existing-unreviewed		0
v	v	v	existing-unreviewed		0
vAddr	vaddress	vaddress	existing-unreviewed		0
value	стойност	стойност	existing-unreviewed		0
values	стойности	стойности	existing-unreviewed		0
version	версия	версия	existing-unreviewed		0
vga	vga	vga	existing-unreviewed		0
virtlen	virtlen	virtlen	existing-unreviewed		0
virtmem	virtualПамет	virtualПамет	existing-unreviewed		0
virtualAddr	virtualaddress	virtualaddress	existing-unreviewed		0
volumeId	силаназвукаИДЕНТИФИКАТОР	силаназвукаИДЕНТИФИКАТОР	existing-unreviewed		0
volumeLabel	силаназвукаЕтикет	силаназвукаЕтикет	existing-unreviewed		0
w	w	w	existing-unreviewed		0
wDate	wДата	wДата	existing-unreviewed		0
wTime	wВреме	wВреме	existing-unreviewed		0
waitPS2InputEmpty	изчакванеps2ВходПразен	изчакванеps2ВходПразен	existing-unreviewed		0
waitPS2OutputFull	изчакванеps2ИзходПълен	изчакванеps2ИзходПълен	existing-unreviewed		0
wdata	wdata	wdata	existing-unreviewed		0
whence	whence	whence	existing-unreviewed		0
widget	джаджа	джаджа	existing-unreviewed		0
width	широчина	широчина	existing-unreviewed		0
writePS2Command	писанеps2Команда	писанеps2Команда	existing-unreviewed		0
writePS2Data	писанеps2data	писанеps2data	existing-unreviewed		0
write_count	писанеcount	писанеcount	existing-unreviewed		0
x	x	x	existing-unreviewed		0
xPageDir	xСтраницапапка	xСтраницапапка	existing-unreviewed		0
xPos	xПозиция	xПозиция	existing-unreviewed		0
y	y	y	existing-unreviewed		0
yPageDir	yСтраницапапка	yСтраницапапка	existing-unreviewed		0
yPos	yПозиция	yПозиция	existing-unreviewed		0
값	стойност_2	стойност_2	existing-unreviewed		0
공용서술자테이블	shareddescriptorТаблица	shareddescriptorТаблица	existing-unreviewed		0
기준	base_2	base_2	existing-unreviewed		0
기준_낮은	baseНисък_2	baseНисък_2	existing-unreviewed		0
기준_높은	baseВисок_2	baseВисок_2	existing-unreviewed		0
기준_매우높은	baseveryВисок	baseveryВисок	existing-unreviewed		0
기준주소	baseaddress	baseaddress	existing-unreviewed		0
넷카드콘솔	мрежаКартиconsole	мрежаКартиconsole	existing-unreviewed		0
단말기	terminal	terminal	existing-unreviewed		0
마우스콘솔	мишкаconsole	мишкаconsole	existing-unreviewed		0
매개값	argumentСтойност	argumentСтойност	existing-unreviewed		0
멈추기	halt	halt	existing-unreviewed		0
목적	назначение_3	назначение_3	existing-unreviewed		0
유형	тип	тип	existing-unreviewed		0
이더넷콘솔	локалнамрежаEthernetconsole	локалнамрежаEthernetconsole	existing-unreviewed		0
인터럽트무시하기	прекъсванеignore	прекъсванеignore	existing-unreviewed		0
인터럽트예외처리기	прекъсванеexceptionhandler	прекъсванеexceptionhandler	existing-unreviewed		0
인터럽트예외처리기0x00	прекъсванеexceptionhandler0x00	прекъсванеexceptionhandler0x00	existing-unreviewed		0
인터럽트예외처리기0x01	прекъсванеexceptionhandler0x01	прекъсванеexceptionhandler0x01	existing-unreviewed		0
인터럽트예외처리기0x02	прекъсванеexceptionhandler0x02	прекъсванеexceptionhandler0x02	existing-unreviewed		0
인터럽트예외처리기0x03	прекъсванеexceptionhandler0x03	прекъсванеexceptionhandler0x03	existing-unreviewed		0
인터럽트예외처리기0x04	прекъсванеexceptionhandler0x04	прекъсванеexceptionhandler0x04	existing-unreviewed		0
인터럽트예외처리기0x05	прекъсванеexceptionhandler0x05	прекъсванеexceptionhandler0x05	existing-unreviewed		0
인터럽트예외처리기0x06	прекъсванеexceptionhandler0x06	прекъсванеexceptionhandler0x06	existing-unreviewed		0
인터럽트예외처리기0x07	прекъсванеexceptionhandler0x07	прекъсванеexceptionhandler0x07	existing-unreviewed		0
인터럽트예외처리기0x08	прекъсванеexceptionhandler0x08	прекъсванеexceptionhandler0x08	existing-unreviewed		0
인터럽트예외처리기0x09	прекъсванеexceptionhandler0x09	прекъсванеexceptionhandler0x09	existing-unreviewed		0
인터럽트예외처리기0x0A	прекъсванеexceptionhandler0x0a	прекъсванеexceptionhandler0x0a	existing-unreviewed		0
인터럽트예외처리기0x0B	прекъсванеexceptionhandler0x0b	прекъсванеexceptionhandler0x0b	existing-unreviewed		0
인터럽트예외처리기0x0C	прекъсванеexceptionhandler0x0c	прекъсванеexceptionhandler0x0c	existing-unreviewed		0
인터럽트예외처리기0x0D	прекъсванеexceptionhandler0x0d	прекъсванеexceptionhandler0x0d	existing-unreviewed		0
인터럽트예외처리기0x0E	прекъсванеexceptionhandler0x0e	прекъсванеexceptionhandler0x0e	existing-unreviewed		0
인터럽트예외처리기0x0F	прекъсванеexceptionhandler0x0f	прекъсванеexceptionhandler0x0f	existing-unreviewed		0
인터럽트예외처리기0x10	прекъсванеexceptionhandler0x10	прекъсванеexceptionhandler0x10	existing-unreviewed		0
인터럽트예외처리기0x11	прекъсванеexceptionhandler0x11	прекъсванеexceptionhandler0x11	existing-unreviewed		0
인터럽트예외처리기0x12	прекъсванеexceptionhandler0x12	прекъсванеexceptionhandler0x12	existing-unreviewed		0
인터럽트예외처리기0x13	прекъсванеexceptionhandler0x13	прекъсванеexceptionhandler0x13	existing-unreviewed		0
인터럽트요청처리0x00	прекъсванеrequesthandler0x00	прекъсванеrequesthandler0x00	existing-unreviewed		0
인터럽트요청처리0x01	прекъсванеrequesthandler0x01	прекъсванеrequesthandler0x01	existing-unreviewed		0
인터럽트요청처리0x02	прекъсванеrequesthandler0x02	прекъсванеrequesthandler0x02	existing-unreviewed		0
인터럽트요청처리0x03	прекъсванеrequesthandler0x03	прекъсванеrequesthandler0x03	existing-unreviewed		0
인터럽트요청처리0x04	прекъсванеrequesthandler0x04	прекъсванеrequesthandler0x04	existing-unreviewed		0
인터럽트요청처리0x05	прекъсванеrequesthandler0x05	прекъсванеrequesthandler0x05	existing-unreviewed		0
인터럽트요청처리0x06	прекъсванеrequesthandler0x06	прекъсванеrequesthandler0x06	existing-unreviewed		0
인터럽트요청처리0x07	прекъсванеrequesthandler0x07	прекъсванеrequesthandler0x07	existing-unreviewed		0
인터럽트요청처리0x08	прекъсванеrequesthandler0x08	прекъсванеrequesthandler0x08	existing-unreviewed		0
인터럽트요청처리0x09	прекъсванеrequesthandler0x09	прекъсванеrequesthandler0x09	existing-unreviewed		0
인터럽트요청처리0x0A	прекъсванеrequesthandler0x0a	прекъсванеrequesthandler0x0a	existing-unreviewed		0
인터럽트요청처리0x0B	прекъсванеrequesthandler0x0b	прекъсванеrequesthandler0x0b	existing-unreviewed		0
인터럽트요청처리0x0C	прекъсванеrequesthandler0x0c	прекъсванеrequesthandler0x0c	existing-unreviewed		0
인터럽트요청처리0x0D	прекъсванеrequesthandler0x0d	прекъсванеrequesthandler0x0d	existing-unreviewed		0
인터럽트요청처리0x0E	прекъсванеrequesthandler0x0e	прекъсванеrequesthandler0x0e	existing-unreviewed		0
인터럽트요청처리0x0F	прекъсванеrequesthandler0x0f	прекъсванеrequesthandler0x0f	existing-unreviewed		0
인터럽트요청처리0x80	прекъсванеrequesthandler0x80	прекъсванеrequesthandler0x80	existing-unreviewed		0
인터럽트요청처리0x81	прекъсванеrequesthandler0x81	прекъсванеrequesthandler0x81	existing-unreviewed		0
인터럽트요청처리0x82	прекъсванеrequesthandler0x82	прекъсванеrequesthandler0x82	existing-unreviewed		0
인터럽트처리기	прекъсванеhandler_2	прекъсванеhandler_2	existing-unreviewed		0
임시	temporary_2	temporary_2	existing-unreviewed		0
자료	data_2	data_2	existing-unreviewed		0
자신	себеси_2	себеси_2	existing-unreviewed		0
작업관리자	задачаmanager_2	задачаmanager_2	existing-unreviewed		0
작업콘솔	задачаconsole	задачаconsole	existing-unreviewed		0
조각설명자	segmentdescriptor	segmentdescriptor	existing-unreviewed		0
콘솔	console_2	console_2	existing-unreviewed		0
크기	размер_2	размер_2	existing-unreviewed		0
키보드콘솔	клавиатураconsole	клавиатураconsole	existing-unreviewed		0
표시들	флагове_2	флагове_2	existing-unreviewed		0
표시들_한도_높은	флаговеОграничениеВисок	флаговеОграничениеВисок	existing-unreviewed		0
한도	ограничение_2	ограничение_2	existing-unreviewed		0
한도_낮은	ограничениеНисък_2	ограничениеНисък_2	existing-unreviewed		0
