VirtualBox VM 5.2.42_Ubuntu r137960 linux.amd64 (Jun  5 2020 08:26:08) release log
00:00:00.793686 Log opened 2026-09-10T21:10:01.042667000Z
00:00:00.793687 Build Type: release
00:00:00.793690 OS Product: Linux
00:00:00.793690 OS Release: 4.15.0-213-generic
00:00:00.793690 OS Version: #224-Ubuntu SMP Mon Jun 19 13:30:12 UTC 2023
00:00:00.793711 DMI Product Name: VMware Virtual Platform
00:00:00.793716 DMI Product Version: None
00:00:00.793747 Host RAM: 7951MB (7.7GB) total, 6063MB (5.9GB) available
00:00:00.793750 Executable: /usr/lib/virtualbox/VirtualBox
00:00:00.793750 Process ID: 3068
00:00:00.793751 Package type: LINUX_64BITS_GENERIC (OSE)
00:00:00.796977 Installed Extension Packs:
00:00:00.796990   VNC (Version: 5.2.42 r137960; VRDE Module: VBoxVNC)
00:00:00.799250 Console: Machine state changed to 'Starting'
00:00:00.799503 Qt version: 5.9.5
00:00:00.799507 X11 Window Manager code: 2
00:00:00.802518 GUI: UIMediumEnumerator: Medium-enumeration finished!
00:00:00.812205 X Server details: vendor: The X.Org Foundation, release: 11906000, protocol version: 11.0, display string: :0
00:00:00.812223 Using XKB for keycode to scan code conversion
00:00:00.814175 SUP: Loaded VMMR0.r0 (/usr/lib/virtualbox/VMMR0.r0) at 0xXXXXXXXXXXXXXXXX - ModuleInit at XXXXXXXXXXXXXXXX and ModuleTerm at XXXXXXXXXXXXXXXX
00:00:00.814189 SUP: VMMR0EntryEx located at XXXXXXXXXXXXXXXX and VMMR0EntryFast at XXXXXXXXXXXXXXXX
00:00:00.823479 Guest OS type: 'Other'
00:00:00.827953 File system of '/home/user/worldos/나라/KOR/.vbox/machines/worldos KOR/Snapshots' (snapshots) is ext4
00:00:00.827961 File system of '/home/user/worldos/나라/KOR/.vbox/media/system-cac71db2-eb56-40a9-8889-7d6a622793d2.vdi' is ext4
00:00:00.829000 File system of '/home/user/worldos/나라/KOR/.vbox/media/kernel-b88077e9b378cb35c7ab219fb28a81f491aff468861bc81c42a68ac95af631a2.iso' (DVD) is ext4
00:00:00.837204 Shared clipboard service loaded
00:00:00.837220 Shared clipboard mode: Off
00:00:00.837718 Drag and drop service loaded
00:00:00.837723 Drag and drop mode: Off
00:00:00.838635 Guest Control service loaded
00:00:00.841502 GUI: UIDesktopWidgetWatchdog::sltHandleHostScreenAvailableGeometryCalculated: Screen 0 work area is actually resized to: 67x27 x 1553x890
00:00:00.842100 ************************* CFGM dump *************************
00:00:00.842108 [/] (level 0)
00:00:00.842121   CSAMEnabled       <integer> = 0x0000000000000001 (1)
00:00:00.842126   CpuExecutionCap   <integer> = 0x0000000000000064 (100)
00:00:00.842127   EnablePAE         <integer> = 0x0000000000000000 (0)
00:00:00.842127   HMEnabled         <integer> = 0x0000000000000001 (1)
00:00:00.842128   MemBalloonSize    <integer> = 0x0000000000000000 (0)
00:00:00.842128   Name              <string>  = "worldos KOR" (cb=12)
00:00:00.842129   NumCPUs           <integer> = 0x0000000000000001 (1)
00:00:00.842130   PATMEnabled       <integer> = 0x0000000000000001 (1)
00:00:00.842130   PageFusionAllowed <integer> = 0x0000000000000000 (0)
00:00:00.842131   RamHoleSize       <integer> = 0x0000000020000000 (536 870 912, 512 MB)
00:00:00.842132   RamSize           <integer> = 0x0000000020000000 (536 870 912, 512 MB)
00:00:00.842132   RawR0Enabled      <integer> = 0x0000000000000001 (1)
00:00:00.842133   RawR3Enabled      <integer> = 0x0000000000000001 (1)
00:00:00.842134   TimerMillies      <integer> = 0x000000000000000a (10)
00:00:00.842134   UUID              <bytes>   = "48 c5 ed 12 02 ca 78 4c bd 6e 6e d5 85 0a f2 79" (cb=16)
00:00:00.842137 
00:00:00.842140 [/CPUM/] (level 1)
00:00:00.842142   GuestCpuName       <string>  = "host" (cb=5)
00:00:00.842143   PortableCpuIdLevel <integer> = 0x0000000000000000 (0)
00:00:00.842144   SpecCtrl           <integer> = 0x0000000000000000 (0)
00:00:00.842144 
00:00:00.842147 [/DBGC/] (level 1)
00:00:00.842148   GlobalInitScript <string>  = "/home/user/.config/VirtualBox/dbgc-init" (cb=40)
00:00:00.842148   HistoryFile      <string>  = "/home/user/.config/VirtualBox/dbgc-history" (cb=43)
00:00:00.842149   LocalInitScript  <string>  = "/home/user/worldos/나라/KOR/.vbox/machines/worldos KOR/dbgc-init" (cb=67)
00:00:00.842149 
00:00:00.842149 [/DBGF/] (level 1)
00:00:00.842150   Path <string>  = "/home/user/worldos/나라/KOR/.vbox/machines/worldos KOR/debug/;/home/user/worldos/나라/KOR/.vbox/machines/worldos KOR/;/home/user/" (cb=134)
00:00:00.842150 
00:00:00.842151 [/Devices/] (level 1)
00:00:00.842151 
00:00:00.842151 [/Devices/8237A/] (level 2)
00:00:00.842152 
00:00:00.842152 [/Devices/8237A/0/] (level 3)
00:00:00.842153   Trusted <integer> = 0x0000000000000001 (1)
00:00:00.842154 
00:00:00.842154 [/Devices/VMMDev/] (level 2)
00:00:00.842155 
00:00:00.842155 [/Devices/VMMDev/0/] (level 3)
00:00:00.842156   PCIBusNo      <integer> = 0x0000000000000000 (0)
00:00:00.842157   PCIDeviceNo   <integer> = 0x0000000000000004 (4)
00:00:00.842157   PCIFunctionNo <integer> = 0x0000000000000000 (0)
00:00:00.842157   Trusted       <integer> = 0x0000000000000001 (1)
00:00:00.842158 
00:00:00.842158 [/Devices/VMMDev/0/Config/] (level 4)
00:00:00.842159   GuestCoreDumpDir <string>  = "/home/user/worldos/나라/KOR/.vbox/machines/worldos KOR/Snapshots" (cb=67)
00:00:00.842159 
00:00:00.842159 [/Devices/VMMDev/0/LUN#0/] (level 4)
00:00:00.842160   Driver <string>  = "HGCM" (cb=5)
00:00:00.842160 
00:00:00.842161 [/Devices/VMMDev/0/LUN#0/Config/] (level 5)
00:00:00.842162   Object <integer> = 0x00007fe07c000b70 (140 602 129 779 568)
00:00:00.842162 
00:00:00.842163 [/Devices/VMMDev/0/LUN#999/] (level 4)
00:00:00.842163   Driver <string>  = "MainStatus" (cb=11)
00:00:00.842164 
00:00:00.842164 [/Devices/VMMDev/0/LUN#999/Config/] (level 5)
00:00:00.842165   First   <integer> = 0x0000000000000000 (0)
00:00:00.842165   Last    <integer> = 0x0000000000000000 (0)
00:00:00.842166   papLeds <integer> = 0x00007fe0a4001b10 (140 602 800 872 208)
00:00:00.842166 
00:00:00.842167 [/Devices/acpi/] (level 2)
00:00:00.842167 
00:00:00.842167 [/Devices/acpi/0/] (level 3)
00:00:00.842168   PCIBusNo      <integer> = 0x0000000000000000 (0)
00:00:00.842169   PCIDeviceNo   <integer> = 0x0000000000000007 (7)
00:00:00.842170   PCIFunctionNo <integer> = 0x0000000000000000 (0)
00:00:00.842170   Trusted       <integer> = 0x0000000000000001 (1)
00:00:00.842171 
00:00:00.842171 [/Devices/acpi/0/Config/] (level 4)
00:00:00.842173   CpuHotPlug          <integer> = 0x0000000000000000 (0)
00:00:00.842174   FdcEnabled          <integer> = 0x0000000000000000 (0)
00:00:00.842175   HostBusPciAddress   <integer> = 0x0000000000000000 (0)
00:00:00.842175   HpetEnabled         <integer> = 0x0000000000000000 (0)
00:00:00.842176   IOAPIC              <integer> = 0x0000000000000000 (0)
00:00:00.842177   IocPciAddress       <integer> = 0x0000000000010000 (65 536)
00:00:00.842177   NumCPUs             <integer> = 0x0000000000000001 (1)
00:00:00.842178   Parallel0IoPortBase <integer> = 0x0000000000000000 (0)
00:00:00.842178   Parallel0Irq        <integer> = 0x0000000000000000 (0)
00:00:00.842179   Parallel1IoPortBase <integer> = 0x0000000000000000 (0)
00:00:00.842179   Parallel1Irq        <integer> = 0x0000000000000000 (0)
00:00:00.842179   Serial0IoPortBase   <integer> = 0x00000000000003f8 (1 016)
00:00:00.842180   Serial0Irq          <integer> = 0x0000000000000004 (4)
00:00:00.842180   Serial1IoPortBase   <integer> = 0x0000000000000000 (0)
00:00:00.842181   Serial1Irq          <integer> = 0x0000000000000000 (0)
00:00:00.842181   ShowCpu             <integer> = 0x0000000000000000 (0)
00:00:00.842182   ShowRtc             <integer> = 0x0000000000000000 (0)
00:00:00.842183   SmcEnabled          <integer> = 0x0000000000000000 (0)
00:00:00.842183 
00:00:00.842183 [/Devices/acpi/0/LUN#0/] (level 4)
00:00:00.842185   Driver <string>  = "ACPIHost" (cb=9)
00:00:00.842185 
00:00:00.842185 [/Devices/acpi/0/LUN#0/Config/] (level 5)
00:00:00.842186 
00:00:00.842186 [/Devices/apic/] (level 2)
00:00:00.842187 
00:00:00.842187 [/Devices/apic/0/] (level 3)
00:00:00.842188   Trusted <integer> = 0x0000000000000001 (1)
00:00:00.842188 
00:00:00.842188 [/Devices/apic/0/Config/] (level 4)
00:00:00.842190   IOAPIC  <integer> = 0x0000000000000000 (0)
00:00:00.842190   Mode    <integer> = 0x0000000000000002 (2)
00:00:00.842191   NumCPUs <integer> = 0x0000000000000001 (1)
00:00:00.842191 
00:00:00.842191 [/Devices/e1000/] (level 2)
00:00:00.842192 
00:00:00.842192 [/Devices/i8254/] (level 2)
00:00:00.842193 
00:00:00.842193 [/Devices/i8254/0/] (level 3)
00:00:00.842193 
00:00:00.842194 [/Devices/i8254/0/Config/] (level 4)
00:00:00.842195 
00:00:00.842195 [/Devices/i8259/] (level 2)
00:00:00.842195 
00:00:00.842195 [/Devices/i8259/0/] (level 3)
00:00:00.842196   Trusted <integer> = 0x0000000000000001 (1)
00:00:00.842196 
00:00:00.842196 [/Devices/i8259/0/Config/] (level 4)
00:00:00.842197 
00:00:00.842197 [/Devices/ichac97/] (level 2)
00:00:00.842197 
00:00:00.842197 [/Devices/ichac97/0/] (level 3)
00:00:00.842198   PCIBusNo      <integer> = 0x0000000000000000 (0)
00:00:00.842199   PCIDeviceNo   <integer> = 0x0000000000000005 (5)
00:00:00.842199   PCIFunctionNo <integer> = 0x0000000000000000 (0)
00:00:00.842199   Trusted       <integer> = 0x0000000000000001 (1)
00:00:00.842199 
00:00:00.842199 [/Devices/ichac97/0/AudioConfig/] (level 4)
00:00:00.842200 
00:00:00.842200 [/Devices/ichac97/0/Config/] (level 4)
00:00:00.842201   Codec        <string>  = "STAC9700" (cb=9)
00:00:00.842201   DebugEnabled <integer> = 0x0000000000000000 (0)
00:00:00.842201   DebugPathOut <string>  = "" (cb=1)
00:00:00.842202 
00:00:00.842202 [/Devices/ichac97/0/LUN#0/] (level 4)
00:00:00.842202   Driver <string>  = "AUDIO" (cb=6)
00:00:00.842203 
00:00:00.842203 [/Devices/ichac97/0/LUN#0/AttachedDriver/] (level 5)
00:00:00.842203   Driver <string>  = "PulseAudio" (cb=11)
00:00:00.842204 
00:00:00.842204 [/Devices/ichac97/0/LUN#0/AttachedDriver/Config/] (level 6)
00:00:00.842205   StreamName <string>  = "worldos KOR" (cb=12)
00:00:00.842205 
00:00:00.842205 [/Devices/ichac97/0/LUN#0/Config/] (level 5)
00:00:00.842206   BufferSizeMs    <integer> = 0x0000000000000000 (0)
00:00:00.842206   DriverName      <string>  = "PulseAudio" (cb=11)
00:00:00.842206   InputEnabled    <integer> = 0x0000000000000000 (0)
00:00:00.842206   OutputEnabled   <integer> = 0x0000000000000000 (0)
00:00:00.842207   PeriodSizeMs    <integer> = 0x0000000000000000 (0)
00:00:00.842207   PreBufferSizeMs <integer> = 0x00000000ffffffff (4 294 967 295)
00:00:00.842207 
00:00:00.842207 [/Devices/ichac97/0/LUN#1/] (level 4)
00:00:00.842208   Driver <string>  = "AUDIO" (cb=6)
00:00:00.842208 
00:00:00.842208 [/Devices/mc146818/] (level 2)
00:00:00.842209 
00:00:00.842209 [/Devices/mc146818/0/] (level 3)
00:00:00.842209 
00:00:00.842209 [/Devices/mc146818/0/Config/] (level 4)
00:00:00.842210   UseUTC <integer> = 0x0000000000000000 (0)
00:00:00.842210 
00:00:00.842210 [/Devices/parallel/] (level 2)
00:00:00.842210 
00:00:00.842210 [/Devices/pcarch/] (level 2)
00:00:00.842211 
00:00:00.842211 [/Devices/pcarch/0/] (level 3)
00:00:00.842211   Trusted <integer> = 0x0000000000000001 (1)
00:00:00.842212 
00:00:00.842212 [/Devices/pcarch/0/Config/] (level 4)
00:00:00.842212 
00:00:00.842212 [/Devices/pcbios/] (level 2)
00:00:00.842213 
00:00:00.842213 [/Devices/pcbios/0/] (level 3)
00:00:00.842213   Trusted <integer> = 0x0000000000000001 (1)
00:00:00.842213 
00:00:00.842213 [/Devices/pcbios/0/Config/] (level 4)
00:00:00.842215   APIC           <integer> = 0x0000000000000001 (1)
00:00:00.842215   BootDevice0    <string>  = "DVD" (cb=4)
00:00:00.842216   BootDevice1    <string>  = "IDE" (cb=4)
00:00:00.842216   BootDevice2    <string>  = "NONE" (cb=5)
00:00:00.842216   BootDevice3    <string>  = "NONE" (cb=5)
00:00:00.842216   FloppyDevice   <string>  = "i82078" (cb=7)
00:00:00.842217   HardDiskDevice <string>  = "piix3ide" (cb=9)
00:00:00.842217   IOAPIC         <integer> = 0x0000000000000000 (0)
00:00:00.842217   McfgBase       <integer> = 0x0000000000000000 (0)
00:00:00.842218   McfgLength     <integer> = 0x0000000000000000 (0)
00:00:00.842218   NumCPUs        <integer> = 0x0000000000000001 (1)
00:00:00.842218   PXEDebug       <integer> = 0x0000000000000000 (0)
00:00:00.842219   UUID           <bytes>   = "48 c5 ed 12 02 ca 78 4c bd 6e 6e d5 85 0a f2 79" (cb=16)
00:00:00.842220 
00:00:00.842220 [/Devices/pcbios/0/Config/NetBoot/] (level 5)
00:00:00.842221 
00:00:00.842221 [/Devices/pcbios/0/Config/NetBoot/0/] (level 6)
00:00:00.842222   NIC           <integer> = 0x0000000000000000 (0)
00:00:00.842222   PCIBusNo      <integer> = 0x0000000000000000 (0)
00:00:00.842222   PCIDeviceNo   <integer> = 0x0000000000000003 (3)
00:00:00.842223   PCIFunctionNo <integer> = 0x0000000000000000 (0)
00:00:00.842223 
00:00:00.842223 [/Devices/pci/] (level 2)
00:00:00.842224 
00:00:00.842224 [/Devices/pci/0/] (level 3)
00:00:00.842224   Trusted <integer> = 0x0000000000000001 (1)
00:00:00.842225 
00:00:00.842225 [/Devices/pci/0/Config/] (level 4)
00:00:00.842225   IOAPIC <integer> = 0x0000000000000000 (0)
00:00:00.842225 
00:00:00.842226 [/Devices/pcibridge/] (level 2)
00:00:00.842226 
00:00:00.842226 [/Devices/pckbd/] (level 2)
00:00:00.842226 
00:00:00.842226 [/Devices/pckbd/0/] (level 3)
00:00:00.842227   Trusted <integer> = 0x0000000000000001 (1)
00:00:00.842227 
00:00:00.842227 [/Devices/pckbd/0/Config/] (level 4)
00:00:00.842227 
00:00:00.842228 [/Devices/pckbd/0/LUN#0/] (level 4)
00:00:00.842228   Driver <string>  = "KeyboardQueue" (cb=14)
00:00:00.842228 
00:00:00.842228 [/Devices/pckbd/0/LUN#0/AttachedDriver/] (level 5)
00:00:00.842229   Driver <string>  = "MainKeyboard" (cb=13)
00:00:00.842229 
00:00:00.842230 [/Devices/pckbd/0/LUN#0/AttachedDriver/Config/] (level 6)
00:00:00.842230   Object <integer> = 0x000055e0ffea84e0 (94 424 854 594 784)
00:00:00.842231 
00:00:00.842231 [/Devices/pckbd/0/LUN#0/Config/] (level 5)
00:00:00.842231   QueueSize <integer> = 0x0000000000000040 (64)
00:00:00.842232 
00:00:00.842232 [/Devices/pckbd/0/LUN#1/] (level 4)
00:00:00.842232   Driver <string>  = "MouseQueue" (cb=11)
00:00:00.842232 
00:00:00.842233 [/Devices/pckbd/0/LUN#1/AttachedDriver/] (level 5)
00:00:00.842233   Driver <string>  = "MainMouse" (cb=10)
00:00:00.842233 
00:00:00.842233 [/Devices/pckbd/0/LUN#1/AttachedDriver/Config/] (level 6)
00:00:00.842234   Object <integer> = 0x00007fe0a400de80 (140 602 800 922 240)
00:00:00.842234 
00:00:00.842234 [/Devices/pckbd/0/LUN#1/Config/] (level 5)
00:00:00.842235   QueueSize <integer> = 0x0000000000000080 (128)
00:00:00.842235 
00:00:00.842235 [/Devices/pcnet/] (level 2)
00:00:00.842235 
00:00:00.842235 [/Devices/pcnet/0/] (level 3)
00:00:00.842236   PCIBusNo      <integer> = 0x0000000000000000 (0)
00:00:00.842237   PCIDeviceNo   <integer> = 0x0000000000000003 (3)
00:00:00.842237   PCIFunctionNo <integer> = 0x0000000000000000 (0)
00:00:00.842237   Trusted       <integer> = 0x0000000000000001 (1)
00:00:00.842238 
00:00:00.842238 [/Devices/pcnet/0/Config/] (level 4)
00:00:00.842238   Am79C973       <integer> = 0x0000000000000001 (1)
00:00:00.842238   CableConnected <integer> = 0x0000000000000001 (1)
00:00:00.842239   LineSpeed      <integer> = 0x0000000000000000 (0)
00:00:00.842239   MAC            <bytes>   = "08 00 27 00 38 37" (cb=6)
00:00:00.842240 
00:00:00.842240 [/Devices/pcnet/0/LUN#0/] (level 4)
00:00:00.842240   Driver <string>  = "NAT" (cb=4)
00:00:00.842241 
00:00:00.842241 [/Devices/pcnet/0/LUN#0/Config/] (level 5)
00:00:00.842242   AliasMode       <integer> = 0x0000000000000000 (0)
00:00:00.842242   BootFile        <string>  = "worldos KOR.pxe" (cb=16)
00:00:00.842242   DNSProxy        <integer> = 0x0000000000000000 (0)
00:00:00.842243   Network         <string>  = "10.0.2.0/24" (cb=12)
00:00:00.842243   PassDomain      <integer> = 0x0000000000000001 (1)
00:00:00.842243   TFTPPrefix      <string>  = "/home/user/.config/VirtualBox/TFTP" (cb=35)
00:00:00.842243   UseHostResolver <integer> = 0x0000000000000000 (0)
00:00:00.842244 
00:00:00.842244 [/Devices/pcnet/0/LUN#999/] (level 4)
00:00:00.842244   Driver <string>  = "MainStatus" (cb=11)
00:00:00.842245 
00:00:00.842245 [/Devices/pcnet/0/LUN#999/Config/] (level 5)
00:00:00.842245   First   <integer> = 0x0000000000000000 (0)
00:00:00.842245   Last    <integer> = 0x0000000000000000 (0)
00:00:00.842246   papLeds <integer> = 0x00007fe0a40019f0 (140 602 800 871 920)
00:00:00.842246 
00:00:00.842246 [/Devices/piix3ide/] (level 2)
00:00:00.842247 
00:00:00.842247 [/Devices/piix3ide/0/] (level 3)
00:00:00.842247   PCIBusNo      <integer> = 0x0000000000000000 (0)
00:00:00.842248   PCIDeviceNo   <integer> = 0x0000000000000001 (1)
00:00:00.842248   PCIFunctionNo <integer> = 0x0000000000000001 (1)
00:00:00.842248   Trusted       <integer> = 0x0000000000000001 (1)
00:00:00.842249 
00:00:00.842249 [/Devices/piix3ide/0/Config/] (level 4)
00:00:00.842249   Type <string>  = "PIIX4" (cb=6)
00:00:00.842249 
00:00:00.842249 [/Devices/piix3ide/0/LUN#1/] (level 4)
00:00:00.842250   Driver <string>  = "VD" (cb=3)
00:00:00.842250 
00:00:00.842250 [/Devices/piix3ide/0/LUN#1/Config/] (level 5)
00:00:00.842251   Format    <string>  = "VDI" (cb=4)
00:00:00.842252   Mountable <integer> = 0x0000000000000000 (0)
00:00:00.842252   Path      <string>  = "/home/user/worldos/나라/KOR/.vbox/media/system-cac71db2-eb56-40a9-8889-7d6a622793d2.vdi" (cb=90)
00:00:00.842253   Type      <string>  = "HardDisk" (cb=9)
00:00:00.842253 
00:00:00.842253 [/Devices/piix3ide/0/LUN#2/] (level 4)
00:00:00.842254   Driver <string>  = "VD" (cb=3)
00:00:00.842254 
00:00:00.842254 [/Devices/piix3ide/0/LUN#2/Config/] (level 5)
00:00:00.842255   Format    <string>  = "RAW" (cb=4)
00:00:00.842255   Mountable <integer> = 0x0000000000000001 (1)
00:00:00.842255   Path      <string>  = "/home/user/worldos/나라/KOR/.vbox/media/kernel-b88077e9b378cb35c7ab219fb28a81f491aff468861bc81c42a68ac95af631a2.iso" (cb=118)
00:00:00.842256   ReadOnly  <integer> = 0x0000000000000001 (1)
00:00:00.842256   Type      <string>  = "DVD" (cb=4)
00:00:00.842256 
00:00:00.842257 [/Devices/piix3ide/0/LUN#999/] (level 4)
00:00:00.842257   Driver <string>  = "MainStatus" (cb=11)
00:00:00.842257 
00:00:00.842257 [/Devices/piix3ide/0/LUN#999/Config/] (level 5)
00:00:00.842258   DeviceInstance        <string>  = "piix3ide/0" (cb=11)
00:00:00.842258   First                 <integer> = 0x0000000000000000 (0)
00:00:00.842259   Last                  <integer> = 0x0000000000000003 (3)
00:00:00.842259   pConsole              <integer> = 0x00007fe0a4001320 (140 602 800 870 176)
00:00:00.842259   papLeds               <integer> = 0x00007fe0a40016f0 (140 602 800 871 152)
00:00:00.842260   pmapMediumAttachments <integer> = 0x00007fe0a4001b30 (140 602 800 872 240)
00:00:00.842260 
00:00:00.842260 [/Devices/serial/] (level 2)
00:00:00.842261 
00:00:00.842261 [/Devices/serial/0/] (level 3)
00:00:00.842261 
00:00:00.842261 [/Devices/serial/0/Config/] (level 4)
00:00:00.842262   IOBase <integer> = 0x00000000000003f8 (1 016)
00:00:00.842262   IRQ    <integer> = 0x0000000000000004 (4)
00:00:00.842262 
00:00:00.842262 [/Devices/serial/0/LUN#0/] (level 4)
00:00:00.842263   Driver <string>  = "Char" (cb=5)
00:00:00.842263 
00:00:00.842263 [/Devices/serial/0/LUN#0/AttachedDriver/] (level 5)
00:00:00.842264   Driver <string>  = "RawFile" (cb=8)
00:00:00.842264 
00:00:00.842264 [/Devices/serial/0/LUN#0/AttachedDriver/Config/] (level 6)
00:00:00.842264   Location <string>  = "/home/user/worldos/나라/KOR/.vbox/logs/serial-e73f7334-0eaa-4f7b-a144-564129a5a561.log" (cb=89)
00:00:00.842265 
00:00:00.842265 [/Devices/vga/] (level 2)
00:00:00.842265 
00:00:00.842265 [/Devices/vga/0/] (level 3)
00:00:00.842266   PCIBusNo      <integer> = 0x0000000000000000 (0)
00:00:00.842266   PCIDeviceNo   <integer> = 0x0000000000000002 (2)
00:00:00.842266   PCIFunctionNo <integer> = 0x0000000000000000 (0)
00:00:00.842267   Trusted       <integer> = 0x0000000000000001 (1)
00:00:00.842267 
00:00:00.842267 [/Devices/vga/0/Config/] (level 4)
00:00:00.842269   CustomVideoModes <integer> = 0x0000000000000000 (0)
00:00:00.842269   FadeIn           <integer> = 0x0000000000000001 (1)
00:00:00.842269   FadeOut          <integer> = 0x0000000000000001 (1)
00:00:00.842270   HeightReduction  <integer> = 0x0000000000000000 (0)
00:00:00.842270   LogoFile         <string>  = "" (cb=1)
00:00:00.842270   LogoTime         <integer> = 0x0000000000000000 (0)
00:00:00.842270   MonitorCount     <integer> = 0x0000000000000001 (1)
00:00:00.842271   ShowBootMenu     <integer> = 0x0000000000000002 (2)
00:00:00.842271   VRamSize         <integer> = 0x0000000001000000 (16 777 216, 16 MB)
00:00:00.842271 
00:00:00.842272 [/Devices/vga/0/LUN#0/] (level 4)
00:00:00.842272   Driver <string>  = "MainDisplay" (cb=12)
00:00:00.842272 
00:00:00.842272 [/Devices/vga/0/LUN#0/Config/] (level 5)
00:00:00.842273   Object <integer> = 0x00007fe0a40021b0 (140 602 800 873 904)
00:00:00.842273 
00:00:00.842273 [/Devices/vga/0/LUN#999/] (level 4)
00:00:00.842274   Driver <string>  = "MainStatus" (cb=11)
00:00:00.842274 
00:00:00.842274 [/Devices/vga/0/LUN#999/Config/] (level 5)
00:00:00.842275   First   <integer> = 0x0000000000000000 (0)
00:00:00.842275   Last    <integer> = 0x0000000000000000 (0)
00:00:00.842275   papLeds <integer> = 0x00007fe0a4001b28 (140 602 800 872 232)
00:00:00.842276 
00:00:00.842276 [/Devices/virtio-net/] (level 2)
00:00:00.842276 
00:00:00.842276 [/EM/] (level 1)
00:00:00.842277   TripleFaultReset <integer> = 0x0000000000000000 (0)
00:00:00.842277 
00:00:00.842277 [/GIM/] (level 1)
00:00:00.842278   Provider <string>  = "None" (cb=5)
00:00:00.842278 
00:00:00.842278 [/HM/] (level 1)
00:00:00.842280   64bitEnabled       <integer> = 0x0000000000000000 (0)
00:00:00.842281   EnableLargePages   <integer> = 0x0000000000000000 (0)
00:00:00.842281   EnableNestedPaging <integer> = 0x0000000000000001 (1)
00:00:00.842281   EnableUX           <integer> = 0x0000000000000001 (1)
00:00:00.842282   EnableVPID         <integer> = 0x0000000000000001 (1)
00:00:00.842282   Exclusive          <integer> = 0x0000000000000001 (1)
00:00:00.842282   HMForced           <integer> = 0x0000000000000000 (0)
00:00:00.842282   IBPBOnVMEntry      <integer> = 0x0000000000000000 (0)
00:00:00.842283   IBPBOnVMExit       <integer> = 0x0000000000000000 (0)
00:00:00.842283   L1DFlushOnSched    <integer> = 0x0000000000000001 (1)
00:00:00.842283   L1DFlushOnVMEntry  <integer> = 0x0000000000000000 (0)
00:00:00.842283   MDSClearOnSched    <integer> = 0x0000000000000001 (1)
00:00:00.842284   MDSClearOnVMEntry  <integer> = 0x0000000000000000 (0)
00:00:00.842284   SpecCtrlByHost     <integer> = 0x0000000000000000 (0)
00:00:00.842284 
00:00:00.842284 [/MM/] (level 1)
00:00:00.842285   CanUseLargerHeap <integer> = 0x0000000000000000 (0)
00:00:00.842285 
00:00:00.842285 [/PDM/] (level 1)
00:00:00.842285 
00:00:00.842286 [/PDM/AsyncCompletion/] (level 2)
00:00:00.842286 
00:00:00.842286 [/PDM/AsyncCompletion/File/] (level 3)
00:00:00.842287 
00:00:00.842287 [/PDM/AsyncCompletion/File/BwGroups/] (level 4)
00:00:00.842288 
00:00:00.842288 [/PDM/BlkCache/] (level 2)
00:00:00.842289   CacheSize <integer> = 0x0000000000500000 (5 242 880, 5 MB)
00:00:00.842290 
00:00:00.842290 [/PDM/Devices/] (level 2)
00:00:00.842290 
00:00:00.842291 [/PDM/Drivers/] (level 2)
00:00:00.842291 
00:00:00.842291 [/PDM/Drivers/VBoxC/] (level 3)
00:00:00.842292   Path <string>  = "/usr/lib/virtualbox/components/VBoxC" (cb=37)
00:00:00.842293 
00:00:00.842293 [/PDM/NetworkShaper/] (level 2)
00:00:00.842294 
00:00:00.842294 [/PDM/NetworkShaper/BwGroups/] (level 3)
00:00:00.842295 
00:00:00.842295 [/TM/] (level 1)
00:00:00.842295   UTCOffset <integer> = 0x0000000000000000 (0)
00:00:00.842296 
00:00:00.842296 ********************* End of CFGM dump **********************
00:00:00.842308 VM: fHMEnabled=true  (configured) fRecompileUser=false fRecompileSupervisor=false
00:00:00.842310 VM: fRawRing1Enabled=false CSAM=true  PATM=true 
00:00:00.842474 HM: HMR3Init: Falling back to raw-mode: AMD-V is not available
00:00:00.846736 MM: cbHyperHeap=0x140000 (1310720)
00:00:00.877372 CPUM: fXStateHostMask=0x7; initial: 0x0; host XCR0=0x7
00:00:00.906106 CPUM: Matched host CPU AMD 0x19/0x21/0x0 AMD_Unknown with CPU DB entry 'AMD FX-8150 Eight-Core' (AMD 0x15/0x1/0x2 AMD_15h_Bulldozer)
00:00:00.906168 CPUM: MXCSR_MASK=0x2ffff (host: 0x2ffff)
00:00:00.906239 CPUM: Microcode revision 0xFFFFFFFF
00:00:00.906255 CPUM: MSR fudge: 0x00000017 IA32_PLATFORM_ID
00:00:00.906258 CPUM: MSR fudge: 0x000001a0 IA32_MISC_ENABLE
00:00:00.906260 CPUM: MSR fudge: 0x0000002c P4_EBC_FREQUENCY_ID
00:00:00.908719 PGM: HCPhysInterPD=000000000ae47000 HCPhysInterPaePDPT=000000000ae4a000 HCPhysInterPaePML4=000000000ae4c000
00:00:00.908731 PGM: apInterPTs={000000000ae48000,000000000ae49000} apInterPaePTs={0000000004de7000,0000000004de8000} apInterPaePDs={0000000004de9000,0000000004dea000,0000000004deb000,0000000004dec000} pInterPaePDPT64=000000000ae4b000
00:00:00.908736 PGM: Host paging mode: AMD64+PGE+NX
00:00:00.908747 PGM: PGMPool: cMaxPages=288 (u64MaxPages=288)
00:00:00.908750 PGM: pgmR3PoolInit: cMaxPages=0x120 cMaxUsers=0x240 cMaxPhysExts=0x240 fCacheEnable=true 
00:00:00.911356 TM: GIP - u32Mode=3 (Invariant) u32UpdateHz=83 u32UpdateIntervalNS=12000000 enmUseTscDelta=2 (Pratically Zero) fGetGipCpu=0xb cCpus=128
00:00:00.911368 TM: GIP - u64CpuHz=3 700 046 009 (0xdc8a38b9)  SUPGetCpuHzFromGip => 3 700 046 009
00:00:00.911373 TM: GIP - CPU: iCpuSet=0x0 idCpu=0x0 idApic=0x0 iGipCpu=0x0 i64TSCDelta=0 enmState=3 u64CpuHz=3700046009(*) cErrors=0
00:00:00.911377 TM: GIP - CPU: iCpuSet=0x1 idCpu=0x1 idApic=0x2 iGipCpu=0x1 i64TSCDelta=0 enmState=3 u64CpuHz=3700029196(*) cErrors=0
00:00:00.911424 TM: cTSCTicksPerSecond=3 700 046 009 (0xdc8a38b9) enmTSCMode=3 (Dynamic)
00:00:00.911425 TM: TSCTiedToExecution=false TSCNotTiedToHalt=false
00:00:00.911735 VMM: CoreCode: R3=00007fe0c8012000 R0=XXXXXXXXXXXXXXXX RC=a04b1000 Phys=000000000afba000 cb=0x2000
00:00:00.912542 IEM: TargetCpu=CURRENT, Microarch=AMD_Unknown
00:00:00.912611 GIM: Using provider 'None' (Implementation version: 0)
00:00:00.947766 AIOMgr: Default manager type is 'Async'
00:00:00.947797 AIOMgr: Default file backend is 'NonBuffered'
00:00:00.948147 BlkCache: Cache successfully initialized. Cache size is 5242880 bytes
00:00:00.948154 BlkCache: Cache commit interval is 10000 ms
00:00:00.948155 BlkCache: Cache commit threshold is 2621440 bytes
00:00:00.949389 PcBios: [SMP] BIOS with 1 CPUs
00:00:00.949408 PcBios: Using the 386+ BIOS image.
00:00:00.949871 PcBios: fCheckShutdownStatusForSoftReset=true   fClearShutdownStatusOnHardReset=true 
00:00:00.956953 SUP: Loaded VBoxDDR0.r0 (/usr/lib/virtualbox/VBoxDDR0.r0) at 0xXXXXXXXXXXXXXXXX - ModuleInit at XXXXXXXXXXXXXXXX and ModuleTerm at XXXXXXXXXXXXXXXX
00:00:00.957239 CPUM: SetGuestCpuIdFeature: Enabled xAPIC
00:00:00.957450 PIT: mode=3 count=0x10000 (65536) - 18.20 Hz (ch=0)
00:00:00.958824 Shared Folders service loaded
00:00:00.961001 VGA: Using the 386+ BIOS image.
00:00:00.961171 PIIX3 ATA: LUN#0: no unit
00:00:00.961183 DrvVD: Flushes will be ignored
00:00:00.961185 DrvVD: Async flushes will be passed to the disk
00:00:00.961278 VD: VDInit finished with VINF_SUCCESS
00:00:00.961320 VD: Opening the disk took 121730 ns
00:00:00.961352 PIIX3 ATA: LUN#1: disk, PCHS=203/16/63, total number of sectors 204800
00:00:00.961406 DrvVD: Flushes will be ignored
00:00:00.961411 DrvVD: Async flushes will be passed to the disk
00:00:00.961432 VD: Opening the disk took 18924 ns
00:00:00.961466 PIIX3 ATA: LUN#2: CD/DVD, total number of sectors 5583, passthrough disabled
00:00:00.961472 PIIX3 ATA: LUN#3: no unit
00:00:00.961510 PIIX3 ATA: Ctl#0: finished processing RESET
00:00:00.961517 PIIX3 ATA: Ctl#1: finished processing RESET
00:00:00.969269 NAT: Guest address guess set to 10.0.2.15 by initialization
00:00:00.969364 NAT: resolv.conf: nameserver 127.0.0.53
00:00:00.969370 NAT: resolv.conf: ignoring "options edns0"
00:00:00.969375 NAT: DNS server 127.0.0.53 registration detected, switching to the DNS proxy
00:00:00.969379 NAT: Adding domain name localdomain
00:00:00.969381 NAT: DNS#0: 127.0.0.53
00:00:00.971796 AC97: Using codec 'STAC9700'
00:00:00.971847 Audio: Initializing PulseAudio driver
00:00:00.974442 PulseAudio: Using v11.1.0
00:00:00.977037 PulseAudio: Retrieving server information ...
00:00:00.977183 AC97: Reset
00:00:00.977187 AC97: Mixer reset (EAID=0x809, EACS=0x9)
00:00:00.977189 AC97: Record select to left=Microphone In, right=Microphone In
00:00:00.977794 Serial#0: emulating 16550A
00:00:00.977855 RawFile#0: location /home/user/worldos/나라/KOR/.vbox/logs/serial-e73f7334-0eaa-4f7b-a144-564129a5a561.log
00:00:00.977997 PGM: The CPU physical address width is 42 bits
00:00:00.978012 PGM: PGMR3InitFinalize: 4 MB PSE mask 000003ffffffffff
00:00:00.978454 TM: TMR3InitFinalize: fTSCModeSwitchAllowed=false
00:00:00.987470 VMM: Enabled thread-context hooks
00:00:00.987470 VMM: fUsePeriodicPreemptionTimers=true 
00:00:00.988311 CPUM: Logical host processors: 2 present, 2 max, 2 online, online mask: 0000000000000003
00:00:00.988337 CPUM: Physical host cores: 2
00:00:00.988338 ************************* CPUID dump ************************
00:00:00.988373          Raw Standard CPUID Leaves
00:00:00.988373      Leaf/sub-leaf  eax      ebx      ecx      edx
00:00:00.988385 Gst: 00000000/0000  0000000d 68747541 444d4163 69746e65
00:00:00.988386 Hst:                0000000d 68747541 444d4163 69746e65
00:00:00.988395 Gst: 00000001/0000  00a20f10 00000800 00180201 078bf3bf
00:00:00.988396 Hst:                00a20f10 02000800 fef83203 078bfbff
00:00:00.988441 Gst: 00000002/0000  00000000 00000000 00000000 00000000
00:00:00.988442 Hst:                00000000 00000000 00000000 00000000
00:00:00.988451 Gst: 00000003/0000  00000000 00000000 00000000 00000000
00:00:00.988452 Hst:                00000000 00000000 00000000 00000000
00:00:00.988460 Gst: 00000004/0000  00000000 00000000 00000000 00000000
00:00:00.988461 Hst:                00000000 00000000 00000000 00000000
00:00:00.988470 Gst: 00000005/0000  00000000 00000000 00000000 00000000
00:00:00.988470 Hst:                00000000 00000000 00000000 00000000
00:00:00.988479 Gst: 00000006/0000  00000000 00000000 00000000 00000000
00:00:00.988480 Hst:                00000004 00000000 00000000 00000000
00:00:00.988488 Gst: 00000007/0000  00000000 00000401 00000000 00000000
00:00:00.988489 Hst:                00000000 001c07a9 00000000 00000000
00:00:00.988497 Gst: 00000007/0001  00000000 00000000 00000000 00000000
00:00:00.988498 Hst:                00000000 00000000 00000000 00000000
00:00:00.988506 Gst: 00000008/0000  00000000 00000000 00000000 00000000
00:00:00.988507 Hst:                00000000 00000000 00000000 00000000
00:00:00.988515 Gst: 00000009/0000  00000000 00000000 00000000 00000000
00:00:00.988516 Hst:                00000000 00000000 00000000 00000000
00:00:00.988524 Gst: 0000000a/0000  00000000 00000000 00000000 00000000
00:00:00.988525 Hst:                00000000 00000000 00000000 00000000
00:00:00.988535 Gst: 0000000b/0000  00000000 00000001 00000100 00000000
00:00:00.988535 Hst:                00000000 00000001 00000100 00000002
00:00:00.988547 Gst: 0000000b/0001  00000001 00000001 00000201 00000000
00:00:00.988547 Hst:                00000000 00000001 00000201 00000002
00:00:00.988556 Gst: 0000000b/0002  00000000 00000000 00000002 00000000
00:00:00.988557 Hst:                00000000 00000000 00000002 00000002
00:00:00.988570 Gst: 0000000c/0000  00000000 00000000 00000000 00000000
00:00:00.988570 Hst:                00000000 00000000 00000000 00000000
00:00:00.988581 Gst: 0000000d/0000  00000000 00000000 00000000 00000000
00:00:00.988582 Hst:                00000007 00000340 00000340 00000000
00:00:00.988591 Gst: 0000000d/0001  00000000 00000000 00000000 00000000
00:00:00.988591 Hst:                00000001 00000000 00000000 00000000
00:00:00.988600 Gst: 0000000d/0002  00000000 00000000 00000000 00000000
00:00:00.988601 Hst:                00000100 00000240 00000000 00000000
00:00:00.988612 Gst: 0000000d/0003  00000000 00000000 00000000 00000000
00:00:00.988613 Hst:                00000000 00000000 00000000 00000000
00:00:00.990781                                Name: AuthenticAMD
00:00:00.990782                            Supports: 0x00000000-0x0000000d
00:00:00.990783                              Family: 15 	Extended: 10 	Effective: 25
00:00:00.990784                               Model:  1 	Extended: 2 	Effective: 33
00:00:00.990785                            Stepping: 0
00:00:00.990785                                Type: 0 (primary)
00:00:00.990786                             APIC ID: 0x00
00:00:00.990786                        Logical CPUs: 0
00:00:00.990786                        CLFLUSH Size: 8
00:00:00.990787                            Brand ID: 0x00
00:00:00.990796 Features
00:00:00.990797   Mnemonic - Description                                  = guest (host)
00:00:00.990798   FPU - x87 FPU on Chip                                   = 1 (1)
00:00:00.990799   VME - Virtual 8086 Mode Enhancements                    = 1 (1)
00:00:00.990800   DE - Debugging extensions                               = 1 (1)
00:00:00.990801   PSE - Page Size Extension                               = 1 (1)
00:00:00.990801   TSC - Time Stamp Counter                                = 1 (1)
00:00:00.990802   MSR - Model Specific Registers                          = 1 (1)
00:00:00.990802   PAE - Physical Address Extension                        = 0 (1)
00:00:00.990802   MCE - Machine Check Exception                           = 1 (1)
00:00:00.990803   CX8 - CMPXCHG8B instruction                             = 1 (1)
00:00:00.990803   APIC - APIC On-Chip                                     = 1 (1)
00:00:00.990804   SEP - SYSENTER and SYSEXIT Present                      = 0 (1)
00:00:00.990804   MTRR - Memory Type Range Registers                      = 1 (1)
00:00:00.990805   PGE - PTE Global Bit                                    = 1 (1)
00:00:00.990805   MCA - Machine Check Architecture                        = 1 (1)
00:00:00.990806   CMOV - Conditional Move instructions                    = 1 (1)
00:00:00.990806   PAT - Page Attribute Table                              = 1 (1)
00:00:00.990806   PSE-36 - 36-bit Page Size Extension                     = 1 (1)
00:00:00.990807   PSN - Processor Serial Number                           = 0 (0)
00:00:00.990807   CLFSH - CLFLUSH instruction                             = 1 (1)
00:00:00.990808   DS - Debug Store                                        = 0 (0)
00:00:00.990808   ACPI - Thermal Mon. & Soft. Clock Ctrl.                 = 0 (0)
00:00:00.990808   MMX - Intel MMX Technology                              = 1 (1)
00:00:00.990809   FXSR - FXSAVE and FXRSTOR instructions                  = 1 (1)
00:00:00.990809   SSE - SSE support                                       = 1 (1)
00:00:00.990810   SSE2 - SSE2 support                                     = 1 (1)
00:00:00.990810   SS - Self Snoop                                         = 0 (0)
00:00:00.990811   HTT - Hyper-Threading Technology                        = 0 (0)
00:00:00.990811   TM - Therm. Monitor                                     = 0 (0)
00:00:00.990811   PBE - Pending Break Enabled                             = 0 (0)
00:00:00.990812   SSE3 - SSE3 support                                     = 1 (1)
00:00:00.990813   PCLMUL - PCLMULQDQ support (for AES-GCM)                = 0 (1)
00:00:00.990813   DTES64 - DS Area 64-bit Layout                          = 0 (0)
00:00:00.990814   MONITOR - MONITOR/MWAIT instructions                    = 0 (0)
00:00:00.990814   CPL-DS - CPL Qualified Debug Store                      = 0 (0)
00:00:00.990815   VMX - Virtual Machine Extensions                        = 0 (0)
00:00:00.990815   SMX - Safer Mode Extensions                             = 0 (0)
00:00:00.990815   EST - Enhanced SpeedStep Technology                     = 0 (0)
00:00:00.990816   TM2 - Terminal Monitor 2                                = 0 (0)
00:00:00.990816   SSSE3 - Supplemental Streaming SIMD Extensions 3        = 1 (1)
00:00:00.990817   CNTX-ID - L1 Context ID                                 = 0 (0)
00:00:00.990817   SDBG - Silicon Debug interface                          = 0 (0)
00:00:00.990817   FMA - Fused Multiply Add extensions                     = 0 (1)
00:00:00.990818   CX16 - CMPXCHG16B instruction                           = 0 (1)
00:00:00.990818   TPRUPDATE - xTPR Update Control                         = 0 (0)
00:00:00.990819   PDCM - Perf/Debug Capability MSR                        = 0 (0)
00:00:00.990819   PCID - Process Context Identifiers                      = 0 (0)
00:00:00.990819   DCA - Direct Cache Access                               = 0 (0)
00:00:00.990820   SSE4_1 - SSE4_1 support                                 = 1 (1)
00:00:00.990820   SSE4_2 - SSE4_2 support                                 = 1 (1)
00:00:00.990821   X2APIC - x2APIC support                                 = 0 (1)
00:00:00.990821   MOVBE - MOVBE instruction                               = 0 (1)
00:00:00.990821   POPCNT - POPCNT instruction                             = 0 (1)
00:00:00.990822   TSCDEADL - Time Stamp Counter Deadline                  = 0 (0)
00:00:00.990822   AES - AES instructions                                  = 0 (1)
00:00:00.990823   XSAVE - XSAVE instruction                               = 0 (1)
00:00:00.990823   OSXSAVE - OSXSAVE instruction                           = 0 (1)
00:00:00.990823   AVX - AVX support                                       = 0 (1)
00:00:00.990824   F16C - 16-bit floating point conversion instructions    = 0 (1)
00:00:00.990824   RDRAND - RDRAND instruction                             = 0 (1)
00:00:00.990825   HVP - Hypervisor Present (we're a guest)                = 0 (1)
00:00:00.990825 Structured Extended Feature Flags Enumeration (leaf 7):
00:00:00.990831   Mnemonic - Description                                  = guest (host)
00:00:00.990831   FSGSBASE - RDFSBASE/RDGSBASE/WRFSBASE/WRGSBASE instr.   = 1 (1)
00:00:00.990832   TSCADJUST - Supports MSR_IA32_TSC_ADJUST                = 0 (0)
00:00:00.990832   SGX - Supports Software Guard Extensions                = 0 (0)
00:00:00.990833   BMI1 - Advanced Bit Manipulation extension 1            = 0 (1)
00:00:00.990833   HLE - Hardware Lock Elision                             = 0 (0)
00:00:00.990833   AVX2 - Advanced Vector Extensions 2                     = 0 (1)
00:00:00.990834   FDP_EXCPTN_ONLY - FPU DP only updated on exceptions     = 0 (0)
00:00:00.990834   SMEP - Supervisor Mode Execution Prevention             = 0 (1)
00:00:00.990834   BMI2 - Advanced Bit Manipulation extension 2            = 0 (1)
00:00:00.990835   ERMS - Enhanced REP MOVSB/STOSB instructions            = 0 (1)
00:00:00.990835   INVPCID - INVPCID instruction                           = 1 (1)
00:00:00.990836   RTM - Restricted Transactional Memory                   = 0 (0)
00:00:00.990836   PQM - Platform Quality of Service Monitoring            = 0 (0)
00:00:00.990836   DEPFPU_CS_DS - Deprecates FPU CS, FPU DS values if set  = 0 (0)
00:00:00.990836   MPE - Intel Memory Protection Extensions                = 0 (0)
00:00:00.990837   PQE - Platform Quality of Service Enforcement           = 0 (0)
00:00:00.990837   AVX512F - AVX512 Foundation instructions                = 0 (0)
00:00:00.990837   RDSEED - RDSEED instruction                             = 0 (1)
00:00:00.990838   ADX - ADCX/ADOX instructions                            = 0 (1)
00:00:00.990838   SMAP - Supervisor Mode Access Prevention                = 0 (1)
00:00:00.990839   CLFLUSHOPT - CLFLUSHOPT (Cache Line Flush) instruction  = 0 (0)
00:00:00.990839   INTEL_PT - Intel Processor Trace                        = 0 (0)
00:00:00.990839   AVX512PF - AVX512 Prefetch instructions                 = 0 (0)
00:00:00.990840   AVX512ER - AVX512 Exponential & Reciprocal instructions = 0 (0)
00:00:00.990840   AVX512CD - AVX512 Conflict Detection instructions       = 0 (0)
00:00:00.990840   SHA - Secure Hash Algorithm extensions                  = 0 (0)
00:00:00.990841   PREFETCHWT1 - PREFETCHWT1 instruction                   = 0 (0)
00:00:00.990841   UMIP - User mode insturction prevention                 = 0 (0)
00:00:00.990841   PKU - Protection Key for Usermode pages                 = 0 (0)
00:00:00.990842   OSPKE - CR4.PKU mirror                                  = 0 (0)
00:00:00.990842   MAWAU - Value used by BNDLDX & BNDSTX                   = 0x0 (0x0)
00:00:00.990843   RDPID - Read processor ID support                       = 0 (0)
00:00:00.990843   SGX_LC - Supports SGX Launch Configuration              = 0 (0)
00:00:00.990849 Processor Extended State Enumeration (leaf 0xd):
00:00:00.990855    XSAVE area cur/max size by XCR0, guest: 0x0/0x0
00:00:00.990856     XSAVE area cur/max size by XCR0, host: 0x340/0x340
00:00:00.990857                    Valid XCR0 bits, guest: 0x00000000`00000000
00:00:00.990857                     Valid XCR0 bits, host: 0x00000000`00000007 ( x87 SSE YMM_Hi128 )
00:00:00.990864                     XSAVE features, guest:
00:00:00.990864                      XSAVE features, host: XSAVEOPT
00:00:00.990865       XSAVE area cur size XCR0|XSS, guest: 0x0
00:00:00.990865        XSAVE area cur size XCR0|XSS, host: 0x0
00:00:00.990866                Valid IA32_XSS bits, guest: 0x00000000`00000000
00:00:00.990866                 Valid IA32_XSS bits, host: 0x00000000`00000000
00:00:00.990871   State #2, host:  off=0x0240, cb=0x0100 IA32_XSS-bit -- YMM_Hi128
00:00:00.991153          Raw Extended CPUID Leaves
00:00:00.991153      Leaf/sub-leaf  eax      ebx      ecx      edx
00:00:00.991158 Gst: 80000000/0000  8000001e 68747541 444d4163 69746e65
00:00:00.991158 Hst:                80000023 68747541 444d4163 69746e65
00:00:00.991164 Gst: 80000001/0000  00a20f10 20000000 00000011 0983f33f
00:00:00.991164 Hst:                00a20f10 20000000 000002f1 2dd3fbff
00:00:00.991169 Gst: 80000002/0000  20444d41 657a7952 2035206e 30303635
00:00:00.991170 Hst:                20444d41 657a7952 2035206e 30303635
00:00:00.991175 Gst: 80000003/0000  2d362058 65726f43 6f725020 73736563
00:00:00.991175 Hst:                2d362058 65726f43 6f725020 73736563
00:00:00.991181 Gst: 80000004/0000  2020726f 20202020 20202020 00202020
00:00:00.991181 Hst:                2020726f 20202020 20202020 00202020
00:00:00.991186 Gst: 80000005/0000  ff40ff40 ff40ff40 20080140 20080140
00:00:00.991187 Hst:                ff40ff40 ff40ff40 20080140 20080140
00:00:00.991192 Gst: 80000006/0000  48002200 68004200 02006140 01009140
00:00:00.991192 Hst:                48002200 68004200 02006140 01009140
00:00:00.991197 Gst: 80000007/0000  00000000 00000000 00000000 00000000
00:00:00.991198 Hst:                00000000 00000003 00000000 00000100
00:00:00.991203 Gst: 80000008/0000  0000302a 00000000 00000000 00000000
00:00:00.991203 Hst:                0000302a 00001000 00000000 00000000
00:00:00.991208 Gst: 80000009/0000  00000000 00000000 00000000 00000000
00:00:00.991209 Hst:                00000000 00000000 00000000 00000000
00:00:00.991215 Gst: 8000000a/0000  00000000 00000000 00000000 00000000
00:00:00.991215 Hst:                00000000 00000000 00000000 00000000
00:00:00.991220 Gst: 8000000b/0000  00000000 00000000 00000000 00000000
00:00:00.991221 Hst:                00000000 00000000 00000000 00000000
00:00:00.991226 Gst: 8000000c/0000  00000000 00000000 00000000 00000000
00:00:00.991226 Hst:                00000000 00000000 00000000 00000000
00:00:00.991231 Gst: 8000000d/0000  00000000 00000000 00000000 00000000
00:00:00.991231 Hst:                00000000 00000000 00000000 00000000
00:00:00.991236 Gst: 8000000e/0000  00000000 00000000 00000000 00000000
00:00:00.991237 Hst:                00000000 00000000 00000000 00000000
00:00:00.991242 Gst: 8000000f/0000  00000000 00000000 00000000 00000000
00:00:00.991242 Hst:                00000000 00000000 00000000 00000000
00:00:00.991247 Gst: 80000010/0000  00000000 00000000 00000000 00000000
00:00:00.991248 Hst:                00000000 00000000 00000000 00000000
00:00:00.991253 Gst: 80000011/0000  00000000 00000000 00000000 00000000
00:00:00.991253 Hst:                00000000 00000000 00000000 00000000
00:00:00.991258 Gst: 80000012/0000  00000000 00000000 00000000 00000000
00:00:00.991258 Hst:                00000000 00000000 00000000 00000000
00:00:00.991263 Gst: 80000013/0000  00000000 00000000 00000000 00000000
00:00:00.991264 Hst:                00000000 00000000 00000000 00000000
00:00:00.991269 Gst: 80000014/0000  00000000 00000000 00000000 00000000
00:00:00.991269 Hst:                00000000 00000000 00000000 00000000
00:00:00.991274 Gst: 80000015/0000  00000000 00000000 00000000 00000000
00:00:00.991274 Hst:                00000000 00000000 00000000 00000000
00:00:00.991279 Gst: 80000016/0000  00000000 00000000 00000000 00000000
00:00:00.991280 Hst:                00000000 00000000 00000000 00000000
00:00:00.991285 Gst: 80000017/0000  00000000 00000000 00000000 00000000
00:00:00.991285 Hst:                00000000 00000000 00000000 00000000
00:00:00.991290 Gst: 80000018/0000  00000000 00000000 00000000 00000000
00:00:00.991291 Hst:                00000000 00000000 00000000 00000000
00:00:00.991297 Gst: 80000019/0000  00000000 00000000 00000000 00000000
00:00:00.991298 Hst:                00000000 00000000 00000000 00000000
00:00:00.991307 Gst: 8000001a/0000  00000002 00000000 00000000 00000000
00:00:00.991307 Hst:                00000006 00000000 00000000 00000000
00:00:00.991315 Gst: 8000001b/0000  00000000 00000000 00000000 00000000
00:00:00.991316 Hst:                00000000 00000000 00000000 00000000
00:00:00.991324 Gst: 8000001c/0000  00000000 00000000 00000000 00000000
00:00:00.991325 Hst:                00000000 00000000 00000000 00000000
00:00:00.991333 Gst: 8000001d/0000  00000121 01c0003f 0000003f 00000000
00:00:00.991334 Hst:                00004121 01c0003f 0000003f 00000000
00:00:00.991341 Gst: 8000001d/0001  00000122 01c0003f 0000003f 00000000
00:00:00.991342 Hst:                00004122 01c0003f 0000003f 00000000
00:00:00.991347 Gst: 8000001d/0002  00000143 01c0003f 000003ff 00000002
00:00:00.991347 Hst:                00004143 01c0003f 000003ff 00000002
00:00:00.991353 Gst: 8000001d/0003  00000163 03c0003f 00007fff 00000001
00:00:00.991353 Hst:                0002c163 03c0003f 00007fff 00000001
00:00:00.991358 Gst: 8000001d/0004  00000000 00000000 00000000 00000000
00:00:00.991359 Hst:                00000000 00000000 00000000 00000000
00:00:00.991364 Gst: 8000001e/0000  00000000 00000000 00000000 00000000
00:00:00.991365 Hst:                00000000 00000100 00000000 00000000
00:00:00.991370 Hst: 8000001f/0000  00000000 00000000 00000000 00000000
00:00:00.991375 Hst: 80000020/0000  00000000 00000000 00000000 00000000
00:00:00.991380 Hst: 80000021/0000  00000000 00000000 00000000 00000000
00:00:00.991386 Hst: 80000022/0000  00000000 00000000 00000000 00000000
00:00:00.991391 Hst: 80000023/0000  00000000 00000000 00000000 00000000
00:00:00.991391 Ext Name:                        AuthenticAMD
00:00:00.991392 Ext Supports:                    0x80000000-0x8000001e
00:00:00.991392 Family:                          15  	Extended: 10 	Effective: 25
00:00:00.991392 Model:                           1  	Extended: 2 	Effective: 33
00:00:00.991393 Stepping:                        0
00:00:00.991393 Brand ID:                        0x000
00:00:00.991398 Ext Features
00:00:00.991398   Mnemonic - Description                                  = guest (host)
00:00:00.991398   FPU - x87 FPU on Chip                                   = 1 (1)
00:00:00.991399   VME - Virtual 8086 Mode Enhancements                    = 1 (1)
00:00:00.991400   DE - Debugging extensions                               = 1 (1)
00:00:00.991400   PSE - Page Size Extension                               = 1 (1)
00:00:00.991401   TSC - Time Stamp Counter                                = 1 (1)
00:00:00.991401   MSR - K86 Model Specific Registers                      = 1 (1)
00:00:00.991402   PAE - Physical Address Extension                        = 0 (1)
00:00:00.991402   MCE - Machine Check Exception                           = 0 (1)
00:00:00.991402   CX8 - CMPXCHG8B instruction                             = 1 (1)
00:00:00.991403   APIC - APIC On-Chip                                     = 1 (1)
00:00:00.991403   SEP - SYSCALL/SYSRET                                    = 0 (1)
00:00:00.991404   MTRR - Memory Type Range Registers                      = 1 (1)
00:00:00.991404   PGE - PTE Global Bit                                    = 1 (1)
00:00:00.991404   MCA - Machine Check Architecture                        = 1 (1)
00:00:00.991405   CMOV - Conditional Move instructions                    = 1 (1)
00:00:00.991405   PAT - Page Attribute Table                              = 1 (1)
00:00:00.991406   PSE-36 - 36-bit Page Size Extension                     = 1 (1)
00:00:00.991406   NX - No-Execute/Execute-Disable                         = 0 (1)
00:00:00.991406   AXMMX - AMD Extensions to MMX instructions              = 0 (1)
00:00:00.991407   MMX - Intel MMX Technology                              = 1 (1)
00:00:00.991407   FXSR - FXSAVE and FXRSTOR Instructions                  = 1 (1)
00:00:00.991408   FFXSR - AMD fast FXSAVE and FXRSTOR instructions        = 0 (0)
00:00:00.991408   Page1GB - 1 GB large page                               = 0 (1)
00:00:00.991408   RDTSCP - RDTSCP instruction                             = 1 (1)
00:00:00.991409   LM - AMD64 Long Mode                                    = 0 (1)
00:00:00.991409   3DNOWEXT - AMD Extensions to 3DNow                      = 0 (0)
00:00:00.991410   3DNOW - AMD 3DNow                                       = 0 (0)
00:00:00.991411   LahfSahf - LAHF/SAHF support in 64-bit mode             = 1 (1)
00:00:00.991411   CmpLegacy - Core multi-processing legacy mode           = 0 (0)
00:00:00.991411   SVM - AMD Secure Virtual Machine extensions             = 0 (0)
00:00:00.991412   EXTAPIC - AMD Extended APIC registers                   = 0 (0)
00:00:00.991412   CR8L - AMD LOCK MOV CR0 means MOV CR8                   = 1 (1)
00:00:00.991412   ABM - AMD Advanced Bit Manipulation                     = 0 (1)
00:00:00.991413   SSE4A - SSE4A instructions                              = 0 (1)
00:00:00.991413   MISALIGNSSE - AMD Misaligned SSE mode                   = 0 (1)
00:00:00.991413   3DNOWPRF - AMD PREFETCH and PREFETCHW instructions      = 0 (0)
00:00:00.991414   OSVW - AMD OS Visible Workaround                        = 0 (1)
00:00:00.991414   IBS - Instruct Based Sampling                           = 0 (0)
00:00:00.991414   XOP - Extended Operation support                        = 0 (0)
00:00:00.991415   SKINIT - SKINIT, STGI, and DEV support                  = 0 (0)
00:00:00.991415   WDT - AMD Watchdog Timer support                        = 0 (0)
00:00:00.991416   LWP - Lightweight Profiling support                     = 0 (0)
00:00:00.991416   FMA4 - Four operand FMA instruction support             = 0 (0)
00:00:00.991416   NodeId - NodeId in MSR C001_100C                        = 0 (0)
00:00:00.991417   TBM - Trailing Bit Manipulation instructions            = 0 (0)
00:00:00.991417   TOPOEXT - Topology Extensions                           = 0 (0)
00:00:00.991418 Full Name:                       "AMD Ryzen 5 5600X 6-Core Processor             "
00:00:00.991418 TLB 2/4M Instr/Uni:              fully  64 entries
00:00:00.991418 TLB 2/4M Data:                   fully  64 entries
00:00:00.991419 TLB 4K Instr/Uni:                fully  64 entries
00:00:00.991419 TLB 4K Data:                     fully  64 entries
00:00:00.991420 L1 Instr Cache Line Size:        64 bytes
00:00:00.991420 L1 Instr Cache Lines Per Tag:    1
00:00:00.991420 L1 Instr Cache Associativity:    8 way
00:00:00.991420 L1 Instr Cache Size:             32 KB
00:00:00.991420 L1 Data Cache Line Size:         64 bytes
00:00:00.991420 L1 Data Cache Lines Per Tag:     1
00:00:00.991420 L1 Data Cache Associativity:     8 way
00:00:00.991421 L1 Data Cache Size:              32 KB
00:00:00.991421 L2 TLB 2/4M Instr/Uni:           2 way   512 entries
00:00:00.991421 L2 TLB 2/4M Data:                4 way  2048 entries
00:00:00.991422 L2 TLB 4K Instr/Uni:             4 way   512 entries
00:00:00.991422 L2 TLB 4K Data:                  8 way  2048 entries
00:00:00.991422 L2 Cache Line Size:              64 bytes
00:00:00.991422 L2 Cache Lines Per Tag:          1
00:00:00.991422 L2 Cache Associativity:          res9  
00:00:00.991422 L2 Cache Size:                   256 KB
00:00:00.991423 APM Features:                   
00:00:00.991428 Host Invariant-TSC support:      true 
00:00:00.991434   CLZERO - Clear zero instruction (cacheline)             = 0 (0)
00:00:00.991435   IRPerf - Instructions retired count support             = 0 (0)
00:00:00.991435   XSaveErPtr - Save/restore error pointers (FXSAVE/RSTOR*) = 0 (0)
00:00:00.991435   IBPB - Supports the IBPB command in IA32_PRED_CMD       = 0 (1)
00:00:00.991436 Physical Address Width:          42 bits
00:00:00.991436 Virtual Address Width:           48 bits
00:00:00.991436 Guest Physical Address Width:    0 bits
00:00:00.991436 Physical Core Count:             1
00:00:00.991446 
00:00:00.991448 ******************** End of CPUID dump **********************
00:00:01.000640 PcBios: ATA LUN#1 LCHS=203/16/63
00:00:01.000680 APIC: fPostedIntrsEnabled=false fVirtApicRegsEnabled=false fSupportsTscDeadline=false
00:00:01.000689 TMR3UtcNow: nsNow=1 789 074 601 249 641 000 nsPrev=0 -> cNsDelta=1 789 074 601 249 641 000 (offLag=0 offVirtualSync=0 offVirtualSyncGivenUp=0, NowAgain=1 789 074 601 249 641 000)
00:00:01.000706 VMEmt: Halt method global1 (5)
00:00:01.000713 VMEmt: HaltedGlobal1 config: cNsSpinBlockThresholdCfg=2000
00:00:01.000718 Changing the VM state from 'CREATING' to 'CREATED'
00:00:01.002205 Changing the VM state from 'CREATED' to 'POWERING_ON'
00:00:01.002757 Changing the VM state from 'POWERING_ON' to 'RUNNING'
00:00:01.002765 Console: Machine state changed to 'Running'
00:00:01.006569 VMMDev: Guest Log: BIOS: VirtualBox 5.2.41
00:00:01.006936 PCI: setting up resources and interrupts
00:00:01.007480 PIT: mode=2 count=0x10000 (65536) - 18.20 Hz (ch=0)
00:00:01.022915 VMMDev: Guest Log: CPUID EDX: 0x078bf3bf
00:00:01.023112 PIIX3 ATA: Ctl#0: RESET, DevSel=1 AIOIf=0 CmdIf0=0x00 (-1 usec ago) CmdIf1=0x00 (-1 usec ago)
00:00:01.023312 PIIX3 ATA: Ctl#0: finished processing RESET
00:00:01.028998 VMMDev: Guest Log: BIOS: ata0-1: PCHS=203/16/63 LCHS=203/16/63
00:00:01.029279 Display::handleDisplayResize: uScreenId=0 pvVRAM=0000000000000000 w=720 h=400 bpp=0 cbLine=0x0 flags=0x0
00:00:01.029372 GUI: UIFrameBufferPrivate::NotifyChange: Screen=0, Origin=0x0, Size=720x400, Sending to async-handler
00:00:01.030927 PIIX3 ATA: Ctl#1: RESET, DevSel=0 AIOIf=0 CmdIf0=0x00 (-1 usec ago) CmdIf1=0x00 (-1 usec ago)
00:00:01.032214 PIIX3 ATA: Ctl#1: finished processing RESET
00:00:01.050162 PIT: mode=2 count=0x48d3 (18643) - 64.00 Hz (ch=0)
00:00:01.051247 Display::handleDisplayResize: uScreenId=0 pvVRAM=00007fe079f42000 w=640 h=480 bpp=32 cbLine=0xA00 flags=0x0
00:00:01.051317 GUI: UIFrameBufferPrivate::NotifyChange: Screen=0, Origin=0x0, Size=640x480, Sending to async-handler
00:00:01.513932 GUI: UIMachineViewNormal::resendSizeHint: Restoring guest size-hint for screen 0 to 800x600
00:00:01.513975 VMMDev: SetVideoModeHint: Got a video mode hint (800x600x32)@(0x0),(1;0) at 0
00:00:01.513993 GUI: UIMachineView::sltHandleNotifyChange: Screen=0, Size=720x400
00:00:01.513996 GUI: UIFrameBufferPrivate::handleNotifyChange: Size=720x400
00:00:01.513999 GUI: UIFrameBufferPrivate::performResize: Size=720x400, Directly using source bitmap content
00:00:01.514225 GUI: UIMachineView::sltHandleNotifyChange: Screen=0, Size=640x480
00:00:01.514230 GUI: UIFrameBufferPrivate::handleNotifyChange: Size=640x480
00:00:01.515220 GUI: 2D video acceleration is disabled
00:00:01.515226 GUI: HID LEDs sync is not supported on this platform
00:00:01.531573 GUI: UIMachineLogicNormal::sltCheckForRequestedVisualStateType: Requested-state=0, Machine-state=5
00:00:03.519577 PIT: mode=2 count=0x10000 (65536) - 18.20 Hz (ch=0)
00:00:03.519577 VMMDev: Guest Log: BIOS: Boot : bseqnr=1, bootseq=0023
00:00:03.527227 VMMDev: Guest Log: BIOS: Booting from CD-ROM...
00:00:03.542073 Display::handleDisplayResize: uScreenId=0 pvVRAM=0000000000000000 w=720 h=400 bpp=0 cbLine=0x0 flags=0x0
00:00:03.542139 GUI: UIFrameBufferPrivate::NotifyChange: Screen=0, Origin=0x0, Size=720x400, Sending to async-handler
00:00:03.542177 GUI: UIMachineView::sltHandleNotifyChange: Screen=0, Size=720x400
00:00:03.542181 GUI: UIFrameBufferPrivate::handleNotifyChange: Size=720x400
00:00:03.542194 GUI: UIFrameBufferPrivate::performResize: Size=720x400, Directly using source bitmap content
00:00:04.101677 PIT: mode=3 count=0x2e9b (11931) - 100.00 Hz (ch=0)
00:00:19.670464 GUI: UIMediumEnumerator: Medium-enumeration finished!
00:02:03.022170 TM: Giving up catch-up attempt at a 60 005 235 368 ns lag; new total: 60 005 235 368 ns
00:04:01.872025 TM: Giving up catch-up attempt at a 60 003 907 537 ns lag; new total: 120 009 142 905 ns
00:05:59.622167 TM: Giving up catch-up attempt at a 60 004 100 839 ns lag; new total: 180 013 243 744 ns
00:07:58.292062 TM: Giving up catch-up attempt at a 60 003 914 228 ns lag; new total: 240 017 157 972 ns
00:09:57.111903 TM: Giving up catch-up attempt at a 60 003 895 175 ns lag; new total: 300 021 053 147 ns
00:11:55.912634 TM: Giving up catch-up attempt at a 60 004 779 884 ns lag; new total: 360 025 833 031 ns
00:13:54.771747 TM: Giving up catch-up attempt at a 60 003 169 533 ns lag; new total: 420 029 002 564 ns
00:15:53.612249 TM: Giving up catch-up attempt at a 60 004 531 410 ns lag; new total: 480 033 533 974 ns
00:17:52.441853 TM: Giving up catch-up attempt at a 60 003 630 598 ns lag; new total: 540 037 164 572 ns
00:19:51.061918 TM: Giving up catch-up attempt at a 60 004 115 213 ns lag; new total: 600 041 279 785 ns
00:21:49.913133 TM: Giving up catch-up attempt at a 60 000 255 375 ns lag; new total: 660 041 535 160 ns
00:23:48.582116 TM: Giving up catch-up attempt at a 60 003 020 089 ns lag; new total: 720 044 555 249 ns
00:25:47.132308 TM: Giving up catch-up attempt at a 60 004 205 089 ns lag; new total: 780 048 760 338 ns
00:27:45.942134 TM: Giving up catch-up attempt at a 60 003 869 784 ns lag; new total: 840 052 630 122 ns
00:29:43.225083 TM: Giving up catch-up attempt at a 60 001 885 243 ns lag; new total: 900 054 515 365 ns
00:31:41.311802 TM: Giving up catch-up attempt at a 60 000 714 220 ns lag; new total: 960 055 229 585 ns
00:33:39.951982 TM: Giving up catch-up attempt at a 60 004 210 474 ns lag; new total: 1 020 059 440 059 ns
00:35:37.591949 TM: Giving up catch-up attempt at a 60 003 919 960 ns lag; new total: 1 080 063 360 019 ns
00:37:35.731920 TM: Giving up catch-up attempt at a 60 003 976 175 ns lag; new total: 1 140 067 336 194 ns
00:39:34.082183 TM: Giving up catch-up attempt at a 60 004 269 721 ns lag; new total: 1 200 071 605 915 ns
00:41:32.712149 TM: Giving up catch-up attempt at a 60 003 998 473 ns lag; new total: 1 260 075 604 388 ns
00:43:30.871822 TM: Giving up catch-up attempt at a 60 003 644 106 ns lag; new total: 1 320 079 248 494 ns
00:45:29.481982 TM: Giving up catch-up attempt at a 60 004 215 355 ns lag; new total: 1 380 083 463 849 ns
00:47:28.232025 TM: Giving up catch-up attempt at a 60 004 077 894 ns lag; new total: 1 440 087 541 743 ns
00:49:26.411915 TM: Giving up catch-up attempt at a 60 003 887 109 ns lag; new total: 1 500 091 428 852 ns
00:51:23.633272 TM: Giving up catch-up attempt at a 60 005 293 533 ns lag; new total: 1 560 096 722 385 ns
00:53:22.012275 TM: Giving up catch-up attempt at a 60 003 010 032 ns lag; new total: 1 620 099 732 417 ns
00:55:20.871815 TM: Giving up catch-up attempt at a 60 003 588 909 ns lag; new total: 1 680 103 321 326 ns
00:57:19.672040 TM: Giving up catch-up attempt at a 60 004 271 899 ns lag; new total: 1 740 107 593 225 ns
00:59:18.531909 TM: Giving up catch-up attempt at a 60 003 913 748 ns lag; new total: 1 800 111 506 973 ns
01:01:17.392183 TM: Giving up catch-up attempt at a 60 004 315 863 ns lag; new total: 1 860 115 822 836 ns
01:03:16.252066 TM: Giving up catch-up attempt at a 60 003 929 402 ns lag; new total: 1 920 119 752 238 ns
01:05:15.121949 TM: Giving up catch-up attempt at a 60 003 920 943 ns lag; new total: 1 980 123 673 181 ns
01:07:13.802167 TM: Giving up catch-up attempt at a 60 004 249 699 ns lag; new total: 2 040 127 922 880 ns
01:09:12.351993 TM: Giving up catch-up attempt at a 60 003 850 925 ns lag; new total: 2 100 131 773 805 ns
01:11:11.142037 TM: Giving up catch-up attempt at a 60 004 084 498 ns lag; new total: 2 160 135 858 303 ns
01:13:10.021730 TM: Giving up catch-up attempt at a 60 003 749 079 ns lag; new total: 2 220 139 607 382 ns
01:15:08.902292 TM: Giving up catch-up attempt at a 60 004 594 069 ns lag; new total: 2 280 144 201 451 ns
01:17:07.702213 TM: Giving up catch-up attempt at a 60 003 973 179 ns lag; new total: 2 340 148 174 630 ns
01:19:06.552109 TM: Giving up catch-up attempt at a 60 003 933 326 ns lag; new total: 2 400 152 107 956 ns
01:21:05.412376 TM: Giving up catch-up attempt at a 60 004 311 940 ns lag; new total: 2 460 156 419 896 ns
01:23:04.281989 TM: Giving up catch-up attempt at a 60 003 660 866 ns lag; new total: 2 520 160 080 762 ns
01:25:03.161905 TM: Giving up catch-up attempt at a 60 003 958 542 ns lag; new total: 2 580 164 039 304 ns
01:27:01.942005 TM: Giving up catch-up attempt at a 60 004 141 644 ns lag; new total: 2 640 168 180 948 ns
01:29:00.651884 TM: Giving up catch-up attempt at a 60 003 919 411 ns lag; new total: 2 700 172 100 359 ns
01:30:59.502649 TM: Giving up catch-up attempt at a 60 004 804 568 ns lag; new total: 2 760 176 904 927 ns
01:32:57.351880 TM: Giving up catch-up attempt at a 60 003 211 462 ns lag; new total: 2 820 180 116 389 ns
01:34:50.711964 TM: Giving up catch-up attempt at a 60 003 750 106 ns lag; new total: 2 880 183 866 495 ns
01:36:44.022155 TM: Giving up catch-up attempt at a 60 003 850 410 ns lag; new total: 2 940 187 716 905 ns
01:38:41.992053 TM: Giving up catch-up attempt at a 60 003 883 794 ns lag; new total: 3 000 191 600 699 ns
01:40:39.222216 TM: Giving up catch-up attempt at a 60 004 094 459 ns lag; new total: 3 060 195 695 158 ns
01:42:34.542648 TM: Giving up catch-up attempt at a 60 004 235 666 ns lag; new total: 3 120 199 930 824 ns
01:44:28.751717 TM: Giving up catch-up attempt at a 60 002 800 642 ns lag; new total: 3 180 202 731 466 ns
01:46:27.561958 TM: Giving up catch-up attempt at a 60 004 282 741 ns lag; new total: 3 240 207 014 207 ns
01:48:26.379496 TM: Giving up catch-up attempt at a 60 001 588 564 ns lag; new total: 3 300 208 602 771 ns
01:50:21.171829 TM: Giving up catch-up attempt at a 60 031 096 346 ns lag; new total: 3 360 239 699 117 ns
01:52:14.492287 TM: Giving up catch-up attempt at a 60 004 104 598 ns lag; new total: 3 420 243 803 715 ns
01:54:12.762253 TM: Giving up catch-up attempt at a 60 003 974 216 ns lag; new total: 3 480 247 777 931 ns
01:56:11.411824 TM: Giving up catch-up attempt at a 60 003 598 215 ns lag; new total: 3 540 251 376 146 ns
01:58:10.112394 TM: Giving up catch-up attempt at a 60 004 601 540 ns lag; new total: 3 600 255 977 686 ns
02:00:08.362226 TM: Giving up catch-up attempt at a 60 003 840 236 ns lag; new total: 3 660 259 817 922 ns
02:02:06.622258 TM: Giving up catch-up attempt at a 60 004 033 113 ns lag; new total: 3 720 263 851 035 ns
02:04:04.442476 TM: Giving up catch-up attempt at a 60 004 150 991 ns lag; new total: 3 780 268 002 026 ns
02:06:00.362191 TM: Giving up catch-up attempt at a 60 003 599 108 ns lag; new total: 3 840 271 601 134 ns
02:07:58.062136 TM: Giving up catch-up attempt at a 60 003 919 264 ns lag; new total: 3 900 275 520 398 ns
02:09:56.881862 TM: Giving up catch-up attempt at a 60 003 762 844 ns lag; new total: 3 960 279 283 242 ns
02:11:55.641854 TM: Giving up catch-up attempt at a 60 004 029 440 ns lag; new total: 4 020 283 312 682 ns
02:13:54.181864 TM: Giving up catch-up attempt at a 60 004 030 558 ns lag; new total: 4 080 287 343 240 ns
02:15:52.922605 TM: Giving up catch-up attempt at a 60 004 774 960 ns lag; new total: 4 140 292 118 200 ns
02:17:51.292040 TM: Giving up catch-up attempt at a 60 006 082 903 ns lag; new total: 4 200 298 201 103 ns
02:19:49.442281 TM: Giving up catch-up attempt at a 60 001 600 718 ns lag; new total: 4 260 299 801 821 ns
02:21:48.242936 TM: Giving up catch-up attempt at a 60 004 647 702 ns lag; new total: 4 320 304 449 523 ns
02:23:46.762156 TM: Giving up catch-up attempt at a 60 003 293 972 ns lag; new total: 4 380 307 743 495 ns
02:25:45.552611 TM: Giving up catch-up attempt at a 60 004 487 216 ns lag; new total: 4 440 312 230 711 ns
02:27:44.332175 TM: Giving up catch-up attempt at a 60 003 607 138 ns lag; new total: 4 500 315 837 849 ns
02:29:43.192089 TM: Giving up catch-up attempt at a 60 003 962 843 ns lag; new total: 4 560 319 800 692 ns
02:31:41.842142 TM: Giving up catch-up attempt at a 60 004 083 655 ns lag; new total: 4 620 323 884 347 ns
02:33:40.622056 TM: Giving up catch-up attempt at a 60 003 950 639 ns lag; new total: 4 680 327 834 986 ns
02:35:39.071952 TM: Giving up catch-up attempt at a 60 003 912 079 ns lag; new total: 4 740 331 747 065 ns
02:37:37.872665 TM: Giving up catch-up attempt at a 60 004 757 906 ns lag; new total: 4 800 336 504 971 ns
02:39:36.731949 TM: Giving up catch-up attempt at a 60 003 329 392 ns lag; new total: 4 860 339 834 363 ns
02:41:35.532273 TM: Giving up catch-up attempt at a 60 004 364 367 ns lag; new total: 4 920 344 198 730 ns
02:43:34.332633 TM: Giving up catch-up attempt at a 60 004 411 525 ns lag; new total: 4 980 348 610 255 ns
02:45:33.192007 TM: Giving up catch-up attempt at a 60 003 414 737 ns lag; new total: 5 040 352 024 992 ns
02:47:32.041987 TM: Giving up catch-up attempt at a 60 004 026 139 ns lag; new total: 5 100 356 051 131 ns
02:49:30.662207 TM: Giving up catch-up attempt at a 60 004 251 491 ns lag; new total: 5 160 360 302 622 ns
02:51:29.511920 TM: Giving up catch-up attempt at a 60 003 751 687 ns lag; new total: 5 220 364 054 309 ns
02:53:28.322066 TM: Giving up catch-up attempt at a 60 004 191 636 ns lag; new total: 5 280 368 245 945 ns
02:55:27.172592 TM: Giving up catch-up attempt at a 60 004 489 021 ns lag; new total: 5 340 372 734 966 ns
02:57:25.951968 TM: Giving up catch-up attempt at a 60 003 488 973 ns lag; new total: 5 400 376 223 939 ns
02:59:24.812050 TM: Giving up catch-up attempt at a 60 004 132 418 ns lag; new total: 5 460 380 356 357 ns
03:01:23.652135 TM: Giving up catch-up attempt at a 60 004 128 354 ns lag; new total: 5 520 384 484 711 ns
03:03:22.481994 TM: Giving up catch-up attempt at a 60 003 903 948 ns lag; new total: 5 580 388 388 659 ns
03:05:21.195572 TM: Giving up catch-up attempt at a 60 002 547 546 ns lag; new total: 5 640 390 936 205 ns
03:07:19.991920 TM: Giving up catch-up attempt at a 60 000 446 450 ns lag; new total: 5 700 391 382 655 ns
03:09:18.812204 TM: Giving up catch-up attempt at a 60 004 329 219 ns lag; new total: 5 760 395 711 874 ns
03:11:17.662043 TM: Giving up catch-up attempt at a 60 003 884 798 ns lag; new total: 5 820 399 596 672 ns
03:13:16.532509 TM: Giving up catch-up attempt at a 60 004 516 647 ns lag; new total: 5 880 404 113 319 ns
03:15:15.322166 TM: Giving up catch-up attempt at a 60 003 689 737 ns lag; new total: 5 940 407 803 056 ns
03:17:14.142083 TM: Giving up catch-up attempt at a 60 003 968 217 ns lag; new total: 6 000 411 771 273 ns
03:19:12.991919 TM: Giving up catch-up attempt at a 60 003 875 688 ns lag; new total: 6 060 415 646 961 ns
03:21:11.822105 TM: Giving up catch-up attempt at a 60 004 233 644 ns lag; new total: 6 120 419 880 605 ns
03:23:10.652250 TM: Giving up catch-up attempt at a 60 004 186 622 ns lag; new total: 6 180 424 067 227 ns
03:25:09.452066 TM: Giving up catch-up attempt at a 60 003 846 790 ns lag; new total: 6 240 427 914 017 ns
03:27:08.332179 TM: Giving up catch-up attempt at a 60 004 165 866 ns lag; new total: 6 300 432 079 883 ns
03:29:07.162145 TM: Giving up catch-up attempt at a 60 004 013 123 ns lag; new total: 6 360 436 093 006 ns
03:31:06.011783 TM: Giving up catch-up attempt at a 60 003 680 126 ns lag; new total: 6 420 439 773 132 ns
03:33:04.871873 TM: Giving up catch-up attempt at a 60 004 134 121 ns lag; new total: 6 480 443 907 253 ns
03:35:03.672013 TM: Giving up catch-up attempt at a 60 004 183 858 ns lag; new total: 6 540 448 091 111 ns
03:37:02.392101 TM: Giving up catch-up attempt at a 60 004 122 562 ns lag; new total: 6 600 452 213 673 ns
03:39:01.231754 TM: Giving up catch-up attempt at a 60 003 694 850 ns lag; new total: 6 660 455 908 523 ns
03:41:00.081941 TM: Giving up catch-up attempt at a 60 004 222 653 ns lag; new total: 6 720 460 131 176 ns
03:42:58.941942 TM: Giving up catch-up attempt at a 60 004 056 902 ns lag; new total: 6 780 464 188 078 ns
03:44:57.751772 TM: Giving up catch-up attempt at a 60 003 867 347 ns lag; new total: 6 840 468 055 425 ns
03:46:56.581811 TM: Giving up catch-up attempt at a 60 004 080 952 ns lag; new total: 6 900 472 136 377 ns
03:48:55.451835 TM: Giving up catch-up attempt at a 60 004 075 355 ns lag; new total: 6 960 476 211 732 ns
03:50:54.311837 TM: Giving up catch-up attempt at a 60 004 042 383 ns lag; new total: 7 020 480 254 115 ns
03:52:53.122010 TM: Giving up catch-up attempt at a 60 004 215 642 ns lag; new total: 7 080 484 469 757 ns
03:54:51.971965 TM: Giving up catch-up attempt at a 60 004 002 873 ns lag; new total: 7 140 488 472 630 ns
03:56:50.771831 TM: Giving up catch-up attempt at a 60 003 905 176 ns lag; new total: 7 200 492 377 806 ns
03:58:49.612015 TM: Giving up catch-up attempt at a 60 004 227 228 ns lag; new total: 7 260 496 605 034 ns
04:00:48.482098 TM: Giving up catch-up attempt at a 60 004 127 761 ns lag; new total: 7 320 500 732 795 ns
04:02:47.331937 TM: Giving up catch-up attempt at a 60 003 886 664 ns lag; new total: 7 380 504 619 459 ns
04:04:46.171981 TM: Giving up catch-up attempt at a 60 004 081 782 ns lag; new total: 7 440 508 701 241 ns
04:06:44.842187 TM: Giving up catch-up attempt at a 60 004 241 797 ns lag; new total: 7 500 512 943 038 ns
04:08:43.652245 TM: Giving up catch-up attempt at a 60 004 097 221 ns lag; new total: 7 560 517 040 259 ns
04:10:42.512183 TM: Giving up catch-up attempt at a 60 001 547 686 ns lag; new total: 7 620 518 587 945 ns
04:12:41.312154 TM: Giving up catch-up attempt at a 60 001 449 280 ns lag; new total: 7 680 520 037 225 ns
04:14:40.162218 TM: Giving up catch-up attempt at a 60 004 110 181 ns lag; new total: 7 740 524 147 406 ns
04:16:38.941904 TM: Giving up catch-up attempt at a 60 003 725 246 ns lag; new total: 7 800 527 872 652 ns
04:18:37.791775 TM: Giving up catch-up attempt at a 60 003 918 356 ns lag; new total: 7 860 531 791 008 ns
04:20:36.642003 TM: Giving up catch-up attempt at a 60 004 268 069 ns lag; new total: 7 920 536 059 077 ns
04:22:35.511871 TM: Giving up catch-up attempt at a 60 003 918 830 ns lag; new total: 7 980 539 977 907 ns
04:24:34.362269 TM: Giving up catch-up attempt at a 60 004 436 593 ns lag; new total: 8 040 544 414 500 ns
04:26:33.182183 TM: Giving up catch-up attempt at a 60 003 962 524 ns lag; new total: 8 100 548 377 024 ns
04:28:32.011984 TM: Giving up catch-up attempt at a 60 003 839 240 ns lag; new total: 8 160 552 216 264 ns
04:30:30.872364 TM: Giving up catch-up attempt at a 60 004 421 289 ns lag; new total: 8 220 556 637 553 ns
04:32:29.731799 TM: Giving up catch-up attempt at a 60 003 488 736 ns lag; new total: 8 280 560 126 289 ns
04:34:28.562086 TM: Giving up catch-up attempt at a 60 004 325 144 ns lag; new total: 8 340 564 451 433 ns
04:36:27.361952 TM: Giving up catch-up attempt at a 60 003 903 303 ns lag; new total: 8 400 568 354 736 ns
04:38:26.132139 TM: Giving up catch-up attempt at a 60 004 230 806 ns lag; new total: 8 460 572 585 542 ns
04:40:24.982050 TM: Giving up catch-up attempt at a 60 003 951 898 ns lag; new total: 8 520 576 537 440 ns
04:42:23.851923 TM: Giving up catch-up attempt at a 60 003 925 138 ns lag; new total: 8 580 580 462 578 ns
04:44:22.691882 TM: Giving up catch-up attempt at a 60 004 001 367 ns lag; new total: 8 640 584 463 945 ns
04:46:21.579628 TM: Giving up catch-up attempt at a 60 001 579 474 ns lag; new total: 8 700 586 043 419 ns
04:48:20.382227 TM: Giving up catch-up attempt at a 60 001 844 544 ns lag; new total: 8 760 587 887 963 ns
04:50:19.252023 TM: Giving up catch-up attempt at a 60 003 842 340 ns lag; new total: 8 820 591 730 303 ns
04:52:18.082110 TM: Giving up catch-up attempt at a 60 004 139 252 ns lag; new total: 8 880 595 869 555 ns
04:54:16.922051 TM: Giving up catch-up attempt at a 60 003 984 611 ns lag; new total: 8 940 599 854 166 ns
04:56:15.772231 TM: Giving up catch-up attempt at a 60 004 217 495 ns lag; new total: 9 000 604 071 661 ns
04:58:14.592092 TM: Giving up catch-up attempt at a 60 003 904 178 ns lag; new total: 9 060 607 975 839 ns
05:00:13.431825 TM: Giving up catch-up attempt at a 60 003 781 493 ns lag; new total: 9 120 611 757 332 ns
05:02:12.302085 TM: Giving up catch-up attempt at a 60 004 300 755 ns lag; new total: 9 180 616 058 087 ns
05:04:11.132051 TM: Giving up catch-up attempt at a 60 004 014 227 ns lag; new total: 9 240 620 072 314 ns
05:06:09.971956 TM: Giving up catch-up attempt at a 60 003 942 519 ns lag; new total: 9 300 624 014 833 ns
05:08:08.751966 TM: Giving up catch-up attempt at a 60 004 051 913 ns lag; new total: 9 360 628 066 746 ns
05:10:07.612031 TM: Giving up catch-up attempt at a 60 004 112 090 ns lag; new total: 9 420 632 178 836 ns
05:12:06.471914 TM: Giving up catch-up attempt at a 60 003 939 063 ns lag; new total: 9 480 636 117 899 ns
05:14:05.321925 TM: Giving up catch-up attempt at a 60 004 044 129 ns lag; new total: 9 540 640 162 028 ns
05:16:04.152140 TM: Giving up catch-up attempt at a 60 004 252 251 ns lag; new total: 9 600 644 414 279 ns
05:18:02.972282 TM: Giving up catch-up attempt at a 60 004 184 931 ns lag; new total: 9 660 648 599 210 ns
05:20:01.782024 TM: Giving up catch-up attempt at a 60 003 793 153 ns lag; new total: 9 720 652 392 363 ns
05:22:00.651960 TM: Giving up catch-up attempt at a 60 005 977 903 ns lag; new total: 9 780 658 370 266 ns
05:23:59.492005 TM: Giving up catch-up attempt at a 60 002 093 069 ns lag; new total: 9 840 660 463 335 ns
05:25:58.342188 TM: Giving up catch-up attempt at a 60 004 222 431 ns lag; new total: 9 900 664 685 766 ns
05:27:57.191852 TM: Giving up catch-up attempt at a 60 003 713 144 ns lag; new total: 9 960 668 398 910 ns
05:29:55.992055 TM: Giving up catch-up attempt at a 60 004 240 180 ns lag; new total: 10 020 672 639 090 ns
05:31:54.841860 TM: Giving up catch-up attempt at a 60 003 848 672 ns lag; new total: 10 080 676 487 762 ns
05:33:53.692103 TM: Giving up catch-up attempt at a 60 004 283 817 ns lag; new total: 10 140 680 771 579 ns
05:35:52.491570 TM: Giving up catch-up attempt at a 60 003 522 457 ns lag; new total: 10 200 684 294 036 ns
05:37:51.332149 TM: Giving up catch-up attempt at a 60 004 611 974 ns lag; new total: 10 260 688 906 010 ns
05:39:50.132171 TM: Giving up catch-up attempt at a 60 004 056 725 ns lag; new total: 10 320 692 962 735 ns
05:41:48.941926 TM: Giving up catch-up attempt at a 60 003 804 879 ns lag; new total: 10 380 696 767 614 ns
05:43:47.792242 TM: Giving up catch-up attempt at a 60 004 354 140 ns lag; new total: 10 440 701 121 754 ns
05:45:46.662034 TM: Giving up catch-up attempt at a 60 003 843 881 ns lag; new total: 10 500 704 965 635 ns
05:47:45.511987 TM: Giving up catch-up attempt at a 60 003 999 371 ns lag; new total: 10 560 708 965 006 ns
05:49:44.311772 TM: Giving up catch-up attempt at a 60 003 826 069 ns lag; new total: 10 620 712 791 075 ns
05:51:42.871782 TM: Giving up catch-up attempt at a 60 004 024 263 ns lag; new total: 10 680 716 815 338 ns
05:53:41.622088 TM: Giving up catch-up attempt at a 60 004 344 669 ns lag; new total: 10 740 721 160 007 ns
05:55:38.372014 TM: Giving up catch-up attempt at a 60 003 824 688 ns lag; new total: 10 800 724 984 695 ns
05:57:36.931878 TM: Giving up catch-up attempt at a 60 003 887 630 ns lag; new total: 10 860 728 872 325 ns
05:59:35.712045 TM: Giving up catch-up attempt at a 60 004 206 889 ns lag; new total: 10 920 733 079 214 ns
06:01:34.492721 TM: Giving up catch-up attempt at a 60 004 713 147 ns lag; new total: 10 980 737 792 361 ns
06:03:32.611981 TM: Giving up catch-up attempt at a 60 003 212 531 ns lag; new total: 11 040 741 004 892 ns
06:05:25.582631 TM: Giving up catch-up attempt at a 60 004 312 922 ns lag; new total: 11 100 745 317 814 ns
06:07:14.455622 TM: Giving up catch-up attempt at a 60 001 388 862 ns lag; new total: 11 160 746 706 676 ns
06:09:05.942926 TM: Giving up catch-up attempt at a 60 000 823 357 ns lag; new total: 11 220 747 530 033 ns
06:11:04.611875 TM: Giving up catch-up attempt at a 60 002 982 983 ns lag; new total: 11 280 750 513 016 ns
06:13:03.171916 TM: Giving up catch-up attempt at a 60 004 066 321 ns lag; new total: 11 340 754 579 337 ns
06:15:01.942680 TM: Giving up catch-up attempt at a 60 004 799 783 ns lag; new total: 11 400 759 379 120 ns
06:17:00.751890 TM: Giving up catch-up attempt at a 60 003 253 773 ns lag; new total: 11 460 762 632 893 ns
06:18:59.592545 TM: Giving up catch-up attempt at a 60 004 703 345 ns lag; new total: 11 520 767 336 238 ns
06:20:58.442264 TM: Giving up catch-up attempt at a 60 003 758 339 ns lag; new total: 11 580 771 094 577 ns
06:22:57.252247 TM: Giving up catch-up attempt at a 60 004 024 371 ns lag; new total: 11 640 775 118 948 ns
06:24:56.122270 TM: Giving up catch-up attempt at a 60 004 067 854 ns lag; new total: 11 700 779 186 802 ns
06:26:54.879612 TM: Giving up catch-up attempt at a 60 001 398 814 ns lag; new total: 11 760 780 585 616 ns
06:28:53.711824 TM: Giving up catch-up attempt at a 60 001 238 837 ns lag; new total: 11 820 781 824 453 ns
06:30:52.442166 TM: Giving up catch-up attempt at a 60 004 378 241 ns lag; new total: 11 880 786 202 694 ns
06:32:51.261779 TM: Giving up catch-up attempt at a 60 003 658 062 ns lag; new total: 11 940 789 860 756 ns
06:34:50.022037 TM: Giving up catch-up attempt at a 60 004 288 859 ns lag; new total: 12 000 794 149 615 ns
06:36:48.292719 TM: Giving up catch-up attempt at a 60 004 691 044 ns lag; new total: 12 060 798 840 659 ns
06:38:47.122017 TM: Giving up catch-up attempt at a 60 003 338 074 ns lag; new total: 12 120 802 178 733 ns
06:40:45.963058 TM: Giving up catch-up attempt at a 60 000 092 595 ns lag; new total: 12 180 802 271 328 ns
06:42:44.551904 TM: Giving up catch-up attempt at a 60 002 863 214 ns lag; new total: 12 240 805 134 542 ns
06:44:43.412223 TM: Giving up catch-up attempt at a 60 004 372 820 ns lag; new total: 12 300 809 507 362 ns
06:46:42.192122 TM: Giving up catch-up attempt at a 60 003 937 312 ns lag; new total: 12 360 813 444 674 ns
06:48:40.992066 TM: Giving up catch-up attempt at a 60 003 984 414 ns lag; new total: 12 420 817 429 088 ns
06:50:39.842003 TM: Giving up catch-up attempt at a 60 003 979 419 ns lag; new total: 12 480 821 408 507 ns
06:52:38.691939 TM: Giving up catch-up attempt at a 60 003 982 613 ns lag; new total: 12 540 825 391 120 ns
06:54:37.541866 TM: Giving up catch-up attempt at a 60 003 968 110 ns lag; new total: 12 600 829 359 230 ns
06:56:36.361849 TM: Giving up catch-up attempt at a 60 004 036 341 ns lag; new total: 12 660 833 395 571 ns
06:58:35.152182 TM: Giving up catch-up attempt at a 60 004 370 952 ns lag; new total: 12 720 837 766 523 ns
07:00:33.782175 TM: Giving up catch-up attempt at a 60 004 010 549 ns lag; new total: 12 780 841 777 072 ns
07:02:32.632208 TM: Giving up catch-up attempt at a 60 004 059 348 ns lag; new total: 12 840 845 836 420 ns
07:04:31.462253 TM: Giving up catch-up attempt at a 60 004 113 436 ns lag; new total: 12 900 849 949 856 ns
07:06:29.642036 TM: Giving up catch-up attempt at a 60 003 774 714 ns lag; new total: 12 960 853 724 570 ns
07:08:26.752319 TM: Giving up catch-up attempt at a 60 004 214 160 ns lag; new total: 13 020 857 938 730 ns
07:10:25.561822 TM: Giving up catch-up attempt at a 60 003 541 320 ns lag; new total: 13 080 861 480 050 ns
07:12:24.382016 TM: Giving up catch-up attempt at a 60 004 237 403 ns lag; new total: 13 140 865 717 453 ns
07:14:23.221829 TM: Giving up catch-up attempt at a 60 003 860 127 ns lag; new total: 13 200 869 577 580 ns
07:16:22.072002 TM: Giving up catch-up attempt at a 60 004 213 282 ns lag; new total: 13 260 873 790 862 ns
07:18:20.871951 TM: Giving up catch-up attempt at a 60 004 319 599 ns lag; new total: 13 320 878 110 461 ns
07:20:19.732311 TM: Giving up catch-up attempt at a 60 004 077 669 ns lag; new total: 13 380 882 188 130 ns
07:22:18.562209 TM: Giving up catch-up attempt at a 60 003 946 925 ns lag; new total: 13 440 886 135 055 ns
07:24:17.401788 TM: Giving up catch-up attempt at a 60 003 619 090 ns lag; new total: 13 500 889 754 145 ns
07:26:16.231843 TM: Giving up catch-up attempt at a 60 004 094 406 ns lag; new total: 13 560 893 848 551 ns
07:28:15.032112 TM: Giving up catch-up attempt at a 60 004 310 737 ns lag; new total: 13 620 898 159 288 ns
07:30:13.902132 TM: Giving up catch-up attempt at a 60 004 065 206 ns lag; new total: 13 680 902 224 494 ns
07:32:12.732006 TM: Giving up catch-up attempt at a 60 003 922 156 ns lag; new total: 13 740 906 146 650 ns
07:34:11.482242 TM: Giving up catch-up attempt at a 60 004 274 094 ns lag; new total: 13 800 910 420 744 ns
07:36:09.971969 TM: Giving up catch-up attempt at a 60 003 741 727 ns lag; new total: 13 860 914 162 471 ns
07:38:08.721886 TM: Giving up catch-up attempt at a 60 003 948 901 ns lag; new total: 13 920 918 111 372 ns
07:40:07.531832 TM: Giving up catch-up attempt at a 60 003 992 025 ns lag; new total: 13 980 922 103 397 ns
07:42:06.312215 TM: Giving up catch-up attempt at a 60 004 419 056 ns lag; new total: 14 040 926 522 453 ns
07:44:05.092521 TM: Giving up catch-up attempt at a 60 004 346 670 ns lag; new total: 14 100 930 869 123 ns
07:46:03.922317 TM: Giving up catch-up attempt at a 60 003 834 425 ns lag; new total: 14 160 934 703 548 ns
07:48:02.741858 TM: Giving up catch-up attempt at a 60 003 594 449 ns lag; new total: 14 220 938 297 997 ns
07:50:01.451989 TM: Giving up catch-up attempt at a 60 004 163 055 ns lag; new total: 14 280 942 461 052 ns
07:52:00.252037 TM: Giving up catch-up attempt at a 60 004 091 051 ns lag; new total: 14 340 946 552 103 ns
07:53:59.062004 TM: Giving up catch-up attempt at a 60 004 010 955 ns lag; new total: 14 400 950 563 058 ns
07:55:57.922247 TM: Giving up catch-up attempt at a 60 004 281 149 ns lag; new total: 14 460 954 844 207 ns
07:57:56.752289 TM: Giving up catch-up attempt at a 60 004 088 231 ns lag; new total: 14 520 958 932 438 ns
07:59:55.552153 TM: Giving up catch-up attempt at a 60 003 890 768 ns lag; new total: 14 580 962 823 206 ns
08:01:54.292350 TM: Giving up catch-up attempt at a 60 004 238 874 ns lag; new total: 14 640 967 062 080 ns
08:03:53.141839 TM: Giving up catch-up attempt at a 60 003 543 551 ns lag; new total: 14 700 970 605 631 ns
08:05:51.892300 TM: Giving up catch-up attempt at a 60 004 492 904 ns lag; new total: 14 760 975 098 535 ns
08:07:49.752297 TM: Giving up catch-up attempt at a 60 003 973 690 ns lag; new total: 14 820 979 072 225 ns
08:09:48.511947 TM: Giving up catch-up attempt at a 60 003 688 366 ns lag; new total: 14 880 982 760 591 ns
08:11:47.291957 TM: Giving up catch-up attempt at a 60 004 052 011 ns lag; new total: 14 940 986 812 602 ns
08:13:46.072517 TM: Giving up catch-up attempt at a 60 004 601 491 ns lag; new total: 15 000 991 414 093 ns
08:15:44.922079 TM: Giving up catch-up attempt at a 60 003 605 254 ns lag; new total: 15 060 995 019 347 ns
08:17:43.772227 TM: Giving up catch-up attempt at a 60 004 190 150 ns lag; new total: 15 120 999 209 497 ns
08:19:42.541912 TM: Giving up catch-up attempt at a 60 003 726 671 ns lag; new total: 15 181 002 936 168 ns
08:21:41.211823 TM: Giving up catch-up attempt at a 60 003 941 516 ns lag; new total: 15 241 006 877 684 ns
08:23:40.032024 TM: Giving up catch-up attempt at a 60 004 243 791 ns lag; new total: 15 301 011 121 475 ns
08:25:38.861982 TM: Giving up catch-up attempt at a 60 003 981 374 ns lag; new total: 15 361 015 102 849 ns
08:27:37.712118 TM: Giving up catch-up attempt at a 60 004 205 131 ns lag; new total: 15 421 019 307 980 ns
08:29:36.521956 TM: Giving up catch-up attempt at a 60 003 870 622 ns lag; new total: 15 481 023 178 602 ns
08:31:35.312151 TM: Giving up catch-up attempt at a 60 004 237 597 ns lag; new total: 15 541 027 416 199 ns
08:33:34.151825 TM: Giving up catch-up attempt at a 60 003 720 414 ns lag; new total: 15 601 031 136 613 ns
08:35:32.941939 TM: Giving up catch-up attempt at a 60 004 149 798 ns lag; new total: 15 661 035 286 411 ns
08:37:31.302423 TM: Giving up catch-up attempt at a 60 004 495 098 ns lag; new total: 15 721 039 781 509 ns
08:39:30.112624 TM: Giving up catch-up attempt at a 60 004 243 071 ns lag; new total: 15 781 044 024 580 ns
08:41:28.852179 TM: Giving up catch-up attempt at a 60 003 596 036 ns lag; new total: 15 841 047 620 616 ns
08:43:27.672196 TM: Giving up catch-up attempt at a 60 004 061 159 ns lag; new total: 15 901 051 681 775 ns
08:45:26.471895 TM: Giving up catch-up attempt at a 60 003 734 519 ns lag; new total: 15 961 055 416 294 ns
08:47:25.302060 TM: Giving up catch-up attempt at a 60 004 207 682 ns lag; new total: 16 021 059 623 976 ns
08:49:24.121870 TM: Giving up catch-up attempt at a 60 003 858 306 ns lag; new total: 16 081 063 482 282 ns
08:51:22.892045 TM: Giving up catch-up attempt at a 60 004 207 460 ns lag; new total: 16 141 067 689 742 ns
08:53:21.712167 TM: Giving up catch-up attempt at a 60 004 164 772 ns lag; new total: 16 201 071 854 514 ns
08:55:20.462010 TM: Giving up catch-up attempt at a 60 003 882 310 ns lag; new total: 16 261 075 736 824 ns
08:57:19.242083 TM: Giving up catch-up attempt at a 60 004 115 246 ns lag; new total: 16 321 079 852 070 ns
08:59:18.082092 TM: Giving up catch-up attempt at a 60 004 051 918 ns lag; new total: 16 381 083 903 988 ns
09:01:16.801957 TM: Giving up catch-up attempt at a 60 003 899 724 ns lag; new total: 16 441 087 803 712 ns
09:03:15.682228 TM: Giving up catch-up attempt at a 60 004 318 651 ns lag; new total: 16 501 092 122 363 ns
09:05:14.532229 TM: Giving up catch-up attempt at a 60 004 044 413 ns lag; new total: 16 561 096 166 776 ns
09:07:12.501912 TM: Giving up catch-up attempt at a 60 003 664 312 ns lag; new total: 16 621 099 831 088 ns
09:09:11.182252 TM: Giving up catch-up attempt at a 60 004 371 537 ns lag; new total: 16 681 104 202 625 ns
09:11:09.622323 TM: Giving up catch-up attempt at a 60 004 086 105 ns lag; new total: 16 741 108 288 730 ns
09:13:08.461845 TM: Giving up catch-up attempt at a 60 003 573 177 ns lag; new total: 16 801 111 861 907 ns
09:15:07.282061 TM: Giving up catch-up attempt at a 60 004 253 277 ns lag; new total: 16 861 116 115 184 ns
09:17:06.121768 TM: Giving up catch-up attempt at a 60 003 753 212 ns lag; new total: 16 921 119 868 396 ns
09:19:04.981874 TM: Giving up catch-up attempt at a 60 004 148 545 ns lag; new total: 16 981 124 016 941 ns
09:21:03.751892 TM: Giving up catch-up attempt at a 60 004 055 612 ns lag; new total: 17 041 128 072 553 ns
09:23:02.562250 TM: Giving up catch-up attempt at a 60 004 405 229 ns lag; new total: 17 101 132 477 782 ns
09:25:01.381826 TM: Giving up catch-up attempt at a 60 003 620 429 ns lag; new total: 17 161 136 098 211 ns
09:27:00.131877 TM: Giving up catch-up attempt at a 60 004 081 817 ns lag; new total: 17 221 140 180 028 ns
09:28:58.982156 TM: Giving up catch-up attempt at a 60 004 318 887 ns lag; new total: 17 281 144 498 915 ns
09:30:57.792059 TM: Giving up catch-up attempt at a 60 003 951 314 ns lag; new total: 17 341 148 450 229 ns
09:32:56.532027 TM: Giving up catch-up attempt at a 60 004 011 140 ns lag; new total: 17 401 152 461 369 ns
09:34:55.311991 TM: Giving up catch-up attempt at a 60 003 994 509 ns lag; new total: 17 461 156 455 878 ns
09:36:53.982340 TM: Giving up catch-up attempt at a 60 004 380 871 ns lag; new total: 17 521 160 836 749 ns
09:38:52.772193 TM: Giving up catch-up attempt at a 60 003 892 550 ns lag; new total: 17 581 164 729 299 ns
09:40:51.592154 TM: Giving up catch-up attempt at a 60 004 009 889 ns lag; new total: 17 641 168 739 188 ns
09:42:50.261811 TM: Giving up catch-up attempt at a 60 003 689 653 ns lag; new total: 17 701 172 428 841 ns
09:44:49.141959 TM: Giving up catch-up attempt at a 60 004 168 623 ns lag; new total: 17 761 176 597 464 ns
09:46:47.941886 TM: Giving up catch-up attempt at a 60 003 989 444 ns lag; new total: 17 821 180 586 908 ns
09:48:46.761802 TM: Giving up catch-up attempt at a 60 003 964 491 ns lag; new total: 17 881 184 551 399 ns
09:50:45.581823 TM: Giving up catch-up attempt at a 60 004 058 154 ns lag; new total: 17 941 188 609 553 ns
09:52:44.242052 TM: Giving up catch-up attempt at a 60 004 258 357 ns lag; new total: 18 001 192 867 910 ns
09:54:43.072901 TM: Giving up catch-up attempt at a 60 004 892 137 ns lag; new total: 18 061 197 760 047 ns
09:56:41.741780 TM: Giving up catch-up attempt at a 60 002 915 255 ns lag; new total: 18 121 200 675 302 ns
09:58:40.522023 TM: Giving up catch-up attempt at a 60 004 276 582 ns lag; new total: 18 181 204 951 884 ns
10:00:39.272326 TM: Giving up catch-up attempt at a 60 004 342 675 ns lag; new total: 18 241 209 294 559 ns
10:02:37.981955 TM: Giving up catch-up attempt at a 60 003 663 588 ns lag; new total: 18 301 212 958 147 ns
10:04:36.532059 TM: Giving up catch-up attempt at a 60 004 124 761 ns lag; new total: 18 361 217 082 908 ns
10:06:34.802007 TM: Giving up catch-up attempt at a 60 003 939 172 ns lag; new total: 18 421 221 022 080 ns
10:08:33.221971 TM: Giving up catch-up attempt at a 60 007 350 205 ns lag; new total: 18 481 228 372 285 ns
10:10:31.582132 TM: Giving up catch-up attempt at a 60 000 815 021 ns lag; new total: 18 541 229 187 306 ns
10:12:29.372328 TM: Giving up catch-up attempt at a 60 004 168 971 ns lag; new total: 18 601 233 356 277 ns
10:14:27.732313 TM: Giving up catch-up attempt at a 60 003 995 389 ns lag; new total: 18 661 237 351 666 ns
10:16:26.482139 TM: Giving up catch-up attempt at a 60 003 864 800 ns lag; new total: 18 721 241 216 466 ns
10:18:25.241856 TM: Giving up catch-up attempt at a 60 006 799 532 ns lag; new total: 18 781 248 015 998 ns
10:20:23.991986 TM: Giving up catch-up attempt at a 60 001 120 399 ns lag; new total: 18 841 249 136 397 ns
10:22:22.772305 TM: Giving up catch-up attempt at a 60 004 359 729 ns lag; new total: 18 901 253 496 126 ns
10:24:21.382216 TM: Giving up catch-up attempt at a 60 003 939 724 ns lag; new total: 18 961 257 435 850 ns
10:26:20.031979 TM: Giving up catch-up attempt at a 60 003 792 850 ns lag; new total: 19 021 261 228 700 ns
10:28:18.781778 TM: Giving up catch-up attempt at a 60 003 836 729 ns lag; new total: 19 081 265 065 429 ns
10:30:17.612336 TM: Giving up catch-up attempt at a 60 004 600 465 ns lag; new total: 19 141 269 665 894 ns
10:32:16.212333 TM: Giving up catch-up attempt at a 60 004 024 668 ns lag; new total: 19 201 273 690 562 ns
10:34:14.962104 TM: Giving up catch-up attempt at a 60 003 810 904 ns lag; new total: 19 261 277 501 466 ns
10:36:12.977727 TM: Giving up catch-up attempt at a 60 009 606 807 ns lag; new total: 19 321 287 108 273 ns
10:38:11.241812 TM: Giving up catch-up attempt at a 60 003 091 128 ns lag; new total: 19 381 290 199 401 ns
10:40:10.062388 TM: Giving up catch-up attempt at a 60 004 619 048 ns lag; new total: 19 441 294 818 449 ns
10:42:08.611913 TM: Giving up catch-up attempt at a 60 003 545 759 ns lag; new total: 19 501 298 364 208 ns
10:44:07.012369 TM: Giving up catch-up attempt at a 60 004 463 673 ns lag; new total: 19 561 302 827 881 ns
10:46:05.832138 TM: Giving up catch-up attempt at a 60 003 816 527 ns lag; new total: 19 621 306 644 408 ns
10:48:04.471934 TM: Giving up catch-up attempt at a 60 003 826 314 ns lag; new total: 19 681 310 470 722 ns
10:50:03.312150 TM: Giving up catch-up attempt at a 60 004 260 748 ns lag; new total: 19 741 314 731 470 ns
10:52:02.104705 TM: Giving up catch-up attempt at a 60 001 592 923 ns lag; new total: 19 801 316 324 393 ns
10:54:00.801926 TM: Giving up catch-up attempt at a 60 001 263 260 ns lag; new total: 19 861 317 587 653 ns
10:55:59.662275 TM: Giving up catch-up attempt at a 60 004 391 299 ns lag; new total: 19 921 321 978 952 ns
10:57:58.451908 TM: Giving up catch-up attempt at a 60 003 673 253 ns lag; new total: 19 981 325 652 205 ns
10:59:57.321932 TM: Giving up catch-up attempt at a 60 004 076 923 ns lag; new total: 20 041 329 729 128 ns
11:01:56.152172 TM: Giving up catch-up attempt at a 60 004 273 294 ns lag; new total: 20 101 334 002 422 ns
11:03:54.932207 TM: Giving up catch-up attempt at a 60 004 081 315 ns lag; new total: 20 161 338 083 737 ns
11:05:53.581983 TM: Giving up catch-up attempt at a 60 003 800 439 ns lag; new total: 20 221 341 884 176 ns
11:07:51.772077 TM: Giving up catch-up attempt at a 60 004 092 310 ns lag; new total: 20 281 345 976 486 ns
11:09:50.431998 TM: Giving up catch-up attempt at a 60 003 955 637 ns lag; new total: 20 341 349 932 123 ns
11:11:49.231832 TM: Giving up catch-up attempt at a 60 003 871 874 ns lag; new total: 20 401 353 803 997 ns
11:13:47.991923 TM: Giving up catch-up attempt at a 60 004 136 251 ns lag; new total: 20 461 357 940 248 ns
11:15:46.801858 TM: Giving up catch-up attempt at a 60 003 969 962 ns lag; new total: 20 521 361 910 210 ns
11:17:45.562187 TM: Giving up catch-up attempt at a 60 004 356 812 ns lag; new total: 20 581 366 267 022 ns
11:19:44.411966 TM: Giving up catch-up attempt at a 60 003 835 215 ns lag; new total: 20 641 370 102 237 ns
11:21:43.282254 TM: Giving up catch-up attempt at a 60 004 330 567 ns lag; new total: 20 701 374 432 804 ns
11:23:42.052115 TM: Giving up catch-up attempt at a 60 003 903 402 ns lag; new total: 20 761 378 336 206 ns
11:25:40.612488 TM: Giving up catch-up attempt at a 60 004 392 354 ns lag; new total: 20 821 382 728 560 ns
11:27:39.432246 TM: Giving up catch-up attempt at a 60 003 809 606 ns lag; new total: 20 881 386 538 166 ns
11:29:38.282215 TM: Giving up catch-up attempt at a 60 004 014 406 ns lag; new total: 20 941 390 552 572 ns
11:31:37.082124 TM: Giving up catch-up attempt at a 60 003 944 460 ns lag; new total: 21 001 394 497 032 ns
11:33:35.891907 TM: Giving up catch-up attempt at a 60 003 826 031 ns lag; new total: 21 061 398 323 063 ns
11:35:33.492260 TM: Giving up catch-up attempt at a 60 004 312 205 ns lag; new total: 21 121 402 635 268 ns
11:37:31.232012 TM: Giving up catch-up attempt at a 60 003 722 708 ns lag; new total: 21 181 406 357 976 ns
11:39:23.272489 TM: Giving up catch-up attempt at a 60 004 054 572 ns lag; new total: 21 241 410 412 548 ns
11:41:19.452823 TM: Giving up catch-up attempt at a 60 004 183 758 ns lag; new total: 21 301 414 596 306 ns
11:43:16.432040 TM: Giving up catch-up attempt at a 60 003 135 987 ns lag; new total: 21 361 417 732 293 ns
11:45:13.105051 TM: Giving up catch-up attempt at a 60 001 907 522 ns lag; new total: 21 421 419 639 815 ns
11:47:10.281989 TM: Giving up catch-up attempt at a 60 000 865 357 ns lag; new total: 21 481 420 505 172 ns
11:49:07.492109 TM: Giving up catch-up attempt at a 60 004 058 375 ns lag; new total: 21 541 424 563 547 ns
11:51:03.022322 TM: Giving up catch-up attempt at a 60 004 003 343 ns lag; new total: 21 601 428 566 890 ns
11:52:59.952319 TM: Giving up catch-up attempt at a 60 003 935 980 ns lag; new total: 21 661 432 502 870 ns
11:54:56.971911 TM: Giving up catch-up attempt at a 60 003 507 338 ns lag; new total: 21 721 436 010 208 ns
11:56:53.982382 TM: Giving up catch-up attempt at a 60 004 387 699 ns lag; new total: 21 781 440 397 907 ns
11:58:49.622060 TM: Giving up catch-up attempt at a 60 003 508 351 ns lag; new total: 21 841 443 906 258 ns
12:00:45.911812 TM: Giving up catch-up attempt at a 60 003 619 757 ns lag; new total: 21 901 447 526 015 ns
12:02:42.532435 TM: Giving up catch-up attempt at a 60 004 502 761 ns lag; new total: 21 961 452 028 776 ns
12:04:38.982204 TM: Giving up catch-up attempt at a 60 003 652 474 ns lag; new total: 22 021 455 681 250 ns
12:06:30.632380 TM: Giving up catch-up attempt at a 60 003 721 678 ns lag; new total: 22 081 459 402 928 ns
12:08:23.471808 TM: Giving up catch-up attempt at a 60 003 062 128 ns lag; new total: 22 141 462 465 056 ns
12:10:18.692775 TM: Giving up catch-up attempt at a 60 004 740 823 ns lag; new total: 22 201 467 205 879 ns
12:12:14.791924 TM: Giving up catch-up attempt at a 60 003 028 827 ns lag; new total: 22 261 470 234 706 ns
12:14:11.078477 TM: Giving up catch-up attempt at a 60 005 420 340 ns lag; new total: 22 321 475 655 046 ns
12:16:07.761816 TM: Giving up catch-up attempt at a 60 002 220 752 ns lag; new total: 22 381 477 875 798 ns
12:18:03.561947 TM: Giving up catch-up attempt at a 60 003 959 886 ns lag; new total: 22 441 481 835 684 ns
12:19:58.852200 TM: Giving up catch-up attempt at a 60 004 041 718 ns lag; new total: 22 501 485 877 402 ns
12:21:54.362175 TM: Giving up catch-up attempt at a 60 003 820 617 ns lag; new total: 22 561 489 698 019 ns
12:23:48.442031 TM: Giving up catch-up attempt at a 60 003 571 572 ns lag; new total: 22 621 493 269 591 ns
12:25:39.791950 TM: Giving up catch-up attempt at a 60 003 449 875 ns lag; new total: 22 681 496 719 466 ns
12:27:32.011939 TM: Giving up catch-up attempt at a 60 003 581 704 ns lag; new total: 22 741 500 301 170 ns
12:29:21.022242 TM: Giving up catch-up attempt at a 60 003 664 573 ns lag; new total: 22 801 503 965 743 ns
12:31:08.931890 TM: Giving up catch-up attempt at a 60 002 947 451 ns lag; new total: 22 861 506 913 194 ns
12:32:56.602073 TM: Giving up catch-up attempt at a 60 003 448 514 ns lag; new total: 22 921 510 361 708 ns
12:34:45.482166 TM: Giving up catch-up attempt at a 60 003 461 216 ns lag; new total: 22 981 513 822 924 ns
12:36:33.176429 TM: Giving up catch-up attempt at a 60 002 514 805 ns lag; new total: 23 041 516 337 729 ns
12:38:20.001984 TM: Giving up catch-up attempt at a 60 003 792 772 ns lag; new total: 23 101 520 130 501 ns
12:40:08.312081 TM: Giving up catch-up attempt at a 60 003 416 038 ns lag; new total: 23 161 523 546 539 ns
12:41:58.442058 TM: Giving up catch-up attempt at a 60 003 424 647 ns lag; new total: 23 221 526 971 186 ns
12:43:49.942246 TM: Giving up catch-up attempt at a 60 003 728 387 ns lag; new total: 23 281 530 699 573 ns
12:45:39.303373 TM: Giving up catch-up attempt at a 60 004 518 026 ns lag; new total: 23 341 535 217 599 ns
12:47:28.952106 TM: Giving up catch-up attempt at a 60 002 149 751 ns lag; new total: 23 401 537 367 350 ns
12:49:17.602059 TM: Giving up catch-up attempt at a 60 003 288 535 ns lag; new total: 23 461 540 655 885 ns
12:51:06.152320 TM: Giving up catch-up attempt at a 60 003 598 713 ns lag; new total: 23 521 544 254 598 ns
12:52:55.021942 TM: Giving up catch-up attempt at a 60 002 979 013 ns lag; new total: 23 581 547 233 611 ns
12:54:43.880762 TM: Giving up catch-up attempt at a 60 382 157 985 ns lag; new total: 23 641 929 391 596 ns
12:56:31.842014 TM: Giving up catch-up attempt at a 60 004 551 147 ns lag; new total: 23 701 933 942 743 ns
12:58:23.052107 TM: Giving up catch-up attempt at a 60 003 598 859 ns lag; new total: 23 761 937 541 602 ns
13:00:12.122199 TM: Giving up catch-up attempt at a 60 003 472 657 ns lag; new total: 23 821 941 014 259 ns
13:02:01.812106 TM: Giving up catch-up attempt at a 60 003 319 421 ns lag; new total: 23 881 944 333 680 ns
13:03:52.022164 TM: Giving up catch-up attempt at a 60 003 506 254 ns lag; new total: 23 941 947 839 934 ns
13:05:39.072157 TM: Giving up catch-up attempt at a 60 003 227 034 ns lag; new total: 24 001 951 066 968 ns
13:07:22.022924 TM: Giving up catch-up attempt at a 60 003 717 064 ns lag; new total: 24 061 954 784 032 ns
13:09:09.782499 TM: Giving up catch-up attempt at a 60 002 859 901 ns lag; new total: 24 121 957 643 933 ns
13:11:00.027704 TM: Giving up catch-up attempt at a 60 076 220 184 ns lag; new total: 24 182 033 864 117 ns
13:12:48.782047 TM: Giving up catch-up attempt at a 60 000 127 692 ns lag; new total: 24 242 033 991 809 ns
13:14:40.046438 TM: Giving up catch-up attempt at a 60 082 913 454 ns lag; new total: 24 302 116 905 263 ns
13:16:30.081917 TM: Giving up catch-up attempt at a 60 003 916 182 ns lag; new total: 24 362 120 821 445 ns
13:18:16.952147 TM: Giving up catch-up attempt at a 60 003 451 189 ns lag; new total: 24 422 124 272 634 ns
13:20:06.121917 TM: Giving up catch-up attempt at a 60 004 047 579 ns lag; new total: 24 482 128 320 213 ns
13:21:55.960660 TM: Giving up catch-up attempt at a 60 101 261 197 ns lag; new total: 24 542 229 581 410 ns
13:23:46.568761 TM: Giving up catch-up attempt at a 60 326 562 201 ns lag; new total: 24 602 556 143 611 ns
13:25:38.170355 TM: Giving up catch-up attempt at a 60 025 135 549 ns lag; new total: 24 662 581 279 160 ns
13:27:29.612229 TM: Giving up catch-up attempt at a 60 000 403 482 ns lag; new total: 24 722 581 682 642 ns
13:29:17.380634 TM: Giving up catch-up attempt at a 60 021 693 399 ns lag; new total: 24 782 603 376 041 ns
13:31:03.452303 TM: Giving up catch-up attempt at a 60 004 811 202 ns lag; new total: 24 842 608 187 243 ns
13:32:46.582101 TM: Giving up catch-up attempt at a 60 002 776 504 ns lag; new total: 24 902 610 963 747 ns
13:34:37.122211 TM: Giving up catch-up attempt at a 60 003 598 844 ns lag; new total: 24 962 614 562 591 ns
13:36:23.152379 TM: Giving up catch-up attempt at a 60 003 313 052 ns lag; new total: 25 022 617 875 643 ns
13:38:14.886713 TM: Giving up catch-up attempt at a 60 152 890 074 ns lag; new total: 25 082 770 765 717 ns
13:40:06.172021 TM: Giving up catch-up attempt at a 60 003 827 831 ns lag; new total: 25 142 774 593 548 ns
13:41:57.152899 TM: Giving up catch-up attempt at a 60 004 363 031 ns lag; new total: 25 202 778 956 579 ns
13:43:53.492091 TM: Giving up catch-up attempt at a 60 003 090 261 ns lag; new total: 25 262 782 046 840 ns
13:45:50.002122 TM: Giving up catch-up attempt at a 60 003 913 071 ns lag; new total: 25 322 785 959 911 ns
13:47:46.942255 TM: Giving up catch-up attempt at a 60 004 039 321 ns lag; new total: 25 382 789 999 232 ns
13:49:43.722311 TM: Giving up catch-up attempt at a 60 003 959 312 ns lag; new total: 25 442 793 958 544 ns
13:51:39.771983 TM: Giving up catch-up attempt at a 60 003 530 417 ns lag; new total: 25 502 797 488 961 ns
13:53:35.922007 TM: Giving up catch-up attempt at a 60 003 878 723 ns lag; new total: 25 562 801 367 684 ns
13:55:32.581968 TM: Giving up catch-up attempt at a 60 003 855 153 ns lag; new total: 25 622 805 222 837 ns
13:57:28.502304 TM: Giving up catch-up attempt at a 60 004 174 579 ns lag; new total: 25 682 809 397 416 ns
13:59:24.432135 TM: Giving up catch-up attempt at a 60 003 678 285 ns lag; new total: 25 742 813 075 701 ns
14:01:19.381864 TM: Giving up catch-up attempt at a 60 003 503 490 ns lag; new total: 25 802 816 579 191 ns
14:03:13.931968 TM: Giving up catch-up attempt at a 60 013 852 216 ns lag; new total: 25 862 830 431 407 ns
14:05:07.552726 TM: Giving up catch-up attempt at a 60 004 441 952 ns lag; new total: 25 922 834 873 359 ns
14:06:59.752079 TM: Giving up catch-up attempt at a 60 002 941 305 ns lag; new total: 25 982 837 814 664 ns
14:08:55.612334 TM: Giving up catch-up attempt at a 60 004 092 364 ns lag; new total: 26 042 841 907 028 ns
14:10:52.342087 TM: Giving up catch-up attempt at a 60 003 655 960 ns lag; new total: 26 102 845 562 988 ns
14:12:49.231898 TM: Giving up catch-up attempt at a 60 003 723 965 ns lag; new total: 26 162 849 286 953 ns
14:14:44.322605 TM: Giving up catch-up attempt at a 60 004 497 521 ns lag; new total: 26 222 853 784 474 ns
14:16:41.732096 TM: Giving up catch-up attempt at a 60 003 428 643 ns lag; new total: 26 282 857 213 117 ns
14:18:39.162326 TM: Giving up catch-up attempt at a 60 004 177 091 ns lag; new total: 26 342 861 390 208 ns
14:20:36.652000 TM: Giving up catch-up attempt at a 60 003 627 558 ns lag; new total: 26 402 865 017 766 ns
14:22:33.581950 TM: Giving up catch-up attempt at a 60 003 861 011 ns lag; new total: 26 462 868 878 777 ns
14:24:30.392052 TM: Giving up catch-up attempt at a 60 004 012 269 ns lag; new total: 26 522 872 891 046 ns
14:26:27.611802 TM: Giving up catch-up attempt at a 60 003 680 308 ns lag; new total: 26 582 876 571 354 ns
14:28:24.701944 TM: Giving up catch-up attempt at a 60 004 063 310 ns lag; new total: 26 642 880 634 664 ns
14:30:21.932278 TM: Giving up catch-up attempt at a 60 004 263 834 ns lag; new total: 26 702 884 898 498 ns
14:32:19.112074 TM: Giving up catch-up attempt at a 60 003 735 272 ns lag; new total: 26 762 888 633 770 ns
14:34:16.362254 TM: Giving up catch-up attempt at a 60 004 114 116 ns lag; new total: 26 822 892 747 886 ns
14:36:12.812202 TM: Giving up catch-up attempt at a 60 003 815 494 ns lag; new total: 26 882 896 563 380 ns
14:38:09.122124 TM: Giving up catch-up attempt at a 60 003 795 364 ns lag; new total: 26 942 900 358 744 ns
14:40:06.192571 TM: Giving up catch-up attempt at a 60 004 368 287 ns lag; new total: 27 002 904 727 031 ns
14:42:02.991886 TM: Giving up catch-up attempt at a 60 003 228 948 ns lag; new total: 27 062 907 955 979 ns
14:43:58.752525 TM: Giving up catch-up attempt at a 60 004 468 716 ns lag; new total: 27 122 912 424 695 ns
14:45:55.892171 TM: Giving up catch-up attempt at a 60 003 575 263 ns lag; new total: 27 182 915 999 958 ns
14:47:52.991814 TM: Giving up catch-up attempt at a 60 003 556 156 ns lag; new total: 27 242 919 556 114 ns
14:49:50.102239 TM: Giving up catch-up attempt at a 60 004 359 402 ns lag; new total: 27 302 923 915 516 ns
14:51:46.921821 TM: Giving up catch-up attempt at a 60 004 309 397 ns lag; new total: 27 362 928 224 913 ns
14:53:43.921952 TM: Giving up catch-up attempt at a 60 003 222 385 ns lag; new total: 27 422 931 447 298 ns
14:55:40.691891 TM: Giving up catch-up attempt at a 60 003 843 292 ns lag; new total: 27 482 935 290 590 ns
14:57:37.862009 TM: Giving up catch-up attempt at a 60 004 042 548 ns lag; new total: 27 542 939 333 138 ns
14:59:34.582169 TM: Giving up catch-up attempt at a 60 004 063 017 ns lag; new total: 27 602 943 396 155 ns
15:01:31.412028 TM: Giving up catch-up attempt at a 60 003 754 270 ns lag; new total: 27 662 947 150 425 ns
15:03:28.521759 TM: Giving up catch-up attempt at a 60 003 666 796 ns lag; new total: 27 722 950 817 221 ns
15:05:24.892067 TM: Giving up catch-up attempt at a 60 004 176 757 ns lag; new total: 27 782 954 993 978 ns
15:07:19.872095 TM: Giving up catch-up attempt at a 60 003 802 973 ns lag; new total: 27 842 958 796 951 ns
15:09:14.761864 TM: Giving up catch-up attempt at a 60 003 540 719 ns lag; new total: 27 902 962 337 670 ns
15:11:13.492096 TM: Giving up catch-up attempt at a 60 004 269 727 ns lag; new total: 27 962 966 607 397 ns
15:13:12.342176 TM: Giving up catch-up attempt at a 60 004 121 702 ns lag; new total: 28 022 970 729 099 ns
15:15:11.202126 TM: Giving up catch-up attempt at a 60 003 999 922 ns lag; new total: 28 082 974 729 021 ns
15:17:09.992263 TM: Giving up catch-up attempt at a 60 004 180 079 ns lag; new total: 28 142 978 909 100 ns
15:19:08.462222 TM: Giving up catch-up attempt at a 60 003 981 873 ns lag; new total: 28 202 982 890 973 ns
15:21:07.271919 TM: Giving up catch-up attempt at a 60 003 722 443 ns lag; new total: 28 262 986 613 416 ns
15:23:06.101926 TM: Giving up catch-up attempt at a 60 004 054 276 ns lag; new total: 28 322 990 667 692 ns
15:25:04.951927 TM: Giving up catch-up attempt at a 60 004 051 441 ns lag; new total: 28 382 994 719 133 ns
15:27:03.772013 TM: Giving up catch-up attempt at a 60 004 131 085 ns lag; new total: 28 442 998 850 218 ns
15:29:02.551804 TM: Giving up catch-up attempt at a 60 003 823 628 ns lag; new total: 28 503 002 673 846 ns
15:31:00.281878 TM: Giving up catch-up attempt at a 60 004 049 042 ns lag; new total: 28 563 006 722 888 ns
15:32:59.101877 TM: Giving up catch-up attempt at a 60 004 034 683 ns lag; new total: 28 623 010 757 571 ns
15:34:57.961959 TM: Giving up catch-up attempt at a 60 004 135 696 ns lag; new total: 28 683 014 893 267 ns
15:36:56.341881 TM: Giving up catch-up attempt at a 60 003 921 377 ns lag; new total: 28 743 018 814 644 ns
15:38:55.121854 TM: Giving up catch-up attempt at a 60 004 022 820 ns lag; new total: 28 803 022 837 464 ns
15:40:53.982085 TM: Giving up catch-up attempt at a 60 004 272 642 ns lag; new total: 28 863 027 110 106 ns
15:42:52.792081 TM: Giving up catch-up attempt at a 60 004 041 257 ns lag; new total: 28 923 031 151 363 ns
15:44:51.642177 TM: Giving up catch-up attempt at a 60 004 139 128 ns lag; new total: 28 983 035 290 491 ns
15:46:50.482031 TM: Giving up catch-up attempt at a 60 003 894 902 ns lag; new total: 29 043 039 185 393 ns
15:48:49.281936 TM: Giving up catch-up attempt at a 60 003 947 249 ns lag; new total: 29 103 043 132 642 ns
15:50:48.131903 TM: Giving up catch-up attempt at a 60 004 005 217 ns lag; new total: 29 163 047 137 859 ns
15:52:46.952156 TM: Giving up catch-up attempt at a 60 004 301 201 ns lag; new total: 29 223 051 439 060 ns
15:54:45.761865 TM: Giving up catch-up attempt at a 60 003 744 348 ns lag; new total: 29 283 055 183 408 ns
15:56:44.401848 TM: Giving up catch-up attempt at a 60 004 019 548 ns lag; new total: 29 343 059 202 956 ns
15:58:43.232549 TM: Giving up catch-up attempt at a 60 004 740 409 ns lag; new total: 29 403 063 943 365 ns
16:00:42.042458 TM: Giving up catch-up attempt at a 60 003 948 113 ns lag; new total: 29 463 067 891 478 ns
16:02:40.811857 TM: Giving up catch-up attempt at a 60 003 441 874 ns lag; new total: 29 523 071 333 352 ns
16:04:39.632551 TM: Giving up catch-up attempt at a 60 004 726 976 ns lag; new total: 29 583 076 060 328 ns
16:06:37.712250 TM: Giving up catch-up attempt at a 60 003 688 379 ns lag; new total: 29 643 079 748 707 ns
16:08:36.451854 TM: Giving up catch-up attempt at a 60 003 644 429 ns lag; new total: 29 703 083 393 136 ns
16:10:35.172051 TM: Giving up catch-up attempt at a 60 004 237 813 ns lag; new total: 29 763 087 630 949 ns
16:12:34.021893 TM: Giving up catch-up attempt at a 60 003 891 509 ns lag; new total: 29 823 091 522 458 ns
16:14:32.862214 TM: Giving up catch-up attempt at a 60 004 362 865 ns lag; new total: 29 883 095 885 323 ns
16:16:31.691899 TM: Giving up catch-up attempt at a 60 003 720 831 ns lag; new total: 29 943 099 606 154 ns
16:18:30.551998 TM: Giving up catch-up attempt at a 60 004 155 423 ns lag; new total: 30 003 103 761 577 ns
16:20:29.352006 TM: Giving up catch-up attempt at a 60 004 039 382 ns lag; new total: 30 063 107 800 959 ns
16:22:28.102097 TM: Giving up catch-up attempt at a 60 000 455 957 ns lag; new total: 30 123 108 256 916 ns
16:24:26.962076 TM: Giving up catch-up attempt at a 60 002 707 180 ns lag; new total: 30 183 110 964 096 ns
16:26:24.751953 TM: Giving up catch-up attempt at a 60 003 842 619 ns lag; new total: 30 243 114 806 715 ns
16:28:23.611836 TM: Giving up catch-up attempt at a 60 003 925 957 ns lag; new total: 30 303 118 732 672 ns
16:30:22.412157 TM: Giving up catch-up attempt at a 60 004 363 969 ns lag; new total: 30 363 123 096 641 ns
16:32:21.241936 TM: Giving up catch-up attempt at a 60 003 821 324 ns lag; new total: 30 423 126 917 965 ns
16:34:20.121886 TM: Giving up catch-up attempt at a 60 004 000 266 ns lag; new total: 30 483 130 918 231 ns
16:36:18.682343 TM: Giving up catch-up attempt at a 60 004 473 742 ns lag; new total: 30 543 135 391 973 ns
16:38:17.511837 TM: Giving up catch-up attempt at a 60 003 542 076 ns lag; new total: 30 603 138 934 049 ns
16:40:16.291792 TM: Giving up catch-up attempt at a 60 003 995 818 ns lag; new total: 30 663 142 929 867 ns
16:42:15.112757 TM: Giving up catch-up attempt at a 60 005 010 645 ns lag; new total: 30 723 147 940 512 ns
16:44:13.961839 TM: Giving up catch-up attempt at a 60 003 120 303 ns lag; new total: 30 783 151 060 815 ns
16:46:12.811764 TM: Giving up catch-up attempt at a 60 003 973 764 ns lag; new total: 30 843 155 034 579 ns
16:48:11.662045 TM: Giving up catch-up attempt at a 60 004 327 007 ns lag; new total: 30 903 159 361 586 ns
16:50:10.492113 TM: Giving up catch-up attempt at a 60 004 113 053 ns lag; new total: 30 963 163 474 639 ns
16:52:09.262006 TM: Giving up catch-up attempt at a 60 003 929 129 ns lag; new total: 31 023 167 403 768 ns
16:54:08.071836 TM: Giving up catch-up attempt at a 60 003 874 562 ns lag; new total: 31 083 171 278 330 ns
16:56:06.891991 TM: Giving up catch-up attempt at a 60 004 188 187 ns lag; new total: 31 143 175 466 517 ns
16:58:05.522105 TM: Giving up catch-up attempt at a 60 004 145 589 ns lag; new total: 31 203 179 612 106 ns
17:00:04.352726 TM: Giving up catch-up attempt at a 60 004 658 947 ns lag; new total: 31 263 184 271 053 ns
17:02:03.121849 TM: Giving up catch-up attempt at a 60 003 164 605 ns lag; new total: 31 323 187 435 658 ns
17:04:01.942065 TM: Giving up catch-up attempt at a 60 004 256 538 ns lag; new total: 31 383 191 692 196 ns
17:06:00.491895 TM: Giving up catch-up attempt at a 60 003 854 266 ns lag; new total: 31 443 195 546 462 ns
17:07:58.662191 TM: Giving up catch-up attempt at a 60 004 291 214 ns lag; new total: 31 503 199 837 676 ns
17:09:57.501857 TM: Giving up catch-up attempt at a 60 003 719 022 ns lag; new total: 31 563 203 556 698 ns
17:11:56.211918 TM: Giving up catch-up attempt at a 60 004 059 018 ns lag; new total: 31 623 207 615 716 ns
17:13:55.072179 TM: Giving up catch-up attempt at a 60 004 335 268 ns lag; new total: 31 683 211 950 984 ns
17:15:53.832231 TM: Giving up catch-up attempt at a 60 004 089 410 ns lag; new total: 31 743 216 040 394 ns
17:17:47.953295 TM: Giving up catch-up attempt at a 60 229 774 121 ns lag; new total: 31 803 445 814 515 ns
17:19:43.732188 TM: Giving up catch-up attempt at a 60 002 728 511 ns lag; new total: 31 863 448 543 026 ns
17:21:42.512174 TM: Giving up catch-up attempt at a 60 004 020 594 ns lag; new total: 31 923 452 563 620 ns
17:23:41.251919 TM: Giving up catch-up attempt at a 60 003 784 165 ns lag; new total: 31 983 456 347 785 ns
17:25:40.081796 TM: Giving up catch-up attempt at a 60 003 924 960 ns lag; new total: 32 043 460 272 745 ns
17:27:38.941828 TM: Giving up catch-up attempt at a 60 004 077 351 ns lag; new total: 32 103 464 350 096 ns
17:29:37.791803 TM: Giving up catch-up attempt at a 60 004 017 142 ns lag; new total: 32 163 468 367 238 ns
17:31:36.582210 TM: Giving up catch-up attempt at a 60 004 446 726 ns lag; new total: 32 223 472 813 964 ns
17:33:35.462237 TM: Giving up catch-up attempt at a 60 004 077 207 ns lag; new total: 32 283 476 891 171 ns
17:35:34.232235 TM: Giving up catch-up attempt at a 60 004 021 278 ns lag; new total: 32 343 480 912 449 ns
17:37:32.702175 TM: Giving up catch-up attempt at a 60 003 963 518 ns lag; new total: 32 403 484 875 967 ns
17:39:31.532087 TM: Giving up catch-up attempt at a 60 003 961 497 ns lag; new total: 32 463 488 837 464 ns
17:41:30.351988 TM: Giving up catch-up attempt at a 60 003 937 945 ns lag; new total: 32 523 492 775 409 ns
17:43:29.202055 TM: Giving up catch-up attempt at a 60 004 118 867 ns lag; new total: 32 583 496 894 276 ns
17:45:28.042227 TM: Giving up catch-up attempt at a 60 004 216 710 ns lag; new total: 32 643 501 110 986 ns
17:47:26.882165 TM: Giving up catch-up attempt at a 60 003 970 190 ns lag; new total: 32 703 505 081 176 ns
17:49:25.731866 TM: Giving up catch-up attempt at a 60 003 757 618 ns lag; new total: 32 763 508 838 794 ns
17:51:24.502094 TM: Giving up catch-up attempt at a 60 004 246 611 ns lag; new total: 32 823 513 085 405 ns
17:53:23.342187 TM: Giving up catch-up attempt at a 60 004 147 108 ns lag; new total: 32 883 517 232 513 ns
17:55:22.182318 TM: Giving up catch-up attempt at a 60 004 169 924 ns lag; new total: 32 943 521 402 437 ns
17:57:20.942248 TM: Giving up catch-up attempt at a 60 003 979 003 ns lag; new total: 33 003 525 381 440 ns
17:59:19.742233 TM: Giving up catch-up attempt at a 60 004 029 246 ns lag; new total: 33 063 529 410 686 ns
18:01:17.592027 TM: Giving up catch-up attempt at a 60 003 758 098 ns lag; new total: 33 123 533 168 784 ns
18:03:16.419782 TM: Giving up catch-up attempt at a 60 001 816 713 ns lag; new total: 33 183 534 985 497 ns
18:05:15.252140 TM: Giving up catch-up attempt at a 60 001 377 693 ns lag; new total: 33 243 536 363 190 ns
18:07:13.642576 TM: Giving up catch-up attempt at a 60 004 405 509 ns lag; new total: 33 303 540 768 699 ns
18:09:12.402017 TM: Giving up catch-up attempt at a 60 003 523 657 ns lag; new total: 33 363 544 292 356 ns
18:11:11.211919 TM: Giving up catch-up attempt at a 60 003 943 598 ns lag; new total: 33 423 548 235 954 ns
18:13:09.922723 TM: Giving up catch-up attempt at a 60 004 844 783 ns lag; new total: 33 483 553 080 737 ns
18:15:08.771951 TM: Giving up catch-up attempt at a 60 003 269 520 ns lag; new total: 33 543 556 350 257 ns
18:17:07.532065 TM: Giving up catch-up attempt at a 60 004 157 940 ns lag; new total: 33 603 560 508 197 ns
18:19:06.372049 TM: Giving up catch-up attempt at a 60 004 030 513 ns lag; new total: 33 663 564 538 710 ns
18:21:05.122035 TM: Giving up catch-up attempt at a 60 004 014 053 ns lag; new total: 33 723 568 552 763 ns
18:23:03.902185 TM: Giving up catch-up attempt at a 60 004 192 390 ns lag; new total: 33 783 572 745 153 ns
18:25:02.731872 TM: Giving up catch-up attempt at a 60 003 730 297 ns lag; new total: 33 843 576 475 450 ns
18:27:01.571851 TM: Giving up catch-up attempt at a 60 004 023 450 ns lag; new total: 33 903 580 498 900 ns
18:29:00.421788 TM: Giving up catch-up attempt at a 60 003 980 234 ns lag; new total: 33 963 584 479 134 ns
18:30:59.292009 TM: Giving up catch-up attempt at a 60 004 276 592 ns lag; new total: 34 023 588 755 726 ns
18:32:58.031901 TM: Giving up catch-up attempt at a 60 003 926 828 ns lag; new total: 34 083 592 682 554 ns
18:34:56.851875 TM: Giving up catch-up attempt at a 60 004 008 505 ns lag; new total: 34 143 596 691 059 ns
18:36:55.151975 TM: Giving up catch-up attempt at a 60 004 106 331 ns lag; new total: 34 203 600 797 390 ns
18:38:53.891955 TM: Giving up catch-up attempt at a 60 004 014 468 ns lag; new total: 34 263 604 811 858 ns
18:40:52.722072 TM: Giving up catch-up attempt at a 60 004 162 987 ns lag; new total: 34 323 608 974 845 ns
18:42:51.472003 TM: Giving up catch-up attempt at a 60 003 969 181 ns lag; new total: 34 383 612 944 026 ns
18:44:50.272101 TM: Giving up catch-up attempt at a 60 004 139 641 ns lag; new total: 34 443 617 083 667 ns
18:46:49.051886 TM: Giving up catch-up attempt at a 60 003 826 365 ns lag; new total: 34 503 620 910 032 ns
18:48:47.882231 TM: Giving up catch-up attempt at a 60 004 385 051 ns lag; new total: 34 563 625 295 083 ns
18:50:46.712175 TM: Giving up catch-up attempt at a 60 003 985 976 ns lag; new total: 34 623 629 281 059 ns
18:52:45.491888 TM: Giving up catch-up attempt at a 60 003 752 962 ns lag; new total: 34 683 633 034 021 ns
18:54:44.271965 TM: Giving up catch-up attempt at a 60 004 115 319 ns lag; new total: 34 743 637 149 340 ns
18:56:43.122187 TM: Giving up catch-up attempt at a 60 004 266 553 ns lag; new total: 34 803 641 415 893 ns
18:58:41.973035 TM: Giving up catch-up attempt at a 60 004 892 642 ns lag; new total: 34 863 646 308 535 ns
19:00:40.842119 TM: Giving up catch-up attempt at a 60 003 122 717 ns lag; new total: 34 923 649 431 252 ns
19:02:39.521879 TM: Giving up catch-up attempt at a 60 003 798 818 ns lag; new total: 34 983 653 230 070 ns
19:04:38.342165 TM: Giving up catch-up attempt at a 60 004 334 328 ns lag; new total: 35 043 657 564 398 ns
19:06:36.922556 TM: Giving up catch-up attempt at a 60 004 395 937 ns lag; new total: 35 103 661 960 335 ns
19:08:35.647656 TM: Giving up catch-up attempt at a 60 009 154 745 ns lag; new total: 35 163 671 115 080 ns
19:10:34.502159 TM: Giving up catch-up attempt at a 60 003 547 082 ns lag; new total: 35 223 674 662 162 ns
19:12:33.302015 TM: Giving up catch-up attempt at a 60 003 895 127 ns lag; new total: 35 283 678 557 289 ns
19:14:32.101990 TM: Giving up catch-up attempt at a 60 004 026 281 ns lag; new total: 35 343 682 583 570 ns
19:16:30.942184 TM: Giving up catch-up attempt at a 60 004 226 961 ns lag; new total: 35 403 686 810 531 ns
19:18:29.782118 TM: Giving up catch-up attempt at a 60 003 988 845 ns lag; new total: 35 463 690 799 376 ns
19:20:28.653085 TM: Giving up catch-up attempt at a 60 004 973 604 ns lag; new total: 35 523 695 772 980 ns
19:22:27.431972 TM: Giving up catch-up attempt at a 60 002 957 496 ns lag; new total: 35 583 698 730 476 ns
19:24:26.212061 TM: Giving up catch-up attempt at a 60 004 138 346 ns lag; new total: 35 643 702 868 822 ns
19:26:25.072777 TM: Giving up catch-up attempt at a 60 004 752 408 ns lag; new total: 35 703 707 621 230 ns
19:28:23.901911 TM: Giving up catch-up attempt at a 60 003 185 109 ns lag; new total: 35 763 710 806 339 ns
19:30:22.761864 TM: Giving up catch-up attempt at a 60 003 996 705 ns lag; new total: 35 823 714 803 044 ns
19:32:21.632304 TM: Giving up catch-up attempt at a 60 004 483 345 ns lag; new total: 35 883 719 286 389 ns
19:34:20.421966 TM: Giving up catch-up attempt at a 60 003 704 933 ns lag; new total: 35 943 722 991 322 ns
19:36:19.112160 TM: Giving up catch-up attempt at a 60 004 198 635 ns lag; new total: 36 003 727 189 957 ns
19:38:17.891916 TM: Giving up catch-up attempt at a 60 003 824 252 ns lag; new total: 36 063 731 014 209 ns
19:40:16.731879 TM: Giving up catch-up attempt at a 60 004 001 220 ns lag; new total: 36 123 735 015 429 ns
19:42:15.601760 TM: Giving up catch-up attempt at a 60 003 928 246 ns lag; new total: 36 183 738 943 675 ns
19:44:14.393055 TM: Giving up catch-up attempt at a 60 000 332 231 ns lag; new total: 36 243 739 275 906 ns
19:46:13.221845 TM: Giving up catch-up attempt at a 60 002 836 182 ns lag; new total: 36 303 742 112 088 ns
19:48:12.061849 TM: Giving up catch-up attempt at a 60 004 052 386 ns lag; new total: 36 363 746 164 474 ns
19:50:10.901986 TM: Giving up catch-up attempt at a 60 004 180 748 ns lag; new total: 36 423 750 345 222 ns
19:52:09.751888 TM: Giving up catch-up attempt at a 60 007 707 163 ns lag; new total: 36 483 758 052 385 ns
19:54:08.601794 TM: Giving up catch-up attempt at a 60 000 179 520 ns lag; new total: 36 543 758 231 905 ns
19:56:07.411913 TM: Giving up catch-up attempt at a 60 004 161 788 ns lag; new total: 36 603 762 393 693 ns
19:58:06.231712 TM: Giving up catch-up attempt at a 60 003 856 983 ns lag; new total: 36 663 766 250 676 ns
20:00:05.072188 TM: Giving up catch-up attempt at a 60 004 502 524 ns lag; new total: 36 723 770 753 200 ns
20:02:03.911813 TM: Giving up catch-up attempt at a 60 003 670 843 ns lag; new total: 36 783 774 424 043 ns
20:04:02.739835 TM: Giving up catch-up attempt at a 60 002 079 824 ns lag; new total: 36 843 776 503 867 ns
20:06:01.512110 TM: Giving up catch-up attempt at a 60 001 300 352 ns lag; new total: 36 903 777 804 219 ns
20:07:59.851885 TM: Giving up catch-up attempt at a 60 003 778 615 ns lag; new total: 36 963 781 582 834 ns
20:09:58.701846 TM: Giving up catch-up attempt at a 60 004 014 124 ns lag; new total: 37 023 785 596 958 ns
20:11:57.522084 TM: Giving up catch-up attempt at a 60 004 253 201 ns lag; new total: 37 083 789 850 159 ns
20:13:56.331975 TM: Giving up catch-up attempt at a 60 003 964 031 ns lag; new total: 37 143 793 814 190 ns
20:15:55.102145 TM: Giving up catch-up attempt at a 60 004 176 898 ns lag; new total: 37 203 797 991 088 ns
20:17:53.971772 TM: Giving up catch-up attempt at a 60 003 694 273 ns lag; new total: 37 263 801 685 361 ns
20:19:52.831913 TM: Giving up catch-up attempt at a 60 004 188 854 ns lag; new total: 37 323 805 874 215 ns
20:21:51.702209 TM: Giving up catch-up attempt at a 60 004 347 736 ns lag; new total: 37 383 810 221 951 ns
20:23:50.551970 TM: Giving up catch-up attempt at a 60 003 805 090 ns lag; new total: 37 443 814 027 041 ns
20:25:49.341882 TM: Giving up catch-up attempt at a 60 003 950 487 ns lag; new total: 37 503 817 977 528 ns
20:27:48.161882 TM: Giving up catch-up attempt at a 60 004 046 456 ns lag; new total: 37 563 822 023 984 ns
20:29:47.022274 TM: Giving up catch-up attempt at a 60 004 427 037 ns lag; new total: 37 623 826 451 021 ns
20:31:45.892057 TM: Giving up catch-up attempt at a 60 003 833 103 ns lag; new total: 37 683 830 284 124 ns
20:33:44.781957 TM: Giving up catch-up attempt at a 60 003 953 352 ns lag; new total: 37 743 834 237 476 ns
20:35:43.612128 TM: Giving up catch-up attempt at a 60 004 213 392 ns lag; new total: 37 803 838 450 868 ns
20:37:42.082056 TM: Giving up catch-up attempt at a 60 003 937 462 ns lag; new total: 37 863 842 388 330 ns
20:39:40.922387 TM: Giving up catch-up attempt at a 60 004 372 608 ns lag; new total: 37 923 846 760 938 ns
20:41:39.792198 TM: Giving up catch-up attempt at a 60 003 858 911 ns lag; new total: 37 983 850 619 849 ns
20:43:38.642451 TM: Giving up catch-up attempt at a 60 004 298 271 ns lag; new total: 38 043 854 918 120 ns
20:45:37.471925 TM: Giving up catch-up attempt at a 60 003 524 591 ns lag; new total: 38 103 858 442 711 ns
20:47:36.272017 TM: Giving up catch-up attempt at a 60 004 121 634 ns lag; new total: 38 163 862 564 345 ns
20:49:35.121867 TM: Giving up catch-up attempt at a 60 003 903 772 ns lag; new total: 38 223 866 468 117 ns
20:51:33.962243 TM: Giving up catch-up attempt at a 60 004 414 219 ns lag; new total: 38 283 870 882 336 ns
20:53:32.799540 TM: Giving up catch-up attempt at a 60 001 356 090 ns lag; new total: 38 343 872 238 426 ns
20:55:31.631858 TM: Giving up catch-up attempt at a 60 001 345 403 ns lag; new total: 38 403 873 583 829 ns
20:57:30.182173 TM: Giving up catch-up attempt at a 60 004 332 098 ns lag; new total: 38 463 877 915 927 ns
20:59:29.011769 TM: Giving up catch-up attempt at a 60 003 653 444 ns lag; new total: 38 523 881 569 371 ns
21:01:27.861971 TM: Giving up catch-up attempt at a 60 004 239 755 ns lag; new total: 38 583 885 809 126 ns
21:03:26.682102 TM: Giving up catch-up attempt at a 60 004 167 651 ns lag; new total: 38 643 889 976 777 ns
21:05:25.501862 TM: Giving up catch-up attempt at a 60 003 815 738 ns lag; new total: 38 703 893 792 515 ns
21:07:23.352170 TM: Giving up catch-up attempt at a 60 004 271 181 ns lag; new total: 38 763 898 063 696 ns
21:09:22.022117 TM: Giving up catch-up attempt at a 60 003 979 219 ns lag; new total: 38 823 902 042 915 ns
21:11:20.822029 TM: Giving up catch-up attempt at a 60 003 957 531 ns lag; new total: 38 883 906 000 446 ns
21:13:19.682138 TM: Giving up catch-up attempt at a 60 004 161 948 ns lag; new total: 38 943 910 162 394 ns
21:15:18.512260 TM: Giving up catch-up attempt at a 60 004 160 996 ns lag; new total: 39 003 914 323 390 ns
21:17:17.312547 TM: Giving up catch-up attempt at a 60 004 327 629 ns lag; new total: 39 063 918 651 019 ns
21:19:16.142206 TM: Giving up catch-up attempt at a 60 003 695 361 ns lag; new total: 39 123 922 346 380 ns
21:21:14.981842 TM: Giving up catch-up attempt at a 60 003 684 988 ns lag; new total: 39 183 926 031 368 ns
21:23:13.841894 TM: Giving up catch-up attempt at a 60 004 095 905 ns lag; new total: 39 243 930 127 273 ns
21:25:12.682316 TM: Giving up catch-up attempt at a 60 004 470 795 ns lag; new total: 39 303 934 598 068 ns
21:27:11.511847 TM: Giving up catch-up attempt at a 60 003 575 906 ns lag; new total: 39 363 938 173 974 ns
21:29:10.341958 TM: Giving up catch-up attempt at a 60 004 153 296 ns lag; new total: 39 423 942 327 270 ns
21:31:09.182201 TM: Giving up catch-up attempt at a 60 004 280 246 ns lag; new total: 39 483 946 607 516 ns
21:33:08.031877 TM: Giving up catch-up attempt at a 60 003 720 723 ns lag; new total: 39 543 950 328 239 ns
21:35:06.911901 TM: Giving up catch-up attempt at a 60 004 074 788 ns lag; new total: 39 603 954 403 027 ns
21:37:05.492016 TM: Giving up catch-up attempt at a 60 004 136 093 ns lag; new total: 39 663 958 539 120 ns
21:39:04.282188 TM: Giving up catch-up attempt at a 60 004 216 898 ns lag; new total: 39 723 962 756 018 ns
21:41:03.131947 TM: Giving up catch-up attempt at a 60 003 801 210 ns lag; new total: 39 783 966 557 228 ns
21:43:01.991731 TM: Giving up catch-up attempt at a 60 003 832 538 ns lag; new total: 39 843 970 389 766 ns
21:45:00.851786 TM: Giving up catch-up attempt at a 60 004 091 418 ns lag; new total: 39 903 974 481 184 ns
21:46:59.712023 TM: Giving up catch-up attempt at a 60 004 285 163 ns lag; new total: 39 963 978 766 347 ns
21:48:58.512164 TM: Giving up catch-up attempt at a 60 004 162 032 ns lag; new total: 40 023 982 928 379 ns
21:50:57.361934 TM: Giving up catch-up attempt at a 60 003 835 027 ns lag; new total: 40 083 986 763 406 ns
21:52:56.213190 TM: Giving up catch-up attempt at a 60 005 294 994 ns lag; new total: 40 143 992 058 400 ns
21:54:55.031730 TM: Giving up catch-up attempt at a 60 002 593 391 ns lag; new total: 40 203 994 651 791 ns
21:56:53.821894 TM: Giving up catch-up attempt at a 60 004 192 425 ns lag; new total: 40 263 998 844 216 ns
21:58:52.613064 TM: Giving up catch-up attempt at a 60 000 212 304 ns lag; new total: 40 323 999 056 520 ns
22:00:51.442107 TM: Giving up catch-up attempt at a 60 003 085 406 ns lag; new total: 40 384 002 141 926 ns
22:02:50.302207 TM: Giving up catch-up attempt at a 60 004 144 340 ns lag; new total: 40 444 006 286 266 ns
22:04:49.102331 TM: Giving up catch-up attempt at a 60 004 172 332 ns lag; new total: 40 504 010 458 598 ns
22:06:47.461821 TM: Giving up catch-up attempt at a 60 003 494 804 ns lag; new total: 40 564 013 953 402 ns
22:08:46.052010 TM: Giving up catch-up attempt at a 60 004 214 306 ns lag; new total: 40 624 018 167 708 ns
22:10:44.871957 TM: Giving up catch-up attempt at a 60 003 991 580 ns lag; new total: 40 684 022 159 288 ns
22:12:43.681854 TM: Giving up catch-up attempt at a 60 003 945 656 ns lag; new total: 40 744 026 104 944 ns
22:14:42.521924 TM: Giving up catch-up attempt at a 60 004 105 558 ns lag; new total: 40 804 030 210 502 ns
22:16:41.364523 TM: Giving up catch-up attempt at a 60 006 642 953 ns lag; new total: 40 864 036 853 455 ns
22:18:40.182123 TM: Giving up catch-up attempt at a 60 001 640 682 ns lag; new total: 40 924 038 494 137 ns
22:20:39.002289 TM: Giving up catch-up attempt at a 60 004 214 425 ns lag; new total: 40 984 042 708 562 ns
22:22:37.842230 TM: Giving up catch-up attempt at a 60 003 983 873 ns lag; new total: 41 044 046 692 435 ns
22:24:36.651771 TM: Giving up catch-up attempt at a 60 003 583 269 ns lag; new total: 41 104 050 275 704 ns
22:26:35.431922 TM: Giving up catch-up attempt at a 60 004 184 055 ns lag; new total: 41 164 054 459 759 ns
22:28:34.262906 TM: Giving up catch-up attempt at a 60 005 036 720 ns lag; new total: 41 224 059 496 479 ns
22:30:32.942096 TM: Giving up catch-up attempt at a 60 003 219 469 ns lag; new total: 41 284 062 715 948 ns
22:32:31.802263 TM: Giving up catch-up attempt at a 60 004 215 743 ns lag; new total: 41 344 066 931 691 ns
22:34:30.611826 TM: Giving up catch-up attempt at a 60 003 605 735 ns lag; new total: 41 404 070 537 426 ns
22:36:29.271834 TM: Giving up catch-up attempt at a 60 004 029 765 ns lag; new total: 41 464 074 567 191 ns
22:38:28.102115 TM: Giving up catch-up attempt at a 60 004 322 189 ns lag; new total: 41 524 078 889 380 ns
22:40:26.912125 TM: Giving up catch-up attempt at a 60 004 056 209 ns lag; new total: 41 584 082 945 589 ns
22:42:25.771949 TM: Giving up catch-up attempt at a 60 003 867 557 ns lag; new total: 41 644 086 813 146 ns
22:44:24.612736 TM: Giving up catch-up attempt at a 60 004 831 091 ns lag; new total: 41 704 091 644 237 ns
22:46:23.482174 TM: Giving up catch-up attempt at a 60 003 486 386 ns lag; new total: 41 764 095 130 623 ns
22:48:22.331954 TM: Giving up catch-up attempt at a 60 003 831 284 ns lag; new total: 41 824 098 961 907 ns
22:50:21.132705 TM: Giving up catch-up attempt at a 60 004 787 914 ns lag; new total: 41 884 103 749 821 ns
22:52:19.982212 TM: Giving up catch-up attempt at a 60 003 546 625 ns lag; new total: 41 944 107 296 446 ns
22:54:18.831927 TM: Giving up catch-up attempt at a 60 003 759 388 ns lag; new total: 42 004 111 055 834 ns
22:56:17.672223 TM: Giving up catch-up attempt at a 60 004 340 129 ns lag; new total: 42 064 115 395 963 ns
22:58:16.522142 TM: Giving up catch-up attempt at a 60 003 964 447 ns lag; new total: 42 124 119 360 410 ns
23:00:15.351827 TM: Giving up catch-up attempt at a 60 003 732 190 ns lag; new total: 42 184 123 092 600 ns
23:02:14.172219 TM: Giving up catch-up attempt at a 60 004 426 082 ns lag; new total: 42 244 127 518 682 ns
23:04:13.031768 TM: Giving up catch-up attempt at a 60 003 597 415 ns lag; new total: 42 304 131 116 097 ns
23:06:11.742031 TM: Giving up catch-up attempt at a 60 004 293 282 ns lag; new total: 42 364 135 409 379 ns
23:08:10.300354 TM: Giving up catch-up attempt at a 60 002 366 583 ns lag; new total: 42 424 137 775 962 ns
23:10:09.132061 TM: Giving up catch-up attempt at a 60 000 443 787 ns lag; new total: 42 484 138 219 749 ns
23:12:07.932311 TM: Giving up catch-up attempt at a 60 004 581 249 ns lag; new total: 42 544 142 800 998 ns
23:14:06.711786 TM: Giving up catch-up attempt at a 60 003 523 620 ns lag; new total: 42 604 146 324 618 ns
23:16:05.541884 TM: Giving up catch-up attempt at a 60 004 132 336 ns lag; new total: 42 664 150 456 954 ns
23:18:04.371496 TM: Giving up catch-up attempt at a 60 003 670 223 ns lag; new total: 42 724 154 127 177 ns
23:20:03.192917 TM: Giving up catch-up attempt at a 60 000 445 982 ns lag; new total: 42 784 154 573 159 ns
23:22:01.981998 TM: Giving up catch-up attempt at a 60 003 132 762 ns lag; new total: 42 844 157 705 921 ns
23:24:00.761864 TM: Giving up catch-up attempt at a 60 003 904 665 ns lag; new total: 42 904 161 610 586 ns
23:25:59.622005 TM: Giving up catch-up attempt at a 60 004 183 312 ns lag; new total: 42 964 165 793 898 ns
23:27:58.462225 TM: Giving up catch-up attempt at a 60 004 266 463 ns lag; new total: 43 024 170 060 361 ns
23:29:57.291848 TM: Giving up catch-up attempt at a 60 003 662 551 ns lag; new total: 43 084 173 722 912 ns
23:31:56.111819 TM: Giving up catch-up attempt at a 60 004 005 136 ns lag; new total: 43 144 177 728 048 ns
23:33:54.942111 TM: Giving up catch-up attempt at a 60 004 337 736 ns lag; new total: 43 204 182 065 784 ns
23:35:53.628187 TM: Giving up catch-up attempt at a 60 000 105 671 ns lag; new total: 43 264 182 171 455 ns
23:37:51.672514 TM: Giving up catch-up attempt at a 60 003 326 359 ns lag; new total: 43 324 185 497 814 ns
23:39:50.532254 TM: Giving up catch-up attempt at a 60 003 779 670 ns lag; new total: 43 384 189 277 484 ns
23:41:49.312087 TM: Giving up catch-up attempt at a 60 003 873 662 ns lag; new total: 43 444 193 151 146 ns
23:43:48.171867 TM: Giving up catch-up attempt at a 60 003 839 516 ns lag; new total: 43 504 196 990 662 ns
23:45:47.031670 TM: Giving up catch-up attempt at a 60 003 848 243 ns lag; new total: 43 564 200 838 905 ns
23:47:45.861861 TM: Giving up catch-up attempt at a 60 004 225 354 ns lag; new total: 43 624 205 064 259 ns
23:49:44.721899 TM: Giving up catch-up attempt at a 60 004 076 136 ns lag; new total: 43 684 209 140 395 ns
23:51:43.551945 TM: Giving up catch-up attempt at a 60 004 090 198 ns lag; new total: 43 744 213 230 593 ns
23:53:42.371750 TM: Giving up catch-up attempt at a 60 003 854 306 ns lag; new total: 43 804 217 084 899 ns
23:55:41.232025 TM: Giving up catch-up attempt at a 60 004 318 131 ns lag; new total: 43 864 221 403 030 ns
23:57:40.081777 TM: Giving up catch-up attempt at a 60 003 793 288 ns lag; new total: 43 924 225 196 318 ns
23:59:38.942130 TM: Giving up catch-up attempt at a 60 004 399 670 ns lag; new total: 43 984 229 595 988 ns
24:01:37.651910 TM: Giving up catch-up attempt at a 60 003 814 584 ns lag; new total: 44 044 233 410 572 ns
24:03:36.441820 TM: Giving up catch-up attempt at a 60 003 952 494 ns lag; new total: 44 104 237 363 066 ns
24:05:35.291944 TM: Giving up catch-up attempt at a 60 004 161 859 ns lag; new total: 44 164 241 524 925 ns
24:07:33.911807 TM: Giving up catch-up attempt at a 60 003 891 782 ns lag; new total: 44 224 245 416 707 ns
24:09:32.771989 TM: Giving up catch-up attempt at a 60 004 225 864 ns lag; new total: 44 284 249 642 571 ns
24:11:31.612178 TM: Giving up catch-up attempt at a 60 004 234 825 ns lag; new total: 44 344 253 877 396 ns
24:13:30.399934 TM: Giving up catch-up attempt at a 60 001 810 778 ns lag; new total: 44 404 255 688 174 ns
24:15:26.092119 TM: Giving up catch-up attempt at a 60 000 990 014 ns lag; new total: 44 464 256 678 188 ns
24:17:24.941915 TM: Giving up catch-up attempt at a 60 003 853 907 ns lag; new total: 44 524 260 532 095 ns
24:19:23.802199 TM: Giving up catch-up attempt at a 60 004 330 830 ns lag; new total: 44 584 264 862 925 ns
24:21:22.622222 TM: Giving up catch-up attempt at a 60 004 057 979 ns lag; new total: 44 644 268 920 904 ns
24:23:21.391786 TM: Giving up catch-up attempt at a 60 003 604 588 ns lag; new total: 44 704 272 525 492 ns
24:25:20.251993 TM: Giving up catch-up attempt at a 60 004 250 858 ns lag; new total: 44 764 276 776 350 ns
24:27:19.072149 TM: Giving up catch-up attempt at a 60 004 205 300 ns lag; new total: 44 824 280 981 650 ns
24:29:17.902129 TM: Giving up catch-up attempt at a 60 004 022 851 ns lag; new total: 44 884 285 004 501 ns
24:31:16.742200 TM: Giving up catch-up attempt at a 60 004 109 191 ns lag; new total: 44 944 289 113 692 ns
24:33:15.481992 TM: Giving up catch-up attempt at a 60 003 836 149 ns lag; new total: 45 004 292 949 841 ns
24:35:14.301993 TM: Giving up catch-up attempt at a 60 004 041 334 ns lag; new total: 45 064 296 991 175 ns
24:37:12.953185 TM: Giving up catch-up attempt at a 60 005 209 138 ns lag; new total: 45 124 302 200 313 ns
24:39:11.732256 TM: Giving up catch-up attempt at a 60 003 116 635 ns lag; new total: 45 184 305 316 948 ns
24:41:10.561871 TM: Giving up catch-up attempt at a 60 003 657 632 ns lag; new total: 45 244 308 974 580 ns
24:43:09.352024 TM: Giving up catch-up attempt at a 60 004 200 597 ns lag; new total: 45 304 313 175 177 ns
24:45:08.199647 TM: Giving up catch-up attempt at a 60 001 675 096 ns lag; new total: 45 364 314 850 273 ns
24:47:06.992632 TM: Giving up catch-up attempt at a 60 002 018 908 ns lag; new total: 45 424 316 869 181 ns
24:49:05.852731 TM: Giving up catch-up attempt at a 60 004 144 498 ns lag; new total: 45 484 321 013 679 ns
24:51:04.702790 TM: Giving up catch-up attempt at a 60 004 097 794 ns lag; new total: 45 544 325 111 473 ns
24:53:03.531530 TM: Giving up catch-up attempt at a 60 002 795 211 ns lag; new total: 45 604 327 906 684 ns
24:55:02.352180 TM: Giving up catch-up attempt at a 60 004 677 008 ns lag; new total: 45 664 332 583 692 ns
24:57:01.201866 TM: Giving up catch-up attempt at a 60 003 729 936 ns lag; new total: 45 724 336 313 628 ns
24:59:00.072529 TM: Giving up catch-up attempt at a 60 004 715 469 ns lag; new total: 45 784 341 029 097 ns
25:00:58.899589 TM: Giving up catch-up attempt at a 60 001 111 641 ns lag; new total: 45 844 342 140 738 ns
25:02:57.731993 TM: Giving up catch-up attempt at a 60 001 437 857 ns lag; new total: 45 904 343 578 595 ns
25:04:56.481810 TM: Giving up catch-up attempt at a 60 003 856 141 ns lag; new total: 45 964 347 434 736 ns
25:06:55.002362 TM: Giving up catch-up attempt at a 60 004 565 530 ns lag; new total: 46 024 352 000 266 ns
25:08:53.831808 TM: Giving up catch-up attempt at a 60 003 490 333 ns lag; new total: 46 084 355 490 599 ns
25:10:52.672191 TM: Giving up catch-up attempt at a 60 004 426 101 ns lag; new total: 46 144 359 916 700 ns
25:12:51.541928 TM: Giving up catch-up attempt at a 60 003 785 050 ns lag; new total: 46 204 363 701 750 ns
25:14:50.351894 TM: Giving up catch-up attempt at a 60 004 008 912 ns lag; new total: 46 264 367 710 662 ns
25:16:49.201947 TM: Giving up catch-up attempt at a 60 004 101 149 ns lag; new total: 46 324 371 811 811 ns
25:18:48.062132 TM: Giving up catch-up attempt at a 60 004 231 247 ns lag; new total: 46 384 376 043 058 ns
25:20:46.922050 TM: Giving up catch-up attempt at a 60 003 951 904 ns lag; new total: 46 444 379 994 962 ns
25:22:45.771615 TM: Giving up catch-up attempt at a 60 003 627 837 ns lag; new total: 46 504 383 622 799 ns
25:24:44.562026 TM: Giving up catch-up attempt at a 60 004 444 855 ns lag; new total: 46 564 388 067 654 ns
25:26:43.401874 TM: Giving up catch-up attempt at a 60 003 882 130 ns lag; new total: 46 624 391 949 784 ns
25:28:42.262010 TM: Giving up catch-up attempt at a 60 004 186 448 ns lag; new total: 46 684 396 136 232 ns
25:30:41.112566 TM: Giving up catch-up attempt at a 60 004 599 081 ns lag; new total: 46 744 400 735 313 ns
25:32:39.961959 TM: Giving up catch-up attempt at a 60 003 435 968 ns lag; new total: 46 804 404 171 281 ns
25:34:38.781991 TM: Giving up catch-up attempt at a 60 004 078 528 ns lag; new total: 46 864 408 249 809 ns
25:36:37.141916 TM: Giving up catch-up attempt at a 60 003 926 250 ns lag; new total: 46 924 412 176 059 ns
25:38:35.872074 TM: Giving up catch-up attempt at a 60 004 186 044 ns lag; new total: 46 984 416 362 103 ns
25:40:34.702077 TM: Giving up catch-up attempt at a 60 004 061 977 ns lag; new total: 47 044 420 424 080 ns
25:42:33.572528 TM: Giving up catch-up attempt at a 60 004 499 371 ns lag; new total: 47 104 424 923 451 ns
25:44:32.422202 TM: Giving up catch-up attempt at a 60 003 688 475 ns lag; new total: 47 164 428 611 926 ns
25:46:31.212058 TM: Giving up catch-up attempt at a 60 003 916 716 ns lag; new total: 47 224 432 528 642 ns
25:48:30.061745 TM: Giving up catch-up attempt at a 60 003 737 852 ns lag; new total: 47 284 436 266 494 ns
25:50:28.912131 TM: Giving up catch-up attempt at a 60 004 429 339 ns lag; new total: 47 344 440 695 833 ns
25:52:27.702195 TM: Giving up catch-up attempt at a 60 004 101 598 ns lag; new total: 47 404 444 797 431 ns
25:54:26.451988 TM: Giving up catch-up attempt at a 60 003 821 157 ns lag; new total: 47 464 448 618 588 ns
25:56:25.262263 TM: Giving up catch-up attempt at a 60 004 325 082 ns lag; new total: 47 524 452 943 670 ns
25:58:24.121999 TM: Giving up catch-up attempt at a 60 003 783 702 ns lag; new total: 47 584 456 727 372 ns
26:00:22.962119 TM: Giving up catch-up attempt at a 60 004 167 832 ns lag; new total: 47 644 460 895 204 ns
26:02:21.812270 TM: Giving up catch-up attempt at a 60 004 151 114 ns lag; new total: 47 704 465 046 318 ns
26:04:20.642001 TM: Giving up catch-up attempt at a 60 003 817 294 ns lag; new total: 47 764 468 863 612 ns
26:06:19.311881 TM: Giving up catch-up attempt at a 60 003 900 280 ns lag; new total: 47 824 472 763 892 ns
26:08:17.552202 TM: Giving up catch-up attempt at a 60 004 330 261 ns lag; new total: 47 884 477 094 153 ns
26:10:16.351838 TM: Giving up catch-up attempt at a 60 003 679 832 ns lag; new total: 47 944 480 773 985 ns
26:12:15.162135 TM: Giving up catch-up attempt at a 60 004 335 825 ns lag; new total: 48 004 485 109 810 ns
26:14:13.992316 TM: Giving up catch-up attempt at a 60 004 226 495 ns lag; new total: 48 064 489 336 305 ns
26:16:12.782010 TM: Giving up catch-up attempt at a 60 003 728 506 ns lag; new total: 48 124 493 064 811 ns
26:18:11.641773 TM: Giving up catch-up attempt at a 60 003 808 439 ns lag; new total: 48 184 496 873 250 ns
26:20:10.492096 TM: Giving up catch-up attempt at a 60 004 369 610 ns lag; new total: 48 244 501 242 860 ns
26:22:09.252341 TM: Giving up catch-up attempt at a 60 004 281 654 ns lag; new total: 48 304 505 524 514 ns
26:24:08.091952 TM: Giving up catch-up attempt at a 60 003 654 532 ns lag; new total: 48 364 509 179 046 ns
26:26:06.912034 TM: Giving up catch-up attempt at a 60 004 129 293 ns lag; new total: 48 424 513 308 339 ns
26:28:05.742255 TM: Giving up catch-up attempt at a 60 004 256 598 ns lag; new total: 48 484 517 564 937 ns
26:30:04.581856 TM: Giving up catch-up attempt at a 60 003 646 791 ns lag; new total: 48 544 521 211 728 ns
26:32:03.442850 TM: Giving up catch-up attempt at a 60 005 036 117 ns lag; new total: 48 604 526 247 845 ns
26:34:02.271809 TM: Giving up catch-up attempt at a 60 003 005 452 ns lag; new total: 48 664 529 253 297 ns
26:36:00.963617 TM: Giving up catch-up attempt at a 60 000 858 975 ns lag; new total: 48 724 530 112 272 ns
26:37:59.102273 TM: Giving up catch-up attempt at a 60 002 633 338 ns lag; new total: 48 784 532 745 610 ns
26:39:57.912200 TM: Giving up catch-up attempt at a 60 003 968 598 ns lag; new total: 48 844 536 714 208 ns
26:41:56.742069 TM: Giving up catch-up attempt at a 60 003 913 257 ns lag; new total: 48 904 540 627 465 ns
26:43:55.541828 TM: Giving up catch-up attempt at a 60 007 604 384 ns lag; new total: 48 964 548 231 849 ns
26:45:54.411839 TM: Giving up catch-up attempt at a 60 000 252 791 ns lag; new total: 49 024 548 484 640 ns
26:47:53.211962 TM: Giving up catch-up attempt at a 60 004 171 998 ns lag; new total: 49 084 552 656 638 ns
26:49:52.041849 TM: Giving up catch-up attempt at a 60 003 933 559 ns lag; new total: 49 144 556 590 197 ns
26:51:50.901818 TM: Giving up catch-up attempt at a 60 004 006 700 ns lag; new total: 49 204 560 596 897 ns
26:53:49.732727 TM: Giving up catch-up attempt at a 60 004 925 448 ns lag; new total: 49 264 565 522 345 ns
26:55:48.592044 TM: Giving up catch-up attempt at a 60 003 384 457 ns lag; new total: 49 324 568 906 802 ns
26:57:47.401801 TM: Giving up catch-up attempt at a 60 003 798 086 ns lag; new total: 49 384 572 704 888 ns
26:59:46.251817 TM: Giving up catch-up attempt at a 60 004 068 214 ns lag; new total: 49 444 576 773 102 ns
27:01:45.082280 TM: Giving up catch-up attempt at a 60 004 500 883 ns lag; new total: 49 504 581 273 985 ns
27:03:43.941944 TM: Giving up catch-up attempt at a 60 003 717 012 ns lag; new total: 49 564 584 990 997 ns
27:05:42.802048 TM: Giving up catch-up attempt at a 60 004 145 861 ns lag; new total: 49 624 589 136 858 ns
27:07:41.082153 TM: Giving up catch-up attempt at a 60 004 112 334 ns lag; new total: 49 684 593 249 192 ns
27:09:39.831914 TM: Giving up catch-up attempt at a 60 003 794 036 ns lag; new total: 49 744 597 043 228 ns
27:11:38.351837 TM: Giving up catch-up attempt at a 60 003 939 949 ns lag; new total: 49 804 600 983 177 ns
27:13:37.131804 TM: Giving up catch-up attempt at a 60 004 010 129 ns lag; new total: 49 864 604 993 306 ns
27:15:35.952116 TM: Giving up catch-up attempt at a 60 004 351 626 ns lag; new total: 49 924 609 344 932 ns
27:17:34.731919 TM: Giving up catch-up attempt at a 60 003 841 427 ns lag; new total: 49 984 613 186 359 ns
27:19:33.562258 TM: Giving up catch-up attempt at a 60 004 384 330 ns lag; new total: 50 044 617 570 689 ns
27:21:32.412394 TM: Giving up catch-up attempt at a 60 004 179 881 ns lag; new total: 50 104 621 750 570 ns
27:23:31.231887 TM: Giving up catch-up attempt at a 60 003 544 676 ns lag; new total: 50 164 625 295 246 ns
27:25:30.091966 TM: Giving up catch-up attempt at a 60 004 115 998 ns lag; new total: 50 224 629 411 244 ns
27:27:28.941775 TM: Giving up catch-up attempt at a 60 003 853 021 ns lag; new total: 50 284 633 264 265 ns
27:29:27.721959 TM: Giving up catch-up attempt at a 60 004 221 634 ns lag; new total: 50 344 637 485 899 ns
27:31:26.591989 TM: Giving up catch-up attempt at a 60 004 078 923 ns lag; new total: 50 404 641 564 822 ns
27:33:25.432178 TM: Giving up catch-up attempt at a 60 004 238 133 ns lag; new total: 50 464 645 802 955 ns
27:35:24.302005 TM: Giving up catch-up attempt at a 60 003 868 075 ns lag; new total: 50 524 649 671 030 ns
27:37:22.272792 TM: Giving up catch-up attempt at a 60 004 766 265 ns lag; new total: 50 584 654 437 295 ns
27:39:20.861842 TM: Giving up catch-up attempt at a 60 003 078 193 ns lag; new total: 50 644 657 515 488 ns
27:41:19.722297 TM: Giving up catch-up attempt at a 60 004 498 930 ns lag; new total: 50 704 662 014 418 ns
27:43:18.572390 TM: Giving up catch-up attempt at a 60 004 148 606 ns lag; new total: 50 764 666 163 024 ns
27:45:17.412169 TM: Giving up catch-up attempt at a 60 003 820 728 ns lag; new total: 50 824 669 983 752 ns
27:47:16.251990 TM: Giving up catch-up attempt at a 60 003 859 775 ns lag; new total: 50 884 673 843 527 ns
27:49:15.041855 TM: Giving up catch-up attempt at a 60 003 909 633 ns lag; new total: 50 944 677 753 160 ns
27:51:13.892233 TM: Giving up catch-up attempt at a 60 004 411 250 ns lag; new total: 51 004 682 164 410 ns
27:53:12.732112 TM: Giving up catch-up attempt at a 60 003 927 446 ns lag; new total: 51 064 686 091 856 ns
27:55:11.572288 TM: Giving up catch-up attempt at a 60 004 221 500 ns lag; new total: 51 124 690 313 356 ns
27:57:10.421982 TM: Giving up catch-up attempt at a 60 003 739 001 ns lag; new total: 51 184 694 052 357 ns
27:59:09.232075 TM: Giving up catch-up attempt at a 60 004 140 174 ns lag; new total: 51 244 698 192 531 ns
28:01:08.082346 TM: Giving up catch-up attempt at a 60 004 304 878 ns lag; new total: 51 304 702 497 409 ns
28:03:06.932133 TM: Giving up catch-up attempt at a 60 003 834 518 ns lag; new total: 51 364 706 331 927 ns
28:05:05.772116 TM: Giving up catch-up attempt at a 60 004 026 898 ns lag; new total: 51 424 710 358 825 ns
28:07:04.191874 TM: Giving up catch-up attempt at a 60 003 768 270 ns lag; new total: 51 484 714 127 095 ns
28:09:02.851876 TM: Giving up catch-up attempt at a 60 004 033 406 ns lag; new total: 51 544 718 160 501 ns
28:11:01.651982 TM: Giving up catch-up attempt at a 60 004 146 295 ns lag; new total: 51 604 722 306 796 ns
28:13:00.482165 TM: Giving up catch-up attempt at a 60 004 229 879 ns lag; new total: 51 664 726 536 675 ns
28:14:59.321955 TM: Giving up catch-up attempt at a 60 003 840 024 ns lag; new total: 51 724 730 376 699 ns
28:16:58.162268 TM: Giving up catch-up attempt at a 60 004 350 510 ns lag; new total: 51 784 734 727 209 ns
28:18:56.972745 TM: Giving up catch-up attempt at a 60 004 527 778 ns lag; new total: 51 844 739 254 987 ns
28:20:55.772132 TM: Giving up catch-up attempt at a 60 003 419 519 ns lag; new total: 51 904 742 674 506 ns
28:22:54.622311 TM: Giving up catch-up attempt at a 60 004 221 093 ns lag; new total: 51 964 746 895 599 ns
28:24:53.472321 TM: Giving up catch-up attempt at a 60 004 058 094 ns lag; new total: 52 024 750 953 693 ns
28:26:52.322096 TM: Giving up catch-up attempt at a 60 003 822 472 ns lag; new total: 52 084 754 776 165 ns
28:28:51.161955 TM: Giving up catch-up attempt at a 60 003 905 814 ns lag; new total: 52 144 758 681 979 ns
28:30:49.942134 TM: Giving up catch-up attempt at a 60 004 210 049 ns lag; new total: 52 204 762 892 028 ns
28:32:48.792219 TM: Giving up catch-up attempt at a 60 004 129 389 ns lag; new total: 52 264 767 021 417 ns
28:34:47.651858 TM: Giving up catch-up attempt at a 60 003 691 054 ns lag; new total: 52 324 770 712 471 ns
28:36:46.222142 TM: Giving up catch-up attempt at a 60 004 298 171 ns lag; new total: 52 384 775 010 642 ns
28:38:45.062614 TM: Giving up catch-up attempt at a 60 004 522 088 ns lag; new total: 52 444 779 532 730 ns
28:40:43.852032 TM: Giving up catch-up attempt at a 60 003 459 115 ns lag; new total: 52 504 782 991 845 ns
28:42:42.732214 TM: Giving up catch-up attempt at a 60 004 226 952 ns lag; new total: 52 564 787 218 797 ns
28:44:41.592263 TM: Giving up catch-up attempt at a 60 004 089 035 ns lag; new total: 52 624 791 307 832 ns
28:46:40.432243 TM: Giving up catch-up attempt at a 60 004 028 003 ns lag; new total: 52 684 795 335 835 ns
28:48:39.291939 TM: Giving up catch-up attempt at a 60 003 748 553 ns lag; new total: 52 744 799 084 388 ns
28:50:38.092001 TM: Giving up catch-up attempt at a 60 004 102 686 ns lag; new total: 52 804 803 187 074 ns
28:52:36.912114 TM: Giving up catch-up attempt at a 60 004 154 843 ns lag; new total: 52 864 807 341 917 ns
28:54:35.771745 TM: Giving up catch-up attempt at a 60 003 674 489 ns lag; new total: 52 924 811 016 406 ns
28:56:34.601915 TM: Giving up catch-up attempt at a 60 004 212 753 ns lag; new total: 52 984 815 229 159 ns
28:58:33.461975 TM: Giving up catch-up attempt at a 60 004 106 608 ns lag; new total: 53 044 819 335 767 ns
29:00:32.302010 TM: Giving up catch-up attempt at a 60 004 074 320 ns lag; new total: 53 104 823 410 087 ns
29:02:31.102347 TM: Giving up catch-up attempt at a 60 004 370 129 ns lag; new total: 53 164 827 780 216 ns
29:04:29.871762 TM: Giving up catch-up attempt at a 60 003 464 094 ns lag; new total: 53 224 831 244 310 ns
29:06:28.172814 TM: Giving up catch-up attempt at a 60 000 016 878 ns lag; new total: 53 284 831 261 188 ns
29:08:26.841861 TM: Giving up catch-up attempt at a 60 003 115 866 ns lag; new total: 53 344 834 377 054 ns
29:10:25.711940 TM: Giving up catch-up attempt at a 60 004 121 923 ns lag; new total: 53 404 838 498 977 ns
29:12:24.502028 TM: Giving up catch-up attempt at a 60 004 136 472 ns lag; new total: 53 464 842 635 449 ns
29:14:23.351927 TM: Giving up catch-up attempt at a 60 003 942 721 ns lag; new total: 53 524 846 578 170 ns
29:16:22.191897 TM: Giving up catch-up attempt at a 60 004 015 000 ns lag; new total: 53 584 850 593 170 ns
29:18:21.031781 TM: Giving up catch-up attempt at a 60 003 919 295 ns lag; new total: 53 644 854 512 465 ns
29:20:19.872154 TM: Giving up catch-up attempt at a 60 004 425 435 ns lag; new total: 53 704 858 937 900 ns
29:22:18.682728 TM: Giving up catch-up attempt at a 60 004 609 033 ns lag; new total: 53 764 863 546 933 ns
29:24:17.531835 TM: Giving up catch-up attempt at a 60 003 151 343 ns lag; new total: 53 824 866 698 276 ns
29:26:16.362235 TM: Giving up catch-up attempt at a 60 004 451 187 ns lag; new total: 53 884 871 149 463 ns
29:28:15.171801 TM: Giving up catch-up attempt at a 60 003 607 106 ns lag; new total: 53 944 874 756 569 ns
29:30:14.002183 TM: Giving up catch-up attempt at a 60 004 425 489 ns lag; new total: 54 004 879 182 058 ns
29:32:12.792082 TM: Giving up catch-up attempt at a 60 003 938 533 ns lag; new total: 54 064 883 120 591 ns
29:34:11.621865 TM: Giving up catch-up attempt at a 60 003 826 387 ns lag; new total: 54 124 886 946 978 ns
29:36:10.342366 TM: Giving up catch-up attempt at a 60 004 526 437 ns lag; new total: 54 184 891 473 415 ns
29:38:08.972169 TM: Giving up catch-up attempt at a 60 003 831 513 ns lag; new total: 54 244 895 304 928 ns
29:40:07.842140 TM: Giving up catch-up attempt at a 60 004 026 137 ns lag; new total: 54 304 899 331 065 ns
29:42:06.642252 TM: Giving up catch-up attempt at a 60 004 154 990 ns lag; new total: 54 364 903 486 055 ns
29:44:05.462152 TM: Giving up catch-up attempt at a 60 003 942 026 ns lag; new total: 54 424 907 428 081 ns
29:46:04.311841 TM: Giving up catch-up attempt at a 60 003 725 178 ns lag; new total: 54 484 911 153 259 ns
29:48:03.171830 TM: Giving up catch-up attempt at a 60 004 042 489 ns lag; new total: 54 544 915 195 748 ns
29:50:02.011913 TM: Giving up catch-up attempt at a 60 004 127 631 ns lag; new total: 54 604 919 323 379 ns
29:52:00.862144 TM: Giving up catch-up attempt at a 60 004 262 197 ns lag; new total: 54 664 923 585 576 ns
29:53:59.602007 TM: Giving up catch-up attempt at a 60 003 899 755 ns lag; new total: 54 724 927 485 331 ns
29:55:58.452118 TM: Giving up catch-up attempt at a 60 004 160 566 ns lag; new total: 54 784 931 645 897 ns
29:57:57.302194 TM: Giving up catch-up attempt at a 60 004 114 433 ns lag; new total: 54 844 935 760 330 ns
29:59:56.132263 TM: Giving up catch-up attempt at a 60 004 121 052 ns lag; new total: 54 904 939 881 382 ns
30:01:54.821941 TM: Giving up catch-up attempt at a 60 003 700 306 ns lag; new total: 54 964 943 581 688 ns
30:03:53.582010 TM: Giving up catch-up attempt at a 60 004 112 530 ns lag; new total: 55 024 947 694 218 ns
30:05:52.431764 TM: Giving up catch-up attempt at a 60 003 802 395 ns lag; new total: 55 084 951 496 613 ns
30:07:50.362007 TM: Giving up catch-up attempt at a 60 004 221 945 ns lag; new total: 55 144 955 718 558 ns
30:09:49.102130 TM: Giving up catch-up attempt at a 60 004 157 906 ns lag; new total: 55 204 959 876 464 ns
30:11:47.781894 TM: Giving up catch-up attempt at a 60 003 792 804 ns lag; new total: 55 264 963 669 268 ns
30:13:46.542135 TM: Giving up catch-up attempt at a 60 004 294 112 ns lag; new total: 55 324 967 963 380 ns
30:15:45.392236 TM: Giving up catch-up attempt at a 60 004 137 507 ns lag; new total: 55 384 972 100 887 ns
30:17:44.242066 TM: Giving up catch-up attempt at a 60 003 868 052 ns lag; new total: 55 444 975 968 939 ns
30:19:43.072108 TM: Giving up catch-up attempt at a 60 004 086 313 ns lag; new total: 55 504 980 055 252 ns
30:21:41.831795 TM: Giving up catch-up attempt at a 60 003 730 007 ns lag; new total: 55 564 983 785 259 ns
30:23:40.592758 TM: Giving up catch-up attempt at a 60 004 999 778 ns lag; new total: 55 624 988 785 037 ns
30:25:39.412694 TM: Giving up catch-up attempt at a 60 003 977 507 ns lag; new total: 55 684 992 762 544 ns
30:27:38.221805 TM: Giving up catch-up attempt at a 60 003 155 888 ns lag; new total: 55 744 995 918 432 ns
30:29:37.071899 TM: Giving up catch-up attempt at a 60 004 143 803 ns lag; new total: 55 805 000 062 235 ns
30:31:35.922023 TM: Giving up catch-up attempt at a 60 004 158 963 ns lag; new total: 55 865 004 221 198 ns
30:33:31.692105 TM: Giving up catch-up attempt at a 60 003 917 270 ns lag; new total: 55 925 008 138 468 ns
30:35:28.972724 TM: Giving up catch-up attempt at a 60 004 565 072 ns lag; new total: 55 985 012 703 540 ns
30:37:24.491779 TM: Giving up catch-up attempt at a 60 002 862 283 ns lag; new total: 56 045 015 565 823 ns
30:39:21.661890 TM: Giving up catch-up attempt at a 60 004 040 558 ns lag; new total: 56 105 019 606 381 ns
30:41:18.541965 TM: Giving up catch-up attempt at a 60 003 980 347 ns lag; new total: 56 165 023 586 728 ns
30:43:15.312117 TM: Giving up catch-up attempt at a 60 004 048 646 ns lag; new total: 56 225 027 635 374 ns
30:45:11.822055 TM: Giving up catch-up attempt at a 60 003 829 967 ns lag; new total: 56 285 031 465 341 ns
30:47:08.651953 TM: Giving up catch-up attempt at a 60 003 798 920 ns lag; new total: 56 345 035 264 261 ns
30:49:05.072018 TM: Giving up catch-up attempt at a 60 003 935 187 ns lag; new total: 56 405 039 199 448 ns
30:51:01.992230 TM: Giving up catch-up attempt at a 60 004 133 641 ns lag; new total: 56 465 043 333 089 ns
30:52:58.762065 TM: Giving up catch-up attempt at a 60 003 736 722 ns lag; new total: 56 525 047 069 811 ns
30:54:56.122222 TM: Giving up catch-up attempt at a 60 004 099 457 ns lag; new total: 56 585 051 169 268 ns
30:56:53.501952 TM: Giving up catch-up attempt at a 60 003 670 663 ns lag; new total: 56 645 054 839 931 ns
30:58:50.862032 TM: Giving up catch-up attempt at a 60 004 026 667 ns lag; new total: 56 705 058 866 598 ns
31:00:48.172104 TM: Giving up catch-up attempt at a 60 004 010 376 ns lag; new total: 56 765 062 876 974 ns
31:02:45.482364 TM: Giving up catch-up attempt at a 60 014 191 638 ns lag; new total: 56 825 077 068 612 ns
31:04:42.342108 TM: Giving up catch-up attempt at a 60 003 654 038 ns lag; new total: 56 885 080 722 650 ns
31:06:38.881951 TM: Giving up catch-up attempt at a 60 003 729 550 ns lag; new total: 56 945 084 452 200 ns
31:08:35.862262 TM: Giving up catch-up attempt at a 60 004 226 332 ns lag; new total: 57 005 088 678 532 ns
31:10:32.901963 TM: Giving up catch-up attempt at a 60 003 620 815 ns lag; new total: 57 065 092 299 347 ns
31:12:29.471959 TM: Giving up catch-up attempt at a 60 013 872 085 ns lag; new total: 57 125 106 171 432 ns
31:14:26.002304 TM: Giving up catch-up attempt at a 60 004 233 174 ns lag; new total: 57 185 110 404 606 ns
31:16:23.062078 TM: Giving up catch-up attempt at a 60 003 705 366 ns lag; new total: 57 245 114 109 972 ns
31:18:20.052227 TM: Giving up catch-up attempt at a 60 004 066 151 ns lag; new total: 57 305 118 176 123 ns
31:20:16.742087 TM: Giving up catch-up attempt at a 60 003 751 015 ns lag; new total: 57 365 121 927 138 ns
31:22:13.761875 TM: Giving up catch-up attempt at a 60 003 714 286 ns lag; new total: 57 425 125 641 424 ns
31:24:10.841914 TM: Giving up catch-up attempt at a 60 003 966 955 ns lag; new total: 57 485 129 608 379 ns
31:26:07.922285 TM: Giving up catch-up attempt at a 60 004 288 579 ns lag; new total: 57 545 133 896 958 ns
31:28:04.942105 TM: Giving up catch-up attempt at a 60 003 733 396 ns lag; new total: 57 605 137 630 354 ns
31:30:02.431885 TM: Giving up catch-up attempt at a 60 008 736 169 ns lag; new total: 57 665 146 366 523 ns
31:31:59.931955 TM: Giving up catch-up attempt at a 60 004 022 432 ns lag; new total: 57 725 150 388 955 ns
31:33:57.652287 TM: Giving up catch-up attempt at a 60 004 293 308 ns lag; new total: 57 785 154 682 263 ns
31:35:55.242158 TM: Giving up catch-up attempt at a 60 003 838 419 ns lag; new total: 57 845 158 520 682 ns
31:37:52.511846 TM: Giving up catch-up attempt at a 60 003 624 322 ns lag; new total: 57 905 162 145 004 ns
31:39:49.911940 TM: Giving up catch-up attempt at a 60 004 034 872 ns lag; new total: 57 965 166 179 876 ns
31:41:47.462187 TM: Giving up catch-up attempt at a 60 004 200 896 ns lag; new total: 58 025 170 380 772 ns
31:43:43.611822 TM: Giving up catch-up attempt at a 60 003 498 510 ns lag; new total: 58 085 173 879 282 ns
31:45:41.331922 TM: Giving up catch-up attempt at a 60 004 063 534 ns lag; new total: 58 145 177 942 816 ns
31:47:38.941881 TM: Giving up catch-up attempt at a 60 003 918 278 ns lag; new total: 58 205 181 861 094 ns
31:49:36.378813 TM: Giving up catch-up attempt at a 60 025 877 723 ns lag; new total: 58 265 207 738 817 ns
31:51:33.891459 TM: Giving up catch-up attempt at a 60 001 606 976 ns lag; new total: 58 325 209 345 793 ns
31:53:31.112055 TM: Giving up catch-up attempt at a 60 004 516 593 ns lag; new total: 58 385 213 862 386 ns
31:55:28.442223 TM: Giving up catch-up attempt at a 60 004 108 315 ns lag; new total: 58 445 217 970 701 ns
31:57:25.542142 TM: Giving up catch-up attempt at a 60 003 844 798 ns lag; new total: 58 505 221 815 499 ns
31:59:23.101839 TM: Giving up catch-up attempt at a 60 003 655 999 ns lag; new total: 58 565 225 471 498 ns
32:01:20.602076 TM: Giving up catch-up attempt at a 60 004 179 532 ns lag; new total: 58 625 229 651 030 ns
32:03:18.072055 TM: Giving up catch-up attempt at a 60 003 935 814 ns lag; new total: 58 685 233 586 844 ns
32:05:15.422131 TM: Giving up catch-up attempt at a 60 004 014 977 ns lag; new total: 58 745 237 601 821 ns
32:07:12.642200 TM: Giving up catch-up attempt at a 60 004 001 027 ns lag; new total: 58 805 241 602 848 ns
32:09:09.742298 TM: Giving up catch-up attempt at a 60 004 019 618 ns lag; new total: 58 865 245 622 466 ns
32:11:06.522289 TM: Giving up catch-up attempt at a 60 003 889 841 ns lag; new total: 58 925 249 512 307 ns
32:13:03.251897 TM: Giving up catch-up attempt at a 60 003 510 176 ns lag; new total: 58 985 253 022 483 ns
32:15:00.501950 TM: Giving up catch-up attempt at a 60 003 985 936 ns lag; new total: 59 045 257 008 419 ns
32:16:58.112119 TM: Giving up catch-up attempt at a 60 004 129 189 ns lag; new total: 59 105 261 137 608 ns
32:18:55.561718 TM: Giving up catch-up attempt at a 60 003 549 198 ns lag; new total: 59 165 264 686 806 ns
32:20:52.692034 TM: Giving up catch-up attempt at a 60 004 244 531 ns lag; new total: 59 225 268 931 337 ns
32:22:49.621985 TM: Giving up catch-up attempt at a 60 003 865 107 ns lag; new total: 59 285 272 796 444 ns
32:24:46.881968 TM: Giving up catch-up attempt at a 60 003 915 739 ns lag; new total: 59 345 276 712 183 ns
32:26:44.301847 TM: Giving up catch-up attempt at a 60 003 829 379 ns lag; new total: 59 405 280 541 562 ns
32:28:41.522211 TM: Giving up catch-up attempt at a 60 004 296 608 ns lag; new total: 59 465 284 838 170 ns
32:30:38.812271 TM: Giving up catch-up attempt at a 60 003 997 135 ns lag; new total: 59 525 288 835 305 ns
32:32:36.042386 TM: Giving up catch-up attempt at a 60 004 046 102 ns lag; new total: 59 585 292 881 407 ns
32:34:32.962151 TM: Giving up catch-up attempt at a 60 003 674 081 ns lag; new total: 59 645 296 555 488 ns
32:36:30.071875 TM: Giving up catch-up attempt at a 60 003 644 698 ns lag; new total: 59 705 300 200 186 ns
32:38:27.021817 TM: Giving up catch-up attempt at a 60 003 857 272 ns lag; new total: 59 765 304 057 458 ns
32:40:24.282050 TM: Giving up catch-up attempt at a 60 004 174 476 ns lag; new total: 59 825 308 231 934 ns
32:42:21.271834 TM: Giving up catch-up attempt at a 60 003 696 122 ns lag; new total: 59 885 311 928 056 ns
32:44:17.981822 TM: Giving up catch-up attempt at a 60 003 879 535 ns lag; new total: 59 945 315 807 591 ns
32:46:15.451894 TM: Giving up catch-up attempt at a 60 004 021 937 ns lag; new total: 60 005 319 829 528 ns
32:48:12.531825 TM: Giving up catch-up attempt at a 60 003 852 355 ns lag; new total: 60 065 323 681 883 ns
32:50:09.781982 TM: Giving up catch-up attempt at a 60 004 103 747 ns lag; new total: 60 125 327 785 630 ns
32:52:07.282096 TM: Giving up catch-up attempt at a 60 004 053 763 ns lag; new total: 60 185 331 839 393 ns
32:54:04.501728 TM: Giving up catch-up attempt at a 60 003 576 022 ns lag; new total: 60 245 335 415 415 ns
32:55:54.331896 TM: Giving up catch-up attempt at a 60 002 645 966 ns lag; new total: 60 305 338 061 381 ns
32:57:47.192518 TM: Giving up catch-up attempt at a 60 005 200 832 ns lag; new total: 60 365 343 262 213 ns
32:59:44.841989 TM: Giving up catch-up attempt at a 60 003 433 382 ns lag; new total: 60 425 346 695 595 ns
33:01:42.062049 TM: Giving up catch-up attempt at a 60 003 988 006 ns lag; new total: 60 485 350 683 601 ns
33:03:39.332582 TM: Giving up catch-up attempt at a 60 004 473 372 ns lag; new total: 60 545 355 156 973 ns
33:05:35.782007 TM: Giving up catch-up attempt at a 60 003 293 030 ns lag; new total: 60 605 358 450 003 ns
33:07:31.962169 TM: Giving up catch-up attempt at a 60 004 025 746 ns lag; new total: 60 665 362 475 749 ns
33:09:28.922174 TM: Giving up catch-up attempt at a 60 003 913 555 ns lag; new total: 60 725 366 389 304 ns
33:11:25.541946 TM: Giving up catch-up attempt at a 60 003 668 625 ns lag; new total: 60 785 370 057 929 ns
33:13:22.852136 TM: Giving up catch-up attempt at a 60 004 133 021 ns lag; new total: 60 845 374 190 950 ns
33:15:19.752062 TM: Giving up catch-up attempt at a 60 003 826 738 ns lag; new total: 60 905 378 017 688 ns
33:17:17.132650 TM: Giving up catch-up attempt at a 60 004 533 394 ns lag; new total: 60 965 382 551 082 ns
33:19:14.342336 TM: Giving up catch-up attempt at a 60 003 620 264 ns lag; new total: 61 025 386 171 346 ns
33:21:11.362149 TM: Giving up catch-up attempt at a 60 003 731 115 ns lag; new total: 61 085 389 902 461 ns
33:23:08.391872 TM: Giving up catch-up attempt at a 60 008 375 770 ns lag; new total: 61 145 398 278 231 ns
33:25:05.642095 TM: Giving up catch-up attempt at a 60 004 432 093 ns lag; new total: 61 205 402 710 324 ns
33:27:02.821843 TM: Giving up catch-up attempt at a 60 003 669 521 ns lag; new total: 61 265 406 379 845 ns
33:29:00.042333 TM: Giving up catch-up attempt at a 60 004 427 759 ns lag; new total: 61 325 410 807 604 ns
33:30:56.432039 TM: Giving up catch-up attempt at a 60 003 576 231 ns lag; new total: 61 385 414 383 835 ns
33:32:52.971987 TM: Giving up catch-up attempt at a 60 003 843 245 ns lag; new total: 61 445 418 227 080 ns
33:34:50.072212 TM: Giving up catch-up attempt at a 60 004 148 643 ns lag; new total: 61 505 422 375 723 ns
33:36:47.552069 TM: Giving up catch-up attempt at a 60 003 797 841 ns lag; new total: 61 565 426 173 564 ns
33:38:44.721986 TM: Giving up catch-up attempt at a 60 003 842 268 ns lag; new total: 61 625 430 015 832 ns
33:40:41.472625 TM: Giving up catch-up attempt at a 60 004 534 017 ns lag; new total: 61 685 434 549 849 ns
33:42:38.551967 TM: Giving up catch-up attempt at a 60 003 283 937 ns lag; new total: 61 745 437 833 786 ns
33:44:35.622255 TM: Giving up catch-up attempt at a 60 004 204 747 ns lag; new total: 61 805 442 038 533 ns
33:46:32.722189 TM: Giving up catch-up attempt at a 60 003 852 276 ns lag; new total: 61 865 445 890 809 ns
33:48:29.752056 TM: Giving up catch-up attempt at a 60 003 793 127 ns lag; new total: 61 925 449 683 936 ns
33:50:26.452738 TM: Giving up catch-up attempt at a 60 004 572 127 ns lag; new total: 61 985 454 256 063 ns
33:52:23.301814 TM: Giving up catch-up attempt at a 60 002 978 242 ns lag; new total: 62 045 457 234 305 ns
33:54:19.921777 TM: Giving up catch-up attempt at a 60 003 868 206 ns lag; new total: 62 105 461 102 511 ns
33:56:15.581937 TM: Giving up catch-up attempt at a 60 003 977 699 ns lag; new total: 62 165 465 080 210 ns
33:58:12.381942 TM: Giving up catch-up attempt at a 60 003 916 135 ns lag; new total: 62 225 468 996 345 ns
34:00:09.672029 TM: Giving up catch-up attempt at a 60 004 023 437 ns lag; new total: 62 285 473 019 782 ns
34:02:06.531926 TM: Giving up catch-up attempt at a 60 003 797 633 ns lag; new total: 62 345 476 817 415 ns
34:04:03.332181 TM: Giving up catch-up attempt at a 60 004 165 415 ns lag; new total: 62 405 480 982 830 ns
34:06:00.262043 TM: Giving up catch-up attempt at a 60 003 766 131 ns lag; new total: 62 465 484 748 961 ns
34:07:57.222177 TM: Giving up catch-up attempt at a 60 019 047 095 ns lag; new total: 62 525 503 796 056 ns
34:09:53.591997 TM: Giving up catch-up attempt at a 60 003 699 801 ns lag; new total: 62 585 507 495 857 ns
34:11:50.362123 TM: Giving up catch-up attempt at a 60 004 022 218 ns lag; new total: 62 645 511 518 075 ns
34:13:47.421760 TM: Giving up catch-up attempt at a 60 003 563 528 ns lag; new total: 62 705 515 081 603 ns
34:15:44.351964 TM: Giving up catch-up attempt at a 60 004 112 133 ns lag; new total: 62 765 519 193 736 ns
34:17:40.771968 TM: Giving up catch-up attempt at a 60 003 887 249 ns lag; new total: 62 825 523 080 985 ns
34:19:37.702236 TM: Giving up catch-up attempt at a 60 004 173 584 ns lag; new total: 62 885 527 254 569 ns
34:21:34.421929 TM: Giving up catch-up attempt at a 60 003 589 378 ns lag; new total: 62 945 530 843 947 ns
34:23:30.052171 TM: Giving up catch-up attempt at a 60 004 067 564 ns lag; new total: 63 005 534 911 511 ns
34:25:26.272000 TM: Giving up catch-up attempt at a 60 003 698 616 ns lag; new total: 63 065 538 610 127 ns
34:27:22.522068 TM: Giving up catch-up attempt at a 60 003 929 946 ns lag; new total: 63 125 542 540 073 ns
34:29:18.911829 TM: Giving up catch-up attempt at a 60 003 633 975 ns lag; new total: 63 185 546 174 048 ns
34:31:15.802119 TM: Giving up catch-up attempt at a 60 004 195 953 ns lag; new total: 63 245 550 370 001 ns
34:33:12.402194 TM: Giving up catch-up attempt at a 60 003 965 958 ns lag; new total: 63 305 554 335 959 ns
34:35:09.602247 TM: Giving up catch-up attempt at a 60 003 993 348 ns lag; new total: 63 365 558 329 307 ns
34:37:06.711948 TM: Giving up catch-up attempt at a 60 003 617 709 ns lag; new total: 63 425 561 947 016 ns
34:39:03.622174 TM: Giving up catch-up attempt at a 60 004 139 085 ns lag; new total: 63 485 566 086 101 ns
34:41:00.472068 TM: Giving up catch-up attempt at a 60 003 805 819 ns lag; new total: 63 545 569 891 920 ns
34:42:56.692046 TM: Giving up catch-up attempt at a 60 003 839 750 ns lag; new total: 63 605 573 731 670 ns
34:44:53.592211 TM: Giving up catch-up attempt at a 60 004 077 590 ns lag; new total: 63 665 577 809 260 ns
34:46:50.491990 TM: Giving up catch-up attempt at a 60 003 687 520 ns lag; new total: 63 725 581 496 780 ns
34:48:47.281842 TM: Giving up catch-up attempt at a 60 003 758 697 ns lag; new total: 63 785 585 255 477 ns
34:50:42.891807 TM: Giving up catch-up attempt at a 60 003 778 114 ns lag; new total: 63 845 589 033 591 ns
34:52:36.952739 TM: Giving up catch-up attempt at a 60 004 649 905 ns lag; new total: 63 905 593 683 496 ns
34:54:33.002467 TM: Giving up catch-up attempt at a 60 003 582 643 ns lag; new total: 63 965 597 266 139 ns
34:56:29.901875 TM: Giving up catch-up attempt at a 60 003 321 867 ns lag; new total: 64 025 600 588 006 ns
34:58:26.832108 TM: Giving up catch-up attempt at a 60 004 140 996 ns lag; new total: 64 085 604 729 002 ns
35:00:23.212302 TM: Giving up catch-up attempt at a 60 004 062 469 ns lag; new total: 64 145 608 791 471 ns
35:01:58.722399 TM: Giving up catch-up attempt at a 60 002 534 303 ns lag; new total: 64 205 611 325 774 ns
35:03:54.692015 TM: Giving up catch-up attempt at a 60 003 469 590 ns lag; new total: 64 265 614 795 364 ns
35:05:51.602069 TM: Giving up catch-up attempt at a 60 003 959 534 ns lag; new total: 64 325 618 754 898 ns
35:07:48.331842 TM: Giving up catch-up attempt at a 60 003 676 499 ns lag; new total: 64 385 622 431 397 ns
35:09:45.322220 TM: Giving up catch-up attempt at a 60 024 290 388 ns lag; new total: 64 445 646 721 785 ns
35:11:42.161986 TM: Giving up catch-up attempt at a 60 003 678 944 ns lag; new total: 64 505 650 400 729 ns
35:13:39.111906 TM: Giving up catch-up attempt at a 60 003 836 687 ns lag; new total: 64 565 654 237 416 ns
35:15:36.082016 TM: Giving up catch-up attempt at a 60 004 025 694 ns lag; new total: 64 625 658 263 110 ns
35:17:32.732096 TM: Giving up catch-up attempt at a 60 003 971 362 ns lag; new total: 64 685 662 234 472 ns
35:19:28.392100 TM: Giving up catch-up attempt at a 60 003 830 950 ns lag; new total: 64 745 666 065 422 ns
35:21:24.962085 TM: Giving up catch-up attempt at a 60 003 873 846 ns lag; new total: 64 805 669 939 268 ns
35:23:21.881970 TM: Giving up catch-up attempt at a 60 003 791 112 ns lag; new total: 64 865 673 730 380 ns
35:25:18.562269 TM: Giving up catch-up attempt at a 60 004 191 448 ns lag; new total: 64 925 677 921 828 ns
35:27:15.532025 TM: Giving up catch-up attempt at a 60 003 666 131 ns lag; new total: 64 985 681 587 959 ns
35:29:11.731958 TM: Giving up catch-up attempt at a 60 003 805 707 ns lag; new total: 65 045 685 393 666 ns
35:31:08.451914 TM: Giving up catch-up attempt at a 60 003 850 119 ns lag; new total: 65 105 689 243 785 ns
35:33:05.141841 TM: Giving up catch-up attempt at a 60 003 826 810 ns lag; new total: 65 165 693 070 595 ns
35:35:01.311958 TM: Giving up catch-up attempt at a 60 003 968 346 ns lag; new total: 65 225 697 038 941 ns
35:36:57.132039 TM: Giving up catch-up attempt at a 60 003 923 961 ns lag; new total: 65 285 700 962 902 ns
35:38:52.251715 TM: Giving up catch-up attempt at a 60 003 467 682 ns lag; new total: 65 345 704 430 584 ns
35:40:48.731883 TM: Giving up catch-up attempt at a 60 004 046 376 ns lag; new total: 65 405 708 476 960 ns
35:42:45.202049 TM: Giving up catch-up attempt at a 60 004 045 861 ns lag; new total: 65 465 712 522 821 ns
35:44:41.472007 TM: Giving up catch-up attempt at a 60 003 828 423 ns lag; new total: 65 525 716 351 244 ns
35:46:36.918042 TM: Giving up catch-up attempt at a 60 624 799 942 ns lag; new total: 65 586 341 151 186 ns
35:48:33.712246 TM: Giving up catch-up attempt at a 60 003 103 927 ns lag; new total: 65 646 344 255 113 ns
35:50:30.482165 TM: Giving up catch-up attempt at a 60 003 818 563 ns lag; new total: 65 706 348 073 676 ns
35:52:27.862228 TM: Giving up catch-up attempt at a 60 004 012 787 ns lag; new total: 65 766 352 086 463 ns
35:54:24.933006 TM: Giving up catch-up attempt at a 60 004 697 828 ns lag; new total: 65 826 356 784 291 ns
35:56:22.161977 TM: Giving up catch-up attempt at a 60 002 900 945 ns lag; new total: 65 886 359 685 236 ns
35:58:19.131928 TM: Giving up catch-up attempt at a 60 003 861 538 ns lag; new total: 65 946 363 546 774 ns
36:00:16.062105 TM: Giving up catch-up attempt at a 60 004 101 258 ns lag; new total: 66 006 367 648 032 ns
36:02:12.611945 TM: Giving up catch-up attempt at a 60 003 715 658 ns lag; new total: 66 066 371 363 690 ns
36:04:09.171835 TM: Giving up catch-up attempt at a 60 003 777 320 ns lag; new total: 66 126 375 141 010 ns
36:06:05.142180 TM: Giving up catch-up attempt at a 60 004 192 428 ns lag; new total: 66 186 379 333 438 ns
36:08:01.132543 TM: Giving up catch-up attempt at a 60 004 211 208 ns lag; new total: 66 246 383 544 646 ns
36:09:58.032044 TM: Giving up catch-up attempt at a 60 003 415 137 ns lag; new total: 66 306 386 959 783 ns
36:11:55.382163 TM: Giving up catch-up attempt at a 60 004 057 882 ns lag; new total: 66 366 391 017 665 ns
36:13:51.272151 TM: Giving up catch-up attempt at a 60 003 831 310 ns lag; new total: 66 426 394 848 975 ns
36:15:46.742265 TM: Giving up catch-up attempt at a 60 003 927 485 ns lag; new total: 66 486 398 776 460 ns
36:17:43.732158 TM: Giving up catch-up attempt at a 60 003 813 335 ns lag; new total: 66 546 402 589 795 ns
36:19:40.140999 TM: Giving up catch-up attempt at a 60 002 708 857 ns lag; new total: 66 606 405 298 652 ns
36:21:36.641843 TM: Giving up catch-up attempt at a 60 004 724 490 ns lag; new total: 66 666 410 023 142 ns
36:23:33.131862 TM: Giving up catch-up attempt at a 60 013 899 715 ns lag; new total: 66 726 423 922 857 ns
36:25:29.751846 TM: Giving up catch-up attempt at a 60 003 881 832 ns lag; new total: 66 786 427 804 689 ns
36:27:26.651987 TM: Giving up catch-up attempt at a 60 004 046 914 ns lag; new total: 66 846 431 851 603 ns
36:29:23.842048 TM: Giving up catch-up attempt at a 60 004 001 776 ns lag; new total: 66 906 435 853 379 ns
36:31:20.481881 TM: Giving up catch-up attempt at a 60 003 718 475 ns lag; new total: 66 966 439 571 854 ns
36:33:17.502076 TM: Giving up catch-up attempt at a 60 004 120 615 ns lag; new total: 67 026 443 692 469 ns
36:35:13.782173 TM: Giving up catch-up attempt at a 60 003 959 658 ns lag; new total: 67 086 447 652 127 ns
36:37:09.832094 TM: Giving up catch-up attempt at a 60 028 763 791 ns lag; new total: 67 146 476 415 918 ns
36:39:06.201970 TM: Giving up catch-up attempt at a 60 003 760 641 ns lag; new total: 67 206 480 176 559 ns
36:41:02.881898 TM: Giving up catch-up attempt at a 60 003 823 473 ns lag; new total: 67 266 484 000 032 ns
36:42:59.011845 TM: Giving up catch-up attempt at a 60 003 797 882 ns lag; new total: 67 326 487 797 914 ns
36:44:54.171867 TM: Giving up catch-up attempt at a 60 003 821 253 ns lag; new total: 67 386 491 619 167 ns
36:46:51.052512 TM: Giving up catch-up attempt at a 60 004 546 523 ns lag; new total: 67 446 496 165 690 ns
36:48:48.332250 TM: Giving up catch-up attempt at a 60 003 676 744 ns lag; new total: 67 506 499 842 434 ns
36:50:45.512602 TM: Giving up catch-up attempt at a 60 004 287 664 ns lag; new total: 67 566 504 130 098 ns
36:52:42.681938 TM: Giving up catch-up attempt at a 60 003 254 021 ns lag; new total: 67 626 507 384 119 ns
36:54:39.852089 TM: Giving up catch-up attempt at a 60 004 078 372 ns lag; new total: 67 686 511 462 491 ns
36:56:36.711843 TM: Giving up catch-up attempt at a 60 003 670 560 ns lag; new total: 67 746 515 133 051 ns
36:58:33.952022 TM: Giving up catch-up attempt at a 60 004 101 677 ns lag; new total: 67 806 519 234 728 ns
37:00:30.532565 TM: Giving up catch-up attempt at a 60 004 432 739 ns lag; new total: 67 866 523 667 467 ns
37:02:04.991921 TM: Giving up catch-up attempt at a 60 001 735 618 ns lag; new total: 67 926 525 403 085 ns
37:04:00.572067 TM: Giving up catch-up attempt at a 60 003 959 123 ns lag; new total: 67 986 529 362 208 ns
37:05:57.342018 TM: Giving up catch-up attempt at a 60 003 856 802 ns lag; new total: 68 046 533 219 010 ns
37:07:54.002012 TM: Giving up catch-up attempt at a 60 003 888 706 ns lag; new total: 68 106 537 107 716 ns
37:09:50.411959 TM: Giving up catch-up attempt at a 60 003 817 469 ns lag; new total: 68 166 540 925 185 ns
37:11:47.372451 TM: Giving up catch-up attempt at a 60 004 403 350 ns lag; new total: 68 226 545 328 535 ns
37:13:43.862222 TM: Giving up catch-up attempt at a 60 003 656 321 ns lag; new total: 68 286 548 984 856 ns
37:15:40.792015 TM: Giving up catch-up attempt at a 60 003 698 415 ns lag; new total: 68 346 552 683 271 ns
37:17:37.811850 TM: Giving up catch-up attempt at a 60 003 762 583 ns lag; new total: 68 406 556 445 854 ns
37:19:34.951787 TM: Giving up catch-up attempt at a 60 003 860 874 ns lag; new total: 68 466 560 306 728 ns
37:21:31.002188 TM: Giving up catch-up attempt at a 60 004 258 546 ns lag; new total: 68 526 564 565 274 ns
37:23:27.372161 TM: Giving up catch-up attempt at a 60 003 851 775 ns lag; new total: 68 586 568 417 049 ns
37:25:23.101758 TM: Giving up catch-up attempt at a 60 003 413 944 ns lag; new total: 68 646 571 830 993 ns
37:27:19.592067 TM: Giving up catch-up attempt at a 60 004 193 703 ns lag; new total: 68 706 576 024 696 ns
37:29:15.702222 TM: Giving up catch-up attempt at a 60 004 006 816 ns lag; new total: 68 766 580 031 512 ns
37:31:12.662347 TM: Giving up catch-up attempt at a 60 004 050 409 ns lag; new total: 68 826 584 081 921 ns
37:33:08.912103 TM: Giving up catch-up attempt at a 60 003 614 608 ns lag; new total: 68 886 587 696 529 ns
37:35:05.892084 TM: Giving up catch-up attempt at a 60 003 906 025 ns lag; new total: 68 946 591 602 554 ns
37:37:02.061950 TM: Giving up catch-up attempt at a 60 003 721 564 ns lag; new total: 69 006 595 324 118 ns
37:38:59.212192 TM: Giving up catch-up attempt at a 60 004 162 050 ns lag; new total: 69 066 599 486 168 ns
37:40:56.591833 TM: Giving up catch-up attempt at a 60 003 600 180 ns lag; new total: 69 126 603 086 348 ns
37:42:53.862222 TM: Giving up catch-up attempt at a 60 004 315 179 ns lag; new total: 69 186 607 401 527 ns
37:44:51.012301 TM: Giving up catch-up attempt at a 60 004 012 271 ns lag; new total: 69 246 611 413 798 ns
37:46:48.252167 TM: Giving up catch-up attempt at a 60 003 796 734 ns lag; new total: 69 306 615 210 532 ns
37:48:45.501947 TM: Giving up catch-up attempt at a 60 003 714 222 ns lag; new total: 69 366 618 924 754 ns
37:50:42.102040 TM: Giving up catch-up attempt at a 60 003 981 208 ns lag; new total: 69 426 622 905 962 ns
37:52:38.893775 TM: Giving up catch-up attempt at a 60 000 627 972 ns lag; new total: 69 486 623 533 934 ns
37:54:34.242009 TM: Giving up catch-up attempt at a 60 002 049 503 ns lag; new total: 69 546 625 583 437 ns
37:56:31.292161 TM: Giving up catch-up attempt at a 60 004 064 790 ns lag; new total: 69 606 629 648 227 ns
37:58:28.331900 TM: Giving up catch-up attempt at a 60 003 664 746 ns lag; new total: 69 666 633 312 973 ns
38:00:25.472092 TM: Giving up catch-up attempt at a 60 004 115 431 ns lag; new total: 69 726 637 428 404 ns
38:02:21.760640 TM: Giving up catch-up attempt at a 60 002 419 844 ns lag; new total: 69 786 639 848 248 ns
38:04:18.651855 TM: Giving up catch-up attempt at a 60 000 129 776 ns lag; new total: 69 846 639 978 024 ns
38:06:15.411832 TM: Giving up catch-up attempt at a 60 003 875 554 ns lag; new total: 69 906 643 853 578 ns
38:08:11.962189 TM: Giving up catch-up attempt at a 60 004 237 594 ns lag; new total: 69 966 648 091 172 ns
38:10:08.641999 TM: Giving up catch-up attempt at a 60 003 708 514 ns lag; new total: 70 026 651 799 686 ns
38:12:05.291789 TM: Giving up catch-up attempt at a 60 003 680 111 ns lag; new total: 70 086 655 479 797 ns
38:14:01.811789 TM: Giving up catch-up attempt at a 60 003 888 861 ns lag; new total: 70 146 659 368 658 ns
38:15:59.111823 TM: Giving up catch-up attempt at a 60 003 969 751 ns lag; new total: 70 206 663 338 409 ns
38:17:55.801994 TM: Giving up catch-up attempt at a 60 004 067 873 ns lag; new total: 70 266 667 406 282 ns
38:19:52.682182 TM: Giving up catch-up attempt at a 60 004 100 315 ns lag; new total: 70 326 671 506 597 ns
38:21:49.751869 TM: Giving up catch-up attempt at a 60 003 603 572 ns lag; new total: 70 386 675 110 169 ns
38:23:46.902230 TM: Giving up catch-up attempt at a 60 004 293 237 ns lag; new total: 70 446 679 403 406 ns
38:25:43.931812 TM: Giving up catch-up attempt at a 60 003 499 460 ns lag; new total: 70 506 682 902 866 ns
38:27:40.252028 TM: Giving up catch-up attempt at a 60 004 083 855 ns lag; new total: 70 566 686 986 721 ns
38:29:37.152104 TM: Giving up catch-up attempt at a 60 003 986 168 ns lag; new total: 70 626 690 972 889 ns
38:31:33.702160 TM: Giving up catch-up attempt at a 60 003 939 652 ns lag; new total: 70 686 694 912 541 ns
38:33:30.922103 TM: Giving up catch-up attempt at a 60 003 881 547 ns lag; new total: 70 746 698 794 088 ns
38:35:28.391880 TM: Giving up catch-up attempt at a 60 003 724 208 ns lag; new total: 70 806 702 518 296 ns
38:37:25.722030 TM: Giving up catch-up attempt at a 60 004 087 877 ns lag; new total: 70 866 706 606 173 ns
38:39:23.252148 TM: Giving up catch-up attempt at a 60 004 073 351 ns lag; new total: 70 926 710 679 524 ns
38:41:20.442105 TM: Giving up catch-up attempt at a 60 003 883 995 ns lag; new total: 70 986 714 563 519 ns
38:43:17.361818 TM: Giving up catch-up attempt at a 60 003 629 730 ns lag; new total: 71 046 718 193 249 ns
38:45:14.412165 TM: Giving up catch-up attempt at a 60 004 269 141 ns lag; new total: 71 106 722 462 390 ns
38:47:10.822302 TM: Giving up catch-up attempt at a 60 004 009 272 ns lag; new total: 71 166 726 471 662 ns
38:49:08.272161 TM: Giving up catch-up attempt at a 60 003 811 032 ns lag; new total: 71 226 730 282 694 ns
38:51:05.432264 TM: Giving up catch-up attempt at a 60 004 021 179 ns lag; new total: 71 286 734 303 873 ns
38:53:02.451876 TM: Giving up catch-up attempt at a 60 003 537 216 ns lag; new total: 71 346 737 841 089 ns
38:54:59.621945 TM: Giving up catch-up attempt at a 60 004 001 543 ns lag; new total: 71 406 741 842 632 ns
38:56:57.231781 TM: Giving up catch-up attempt at a 60 003 809 155 ns lag; new total: 71 466 745 651 787 ns
38:58:54.761807 TM: Giving up catch-up attempt at a 60 003 966 007 ns lag; new total: 71 526 749 617 794 ns
39:00:52.002288 TM: Giving up catch-up attempt at a 60 004 414 764 ns lag; new total: 71 586 754 032 558 ns
39:02:29.612015 TM: Giving up catch-up attempt at a 60 002 313 587 ns lag; new total: 71 646 756 346 145 ns
39:04:28.452253 TM: Giving up catch-up attempt at a 60 004 279 778 ns lag; new total: 71 706 760 625 923 ns
39:06:27.312015 TM: Giving up catch-up attempt at a 60 003 800 616 ns lag; new total: 71 766 764 426 539 ns
39:08:26.142019 TM: Giving up catch-up attempt at a 60 004 050 000 ns lag; new total: 71 826 768 476 539 ns
39:10:24.942025 TM: Giving up catch-up attempt at a 60 004 047 742 ns lag; new total: 71 886 772 524 281 ns
39:12:23.781972 TM: Giving up catch-up attempt at a 60 003 989 580 ns lag; new total: 71 946 776 513 861 ns
39:14:22.652235 TM: Giving up catch-up attempt at a 60 004 305 647 ns lag; new total: 72 006 780 819 508 ns
39:16:21.512144 TM: Giving up catch-up attempt at a 60 003 955 917 ns lag; new total: 72 066 784 775 425 ns
39:18:20.352085 TM: Giving up catch-up attempt at a 60 003 957 671 ns lag; new total: 72 126 788 733 096 ns
39:20:19.141980 TM: Giving up catch-up attempt at a 60 003 975 043 ns lag; new total: 72 186 792 708 139 ns
39:22:17.992681 TM: Giving up catch-up attempt at a 60 004 736 294 ns lag; new total: 72 246 797 444 433 ns
39:24:16.841957 TM: Giving up catch-up attempt at a 60 003 323 965 ns lag; new total: 72 306 800 768 398 ns
39:26:15.692142 TM: Giving up catch-up attempt at a 60 004 228 409 ns lag; new total: 72 366 804 996 807 ns
39:28:14.531935 TM: Giving up catch-up attempt at a 60 003 843 031 ns lag; new total: 72 426 808 839 838 ns
39:30:13.311811 TM: Giving up catch-up attempt at a 60 003 912 655 ns lag; new total: 72 486 812 752 493 ns
39:32:12.181945 TM: Giving up catch-up attempt at a 60 004 181 616 ns lag; new total: 72 546 816 934 109 ns
39:34:11.012021 TM: Giving up catch-up attempt at a 60 004 118 650 ns lag; new total: 72 606 821 052 759 ns
39:36:09.882091 TM: Giving up catch-up attempt at a 60 004 110 530 ns lag; new total: 72 666 825 163 289 ns
39:38:08.762208 TM: Giving up catch-up attempt at a 60 004 161 720 ns lag; new total: 72 726 829 325 009 ns
39:40:07.571890 TM: Giving up catch-up attempt at a 60 003 718 737 ns lag; new total: 72 786 833 043 746 ns
39:42:06.421941 TM: Giving up catch-up attempt at a 60 004 102 257 ns lag; new total: 72 846 837 146 003 ns
39:44:05.241788 TM: Giving up catch-up attempt at a 60 003 893 801 ns lag; new total: 72 906 841 039 804 ns
39:46:04.091795 TM: Giving up catch-up attempt at a 60 004 054 206 ns lag; new total: 72 966 845 094 010 ns
39:48:02.891827 TM: Giving up catch-up attempt at a 60 004 072 219 ns lag; new total: 73 026 849 166 229 ns
39:50:01.752138 TM: Giving up catch-up attempt at a 60 004 353 597 ns lag; new total: 73 086 853 519 826 ns
39:52:00.572050 TM: Giving up catch-up attempt at a 60 003 953 052 ns lag; new total: 73 146 857 472 878 ns
39:53:59.401869 TM: Giving up catch-up attempt at a 60 003 864 074 ns lag; new total: 73 206 861 336 952 ns
39:55:58.261799 TM: Giving up catch-up attempt at a 60 003 976 574 ns lag; new total: 73 266 865 313 526 ns
39:57:57.102243 TM: Giving up catch-up attempt at a 60 004 485 621 ns lag; new total: 73 326 869 799 147 ns
39:59:55.972026 TM: Giving up catch-up attempt at a 60 003 819 953 ns lag; new total: 73 386 873 619 100 ns
40:01:54.792254 TM: Giving up catch-up attempt at a 60 004 272 057 ns lag; new total: 73 446 877 891 157 ns
40:03:53.631746 TM: Giving up catch-up attempt at a 60 003 544 642 ns lag; new total: 73 506 881 435 799 ns
40:05:52.482202 TM: Giving up catch-up attempt at a 60 004 494 728 ns lag; new total: 73 566 885 930 527 ns
40:07:51.321861 TM: Giving up catch-up attempt at a 60 003 707 235 ns lag; new total: 73 626 889 637 762 ns
40:09:50.182009 TM: Giving up catch-up attempt at a 60 004 195 323 ns lag; new total: 73 686 893 833 085 ns
40:11:48.981855 TM: Giving up catch-up attempt at a 60 003 879 291 ns lag; new total: 73 746 897 712 376 ns
40:13:47.852182 TM: Giving up catch-up attempt at a 60 004 374 182 ns lag; new total: 73 806 902 086 558 ns
40:15:46.282171 TM: Giving up catch-up attempt at a 60 004 004 384 ns lag; new total: 73 866 906 090 942 ns
40:17:45.062098 TM: Giving up catch-up attempt at a 60 003 971 291 ns lag; new total: 73 926 910 062 233 ns
40:19:43.921877 TM: Giving up catch-up attempt at a 60 003 817 519 ns lag; new total: 73 986 913 879 752 ns
40:21:42.752158 TM: Giving up catch-up attempt at a 60 004 317 928 ns lag; new total: 74 046 918 197 680 ns
40:23:41.602099 TM: Giving up catch-up attempt at a 60 003 993 935 ns lag; new total: 74 106 922 191 615 ns
40:25:40.452644 TM: Giving up catch-up attempt at a 60 004 593 811 ns lag; new total: 74 166 926 785 426 ns
40:27:39.311843 TM: Giving up catch-up attempt at a 60 003 241 723 ns lag; new total: 74 226 930 027 149 ns
40:29:38.172071 TM: Giving up catch-up attempt at a 60 004 275 718 ns lag; new total: 74 286 934 302 867 ns
40:31:36.982226 TM: Giving up catch-up attempt at a 60 004 192 571 ns lag; new total: 74 346 938 495 438 ns
40:33:35.821804 TM: Giving up catch-up attempt at a 60 003 626 211 ns lag; new total: 74 406 942 121 649 ns
40:35:34.682134 TM: Giving up catch-up attempt at a 60 004 365 488 ns lag; new total: 74 466 946 487 137 ns
40:37:33.521859 TM: Giving up catch-up attempt at a 60 003 768 815 ns lag; new total: 74 526 950 255 952 ns
40:39:32.382197 TM: Giving up catch-up attempt at a 60 004 391 175 ns lag; new total: 74 586 954 647 127 ns
40:41:31.231766 TM: Giving up catch-up attempt at a 60 003 613 047 ns lag; new total: 74 646 958 260 174 ns
40:43:30.002221 TM: Giving up catch-up attempt at a 60 004 491 594 ns lag; new total: 74 706 962 751 768 ns
40:45:27.893436 TM: Giving up catch-up attempt at a 60 010 184 475 ns lag; new total: 74 766 972 936 243 ns
40:47:24.942129 TM: Giving up catch-up attempt at a 60 002 610 611 ns lag; new total: 74 826 975 546 854 ns
40:49:22.432664 TM: Giving up catch-up attempt at a 60 004 492 079 ns lag; new total: 74 886 980 038 933 ns
40:51:19.371867 TM: Giving up catch-up attempt at a 60 003 124 292 ns lag; new total: 74 946 983 163 225 ns
40:53:16.841800 TM: Giving up catch-up attempt at a 60 003 883 115 ns lag; new total: 75 006 987 046 340 ns
40:55:14.281943 TM: Giving up catch-up attempt at a 60 004 087 307 ns lag; new total: 75 066 991 133 647 ns
40:57:11.631836 TM: Giving up catch-up attempt at a 60 003 831 781 ns lag; new total: 75 126 994 965 428 ns
40:59:08.592246 TM: Giving up catch-up attempt at a 60 004 329 958 ns lag; new total: 75 186 999 295 386 ns
41:01:05.271841 TM: Giving up catch-up attempt at a 60 003 483 957 ns lag; new total: 75 247 002 779 343 ns
41:03:02.712029 TM: Giving up catch-up attempt at a 60 004 139 859 ns lag; new total: 75 307 006 919 202 ns
41:05:00.302263 TM: Giving up catch-up attempt at a 60 004 189 692 ns lag; new total: 75 367 011 108 894 ns
41:06:58.071823 TM: Giving up catch-up attempt at a 60 003 534 448 ns lag; new total: 75 427 014 643 342 ns
41:08:55.532069 TM: Giving up catch-up attempt at a 60 004 195 994 ns lag; new total: 75 487 018 839 336 ns
41:10:52.861990 TM: Giving up catch-up attempt at a 60 003 857 873 ns lag; new total: 75 547 022 697 209 ns
41:12:50.022529 TM: Giving up catch-up attempt at a 60 005 993 061 ns lag; new total: 75 607 028 690 270 ns
41:14:47.481917 TM: Giving up catch-up attempt at a 60 001 812 249 ns lag; new total: 75 667 030 502 519 ns
41:16:45.141867 TM: Giving up catch-up attempt at a 60 003 911 129 ns lag; new total: 75 727 034 413 648 ns
41:18:39.192104 TM: Giving up catch-up attempt at a 60 003 952 723 ns lag; new total: 75 787 038 366 371 ns
41:20:36.511929 TM: Giving up catch-up attempt at a 60 003 760 780 ns lag; new total: 75 847 042 127 151 ns
41:22:34.022194 TM: Giving up catch-up attempt at a 60 004 221 378 ns lag; new total: 75 907 046 348 529 ns
41:24:31.192073 TM: Giving up catch-up attempt at a 60 003 809 922 ns lag; new total: 75 967 050 158 451 ns
41:26:28.706978 TM: Giving up catch-up attempt at a 60 018 846 033 ns lag; new total: 76 027 069 004 484 ns
41:28:25.782298 TM: Giving up catch-up attempt at a 60 004 250 221 ns lag; new total: 76 087 073 254 705 ns
41:30:22.191891 TM: Giving up catch-up attempt at a 60 003 470 712 ns lag; new total: 76 147 076 725 417 ns
41:32:19.541833 TM: Giving up catch-up attempt at a 60 003 876 206 ns lag; new total: 76 207 080 601 623 ns
41:34:16.671759 TM: Giving up catch-up attempt at a 60 003 860 872 ns lag; new total: 76 267 084 462 495 ns
41:36:14.461949 TM: Giving up catch-up attempt at a 60 004 157 192 ns lag; new total: 76 327 088 619 687 ns
41:38:12.031867 TM: Giving up catch-up attempt at a 60 003 875 701 ns lag; new total: 76 387 092 495 388 ns
41:40:09.682034 TM: Giving up catch-up attempt at a 60 004 128 232 ns lag; new total: 76 447 096 623 620 ns
41:42:07.342129 TM: Giving up catch-up attempt at a 60 004 057 165 ns lag; new total: 76 507 100 680 785 ns
41:44:05.021916 TM: Giving up catch-up attempt at a 60 003 750 121 ns lag; new total: 76 567 104 430 906 ns
41:46:02.561895 TM: Giving up catch-up attempt at a 60 003 937 648 ns lag; new total: 76 627 108 368 554 ns
41:48:00.102676 TM: Giving up catch-up attempt at a 60 004 731 713 ns lag; new total: 76 687 113 100 267 ns
41:49:57.642109 TM: Giving up catch-up attempt at a 60 003 390 127 ns lag; new total: 76 747 116 490 394 ns
41:51:55.272159 TM: Giving up catch-up attempt at a 60 004 010 852 ns lag; new total: 76 807 120 501 246 ns
41:53:52.872161 TM: Giving up catch-up attempt at a 60 003 959 158 ns lag; new total: 76 867 124 460 404 ns
41:55:50.321911 TM: Giving up catch-up attempt at a 60 003 697 930 ns lag; new total: 76 927 128 158 334 ns
41:57:47.972180 TM: Giving up catch-up attempt at a 60 004 230 753 ns lag; new total: 76 987 132 389 087 ns
41:59:45.311922 TM: Giving up catch-up attempt at a 60 003 686 440 ns lag; new total: 77 047 136 075 527 ns
42:01:42.252232 TM: Giving up catch-up attempt at a 60 004 221 478 ns lag; new total: 77 107 140 297 005 ns
42:03:39.122069 TM: Giving up catch-up attempt at a 60 003 740 992 ns lag; new total: 77 167 144 037 997 ns
42:05:36.692120 TM: Giving up catch-up attempt at a 60 004 009 381 ns lag; new total: 77 227 148 047 378 ns
42:07:34.132112 TM: Giving up catch-up attempt at a 60 003 936 805 ns lag; new total: 77 287 151 984 183 ns
42:09:31.621913 TM: Giving up catch-up attempt at a 60 003 753 749 ns lag; new total: 77 347 155 737 932 ns
42:11:29.151807 TM: Giving up catch-up attempt at a 60 002 234 272 ns lag; new total: 77 407 157 972 204 ns
42:13:26.732509 TM: Giving up catch-up attempt at a 60 001 271 000 ns lag; new total: 77 467 159 243 204 ns
42:15:24.182251 TM: Giving up catch-up attempt at a 60 003 693 598 ns lag; new total: 77 527 162 936 802 ns
42:17:21.482207 TM: Giving up catch-up attempt at a 60 003 891 105 ns lag; new total: 77 587 166 827 907 ns
42:19:19.062234 TM: Giving up catch-up attempt at a 60 003 986 637 ns lag; new total: 77 647 170 814 544 ns
42:21:16.322195 TM: Giving up catch-up attempt at a 60 003 896 974 ns lag; new total: 77 707 174 711 518 ns
42:23:13.891995 TM: Giving up catch-up attempt at a 60 003 758 079 ns lag; new total: 77 767 178 469 597 ns
42:25:11.542264 TM: Giving up catch-up attempt at a 60 004 223 904 ns lag; new total: 77 827 182 693 501 ns
42:27:08.771973 TM: Giving up catch-up attempt at a 60 003 644 053 ns lag; new total: 77 887 186 337 554 ns
42:29:05.692193 TM: Giving up catch-up attempt at a 60 004 134 940 ns lag; new total: 77 947 190 472 494 ns
42:31:03.222219 TM: Giving up catch-up attempt at a 60 003 974 530 ns lag; new total: 78 007 194 447 024 ns
42:33:00.722285 TM: Giving up catch-up attempt at a 60 004 010 882 ns lag; new total: 78 067 198 457 906 ns
42:34:58.412757 TM: Giving up catch-up attempt at a 60 024 447 185 ns lag; new total: 78 127 222 905 091 ns
42:36:56.122122 TM: Giving up catch-up attempt at a 60 003 326 768 ns lag; new total: 78 187 226 231 859 ns
42:38:53.901913 TM: Giving up catch-up attempt at a 60 003 766 162 ns lag; new total: 78 247 229 998 021 ns
42:40:51.481902 TM: Giving up catch-up attempt at a 60 003 938 340 ns lag; new total: 78 307 233 936 361 ns
42:42:48.882096 TM: Giving up catch-up attempt at a 60 004 144 233 ns lag; new total: 78 367 238 080 594 ns
42:44:46.492618 TM: Giving up catch-up attempt at a 60 004 485 087 ns lag; new total: 78 427 242 565 681 ns
42:46:44.082270 TM: Giving up catch-up attempt at a 60 003 605 879 ns lag; new total: 78 487 246 171 560 ns
42:48:41.619815 TM: Giving up catch-up attempt at a 60 001 508 814 ns lag; new total: 78 547 247 680 374 ns
42:50:39.131813 TM: Giving up catch-up attempt at a 60 000 944 071 ns lag; new total: 78 607 248 624 445 ns
42:52:36.611854 TM: Giving up catch-up attempt at a 60 003 988 521 ns lag; new total: 78 667 252 612 966 ns
42:54:33.642278 TM: Giving up catch-up attempt at a 60 004 342 542 ns lag; new total: 78 727 256 955 508 ns
42:56:30.182052 TM: Giving up catch-up attempt at a 60 003 514 243 ns lag; new total: 78 787 260 469 751 ns
42:58:27.531917 TM: Giving up catch-up attempt at a 60 003 944 790 ns lag; new total: 78 847 264 414 541 ns
43:00:25.061903 TM: Giving up catch-up attempt at a 60 003 949 790 ns lag; new total: 78 907 268 364 331 ns
43:02:22.392069 TM: Giving up catch-up attempt at a 60 004 100 188 ns lag; new total: 78 967 272 464 519 ns
43:04:19.692136 TM: Giving up catch-up attempt at a 60 004 002 970 ns lag; new total: 79 027 276 467 489 ns
43:06:16.411915 TM: Giving up catch-up attempt at a 60 003 676 359 ns lag; new total: 79 087 280 143 848 ns
43:08:12.392041 TM: Giving up catch-up attempt at a 60 003 973 293 ns lag; new total: 79 147 284 117 141 ns
43:10:09.442310 TM: Giving up catch-up attempt at a 60 004 187 682 ns lag; new total: 79 207 288 304 823 ns
43:12:06.291781 TM: Giving up catch-up attempt at a 60 008 378 175 ns lag; new total: 79 267 296 682 998 ns
43:14:03.491908 TM: Giving up catch-up attempt at a 60 004 070 137 ns lag; new total: 79 327 300 753 135 ns
43:16:00.421880 TM: Giving up catch-up attempt at a 60 003 876 543 ns lag; new total: 79 387 304 629 678 ns
43:17:57.491928 TM: Giving up catch-up attempt at a 60 003 967 755 ns lag; new total: 79 447 308 597 433 ns
43:19:54.091775 TM: Giving up catch-up attempt at a 60 003 736 296 ns lag; new total: 79 507 312 333 729 ns
43:21:50.921897 TM: Giving up catch-up attempt at a 60 004 025 700 ns lag; new total: 79 567 316 359 429 ns
43:23:47.402013 TM: Giving up catch-up attempt at a 60 003 996 542 ns lag; new total: 79 627 320 355 971 ns
43:25:43.441911 TM: Giving up catch-up attempt at a 60 003 747 927 ns lag; new total: 79 687 324 103 898 ns
43:27:39.772499 TM: Giving up catch-up attempt at a 60 004 458 779 ns lag; new total: 79 747 328 562 677 ns
43:29:36.902215 TM: Giving up catch-up attempt at a 60 003 642 552 ns lag; new total: 79 807 332 205 229 ns
43:31:32.914647 TM: Giving up catch-up attempt at a 60 006 280 289 ns lag; new total: 79 867 338 485 518 ns
43:33:28.261862 TM: Giving up catch-up attempt at a 60 001 024 191 ns lag; new total: 79 927 339 509 709 ns
43:35:22.611809 TM: Giving up catch-up attempt at a 60 003 684 866 ns lag; new total: 79 987 343 194 575 ns
43:37:18.812510 TM: Giving up catch-up attempt at a 60 004 560 765 ns lag; new total: 80 047 347 755 340 ns
43:39:15.802140 TM: Giving up catch-up attempt at a 60 003 543 749 ns lag; new total: 80 107 351 299 089 ns
43:41:12.862062 TM: Giving up catch-up attempt at a 60 003 843 614 ns lag; new total: 80 167 355 142 703 ns
43:43:09.749467 TM: Giving up catch-up attempt at a 60 011 311 560 ns lag; new total: 80 227 366 454 263 ns
43:45:06.981800 TM: Giving up catch-up attempt at a 60 001 267 379 ns lag; new total: 80 287 367 721 642 ns
43:47:04.232105 TM: Giving up catch-up attempt at a 60 004 247 289 ns lag; new total: 80 347 371 968 931 ns
43:49:00.851974 TM: Giving up catch-up attempt at a 60 003 751 778 ns lag; new total: 80 407 375 720 709 ns
43:50:57.371949 TM: Giving up catch-up attempt at a 60 003 857 517 ns lag; new total: 80 467 379 578 226 ns
43:52:53.171872 TM: Giving up catch-up attempt at a 60 003 763 343 ns lag; new total: 80 527 383 341 569 ns
43:54:47.162259 TM: Giving up catch-up attempt at a 60 004 093 213 ns lag; new total: 80 587 387 434 782 ns
43:56:40.844821 TM: Giving up catch-up attempt at a 60 001 249 737 ns lag; new total: 80 647 388 684 519 ns
43:58:36.471642 TM: Giving up catch-up attempt at a 60 000 665 409 ns lag; new total: 80 707 389 349 928 ns
44:00:33.202581 TM: Giving up catch-up attempt at a 60 004 819 746 ns lag; new total: 80 767 394 169 674 ns
44:02:29.179218 TM: Giving up catch-up attempt at a 60 005 480 143 ns lag; new total: 80 827 399 649 817 ns
44:04:22.722543 TM: Giving up catch-up attempt at a 60 001 997 011 ns lag; new total: 80 887 401 646 828 ns
44:06:18.812233 TM: Giving up catch-up attempt at a 60 003 549 044 ns lag; new total: 80 947 405 195 872 ns
44:08:14.742105 TM: Giving up catch-up attempt at a 60 003 724 436 ns lag; new total: 81 007 408 920 308 ns
44:10:10.731769 TM: Giving up catch-up attempt at a 60 003 528 243 ns lag; new total: 81 067 412 448 551 ns
44:12:06.451872 TM: Giving up catch-up attempt at a 60 003 909 228 ns lag; new total: 81 127 416 357 779 ns
44:14:02.531821 TM: Giving up catch-up attempt at a 60 003 805 779 ns lag; new total: 81 187 420 163 558 ns
44:15:59.281966 TM: Giving up catch-up attempt at a 60 004 049 436 ns lag; new total: 81 247 424 212 994 ns
44:17:55.671839 TM: Giving up catch-up attempt at a 60 003 746 389 ns lag; new total: 81 307 427 959 383 ns
44:19:52.812495 TM: Giving up catch-up attempt at a 60 024 586 949 ns lag; new total: 81 367 452 546 332 ns
44:21:49.819530 TM: Giving up catch-up attempt at a 60 000 966 110 ns lag; new total: 81 427 453 512 442 ns
44:23:47.132344 TM: Giving up catch-up attempt at a 60 001 739 912 ns lag; new total: 81 487 455 252 354 ns
44:25:44.351994 TM: Giving up catch-up attempt at a 60 003 574 467 ns lag; new total: 81 547 458 826 821 ns
44:27:40.881901 TM: Giving up catch-up attempt at a 60 003 802 682 ns lag; new total: 81 607 462 629 503 ns
44:29:37.712338 TM: Giving up catch-up attempt at a 60 004 335 640 ns lag; new total: 81 667 466 965 143 ns
44:31:34.622013 TM: Giving up catch-up attempt at a 60 003 587 040 ns lag; new total: 81 727 470 552 183 ns
44:33:31.362247 TM: Giving up catch-up attempt at a 60 004 134 474 ns lag; new total: 81 787 474 686 657 ns
44:35:28.272022 TM: Giving up catch-up attempt at a 60 003 685 537 ns lag; new total: 81 847 478 372 194 ns
44:37:24.858934 TM: Giving up catch-up attempt at a 60 015 797 746 ns lag; new total: 81 907 494 169 940 ns
44:39:21.812074 TM: Giving up catch-up attempt at a 60 002 056 045 ns lag; new total: 81 967 496 225 985 ns
44:41:18.801967 TM: Giving up catch-up attempt at a 60 003 809 061 ns lag; new total: 82 027 500 035 046 ns
44:43:15.711989 TM: Giving up catch-up attempt at a 60 003 931 179 ns lag; new total: 82 087 503 966 225 ns
44:45:13.151923 TM: Giving up catch-up attempt at a 60 003 884 336 ns lag; new total: 82 147 507 850 561 ns
44:47:10.611553 TM: Giving up catch-up attempt at a 60 003 593 964 ns lag; new total: 82 207 511 444 525 ns
44:49:07.871888 TM: Giving up catch-up attempt at a 60 004 254 204 ns lag; new total: 82 267 515 698 729 ns
44:51:04.992106 TM: Giving up catch-up attempt at a 60 004 141 045 ns lag; new total: 82 327 519 839 774 ns
44:53:02.242129 TM: Giving up catch-up attempt at a 60 003 961 986 ns lag; new total: 82 387 523 801 760 ns
44:54:59.522240 TM: Giving up catch-up attempt at a 60 004 049 999 ns lag; new total: 82 447 527 851 759 ns
44:56:56.591991 TM: Giving up catch-up attempt at a 60 003 664 687 ns lag; new total: 82 507 531 516 446 ns
44:58:54.192241 TM: Giving up catch-up attempt at a 60 004 210 818 ns lag; new total: 82 567 535 727 264 ns
45:00:51.521797 TM: Giving up catch-up attempt at a 60 003 498 616 ns lag; new total: 82 627 539 225 880 ns
45:02:48.671980 TM: Giving up catch-up attempt at a 60 004 117 906 ns lag; new total: 82 687 543 343 786 ns
45:04:25.312093 TM: Giving up catch-up attempt at a 60 002 618 371 ns lag; new total: 82 747 545 962 157 ns
45:06:21.572061 TM: Giving up catch-up attempt at a 60 003 836 347 ns lag; new total: 82 807 549 798 504 ns
45:08:18.752079 TM: Giving up catch-up attempt at a 60 003 943 877 ns lag; new total: 82 867 553 742 381 ns
45:10:15.932095 TM: Giving up catch-up attempt at a 60 003 957 727 ns lag; new total: 82 927 557 700 108 ns
45:12:13.261925 TM: Giving up catch-up attempt at a 60 003 762 328 ns lag; new total: 82 987 561 462 436 ns
45:14:10.441758 TM: Giving up catch-up attempt at a 60 003 765 707 ns lag; new total: 83 047 565 228 143 ns
45:16:07.071932 TM: Giving up catch-up attempt at a 60 004 066 995 ns lag; new total: 83 107 569 295 138 ns
45:18:03.762130 TM: Giving up catch-up attempt at a 60 004 101 612 ns lag; new total: 83 167 573 396 750 ns
45:20:00.421839 TM: Giving up catch-up attempt at a 60 003 586 742 ns lag; new total: 83 227 576 983 492 ns
45:21:57.752014 TM: Giving up catch-up attempt at a 60 004 126 952 ns lag; new total: 83 287 581 110 444 ns
45:23:55.359664 TM: Giving up catch-up attempt at a 60 001 619 697 ns lag; new total: 83 347 582 730 141 ns
45:25:52.561937 TM: Giving up catch-up attempt at a 60 001 186 804 ns lag; new total: 83 407 583 916 945 ns
45:27:49.542780 TM: Giving up catch-up attempt at a 60 004 765 866 ns lag; new total: 83 467 588 682 811 ns
45:29:46.421847 TM: Giving up catch-up attempt at a 60 002 971 172 ns lag; new total: 83 527 591 653 983 ns
45:31:43.361970 TM: Giving up catch-up attempt at a 60 004 044 098 ns lag; new total: 83 587 595 698 081 ns
45:33:40.741945 TM: Giving up catch-up attempt at a 60 003 912 222 ns lag; new total: 83 647 599 610 303 ns
45:35:37.822155 TM: Giving up catch-up attempt at a 60 004 125 556 ns lag; new total: 83 707 603 735 859 ns
45:37:34.882251 TM: Giving up catch-up attempt at a 60 004 020 971 ns lag; new total: 83 767 607 756 830 ns
45:39:32.224980 TM: Giving up catch-up attempt at a 60 006 673 406 ns lag; new total: 83 827 614 430 236 ns
45:41:29.482213 TM: Giving up catch-up attempt at a 60 001 160 080 ns lag; new total: 83 887 615 590 316 ns
45:43:26.451851 TM: Giving up catch-up attempt at a 60 003 557 120 ns lag; new total: 83 947 619 147 436 ns
45:45:23.872220 TM: Giving up catch-up attempt at a 60 004 321 311 ns lag; new total: 84 007 623 468 747 ns
45:47:20.861817 TM: Giving up catch-up attempt at a 60 003 512 866 ns lag; new total: 84 067 626 981 613 ns
45:49:18.381862 TM: Giving up catch-up attempt at a 60 003 998 006 ns lag; new total: 84 127 630 979 619 ns
45:51:15.661803 TM: Giving up catch-up attempt at a 60 003 872 006 ns lag; new total: 84 187 634 851 625 ns
45:53:12.752083 TM: Giving up catch-up attempt at a 60 004 206 103 ns lag; new total: 84 247 639 057 728 ns
45:55:10.172075 TM: Giving up catch-up attempt at a 60 023 934 436 ns lag; new total: 84 307 662 992 164 ns
45:57:07.012564 TM: Giving up catch-up attempt at a 60 004 400 375 ns lag; new total: 84 367 667 392 539 ns
45:59:04.282087 TM: Giving up catch-up attempt at a 60 003 465 070 ns lag; new total: 84 427 670 857 609 ns
46:01:01.822001 TM: Giving up catch-up attempt at a 60 003 851 752 ns lag; new total: 84 487 674 709 361 ns
46:02:58.963288 TM: Giving up catch-up attempt at a 60 005 224 799 ns lag; new total: 84 547 679 934 160 ns
46:04:56.019719 TM: Giving up catch-up attempt at a 60 000 362 987 ns lag; new total: 84 607 680 297 147 ns
46:06:53.042138 TM: Giving up catch-up attempt at a 60 001 319 888 ns lag; new total: 84 667 681 617 035 ns
46:08:51.901930 TM: Giving up catch-up attempt at a 60 003 837 957 ns lag; new total: 84 727 685 454 992 ns
46:10:50.712154 TM: Giving up catch-up attempt at a 60 004 265 652 ns lag; new total: 84 787 689 720 644 ns
46:12:49.551791 TM: Giving up catch-up attempt at a 60 003 680 810 ns lag; new total: 84 847 693 401 454 ns
46:14:48.321889 TM: Giving up catch-up attempt at a 60 004 134 911 ns lag; new total: 84 907 697 536 365 ns
46:16:47.092216 TM: Giving up catch-up attempt at a 60 004 373 277 ns lag; new total: 84 967 701 909 642 ns
46:18:45.932311 TM: Giving up catch-up attempt at a 60 004 136 321 ns lag; new total: 85 027 706 045 963 ns
46:20:44.781966 TM: Giving up catch-up attempt at a 60 003 703 516 ns lag; new total: 85 087 709 749 479 ns
46:22:43.641999 TM: Giving up catch-up attempt at a 60 004 081 598 ns lag; new total: 85 147 713 831 077 ns
46:24:42.422015 TM: Giving up catch-up attempt at a 60 004 047 010 ns lag; new total: 85 207 717 878 087 ns
46:26:41.132625 TM: Giving up catch-up attempt at a 60 004 650 170 ns lag; new total: 85 267 722 528 257 ns
46:28:39.981771 TM: Giving up catch-up attempt at a 60 003 189 580 ns lag; new total: 85 327 725 717 837 ns
46:30:38.821924 TM: Giving up catch-up attempt at a 60 004 192 362 ns lag; new total: 85 387 729 910 199 ns
46:32:37.691865 TM: Giving up catch-up attempt at a 60 003 991 369 ns lag; new total: 85 447 733 901 568 ns
46:34:36.472217 TM: Giving up catch-up attempt at a 60 004 388 899 ns lag; new total: 85 507 738 290 467 ns
46:36:35.312154 TM: Giving up catch-up attempt at a 60 003 980 026 ns lag; new total: 85 567 742 270 493 ns
46:38:34.141832 TM: Giving up catch-up attempt at a 60 003 723 937 ns lag; new total: 85 627 745 994 430 ns
46:40:32.992222 TM: Giving up catch-up attempt at a 60 004 432 549 ns lag; new total: 85 687 750 426 979 ns
46:42:31.851985 TM: Giving up catch-up attempt at a 60 003 805 334 ns lag; new total: 85 747 754 232 313 ns
46:44:30.699532 TM: Giving up catch-up attempt at a 60 001 606 802 ns lag; new total: 85 807 755 839 115 ns
46:46:29.472006 TM: Giving up catch-up attempt at a 60 001 495 609 ns lag; new total: 85 867 757 334 724 ns
46:48:28.282227 TM: Giving up catch-up attempt at a 60 004 240 719 ns lag; new total: 85 927 761 575 443 ns
46:50:26.902151 TM: Giving up catch-up attempt at a 60 003 975 264 ns lag; new total: 85 987 765 550 707 ns
46:52:25.762265 TM: Giving up catch-up attempt at a 60 003 121 643 ns lag; new total: 86 047 768 672 350 ns
46:54:24.622125 TM: Giving up catch-up attempt at a 60 004 939 703 ns lag; new total: 86 107 773 612 053 ns
46:56:23.302273 TM: Giving up catch-up attempt at a 60 004 180 714 ns lag; new total: 86 167 777 792 767 ns
46:58:22.111945 TM: Giving up catch-up attempt at a 60 003 725 292 ns lag; new total: 86 227 781 518 059 ns
47:00:20.931807 TM: Giving up catch-up attempt at a 60 003 894 737 ns lag; new total: 86 287 785 412 796 ns
47:02:19.712082 TM: Giving up catch-up attempt at a 60 004 314 288 ns lag; new total: 86 347 789 727 084 ns
47:04:18.441933 TM: Giving up catch-up attempt at a 60 003 890 722 ns lag; new total: 86 407 793 617 806 ns
47:06:16.352540 TM: Giving up catch-up attempt at a 60 004 568 566 ns lag; new total: 86 467 798 186 372 ns
47:08:15.092048 TM: Giving up catch-up attempt at a 60 003 560 850 ns lag; new total: 86 527 801 747 222 ns
47:10:13.912012 TM: Giving up catch-up attempt at a 60 004 007 091 ns lag; new total: 86 587 805 754 313 ns
47:12:12.731828 TM: Giving up catch-up attempt at a 60 003 859 269 ns lag; new total: 86 647 809 613 582 ns
47:14:11.552903 TM: Giving up catch-up attempt at a 60 005 117 089 ns lag; new total: 86 707 814 730 671 ns
47:16:10.322059 TM: Giving up catch-up attempt at a 60 003 194 664 ns lag; new total: 86 767 817 925 335 ns
47:18:09.162310 TM: Giving up catch-up attempt at a 60 004 292 896 ns lag; new total: 86 827 822 218 231 ns
47:20:08.012199 TM: Giving up catch-up attempt at a 60 003 934 261 ns lag; new total: 86 887 826 152 492 ns
47:22:06.872119 TM: Giving up catch-up attempt at a 60 003 971 780 ns lag; new total: 86 947 830 124 272 ns
47:24:05.732188 TM: Giving up catch-up attempt at a 60 004 116 408 ns lag; new total: 87 007 834 240 680 ns
47:26:03.963416 TM: Giving up catch-up attempt at a 60 005 221 446 ns lag; new total: 87 067 839 462 126 ns
47:28:02.841915 TM: Giving up catch-up attempt at a 60 008 613 749 ns lag; new total: 87 127 848 075 875 ns
47:30:01.692274 TM: Giving up catch-up attempt at a 60 003 331 819 ns lag; new total: 87 187 851 407 694 ns
47:32:00.552103 TM: Giving up catch-up attempt at a 60 003 885 050 ns lag; new total: 87 247 855 292 744 ns
47:33:59.371857 TM: Giving up catch-up attempt at a 60 003 792 379 ns lag; new total: 87 307 859 085 123 ns
47:35:58.182249 TM: Giving up catch-up attempt at a 60 004 430 062 ns lag; new total: 87 367 863 515 185 ns
47:37:56.972524 TM: Giving up catch-up attempt at a 60 004 303 980 ns lag; new total: 87 427 867 819 165 ns
47:39:55.671830 TM: Giving up catch-up attempt at a 60 003 366 344 ns lag; new total: 87 487 871 185 509 ns
47:41:54.512276 TM: Giving up catch-up attempt at a 60 004 480 599 ns lag; new total: 87 547 875 666 108 ns
47:43:53.342195 TM: Giving up catch-up attempt at a 60 003 964 531 ns lag; new total: 87 607 879 630 639 ns
47:45:52.202263 TM: Giving up catch-up attempt at a 60 004 101 494 ns lag; new total: 87 667 883 732 133 ns
47:47:50.992028 TM: Giving up catch-up attempt at a 60 003 807 846 ns lag; new total: 87 727 887 539 979 ns
47:49:49.812264 TM: Giving up catch-up attempt at a 60 004 287 590 ns lag; new total: 87 787 891 827 569 ns
47:51:48.639664 TM: Giving up catch-up attempt at a 60 001 449 381 ns lag; new total: 87 847 893 276 950 ns
47:53:47.482162 TM: Giving up catch-up attempt at a 60 001 523 852 ns lag; new total: 87 907 894 800 802 ns
47:55:46.352184 TM: Giving up catch-up attempt at a 60 004 075 847 ns lag; new total: 87 967 898 876 649 ns
47:57:45.112252 TM: Giving up catch-up attempt at a 60 004 104 924 ns lag; new total: 88 027 902 981 573 ns
47:59:43.951968 TM: Giving up catch-up attempt at a 60 003 762 814 ns lag; new total: 88 087 906 744 387 ns
48:01:42.781958 TM: Giving up catch-up attempt at a 60 004 030 418 ns lag; new total: 88 147 910 774 805 ns
48:03:41.602220 TM: Giving up catch-up attempt at a 60 004 296 196 ns lag; new total: 88 207 915 071 001 ns
48:05:40.452034 TM: Giving up catch-up attempt at a 60 003 868 909 ns lag; new total: 88 267 918 939 910 ns
48:07:39.242007 TM: Giving up catch-up attempt at a 60 004 000 606 ns lag; new total: 88 327 922 940 516 ns
48:09:38.071986 TM: Giving up catch-up attempt at a 60 004 033 848 ns lag; new total: 88 387 926 974 364 ns
48:11:36.931785 TM: Giving up catch-up attempt at a 60 003 846 462 ns lag; new total: 88 447 930 820 826 ns
48:13:35.811957 TM: Giving up catch-up attempt at a 60 004 211 030 ns lag; new total: 88 507 935 031 856 ns
48:15:34.671776 TM: Giving up catch-up attempt at a 60 003 872 645 ns lag; new total: 88 567 938 904 501 ns
48:17:33.472548 TM: Giving up catch-up attempt at a 60 004 813 060 ns lag; new total: 88 627 943 717 561 ns
48:19:32.302085 TM: Giving up catch-up attempt at a 60 003 579 058 ns lag; new total: 88 687 947 296 619 ns
48:21:31.151966 TM: Giving up catch-up attempt at a 60 003 915 503 ns lag; new total: 88 747 951 212 122 ns
48:23:29.991826 TM: Giving up catch-up attempt at a 60 003 910 701 ns lag; new total: 88 807 955 122 823 ns
48:25:28.861888 TM: Giving up catch-up attempt at a 60 004 111 171 ns lag; new total: 88 867 959 233 994 ns
48:27:27.661943 TM: Giving up catch-up attempt at a 60 004 097 191 ns lag; new total: 88 927 963 331 185 ns
48:29:26.471912 TM: Giving up catch-up attempt at a 60 004 006 172 ns lag; new total: 88 987 967 337 357 ns
48:31:25.331791 TM: Giving up catch-up attempt at a 60 003 917 486 ns lag; new total: 89 047 971 254 843 ns
48:33:24.151954 TM: Giving up catch-up attempt at a 60 004 208 518 ns lag; new total: 89 107 975 463 361 ns
48:35:22.991865 TM: Giving up catch-up attempt at a 60 003 960 134 ns lag; new total: 89 167 979 423 495 ns
48:37:21.852148 TM: Giving up catch-up attempt at a 60 004 328 557 ns lag; new total: 89 227 983 752 052 ns
48:39:20.642214 TM: Giving up catch-up attempt at a 60 004 104 802 ns lag; new total: 89 287 987 856 854 ns
48:41:19.481820 TM: Giving up catch-up attempt at a 60 003 645 760 ns lag; new total: 89 347 991 502 614 ns
48:43:18.331998 TM: Giving up catch-up attempt at a 60 004 218 608 ns lag; new total: 89 407 995 721 222 ns
48:45:17.172131 TM: Giving up catch-up attempt at a 60 004 176 836 ns lag; new total: 89 467 999 898 058 ns
48:47:15.992268 TM: Giving up catch-up attempt at a 60 004 177 944 ns lag; new total: 89 528 004 076 002 ns
48:49:14.771875 TM: Giving up catch-up attempt at a 60 003 644 505 ns lag; new total: 89 588 007 720 507 ns
48:51:13.562312 TM: Giving up catch-up attempt at a 60 004 478 323 ns lag; new total: 89 648 012 198 830 ns
48:53:12.392197 TM: Giving up catch-up attempt at a 60 003 931 710 ns lag; new total: 89 708 016 130 540 ns
48:55:11.211958 TM: Giving up catch-up attempt at a 60 003 799 403 ns lag; new total: 89 768 019 929 943 ns
48:57:09.882445 TM: Giving up catch-up attempt at a 60 004 527 460 ns lag; new total: 89 828 024 457 403 ns
48:59:08.622186 TM: Giving up catch-up attempt at a 60 003 778 340 ns lag; new total: 89 888 028 235 743 ns
49:01:07.441982 TM: Giving up catch-up attempt at a 60 003 829 863 ns lag; new total: 89 948 032 065 606 ns
49:03:06.252087 TM: Giving up catch-up attempt at a 60 004 155 250 ns lag; new total: 90 008 036 220 856 ns
49:05:05.042038 TM: Giving up catch-up attempt at a 60 003 982 917 ns lag; new total: 90 068 040 203 773 ns
49:07:03.762167 TM: Giving up catch-up attempt at a 60 004 164 531 ns lag; new total: 90 128 044 368 304 ns
49:09:02.512167 TM: Giving up catch-up attempt at a 60 004 045 192 ns lag; new total: 90 188 048 413 496 ns
49:11:01.191992 TM: Giving up catch-up attempt at a 60 003 848 683 ns lag; new total: 90 248 052 262 179 ns
49:13:00.042030 TM: Giving up catch-up attempt at a 60 004 083 190 ns lag; new total: 90 308 056 345 369 ns
49:14:58.892137 TM: Giving up catch-up attempt at a 60 004 147 900 ns lag; new total: 90 368 060 493 269 ns
49:16:57.691797 TM: Giving up catch-up attempt at a 60 003 707 293 ns lag; new total: 90 428 064 200 562 ns
49:18:56.481989 TM: Giving up catch-up attempt at a 60 004 232 137 ns lag; new total: 90 488 068 432 699 ns
49:20:55.261765 TM: Giving up catch-up attempt at a 60 003 817 388 ns lag; new total: 90 548 072 250 087 ns
49:22:54.102064 TM: Giving up catch-up attempt at a 60 004 340 178 ns lag; new total: 90 608 076 590 265 ns
49:24:52.971963 TM: Giving up catch-up attempt at a 60 003 943 198 ns lag; new total: 90 668 080 533 463 ns
49:26:51.722231 TM: Giving up catch-up attempt at a 60 004 304 971 ns lag; new total: 90 728 084 838 434 ns
49:28:50.492100 TM: Giving up catch-up attempt at a 60 003 912 744 ns lag; new total: 90 788 088 751 178 ns
49:30:49.262015 TM: Giving up catch-up attempt at a 60 003 958 246 ns lag; new total: 90 848 092 709 424 ns
49:32:48.092089 TM: Giving up catch-up attempt at a 60 004 111 793 ns lag; new total: 90 908 096 821 217 ns
49:34:46.941943 TM: Giving up catch-up attempt at a 60 003 902 649 ns lag; new total: 90 968 100 723 866 ns
49:36:45.772187 TM: Giving up catch-up attempt at a 60 004 273 570 ns lag; new total: 91 028 104 997 436 ns
49:38:44.401853 TM: Giving up catch-up attempt at a 60 003 703 812 ns lag; new total: 91 088 108 701 248 ns
49:40:43.172111 TM: Giving up catch-up attempt at a 60 004 298 918 ns lag; new total: 91 148 113 000 166 ns
49:42:42.022118 TM: Giving up catch-up attempt at a 60 004 053 092 ns lag; new total: 91 208 117 053 258 ns
49:44:40.861891 TM: Giving up catch-up attempt at a 60 003 822 424 ns lag; new total: 91 268 120 875 682 ns
49:46:39.671955 TM: Giving up catch-up attempt at a 60 004 093 741 ns lag; new total: 91 328 124 969 423 ns
49:48:38.522015 TM: Giving up catch-up attempt at a 60 004 103 113 ns lag; new total: 91 388 129 072 536 ns
49:50:37.282356 TM: Giving up catch-up attempt at a 60 004 374 070 ns lag; new total: 91 448 133 446 606 ns
49:52:36.121947 TM: Giving up catch-up attempt at a 60 003 639 617 ns lag; new total: 91 508 137 086 223 ns
49:54:34.972295 TM: Giving up catch-up attempt at a 60 004 394 787 ns lag; new total: 91 568 141 481 010 ns
49:56:33.782304 TM: Giving up catch-up attempt at a 60 004 050 018 ns lag; new total: 91 628 145 531 028 ns
49:58:32.561833 TM: Giving up catch-up attempt at a 60 003 573 262 ns lag; new total: 91 688 149 104 290 ns
50:00:31.341888 TM: Giving up catch-up attempt at a 60 004 090 490 ns lag; new total: 91 748 153 194 780 ns
50:02:30.152228 TM: Giving up catch-up attempt at a 60 004 378 986 ns lag; new total: 91 808 157 573 766 ns
50:04:28.992070 TM: Giving up catch-up attempt at a 60 003 890 607 ns lag; new total: 91 868 161 464 373 ns
50:06:27.811861 TM: Giving up catch-up attempt at a 60 003 828 871 ns lag; new total: 91 928 165 293 244 ns
50:08:26.492062 TM: Giving up catch-up attempt at a 60 004 242 511 ns lag; new total: 91 988 169 535 755 ns
50:10:25.261893 TM: Giving up catch-up attempt at a 60 003 865 263 ns lag; new total: 92 048 173 401 018 ns
50:12:24.042070 TM: Giving up catch-up attempt at a 60 004 224 512 ns lag; new total: 92 108 177 625 530 ns
50:14:22.882038 TM: Giving up catch-up attempt at a 60 004 006 529 ns lag; new total: 92 168 181 632 059 ns
50:16:21.712015 TM: Giving up catch-up attempt at a 60 004 024 694 ns lag; new total: 92 228 185 656 753 ns
50:18:20.521859 TM: Giving up catch-up attempt at a 60 003 877 183 ns lag; new total: 92 288 189 533 936 ns
50:20:19.362205 TM: Giving up catch-up attempt at a 60 004 386 661 ns lag; new total: 92 348 193 920 597 ns
50:22:18.171777 TM: Giving up catch-up attempt at a 60 003 621 196 ns lag; new total: 92 408 197 541 793 ns
50:24:17.022155 TM: Giving up catch-up attempt at a 60 004 419 192 ns lag; new total: 92 468 201 960 985 ns
50:26:15.872300 TM: Giving up catch-up attempt at a 60 004 196 372 ns lag; new total: 92 528 206 157 357 ns
50:28:14.722246 TM: Giving up catch-up attempt at a 60 003 988 358 ns lag; new total: 92 588 210 145 715 ns
50:30:13.571928 TM: Giving up catch-up attempt at a 60 003 724 378 ns lag; new total: 92 648 213 870 093 ns
50:32:12.362240 TM: Giving up catch-up attempt at a 60 004 358 200 ns lag; new total: 92 708 218 228 293 ns
50:34:11.212263 TM: Giving up catch-up attempt at a 60 000 195 084 ns lag; new total: 92 768 218 423 377 ns
50:36:10.051969 TM: Giving up catch-up attempt at a 60 002 613 930 ns lag; new total: 92 828 221 037 307 ns
50:38:08.882176 TM: Giving up catch-up attempt at a 60 004 249 559 ns lag; new total: 92 888 225 286 866 ns
50:40:07.732608 TM: Giving up catch-up attempt at a 60 004 485 134 ns lag; new total: 92 948 229 772 000 ns
50:42:06.532660 TM: Giving up catch-up attempt at a 60 004 081 997 ns lag; new total: 93 008 233 853 997 ns
50:44:05.372579 TM: Giving up catch-up attempt at a 60 003 973 124 ns lag; new total: 93 068 237 827 121 ns
50:46:04.232092 TM: Giving up catch-up attempt at a 60 003 548 428 ns lag; new total: 93 128 241 375 549 ns
50:48:03.072026 TM: Giving up catch-up attempt at a 60 003 984 171 ns lag; new total: 93 188 245 359 720 ns
50:50:01.902226 TM: Giving up catch-up attempt at a 60 004 228 331 ns lag; new total: 93 248 249 588 051 ns
50:52:00.711970 TM: Giving up catch-up attempt at a 60 003 798 539 ns lag; new total: 93 308 253 386 590 ns
50:53:59.499620 TM: Giving up catch-up attempt at a 60 001 702 229 ns lag; new total: 93 368 255 088 819 ns
50:55:58.331811 TM: Giving up catch-up attempt at a 60 001 221 554 ns lag; new total: 93 428 256 310 373 ns
50:57:57.193163 TM: Giving up catch-up attempt at a 60 000 394 887 ns lag; new total: 93 488 256 705 260 ns
50:59:56.022235 TM: Giving up catch-up attempt at a 60 003 122 162 ns lag; new total: 93 548 259 827 422 ns
51:01:53.411866 TM: Giving up catch-up attempt at a 60 003 566 434 ns lag; new total: 93 608 263 393 856 ns
51:03:50.502237 TM: Giving up catch-up attempt at a 60 004 292 892 ns lag; new total: 93 668 267 686 748 ns
51:05:46.602119 TM: Giving up catch-up attempt at a 60 003 735 917 ns lag; new total: 93 728 271 422 665 ns
51:07:43.652609 TM: Giving up catch-up attempt at a 60 004 414 365 ns lag; new total: 93 788 275 837 030 ns
51:09:40.312068 TM: Giving up catch-up attempt at a 60 003 350 675 ns lag; new total: 93 848 279 187 705 ns
51:11:37.651815 TM: Giving up catch-up attempt at a 60 003 690 854 ns lag; new total: 93 908 282 878 559 ns
51:13:34.411987 TM: Giving up catch-up attempt at a 60 004 075 773 ns lag; new total: 93 968 286 954 332 ns
51:15:31.631836 TM: Giving up catch-up attempt at a 60 003 780 362 ns lag; new total: 94 028 290 734 694 ns
51:17:28.847737 TM: Giving up catch-up attempt at a 60 009 828 699 ns lag; new total: 94 088 300 563 393 ns
51:19:25.842029 TM: Giving up catch-up attempt at a 60 003 215 347 ns lag; new total: 94 148 303 778 740 ns
51:21:22.821789 TM: Giving up catch-up attempt at a 60 003 672 634 ns lag; new total: 94 208 307 451 374 ns
51:23:19.022745 TM: Giving up catch-up attempt at a 60 004 816 767 ns lag; new total: 94 268 312 268 141 ns
51:25:14.860826 TM: Giving up catch-up attempt at a 60 001 921 544 ns lag; new total: 94 328 314 189 685 ns
51:27:10.422289 TM: Giving up catch-up attempt at a 60 000 275 478 ns lag; new total: 94 388 314 465 163 ns
51:29:05.962068 TM: Giving up catch-up attempt at a 60 003 605 241 ns lag; new total: 94 448 318 070 404 ns
51:31:01.742298 TM: Giving up catch-up attempt at a 60 009 029 923 ns lag; new total: 94 508 327 100 327 ns
51:32:57.922125 TM: Giving up catch-up attempt at a 60 003 721 706 ns lag; new total: 94 568 330 822 033 ns
51:34:53.982673 TM: Giving up catch-up attempt at a 60 004 396 477 ns lag; new total: 94 628 335 218 510 ns
51:36:50.022006 TM: Giving up catch-up attempt at a 60 003 186 961 ns lag; new total: 94 688 338 405 471 ns
51:38:46.142288 TM: Giving up catch-up attempt at a 60 004 141 113 ns lag; new total: 94 748 342 546 584 ns
51:40:42.351991 TM: Giving up catch-up attempt at a 60 003 559 756 ns lag; new total: 94 808 346 106 340 ns
51:42:38.731945 TM: Giving up catch-up attempt at a 60 003 828 023 ns lag; new total: 94 868 349 934 363 ns
51:44:33.871896 TM: Giving up catch-up attempt at a 60 003 747 210 ns lag; new total: 94 928 353 681 573 ns
51:46:30.132047 TM: Giving up catch-up attempt at a 60 004 008 843 ns lag; new total: 94 988 357 690 416 ns
51:48:25.912068 TM: Giving up catch-up attempt at a 60 003 859 114 ns lag; new total: 95 048 361 549 530 ns
51:50:22.152146 TM: Giving up catch-up attempt at a 60 003 939 342 ns lag; new total: 95 108 365 488 872 ns
51:52:18.342097 TM: Giving up catch-up attempt at a 60 003 812 935 ns lag; new total: 95 168 369 301 807 ns
51:54:14.221994 TM: Giving up catch-up attempt at a 60 003 731 342 ns lag; new total: 95 228 373 033 149 ns
51:56:10.502083 TM: Giving up catch-up attempt at a 60 003 962 057 ns lag; new total: 95 288 376 995 206 ns
51:58:06.161939 TM: Giving up catch-up attempt at a 60 003 689 102 ns lag; new total: 95 348 380 684 308 ns
52:00:02.172104 TM: Giving up catch-up attempt at a 60 004 010 984 ns lag; new total: 95 408 384 695 292 ns
52:01:57.942756 TM: Giving up catch-up attempt at a 60 004 487 226 ns lag; new total: 95 468 389 182 518 ns
52:03:53.367199 TM: Giving up catch-up attempt at a 60 213 235 420 ns lag; new total: 95 528 602 417 938 ns
52:05:48.232081 TM: Giving up catch-up attempt at a 60 003 650 252 ns lag; new total: 95 588 606 068 190 ns
52:07:44.011930 TM: Giving up catch-up attempt at a 60 003 682 914 ns lag; new total: 95 648 609 751 104 ns
52:09:40.121877 TM: Giving up catch-up attempt at a 60 003 803 650 ns lag; new total: 95 708 613 554 754 ns
52:11:35.371794 TM: Giving up catch-up attempt at a 60 003 713 307 ns lag; new total: 95 768 617 268 061 ns
52:13:31.141818 TM: Giving up catch-up attempt at a 60 003 854 689 ns lag; new total: 95 828 621 122 750 ns
52:15:24.931043 TM: Giving up catch-up attempt at a 60 022 923 528 ns lag; new total: 95 888 644 046 278 ns
52:17:20.002314 TM: Giving up catch-up attempt at a 60 000 054 146 ns lag; new total: 95 948 644 100 424 ns
52:19:15.422070 TM: Giving up catch-up attempt at a 60 003 565 518 ns lag; new total: 96 008 647 665 942 ns
52:21:08.765679 TM: Giving up catch-up attempt at a 60 007 272 661 ns lag; new total: 96 068 654 938 603 ns
52:22:36.022278 TM: Giving up catch-up attempt at a 60 003 465 064 ns lag; new total: 96 128 658 403 667 ns
52:24:03.632273 TM: Giving up catch-up attempt at a 60 001 897 885 ns lag; new total: 96 188 660 301 552 ns
52:25:37.800100 TM: Giving up catch-up attempt at a 61 970 055 674 ns lag; new total: 96 250 630 357 226 ns
52:27:00.811955 TM: Giving up catch-up attempt at a 60 003 410 609 ns lag; new total: 96 310 633 767 835 ns
52:28:36.891977 TM: Giving up catch-up attempt at a 61 107 437 502 ns lag; new total: 96 371 741 205 337 ns
52:30:04.381780 TM: Giving up catch-up attempt at a 60 001 692 464 ns lag; new total: 96 431 742 897 801 ns
52:31:31.326577 TM: Giving up catch-up attempt at a 61 901 517 962 ns lag; new total: 96 493 644 415 763 ns
52:32:56.752068 TM: Giving up catch-up attempt at a 60 002 239 872 ns lag; new total: 96 553 646 655 635 ns
52:34:31.612032 TM: Giving up catch-up attempt at a 60 002 353 826 ns lag; new total: 96 613 649 009 461 ns
52:36:05.249887 TM: Giving up catch-up attempt at a 60 740 134 148 ns lag; new total: 96 674 389 143 609 ns
52:37:44.993272 TM: Giving up catch-up attempt at a 61 830 990 870 ns lag; new total: 96 736 220 134 479 ns
52:39:23.092472 TM: Giving up catch-up attempt at a 60 001 804 931 ns lag; new total: 96 796 221 939 410 ns
52:41:01.742053 TM: Giving up catch-up attempt at a 60 002 236 049 ns lag; new total: 96 856 224 175 459 ns
52:42:41.772277 TM: Giving up catch-up attempt at a 60 002 971 265 ns lag; new total: 96 916 227 146 724 ns
52:44:25.128287 TM: Giving up catch-up attempt at a 62 668 824 911 ns lag; new total: 96 978 895 971 635 ns
52:45:55.972094 TM: Giving up catch-up attempt at a 60 000 926 792 ns lag; new total: 97 038 896 898 427 ns
52:47:29.599578 TM: Giving up catch-up attempt at a 60 399 767 623 ns lag; new total: 97 099 296 666 050 ns
52:49:11.452851 TM: Giving up catch-up attempt at a 62 780 941 755 ns lag; new total: 97 162 077 607 805 ns
52:50:46.002072 TM: Giving up catch-up attempt at a 60 001 593 134 ns lag; new total: 97 222 079 200 939 ns
