original	before	after	review_status	concept	changed_tokens
Activate	Activeren	Activeren	existing-unreviewed		0
ActivateAll	ActiverenAlle	ActiverenAlle	existing-unreviewed		0
Active	Actief	Actief	existing-unreviewed		0
ActiveInterruptManager	Actiefinterruptmanager	Actiefinterruptmanager	existing-unreviewed		0
ActiveMemoryManager	ActiefGeheugenmanager	ActiefGeheugenmanager	existing-unreviewed		0
Add	Toevoegen	Toevoegen	existing-unreviewed		0
AddDriver	Toevoegendriver	Toevoegendriver	existing-unreviewed		0
AddRunnableThread	Toevoegenrunnablethread	Toevoegenrunnablethread	existing-unreviewed		0
AddTask	ToevoegenTaak	ToevoegenTaak	existing-unreviewed		0
AddThread	Toevoegenthread	Toevoegenthread	existing-unreviewed		0
Address	Address	Address	existing-unreviewed		0
AlignedMalloc	Alignedmalloc	Alignedmalloc	existing-unreviewed		0
AlignmentCheck	Alignmentcheck	Alignmentcheck	existing-unreviewed		0
AllocateBlock	AllocateBlok	AllocateBlok	existing-unreviewed		0
AllocatePID	Allocatepid	Allocatepid	existing-unreviewed		0
AmountOfMemory	HoeveelheidvanGeheugen	HoeveelheidvanGeheugen	existing-unreviewed		0
ArrayToUint16	Reeksnaarunsignedinteger16	Reeksnaarunsignedinteger16	existing-unreviewed		0
ArrayToUint32	Reeksnaarunsignedinteger32	Reeksnaarunsignedinteger32	existing-unreviewed		0
ArrayToUint48	Reeksnaarunsignedinteger48	Reeksnaarunsignedinteger48	existing-unreviewed		0
ArrayToUint48_BE	Reeksnaarunsignedinteger48be	Reeksnaarunsignedinteger48be	existing-unreviewed		0
ArrayToUint64	Reeksnaarunsignedinteger64	Reeksnaarunsignedinteger64	existing-unreviewed		0
Atime	Atime	Atime	existing-unreviewed		0
AtimeNsec	Atimensec	Atimensec	existing-unreviewed		0
BLOCKS_PER_BYTE	Blokperbyte	Blokperbyte	existing-unreviewed		0
BLOCK_SIZE	BlokGrootte	BlokGrootte	existing-unreviewed		0
Backend	Backend	Backend	existing-unreviewed		0
BaseAddr	Baseaddress	Baseaddress	existing-unreviewed		0
Bind	Bind	Bind	existing-unreviewed		0
Blksize	Blksize	Blksize	existing-unreviewed		0
Blocked	Blocked	Blocked	existing-unreviewed		0
BlockedState	BlockedStatus	BlockedStatus	existing-unreviewed		0
Blocks	Blok	Blok	existing-unreviewed		0
BoundRangeExceeded	BoundBereikexceeded	BoundBereikexceeded	existing-unreviewed		0
BroadcastMacAddress	Broadcastmacaddress	Broadcastmacaddress	existing-unreviewed		0
BytesPerSector	Bytespersector	Bytespersector	existing-unreviewed		0
BytesToString	BytesnaarTekstsnoer	BytesnaarTekstsnoer	existing-unreviewed		0
Checksum	Checksum	Checksum	existing-unreviewed		0
Clear	Wissen	Wissen	existing-unreviewed		0
Clone	Clone	Clone	existing-unreviewed		0
CloneAddressSpaceCOW	CloneaddressSpatiecow	CloneaddressSpatiecow	existing-unreviewed		0
Connect	Verbinden	Verbinden	existing-unreviewed		0
ContainsCoordinate	Containscoordinate	Containscoordinate	existing-unreviewed		0
CopyPageFrameBlock	KopiërenPaginaframeBlok	KopiërenPaginaframeBlok	existing-unreviewed		0
CpuState	CpuStatus	CpuStatus	existing-unreviewed		0
Create	Create	Create	existing-unreviewed		0
CreateFromData	Createvandata	Createvandata	existing-unreviewed		0
CreateFromFunction	CreatevanFunctie	CreatevanFunctie	existing-unreviewed		0
CreatePtrFromFunction	CreateMuisaanwijzervanFunctie	CreateMuisaanwijzervanFunctie	existing-unreviewed		0
Cs	Cs	Cs	existing-unreviewed		0
Ctime	Ctime	Ctime	existing-unreviewed		0
CtimeNsec	Ctimensec	Ctimensec	existing-unreviewed		0
CurrentPID	Huidigpid	Huidigpid	existing-unreviewed		0
CurrentParentPID	Huidigouderpid	Huidigouderpid	existing-unreviewed		0
Data	Data	Data	compatibility		0
Deactivate	Deactiveren	Deactiveren	existing-unreviewed		0
Deactive	Deactive	Deactive	existing-unreviewed		0
Decrement	Decrement	Decrement	existing-unreviewed		0
Delete	Verwijderen	Verwijderen	existing-unreviewed		0
DescriptorPrivilegeLevel	DescriptorprivilegeNiveau	DescriptorprivilegeNiveau	existing-unreviewed		0
DescriptorType	DescriptorSoort	DescriptorSoort	existing-unreviewed		0
Destroy	Vernietigen	Vernietigen	existing-unreviewed		0
Dev	Apparaat	Apparaat	existing-unreviewed		0
DeviceHasFunctions	ApparaathasFuncties	ApparaathasFuncties	existing-unreviewed		0
DeviceNotAvailable	ApparaatNietBeschikbaar	ApparaatNietBeschikbaar	existing-unreviewed		0
Device_id	Apparaatid	Apparaatid	existing-unreviewed		0
DisableInt	Uitschakelenint	Uitschakelenint	existing-unreviewed		0
Disconnect	Verbindingverbreken	Verbindingverbreken	existing-unreviewed		0
DivideByZero	Dividebyzero	Dividebyzero	existing-unreviewed		0
DoHandleInterrupt	DoHandgreepinterrupt	DoHandgreepinterrupt	existing-unreviewed		0
DoubleFault	Dubbelfault	Dubbelfault	existing-unreviewed		0
Draw	Draw	Draw	existing-unreviewed		0
DriverManager	Drivermanager	Drivermanager	existing-unreviewed		0
Ds	Ds	Ds	existing-unreviewed		0
Dynamic	Dynamisch	Dynamisch	existing-unreviewed		0
E2BIG	E2Groot	E2Groot	existing-unreviewed		0
EACCES	Eacces	Eacces	existing-unreviewed		0
EADDRINUSE	Eaddrinuse	Eaddrinuse	existing-unreviewed		0
EAFNOSUPPORT	Eafnosupport	Eafnosupport	existing-unreviewed		0
EAGAIN	Eagain	Eagain	existing-unreviewed		0
EBADF	Ebadf	Ebadf	existing-unreviewed		0
EBUSY	Ebusy	Ebusy	existing-unreviewed		0
ECHILD	Echild	Echild	existing-unreviewed		0
EEXIST	Eexist	Eexist	existing-unreviewed		0
EFAULT	Efault	Efault	existing-unreviewed		0
EFBIG	Efbig	Efbig	existing-unreviewed		0
EINTR	Eintr	Eintr	existing-unreviewed		0
EINVAL	Einval	Einval	existing-unreviewed		0
EIO	Eio	Eio	existing-unreviewed		0
EISDIR	Eisdir	Eisdir	existing-unreviewed		0
EMFILE	Emfile	Emfile	existing-unreviewed		0
EMSGSIZE	Emsgsize	Emsgsize	existing-unreviewed		0
ENETUNREACH	Enetunreach	Enetunreach	existing-unreviewed		0
ENFILE	Enfile	Enfile	existing-unreviewed		0
ENODEV	Enodev	Enodev	existing-unreviewed		0
ENOENT	Enoent	Enoent	existing-unreviewed		0
ENOEXEC	Enoexec	Enoexec	existing-unreviewed		0
ENOMEM	Enomem	Enomem	existing-unreviewed		0
ENOSPC	Enospc	Enospc	existing-unreviewed		0
ENOSYS	Enosys	Enosys	existing-unreviewed		0
ENOTCONN	Enotconn	Enotconn	existing-unreviewed		0
ENOTDIR	Enotdir	Enotdir	existing-unreviewed		0
ENOTTY	Enotty	Enotty	existing-unreviewed		0
EOPNOTSUPP	Eopnotsupp	Eopnotsupp	existing-unreviewed		0
EPERM	Eperm	Eperm	existing-unreviewed		0
EPROTONOSUPPORT	Eprotonosupport	Eprotonosupport	existing-unreviewed		0
ERANGE	Erange	Erange	existing-unreviewed		0
EROFS	Erofs	Erofs	existing-unreviewed		0
ESPIPE	Espipe	Espipe	existing-unreviewed		0
ESRCH	Esrch	Esrch	existing-unreviewed		0
Eax	Eax	Eax	existing-unreviewed		0
Ebp	Ebp	Ebp	existing-unreviewed		0
Ebx	Ebx	Ebx	existing-unreviewed		0
Ecx	Ecx	Ecx	existing-unreviewed		0
Edi	Edi	Edi	existing-unreviewed		0
Edx	Edx	Edx	existing-unreviewed		0
Eflags	Eflags	Eflags	existing-unreviewed		0
Eip	Eip	Eip	existing-unreviewed		0
Elf	Elf	Elf	existing-unreviewed		0
Elf32Dyn	Elf32dyn	Elf32dyn	existing-unreviewed		0
Elf32Note	Elf32Notitie	Elf32Notitie	existing-unreviewed		0
Elf32Rel	Elf32rel	Elf32rel	existing-unreviewed		0
Elf32Rela	Elf32rela	Elf32rela	existing-unreviewed		0
Elf32Sym	Elf32sym	Elf32sym	existing-unreviewed		0
ElfHeader	Elfheader	Elfheader	existing-unreviewed		0
ElfProgramHeader	Elfprogrammaheader	Elfprogrammaheader	existing-unreviewed		0
ElfSectionHeader	Elfsectionheader	Elfsectionheader	existing-unreviewed		0
EnablePaging	Inschakelenpaging	Inschakelenpaging	existing-unreviewed		0
Enabled	Ingeschakeld	Ingeschakeld	existing-unreviewed		0
EntryNumber	ItemGetal	ItemGetal	existing-unreviewed		0
EqualBytes	Gelijkebytes	Gelijkebytes	existing-unreviewed		0
Es	Es	Es	existing-unreviewed		0
Esi	Esi	Esi	existing-unreviewed		0
Esp	Esp	Esp	existing-unreviewed		0
FPUBuffer	Fpubuffer	Fpubuffer	existing-unreviewed		0
FPUOffset	FpuVerschuiving	FpuVerschuiving	existing-unreviewed		0
Family	Family	Family	existing-unreviewed		0
FileName	BestandNaam	BestandNaam	existing-unreviewed		0
Fill	Fill	Fill	existing-unreviewed		0
FillRectangle	FillRechthoek	FillRechthoek	existing-unreviewed		0
First	First	First	existing-unreviewed		0
FirstFree	FirstVrij	FirstVrij	existing-unreviewed		0
FirstFreeSize	FirstVrijGrootte	FirstVrijGrootte	existing-unreviewed		0
Flags	Vlaggen	Vlaggen	existing-unreviewed		0
FloatingPointException	Zwevendpointexception	Zwevendpointexception	existing-unreviewed		0
Flush	Flush	Flush	existing-unreviewed		0
FlushTlsTable	FlushtlsTabel	FlushtlsTabel	existing-unreviewed		0
Focussable	Focussable	Focussable	existing-unreviewed		0
Free	Vrij	Vrij	existing-unreviewed		0
Fs	Fs	Fs	existing-unreviewed		0
GB	Gb	Gb	existing-unreviewed		0
GDT_ENTRIES	GdtItem	GdtItem	existing-unreviewed		0
GOT	Got	Got	existing-unreviewed		0
GPFException	Gpfexception	Gpfexception	existing-unreviewed		0
GatewayIP	Gatewayip	Gatewayip	existing-unreviewed		0
GdtAddressHigh	GdtaddressHoog	GdtaddressHoog	existing-unreviewed		0
GdtAddressLow	GdtaddressLaag	GdtaddressLaag	existing-unreviewed		0
GdtDescriptor	Gdtdescriptor	Gdtdescriptor	existing-unreviewed		0
GdtEntry	GdtItem_2	GdtItem_2	existing-unreviewed		0
GdtSize	GdtGrootte	GdtGrootte	existing-unreviewed		0
GetAt	Getat	Getat	existing-unreviewed		0
GetBackend	Getbackend	Getbackend	existing-unreviewed		0
GetBaseAddressRegister	Getbaseaddressregister	Getbaseaddressregister	existing-unreviewed		0
GetBitmaspSize	GetbitmaspGrootte	GetbitmaspGrootte	existing-unreviewed		0
GetBytesFromPtr	GetbytesvanMuisaanwijzer	GetbytesvanMuisaanwijzer	existing-unreviewed		0
GetCR0	Getcr0	Getcr0	existing-unreviewed		0
GetCR2	Getcr2	Getcr2	existing-unreviewed		0
GetCR3	Getcr3	Getcr3	existing-unreviewed		0
GetCR4	Getcr4	Getcr4	existing-unreviewed		0
GetColorIndex	GetKleurindex	GetKleurindex	existing-unreviewed		0
GetDeviceDescriptor	GetApparaatdescriptor	GetApparaatdescriptor	existing-unreviewed		0
GetDriver	Getdriver	Getdriver	existing-unreviewed		0
GetESP0	Getesp0	Getesp0	existing-unreviewed		0
GetEntry	GetItem	GetItem	existing-unreviewed		0
GetFileSize	GetBestandGrootte	GetBestandGrootte	existing-unreviewed		0
GetFocus	GetScherpstellen	GetScherpstellen	existing-unreviewed		0
GetFrameBufferSegment	Getframebuffersegment	Getframebuffersegment	existing-unreviewed		0
GetFuncPtrFromPtr	GetfuncMuisaanwijzervanMuisaanwijzer	GetfuncMuisaanwijzervanMuisaanwijzer	existing-unreviewed		0
GetFunctionName	GetFunctieNaam	GetFunctieNaam	existing-unreviewed		0
GetHandler	Gethandler	Gethandler	existing-unreviewed		0
GetIPAddress	Getipaddress	Getipaddress	existing-unreviewed		0
GetMACAddress	Getmacaddress	Getmacaddress	existing-unreviewed		0
GetMACFromCache	Getmacvancache	Getmacvancache	existing-unreviewed		0
GetNextReadyThread	GetVolgendeKlaarthread	GetVolgendeKlaarthread	existing-unreviewed		0
GetNodeAt	GetSysteemnaamat	GetSysteemnaamat	existing-unreviewed		0
GetProvider	Providerget	Providerget	existing-unreviewed		0
GetSS0	Getss0	Getss0	existing-unreviewed		0
GetStr	Getstr	Getstr	existing-unreviewed		0
GetUint32ArrayFromPtr	Getunsignedinteger32ReeksvanMuisaanwijzer	Getunsignedinteger32ReeksvanMuisaanwijzer	existing-unreviewed		0
GetUintptrArrayFromPtr	GetunsignedintegerMuisaanwijzerReeksvanMuisaanwijzer	GetunsignedintegerMuisaanwijzerReeksvanMuisaanwijzer	existing-unreviewed		0
GetValue	GetWaarde	GetWaarde	existing-unreviewed		0
GetValueInPageDir	GetWaardeinPaginaMap	GetWaardeinPaginaMap	existing-unreviewed		0
Gid	Gid	Gid	existing-unreviewed		0
Gs	Gs	Gs	existing-unreviewed		0
HandleException	Handgreepexception	Handgreepexception	existing-unreviewed		0
HandleFatalInterruptFrame	Handgreepfatalinterruptframe	Handgreepfatalinterruptframe	existing-unreviewed		0
HandleInterrupt	Handgreepinterrupt	Handgreepinterrupt	existing-unreviewed		0
HandleInterrupt1	Handgreepinterrupt1	Handgreepinterrupt1	existing-unreviewed		0
HandleUserDatagramProtocolMessage	HandgreepGebruikerdatagramprotocolBericht	HandgreepGebruikerdatagramprotocolBericht	existing-unreviewed		0
IDT_DESC_PRESENT	IdtdescriptorAanwezig	IdtdescriptorAanwezig	existing-unreviewed		0
IDT_INTERRUPT_GATE	Idtinterruptgate	Idtinterruptgate	existing-unreviewed		0
IDriver	IDriver	IDriver	existing-unreviewed		0
IEtherFrameHandler	IEthernetframehandler	IEthernetframehandler	existing-unreviewed		0
IInternetProtocolHandler	IInternetprotocolhandler	IInternetprotocolhandler	existing-unreviewed		0
IInterruptHandler	IInterrupthandler	IInterrupthandler	existing-unreviewed		0
IKeyboardEventHandler	IToetsenbordGebeurtenishandler	IToetsenbordGebeurtenishandler	existing-unreviewed		0
IMouseEventHandler	IMuisGebeurtenishandler	IMuisGebeurtenishandler	existing-unreviewed		0
IPCIControllerHandler	Ipcicontrollerhandler	Ipcicontrollerhandler	existing-unreviewed		0
IPCache	Ipcache	Ipcache	existing-unreviewed		0
IP_BE	IpNetwerkbyteorder	IpNetwerkbyteorder	existing-unreviewed		0
IRawDataHandler	IRawdatahandler	IRawdatahandler	existing-unreviewed		0
ITimerEventHandler	IAftelklokGebeurtenishandler	IAftelklokGebeurtenishandler	existing-unreviewed		0
IUserDatagramProtocolHandler	IGebruikerdatagramprotocolhandler	IGebruikerdatagramprotocolhandler	existing-unreviewed		0
IUserDatagramProtocolSocket	IGebruikerdatagramprotocolContactpunt	IGebruikerdatagramprotocolContactpunt	existing-unreviewed		0
IWidget	IWidget	ISchermelement	project-proposal	widget	6
Identify	Identify	Identify	existing-unreviewed		0
Increment	Increment	Increment	existing-unreviewed		0
IndexOf	Indexvan	Indexvan	existing-unreviewed		0
Init	Init	Init	existing-unreviewed		0
InitDriver	Initdriver	Initdriver	existing-unreviewed		0
InitialThreadUserJump	InitialthreadGebruikerjump	InitialthreadGebruikerjump	existing-unreviewed		0
Ino	Ino	Ino	existing-unreviewed		0
Install	Installeren	Installeren	existing-unreviewed		0
Interrupt	Interrupt	Interrupt	existing-unreviewed		0
InterruptActive	InterruptActief	InterruptActief	existing-unreviewed		0
InterruptDeactive	Interruptdeactive	Interruptdeactive	existing-unreviewed		0
InterruptManager	Interruptmanager	Interruptmanager	existing-unreviewed		0
InterruptNumber	InterruptGetal	InterruptGetal	existing-unreviewed		0
InvalidOpcode	Ongeldigopcode	Ongeldigopcode	existing-unreviewed		0
InvalidTSS	Ongeldigtss	Ongeldigtss	existing-unreviewed		0
IsKernel	Iskernel	Iskernel	existing-unreviewed		0
IsPresent	IsAanwezig	IsAanwezig	existing-unreviewed		0
IsUserSpace	IsGebruikerSpatie	IsGebruikerSpatie	existing-unreviewed		0
KB	Kb	Kb	existing-unreviewed		0
KCS_INDEX	Kcsindex	Kcsindex	existing-unreviewed		0
KCS_SELECTOR	Kcsselector	Kcsselector	existing-unreviewed		0
KDS_INDEX	Kdsindex	Kdsindex	existing-unreviewed		0
KDS_SELECTOR	Kdsselector	Kdsselector	existing-unreviewed		0
KERNEL_HEAP_START	KernelheapStarten	KernelheapStarten	existing-unreviewed		0
KERNEL_VIRT_ADDR	Kernelvirtaddress	Kernelvirtaddress	existing-unreviewed		0
KGS_INDEX	Kgsindex	Kgsindex	existing-unreviewed		0
KGS_SELECTOR	Kgsselector	Kgsselector	existing-unreviewed		0
K핵심	KKernelEntry	KKernelEntry	compatibility		0
LIDT	Lidt	Lidt	existing-unreviewed		0
Last	Laatst	Laatst	existing-unreviewed		0
Len	Len	Len	compatibility		0
Limit	Beperken	Beperken	existing-unreviewed		0
Link	Koppeling	Koppeling	existing-unreviewed		0
LinkMap	Koppelingmap	Koppelingmap	existing-unreviewed		0
LinkedList	LinkedLijst	LinkedLijst	existing-unreviewed		0
Listen	Listen	Listen	existing-unreviewed		0
LoadElf	Belastingelf	Belastingelf	existing-unreviewed		0
MAC	Mac	Mac	existing-unreviewed		0
MAC0	Mac0	Mac0	existing-unreviewed		0
MAC1	Mac1	Mac1	existing-unreviewed		0
MAC2	Mac2	Mac2	existing-unreviewed		0
MAC3	Mac3	Mac3	existing-unreviewed		0
MAC4	Mac4	Mac4	existing-unreviewed		0
MAC5	Mac5	Mac5	existing-unreviewed		0
MACAddress0Port	Macaddress0Poort	Macaddress0Poort	existing-unreviewed		0
MACAddress2Port	Macaddress2Poort	Macaddress2Poort	existing-unreviewed		0
MACAddress4Port	Macaddress4Poort	Macaddress4Poort	existing-unreviewed		0
MACCache	Maccache	Maccache	existing-unreviewed		0
MAX_QUEUE_SIZE	MaxqueueGrootte	MaxqueueGrootte	existing-unreviewed		0
MB	Mb	Mb	existing-unreviewed		0
MBR	Mbr	Mbr	existing-unreviewed		0
MHex출력	MHexadecimalAfdrukken	MHexadecimalAfdrukken	existing-unreviewed		0
MHex출력XY	MHexadecimalAfdrukkenxy	MHexadecimalAfdrukkenxy	existing-unreviewed		0
MUint16출력	MUnsignedinteger16Afdrukken	MUnsignedinteger16Afdrukken	existing-unreviewed		0
MUint16출력XY	MUnsignedinteger16Afdrukkenxy	MUnsignedinteger16Afdrukkenxy	existing-unreviewed		0
MUint32출력	MUnsignedinteger32Afdrukken	MUnsignedinteger32Afdrukken	existing-unreviewed		0
MUint32출력XY	MUnsignedinteger32Afdrukkenxy	MUnsignedinteger32Afdrukkenxy	existing-unreviewed		0
MUint64출력	MUnsignedinteger64Afdrukken	MUnsignedinteger64Afdrukken	existing-unreviewed		0
MUint64출력XY	MUnsignedinteger64Afdrukkenxy	MUnsignedinteger64Afdrukkenxy	existing-unreviewed		0
Machine	Machine	Machine	existing-unreviewed		0
MachineCheck	Machinecheck	Machinecheck	existing-unreviewed		0
MakeRangePrivateWritable	MakeBereikPrivéwritable	MakeBereikPrivéwritable	existing-unreviewed		0
Malloc	Malloc	Geheugen_toewijzen	project-proposal	allocate_memory	32
MemCmp	Memcmp	Memcmp	existing-unreviewed		0
MemCpy	MemKopiëren	MemKopiëren	existing-unreviewed		0
MemMove	MemVerplaatsen	MemVerplaatsen	existing-unreviewed		0
MemSet	MemInstellen	MemInstellen	existing-unreviewed		0
MemoryOper	Geheugenoper	Geheugenoper	existing-unreviewed		0
Mode	Modus	Modus	existing-unreviewed		0
ModelToScreen	ModelnaarScherm	Lokale_coördinaten_instellen	project-proposal	set_coordinates	5
Mtime	Mtime	Mtime	existing-unreviewed		0
MtimeNsec	Mtimensec	Mtimensec	existing-unreviewed		0
MyHandleInterrupt	MyHandgreepinterrupt	MyHandgreepinterrupt	existing-unreviewed		0
MyTest	MyProef	MyProef	existing-unreviewed		0
M긴급로그Hex8	MEmergencyLogboekhexadecimal8	MEmergencyLogboekhexadecimal8	existing-unreviewed		0
M긴급로그Uint32	MEmergencyLogboekunsignedinteger32	MEmergencyLogboekunsignedinteger32	existing-unreviewed		0
M긴급로그문자열	MEmergencyLogboekTekstsnoer	MEmergencyLogboekTekstsnoer	existing-unreviewed		0
M직렬로그초기화	MSerienummerLogboekinit	MSerienummerLogboekinit	existing-unreviewed		0
M출력	MAfdrukken	MAfdrukken	existing-unreviewed		0
M출력BytesXY	MAfdrukkenbytesxy	MAfdrukkenbytesxy	existing-unreviewed		0
M출력Hex	MAfdrukkenhexadecimal	MAfdrukkenhexadecimal	existing-unreviewed		0
M출력Uint16	MAfdrukkenunsignedinteger16	MAfdrukkenunsignedinteger16	existing-unreviewed		0
M출력Uint32	MAfdrukkenunsignedinteger32	MAfdrukkenunsignedinteger32	existing-unreviewed		0
M출력XY	MAfdrukkenxy	MAfdrukkenxy	existing-unreviewed		0
M테스트	M테스트	M테스트	existing-unreviewed		0
NMI	Nmi	Nmi	existing-unreviewed		0
New	Nieuw	Nieuw	existing-unreviewed		0
NewInterruptHandler	Nieuwinterrupthandler	Nieuwinterrupthandler	existing-unreviewed		0
Next	Volgende	Volgende	existing-unreviewed		0
Nlink	Nlink	Nlink	existing-unreviewed		0
Node	Systeemnaam	TLijstknooppunt	project-proposal	list_node	16
Nodename	Nodename	Nodename	existing-unreviewed		0
OnEtherFrameReceived	Ethernetframereceivewhen	Ethernetframereceivewhen	existing-unreviewed		0
OnGetDriver	Aangetdriver	Aangetdriver	existing-unreviewed		0
OnInternetProtocolReceived	Internetprotocolreceivewhen	Internetprotocolreceivewhen	existing-unreviewed		0
OnKeyDown	AanSleutelOmlaag	AanSleutelOmlaag	existing-unreviewed		0
OnKeyUp	AanSleutelOmhoog	AanSleutelOmhoog	existing-unreviewed		0
OnMouseDown	AanMuisOmlaag	AanMuisOmlaag	existing-unreviewed		0
OnMouseMove	AanMuisVerplaatsen	AanMuisVerplaatsen	existing-unreviewed		0
OnMouseUp	AanMuisOmhoog	AanMuisOmhoog	existing-unreviewed		0
OnRawDataReceived	Aanrawdatareceive	Aanrawdatareceive	existing-unreviewed		0
OnTick	Aantick	Aantick	existing-unreviewed		0
Overflow	Overflow	Overflow	existing-unreviewed		0
P1LinkMap	PWaarde1Koppelingmap	PWaarde1Koppelingmap	existing-unreviewed		0
P2LinkMap	PWaarde2Koppelingmap	PWaarde2Koppelingmap	existing-unreviewed		0
P3LinkMap	PWaarde3Koppelingmap	PWaarde3Koppelingmap	existing-unreviewed		0
PAGE_COW	Paginacow	Paginacow	existing-unreviewed		0
PAGE_FRAME	Paginaframe	Paginaframe	existing-unreviewed		0
PAGE_PRESENT	PaginaAanwezig	PaginaAanwezig	existing-unreviewed		0
PAGE_USER	PaginaGebruiker	PaginaGebruiker	existing-unreviewed		0
PAGE_WRITABLE	Paginawritable	Paginawritable	existing-unreviewed		0
PAUSE_LOOP	Pauzerenloop	Pauzerenloop	existing-unreviewed		0
PICMasterCommandPort	PrimarypicOpdrachtioPoort	PrimarypicOpdrachtioPoort	existing-unreviewed		0
PICMasterDataPort	PrimarypicdataioPoort	PrimarypicdataioPoort	existing-unreviewed		0
PICSlaveCommandPort	SecondarypicOpdrachtioPoort	SecondarypicOpdrachtioPoort	existing-unreviewed		0
PICSlaveDataPort	SecondarypicdataioPoort	SecondarypicdataioPoort	existing-unreviewed		0
PRESENT	Aanwezig	Aanwezig	existing-unreviewed		0
PRIV_KERNEL	Privkernel	Privkernel	existing-unreviewed		0
PRIV_USER	PrivGebruiker	PrivGebruiker	existing-unreviewed		0
PROC_USER_HEAP_SIZE	ProcGebruikerheapGrootte	ProcGebruikerheapGrootte	existing-unreviewed		0
PageDirEntry	PaginaMapItem	PaginaMapItem	existing-unreviewed		0
PageDirectoryEntry	PaginaMapItem_2	PaginaMapItem_2	existing-unreviewed		0
PageFault	Paginafault	Paginafault	existing-unreviewed		0
PageFaultException	Paginafaultexception	Paginafaultexception	existing-unreviewed		0
PageRoundDown	PaginaAfrondenOmlaag	PaginaAfrondenOmlaag	existing-unreviewed		0
PageRoundUp	PaginaAfrondenOmhoog	PaginaAfrondenOmhoog	existing-unreviewed		0
PageTableEntry	PaginaTabelItem	PaginaTabelItem	existing-unreviewed		0
Paging	Paging	Paging	existing-unreviewed		0
ParentPid	Ouderpid	Ouderpid	existing-unreviewed		0
Parse	Parse	Parse	existing-unreviewed		0
Partition_id	Partitionid	Partitionid	existing-unreviewed		0
PhyMemTest	PhymemProef	PhymemProef	existing-unreviewed		0
PhysicalMemoryManager	PhysicalGeheugenmanager	PhysicalGeheugenmanager	existing-unreviewed		0
Pid	Pid	Pid	existing-unreviewed		0
Port	Poort	Poort	existing-unreviewed		0
PortBase	Poortbase	Poortbase	existing-unreviewed		0
PortInByte	Poortinbyte	Poortinbyte	existing-unreviewed		0
PortInDword	Poortindword	Poortindword	existing-unreviewed		0
PortInWord	PoortinWoord	PoortinWoord	existing-unreviewed		0
PortOutByte	PoortUitbyte	PoortUitbyte	existing-unreviewed		0
PortOutDword	PoortUitdword	PoortUitdword	existing-unreviewed		0
PortOutWord	PoortUitWoord	PoortUitWoord	existing-unreviewed		0
PortReadByte	PoortLezenbyte	PoortLezenbyte	existing-unreviewed		0
PortReadDword	PoortLezendword	PoortLezendword	existing-unreviewed		0
PortReadWord	PoortLezenWoord	PoortLezenWoord	existing-unreviewed		0
PortWriteByte	PoortSchrijvenbyte	PoortSchrijvenbyte	existing-unreviewed		0
PortWriteDword	PoortSchrijvendword	PoortSchrijvendword	existing-unreviewed		0
PortWriteWord	PoortSchrijvenWoord	PoortSchrijvenWoord	existing-unreviewed		0
Prev	Previous	Previous	existing-unreviewed		0
PrevTSS	Previoustss	Previoustss	existing-unreviewed		0
PrimaryPartition	Primarypartition	Primarypartition	existing-unreviewed		0
Print	Afdrukken	Afdrukken	existing-unreviewed		0
PrintBytes	Afdrukkenbytes	Afdrukkenbytes	existing-unreviewed		0
PrintStr	Afdrukkenstr	Afdrukkenstr	existing-unreviewed		0
PrintTLS	Afdrukkentls	Afdrukkentls	existing-unreviewed		0
PrintTest	AfdrukkenProef	AfdrukkenProef	existing-unreviewed		0
Process	Proces	Proces	existing-unreviewed		0
ProcessHelper	Proceshelper	Proceshelper	existing-unreviewed		0
ProcessPendingKeyboardEvents	ProcespendingToetsenbordGebeurtenissen	ProcespendingToetsenbordGebeurtenissen	existing-unreviewed		0
ProcessPendingMouseEvents	ProcespendingMuisGebeurtenissen	ProcespendingMuisGebeurtenissen	existing-unreviewed		0
PushAt	Pushat	Op_positie_invoegen	project-proposal	insert_at	1
PushBack	PushTerug	Achteraan_toevoegen	project-proposal	append	12
PushFront	PushVoor	Vooraan_toevoegen	project-proposal	prepend	5
PutPixel	Putpixel	Putpixel	existing-unreviewed		0
PutPixelRGB	Putpixelrgb	Putpixelrgb	existing-unreviewed		0
QUEUE_START_ADDR	QueueStartenaddress	QueueStartenaddress	existing-unreviewed		0
Rdev	Rdev	Rdev	existing-unreviewed		0
Read	Lezen	Lezen	existing-unreviewed		0
Read28	Lezen28	Lezen28	existing-unreviewed		0
ReadFile	LezenBestand	Bestand_lezen	project-proposal	file_read	7
ReadPartitions	Lezenpartition	Lezenpartition	existing-unreviewed		0
Ready	Klaar	Klaar	existing-unreviewed		0
Receive	Receive	Receive	existing-unreviewed		0
Ref	Reference	Reference	existing-unreviewed		0
Release	Release	Release	existing-unreviewed		0
ReloadCR3	Herladencr3	Herladencr3	existing-unreviewed		0
Remove	Verwijderen_2	Verwijderen_2	existing-unreviewed		0
RemoveAt	Verwijderenat	Verwijderenat	existing-unreviewed		0
RemoveThread	Verwijderenthread	Verwijderenthread	existing-unreviewed		0
RemoveThreadAt	Verwijderenthreadat	Verwijderenthreadat	existing-unreviewed		0
RequestMacAddress	Requestmacaddress	Requestmacaddress	existing-unreviewed		0
Reset	Terugzetten	Terugzetten	existing-unreviewed		0
Resolve	Resolve	Resolve	existing-unreviewed		0
ResolveCopyOnWriteFault	ResolveKopiërenAanSchrijvenfault	ResolveKopiërenAanSchrijvenfault	existing-unreviewed		0
SCHEDULER_FREQUENCY	SchedulerFrequentie	SchedulerFrequentie	existing-unreviewed		0
SEG_BIG_MODE	SegGrootmodus	SegGrootmodus	existing-unreviewed		0
SEG_EXEC	SegUitvoeren	SegUitvoeren	existing-unreviewed		0
SEG_GRAN_4K_PAGE	Seggran4kPagina	Seggran4kPagina	existing-unreviewed		0
SEG_GRAN_BYTE	Seggranbyte	Seggranbyte	existing-unreviewed		0
SEG_KERNEL_CODE	Segkernelcode	Segkernelcode	existing-unreviewed		0
SEG_KERNEL_DATA	Segkerneldata	Segkerneldata	existing-unreviewed		0
SEG_KERNEL_GS	Segkernelgs	Segkernelgs	existing-unreviewed		0
SEG_NOEXEC	Segnoexec	Segnoexec	existing-unreviewed		0
SEG_NORMAL	SegNormaal	SegNormaal	existing-unreviewed		0
SEG_NORW	Segnorw	Segnorw	existing-unreviewed		0
SEG_R	Segr	Segr	existing-unreviewed		0
SEG_SYSTEM	SegSysteem	SegSysteem	existing-unreviewed		0
SEG_TASK_STATE	SegTaakStatus	SegTaakStatus	existing-unreviewed		0
SEG_USER_CODE	SegGebruikercode	SegGebruikercode	existing-unreviewed		0
SEG_USER_DATA	SegGebruikerdata	SegGebruikerdata	existing-unreviewed		0
SEG_USER_GS	SegGebruikergs	SegGebruikergs	existing-unreviewed		0
SEG_W	Segw	Segw	existing-unreviewed		0
SIMDFloatingPointException	Simdzwevendpointexception	Simdzwevendpointexception	existing-unreviewed		0
SIZE	Grootte	Grootte	existing-unreviewed		0
SYS_ACCESS	Systoegang	Systoegang	existing-unreviewed		0
SYS_BRK	Sysbrk	Sysbrk	existing-unreviewed		0
SYS_CHDIR	Syschdir	Syschdir	existing-unreviewed		0
SYS_CLOSE	SysSluiten	SysSluiten	existing-unreviewed		0
SYS_CREAT	Syscreat	Syscreat	existing-unreviewed		0
SYS_DUP	Sysdup	Sysdup	existing-unreviewed		0
SYS_DUP2	Sysdup2	Sysdup2	existing-unreviewed		0
SYS_EXECVE	Sysexecve	Sysexecve	existing-unreviewed		0
SYS_EXIT	SysAfsluiten	SysAfsluiten	existing-unreviewed		0
SYS_FCNTL	Sysfcntl	Sysfcntl	existing-unreviewed		0
SYS_FORK	Sysfork	Sysfork	existing-unreviewed		0
SYS_FSTAT	Sysfstat	Sysfstat	existing-unreviewed		0
SYS_FSYNC	Sysfsync	Sysfsync	existing-unreviewed		0
SYS_GETCWD	Sysgetcwd	Sysgetcwd	existing-unreviewed		0
SYS_GETEGID	Sysgetegid	Sysgetegid	existing-unreviewed		0
SYS_GETEUID	Sysgeteuid	Sysgeteuid	existing-unreviewed		0
SYS_GETGID	Sysgetgid	Sysgetgid	existing-unreviewed		0
SYS_GETPID	Sysgetpid	Sysgetpid	existing-unreviewed		0
SYS_GETPPID	Sysgetppid	Sysgetppid	existing-unreviewed		0
SYS_GETUID	Sysgetuid	Sysgetuid	existing-unreviewed		0
SYS_LSEEK	Syslseek	Syslseek	existing-unreviewed		0
SYS_LSTAT	Syslstat	Syslstat	existing-unreviewed		0
SYS_OPEN	SysOpenen	SysOpenen	existing-unreviewed		0
SYS_READ	SysLezen	SysLezen	existing-unreviewed		0
SYS_RT_EXIT	SysrtAfsluiten	SysrtAfsluiten	existing-unreviewed		0
SYS_SOCKETCALL	Syssocketcall	Syssocketcall	existing-unreviewed		0
SYS_STAT	Sysstat	Sysstat	existing-unreviewed		0
SYS_SYNC	Syssync	Syssync	existing-unreviewed		0
SYS_UNAME	Sysuname	Sysuname	existing-unreviewed		0
SYS_WAITPID	Syswaitpid	Syswaitpid	existing-unreviewed		0
SYS_WRITE	SysSchrijven	SysSchrijven	existing-unreviewed		0
Schedule	Schedule	Schedule	existing-unreviewed		0
Scheduler	Scheduler	Scheduler	existing-unreviewed		0
SchedulerData	Schedulerdata	Schedulerdata	existing-unreviewed		0
SegmentNotPresent	SegmentNietAanwezig	SegmentNietAanwezig	existing-unreviewed		0
SelectDrivers	Selecterendriver	Selecterendriver	existing-unreviewed		0
Send	Verzenden	Verzenden	existing-unreviewed		0
SendEchoRequest	EchorequestVerzenden	EchorequestVerzenden	existing-unreviewed		0
SendFrame	FrameVerzenden	FrameVerzenden	existing-unreviewed		0
SerialInit	Serienummerinit	Serienummerinit	existing-unreviewed		0
SerialWriteByte	SerienummerSchrijvenbyte	SerienummerSchrijvenbyte	existing-unreviewed		0
SetBackend	Instellenbackend	Instellenbackend	existing-unreviewed		0
SetBit	Instellenbit	Instellenbit	existing-unreviewed		0
SetBlockInPageDir	InstellenBlokinPaginaMap	InstellenBlokinPaginaMap	existing-unreviewed		0
SetBuffer	Instellenbuffer	Instellenbuffer	existing-unreviewed		0
SetByteAtAddr	Instellenbyteataddress	Instellenbyteataddress	existing-unreviewed		0
SetByteInPageDir	InstellenbyteinPaginaMap	InstellenbyteinPaginaMap	existing-unreviewed		0
SetCR3	Instellencr3	Instellencr3	existing-unreviewed		0
SetColor	InstellenKleur	InstellenKleur	existing-unreviewed		0
SetDescriptor	Instellendescriptor	Instellendescriptor	existing-unreviewed		0
SetHandleInterruptFuction	InstellenHandgreepinterruptfuction	InstellenHandgreepinterruptfuction	existing-unreviewed		0
SetHandler	Instellenhandler	Instellenhandler	existing-unreviewed		0
SetIPAddress	Instellenipaddress	Instellenipaddress	existing-unreviewed		0
SetInterruptDescriptorTableEntry	InterruptdescriptorTabelItemInstellen	InterruptdescriptorTabelItemInstellen	existing-unreviewed		0
SetInterruptManager	Instelleninterruptmanager	Instelleninterruptmanager	existing-unreviewed		0
SetInterruptNumber	InstelleninterruptGetal	InstelleninterruptGetal	existing-unreviewed		0
SetMode	Instellenmodus	Instellenmodus	existing-unreviewed		0
SetNodeAt	InstellenSysteemnaamat	InstellenSysteemnaamat	existing-unreviewed		0
SetStack	Instellenstack	Instellenstack	existing-unreviewed		0
SetTlsSegment	Instellentlssegment	Instellentlssegment	existing-unreviewed		0
SetUint32AtAddr	Instellenunsignedinteger32ataddress	Instellenunsignedinteger32ataddress	existing-unreviewed		0
SetUint32InPageDir	Instellenunsignedinteger32inPaginaMap	Instellenunsignedinteger32inPaginaMap	existing-unreviewed		0
SetUint8AtAddr	Instellenunsignedinteger8ataddress	Instellenunsignedinteger8ataddress	existing-unreviewed		0
SharedMemoryRegion	SharedGeheugenregion	SharedGeheugenregion	existing-unreviewed		0
Size	Grootte_2	Grootte_2	existing-unreviewed		0
Spawn	Spawn	Spawn	existing-unreviewed		0
Ss	Ss	Ss	existing-unreviewed		0
Stack	Stack	Stack	existing-unreviewed		0
StackSegmentFault	Stacksegmentfault	Stacksegmentfault	existing-unreviewed		0
Start_lba	Startenlba	Startenlba	existing-unreviewed		0
Started	Gestart	Gestart	existing-unreviewed		0
StdinPutByte	Stdinputbyte	Stdinputbyte	existing-unreviewed		0
StopCurrentThread	StoppenHuidigthread	StoppenHuidigthread	existing-unreviewed		0
Stopped	Gestaakt	Gestaakt	existing-unreviewed		0
SubnetMask	SubnetMasker	SubnetMasker	existing-unreviewed		0
SupportMode	Ondersteuningmodus	Ondersteuningmodus	existing-unreviewed		0
Sys_brk	Sysbrk_2	Sysbrk_2	existing-unreviewed		0
Sys_close	SysSluiten_2	SysSluiten_2	existing-unreviewed		0
Sys_exit	SysAfsluiten_2	SysAfsluiten_2	existing-unreviewed		0
Sys_getpid	Sysgetpid_2	Sysgetpid_2	existing-unreviewed		0
Sys_mousemove	Sysmousemove	Sysmousemove	existing-unreviewed		0
Sys_open	SysOpenen_2	SysOpenen_2	existing-unreviewed		0
Sys_printStr	SysAfdrukkenstr	SysAfdrukkenstr	existing-unreviewed		0
Sys_printUint32	SysAfdrukkenunsignedinteger32	SysAfdrukkenunsignedinteger32	existing-unreviewed		0
Sys_printf	Sysprintf	Sysprintf	existing-unreviewed		0
Sys_read	SysLezen_2	SysLezen_2	existing-unreviewed		0
Syscall	Syscall	Syscall	existing-unreviewed		0
Sysname	Sysname	Sysname	existing-unreviewed		0
TARPEtherFrameHandler	Arpethernetframehandler	Arpethernetframehandler	existing-unreviewed		0
TARPMessage	ArpBericht	ArpBericht	existing-unreviewed		0
TARPMessageBuffer	ArpBerichtbuffer	ArpBerichtbuffer	existing-unreviewed		0
TARPProvider	Arpprovider	Arpprovider	existing-unreviewed		0
TAdvancedTechnologyAttachment	TGeavanceerdTechnologieattachment	TGeavanceerdTechnologieattachment	existing-unreviewed		0
TArray	TReeks	TReeks	existing-unreviewed		0
TBaseAddressRegister	TBaseaddressregister	TBaseaddressregister	existing-unreviewed		0
TBiosParameterBlock32	TBiosparameterBlok32	TBestandssysteemparameters32	project-proposal	fat_parameters	11
TBufferDescriptor	TBufferdescriptor	TBufferdescriptor	existing-unreviewed		0
TCOWFrameManager	Tcowframemanager	Tcowframemanager	existing-unreviewed		0
TCPUState	TcpuStatus	TcpuStatus	existing-unreviewed		0
TDefaultKeyboardEventHandler	TStandaardToetsenbordGebeurtenishandler	TStandaardToetsenbordGebeurtenishandler	existing-unreviewed		0
TDefaultMouseEventHandler	TStandaardMuisGebeurtenishandler	TStandaardMuisGebeurtenishandler	existing-unreviewed		0
TDefaultPCIControllerHandler	TStandaardpcicontrollerhandler	TStandaardpcicontrollerhandler	existing-unreviewed		0
TDefaultTimerEventHandler	TStandaardAftelklokGebeurtenishandler	TStandaardAftelklokGebeurtenishandler	existing-unreviewed		0
TDirectoryEntryFat32	TMapItemfat32	TMapItemfat32	existing-unreviewed		0
TDriverManager	TDrivermanager	TDrivermanager	existing-unreviewed		0
TEtherFrameHandler	TEthernetframehandler	TEthernetframehandler	existing-unreviewed		0
TEtherFrameHeader	TEthernetframeheader	TFramekop_van_het_gedeelde_medium_netwerk	project-proposal	ethernet_header	8
TEtherFrameHeaderBuffer	TEthernetframeheaderbuffer	TEthernetframeheaderbuffer	existing-unreviewed		0
TEtherFrameProvider	TEthernetframeprovider	TFrameleverancier_van_het_gedeelde_medium_netwerk	project-proposal	ethernet_provider	20
TEtherFrameRawDataHandler	TEthernetframerawdatahandler	TEthernetframerawdatahandler	existing-unreviewed		0
TGateDescriptor	TGatedescriptor	TGatedescriptor	existing-unreviewed		0
THREAD_STACK_SIZE	ThreadstackGrootte	ThreadstackGrootte	existing-unreviewed		0
TICMPHandler	Icmphandler	Icmphandler	existing-unreviewed		0
TIPEtherFrameHandler	Ipethernetframehandler	Ipethernetframehandler	existing-unreviewed		0
TInitializationBlock	TInitializationBlok	TInitializationBlok	existing-unreviewed		0
TInternetControlMessageProtocol	TInternetBedieningBerichtprotocol	TBesturingsberichtprotocol_voor_verbonden_netwerken	project-proposal	icmp	5
TInternetControlMessageProtocolMessage	TInternetBedieningBerichtprotocolBericht	TInternetBedieningBerichtprotocolBericht	existing-unreviewed		0
TInternetControlMessageProtocolMessageBuffer	TInternetBedieningBerichtprotocolBerichtbuffer	TInternetBedieningBerichtprotocolBerichtbuffer	existing-unreviewed		0
TInternetProtocolHandler	TInternetprotocolhandler	TInternetprotocolhandler	existing-unreviewed		0
TInternetProtocolProvider	TInternetprotocolprovider	TProtocolleverancier_voor_verbonden_netwerken	project-proposal	ip_provider	14
TInternetProtocolV4Message	TInternetprotocolv4Bericht	TInternetprotocolv4Bericht	existing-unreviewed		0
TInternetProtocolV4MessageBuffer	TInternetprotocolv4Berichtbuffer	TInternetprotocolv4Berichtbuffer	existing-unreviewed		0
TInterruptDescriptorTablePointer	TInterruptdescriptorTabelMuisaanwijzer	TInterruptdescriptorTabelMuisaanwijzer	existing-unreviewed		0
TInterruptHandler	TInterrupthandler	TInterrupthandler	existing-unreviewed		0
TInterruptManager	TInterruptmanager	TInterruptmanager	existing-unreviewed		0
TKeyboardDriver	TToetsenborddriver	TToetsenborddriver	existing-unreviewed		0
TLS_START	TlsStarten	TlsStarten	existing-unreviewed		0
TMSDOSPartitionTable	TmsdospartitionTabel	TmsdospartitionTabel	existing-unreviewed		0
TMasterBootRecord	TMasterbootOpnemen	THoofdopstartrecord	project-proposal	boot_record	3
TMemoryChunk	TGeheugenchunk	TGeheugenchunk	existing-unreviewed		0
TMemoryManager	TGeheugenmanager	TGeheugenmanager	existing-unreviewed		0
TMouseDriver	TMuisdriver	TMuisdriver	existing-unreviewed		0
TMyKeyboardEventHandler	TMyToetsenbordGebeurtenishandler	TMyToetsenbordGebeurtenishandler	existing-unreviewed		0
TMyMouseEventHandler	TMyMuisGebeurtenishandler	TMyMuisGebeurtenishandler	existing-unreviewed		0
TMyPCIControllerHandler	TMypcicontrollerhandler	TMypcicontrollerhandler	existing-unreviewed		0
TPartitionTableEntry	TPartitionTabelItem	TPartitionTabelItem	existing-unreviewed		0
TPeripheralComponentInterconnectController	TPeripheralcomponentinterconnectcontroller	TPeripheralcomponentinterconnectcontroller	existing-unreviewed		0
TPeripheralComponentInterconnectDeviceDescriptor	TPeripheralcomponentinterconnectApparaatdescriptor	TPeripheralcomponentinterconnectApparaatdescriptor	existing-unreviewed		0
TPort	TPoort	TPoort	existing-unreviewed		0
TPort16Bit	TPoort16bit	TPoort16bit	existing-unreviewed		0
TPort32Bit	TPoort32bit	TPoort32bit	existing-unreviewed		0
TPort8Bit	TPoort8bit	TPoort8bit	existing-unreviewed		0
TRawDataHandler	TRawdatahandler	TRawdatahandler	existing-unreviewed		0
TSSEntry	TssItem	TssItem	existing-unreviewed		0
TSyscall	TSyscall	TSyscall	existing-unreviewed		0
TTask	TTaak	TTaak	existing-unreviewed		0
TThread	TThread	TThread	existing-unreviewed		0
TThreadHelper	TThreadhelper	TThreadhelper	existing-unreviewed		0
TTimerDriver	TAftelklokdriver	TAftelklokdriver	existing-unreviewed		0
TUserDatagramProtocolHandler	TGebruikerdatagramprotocolhandler	TGebruikerdatagramprotocolhandler	existing-unreviewed		0
TUserDatagramProtocolHeader	TGebruikerdatagramprotocolheader	TGebruikersdatagramkop	project-proposal	udp_header	5
TUserDatagramProtocolHeaderBuffer	TGebruikerdatagramprotocolheaderbuffer	TGebruikerdatagramprotocolheaderbuffer	existing-unreviewed		0
TUserDatagramProtocolProvider	TGebruikerdatagramprotocolprovider	TGebruikerdatagramprotocolprovider	existing-unreviewed		0
TUserDatagramProtocolSocket	TGebruikerdatagramprotocolContactpunt	TGebruikersdatagrameindpunt	project-proposal	udp_socket	17
TVideoGraphicsArray	TVideoGrafischReeks	TVideoGrafischReeks	existing-unreviewed		0
TWidget	TWidget	TSchermelement	project-proposal	widget	9
TWidgetMouseEventHandler	TWidgetMuisGebeurtenishandler	TWidgetMuisGebeurtenishandler	existing-unreviewed		0
Tamd_am79c973	Tamdam79c973	Tamdam79c973	existing-unreviewed		0
Test	Proef	Proef	existing-unreviewed		0
TestBit	Proefbit	Proefbit	existing-unreviewed		0
TestPrint	ProefAfdrukken	ProefAfdrukken	existing-unreviewed		0
Thread	Thread	Thread	existing-unreviewed		0
ThreadList	ThreadLijst	ThreadLijst	existing-unreviewed		0
ThreadState	ThreadStatus	ThreadStatus	existing-unreviewed		0
Threads	Threads	Threads	existing-unreviewed		0
TlsSegments	TlsSegmenten	TlsSegmenten	existing-unreviewed		0
TotalBlocks	TotaalBlok	TotaalBlok	existing-unreviewed		0
Type	Soort	Soort	existing-unreviewed		0
TypeTest	SoortProef	SoortProef	existing-unreviewed		0
T공용서술자테이블	TShareddescriptorTabel	TShareddescriptorTabel	existing-unreviewed		0
T공용서술자테이블_자료	TShareddescriptorTabeldata	TShareddescriptorTabeldata	existing-unreviewed		0
T작업관리자	TTaakmanager	TTaakmanager	existing-unreviewed		0
T조각설명자	TSegmentdescriptor	TSegmentdescriptor	existing-unreviewed		0
T콘솔	TConsole	TConsole	existing-unreviewed		0
T함수1	TFunctie1	TFunctie1	existing-unreviewed		0
UDESC_32SEG	Udesc32seg	Udesc32seg	existing-unreviewed		0
UDESC_CONTENTS	UdescInhoud	UdescInhoud	existing-unreviewed		0
UDESC_LIMIT_IN_PAGES	UdescBeperkeninPaginas	UdescBeperkeninPaginas	existing-unreviewed		0
UDESC_RX_ONLY	Udescrxonly	Udescrxonly	existing-unreviewed		0
UDESC_SEG_NOT_PRESENT	UdescsegNietAanwezig	UdescsegNietAanwezig	existing-unreviewed		0
UDESC_USABLE	Udescusable	Udescusable	existing-unreviewed		0
USER_STACK	Gebruikerstack	Gebruikerstack	existing-unreviewed		0
USER_STACK_SIZE	GebruikerstackGrootte	GebruikerstackGrootte	existing-unreviewed		0
USER_STACK_TOP	GebruikerstackBovenaan	GebruikerstackBovenaan	existing-unreviewed		0
Uid	Uid	Uid	existing-unreviewed		0
Uint16ToArray	Unsignedinteger16naarReeks	Unsignedinteger16naarReeks	existing-unreviewed		0
Uint16ToArray_BE	Unsignedinteger16naarReeksbe	Unsignedinteger16naarReeksbe	existing-unreviewed		0
Uint16_R	Unsignedinteger16r	Unsignedinteger16r	existing-unreviewed		0
Uint32ToArray	Unsignedinteger32naarReeks	Unsignedinteger32naarReeks	existing-unreviewed		0
Uint32_R	Unsignedinteger32r	Unsignedinteger32r	existing-unreviewed		0
Uint48ToArray	Unsignedinteger48naarReeks	Unsignedinteger48naarReeks	existing-unreviewed		0
Uint48ToArray_BE	Unsignedinteger48naarReeksbe	Unsignedinteger48naarReeksbe	existing-unreviewed		0
Uint48_R	Unsignedinteger48r	Unsignedinteger48r	existing-unreviewed		0
Uint64ToArray	Unsignedinteger64naarReeks	Unsignedinteger64naarReeks	existing-unreviewed		0
Uint64_R	Unsignedinteger64r	Unsignedinteger64r	existing-unreviewed		0
UnhandleInterrupt	Unhandleinterrupt	Unhandleinterrupt	existing-unreviewed		0
UnsetBit	Nietingesteldbit	Toewijzingsbit_omkeren	project-proposal	toggle_bit	1
UsedBlocks	GebruiktBlok	GebruiktBlok	existing-unreviewed		0
UserDesc	Gebruikerdescriptor	Gebruikerdescriptor	existing-unreviewed		0
UserStack	Gebruikerstack_2	Gebruikerstack_2	existing-unreviewed		0
UserStackSize	GebruikerstackGrootte_2	GebruikerstackGrootte_2	existing-unreviewed		0
Vendor_id	Verkoperid	Verkoperid	existing-unreviewed		0
Version	Versie	Versie	existing-unreviewed		0
VirtTest	VirtProef	VirtProef	existing-unreviewed		0
Write	Schrijven	Schrijven	existing-unreviewed		0
Write28	Schrijven28	Schrijven28	existing-unreviewed		0
WriteRegisters	Schrijvenregister	Schrijvenregister	existing-unreviewed		0
X	X	X	existing-unreviewed		0
Y	Y	Y	existing-unreviewed		0
Zero	Zero	Zero	existing-unreviewed		0
ZeroBlockInPageDir	ZeroBlokinPaginaMap	ZeroBlokinPaginaMap	existing-unreviewed		0
a	a	a	existing-unreviewed		0
aTime	aTijd	aTijd	existing-unreviewed		0
access	toegang	toegang	existing-unreviewed		0
accessMode	toegangmodus	toegangmodus	existing-unreviewed		0
ack	ack	ack	existing-unreviewed		0
activeKeyboardDriver	actiefToetsenborddriver	actiefToetsenborddriver	existing-unreviewed		0
activeMouseDriver	actiefMuisdriver	actiefMuisdriver	existing-unreviewed		0
addr	address	address	existing-unreviewed		0
addrPtr	addressMuisaanwijzer	addressMuisaanwijzer	existing-unreviewed		0
address	address_2	address_2	existing-unreviewed		0
addressError	addressFout	addressFout	existing-unreviewed		0
afInet	afinet	afinet	existing-unreviewed		0
allocFD	allocateBB	allocateBB	existing-unreviewed		0
allocOpenFile	allocateOpenenBestand	allocateOpenenBestand	existing-unreviewed		0
allocProcess	allocateProces	allocateProces	existing-unreviewed		0
allocateSocket	allocateContactpunt	allocateContactpunt	existing-unreviewed		0
allocated	allocated	allocated	existing-unreviewed		0
amd_am79c973	amdam79c973	amdam79c973	existing-unreviewed		0
args	argumenten	argumenten	existing-unreviewed		0
argument	argument	argument	existing-unreviewed		0
argumentPointers	argumentpointers	argumentpointers	existing-unreviewed		0
arguments	argumenten_2	argumenten_2	existing-unreviewed		0
arp	arp	arp	existing-unreviewed		0
arpBuffer	arpbuffer	arpbuffer	existing-unreviewed		0
arpMesgSize	arpmesgGrootte	arpmesgGrootte	existing-unreviewed		0
arpProvider	arpprovider	arpprovider	existing-unreviewed		0
arp콘솔	arpconsole	arpconsole	existing-unreviewed		0
array	reeks	reeks	existing-unreviewed		0
ata	ata	ata	existing-unreviewed		0
ata0s	ata0s	ata0s	existing-unreviewed		0
attempts	attempts	attempts	existing-unreviewed		0
attr	attribuut	attribuut	existing-unreviewed		0
attributeControllerIndexPort	attribuutcontrollerindexPoort	attribuutcontrollerindexPoort	existing-unreviewed		0
attributeControllerReadPort	attribuutcontrollerLezenPoort	attribuutcontrollerLezenPoort	existing-unreviewed		0
attributeControllerResetPort	attribuutcontrollerTerugzettenPoort	attribuutcontrollerTerugzettenPoort	existing-unreviewed		0
attributeControllerWritePort	attribuutcontrollerSchrijvenPoort	attribuutcontrollerSchrijvenPoort	existing-unreviewed		0
attributes	attributen	attributen	existing-unreviewed		0
aux	aux	aux	existing-unreviewed		0
avail	beschikbaar	beschikbaar	existing-unreviewed		0
b	b	b	existing-unreviewed		0
backend	backend	backend	existing-unreviewed		0
backupFpRegs	backupfpregs	backupfpregs	existing-unreviewed		0
backupSector	backupsector	backupsector	existing-unreviewed		0
bar	balk	balk	existing-unreviewed		0
barNum	balkGetal	balkGetal	existing-unreviewed		0
bar_value	balkWaarde	balkWaarde	existing-unreviewed		0
base	base	base	existing-unreviewed		0
baseCode	basecode	basecode	existing-unreviewed		0
baseHigh	baseHoog	baseHoog	existing-unreviewed		0
baseLow	baseLaag	baseLaag	existing-unreviewed		0
baseMid	basemid	basemid	existing-unreviewed		0
base_addr_high	baseaddressHoog	baseaddressHoog	existing-unreviewed		0
base_addr_low	baseaddressLaag	baseaddressLaag	existing-unreviewed		0
bh	bh	bh	existing-unreviewed		0
bindEphemeral	bindephemeral	bindephemeral	existing-unreviewed		0
bindError	bindFout	bindFout	existing-unreviewed		0
bios	bios	bios	existing-unreviewed		0
bit	bit	bit	existing-unreviewed		0
bitmap	bitmap	toewijzingskaart	project-proposal	bitmap	2
bootSignature	bootsignature	bootsignature	existing-unreviewed		0
bootable	bootable	bootable	existing-unreviewed		0
bootloader	bootloader	bootloader	existing-unreviewed		0
bound	bound	bound	existing-unreviewed		0
bpb	bpb	bestandssysteemparameters	project-proposal	fat_parameters	16
bpbBytes	bpbbytes	bpbbytes	existing-unreviewed		0
bpbPtr	bpbMuisaanwijzer	bpbMuisaanwijzer	existing-unreviewed		0
buf	buffer	buffer	existing-unreviewed		0
buf1	buffer1	buffer1	existing-unreviewed		0
buf2	buffer2	buffer2	existing-unreviewed		0
buf3	buffer3	buffer3	existing-unreviewed		0
buf4	buffer4	buffer4	existing-unreviewed		0
buf6	buffer6	buffer6	existing-unreviewed		0
buffer	buffer_2	buffer_2	existing-unreviewed		0
buffer1	buffer1_2	buffer1_2	existing-unreviewed		0
buffer2	buffer2_2	buffer2_2	existing-unreviewed		0
bufferAddr	bufferaddress	bufferaddress	existing-unreviewed		0
bufferAddress	bufferaddress_2	bufferaddress_2	existing-unreviewed		0
bufptr	bufferMuisaanwijzer	bufferMuisaanwijzer	existing-unreviewed		0
bus	bus	bus	existing-unreviewed		0
busControlRegisterDataPort	busBedieningregisterdataPoort	busBedieningregisterdataPoort	existing-unreviewed		0
button	knop	knop	existing-unreviewed		0
buttons	knop_2	knop_2	existing-unreviewed		0
bytesPerSector	bytespersector	bytespersector	existing-unreviewed		0
c	c	c	existing-unreviewed		0
cDate	cDatum	cDatum	existing-unreviewed		0
cTime	cTijd	cTijd	existing-unreviewed		0
cTimeTenth	cTijdtenth	cTijdtenth	existing-unreviewed		0
call	call	call	existing-unreviewed		0
candidate	candidate	candidate	existing-unreviewed		0
cap	cap	cap	existing-unreviewed		0
char	char	char	existing-unreviewed		0
checked	checked	checked	existing-unreviewed		0
checksum	checksum	checksum	existing-unreviewed		0
child	kind	kind	existing-unreviewed		0
childPID	kindpid	kindpid	existing-unreviewed		0
childPageDir	kindPaginaMap	kindPaginaMap	existing-unreviewed		0
chunk	chunk	chunk	existing-unreviewed		0
class_id	klasseid	klasseid	existing-unreviewed		0
closeAllProcessFDs	sluitenAlleProcesfds	sluitenAlleProcesfds	existing-unreviewed		0
closeOnExec	sluitenAanUitvoeren	sluitenAanUitvoeren	existing-unreviewed		0
closeProcessFD	sluitenProcesBB	sluitenProcesBB	existing-unreviewed		0
code	code	code	existing-unreviewed		0
code1Ptr	code1Muisaanwijzer	code1Muisaanwijzer	existing-unreviewed		0
code1ptr	code1Muisaanwijzer_2	code1Muisaanwijzer_2	existing-unreviewed		0
code2Ptr	code2Muisaanwijzer	code2Muisaanwijzer	existing-unreviewed		0
code3Ptr	code3Muisaanwijzer	code3Muisaanwijzer	existing-unreviewed		0
codeSegment	codesegment	codesegment	existing-unreviewed		0
colorIndex	kleurindex	kleurindex	existing-unreviewed		0
colordepth	kleurDiepte	kleurDiepte	existing-unreviewed		0
command	opdracht	opdracht	existing-unreviewed		0
commandPort	opdrachtPoort	opdrachtPoort	existing-unreviewed		0
commandport	opdrachtPoort_2	opdrachtPoort_2	existing-unreviewed		0
common	veelvoorkomend	veelvoorkomend	existing-unreviewed		0
connected	connected	connected	existing-unreviewed		0
console	console	console	existing-unreviewed		0
controlPort	bedieningPoort	bedieningPoort	existing-unreviewed		0
copyExecVector	kopiërenUitvoerenvector	kopiërenUitvoerenvector	existing-unreviewed		0
copyLength	kopiërenLengte	kopiërenLengte	existing-unreviewed		0
copyPageDir	kopiërenPaginaMap	kopiërenPaginaMap	existing-unreviewed		0
copyPath	kopiërenPAD	kopiërenPAD	existing-unreviewed		0
copySocketName	kopiërenContactpuntNaam	kopiërenContactpuntNaam	existing-unreviewed		0
copyUtsField	kopiërenutsveld	kopiërenutsveld	existing-unreviewed		0
count	aantal	aantal	existing-unreviewed		0
count2	aantal2	aantal2	existing-unreviewed		0
cowFrameManager	cowframemanager	cowframemanager	existing-unreviewed		0
cpu	cpu	cpu	existing-unreviewed		0
cpustate	cpuStatus	cpuStatus	existing-unreviewed		0
cr0	cr0	cr0	existing-unreviewed		0
cr3	cr3	cr3	existing-unreviewed		0
cr4	cr4	cr4	existing-unreviewed		0
crtcDataPort	crtcdataPoort	crtcdataPoort	existing-unreviewed		0
crtcIndexPort	crtcindexPoort	crtcindexPoort	existing-unreviewed		0
cs	cs	cs	existing-unreviewed		0
currentRecvBuffer	huidigrecvbuffer	huidigrecvbuffer	existing-unreviewed		0
currentSendBuffer	huidigVerzendenbuffer	huidigVerzendenbuffer	existing-unreviewed		0
currentTask	huidigTaak	huidigTaak	existing-unreviewed		0
currentThread	huidigthread	huidigthread	existing-unreviewed		0
currentThreadIndex	huidigthreadindex	huidigthreadindex	existing-unreviewed		0
cursorHeight	aanwijzerHoogte	aanwijzerHoogte	existing-unreviewed		0
cursorStart	aanwijzerStarten	aanwijzerStarten	existing-unreviewed		0
d_tag	dMarkering	dMarkering	existing-unreviewed		0
d_val_ptr	dvalMuisaanwijzer	dvalMuisaanwijzer	existing-unreviewed		0
data	data	data	existing-unreviewed		0
dataBuf	databuffer	databuffer	existing-unreviewed		0
dataBytes	databytes	databytes	existing-unreviewed		0
dataPointer	dataMuisaanwijzer	dataMuisaanwijzer	existing-unreviewed		0
dataPort	dataPoort	dataPoort	existing-unreviewed		0
dataStart	dataStarten	dataStarten	existing-unreviewed		0
databuffer	databuffer_2	databuffer_2	existing-unreviewed		0
dataport	dataPoort_2	dataPoort_2	existing-unreviewed		0
defaultKeyboardEventHandler	standaardToetsenbordGebeurtenishandler	standaardToetsenbordGebeurtenishandler	existing-unreviewed		0
desc	descriptor	descriptor	existing-unreviewed		0
description	beschrijving	beschrijving	existing-unreviewed		0
destination	bestemming	bestemming	existing-unreviewed		0
destinationAddress	bestemmingaddress	bestemmingaddress	existing-unreviewed		0
destinationLength	bestemmingLengte	bestemmingLengte	existing-unreviewed		0
dev	apparaat	apparaat	existing-unreviewed		0
device	apparaat_2	apparaat_2	existing-unreviewed		0
deviceDescriptor	apparaatdescriptor	apparaatdescriptor	existing-unreviewed		0
devicePort	apparaatPoort	apparaatPoort	existing-unreviewed		0
diff	diff	diff	existing-unreviewed		0
digits	digits	digits	existing-unreviewed		0
dirent	dirent	dirent	existing-unreviewed		0
direntBytes	direntbytes	direntbytes	existing-unreviewed		0
direntPtr	direntMuisaanwijzer	direntMuisaanwijzer	existing-unreviewed		0
discardProcess	verwerpenProces	verwerpenProces	existing-unreviewed		0
dispatchInterrupt	dispatchinterrupt	dispatchinterrupt	existing-unreviewed		0
divisor	divisor	divisor	existing-unreviewed		0
domain	domein	domein	existing-unreviewed		0
driveNumber	driveGetal	driveGetal	existing-unreviewed		0
driver	driver	driver	existing-unreviewed		0
driverManager	drivermanager	drivermanager	existing-unreviewed		0
drivercount	driverAantal	driverAantal	existing-unreviewed		0
drv	driver_2	driver_2	existing-unreviewed		0
ds	ds	ds	existing-unreviewed		0
ds_segment	dssegment	dssegment	existing-unreviewed		0
dst	bestemming_2	bestemming_2	existing-unreviewed		0
dstEntry	bestemmingItem	bestemmingItem	existing-unreviewed		0
dstIP	bestemmingipaddress	bestemmingipaddress	existing-unreviewed		0
dstIP_BE	bestemmingipaddressNetwerkbyteorder	bestemmingipaddressNetwerkbyteorder	existing-unreviewed		0
dstMAC	bestemmingmacaddress	bestemmingmacaddress	existing-unreviewed		0
dstMAC_BE	bestemmingmacbe	bestemmingmacbe	existing-unreviewed		0
dstPageDir	bestemmingPaginaMap	bestemmingPaginaMap	existing-unreviewed		0
dstPort	bestemmingPoortGetal	doelpoortnummer	project-proposal	destination_port	9
dstPt	bestemmingpt	bestemmingpt	existing-unreviewed		0
dstPtPtr	bestemmingptMuisaanwijzer	bestemmingptMuisaanwijzer	existing-unreviewed		0
dstPtr	bestemmingMuisaanwijzer	bestemmingMuisaanwijzer	existing-unreviewed		0
dstptr	bestemmingMuisaanwijzer_2	bestemmingMuisaanwijzer_2	existing-unreviewed		0
dynamic	dynamisch	dynamisch	existing-unreviewed		0
e	e	e	existing-unreviewed		0
e_ehsize	eehsize	eehsize	existing-unreviewed		0
e_entry	eItem	eItem	existing-unreviewed		0
e_flags	eVlaggen	eVlaggen	existing-unreviewed		0
e_ident	eident	eident	existing-unreviewed		0
e_machine	emachine	emachine	existing-unreviewed		0
e_phentsize	ephentsize	ephentsize	existing-unreviewed		0
e_phnum	ephnum	ephnum	existing-unreviewed		0
e_phoff	ephoff	ephoff	existing-unreviewed		0
e_shentsize	eshentsize	eshentsize	existing-unreviewed		0
e_shnum	eshnum	eshnum	existing-unreviewed		0
e_shoff	eshoff	eshoff	existing-unreviewed		0
e_shstrndx	eshstrndx	eshstrndx	existing-unreviewed		0
e_type	eSoort	eSoort	existing-unreviewed		0
e_version	eVersie	eVersie	existing-unreviewed		0
eax	eax	eax	existing-unreviewed		0
ebp	ebp	ebp	existing-unreviewed		0
ebx	ebx	ebx	existing-unreviewed		0
ecx	ecx	ecx	existing-unreviewed		0
edi	edi	edi	existing-unreviewed		0
edx	edx	edx	existing-unreviewed		0
efHandler	efhandler	efhandler	existing-unreviewed		0
eflags	eflags	eflags	existing-unreviewed		0
eip	eip	eip	existing-unreviewed		0
eipOffset	eipVerschuiving	eipVerschuiving	existing-unreviewed		0
elf	elf	uitvoerbaar_en_koppelbaar_formaat	project-proposal	elf	6
elf0	elf0	elf0	existing-unreviewed		0
elf2	elf2	elf2	existing-unreviewed		0
elf3	elf3	elf3	existing-unreviewed		0
elf4	elf4	elf4	existing-unreviewed		0
elfHeader	elfheader	elfheader	existing-unreviewed		0
enabled	ingeschakeld	ingeschakeld	existing-unreviewed		0
end	eind	eind	existing-unreviewed		0
endOffset	eindVerschuiving	eindVerschuiving	existing-unreviewed		0
end_cylinder	eindcylinder	eindcylinder	existing-unreviewed		0
end_head	eindhead	eindhead	existing-unreviewed		0
end_sector	eindsector	eindsector	existing-unreviewed		0
ensureCurrentProcess	ensureHuidigProces	ensureHuidigProces	existing-unreviewed		0
entry	item	item	existing-unreviewed		0
entryPoint	itempoint	itempoint	existing-unreviewed		0
entrypoint	itempoint_2	itempoint_2	existing-unreviewed		0
environment	environment	environment	existing-unreviewed		0
environmentPointers	environmentpointers	environmentpointers	existing-unreviewed		0
err	fout	fout	existing-unreviewed		0
errorPort	foutPoort	foutPoort	existing-unreviewed		0
es	es	es	existing-unreviewed		0
esi	esi	esi	existing-unreviewed		0
esp	esp	esp	existing-unreviewed		0
esp0	esp0	esp0	existing-unreviewed		0
esp1	esp1	esp1	existing-unreviewed		0
esp2	esp2	esp2	existing-unreviewed		0
etherFrameProvider	ethernetframeprovider	frameleverancier_van_het_gedeelde_medium_netwerk	project-proposal	ethernet_provider	1
etherType	ethernetSoort	ethernetSoort	existing-unreviewed		0
etherType_BE	ethernetSoortbe	ethernetSoortbe	existing-unreviewed		0
etherframe	ethernetframe	frame_van_het_gedeelde_medium_netwerk	project-proposal	ethernet_frame	1
etherframePayload	ethernetframepayload	ethernetframepayload	existing-unreviewed		0
except	except	except	existing-unreviewed		0
exceptionCR0	exceptioncr0	exceptioncr0	existing-unreviewed		0
exceptionCR2	exceptioncr2	exceptioncr2	existing-unreviewed		0
exceptionCR3	exceptioncr3	exceptioncr3	existing-unreviewed		0
exceptionFrameValue	exceptionframeWaarde	exceptionframeWaarde	existing-unreviewed		0
exceptionHasErrorCode	exceptionhasFoutcode	exceptionhasFoutcode	existing-unreviewed		0
exceptionName	exceptionNaam	exceptionNaam	existing-unreviewed		0
execVector	uitvoerenvector	uitvoerenvector	existing-unreviewed		0
exists	exists	exists	existing-unreviewed		0
exited	afgesloten	afgesloten	existing-unreviewed		0
ext	ext	ext	existing-unreviewed		0
extFlags	extVlaggen	extVlaggen	existing-unreviewed		0
extendedScanCode	extendedOnderzoekencode	extendedOnderzoekencode	existing-unreviewed		0
fDupFD	fdupBB	fdupBB	existing-unreviewed		0
fGetFD	fgetBB	fgetBB	existing-unreviewed		0
fGetFL	fgetfl	fgetfl	existing-unreviewed		0
fSetFD	fInstellenBB	fInstellenBB	existing-unreviewed		0
fSetFL	fInstellenfl	fInstellenfl	existing-unreviewed		0
fat	fat	fat	existing-unreviewed		0
fatCopies	fatKopiëren	fatKopiëren	existing-unreviewed		0
fatInfo	fatInformatie	fatInformatie	existing-unreviewed		0
fatOffsetInSectorForCurrentCluster	fatVerschuivinginsectorforHuidigcluster	fatVerschuivinginsectorforHuidigcluster	existing-unreviewed		0
fatSectorCount	fatsectorAantal	fatsectorAantal	existing-unreviewed		0
fatSectorForCurrentCluster	fatsectorforHuidigcluster	fatsectorforHuidigcluster	existing-unreviewed		0
fatSize	fatGrootte	fatGrootte	existing-unreviewed		0
fatStart	fatStarten	fatStarten	existing-unreviewed		0
fatTypeLabel	fatSoortEtiket	fatSoortEtiket	existing-unreviewed		0
fatVersion	fatVersie	fatVersie	existing-unreviewed		0
fatbuf	fatbuf	fatbuf	existing-unreviewed		0
fatbuffer	fatbuffer	fatbuffer	existing-unreviewed		0
faultAddr	faultaddress	faultaddress	existing-unreviewed		0
fb	fb	fb	existing-unreviewed		0
fbCurCol	fbHuidigcol	fbHuidigcol	existing-unreviewed		0
fbCurLine	fbHuidigRegel	fbHuidigRegel	existing-unreviewed		0
fbHeight	fbHoogte	fbHoogte	existing-unreviewed		0
fbPhysAddr	fbphysaddress	fbphysaddress	existing-unreviewed		0
fbWidth	fbBreedte	fbBreedte	existing-unreviewed		0
fd	bB	bB	existing-unreviewed		0
fdCloexec	bBcloexec	bBcloexec	existing-unreviewed		0
fdEntry	bBItem	bBItem	existing-unreviewed		0
fdFlags	bBVlaggen	bBVlaggen	existing-unreviewed		0
fdKindConsole	bBSoortconsole	bBSoortconsole	existing-unreviewed		0
fdKindFat	bBSoortfat	bBSoortfat	existing-unreviewed		0
fdKindNone	bBSoortGeen	bBSoortGeen	existing-unreviewed		0
fdKindRootDir	bBSoortHoofdmapMap	bBSoortHoofdmapMap	existing-unreviewed		0
fdKindSocket	bBSoortContactpunt	bBSoortContactpunt	existing-unreviewed		0
fdKindStdin	bBSoortstdin	bBSoortstdin	existing-unreviewed		0
fds	fds	fds	existing-unreviewed		0
filePtr	bestandMuisaanwijzer	bestandMuisaanwijzer	existing-unreviewed		0
fileSector	bestandsector	bestandsector	existing-unreviewed		0
fileSize	bestandGrootte	bestandGrootte	existing-unreviewed		0
filename	bestandsnaam	bestandsnaam	existing-unreviewed		0
fillPosixStat	fillposixstat	fillposixstat	existing-unreviewed		0
findProcess	zoekenProces	zoekenProces	existing-unreviewed		0
first	first	first	existing-unreviewed		0
firstClusterHi	firstclusterhi	firstclusterhi	existing-unreviewed		0
firstClusterLow	firstclusterLaag	firstclusterLaag	existing-unreviewed		0
firstFileCluster	firstBestandcluster	firstBestandcluster	existing-unreviewed		0
flags	vlaggen	vlaggen	existing-unreviewed		0
flags2	vlaggen2	vlaggen2	existing-unreviewed		0
flagsAndOffset	vlaggenenVerschuiving	vlaggenenVerschuiving	existing-unreviewed		0
flushIndex	flushindex	flushindex	existing-unreviewed		0
flushTlsTable	flushtlsTabel	flushtlsTabel	existing-unreviewed		0
flush_tss	flushtss	flushtss	existing-unreviewed		0
fn	fn	fn	existing-unreviewed		0
foo	foo	foo	existing-unreviewed		0
foundChild	foundkind	foundkind	existing-unreviewed		0
frame	frame	frame	existing-unreviewed		0
frameCount	frameAantal	frameAantal	existing-unreviewed		0
frameHeaderSize	frameheaderGrootte	frameheaderGrootte	existing-unreviewed		0
free	vrij	vrij	existing-unreviewed		0
freePort	vrijPoort	vrijPoort	existing-unreviewed		0
frequency	frequentie	frequentie	existing-unreviewed		0
fs	fs	fs	existing-unreviewed		0
func1Val	func1val	func1val	existing-unreviewed		0
func2Val	func2val	func2val	existing-unreviewed		0
func3Val	func3val	func3val	existing-unreviewed		0
func_addr	funcaddress	funcaddress	existing-unreviewed		0
func_bytes	funcbytes	funcbytes	existing-unreviewed		0
func_name	funcNaam	funcNaam	existing-unreviewed		0
func_value	funcWaarde	funcWaarde	existing-unreviewed		0
function	functie	functie	existing-unreviewed		0
fxrstor	fxrstor	fxrstor	existing-unreviewed		0
fxsave	fxsave	fxsave	existing-unreviewed		0
g	g	g	existing-unreviewed		0
g_320x200x256	g320x200x256	g320x200x256	existing-unreviewed		0
gate	gate	gate	existing-unreviewed		0
gateData	gatedata	gatedata	existing-unreviewed		0
gatewayIP	gatewayip	gatewayip	existing-unreviewed		0
gdt	gdt	gdt	existing-unreviewed		0
gdtDescriptor	gdtdescriptor	gdtdescriptor	existing-unreviewed		0
gdtEntry	gdtItem	gdtItem	existing-unreviewed		0
gdtTable	gdtTabel	gdtTabel	existing-unreviewed		0
gdtTableLen	gdtTabellen	gdtTabellen	existing-unreviewed		0
gdt_codeSegmentSelector	gdtcodesegmentselector	gdtcodesegmentselector	existing-unreviewed		0
gdt_func	gdtfunc	gdtfunc	existing-unreviewed		0
getCR2	getcr2	getcr2	existing-unreviewed		0
getCR3	getcr3	getcr3	existing-unreviewed		0
getDescriptor	getdescriptor	getdescriptor	existing-unreviewed		0
getESI	getesi	getesi	existing-unreviewed		0
getESP	getesp	getesp	existing-unreviewed		0
getGDT	getgdt	getgdt	existing-unreviewed		0
getGS	getgs	getgs	existing-unreviewed		0
getOpenFile	getOpenenBestand	getOpenenBestand	existing-unreviewed		0
getOpenFileFor	getOpenenBestandfor	getOpenenBestandfor	existing-unreviewed		0
getTLS	gettls	gettls	existing-unreviewed		0
globalDescriptorTable	algemeendescriptorTabel	algemeendescriptorTabel	existing-unreviewed		0
globalOffsetTable	algemeenVerschuivingTabel	algemeenVerschuivingTabel	existing-unreviewed		0
global_offset_table	algemeenVerschuivingTabel_2	algemeenVerschuivingTabel_2	existing-unreviewed		0
graphicsControllerDataPort	grafischcontrollerdataPoort	grafischcontrollerdataPoort	existing-unreviewed		0
graphicsControllerIndexPort	grafischcontrollerindexPoort	grafischcontrollerindexPoort	existing-unreviewed		0
grub_multiboot_memory_map_t	grubmultibootGeheugenmapt	grubmultibootGeheugenmapt	existing-unreviewed		0
gs	gs	gs	existing-unreviewed		0
gs_segment	gssegment	gssegment	existing-unreviewed		0
h	h	h	existing-unreviewed		0
haltAfterFatalException	haltNafatalexception	haltNafatalexception	existing-unreviewed		0
handleInterrupt	handgreepinterrupt	handgreepinterrupt	existing-unreviewed		0
handleKeyboardInterrupt	handgreepToetsenbordinterrupt	handgreepToetsenbordinterrupt	existing-unreviewed		0
handleMouseInterrupt	handgreepMuisinterrupt	handgreepMuisinterrupt	existing-unreviewed		0
handlePagingInterrupt	handgreeppaginginterrupt	handgreeppaginginterrupt	existing-unreviewed		0
handleUnhandledSyscall	handgreepunhandledsyscall	handgreepunhandledsyscall	existing-unreviewed		0
handler	handler	handler	existing-unreviewed		0
handlerAddressHighBits	handleraddressHoogbits	handleraddressHoogbits	existing-unreviewed		0
handlerAddressLowBits	handleraddressLaagbits	handleraddressLaagbits	existing-unreviewed		0
handlerRun	handlerUitvoeren	handlerUitvoeren	existing-unreviewed		0
handlers	handler_2	handler_2	existing-unreviewed		0
hardwareAddressSize	apparatuuraddressGrootte	apparatuuraddressGrootte	existing-unreviewed		0
hardwareInterruptOffset	apparatuurinterruptVerschuiving	apparatuurinterruptVerschuiving	existing-unreviewed		0
hardwareType	apparatuurSoort	apparatuurSoort	existing-unreviewed		0
hd	hd	hd	existing-unreviewed		0
head	head	head	existing-unreviewed		0
headCount	headAantal	headAantal	existing-unreviewed		0
headerLength	headerLengte	headerLengte	existing-unreviewed		0
headertype	headertype	headertype	existing-unreviewed		0
height	hoogte	hoogte	existing-unreviewed		0
hex	hex	hex	existing-unreviewed		0
hiddenSectors	verborgensectors	verborgensectors	existing-unreviewed		0
i	i	i	existing-unreviewed		0
iCount	iAantal	iAantal	existing-unreviewed		0
iDrivers	idriver	idriver	existing-unreviewed		0
iKeyboardEventHandler	iToetsenbordGebeurtenishandler	iToetsenbordGebeurtenishandler	existing-unreviewed		0
iMouseEventHandler	iMuisGebeurtenishandler	iMuisGebeurtenishandler	existing-unreviewed		0
iPCIControllerHandler	ipcicontrollerhandler	ipcicontrollerhandler	existing-unreviewed		0
iRawDataHandler	irawdatahandler	irawdatahandler	existing-unreviewed		0
iTimerEventHandler	iAftelklokGebeurtenishandler	iAftelklokGebeurtenishandler	existing-unreviewed		0
icmp	icmp	besturingsberichtprotocol_voor_verbonden_netwerken	project-proposal	icmp	12
icmpSize	icmpGrootte	icmpGrootte	existing-unreviewed		0
icmp콘솔	icmpconsole	icmpconsole	existing-unreviewed		0
id	id	id	existing-unreviewed		0
ident	ident	ident	existing-unreviewed		0
idtData	idtdata	idtdata	existing-unreviewed		0
idtPointer	idtMuisaanwijzer	idtMuisaanwijzer	existing-unreviewed		0
idx	idx	idx	existing-unreviewed		0
index	index	index	existing-unreviewed		0
initBlock	initBlok	initBlok	existing-unreviewed		0
initFileDescriptors	initBestanddescriptor	initBestanddescriptor	existing-unreviewed		0
initPIT	initpit	initpit	existing-unreviewed		0
initializeProcessFDs	initializeProcesfds	initializeProcesfds	existing-unreviewed		0
inode	inode	inode	existing-unreviewed		0
inputEventTask	invoerGebeurtenisTaak	invoerGebeurtenisTaak	existing-unreviewed		0
installIDT	installerenidt	installerenidt	existing-unreviewed		0
intNumber	intGetal	intGetal	existing-unreviewed		0
interface_id	netwerkkaartid	netwerkkaartid	existing-unreviewed		0
internetprotocolPayload	internetprotocolpayload	internetprotocolpayload	existing-unreviewed		0
interrupt	interrupt	interrupt	existing-unreviewed		0
interruptDebug	interruptDebuggen	interruptDebuggen	existing-unreviewed		0
interruptExitLoop	interruptAfsluitenloop	interruptAfsluitenloop	existing-unreviewed		0
interruptGateEntries	interruptgateItem	interruptgateItem	existing-unreviewed		0
interruptHandler	interrupthandler	interrupthandler	existing-unreviewed		0
interrupts	interrupts	interrupts	existing-unreviewed		0
iomap	iomap	iomap	existing-unreviewed		0
ip	ip	ip	existing-unreviewed		0
ipEtherFrameHandler	ipethernetframehandler	ipethernetframehandler	existing-unreviewed		0
ipHandler	iphandler	iphandler	existing-unreviewed		0
ipIdx	ipidx	ipidx	existing-unreviewed		0
ipProtocolUDP	ipprotocoludp	ipprotocoludp	existing-unreviewed		0
ipProvider	ipprovider	protocolleverancier_voor_verbonden_netwerken	project-proposal	ip_provider	5
ipSize	ipGrootte	ipGrootte	existing-unreviewed		0
ip_be	ipNetwerkbyteorder	ipNetwerkbyteorder	existing-unreviewed		0
ipmessage	internetprotocolBericht	internetprotocolBericht	existing-unreviewed		0
ipv4	ipv4	protocol_voor_verbonden_netwerken_4	project-proposal	ipv4	1
ip콘솔	ipconsole	ipconsole	existing-unreviewed		0
isKernel	iskernel	iskernel	existing-unreviewed		0
isRoot	isHoofdmap	isHoofdmap	existing-unreviewed		0
isRootPath	isHoofdmapPAD	isHoofdmapPAD	existing-unreviewed		0
isSharedPDE	issharedpde	issharedpde	existing-unreviewed		0
istOffset	istVerschuiving	istVerschuiving	existing-unreviewed		0
j	j	j	existing-unreviewed		0
jmp	jmp	jmp	existing-unreviewed		0
jmp_user	jmpGebruiker	jmpGebruiker	existing-unreviewed		0
jump_usermode_iret	jumpGebruikermodeiret	jumpGebruikermodeiret	existing-unreviewed		0
kPageDirEntry	kPaginaMapItem	kPaginaMapItem	existing-unreviewed		0
kernelESP	kernelesp	kernelesp	existing-unreviewed		0
kernelPageDirEntry	kernelPaginaMapItem	kernelPaginaMapItem	existing-unreviewed		0
kernelSS	kernelss	kernelss	existing-unreviewed		0
key	sleutel	sleutel	existing-unreviewed		0
keyboard	toetsenbord	toetsenbord	existing-unreviewed		0
keyboardDriver	toetsenborddriver	toetsenborddriver	existing-unreviewed		0
keyboardEventHandler	toetsenbordGebeurtenishandler	toetsenbordGebeurtenishandler	existing-unreviewed		0
keyboardQueue	toetsenbordqueue	toetsenbordqueue	existing-unreviewed		0
keyboardQueueRead	toetsenbordqueueLezen	toetsenbordqueueLezen	existing-unreviewed		0
keyboardQueueSize	toetsenbordqueueGrootte	toetsenbordqueueGrootte	existing-unreviewed		0
keyboardQueueWrite	toetsenbordqueueSchrijven	toetsenbordqueueSchrijven	existing-unreviewed		0
kind	soort	soort	existing-unreviewed		0
l	l	l	existing-unreviewed		0
last	laatst	laatst	existing-unreviewed		0
lbaHiPort	lbahiPoort	lbahiPoort	existing-unreviewed		0
lbaLowPort	lbaLaagPoort	lbaLaagPoort	existing-unreviewed		0
lbaMidPort	lbamidPoort	lbamidPoort	existing-unreviewed		0
ldt	ldt	ldt	existing-unreviewed		0
leftShift	linksshift	linksshift	existing-unreviewed		0
len	len	len	existing-unreviewed		0
len_ver	lenver	lenver	existing-unreviewed		0
length	lengte	lengte	existing-unreviewed		0
lengthAddress	lengteaddress	lengteaddress	existing-unreviewed		0
lengthInBytes	lengteinbytes	lengteinbytes	existing-unreviewed		0
length_high	lengteHoog	lengteHoog	existing-unreviewed		0
length_low	lengteLaag	lengteLaag	existing-unreviewed		0
lengths	lengths	lengths	existing-unreviewed		0
lib1Addr	lib1address	lib1address	existing-unreviewed		0
lib1Data	lib1data	lib1data	existing-unreviewed		0
lib1File	lib1Bestand	lib1Bestand	existing-unreviewed		0
lib1GOT	lib1got	lib1got	existing-unreviewed		0
lib1elf	lib1elf	lib1elf	existing-unreviewed		0
lib2Addr	lib2address	lib2address	existing-unreviewed		0
lib2Data	lib2data	lib2data	existing-unreviewed		0
lib2File	lib2Bestand	lib2Bestand	existing-unreviewed		0
lib2GOT	lib2got	lib2got	existing-unreviewed		0
lib2elf	lib2elf	lib2elf	existing-unreviewed		0
libLinkMap	libKoppelingmap	libKoppelingmap	existing-unreviewed		0
lidtaddr	lidtaddr	lidtaddr	existing-unreviewed		0
limit	beperken	beperken	existing-unreviewed		0
limitHighAndFlags	beperkenHoogenVlaggen	beperkenHoogenVlaggen	existing-unreviewed		0
limitLow	beperkenLaag	beperkenLaag	existing-unreviewed		0
linkMap	koppelingmap	koppelingmap	existing-unreviewed		0
linkMapAddr	koppelingmapaddress	koppelingmapaddress	existing-unreviewed		0
linkerAddr	linkeraddress	linkeraddress	existing-unreviewed		0
linkerData	linkerdata	linkerdata	existing-unreviewed		0
linkerEntry	linkerItem	linkerItem	existing-unreviewed		0
linkerFile	linkerBestand	linkerBestand	existing-unreviewed		0
list	lijst	lijst	existing-unreviewed		0
listening	listening	listening	existing-unreviewed		0
loader	loader	loader	existing-unreviewed		0
local	lokaal	lokaal	existing-unreviewed		0
localDatagramSocket	lokaaldatagramContactpunt	lokaaldatagramContactpunt	existing-unreviewed		0
localIP	lokaalip	lokaalip	existing-unreviewed		0
localPort	lokaalPoortGetal	lokaalPoortGetal	existing-unreviewed		0
localSockets	lokaalsockets	lokaalsockets	existing-unreviewed		0
logicalAddress	logicaladdress	logicaladdress	existing-unreviewed		0
macAddr	macaddress	macaddress	existing-unreviewed		0
macIdx	macidx	macidx	existing-unreviewed		0
magicnumber	magicnumber	magicnumber	existing-unreviewed		0
main	main	main	compatibility		0
mainThread	hoofdthread	hoofdthread	existing-unreviewed		0
makePagePrivateWritableCurrent	makePaginaPrivéwritableHuidig	makePaginaPrivéwritableHuidig	existing-unreviewed		0
makeRangePrivateWritableCurrent	makeBereikPrivéwritableHuidig	makeBereikPrivéwritableHuidig	existing-unreviewed		0
manager	manager	manager	existing-unreviewed		0
mask	masker	masker	existing-unreviewed		0
master	master	master	existing-unreviewed		0
matches	matches	matches	existing-unreviewed		0
maxBARs	maxbars	maxbars	existing-unreviewed		0
maxDatagramSize	maxdatagramGrootte	maxdatagramGrootte	existing-unreviewed		0
maxExecStringLength	maxUitvoerenTekstsnoerLengte	maxUitvoerenTekstsnoerLengte	existing-unreviewed		0
maxExecVectorEntries	maxUitvoerenvectorItem	maxUitvoerenvectorItem	existing-unreviewed		0
maxFD	maxBB	maxBB	existing-unreviewed		0
maxOpenFiles	maxOpenenBestanden	maxOpenenBestanden	existing-unreviewed		0
maxSocketPackets	maxContactpuntpakketten	maxContactpuntpakketten	existing-unreviewed		0
maxSockets	maxsockets	maxsockets	existing-unreviewed		0
maximumBlocks	maximumBlok	maximumBlok	existing-unreviewed		0
mediaType	mediaSoort	mediaSoort	existing-unreviewed		0
mem	mem	mem	existing-unreviewed		0
memoryArray	geheugenReeks	geheugenReeks	existing-unreviewed		0
memoryChunkSize	geheugenchunkGrootte	geheugenchunkGrootte	existing-unreviewed		0
memoryManager	geheugenmanager	geheugenmanager	existing-unreviewed		0
memoryOper	geheugenoper	geheugenoper	existing-unreviewed		0
memorySize	geheugenGrootte	geheugenGrootte	existing-unreviewed		0
memorymananger	memorymananger	memorymananger	existing-unreviewed		0
memorytest	memorytest	memorytest	existing-unreviewed		0
message	bericht	bericht	existing-unreviewed		0
micsPort	micsPoort	micsPoort	existing-unreviewed		0
minimum	minimum	minimum	existing-unreviewed		0
mode	modus	modus	existing-unreviewed		0
mouseDriver	muisdriver	muisdriver	existing-unreviewed		0
mouseEventHandler	muisGebeurtenishandler	muisGebeurtenishandler	existing-unreviewed		0
mouseVGA	muisvga	muisvga	existing-unreviewed		0
mouseWidget	muiswidget	muiswidget	existing-unreviewed		0
msdospart	msdospartition	msdospartition	existing-unreviewed		0
msg	msg	msg	existing-unreviewed		0
msgBuffer	msgbuffer	msgbuffer	existing-unreviewed		0
multiboot_memory_map	multibootGeheugenmap	multibootGeheugenmap	existing-unreviewed		0
multitasking	multitasking	multitasking	existing-unreviewed		0
myKeyboardEventHandler	myToetsenbordGebeurtenishandler	myToetsenbordGebeurtenishandler	existing-unreviewed		0
myPCIControllerHandler	mypcicontrollerhandler	mypcicontrollerhandler	existing-unreviewed		0
myfunction	myfunction	myfunction	existing-unreviewed		0
n	n	n	existing-unreviewed		0
n_descsz	ndescsz	ndescsz	existing-unreviewed		0
n_namesz	nnamesz	nnamesz	existing-unreviewed		0
n_type	nSoort	nSoort	existing-unreviewed		0
name	naam	naam	existing-unreviewed		0
nameLen	naamlen	naamlen	existing-unreviewed		0
netCard	netwerkKaart	netwerkKaart	existing-unreviewed		0
newButtons	nieuwKnop	nieuwKnop	existing-unreviewed		0
newFD	nieuwBB	nieuwBB	existing-unreviewed		0
newFrame	nieuwframe	nieuwframe	existing-unreviewed		0
newLink	nieuwKoppeling	nieuwKoppeling	existing-unreviewed		0
newNode	nieuwSysteemnaam	nieuwSysteemnaam	existing-unreviewed		0
newPtr	nieuwMuisaanwijzer	nieuwMuisaanwijzer	existing-unreviewed		0
next	volgende	volgende	existing-unreviewed		0
nextEphemeralPort	volgendeephemeralPoort	volgendeephemeralPoort	existing-unreviewed		0
nextFileCluster	volgendeBestandcluster	volgendeBestandcluster	existing-unreviewed		0
nextHopIP_BE	volgendehopipaddressNetwerkbyteorder	volgendehopipaddressNetwerkbyteorder	existing-unreviewed		0
nextNode	volgendeSysteemnaam	volgendeSysteemnaam	existing-unreviewed		0
nextProcessID	volgendeProcesid	volgendeProcesid	existing-unreviewed		0
nextThread	volgendethread	volgendethread	existing-unreviewed		0
nibble	nibble	nibble	existing-unreviewed		0
node	systeemnaam	lijstknooppunt	project-proposal	list_node	16
nodeArray	systeemnaamReeks	systeemnaamReeks	existing-unreviewed		0
num	getal	getal	existing-unreviewed		0
numCacheEntries	getalcacheItem	getalcacheItem	existing-unreviewed		0
numDrivers	getaldriver	getaldriver	existing-unreviewed		0
numFunctions	getalFuncties	getalFuncties	existing-unreviewed		0
numRecvBuffers	getalrecvbuffer	getalrecvbuffer	existing-unreviewed		0
numSendBuffers	getalVerzendenbuffer	getalVerzendenbuffer	existing-unreviewed		0
numSockets	getalsockets	getalsockets	existing-unreviewed		0
numTasks	getalTaken	getalTaken	existing-unreviewed		0
oAppend	oappend	oappend	existing-unreviewed		0
oCreate	ocreate	ocreate	existing-unreviewed		0
oDirectory	oMap	oMap	existing-unreviewed		0
oReadOnly	oLezenonly	oLezenonly	existing-unreviewed		0
oReadWrite	oLezenSchrijven	oLezenSchrijven	existing-unreviewed		0
oTruncate	oAfkappen	oAfkappen	existing-unreviewed		0
oWriteOnly	oSchrijvenonly	oSchrijvenonly	existing-unreviewed		0
o_addr	oaddress	oaddress	existing-unreviewed		0
offset	verschuiving	verschuiving	existing-unreviewed		0
ok	ok	ok	existing-unreviewed		0
oldButtons	oudKnop	oudKnop	existing-unreviewed		0
oldCR3	oudcr3	oudcr3	existing-unreviewed		0
oldFD	oudBB	oudBB	existing-unreviewed		0
oldFrame	oudframe	oudframe	existing-unreviewed		0
oldGdt	oudgdt	oudgdt	existing-unreviewed		0
oldGdtAddr	oudgdtaddress	oudgdtaddress	existing-unreviewed		0
oldGdtLen	oudgdtlen	oudgdtlen	existing-unreviewed		0
openFileDescription	openenBestandBeschrijving	openenBestandBeschrijving	existing-unreviewed		0
openFileTable	openenBestandTabel	openenBestandTabel	existing-unreviewed		0
options	opties	opties	existing-unreviewed		0
orgValue	orgWaarde	orgWaarde	existing-unreviewed		0
p	p	p	existing-unreviewed		0
p1	p1	p1	existing-unreviewed		0
p2	p2	p2	existing-unreviewed		0
p_align	pUitlijnen	pUitlijnen	existing-unreviewed		0
p_backend	pbackend	pbackend	existing-unreviewed		0
p_data	pdata	pdata	existing-unreviewed		0
p_efHandler	pefhandler	pefhandler	existing-unreviewed		0
p_efProvider	pefprovider	pefprovider	existing-unreviewed		0
p_etherType	pethernetSoort	pethernetSoort	existing-unreviewed		0
p_filesz	pfilesz	pfilesz	existing-unreviewed		0
p_flags	pVlaggen	pVlaggen	existing-unreviewed		0
p_iHandler	pihandler	pihandler	existing-unreviewed		0
p_ipHandler	piphandler	piphandler	existing-unreviewed		0
p_ipProvider	pipprovider	pipprovider	existing-unreviewed		0
p_memsz	pmemsz	pmemsz	existing-unreviewed		0
p_offset	pVerschuiving	pVerschuiving	existing-unreviewed		0
p_paddr	ppaddr	ppaddr	existing-unreviewed		0
p_protocol	pprotocol	pprotocol	existing-unreviewed		0
p_provider	pprovider	pprovider	existing-unreviewed		0
p_str	pstr	pstr	existing-unreviewed		0
p_type	pSoort	pSoort	existing-unreviewed		0
p_udpHandler	pudphandler	pudphandler	existing-unreviewed		0
p_udpProvider	pudpprovider	pudpprovider	existing-unreviewed		0
p_vaddr	pvaddr	pvaddr	existing-unreviewed		0
packet	pAKKET	pAKKET	existing-unreviewed		0
packetStatus	pAKKETstatus	pAKKETstatus	existing-unreviewed		0
packets	pakketten	pakketten	existing-unreviewed		0
page	pagina	pagina	existing-unreviewed		0
pageDir	paginaMap	paginamap	project-proposal	page_directory	27
pageDirEntry	paginaMapItem	paginaMapItem	existing-unreviewed		0
pageTableEntry	paginaTabelItem	paginaTabelItem	existing-unreviewed		0
paging	paging	paging	existing-unreviewed		0
param	param	param	existing-unreviewed		0
params	params	params	existing-unreviewed		0
parent	ouder	ouder	existing-unreviewed		0
parentPID	ouderpid	ouderpid	existing-unreviewed		0
parentProcess	ouderProces	ouderProces	existing-unreviewed		0
partEntry	partItem	partItem	existing-unreviewed		0
partition	partition	partition	existing-unreviewed		0
partitionBytes	partitionbytes	partitionbytes	existing-unreviewed		0
partitionOffset	partitionVerschuiving	partitionVerschuiving	existing-unreviewed		0
path	pAD	pAD	existing-unreviewed		0
pathAddr	pADaddress	pADaddress	existing-unreviewed		0
pci	pci	pci	existing-unreviewed		0
pciController	pcicontroller	pcicontroller	existing-unreviewed		0
pde	pde	pde	existing-unreviewed		0
pdeAddr	pdeaddress	pdeaddress	existing-unreviewed		0
pdelen	pdelen	pdelen	existing-unreviewed		0
peer	peer	peer	existing-unreviewed		0
pendingButtons	pendingKnop	pendingKnop	existing-unreviewed		0
pendingMouseEvent	pendingMuisGebeurtenis	pendingMuisGebeurtenis	existing-unreviewed		0
pendingX	pendingx	pendingx	existing-unreviewed		0
pendingY	pendingy	pendingy	existing-unreviewed		0
phyaddr	phyaddr	phyaddr	existing-unreviewed		0
phymem	physicalGeheugen	physicalGeheugen	existing-unreviewed		0
physicalAddress	physicaladdress	physicaladdress	existing-unreviewed		0
pid	pid	pid	existing-unreviewed		0
pitFrequency	pitFrequentie	pitFrequentie	existing-unreviewed		0
pixelAddress	pixeladdress	pixeladdress	existing-unreviewed		0
pointer	muisaanwijzer	adresverwijzing	project-proposal	pointer	39
pollKeyboardScancode	pollToetsenbordscancode	pollToetsenbordscancode	existing-unreviewed		0
port	poort	poort	existing-unreviewed		0
portBase	poortbase	poortbase	existing-unreviewed		0
portInUse	poortinGebruik	poortinGebruik	existing-unreviewed		0
portnumber	portnumber	portnumber	existing-unreviewed		0
pos	positie	positie	existing-unreviewed		0
position	positie_2	positie_2	existing-unreviewed		0
posixStat	posixstat	posixstat	existing-unreviewed		0
posixUtsname	posixutsname	posixutsname	existing-unreviewed		0
prefetchable	prefetchcapable	prefetchcapable	existing-unreviewed		0
prev	previous	previous	existing-unreviewed		0
prevNode	previousSysteemnaam	previousSysteemnaam	existing-unreviewed		0
prevX	previousx	previousx	existing-unreviewed		0
prevY	previousy	previousy	existing-unreviewed		0
printESP	afdrukkenesp	afdrukkenesp	existing-unreviewed		0
printExceptionSelectorInfo	afdrukkenexceptionselectorInformatie	afdrukkenexceptionselectorInformatie	existing-unreviewed		0
printPageFaultInfo	afdrukkenPaginafaultInformatie	afdrukkenPaginafaultInformatie	existing-unreviewed		0
printreg	printreg	printreg	existing-unreviewed		0
proc2	proc2	proc2	existing-unreviewed		0
proc3	proc3	proc3	existing-unreviewed		0
proc4	proc4	proc4	existing-unreviewed		0
process	proces	proces	existing-unreviewed		0
processEntry	procesItem	procesItem	existing-unreviewed		0
processHelper	proceshelper	proceshelper	existing-unreviewed		0
processTable	procesTabel	procesTabel	existing-unreviewed		0
processes	processen	processen	existing-unreviewed		0
programBreak	programmabreak	programmabreak	existing-unreviewed		0
protocol	protocol	protocol	existing-unreviewed		0
protocolAddressSize	protocoladdressGrootte	protocoladdressGrootte	existing-unreviewed		0
providedLength	providedLengte	providedLengte	existing-unreviewed		0
provider	provider	provider	existing-unreviewed		0
ps2WaitLimit	ps2WachtenBeperken	ps2WachtenBeperken	existing-unreviewed		0
pt	pt	pt	existing-unreviewed		0
pte	pte	pte	existing-unreviewed		0
pteAddr	pteaddress	pteaddress	existing-unreviewed		0
ptr	muisaanwijzer_2	adresverwijzing_2	project-proposal	pointer	12
pushExecUint32	pushUitvoerenunsignedinteger32	pushUitvoerenunsignedinteger32	existing-unreviewed		0
queueKeyboardByte	queueToetsenbordbyte	queueToetsenbordbyte	existing-unreviewed		0
r	r	r	existing-unreviewed		0
r_addend	raddend	raddend	existing-unreviewed		0
r_info	rInformatie	rInformatie	existing-unreviewed		0
r_offset	rVerschuiving	rVerschuiving	existing-unreviewed		0
raw	raw	raw	existing-unreviewed		0
rawDataBackend	rawdatabackend	rawdatabackend	existing-unreviewed		0
readFile	lezenBestand	lezenBestand	existing-unreviewed		0
readPS2Data	lezenps2data	lezenps2data	existing-unreviewed		0
readStdin	lezenstdin	lezenstdin	existing-unreviewed		0
readVFSFile	lezenvfsBestand	lezenvfsBestand	existing-unreviewed		0
read_count	lezenAantal	lezenAantal	existing-unreviewed		0
receiver	receiver	receiver	existing-unreviewed		0
recvBufferDescr	recvbufferBeschrijving	recvbufferBeschrijving	existing-unreviewed		0
recvBufferDescrAddress	recvbufferBeschrijvingaddress	recvbufferBeschrijvingaddress	existing-unreviewed		0
recvBuffers	recvbuffer	recvbuffer	existing-unreviewed		0
recvBuffersDescrMemory	recvbufferBeschrijvingGeheugen	recvbufferBeschrijvingGeheugen	existing-unreviewed		0
refBytes	referencebytes	referencebytes	existing-unreviewed		0
refPtr	referenceMuisaanwijzer	referenceMuisaanwijzer	existing-unreviewed		0
refs	refs	refs	existing-unreviewed		0
regIndex	regindex	regindex	existing-unreviewed		0
registerAddressPort	registeraddressPoort	registeraddressPoort	existing-unreviewed		0
registerDataPort	registerdataPoort	registerdataPoort	existing-unreviewed		0
registeroffset	registeroffset	registeroffset	existing-unreviewed		0
registers	register	register	existing-unreviewed		0
regtype	regtype	regtype	existing-unreviewed		0
rel_text	relTekst	relTekst	existing-unreviewed		0
rel_text_len	relTekstlen	relTekstlen	existing-unreviewed		0
releaseOpenFile	releaseOpenenBestand	releaseOpenenBestand	existing-unreviewed		0
released	released	released	existing-unreviewed		0
reloadCR3	herladencr3	herladencr3	existing-unreviewed		0
relocation_text	relocationTekst	relocationTekst	existing-unreviewed		0
remaining	remaining	remaining	existing-unreviewed		0
remote	opafstand	opafstand	existing-unreviewed		0
remoteIP	opafstandip	opafstandip	existing-unreviewed		0
remotePort	opafstandPoortGetal	opafstandPoortGetal	existing-unreviewed		0
requested	requested	requested	existing-unreviewed		0
reserved	gereserveerd	gereserveerd	existing-unreviewed		0
reserved0	gereserveerd0	gereserveerd0	existing-unreviewed		0
reservedSectors	gereserveerdsectors	gereserveerdsectors	existing-unreviewed		0
resetPort	terugzettenPoort	terugzettenPoort	existing-unreviewed		0
restoreFpRegs	herstellenfpregs	herstellenfpregs	existing-unreviewed		0
result	rESULTAAT	rESULTAAT	existing-unreviewed		0
result1	rESULTAAT1	rESULTAAT1	existing-unreviewed		0
result2	rESULTAAT2	rESULTAAT2	existing-unreviewed		0
ret	ret	ret	existing-unreviewed		0
revision	revision	revision	existing-unreviewed		0
rightShift	rechtsshift	rechtsshift	existing-unreviewed		0
rootCluster	hoofdmapcluster	hoofdmapcluster	existing-unreviewed		0
rootDirEntries	hoofdmapMapItem	hoofdmapMapItem	existing-unreviewed		0
rootStart	hoofdmapStarten	hoofdmapStarten	existing-unreviewed		0
rt	rt	rt	existing-unreviewed		0
s	s	s	existing-unreviewed		0
sIfchr	sifchr	sifchr	existing-unreviewed		0
sIfdir	sifdir	sifdir	existing-unreviewed		0
sIfmt	sifmt	sifmt	existing-unreviewed		0
sIfreg	sifreg	sifreg	existing-unreviewed		0
sIfsock	sifsock	sifsock	existing-unreviewed		0
savedESP	opgeslagenesp	opgeslagenesp	existing-unreviewed		0
sc	sc	sc	existing-unreviewed		0
scanCode	onderzoekencode	onderzoekencode	existing-unreviewed		0
scanCodeToByte	onderzoekencodenaarbyte	onderzoekencodenaarbyte	existing-unreviewed		0
scancodeToByte	scancodenaarbyte	scancodenaarbyte	existing-unreviewed		0
sche	sche	sche	existing-unreviewed		0
sche_data	schedata	schedata	existing-unreviewed		0
scheduleStack	schedulestack	schedulestack	existing-unreviewed		0
scheduler	scheduler	scheduler	existing-unreviewed		0
schedulerDebug	schedulerDebuggen	schedulerDebuggen	existing-unreviewed		0
sectHeader	sectheader	sectheader	existing-unreviewed		0
sectHeaderSize	sectheaderGrootte	sectheaderGrootte	existing-unreviewed		0
sectName	sectNaam	sectNaam	existing-unreviewed		0
sectValue	sectWaarde	sectWaarde	existing-unreviewed		0
sector	sector	sector	existing-unreviewed		0
sectorCountPort	sectorAantalPoort	sectorAantalPoort	existing-unreviewed		0
sectorNum	sectorGetal	sectorGetal	existing-unreviewed		0
sectorOffset	sectorVerschuiving	sectorVerschuiving	existing-unreviewed		0
sectorPerTrack	sectorpertrack	sectorpertrack	existing-unreviewed		0
sectorsPerCluster	sectorspercluster	sectorspercluster	existing-unreviewed		0
seekCur	seekHuidig	seekHuidig	existing-unreviewed		0
seekEnd	seekEind	seekEind	existing-unreviewed		0
seekSet	seekInstellen	seekInstellen	existing-unreviewed		0
segmentNumber	segmentGetal	segmentGetal	existing-unreviewed		0
self	zelf	zelf	existing-unreviewed		0
self_uintptr	zelfuintptr	zelfuintptr	existing-unreviewed		0
sendBack	reply	reply	existing-unreviewed		0
sendBufferDescr	verzendenbufferBeschrijving	verzendenbufferBeschrijving	existing-unreviewed		0
sendBufferDescrAddress	verzendenbufferBeschrijvingaddress	verzendenbufferBeschrijvingaddress	existing-unreviewed		0
sendBuffers	verzendenbuffer	verzendenbuffer	existing-unreviewed		0
sendBuffersDescrMemory	verzendenbufferBeschrijvingGeheugen	verzendenbufferBeschrijvingGeheugen	existing-unreviewed		0
sendDataPointer	verzendendataMuisaanwijzer	verzendendataMuisaanwijzer	existing-unreviewed		0
sendDescriptor	verzendendescriptor	verzendendescriptor	existing-unreviewed		0
sendMouseCommand	verzendenMuisOpdracht	verzendenMuisOpdracht	existing-unreviewed		0
sequencerDataPort	sequencerdataPoort	sequencerdataPoort	existing-unreviewed		0
sequencerIndexPort	sequencerindexPoort	sequencerindexPoort	existing-unreviewed		0
serialLogByte	serienummerLogboekbyte	serienummerLogboekbyte	existing-unreviewed		0
serialReady	serienummerKlaar	serienummerKlaar	existing-unreviewed		0
setCR3	instellencr3	instellencr3	existing-unreviewed		0
setDS	instellends	instellends	existing-unreviewed		0
setGS	instellengs	instellengs	existing-unreviewed		0
setThreadExitLoopState	instellenthreadAfsluitenloopStatus	instellenthreadAfsluitenloopStatus	existing-unreviewed		0
setupExecStack	setupUitvoerenstack	setupUitvoerenstack	existing-unreviewed		0
sh	sh	sh	existing-unreviewed		0
sh_addr	shaddress	shaddress	existing-unreviewed		0
sh_addralign	shaddralign	shaddralign	existing-unreviewed		0
sh_entsize	shentsize	shentsize	existing-unreviewed		0
sh_flags	shVlaggen	shVlaggen	existing-unreviewed		0
sh_info	shInformatie	shInformatie	existing-unreviewed		0
sh_link	shKoppeling	shKoppeling	existing-unreviewed		0
sh_name	shNaam	shNaam	existing-unreviewed		0
sh_offset	shVerschuiving	shVerschuiving	existing-unreviewed		0
sh_size	shGrootte	shGrootte	existing-unreviewed		0
sh_type	shSoort	shSoort	existing-unreviewed		0
shift	shift	shift	existing-unreviewed		0
signature	signature	signature	existing-unreviewed		0
size	grootte	grootte	existing-unreviewed		0
sl	sl	sl	existing-unreviewed		0
sockDatagram	sockdatagram	sockdatagram	existing-unreviewed		0
socket	contactpunt	contactpunt	existing-unreviewed		0
socketAddress	contactpuntaddress	contactpuntaddress	existing-unreviewed		0
socketAddressIPv4	contactpuntaddressiHw4	contactpuntaddressiHw4	existing-unreviewed		0
socketBind	contactpuntbind	contactpuntbind	existing-unreviewed		0
socketCallArgument	contactpuntcallargument	contactpuntcallargument	existing-unreviewed		0
socketConnect	contactpuntVerbinden	contactpuntVerbinden	existing-unreviewed		0
socketForFD	contactpuntforBB	contactpuntforBB	existing-unreviewed		0
socketIndex	contactpuntindex	contactpuntindex	existing-unreviewed		0
socketPacket	contactpuntPAKKET	contactpuntPAKKET	existing-unreviewed		0
socketReceiveFrom	contactpuntreceivevan	contactpuntreceivevan	existing-unreviewed		0
socketSendTo	contactpuntVerzendennaar	contactpuntVerzendennaar	existing-unreviewed		0
socketType	contactpuntSoort	contactpuntSoort	existing-unreviewed		0
sockets	sockets	sockets	existing-unreviewed		0
softName	softNaam	softNaam	existing-unreviewed		0
source	bron	bron	existing-unreviewed		0
sourceAddress	bronaddress	bronaddress	existing-unreviewed		0
sourceLengthAddress	bronLengteaddress	bronLengteaddress	existing-unreviewed		0
src	bron_2	bron_2	existing-unreviewed		0
srcEntry	bronItem	bronItem	existing-unreviewed		0
srcIP	bronipaddress	bronipaddress	existing-unreviewed		0
srcIP_BE	bronipaddressNetwerkbyteorder	bronipaddressNetwerkbyteorder	existing-unreviewed		0
srcMAC	bronmacaddress	bronmacaddress	existing-unreviewed		0
srcMAC_BE	bronmacbe	bronmacbe	existing-unreviewed		0
srcPageDir	bronPaginaMap	bronPaginaMap	existing-unreviewed		0
srcPde	bronpde	bronpde	existing-unreviewed		0
srcPdeAddr	bronpdeaddress	bronpdeaddress	existing-unreviewed		0
srcPort	bronPoortGetal	bronpoortnummer	project-proposal	source_port	9
srcPt	bronpt	bronpt	existing-unreviewed		0
srcptr	srcptr	srcptr	existing-unreviewed		0
ss	ss	ss	existing-unreviewed		0
ss0	ss0	ss0	existing-unreviewed		0
ss1	ss1	ss1	existing-unreviewed		0
ss2	ss2	ss2	existing-unreviewed		0
st	st	st	existing-unreviewed		0
st_info	stInformatie	stInformatie	existing-unreviewed		0
st_name	stNaam	stNaam	existing-unreviewed		0
st_other	stOverig	stOverig	existing-unreviewed		0
st_shndx	stshndx	stshndx	existing-unreviewed		0
st_size	stGrootte	stGrootte	existing-unreviewed		0
st_value	stWaarde	stWaarde	existing-unreviewed		0
stack	stack	stapelgeheugen	project-proposal	stack	18
stackBytes	stackbytes	stackbytes	existing-unreviewed		0
stackPtr	stackMuisaanwijzer	stackMuisaanwijzer	existing-unreviewed		0
stack_addr	stackaddress	stackaddress	existing-unreviewed		0
stackbottom	stackbottom	stackbottom	existing-unreviewed		0
stacktop	stacktop	stacktop	existing-unreviewed		0
start	starten	starten	existing-unreviewed		0
startOffset	startenVerschuiving	startenVerschuiving	existing-unreviewed		0
start_cylinder	startencylinder	startencylinder	existing-unreviewed		0
start_head	startenhead	startenhead	existing-unreviewed		0
start_sector	startensector	startensector	existing-unreviewed		0
startingBit	startingbit	startingbit	existing-unreviewed		0
stat	stat	stat	existing-unreviewed		0
statAddr	stataddress	stataddress	existing-unreviewed		0
status	status	status	existing-unreviewed		0
statusAddr	statusaddress	statusaddress	existing-unreviewed		0
stderrFD	stderrBB	stderrBB	existing-unreviewed		0
stdinBuffer	stdinbuffer	stdinbuffer	existing-unreviewed		0
stdinFD	stdinBB	stdinBB	existing-unreviewed		0
stdinGetBlocking	stdingetblocking	stdingetblocking	existing-unreviewed		0
stdinRead	stdinLezen	stdinLezen	existing-unreviewed		0
stdinWrite	stdinSchrijven	stdinSchrijven	existing-unreviewed		0
stdoutFD	stdoutBB	stdoutBB	existing-unreviewed		0
stoppedThread	gestaaktthread	gestaaktthread	existing-unreviewed		0
str	str	str	existing-unreviewed		0
stringAddress	tekstsnoeraddress	tekstsnoeraddress	existing-unreviewed		0
stringHeader	tekstsnoerheader	tekstsnoerheader	existing-unreviewed		0
strtab	strtab	strtab	existing-unreviewed		0
subclass_id	subclassid	subclassid	existing-unreviewed		0
subnetMask	subnetMasker	subnetMasker	existing-unreviewed		0
swapUint16	wisselgeheugenunsignedinteger16	wisselgeheugenunsignedinteger16	existing-unreviewed		0
switchForced	switchforced	switchforced	existing-unreviewed		0
sysAccess	systoegang	systoegang	existing-unreviewed		0
sysBrk	sysbrk	sysbrk	existing-unreviewed		0
sysCall	syscall	syscall	existing-unreviewed		0
sysChdir	syschdir	syschdir	existing-unreviewed		0
sysClose	sysSluiten	sysSluiten	existing-unreviewed		0
sysDup	sysdup	sysdup	existing-unreviewed		0
sysDup2	sysdup2	sysdup2	existing-unreviewed		0
sysExecve	sysexecve	sysexecve	existing-unreviewed		0
sysExit	sysAfsluiten	sysAfsluiten	existing-unreviewed		0
sysFcntl	sysfcntl	sysfcntl	existing-unreviewed		0
sysFork	sysfork	sysfork	existing-unreviewed		0
sysFstat	sysfstat	sysfstat	existing-unreviewed		0
sysFsync	sysfsync	sysfsync	existing-unreviewed		0
sysGetcwd	sysgetcwd	sysgetcwd	existing-unreviewed		0
sysLseek	syslseek	syslseek	existing-unreviewed		0
sysOpen	sysOpenen	sysOpenen	existing-unreviewed		0
sysRead	sysLezen	sysLezen	existing-unreviewed		0
sysSocketCall	sysContactpuntcall	sysContactpuntcall	existing-unreviewed		0
sysStat	sysstat	sysstat	existing-unreviewed		0
sysUname	sysuname	sysuname	existing-unreviewed		0
sysWaitpid	syswaitpid	syswaitpid	existing-unreviewed		0
sysWrite	sysSchrijven	sysSchrijven	existing-unreviewed		0
syscallError	syscallFout	syscallFout	existing-unreviewed		0
syscallID	syscallid	syscallid	existing-unreviewed		0
systemcall	systeemcall	systeemcall	existing-unreviewed		0
table	tabel	tabel	existing-unreviewed		0
tableSize	tabelGrootte	tabelGrootte	existing-unreviewed		0
tail	tail	tail	existing-unreviewed		0
task	taak	taak	existing-unreviewed		0
taskA	taaka	taaka	existing-unreviewed		0
taskB	taakb	taakb	existing-unreviewed		0
taskC	taakc	taakc	existing-unreviewed		0
taskD	taakd	taakd	existing-unreviewed		0
taskD0	taakd0	taakd0	existing-unreviewed		0
taskD1	taakd1	taakd1	existing-unreviewed		0
taskManager	taakmanager	taakmanager	existing-unreviewed		0
tasks	taken	taken	existing-unreviewed		0
temp	temporary	temporary	existing-unreviewed		0
terminated	terminated	terminated	existing-unreviewed		0
text	tekst	tekst	existing-unreviewed		0
textPtr	tekstMuisaanwijzer	tekstMuisaanwijzer	existing-unreviewed		0
text_len	tekstlen	tekstlen	existing-unreviewed		0
text_mode_check_fb_move	tekstmoduscheckfbVerplaatsen	tekstmoduscheckfbVerplaatsen	existing-unreviewed		0
text_mode_disable_cursor	tekstmodusUitschakelenAanwijzer	tekstmodusUitschakelenAanwijzer	existing-unreviewed		0
text_mode_enable_cursor	tekstmodusInschakelenAanwijzer	tekstmodusInschakelenAanwijzer	existing-unreviewed		0
text_mode_error_writer	tekstmodusFoutwriter	tekstmodusFoutwriter	existing-unreviewed		0
text_mode_flush_screen	tekstmodusflushScherm	tekstmodusflushScherm	existing-unreviewed		0
text_mode_init	tekstmodusinit	tekstmodusinit	existing-unreviewed		0
text_mode_print	tekstmodusAfdrukken	tekstmodusAfdrukken	existing-unreviewed		0
text_mode_print_bytes	tekstmodusAfdrukkenbytes	tekstmodusAfdrukkenbytes	existing-unreviewed		0
text_mode_print_char	tekstmodusAfdrukkenchar	tekstmodusAfdrukkenchar	existing-unreviewed		0
text_mode_print_char_col	tekstmodusAfdrukkencharcol	tekstmodusAfdrukkencharcol	existing-unreviewed		0
text_mode_print_col	tekstmodusAfdrukkencol	tekstmodusAfdrukkencol	existing-unreviewed		0
text_mode_print_error	tekstmodusAfdrukkenFout	tekstmodusAfdrukkenFout	existing-unreviewed		0
text_mode_print_error_bytes	tekstmodusAfdrukkenFoutbytes	tekstmodusAfdrukkenFoutbytes	existing-unreviewed		0
text_mode_print_errorln	tekstmodusAfdrukkenerrorln	tekstmodusAfdrukkenerrorln	existing-unreviewed		0
text_mode_print_hex	tekstmodusAfdrukkenhex	tekstmodusAfdrukkenhex	existing-unreviewed		0
text_mode_print_hex16	tekstmodusAfdrukkenhex16	tekstmodusAfdrukkenhex16	existing-unreviewed		0
text_mode_print_hex32	tekstmodusAfdrukkenhex32	tekstmodusAfdrukkenhex32	existing-unreviewed		0
text_mode_print_hex64	tekstmodusAfdrukkenhex64	tekstmodusAfdrukkenhex64	existing-unreviewed		0
text_mode_print_hex_char	tekstmodusAfdrukkenhexchar	tekstmodusAfdrukkenhexchar	existing-unreviewed		0
text_mode_println	tekstmodusprintln	tekstmodusprintln	existing-unreviewed		0
text_mode_println_col	tekstmodusprintlncol	tekstmodusprintlncol	existing-unreviewed		0
text_mode_update_cursor	tekstmodusBijwerkenAanwijzer	tekstmodusBijwerkenAanwijzer	existing-unreviewed		0
text_mode_writer	tekstmoduswriter	tekstmoduswriter	existing-unreviewed		0
thr2	thr2	thr2	existing-unreviewed		0
thr3	thr3	thr3	existing-unreviewed		0
thr4	thr4	thr4	existing-unreviewed		0
thread	thread	thread	existing-unreviewed		0
threadExitLoop	threadAfsluitenloop	threadAfsluitenloop	existing-unreviewed		0
threadHelper	threadhelper	threadhelper	existing-unreviewed		0
threadPtr	threadMuisaanwijzer	threadMuisaanwijzer	existing-unreviewed		0
tickCount	tickAantal	tickAantal	existing-unreviewed		0
timeDelta	tijddelta	tijddelta	existing-unreviewed		0
timeToLive	tijdnaarlive	tijdnaarlive	existing-unreviewed		0
timer	aftelklok	aftelklok	existing-unreviewed		0
tls	tls	tls	existing-unreviewed		0
tmp	tmp	tmp	existing-unreviewed		0
tmpPtr	tmpMuisaanwijzer	tmpMuisaanwijzer	existing-unreviewed		0
tos	tos	tos	existing-unreviewed		0
totalLength	totaalLengte	totaalLengte	existing-unreviewed		0
totalSectorCount	totaalsectorAantal	totaalsectorAantal	existing-unreviewed		0
totalSectors	totaalsectors	totaalsectors	existing-unreviewed		0
trap	trap	trap	existing-unreviewed		0
tss	tss	tss	existing-unreviewed		0
tssIndex	tssindex	tssindex	existing-unreviewed		0
udp	udp	gebruikersdatagramprotocol	project-proposal	udp	1
udpHandler	udphandler	udphandler	existing-unreviewed		0
udpHeaderSize	udpheaderGrootte	udpheaderGrootte	existing-unreviewed		0
udpProvider	udpprovider	udpprovider	existing-unreviewed		0
udp콘솔	udpconsole	udpconsole	existing-unreviewed		0
unused	ongebruikt	ongebruikt	existing-unreviewed		0
used	gebruikt	gebruikt	existing-unreviewed		0
usedBlocks	gebruiktBlok	gebruiktBlok	existing-unreviewed		0
user1addr	gebruiker1address	gebruiker1address	existing-unreviewed		0
user1data	gebruiker1data	gebruiker1data	existing-unreviewed		0
user1entry	gebruiker1Item	gebruiker1Item	existing-unreviewed		0
user1file	gebruiker1Bestand	gebruiker1Bestand	existing-unreviewed		0
user2addr	gebruiker2address	gebruiker2address	existing-unreviewed		0
user2data	gebruiker2data	gebruiker2data	existing-unreviewed		0
user2entry	gebruiker2Item	gebruiker2Item	existing-unreviewed		0
user2file	gebruiker2Bestand	gebruiker2Bestand	existing-unreviewed		0
user3addr	gebruiker3address	gebruiker3address	existing-unreviewed		0
user3data	gebruiker3data	gebruiker3data	existing-unreviewed		0
user3entry	gebruiker3Item	gebruiker3Item	existing-unreviewed		0
user3file	gebruiker3Bestand	gebruiker3Bestand	existing-unreviewed		0
userHeapBase	gebruikerheapbase	gebruikerheapbase	existing-unreviewed		0
userHeapLimit	gebruikerheapBeperken	gebruikerheapBeperken	existing-unreviewed		0
user_esp	gebruikeresp	gebruikeresp	existing-unreviewed		0
userhandler	userhandler	userhandler	existing-unreviewed		0
userproc_entry	userprocItem	userprocItem	existing-unreviewed		0
util	util	util	existing-unreviewed		0
util콘솔	utilconsole	utilconsole	existing-unreviewed		0
v	v	v	existing-unreviewed		0
vAddr	vaddress	vaddress	existing-unreviewed		0
value	waarde	waarde	existing-unreviewed		0
values	waarden	waarden	existing-unreviewed		0
version	versie	versie	existing-unreviewed		0
vga	vga	vga	existing-unreviewed		0
virtlen	virtlen	virtlen	existing-unreviewed		0
virtmem	virtueelGeheugen	virtueelGeheugen	existing-unreviewed		0
virtualAddr	virtueeladdress	virtueeladdress	existing-unreviewed		0
volumeId	inhoudid	inhoudid	existing-unreviewed		0
volumeLabel	inhoudEtiket	inhoudEtiket	existing-unreviewed		0
w	w	w	existing-unreviewed		0
wDate	wDatum	wDatum	existing-unreviewed		0
wTime	wTijd	wTijd	existing-unreviewed		0
waitPS2InputEmpty	wachtenps2InvoerLeeg	wachtenps2InvoerLeeg	existing-unreviewed		0
waitPS2OutputFull	wachtenps2UitvoerVolledig	wachtenps2UitvoerVolledig	existing-unreviewed		0
wdata	wdata	wdata	existing-unreviewed		0
whence	whence	whence	existing-unreviewed		0
widget	widget	schermelement	project-proposal	widget	6
width	breedte	breedte	existing-unreviewed		0
writePS2Command	schrijvenps2Opdracht	schrijvenps2Opdracht	existing-unreviewed		0
writePS2Data	schrijvenps2data	schrijvenps2data	existing-unreviewed		0
write_count	schrijvenAantal	schrijvenAantal	existing-unreviewed		0
x	x	x	existing-unreviewed		0
xPageDir	xPaginaMap	xPaginaMap	existing-unreviewed		0
xPos	xPositie	xPositie	existing-unreviewed		0
y	y	y	existing-unreviewed		0
yPageDir	yPaginaMap	yPaginaMap	existing-unreviewed		0
yPos	yPositie	yPositie	existing-unreviewed		0
값	waarde_2	waarde_2	existing-unreviewed		0
공용서술자테이블	shareddescriptorTabel	shareddescriptorTabel	existing-unreviewed		0
기준	base_2	base_2	existing-unreviewed		0
기준_낮은	baseLaag_2	baseLaag_2	existing-unreviewed		0
기준_높은	baseHoog_2	baseHoog_2	existing-unreviewed		0
기준_매우높은	baseveryHoog	baseveryHoog	existing-unreviewed		0
기준주소	baseaddress	baseaddress	existing-unreviewed		0
넷카드콘솔	netwerkKaartconsole	netwerkKaartconsole	existing-unreviewed		0
단말기	terminal	terminal	existing-unreviewed		0
마우스콘솔	muisconsole	muisconsole	existing-unreviewed		0
매개값	argumentWaarde	argumentWaarde	existing-unreviewed		0
멈추기	halt	halt	existing-unreviewed		0
목적	bestemming_3	bestemming_3	existing-unreviewed		0
유형	soort_2	soort_2	existing-unreviewed		0
이더넷콘솔	ethernetconsole	ethernetconsole	existing-unreviewed		0
인터럽트무시하기	interruptignore	interruptignore	existing-unreviewed		0
인터럽트예외처리기	interruptexceptionhandler	interruptexceptionhandler	existing-unreviewed		0
인터럽트예외처리기0x00	interruptexceptionhandler0x00	interruptexceptionhandler0x00	existing-unreviewed		0
인터럽트예외처리기0x01	interruptexceptionhandler0x01	interruptexceptionhandler0x01	existing-unreviewed		0
인터럽트예외처리기0x02	interruptexceptionhandler0x02	interruptexceptionhandler0x02	existing-unreviewed		0
인터럽트예외처리기0x03	interruptexceptionhandler0x03	interruptexceptionhandler0x03	existing-unreviewed		0
인터럽트예외처리기0x04	interruptexceptionhandler0x04	interruptexceptionhandler0x04	existing-unreviewed		0
인터럽트예외처리기0x05	interruptexceptionhandler0x05	interruptexceptionhandler0x05	existing-unreviewed		0
인터럽트예외처리기0x06	interruptexceptionhandler0x06	interruptexceptionhandler0x06	existing-unreviewed		0
인터럽트예외처리기0x07	interruptexceptionhandler0x07	interruptexceptionhandler0x07	existing-unreviewed		0
인터럽트예외처리기0x08	interruptexceptionhandler0x08	interruptexceptionhandler0x08	existing-unreviewed		0
인터럽트예외처리기0x09	interruptexceptionhandler0x09	interruptexceptionhandler0x09	existing-unreviewed		0
인터럽트예외처리기0x0A	interruptexceptionhandler0x0a	interruptexceptionhandler0x0a	existing-unreviewed		0
인터럽트예외처리기0x0B	interruptexceptionhandler0x0b	interruptexceptionhandler0x0b	existing-unreviewed		0
인터럽트예외처리기0x0C	interruptexceptionhandler0x0c	interruptexceptionhandler0x0c	existing-unreviewed		0
인터럽트예외처리기0x0D	interruptexceptionhandler0x0d	interruptexceptionhandler0x0d	existing-unreviewed		0
인터럽트예외처리기0x0E	interruptexceptionhandler0x0e	interruptexceptionhandler0x0e	existing-unreviewed		0
인터럽트예외처리기0x0F	interruptexceptionhandler0x0f	interruptexceptionhandler0x0f	existing-unreviewed		0
인터럽트예외처리기0x10	interruptexceptionhandler0x10	interruptexceptionhandler0x10	existing-unreviewed		0
인터럽트예외처리기0x11	interruptexceptionhandler0x11	interruptexceptionhandler0x11	existing-unreviewed		0
인터럽트예외처리기0x12	interruptexceptionhandler0x12	interruptexceptionhandler0x12	existing-unreviewed		0
인터럽트예외처리기0x13	interruptexceptionhandler0x13	interruptexceptionhandler0x13	existing-unreviewed		0
인터럽트요청처리0x00	interruptrequesthandler0x00	interruptrequesthandler0x00	existing-unreviewed		0
인터럽트요청처리0x01	interruptrequesthandler0x01	interruptrequesthandler0x01	existing-unreviewed		0
인터럽트요청처리0x02	interruptrequesthandler0x02	interruptrequesthandler0x02	existing-unreviewed		0
인터럽트요청처리0x03	interruptrequesthandler0x03	interruptrequesthandler0x03	existing-unreviewed		0
인터럽트요청처리0x04	interruptrequesthandler0x04	interruptrequesthandler0x04	existing-unreviewed		0
인터럽트요청처리0x05	interruptrequesthandler0x05	interruptrequesthandler0x05	existing-unreviewed		0
인터럽트요청처리0x06	interruptrequesthandler0x06	interruptrequesthandler0x06	existing-unreviewed		0
인터럽트요청처리0x07	interruptrequesthandler0x07	interruptrequesthandler0x07	existing-unreviewed		0
인터럽트요청처리0x08	interruptrequesthandler0x08	interruptrequesthandler0x08	existing-unreviewed		0
인터럽트요청처리0x09	interruptrequesthandler0x09	interruptrequesthandler0x09	existing-unreviewed		0
인터럽트요청처리0x0A	interruptrequesthandler0x0a	interruptrequesthandler0x0a	existing-unreviewed		0
인터럽트요청처리0x0B	interruptrequesthandler0x0b	interruptrequesthandler0x0b	existing-unreviewed		0
인터럽트요청처리0x0C	interruptrequesthandler0x0c	interruptrequesthandler0x0c	existing-unreviewed		0
인터럽트요청처리0x0D	interruptrequesthandler0x0d	interruptrequesthandler0x0d	existing-unreviewed		0
인터럽트요청처리0x0E	interruptrequesthandler0x0e	interruptrequesthandler0x0e	existing-unreviewed		0
인터럽트요청처리0x0F	interruptrequesthandler0x0f	interruptrequesthandler0x0f	existing-unreviewed		0
인터럽트요청처리0x80	interruptrequesthandler0x80	interruptrequesthandler0x80	existing-unreviewed		0
인터럽트요청처리0x81	interruptrequesthandler0x81	interruptrequesthandler0x81	existing-unreviewed		0
인터럽트요청처리0x82	interruptrequesthandler0x82	interruptrequesthandler0x82	existing-unreviewed		0
인터럽트처리기	interrupthandler_2	interrupthandler_2	existing-unreviewed		0
임시	temporary_2	temporary_2	existing-unreviewed		0
자료	data_2	data_2	existing-unreviewed		0
자신	zelf_2	zelf_2	existing-unreviewed		0
작업관리자	taakmanager_2	taakmanager_2	existing-unreviewed		0
작업콘솔	taakconsole	taakconsole	existing-unreviewed		0
조각설명자	segmentdescriptor	segmentdescriptor	existing-unreviewed		0
콘솔	console_2	console_2	existing-unreviewed		0
크기	grootte_2	grootte_2	existing-unreviewed		0
키보드콘솔	toetsenbordconsole	toetsenbordconsole	existing-unreviewed		0
표시들	vlaggen_2	vlaggen_2	existing-unreviewed		0
표시들_한도_높은	vlaggenBeperkenHoog	vlaggenBeperkenHoog	existing-unreviewed		0
한도	beperken_2	beperken_2	existing-unreviewed		0
한도_낮은	beperkenLaag_2	beperkenLaag_2	existing-unreviewed		0
