original	before	after	review_status	concept	changed_tokens
Activate	Aktiver	Aktiver	existing-unreviewed		0
ActivateAll	AktiverAlle	AktiverAlle	existing-unreviewed		0
Active	Aktiv	Aktiv	existing-unreviewed		0
ActiveInterruptManager	Aktivinterruptmanager	Aktivinterruptmanager	existing-unreviewed		0
ActiveMemoryManager	AktivHukommelsemanager	AktivHukommelsemanager	existing-unreviewed		0
Add	Tilføj	Tilføj	existing-unreviewed		0
AddDriver	Tilføjdriver	Tilføjdriver	existing-unreviewed		0
AddRunnableThread	Tilføjrunnablethread	Tilføjrunnablethread	existing-unreviewed		0
AddTask	TilføjOpgave	TilføjOpgave	existing-unreviewed		0
AddThread	Tilføjthread	Tilføjthread	existing-unreviewed		0
Address	Address	Address	existing-unreviewed		0
AlignedMalloc	Alignedmalloc	Alignedmalloc	existing-unreviewed		0
AlignmentCheck	Alignmentcheck	Alignmentcheck	existing-unreviewed		0
AllocateBlock	AllocateBlok	AllocateBlok	existing-unreviewed		0
AllocatePID	Allocatepid	Allocatepid	existing-unreviewed		0
AmountOfMemory	BeløbafHukommelse	BeløbafHukommelse	existing-unreviewed		0
ArrayToUint16	Tabeltounsignedinteger16	Tabeltounsignedinteger16	existing-unreviewed		0
ArrayToUint32	Tabeltounsignedinteger32	Tabeltounsignedinteger32	existing-unreviewed		0
ArrayToUint48	Tabeltounsignedinteger48	Tabeltounsignedinteger48	existing-unreviewed		0
ArrayToUint48_BE	Tabeltounsignedinteger48be	Tabeltounsignedinteger48be	existing-unreviewed		0
ArrayToUint64	Tabeltounsignedinteger64	Tabeltounsignedinteger64	existing-unreviewed		0
Atime	Atime	Atime	existing-unreviewed		0
AtimeNsec	Atimensec	Atimensec	existing-unreviewed		0
BLOCKS_PER_BYTE	Blokperbyte	Blokperbyte	existing-unreviewed		0
BLOCK_SIZE	BlokStørrelse	BlokStørrelse	existing-unreviewed		0
Backend	Backend	Backend	existing-unreviewed		0
BaseAddr	Baseaddress	Baseaddress	existing-unreviewed		0
Bind	Bind	Bind	existing-unreviewed		0
Blksize	Blksize	Blksize	existing-unreviewed		0
Blocked	Blocked	Blocked	existing-unreviewed		0
BlockedState	BlockedStatus	BlockedStatus	existing-unreviewed		0
Blocks	Blok	Blok	existing-unreviewed		0
BoundRangeExceeded	BoundIntervalexceeded	BoundIntervalexceeded	existing-unreviewed		0
BroadcastMacAddress	Broadcastmacaddress	Broadcastmacaddress	existing-unreviewed		0
BytesPerSector	Bytepersector	Bytepersector	existing-unreviewed		0
BytesToString	BytetoStreng	BytetoStreng	existing-unreviewed		0
Checksum	Checksum	Checksum	existing-unreviewed		0
Clear	Ryd	Ryd	existing-unreviewed		0
Clone	Clone	Clone	existing-unreviewed		0
CloneAddressSpaceCOW	CloneaddressMellemrumcow	CloneaddressMellemrumcow	existing-unreviewed		0
Connect	Tilslut	Tilslut	existing-unreviewed		0
ContainsCoordinate	Containscoordinate	Containscoordinate	existing-unreviewed		0
CopyPageFrameBlock	KopiérSideRammeBlok	KopiérSideRammeBlok	existing-unreviewed		0
CpuState	CpuStatus	CpuStatus	existing-unreviewed		0
Create	Create	Create	existing-unreviewed		0
CreateFromData	Createfradata	Createfradata	existing-unreviewed		0
CreateFromFunction	CreatefraFunktion	CreatefraFunktion	existing-unreviewed		0
CreatePtrFromFunction	CreateMarkørfraFunktion	CreateMarkørfraFunktion	existing-unreviewed		0
Cs	Cs	Cs	existing-unreviewed		0
Ctime	Ctime	Ctime	existing-unreviewed		0
CtimeNsec	Ctimensec	Ctimensec	existing-unreviewed		0
CurrentPID	Aktivepid	Aktivepid	existing-unreviewed		0
CurrentParentPID	Aktiveforælderpid	Aktiveforælderpid	existing-unreviewed		0
Data	Data	Data	compatibility		0
Deactivate	Deaktiver	Deaktiver	existing-unreviewed		0
Deactive	Deactive	Deactive	existing-unreviewed		0
Decrement	Decrement	Decrement	existing-unreviewed		0
Delete	Slet	Slet	existing-unreviewed		0
DescriptorPrivilegeLevel	Descriptorprivilegelevel	Descriptorprivilegelevel	existing-unreviewed		0
DescriptorType	Descriptortype	Descriptortype	existing-unreviewed		0
Destroy	Destruer	Destruer	existing-unreviewed		0
Dev	Enhed	Enhed	existing-unreviewed		0
DeviceHasFunctions	EnhedhasFunktioner	EnhedhasFunktioner	existing-unreviewed		0
DeviceNotAvailable	EnhedIkkeTilgængelig	EnhedIkkeTilgængelig	existing-unreviewed		0
Device_id	Enhedid	Enhedid	existing-unreviewed		0
DisableInt	SlåfraHeltal	SlåfraHeltal	existing-unreviewed		0
Disconnect	Afbryd	Afbryd	existing-unreviewed		0
DivideByZero	Dividebyzero	Dividebyzero	existing-unreviewed		0
DoHandleInterrupt	DoHåndtaginterrupt	DoHåndtaginterrupt	existing-unreviewed		0
DoubleFault	Doublefault	Doublefault	existing-unreviewed		0
Draw	Draw	Draw	existing-unreviewed		0
DriverManager	Drivermanager	Drivermanager	existing-unreviewed		0
Ds	Ds	Ds	existing-unreviewed		0
Dynamic	Dynamisk	Dynamisk	existing-unreviewed		0
E2BIG	E2Stor	E2Stor	existing-unreviewed		0
EACCES	Eacces	Eacces	existing-unreviewed		0
EADDRINUSE	Eaddrinuse	Eaddrinuse	existing-unreviewed		0
EAFNOSUPPORT	Eafnosupport	Eafnosupport	existing-unreviewed		0
EAGAIN	Eagain	Eagain	existing-unreviewed		0
EBADF	Ebadf	Ebadf	existing-unreviewed		0
EBUSY	Ebusy	Ebusy	existing-unreviewed		0
ECHILD	Echild	Echild	existing-unreviewed		0
EEXIST	Eexist	Eexist	existing-unreviewed		0
EFAULT	Efault	Efault	existing-unreviewed		0
EFBIG	Efbig	Efbig	existing-unreviewed		0
EINTR	Eintr	Eintr	existing-unreviewed		0
EINVAL	Einval	Einval	existing-unreviewed		0
EIO	Eio	Eio	existing-unreviewed		0
EISDIR	Eisdir	Eisdir	existing-unreviewed		0
EMFILE	Emfile	Emfile	existing-unreviewed		0
EMSGSIZE	Emsgsize	Emsgsize	existing-unreviewed		0
ENETUNREACH	Enetunreach	Enetunreach	existing-unreviewed		0
ENFILE	Enfile	Enfile	existing-unreviewed		0
ENODEV	Enodev	Enodev	existing-unreviewed		0
ENOENT	Enoent	Enoent	existing-unreviewed		0
ENOEXEC	Enoexec	Enoexec	existing-unreviewed		0
ENOMEM	Enomem	Enomem	existing-unreviewed		0
ENOSPC	Enospc	Enospc	existing-unreviewed		0
ENOSYS	Enosys	Enosys	existing-unreviewed		0
ENOTCONN	Enotconn	Enotconn	existing-unreviewed		0
ENOTDIR	Enotdir	Enotdir	existing-unreviewed		0
ENOTTY	Enotty	Enotty	existing-unreviewed		0
EOPNOTSUPP	Eopnotsupp	Eopnotsupp	existing-unreviewed		0
EPERM	Eperm	Eperm	existing-unreviewed		0
EPROTONOSUPPORT	Eprotonosupport	Eprotonosupport	existing-unreviewed		0
ERANGE	Erange	Erange	existing-unreviewed		0
EROFS	Erofs	Erofs	existing-unreviewed		0
ESPIPE	Espipe	Espipe	existing-unreviewed		0
ESRCH	Esrch	Esrch	existing-unreviewed		0
Eax	Eax	Eax	existing-unreviewed		0
Ebp	Ebp	Ebp	existing-unreviewed		0
Ebx	Ebx	Ebx	existing-unreviewed		0
Ecx	Ecx	Ecx	existing-unreviewed		0
Edi	Edi	Edi	existing-unreviewed		0
Edx	Edx	Edx	existing-unreviewed		0
Eflags	Eflags	Eflags	existing-unreviewed		0
Eip	Eip	Eip	existing-unreviewed		0
Elf	Elf	Elf	existing-unreviewed		0
Elf32Dyn	Elf32dyn	Elf32dyn	existing-unreviewed		0
Elf32Note	Elf32note	Elf32note	existing-unreviewed		0
Elf32Rel	Elf32rel	Elf32rel	existing-unreviewed		0
Elf32Rela	Elf32rela	Elf32rela	existing-unreviewed		0
Elf32Sym	Elf32sym	Elf32sym	existing-unreviewed		0
ElfHeader	Elfheader	Elfheader	existing-unreviewed		0
ElfProgramHeader	Elfprogramheader	Elfprogramheader	existing-unreviewed		0
ElfSectionHeader	Elfsectionheader	Elfsectionheader	existing-unreviewed		0
EnablePaging	Aktiverpaging	Aktiverpaging	existing-unreviewed		0
Enabled	Aktiveret	Aktiveret	existing-unreviewed		0
EntryNumber	EmneTal	EmneTal	existing-unreviewed		0
EqualBytes	EqualByte	EqualByte	existing-unreviewed		0
Es	Es	Es	existing-unreviewed		0
Esi	Esi	Esi	existing-unreviewed		0
Esp	Esp	Esp	existing-unreviewed		0
FPUBuffer	Fpubuffer	Fpubuffer	existing-unreviewed		0
FPUOffset	FpuForskydning	FpuForskydning	existing-unreviewed		0
Family	Family	Family	existing-unreviewed		0
FileName	FilNavn	FilNavn	existing-unreviewed		0
Fill	Fill	Fill	existing-unreviewed		0
FillRectangle	FillRektangel	FillRektangel	existing-unreviewed		0
First	First	First	existing-unreviewed		0
FirstFree	FirstFri	FirstFri	existing-unreviewed		0
FirstFreeSize	FirstFriStørrelse	FirstFriStørrelse	existing-unreviewed		0
Flags	Flag	Flag	existing-unreviewed		0
FloatingPointException	Svævendepointexception	Svævendepointexception	existing-unreviewed		0
Flush	Flush	Flush	existing-unreviewed		0
FlushTlsTable	FlushtlsTabel	FlushtlsTabel	existing-unreviewed		0
Focussable	Focussable	Focussable	existing-unreviewed		0
Free	Fri	Fri	existing-unreviewed		0
Fs	Fs	Fs	existing-unreviewed		0
GB	Gb	Gb	existing-unreviewed		0
GDT_ENTRIES	Gdtemne	Gdtemne	existing-unreviewed		0
GOT	Got	Got	existing-unreviewed		0
GPFException	Gpfexception	Gpfexception	existing-unreviewed		0
GatewayIP	Gatewayip	Gatewayip	existing-unreviewed		0
GdtAddressHigh	GdtaddressHøj	GdtaddressHøj	existing-unreviewed		0
GdtAddressLow	GdtaddressLav	GdtaddressLav	existing-unreviewed		0
GdtDescriptor	Gdtdescriptor	Gdtdescriptor	existing-unreviewed		0
GdtEntry	Gdtemne_2	Gdtemne_2	existing-unreviewed		0
GdtSize	GdtStørrelse	GdtStørrelse	existing-unreviewed		0
GetAt	Getat	Getat	existing-unreviewed		0
GetBackend	Getbackend	Getbackend	existing-unreviewed		0
GetBaseAddressRegister	Getbaseaddressregister	Getbaseaddressregister	existing-unreviewed		0
GetBitmaspSize	GetbitmaspStørrelse	GetbitmaspStørrelse	existing-unreviewed		0
GetBytesFromPtr	GetBytefraMarkør	GetBytefraMarkør	existing-unreviewed		0
GetCR0	Getcr0	Getcr0	existing-unreviewed		0
GetCR2	Getcr2	Getcr2	existing-unreviewed		0
GetCR3	Getcr3	Getcr3	existing-unreviewed		0
GetCR4	Getcr4	Getcr4	existing-unreviewed		0
GetColorIndex	GetFarveIndeks	GetFarveIndeks	existing-unreviewed		0
GetDeviceDescriptor	GetEnheddescriptor	GetEnheddescriptor	existing-unreviewed		0
GetDriver	Getdriver	Getdriver	existing-unreviewed		0
GetESP0	Getesp0	Getesp0	existing-unreviewed		0
GetEntry	Getemne	Getemne	existing-unreviewed		0
GetFileSize	GetFilStørrelse	GetFilStørrelse	existing-unreviewed		0
GetFocus	GetFokus	GetFokus	existing-unreviewed		0
GetFrameBufferSegment	GetRammebuffersegment	GetRammebuffersegment	existing-unreviewed		0
GetFuncPtrFromPtr	GetfuncMarkørfraMarkør	GetfuncMarkørfraMarkør	existing-unreviewed		0
GetFunctionName	GetFunktionNavn	GetFunktionNavn	existing-unreviewed		0
GetHandler	Gethandler	Gethandler	existing-unreviewed		0
GetIPAddress	Getipaddress	Getipaddress	existing-unreviewed		0
GetMACAddress	Getmacaddress	Getmacaddress	existing-unreviewed		0
GetMACFromCache	Getmacfracache	Getmacfracache	existing-unreviewed		0
GetNextReadyThread	GetNæsteKlarthread	GetNæsteKlarthread	existing-unreviewed		0
GetNodeAt	GetKnudepunktat	GetKnudepunktat	existing-unreviewed		0
GetProvider	Providerget	Providerget	existing-unreviewed		0
GetSS0	Getss0	Getss0	existing-unreviewed		0
GetStr	Getstr	Getstr	existing-unreviewed		0
GetUint32ArrayFromPtr	Getunsignedinteger32TabelfraMarkør	Getunsignedinteger32TabelfraMarkør	existing-unreviewed		0
GetUintptrArrayFromPtr	GetunsignedintegerMarkørTabelfraMarkør	GetunsignedintegerMarkørTabelfraMarkør	existing-unreviewed		0
GetValue	GetVærdi	GetVærdi	existing-unreviewed		0
GetValueInPageDir	GetVærdiIndSideMappe	GetVærdiIndSideMappe	existing-unreviewed		0
Gid	Gid	Gid	existing-unreviewed		0
Gs	Gs	Gs	existing-unreviewed		0
HandleException	Håndtagexception	Håndtagexception	existing-unreviewed		0
HandleFatalInterruptFrame	HåndtagfatalinterruptRamme	HåndtagfatalinterruptRamme	existing-unreviewed		0
HandleInterrupt	Håndtaginterrupt	Håndtaginterrupt	existing-unreviewed		0
HandleInterrupt1	Håndtaginterrupt1	Håndtaginterrupt1	existing-unreviewed		0
HandleUserDatagramProtocolMessage	HåndtagBrugerdatagramprotocolMeddelelse	HåndtagBrugerdatagramprotocolMeddelelse	existing-unreviewed		0
IDT_DESC_PRESENT	IdtdescriptorTilstedeværende	IdtdescriptorTilstedeværende	existing-unreviewed		0
IDT_INTERRUPT_GATE	Idtinterruptgate	Idtinterruptgate	existing-unreviewed		0
IDriver	IDriver	IDriver	existing-unreviewed		0
IEtherFrameHandler	IEthernetRammehandler	IEthernetRammehandler	existing-unreviewed		0
IInternetProtocolHandler	IInternetprotocolhandler	IInternetprotocolhandler	existing-unreviewed		0
IInterruptHandler	IInterrupthandler	IInterrupthandler	existing-unreviewed		0
IKeyboardEventHandler	ITastatureventhandler	ITastatureventhandler	existing-unreviewed		0
IMouseEventHandler	IMuseventhandler	IMuseventhandler	existing-unreviewed		0
IPCIControllerHandler	Ipcicontrollerhandler	Ipcicontrollerhandler	existing-unreviewed		0
IPCache	Ipcache	Ipcache	existing-unreviewed		0
IP_BE	IpNetværkbyteorder	IpNetværkbyteorder	existing-unreviewed		0
IRawDataHandler	IRawdatahandler	IRawdatahandler	existing-unreviewed		0
ITimerEventHandler	IStopureventhandler	IStopureventhandler	existing-unreviewed		0
IUserDatagramProtocolHandler	IBrugerdatagramprotocolhandler	IBrugerdatagramprotocolhandler	existing-unreviewed		0
IUserDatagramProtocolSocket	IBrugerdatagramprotocolSokkel	IBrugerdatagramprotocolSokkel	existing-unreviewed		0
IWidget	IKontrol	IKontrol	pending-language-review	widget	0
Identify	Identify	Identify	existing-unreviewed		0
Increment	Increment	Increment	existing-unreviewed		0
IndexOf	Indeksaf	Indeksaf	existing-unreviewed		0
Init	Init	Init	existing-unreviewed		0
InitDriver	Initdriver	Initdriver	existing-unreviewed		0
InitialThreadUserJump	InitialthreadBrugerjump	InitialthreadBrugerjump	existing-unreviewed		0
Ino	Ino	Ino	existing-unreviewed		0
Install	Installér	Installér	existing-unreviewed		0
Interrupt	Interrupt	Interrupt	existing-unreviewed		0
InterruptActive	InterruptAktiv	InterruptAktiv	existing-unreviewed		0
InterruptDeactive	Interruptdeactive	Interruptdeactive	existing-unreviewed		0
InterruptManager	Interruptmanager	Interruptmanager	existing-unreviewed		0
InterruptNumber	InterruptTal	InterruptTal	existing-unreviewed		0
InvalidOpcode	Ugyldigopcode	Ugyldigopcode	existing-unreviewed		0
InvalidTSS	Ugyldigtss	Ugyldigtss	existing-unreviewed		0
IsKernel	Iskernel	Iskernel	existing-unreviewed		0
IsPresent	IsTilstedeværende	IsTilstedeværende	existing-unreviewed		0
IsUserSpace	IsBrugerMellemrum	IsBrugerMellemrum	existing-unreviewed		0
KB	Kb	Kb	existing-unreviewed		0
KCS_INDEX	KcsIndeks	KcsIndeks	existing-unreviewed		0
KCS_SELECTOR	Kcsselector	Kcsselector	existing-unreviewed		0
KDS_INDEX	KdsIndeks	KdsIndeks	existing-unreviewed		0
KDS_SELECTOR	Kdsselector	Kdsselector	existing-unreviewed		0
KERNEL_HEAP_START	KernelheapBegynd	KernelheapBegynd	existing-unreviewed		0
KERNEL_VIRT_ADDR	Kernelvirtaddress	Kernelvirtaddress	existing-unreviewed		0
KGS_INDEX	KgsIndeks	KgsIndeks	existing-unreviewed		0
KGS_SELECTOR	Kgsselector	Kgsselector	existing-unreviewed		0
K핵심	KKernelEntry	KKernelEntry	compatibility		0
LIDT	Lidt	Lidt	existing-unreviewed		0
Last	Sidste	Sidste	existing-unreviewed		0
Len	Len	Len	compatibility		0
Limit	Limit	Limit	existing-unreviewed		0
Link	Henvisning	Henvisning	existing-unreviewed		0
LinkMap	Henvisningmap	Henvisningmap	existing-unreviewed		0
LinkedList	LinkedListe	LinkedListe	existing-unreviewed		0
Listen	Listen	Listen	existing-unreviewed		0
LoadElf	Belastningelf	Belastningelf	existing-unreviewed		0
MAC	Mac	Mac	existing-unreviewed		0
MAC0	Mac0	Mac0	existing-unreviewed		0
MAC1	Mac1	Mac1	existing-unreviewed		0
MAC2	Mac2	Mac2	existing-unreviewed		0
MAC3	Mac3	Mac3	existing-unreviewed		0
MAC4	Mac4	Mac4	existing-unreviewed		0
MAC5	Mac5	Mac5	existing-unreviewed		0
MACAddress0Port	Macaddress0port	Macaddress0port	existing-unreviewed		0
MACAddress2Port	Macaddress2port	Macaddress2port	existing-unreviewed		0
MACAddress4Port	Macaddress4port	Macaddress4port	existing-unreviewed		0
MACCache	Maccache	Maccache	existing-unreviewed		0
MAX_QUEUE_SIZE	MaxqueueStørrelse	MaxqueueStørrelse	existing-unreviewed		0
MB	Mb	Mb	existing-unreviewed		0
MBR	Mbr	Mbr	existing-unreviewed		0
MHex출력	MHexadecimalUdskriv	MHexadecimalUdskriv	existing-unreviewed		0
MHex출력XY	MHexadecimalUdskrivxy	MHexadecimalUdskrivxy	existing-unreviewed		0
MUint16출력	MUnsignedinteger16Udskriv	MUnsignedinteger16Udskriv	existing-unreviewed		0
MUint16출력XY	MUnsignedinteger16Udskrivxy	MUnsignedinteger16Udskrivxy	existing-unreviewed		0
MUint32출력	MUnsignedinteger32Udskriv	MUnsignedinteger32Udskriv	existing-unreviewed		0
MUint32출력XY	MUnsignedinteger32Udskrivxy	MUnsignedinteger32Udskrivxy	existing-unreviewed		0
MUint64출력	MUnsignedinteger64Udskriv	MUnsignedinteger64Udskriv	existing-unreviewed		0
MUint64출력XY	MUnsignedinteger64Udskrivxy	MUnsignedinteger64Udskrivxy	existing-unreviewed		0
Machine	Machine	Machine	existing-unreviewed		0
MachineCheck	Machinecheck	Machinecheck	existing-unreviewed		0
MakeRangePrivateWritable	MakeIntervalPrivatwritable	MakeIntervalPrivatwritable	existing-unreviewed		0
Malloc	Malloc	Malloc	pending-language-review	allocate_memory	0
MemCmp	Memcmp	Memcmp	existing-unreviewed		0
MemCpy	MemKopiér	MemKopiér	existing-unreviewed		0
MemMove	MemFlyt	MemFlyt	existing-unreviewed		0
MemSet	Memsat	Memsat	existing-unreviewed		0
MemoryOper	Hukommelseoper	Hukommelseoper	existing-unreviewed		0
Mode	Tilstand	Tilstand	existing-unreviewed		0
ModelToScreen	ModeltoSkærm	Set_local_coordinates	pending-language-review	set_coordinates	5
Mtime	Mtime	Mtime	existing-unreviewed		0
MtimeNsec	Mtimensec	Mtimensec	existing-unreviewed		0
MyHandleInterrupt	MyHåndtaginterrupt	MyHåndtaginterrupt	existing-unreviewed		0
MyTest	MyPrøv	MyPrøv	existing-unreviewed		0
M긴급로그Hex8	MEmergencyloghexadecimal8	MEmergencyloghexadecimal8	existing-unreviewed		0
M긴급로그Uint32	MEmergencylogunsignedinteger32	MEmergencylogunsignedinteger32	existing-unreviewed		0
M긴급로그문자열	MEmergencylogStreng	MEmergencylogStreng	existing-unreviewed		0
M직렬로그초기화	MSerielloginit	MSerielloginit	existing-unreviewed		0
M출력	MUdskriv	MUdskriv	existing-unreviewed		0
M출력BytesXY	MUdskrivBytexy	MUdskrivBytexy	existing-unreviewed		0
M출력Hex	MUdskrivhexadecimal	MUdskrivhexadecimal	existing-unreviewed		0
M출력Uint16	MUdskrivunsignedinteger16	MUdskrivunsignedinteger16	existing-unreviewed		0
M출력Uint32	MUdskrivunsignedinteger32	MUdskrivunsignedinteger32	existing-unreviewed		0
M출력XY	MUdskrivxy	MUdskrivxy	existing-unreviewed		0
M테스트	M테스트	M테스트	existing-unreviewed		0
NMI	Sm	Sm	existing-unreviewed		0
New	Ny	Ny	existing-unreviewed		0
NewInterruptHandler	Nyinterrupthandler	Nyinterrupthandler	existing-unreviewed		0
Next	Næste	Næste	existing-unreviewed		0
Nlink	Nlink	Nlink	existing-unreviewed		0
Node	Knudepunkt	Knudepunkt	pending-language-review	list_node	0
Nodename	Nodename	Nodename	existing-unreviewed		0
OnEtherFrameReceived	EthernetRammereceivewhen	EthernetRammereceivewhen	existing-unreviewed		0
OnGetDriver	Tændtgetdriver	Tændtgetdriver	existing-unreviewed		0
OnInternetProtocolReceived	Internetprotocolreceivewhen	Internetprotocolreceivewhen	existing-unreviewed		0
OnKeyDown	TændtNøgleNed	TændtNøgleNed	existing-unreviewed		0
OnKeyUp	TændtNøgleOp	TændtNøgleOp	existing-unreviewed		0
OnMouseDown	TændtMusNed	TændtMusNed	existing-unreviewed		0
OnMouseMove	TændtMusFlyt	TændtMusFlyt	existing-unreviewed		0
OnMouseUp	TændtMusOp	TændtMusOp	existing-unreviewed		0
OnRawDataReceived	Tændtrawdatareceive	Tændtrawdatareceive	existing-unreviewed		0
OnTick	Tændttick	Tændttick	existing-unreviewed		0
Overflow	Overflow	Overflow	existing-unreviewed		0
P1LinkMap	PVærdi1Henvisningmap	PVærdi1Henvisningmap	existing-unreviewed		0
P2LinkMap	PVærdi2Henvisningmap	PVærdi2Henvisningmap	existing-unreviewed		0
P3LinkMap	PVærdi3Henvisningmap	PVærdi3Henvisningmap	existing-unreviewed		0
PAGE_COW	Sidecow	Sidecow	existing-unreviewed		0
PAGE_FRAME	SideRamme	SideRamme	existing-unreviewed		0
PAGE_PRESENT	SideTilstedeværende	SideTilstedeværende	existing-unreviewed		0
PAGE_USER	SideBruger	SideBruger	existing-unreviewed		0
PAGE_WRITABLE	Sidewritable	Sidewritable	existing-unreviewed		0
PAUSE_LOOP	PauseLøkkekolonier	PauseLøkkekolonier	existing-unreviewed		0
PICMasterCommandPort	PrimarypicKommandoioport	PrimarypicKommandoioport	existing-unreviewed		0
PICMasterDataPort	Primarypicdataioport	Primarypicdataioport	existing-unreviewed		0
PICSlaveCommandPort	SecondarypicKommandoioport	SecondarypicKommandoioport	existing-unreviewed		0
PICSlaveDataPort	Secondarypicdataioport	Secondarypicdataioport	existing-unreviewed		0
PRESENT	Tilstedeværende	Tilstedeværende	existing-unreviewed		0
PRIV_KERNEL	Privkernel	Privkernel	existing-unreviewed		0
PRIV_USER	PrivBruger	PrivBruger	existing-unreviewed		0
PROC_USER_HEAP_SIZE	ProcBrugerheapStørrelse	ProcBrugerheapStørrelse	existing-unreviewed		0
PageDirEntry	SideMappeemne	SideMappeemne	existing-unreviewed		0
PageDirectoryEntry	SideMappeemne_2	SideMappeemne_2	existing-unreviewed		0
PageFault	Sidefault	Sidefault	existing-unreviewed		0
PageFaultException	Sidefaultexception	Sidefaultexception	existing-unreviewed		0
PageRoundDown	SideAfrundNed	SideAfrundNed	existing-unreviewed		0
PageRoundUp	SideAfrundOp	SideAfrundOp	existing-unreviewed		0
PageTableEntry	SideTabelemne	SideTabelemne	existing-unreviewed		0
Paging	Paging	Paging	existing-unreviewed		0
ParentPid	Forælderpid	Forælderpid	existing-unreviewed		0
Parse	Parse	Parse	existing-unreviewed		0
Partition_id	Partitionid	Partitionid	existing-unreviewed		0
PhyMemTest	PhymemPrøv	PhymemPrøv	existing-unreviewed		0
PhysicalMemoryManager	PhysicalHukommelsemanager	PhysicalHukommelsemanager	existing-unreviewed		0
Pid	Pid	Pid	existing-unreviewed		0
Port	Port	Port	existing-unreviewed		0
PortBase	Portbase	Portbase	existing-unreviewed		0
PortInByte	PortIndbyte	PortIndbyte	existing-unreviewed		0
PortInDword	PortInddword	PortInddword	existing-unreviewed		0
PortInWord	PortIndord	PortIndord	existing-unreviewed		0
PortOutByte	PortUdbyte	PortUdbyte	existing-unreviewed		0
PortOutDword	PortUddword	PortUddword	existing-unreviewed		0
PortOutWord	PortUdord	PortUdord	existing-unreviewed		0
PortReadByte	PortLæsebyte	PortLæsebyte	existing-unreviewed		0
PortReadDword	PortLæsedword	PortLæsedword	existing-unreviewed		0
PortReadWord	PortLæseord	PortLæseord	existing-unreviewed		0
PortWriteByte	PortSkrivebyte	PortSkrivebyte	existing-unreviewed		0
PortWriteDword	PortSkrivedword	PortSkrivedword	existing-unreviewed		0
PortWriteWord	PortSkriveord	PortSkriveord	existing-unreviewed		0
Prev	Previous	Previous	existing-unreviewed		0
PrevTSS	Previoustss	Previoustss	existing-unreviewed		0
PrimaryPartition	Primarypartition	Primarypartition	existing-unreviewed		0
Print	Udskriv	Udskriv	existing-unreviewed		0
PrintBytes	UdskrivByte	UdskrivByte	existing-unreviewed		0
PrintStr	Udskrivstr	Udskrivstr	existing-unreviewed		0
PrintTLS	Udskrivtls	Udskrivtls	existing-unreviewed		0
PrintTest	UdskrivPrøv	UdskrivPrøv	existing-unreviewed		0
Process	Proces	Proces	existing-unreviewed		0
ProcessHelper	Proceshelper	Proceshelper	existing-unreviewed		0
ProcessPendingKeyboardEvents	ProcespendingTastaturBegivenheder	ProcespendingTastaturBegivenheder	existing-unreviewed		0
ProcessPendingMouseEvents	ProcespendingMusBegivenheder	ProcespendingMusBegivenheder	existing-unreviewed		0
PushAt	Pushat	Insert_at_index	pending-language-review	insert_at	1
PushBack	PushTilbage	Append_to_list	pending-language-review	append	12
PushFront	PushForan	Prepend_to_list	pending-language-review	prepend	5
PutPixel	Putpixel	Putpixel	existing-unreviewed		0
PutPixelRGB	Putpixelrgb	Putpixelrgb	existing-unreviewed		0
QUEUE_START_ADDR	QueueBegyndaddress	QueueBegyndaddress	existing-unreviewed		0
Rdev	Rdev	Rdev	existing-unreviewed		0
Read	Læse	Læse	existing-unreviewed		0
Read28	Læse28	Læse28	existing-unreviewed		0
ReadFile	LæseFil	LæseFil	pending-language-review	file_read	0
ReadPartitions	Læsepartition	Læsepartition	existing-unreviewed		0
Ready	Klar	Klar	existing-unreviewed		0
Receive	Receive	Receive	existing-unreviewed		0
Ref	Reference	Reference	existing-unreviewed		0
Release	Release	Release	existing-unreviewed		0
ReloadCR3	Genindlæscr3	Genindlæscr3	existing-unreviewed		0
Remove	Fjern	Fjern	existing-unreviewed		0
RemoveAt	Fjernat	Fjernat	existing-unreviewed		0
RemoveThread	Fjernthread	Fjernthread	existing-unreviewed		0
RemoveThreadAt	Fjernthreadat	Fjernthreadat	existing-unreviewed		0
RequestMacAddress	Requestmacaddress	Requestmacaddress	existing-unreviewed		0
Reset	Nulstil	Nulstil	existing-unreviewed		0
Resolve	Resolve	Resolve	existing-unreviewed		0
ResolveCopyOnWriteFault	ResolveKopiértændtSkrivefault	ResolveKopiértændtSkrivefault	existing-unreviewed		0
SCHEDULER_FREQUENCY	Schedulerfrequency	Schedulerfrequency	existing-unreviewed		0
SEG_BIG_MODE	SegStortilstand	SegStortilstand	existing-unreviewed		0
SEG_EXEC	Segexec	Segexec	existing-unreviewed		0
SEG_GRAN_4K_PAGE	Seggran4kSide	Seggran4kSide	existing-unreviewed		0
SEG_GRAN_BYTE	Seggranbyte	Seggranbyte	existing-unreviewed		0
SEG_KERNEL_CODE	Segkernelcode	Segkernelcode	existing-unreviewed		0
SEG_KERNEL_DATA	Segkerneldata	Segkerneldata	existing-unreviewed		0
SEG_KERNEL_GS	Segkernelgs	Segkernelgs	existing-unreviewed		0
SEG_NOEXEC	Segnoexec	Segnoexec	existing-unreviewed		0
SEG_NORMAL	Segnormal	Segnormal	existing-unreviewed		0
SEG_NORW	Segnorw	Segnorw	existing-unreviewed		0
SEG_R	Segr	Segr	existing-unreviewed		0
SEG_SYSTEM	Segsystem	Segsystem	existing-unreviewed		0
SEG_TASK_STATE	SegOpgaveStatus	SegOpgaveStatus	existing-unreviewed		0
SEG_USER_CODE	SegBrugercode	SegBrugercode	existing-unreviewed		0
SEG_USER_DATA	SegBrugerdata	SegBrugerdata	existing-unreviewed		0
SEG_USER_GS	SegBrugergs	SegBrugergs	existing-unreviewed		0
SEG_W	Segw	Segw	existing-unreviewed		0
SIMDFloatingPointException	SimdSvævendepointexception	SimdSvævendepointexception	existing-unreviewed		0
SIZE	Størrelse	Størrelse	existing-unreviewed		0
SYS_ACCESS	Systilgå	Systilgå	existing-unreviewed		0
SYS_BRK	Sysbrk	Sysbrk	existing-unreviewed		0
SYS_CHDIR	Syschdir	Syschdir	existing-unreviewed		0
SYS_CLOSE	SysLuk	SysLuk	existing-unreviewed		0
SYS_CREAT	Syscreat	Syscreat	existing-unreviewed		0
SYS_DUP	Sysdup	Sysdup	existing-unreviewed		0
SYS_DUP2	Sysdup2	Sysdup2	existing-unreviewed		0
SYS_EXECVE	Sysexecve	Sysexecve	existing-unreviewed		0
SYS_EXIT	SysAfslut	SysAfslut	existing-unreviewed		0
SYS_FCNTL	Sysfcntl	Sysfcntl	existing-unreviewed		0
SYS_FORK	Sysfork	Sysfork	existing-unreviewed		0
SYS_FSTAT	Sysfstat	Sysfstat	existing-unreviewed		0
SYS_FSYNC	Sysfsync	Sysfsync	existing-unreviewed		0
SYS_GETCWD	Sysgetcwd	Sysgetcwd	existing-unreviewed		0
SYS_GETEGID	Sysgetegid	Sysgetegid	existing-unreviewed		0
SYS_GETEUID	Sysgeteuid	Sysgeteuid	existing-unreviewed		0
SYS_GETGID	Sysgetgid	Sysgetgid	existing-unreviewed		0
SYS_GETPID	Sysgetpid	Sysgetpid	existing-unreviewed		0
SYS_GETPPID	Sysgetppid	Sysgetppid	existing-unreviewed		0
SYS_GETUID	Sysgetuid	Sysgetuid	existing-unreviewed		0
SYS_LSEEK	Syslseek	Syslseek	existing-unreviewed		0
SYS_LSTAT	Syslstat	Syslstat	existing-unreviewed		0
SYS_OPEN	SysÅbn	SysÅbn	existing-unreviewed		0
SYS_READ	SysLæse	SysLæse	existing-unreviewed		0
SYS_RT_EXIT	SysrtAfslut	SysrtAfslut	existing-unreviewed		0
SYS_SOCKETCALL	Syssocketcall	Syssocketcall	existing-unreviewed		0
SYS_STAT	Sysstat	Sysstat	existing-unreviewed		0
SYS_SYNC	Syssync	Syssync	existing-unreviewed		0
SYS_UNAME	Sysuname	Sysuname	existing-unreviewed		0
SYS_WAITPID	Syswaitpid	Syswaitpid	existing-unreviewed		0
SYS_WRITE	SysSkrive	SysSkrive	existing-unreviewed		0
Schedule	Schedule	Schedule	existing-unreviewed		0
Scheduler	Scheduler	Scheduler	existing-unreviewed		0
SchedulerData	Schedulerdata	Schedulerdata	existing-unreviewed		0
SegmentNotPresent	SegmentIkkeTilstedeværende	SegmentIkkeTilstedeværende	existing-unreviewed		0
SelectDrivers	Vælgdriver	Vælgdriver	existing-unreviewed		0
Send	Send	Send	existing-unreviewed		0
SendEchoRequest	Echorequestsend	Echorequestsend	existing-unreviewed		0
SendFrame	Rammesend	Rammesend	existing-unreviewed		0
SerialInit	Serielinit	Serielinit	existing-unreviewed		0
SerialWriteByte	SerielSkrivebyte	SerielSkrivebyte	existing-unreviewed		0
SetBackend	Satbackend	Satbackend	existing-unreviewed		0
SetBit	Satbit	Satbit	existing-unreviewed		0
SetBlockInPageDir	SatBlokIndSideMappe	SatBlokIndSideMappe	existing-unreviewed		0
SetBuffer	Satbuffer	Satbuffer	existing-unreviewed		0
SetByteAtAddr	Satbyteataddress	Satbyteataddress	existing-unreviewed		0
SetByteInPageDir	SatbyteIndSideMappe	SatbyteIndSideMappe	existing-unreviewed		0
SetCR3	Satcr3	Satcr3	existing-unreviewed		0
SetColor	SatFarve	SatFarve	existing-unreviewed		0
SetDescriptor	Satdescriptor	Satdescriptor	existing-unreviewed		0
SetHandleInterruptFuction	SatHåndtaginterruptfuction	SatHåndtaginterruptfuction	existing-unreviewed		0
SetHandler	Sathandler	Sathandler	existing-unreviewed		0
SetIPAddress	Satipaddress	Satipaddress	existing-unreviewed		0
SetInterruptDescriptorTableEntry	InterruptdescriptorTabelemnesat	InterruptdescriptorTabelemnesat	existing-unreviewed		0
SetInterruptManager	Satinterruptmanager	Satinterruptmanager	existing-unreviewed		0
SetInterruptNumber	SatinterruptTal	SatinterruptTal	existing-unreviewed		0
SetMode	Sattilstand	Sattilstand	existing-unreviewed		0
SetNodeAt	SatKnudepunktat	SatKnudepunktat	existing-unreviewed		0
SetStack	Satstack	Satstack	existing-unreviewed		0
SetTlsSegment	Sattlssegment	Sattlssegment	existing-unreviewed		0
SetUint32AtAddr	Satunsignedinteger32ataddress	Satunsignedinteger32ataddress	existing-unreviewed		0
SetUint32InPageDir	Satunsignedinteger32IndSideMappe	Satunsignedinteger32IndSideMappe	existing-unreviewed		0
SetUint8AtAddr	Satunsignedinteger8ataddress	Satunsignedinteger8ataddress	existing-unreviewed		0
SharedMemoryRegion	SharedHukommelseregion	SharedHukommelseregion	existing-unreviewed		0
Size	Størrelse_2	Størrelse_2	existing-unreviewed		0
Spawn	Spawn	Spawn	existing-unreviewed		0
Ss	Ss	Ss	existing-unreviewed		0
Stack	Stack	Stack	existing-unreviewed		0
StackSegmentFault	Stacksegmentfault	Stacksegmentfault	existing-unreviewed		0
Start_lba	Begyndlba	Begyndlba	existing-unreviewed		0
Started	Startet	Startet	existing-unreviewed		0
StdinPutByte	Stdinputbyte	Stdinputbyte	existing-unreviewed		0
StopCurrentThread	StopAktivethread	StopAktivethread	existing-unreviewed		0
Stopped	Stoppet	Stoppet	existing-unreviewed		0
SubnetMask	SubnetMaske	SubnetMaske	existing-unreviewed		0
SupportMode	Understøttelsetilstand	Understøttelsetilstand	existing-unreviewed		0
Sys_brk	Sysbrk_2	Sysbrk_2	existing-unreviewed		0
Sys_close	SysLuk_2	SysLuk_2	existing-unreviewed		0
Sys_exit	SysAfslut_2	SysAfslut_2	existing-unreviewed		0
Sys_getpid	Sysgetpid_2	Sysgetpid_2	existing-unreviewed		0
Sys_mousemove	Sysmousemove	Sysmousemove	existing-unreviewed		0
Sys_open	SysÅbn_2	SysÅbn_2	existing-unreviewed		0
Sys_printStr	SysUdskrivstr	SysUdskrivstr	existing-unreviewed		0
Sys_printUint32	SysUdskrivunsignedinteger32	SysUdskrivunsignedinteger32	existing-unreviewed		0
Sys_printf	Sysprintf	Sysprintf	existing-unreviewed		0
Sys_read	SysLæse_2	SysLæse_2	existing-unreviewed		0
Syscall	Syscall	Syscall	existing-unreviewed		0
Sysname	Sysname	Sysname	existing-unreviewed		0
TARPEtherFrameHandler	ArpethernetRammehandler	ArpethernetRammehandler	existing-unreviewed		0
TARPMessage	ArpMeddelelse	ArpMeddelelse	existing-unreviewed		0
TARPMessageBuffer	ArpMeddelelsebuffer	ArpMeddelelsebuffer	existing-unreviewed		0
TARPProvider	Arpprovider	Arpprovider	existing-unreviewed		0
TAdvancedTechnologyAttachment	TAvanceretTeknologiattachment	TAvanceretTeknologiattachment	existing-unreviewed		0
TArray	TTabel	TTabel	existing-unreviewed		0
TBaseAddressRegister	TBaseaddressregister	TBaseaddressregister	existing-unreviewed		0
TBiosParameterBlock32	TBiosparameterBlok32	TBiosparameterBlok32	pending-language-review	fat_parameters	0
TBufferDescriptor	TBufferdescriptor	TBufferdescriptor	existing-unreviewed		0
TCOWFrameManager	TcowRammemanager	TcowRammemanager	existing-unreviewed		0
TCPUState	TcpuStatus	TcpuStatus	existing-unreviewed		0
TDefaultKeyboardEventHandler	TStandardTastatureventhandler	TStandardTastatureventhandler	existing-unreviewed		0
TDefaultMouseEventHandler	TStandardMuseventhandler	TStandardMuseventhandler	existing-unreviewed		0
TDefaultPCIControllerHandler	TStandardpcicontrollerhandler	TStandardpcicontrollerhandler	existing-unreviewed		0
TDefaultTimerEventHandler	TStandardStopureventhandler	TStandardStopureventhandler	existing-unreviewed		0
TDirectoryEntryFat32	TMappeemnefat32	TMappeemnefat32	existing-unreviewed		0
TDriverManager	TDrivermanager	TDrivermanager	existing-unreviewed		0
TEtherFrameHandler	TEthernetRammehandler	TEthernetRammehandler	existing-unreviewed		0
TEtherFrameHeader	TEthernetRammeheader	TEthernetRammeheader	pending-language-review	ethernet_header	0
TEtherFrameHeaderBuffer	TEthernetRammeheaderbuffer	TEthernetRammeheaderbuffer	existing-unreviewed		0
TEtherFrameProvider	TEthernetRammeprovider	TEthernetRammeprovider	pending-language-review	ethernet_provider	0
TEtherFrameRawDataHandler	TEthernetRammerawdatahandler	TEthernetRammerawdatahandler	existing-unreviewed		0
TGateDescriptor	TGatedescriptor	TGatedescriptor	existing-unreviewed		0
THREAD_STACK_SIZE	ThreadstackStørrelse	ThreadstackStørrelse	existing-unreviewed		0
TICMPHandler	Icmphandler	Icmphandler	existing-unreviewed		0
TIPEtherFrameHandler	IpethernetRammehandler	IpethernetRammehandler	existing-unreviewed		0
TInitializationBlock	TInitializationBlok	TInitializationBlok	existing-unreviewed		0
TInternetControlMessageProtocol	TInternetKontrolMeddelelseprotocol	TInternetKontrolMeddelelseprotocol	pending-language-review	icmp	0
TInternetControlMessageProtocolMessage	TInternetKontrolMeddelelseprotocolMeddelelse	TInternetKontrolMeddelelseprotocolMeddelelse	existing-unreviewed		0
TInternetControlMessageProtocolMessageBuffer	TInternetKontrolMeddelelseprotocolMeddelelsebuffer	TInternetKontrolMeddelelseprotocolMeddelelsebuffer	existing-unreviewed		0
TInternetProtocolHandler	TInternetprotocolhandler	TInternetprotocolhandler	existing-unreviewed		0
TInternetProtocolProvider	TInternetprotocolprovider	TInternetprotocolprovider	pending-language-review	ip_provider	0
TInternetProtocolV4Message	TInternetprotocolv4Meddelelse	TInternetprotocolv4Meddelelse	existing-unreviewed		0
TInternetProtocolV4MessageBuffer	TInternetprotocolv4Meddelelsebuffer	TInternetprotocolv4Meddelelsebuffer	existing-unreviewed		0
TInterruptDescriptorTablePointer	TInterruptdescriptorTabelMarkør	TInterruptdescriptorTabelMarkør	existing-unreviewed		0
TInterruptHandler	TInterrupthandler	TInterrupthandler	existing-unreviewed		0
TInterruptManager	TInterruptmanager	TInterruptmanager	existing-unreviewed		0
TKeyboardDriver	TTastaturdriver	TTastaturdriver	existing-unreviewed		0
TLS_START	TlsBegynd	TlsBegynd	existing-unreviewed		0
TMSDOSPartitionTable	TmsdospartitionTabel	TmsdospartitionTabel	existing-unreviewed		0
TMasterBootRecord	TMasterbootOptag	TMasterbootOptag	pending-language-review	boot_record	0
TMemoryChunk	THukommelsechunk	THukommelsechunk	existing-unreviewed		0
TMemoryManager	THukommelsemanager	THukommelsemanager	existing-unreviewed		0
TMouseDriver	TMusdriver	TMusdriver	existing-unreviewed		0
TMyKeyboardEventHandler	TMyTastatureventhandler	TMyTastatureventhandler	existing-unreviewed		0
TMyMouseEventHandler	TMyMuseventhandler	TMyMuseventhandler	existing-unreviewed		0
TMyPCIControllerHandler	TMypcicontrollerhandler	TMypcicontrollerhandler	existing-unreviewed		0
TPartitionTableEntry	TPartitionTabelemne	TPartitionTabelemne	existing-unreviewed		0
TPeripheralComponentInterconnectController	TPeripheralcomponentinterconnectcontroller	TPeripheralcomponentinterconnectcontroller	existing-unreviewed		0
TPeripheralComponentInterconnectDeviceDescriptor	TPeripheralcomponentinterconnectEnheddescriptor	TPeripheralcomponentinterconnectEnheddescriptor	existing-unreviewed		0
TPort	TPort	TPort	existing-unreviewed		0
TPort16Bit	TPort16bit	TPort16bit	existing-unreviewed		0
TPort32Bit	TPort32bit	TPort32bit	existing-unreviewed		0
TPort8Bit	TPort8bit	TPort8bit	existing-unreviewed		0
TRawDataHandler	TRawdatahandler	TRawdatahandler	existing-unreviewed		0
TSSEntry	Tssemne	Tssemne	existing-unreviewed		0
TSyscall	TSyscall	TSyscall	existing-unreviewed		0
TTask	TOpgave	TOpgave	existing-unreviewed		0
TThread	TThread	TThread	existing-unreviewed		0
TThreadHelper	TThreadhelper	TThreadhelper	existing-unreviewed		0
TTimerDriver	TStopurdriver	TStopurdriver	existing-unreviewed		0
TUserDatagramProtocolHandler	TBrugerdatagramprotocolhandler	TBrugerdatagramprotocolhandler	existing-unreviewed		0
TUserDatagramProtocolHeader	TBrugerdatagramprotocolheader	TBrugerdatagramprotocolheader	pending-language-review	udp_header	0
TUserDatagramProtocolHeaderBuffer	TBrugerdatagramprotocolheaderbuffer	TBrugerdatagramprotocolheaderbuffer	existing-unreviewed		0
TUserDatagramProtocolProvider	TBrugerdatagramprotocolprovider	TBrugerdatagramprotocolprovider	existing-unreviewed		0
TUserDatagramProtocolSocket	TBrugerdatagramprotocolSokkel	TBrugerdatagramprotocolSokkel	pending-language-review	udp_socket	0
TVideoGraphicsArray	TVideoGrafikTabel	TVideoGrafikTabel	existing-unreviewed		0
TWidget	TKontrol	TKontrol	pending-language-review	widget	0
TWidgetMouseEventHandler	TKontrolMuseventhandler	TKontrolMuseventhandler	existing-unreviewed		0
Tamd_am79c973	Tamdam79c973	Tamdam79c973	existing-unreviewed		0
Test	Prøv	Prøv	existing-unreviewed		0
TestBit	Prøvbit	Prøvbit	existing-unreviewed		0
TestPrint	PrøvUdskriv	PrøvUdskriv	existing-unreviewed		0
Thread	Thread	Thread	existing-unreviewed		0
ThreadList	ThreadListe	ThreadListe	existing-unreviewed		0
ThreadState	ThreadStatus	ThreadStatus	existing-unreviewed		0
Threads	Threads	Threads	existing-unreviewed		0
TlsSegments	TlsSegmenter	TlsSegmenter	existing-unreviewed		0
TotalBlocks	TotalBlok	TotalBlok	existing-unreviewed		0
Type	TypeVærdi	TypeVærdi	existing-unreviewed		0
TypeTest	TypePrøv	TypePrøv	existing-unreviewed		0
T공용서술자테이블	TShareddescriptorTabel	TShareddescriptorTabel	existing-unreviewed		0
T공용서술자테이블_자료	TShareddescriptorTabeldata	TShareddescriptorTabeldata	existing-unreviewed		0
T작업관리자	TOpgavemanager	TOpgavemanager	existing-unreviewed		0
T조각설명자	TSegmentdescriptor	TSegmentdescriptor	existing-unreviewed		0
T콘솔	TConsole	TConsole	existing-unreviewed		0
T함수1	TFunktion1	TFunktion1	existing-unreviewed		0
UDESC_32SEG	Udesc32seg	Udesc32seg	existing-unreviewed		0
UDESC_CONTENTS	UdescIndhold	UdescIndhold	existing-unreviewed		0
UDESC_LIMIT_IN_PAGES	UdesclimitIndpages	UdesclimitIndpages	existing-unreviewed		0
UDESC_RX_ONLY	Udescrxonly	Udescrxonly	existing-unreviewed		0
UDESC_SEG_NOT_PRESENT	UdescsegIkkeTilstedeværende	UdescsegIkkeTilstedeværende	existing-unreviewed		0
UDESC_USABLE	Udescusable	Udescusable	existing-unreviewed		0
USER_STACK	Brugerstack	Brugerstack	existing-unreviewed		0
USER_STACK_SIZE	BrugerstackStørrelse	BrugerstackStørrelse	existing-unreviewed		0
USER_STACK_TOP	BrugerstackØverst	BrugerstackØverst	existing-unreviewed		0
Uid	Uid	Uid	existing-unreviewed		0
Uint16ToArray	Unsignedinteger16toTabel	Unsignedinteger16toTabel	existing-unreviewed		0
Uint16ToArray_BE	Unsignedinteger16toTabelbe	Unsignedinteger16toTabelbe	existing-unreviewed		0
Uint16_R	Unsignedinteger16r	Unsignedinteger16r	existing-unreviewed		0
Uint32ToArray	Unsignedinteger32toTabel	Unsignedinteger32toTabel	existing-unreviewed		0
Uint32_R	Unsignedinteger32r	Unsignedinteger32r	existing-unreviewed		0
Uint48ToArray	Unsignedinteger48toTabel	Unsignedinteger48toTabel	existing-unreviewed		0
Uint48ToArray_BE	Unsignedinteger48toTabelbe	Unsignedinteger48toTabelbe	existing-unreviewed		0
Uint48_R	Unsignedinteger48r	Unsignedinteger48r	existing-unreviewed		0
Uint64ToArray	Unsignedinteger64toTabel	Unsignedinteger64toTabel	existing-unreviewed		0
Uint64_R	Unsignedinteger64r	Unsignedinteger64r	existing-unreviewed		0
UnhandleInterrupt	Unhandleinterrupt	Unhandleinterrupt	existing-unreviewed		0
UnsetBit	Fjernbit	Toggle_allocation_bit	pending-language-review	toggle_bit	1
UsedBlocks	BrugtBlok	BrugtBlok	existing-unreviewed		0
UserDesc	Brugerdescriptor	Brugerdescriptor	existing-unreviewed		0
UserStack	Brugerstack_2	Brugerstack_2	existing-unreviewed		0
UserStackSize	BrugerstackStørrelse_2	BrugerstackStørrelse_2	existing-unreviewed		0
Vendor_id	Forhandlerid	Forhandlerid	existing-unreviewed		0
Version	Version	Version	existing-unreviewed		0
VirtTest	VirtPrøv	VirtPrøv	existing-unreviewed		0
Write	Skrive	Skrive	existing-unreviewed		0
Write28	Skrive28	Skrive28	existing-unreviewed		0
WriteRegisters	Skriveregister	Skriveregister	existing-unreviewed		0
X	X	X	existing-unreviewed		0
Y	Y	Y	existing-unreviewed		0
Zero	Zero	Zero	existing-unreviewed		0
ZeroBlockInPageDir	ZeroBlokIndSideMappe	ZeroBlokIndSideMappe	existing-unreviewed		0
a	a	a	existing-unreviewed		0
aTime	aTid	aTid	existing-unreviewed		0
access	tilgå	tilgå	existing-unreviewed		0
accessMode	tilgåtilstand	tilgåtilstand	existing-unreviewed		0
ack	ack	ack	existing-unreviewed		0
activeKeyboardDriver	aktivTastaturdriver	aktivTastaturdriver	existing-unreviewed		0
activeMouseDriver	aktivMusdriver	aktivMusdriver	existing-unreviewed		0
addr	address	address	existing-unreviewed		0
addrPtr	addressMarkør	addressMarkør	existing-unreviewed		0
address	address_2	address_2	existing-unreviewed		0
addressError	addressFejl	addressFejl	existing-unreviewed		0
afInet	afinet	afinet	existing-unreviewed		0
allocFD	allocatefd	allocatefd	existing-unreviewed		0
allocOpenFile	allocateÅbnFil	allocateÅbnFil	existing-unreviewed		0
allocProcess	allocateProces	allocateProces	existing-unreviewed		0
allocateSocket	allocateSokkel	allocateSokkel	existing-unreviewed		0
allocated	allocated	allocated	existing-unreviewed		0
amd_am79c973	amdam79c973	amdam79c973	existing-unreviewed		0
args	argumenter	argumenter	existing-unreviewed		0
argument	argument	argument	existing-unreviewed		0
argumentPointers	argumentpointers	argumentpointers	existing-unreviewed		0
arguments	argumenter_2	argumenter_2	existing-unreviewed		0
arp	arp	arp	existing-unreviewed		0
arpBuffer	arpbuffer	arpbuffer	existing-unreviewed		0
arpMesgSize	arpmesgStørrelse	arpmesgStørrelse	existing-unreviewed		0
arpProvider	arpprovider	arpprovider	existing-unreviewed		0
arp콘솔	arpconsole	arpconsole	existing-unreviewed		0
array	tabel	tabel	existing-unreviewed		0
ata	ata	ata	existing-unreviewed		0
ata0s	ata0s	ata0s	existing-unreviewed		0
attempts	attempts	attempts	existing-unreviewed		0
attr	egenskab	egenskab	existing-unreviewed		0
attributeControllerIndexPort	egenskabcontrollerIndeksport	egenskabcontrollerIndeksport	existing-unreviewed		0
attributeControllerReadPort	egenskabcontrollerLæseport	egenskabcontrollerLæseport	existing-unreviewed		0
attributeControllerResetPort	egenskabcontrollerNulstilport	egenskabcontrollerNulstilport	existing-unreviewed		0
attributeControllerWritePort	egenskabcontrollerSkriveport	egenskabcontrollerSkriveport	existing-unreviewed		0
attributes	attributter	attributter	existing-unreviewed		0
aux	aux	aux	existing-unreviewed		0
avail	tilgængelig	tilgængelig	existing-unreviewed		0
b	b	b	existing-unreviewed		0
backend	backend	backend	existing-unreviewed		0
backupFpRegs	backupfpregs	backupfpregs	existing-unreviewed		0
backupSector	backupsector	backupsector	existing-unreviewed		0
bar	linje	linje	existing-unreviewed		0
barNum	linjeTal	linjeTal	existing-unreviewed		0
bar_value	linjeVærdi	linjeVærdi	existing-unreviewed		0
base	base	base	existing-unreviewed		0
baseCode	basecode	basecode	existing-unreviewed		0
baseHigh	baseHøj	baseHøj	existing-unreviewed		0
baseLow	baseLav	baseLav	existing-unreviewed		0
baseMid	basemid	basemid	existing-unreviewed		0
base_addr_high	baseaddressHøj	baseaddressHøj	existing-unreviewed		0
base_addr_low	baseaddressLav	baseaddressLav	existing-unreviewed		0
bh	bh	bh	existing-unreviewed		0
bindEphemeral	bindephemeral	bindephemeral	existing-unreviewed		0
bindError	bindFejl	bindFejl	existing-unreviewed		0
bios	bios	bios	existing-unreviewed		0
bit	bit	bit	existing-unreviewed		0
bitmap	bitmap	bitmap	pending-language-review	bitmap	0
bootSignature	bootsignature	bootsignature	existing-unreviewed		0
bootable	bootable	bootable	existing-unreviewed		0
bootloader	bootloader	bootloader	existing-unreviewed		0
bound	bound	bound	existing-unreviewed		0
bpb	bpb	bpb	pending-language-review	fat_parameters	0
bpbBytes	bpbByte	bpbByte	existing-unreviewed		0
bpbPtr	bpbMarkør	bpbMarkør	existing-unreviewed		0
buf	buffer	buffer	existing-unreviewed		0
buf1	buffer1	buffer1	existing-unreviewed		0
buf2	buffer2	buffer2	existing-unreviewed		0
buf3	buffer3	buffer3	existing-unreviewed		0
buf4	buffer4	buffer4	existing-unreviewed		0
buf6	buffer6	buffer6	existing-unreviewed		0
buffer	buffer_2	buffer_2	existing-unreviewed		0
buffer1	buffer1_2	buffer1_2	existing-unreviewed		0
buffer2	buffer2_2	buffer2_2	existing-unreviewed		0
bufferAddr	bufferaddress	bufferaddress	existing-unreviewed		0
bufferAddress	bufferaddress_2	bufferaddress_2	existing-unreviewed		0
bufptr	bufferMarkør	bufferMarkør	existing-unreviewed		0
bus	bus	bus	existing-unreviewed		0
busControlRegisterDataPort	busKontrolregisterdataport	busKontrolregisterdataport	existing-unreviewed		0
button	knap	knap	existing-unreviewed		0
buttons	knap_2	knap_2	existing-unreviewed		0
bytesPerSector	bytepersector	bytepersector	existing-unreviewed		0
c	c	c	existing-unreviewed		0
cDate	cDato	cDato	existing-unreviewed		0
cTime	cTid	cTid	existing-unreviewed		0
cTimeTenth	cTidtenth	cTidtenth	existing-unreviewed		0
call	call	call	existing-unreviewed		0
candidate	candidate	candidate	existing-unreviewed		0
cap	cap	cap	existing-unreviewed		0
char	char	char	existing-unreviewed		0
checked	checked	checked	existing-unreviewed		0
checksum	checksum	checksum	existing-unreviewed		0
child	barn	barn	existing-unreviewed		0
childPID	barnpid	barnpid	existing-unreviewed		0
childPageDir	barnSideMappe	barnSideMappe	existing-unreviewed		0
chunk	chunk	chunk	existing-unreviewed		0
class_id	klasseid	klasseid	existing-unreviewed		0
closeAllProcessFDs	lukAlleProcesfds	lukAlleProcesfds	existing-unreviewed		0
closeOnExec	luktændtexec	luktændtexec	existing-unreviewed		0
closeProcessFD	lukProcesfd	lukProcesfd	existing-unreviewed		0
code	code	code	existing-unreviewed		0
code1Ptr	code1Markør	code1Markør	existing-unreviewed		0
code1ptr	code1Markør_2	code1Markør_2	existing-unreviewed		0
code2Ptr	code2Markør	code2Markør	existing-unreviewed		0
code3Ptr	code3Markør	code3Markør	existing-unreviewed		0
codeSegment	codesegment	codesegment	existing-unreviewed		0
colorIndex	farveIndeks	farveIndeks	existing-unreviewed		0
colordepth	farveDybde	farveDybde	existing-unreviewed		0
command	kommando	kommando	existing-unreviewed		0
commandPort	kommandoport	kommandoport	existing-unreviewed		0
commandport	kommandoport_2	kommandoport_2	existing-unreviewed		0
common	almen	almen	existing-unreviewed		0
connected	connected	connected	existing-unreviewed		0
console	console	console	existing-unreviewed		0
controlPort	kontrolport	kontrolport	existing-unreviewed		0
copyExecVector	kopiérexecvector	kopiérexecvector	existing-unreviewed		0
copyLength	kopiérLængde	kopiérLængde	existing-unreviewed		0
copyPageDir	kopiérSideMappe	kopiérSideMappe	existing-unreviewed		0
copyPath	kopiérSTI	kopiérSTI	existing-unreviewed		0
copySocketName	kopiérSokkelNavn	kopiérSokkelNavn	existing-unreviewed		0
copyUtsField	kopiérutsfelt	kopiérutsfelt	existing-unreviewed		0
count	antal	antal	existing-unreviewed		0
count2	antal2	antal2	existing-unreviewed		0
cowFrameManager	cowRammemanager	cowRammemanager	existing-unreviewed		0
cpu	cpu	cpu	existing-unreviewed		0
cpustate	cpuStatus	cpuStatus	existing-unreviewed		0
cr0	cr0	cr0	existing-unreviewed		0
cr3	cr3	cr3	existing-unreviewed		0
cr4	cr4	cr4	existing-unreviewed		0
crtcDataPort	crtcdataport	crtcdataport	existing-unreviewed		0
crtcIndexPort	crtcIndeksport	crtcIndeksport	existing-unreviewed		0
cs	cs	cs	existing-unreviewed		0
currentRecvBuffer	aktiverecvbuffer	aktiverecvbuffer	existing-unreviewed		0
currentSendBuffer	aktivesendbuffer	aktivesendbuffer	existing-unreviewed		0
currentTask	aktiveOpgave	aktiveOpgave	existing-unreviewed		0
currentThread	aktivethread	aktivethread	existing-unreviewed		0
currentThreadIndex	aktivethreadIndeks	aktivethreadIndeks	existing-unreviewed		0
cursorHeight	markørHøjde	markørHøjde	existing-unreviewed		0
cursorStart	markørBegynd	markørBegynd	existing-unreviewed		0
d_tag	dMærke	dMærke	existing-unreviewed		0
d_val_ptr	dvalMarkør	dvalMarkør	existing-unreviewed		0
data	data	data	existing-unreviewed		0
dataBuf	databuffer	databuffer	existing-unreviewed		0
dataBytes	dataByte	dataByte	existing-unreviewed		0
dataPointer	dataMarkør	dataMarkør	existing-unreviewed		0
dataPort	dataport	dataport	existing-unreviewed		0
dataStart	dataBegynd	dataBegynd	existing-unreviewed		0
databuffer	databuffer_2	databuffer_2	existing-unreviewed		0
dataport	dataport_2	dataport_2	existing-unreviewed		0
defaultKeyboardEventHandler	standardTastatureventhandler	standardTastatureventhandler	existing-unreviewed		0
desc	descriptor	descriptor	existing-unreviewed		0
description	beskrivelse	beskrivelse	existing-unreviewed		0
destination	destination	destination	existing-unreviewed		0
destinationAddress	destinationaddress	destinationaddress	existing-unreviewed		0
destinationLength	destinationLængde	destinationLængde	existing-unreviewed		0
dev	enhed	enhed	existing-unreviewed		0
device	enhed_2	enhed_2	existing-unreviewed		0
deviceDescriptor	enheddescriptor	enheddescriptor	existing-unreviewed		0
devicePort	enhedport	enhedport	existing-unreviewed		0
diff	diff	diff	existing-unreviewed		0
digits	digits	digits	existing-unreviewed		0
dirent	dirent	dirent	existing-unreviewed		0
direntBytes	direntByte	direntByte	existing-unreviewed		0
direntPtr	direntMarkør	direntMarkør	existing-unreviewed		0
discardProcess	kassérProces	kassérProces	existing-unreviewed		0
dispatchInterrupt	dispatchinterrupt	dispatchinterrupt	existing-unreviewed		0
divisor	divisor	divisor	existing-unreviewed		0
domain	domæne	domæne	existing-unreviewed		0
driveNumber	driveTal	driveTal	existing-unreviewed		0
driver	driver	driver	existing-unreviewed		0
driverManager	drivermanager	drivermanager	existing-unreviewed		0
drivercount	driverAntal	driverAntal	existing-unreviewed		0
drv	driver_2	driver_2	existing-unreviewed		0
ds	ds	ds	existing-unreviewed		0
ds_segment	dssegment	dssegment	existing-unreviewed		0
dst	destination_2	destination_2	existing-unreviewed		0
dstEntry	destinationemne	destinationemne	existing-unreviewed		0
dstIP	destinationipaddress	destinationipaddress	existing-unreviewed		0
dstIP_BE	destinationipaddressNetværkbyteorder	destinationipaddressNetværkbyteorder	existing-unreviewed		0
dstMAC	destinationmacaddress	destinationmacaddress	existing-unreviewed		0
dstMAC_BE	destinationmacbe	destinationmacbe	existing-unreviewed		0
dstPageDir	destinationSideMappe	destinationSideMappe	existing-unreviewed		0
dstPort	destinationportTal	destinationportTal	pending-language-review	destination_port	0
dstPt	destinationpt	destinationpt	existing-unreviewed		0
dstPtPtr	destinationptMarkør	destinationptMarkør	existing-unreviewed		0
dstPtr	destinationMarkør	destinationMarkør	existing-unreviewed		0
dstptr	destinationMarkør_2	destinationMarkør_2	existing-unreviewed		0
dynamic	dynamisk	dynamisk	existing-unreviewed		0
e	e	e	existing-unreviewed		0
e_ehsize	eehsize	eehsize	existing-unreviewed		0
e_entry	eemne	eemne	existing-unreviewed		0
e_flags	eFlag	eFlag	existing-unreviewed		0
e_ident	eident	eident	existing-unreviewed		0
e_machine	emachine	emachine	existing-unreviewed		0
e_phentsize	ephentsize	ephentsize	existing-unreviewed		0
e_phnum	ephnum	ephnum	existing-unreviewed		0
e_phoff	ephoff	ephoff	existing-unreviewed		0
e_shentsize	eshentsize	eshentsize	existing-unreviewed		0
e_shnum	eshnum	eshnum	existing-unreviewed		0
e_shoff	eshoff	eshoff	existing-unreviewed		0
e_shstrndx	eshstrndx	eshstrndx	existing-unreviewed		0
e_type	etype	etype	existing-unreviewed		0
e_version	eversion	eversion	existing-unreviewed		0
eax	eax	eax	existing-unreviewed		0
ebp	ebp	ebp	existing-unreviewed		0
ebx	ebx	ebx	existing-unreviewed		0
ecx	ecx	ecx	existing-unreviewed		0
edi	edi	edi	existing-unreviewed		0
edx	edx	edx	existing-unreviewed		0
efHandler	efhandler	efhandler	existing-unreviewed		0
eflags	eflags	eflags	existing-unreviewed		0
eip	eip	eip	existing-unreviewed		0
eipOffset	eipForskydning	eipForskydning	existing-unreviewed		0
elf	elf	elf	existing-unreviewed		0
elf0	elf0	elf0	existing-unreviewed		0
elf2	elf2	elf2	existing-unreviewed		0
elf3	elf3	elf3	existing-unreviewed		0
elf4	elf4	elf4	existing-unreviewed		0
elfHeader	elfheader	elfheader	existing-unreviewed		0
enabled	aktiveret	aktiveret	existing-unreviewed		0
end	slutningen	slutningen	existing-unreviewed		0
endOffset	slutningenForskydning	slutningenForskydning	existing-unreviewed		0
end_cylinder	slutningencylinder	slutningencylinder	existing-unreviewed		0
end_head	slutningenhead	slutningenhead	existing-unreviewed		0
end_sector	slutningensector	slutningensector	existing-unreviewed		0
ensureCurrentProcess	ensureAktiveProces	ensureAktiveProces	existing-unreviewed		0
entry	emne	emne	existing-unreviewed		0
entryPoint	emnepoint	emnepoint	existing-unreviewed		0
entrypoint	emnepoint_2	emnepoint_2	existing-unreviewed		0
environment	environment	environment	existing-unreviewed		0
environmentPointers	environmentpointers	environmentpointers	existing-unreviewed		0
err	err	err	existing-unreviewed		0
errorPort	fejlport	fejlport	existing-unreviewed		0
es	es	es	existing-unreviewed		0
esi	esi	esi	existing-unreviewed		0
esp	esp	esp	existing-unreviewed		0
esp0	esp0	esp0	existing-unreviewed		0
esp1	esp1	esp1	existing-unreviewed		0
esp2	esp2	esp2	existing-unreviewed		0
etherFrameProvider	ethernetRammeprovider	ethernetRammeprovider	pending-language-review	ethernet_provider	0
etherType	ethernettype	ethernettype	existing-unreviewed		0
etherType_BE	ethernettypebe	ethernettypebe	existing-unreviewed		0
etherframe	ethernetRamme	ethernetRamme	existing-unreviewed		0
etherframePayload	ethernetRammepayload	ethernetRammepayload	existing-unreviewed		0
except	except	except	existing-unreviewed		0
exceptionCR0	exceptioncr0	exceptioncr0	existing-unreviewed		0
exceptionCR2	exceptioncr2	exceptioncr2	existing-unreviewed		0
exceptionCR3	exceptioncr3	exceptioncr3	existing-unreviewed		0
exceptionFrameValue	exceptionRammeVærdi	exceptionRammeVærdi	existing-unreviewed		0
exceptionHasErrorCode	exceptionhasFejlcode	exceptionhasFejlcode	existing-unreviewed		0
exceptionName	exceptionNavn	exceptionNavn	existing-unreviewed		0
execVector	execvector	execvector	existing-unreviewed		0
exists	exists	exists	existing-unreviewed		0
exited	afsluttet	afsluttet	existing-unreviewed		0
ext	ext	ext	existing-unreviewed		0
extFlags	extFlag	extFlag	existing-unreviewed		0
extendedScanCode	extendedSkancode	extendedSkancode	existing-unreviewed		0
fDupFD	fdupfd	fdupfd	existing-unreviewed		0
fGetFD	fgetfd	fgetfd	existing-unreviewed		0
fGetFL	fgetfl	fgetfl	existing-unreviewed		0
fSetFD	fsatfd	fsatfd	existing-unreviewed		0
fSetFL	fsatfl	fsatfl	existing-unreviewed		0
fat	fat	fat	existing-unreviewed		0
fatCopies	fatKopiér	fatKopiér	existing-unreviewed		0
fatInfo	fatInformation	fatInformation	existing-unreviewed		0
fatOffsetInSectorForCurrentCluster	fatForskydningIndsectorforAktivecluster	fatForskydningIndsectorforAktivecluster	existing-unreviewed		0
fatSectorCount	fatsectorAntal	fatsectorAntal	existing-unreviewed		0
fatSectorForCurrentCluster	fatsectorforAktivecluster	fatsectorforAktivecluster	existing-unreviewed		0
fatSize	fatStørrelse	fatStørrelse	existing-unreviewed		0
fatStart	fatBegynd	fatBegynd	existing-unreviewed		0
fatTypeLabel	fattypeEtiket	fattypeEtiket	existing-unreviewed		0
fatVersion	fatversion	fatversion	existing-unreviewed		0
fatbuf	fatbuf	fatbuf	existing-unreviewed		0
fatbuffer	fatbuffer	fatbuffer	existing-unreviewed		0
faultAddr	faultaddress	faultaddress	existing-unreviewed		0
fb	fb	fb	existing-unreviewed		0
fbCurCol	fbAktivecol	fbAktivecol	existing-unreviewed		0
fbCurLine	fbAktiveLinje	fbAktiveLinje	existing-unreviewed		0
fbHeight	fbHøjde	fbHøjde	existing-unreviewed		0
fbPhysAddr	fbphysaddress	fbphysaddress	existing-unreviewed		0
fbWidth	fbBredde	fbBredde	existing-unreviewed		0
fd	fd	fd	existing-unreviewed		0
fdCloexec	fdcloexec	fdcloexec	existing-unreviewed		0
fdEntry	fdemne	fdemne	existing-unreviewed		0
fdFlags	fdFlag	fdFlag	existing-unreviewed		0
fdKindConsole	fdTypeconsole	fdTypeconsole	existing-unreviewed		0
fdKindFat	fdTypefat	fdTypefat	existing-unreviewed		0
fdKindNone	fdTypeIngen	fdTypeIngen	existing-unreviewed		0
fdKindRootDir	fdTypeRodMappe	fdTypeRodMappe	existing-unreviewed		0
fdKindSocket	fdTypeSokkel	fdTypeSokkel	existing-unreviewed		0
fdKindStdin	fdTypestdin	fdTypestdin	existing-unreviewed		0
fds	fds	fds	existing-unreviewed		0
filePtr	filMarkør	filMarkør	existing-unreviewed		0
fileSector	filsector	filsector	existing-unreviewed		0
fileSize	filStørrelse	filStørrelse	existing-unreviewed		0
filename	filnavn	filnavn	existing-unreviewed		0
fillPosixStat	fillposixstat	fillposixstat	existing-unreviewed		0
findProcess	søgProces	søgProces	existing-unreviewed		0
first	first	first	existing-unreviewed		0
firstClusterHi	firstclusterhi	firstclusterhi	existing-unreviewed		0
firstClusterLow	firstclusterLav	firstclusterLav	existing-unreviewed		0
firstFileCluster	firstFilcluster	firstFilcluster	existing-unreviewed		0
flags	flag	flag	existing-unreviewed		0
flags2	flag2	flag2	existing-unreviewed		0
flagsAndOffset	flagogForskydning	flagogForskydning	existing-unreviewed		0
flushIndex	flushIndeks	flushIndeks	existing-unreviewed		0
flushTlsTable	flushtlsTabel	flushtlsTabel	existing-unreviewed		0
flush_tss	flushtss	flushtss	existing-unreviewed		0
fn	fn	fn	existing-unreviewed		0
foo	foo	foo	existing-unreviewed		0
foundChild	foundbarn	foundbarn	existing-unreviewed		0
frame	ramme	ramme	existing-unreviewed		0
frameCount	rammeAntal	rammeAntal	existing-unreviewed		0
frameHeaderSize	rammeheaderStørrelse	rammeheaderStørrelse	existing-unreviewed		0
free	fri	fri	existing-unreviewed		0
freePort	friport	friport	existing-unreviewed		0
frequency	frequency	frequency	existing-unreviewed		0
fs	fs	fs	existing-unreviewed		0
func1Val	func1val	func1val	existing-unreviewed		0
func2Val	func2val	func2val	existing-unreviewed		0
func3Val	func3val	func3val	existing-unreviewed		0
func_addr	funcaddress	funcaddress	existing-unreviewed		0
func_bytes	funcByte	funcByte	existing-unreviewed		0
func_name	funcNavn	funcNavn	existing-unreviewed		0
func_value	funcVærdi	funcVærdi	existing-unreviewed		0
function	funktion	funktion	existing-unreviewed		0
fxrstor	fxrstor	fxrstor	existing-unreviewed		0
fxsave	fxsave	fxsave	existing-unreviewed		0
g	g	g	existing-unreviewed		0
g_320x200x256	g320x200x256	g320x200x256	existing-unreviewed		0
gate	gate	gate	existing-unreviewed		0
gateData	gatedata	gatedata	existing-unreviewed		0
gatewayIP	gatewayip	gatewayip	existing-unreviewed		0
gdt	gdt	gdt	existing-unreviewed		0
gdtDescriptor	gdtdescriptor	gdtdescriptor	existing-unreviewed		0
gdtEntry	gdtemne	gdtemne	existing-unreviewed		0
gdtTable	gdtTabel	gdtTabel	existing-unreviewed		0
gdtTableLen	gdtTabellen	gdtTabellen	existing-unreviewed		0
gdt_codeSegmentSelector	gdtcodesegmentselector	gdtcodesegmentselector	existing-unreviewed		0
gdt_func	gdtfunc	gdtfunc	existing-unreviewed		0
getCR2	getcr2	getcr2	existing-unreviewed		0
getCR3	getcr3	getcr3	existing-unreviewed		0
getDescriptor	getdescriptor	getdescriptor	existing-unreviewed		0
getESI	getesi	getesi	existing-unreviewed		0
getESP	getesp	getesp	existing-unreviewed		0
getGDT	getgdt	getgdt	existing-unreviewed		0
getGS	getgs	getgs	existing-unreviewed		0
getOpenFile	getÅbnFil	getÅbnFil	existing-unreviewed		0
getOpenFileFor	getÅbnFilfor	getÅbnFilfor	existing-unreviewed		0
getTLS	gettls	gettls	existing-unreviewed		0
globalDescriptorTable	globaltdescriptorTabel	globaltdescriptorTabel	existing-unreviewed		0
globalOffsetTable	globaltForskydningTabel	globaltForskydningTabel	existing-unreviewed		0
global_offset_table	globaltForskydningTabel_2	globaltForskydningTabel_2	existing-unreviewed		0
graphicsControllerDataPort	grafikcontrollerdataport	grafikcontrollerdataport	existing-unreviewed		0
graphicsControllerIndexPort	grafikcontrollerIndeksport	grafikcontrollerIndeksport	existing-unreviewed		0
grub_multiboot_memory_map_t	grubmultibootHukommelsemapt	grubmultibootHukommelsemapt	existing-unreviewed		0
gs	gs	gs	existing-unreviewed		0
gs_segment	gssegment	gssegment	existing-unreviewed		0
h	h	h	existing-unreviewed		0
haltAfterFatalException	haltEfterfatalexception	haltEfterfatalexception	existing-unreviewed		0
handleInterrupt	håndtaginterrupt	håndtaginterrupt	existing-unreviewed		0
handleKeyboardInterrupt	håndtagTastaturinterrupt	håndtagTastaturinterrupt	existing-unreviewed		0
handleMouseInterrupt	håndtagMusinterrupt	håndtagMusinterrupt	existing-unreviewed		0
handlePagingInterrupt	håndtagpaginginterrupt	håndtagpaginginterrupt	existing-unreviewed		0
handleUnhandledSyscall	håndtagunhandledsyscall	håndtagunhandledsyscall	existing-unreviewed		0
handler	handler	handler	existing-unreviewed		0
handlerAddressHighBits	handleraddressHøjbit	handleraddressHøjbit	existing-unreviewed		0
handlerAddressLowBits	handleraddressLavbit	handleraddressLavbit	existing-unreviewed		0
handlerRun	handlerKør	handlerKør	existing-unreviewed		0
handlers	handler_2	handler_2	existing-unreviewed		0
hardwareAddressSize	udstyraddressStørrelse	udstyraddressStørrelse	existing-unreviewed		0
hardwareInterruptOffset	udstyrinterruptForskydning	udstyrinterruptForskydning	existing-unreviewed		0
hardwareType	udstyrtype	udstyrtype	existing-unreviewed		0
hd	hd	hd	existing-unreviewed		0
head	head	head	existing-unreviewed		0
headCount	headAntal	headAntal	existing-unreviewed		0
headerLength	headerLængde	headerLængde	existing-unreviewed		0
headertype	headertype	headertype	existing-unreviewed		0
height	højde	højde	existing-unreviewed		0
hex	hex	hex	existing-unreviewed		0
hiddenSectors	skjultsectors	skjultsectors	existing-unreviewed		0
i	i	i	existing-unreviewed		0
iCount	iAntal	iAntal	existing-unreviewed		0
iDrivers	idriver	idriver	existing-unreviewed		0
iKeyboardEventHandler	iTastatureventhandler	iTastatureventhandler	existing-unreviewed		0
iMouseEventHandler	iMuseventhandler	iMuseventhandler	existing-unreviewed		0
iPCIControllerHandler	ipcicontrollerhandler	ipcicontrollerhandler	existing-unreviewed		0
iRawDataHandler	irawdatahandler	irawdatahandler	existing-unreviewed		0
iTimerEventHandler	iStopureventhandler	iStopureventhandler	existing-unreviewed		0
icmp	icmp	icmp	existing-unreviewed		0
icmpSize	icmpStørrelse	icmpStørrelse	existing-unreviewed		0
icmp콘솔	icmpconsole	icmpconsole	existing-unreviewed		0
id	id	id	existing-unreviewed		0
ident	ident	ident	existing-unreviewed		0
idtData	idtdata	idtdata	existing-unreviewed		0
idtPointer	idtMarkør	idtMarkør	existing-unreviewed		0
idx	idx	idx	existing-unreviewed		0
index	indeks	indeks	existing-unreviewed		0
initBlock	initBlok	initBlok	existing-unreviewed		0
initFileDescriptors	initFildescriptor	initFildescriptor	existing-unreviewed		0
initPIT	initpit	initpit	existing-unreviewed		0
initializeProcessFDs	initializeProcesfds	initializeProcesfds	existing-unreviewed		0
inode	inode	inode	existing-unreviewed		0
inputEventTask	indgangeventOpgave	indgangeventOpgave	existing-unreviewed		0
installIDT	installéridt	installéridt	existing-unreviewed		0
intNumber	heltalTal	heltalTal	existing-unreviewed		0
interface_id	gRÆNSEFLADEid	gRÆNSEFLADEid	existing-unreviewed		0
internetprotocolPayload	internetprotocolpayload	internetprotocolpayload	existing-unreviewed		0
interrupt	interrupt	interrupt	existing-unreviewed		0
interruptDebug	interruptFejlsøgning	interruptFejlsøgning	existing-unreviewed		0
interruptExitLoop	interruptAfslutLøkkekolonier	interruptAfslutLøkkekolonier	existing-unreviewed		0
interruptGateEntries	interruptgateemne	interruptgateemne	existing-unreviewed		0
interruptHandler	interrupthandler	interrupthandler	existing-unreviewed		0
interrupts	interrupts	interrupts	existing-unreviewed		0
iomap	iomap	iomap	existing-unreviewed		0
ip	ip	ip	existing-unreviewed		0
ipEtherFrameHandler	ipethernetRammehandler	ipethernetRammehandler	existing-unreviewed		0
ipHandler	iphandler	iphandler	existing-unreviewed		0
ipIdx	ipidx	ipidx	existing-unreviewed		0
ipProtocolUDP	ipprotocoludp	ipprotocoludp	existing-unreviewed		0
ipProvider	ipprovider	ipprovider	pending-language-review	ip_provider	0
ipSize	ipStørrelse	ipStørrelse	existing-unreviewed		0
ip_be	ipNetværkbyteorder	ipNetværkbyteorder	existing-unreviewed		0
ipmessage	internetprotocolMeddelelse	internetprotocolMeddelelse	existing-unreviewed		0
ipv4	ipv4	ipv4	existing-unreviewed		0
ip콘솔	ipconsole	ipconsole	existing-unreviewed		0
isKernel	iskernel	iskernel	existing-unreviewed		0
isRoot	isRod	isRod	existing-unreviewed		0
isRootPath	isRodSTI	isRodSTI	existing-unreviewed		0
isSharedPDE	issharedpde	issharedpde	existing-unreviewed		0
istOffset	istForskydning	istForskydning	existing-unreviewed		0
j	j	j	existing-unreviewed		0
jmp	jmp	jmp	existing-unreviewed		0
jmp_user	jmpBruger	jmpBruger	existing-unreviewed		0
jump_usermode_iret	jumpusermodeiret	jumpusermodeiret	existing-unreviewed		0
kPageDirEntry	kSideMappeemne	kSideMappeemne	existing-unreviewed		0
kernelESP	kernelesp	kernelesp	existing-unreviewed		0
kernelPageDirEntry	kernelSideMappeemne	kernelSideMappeemne	existing-unreviewed		0
kernelSS	kernelss	kernelss	existing-unreviewed		0
key	nøgle	nøgle	existing-unreviewed		0
keyboard	tastatur	tastatur	existing-unreviewed		0
keyboardDriver	tastaturdriver	tastaturdriver	existing-unreviewed		0
keyboardEventHandler	tastatureventhandler	tastatureventhandler	existing-unreviewed		0
keyboardQueue	tastaturqueue	tastaturqueue	existing-unreviewed		0
keyboardQueueRead	tastaturqueueLæse	tastaturqueueLæse	existing-unreviewed		0
keyboardQueueSize	tastaturqueueStørrelse	tastaturqueueStørrelse	existing-unreviewed		0
keyboardQueueWrite	tastaturqueueSkrive	tastaturqueueSkrive	existing-unreviewed		0
kind	typeVærdi	typeVærdi	existing-unreviewed		0
l	l	l	existing-unreviewed		0
last	sidste	sidste	existing-unreviewed		0
lbaHiPort	lbahiport	lbahiport	existing-unreviewed		0
lbaLowPort	lbaLavport	lbaLavport	existing-unreviewed		0
lbaMidPort	lbamidport	lbamidport	existing-unreviewed		0
ldt	ldt	ldt	existing-unreviewed		0
leftShift	venstreSkift	venstreSkift	existing-unreviewed		0
len	len	len	existing-unreviewed		0
len_ver	lenver	lenver	existing-unreviewed		0
length	længde	længde	existing-unreviewed		0
lengthAddress	længdeaddress	længdeaddress	existing-unreviewed		0
lengthInBytes	længdeIndByte	længdeIndByte	existing-unreviewed		0
length_high	længdeHøj	længdeHøj	existing-unreviewed		0
length_low	længdeLav	længdeLav	existing-unreviewed		0
lengths	lengths	lengths	existing-unreviewed		0
lib1Addr	lib1address	lib1address	existing-unreviewed		0
lib1Data	lib1data	lib1data	existing-unreviewed		0
lib1File	lib1Fil	lib1Fil	existing-unreviewed		0
lib1GOT	lib1got	lib1got	existing-unreviewed		0
lib1elf	lib1elf	lib1elf	existing-unreviewed		0
lib2Addr	lib2address	lib2address	existing-unreviewed		0
lib2Data	lib2data	lib2data	existing-unreviewed		0
lib2File	lib2Fil	lib2Fil	existing-unreviewed		0
lib2GOT	lib2got	lib2got	existing-unreviewed		0
lib2elf	lib2elf	lib2elf	existing-unreviewed		0
libLinkMap	libHenvisningmap	libHenvisningmap	existing-unreviewed		0
lidtaddr	lidtaddr	lidtaddr	existing-unreviewed		0
limit	limit	limit	existing-unreviewed		0
limitHighAndFlags	limitHøjogFlag	limitHøjogFlag	existing-unreviewed		0
limitLow	limitLav	limitLav	existing-unreviewed		0
linkMap	henvisningmap	henvisningmap	existing-unreviewed		0
linkMapAddr	henvisningmapaddress	henvisningmapaddress	existing-unreviewed		0
linkerAddr	linkeraddress	linkeraddress	existing-unreviewed		0
linkerData	linkerdata	linkerdata	existing-unreviewed		0
linkerEntry	linkeremne	linkeremne	existing-unreviewed		0
linkerFile	linkerFil	linkerFil	existing-unreviewed		0
list	liste	liste	existing-unreviewed		0
listening	listening	listening	existing-unreviewed		0
loader	loader	loader	existing-unreviewed		0
local	lokal	lokal	existing-unreviewed		0
localDatagramSocket	lokaldatagramSokkel	lokaldatagramSokkel	existing-unreviewed		0
localIP	lokalip	lokalip	existing-unreviewed		0
localPort	lokalportTal	lokalportTal	existing-unreviewed		0
localSockets	lokalsockets	lokalsockets	existing-unreviewed		0
logicalAddress	logicaladdress	logicaladdress	existing-unreviewed		0
macAddr	macaddress	macaddress	existing-unreviewed		0
macIdx	macidx	macidx	existing-unreviewed		0
magicnumber	magicnumber	magicnumber	existing-unreviewed		0
main	main	main	compatibility		0
mainThread	hovedthread	hovedthread	existing-unreviewed		0
makePagePrivateWritableCurrent	makeSidePrivatwritableAktive	makeSidePrivatwritableAktive	existing-unreviewed		0
makeRangePrivateWritableCurrent	makeIntervalPrivatwritableAktive	makeIntervalPrivatwritableAktive	existing-unreviewed		0
manager	manager	manager	existing-unreviewed		0
mask	maske	maske	existing-unreviewed		0
master	master	master	existing-unreviewed		0
matches	matches	matches	existing-unreviewed		0
maxBARs	maxbars	maxbars	existing-unreviewed		0
maxDatagramSize	maxdatagramStørrelse	maxdatagramStørrelse	existing-unreviewed		0
maxExecStringLength	maxexecStrengLængde	maxexecStrengLængde	existing-unreviewed		0
maxExecVectorEntries	maxexecvectoremne	maxexecvectoremne	existing-unreviewed		0
maxFD	maxfd	maxfd	existing-unreviewed		0
maxOpenFiles	maxÅbnFILER	maxÅbnFILER	existing-unreviewed		0
maxSocketPackets	maxSokkelpakker	maxSokkelpakker	existing-unreviewed		0
maxSockets	maxsockets	maxsockets	existing-unreviewed		0
maximumBlocks	maksimumBlok	maksimumBlok	existing-unreviewed		0
mediaType	medietype	medietype	existing-unreviewed		0
mem	mem	mem	existing-unreviewed		0
memoryArray	hukommelseTabel	hukommelseTabel	existing-unreviewed		0
memoryChunkSize	hukommelsechunkStørrelse	hukommelsechunkStørrelse	existing-unreviewed		0
memoryManager	hukommelsemanager	hukommelsemanager	existing-unreviewed		0
memoryOper	hukommelseoper	hukommelseoper	existing-unreviewed		0
memorySize	hukommelseStørrelse	hukommelseStørrelse	existing-unreviewed		0
memorymananger	memorymananger	memorymananger	existing-unreviewed		0
memorytest	memorytest	memorytest	existing-unreviewed		0
message	meddelelse	meddelelse	existing-unreviewed		0
micsPort	micsport	micsport	existing-unreviewed		0
minimum	minimum	minimum	existing-unreviewed		0
mode	tilstand	tilstand	existing-unreviewed		0
mouseDriver	musdriver	musdriver	existing-unreviewed		0
mouseEventHandler	museventhandler	museventhandler	existing-unreviewed		0
mouseVGA	musvga	musvga	existing-unreviewed		0
mouseWidget	musKontrol	musKontrol	existing-unreviewed		0
msdospart	msdospartition	msdospartition	existing-unreviewed		0
msg	msg	msg	existing-unreviewed		0
msgBuffer	msgbuffer	msgbuffer	existing-unreviewed		0
multiboot_memory_map	multibootHukommelsemap	multibootHukommelsemap	existing-unreviewed		0
multitasking	multitasking	multitasking	existing-unreviewed		0
myKeyboardEventHandler	myTastatureventhandler	myTastatureventhandler	existing-unreviewed		0
myPCIControllerHandler	mypcicontrollerhandler	mypcicontrollerhandler	existing-unreviewed		0
myfunction	myfunction	myfunction	existing-unreviewed		0
n	n	n	existing-unreviewed		0
n_descsz	ndescsz	ndescsz	existing-unreviewed		0
n_namesz	nnamesz	nnamesz	existing-unreviewed		0
n_type	ntype	ntype	existing-unreviewed		0
name	navn	navn	existing-unreviewed		0
nameLen	navnlen	navnlen	existing-unreviewed		0
netCard	netværkKortspil	netværkKortspil	existing-unreviewed		0
newButtons	nyKnap	nyKnap	existing-unreviewed		0
newFD	nyfd	nyfd	existing-unreviewed		0
newFrame	nyRamme	nyRamme	existing-unreviewed		0
newLink	nyHenvisning	nyHenvisning	existing-unreviewed		0
newNode	nyKnudepunkt	nyKnudepunkt	existing-unreviewed		0
newPtr	nyMarkør	nyMarkør	existing-unreviewed		0
next	næste	næste	existing-unreviewed		0
nextEphemeralPort	næsteephemeralport	næsteephemeralport	existing-unreviewed		0
nextFileCluster	næsteFilcluster	næsteFilcluster	existing-unreviewed		0
nextHopIP_BE	næstehopipaddressNetværkbyteorder	næstehopipaddressNetværkbyteorder	existing-unreviewed		0
nextNode	næsteKnudepunkt	næsteKnudepunkt	existing-unreviewed		0
nextProcessID	næsteProcesid	næsteProcesid	existing-unreviewed		0
nextThread	næstethread	næstethread	existing-unreviewed		0
nibble	nibble	nibble	existing-unreviewed		0
node	knudepunkt	knudepunkt	pending-language-review	list_node	0
nodeArray	knudepunktTabel	knudepunktTabel	existing-unreviewed		0
num	tal	tal	existing-unreviewed		0
numCacheEntries	talcacheemne	talcacheemne	existing-unreviewed		0
numDrivers	taldriver	taldriver	existing-unreviewed		0
numFunctions	talFunktioner	talFunktioner	existing-unreviewed		0
numRecvBuffers	talrecvbuffer	talrecvbuffer	existing-unreviewed		0
numSendBuffers	talsendbuffer	talsendbuffer	existing-unreviewed		0
numSockets	talsockets	talsockets	existing-unreviewed		0
numTasks	talOpgaver	talOpgaver	existing-unreviewed		0
oAppend	oappend	oappend	existing-unreviewed		0
oCreate	ocreate	ocreate	existing-unreviewed		0
oDirectory	oMappe	oMappe	existing-unreviewed		0
oReadOnly	oLæseonly	oLæseonly	existing-unreviewed		0
oReadWrite	oLæseSkrive	oLæseSkrive	existing-unreviewed		0
oTruncate	oTrunker	oTrunker	existing-unreviewed		0
oWriteOnly	oSkriveonly	oSkriveonly	existing-unreviewed		0
o_addr	oaddress	oaddress	existing-unreviewed		0
offset	forskydning	forskydning	existing-unreviewed		0
ok	ok	ok	existing-unreviewed		0
oldButtons	gammelKnap	gammelKnap	existing-unreviewed		0
oldCR3	gammelcr3	gammelcr3	existing-unreviewed		0
oldFD	gammelfd	gammelfd	existing-unreviewed		0
oldFrame	gammelRamme	gammelRamme	existing-unreviewed		0
oldGdt	gammelgdt	gammelgdt	existing-unreviewed		0
oldGdtAddr	gammelgdtaddress	gammelgdtaddress	existing-unreviewed		0
oldGdtLen	gammelgdtlen	gammelgdtlen	existing-unreviewed		0
openFileDescription	åbnFilBeskrivelse	åbnFilBeskrivelse	existing-unreviewed		0
openFileTable	åbnFilTabel	åbnFilTabel	existing-unreviewed		0
options	indstillinger	indstillinger	existing-unreviewed		0
orgValue	orgVærdi	orgVærdi	existing-unreviewed		0
p	p	p	existing-unreviewed		0
p1	p1	p1	existing-unreviewed		0
p2	p2	p2	existing-unreviewed		0
p_align	pJuster	pJuster	existing-unreviewed		0
p_backend	pbackend	pbackend	existing-unreviewed		0
p_data	pdata	pdata	existing-unreviewed		0
p_efHandler	pefhandler	pefhandler	existing-unreviewed		0
p_efProvider	pefprovider	pefprovider	existing-unreviewed		0
p_etherType	pethernettype	pethernettype	existing-unreviewed		0
p_filesz	pfilesz	pfilesz	existing-unreviewed		0
p_flags	pFlag	pFlag	existing-unreviewed		0
p_iHandler	pihandler	pihandler	existing-unreviewed		0
p_ipHandler	piphandler	piphandler	existing-unreviewed		0
p_ipProvider	pipprovider	pipprovider	existing-unreviewed		0
p_memsz	pmemsz	pmemsz	existing-unreviewed		0
p_offset	pForskydning	pForskydning	existing-unreviewed		0
p_paddr	ppaddr	ppaddr	existing-unreviewed		0
p_protocol	pprotocol	pprotocol	existing-unreviewed		0
p_provider	pprovider	pprovider	existing-unreviewed		0
p_str	pstr	pstr	existing-unreviewed		0
p_type	ptype	ptype	existing-unreviewed		0
p_udpHandler	pudphandler	pudphandler	existing-unreviewed		0
p_udpProvider	pudpprovider	pudpprovider	existing-unreviewed		0
p_vaddr	pvaddr	pvaddr	existing-unreviewed		0
packet	packet	packet	existing-unreviewed		0
packetStatus	packetstatus	packetstatus	existing-unreviewed		0
packets	pakker	pakker	existing-unreviewed		0
page	side	side	existing-unreviewed		0
pageDir	sideMappe	sideMappe	pending-language-review	page_directory	0
pageDirEntry	sideMappeemne	sideMappeemne	existing-unreviewed		0
pageTableEntry	sideTabelemne	sideTabelemne	existing-unreviewed		0
paging	paging	paging	existing-unreviewed		0
param	param	param	existing-unreviewed		0
params	paramer	paramer	existing-unreviewed		0
parent	forælder	forælder	existing-unreviewed		0
parentPID	forælderpid	forælderpid	existing-unreviewed		0
parentProcess	forælderProces	forælderProces	existing-unreviewed		0
partEntry	partemne	partemne	existing-unreviewed		0
partition	partition	partition	existing-unreviewed		0
partitionBytes	partitionByte	partitionByte	existing-unreviewed		0
partitionOffset	partitionForskydning	partitionForskydning	existing-unreviewed		0
path	sTI	sTI	existing-unreviewed		0
pathAddr	sTIaddress	sTIaddress	existing-unreviewed		0
pci	pci	pci	existing-unreviewed		0
pciController	pcicontroller	pcicontroller	existing-unreviewed		0
pde	pde	pde	existing-unreviewed		0
pdeAddr	pdeaddress	pdeaddress	existing-unreviewed		0
pdelen	pdelen	pdelen	existing-unreviewed		0
peer	peer	peer	existing-unreviewed		0
pendingButtons	pendingKnap	pendingKnap	existing-unreviewed		0
pendingMouseEvent	pendingMusevent	pendingMusevent	existing-unreviewed		0
pendingX	pendingx	pendingx	existing-unreviewed		0
pendingY	pendingy	pendingy	existing-unreviewed		0
phyaddr	phyaddr	phyaddr	existing-unreviewed		0
phymem	physicalHukommelse	physicalHukommelse	existing-unreviewed		0
physicalAddress	physicaladdress	physicaladdress	existing-unreviewed		0
pid	pid	pid	existing-unreviewed		0
pitFrequency	pitfrequency	pitfrequency	existing-unreviewed		0
pixelAddress	pixeladdress	pixeladdress	existing-unreviewed		0
pointer	markør	markør	pending-language-review	pointer	0
pollKeyboardScancode	pollTastaturscancode	pollTastaturscancode	existing-unreviewed		0
port	port	port	existing-unreviewed		0
portBase	portbase	portbase	existing-unreviewed		0
portInUse	portIndBrug	portIndBrug	existing-unreviewed		0
portnumber	portnumber	portnumber	existing-unreviewed		0
pos	placering	placering	existing-unreviewed		0
position	placering_2	placering_2	existing-unreviewed		0
posixStat	posixstat	posixstat	existing-unreviewed		0
posixUtsname	posixutsname	posixutsname	existing-unreviewed		0
prefetchable	prefetchcapable	prefetchcapable	existing-unreviewed		0
prev	previous	previous	existing-unreviewed		0
prevNode	previousKnudepunkt	previousKnudepunkt	existing-unreviewed		0
prevX	previousx	previousx	existing-unreviewed		0
prevY	previousy	previousy	existing-unreviewed		0
printESP	udskrivesp	udskrivesp	existing-unreviewed		0
printExceptionSelectorInfo	udskrivexceptionselectorInformation	udskrivexceptionselectorInformation	existing-unreviewed		0
printPageFaultInfo	udskrivSidefaultInformation	udskrivSidefaultInformation	existing-unreviewed		0
printreg	printreg	printreg	existing-unreviewed		0
proc2	proc2	proc2	existing-unreviewed		0
proc3	proc3	proc3	existing-unreviewed		0
proc4	proc4	proc4	existing-unreviewed		0
process	proces	proces	existing-unreviewed		0
processEntry	procesemne	procesemne	existing-unreviewed		0
processHelper	proceshelper	proceshelper	existing-unreviewed		0
processTable	procesTabel	procesTabel	existing-unreviewed		0
processes	processer	processer	existing-unreviewed		0
programBreak	programbreak	programbreak	existing-unreviewed		0
protocol	protocol	protocol	existing-unreviewed		0
protocolAddressSize	protocoladdressStørrelse	protocoladdressStørrelse	existing-unreviewed		0
providedLength	providedLængde	providedLængde	existing-unreviewed		0
provider	provider	provider	existing-unreviewed		0
ps2WaitLimit	ps2Ventlimit	ps2Ventlimit	existing-unreviewed		0
pt	pt	pt	existing-unreviewed		0
pte	pte	pte	existing-unreviewed		0
pteAddr	pteaddress	pteaddress	existing-unreviewed		0
ptr	markør_2	markør_2	pending-language-review	pointer	0
pushExecUint32	pushexecunsignedinteger32	pushexecunsignedinteger32	existing-unreviewed		0
queueKeyboardByte	queueTastaturbyte	queueTastaturbyte	existing-unreviewed		0
r	r	r	existing-unreviewed		0
r_addend	raddend	raddend	existing-unreviewed		0
r_info	rInformation	rInformation	existing-unreviewed		0
r_offset	rForskydning	rForskydning	existing-unreviewed		0
raw	raw	raw	existing-unreviewed		0
rawDataBackend	rawdatabackend	rawdatabackend	existing-unreviewed		0
readFile	læseFil	læseFil	existing-unreviewed		0
readPS2Data	læseps2data	læseps2data	existing-unreviewed		0
readStdin	læsestdin	læsestdin	existing-unreviewed		0
readVFSFile	læsevfsFil	læsevfsFil	existing-unreviewed		0
read_count	læseAntal	læseAntal	existing-unreviewed		0
receiver	receiver	receiver	existing-unreviewed		0
recvBufferDescr	recvbufferBeskrivelse	recvbufferBeskrivelse	existing-unreviewed		0
recvBufferDescrAddress	recvbufferBeskrivelseaddress	recvbufferBeskrivelseaddress	existing-unreviewed		0
recvBuffers	recvbuffer	recvbuffer	existing-unreviewed		0
recvBuffersDescrMemory	recvbufferBeskrivelseHukommelse	recvbufferBeskrivelseHukommelse	existing-unreviewed		0
refBytes	referenceByte	referenceByte	existing-unreviewed		0
refPtr	referenceMarkør	referenceMarkør	existing-unreviewed		0
refs	refs	refs	existing-unreviewed		0
regIndex	regIndeks	regIndeks	existing-unreviewed		0
registerAddressPort	registeraddressport	registeraddressport	existing-unreviewed		0
registerDataPort	registerdataport	registerdataport	existing-unreviewed		0
registeroffset	registeroffset	registeroffset	existing-unreviewed		0
registers	register	register	existing-unreviewed		0
regtype	regtype	regtype	existing-unreviewed		0
rel_text	relTekst	relTekst	existing-unreviewed		0
rel_text_len	relTekstlen	relTekstlen	existing-unreviewed		0
releaseOpenFile	releaseÅbnFil	releaseÅbnFil	existing-unreviewed		0
released	released	released	existing-unreviewed		0
reloadCR3	genindlæscr3	genindlæscr3	existing-unreviewed		0
relocation_text	relocationTekst	relocationTekst	existing-unreviewed		0
remaining	remaining	remaining	existing-unreviewed		0
remote	ekstern	ekstern	existing-unreviewed		0
remoteIP	eksternip	eksternip	existing-unreviewed		0
remotePort	eksternportTal	eksternportTal	existing-unreviewed		0
requested	requested	requested	existing-unreviewed		0
reserved	reserveret	reserveret	existing-unreviewed		0
reserved0	reserveret0	reserveret0	existing-unreviewed		0
reservedSectors	reserveretsectors	reserveretsectors	existing-unreviewed		0
resetPort	nulstilport	nulstilport	existing-unreviewed		0
restoreFpRegs	gendanfpregs	gendanfpregs	existing-unreviewed		0
result	result	result	existing-unreviewed		0
result1	result1	result1	existing-unreviewed		0
result2	result2	result2	existing-unreviewed		0
ret	ret	ret	existing-unreviewed		0
revision	revision	revision	existing-unreviewed		0
rightShift	højreSkift	højreSkift	existing-unreviewed		0
rootCluster	rodcluster	rodcluster	existing-unreviewed		0
rootDirEntries	rodMappeemne	rodMappeemne	existing-unreviewed		0
rootStart	rodBegynd	rodBegynd	existing-unreviewed		0
rt	rt	rt	existing-unreviewed		0
s	s	s	existing-unreviewed		0
sIfchr	sifchr	sifchr	existing-unreviewed		0
sIfdir	sifdir	sifdir	existing-unreviewed		0
sIfmt	sifmt	sifmt	existing-unreviewed		0
sIfreg	sifreg	sifreg	existing-unreviewed		0
sIfsock	sifsock	sifsock	existing-unreviewed		0
savedESP	gemtesp	gemtesp	existing-unreviewed		0
sc	sc	sc	existing-unreviewed		0
scanCode	skancode	skancode	existing-unreviewed		0
scanCodeToByte	skancodetobyte	skancodetobyte	existing-unreviewed		0
scancodeToByte	scancodetobyte	scancodetobyte	existing-unreviewed		0
sche	sche	sche	existing-unreviewed		0
sche_data	schedata	schedata	existing-unreviewed		0
scheduleStack	schedulestack	schedulestack	existing-unreviewed		0
scheduler	scheduler	scheduler	existing-unreviewed		0
schedulerDebug	schedulerFejlsøgning	schedulerFejlsøgning	existing-unreviewed		0
sectHeader	sectheader	sectheader	existing-unreviewed		0
sectHeaderSize	sectheaderStørrelse	sectheaderStørrelse	existing-unreviewed		0
sectName	sectNavn	sectNavn	existing-unreviewed		0
sectValue	sectVærdi	sectVærdi	existing-unreviewed		0
sector	sector	sector	existing-unreviewed		0
sectorCountPort	sectorAntalport	sectorAntalport	existing-unreviewed		0
sectorNum	sectorTal	sectorTal	existing-unreviewed		0
sectorOffset	sectorForskydning	sectorForskydning	existing-unreviewed		0
sectorPerTrack	sectorpertrack	sectorpertrack	existing-unreviewed		0
sectorsPerCluster	sectorspercluster	sectorspercluster	existing-unreviewed		0
seekCur	seekAktive	seekAktive	existing-unreviewed		0
seekEnd	seekSlutningen	seekSlutningen	existing-unreviewed		0
seekSet	seeksat	seeksat	existing-unreviewed		0
segmentNumber	segmentTal	segmentTal	existing-unreviewed		0
self	selv	selv	existing-unreviewed		0
self_uintptr	selvuintptr	selvuintptr	existing-unreviewed		0
sendBack	reply	reply	existing-unreviewed		0
sendBufferDescr	sendbufferBeskrivelse	sendbufferBeskrivelse	existing-unreviewed		0
sendBufferDescrAddress	sendbufferBeskrivelseaddress	sendbufferBeskrivelseaddress	existing-unreviewed		0
sendBuffers	sendbuffer	sendbuffer	existing-unreviewed		0
sendBuffersDescrMemory	sendbufferBeskrivelseHukommelse	sendbufferBeskrivelseHukommelse	existing-unreviewed		0
sendDataPointer	senddataMarkør	senddataMarkør	existing-unreviewed		0
sendDescriptor	senddescriptor	senddescriptor	existing-unreviewed		0
sendMouseCommand	sendMusKommando	sendMusKommando	existing-unreviewed		0
sequencerDataPort	sequencerdataport	sequencerdataport	existing-unreviewed		0
sequencerIndexPort	sequencerIndeksport	sequencerIndeksport	existing-unreviewed		0
serialLogByte	seriellogbyte	seriellogbyte	existing-unreviewed		0
serialReady	serielKlar	serielKlar	existing-unreviewed		0
setCR3	satcr3	satcr3	existing-unreviewed		0
setDS	satds	satds	existing-unreviewed		0
setGS	satgs	satgs	existing-unreviewed		0
setThreadExitLoopState	satthreadAfslutLøkkekolonierStatus	satthreadAfslutLøkkekolonierStatus	existing-unreviewed		0
setupExecStack	setupexecstack	setupexecstack	existing-unreviewed		0
sh	sh	sh	existing-unreviewed		0
sh_addr	shaddress	shaddress	existing-unreviewed		0
sh_addralign	shaddralign	shaddralign	existing-unreviewed		0
sh_entsize	shentsize	shentsize	existing-unreviewed		0
sh_flags	shFlag	shFlag	existing-unreviewed		0
sh_info	shInformation	shInformation	existing-unreviewed		0
sh_link	shHenvisning	shHenvisning	existing-unreviewed		0
sh_name	shNavn	shNavn	existing-unreviewed		0
sh_offset	shForskydning	shForskydning	existing-unreviewed		0
sh_size	shStørrelse	shStørrelse	existing-unreviewed		0
sh_type	shtype	shtype	existing-unreviewed		0
shift	skift	skift	existing-unreviewed		0
signature	signature	signature	existing-unreviewed		0
size	størrelse	størrelse	existing-unreviewed		0
sl	sl	sl	existing-unreviewed		0
sockDatagram	sockdatagram	sockdatagram	existing-unreviewed		0
socket	sokkel	sokkel	existing-unreviewed		0
socketAddress	sokkeladdress	sokkeladdress	existing-unreviewed		0
socketAddressIPv4	sokkeladdressiNv4	sokkeladdressiNv4	existing-unreviewed		0
socketBind	sokkelbind	sokkelbind	existing-unreviewed		0
socketCallArgument	sokkelcallargument	sokkelcallargument	existing-unreviewed		0
socketConnect	sokkelTilslut	sokkelTilslut	existing-unreviewed		0
socketForFD	sokkelforfd	sokkelforfd	existing-unreviewed		0
socketIndex	sokkelIndeks	sokkelIndeks	existing-unreviewed		0
socketPacket	sokkelpacket	sokkelpacket	existing-unreviewed		0
socketReceiveFrom	sokkelreceivefra	sokkelreceivefra	existing-unreviewed		0
socketSendTo	sokkelsendto	sokkelsendto	existing-unreviewed		0
socketType	sokkeltype	sokkeltype	existing-unreviewed		0
sockets	sockets	sockets	existing-unreviewed		0
softName	softNavn	softNavn	existing-unreviewed		0
source	kilde	kilde	existing-unreviewed		0
sourceAddress	kildeaddress	kildeaddress	existing-unreviewed		0
sourceLengthAddress	kildeLængdeaddress	kildeLængdeaddress	existing-unreviewed		0
src	kilde_2	kilde_2	existing-unreviewed		0
srcEntry	kildeemne	kildeemne	existing-unreviewed		0
srcIP	kildeipaddress	kildeipaddress	existing-unreviewed		0
srcIP_BE	kildeipaddressNetværkbyteorder	kildeipaddressNetværkbyteorder	existing-unreviewed		0
srcMAC	kildemacaddress	kildemacaddress	existing-unreviewed		0
srcMAC_BE	kildemacbe	kildemacbe	existing-unreviewed		0
srcPageDir	kildeSideMappe	kildeSideMappe	existing-unreviewed		0
srcPde	kildepde	kildepde	existing-unreviewed		0
srcPdeAddr	kildepdeaddress	kildepdeaddress	existing-unreviewed		0
srcPort	kildeportTal	kildeportTal	pending-language-review	source_port	0
srcPt	kildept	kildept	existing-unreviewed		0
srcptr	srcptr	srcptr	existing-unreviewed		0
ss	ss	ss	existing-unreviewed		0
ss0	ss0	ss0	existing-unreviewed		0
ss1	ss1	ss1	existing-unreviewed		0
ss2	ss2	ss2	existing-unreviewed		0
st	st	st	existing-unreviewed		0
st_info	stInformation	stInformation	existing-unreviewed		0
st_name	stNavn	stNavn	existing-unreviewed		0
st_other	stAndet	stAndet	existing-unreviewed		0
st_shndx	stshndx	stshndx	existing-unreviewed		0
st_size	stStørrelse	stStørrelse	existing-unreviewed		0
st_value	stVærdi	stVærdi	existing-unreviewed		0
stack	stack	stack	pending-language-review	stack	0
stackBytes	stackByte	stackByte	existing-unreviewed		0
stackPtr	stackMarkør	stackMarkør	existing-unreviewed		0
stack_addr	stackaddress	stackaddress	existing-unreviewed		0
stackbottom	stackbottom	stackbottom	existing-unreviewed		0
stacktop	stacktop	stacktop	existing-unreviewed		0
start	begynd	begynd	existing-unreviewed		0
startOffset	begyndForskydning	begyndForskydning	existing-unreviewed		0
start_cylinder	begyndcylinder	begyndcylinder	existing-unreviewed		0
start_head	begyndhead	begyndhead	existing-unreviewed		0
start_sector	begyndsector	begyndsector	existing-unreviewed		0
startingBit	startingbit	startingbit	existing-unreviewed		0
stat	stat	stat	existing-unreviewed		0
statAddr	stataddress	stataddress	existing-unreviewed		0
status	status	status	existing-unreviewed		0
statusAddr	statusaddress	statusaddress	existing-unreviewed		0
stderrFD	stderrfd	stderrfd	existing-unreviewed		0
stdinBuffer	stdinbuffer	stdinbuffer	existing-unreviewed		0
stdinFD	stdinfd	stdinfd	existing-unreviewed		0
stdinGetBlocking	stdingetblocking	stdingetblocking	existing-unreviewed		0
stdinRead	stdinLæse	stdinLæse	existing-unreviewed		0
stdinWrite	stdinSkrive	stdinSkrive	existing-unreviewed		0
stdoutFD	stdoutfd	stdoutfd	existing-unreviewed		0
stoppedThread	stoppetthread	stoppetthread	existing-unreviewed		0
str	str	str	existing-unreviewed		0
stringAddress	strengaddress	strengaddress	existing-unreviewed		0
stringHeader	strengheader	strengheader	existing-unreviewed		0
strtab	strtab	strtab	existing-unreviewed		0
subclass_id	subclassid	subclassid	existing-unreviewed		0
subnetMask	subnetMaske	subnetMaske	existing-unreviewed		0
swapUint16	swapunsignedinteger16	swapunsignedinteger16	existing-unreviewed		0
switchForced	switchforced	switchforced	existing-unreviewed		0
sysAccess	systilgå	systilgå	existing-unreviewed		0
sysBrk	sysbrk	sysbrk	existing-unreviewed		0
sysCall	syscall	syscall	existing-unreviewed		0
sysChdir	syschdir	syschdir	existing-unreviewed		0
sysClose	sysLuk	sysLuk	existing-unreviewed		0
sysDup	sysdup	sysdup	existing-unreviewed		0
sysDup2	sysdup2	sysdup2	existing-unreviewed		0
sysExecve	sysexecve	sysexecve	existing-unreviewed		0
sysExit	sysAfslut	sysAfslut	existing-unreviewed		0
sysFcntl	sysfcntl	sysfcntl	existing-unreviewed		0
sysFork	sysfork	sysfork	existing-unreviewed		0
sysFstat	sysfstat	sysfstat	existing-unreviewed		0
sysFsync	sysfsync	sysfsync	existing-unreviewed		0
sysGetcwd	sysgetcwd	sysgetcwd	existing-unreviewed		0
sysLseek	syslseek	syslseek	existing-unreviewed		0
sysOpen	sysÅbn	sysÅbn	existing-unreviewed		0
sysRead	sysLæse	sysLæse	existing-unreviewed		0
sysSocketCall	sysSokkelcall	sysSokkelcall	existing-unreviewed		0
sysStat	sysstat	sysstat	existing-unreviewed		0
sysUname	sysuname	sysuname	existing-unreviewed		0
sysWaitpid	syswaitpid	syswaitpid	existing-unreviewed		0
sysWrite	sysSkrive	sysSkrive	existing-unreviewed		0
syscallError	syscallFejl	syscallFejl	existing-unreviewed		0
syscallID	syscallid	syscallid	existing-unreviewed		0
systemcall	systemcall	systemcall	existing-unreviewed		0
table	tabel_2	tabel_2	existing-unreviewed		0
tableSize	tabelStørrelse	tabelStørrelse	existing-unreviewed		0
tail	tail	tail	existing-unreviewed		0
task	opgave	opgave	existing-unreviewed		0
taskA	opgavea	opgavea	existing-unreviewed		0
taskB	opgaveb	opgaveb	existing-unreviewed		0
taskC	opgavec	opgavec	existing-unreviewed		0
taskD	opgaved	opgaved	existing-unreviewed		0
taskD0	opgaved0	opgaved0	existing-unreviewed		0
taskD1	opgaved1	opgaved1	existing-unreviewed		0
taskManager	opgavemanager	opgavemanager	existing-unreviewed		0
tasks	opgaver	opgaver	existing-unreviewed		0
temp	temporary	temporary	existing-unreviewed		0
terminated	terminated	terminated	existing-unreviewed		0
text	tekst	tekst	existing-unreviewed		0
textPtr	tekstMarkør	tekstMarkør	existing-unreviewed		0
text_len	tekstlen	tekstlen	existing-unreviewed		0
text_mode_check_fb_move	teksttilstandcheckfbFlyt	teksttilstandcheckfbFlyt	existing-unreviewed		0
text_mode_disable_cursor	teksttilstandSlåfraMarkør	teksttilstandSlåfraMarkør	existing-unreviewed		0
text_mode_enable_cursor	teksttilstandAktiverMarkør	teksttilstandAktiverMarkør	existing-unreviewed		0
text_mode_error_writer	teksttilstandFejlwriter	teksttilstandFejlwriter	existing-unreviewed		0
text_mode_flush_screen	teksttilstandflushSkærm	teksttilstandflushSkærm	existing-unreviewed		0
text_mode_init	teksttilstandinit	teksttilstandinit	existing-unreviewed		0
text_mode_print	teksttilstandUdskriv	teksttilstandUdskriv	existing-unreviewed		0
text_mode_print_bytes	teksttilstandUdskrivByte	teksttilstandUdskrivByte	existing-unreviewed		0
text_mode_print_char	teksttilstandUdskrivchar	teksttilstandUdskrivchar	existing-unreviewed		0
text_mode_print_char_col	teksttilstandUdskrivcharcol	teksttilstandUdskrivcharcol	existing-unreviewed		0
text_mode_print_col	teksttilstandUdskrivcol	teksttilstandUdskrivcol	existing-unreviewed		0
text_mode_print_error	teksttilstandUdskrivFejl	teksttilstandUdskrivFejl	existing-unreviewed		0
text_mode_print_error_bytes	teksttilstandUdskrivFejlByte	teksttilstandUdskrivFejlByte	existing-unreviewed		0
text_mode_print_errorln	teksttilstandUdskriverrorln	teksttilstandUdskriverrorln	existing-unreviewed		0
text_mode_print_hex	teksttilstandUdskrivhex	teksttilstandUdskrivhex	existing-unreviewed		0
text_mode_print_hex16	teksttilstandUdskrivhex16	teksttilstandUdskrivhex16	existing-unreviewed		0
text_mode_print_hex32	teksttilstandUdskrivhex32	teksttilstandUdskrivhex32	existing-unreviewed		0
text_mode_print_hex64	teksttilstandUdskrivhex64	teksttilstandUdskrivhex64	existing-unreviewed		0
text_mode_print_hex_char	teksttilstandUdskrivhexchar	teksttilstandUdskrivhexchar	existing-unreviewed		0
text_mode_println	teksttilstandprintln	teksttilstandprintln	existing-unreviewed		0
text_mode_println_col	teksttilstandprintlncol	teksttilstandprintlncol	existing-unreviewed		0
text_mode_update_cursor	teksttilstandOpdatérMarkør	teksttilstandOpdatérMarkør	existing-unreviewed		0
text_mode_writer	teksttilstandwriter	teksttilstandwriter	existing-unreviewed		0
thr2	thr2	thr2	existing-unreviewed		0
thr3	thr3	thr3	existing-unreviewed		0
thr4	thr4	thr4	existing-unreviewed		0
thread	thread	thread	existing-unreviewed		0
threadExitLoop	threadAfslutLøkkekolonier	threadAfslutLøkkekolonier	existing-unreviewed		0
threadHelper	threadhelper	threadhelper	existing-unreviewed		0
threadPtr	threadMarkør	threadMarkør	existing-unreviewed		0
tickCount	tickAntal	tickAntal	existing-unreviewed		0
timeDelta	tiddelta	tiddelta	existing-unreviewed		0
timeToLive	tidtolive	tidtolive	existing-unreviewed		0
timer	stopur	stopur	existing-unreviewed		0
tls	tls	tls	existing-unreviewed		0
tmp	tmp	tmp	existing-unreviewed		0
tmpPtr	tmpMarkør	tmpMarkør	existing-unreviewed		0
tos	tos	tos	existing-unreviewed		0
totalLength	totalLængde	totalLængde	existing-unreviewed		0
totalSectorCount	totalsectorAntal	totalsectorAntal	existing-unreviewed		0
totalSectors	totalsectors	totalsectors	existing-unreviewed		0
trap	trap	trap	existing-unreviewed		0
tss	tss	tss	existing-unreviewed		0
tssIndex	tssIndeks	tssIndeks	existing-unreviewed		0
udp	udp	udp	existing-unreviewed		0
udpHandler	udphandler	udphandler	existing-unreviewed		0
udpHeaderSize	udpheaderStørrelse	udpheaderStørrelse	existing-unreviewed		0
udpProvider	udpprovider	udpprovider	existing-unreviewed		0
udp콘솔	udpconsole	udpconsole	existing-unreviewed		0
unused	ubrugt	ubrugt	existing-unreviewed		0
used	brugt	brugt	existing-unreviewed		0
usedBlocks	brugtBlok	brugtBlok	existing-unreviewed		0
user1addr	bruger1address	bruger1address	existing-unreviewed		0
user1data	bruger1data	bruger1data	existing-unreviewed		0
user1entry	bruger1emne	bruger1emne	existing-unreviewed		0
user1file	bruger1Fil	bruger1Fil	existing-unreviewed		0
user2addr	bruger2address	bruger2address	existing-unreviewed		0
user2data	bruger2data	bruger2data	existing-unreviewed		0
user2entry	bruger2emne	bruger2emne	existing-unreviewed		0
user2file	bruger2Fil	bruger2Fil	existing-unreviewed		0
user3addr	bruger3address	bruger3address	existing-unreviewed		0
user3data	bruger3data	bruger3data	existing-unreviewed		0
user3entry	bruger3emne	bruger3emne	existing-unreviewed		0
user3file	bruger3Fil	bruger3Fil	existing-unreviewed		0
userHeapBase	brugerheapbase	brugerheapbase	existing-unreviewed		0
userHeapLimit	brugerheaplimit	brugerheaplimit	existing-unreviewed		0
user_esp	brugeresp	brugeresp	existing-unreviewed		0
userhandler	userhandler	userhandler	existing-unreviewed		0
userproc_entry	userprocemne	userprocemne	existing-unreviewed		0
util	util	util	existing-unreviewed		0
util콘솔	utilconsole	utilconsole	existing-unreviewed		0
v	v	v	existing-unreviewed		0
vAddr	vaddress	vaddress	existing-unreviewed		0
value	værdi	værdi	existing-unreviewed		0
values	værdier	værdier	existing-unreviewed		0
version	version	version	existing-unreviewed		0
vga	vga	vga	existing-unreviewed		0
virtlen	virtlen	virtlen	existing-unreviewed		0
virtmem	virtuelHukommelse	virtuelHukommelse	existing-unreviewed		0
virtualAddr	virtueladdress	virtueladdress	existing-unreviewed		0
volumeId	lydstyrkeid	lydstyrkeid	existing-unreviewed		0
volumeLabel	lydstyrkeEtiket	lydstyrkeEtiket	existing-unreviewed		0
w	w	w	existing-unreviewed		0
wDate	wDato	wDato	existing-unreviewed		0
wTime	wTid	wTid	existing-unreviewed		0
waitPS2InputEmpty	ventps2IndgangTom	ventps2IndgangTom	existing-unreviewed		0
waitPS2OutputFull	ventps2UdgangFuldt	ventps2UdgangFuldt	existing-unreviewed		0
wdata	wdata	wdata	existing-unreviewed		0
whence	whence	whence	existing-unreviewed		0
widget	kontrol	kontrol	existing-unreviewed		0
width	bredde	bredde	existing-unreviewed		0
writePS2Command	skriveps2Kommando	skriveps2Kommando	existing-unreviewed		0
writePS2Data	skriveps2data	skriveps2data	existing-unreviewed		0
write_count	skriveAntal	skriveAntal	existing-unreviewed		0
x	x	x	existing-unreviewed		0
xPageDir	xSideMappe	xSideMappe	existing-unreviewed		0
xPos	xPlacering	xPlacering	existing-unreviewed		0
y	y	y	existing-unreviewed		0
yPageDir	ySideMappe	ySideMappe	existing-unreviewed		0
yPos	yPlacering	yPlacering	existing-unreviewed		0
값	værdi_2	værdi_2	existing-unreviewed		0
공용서술자테이블	shareddescriptorTabel	shareddescriptorTabel	existing-unreviewed		0
기준	base_2	base_2	existing-unreviewed		0
기준_낮은	baseLav_2	baseLav_2	existing-unreviewed		0
기준_높은	baseHøj_2	baseHøj_2	existing-unreviewed		0
기준_매우높은	baseveryHøj	baseveryHøj	existing-unreviewed		0
기준주소	baseaddress	baseaddress	existing-unreviewed		0
넷카드콘솔	netværkKortspilconsole	netværkKortspilconsole	existing-unreviewed		0
단말기	terminal	terminal	existing-unreviewed		0
마우스콘솔	musconsole	musconsole	existing-unreviewed		0
매개값	argumentVærdi	argumentVærdi	existing-unreviewed		0
멈추기	halt	halt	existing-unreviewed		0
목적	destination_3	destination_3	existing-unreviewed		0
유형	typeVærdi_2	typeVærdi_2	existing-unreviewed		0
이더넷콘솔	ethernetconsole	ethernetconsole	existing-unreviewed		0
인터럽트무시하기	interruptignore	interruptignore	existing-unreviewed		0
인터럽트예외처리기	interruptexceptionhandler	interruptexceptionhandler	existing-unreviewed		0
인터럽트예외처리기0x00	interruptexceptionhandler0x00	interruptexceptionhandler0x00	existing-unreviewed		0
인터럽트예외처리기0x01	interruptexceptionhandler0x01	interruptexceptionhandler0x01	existing-unreviewed		0
인터럽트예외처리기0x02	interruptexceptionhandler0x02	interruptexceptionhandler0x02	existing-unreviewed		0
인터럽트예외처리기0x03	interruptexceptionhandler0x03	interruptexceptionhandler0x03	existing-unreviewed		0
인터럽트예외처리기0x04	interruptexceptionhandler0x04	interruptexceptionhandler0x04	existing-unreviewed		0
인터럽트예외처리기0x05	interruptexceptionhandler0x05	interruptexceptionhandler0x05	existing-unreviewed		0
인터럽트예외처리기0x06	interruptexceptionhandler0x06	interruptexceptionhandler0x06	existing-unreviewed		0
인터럽트예외처리기0x07	interruptexceptionhandler0x07	interruptexceptionhandler0x07	existing-unreviewed		0
인터럽트예외처리기0x08	interruptexceptionhandler0x08	interruptexceptionhandler0x08	existing-unreviewed		0
인터럽트예외처리기0x09	interruptexceptionhandler0x09	interruptexceptionhandler0x09	existing-unreviewed		0
인터럽트예외처리기0x0A	interruptexceptionhandler0x0a	interruptexceptionhandler0x0a	existing-unreviewed		0
인터럽트예외처리기0x0B	interruptexceptionhandler0x0b	interruptexceptionhandler0x0b	existing-unreviewed		0
인터럽트예외처리기0x0C	interruptexceptionhandler0x0c	interruptexceptionhandler0x0c	existing-unreviewed		0
인터럽트예외처리기0x0D	interruptexceptionhandler0x0d	interruptexceptionhandler0x0d	existing-unreviewed		0
인터럽트예외처리기0x0E	interruptexceptionhandler0x0e	interruptexceptionhandler0x0e	existing-unreviewed		0
인터럽트예외처리기0x0F	interruptexceptionhandler0x0f	interruptexceptionhandler0x0f	existing-unreviewed		0
인터럽트예외처리기0x10	interruptexceptionhandler0x10	interruptexceptionhandler0x10	existing-unreviewed		0
인터럽트예외처리기0x11	interruptexceptionhandler0x11	interruptexceptionhandler0x11	existing-unreviewed		0
인터럽트예외처리기0x12	interruptexceptionhandler0x12	interruptexceptionhandler0x12	existing-unreviewed		0
인터럽트예외처리기0x13	interruptexceptionhandler0x13	interruptexceptionhandler0x13	existing-unreviewed		0
인터럽트요청처리0x00	interruptrequesthandler0x00	interruptrequesthandler0x00	existing-unreviewed		0
인터럽트요청처리0x01	interruptrequesthandler0x01	interruptrequesthandler0x01	existing-unreviewed		0
인터럽트요청처리0x02	interruptrequesthandler0x02	interruptrequesthandler0x02	existing-unreviewed		0
인터럽트요청처리0x03	interruptrequesthandler0x03	interruptrequesthandler0x03	existing-unreviewed		0
인터럽트요청처리0x04	interruptrequesthandler0x04	interruptrequesthandler0x04	existing-unreviewed		0
인터럽트요청처리0x05	interruptrequesthandler0x05	interruptrequesthandler0x05	existing-unreviewed		0
인터럽트요청처리0x06	interruptrequesthandler0x06	interruptrequesthandler0x06	existing-unreviewed		0
인터럽트요청처리0x07	interruptrequesthandler0x07	interruptrequesthandler0x07	existing-unreviewed		0
인터럽트요청처리0x08	interruptrequesthandler0x08	interruptrequesthandler0x08	existing-unreviewed		0
인터럽트요청처리0x09	interruptrequesthandler0x09	interruptrequesthandler0x09	existing-unreviewed		0
인터럽트요청처리0x0A	interruptrequesthandler0x0a	interruptrequesthandler0x0a	existing-unreviewed		0
인터럽트요청처리0x0B	interruptrequesthandler0x0b	interruptrequesthandler0x0b	existing-unreviewed		0
인터럽트요청처리0x0C	interruptrequesthandler0x0c	interruptrequesthandler0x0c	existing-unreviewed		0
인터럽트요청처리0x0D	interruptrequesthandler0x0d	interruptrequesthandler0x0d	existing-unreviewed		0
인터럽트요청처리0x0E	interruptrequesthandler0x0e	interruptrequesthandler0x0e	existing-unreviewed		0
인터럽트요청처리0x0F	interruptrequesthandler0x0f	interruptrequesthandler0x0f	existing-unreviewed		0
인터럽트요청처리0x80	interruptrequesthandler0x80	interruptrequesthandler0x80	existing-unreviewed		0
인터럽트요청처리0x81	interruptrequesthandler0x81	interruptrequesthandler0x81	existing-unreviewed		0
인터럽트요청처리0x82	interruptrequesthandler0x82	interruptrequesthandler0x82	existing-unreviewed		0
인터럽트처리기	interrupthandler_2	interrupthandler_2	existing-unreviewed		0
임시	temporary_2	temporary_2	existing-unreviewed		0
자료	data_2	data_2	existing-unreviewed		0
자신	selv_2	selv_2	existing-unreviewed		0
작업관리자	opgavemanager_2	opgavemanager_2	existing-unreviewed		0
작업콘솔	opgaveconsole	opgaveconsole	existing-unreviewed		0
조각설명자	segmentdescriptor	segmentdescriptor	existing-unreviewed		0
콘솔	console_2	console_2	existing-unreviewed		0
크기	størrelse_2	størrelse_2	existing-unreviewed		0
키보드콘솔	tastaturconsole	tastaturconsole	existing-unreviewed		0
표시들	flag_2	flag_2	existing-unreviewed		0
표시들_한도_높은	flaglimitHøj	flaglimitHøj	existing-unreviewed		0
한도	limit_2	limit_2	existing-unreviewed		0
한도_낮은	limitLav_2	limitLav_2	existing-unreviewed		0
