original	before	after	review_status	concept	changed_tokens
Activate	Aktivieren	Aktivieren	existing-unreviewed		0
ActivateAll	AktivierenAlle	AktivierenAlle	existing-unreviewed		0
Active	Aktiv	Aktiv	existing-unreviewed		0
ActiveInterruptManager	AktivUnterbrechungVerwalter	AktivUnterbrechungVerwalter	existing-unreviewed		0
ActiveMemoryManager	AktivSpeicherVerwalter	AktivSpeicherVerwalter	existing-unreviewed		0
Add	Hinzufügen	Hinzufügen	existing-unreviewed		0
AddDriver	HinzufügenTreiber	HinzufügenTreiber	existing-unreviewed		0
AddRunnableThread	HinzufügenrunnableAusführungsfaden	HinzufügenrunnableAusführungsfaden	existing-unreviewed		0
AddTask	HinzufügenAufgabe	HinzufügenAufgabe	existing-unreviewed		0
AddThread	HinzufügenAusführungsfaden	HinzufügenAusführungsfaden	existing-unreviewed		0
Address	Address	Address	existing-unreviewed		0
AlignedMalloc	Alignedmalloc	Alignedmalloc	existing-unreviewed		0
AlignmentCheck	Alignmentcheck	Alignmentcheck	existing-unreviewed		0
AllocateBlock	AllocateRechteck	AllocateRechteck	existing-unreviewed		0
AllocatePID	AllocateProzesskennung	AllocateProzesskennung	existing-unreviewed		0
AmountOfMemory	MengevonSpeicher	MengevonSpeicher	existing-unreviewed		0
ArrayToUint16	Feldtounsignedinteger16	Feldtounsignedinteger16	existing-unreviewed		0
ArrayToUint32	Feldtounsignedinteger32	Feldtounsignedinteger32	existing-unreviewed		0
ArrayToUint48	Feldtounsignedinteger48	Feldtounsignedinteger48	existing-unreviewed		0
ArrayToUint48_BE	Feldtounsignedinteger48be	Feldtounsignedinteger48be	existing-unreviewed		0
ArrayToUint64	Feldtounsignedinteger64	Feldtounsignedinteger64	existing-unreviewed		0
Atime	Atime	Atime	existing-unreviewed		0
AtimeNsec	Atimensec	Atimensec	existing-unreviewed		0
BLOCKS_PER_BYTE	RechteckperByte	RechteckperByte	existing-unreviewed		0
BLOCK_SIZE	RechteckGröße	RechteckGröße	existing-unreviewed		0
Backend	Backend	Backend	existing-unreviewed		0
BaseAddr	Baseaddress	Baseaddress	existing-unreviewed		0
Bind	Bindung	Bindung	existing-unreviewed		0
Blksize	Blksize	Blksize	existing-unreviewed		0
Blocked	Blocked	Blocked	existing-unreviewed		0
BlockedState	BlockedStatus	BlockedStatus	existing-unreviewed		0
Blocks	Rechteck	Rechteck	existing-unreviewed		0
BoundRangeExceeded	BoundSpannweiteexceeded	BoundSpannweiteexceeded	existing-unreviewed		0
BroadcastMacAddress	Broadcastmacaddress	Broadcastmacaddress	existing-unreviewed		0
BytesPerSector	Bytepersector	Bytepersector	existing-unreviewed		0
BytesToString	BytetoZeichenkette	BytetoZeichenkette	existing-unreviewed		0
Checksum	Prüfsumme	Prüfsumme	existing-unreviewed		0
Clear	Leeren	Leeren	existing-unreviewed		0
Clone	Clone	Clone	existing-unreviewed		0
CloneAddressSpaceCOW	CloneaddressLeerzeichencow	CloneaddressLeerzeichencow	existing-unreviewed		0
Connect	Verbinden	Verbinden	existing-unreviewed		0
ContainsCoordinate	Containscoordinate	Containscoordinate	existing-unreviewed		0
CopyPageFrameBlock	KopierenSeiteRahmenRechteck	KopierenSeiteRahmenRechteck	existing-unreviewed		0
CpuState	CpuStatus	CpuStatus	existing-unreviewed		0
Create	Erstellen	Erstellen	existing-unreviewed		0
CreateFromData	ErstellenvonDaten	ErstellenvonDaten	existing-unreviewed		0
CreateFromFunction	ErstellenvonFunktion	ErstellenvonFunktion	existing-unreviewed		0
CreatePtrFromFunction	ErstellenZeigervonFunktion	ErstellenZeigervonFunktion	existing-unreviewed		0
Cs	Cs	Cs	existing-unreviewed		0
Ctime	Ctime	Ctime	existing-unreviewed		0
CtimeNsec	Ctimensec	Ctimensec	existing-unreviewed		0
CurrentPID	SystemzeitProzesskennung	SystemzeitProzesskennung	existing-unreviewed		0
CurrentParentPID	SystemzeitElternelementProzesskennung	SystemzeitElternelementProzesskennung	existing-unreviewed		0
Data	Data	Data	compatibility		0
Deactivate	Deaktivieren	Deaktivieren	existing-unreviewed		0
Deactive	Deactive	Deactive	existing-unreviewed		0
Decrement	Decrement	Decrement	existing-unreviewed		0
Delete	Löschen	Löschen	existing-unreviewed		0
DescriptorPrivilegeLevel	Descriptorprivilegelevel	Descriptorprivilegelevel	existing-unreviewed		0
DescriptorType	DescriptorTyp	DescriptorTyp	existing-unreviewed		0
Destroy	Zerstören	Zerstören	existing-unreviewed		0
Dev	Gerät	Gerät	existing-unreviewed		0
DeviceHasFunctions	GeräthasFunktionen	GeräthasFunktionen	existing-unreviewed		0
DeviceNotAvailable	GerätNichtVerfügbar	GerätNichtVerfügbar	existing-unreviewed		0
Device_id	GerätKennung	GerätKennung	existing-unreviewed		0
DisableInt	DeaktivierenGanzzahl	DeaktivierenGanzzahl	existing-unreviewed		0
Disconnect	Trennen	Trennen	existing-unreviewed		0
DivideByZero	DividierenbyNull	DividierenbyNull	existing-unreviewed		0
DoHandleInterrupt	DoGriffUnterbrechung	DoGriffUnterbrechung	existing-unreviewed		0
DoubleFault	GleitkommazahlFehler	GleitkommazahlFehler	existing-unreviewed		0
Draw	Draw	Draw	existing-unreviewed		0
DriverManager	TreiberVerwalter	TreiberVerwalter	existing-unreviewed		0
Ds	Ds	Ds	existing-unreviewed		0
Dynamic	Dynamisch	Dynamisch	existing-unreviewed		0
E2BIG	E2Groß	E2Groß	existing-unreviewed		0
EACCES	Eacces	Eacces	existing-unreviewed		0
EADDRINUSE	Eaddrinuse	Eaddrinuse	existing-unreviewed		0
EAFNOSUPPORT	Eafnosupport	Eafnosupport	existing-unreviewed		0
EAGAIN	Eagain	Eagain	existing-unreviewed		0
EBADF	Ebadf	Ebadf	existing-unreviewed		0
EBUSY	Ebusy	Ebusy	existing-unreviewed		0
ECHILD	Echild	Echild	existing-unreviewed		0
EEXIST	Eexist	Eexist	existing-unreviewed		0
EFAULT	Efault	Efault	existing-unreviewed		0
EFBIG	Efbig	Efbig	existing-unreviewed		0
EINTR	Eintr	Eintr	existing-unreviewed		0
EINVAL	Einval	Einval	existing-unreviewed		0
EIO	Eio	Eio	existing-unreviewed		0
EISDIR	Eisdir	Eisdir	existing-unreviewed		0
EMFILE	Emfile	Emfile	existing-unreviewed		0
EMSGSIZE	Emsgsize	Emsgsize	existing-unreviewed		0
ENETUNREACH	Enetunreach	Enetunreach	existing-unreviewed		0
ENFILE	Enfile	Enfile	existing-unreviewed		0
ENODEV	Enodev	Enodev	existing-unreviewed		0
ENOENT	Enoent	Enoent	existing-unreviewed		0
ENOEXEC	Enoexec	Enoexec	existing-unreviewed		0
ENOMEM	Enomem	Enomem	existing-unreviewed		0
ENOSPC	Enospc	Enospc	existing-unreviewed		0
ENOSYS	Enosys	Enosys	existing-unreviewed		0
ENOTCONN	Enotconn	Enotconn	existing-unreviewed		0
ENOTDIR	Enotdir	Enotdir	existing-unreviewed		0
ENOTTY	Enotty	Enotty	existing-unreviewed		0
EOPNOTSUPP	Eopnotsupp	Eopnotsupp	existing-unreviewed		0
EPERM	Eperm	Eperm	existing-unreviewed		0
EPROTONOSUPPORT	Eprotonosupport	Eprotonosupport	existing-unreviewed		0
ERANGE	Erange	Erange	existing-unreviewed		0
EROFS	Erofs	Erofs	existing-unreviewed		0
ESPIPE	Espipe	Espipe	existing-unreviewed		0
ESRCH	Esrch	Esrch	existing-unreviewed		0
Eax	Eax	Eax	existing-unreviewed		0
Ebp	Ebp	Ebp	existing-unreviewed		0
Ebx	Ebx	Ebx	existing-unreviewed		0
Ecx	Ecx	Ecx	existing-unreviewed		0
Edi	Edi	Edi	existing-unreviewed		0
Edx	Edx	Edx	existing-unreviewed		0
Eflags	Eflags	Eflags	existing-unreviewed		0
Eip	Eip	Eip	existing-unreviewed		0
Elf	Elf	Elf	existing-unreviewed		0
Elf32Dyn	Elf32dyn	Elf32dyn	existing-unreviewed		0
Elf32Note	Elf32Notiz	Elf32Notiz	existing-unreviewed		0
Elf32Rel	Elf32rel	Elf32rel	existing-unreviewed		0
Elf32Rela	Elf32rela	Elf32rela	existing-unreviewed		0
Elf32Sym	Elf32sym	Elf32sym	existing-unreviewed		0
ElfHeader	ElfKopf	ElfKopf	existing-unreviewed		0
ElfProgramHeader	ElfProgrammKopf	ElfProgrammKopf	existing-unreviewed		0
ElfSectionHeader	ElfAbschnittKopf	ElfAbschnittKopf	existing-unreviewed		0
EnablePaging	AktivierenSeitenverwaltung	AktivierenSeitenverwaltung	existing-unreviewed		0
Enabled	Aktiviert	Aktiviert	existing-unreviewed		0
EntryNumber	EintragNummer	EintragNummer	existing-unreviewed		0
EqualBytes	EntsprechendByte	EntsprechendByte	existing-unreviewed		0
Es	Es	Es	existing-unreviewed		0
Esi	Esi	Esi	existing-unreviewed		0
Esp	Esp	Esp	existing-unreviewed		0
FPUBuffer	Fpubuffer	Fpubuffer	existing-unreviewed		0
FPUOffset	FpuVersatz	FpuVersatz	existing-unreviewed		0
Family	Family	Family	existing-unreviewed		0
FileName	DateiElementname	DateiElementname	existing-unreviewed		0
Fill	Fill	Fill	existing-unreviewed		0
FillRectangle	FillRechteck	FillRechteck	existing-unreviewed		0
First	First	First	existing-unreviewed		0
FirstFree	FirstFrei	FirstFrei	existing-unreviewed		0
FirstFreeSize	FirstFreiGröße	FirstFreiGröße	existing-unreviewed		0
Flags	Optionen	Optionen	existing-unreviewed		0
FloatingPointException	Gleitendpointexception	Gleitendpointexception	existing-unreviewed		0
Flush	Flush	Flush	existing-unreviewed		0
FlushTlsTable	FlushtlsTabelle	FlushtlsTabelle	existing-unreviewed		0
Focussable	Focussable	Focussable	existing-unreviewed		0
Free	Frei	Frei	existing-unreviewed		0
Fs	Fs	Fs	existing-unreviewed		0
GB	Gb	Gb	existing-unreviewed		0
GDT_ENTRIES	GdtEintrag	GdtEintrag	existing-unreviewed		0
GOT	Got	Got	existing-unreviewed		0
GPFException	Gpfexception	Gpfexception	existing-unreviewed		0
GatewayIP	Gatewayip	Gatewayip	existing-unreviewed		0
GdtAddressHigh	GdtaddressHoch	GdtaddressHoch	existing-unreviewed		0
GdtAddressLow	GdtaddressNiedrig	GdtaddressNiedrig	existing-unreviewed		0
GdtDescriptor	Gdtdescriptor	Gdtdescriptor	existing-unreviewed		0
GdtEntry	GdtEintrag_2	GdtEintrag_2	existing-unreviewed		0
GdtSize	GdtGröße	GdtGröße	existing-unreviewed		0
GetAt	Getat	Getat	existing-unreviewed		0
GetBackend	Getbackend	Getbackend	existing-unreviewed		0
GetBaseAddressRegister	GetbaseaddressRegister	GetbaseaddressRegister	existing-unreviewed		0
GetBitmaspSize	GetbitmaspGröße	GetbitmaspGröße	existing-unreviewed		0
GetBytesFromPtr	GetBytevonZeiger	GetBytevonZeiger	existing-unreviewed		0
GetCR0	Getcr0	Getcr0	existing-unreviewed		0
GetCR2	Getcr2	Getcr2	existing-unreviewed		0
GetCR3	Getcr3	Getcr3	existing-unreviewed		0
GetCR4	Getcr4	Getcr4	existing-unreviewed		0
GetColorIndex	GetFarbeInhalt	GetFarbeInhalt	existing-unreviewed		0
GetDeviceDescriptor	GetGerätdescriptor	GetGerätdescriptor	existing-unreviewed		0
GetDriver	GetTreiber	GetTreiber	existing-unreviewed		0
GetESP0	Getesp0	Getesp0	existing-unreviewed		0
GetEntry	GetEintrag	GetEintrag	existing-unreviewed		0
GetFileSize	GetDateiGröße	GetDateiGröße	existing-unreviewed		0
GetFocus	GetFokus	GetFokus	existing-unreviewed		0
GetFrameBufferSegment	GetRahmenbuffersegment	GetRahmenbuffersegment	existing-unreviewed		0
GetFuncPtrFromPtr	GetfuncZeigervonZeiger	GetfuncZeigervonZeiger	existing-unreviewed		0
GetFunctionName	GetFunktionElementname	GetFunktionElementname	existing-unreviewed		0
GetHandler	Gethandler	Gethandler	existing-unreviewed		0
GetIPAddress	Getipaddress	Getipaddress	existing-unreviewed		0
GetMACAddress	Getmacaddress	Getmacaddress	existing-unreviewed		0
GetMACFromCache	Getmacvoncache	Getmacvoncache	existing-unreviewed		0
GetNextReadyThread	GetWeiterBereitAusführungsfaden	GetWeiterBereitAusführungsfaden	existing-unreviewed		0
GetNodeAt	GetKnotenat	GetKnotenat	existing-unreviewed		0
GetProvider	Providerget	Providerget	existing-unreviewed		0
GetSS0	Getss0	Getss0	existing-unreviewed		0
GetStr	Getstr	Getstr	existing-unreviewed		0
GetUint32ArrayFromPtr	Getunsignedinteger32FeldvonZeiger	Getunsignedinteger32FeldvonZeiger	existing-unreviewed		0
GetUintptrArrayFromPtr	GetunsignedintegerZeigerFeldvonZeiger	GetunsignedintegerZeigerFeldvonZeiger	existing-unreviewed		0
GetValue	GetWert	GetWert	existing-unreviewed		0
GetValueInPageDir	GetWertEinSeiteOrdner	GetWertEinSeiteOrdner	existing-unreviewed		0
Gid	Gid	Gid	existing-unreviewed		0
Gs	Gs	Gs	existing-unreviewed		0
HandleException	Griffexception	Griffexception	existing-unreviewed		0
HandleFatalInterruptFrame	GrifffatalUnterbrechungRahmen	GrifffatalUnterbrechungRahmen	existing-unreviewed		0
HandleInterrupt	GriffUnterbrechung	GriffUnterbrechung	existing-unreviewed		0
HandleInterrupt1	GriffUnterbrechung1	GriffUnterbrechung1	existing-unreviewed		0
HandleUserDatagramProtocolMessage	GriffBenutzerdatagramprotocolNachricht	GriffBenutzerdatagramprotocolNachricht	existing-unreviewed		0
IDT_DESC_PRESENT	IdtdescriptorVorhanden	IdtdescriptorVorhanden	existing-unreviewed		0
IDT_INTERRUPT_GATE	IdtUnterbrechungTor	IdtUnterbrechungTor	existing-unreviewed		0
IDriver	ITreiber	ITreiber	existing-unreviewed		0
IEtherFrameHandler	IEthernetRahmenhandler	IEthernetRahmenhandler	existing-unreviewed		0
IInternetProtocolHandler	IInternetprotocolhandler	IInternetprotocolhandler	existing-unreviewed		0
IInterruptHandler	IUnterbrechunghandler	IUnterbrechunghandler	existing-unreviewed		0
IKeyboardEventHandler	ITastaturEreignishandler	ITastaturEreignishandler	existing-unreviewed		0
IMouseEventHandler	IMausEreignishandler	IMausEreignishandler	existing-unreviewed		0
IPCIControllerHandler	IpciSteuerunghandler	IpciSteuerunghandler	existing-unreviewed		0
IPCache	Ipcache	Ipcache	existing-unreviewed		0
IP_BE	IpNetzwerkByteorder	IpNetzwerkByteorder	existing-unreviewed		0
IRawDataHandler	IRawDatenhandler	IRawDatenhandler	existing-unreviewed		0
ITimerEventHandler	IZeitgeberEreignishandler	IZeitgeberEreignishandler	existing-unreviewed		0
IUserDatagramProtocolHandler	IBenutzerdatagramprotocolhandler	IBenutzerdatagramprotocolhandler	existing-unreviewed		0
IUserDatagramProtocolSocket	IBenutzerdatagramprotocolNetzanschluss	IBenutzerdatagramprotocolNetzanschluss	existing-unreviewed		0
IWidget	ISteuerelement	IBildschirmelement	project-proposal	widget	6
Identify	Identify	Identify	existing-unreviewed		0
Increment	Increment	Increment	existing-unreviewed		0
IndexOf	Inhaltvon	Inhaltvon	existing-unreviewed		0
Init	Init	Init	existing-unreviewed		0
InitDriver	InitTreiber	InitTreiber	existing-unreviewed		0
InitialThreadUserJump	InitialAusführungsfadenBenutzerjump	InitialAusführungsfadenBenutzerjump	existing-unreviewed		0
Ino	Ino	Ino	existing-unreviewed		0
Install	Installieren	Installieren	existing-unreviewed		0
Interrupt	Unterbrechung	Unterbrechung	existing-unreviewed		0
InterruptActive	UnterbrechungAktiv	UnterbrechungAktiv	existing-unreviewed		0
InterruptDeactive	Unterbrechungdeactive	Unterbrechungdeactive	existing-unreviewed		0
InterruptManager	UnterbrechungVerwalter	UnterbrechungVerwalter	existing-unreviewed		0
InterruptNumber	UnterbrechungNummer	UnterbrechungNummer	existing-unreviewed		0
InvalidOpcode	Ungültigopcode	Ungültigopcode	existing-unreviewed		0
InvalidTSS	Ungültigtss	Ungültigtss	existing-unreviewed		0
IsKernel	IsKern	IsKern	existing-unreviewed		0
IsPresent	IsVorhanden	IsVorhanden	existing-unreviewed		0
IsUserSpace	IsBenutzerLeerzeichen	IsBenutzerLeerzeichen	existing-unreviewed		0
KB	Kbit	Kbit	existing-unreviewed		0
KCS_INDEX	KcsInhalt	KcsInhalt	existing-unreviewed		0
KCS_SELECTOR	Kcsselector	Kcsselector	existing-unreviewed		0
KDS_INDEX	KdsInhalt	KdsInhalt	existing-unreviewed		0
KDS_SELECTOR	Kdsselector	Kdsselector	existing-unreviewed		0
KERNEL_HEAP_START	KernheapStarten	KernheapStarten	existing-unreviewed		0
KERNEL_VIRT_ADDR	Kernvirtaddress	Kernvirtaddress	existing-unreviewed		0
KGS_INDEX	KgsInhalt	KgsInhalt	existing-unreviewed		0
KGS_SELECTOR	Kgsselector	Kgsselector	existing-unreviewed		0
K핵심	KKernelEntry	KKernelEntry	compatibility		0
LIDT	Lidt	Lidt	existing-unreviewed		0
Last	Letzter	Letzter	existing-unreviewed		0
Len	Len	Len	compatibility		0
Limit	Beschränkung	Beschränkung	existing-unreviewed		0
Link	Verknüpfung	Verknüpfung	existing-unreviewed		0
LinkMap	VerknüpfungAbbildung	VerknüpfungAbbildung	existing-unreviewed		0
LinkedList	LinkedListe	LinkedListe	existing-unreviewed		0
Listen	Listen	Listen	existing-unreviewed		0
LoadElf	Ladenelf	Ladenelf	existing-unreviewed		0
MAC	Mac	Mac	existing-unreviewed		0
MAC0	Mac0	Mac0	existing-unreviewed		0
MAC1	Mac1	Mac1	existing-unreviewed		0
MAC2	Mac2	Mac2	existing-unreviewed		0
MAC3	Mac3	Mac3	existing-unreviewed		0
MAC4	Mac4	Mac4	existing-unreviewed		0
MAC5	Mac5	Mac5	existing-unreviewed		0
MACAddress0Port	Macaddress0Anschluss	Macaddress0Anschluss	existing-unreviewed		0
MACAddress2Port	Macaddress2Anschluss	Macaddress2Anschluss	existing-unreviewed		0
MACAddress4Port	Macaddress4Anschluss	Macaddress4Anschluss	existing-unreviewed		0
MACCache	Maccache	Maccache	existing-unreviewed		0
MAX_QUEUE_SIZE	MaximumWarteschlangeGröße	MaximumWarteschlangeGröße	existing-unreviewed		0
MB	Mbar	Mbar	existing-unreviewed		0
MBR	Mbr	Mbr	existing-unreviewed		0
MHex출력	MHexadecimalDrucken	MHexadecimalDrucken	existing-unreviewed		0
MHex출력XY	MHexadecimalDruckenxy	MHexadecimalDruckenxy	existing-unreviewed		0
MUint16출력	MUnsignedinteger16Drucken	MUnsignedinteger16Drucken	existing-unreviewed		0
MUint16출력XY	MUnsignedinteger16Druckenxy	MUnsignedinteger16Druckenxy	existing-unreviewed		0
MUint32출력	MUnsignedinteger32Drucken	MUnsignedinteger32Drucken	existing-unreviewed		0
MUint32출력XY	MUnsignedinteger32Druckenxy	MUnsignedinteger32Druckenxy	existing-unreviewed		0
MUint64출력	MUnsignedinteger64Drucken	MUnsignedinteger64Drucken	existing-unreviewed		0
MUint64출력XY	MUnsignedinteger64Druckenxy	MUnsignedinteger64Druckenxy	existing-unreviewed		0
Machine	Machine	Machine	existing-unreviewed		0
MachineCheck	Machinecheck	Machinecheck	existing-unreviewed		0
MakeRangePrivateWritable	MakeSpannweitePrivatwritable	MakeSpannweitePrivatwritable	existing-unreviewed		0
Malloc	Malloc	Speicher_reservieren	project-proposal	allocate_memory	32
MemCmp	Memcmp	Memcmp	existing-unreviewed		0
MemCpy	MemKopieren	MemKopieren	existing-unreviewed		0
MemMove	MemVerschieben	MemVerschieben	existing-unreviewed		0
MemSet	MemSetzen	MemSetzen	existing-unreviewed		0
MemoryOper	Speicheroper	Speicheroper	existing-unreviewed		0
Mode	Modus	Modus	existing-unreviewed		0
ModelToScreen	ModelltoBildschirm	Lokale_Koordinaten_setzen	project-proposal	set_coordinates	5
Mtime	Mtime	Mtime	existing-unreviewed		0
MtimeNsec	Mtimensec	Mtimensec	existing-unreviewed		0
MyHandleInterrupt	MyGriffUnterbrechung	MyGriffUnterbrechung	existing-unreviewed		0
MyTest	MyTesten	MyTesten	existing-unreviewed		0
M긴급로그Hex8	MEmergencyProtokollhexadecimal8	MEmergencyProtokollhexadecimal8	existing-unreviewed		0
M긴급로그Uint32	MEmergencyProtokollunsignedinteger32	MEmergencyProtokollunsignedinteger32	existing-unreviewed		0
M긴급로그문자열	MEmergencyProtokollZeichenkette	MEmergencyProtokollZeichenkette	existing-unreviewed		0
M직렬로그초기화	MSeriellProtokollinit	MSeriellProtokollinit	existing-unreviewed		0
M출력	MDrucken	MDrucken	existing-unreviewed		0
M출력BytesXY	MDruckenBytexy	MDruckenBytexy	existing-unreviewed		0
M출력Hex	MDruckenhexadecimal	MDruckenhexadecimal	existing-unreviewed		0
M출력Uint16	MDruckenunsignedinteger16	MDruckenunsignedinteger16	existing-unreviewed		0
M출력Uint32	MDruckenunsignedinteger32	MDruckenunsignedinteger32	existing-unreviewed		0
M출력XY	MDruckenxy	MDruckenxy	existing-unreviewed		0
M테스트	M테스트	M테스트	existing-unreviewed		0
NMI	Sm	Sm	existing-unreviewed		0
New	Neu	Neu	existing-unreviewed		0
NewInterruptHandler	NeuUnterbrechunghandler	NeuUnterbrechunghandler	existing-unreviewed		0
Next	Weiter	Weiter	existing-unreviewed		0
Nlink	Nlink	Nlink	existing-unreviewed		0
Node	Knoten	TListenknoten	project-proposal	list_node	16
Nodename	Nodename	Nodename	existing-unreviewed		0
OnEtherFrameReceived	EthernetRahmenreceivewhen	EthernetRahmenreceivewhen	existing-unreviewed		0
OnGetDriver	BeigetTreiber	BeigetTreiber	existing-unreviewed		0
OnInternetProtocolReceived	Internetprotocolreceivewhen	Internetprotocolreceivewhen	existing-unreviewed		0
OnKeyDown	BeiSchlüsselAbwärts	BeiSchlüsselAbwärts	existing-unreviewed		0
OnKeyUp	BeiSchlüsselAufwärts	BeiSchlüsselAufwärts	existing-unreviewed		0
OnMouseDown	BeiMausAbwärts	BeiMausAbwärts	existing-unreviewed		0
OnMouseMove	BeiMausVerschieben	BeiMausVerschieben	existing-unreviewed		0
OnMouseUp	BeiMausAufwärts	BeiMausAufwärts	existing-unreviewed		0
OnRawDataReceived	BeirawDatenreceive	BeirawDatenreceive	existing-unreviewed		0
OnTick	Beitick	Beitick	existing-unreviewed		0
Overflow	Overflow	Overflow	existing-unreviewed		0
P1LinkMap	PWert1VerknüpfungAbbildung	PWert1VerknüpfungAbbildung	existing-unreviewed		0
P2LinkMap	PWert2VerknüpfungAbbildung	PWert2VerknüpfungAbbildung	existing-unreviewed		0
P3LinkMap	PWert3VerknüpfungAbbildung	PWert3VerknüpfungAbbildung	existing-unreviewed		0
PAGE_COW	Seitecow	Seitecow	existing-unreviewed		0
PAGE_FRAME	SeiteRahmen	SeiteRahmen	existing-unreviewed		0
PAGE_PRESENT	SeiteVorhanden	SeiteVorhanden	existing-unreviewed		0
PAGE_USER	SeiteBenutzer	SeiteBenutzer	existing-unreviewed		0
PAGE_WRITABLE	Seitewritable	Seitewritable	existing-unreviewed		0
PAUSE_LOOP	AnhaltenSchleife	AnhaltenSchleife	existing-unreviewed		0
PICMasterCommandPort	PrimarypicBefehlEAAnschluss	PrimarypicBefehlEAAnschluss	existing-unreviewed		0
PICMasterDataPort	PrimarypicDatenEAAnschluss	PrimarypicDatenEAAnschluss	existing-unreviewed		0
PICSlaveCommandPort	SecondarypicBefehlEAAnschluss	SecondarypicBefehlEAAnschluss	existing-unreviewed		0
PICSlaveDataPort	SecondarypicDatenEAAnschluss	SecondarypicDatenEAAnschluss	existing-unreviewed		0
PRESENT	Vorhanden	Vorhanden	existing-unreviewed		0
PRIV_KERNEL	PrivKern	PrivKern	existing-unreviewed		0
PRIV_USER	PrivBenutzer	PrivBenutzer	existing-unreviewed		0
PROC_USER_HEAP_SIZE	ProcBenutzerheapGröße	ProcBenutzerheapGröße	existing-unreviewed		0
PageDirEntry	SeiteOrdnerEintrag	SeiteOrdnerEintrag	existing-unreviewed		0
PageDirectoryEntry	SeiteOrdnerEintrag_2	SeiteOrdnerEintrag_2	existing-unreviewed		0
PageFault	SeiteFehler	SeiteFehler	existing-unreviewed		0
PageFaultException	SeiteFehlerexception	SeiteFehlerexception	existing-unreviewed		0
PageRoundDown	SeiteRundenAbwärts	SeiteRundenAbwärts	existing-unreviewed		0
PageRoundUp	SeiteRundenAufwärts	SeiteRundenAufwärts	existing-unreviewed		0
PageTableEntry	SeiteTabelleEintrag	SeiteTabelleEintrag	existing-unreviewed		0
Paging	Seitenverwaltung	Seitenverwaltung	existing-unreviewed		0
ParentPid	ElternelementProzesskennung	ElternelementProzesskennung	existing-unreviewed		0
Parse	Parse	Parse	existing-unreviewed		0
Partition_id	PartitionKennung	PartitionKennung	existing-unreviewed		0
PhyMemTest	PhymemTesten	PhymemTesten	existing-unreviewed		0
PhysicalMemoryManager	PhysischSpeicherVerwalter	PhysischSpeicherVerwalter	existing-unreviewed		0
Pid	Prozesskennung	Prozesskennung	existing-unreviewed		0
Port	Anschluss	Anschluss	existing-unreviewed		0
PortBase	Anschlussbase	Anschlussbase	existing-unreviewed		0
PortInByte	AnschlussEinByte	AnschlussEinByte	existing-unreviewed		0
PortInDword	AnschlussEindword	AnschlussEindword	existing-unreviewed		0
PortInWord	AnschlussEinWort	AnschlussEinWort	existing-unreviewed		0
PortOutByte	AnschlussAusByte	AnschlussAusByte	existing-unreviewed		0
PortOutDword	AnschlussAusdword	AnschlussAusdword	existing-unreviewed		0
PortOutWord	AnschlussAusWort	AnschlussAusWort	existing-unreviewed		0
PortReadByte	AnschlussLesenByte	AnschlussLesenByte	existing-unreviewed		0
PortReadDword	AnschlussLesendword	AnschlussLesendword	existing-unreviewed		0
PortReadWord	AnschlussLesenWort	AnschlussLesenWort	existing-unreviewed		0
PortWriteByte	AnschlussSchreibenByte	AnschlussSchreibenByte	existing-unreviewed		0
PortWriteDword	AnschlussSchreibendword	AnschlussSchreibendword	existing-unreviewed		0
PortWriteWord	AnschlussSchreibenWort	AnschlussSchreibenWort	existing-unreviewed		0
Prev	Previous	Previous	existing-unreviewed		0
PrevTSS	Previoustss	Previoustss	existing-unreviewed		0
PrimaryPartition	PrimaryPartition	PrimaryPartition	existing-unreviewed		0
Print	Drucken	Drucken	existing-unreviewed		0
PrintBytes	DruckenByte	DruckenByte	existing-unreviewed		0
PrintStr	Druckenstr	Druckenstr	existing-unreviewed		0
PrintTLS	Druckentls	Druckentls	existing-unreviewed		0
PrintTest	DruckenTesten	DruckenTesten	existing-unreviewed		0
Process	Prozess	Prozess	existing-unreviewed		0
ProcessHelper	Prozesshelper	Prozesshelper	existing-unreviewed		0
ProcessPendingKeyboardEvents	ProzessausstehendTastaturEreignisse	ProzessausstehendTastaturEreignisse	existing-unreviewed		0
ProcessPendingMouseEvents	ProzessausstehendMausEreignisse	ProzessausstehendMausEreignisse	existing-unreviewed		0
PushAt	Pushat	An_Position_einfügen	project-proposal	insert_at	1
PushBack	PushZurück	Am_Listenende_anfügen	project-proposal	append	12
PushFront	PushVorn	Am_Listenanfang_einfügen	project-proposal	prepend	5
PutPixel	Putpixel	Putpixel	existing-unreviewed		0
PutPixelRGB	Putpixelrgb	Putpixelrgb	existing-unreviewed		0
QUEUE_START_ADDR	WarteschlangeStartenaddress	WarteschlangeStartenaddress	existing-unreviewed		0
Rdev	Rdev	Rdev	existing-unreviewed		0
Read	Lesen	Lesen	existing-unreviewed		0
Read28	Lesen28	Lesen28	existing-unreviewed		0
ReadFile	LesenDatei	Datei_lesen	project-proposal	file_read	7
ReadPartitions	LesenPartition	LesenPartition	existing-unreviewed		0
Ready	Bereit	Bereit	existing-unreviewed		0
Receive	Receive	Receive	existing-unreviewed		0
Ref	Reference	Reference	existing-unreviewed		0
Release	Release	Release	existing-unreviewed		0
ReloadCR3	Neuladencr3	Neuladencr3	existing-unreviewed		0
Remove	Entfernen	Entfernen	existing-unreviewed		0
RemoveAt	Entfernenat	Entfernenat	existing-unreviewed		0
RemoveThread	EntfernenAusführungsfaden	EntfernenAusführungsfaden	existing-unreviewed		0
RemoveThreadAt	EntfernenAusführungsfadenat	EntfernenAusführungsfadenat	existing-unreviewed		0
RequestMacAddress	Requestmacaddress	Requestmacaddress	existing-unreviewed		0
Reset	Zurücksetzen	Zurücksetzen	existing-unreviewed		0
Resolve	Auflösen	Auflösen	existing-unreviewed		0
ResolveCopyOnWriteFault	AuflösenKopierenbeiSchreibenFehler	AuflösenKopierenbeiSchreibenFehler	existing-unreviewed		0
SCHEDULER_FREQUENCY	PlanerHäufigkeit	PlanerHäufigkeit	existing-unreviewed		0
SEG_BIG_MODE	SegGroßModus	SegGroßModus	existing-unreviewed		0
SEG_EXEC	SegAusführen	SegAusführen	existing-unreviewed		0
SEG_GRAN_4K_PAGE	Seggran4kSeite	Seggran4kSeite	existing-unreviewed		0
SEG_GRAN_BYTE	SeggranByte	SeggranByte	existing-unreviewed		0
SEG_KERNEL_CODE	SegKerncode	SegKerncode	existing-unreviewed		0
SEG_KERNEL_DATA	SegKernDaten	SegKernDaten	existing-unreviewed		0
SEG_KERNEL_GS	SegKerngs	SegKerngs	existing-unreviewed		0
SEG_NOEXEC	Segnoexec	Segnoexec	existing-unreviewed		0
SEG_NORMAL	Segnormal	Segnormal	existing-unreviewed		0
SEG_NORW	Segnorw	Segnorw	existing-unreviewed		0
SEG_R	Segr	Segr	existing-unreviewed		0
SEG_SYSTEM	SegSystem	SegSystem	existing-unreviewed		0
SEG_TASK_STATE	SegAufgabeStatus	SegAufgabeStatus	existing-unreviewed		0
SEG_USER_CODE	SegBenutzercode	SegBenutzercode	existing-unreviewed		0
SEG_USER_DATA	SegBenutzerDaten	SegBenutzerDaten	existing-unreviewed		0
SEG_USER_GS	SegBenutzergs	SegBenutzergs	existing-unreviewed		0
SEG_W	Segw	Segw	existing-unreviewed		0
SIMDFloatingPointException	Simdgleitendpointexception	Simdgleitendpointexception	existing-unreviewed		0
SIZE	Größe	Größe	existing-unreviewed		0
SYS_ACCESS	Syszugreifen	Syszugreifen	existing-unreviewed		0
SYS_BRK	Sysbrk	Sysbrk	existing-unreviewed		0
SYS_CHDIR	Syschdir	Syschdir	existing-unreviewed		0
SYS_CLOSE	SysSchließen	SysSchließen	existing-unreviewed		0
SYS_CREAT	Syscreat	Syscreat	existing-unreviewed		0
SYS_DUP	Sysdup	Sysdup	existing-unreviewed		0
SYS_DUP2	Sysdup2	Sysdup2	existing-unreviewed		0
SYS_EXECVE	Sysexecve	Sysexecve	existing-unreviewed		0
SYS_EXIT	SysBeenden	SysBeenden	existing-unreviewed		0
SYS_FCNTL	Sysfcntl	Sysfcntl	existing-unreviewed		0
SYS_FORK	Sysfork	Sysfork	existing-unreviewed		0
SYS_FSTAT	Sysfstat	Sysfstat	existing-unreviewed		0
SYS_FSYNC	Sysfsync	Sysfsync	existing-unreviewed		0
SYS_GETCWD	Sysgetcwd	Sysgetcwd	existing-unreviewed		0
SYS_GETEGID	Sysgetegid	Sysgetegid	existing-unreviewed		0
SYS_GETEUID	Sysgeteuid	Sysgeteuid	existing-unreviewed		0
SYS_GETGID	Sysgetgid	Sysgetgid	existing-unreviewed		0
SYS_GETPID	Sysgetpid	Sysgetpid	existing-unreviewed		0
SYS_GETPPID	Sysgetppid	Sysgetppid	existing-unreviewed		0
SYS_GETUID	Sysgetuid	Sysgetuid	existing-unreviewed		0
SYS_LSEEK	Syslseek	Syslseek	existing-unreviewed		0
SYS_LSTAT	Syslstat	Syslstat	existing-unreviewed		0
SYS_OPEN	SysÖffnen	SysÖffnen	existing-unreviewed		0
SYS_READ	SysLesen	SysLesen	existing-unreviewed		0
SYS_RT_EXIT	SysrtBeenden	SysrtBeenden	existing-unreviewed		0
SYS_SOCKETCALL	Syssocketcall	Syssocketcall	existing-unreviewed		0
SYS_STAT	Sysstat	Sysstat	existing-unreviewed		0
SYS_SYNC	Syssync	Syssync	existing-unreviewed		0
SYS_UNAME	Sysuname	Sysuname	existing-unreviewed		0
SYS_WAITPID	Syswaitpid	Syswaitpid	existing-unreviewed		0
SYS_WRITE	SysSchreiben	SysSchreiben	existing-unreviewed		0
Schedule	Schedule	Schedule	existing-unreviewed		0
Scheduler	Planer	Planer	existing-unreviewed		0
SchedulerData	PlanerDaten	PlanerDaten	existing-unreviewed		0
SegmentNotPresent	SegmentNichtVorhanden	SegmentNichtVorhanden	existing-unreviewed		0
SelectDrivers	AuswählenTreiber	AuswählenTreiber	existing-unreviewed		0
Send	Senden	Senden	existing-unreviewed		0
SendEchoRequest	EchorequestSenden	EchorequestSenden	existing-unreviewed		0
SendFrame	RahmenSenden	RahmenSenden	existing-unreviewed		0
SerialInit	Seriellinit	Seriellinit	existing-unreviewed		0
SerialWriteByte	SeriellSchreibenByte	SeriellSchreibenByte	existing-unreviewed		0
SetBackend	Setzenbackend	Setzenbackend	existing-unreviewed		0
SetBit	Setzenbit	Setzenbit	existing-unreviewed		0
SetBlockInPageDir	SetzenRechteckEinSeiteOrdner	SetzenRechteckEinSeiteOrdner	existing-unreviewed		0
SetBuffer	Setzenbuffer	Setzenbuffer	existing-unreviewed		0
SetByteAtAddr	SetzenByteataddress	SetzenByteataddress	existing-unreviewed		0
SetByteInPageDir	SetzenByteEinSeiteOrdner	SetzenByteEinSeiteOrdner	existing-unreviewed		0
SetCR3	Setzencr3	Setzencr3	existing-unreviewed		0
SetColor	SetzenFarbe	SetzenFarbe	existing-unreviewed		0
SetDescriptor	Setzendescriptor	Setzendescriptor	existing-unreviewed		0
SetHandleInterruptFuction	SetzenGriffUnterbrechungfuction	SetzenGriffUnterbrechungfuction	existing-unreviewed		0
SetHandler	Setzenhandler	Setzenhandler	existing-unreviewed		0
SetIPAddress	Setzenipaddress	Setzenipaddress	existing-unreviewed		0
SetInterruptDescriptorTableEntry	UnterbrechungdescriptorTabelleEintragSetzen	UnterbrechungdescriptorTabelleEintragSetzen	existing-unreviewed		0
SetInterruptManager	SetzenUnterbrechungVerwalter	SetzenUnterbrechungVerwalter	existing-unreviewed		0
SetInterruptNumber	SetzenUnterbrechungNummer	SetzenUnterbrechungNummer	existing-unreviewed		0
SetMode	SetzenModus	SetzenModus	existing-unreviewed		0
SetNodeAt	SetzenKnotenat	SetzenKnotenat	existing-unreviewed		0
SetStack	Setzenstack	Setzenstack	existing-unreviewed		0
SetTlsSegment	Setzentlssegment	Setzentlssegment	existing-unreviewed		0
SetUint32AtAddr	Setzenunsignedinteger32ataddress	Setzenunsignedinteger32ataddress	existing-unreviewed		0
SetUint32InPageDir	Setzenunsignedinteger32EinSeiteOrdner	Setzenunsignedinteger32EinSeiteOrdner	existing-unreviewed		0
SetUint8AtAddr	Setzenunsignedinteger8ataddress	Setzenunsignedinteger8ataddress	existing-unreviewed		0
SharedMemoryRegion	SharedSpeicherregion	SharedSpeicherregion	existing-unreviewed		0
Size	Größe_2	Größe_2	existing-unreviewed		0
Spawn	Spawn	Spawn	existing-unreviewed		0
Ss	Ss	Ss	existing-unreviewed		0
Stack	Stack	Stack	existing-unreviewed		0
StackSegmentFault	StacksegmentFehler	StacksegmentFehler	existing-unreviewed		0
Start_lba	Startenlba	Startenlba	existing-unreviewed		0
Started	Gestartet	Gestartet	existing-unreviewed		0
StdinPutByte	StdinputByte	StdinputByte	existing-unreviewed		0
StopCurrentThread	AnhaltenSystemzeitAusführungsfaden	AnhaltenSystemzeitAusführungsfaden	existing-unreviewed		0
Stopped	Angehalten	Angehalten	existing-unreviewed		0
SubnetMask	SubnetMaske	SubnetMaske	existing-unreviewed		0
SupportMode	UnterstützungModus	UnterstützungModus	existing-unreviewed		0
Sys_brk	Sysbrk_2	Sysbrk_2	existing-unreviewed		0
Sys_close	SysSchließen_2	SysSchließen_2	existing-unreviewed		0
Sys_exit	SysBeenden_2	SysBeenden_2	existing-unreviewed		0
Sys_getpid	Sysgetpid_2	Sysgetpid_2	existing-unreviewed		0
Sys_mousemove	Sysmousemove	Sysmousemove	existing-unreviewed		0
Sys_open	SysÖffnen_2	SysÖffnen_2	existing-unreviewed		0
Sys_printStr	SysDruckenstr	SysDruckenstr	existing-unreviewed		0
Sys_printUint32	SysDruckenunsignedinteger32	SysDruckenunsignedinteger32	existing-unreviewed		0
Sys_printf	Sysprintf	Sysprintf	existing-unreviewed		0
Sys_read	SysLesen_2	SysLesen_2	existing-unreviewed		0
Syscall	Syscall	Syscall	existing-unreviewed		0
Sysname	Sysname	Sysname	existing-unreviewed		0
TARPEtherFrameHandler	ArpEthernetRahmenhandler	ArpEthernetRahmenhandler	existing-unreviewed		0
TARPMessage	ArpNachricht	ArpNachricht	existing-unreviewed		0
TARPMessageBuffer	ArpNachrichtbuffer	ArpNachrichtbuffer	existing-unreviewed		0
TARPProvider	Arpprovider	Arpprovider	existing-unreviewed		0
TAdvancedTechnologyAttachment	TErweitertTechnikattachment	TErweitertTechnikattachment	existing-unreviewed		0
TArray	TFeld	TFeld	existing-unreviewed		0
TBaseAddressRegister	TBaseaddressRegister	TBaseaddressRegister	existing-unreviewed		0
TBiosParameterBlock32	TBiosparameterRechteck32	TDateisystemparameter32	project-proposal	fat_parameters	11
TBufferDescriptor	TBufferdescriptor	TBufferdescriptor	existing-unreviewed		0
TCOWFrameManager	TcowRahmenVerwalter	TcowRahmenVerwalter	existing-unreviewed		0
TCPUState	TcpuStatus	TcpuStatus	existing-unreviewed		0
TDefaultKeyboardEventHandler	TStandardTastaturEreignishandler	TStandardTastaturEreignishandler	existing-unreviewed		0
TDefaultMouseEventHandler	TStandardMausEreignishandler	TStandardMausEreignishandler	existing-unreviewed		0
TDefaultPCIControllerHandler	TStandardpciSteuerunghandler	TStandardpciSteuerunghandler	existing-unreviewed		0
TDefaultTimerEventHandler	TStandardZeitgeberEreignishandler	TStandardZeitgeberEreignishandler	existing-unreviewed		0
TDirectoryEntryFat32	TOrdnerEintragfat32	TOrdnerEintragfat32	existing-unreviewed		0
TDriverManager	TTreiberVerwalter	TTreiberVerwalter	existing-unreviewed		0
TEtherFrameHandler	TEthernetRahmenhandler	TEthernetRahmenhandler	existing-unreviewed		0
TEtherFrameHeader	TEthernetRahmenKopf	TRahmenkopf_des_gemeinsamen_Übertragungsnetzes	project-proposal	ethernet_header	8
TEtherFrameHeaderBuffer	TEthernetRahmenKopfbuffer	TEthernetRahmenKopfbuffer	existing-unreviewed		0
TEtherFrameProvider	TEthernetRahmenprovider	TRahmenanbieter_des_gemeinsamen_Übertragungsnetzes	project-proposal	ethernet_provider	20
TEtherFrameRawDataHandler	TEthernetRahmenrawDatenhandler	TEthernetRahmenrawDatenhandler	existing-unreviewed		0
TGateDescriptor	TTordescriptor	TTordescriptor	existing-unreviewed		0
THREAD_STACK_SIZE	AusführungsfadenstackGröße	AusführungsfadenstackGröße	existing-unreviewed		0
TICMPHandler	Icmphandler	Icmphandler	existing-unreviewed		0
TIPEtherFrameHandler	IpEthernetRahmenhandler	IpEthernetRahmenhandler	existing-unreviewed		0
TInitializationBlock	TInitializationRechteck	TInitializationRechteck	existing-unreviewed		0
TInternetControlMessageProtocol	TInternetStrgNachrichtprotocol	TNetzverbundsteuerprotokoll	project-proposal	icmp	5
TInternetControlMessageProtocolMessage	TInternetStrgNachrichtprotocolNachricht	TInternetStrgNachrichtprotocolNachricht	existing-unreviewed		0
TInternetControlMessageProtocolMessageBuffer	TInternetStrgNachrichtprotocolNachrichtbuffer	TInternetStrgNachrichtprotocolNachrichtbuffer	existing-unreviewed		0
TInternetProtocolHandler	TInternetprotocolhandler	TInternetprotocolhandler	existing-unreviewed		0
TInternetProtocolProvider	TInternetprotocolprovider	TNetzverbundprotokollanbieter	project-proposal	ip_provider	14
TInternetProtocolV4Message	TInternetprotocolv4Nachricht	TInternetprotocolv4Nachricht	existing-unreviewed		0
TInternetProtocolV4MessageBuffer	TInternetprotocolv4Nachrichtbuffer	TInternetprotocolv4Nachrichtbuffer	existing-unreviewed		0
TInterruptDescriptorTablePointer	TUnterbrechungdescriptorTabelleZeiger	TUnterbrechungdescriptorTabelleZeiger	existing-unreviewed		0
TInterruptHandler	TUnterbrechunghandler	TUnterbrechunghandler	existing-unreviewed		0
TInterruptManager	TUnterbrechungVerwalter	TUnterbrechungVerwalter	existing-unreviewed		0
TKeyboardDriver	TTastaturTreiber	TTastaturTreiber	existing-unreviewed		0
TLS_START	TlsStarten	TlsStarten	existing-unreviewed		0
TMSDOSPartitionTable	TmsdosPartitionTabelle	TmsdosPartitionTabelle	existing-unreviewed		0
TMasterBootRecord	THauptbootAufnahme	THauptstartdatensatz	project-proposal	boot_record	3
TMemoryChunk	TSpeicherchunk	TSpeicherchunk	existing-unreviewed		0
TMemoryManager	TSpeicherVerwalter	TSpeicherVerwalter	existing-unreviewed		0
TMouseDriver	TMausTreiber	TMausTreiber	existing-unreviewed		0
TMyKeyboardEventHandler	TMyTastaturEreignishandler	TMyTastaturEreignishandler	existing-unreviewed		0
TMyMouseEventHandler	TMyMausEreignishandler	TMyMausEreignishandler	existing-unreviewed		0
TMyPCIControllerHandler	TMypciSteuerunghandler	TMypciSteuerunghandler	existing-unreviewed		0
TPartitionTableEntry	TPartitionTabelleEintrag	TPartitionTabelleEintrag	existing-unreviewed		0
TPeripheralComponentInterconnectController	TPeripheralcomponentinterconnectSteuerung	TPeripheralcomponentinterconnectSteuerung	existing-unreviewed		0
TPeripheralComponentInterconnectDeviceDescriptor	TPeripheralcomponentinterconnectGerätdescriptor	TPeripheralcomponentinterconnectGerätdescriptor	existing-unreviewed		0
TPort	TAnschluss	TAnschluss	existing-unreviewed		0
TPort16Bit	TAnschluss16bit	TAnschluss16bit	existing-unreviewed		0
TPort32Bit	TAnschluss32bit	TAnschluss32bit	existing-unreviewed		0
TPort8Bit	TAnschluss8bit	TAnschluss8bit	existing-unreviewed		0
TRawDataHandler	TRawDatenhandler	TRawDatenhandler	existing-unreviewed		0
TSSEntry	TssEintrag	TssEintrag	existing-unreviewed		0
TSyscall	TSyscall	TSyscall	existing-unreviewed		0
TTask	TAufgabe	TAufgabe	existing-unreviewed		0
TThread	TAusführungsfaden	TAusführungsfaden	existing-unreviewed		0
TThreadHelper	TAusführungsfadenhelper	TAusführungsfadenhelper	existing-unreviewed		0
TTimerDriver	TZeitgeberTreiber	TZeitgeberTreiber	existing-unreviewed		0
TUserDatagramProtocolHandler	TBenutzerdatagramprotocolhandler	TBenutzerdatagramprotocolhandler	existing-unreviewed		0
TUserDatagramProtocolHeader	TBenutzerdatagramprotocolKopf	TBenutzerdatagrammkopf	project-proposal	udp_header	5
TUserDatagramProtocolHeaderBuffer	TBenutzerdatagramprotocolKopfbuffer	TBenutzerdatagramprotocolKopfbuffer	existing-unreviewed		0
TUserDatagramProtocolProvider	TBenutzerdatagramprotocolprovider	TBenutzerdatagramprotocolprovider	existing-unreviewed		0
TUserDatagramProtocolSocket	TBenutzerdatagramprotocolNetzanschluss	TBenutzerdatagrammendpunkt	project-proposal	udp_socket	17
TVideoGraphicsArray	TVideoGrafikFeld	TVideoGrafikFeld	existing-unreviewed		0
TWidget	TSteuerelement	TBildschirmelement	project-proposal	widget	9
TWidgetMouseEventHandler	TSteuerelementMausEreignishandler	TSteuerelementMausEreignishandler	existing-unreviewed		0
Tamd_am79c973	Tamdam79c973	Tamdam79c973	existing-unreviewed		0
Test	Testen	Testen	existing-unreviewed		0
TestBit	Testenbit	Testenbit	existing-unreviewed		0
TestPrint	TestenDrucken	TestenDrucken	existing-unreviewed		0
Thread	Ausführungsfaden	Ausführungsfaden	existing-unreviewed		0
ThreadList	AusführungsfadenListe	AusführungsfadenListe	existing-unreviewed		0
ThreadState	AusführungsfadenStatus	AusführungsfadenStatus	existing-unreviewed		0
Threads	Threads	Threads	existing-unreviewed		0
TlsSegments	TlsSegmente	TlsSegmente	existing-unreviewed		0
TotalBlocks	GesamtRechteck	GesamtRechteck	existing-unreviewed		0
Type	Typ	Typ	existing-unreviewed		0
TypeTest	TypTesten	TypTesten	existing-unreviewed		0
T공용서술자테이블	TShareddescriptorTabelle	TShareddescriptorTabelle	existing-unreviewed		0
T공용서술자테이블_자료	TShareddescriptorTabelleDaten	TShareddescriptorTabelleDaten	existing-unreviewed		0
T작업관리자	TAufgabeVerwalter	TAufgabeVerwalter	existing-unreviewed		0
T조각설명자	TSegmentdescriptor	TSegmentdescriptor	existing-unreviewed		0
T콘솔	TKonsole	TKonsole	existing-unreviewed		0
T함수1	TFunktion1	TFunktion1	existing-unreviewed		0
UDESC_32SEG	Udesc32seg	Udesc32seg	existing-unreviewed		0
UDESC_CONTENTS	UdescInhalt	UdescInhalt	existing-unreviewed		0
UDESC_LIMIT_IN_PAGES	UdescBeschränkungEinpages	UdescBeschränkungEinpages	existing-unreviewed		0
UDESC_RX_ONLY	Udescrxnur	Udescrxnur	existing-unreviewed		0
UDESC_SEG_NOT_PRESENT	UdescsegNichtVorhanden	UdescsegNichtVorhanden	existing-unreviewed		0
UDESC_USABLE	Udescusable	Udescusable	existing-unreviewed		0
USER_STACK	Benutzerstack	Benutzerstack	existing-unreviewed		0
USER_STACK_SIZE	BenutzerstackGröße	BenutzerstackGröße	existing-unreviewed		0
USER_STACK_TOP	BenutzerstackOben	BenutzerstackOben	existing-unreviewed		0
Uid	Uid	Uid	existing-unreviewed		0
Uint16ToArray	Unsignedinteger16toFeld	Unsignedinteger16toFeld	existing-unreviewed		0
Uint16ToArray_BE	Unsignedinteger16toFeldbe	Unsignedinteger16toFeldbe	existing-unreviewed		0
Uint16_R	Unsignedinteger16r	Unsignedinteger16r	existing-unreviewed		0
Uint32ToArray	Unsignedinteger32toFeld	Unsignedinteger32toFeld	existing-unreviewed		0
Uint32_R	Unsignedinteger32r	Unsignedinteger32r	existing-unreviewed		0
Uint48ToArray	Unsignedinteger48toFeld	Unsignedinteger48toFeld	existing-unreviewed		0
Uint48ToArray_BE	Unsignedinteger48toFeldbe	Unsignedinteger48toFeldbe	existing-unreviewed		0
Uint48_R	Unsignedinteger48r	Unsignedinteger48r	existing-unreviewed		0
Uint64ToArray	Unsignedinteger64toFeld	Unsignedinteger64toFeld	existing-unreviewed		0
Uint64_R	Unsignedinteger64r	Unsignedinteger64r	existing-unreviewed		0
UnhandleInterrupt	UnhandleUnterbrechung	UnhandleUnterbrechung	existing-unreviewed		0
UnsetBit	Nichtzugewiesenbit	Belegungsbit_umkehren	project-proposal	toggle_bit	1
UsedBlocks	BelegtRechteck	BelegtRechteck	existing-unreviewed		0
UserDesc	Benutzerdescriptor	Benutzerdescriptor	existing-unreviewed		0
UserStack	Benutzerstack_2	Benutzerstack_2	existing-unreviewed		0
UserStackSize	BenutzerstackGröße_2	BenutzerstackGröße_2	existing-unreviewed		0
Vendor_id	HerstellerKennung	HerstellerKennung	existing-unreviewed		0
Version	Version	Version	existing-unreviewed		0
VirtTest	VirtTesten	VirtTesten	existing-unreviewed		0
Write	Schreiben	Schreiben	existing-unreviewed		0
Write28	Schreiben28	Schreiben28	existing-unreviewed		0
WriteRegisters	SchreibenRegister	SchreibenRegister	existing-unreviewed		0
X	X	X	existing-unreviewed		0
Y	Y	Y	existing-unreviewed		0
Zero	Null	Null	existing-unreviewed		0
ZeroBlockInPageDir	NullRechteckEinSeiteOrdner	NullRechteckEinSeiteOrdner	existing-unreviewed		0
a	a	a	existing-unreviewed		0
aTime	aZeit	aZeit	existing-unreviewed		0
access	zugreifen	zugreifen	existing-unreviewed		0
accessMode	zugreifenModus	zugreifenModus	existing-unreviewed		0
ack	ack	ack	existing-unreviewed		0
activeKeyboardDriver	aktivTastaturTreiber	aktivTastaturTreiber	existing-unreviewed		0
activeMouseDriver	aktivMausTreiber	aktivMausTreiber	existing-unreviewed		0
addr	address	address	existing-unreviewed		0
addrPtr	addressZeiger	addressZeiger	existing-unreviewed		0
address	address_2	address_2	existing-unreviewed		0
addressError	addressFehler	addressFehler	existing-unreviewed		0
afInet	afinet	afinet	existing-unreviewed		0
allocFD	allocatefd	allocatefd	existing-unreviewed		0
allocOpenFile	allocateÖffnenDatei	allocateÖffnenDatei	existing-unreviewed		0
allocProcess	allocateProzess	allocateProzess	existing-unreviewed		0
allocateSocket	allocateNetzanschluss	allocateNetzanschluss	existing-unreviewed		0
allocated	allocated	allocated	existing-unreviewed		0
amd_am79c973	amdam79c973	amdam79c973	existing-unreviewed		0
args	argumente	argumente	existing-unreviewed		0
argument	argument	argument	existing-unreviewed		0
argumentPointers	argumentpointers	argumentpointers	existing-unreviewed		0
arguments	argumente_2	argumente_2	existing-unreviewed		0
arp	arp	arp	existing-unreviewed		0
arpBuffer	arpbuffer	arpbuffer	existing-unreviewed		0
arpMesgSize	arpmesgGröße	arpmesgGröße	existing-unreviewed		0
arpProvider	arpprovider	arpprovider	existing-unreviewed		0
arp콘솔	arpKonsole	arpKonsole	existing-unreviewed		0
array	feld	feld	existing-unreviewed		0
ata	ata	ata	existing-unreviewed		0
ata0s	ata0s	ata0s	existing-unreviewed		0
attempts	attempts	attempts	existing-unreviewed		0
attr	attribut	attribut	existing-unreviewed		0
attributeControllerIndexPort	attributSteuerungInhaltAnschluss	attributSteuerungInhaltAnschluss	existing-unreviewed		0
attributeControllerReadPort	attributSteuerungLesenAnschluss	attributSteuerungLesenAnschluss	existing-unreviewed		0
attributeControllerResetPort	attributSteuerungZurücksetzenAnschluss	attributSteuerungZurücksetzenAnschluss	existing-unreviewed		0
attributeControllerWritePort	attributSteuerungSchreibenAnschluss	attributSteuerungSchreibenAnschluss	existing-unreviewed		0
attributes	attribute	attribute	existing-unreviewed		0
aux	aux	aux	existing-unreviewed		0
avail	verfügbar	verfügbar	existing-unreviewed		0
b	b	b	existing-unreviewed		0
backend	backend	backend	existing-unreviewed		0
backupFpRegs	backupfpregs	backupfpregs	existing-unreviewed		0
backupSector	backupsector	backupsector	existing-unreviewed		0
bar	balken	balken	existing-unreviewed		0
barNum	balkenNummer	balkenNummer	existing-unreviewed		0
bar_value	balkenWert	balkenWert	existing-unreviewed		0
base	base	base	existing-unreviewed		0
baseCode	basecode	basecode	existing-unreviewed		0
baseHigh	baseHoch	baseHoch	existing-unreviewed		0
baseLow	baseNiedrig	baseNiedrig	existing-unreviewed		0
baseMid	basemid	basemid	existing-unreviewed		0
base_addr_high	baseaddressHoch	baseaddressHoch	existing-unreviewed		0
base_addr_low	baseaddressNiedrig	baseaddressNiedrig	existing-unreviewed		0
bh	bh	bh	existing-unreviewed		0
bindEphemeral	bindungephemeral	bindungephemeral	existing-unreviewed		0
bindError	bindungFehler	bindungFehler	existing-unreviewed		0
bios	bios	bios	existing-unreviewed		0
bit	bit	bit	existing-unreviewed		0
bitmap	bitmap	belegungsbitkarte	project-proposal	bitmap	2
bootSignature	bootsignature	bootsignature	existing-unreviewed		0
bootable	bootable	bootable	existing-unreviewed		0
bootloader	bootloader	bootloader	existing-unreviewed		0
bound	bound	bound	existing-unreviewed		0
bpb	bpb	dateisystemparameter	project-proposal	fat_parameters	16
bpbBytes	bpbByte	bpbByte	existing-unreviewed		0
bpbPtr	bpbZeiger	bpbZeiger	existing-unreviewed		0
buf	buffer	buffer	existing-unreviewed		0
buf1	buffer1	buffer1	existing-unreviewed		0
buf2	buffer2	buffer2	existing-unreviewed		0
buf3	buffer3	buffer3	existing-unreviewed		0
buf4	buffer4	buffer4	existing-unreviewed		0
buf6	buffer6	buffer6	existing-unreviewed		0
buffer	buffer_2	buffer_2	existing-unreviewed		0
buffer1	buffer1_2	buffer1_2	existing-unreviewed		0
buffer2	buffer2_2	buffer2_2	existing-unreviewed		0
bufferAddr	bufferaddress	bufferaddress	existing-unreviewed		0
bufferAddress	bufferaddress_2	bufferaddress_2	existing-unreviewed		0
bufptr	bufferZeiger	bufferZeiger	existing-unreviewed		0
bus	bus	bus	existing-unreviewed		0
busControlRegisterDataPort	busStrgRegisterDatenAnschluss	busStrgRegisterDatenAnschluss	existing-unreviewed		0
button	knopf	knopf	existing-unreviewed		0
buttons	knopf_2	knopf_2	existing-unreviewed		0
bytesPerSector	bytepersector	bytepersector	existing-unreviewed		0
c	c	c	existing-unreviewed		0
cDate	cDatum	cDatum	existing-unreviewed		0
cTime	cZeit	cZeit	existing-unreviewed		0
cTimeTenth	cZeittenth	cZeittenth	existing-unreviewed		0
call	aufruf	aufruf	existing-unreviewed		0
candidate	candidate	candidate	existing-unreviewed		0
cap	cap	cap	existing-unreviewed		0
char	char	char	existing-unreviewed		0
checked	checked	checked	existing-unreviewed		0
checksum	prüfsumme	prüfsumme	existing-unreviewed		0
child	kind	kind	existing-unreviewed		0
childPID	kindProzesskennung	kindProzesskennung	existing-unreviewed		0
childPageDir	kindSeiteOrdner	kindSeiteOrdner	existing-unreviewed		0
chunk	chunk	chunk	existing-unreviewed		0
class_id	klasseKennung	klasseKennung	existing-unreviewed		0
closeAllProcessFDs	schließenAlleProzessfds	schließenAlleProzessfds	existing-unreviewed		0
closeOnExec	schließenbeiAusführen	schließenbeiAusführen	existing-unreviewed		0
closeProcessFD	schließenProzessfd	schließenProzessfd	existing-unreviewed		0
code	code	code	existing-unreviewed		0
code1Ptr	code1Zeiger	code1Zeiger	existing-unreviewed		0
code1ptr	code1Zeiger_2	code1Zeiger_2	existing-unreviewed		0
code2Ptr	code2Zeiger	code2Zeiger	existing-unreviewed		0
code3Ptr	code3Zeiger	code3Zeiger	existing-unreviewed		0
codeSegment	codesegment	codesegment	existing-unreviewed		0
colorIndex	farbeInhalt	farbeInhalt	existing-unreviewed		0
colordepth	farbeTiefe	farbeTiefe	existing-unreviewed		0
command	befehl	befehl	existing-unreviewed		0
commandPort	befehlAnschluss	befehlAnschluss	existing-unreviewed		0
commandport	befehlAnschluss_2	befehlAnschluss_2	existing-unreviewed		0
common	gemeinsam	gemeinsam	existing-unreviewed		0
connected	connected	connected	existing-unreviewed		0
console	konsole	konsole	existing-unreviewed		0
controlPort	strgAnschluss	strgAnschluss	existing-unreviewed		0
copyExecVector	kopierenAusführenvector	kopierenAusführenvector	existing-unreviewed		0
copyLength	kopierenLänge	kopierenLänge	existing-unreviewed		0
copyPageDir	kopierenSeiteOrdner	kopierenSeiteOrdner	existing-unreviewed		0
copyPath	kopierenPFAD	kopierenPFAD	existing-unreviewed		0
copySocketName	kopierenNetzanschlussElementname	kopierenNetzanschlussElementname	existing-unreviewed		0
copyUtsField	kopierenutsFeld	kopierenutsFeld	existing-unreviewed		0
count	anzahl	anzahl	existing-unreviewed		0
count2	anzahl2	anzahl2	existing-unreviewed		0
cowFrameManager	cowRahmenVerwalter	cowRahmenVerwalter	existing-unreviewed		0
cpu	cpu	cpu	existing-unreviewed		0
cpustate	cpuStatus	cpuStatus	existing-unreviewed		0
cr0	cr0	cr0	existing-unreviewed		0
cr3	cr3	cr3	existing-unreviewed		0
cr4	cr4	cr4	existing-unreviewed		0
crtcDataPort	crtcDatenAnschluss	crtcDatenAnschluss	existing-unreviewed		0
crtcIndexPort	crtcInhaltAnschluss	crtcInhaltAnschluss	existing-unreviewed		0
cs	cs	cs	existing-unreviewed		0
currentRecvBuffer	systemzeitrecvbuffer	systemzeitrecvbuffer	existing-unreviewed		0
currentSendBuffer	systemzeitSendenbuffer	systemzeitSendenbuffer	existing-unreviewed		0
currentTask	systemzeitAufgabe	systemzeitAufgabe	existing-unreviewed		0
currentThread	systemzeitAusführungsfaden	systemzeitAusführungsfaden	existing-unreviewed		0
currentThreadIndex	systemzeitAusführungsfadenInhalt	systemzeitAusführungsfadenInhalt	existing-unreviewed		0
cursorHeight	eingabemarkeHöhe	eingabemarkeHöhe	existing-unreviewed		0
cursorStart	eingabemarkeStarten	eingabemarkeStarten	existing-unreviewed		0
d_tag	dAttribut	dAttribut	existing-unreviewed		0
d_val_ptr	dvalZeiger	dvalZeiger	existing-unreviewed		0
data	daten	daten	existing-unreviewed		0
dataBuf	datenbuffer	datenbuffer	existing-unreviewed		0
dataBytes	datenByte	datenByte	existing-unreviewed		0
dataPointer	datenZeiger	datenZeiger	existing-unreviewed		0
dataPort	datenAnschluss	datenAnschluss	existing-unreviewed		0
dataStart	datenStarten	datenStarten	existing-unreviewed		0
databuffer	datenbuffer_2	datenbuffer_2	existing-unreviewed		0
dataport	datenAnschluss_2	datenAnschluss_2	existing-unreviewed		0
defaultKeyboardEventHandler	standardTastaturEreignishandler	standardTastaturEreignishandler	existing-unreviewed		0
desc	descriptor	descriptor	existing-unreviewed		0
description	beschreibung	beschreibung	existing-unreviewed		0
destination	ziel	ziel	existing-unreviewed		0
destinationAddress	zieladdress	zieladdress	existing-unreviewed		0
destinationLength	zielLänge	zielLänge	existing-unreviewed		0
dev	gerät	gerät	existing-unreviewed		0
device	gerät_2	gerät_2	existing-unreviewed		0
deviceDescriptor	gerätdescriptor	gerätdescriptor	existing-unreviewed		0
devicePort	gerätAnschluss	gerätAnschluss	existing-unreviewed		0
diff	diff	diff	existing-unreviewed		0
digits	digits	digits	existing-unreviewed		0
dirent	dirent	dirent	existing-unreviewed		0
direntBytes	direntByte	direntByte	existing-unreviewed		0
direntPtr	direntZeiger	direntZeiger	existing-unreviewed		0
discardProcess	verwerfenProzess	verwerfenProzess	existing-unreviewed		0
dispatchInterrupt	dispatchUnterbrechung	dispatchUnterbrechung	existing-unreviewed		0
divisor	divisor	divisor	existing-unreviewed		0
domain	domäne	domäne	existing-unreviewed		0
driveNumber	driveNummer	driveNummer	existing-unreviewed		0
driver	treiber	treiber	existing-unreviewed		0
driverManager	treiberVerwalter	treiberVerwalter	existing-unreviewed		0
drivercount	treiberAnzahl	treiberAnzahl	existing-unreviewed		0
drv	treiber_2	treiber_2	existing-unreviewed		0
ds	ds	ds	existing-unreviewed		0
ds_segment	dssegment	dssegment	existing-unreviewed		0
dst	ziel_2	ziel_2	existing-unreviewed		0
dstEntry	zielEintrag	zielEintrag	existing-unreviewed		0
dstIP	zielipaddress	zielipaddress	existing-unreviewed		0
dstIP_BE	zielipaddressNetzwerkByteorder	zielipaddressNetzwerkByteorder	existing-unreviewed		0
dstMAC	zielmacaddress	zielmacaddress	existing-unreviewed		0
dstMAC_BE	zielmacbe	zielmacbe	existing-unreviewed		0
dstPageDir	zielSeiteOrdner	zielSeiteOrdner	existing-unreviewed		0
dstPort	zielAnschlussNummer	zielportnummer	project-proposal	destination_port	9
dstPt	zielpt	zielpt	existing-unreviewed		0
dstPtPtr	zielptZeiger	zielptZeiger	existing-unreviewed		0
dstPtr	zielZeiger	zielZeiger	existing-unreviewed		0
dstptr	zielZeiger_2	zielZeiger_2	existing-unreviewed		0
dynamic	dynamisch	dynamisch	existing-unreviewed		0
e	e	e	existing-unreviewed		0
e_ehsize	eehsize	eehsize	existing-unreviewed		0
e_entry	eEintrag	eEintrag	existing-unreviewed		0
e_flags	eOptionen	eOptionen	existing-unreviewed		0
e_ident	eident	eident	existing-unreviewed		0
e_machine	emachine	emachine	existing-unreviewed		0
e_phentsize	ephentsize	ephentsize	existing-unreviewed		0
e_phnum	ephnum	ephnum	existing-unreviewed		0
e_phoff	ephoff	ephoff	existing-unreviewed		0
e_shentsize	eshentsize	eshentsize	existing-unreviewed		0
e_shnum	eshnum	eshnum	existing-unreviewed		0
e_shoff	eshoff	eshoff	existing-unreviewed		0
e_shstrndx	eshstrndx	eshstrndx	existing-unreviewed		0
e_type	eTyp	eTyp	existing-unreviewed		0
e_version	eversion	eversion	existing-unreviewed		0
eax	eax	eax	existing-unreviewed		0
ebp	ebp	ebp	existing-unreviewed		0
ebx	ebx	ebx	existing-unreviewed		0
ecx	ecx	ecx	existing-unreviewed		0
edi	edi	edi	existing-unreviewed		0
edx	edx	edx	existing-unreviewed		0
efHandler	efhandler	efhandler	existing-unreviewed		0
eflags	eflags	eflags	existing-unreviewed		0
eip	eip	eip	existing-unreviewed		0
eipOffset	eipVersatz	eipVersatz	existing-unreviewed		0
elf	elf	ausführbares_und_bindbares_Format	project-proposal	elf	6
elf0	elf0	elf0	existing-unreviewed		0
elf2	elf2	elf2	existing-unreviewed		0
elf3	elf3	elf3	existing-unreviewed		0
elf4	elf4	elf4	existing-unreviewed		0
elfHeader	elfKopf	elfKopf	existing-unreviewed		0
enabled	aktiviert	aktiviert	existing-unreviewed		0
end	ende	ende	existing-unreviewed		0
endOffset	endeVersatz	endeVersatz	existing-unreviewed		0
end_cylinder	endecylinder	endecylinder	existing-unreviewed		0
end_head	endehead	endehead	existing-unreviewed		0
end_sector	endesector	endesector	existing-unreviewed		0
ensureCurrentProcess	ensureSystemzeitProzess	ensureSystemzeitProzess	existing-unreviewed		0
entry	eintrag	eintrag	existing-unreviewed		0
entryPoint	eintragpoint	eintragpoint	existing-unreviewed		0
entrypoint	eintragpoint_2	eintragpoint_2	existing-unreviewed		0
environment	environment	environment	existing-unreviewed		0
environmentPointers	environmentpointers	environmentpointers	existing-unreviewed		0
err	err	err	existing-unreviewed		0
errorPort	fehlerAnschluss	fehlerAnschluss	existing-unreviewed		0
es	es	es	existing-unreviewed		0
esi	esi	esi	existing-unreviewed		0
esp	esp	esp	existing-unreviewed		0
esp0	esp0	esp0	existing-unreviewed		0
esp1	esp1	esp1	existing-unreviewed		0
esp2	esp2	esp2	existing-unreviewed		0
etherFrameProvider	ethernetRahmenprovider	rahmenanbieter_des_gemeinsamen_Übertragungsnetzes	project-proposal	ethernet_provider	1
etherType	ethernetTyp	ethernetTyp	existing-unreviewed		0
etherType_BE	ethernetTypbe	ethernetTypbe	existing-unreviewed		0
etherframe	ethernetRahmen	rahmen_des_gemeinsamen_Übertragungsnetzes	project-proposal	ethernet_frame	1
etherframePayload	ethernetRahmenpayload	ethernetRahmenpayload	existing-unreviewed		0
except	except	except	existing-unreviewed		0
exceptionCR0	exceptioncr0	exceptioncr0	existing-unreviewed		0
exceptionCR2	exceptioncr2	exceptioncr2	existing-unreviewed		0
exceptionCR3	exceptioncr3	exceptioncr3	existing-unreviewed		0
exceptionFrameValue	exceptionRahmenWert	exceptionRahmenWert	existing-unreviewed		0
exceptionHasErrorCode	exceptionhasFehlercode	exceptionhasFehlercode	existing-unreviewed		0
exceptionName	exceptionElementname	exceptionElementname	existing-unreviewed		0
execVector	ausführenvector	ausführenvector	existing-unreviewed		0
exists	exists	exists	existing-unreviewed		0
exited	beendet	beendet	existing-unreviewed		0
ext	ext	ext	existing-unreviewed		0
extFlags	extOptionen	extOptionen	existing-unreviewed		0
extendedScanCode	extendedEinlesencode	extendedEinlesencode	existing-unreviewed		0
fDupFD	fdupfd	fdupfd	existing-unreviewed		0
fGetFD	fgetfd	fgetfd	existing-unreviewed		0
fGetFL	fgetfl	fgetfl	existing-unreviewed		0
fSetFD	fSetzenfd	fSetzenfd	existing-unreviewed		0
fSetFL	fSetzenfl	fSetzenfl	existing-unreviewed		0
fat	fat	fat	existing-unreviewed		0
fatCopies	fatKopieren	fatKopieren	existing-unreviewed		0
fatInfo	fatinfo	fatinfo	existing-unreviewed		0
fatOffsetInSectorForCurrentCluster	fatVersatzEinsectorforSystemzeitcluster	fatVersatzEinsectorforSystemzeitcluster	existing-unreviewed		0
fatSectorCount	fatsectorAnzahl	fatsectorAnzahl	existing-unreviewed		0
fatSectorForCurrentCluster	fatsectorforSystemzeitcluster	fatsectorforSystemzeitcluster	existing-unreviewed		0
fatSize	fatGröße	fatGröße	existing-unreviewed		0
fatStart	fatStarten	fatStarten	existing-unreviewed		0
fatTypeLabel	fatTypBeschriftung	fatTypBeschriftung	existing-unreviewed		0
fatVersion	fatversion	fatversion	existing-unreviewed		0
fatbuf	fatbuf	fatbuf	existing-unreviewed		0
fatbuffer	fatbuffer	fatbuffer	existing-unreviewed		0
faultAddr	fehleraddress	fehleraddress	existing-unreviewed		0
fb	fb	fb	existing-unreviewed		0
fbCurCol	fbSystemzeitKol	fbSystemzeitKol	existing-unreviewed		0
fbCurLine	fbSystemzeitZeile	fbSystemzeitZeile	existing-unreviewed		0
fbHeight	fbHöhe	fbHöhe	existing-unreviewed		0
fbPhysAddr	fbphysaddress	fbphysaddress	existing-unreviewed		0
fbWidth	fbBreite	fbBreite	existing-unreviewed		0
fd	fd	fd	existing-unreviewed		0
fdCloexec	fdcloexec	fdcloexec	existing-unreviewed		0
fdEntry	fdEintrag	fdEintrag	existing-unreviewed		0
fdFlags	fdOptionen	fdOptionen	existing-unreviewed		0
fdKindConsole	fdArtKonsole	fdArtKonsole	existing-unreviewed		0
fdKindFat	fdArtfat	fdArtfat	existing-unreviewed		0
fdKindNone	fdArtKeine	fdArtKeine	existing-unreviewed		0
fdKindRootDir	fdArtBasisordnerOrdner	fdArtBasisordnerOrdner	existing-unreviewed		0
fdKindSocket	fdArtNetzanschluss	fdArtNetzanschluss	existing-unreviewed		0
fdKindStdin	fdArtstdin	fdArtstdin	existing-unreviewed		0
fds	fds	fds	existing-unreviewed		0
filePtr	dateiZeiger	dateiZeiger	existing-unreviewed		0
fileSector	dateisector	dateisector	existing-unreviewed		0
fileSize	dateiGröße	dateiGröße	existing-unreviewed		0
filename	dateiname	dateiname	existing-unreviewed		0
fillPosixStat	fillposixstat	fillposixstat	existing-unreviewed		0
findProcess	suchenProzess	suchenProzess	existing-unreviewed		0
first	first	first	existing-unreviewed		0
firstClusterHi	firstclusterhi	firstclusterhi	existing-unreviewed		0
firstClusterLow	firstclusterNiedrig	firstclusterNiedrig	existing-unreviewed		0
firstFileCluster	firstDateicluster	firstDateicluster	existing-unreviewed		0
flags	optionen	optionen	existing-unreviewed		0
flags2	optionen2	optionen2	existing-unreviewed		0
flagsAndOffset	optionenundVersatz	optionenundVersatz	existing-unreviewed		0
flushIndex	flushInhalt	flushInhalt	existing-unreviewed		0
flushTlsTable	flushtlsTabelle	flushtlsTabelle	existing-unreviewed		0
flush_tss	flushtss	flushtss	existing-unreviewed		0
fn	fn	fn	existing-unreviewed		0
foo	foo	foo	existing-unreviewed		0
foundChild	foundKind	foundKind	existing-unreviewed		0
frame	rahmen	rahmen	existing-unreviewed		0
frameCount	rahmenAnzahl	rahmenAnzahl	existing-unreviewed		0
frameHeaderSize	rahmenKopfGröße	rahmenKopfGröße	existing-unreviewed		0
free	frei	frei	existing-unreviewed		0
freePort	freiAnschluss	freiAnschluss	existing-unreviewed		0
frequency	häufigkeit	häufigkeit	existing-unreviewed		0
fs	fs	fs	existing-unreviewed		0
func1Val	func1val	func1val	existing-unreviewed		0
func2Val	func2val	func2val	existing-unreviewed		0
func3Val	func3val	func3val	existing-unreviewed		0
func_addr	funcaddress	funcaddress	existing-unreviewed		0
func_bytes	funcByte	funcByte	existing-unreviewed		0
func_name	funcElementname	funcElementname	existing-unreviewed		0
func_value	funcWert	funcWert	existing-unreviewed		0
function	funktion	funktion	existing-unreviewed		0
fxrstor	fxrstor	fxrstor	existing-unreviewed		0
fxsave	fxsave	fxsave	existing-unreviewed		0
g	g	g	existing-unreviewed		0
g_320x200x256	g320x200x256	g320x200x256	existing-unreviewed		0
gate	tor	tor	existing-unreviewed		0
gateData	torDaten	torDaten	existing-unreviewed		0
gatewayIP	gatewayip	gatewayip	existing-unreviewed		0
gdt	gdt	gdt	existing-unreviewed		0
gdtDescriptor	gdtdescriptor	gdtdescriptor	existing-unreviewed		0
gdtEntry	gdtEintrag	gdtEintrag	existing-unreviewed		0
gdtTable	gdtTabelle	gdtTabelle	existing-unreviewed		0
gdtTableLen	gdtTabellelen	gdtTabellelen	existing-unreviewed		0
gdt_codeSegmentSelector	gdtcodesegmentselector	gdtcodesegmentselector	existing-unreviewed		0
gdt_func	gdtfunc	gdtfunc	existing-unreviewed		0
getCR2	getcr2	getcr2	existing-unreviewed		0
getCR3	getcr3	getcr3	existing-unreviewed		0
getDescriptor	getdescriptor	getdescriptor	existing-unreviewed		0
getESI	getesi	getesi	existing-unreviewed		0
getESP	getesp	getesp	existing-unreviewed		0
getGDT	getgdt	getgdt	existing-unreviewed		0
getGS	getgs	getgs	existing-unreviewed		0
getOpenFile	getÖffnenDatei	getÖffnenDatei	existing-unreviewed		0
getOpenFileFor	getÖffnenDateifor	getÖffnenDateifor	existing-unreviewed		0
getTLS	gettls	gettls	existing-unreviewed		0
globalDescriptorTable	globaldescriptorTabelle	globaldescriptorTabelle	existing-unreviewed		0
globalOffsetTable	globalVersatzTabelle	globalVersatzTabelle	existing-unreviewed		0
global_offset_table	globalVersatzTabelle_2	globalVersatzTabelle_2	existing-unreviewed		0
graphicsControllerDataPort	grafikSteuerungDatenAnschluss	grafikSteuerungDatenAnschluss	existing-unreviewed		0
graphicsControllerIndexPort	grafikSteuerungInhaltAnschluss	grafikSteuerungInhaltAnschluss	existing-unreviewed		0
grub_multiboot_memory_map_t	grubmultibootSpeicherAbbildungt	grubmultibootSpeicherAbbildungt	existing-unreviewed		0
gs	gs	gs	existing-unreviewed		0
gs_segment	gssegment	gssegment	existing-unreviewed		0
h	h	h	existing-unreviewed		0
haltAfterFatalException	haltNachfatalexception	haltNachfatalexception	existing-unreviewed		0
handleInterrupt	griffUnterbrechung	griffUnterbrechung	existing-unreviewed		0
handleKeyboardInterrupt	griffTastaturUnterbrechung	griffTastaturUnterbrechung	existing-unreviewed		0
handleMouseInterrupt	griffMausUnterbrechung	griffMausUnterbrechung	existing-unreviewed		0
handlePagingInterrupt	griffSeitenverwaltungUnterbrechung	griffSeitenverwaltungUnterbrechung	existing-unreviewed		0
handleUnhandledSyscall	griffunhandledsyscall	griffunhandledsyscall	existing-unreviewed		0
handler	handler	handler	existing-unreviewed		0
handlerAddressHighBits	handleraddressHochBit	handleraddressHochBit	existing-unreviewed		0
handlerAddressLowBits	handleraddressNiedrigBit	handleraddressNiedrigBit	existing-unreviewed		0
handlerRun	handlerAusführen	handlerAusführen	existing-unreviewed		0
handlers	handler_2	handler_2	existing-unreviewed		0
hardwareAddressSize	geräteaddressGröße	geräteaddressGröße	existing-unreviewed		0
hardwareInterruptOffset	geräteUnterbrechungVersatz	geräteUnterbrechungVersatz	existing-unreviewed		0
hardwareType	geräteTyp	geräteTyp	existing-unreviewed		0
hd	hd	hd	existing-unreviewed		0
head	head	head	existing-unreviewed		0
headCount	headAnzahl	headAnzahl	existing-unreviewed		0
headerLength	kopfLänge	kopfLänge	existing-unreviewed		0
headertype	headertype	headertype	existing-unreviewed		0
height	höhe	höhe	existing-unreviewed		0
hex	hex	hex	existing-unreviewed		0
hiddenSectors	verstecktsectors	verstecktsectors	existing-unreviewed		0
i	i	i	existing-unreviewed		0
iCount	iAnzahl	iAnzahl	existing-unreviewed		0
iDrivers	iTreiber	iTreiber	existing-unreviewed		0
iKeyboardEventHandler	iTastaturEreignishandler	iTastaturEreignishandler	existing-unreviewed		0
iMouseEventHandler	iMausEreignishandler	iMausEreignishandler	existing-unreviewed		0
iPCIControllerHandler	ipciSteuerunghandler	ipciSteuerunghandler	existing-unreviewed		0
iRawDataHandler	irawDatenhandler	irawDatenhandler	existing-unreviewed		0
iTimerEventHandler	iZeitgeberEreignishandler	iZeitgeberEreignishandler	existing-unreviewed		0
icmp	icmp	netzverbundsteuerprotokoll	project-proposal	icmp	12
icmpSize	icmpGröße	icmpGröße	existing-unreviewed		0
icmp콘솔	icmpKonsole	icmpKonsole	existing-unreviewed		0
id	kennung	kennung	existing-unreviewed		0
ident	ident	ident	existing-unreviewed		0
idtData	idtDaten	idtDaten	existing-unreviewed		0
idtPointer	idtZeiger	idtZeiger	existing-unreviewed		0
idx	idx	idx	existing-unreviewed		0
index	inhalt	inhalt	existing-unreviewed		0
initBlock	initRechteck	initRechteck	existing-unreviewed		0
initFileDescriptors	initDateidescriptor	initDateidescriptor	existing-unreviewed		0
initPIT	initpit	initpit	existing-unreviewed		0
initializeProcessFDs	initializeProzessfds	initializeProzessfds	existing-unreviewed		0
inode	inode	inode	existing-unreviewed		0
inputEventTask	eingabeEreignisAufgabe	eingabeEreignisAufgabe	existing-unreviewed		0
installIDT	installierenidt	installierenidt	existing-unreviewed		0
intNumber	ganzzahlNummer	ganzzahlNummer	existing-unreviewed		0
interface_id	schnittstelleKennung	schnittstelleKennung	existing-unreviewed		0
internetprotocolPayload	internetprotocolpayload	internetprotocolpayload	existing-unreviewed		0
interrupt	unterbrechung	unterbrechung	existing-unreviewed		0
interruptDebug	unterbrechungDebuggen	unterbrechungDebuggen	existing-unreviewed		0
interruptExitLoop	unterbrechungBeendenSchleife	unterbrechungBeendenSchleife	existing-unreviewed		0
interruptGateEntries	unterbrechungTorEintrag	unterbrechungTorEintrag	existing-unreviewed		0
interruptHandler	unterbrechunghandler	unterbrechunghandler	existing-unreviewed		0
interrupts	interrupts	interrupts	existing-unreviewed		0
iomap	iomap	iomap	existing-unreviewed		0
ip	ip	ip	existing-unreviewed		0
ipEtherFrameHandler	ipEthernetRahmenhandler	ipEthernetRahmenhandler	existing-unreviewed		0
ipHandler	iphandler	iphandler	existing-unreviewed		0
ipIdx	ipidx	ipidx	existing-unreviewed		0
ipProtocolUDP	ipprotocoludp	ipprotocoludp	existing-unreviewed		0
ipProvider	ipprovider	netzverbundprotokollanbieter	project-proposal	ip_provider	5
ipSize	ipGröße	ipGröße	existing-unreviewed		0
ip_be	ipNetzwerkByteorder	ipNetzwerkByteorder	existing-unreviewed		0
ipmessage	internetprotocolNachricht	internetprotocolNachricht	existing-unreviewed		0
ipv4	ipv4	netzverbundprotokoll4	project-proposal	ipv4	1
ip콘솔	ipKonsole	ipKonsole	existing-unreviewed		0
isKernel	isKern	isKern	existing-unreviewed		0
isRoot	isBasisordner	isBasisordner	existing-unreviewed		0
isRootPath	isBasisordnerPFAD	isBasisordnerPFAD	existing-unreviewed		0
isSharedPDE	issharedpde	issharedpde	existing-unreviewed		0
istOffset	istVersatz	istVersatz	existing-unreviewed		0
j	j	j	existing-unreviewed		0
jmp	jmp	jmp	existing-unreviewed		0
jmp_user	jmpBenutzer	jmpBenutzer	existing-unreviewed		0
jump_usermode_iret	jumpBenutzermodusiret	jumpBenutzermodusiret	existing-unreviewed		0
kPageDirEntry	kSeiteOrdnerEintrag	kSeiteOrdnerEintrag	existing-unreviewed		0
kernelESP	kernesp	kernesp	existing-unreviewed		0
kernelPageDirEntry	kernSeiteOrdnerEintrag	kernSeiteOrdnerEintrag	existing-unreviewed		0
kernelSS	kernss	kernss	existing-unreviewed		0
key	schlüssel	schlüssel	existing-unreviewed		0
keyboard	tastatur	tastatur	existing-unreviewed		0
keyboardDriver	tastaturTreiber	tastaturTreiber	existing-unreviewed		0
keyboardEventHandler	tastaturEreignishandler	tastaturEreignishandler	existing-unreviewed		0
keyboardQueue	tastaturWarteschlange	tastaturWarteschlange	existing-unreviewed		0
keyboardQueueRead	tastaturWarteschlangeLesen	tastaturWarteschlangeLesen	existing-unreviewed		0
keyboardQueueSize	tastaturWarteschlangeGröße	tastaturWarteschlangeGröße	existing-unreviewed		0
keyboardQueueWrite	tastaturWarteschlangeSchreiben	tastaturWarteschlangeSchreiben	existing-unreviewed		0
kind	art	art	existing-unreviewed		0
l	l	l	existing-unreviewed		0
last	letzter	letzter	existing-unreviewed		0
lbaHiPort	lbahiAnschluss	lbahiAnschluss	existing-unreviewed		0
lbaLowPort	lbaNiedrigAnschluss	lbaNiedrigAnschluss	existing-unreviewed		0
lbaMidPort	lbamidAnschluss	lbamidAnschluss	existing-unreviewed		0
ldt	ldt	ldt	existing-unreviewed		0
leftShift	linksUmschalt	linksUmschalt	existing-unreviewed		0
len	len	len	existing-unreviewed		0
len_ver	lenver	lenver	existing-unreviewed		0
length	länge	länge	existing-unreviewed		0
lengthAddress	längeaddress	längeaddress	existing-unreviewed		0
lengthInBytes	längeEinByte	längeEinByte	existing-unreviewed		0
length_high	längeHoch	längeHoch	existing-unreviewed		0
length_low	längeNiedrig	längeNiedrig	existing-unreviewed		0
lengths	lengths	lengths	existing-unreviewed		0
lib1Addr	lib1address	lib1address	existing-unreviewed		0
lib1Data	lib1Daten	lib1Daten	existing-unreviewed		0
lib1File	lib1Datei	lib1Datei	existing-unreviewed		0
lib1GOT	lib1got	lib1got	existing-unreviewed		0
lib1elf	lib1elf	lib1elf	existing-unreviewed		0
lib2Addr	lib2address	lib2address	existing-unreviewed		0
lib2Data	lib2Daten	lib2Daten	existing-unreviewed		0
lib2File	lib2Datei	lib2Datei	existing-unreviewed		0
lib2GOT	lib2got	lib2got	existing-unreviewed		0
lib2elf	lib2elf	lib2elf	existing-unreviewed		0
libLinkMap	libVerknüpfungAbbildung	libVerknüpfungAbbildung	existing-unreviewed		0
lidtaddr	lidtaddr	lidtaddr	existing-unreviewed		0
limit	beschränkung	beschränkung	existing-unreviewed		0
limitHighAndFlags	beschränkungHochundOptionen	beschränkungHochundOptionen	existing-unreviewed		0
limitLow	beschränkungNiedrig	beschränkungNiedrig	existing-unreviewed		0
linkMap	verknüpfungAbbildung	verknüpfungAbbildung	existing-unreviewed		0
linkMapAddr	verknüpfungAbbildungaddress	verknüpfungAbbildungaddress	existing-unreviewed		0
linkerAddr	linkeraddress	linkeraddress	existing-unreviewed		0
linkerData	linkerDaten	linkerDaten	existing-unreviewed		0
linkerEntry	linkerEintrag	linkerEintrag	existing-unreviewed		0
linkerFile	linkerDatei	linkerDatei	existing-unreviewed		0
list	liste	liste	existing-unreviewed		0
listening	listening	listening	existing-unreviewed		0
loader	loader	loader	existing-unreviewed		0
local	lokal	lokal	existing-unreviewed		0
localDatagramSocket	lokaldatagramNetzanschluss	lokaldatagramNetzanschluss	existing-unreviewed		0
localIP	lokalip	lokalip	existing-unreviewed		0
localPort	lokalAnschlussNummer	lokalAnschlussNummer	existing-unreviewed		0
localSockets	lokalsockets	lokalsockets	existing-unreviewed		0
logicalAddress	logikaddress	logikaddress	existing-unreviewed		0
macAddr	macaddress	macaddress	existing-unreviewed		0
macIdx	macidx	macidx	existing-unreviewed		0
magicnumber	magicnumber	magicnumber	existing-unreviewed		0
main	main	main	compatibility		0
mainThread	hauptAusführungsfaden	hauptAusführungsfaden	existing-unreviewed		0
makePagePrivateWritableCurrent	makeSeitePrivatwritableSystemzeit	makeSeitePrivatwritableSystemzeit	existing-unreviewed		0
makeRangePrivateWritableCurrent	makeSpannweitePrivatwritableSystemzeit	makeSpannweitePrivatwritableSystemzeit	existing-unreviewed		0
manager	verwalter	verwalter	existing-unreviewed		0
mask	maske	maske	existing-unreviewed		0
master	haupt	haupt	existing-unreviewed		0
matches	matches	matches	existing-unreviewed		0
maxBARs	maximumbars	maximumbars	existing-unreviewed		0
maxDatagramSize	maximumdatagramGröße	maximumdatagramGröße	existing-unreviewed		0
maxExecStringLength	maximumAusführenZeichenketteLänge	maximumAusführenZeichenketteLänge	existing-unreviewed		0
maxExecVectorEntries	maximumAusführenvectorEintrag	maximumAusführenvectorEintrag	existing-unreviewed		0
maxFD	maximumfd	maximumfd	existing-unreviewed		0
maxOpenFiles	maximumÖffnenDATEIEN	maximumÖffnenDATEIEN	existing-unreviewed		0
maxSocketPackets	maximumNetzanschlussPakete	maximumNetzanschlussPakete	existing-unreviewed		0
maxSockets	maximumsockets	maximumsockets	existing-unreviewed		0
maximumBlocks	maximumRechteck	maximumRechteck	existing-unreviewed		0
mediaType	datenträgerTyp	datenträgerTyp	existing-unreviewed		0
mem	mem	mem	existing-unreviewed		0
memoryArray	speicherFeld	speicherFeld	existing-unreviewed		0
memoryChunkSize	speicherchunkGröße	speicherchunkGröße	existing-unreviewed		0
memoryManager	speicherVerwalter	speicherVerwalter	existing-unreviewed		0
memoryOper	speicheroper	speicheroper	existing-unreviewed		0
memorySize	speicherGröße	speicherGröße	existing-unreviewed		0
memorymananger	memorymananger	memorymananger	existing-unreviewed		0
memorytest	memorytest	memorytest	existing-unreviewed		0
message	nachricht	nachricht	existing-unreviewed		0
micsPort	micsAnschluss	micsAnschluss	existing-unreviewed		0
minimum	minimum	minimum	existing-unreviewed		0
mode	modus	modus	existing-unreviewed		0
mouseDriver	mausTreiber	mausTreiber	existing-unreviewed		0
mouseEventHandler	mausEreignishandler	mausEreignishandler	existing-unreviewed		0
mouseVGA	mausvga	mausvga	existing-unreviewed		0
mouseWidget	mausSteuerelement	mausSteuerelement	existing-unreviewed		0
msdospart	msdosPartition	msdosPartition	existing-unreviewed		0
msg	msg	msg	existing-unreviewed		0
msgBuffer	msgbuffer	msgbuffer	existing-unreviewed		0
multiboot_memory_map	multibootSpeicherAbbildung	multibootSpeicherAbbildung	existing-unreviewed		0
multitasking	mehrfachAufgabenverwaltung	mehrfachAufgabenverwaltung	existing-unreviewed		0
myKeyboardEventHandler	myTastaturEreignishandler	myTastaturEreignishandler	existing-unreviewed		0
myPCIControllerHandler	mypciSteuerunghandler	mypciSteuerunghandler	existing-unreviewed		0
myfunction	myfunction	myfunction	existing-unreviewed		0
n	n	n	existing-unreviewed		0
n_descsz	ndescsz	ndescsz	existing-unreviewed		0
n_namesz	nnamesz	nnamesz	existing-unreviewed		0
n_type	nTyp	nTyp	existing-unreviewed		0
name	elementname	elementname	existing-unreviewed		0
nameLen	elementnamelen	elementnamelen	existing-unreviewed		0
netCard	netzwerkKartenspiele	netzwerkKartenspiele	existing-unreviewed		0
newButtons	neuKnopf	neuKnopf	existing-unreviewed		0
newFD	neufd	neufd	existing-unreviewed		0
newFrame	neuRahmen	neuRahmen	existing-unreviewed		0
newLink	neuVerknüpfung	neuVerknüpfung	existing-unreviewed		0
newNode	neuKnoten	neuKnoten	existing-unreviewed		0
newPtr	neuZeiger	neuZeiger	existing-unreviewed		0
next	weiter	weiter	existing-unreviewed		0
nextEphemeralPort	weiterephemeralAnschluss	weiterephemeralAnschluss	existing-unreviewed		0
nextFileCluster	weiterDateicluster	weiterDateicluster	existing-unreviewed		0
nextHopIP_BE	weiterhopipaddressNetzwerkByteorder	weiterhopipaddressNetzwerkByteorder	existing-unreviewed		0
nextNode	weiterKnoten	weiterKnoten	existing-unreviewed		0
nextProcessID	weiterProzessKennung	weiterProzessKennung	existing-unreviewed		0
nextThread	weiterAusführungsfaden	weiterAusführungsfaden	existing-unreviewed		0
nibble	nibble	nibble	existing-unreviewed		0
node	knoten	listenknoten	project-proposal	list_node	16
nodeArray	knotenFeld	knotenFeld	existing-unreviewed		0
num	nummer	nummer	existing-unreviewed		0
numCacheEntries	nummercacheEintrag	nummercacheEintrag	existing-unreviewed		0
numDrivers	nummerTreiber	nummerTreiber	existing-unreviewed		0
numFunctions	nummerFunktionen	nummerFunktionen	existing-unreviewed		0
numRecvBuffers	nummerrecvbuffer	nummerrecvbuffer	existing-unreviewed		0
numSendBuffers	nummerSendenbuffer	nummerSendenbuffer	existing-unreviewed		0
numSockets	nummersockets	nummersockets	existing-unreviewed		0
numTasks	nummerAufgaben	nummerAufgaben	existing-unreviewed		0
oAppend	oappend	oappend	existing-unreviewed		0
oCreate	oErstellen	oErstellen	existing-unreviewed		0
oDirectory	oOrdner	oOrdner	existing-unreviewed		0
oReadOnly	oLesennur	oLesennur	existing-unreviewed		0
oReadWrite	oLesenSchreiben	oLesenSchreiben	existing-unreviewed		0
oTruncate	oWertabschneiden	oWertabschneiden	existing-unreviewed		0
oWriteOnly	oSchreibennur	oSchreibennur	existing-unreviewed		0
o_addr	oaddress	oaddress	existing-unreviewed		0
offset	versatz	versatz	existing-unreviewed		0
ok	bestätigen	bestätigen	existing-unreviewed		0
oldButtons	altKnopf	altKnopf	existing-unreviewed		0
oldCR3	altcr3	altcr3	existing-unreviewed		0
oldFD	altfd	altfd	existing-unreviewed		0
oldFrame	altRahmen	altRahmen	existing-unreviewed		0
oldGdt	altgdt	altgdt	existing-unreviewed		0
oldGdtAddr	altgdtaddress	altgdtaddress	existing-unreviewed		0
oldGdtLen	altgdtlen	altgdtlen	existing-unreviewed		0
openFileDescription	öffnenDateiBeschreibung	öffnenDateiBeschreibung	existing-unreviewed		0
openFileTable	öffnenDateiTabelle	öffnenDateiTabelle	existing-unreviewed		0
options	optionen_2	optionen_2	existing-unreviewed		0
orgValue	orgWert	orgWert	existing-unreviewed		0
p	p	p	existing-unreviewed		0
p1	p1	p1	existing-unreviewed		0
p2	p2	p2	existing-unreviewed		0
p_align	pAusrichtung	pAusrichtung	existing-unreviewed		0
p_backend	pbackend	pbackend	existing-unreviewed		0
p_data	pDaten	pDaten	existing-unreviewed		0
p_efHandler	pefhandler	pefhandler	existing-unreviewed		0
p_efProvider	pefprovider	pefprovider	existing-unreviewed		0
p_etherType	pEthernetTyp	pEthernetTyp	existing-unreviewed		0
p_filesz	pfilesz	pfilesz	existing-unreviewed		0
p_flags	pOptionen	pOptionen	existing-unreviewed		0
p_iHandler	pihandler	pihandler	existing-unreviewed		0
p_ipHandler	piphandler	piphandler	existing-unreviewed		0
p_ipProvider	pipprovider	pipprovider	existing-unreviewed		0
p_memsz	pmemsz	pmemsz	existing-unreviewed		0
p_offset	pVersatz	pVersatz	existing-unreviewed		0
p_paddr	ppaddr	ppaddr	existing-unreviewed		0
p_protocol	pprotocol	pprotocol	existing-unreviewed		0
p_provider	pprovider	pprovider	existing-unreviewed		0
p_str	pstr	pstr	existing-unreviewed		0
p_type	pTyp	pTyp	existing-unreviewed		0
p_udpHandler	pudphandler	pudphandler	existing-unreviewed		0
p_udpProvider	pudpprovider	pudpprovider	existing-unreviewed		0
p_vaddr	pvaddr	pvaddr	existing-unreviewed		0
packet	pAKET	pAKET	existing-unreviewed		0
packetStatus	pAKETstatus	pAKETstatus	existing-unreviewed		0
packets	pakete	pakete	existing-unreviewed		0
page	seite	seite	existing-unreviewed		0
pageDir	seiteOrdner	seitenverzeichnis	project-proposal	page_directory	27
pageDirEntry	seiteOrdnerEintrag	seiteOrdnerEintrag	existing-unreviewed		0
pageTableEntry	seiteTabelleEintrag	seiteTabelleEintrag	existing-unreviewed		0
paging	seitenverwaltung	seitenverwaltung	existing-unreviewed		0
param	param	param	existing-unreviewed		0
params	parameter	parameter	existing-unreviewed		0
parent	elternelement	elternelement	existing-unreviewed		0
parentPID	elternelementProzesskennung	elternelementProzesskennung	existing-unreviewed		0
parentProcess	elternelementProzess	elternelementProzess	existing-unreviewed		0
partEntry	partEintrag	partEintrag	existing-unreviewed		0
partition	partition	partition	existing-unreviewed		0
partitionBytes	partitionByte	partitionByte	existing-unreviewed		0
partitionOffset	partitionVersatz	partitionVersatz	existing-unreviewed		0
path	pFAD	pFAD	existing-unreviewed		0
pathAddr	pFADaddress	pFADaddress	existing-unreviewed		0
pci	pci	pci	existing-unreviewed		0
pciController	pciSteuerung	pciSteuerung	existing-unreviewed		0
pde	pde	pde	existing-unreviewed		0
pdeAddr	pdeaddress	pdeaddress	existing-unreviewed		0
pdelen	pdelen	pdelen	existing-unreviewed		0
peer	peer	peer	existing-unreviewed		0
pendingButtons	ausstehendKnopf	ausstehendKnopf	existing-unreviewed		0
pendingMouseEvent	ausstehendMausEreignis	ausstehendMausEreignis	existing-unreviewed		0
pendingX	ausstehendx	ausstehendx	existing-unreviewed		0
pendingY	ausstehendy	ausstehendy	existing-unreviewed		0
phyaddr	phyaddr	phyaddr	existing-unreviewed		0
phymem	physischSpeicher	physischSpeicher	existing-unreviewed		0
physicalAddress	physischaddress	physischaddress	existing-unreviewed		0
pid	prozesskennung	prozesskennung	existing-unreviewed		0
pitFrequency	pitHäufigkeit	pitHäufigkeit	existing-unreviewed		0
pixelAddress	pixeladdress	pixeladdress	existing-unreviewed		0
pointer	zeiger	adressverweis	project-proposal	pointer	39
pollKeyboardScancode	pollTastaturscancode	pollTastaturscancode	existing-unreviewed		0
port	anschluss	anschluss	existing-unreviewed		0
portBase	anschlussbase	anschlussbase	existing-unreviewed		0
portInUse	anschlussEinVerwenden	anschlussEinVerwenden	existing-unreviewed		0
portnumber	portnumber	portnumber	existing-unreviewed		0
pos	position	position	existing-unreviewed		0
position	position_2	position_2	existing-unreviewed		0
posixStat	posixstat	posixstat	existing-unreviewed		0
posixUtsname	posixutsname	posixutsname	existing-unreviewed		0
prefetchable	prefetchcapable	prefetchcapable	existing-unreviewed		0
prev	previous	previous	existing-unreviewed		0
prevNode	previousKnoten	previousKnoten	existing-unreviewed		0
prevX	previousx	previousx	existing-unreviewed		0
prevY	previousy	previousy	existing-unreviewed		0
printESP	druckenesp	druckenesp	existing-unreviewed		0
printExceptionSelectorInfo	druckenexceptionselectorinfo	druckenexceptionselectorinfo	existing-unreviewed		0
printPageFaultInfo	druckenSeiteFehlerinfo	druckenSeiteFehlerinfo	existing-unreviewed		0
printreg	printreg	printreg	existing-unreviewed		0
proc2	proc2	proc2	existing-unreviewed		0
proc3	proc3	proc3	existing-unreviewed		0
proc4	proc4	proc4	existing-unreviewed		0
process	prozess	prozess	existing-unreviewed		0
processEntry	prozessEintrag	prozessEintrag	existing-unreviewed		0
processHelper	prozesshelper	prozesshelper	existing-unreviewed		0
processTable	prozessTabelle	prozessTabelle	existing-unreviewed		0
processes	prozesse	prozesse	existing-unreviewed		0
programBreak	programmbreak	programmbreak	existing-unreviewed		0
protocol	protocol	protocol	existing-unreviewed		0
protocolAddressSize	protocoladdressGröße	protocoladdressGröße	existing-unreviewed		0
providedLength	providedLänge	providedLänge	existing-unreviewed		0
provider	provider	provider	existing-unreviewed		0
ps2WaitLimit	ps2WartenBeschränkung	ps2WartenBeschränkung	existing-unreviewed		0
pt	pt	pt	existing-unreviewed		0
pte	pte	pte	existing-unreviewed		0
pteAddr	pteaddress	pteaddress	existing-unreviewed		0
ptr	zeiger_2	adressverweis_2	project-proposal	pointer	12
pushExecUint32	pushAusführenunsignedinteger32	pushAusführenunsignedinteger32	existing-unreviewed		0
queueKeyboardByte	warteschlangeTastaturByte	warteschlangeTastaturByte	existing-unreviewed		0
r	r	r	existing-unreviewed		0
r_addend	raddend	raddend	existing-unreviewed		0
r_info	rinfo	rinfo	existing-unreviewed		0
r_offset	rVersatz	rVersatz	existing-unreviewed		0
raw	raw	raw	existing-unreviewed		0
rawDataBackend	rawDatenbackend	rawDatenbackend	existing-unreviewed		0
readFile	lesenDatei	lesenDatei	existing-unreviewed		0
readPS2Data	lesenps2Daten	lesenps2Daten	existing-unreviewed		0
readStdin	lesenstdin	lesenstdin	existing-unreviewed		0
readVFSFile	lesenvfsDatei	lesenvfsDatei	existing-unreviewed		0
read_count	lesenAnzahl	lesenAnzahl	existing-unreviewed		0
receiver	receiver	receiver	existing-unreviewed		0
recvBufferDescr	recvbufferBeschreibung	recvbufferBeschreibung	existing-unreviewed		0
recvBufferDescrAddress	recvbufferBeschreibungaddress	recvbufferBeschreibungaddress	existing-unreviewed		0
recvBuffers	recvbuffer	recvbuffer	existing-unreviewed		0
recvBuffersDescrMemory	recvbufferBeschreibungSpeicher	recvbufferBeschreibungSpeicher	existing-unreviewed		0
refBytes	referenceByte	referenceByte	existing-unreviewed		0
refPtr	referenceZeiger	referenceZeiger	existing-unreviewed		0
refs	refs	refs	existing-unreviewed		0
regIndex	regInhalt	regInhalt	existing-unreviewed		0
registerAddressPort	registeraddressAnschluss	registeraddressAnschluss	existing-unreviewed		0
registerDataPort	registerDatenAnschluss	registerDatenAnschluss	existing-unreviewed		0
registeroffset	registeroffset	registeroffset	existing-unreviewed		0
registers	register	register	existing-unreviewed		0
regtype	regtype	regtype	existing-unreviewed		0
rel_text	relText	relText	existing-unreviewed		0
rel_text_len	relTextlen	relTextlen	existing-unreviewed		0
releaseOpenFile	releaseÖffnenDatei	releaseÖffnenDatei	existing-unreviewed		0
released	released	released	existing-unreviewed		0
reloadCR3	neuladencr3	neuladencr3	existing-unreviewed		0
relocation_text	relocationText	relocationText	existing-unreviewed		0
remaining	remaining	remaining	existing-unreviewed		0
remote	entfernt	entfernt	existing-unreviewed		0
remoteIP	entferntip	entferntip	existing-unreviewed		0
remotePort	entferntAnschlussNummer	entferntAnschlussNummer	existing-unreviewed		0
requested	requested	requested	existing-unreviewed		0
reserved	reserviert	reserviert	existing-unreviewed		0
reserved0	reserviert0	reserviert0	existing-unreviewed		0
reservedSectors	reserviertsectors	reserviertsectors	existing-unreviewed		0
resetPort	zurücksetzenAnschluss	zurücksetzenAnschluss	existing-unreviewed		0
restoreFpRegs	wiederherstellenfpregs	wiederherstellenfpregs	existing-unreviewed		0
result	ergebnis	ergebnis	existing-unreviewed		0
result1	ergebnis1	ergebnis1	existing-unreviewed		0
result2	ergebnis2	ergebnis2	existing-unreviewed		0
ret	ret	ret	existing-unreviewed		0
revision	revision	revision	existing-unreviewed		0
rightShift	rechtsUmschalt	rechtsUmschalt	existing-unreviewed		0
rootCluster	basisordnercluster	basisordnercluster	existing-unreviewed		0
rootDirEntries	basisordnerOrdnerEintrag	basisordnerOrdnerEintrag	existing-unreviewed		0
rootStart	basisordnerStarten	basisordnerStarten	existing-unreviewed		0
rt	rt	rt	existing-unreviewed		0
s	s	s	existing-unreviewed		0
sIfchr	sifchr	sifchr	existing-unreviewed		0
sIfdir	sifdir	sifdir	existing-unreviewed		0
sIfmt	sifmt	sifmt	existing-unreviewed		0
sIfreg	sifreg	sifreg	existing-unreviewed		0
sIfsock	sifsock	sifsock	existing-unreviewed		0
savedESP	gespeichertesp	gespeichertesp	existing-unreviewed		0
sc	sc	sc	existing-unreviewed		0
scanCode	einlesencode	einlesencode	existing-unreviewed		0
scanCodeToByte	einlesencodetoByte	einlesencodetoByte	existing-unreviewed		0
scancodeToByte	scancodetoByte	scancodetoByte	existing-unreviewed		0
sche	sche	sche	existing-unreviewed		0
sche_data	scheDaten	scheDaten	existing-unreviewed		0
scheduleStack	schedulestack	schedulestack	existing-unreviewed		0
scheduler	planer	planer	existing-unreviewed		0
schedulerDebug	planerDebuggen	planerDebuggen	existing-unreviewed		0
sectHeader	sectKopf	sectKopf	existing-unreviewed		0
sectHeaderSize	sectKopfGröße	sectKopfGröße	existing-unreviewed		0
sectName	sectElementname	sectElementname	existing-unreviewed		0
sectValue	sectWert	sectWert	existing-unreviewed		0
sector	sector	sector	existing-unreviewed		0
sectorCountPort	sectorAnzahlAnschluss	sectorAnzahlAnschluss	existing-unreviewed		0
sectorNum	sectorNummer	sectorNummer	existing-unreviewed		0
sectorOffset	sectorVersatz	sectorVersatz	existing-unreviewed		0
sectorPerTrack	sectorpertrack	sectorpertrack	existing-unreviewed		0
sectorsPerCluster	sectorspercluster	sectorspercluster	existing-unreviewed		0
seekCur	seekSystemzeit	seekSystemzeit	existing-unreviewed		0
seekEnd	seekEnde	seekEnde	existing-unreviewed		0
seekSet	seekSetzen	seekSetzen	existing-unreviewed		0
segmentNumber	segmentNummer	segmentNummer	existing-unreviewed		0
self	selbst	selbst	existing-unreviewed		0
self_uintptr	selbstuintptr	selbstuintptr	existing-unreviewed		0
sendBack	reply	reply	existing-unreviewed		0
sendBufferDescr	sendenbufferBeschreibung	sendenbufferBeschreibung	existing-unreviewed		0
sendBufferDescrAddress	sendenbufferBeschreibungaddress	sendenbufferBeschreibungaddress	existing-unreviewed		0
sendBuffers	sendenbuffer	sendenbuffer	existing-unreviewed		0
sendBuffersDescrMemory	sendenbufferBeschreibungSpeicher	sendenbufferBeschreibungSpeicher	existing-unreviewed		0
sendDataPointer	sendenDatenZeiger	sendenDatenZeiger	existing-unreviewed		0
sendDescriptor	sendendescriptor	sendendescriptor	existing-unreviewed		0
sendMouseCommand	sendenMausBefehl	sendenMausBefehl	existing-unreviewed		0
sequencerDataPort	sequencerDatenAnschluss	sequencerDatenAnschluss	existing-unreviewed		0
sequencerIndexPort	sequencerInhaltAnschluss	sequencerInhaltAnschluss	existing-unreviewed		0
serialLogByte	seriellProtokollByte	seriellProtokollByte	existing-unreviewed		0
serialReady	seriellBereit	seriellBereit	existing-unreviewed		0
setCR3	setzencr3	setzencr3	existing-unreviewed		0
setDS	setzends	setzends	existing-unreviewed		0
setGS	setzengs	setzengs	existing-unreviewed		0
setThreadExitLoopState	setzenAusführungsfadenBeendenSchleifeStatus	setzenAusführungsfadenBeendenSchleifeStatus	existing-unreviewed		0
setupExecStack	setupAusführenstack	setupAusführenstack	existing-unreviewed		0
sh	sh	sh	existing-unreviewed		0
sh_addr	shaddress	shaddress	existing-unreviewed		0
sh_addralign	shaddralign	shaddralign	existing-unreviewed		0
sh_entsize	shentsize	shentsize	existing-unreviewed		0
sh_flags	shOptionen	shOptionen	existing-unreviewed		0
sh_info	shinfo	shinfo	existing-unreviewed		0
sh_link	shVerknüpfung	shVerknüpfung	existing-unreviewed		0
sh_name	shElementname	shElementname	existing-unreviewed		0
sh_offset	shVersatz	shVersatz	existing-unreviewed		0
sh_size	shGröße	shGröße	existing-unreviewed		0
sh_type	shTyp	shTyp	existing-unreviewed		0
shift	umschalt	umschalt	existing-unreviewed		0
signature	signature	signature	existing-unreviewed		0
size	größe	größe	existing-unreviewed		0
sl	sl	sl	existing-unreviewed		0
sockDatagram	sockdatagram	sockdatagram	existing-unreviewed		0
socket	netzanschluss	netzanschluss	existing-unreviewed		0
socketAddress	netzanschlussaddress	netzanschlussaddress	existing-unreviewed		0
socketAddressIPv4	netzanschlussaddressiBw4	netzanschlussaddressiBw4	existing-unreviewed		0
socketBind	netzanschlussBindung	netzanschlussBindung	existing-unreviewed		0
socketCallArgument	netzanschlussAufrufargument	netzanschlussAufrufargument	existing-unreviewed		0
socketConnect	netzanschlussVerbinden	netzanschlussVerbinden	existing-unreviewed		0
socketForFD	netzanschlussforfd	netzanschlussforfd	existing-unreviewed		0
socketIndex	netzanschlussInhalt	netzanschlussInhalt	existing-unreviewed		0
socketPacket	netzanschlussPAKET	netzanschlussPAKET	existing-unreviewed		0
socketReceiveFrom	netzanschlussreceivevon	netzanschlussreceivevon	existing-unreviewed		0
socketSendTo	netzanschlussSendento	netzanschlussSendento	existing-unreviewed		0
socketType	netzanschlussTyp	netzanschlussTyp	existing-unreviewed		0
sockets	sockets	sockets	existing-unreviewed		0
softName	softElementname	softElementname	existing-unreviewed		0
source	quelle	quelle	existing-unreviewed		0
sourceAddress	quelleaddress	quelleaddress	existing-unreviewed		0
sourceLengthAddress	quelleLängeaddress	quelleLängeaddress	existing-unreviewed		0
src	quelle_2	quelle_2	existing-unreviewed		0
srcEntry	quelleEintrag	quelleEintrag	existing-unreviewed		0
srcIP	quelleipaddress	quelleipaddress	existing-unreviewed		0
srcIP_BE	quelleipaddressNetzwerkByteorder	quelleipaddressNetzwerkByteorder	existing-unreviewed		0
srcMAC	quellemacaddress	quellemacaddress	existing-unreviewed		0
srcMAC_BE	quellemacbe	quellemacbe	existing-unreviewed		0
srcPageDir	quelleSeiteOrdner	quelleSeiteOrdner	existing-unreviewed		0
srcPde	quellepde	quellepde	existing-unreviewed		0
srcPdeAddr	quellepdeaddress	quellepdeaddress	existing-unreviewed		0
srcPort	quelleAnschlussNummer	quellportnummer	project-proposal	source_port	9
srcPt	quellept	quellept	existing-unreviewed		0
srcptr	srcptr	srcptr	existing-unreviewed		0
ss	ss	ss	existing-unreviewed		0
ss0	ss0	ss0	existing-unreviewed		0
ss1	ss1	ss1	existing-unreviewed		0
ss2	ss2	ss2	existing-unreviewed		0
st	st	st	existing-unreviewed		0
st_info	stinfo	stinfo	existing-unreviewed		0
st_name	stElementname	stElementname	existing-unreviewed		0
st_other	stWeitere	stWeitere	existing-unreviewed		0
st_shndx	stshndx	stshndx	existing-unreviewed		0
st_size	stGröße	stGröße	existing-unreviewed		0
st_value	stWert	stWert	existing-unreviewed		0
stack	stack	stapelspeicher	project-proposal	stack	18
stackBytes	stackByte	stackByte	existing-unreviewed		0
stackPtr	stackZeiger	stackZeiger	existing-unreviewed		0
stack_addr	stackaddress	stackaddress	existing-unreviewed		0
stackbottom	stackbottom	stackbottom	existing-unreviewed		0
stacktop	stacktop	stacktop	existing-unreviewed		0
start	starten	starten	existing-unreviewed		0
startOffset	startenVersatz	startenVersatz	existing-unreviewed		0
start_cylinder	startencylinder	startencylinder	existing-unreviewed		0
start_head	startenhead	startenhead	existing-unreviewed		0
start_sector	startensector	startensector	existing-unreviewed		0
startingBit	startingbit	startingbit	existing-unreviewed		0
stat	stat	stat	existing-unreviewed		0
statAddr	stataddress	stataddress	existing-unreviewed		0
status	status	status	existing-unreviewed		0
statusAddr	statusaddress	statusaddress	existing-unreviewed		0
stderrFD	stderrfd	stderrfd	existing-unreviewed		0
stdinBuffer	stdinbuffer	stdinbuffer	existing-unreviewed		0
stdinFD	stdinfd	stdinfd	existing-unreviewed		0
stdinGetBlocking	stdingetblocking	stdingetblocking	existing-unreviewed		0
stdinRead	stdinLesen	stdinLesen	existing-unreviewed		0
stdinWrite	stdinSchreiben	stdinSchreiben	existing-unreviewed		0
stdoutFD	stdoutfd	stdoutfd	existing-unreviewed		0
stoppedThread	angehaltenAusführungsfaden	angehaltenAusführungsfaden	existing-unreviewed		0
str	str	str	existing-unreviewed		0
stringAddress	zeichenketteaddress	zeichenketteaddress	existing-unreviewed		0
stringHeader	zeichenketteKopf	zeichenketteKopf	existing-unreviewed		0
strtab	strtab	strtab	existing-unreviewed		0
subclass_id	subclassKennung	subclassKennung	existing-unreviewed		0
subnetMask	subnetMaske	subnetMaske	existing-unreviewed		0
swapUint16	auslagerungsspeicherunsignedinteger16	auslagerungsspeicherunsignedinteger16	existing-unreviewed		0
switchForced	switchforced	switchforced	existing-unreviewed		0
sysAccess	syszugreifen	syszugreifen	existing-unreviewed		0
sysBrk	sysbrk	sysbrk	existing-unreviewed		0
sysCall	sysAufruf	sysAufruf	existing-unreviewed		0
sysChdir	syschdir	syschdir	existing-unreviewed		0
sysClose	sysSchließen	sysSchließen	existing-unreviewed		0
sysDup	sysdup	sysdup	existing-unreviewed		0
sysDup2	sysdup2	sysdup2	existing-unreviewed		0
sysExecve	sysexecve	sysexecve	existing-unreviewed		0
sysExit	sysBeenden	sysBeenden	existing-unreviewed		0
sysFcntl	sysfcntl	sysfcntl	existing-unreviewed		0
sysFork	sysfork	sysfork	existing-unreviewed		0
sysFstat	sysfstat	sysfstat	existing-unreviewed		0
sysFsync	sysfsync	sysfsync	existing-unreviewed		0
sysGetcwd	sysgetcwd	sysgetcwd	existing-unreviewed		0
sysLseek	syslseek	syslseek	existing-unreviewed		0
sysOpen	sysÖffnen	sysÖffnen	existing-unreviewed		0
sysRead	sysLesen	sysLesen	existing-unreviewed		0
sysSocketCall	sysNetzanschlussAufruf	sysNetzanschlussAufruf	existing-unreviewed		0
sysStat	sysstat	sysstat	existing-unreviewed		0
sysUname	sysuname	sysuname	existing-unreviewed		0
sysWaitpid	syswaitpid	syswaitpid	existing-unreviewed		0
sysWrite	sysSchreiben	sysSchreiben	existing-unreviewed		0
syscallError	syscallFehler	syscallFehler	existing-unreviewed		0
syscallID	syscallKennung	syscallKennung	existing-unreviewed		0
systemcall	systemAufruf	systemAufruf	existing-unreviewed		0
table	tabelle	tabelle	existing-unreviewed		0
tableSize	tabelleGröße	tabelleGröße	existing-unreviewed		0
tail	tail	tail	existing-unreviewed		0
task	aufgabe	aufgabe	existing-unreviewed		0
taskA	aufgabea	aufgabea	existing-unreviewed		0
taskB	aufgabeb	aufgabeb	existing-unreviewed		0
taskC	aufgabec	aufgabec	existing-unreviewed		0
taskD	aufgabed	aufgabed	existing-unreviewed		0
taskD0	aufgabed0	aufgabed0	existing-unreviewed		0
taskD1	aufgabed1	aufgabed1	existing-unreviewed		0
taskManager	aufgabeVerwalter	aufgabeVerwalter	existing-unreviewed		0
tasks	aufgaben	aufgaben	existing-unreviewed		0
temp	temporary	temporary	existing-unreviewed		0
terminated	terminated	terminated	existing-unreviewed		0
text	text	text	existing-unreviewed		0
textPtr	textZeiger	textZeiger	existing-unreviewed		0
text_len	textlen	textlen	existing-unreviewed		0
text_mode_check_fb_move	textModuscheckfbVerschieben	textModuscheckfbVerschieben	existing-unreviewed		0
text_mode_disable_cursor	textModusDeaktivierenEingabemarke	textModusDeaktivierenEingabemarke	existing-unreviewed		0
text_mode_enable_cursor	textModusAktivierenEingabemarke	textModusAktivierenEingabemarke	existing-unreviewed		0
text_mode_error_writer	textModusFehlerwriter	textModusFehlerwriter	existing-unreviewed		0
text_mode_flush_screen	textModusflushBildschirm	textModusflushBildschirm	existing-unreviewed		0
text_mode_init	textModusinit	textModusinit	existing-unreviewed		0
text_mode_print	textModusDrucken	textModusDrucken	existing-unreviewed		0
text_mode_print_bytes	textModusDruckenByte	textModusDruckenByte	existing-unreviewed		0
text_mode_print_char	textModusDruckenchar	textModusDruckenchar	existing-unreviewed		0
text_mode_print_char_col	textModusDruckencharKol	textModusDruckencharKol	existing-unreviewed		0
text_mode_print_col	textModusDruckenKol	textModusDruckenKol	existing-unreviewed		0
text_mode_print_error	textModusDruckenFehler	textModusDruckenFehler	existing-unreviewed		0
text_mode_print_error_bytes	textModusDruckenFehlerByte	textModusDruckenFehlerByte	existing-unreviewed		0
text_mode_print_errorln	textModusDruckenerrorln	textModusDruckenerrorln	existing-unreviewed		0
text_mode_print_hex	textModusDruckenhex	textModusDruckenhex	existing-unreviewed		0
text_mode_print_hex16	textModusDruckenhex16	textModusDruckenhex16	existing-unreviewed		0
text_mode_print_hex32	textModusDruckenhex32	textModusDruckenhex32	existing-unreviewed		0
text_mode_print_hex64	textModusDruckenhex64	textModusDruckenhex64	existing-unreviewed		0
text_mode_print_hex_char	textModusDruckenhexchar	textModusDruckenhexchar	existing-unreviewed		0
text_mode_println	textModusprintln	textModusprintln	existing-unreviewed		0
text_mode_println_col	textModusprintlnKol	textModusprintlnKol	existing-unreviewed		0
text_mode_update_cursor	textModusAktualisierenEingabemarke	textModusAktualisierenEingabemarke	existing-unreviewed		0
text_mode_writer	textModuswriter	textModuswriter	existing-unreviewed		0
thr2	thr2	thr2	existing-unreviewed		0
thr3	thr3	thr3	existing-unreviewed		0
thr4	thr4	thr4	existing-unreviewed		0
thread	ausführungsfaden	ausführungsfaden	existing-unreviewed		0
threadExitLoop	ausführungsfadenBeendenSchleife	ausführungsfadenBeendenSchleife	existing-unreviewed		0
threadHelper	ausführungsfadenhelper	ausführungsfadenhelper	existing-unreviewed		0
threadPtr	ausführungsfadenZeiger	ausführungsfadenZeiger	existing-unreviewed		0
tickCount	tickAnzahl	tickAnzahl	existing-unreviewed		0
timeDelta	zeitdelta	zeitdelta	existing-unreviewed		0
timeToLive	zeittolive	zeittolive	existing-unreviewed		0
timer	zeitgeber	zeitgeber	existing-unreviewed		0
tls	tls	tls	existing-unreviewed		0
tmp	tmp	tmp	existing-unreviewed		0
tmpPtr	tmpZeiger	tmpZeiger	existing-unreviewed		0
tos	tos	tos	existing-unreviewed		0
totalLength	gesamtLänge	gesamtLänge	existing-unreviewed		0
totalSectorCount	gesamtsectorAnzahl	gesamtsectorAnzahl	existing-unreviewed		0
totalSectors	gesamtsectors	gesamtsectors	existing-unreviewed		0
trap	trap	trap	existing-unreviewed		0
tss	tss	tss	existing-unreviewed		0
tssIndex	tssInhalt	tssInhalt	existing-unreviewed		0
udp	udp	benutzerdatagrammprotokoll	project-proposal	udp	1
udpHandler	udphandler	udphandler	existing-unreviewed		0
udpHeaderSize	udpKopfGröße	udpKopfGröße	existing-unreviewed		0
udpProvider	udpprovider	udpprovider	existing-unreviewed		0
udp콘솔	udpKonsole	udpKonsole	existing-unreviewed		0
unused	unbenutzt	unbenutzt	existing-unreviewed		0
used	belegt	belegt	existing-unreviewed		0
usedBlocks	belegtRechteck	belegtRechteck	existing-unreviewed		0
user1addr	benutzer1address	benutzer1address	existing-unreviewed		0
user1data	benutzer1Daten	benutzer1Daten	existing-unreviewed		0
user1entry	benutzer1Eintrag	benutzer1Eintrag	existing-unreviewed		0
user1file	benutzer1Datei	benutzer1Datei	existing-unreviewed		0
user2addr	benutzer2address	benutzer2address	existing-unreviewed		0
user2data	benutzer2Daten	benutzer2Daten	existing-unreviewed		0
user2entry	benutzer2Eintrag	benutzer2Eintrag	existing-unreviewed		0
user2file	benutzer2Datei	benutzer2Datei	existing-unreviewed		0
user3addr	benutzer3address	benutzer3address	existing-unreviewed		0
user3data	benutzer3Daten	benutzer3Daten	existing-unreviewed		0
user3entry	benutzer3Eintrag	benutzer3Eintrag	existing-unreviewed		0
user3file	benutzer3Datei	benutzer3Datei	existing-unreviewed		0
userHeapBase	benutzerheapbase	benutzerheapbase	existing-unreviewed		0
userHeapLimit	benutzerheapBeschränkung	benutzerheapBeschränkung	existing-unreviewed		0
user_esp	benutzeresp	benutzeresp	existing-unreviewed		0
userhandler	userhandler	userhandler	existing-unreviewed		0
userproc_entry	userprocEintrag	userprocEintrag	existing-unreviewed		0
util	hilfswerkzeug	hilfswerkzeug	existing-unreviewed		0
util콘솔	hilfswerkzeugKonsole	hilfswerkzeugKonsole	existing-unreviewed		0
v	v	v	existing-unreviewed		0
vAddr	vaddress	vaddress	existing-unreviewed		0
value	wert	wert	existing-unreviewed		0
values	werte	werte	existing-unreviewed		0
version	version	version	existing-unreviewed		0
vga	vga	vga	existing-unreviewed		0
virtlen	virtlen	virtlen	existing-unreviewed		0
virtmem	virtuellSpeicher	virtuellSpeicher	existing-unreviewed		0
virtualAddr	virtuelladdress	virtuelladdress	existing-unreviewed		0
volumeId	lautstärkeKennung	lautstärkeKennung	existing-unreviewed		0
volumeLabel	lautstärkeBeschriftung	lautstärkeBeschriftung	existing-unreviewed		0
w	w	w	existing-unreviewed		0
wDate	wDatum	wDatum	existing-unreviewed		0
wTime	wZeit	wZeit	existing-unreviewed		0
waitPS2InputEmpty	wartenps2EingabeLeer	wartenps2EingabeLeer	existing-unreviewed		0
waitPS2OutputFull	wartenps2AusgabeStark	wartenps2AusgabeStark	existing-unreviewed		0
wdata	wdata	wdata	existing-unreviewed		0
whence	whence	whence	existing-unreviewed		0
widget	steuerelement	bildschirmelement	project-proposal	widget	6
width	breite	breite	existing-unreviewed		0
writePS2Command	schreibenps2Befehl	schreibenps2Befehl	existing-unreviewed		0
writePS2Data	schreibenps2Daten	schreibenps2Daten	existing-unreviewed		0
write_count	schreibenAnzahl	schreibenAnzahl	existing-unreviewed		0
x	x	x	existing-unreviewed		0
xPageDir	xSeiteOrdner	xSeiteOrdner	existing-unreviewed		0
xPos	xposition	xposition	existing-unreviewed		0
y	y	y	existing-unreviewed		0
yPageDir	ySeiteOrdner	ySeiteOrdner	existing-unreviewed		0
yPos	yposition	yposition	existing-unreviewed		0
값	wert_2	wert_2	existing-unreviewed		0
공용서술자테이블	shareddescriptorTabelle	shareddescriptorTabelle	existing-unreviewed		0
기준	base_2	base_2	existing-unreviewed		0
기준_낮은	baseNiedrig_2	baseNiedrig_2	existing-unreviewed		0
기준_높은	baseHoch_2	baseHoch_2	existing-unreviewed		0
기준_매우높은	baseveryHoch	baseveryHoch	existing-unreviewed		0
기준주소	baseaddress	baseaddress	existing-unreviewed		0
넷카드콘솔	netzwerkKartenspieleKonsole	netzwerkKartenspieleKonsole	existing-unreviewed		0
단말기	terminal	terminal	existing-unreviewed		0
마우스콘솔	mausKonsole	mausKonsole	existing-unreviewed		0
매개값	argumentWert	argumentWert	existing-unreviewed		0
멈추기	halt	halt	existing-unreviewed		0
목적	ziel_3	ziel_3	existing-unreviewed		0
유형	typ	typ	existing-unreviewed		0
이더넷콘솔	ethernetKonsole	ethernetKonsole	existing-unreviewed		0
인터럽트무시하기	unterbrechungignore	unterbrechungignore	existing-unreviewed		0
인터럽트예외처리기	unterbrechungexceptionhandler	unterbrechungexceptionhandler	existing-unreviewed		0
인터럽트예외처리기0x00	unterbrechungexceptionhandler0x00	unterbrechungexceptionhandler0x00	existing-unreviewed		0
인터럽트예외처리기0x01	unterbrechungexceptionhandler0x01	unterbrechungexceptionhandler0x01	existing-unreviewed		0
인터럽트예외처리기0x02	unterbrechungexceptionhandler0x02	unterbrechungexceptionhandler0x02	existing-unreviewed		0
인터럽트예외처리기0x03	unterbrechungexceptionhandler0x03	unterbrechungexceptionhandler0x03	existing-unreviewed		0
인터럽트예외처리기0x04	unterbrechungexceptionhandler0x04	unterbrechungexceptionhandler0x04	existing-unreviewed		0
인터럽트예외처리기0x05	unterbrechungexceptionhandler0x05	unterbrechungexceptionhandler0x05	existing-unreviewed		0
인터럽트예외처리기0x06	unterbrechungexceptionhandler0x06	unterbrechungexceptionhandler0x06	existing-unreviewed		0
인터럽트예외처리기0x07	unterbrechungexceptionhandler0x07	unterbrechungexceptionhandler0x07	existing-unreviewed		0
인터럽트예외처리기0x08	unterbrechungexceptionhandler0x08	unterbrechungexceptionhandler0x08	existing-unreviewed		0
인터럽트예외처리기0x09	unterbrechungexceptionhandler0x09	unterbrechungexceptionhandler0x09	existing-unreviewed		0
인터럽트예외처리기0x0A	unterbrechungexceptionhandler0x0a	unterbrechungexceptionhandler0x0a	existing-unreviewed		0
인터럽트예외처리기0x0B	unterbrechungexceptionhandler0x0b	unterbrechungexceptionhandler0x0b	existing-unreviewed		0
인터럽트예외처리기0x0C	unterbrechungexceptionhandler0x0c	unterbrechungexceptionhandler0x0c	existing-unreviewed		0
인터럽트예외처리기0x0D	unterbrechungexceptionhandler0x0d	unterbrechungexceptionhandler0x0d	existing-unreviewed		0
인터럽트예외처리기0x0E	unterbrechungexceptionhandler0x0e	unterbrechungexceptionhandler0x0e	existing-unreviewed		0
인터럽트예외처리기0x0F	unterbrechungexceptionhandler0x0f	unterbrechungexceptionhandler0x0f	existing-unreviewed		0
인터럽트예외처리기0x10	unterbrechungexceptionhandler0x10	unterbrechungexceptionhandler0x10	existing-unreviewed		0
인터럽트예외처리기0x11	unterbrechungexceptionhandler0x11	unterbrechungexceptionhandler0x11	existing-unreviewed		0
인터럽트예외처리기0x12	unterbrechungexceptionhandler0x12	unterbrechungexceptionhandler0x12	existing-unreviewed		0
인터럽트예외처리기0x13	unterbrechungexceptionhandler0x13	unterbrechungexceptionhandler0x13	existing-unreviewed		0
인터럽트요청처리0x00	unterbrechungrequesthandler0x00	unterbrechungrequesthandler0x00	existing-unreviewed		0
인터럽트요청처리0x01	unterbrechungrequesthandler0x01	unterbrechungrequesthandler0x01	existing-unreviewed		0
인터럽트요청처리0x02	unterbrechungrequesthandler0x02	unterbrechungrequesthandler0x02	existing-unreviewed		0
인터럽트요청처리0x03	unterbrechungrequesthandler0x03	unterbrechungrequesthandler0x03	existing-unreviewed		0
인터럽트요청처리0x04	unterbrechungrequesthandler0x04	unterbrechungrequesthandler0x04	existing-unreviewed		0
인터럽트요청처리0x05	unterbrechungrequesthandler0x05	unterbrechungrequesthandler0x05	existing-unreviewed		0
인터럽트요청처리0x06	unterbrechungrequesthandler0x06	unterbrechungrequesthandler0x06	existing-unreviewed		0
인터럽트요청처리0x07	unterbrechungrequesthandler0x07	unterbrechungrequesthandler0x07	existing-unreviewed		0
인터럽트요청처리0x08	unterbrechungrequesthandler0x08	unterbrechungrequesthandler0x08	existing-unreviewed		0
인터럽트요청처리0x09	unterbrechungrequesthandler0x09	unterbrechungrequesthandler0x09	existing-unreviewed		0
인터럽트요청처리0x0A	unterbrechungrequesthandler0x0a	unterbrechungrequesthandler0x0a	existing-unreviewed		0
인터럽트요청처리0x0B	unterbrechungrequesthandler0x0b	unterbrechungrequesthandler0x0b	existing-unreviewed		0
인터럽트요청처리0x0C	unterbrechungrequesthandler0x0c	unterbrechungrequesthandler0x0c	existing-unreviewed		0
인터럽트요청처리0x0D	unterbrechungrequesthandler0x0d	unterbrechungrequesthandler0x0d	existing-unreviewed		0
인터럽트요청처리0x0E	unterbrechungrequesthandler0x0e	unterbrechungrequesthandler0x0e	existing-unreviewed		0
인터럽트요청처리0x0F	unterbrechungrequesthandler0x0f	unterbrechungrequesthandler0x0f	existing-unreviewed		0
인터럽트요청처리0x80	unterbrechungrequesthandler0x80	unterbrechungrequesthandler0x80	existing-unreviewed		0
인터럽트요청처리0x81	unterbrechungrequesthandler0x81	unterbrechungrequesthandler0x81	existing-unreviewed		0
인터럽트요청처리0x82	unterbrechungrequesthandler0x82	unterbrechungrequesthandler0x82	existing-unreviewed		0
인터럽트처리기	unterbrechunghandler_2	unterbrechunghandler_2	existing-unreviewed		0
임시	temporary_2	temporary_2	existing-unreviewed		0
자료	daten_2	daten_2	existing-unreviewed		0
자신	selbst_2	selbst_2	existing-unreviewed		0
작업관리자	aufgabeVerwalter_2	aufgabeVerwalter_2	existing-unreviewed		0
작업콘솔	aufgabeKonsole	aufgabeKonsole	existing-unreviewed		0
조각설명자	segmentdescriptor	segmentdescriptor	existing-unreviewed		0
콘솔	konsole_2	konsole_2	existing-unreviewed		0
크기	größe_2	größe_2	existing-unreviewed		0
키보드콘솔	tastaturKonsole	tastaturKonsole	existing-unreviewed		0
표시들	optionen_3	optionen_3	existing-unreviewed		0
표시들_한도_높은	optionenBeschränkungHoch	optionenBeschränkungHoch	existing-unreviewed		0
한도	beschränkung_2	beschränkung_2	existing-unreviewed		0
한도_낮은	beschränkungNiedrig_2	beschränkungNiedrig_2	existing-unreviewed		0
