original	before	after	review_status	concept	changed_tokens
Activate	Aktiviraj	Aktiviraj	existing-unreviewed		0
ActivateAll	AktivirajSve	AktivirajSve	existing-unreviewed		0
Active	Active	Active	existing-unreviewed		0
ActiveInterruptManager	Activeinterruptmanager	Activeinterruptmanager	existing-unreviewed		0
ActiveMemoryManager	ActiveMemorijamanager	ActiveMemorijamanager	existing-unreviewed		0
Add	Dodaj	Dodaj	existing-unreviewed		0
AddDriver	Dodajdriver	Dodajdriver	existing-unreviewed		0
AddRunnableThread	Dodajrunnablethread	Dodajrunnablethread	existing-unreviewed		0
AddTask	Dodajtask	Dodajtask	existing-unreviewed		0
AddThread	Dodajthread	Dodajthread	existing-unreviewed		0
Address	Address	Address	existing-unreviewed		0
AlignedMalloc	Alignedmalloc	Alignedmalloc	existing-unreviewed		0
AlignmentCheck	Alignmentcheck	Alignmentcheck	existing-unreviewed		0
AllocateBlock	Allocateblok	Allocateblok	existing-unreviewed		0
AllocatePID	Allocatepid	Allocatepid	existing-unreviewed		0
AmountOfMemory	IznosofMemorija	IznosofMemorija	existing-unreviewed		0
ArrayToUint16	Arraytounsignedinteger16	Arraytounsignedinteger16	existing-unreviewed		0
ArrayToUint32	Arraytounsignedinteger32	Arraytounsignedinteger32	existing-unreviewed		0
ArrayToUint48	Arraytounsignedinteger48	Arraytounsignedinteger48	existing-unreviewed		0
ArrayToUint48_BE	Arraytounsignedinteger48be	Arraytounsignedinteger48be	existing-unreviewed		0
ArrayToUint64	Arraytounsignedinteger64	Arraytounsignedinteger64	existing-unreviewed		0
Atime	Atime	Atime	existing-unreviewed		0
AtimeNsec	Atimensec	Atimensec	existing-unreviewed		0
BLOCKS_PER_BYTE	Blokperbyte	Blokperbyte	existing-unreviewed		0
BLOCK_SIZE	BlokVeličina	BlokVeličina	existing-unreviewed		0
Backend	Backend	Backend	existing-unreviewed		0
BaseAddr	Baseaddress	Baseaddress	existing-unreviewed		0
Bind	Bind	Bind	existing-unreviewed		0
Blksize	Blksize	Blksize	existing-unreviewed		0
Blocked	Blocked	Blocked	existing-unreviewed		0
BlockedState	Blockedstate	Blockedstate	existing-unreviewed		0
Blocks	Blok	Blok	existing-unreviewed		0
BoundRangeExceeded	Boundrangeexceeded	Boundrangeexceeded	existing-unreviewed		0
BroadcastMacAddress	Broadcastmacaddress	Broadcastmacaddress	existing-unreviewed		0
BytesPerSector	Bajtovapersector	Bajtovapersector	existing-unreviewed		0
BytesToString	BajtovatoNIZ	BajtovatoNIZ	existing-unreviewed		0
Checksum	Checksum	Checksum	existing-unreviewed		0
Clear	Obriši	Obriši	existing-unreviewed		0
Clone	Clone	Clone	existing-unreviewed		0
CloneAddressSpaceCOW	Cloneaddressspacecow	Cloneaddressspacecow	existing-unreviewed		0
Connect	Spojise	Spojise	existing-unreviewed		0
ContainsCoordinate	Containscoordinate	Containscoordinate	existing-unreviewed		0
CopyPageFrameBlock	KopirajStranicaOkvirblok	KopirajStranicaOkvirblok	existing-unreviewed		0
CpuState	Cpustate	Cpustate	existing-unreviewed		0
Create	Create	Create	existing-unreviewed		0
CreateFromData	Createfromdata	Createfromdata	existing-unreviewed		0
CreateFromFunction	CreatefromFunkcija	CreatefromFunkcija	existing-unreviewed		0
CreatePtrFromFunction	CreatepointerfromFunkcija	CreatepointerfromFunkcija	existing-unreviewed		0
Cs	Cs	Cs	existing-unreviewed		0
Ctime	Ctime	Ctime	existing-unreviewed		0
CtimeNsec	Ctimensec	Ctimensec	existing-unreviewed		0
CurrentPID	Currentpid	Currentpid	existing-unreviewed		0
CurrentParentPID	Currentparentpid	Currentparentpid	existing-unreviewed		0
Data	Data	Data	compatibility		0
Deactivate	Deaktiviraj	Deaktiviraj	existing-unreviewed		0
Deactive	Deactive	Deactive	existing-unreviewed		0
Decrement	Decrement	Decrement	existing-unreviewed		0
Delete	Obriši_2	Obriši_2	existing-unreviewed		0
DescriptorPrivilegeLevel	Descriptorprivilegelevel	Descriptorprivilegelevel	existing-unreviewed		0
DescriptorType	DescriptorTip	DescriptorTip	existing-unreviewed		0
Destroy	Destroy	Destroy	existing-unreviewed		0
Dev	Uređaj	Uređaj	existing-unreviewed		0
DeviceHasFunctions	UređajhasFunkcije	UređajhasFunkcije	existing-unreviewed		0
DeviceNotAvailable	UređajnotDostupan	UređajnotDostupan	existing-unreviewed		0
Device_id	Uređajid	Uređajid	existing-unreviewed		0
DisableInt	Disableint	Disableint	existing-unreviewed		0
Disconnect	Prekinivezu	Prekinivezu	existing-unreviewed		0
DivideByZero	Dividebyzero	Dividebyzero	existing-unreviewed		0
DoHandleInterrupt	Dohandleinterrupt	Dohandleinterrupt	existing-unreviewed		0
DoubleFault	Doublefault	Doublefault	existing-unreviewed		0
Draw	Draw	Draw	existing-unreviewed		0
DriverManager	Drivermanager	Drivermanager	existing-unreviewed		0
Ds	Ds	Ds	existing-unreviewed		0
Dynamic	Dynamic	Dynamic	existing-unreviewed		0
E2BIG	E2big	E2big	existing-unreviewed		0
EACCES	Eacces	Eacces	existing-unreviewed		0
EADDRINUSE	Eaddrinuse	Eaddrinuse	existing-unreviewed		0
EAFNOSUPPORT	Eafnosupport	Eafnosupport	existing-unreviewed		0
EAGAIN	Eagain	Eagain	existing-unreviewed		0
EBADF	Ebadf	Ebadf	existing-unreviewed		0
EBUSY	Ebusy	Ebusy	existing-unreviewed		0
ECHILD	Echild	Echild	existing-unreviewed		0
EEXIST	Eexist	Eexist	existing-unreviewed		0
EFAULT	Efault	Efault	existing-unreviewed		0
EFBIG	Efbig	Efbig	existing-unreviewed		0
EINTR	Eintr	Eintr	existing-unreviewed		0
EINVAL	Einval	Einval	existing-unreviewed		0
EIO	Eio	Eio	existing-unreviewed		0
EISDIR	Eisdir	Eisdir	existing-unreviewed		0
EMFILE	Emfile	Emfile	existing-unreviewed		0
EMSGSIZE	Emsgsize	Emsgsize	existing-unreviewed		0
ENETUNREACH	Enetunreach	Enetunreach	existing-unreviewed		0
ENFILE	Enfile	Enfile	existing-unreviewed		0
ENODEV	Enodev	Enodev	existing-unreviewed		0
ENOENT	Enoent	Enoent	existing-unreviewed		0
ENOEXEC	Enoexec	Enoexec	existing-unreviewed		0
ENOMEM	Enomem	Enomem	existing-unreviewed		0
ENOSPC	Enospc	Enospc	existing-unreviewed		0
ENOSYS	Enosys	Enosys	existing-unreviewed		0
ENOTCONN	Enotconn	Enotconn	existing-unreviewed		0
ENOTDIR	Enotdir	Enotdir	existing-unreviewed		0
ENOTTY	Enotty	Enotty	existing-unreviewed		0
EOPNOTSUPP	Eopnotsupp	Eopnotsupp	existing-unreviewed		0
EPERM	Eperm	Eperm	existing-unreviewed		0
EPROTONOSUPPORT	Eprotonosupport	Eprotonosupport	existing-unreviewed		0
ERANGE	Erange	Erange	existing-unreviewed		0
EROFS	Erofs	Erofs	existing-unreviewed		0
ESPIPE	Espipe	Espipe	existing-unreviewed		0
ESRCH	Esrch	Esrch	existing-unreviewed		0
Eax	Eax	Eax	existing-unreviewed		0
Ebp	Ebp	Ebp	existing-unreviewed		0
Ebx	Ebx	Ebx	existing-unreviewed		0
Ecx	Ecx	Ecx	existing-unreviewed		0
Edi	Edi	Edi	existing-unreviewed		0
Edx	Edx	Edx	existing-unreviewed		0
Eflags	Eflags	Eflags	existing-unreviewed		0
Eip	Eip	Eip	existing-unreviewed		0
Elf	Elf	Elf	existing-unreviewed		0
Elf32Dyn	Elf32dyn	Elf32dyn	existing-unreviewed		0
Elf32Note	Elf32Bilješka	Elf32Bilješka	existing-unreviewed		0
Elf32Rel	Elf32rel	Elf32rel	existing-unreviewed		0
Elf32Rela	Elf32rela	Elf32rela	existing-unreviewed		0
Elf32Sym	Elf32sym	Elf32sym	existing-unreviewed		0
ElfHeader	Elfheader	Elfheader	existing-unreviewed		0
ElfProgramHeader	Elfprogramheader	Elfprogramheader	existing-unreviewed		0
ElfSectionHeader	Elfsectionheader	Elfsectionheader	existing-unreviewed		0
EnablePaging	Enablepaging	Enablepaging	existing-unreviewed		0
Enabled	Enabled	Enabled	existing-unreviewed		0
EntryNumber	UnosBroj	UnosBroj	existing-unreviewed		0
EqualBytes	EqualBajtova	EqualBajtova	existing-unreviewed		0
Es	Es	Es	existing-unreviewed		0
Esi	Esi	Esi	existing-unreviewed		0
Esp	Esp	Esp	existing-unreviewed		0
FPUBuffer	Fpubuffer	Fpubuffer	existing-unreviewed		0
FPUOffset	Fpuoffset	Fpuoffset	existing-unreviewed		0
Family	Family	Family	existing-unreviewed		0
FileName	DatotekaNaziv	DatotekaNaziv	existing-unreviewed		0
Fill	Fill	Fill	existing-unreviewed		0
FillRectangle	Fillrectangle	Fillrectangle	existing-unreviewed		0
First	First	First	existing-unreviewed		0
FirstFree	FirstSlobodno	FirstSlobodno	existing-unreviewed		0
FirstFreeSize	FirstSlobodnoVeličina	FirstSlobodnoVeličina	existing-unreviewed		0
Flags	Zastave	Zastave	existing-unreviewed		0
FloatingPointException	Floatingpointexception	Floatingpointexception	existing-unreviewed		0
Flush	Flush	Flush	existing-unreviewed		0
FlushTlsTable	Flushtlstable	Flushtlstable	existing-unreviewed		0
Focussable	Focussable	Focussable	existing-unreviewed		0
Free	Slobodno	Slobodno	existing-unreviewed		0
Fs	Fs	Fs	existing-unreviewed		0
GB	Gb	Gb	existing-unreviewed		0
GDT_ENTRIES	Gdtunos	Gdtunos	existing-unreviewed		0
GOT	Got	Got	existing-unreviewed		0
GPFException	Gpfexception	Gpfexception	existing-unreviewed		0
GatewayIP	Gatewayip	Gatewayip	existing-unreviewed		0
GdtAddressHigh	Gdtaddresshigh	Gdtaddresshigh	existing-unreviewed		0
GdtAddressLow	Gdtaddresslow	Gdtaddresslow	existing-unreviewed		0
GdtDescriptor	Gdtdescriptor	Gdtdescriptor	existing-unreviewed		0
GdtEntry	Gdtunos_2	Gdtunos_2	existing-unreviewed		0
GdtSize	GdtVeličina	GdtVeličina	existing-unreviewed		0
GetAt	Getat	Getat	existing-unreviewed		0
GetBackend	Getbackend	Getbackend	existing-unreviewed		0
GetBaseAddressRegister	Getbaseaddressregister	Getbaseaddressregister	existing-unreviewed		0
GetBitmaspSize	GetbitmaspVeličina	GetbitmaspVeličina	existing-unreviewed		0
GetBytesFromPtr	GetBajtovafrompointer	GetBajtovafrompointer	existing-unreviewed		0
GetCR0	Getcr0	Getcr0	existing-unreviewed		0
GetCR2	Getcr2	Getcr2	existing-unreviewed		0
GetCR3	Getcr3	Getcr3	existing-unreviewed		0
GetCR4	Getcr4	Getcr4	existing-unreviewed		0
GetColorIndex	GetBojaIndeks	GetBojaIndeks	existing-unreviewed		0
GetDeviceDescriptor	GetUređajdescriptor	GetUređajdescriptor	existing-unreviewed		0
GetDriver	Getdriver	Getdriver	existing-unreviewed		0
GetESP0	Getesp0	Getesp0	existing-unreviewed		0
GetEntry	Getunos	Getunos	existing-unreviewed		0
GetFileSize	GetDatotekaVeličina	GetDatotekaVeličina	existing-unreviewed		0
GetFocus	Getfocus	Getfocus	existing-unreviewed		0
GetFrameBufferSegment	GetOkvirbuffersegment	GetOkvirbuffersegment	existing-unreviewed		0
GetFuncPtrFromPtr	Getfuncpointerfrompointer	Getfuncpointerfrompointer	existing-unreviewed		0
GetFunctionName	GetFunkcijaNaziv	GetFunkcijaNaziv	existing-unreviewed		0
GetHandler	Gethandler	Gethandler	existing-unreviewed		0
GetIPAddress	Getipaddress	Getipaddress	existing-unreviewed		0
GetMACAddress	Getmacaddress	Getmacaddress	existing-unreviewed		0
GetMACFromCache	Getmacfromcache	Getmacfromcache	existing-unreviewed		0
GetNextReadyThread	GetSljedećereadythread	GetSljedećereadythread	existing-unreviewed		0
GetNodeAt	Getnodeat	Getnodeat	existing-unreviewed		0
GetProvider	Providerget	Providerget	existing-unreviewed		0
GetSS0	Getss0	Getss0	existing-unreviewed		0
GetStr	Getstr	Getstr	existing-unreviewed		0
GetUint32ArrayFromPtr	Getunsignedinteger32arrayfrompointer	Getunsignedinteger32arrayfrompointer	existing-unreviewed		0
GetUintptrArrayFromPtr	Getunsignedintegerpointerarrayfrompointer	Getunsignedintegerpointerarrayfrompointer	existing-unreviewed		0
GetValue	GetVrijednost	GetVrijednost	existing-unreviewed		0
GetValueInPageDir	GetVrijednostPrimljenoStranicaDirektorij	GetVrijednostPrimljenoStranicaDirektorij	existing-unreviewed		0
Gid	Gid	Gid	existing-unreviewed		0
Gs	Gs	Gs	existing-unreviewed		0
HandleException	Handleexception	Handleexception	existing-unreviewed		0
HandleFatalInterruptFrame	HandlefatalinterruptOkvir	HandlefatalinterruptOkvir	existing-unreviewed		0
HandleInterrupt	Handleinterrupt	Handleinterrupt	existing-unreviewed		0
HandleInterrupt1	Handleinterrupt1	Handleinterrupt1	existing-unreviewed		0
HandleUserDatagramProtocolMessage	HandleKorisnikdatagramprotocolPoruka	HandleKorisnikdatagramprotocolPoruka	existing-unreviewed		0
IDT_DESC_PRESENT	Idtdescriptorpresent	Idtdescriptorpresent	existing-unreviewed		0
IDT_INTERRUPT_GATE	Idtinterruptgate	Idtinterruptgate	existing-unreviewed		0
IDriver	IDriver	IDriver	existing-unreviewed		0
IEtherFrameHandler	IEthernetOkvirhandler	IEthernetOkvirhandler	existing-unreviewed		0
IInternetProtocolHandler	IInternetprotocolhandler	IInternetprotocolhandler	existing-unreviewed		0
IInterruptHandler	IInterrupthandler	IInterrupthandler	existing-unreviewed		0
IKeyboardEventHandler	ITastaturaeventhandler	ITastaturaeventhandler	existing-unreviewed		0
IMouseEventHandler	IMiševenthandler	IMiševenthandler	existing-unreviewed		0
IPCIControllerHandler	Ipcicontrollerhandler	Ipcicontrollerhandler	existing-unreviewed		0
IPCache	Ipcache	Ipcache	existing-unreviewed		0
IP_BE	IpMrežabyteorder	IpMrežabyteorder	existing-unreviewed		0
IRawDataHandler	IRawdatahandler	IRawdatahandler	existing-unreviewed		0
ITimerEventHandler	ITimereventhandler	ITimereventhandler	existing-unreviewed		0
IUserDatagramProtocolHandler	IKorisnikdatagramprotocolhandler	IKorisnikdatagramprotocolhandler	existing-unreviewed		0
IUserDatagramProtocolSocket	IKorisnikdatagramprotocolsocket	IKorisnikdatagramprotocolsocket	existing-unreviewed		0
IWidget	IWidget	IWidget	pending-language-review	widget	0
Identify	Identify	Identify	existing-unreviewed		0
Increment	Increment	Increment	existing-unreviewed		0
IndexOf	Indeksof	Indeksof	existing-unreviewed		0
Init	Init	Init	existing-unreviewed		0
InitDriver	Initdriver	Initdriver	existing-unreviewed		0
InitialThreadUserJump	InitialthreadKorisnikjump	InitialthreadKorisnikjump	existing-unreviewed		0
Ino	Ino	Ino	existing-unreviewed		0
Install	Instaliraj	Instaliraj	existing-unreviewed		0
Interrupt	Interrupt	Interrupt	existing-unreviewed		0
InterruptActive	Interruptactive	Interruptactive	existing-unreviewed		0
InterruptDeactive	Interruptdeactive	Interruptdeactive	existing-unreviewed		0
InterruptManager	Interruptmanager	Interruptmanager	existing-unreviewed		0
InterruptNumber	InterruptBroj	InterruptBroj	existing-unreviewed		0
InvalidOpcode	Nevažećeopcode	Nevažećeopcode	existing-unreviewed		0
InvalidTSS	Nevažećetss	Nevažećetss	existing-unreviewed		0
IsKernel	Iskernel	Iskernel	existing-unreviewed		0
IsPresent	Ispresent	Ispresent	existing-unreviewed		0
IsUserSpace	IsKorisnikspace	IsKorisnikspace	existing-unreviewed		0
KB	Kb	Kb	existing-unreviewed		0
KCS_INDEX	KcsIndeks	KcsIndeks	existing-unreviewed		0
KCS_SELECTOR	Kcsselector	Kcsselector	existing-unreviewed		0
KDS_INDEX	KdsIndeks	KdsIndeks	existing-unreviewed		0
KDS_SELECTOR	Kdsselector	Kdsselector	existing-unreviewed		0
KERNEL_HEAP_START	Kernelheapstart	Kernelheapstart	existing-unreviewed		0
KERNEL_VIRT_ADDR	Kernelvirtaddress	Kernelvirtaddress	existing-unreviewed		0
KGS_INDEX	KgsIndeks	KgsIndeks	existing-unreviewed		0
KGS_SELECTOR	Kgsselector	Kgsselector	existing-unreviewed		0
K핵심	KKernelEntry	KKernelEntry	compatibility		0
LIDT	Lidt	Lidt	existing-unreviewed		0
Last	Zadnja	Zadnja	existing-unreviewed		0
Len	Len	Len	compatibility		0
Limit	Limit	Limit	existing-unreviewed		0
Link	Veza	Veza	existing-unreviewed		0
LinkMap	Vezamap	Vezamap	existing-unreviewed		0
LinkedList	Linkedlist	Linkedlist	existing-unreviewed		0
Listen	Listen	Listen	existing-unreviewed		0
LoadElf	Opterećenjeelf	Opterećenjeelf	existing-unreviewed		0
MAC	Mac	Mac	existing-unreviewed		0
MAC0	Mac0	Mac0	existing-unreviewed		0
MAC1	Mac1	Mac1	existing-unreviewed		0
MAC2	Mac2	Mac2	existing-unreviewed		0
MAC3	Mac3	Mac3	existing-unreviewed		0
MAC4	Mac4	Mac4	existing-unreviewed		0
MAC5	Mac5	Mac5	existing-unreviewed		0
MACAddress0Port	Macaddress0port	Macaddress0port	existing-unreviewed		0
MACAddress2Port	Macaddress2port	Macaddress2port	existing-unreviewed		0
MACAddress4Port	Macaddress4port	Macaddress4port	existing-unreviewed		0
MACCache	Maccache	Maccache	existing-unreviewed		0
MAX_QUEUE_SIZE	MaxqueueVeličina	MaxqueueVeličina	existing-unreviewed		0
MB	Mb	Mb	existing-unreviewed		0
MBR	Mbr	Mbr	existing-unreviewed		0
MHex출력	MHexadecimalŠtampaj	MHexadecimalŠtampaj	existing-unreviewed		0
MHex출력XY	MHexadecimalŠtampajxy	MHexadecimalŠtampajxy	existing-unreviewed		0
MUint16출력	MUnsignedinteger16Štampaj	MUnsignedinteger16Štampaj	existing-unreviewed		0
MUint16출력XY	MUnsignedinteger16Štampajxy	MUnsignedinteger16Štampajxy	existing-unreviewed		0
MUint32출력	MUnsignedinteger32Štampaj	MUnsignedinteger32Štampaj	existing-unreviewed		0
MUint32출력XY	MUnsignedinteger32Štampajxy	MUnsignedinteger32Štampajxy	existing-unreviewed		0
MUint64출력	MUnsignedinteger64Štampaj	MUnsignedinteger64Štampaj	existing-unreviewed		0
MUint64출력XY	MUnsignedinteger64Štampajxy	MUnsignedinteger64Štampajxy	existing-unreviewed		0
Machine	Machine	Machine	existing-unreviewed		0
MachineCheck	Machinecheck	Machinecheck	existing-unreviewed		0
MakeRangePrivateWritable	MakerangePrivatnowritable	MakerangePrivatnowritable	existing-unreviewed		0
Malloc	Malloc	Malloc	pending-language-review	allocate_memory	0
MemCmp	Memcmp	Memcmp	existing-unreviewed		0
MemCpy	MemKopiraj	MemKopiraj	existing-unreviewed		0
MemMove	MemPremjesti	MemPremjesti	existing-unreviewed		0
MemSet	Memskup	Memskup	existing-unreviewed		0
MemoryOper	Memorijaoper	Memorijaoper	existing-unreviewed		0
Mode	Režim	Režim	existing-unreviewed		0
ModelToScreen	ModeltoEkran	Set_local_coordinates	pending-language-review	set_coordinates	5
Mtime	Mtime	Mtime	existing-unreviewed		0
MtimeNsec	Mtimensec	Mtimensec	existing-unreviewed		0
MyHandleInterrupt	Myhandleinterrupt	Myhandleinterrupt	existing-unreviewed		0
MyTest	Mytest	Mytest	existing-unreviewed		0
M긴급로그Hex8	MEmergencyloghexadecimal8	MEmergencyloghexadecimal8	existing-unreviewed		0
M긴급로그Uint32	MEmergencylogunsignedinteger32	MEmergencylogunsignedinteger32	existing-unreviewed		0
M긴급로그문자열	MEmergencylogNIZ	MEmergencylogNIZ	existing-unreviewed		0
M직렬로그초기화	MSerialloginit	MSerialloginit	existing-unreviewed		0
M출력	MŠtampaj	MŠtampaj	existing-unreviewed		0
M출력BytesXY	MŠtampajBajtovaxy	MŠtampajBajtovaxy	existing-unreviewed		0
M출력Hex	MŠtampajhexadecimal	MŠtampajhexadecimal	existing-unreviewed		0
M출력Uint16	MŠtampajunsignedinteger16	MŠtampajunsignedinteger16	existing-unreviewed		0
M출력Uint32	MŠtampajunsignedinteger32	MŠtampajunsignedinteger32	existing-unreviewed		0
M출력XY	MŠtampajxy	MŠtampajxy	existing-unreviewed		0
M테스트	M테스트	M테스트	existing-unreviewed		0
NMI	Nmi	Nmi	existing-unreviewed		0
New	Nova	Nova	existing-unreviewed		0
NewInterruptHandler	Novainterrupthandler	Novainterrupthandler	existing-unreviewed		0
Next	Sljedeće	Sljedeće	existing-unreviewed		0
Nlink	Nlink	Nlink	existing-unreviewed		0
Node	Node	Node	pending-language-review	list_node	0
Nodename	Nodename	Nodename	existing-unreviewed		0
OnEtherFrameReceived	EthernetOkvirreceivewhen	EthernetOkvirreceivewhen	existing-unreviewed		0
OnGetDriver	Uključengetdriver	Uključengetdriver	existing-unreviewed		0
OnInternetProtocolReceived	Internetprotocolreceivewhen	Internetprotocolreceivewhen	existing-unreviewed		0
OnKeyDown	UključenKljučdown	UključenKljučdown	existing-unreviewed		0
OnKeyUp	UključenKljučGore	UključenKljučGore	existing-unreviewed		0
OnMouseDown	UključenMišdown	UključenMišdown	existing-unreviewed		0
OnMouseMove	UključenMišPremjesti	UključenMišPremjesti	existing-unreviewed		0
OnMouseUp	UključenMišGore	UključenMišGore	existing-unreviewed		0
OnRawDataReceived	Uključenrawdatareceive	Uključenrawdatareceive	existing-unreviewed		0
OnTick	Uključentick	Uključentick	existing-unreviewed		0
Overflow	Overflow	Overflow	existing-unreviewed		0
P1LinkMap	PVrijednost1Vezamap	PVrijednost1Vezamap	existing-unreviewed		0
P2LinkMap	PVrijednost2Vezamap	PVrijednost2Vezamap	existing-unreviewed		0
P3LinkMap	PVrijednost3Vezamap	PVrijednost3Vezamap	existing-unreviewed		0
PAGE_COW	Stranicacow	Stranicacow	existing-unreviewed		0
PAGE_FRAME	StranicaOkvir	StranicaOkvir	existing-unreviewed		0
PAGE_PRESENT	Stranicapresent	Stranicapresent	existing-unreviewed		0
PAGE_USER	StranicaKorisnik	StranicaKorisnik	existing-unreviewed		0
PAGE_WRITABLE	Stranicawritable	Stranicawritable	existing-unreviewed		0
PAUSE_LOOP	Pauzaloop	Pauzaloop	existing-unreviewed		0
PICMasterCommandPort	PrimarypicNaredbaioport	PrimarypicNaredbaioport	existing-unreviewed		0
PICMasterDataPort	Primarypicdataioport	Primarypicdataioport	existing-unreviewed		0
PICSlaveCommandPort	SecondarypicNaredbaioport	SecondarypicNaredbaioport	existing-unreviewed		0
PICSlaveDataPort	Secondarypicdataioport	Secondarypicdataioport	existing-unreviewed		0
PRESENT	Present	Present	existing-unreviewed		0
PRIV_KERNEL	Privkernel	Privkernel	existing-unreviewed		0
PRIV_USER	PrivKorisnik	PrivKorisnik	existing-unreviewed		0
PROC_USER_HEAP_SIZE	ProcKorisnikheapVeličina	ProcKorisnikheapVeličina	existing-unreviewed		0
PageDirEntry	StranicaDirektorijunos	StranicaDirektorijunos	existing-unreviewed		0
PageDirectoryEntry	StranicaDirektorijunos_2	StranicaDirektorijunos_2	existing-unreviewed		0
PageFault	Stranicafault	Stranicafault	existing-unreviewed		0
PageFaultException	Stranicafaultexception	Stranicafaultexception	existing-unreviewed		0
PageRoundDown	Stranicarounddown	Stranicarounddown	existing-unreviewed		0
PageRoundUp	StranicaroundGore	StranicaroundGore	existing-unreviewed		0
PageTableEntry	Stranicatableunos	Stranicatableunos	existing-unreviewed		0
Paging	Paging	Paging	existing-unreviewed		0
ParentPid	Parentpid	Parentpid	existing-unreviewed		0
Parse	Parse	Parse	existing-unreviewed		0
Partition_id	Partitionid	Partitionid	existing-unreviewed		0
PhyMemTest	Phymemtest	Phymemtest	existing-unreviewed		0
PhysicalMemoryManager	PhysicalMemorijamanager	PhysicalMemorijamanager	existing-unreviewed		0
Pid	Pid	Pid	existing-unreviewed		0
Port	Port	Port	existing-unreviewed		0
PortBase	Portbase	Portbase	existing-unreviewed		0
PortInByte	PortPrimljenobyte	PortPrimljenobyte	existing-unreviewed		0
PortInDword	PortPrimljenodword	PortPrimljenodword	existing-unreviewed		0
PortInWord	PortPrimljenoword	PortPrimljenoword	existing-unreviewed		0
PortOutByte	PortPoslatobyte	PortPoslatobyte	existing-unreviewed		0
PortOutDword	PortPoslatodword	PortPoslatodword	existing-unreviewed		0
PortOutWord	PortPoslatoword	PortPoslatoword	existing-unreviewed		0
PortReadByte	PortČitajbyte	PortČitajbyte	existing-unreviewed		0
PortReadDword	PortČitajdword	PortČitajdword	existing-unreviewed		0
PortReadWord	PortČitajword	PortČitajword	existing-unreviewed		0
PortWriteByte	PortPišibyte	PortPišibyte	existing-unreviewed		0
PortWriteDword	PortPišidword	PortPišidword	existing-unreviewed		0
PortWriteWord	PortPišiword	PortPišiword	existing-unreviewed		0
Prev	Previous	Previous	existing-unreviewed		0
PrevTSS	Previoustss	Previoustss	existing-unreviewed		0
PrimaryPartition	Primarypartition	Primarypartition	existing-unreviewed		0
Print	Štampaj	Štampaj	existing-unreviewed		0
PrintBytes	ŠtampajBajtova	ŠtampajBajtova	existing-unreviewed		0
PrintStr	Štampajstr	Štampajstr	existing-unreviewed		0
PrintTLS	Štampajtls	Štampajtls	existing-unreviewed		0
PrintTest	Štampajtest	Štampajtest	existing-unreviewed		0
Process	Process	Process	existing-unreviewed		0
ProcessHelper	Processhelper	Processhelper	existing-unreviewed		0
ProcessPendingKeyboardEvents	ProcesspendingTastaturaevents	ProcesspendingTastaturaevents	existing-unreviewed		0
ProcessPendingMouseEvents	ProcesspendingMiševents	ProcesspendingMiševents	existing-unreviewed		0
PushAt	Pushat	Insert_at_index	pending-language-review	insert_at	1
PushBack	PushNazad	Append_to_list	pending-language-review	append	12
PushFront	Pushfront	Prepend_to_list	pending-language-review	prepend	5
PutPixel	Putpixel	Putpixel	existing-unreviewed		0
PutPixelRGB	Putpixelrgb	Putpixelrgb	existing-unreviewed		0
QUEUE_START_ADDR	Queuestartaddress	Queuestartaddress	existing-unreviewed		0
Rdev	Rdev	Rdev	existing-unreviewed		0
Read	Čitaj	Čitaj	existing-unreviewed		0
Read28	Čitaj28	Čitaj28	existing-unreviewed		0
ReadFile	ČitajDatoteka	ČitajDatoteka	pending-language-review	file_read	0
ReadPartitions	Čitajpartition	Čitajpartition	existing-unreviewed		0
Ready	Ready	Ready	existing-unreviewed		0
Receive	Receive	Receive	existing-unreviewed		0
Ref	Reference	Reference	existing-unreviewed		0
Release	Release	Release	existing-unreviewed		0
ReloadCR3	Učitajponovocr3	Učitajponovocr3	existing-unreviewed		0
Remove	Ukloni	Ukloni	existing-unreviewed		0
RemoveAt	Ukloniat	Ukloniat	existing-unreviewed		0
RemoveThread	Uklonithread	Uklonithread	existing-unreviewed		0
RemoveThreadAt	Uklonithreadat	Uklonithreadat	existing-unreviewed		0
RequestMacAddress	Requestmacaddress	Requestmacaddress	existing-unreviewed		0
Reset	Resetuj	Resetuj	existing-unreviewed		0
Resolve	Resolve	Resolve	existing-unreviewed		0
ResolveCopyOnWriteFault	ResolveKopirajUključenPišifault	ResolveKopirajUključenPišifault	existing-unreviewed		0
SCHEDULER_FREQUENCY	Schedulerfrequency	Schedulerfrequency	existing-unreviewed		0
SEG_BIG_MODE	SegbigRežim	SegbigRežim	existing-unreviewed		0
SEG_EXEC	Segizvršna	Segizvršna	existing-unreviewed		0
SEG_GRAN_4K_PAGE	Seggran4kStranica	Seggran4kStranica	existing-unreviewed		0
SEG_GRAN_BYTE	Seggranbyte	Seggranbyte	existing-unreviewed		0
SEG_KERNEL_CODE	Segkernelcode	Segkernelcode	existing-unreviewed		0
SEG_KERNEL_DATA	Segkerneldata	Segkerneldata	existing-unreviewed		0
SEG_KERNEL_GS	Segkernelgs	Segkernelgs	existing-unreviewed		0
SEG_NOEXEC	Segnoexec	Segnoexec	existing-unreviewed		0
SEG_NORMAL	Segobičan	Segobičan	existing-unreviewed		0
SEG_NORW	Segnorw	Segnorw	existing-unreviewed		0
SEG_R	Segr	Segr	existing-unreviewed		0
SEG_SYSTEM	SegSistem	SegSistem	existing-unreviewed		0
SEG_TASK_STATE	Segtaskstate	Segtaskstate	existing-unreviewed		0
SEG_USER_CODE	SegKorisnikcode	SegKorisnikcode	existing-unreviewed		0
SEG_USER_DATA	SegKorisnikdata	SegKorisnikdata	existing-unreviewed		0
SEG_USER_GS	SegKorisnikgs	SegKorisnikgs	existing-unreviewed		0
SEG_W	Segw	Segw	existing-unreviewed		0
SIMDFloatingPointException	Simdfloatingpointexception	Simdfloatingpointexception	existing-unreviewed		0
SIZE	Veličina	Veličina	existing-unreviewed		0
SYS_ACCESS	Sysaccess	Sysaccess	existing-unreviewed		0
SYS_BRK	Sysbrk	Sysbrk	existing-unreviewed		0
SYS_CHDIR	Syschdir	Syschdir	existing-unreviewed		0
SYS_CLOSE	SysZatvori	SysZatvori	existing-unreviewed		0
SYS_CREAT	Syscreat	Syscreat	existing-unreviewed		0
SYS_DUP	Sysdup	Sysdup	existing-unreviewed		0
SYS_DUP2	Sysdup2	Sysdup2	existing-unreviewed		0
SYS_EXECVE	Sysexecve	Sysexecve	existing-unreviewed		0
SYS_EXIT	SysIzlaz	SysIzlaz	existing-unreviewed		0
SYS_FCNTL	Sysfcntl	Sysfcntl	existing-unreviewed		0
SYS_FORK	Sysfork	Sysfork	existing-unreviewed		0
SYS_FSTAT	Sysfstat	Sysfstat	existing-unreviewed		0
SYS_FSYNC	Sysfsync	Sysfsync	existing-unreviewed		0
SYS_GETCWD	Sysgetcwd	Sysgetcwd	existing-unreviewed		0
SYS_GETEGID	Sysgetegid	Sysgetegid	existing-unreviewed		0
SYS_GETEUID	Sysgeteuid	Sysgeteuid	existing-unreviewed		0
SYS_GETGID	Sysgetgid	Sysgetgid	existing-unreviewed		0
SYS_GETPID	Sysgetpid	Sysgetpid	existing-unreviewed		0
SYS_GETPPID	Sysgetppid	Sysgetppid	existing-unreviewed		0
SYS_GETUID	Sysgetuid	Sysgetuid	existing-unreviewed		0
SYS_LSEEK	Syslseek	Syslseek	existing-unreviewed		0
SYS_LSTAT	Syslstat	Syslstat	existing-unreviewed		0
SYS_OPEN	SysOtvori	SysOtvori	existing-unreviewed		0
SYS_READ	SysČitaj	SysČitaj	existing-unreviewed		0
SYS_RT_EXIT	SysrtIzlaz	SysrtIzlaz	existing-unreviewed		0
SYS_SOCKETCALL	Syssocketcall	Syssocketcall	existing-unreviewed		0
SYS_STAT	Sysstat	Sysstat	existing-unreviewed		0
SYS_SYNC	Syssync	Syssync	existing-unreviewed		0
SYS_UNAME	Sysuname	Sysuname	existing-unreviewed		0
SYS_WAITPID	Syswaitpid	Syswaitpid	existing-unreviewed		0
SYS_WRITE	SysPiši	SysPiši	existing-unreviewed		0
Schedule	Schedule	Schedule	existing-unreviewed		0
Scheduler	Scheduler	Scheduler	existing-unreviewed		0
SchedulerData	Schedulerdata	Schedulerdata	existing-unreviewed		0
SegmentNotPresent	Segmentnotpresent	Segmentnotpresent	existing-unreviewed		0
SelectDrivers	Selectdriver	Selectdriver	existing-unreviewed		0
Send	Pošalji	Pošalji	existing-unreviewed		0
SendEchoRequest	EchorequestPošalji	EchorequestPošalji	existing-unreviewed		0
SendFrame	OkvirPošalji	OkvirPošalji	existing-unreviewed		0
SerialInit	Serialinit	Serialinit	existing-unreviewed		0
SerialWriteByte	SerialPišibyte	SerialPišibyte	existing-unreviewed		0
SetBackend	Skupbackend	Skupbackend	existing-unreviewed		0
SetBit	Skupbit	Skupbit	existing-unreviewed		0
SetBlockInPageDir	SkupblokPrimljenoStranicaDirektorij	SkupblokPrimljenoStranicaDirektorij	existing-unreviewed		0
SetBuffer	Skupbuffer	Skupbuffer	existing-unreviewed		0
SetByteAtAddr	Skupbyteataddress	Skupbyteataddress	existing-unreviewed		0
SetByteInPageDir	SkupbytePrimljenoStranicaDirektorij	SkupbytePrimljenoStranicaDirektorij	existing-unreviewed		0
SetCR3	Skupcr3	Skupcr3	existing-unreviewed		0
SetColor	SkupBoja	SkupBoja	existing-unreviewed		0
SetDescriptor	Skupdescriptor	Skupdescriptor	existing-unreviewed		0
SetHandleInterruptFuction	Skuphandleinterruptfuction	Skuphandleinterruptfuction	existing-unreviewed		0
SetHandler	Skuphandler	Skuphandler	existing-unreviewed		0
SetIPAddress	Skupipaddress	Skupipaddress	existing-unreviewed		0
SetInterruptDescriptorTableEntry	Interruptdescriptortableunosskup	Interruptdescriptortableunosskup	existing-unreviewed		0
SetInterruptManager	Skupinterruptmanager	Skupinterruptmanager	existing-unreviewed		0
SetInterruptNumber	SkupinterruptBroj	SkupinterruptBroj	existing-unreviewed		0
SetMode	SkupRežim	SkupRežim	existing-unreviewed		0
SetNodeAt	Skupnodeat	Skupnodeat	existing-unreviewed		0
SetStack	Skupstack	Skupstack	existing-unreviewed		0
SetTlsSegment	Skuptlssegment	Skuptlssegment	existing-unreviewed		0
SetUint32AtAddr	Skupunsignedinteger32ataddress	Skupunsignedinteger32ataddress	existing-unreviewed		0
SetUint32InPageDir	Skupunsignedinteger32PrimljenoStranicaDirektorij	Skupunsignedinteger32PrimljenoStranicaDirektorij	existing-unreviewed		0
SetUint8AtAddr	Skupunsignedinteger8ataddress	Skupunsignedinteger8ataddress	existing-unreviewed		0
SharedMemoryRegion	SharedMemorijaregion	SharedMemorijaregion	existing-unreviewed		0
Size	Veličina_2	Veličina_2	existing-unreviewed		0
Spawn	Spawn	Spawn	existing-unreviewed		0
Ss	Ss	Ss	existing-unreviewed		0
Stack	Stack	Stack	existing-unreviewed		0
StackSegmentFault	Stacksegmentfault	Stacksegmentfault	existing-unreviewed		0
Start_lba	Startlba	Startlba	existing-unreviewed		0
Started	Started	Started	existing-unreviewed		0
StdinPutByte	Stdinputbyte	Stdinputbyte	existing-unreviewed		0
StopCurrentThread	Zaustavicurrentthread	Zaustavicurrentthread	existing-unreviewed		0
Stopped	Zaustavljeno	Zaustavljeno	existing-unreviewed		0
SubnetMask	SubnetMaska	SubnetMaska	existing-unreviewed		0
SupportMode	SupportRežim	SupportRežim	existing-unreviewed		0
Sys_brk	Sysbrk_2	Sysbrk_2	existing-unreviewed		0
Sys_close	SysZatvori_2	SysZatvori_2	existing-unreviewed		0
Sys_exit	SysIzlaz_2	SysIzlaz_2	existing-unreviewed		0
Sys_getpid	Sysgetpid_2	Sysgetpid_2	existing-unreviewed		0
Sys_mousemove	Sysmousemove	Sysmousemove	existing-unreviewed		0
Sys_open	SysOtvori_2	SysOtvori_2	existing-unreviewed		0
Sys_printStr	SysŠtampajstr	SysŠtampajstr	existing-unreviewed		0
Sys_printUint32	SysŠtampajunsignedinteger32	SysŠtampajunsignedinteger32	existing-unreviewed		0
Sys_printf	Sysprintf	Sysprintf	existing-unreviewed		0
Sys_read	SysČitaj_2	SysČitaj_2	existing-unreviewed		0
Syscall	Syscall	Syscall	existing-unreviewed		0
Sysname	Sysname	Sysname	existing-unreviewed		0
TARPEtherFrameHandler	ArpethernetOkvirhandler	ArpethernetOkvirhandler	existing-unreviewed		0
TARPMessage	ArpPoruka	ArpPoruka	existing-unreviewed		0
TARPMessageBuffer	ArpPorukabuffer	ArpPorukabuffer	existing-unreviewed		0
TARPProvider	Arpprovider	Arpprovider	existing-unreviewed		0
TAdvancedTechnologyAttachment	TNaprednotechnologyattachment	TNaprednotechnologyattachment	existing-unreviewed		0
TArray	TArray	TArray	existing-unreviewed		0
TBaseAddressRegister	TBaseaddressregister	TBaseaddressregister	existing-unreviewed		0
TBiosParameterBlock32	TBiosparameterblok32	TBiosparameterblok32	pending-language-review	fat_parameters	0
TBufferDescriptor	TBufferdescriptor	TBufferdescriptor	existing-unreviewed		0
TCOWFrameManager	TcowOkvirmanager	TcowOkvirmanager	existing-unreviewed		0
TCPUState	Tcpustate	Tcpustate	existing-unreviewed		0
TDefaultKeyboardEventHandler	TUobičajenoTastaturaeventhandler	TUobičajenoTastaturaeventhandler	existing-unreviewed		0
TDefaultMouseEventHandler	TUobičajenoMiševenthandler	TUobičajenoMiševenthandler	existing-unreviewed		0
TDefaultPCIControllerHandler	TUobičajenopcicontrollerhandler	TUobičajenopcicontrollerhandler	existing-unreviewed		0
TDefaultTimerEventHandler	TUobičajenotimereventhandler	TUobičajenotimereventhandler	existing-unreviewed		0
TDirectoryEntryFat32	TDirektorijunosfat32	TDirektorijunosfat32	existing-unreviewed		0
TDriverManager	TDrivermanager	TDrivermanager	existing-unreviewed		0
TEtherFrameHandler	TEthernetOkvirhandler	TEthernetOkvirhandler	existing-unreviewed		0
TEtherFrameHeader	TEthernetOkvirheader	TEthernetOkvirheader	pending-language-review	ethernet_header	0
TEtherFrameHeaderBuffer	TEthernetOkvirheaderbuffer	TEthernetOkvirheaderbuffer	existing-unreviewed		0
TEtherFrameProvider	TEthernetOkvirprovider	TEthernetOkvirprovider	pending-language-review	ethernet_provider	0
TEtherFrameRawDataHandler	TEthernetOkvirrawdatahandler	TEthernetOkvirrawdatahandler	existing-unreviewed		0
TGateDescriptor	TGatedescriptor	TGatedescriptor	existing-unreviewed		0
THREAD_STACK_SIZE	ThreadstackVeličina	ThreadstackVeličina	existing-unreviewed		0
TICMPHandler	Icmphandler	Icmphandler	existing-unreviewed		0
TIPEtherFrameHandler	IpethernetOkvirhandler	IpethernetOkvirhandler	existing-unreviewed		0
TInitializationBlock	TInitializationblok	TInitializationblok	existing-unreviewed		0
TInternetControlMessageProtocol	TInternetcontrolPorukaprotocol	TInternetcontrolPorukaprotocol	pending-language-review	icmp	0
TInternetControlMessageProtocolMessage	TInternetcontrolPorukaprotocolPoruka	TInternetcontrolPorukaprotocolPoruka	existing-unreviewed		0
TInternetControlMessageProtocolMessageBuffer	TInternetcontrolPorukaprotocolPorukabuffer	TInternetcontrolPorukaprotocolPorukabuffer	existing-unreviewed		0
TInternetProtocolHandler	TInternetprotocolhandler	TInternetprotocolhandler	existing-unreviewed		0
TInternetProtocolProvider	TInternetprotocolprovider	TInternetprotocolprovider	pending-language-review	ip_provider	0
TInternetProtocolV4Message	TInternetprotocolv4Poruka	TInternetprotocolv4Poruka	existing-unreviewed		0
TInternetProtocolV4MessageBuffer	TInternetprotocolv4Porukabuffer	TInternetprotocolv4Porukabuffer	existing-unreviewed		0
TInterruptDescriptorTablePointer	TInterruptdescriptortablepointer	TInterruptdescriptortablepointer	existing-unreviewed		0
TInterruptHandler	TInterrupthandler	TInterrupthandler	existing-unreviewed		0
TInterruptManager	TInterruptmanager	TInterruptmanager	existing-unreviewed		0
TKeyboardDriver	TTastaturadriver	TTastaturadriver	existing-unreviewed		0
TLS_START	Tlsstart	Tlsstart	existing-unreviewed		0
TMSDOSPartitionTable	Tmsdospartitiontable	Tmsdospartitiontable	existing-unreviewed		0
TMasterBootRecord	TMasterbootrecord	TMasterbootrecord	pending-language-review	boot_record	0
TMemoryChunk	TMemorijachunk	TMemorijachunk	existing-unreviewed		0
TMemoryManager	TMemorijamanager	TMemorijamanager	existing-unreviewed		0
TMouseDriver	TMišdriver	TMišdriver	existing-unreviewed		0
TMyKeyboardEventHandler	TMyTastaturaeventhandler	TMyTastaturaeventhandler	existing-unreviewed		0
TMyMouseEventHandler	TMyMiševenthandler	TMyMiševenthandler	existing-unreviewed		0
TMyPCIControllerHandler	TMypcicontrollerhandler	TMypcicontrollerhandler	existing-unreviewed		0
TPartitionTableEntry	TPartitiontableunos	TPartitiontableunos	existing-unreviewed		0
TPeripheralComponentInterconnectController	TPeripheralcomponentinterconnectcontroller	TPeripheralcomponentinterconnectcontroller	existing-unreviewed		0
TPeripheralComponentInterconnectDeviceDescriptor	TPeripheralcomponentinterconnectUređajdescriptor	TPeripheralcomponentinterconnectUređajdescriptor	existing-unreviewed		0
TPort	TPort	TPort	existing-unreviewed		0
TPort16Bit	TPort16bit	TPort16bit	existing-unreviewed		0
TPort32Bit	TPort32bit	TPort32bit	existing-unreviewed		0
TPort8Bit	TPort8bit	TPort8bit	existing-unreviewed		0
TRawDataHandler	TRawdatahandler	TRawdatahandler	existing-unreviewed		0
TSSEntry	Tssunos	Tssunos	existing-unreviewed		0
TSyscall	TSyscall	TSyscall	existing-unreviewed		0
TTask	TTask	TTask	existing-unreviewed		0
TThread	TThread	TThread	existing-unreviewed		0
TThreadHelper	TThreadhelper	TThreadhelper	existing-unreviewed		0
TTimerDriver	TTimerdriver	TTimerdriver	existing-unreviewed		0
TUserDatagramProtocolHandler	TKorisnikdatagramprotocolhandler	TKorisnikdatagramprotocolhandler	existing-unreviewed		0
TUserDatagramProtocolHeader	TKorisnikdatagramprotocolheader	TKorisnikdatagramprotocolheader	pending-language-review	udp_header	0
TUserDatagramProtocolHeaderBuffer	TKorisnikdatagramprotocolheaderbuffer	TKorisnikdatagramprotocolheaderbuffer	existing-unreviewed		0
TUserDatagramProtocolProvider	TKorisnikdatagramprotocolprovider	TKorisnikdatagramprotocolprovider	existing-unreviewed		0
TUserDatagramProtocolSocket	TKorisnikdatagramprotocolsocket	TKorisnikdatagramprotocolsocket	pending-language-review	udp_socket	0
TVideoGraphicsArray	TVideoGrafikaarray	TVideoGrafikaarray	existing-unreviewed		0
TWidget	TWidget	TWidget	pending-language-review	widget	0
TWidgetMouseEventHandler	TWidgetMiševenthandler	TWidgetMiševenthandler	existing-unreviewed		0
Tamd_am79c973	Tamdam79c973	Tamdam79c973	existing-unreviewed		0
Test	Test	Test	existing-unreviewed		0
TestBit	Testbit	Testbit	existing-unreviewed		0
TestPrint	TestŠtampaj	TestŠtampaj	existing-unreviewed		0
Thread	Thread	Thread	existing-unreviewed		0
ThreadList	Threadlist	Threadlist	existing-unreviewed		0
ThreadState	Threadstate	Threadstate	existing-unreviewed		0
Threads	Threads	Threads	existing-unreviewed		0
TlsSegments	Tlssegments	Tlssegments	existing-unreviewed		0
TotalBlocks	Ukupnoblok	Ukupnoblok	existing-unreviewed		0
Type	Tip	Tip	existing-unreviewed		0
TypeTest	Tiptest	Tiptest	existing-unreviewed		0
T공용서술자테이블	TShareddescriptortable	TShareddescriptortable	existing-unreviewed		0
T공용서술자테이블_자료	TShareddescriptortabledata	TShareddescriptortabledata	existing-unreviewed		0
T작업관리자	TTaskmanager	TTaskmanager	existing-unreviewed		0
T조각설명자	TSegmentdescriptor	TSegmentdescriptor	existing-unreviewed		0
T콘솔	TConsole	TConsole	existing-unreviewed		0
T함수1	TFunkcija1	TFunkcija1	existing-unreviewed		0
UDESC_32SEG	Udesc32seg	Udesc32seg	existing-unreviewed		0
UDESC_CONTENTS	UdescSadržaj	UdescSadržaj	existing-unreviewed		0
UDESC_LIMIT_IN_PAGES	UdesclimitPrimljenopages	UdesclimitPrimljenopages	existing-unreviewed		0
UDESC_RX_ONLY	Udescrxonly	Udescrxonly	existing-unreviewed		0
UDESC_SEG_NOT_PRESENT	Udescsegnotpresent	Udescsegnotpresent	existing-unreviewed		0
UDESC_USABLE	Udescusable	Udescusable	existing-unreviewed		0
USER_STACK	Korisnikstack	Korisnikstack	existing-unreviewed		0
USER_STACK_SIZE	KorisnikstackVeličina	KorisnikstackVeličina	existing-unreviewed		0
USER_STACK_TOP	Korisnikstacknavrh	Korisnikstacknavrh	existing-unreviewed		0
Uid	Uid	Uid	existing-unreviewed		0
Uint16ToArray	Unsignedinteger16toarray	Unsignedinteger16toarray	existing-unreviewed		0
Uint16ToArray_BE	Unsignedinteger16toarraybe	Unsignedinteger16toarraybe	existing-unreviewed		0
Uint16_R	Unsignedinteger16r	Unsignedinteger16r	existing-unreviewed		0
Uint32ToArray	Unsignedinteger32toarray	Unsignedinteger32toarray	existing-unreviewed		0
Uint32_R	Unsignedinteger32r	Unsignedinteger32r	existing-unreviewed		0
Uint48ToArray	Unsignedinteger48toarray	Unsignedinteger48toarray	existing-unreviewed		0
Uint48ToArray_BE	Unsignedinteger48toarraybe	Unsignedinteger48toarraybe	existing-unreviewed		0
Uint48_R	Unsignedinteger48r	Unsignedinteger48r	existing-unreviewed		0
Uint64ToArray	Unsignedinteger64toarray	Unsignedinteger64toarray	existing-unreviewed		0
Uint64_R	Unsignedinteger64r	Unsignedinteger64r	existing-unreviewed		0
UnhandleInterrupt	Unhandleinterrupt	Unhandleinterrupt	existing-unreviewed		0
UnsetBit	Poništipostavljenobit	Toggle_allocation_bit	pending-language-review	toggle_bit	1
UsedBlocks	Korištenoblok	Korištenoblok	existing-unreviewed		0
UserDesc	Korisnikdescriptor	Korisnikdescriptor	existing-unreviewed		0
UserStack	Korisnikstack_2	Korisnikstack_2	existing-unreviewed		0
UserStackSize	KorisnikstackVeličina_2	KorisnikstackVeličina_2	existing-unreviewed		0
Vendor_id	Vendorid	Vendorid	existing-unreviewed		0
Version	Verzija	Verzija	existing-unreviewed		0
VirtTest	Virttest	Virttest	existing-unreviewed		0
Write	Piši	Piši	existing-unreviewed		0
Write28	Piši28	Piši28	existing-unreviewed		0
WriteRegisters	Piširegister	Piširegister	existing-unreviewed		0
X	X	X	existing-unreviewed		0
Y	Y	Y	existing-unreviewed		0
Zero	Zero	Zero	existing-unreviewed		0
ZeroBlockInPageDir	ZeroblokPrimljenoStranicaDirektorij	ZeroblokPrimljenoStranicaDirektorij	existing-unreviewed		0
a	a	a	existing-unreviewed		0
aTime	aVrijeme	aVrijeme	existing-unreviewed		0
access	access	access	existing-unreviewed		0
accessMode	accessRežim	accessRežim	existing-unreviewed		0
ack	ack	ack	existing-unreviewed		0
activeKeyboardDriver	activeTastaturadriver	activeTastaturadriver	existing-unreviewed		0
activeMouseDriver	activeMišdriver	activeMišdriver	existing-unreviewed		0
addr	address	address	existing-unreviewed		0
addrPtr	addresspointer	addresspointer	existing-unreviewed		0
address	address_2	address_2	existing-unreviewed		0
addressError	addressGreška	addressGreška	existing-unreviewed		0
afInet	afinet	afinet	existing-unreviewed		0
allocFD	allocatefd	allocatefd	existing-unreviewed		0
allocOpenFile	allocateOtvoriDatoteka	allocateOtvoriDatoteka	existing-unreviewed		0
allocProcess	allocateprocess	allocateprocess	existing-unreviewed		0
allocateSocket	allocatesocket	allocatesocket	existing-unreviewed		0
allocated	allocated	allocated	existing-unreviewed		0
amd_am79c973	amdam79c973	amdam79c973	existing-unreviewed		0
args	argumenti	argumenti	existing-unreviewed		0
argument	argument	argument	existing-unreviewed		0
argumentPointers	argumentpointers	argumentpointers	existing-unreviewed		0
arguments	argumenti_2	argumenti_2	existing-unreviewed		0
arp	arp	arp	existing-unreviewed		0
arpBuffer	arpbuffer	arpbuffer	existing-unreviewed		0
arpMesgSize	arpmesgVeličina	arpmesgVeličina	existing-unreviewed		0
arpProvider	arpprovider	arpprovider	existing-unreviewed		0
arp콘솔	arpconsole	arpconsole	existing-unreviewed		0
array	array	array	existing-unreviewed		0
ata	ata	ata	existing-unreviewed		0
ata0s	ata0s	ata0s	existing-unreviewed		0
attempts	attempts	attempts	existing-unreviewed		0
attr	attribute	attribute	existing-unreviewed		0
attributeControllerIndexPort	attributecontrollerIndeksport	attributecontrollerIndeksport	existing-unreviewed		0
attributeControllerReadPort	attributecontrollerČitajport	attributecontrollerČitajport	existing-unreviewed		0
attributeControllerResetPort	attributecontrollerResetujport	attributecontrollerResetujport	existing-unreviewed		0
attributeControllerWritePort	attributecontrollerPišiport	attributecontrollerPišiport	existing-unreviewed		0
attributes	attributes	attributes	existing-unreviewed		0
aux	aux	aux	existing-unreviewed		0
avail	dostupan	dostupan	existing-unreviewed		0
b	b	b	existing-unreviewed		0
backend	backend	backend	existing-unreviewed		0
backupFpRegs	backupfpregs	backupfpregs	existing-unreviewed		0
backupSector	backupsector	backupsector	existing-unreviewed		0
bar	traka	traka	existing-unreviewed		0
barNum	trakaBroj	trakaBroj	existing-unreviewed		0
bar_value	trakaVrijednost	trakaVrijednost	existing-unreviewed		0
base	base	base	existing-unreviewed		0
baseCode	basecode	basecode	existing-unreviewed		0
baseHigh	basehigh	basehigh	existing-unreviewed		0
baseLow	baselow	baselow	existing-unreviewed		0
baseMid	basemid	basemid	existing-unreviewed		0
base_addr_high	baseaddresshigh	baseaddresshigh	existing-unreviewed		0
base_addr_low	baseaddresslow	baseaddresslow	existing-unreviewed		0
bh	bh	bh	existing-unreviewed		0
bindEphemeral	bindephemeral	bindephemeral	existing-unreviewed		0
bindError	bindGreška	bindGreška	existing-unreviewed		0
bios	bios	bios	existing-unreviewed		0
bit	bit	bit	existing-unreviewed		0
bitmap	bitmap	bitmap	pending-language-review	bitmap	0
bootSignature	bootsignature	bootsignature	existing-unreviewed		0
bootable	bootable	bootable	existing-unreviewed		0
bootloader	bootloader	bootloader	existing-unreviewed		0
bound	bound	bound	existing-unreviewed		0
bpb	bpb	bpb	pending-language-review	fat_parameters	0
bpbBytes	bpbBajtova	bpbBajtova	existing-unreviewed		0
bpbPtr	bpbpointer	bpbpointer	existing-unreviewed		0
buf	buffer	buffer	existing-unreviewed		0
buf1	buffer1	buffer1	existing-unreviewed		0
buf2	buffer2	buffer2	existing-unreviewed		0
buf3	buffer3	buffer3	existing-unreviewed		0
buf4	buffer4	buffer4	existing-unreviewed		0
buf6	buffer6	buffer6	existing-unreviewed		0
buffer	buffer_2	buffer_2	existing-unreviewed		0
buffer1	buffer1_2	buffer1_2	existing-unreviewed		0
buffer2	buffer2_2	buffer2_2	existing-unreviewed		0
bufferAddr	bufferaddress	bufferaddress	existing-unreviewed		0
bufferAddress	bufferaddress_2	bufferaddress_2	existing-unreviewed		0
bufptr	bufferpointer	bufferpointer	existing-unreviewed		0
bus	bus	bus	existing-unreviewed		0
busControlRegisterDataPort	buscontrolregisterdataport	buscontrolregisterdataport	existing-unreviewed		0
button	button	button	existing-unreviewed		0
buttons	button_2	button_2	existing-unreviewed		0
bytesPerSector	bajtovapersector	bajtovapersector	existing-unreviewed		0
c	c	c	existing-unreviewed		0
cDate	cdatum	cdatum	existing-unreviewed		0
cTime	cVrijeme	cVrijeme	existing-unreviewed		0
cTimeTenth	cVrijemetenth	cVrijemetenth	existing-unreviewed		0
call	call	call	existing-unreviewed		0
candidate	candidate	candidate	existing-unreviewed		0
cap	cap	cap	existing-unreviewed		0
char	char	char	existing-unreviewed		0
checked	checked	checked	existing-unreviewed		0
checksum	checksum	checksum	existing-unreviewed		0
child	child	child	existing-unreviewed		0
childPID	childpid	childpid	existing-unreviewed		0
childPageDir	childStranicaDirektorij	childStranicaDirektorij	existing-unreviewed		0
chunk	chunk	chunk	existing-unreviewed		0
class_id	klasaid	klasaid	existing-unreviewed		0
closeAllProcessFDs	zatvoriSveprocessfds	zatvoriSveprocessfds	existing-unreviewed		0
closeOnExec	zatvoriUključenizvršna	zatvoriUključenizvršna	existing-unreviewed		0
closeProcessFD	zatvoriprocessfd	zatvoriprocessfd	existing-unreviewed		0
code	code	code	existing-unreviewed		0
code1Ptr	code1pointer	code1pointer	existing-unreviewed		0
code1ptr	code1pointer_2	code1pointer_2	existing-unreviewed		0
code2Ptr	code2pointer	code2pointer	existing-unreviewed		0
code3Ptr	code3pointer	code3pointer	existing-unreviewed		0
codeSegment	codesegment	codesegment	existing-unreviewed		0
colorIndex	bojaIndeks	bojaIndeks	existing-unreviewed		0
colordepth	bojadepth	bojadepth	existing-unreviewed		0
command	naredba	naredba	existing-unreviewed		0
commandPort	naredbaport	naredbaport	existing-unreviewed		0
commandport	naredbaport_2	naredbaport_2	existing-unreviewed		0
common	zajednički	zajednički	existing-unreviewed		0
connected	connected	connected	existing-unreviewed		0
console	console	console	existing-unreviewed		0
controlPort	controlport	controlport	existing-unreviewed		0
copyExecVector	kopirajizvršnavector	kopirajizvršnavector	existing-unreviewed		0
copyLength	kopirajlength	kopirajlength	existing-unreviewed		0
copyPageDir	kopirajStranicaDirektorij	kopirajStranicaDirektorij	existing-unreviewed		0
copyPath	kopirajStaza	kopirajStaza	existing-unreviewed		0
copySocketName	kopirajsocketNaziv	kopirajsocketNaziv	existing-unreviewed		0
copyUtsField	kopirajutspolje	kopirajutspolje	existing-unreviewed		0
count	count	count	existing-unreviewed		0
count2	count2	count2	existing-unreviewed		0
cowFrameManager	cowOkvirmanager	cowOkvirmanager	existing-unreviewed		0
cpu	cpu	cpu	existing-unreviewed		0
cpustate	cpustate	cpustate	existing-unreviewed		0
cr0	cr0	cr0	existing-unreviewed		0
cr3	cr3	cr3	existing-unreviewed		0
cr4	cr4	cr4	existing-unreviewed		0
crtcDataPort	crtcdataport	crtcdataport	existing-unreviewed		0
crtcIndexPort	crtcIndeksport	crtcIndeksport	existing-unreviewed		0
cs	cs	cs	existing-unreviewed		0
currentRecvBuffer	currentrecvbuffer	currentrecvbuffer	existing-unreviewed		0
currentSendBuffer	currentPošaljibuffer	currentPošaljibuffer	existing-unreviewed		0
currentTask	currenttask	currenttask	existing-unreviewed		0
currentThread	currentthread	currentthread	existing-unreviewed		0
currentThreadIndex	currentthreadIndeks	currentthreadIndeks	existing-unreviewed		0
cursorHeight	cursorVisina	cursorVisina	existing-unreviewed		0
cursorStart	cursorstart	cursorstart	existing-unreviewed		0
d_tag	dOznaka	dOznaka	existing-unreviewed		0
d_val_ptr	dvalpointer	dvalpointer	existing-unreviewed		0
data	data	data	existing-unreviewed		0
dataBuf	databuffer	databuffer	existing-unreviewed		0
dataBytes	dataBajtova	dataBajtova	existing-unreviewed		0
dataPointer	datapointer	datapointer	existing-unreviewed		0
dataPort	dataport	dataport	existing-unreviewed		0
dataStart	datastart	datastart	existing-unreviewed		0
databuffer	databuffer_2	databuffer_2	existing-unreviewed		0
dataport	dataport_2	dataport_2	existing-unreviewed		0
defaultKeyboardEventHandler	uobičajenoTastaturaeventhandler	uobičajenoTastaturaeventhandler	existing-unreviewed		0
desc	descriptor	descriptor	existing-unreviewed		0
description	opis	opis	existing-unreviewed		0
destination	odredište	odredište	existing-unreviewed		0
destinationAddress	odredišteaddress	odredišteaddress	existing-unreviewed		0
destinationLength	odredištelength	odredištelength	existing-unreviewed		0
dev	uređaj	uređaj	existing-unreviewed		0
device	uređaj_2	uređaj_2	existing-unreviewed		0
deviceDescriptor	uređajdescriptor	uređajdescriptor	existing-unreviewed		0
devicePort	uređajport	uređajport	existing-unreviewed		0
diff	diff	diff	existing-unreviewed		0
digits	digits	digits	existing-unreviewed		0
dirent	dirent	dirent	existing-unreviewed		0
direntBytes	direntBajtova	direntBajtova	existing-unreviewed		0
direntPtr	direntpointer	direntpointer	existing-unreviewed		0
discardProcess	odbaciprocess	odbaciprocess	existing-unreviewed		0
dispatchInterrupt	dispatchinterrupt	dispatchinterrupt	existing-unreviewed		0
divisor	divisor	divisor	existing-unreviewed		0
domain	domena	domena	existing-unreviewed		0
driveNumber	driveBroj	driveBroj	existing-unreviewed		0
driver	driver	driver	existing-unreviewed		0
driverManager	drivermanager	drivermanager	existing-unreviewed		0
drivercount	drivercount	drivercount	existing-unreviewed		0
drv	driver_2	driver_2	existing-unreviewed		0
ds	ds	ds	existing-unreviewed		0
ds_segment	dssegment	dssegment	existing-unreviewed		0
dst	odredište_2	odredište_2	existing-unreviewed		0
dstEntry	odredišteunos	odredišteunos	existing-unreviewed		0
dstIP	odredišteipaddress	odredišteipaddress	existing-unreviewed		0
dstIP_BE	odredišteipaddressMrežabyteorder	odredišteipaddressMrežabyteorder	existing-unreviewed		0
dstMAC	odredištemacaddress	odredištemacaddress	existing-unreviewed		0
dstMAC_BE	odredištemacbe	odredištemacbe	existing-unreviewed		0
dstPageDir	odredišteStranicaDirektorij	odredišteStranicaDirektorij	existing-unreviewed		0
dstPort	odredišteportBroj	odredišteportBroj	pending-language-review	destination_port	0
dstPt	odredištept	odredištept	existing-unreviewed		0
dstPtPtr	odredišteptpointer	odredišteptpointer	existing-unreviewed		0
dstPtr	odredištepointer	odredištepointer	existing-unreviewed		0
dstptr	odredištepointer_2	odredištepointer_2	existing-unreviewed		0
dynamic	dynamic	dynamic	existing-unreviewed		0
e	e	e	existing-unreviewed		0
e_ehsize	eehsize	eehsize	existing-unreviewed		0
e_entry	eunos	eunos	existing-unreviewed		0
e_flags	eZastave	eZastave	existing-unreviewed		0
e_ident	eident	eident	existing-unreviewed		0
e_machine	emachine	emachine	existing-unreviewed		0
e_phentsize	ephentsize	ephentsize	existing-unreviewed		0
e_phnum	ephnum	ephnum	existing-unreviewed		0
e_phoff	ephoff	ephoff	existing-unreviewed		0
e_shentsize	eshentsize	eshentsize	existing-unreviewed		0
e_shnum	eshnum	eshnum	existing-unreviewed		0
e_shoff	eshoff	eshoff	existing-unreviewed		0
e_shstrndx	eshstrndx	eshstrndx	existing-unreviewed		0
e_type	eTip	eTip	existing-unreviewed		0
e_version	eVerzija	eVerzija	existing-unreviewed		0
eax	eax	eax	existing-unreviewed		0
ebp	ebp	ebp	existing-unreviewed		0
ebx	ebx	ebx	existing-unreviewed		0
ecx	ecx	ecx	existing-unreviewed		0
edi	edi	edi	existing-unreviewed		0
edx	edx	edx	existing-unreviewed		0
efHandler	efhandler	efhandler	existing-unreviewed		0
eflags	eflags	eflags	existing-unreviewed		0
eip	eip	eip	existing-unreviewed		0
eipOffset	eipoffset	eipoffset	existing-unreviewed		0
elf	elf	elf	existing-unreviewed		0
elf0	elf0	elf0	existing-unreviewed		0
elf2	elf2	elf2	existing-unreviewed		0
elf3	elf3	elf3	existing-unreviewed		0
elf4	elf4	elf4	existing-unreviewed		0
elfHeader	elfheader	elfheader	existing-unreviewed		0
enabled	enabled	enabled	existing-unreviewed		0
end	end	end	existing-unreviewed		0
endOffset	endoffset	endoffset	existing-unreviewed		0
end_cylinder	endcylinder	endcylinder	existing-unreviewed		0
end_head	endhead	endhead	existing-unreviewed		0
end_sector	endsector	endsector	existing-unreviewed		0
ensureCurrentProcess	ensurecurrentprocess	ensurecurrentprocess	existing-unreviewed		0
entry	unos	unos	existing-unreviewed		0
entryPoint	unospoint	unospoint	existing-unreviewed		0
entrypoint	unospoint_2	unospoint_2	existing-unreviewed		0
environment	environment	environment	existing-unreviewed		0
environmentPointers	environmentpointers	environmentpointers	existing-unreviewed		0
err	err	err	existing-unreviewed		0
errorPort	greškaport	greškaport	existing-unreviewed		0
es	es	es	existing-unreviewed		0
esi	esi	esi	existing-unreviewed		0
esp	esp	esp	existing-unreviewed		0
esp0	esp0	esp0	existing-unreviewed		0
esp1	esp1	esp1	existing-unreviewed		0
esp2	esp2	esp2	existing-unreviewed		0
etherFrameProvider	ethernetOkvirprovider	ethernetOkvirprovider	pending-language-review	ethernet_provider	0
etherType	ethernetTip	ethernetTip	existing-unreviewed		0
etherType_BE	ethernetTipbe	ethernetTipbe	existing-unreviewed		0
etherframe	ethernetOkvir	ethernetOkvir	existing-unreviewed		0
etherframePayload	ethernetOkvirpayload	ethernetOkvirpayload	existing-unreviewed		0
except	except	except	existing-unreviewed		0
exceptionCR0	exceptioncr0	exceptioncr0	existing-unreviewed		0
exceptionCR2	exceptioncr2	exceptioncr2	existing-unreviewed		0
exceptionCR3	exceptioncr3	exceptioncr3	existing-unreviewed		0
exceptionFrameValue	exceptionOkvirVrijednost	exceptionOkvirVrijednost	existing-unreviewed		0
exceptionHasErrorCode	exceptionhasGreškacode	exceptionhasGreškacode	existing-unreviewed		0
exceptionName	exceptionNaziv	exceptionNaziv	existing-unreviewed		0
execVector	izvršnavector	izvršnavector	existing-unreviewed		0
exists	exists	exists	existing-unreviewed		0
exited	exited	exited	existing-unreviewed		0
ext	ext	ext	existing-unreviewed		0
extFlags	extZastave	extZastave	existing-unreviewed		0
extendedScanCode	extendedscancode	extendedscancode	existing-unreviewed		0
fDupFD	fdupfd	fdupfd	existing-unreviewed		0
fGetFD	fgetfd	fgetfd	existing-unreviewed		0
fGetFL	fgetfl	fgetfl	existing-unreviewed		0
fSetFD	fskupfd	fskupfd	existing-unreviewed		0
fSetFL	fskupfl	fskupfl	existing-unreviewed		0
fat	fat	fat	existing-unreviewed		0
fatCopies	fatKopiraj	fatKopiraj	existing-unreviewed		0
fatInfo	fatinfo	fatinfo	existing-unreviewed		0
fatOffsetInSectorForCurrentCluster	fatoffsetPrimljenosectorforcurrentcluster	fatoffsetPrimljenosectorforcurrentcluster	existing-unreviewed		0
fatSectorCount	fatsectorcount	fatsectorcount	existing-unreviewed		0
fatSectorForCurrentCluster	fatsectorforcurrentcluster	fatsectorforcurrentcluster	existing-unreviewed		0
fatSize	fatVeličina	fatVeličina	existing-unreviewed		0
fatStart	fatstart	fatstart	existing-unreviewed		0
fatTypeLabel	fatTipetiketa	fatTipetiketa	existing-unreviewed		0
fatVersion	fatVerzija	fatVerzija	existing-unreviewed		0
fatbuf	fatbuf	fatbuf	existing-unreviewed		0
fatbuffer	fatbuffer	fatbuffer	existing-unreviewed		0
faultAddr	faultaddress	faultaddress	existing-unreviewed		0
fb	fb	fb	existing-unreviewed		0
fbCurCol	fbcurrentcol	fbcurrentcol	existing-unreviewed		0
fbCurLine	fbcurrentLinija	fbcurrentLinija	existing-unreviewed		0
fbHeight	fbVisina	fbVisina	existing-unreviewed		0
fbPhysAddr	fbphysaddress	fbphysaddress	existing-unreviewed		0
fbWidth	fbŠirina	fbŠirina	existing-unreviewed		0
fd	fd	fd	existing-unreviewed		0
fdCloexec	fdcloexec	fdcloexec	existing-unreviewed		0
fdEntry	fdunos	fdunos	existing-unreviewed		0
fdFlags	fdZastave	fdZastave	existing-unreviewed		0
fdKindConsole	fdVrstaconsole	fdVrstaconsole	existing-unreviewed		0
fdKindFat	fdVrstafat	fdVrstafat	existing-unreviewed		0
fdKindNone	fdVrstaNijedan	fdVrstaNijedan	existing-unreviewed		0
fdKindRootDir	fdVrstaKorijenDirektorij	fdVrstaKorijenDirektorij	existing-unreviewed		0
fdKindSocket	fdVrstasocket	fdVrstasocket	existing-unreviewed		0
fdKindStdin	fdVrstastdin	fdVrstastdin	existing-unreviewed		0
fds	fds	fds	existing-unreviewed		0
filePtr	datotekapointer	datotekapointer	existing-unreviewed		0
fileSector	datotekasector	datotekasector	existing-unreviewed		0
fileSize	datotekaVeličina	datotekaVeličina	existing-unreviewed		0
filename	imedatoteke	imedatoteke	existing-unreviewed		0
fillPosixStat	fillposixstat	fillposixstat	existing-unreviewed		0
findProcess	nađiprocess	nađiprocess	existing-unreviewed		0
first	first	first	existing-unreviewed		0
firstClusterHi	firstclusterhi	firstclusterhi	existing-unreviewed		0
firstClusterLow	firstclusterlow	firstclusterlow	existing-unreviewed		0
firstFileCluster	firstDatotekacluster	firstDatotekacluster	existing-unreviewed		0
flags	zastave	zastave	existing-unreviewed		0
flags2	zastave2	zastave2	existing-unreviewed		0
flagsAndOffset	zastaveandoffset	zastaveandoffset	existing-unreviewed		0
flushIndex	flushIndeks	flushIndeks	existing-unreviewed		0
flushTlsTable	flushtlstable	flushtlstable	existing-unreviewed		0
flush_tss	flushtss	flushtss	existing-unreviewed		0
fn	fn	fn	existing-unreviewed		0
foo	foo	foo	existing-unreviewed		0
foundChild	foundchild	foundchild	existing-unreviewed		0
frame	okvir	okvir	existing-unreviewed		0
frameCount	okvircount	okvircount	existing-unreviewed		0
frameHeaderSize	okvirheaderVeličina	okvirheaderVeličina	existing-unreviewed		0
free	slobodno	slobodno	existing-unreviewed		0
freePort	slobodnoport	slobodnoport	existing-unreviewed		0
frequency	frequency	frequency	existing-unreviewed		0
fs	fs	fs	existing-unreviewed		0
func1Val	func1val	func1val	existing-unreviewed		0
func2Val	func2val	func2val	existing-unreviewed		0
func3Val	func3val	func3val	existing-unreviewed		0
func_addr	funcaddress	funcaddress	existing-unreviewed		0
func_bytes	funcBajtova	funcBajtova	existing-unreviewed		0
func_name	funcNaziv	funcNaziv	existing-unreviewed		0
func_value	funcVrijednost	funcVrijednost	existing-unreviewed		0
function	funkcija	funkcija	existing-unreviewed		0
fxrstor	fxrstor	fxrstor	existing-unreviewed		0
fxsave	fxsave	fxsave	existing-unreviewed		0
g	g	g	existing-unreviewed		0
g_320x200x256	g320x200x256	g320x200x256	existing-unreviewed		0
gate	gate	gate	existing-unreviewed		0
gateData	gatedata	gatedata	existing-unreviewed		0
gatewayIP	gatewayip	gatewayip	existing-unreviewed		0
gdt	gdt	gdt	existing-unreviewed		0
gdtDescriptor	gdtdescriptor	gdtdescriptor	existing-unreviewed		0
gdtEntry	gdtunos	gdtunos	existing-unreviewed		0
gdtTable	gdttable	gdttable	existing-unreviewed		0
gdtTableLen	gdttablelen	gdttablelen	existing-unreviewed		0
gdt_codeSegmentSelector	gdtcodesegmentselector	gdtcodesegmentselector	existing-unreviewed		0
gdt_func	gdtfunc	gdtfunc	existing-unreviewed		0
getCR2	getcr2	getcr2	existing-unreviewed		0
getCR3	getcr3	getcr3	existing-unreviewed		0
getDescriptor	getdescriptor	getdescriptor	existing-unreviewed		0
getESI	getesi	getesi	existing-unreviewed		0
getESP	getesp	getesp	existing-unreviewed		0
getGDT	getgdt	getgdt	existing-unreviewed		0
getGS	getgs	getgs	existing-unreviewed		0
getOpenFile	getOtvoriDatoteka	getOtvoriDatoteka	existing-unreviewed		0
getOpenFileFor	getOtvoriDatotekafor	getOtvoriDatotekafor	existing-unreviewed		0
getTLS	gettls	gettls	existing-unreviewed		0
globalDescriptorTable	globalnadescriptortable	globalnadescriptortable	existing-unreviewed		0
globalOffsetTable	globalnaoffsettable	globalnaoffsettable	existing-unreviewed		0
global_offset_table	globalnaoffsettable_2	globalnaoffsettable_2	existing-unreviewed		0
graphicsControllerDataPort	grafikacontrollerdataport	grafikacontrollerdataport	existing-unreviewed		0
graphicsControllerIndexPort	grafikacontrollerIndeksport	grafikacontrollerIndeksport	existing-unreviewed		0
grub_multiboot_memory_map_t	grubmultibootMemorijamapt	grubmultibootMemorijamapt	existing-unreviewed		0
gs	gs	gs	existing-unreviewed		0
gs_segment	gssegment	gssegment	existing-unreviewed		0
h	h	h	existing-unreviewed		0
haltAfterFatalException	haltafterfatalexception	haltafterfatalexception	existing-unreviewed		0
handleInterrupt	handleinterrupt	handleinterrupt	existing-unreviewed		0
handleKeyboardInterrupt	handleTastaturainterrupt	handleTastaturainterrupt	existing-unreviewed		0
handleMouseInterrupt	handleMišinterrupt	handleMišinterrupt	existing-unreviewed		0
handlePagingInterrupt	handlepaginginterrupt	handlepaginginterrupt	existing-unreviewed		0
handleUnhandledSyscall	handleunhandledsyscall	handleunhandledsyscall	existing-unreviewed		0
handler	handler	handler	existing-unreviewed		0
handlerAddressHighBits	handleraddresshighbits	handleraddresshighbits	existing-unreviewed		0
handlerAddressLowBits	handleraddresslowbits	handleraddresslowbits	existing-unreviewed		0
handlerRun	handlerPokreni	handlerPokreni	existing-unreviewed		0
handlers	handler_2	handler_2	existing-unreviewed		0
hardwareAddressSize	hardveraddressVeličina	hardveraddressVeličina	existing-unreviewed		0
hardwareInterruptOffset	hardverinterruptoffset	hardverinterruptoffset	existing-unreviewed		0
hardwareType	hardverTip	hardverTip	existing-unreviewed		0
hd	hd	hd	existing-unreviewed		0
head	head	head	existing-unreviewed		0
headCount	headcount	headcount	existing-unreviewed		0
headerLength	headerlength	headerlength	existing-unreviewed		0
headertype	headertype	headertype	existing-unreviewed		0
height	visina	visina	existing-unreviewed		0
hex	hex	hex	existing-unreviewed		0
hiddenSectors	hiddensectors	hiddensectors	existing-unreviewed		0
i	i	i	existing-unreviewed		0
iCount	icount	icount	existing-unreviewed		0
iDrivers	idriver	idriver	existing-unreviewed		0
iKeyboardEventHandler	iTastaturaeventhandler	iTastaturaeventhandler	existing-unreviewed		0
iMouseEventHandler	iMiševenthandler	iMiševenthandler	existing-unreviewed		0
iPCIControllerHandler	ipcicontrollerhandler	ipcicontrollerhandler	existing-unreviewed		0
iRawDataHandler	irawdatahandler	irawdatahandler	existing-unreviewed		0
iTimerEventHandler	itimereventhandler	itimereventhandler	existing-unreviewed		0
icmp	icmp	icmp	existing-unreviewed		0
icmpSize	icmpVeličina	icmpVeličina	existing-unreviewed		0
icmp콘솔	icmpconsole	icmpconsole	existing-unreviewed		0
id	id	id	existing-unreviewed		0
ident	ident	ident	existing-unreviewed		0
idtData	idtdata	idtdata	existing-unreviewed		0
idtPointer	idtpointer	idtpointer	existing-unreviewed		0
idx	idx	idx	existing-unreviewed		0
index	indeks	indeks	existing-unreviewed		0
initBlock	initblok	initblok	existing-unreviewed		0
initFileDescriptors	initDatotekadescriptor	initDatotekadescriptor	existing-unreviewed		0
initPIT	initpit	initpit	existing-unreviewed		0
initializeProcessFDs	initializeprocessfds	initializeprocessfds	existing-unreviewed		0
inode	inode	inode	existing-unreviewed		0
inputEventTask	ulazeventtask	ulazeventtask	existing-unreviewed		0
installIDT	instalirajidt	instalirajidt	existing-unreviewed		0
intNumber	intBroj	intBroj	existing-unreviewed		0
interface_id	interfejsid	interfejsid	existing-unreviewed		0
internetprotocolPayload	internetprotocolpayload	internetprotocolpayload	existing-unreviewed		0
interrupt	interrupt	interrupt	existing-unreviewed		0
interruptDebug	interruptIspravljanje	interruptIspravljanje	existing-unreviewed		0
interruptExitLoop	interruptIzlazloop	interruptIzlazloop	existing-unreviewed		0
interruptGateEntries	interruptgateunos	interruptgateunos	existing-unreviewed		0
interruptHandler	interrupthandler	interrupthandler	existing-unreviewed		0
interrupts	interrupts	interrupts	existing-unreviewed		0
iomap	iomap	iomap	existing-unreviewed		0
ip	ip	ip	existing-unreviewed		0
ipEtherFrameHandler	ipethernetOkvirhandler	ipethernetOkvirhandler	existing-unreviewed		0
ipHandler	iphandler	iphandler	existing-unreviewed		0
ipIdx	ipidx	ipidx	existing-unreviewed		0
ipProtocolUDP	ipprotocoludp	ipprotocoludp	existing-unreviewed		0
ipProvider	ipprovider	ipprovider	pending-language-review	ip_provider	0
ipSize	ipVeličina	ipVeličina	existing-unreviewed		0
ip_be	ipMrežabyteorder	ipMrežabyteorder	existing-unreviewed		0
ipmessage	internetprotocolPoruka	internetprotocolPoruka	existing-unreviewed		0
ipv4	ipv4	ipv4	existing-unreviewed		0
ip콘솔	ipconsole	ipconsole	existing-unreviewed		0
isKernel	iskernel	iskernel	existing-unreviewed		0
isRoot	isKorijen	isKorijen	existing-unreviewed		0
isRootPath	isKorijenStaza	isKorijenStaza	existing-unreviewed		0
isSharedPDE	issharedpde	issharedpde	existing-unreviewed		0
istOffset	istoffset	istoffset	existing-unreviewed		0
j	j	j	existing-unreviewed		0
jmp	jmp	jmp	existing-unreviewed		0
jmp_user	jmpKorisnik	jmpKorisnik	existing-unreviewed		0
jump_usermode_iret	jumpusermodeiret	jumpusermodeiret	existing-unreviewed		0
kPageDirEntry	kStranicaDirektorijunos	kStranicaDirektorijunos	existing-unreviewed		0
kernelESP	kernelesp	kernelesp	existing-unreviewed		0
kernelPageDirEntry	kernelStranicaDirektorijunos	kernelStranicaDirektorijunos	existing-unreviewed		0
kernelSS	kernelss	kernelss	existing-unreviewed		0
key	ključ	ključ	existing-unreviewed		0
keyboard	tastatura	tastatura	existing-unreviewed		0
keyboardDriver	tastaturadriver	tastaturadriver	existing-unreviewed		0
keyboardEventHandler	tastaturaeventhandler	tastaturaeventhandler	existing-unreviewed		0
keyboardQueue	tastaturaqueue	tastaturaqueue	existing-unreviewed		0
keyboardQueueRead	tastaturaqueueČitaj	tastaturaqueueČitaj	existing-unreviewed		0
keyboardQueueSize	tastaturaqueueVeličina	tastaturaqueueVeličina	existing-unreviewed		0
keyboardQueueWrite	tastaturaqueuePiši	tastaturaqueuePiši	existing-unreviewed		0
kind	vrsta	vrsta	existing-unreviewed		0
l	l	l	existing-unreviewed		0
last	zadnja	zadnja	existing-unreviewed		0
lbaHiPort	lbahiport	lbahiport	existing-unreviewed		0
lbaLowPort	lbalowport	lbalowport	existing-unreviewed		0
lbaMidPort	lbamidport	lbamidport	existing-unreviewed		0
ldt	ldt	ldt	existing-unreviewed		0
leftShift	lijevoshift	lijevoshift	existing-unreviewed		0
len	len	len	existing-unreviewed		0
len_ver	lenver	lenver	existing-unreviewed		0
length	length	length	existing-unreviewed		0
lengthAddress	lengthaddress	lengthaddress	existing-unreviewed		0
lengthInBytes	lengthPrimljenoBajtova	lengthPrimljenoBajtova	existing-unreviewed		0
length_high	lengthhigh	lengthhigh	existing-unreviewed		0
length_low	lengthlow	lengthlow	existing-unreviewed		0
lengths	lengths	lengths	existing-unreviewed		0
lib1Addr	lib1address	lib1address	existing-unreviewed		0
lib1Data	lib1data	lib1data	existing-unreviewed		0
lib1File	lib1Datoteka	lib1Datoteka	existing-unreviewed		0
lib1GOT	lib1got	lib1got	existing-unreviewed		0
lib1elf	lib1elf	lib1elf	existing-unreviewed		0
lib2Addr	lib2address	lib2address	existing-unreviewed		0
lib2Data	lib2data	lib2data	existing-unreviewed		0
lib2File	lib2Datoteka	lib2Datoteka	existing-unreviewed		0
lib2GOT	lib2got	lib2got	existing-unreviewed		0
lib2elf	lib2elf	lib2elf	existing-unreviewed		0
libLinkMap	libVezamap	libVezamap	existing-unreviewed		0
lidtaddr	lidtaddr	lidtaddr	existing-unreviewed		0
limit	limit	limit	existing-unreviewed		0
limitHighAndFlags	limithighandZastave	limithighandZastave	existing-unreviewed		0
limitLow	limitlow	limitlow	existing-unreviewed		0
linkMap	vezamap	vezamap	existing-unreviewed		0
linkMapAddr	vezamapaddress	vezamapaddress	existing-unreviewed		0
linkerAddr	linkeraddress	linkeraddress	existing-unreviewed		0
linkerData	linkerdata	linkerdata	existing-unreviewed		0
linkerEntry	linkerunos	linkerunos	existing-unreviewed		0
linkerFile	linkerDatoteka	linkerDatoteka	existing-unreviewed		0
list	list	list	existing-unreviewed		0
listening	listening	listening	existing-unreviewed		0
loader	loader	loader	existing-unreviewed		0
local	lokalna	lokalna	existing-unreviewed		0
localDatagramSocket	lokalnadatagramsocket	lokalnadatagramsocket	existing-unreviewed		0
localIP	lokalnaip	lokalnaip	existing-unreviewed		0
localPort	lokalnaportBroj	lokalnaportBroj	existing-unreviewed		0
localSockets	lokalnasockets	lokalnasockets	existing-unreviewed		0
logicalAddress	logicaladdress	logicaladdress	existing-unreviewed		0
macAddr	macaddress	macaddress	existing-unreviewed		0
macIdx	macidx	macidx	existing-unreviewed		0
magicnumber	magicnumber	magicnumber	existing-unreviewed		0
main	main	main	compatibility		0
mainThread	главниthread	главниthread	existing-unreviewed		0
makePagePrivateWritableCurrent	makeStranicaPrivatnowritablecurrent	makeStranicaPrivatnowritablecurrent	existing-unreviewed		0
makeRangePrivateWritableCurrent	makerangePrivatnowritablecurrent	makerangePrivatnowritablecurrent	existing-unreviewed		0
manager	manager	manager	existing-unreviewed		0
mask	maska	maska	existing-unreviewed		0
master	master	master	existing-unreviewed		0
matches	matches	matches	existing-unreviewed		0
maxBARs	maxbars	maxbars	existing-unreviewed		0
maxDatagramSize	maxdatagramVeličina	maxdatagramVeličina	existing-unreviewed		0
maxExecStringLength	maxizvršnaNIZlength	maxizvršnaNIZlength	existing-unreviewed		0
maxExecVectorEntries	maxizvršnavectorunos	maxizvršnavectorunos	existing-unreviewed		0
maxFD	maxfd	maxfd	existing-unreviewed		0
maxOpenFiles	maxOtvoriDATOTEKE	maxOtvoriDATOTEKE	existing-unreviewed		0
maxSocketPackets	maxsocketpackets	maxsocketpackets	existing-unreviewed		0
maxSockets	maxsockets	maxsockets	existing-unreviewed		0
maximumBlocks	najvišeblok	najvišeblok	existing-unreviewed		0
mediaType	mediaTip	mediaTip	existing-unreviewed		0
mem	mem	mem	existing-unreviewed		0
memoryArray	memorijaarray	memorijaarray	existing-unreviewed		0
memoryChunkSize	memorijachunkVeličina	memorijachunkVeličina	existing-unreviewed		0
memoryManager	memorijamanager	memorijamanager	existing-unreviewed		0
memoryOper	memorijaoper	memorijaoper	existing-unreviewed		0
memorySize	memorijaVeličina	memorijaVeličina	existing-unreviewed		0
memorymananger	memorymananger	memorymananger	existing-unreviewed		0
memorytest	memorytest	memorytest	existing-unreviewed		0
message	poruka	poruka	existing-unreviewed		0
micsPort	micsport	micsport	existing-unreviewed		0
minimum	minimum	minimum	existing-unreviewed		0
mode	režim	režim	existing-unreviewed		0
mouseDriver	mišdriver	mišdriver	existing-unreviewed		0
mouseEventHandler	miševenthandler	miševenthandler	existing-unreviewed		0
mouseVGA	mišvga	mišvga	existing-unreviewed		0
mouseWidget	mišwidget	mišwidget	existing-unreviewed		0
msdospart	msdospartition	msdospartition	existing-unreviewed		0
msg	msg	msg	existing-unreviewed		0
msgBuffer	msgbuffer	msgbuffer	existing-unreviewed		0
multiboot_memory_map	multibootMemorijamap	multibootMemorijamap	existing-unreviewed		0
multitasking	multitasking	multitasking	existing-unreviewed		0
myKeyboardEventHandler	myTastaturaeventhandler	myTastaturaeventhandler	existing-unreviewed		0
myPCIControllerHandler	mypcicontrollerhandler	mypcicontrollerhandler	existing-unreviewed		0
myfunction	myfunction	myfunction	existing-unreviewed		0
n	n	n	existing-unreviewed		0
n_descsz	ndescsz	ndescsz	existing-unreviewed		0
n_namesz	nnamesz	nnamesz	existing-unreviewed		0
n_type	nTip	nTip	existing-unreviewed		0
name	naziv	naziv	existing-unreviewed		0
nameLen	nazivlen	nazivlen	existing-unreviewed		0
netCard	mrežaKartaške	mrežaKartaške	existing-unreviewed		0
newButtons	novabutton	novabutton	existing-unreviewed		0
newFD	novafd	novafd	existing-unreviewed		0
newFrame	novaOkvir	novaOkvir	existing-unreviewed		0
newLink	novaVeza	novaVeza	existing-unreviewed		0
newNode	novanode	novanode	existing-unreviewed		0
newPtr	novapointer	novapointer	existing-unreviewed		0
next	sljedeće	sljedeće	existing-unreviewed		0
nextEphemeralPort	sljedećeephemeralport	sljedećeephemeralport	existing-unreviewed		0
nextFileCluster	sljedećeDatotekacluster	sljedećeDatotekacluster	existing-unreviewed		0
nextHopIP_BE	sljedećehopipaddressMrežabyteorder	sljedećehopipaddressMrežabyteorder	existing-unreviewed		0
nextNode	sljedećenode	sljedećenode	existing-unreviewed		0
nextProcessID	sljedećeprocessid	sljedećeprocessid	existing-unreviewed		0
nextThread	sljedećethread	sljedećethread	existing-unreviewed		0
nibble	nibble	nibble	existing-unreviewed		0
node	node	node	pending-language-review	list_node	0
nodeArray	nodearray	nodearray	existing-unreviewed		0
num	broj	broj	existing-unreviewed		0
numCacheEntries	brojcacheunos	brojcacheunos	existing-unreviewed		0
numDrivers	brojdriver	brojdriver	existing-unreviewed		0
numFunctions	brojFunkcije	brojFunkcije	existing-unreviewed		0
numRecvBuffers	brojrecvbuffer	brojrecvbuffer	existing-unreviewed		0
numSendBuffers	brojPošaljibuffer	brojPošaljibuffer	existing-unreviewed		0
numSockets	brojsockets	brojsockets	existing-unreviewed		0
numTasks	brojZadaci	brojZadaci	existing-unreviewed		0
oAppend	oappend	oappend	existing-unreviewed		0
oCreate	ocreate	ocreate	existing-unreviewed		0
oDirectory	oDirektorij	oDirektorij	existing-unreviewed		0
oReadOnly	oČitajonly	oČitajonly	existing-unreviewed		0
oReadWrite	oČitajPiši	oČitajPiši	existing-unreviewed		0
oTruncate	otruncate	otruncate	existing-unreviewed		0
oWriteOnly	oPišionly	oPišionly	existing-unreviewed		0
o_addr	oaddress	oaddress	existing-unreviewed		0
offset	offset	offset	existing-unreviewed		0
ok	uredu	uredu	existing-unreviewed		0
oldButtons	oldbutton	oldbutton	existing-unreviewed		0
oldCR3	oldcr3	oldcr3	existing-unreviewed		0
oldFD	oldfd	oldfd	existing-unreviewed		0
oldFrame	oldOkvir	oldOkvir	existing-unreviewed		0
oldGdt	oldgdt	oldgdt	existing-unreviewed		0
oldGdtAddr	oldgdtaddress	oldgdtaddress	existing-unreviewed		0
oldGdtLen	oldgdtlen	oldgdtlen	existing-unreviewed		0
openFileDescription	otvoriDatotekaOpis	otvoriDatotekaOpis	existing-unreviewed		0
openFileTable	otvoriDatotekatable	otvoriDatotekatable	existing-unreviewed		0
options	opcije	opcije	existing-unreviewed		0
orgValue	orgVrijednost	orgVrijednost	existing-unreviewed		0
p	p	p	existing-unreviewed		0
p1	p1	p1	existing-unreviewed		0
p2	p2	p2	existing-unreviewed		0
p_align	pPoravnaj	pPoravnaj	existing-unreviewed		0
p_backend	pbackend	pbackend	existing-unreviewed		0
p_data	pdata	pdata	existing-unreviewed		0
p_efHandler	pefhandler	pefhandler	existing-unreviewed		0
p_efProvider	pefprovider	pefprovider	existing-unreviewed		0
p_etherType	pethernetTip	pethernetTip	existing-unreviewed		0
p_filesz	pfilesz	pfilesz	existing-unreviewed		0
p_flags	pZastave	pZastave	existing-unreviewed		0
p_iHandler	pihandler	pihandler	existing-unreviewed		0
p_ipHandler	piphandler	piphandler	existing-unreviewed		0
p_ipProvider	pipprovider	pipprovider	existing-unreviewed		0
p_memsz	pmemsz	pmemsz	existing-unreviewed		0
p_offset	poffset	poffset	existing-unreviewed		0
p_paddr	ppaddr	ppaddr	existing-unreviewed		0
p_protocol	pprotocol	pprotocol	existing-unreviewed		0
p_provider	pprovider	pprovider	existing-unreviewed		0
p_str	pstr	pstr	existing-unreviewed		0
p_type	pTip	pTip	existing-unreviewed		0
p_udpHandler	pudphandler	pudphandler	existing-unreviewed		0
p_udpProvider	pudpprovider	pudpprovider	existing-unreviewed		0
p_vaddr	pvaddr	pvaddr	existing-unreviewed		0
packet	packet	packet	existing-unreviewed		0
packetStatus	packetstatus	packetstatus	existing-unreviewed		0
packets	packets	packets	existing-unreviewed		0
page	stranica	stranica	existing-unreviewed		0
pageDir	stranicaDirektorij	stranicaDirektorij	pending-language-review	page_directory	0
pageDirEntry	stranicaDirektorijunos	stranicaDirektorijunos	existing-unreviewed		0
pageTableEntry	stranicatableunos	stranicatableunos	existing-unreviewed		0
paging	paging	paging	existing-unreviewed		0
param	param	param	existing-unreviewed		0
params	parametri	parametri	existing-unreviewed		0
parent	parent	parent	existing-unreviewed		0
parentPID	parentpid	parentpid	existing-unreviewed		0
parentProcess	parentprocess	parentprocess	existing-unreviewed		0
partEntry	partunos	partunos	existing-unreviewed		0
partition	partition	partition	existing-unreviewed		0
partitionBytes	partitionBajtova	partitionBajtova	existing-unreviewed		0
partitionOffset	partitionoffset	partitionoffset	existing-unreviewed		0
path	staza	staza	existing-unreviewed		0
pathAddr	stazaaddress	stazaaddress	existing-unreviewed		0
pci	pci	pci	existing-unreviewed		0
pciController	pcicontroller	pcicontroller	existing-unreviewed		0
pde	pde	pde	existing-unreviewed		0
pdeAddr	pdeaddress	pdeaddress	existing-unreviewed		0
pdelen	pdelen	pdelen	existing-unreviewed		0
peer	peer	peer	existing-unreviewed		0
pendingButtons	pendingbutton	pendingbutton	existing-unreviewed		0
pendingMouseEvent	pendingMiševent	pendingMiševent	existing-unreviewed		0
pendingX	pendingx	pendingx	existing-unreviewed		0
pendingY	pendingy	pendingy	existing-unreviewed		0
phyaddr	phyaddr	phyaddr	existing-unreviewed		0
phymem	physicalMemorija	physicalMemorija	existing-unreviewed		0
physicalAddress	physicaladdress	physicaladdress	existing-unreviewed		0
pid	pid	pid	existing-unreviewed		0
pitFrequency	pitfrequency	pitfrequency	existing-unreviewed		0
pixelAddress	pixeladdress	pixeladdress	existing-unreviewed		0
pointer	pointer	pointer	pending-language-review	pointer	0
pollKeyboardScancode	pollTastaturascancode	pollTastaturascancode	existing-unreviewed		0
port	port	port	existing-unreviewed		0
portBase	portbase	portbase	existing-unreviewed		0
portInUse	portPrimljenouse	portPrimljenouse	existing-unreviewed		0
portnumber	portnumber	portnumber	existing-unreviewed		0
pos	položaj	položaj	existing-unreviewed		0
position	položaj_2	položaj_2	existing-unreviewed		0
posixStat	posixstat	posixstat	existing-unreviewed		0
posixUtsname	posixutsname	posixutsname	existing-unreviewed		0
prefetchable	prefetchcapable	prefetchcapable	existing-unreviewed		0
prev	previous	previous	existing-unreviewed		0
prevNode	previousnode	previousnode	existing-unreviewed		0
prevX	previousx	previousx	existing-unreviewed		0
prevY	previousy	previousy	existing-unreviewed		0
printESP	štampajesp	štampajesp	existing-unreviewed		0
printExceptionSelectorInfo	štampajexceptionselectorinfo	štampajexceptionselectorinfo	existing-unreviewed		0
printPageFaultInfo	štampajStranicafaultinfo	štampajStranicafaultinfo	existing-unreviewed		0
printreg	printreg	printreg	existing-unreviewed		0
proc2	proc2	proc2	existing-unreviewed		0
proc3	proc3	proc3	existing-unreviewed		0
proc4	proc4	proc4	existing-unreviewed		0
process	process	process	existing-unreviewed		0
processEntry	processunos	processunos	existing-unreviewed		0
processHelper	processhelper	processhelper	existing-unreviewed		0
processTable	processtable	processtable	existing-unreviewed		0
processes	processes	processes	existing-unreviewed		0
programBreak	programbreak	programbreak	existing-unreviewed		0
protocol	protocol	protocol	existing-unreviewed		0
protocolAddressSize	protocoladdressVeličina	protocoladdressVeličina	existing-unreviewed		0
providedLength	providedlength	providedlength	existing-unreviewed		0
provider	provider	provider	existing-unreviewed		0
ps2WaitLimit	ps2Sačekajlimit	ps2Sačekajlimit	existing-unreviewed		0
pt	pt	pt	existing-unreviewed		0
pte	pte	pte	existing-unreviewed		0
pteAddr	pteaddress	pteaddress	existing-unreviewed		0
ptr	pointer_2	pointer_2	pending-language-review	pointer	0
pushExecUint32	pushizvršnaunsignedinteger32	pushizvršnaunsignedinteger32	existing-unreviewed		0
queueKeyboardByte	queueTastaturabyte	queueTastaturabyte	existing-unreviewed		0
r	r	r	existing-unreviewed		0
r_addend	raddend	raddend	existing-unreviewed		0
r_info	rinfo	rinfo	existing-unreviewed		0
r_offset	roffset	roffset	existing-unreviewed		0
raw	raw	raw	existing-unreviewed		0
rawDataBackend	rawdatabackend	rawdatabackend	existing-unreviewed		0
readFile	čitajDatoteka	čitajDatoteka	existing-unreviewed		0
readPS2Data	čitajps2data	čitajps2data	existing-unreviewed		0
readStdin	čitajstdin	čitajstdin	existing-unreviewed		0
readVFSFile	čitajvfsDatoteka	čitajvfsDatoteka	existing-unreviewed		0
read_count	čitajcount	čitajcount	existing-unreviewed		0
receiver	receiver	receiver	existing-unreviewed		0
recvBufferDescr	recvbufferOpis	recvbufferOpis	existing-unreviewed		0
recvBufferDescrAddress	recvbufferOpisaddress	recvbufferOpisaddress	existing-unreviewed		0
recvBuffers	recvbuffer	recvbuffer	existing-unreviewed		0
recvBuffersDescrMemory	recvbufferOpisMemorija	recvbufferOpisMemorija	existing-unreviewed		0
refBytes	referenceBajtova	referenceBajtova	existing-unreviewed		0
refPtr	referencepointer	referencepointer	existing-unreviewed		0
refs	refs	refs	existing-unreviewed		0
regIndex	regIndeks	regIndeks	existing-unreviewed		0
registerAddressPort	registeraddressport	registeraddressport	existing-unreviewed		0
registerDataPort	registerdataport	registerdataport	existing-unreviewed		0
registeroffset	registeroffset	registeroffset	existing-unreviewed		0
registers	register	register	existing-unreviewed		0
regtype	regtype	regtype	existing-unreviewed		0
rel_text	relTekst	relTekst	existing-unreviewed		0
rel_text_len	relTekstlen	relTekstlen	existing-unreviewed		0
releaseOpenFile	releaseOtvoriDatoteka	releaseOtvoriDatoteka	existing-unreviewed		0
released	released	released	existing-unreviewed		0
reloadCR3	učitajponovocr3	učitajponovocr3	existing-unreviewed		0
relocation_text	relocationTekst	relocationTekst	existing-unreviewed		0
remaining	remaining	remaining	existing-unreviewed		0
remote	remote	remote	existing-unreviewed		0
remoteIP	remoteip	remoteip	existing-unreviewed		0
remotePort	remoteportBroj	remoteportBroj	existing-unreviewed		0
requested	requested	requested	existing-unreviewed		0
reserved	reserved	reserved	existing-unreviewed		0
reserved0	reserved0	reserved0	existing-unreviewed		0
reservedSectors	reservedsectors	reservedsectors	existing-unreviewed		0
resetPort	resetujport	resetujport	existing-unreviewed		0
restoreFpRegs	restorefpregs	restorefpregs	existing-unreviewed		0
result	result	result	existing-unreviewed		0
result1	result1	result1	existing-unreviewed		0
result2	result2	result2	existing-unreviewed		0
ret	ret	ret	existing-unreviewed		0
revision	revision	revision	existing-unreviewed		0
rightShift	desnoshift	desnoshift	existing-unreviewed		0
rootCluster	korijencluster	korijencluster	existing-unreviewed		0
rootDirEntries	korijenDirektorijunos	korijenDirektorijunos	existing-unreviewed		0
rootStart	korijenstart	korijenstart	existing-unreviewed		0
rt	rt	rt	existing-unreviewed		0
s	s	s	existing-unreviewed		0
sIfchr	sifchr	sifchr	existing-unreviewed		0
sIfdir	sifdir	sifdir	existing-unreviewed		0
sIfmt	sifmt	sifmt	existing-unreviewed		0
sIfreg	sifreg	sifreg	existing-unreviewed		0
sIfsock	sifsock	sifsock	existing-unreviewed		0
savedESP	savedesp	savedesp	existing-unreviewed		0
sc	sc	sc	existing-unreviewed		0
scanCode	scancode	scancode	existing-unreviewed		0
scanCodeToByte	scancodetobyte	scancodetobyte	existing-unreviewed		0
scancodeToByte	scancodetobyte_2	scancodetobyte_2	existing-unreviewed		0
sche	sche	sche	existing-unreviewed		0
sche_data	schedata	schedata	existing-unreviewed		0
scheduleStack	schedulestack	schedulestack	existing-unreviewed		0
scheduler	scheduler	scheduler	existing-unreviewed		0
schedulerDebug	schedulerIspravljanje	schedulerIspravljanje	existing-unreviewed		0
sectHeader	sectheader	sectheader	existing-unreviewed		0
sectHeaderSize	sectheaderVeličina	sectheaderVeličina	existing-unreviewed		0
sectName	sectNaziv	sectNaziv	existing-unreviewed		0
sectValue	sectVrijednost	sectVrijednost	existing-unreviewed		0
sector	sector	sector	existing-unreviewed		0
sectorCountPort	sectorcountport	sectorcountport	existing-unreviewed		0
sectorNum	sectorBroj	sectorBroj	existing-unreviewed		0
sectorOffset	sectoroffset	sectoroffset	existing-unreviewed		0
sectorPerTrack	sectorpertrack	sectorpertrack	existing-unreviewed		0
sectorsPerCluster	sectorspercluster	sectorspercluster	existing-unreviewed		0
seekCur	seekcurrent	seekcurrent	existing-unreviewed		0
seekEnd	seekend	seekend	existing-unreviewed		0
seekSet	seekskup	seekskup	existing-unreviewed		0
segmentNumber	segmentBroj	segmentBroj	existing-unreviewed		0
self	self	self	existing-unreviewed		0
self_uintptr	selfuintptr	selfuintptr	existing-unreviewed		0
sendBack	reply	reply	existing-unreviewed		0
sendBufferDescr	pošaljibufferOpis	pošaljibufferOpis	existing-unreviewed		0
sendBufferDescrAddress	pošaljibufferOpisaddress	pošaljibufferOpisaddress	existing-unreviewed		0
sendBuffers	pošaljibuffer	pošaljibuffer	existing-unreviewed		0
sendBuffersDescrMemory	pošaljibufferOpisMemorija	pošaljibufferOpisMemorija	existing-unreviewed		0
sendDataPointer	pošaljidatapointer	pošaljidatapointer	existing-unreviewed		0
sendDescriptor	pošaljidescriptor	pošaljidescriptor	existing-unreviewed		0
sendMouseCommand	pošaljiMišNaredba	pošaljiMišNaredba	existing-unreviewed		0
sequencerDataPort	sequencerdataport	sequencerdataport	existing-unreviewed		0
sequencerIndexPort	sequencerIndeksport	sequencerIndeksport	existing-unreviewed		0
serialLogByte	seriallogbyte	seriallogbyte	existing-unreviewed		0
serialReady	serialready	serialready	existing-unreviewed		0
setCR3	skupcr3	skupcr3	existing-unreviewed		0
setDS	skupds	skupds	existing-unreviewed		0
setGS	skupgs	skupgs	existing-unreviewed		0
setThreadExitLoopState	skupthreadIzlazloopstate	skupthreadIzlazloopstate	existing-unreviewed		0
setupExecStack	setupizvršnastack	setupizvršnastack	existing-unreviewed		0
sh	sh	sh	existing-unreviewed		0
sh_addr	shaddress	shaddress	existing-unreviewed		0
sh_addralign	shaddralign	shaddralign	existing-unreviewed		0
sh_entsize	shentsize	shentsize	existing-unreviewed		0
sh_flags	shZastave	shZastave	existing-unreviewed		0
sh_info	shinfo	shinfo	existing-unreviewed		0
sh_link	shVeza	shVeza	existing-unreviewed		0
sh_name	shNaziv	shNaziv	existing-unreviewed		0
sh_offset	shoffset	shoffset	existing-unreviewed		0
sh_size	shVeličina	shVeličina	existing-unreviewed		0
sh_type	shTip	shTip	existing-unreviewed		0
shift	shift	shift	existing-unreviewed		0
signature	signature	signature	existing-unreviewed		0
size	veličina	veličina	existing-unreviewed		0
sl	sl	sl	existing-unreviewed		0
sockDatagram	sockdatagram	sockdatagram	existing-unreviewed		0
socket	socket	socket	existing-unreviewed		0
socketAddress	socketaddress	socketaddress	existing-unreviewed		0
socketAddressIPv4	socketaddressiSv4	socketaddressiSv4	existing-unreviewed		0
socketBind	socketbind	socketbind	existing-unreviewed		0
socketCallArgument	socketcallargument	socketcallargument	existing-unreviewed		0
socketConnect	socketSpojise	socketSpojise	existing-unreviewed		0
socketForFD	socketforfd	socketforfd	existing-unreviewed		0
socketIndex	socketIndeks	socketIndeks	existing-unreviewed		0
socketPacket	socketpacket	socketpacket	existing-unreviewed		0
socketReceiveFrom	socketreceivefrom	socketreceivefrom	existing-unreviewed		0
socketSendTo	socketPošaljito	socketPošaljito	existing-unreviewed		0
socketType	socketTip	socketTip	existing-unreviewed		0
sockets	sockets	sockets	existing-unreviewed		0
softName	softNaziv	softNaziv	existing-unreviewed		0
source	izvor	izvor	existing-unreviewed		0
sourceAddress	izvoraddress	izvoraddress	existing-unreviewed		0
sourceLengthAddress	izvorlengthaddress	izvorlengthaddress	existing-unreviewed		0
src	izvor_2	izvor_2	existing-unreviewed		0
srcEntry	izvorunos	izvorunos	existing-unreviewed		0
srcIP	izvoripaddress	izvoripaddress	existing-unreviewed		0
srcIP_BE	izvoripaddressMrežabyteorder	izvoripaddressMrežabyteorder	existing-unreviewed		0
srcMAC	izvormacaddress	izvormacaddress	existing-unreviewed		0
srcMAC_BE	izvormacbe	izvormacbe	existing-unreviewed		0
srcPageDir	izvorStranicaDirektorij	izvorStranicaDirektorij	existing-unreviewed		0
srcPde	izvorpde	izvorpde	existing-unreviewed		0
srcPdeAddr	izvorpdeaddress	izvorpdeaddress	existing-unreviewed		0
srcPort	izvorportBroj	izvorportBroj	pending-language-review	source_port	0
srcPt	izvorpt	izvorpt	existing-unreviewed		0
srcptr	srcptr	srcptr	existing-unreviewed		0
ss	ss	ss	existing-unreviewed		0
ss0	ss0	ss0	existing-unreviewed		0
ss1	ss1	ss1	existing-unreviewed		0
ss2	ss2	ss2	existing-unreviewed		0
st	st	st	existing-unreviewed		0
st_info	stinfo	stinfo	existing-unreviewed		0
st_name	stNaziv	stNaziv	existing-unreviewed		0
st_other	stDrugo	stDrugo	existing-unreviewed		0
st_shndx	stshndx	stshndx	existing-unreviewed		0
st_size	stVeličina	stVeličina	existing-unreviewed		0
st_value	stVrijednost	stVrijednost	existing-unreviewed		0
stack	stack	stack	pending-language-review	stack	0
stackBytes	stackBajtova	stackBajtova	existing-unreviewed		0
stackPtr	stackpointer	stackpointer	existing-unreviewed		0
stack_addr	stackaddress	stackaddress	existing-unreviewed		0
stackbottom	stackbottom	stackbottom	existing-unreviewed		0
stacktop	stacktop	stacktop	existing-unreviewed		0
start	start	start	existing-unreviewed		0
startOffset	startoffset	startoffset	existing-unreviewed		0
start_cylinder	startcylinder	startcylinder	existing-unreviewed		0
start_head	starthead	starthead	existing-unreviewed		0
start_sector	startsector	startsector	existing-unreviewed		0
startingBit	startingbit	startingbit	existing-unreviewed		0
stat	stat	stat	existing-unreviewed		0
statAddr	stataddress	stataddress	existing-unreviewed		0
status	status	status	existing-unreviewed		0
statusAddr	statusaddress	statusaddress	existing-unreviewed		0
stderrFD	stderrfd	stderrfd	existing-unreviewed		0
stdinBuffer	stdinbuffer	stdinbuffer	existing-unreviewed		0
stdinFD	stdinfd	stdinfd	existing-unreviewed		0
stdinGetBlocking	stdingetblocking	stdingetblocking	existing-unreviewed		0
stdinRead	stdinČitaj	stdinČitaj	existing-unreviewed		0
stdinWrite	stdinPiši	stdinPiši	existing-unreviewed		0
stdoutFD	stdoutfd	stdoutfd	existing-unreviewed		0
stoppedThread	zaustavljenothread	zaustavljenothread	existing-unreviewed		0
str	str	str	existing-unreviewed		0
stringAddress	nIZaddress	nIZaddress	existing-unreviewed		0
stringHeader	nIZheader	nIZheader	existing-unreviewed		0
strtab	strtab	strtab	existing-unreviewed		0
subclass_id	subclassid	subclassid	existing-unreviewed		0
subnetMask	subnetMaska	subnetMaska	existing-unreviewed		0
swapUint16	swapunsignedinteger16	swapunsignedinteger16	existing-unreviewed		0
switchForced	switchforced	switchforced	existing-unreviewed		0
sysAccess	sysaccess	sysaccess	existing-unreviewed		0
sysBrk	sysbrk	sysbrk	existing-unreviewed		0
sysCall	syscall	syscall	existing-unreviewed		0
sysChdir	syschdir	syschdir	existing-unreviewed		0
sysClose	sysZatvori	sysZatvori	existing-unreviewed		0
sysDup	sysdup	sysdup	existing-unreviewed		0
sysDup2	sysdup2	sysdup2	existing-unreviewed		0
sysExecve	sysexecve	sysexecve	existing-unreviewed		0
sysExit	sysIzlaz	sysIzlaz	existing-unreviewed		0
sysFcntl	sysfcntl	sysfcntl	existing-unreviewed		0
sysFork	sysfork	sysfork	existing-unreviewed		0
sysFstat	sysfstat	sysfstat	existing-unreviewed		0
sysFsync	sysfsync	sysfsync	existing-unreviewed		0
sysGetcwd	sysgetcwd	sysgetcwd	existing-unreviewed		0
sysLseek	syslseek	syslseek	existing-unreviewed		0
sysOpen	sysOtvori	sysOtvori	existing-unreviewed		0
sysRead	sysČitaj	sysČitaj	existing-unreviewed		0
sysSocketCall	syssocketcall	syssocketcall	existing-unreviewed		0
sysStat	sysstat	sysstat	existing-unreviewed		0
sysUname	sysuname	sysuname	existing-unreviewed		0
sysWaitpid	syswaitpid	syswaitpid	existing-unreviewed		0
sysWrite	sysPiši	sysPiši	existing-unreviewed		0
syscallError	syscallGreška	syscallGreška	existing-unreviewed		0
syscallID	syscallid	syscallid	existing-unreviewed		0
systemcall	sistemcall	sistemcall	existing-unreviewed		0
table	table	table	existing-unreviewed		0
tableSize	tableVeličina	tableVeličina	existing-unreviewed		0
tail	tail	tail	existing-unreviewed		0
task	task	task	existing-unreviewed		0
taskA	taska	taska	existing-unreviewed		0
taskB	taskb	taskb	existing-unreviewed		0
taskC	taskc	taskc	existing-unreviewed		0
taskD	taskd	taskd	existing-unreviewed		0
taskD0	taskd0	taskd0	existing-unreviewed		0
taskD1	taskd1	taskd1	existing-unreviewed		0
taskManager	taskmanager	taskmanager	existing-unreviewed		0
tasks	zadaci	zadaci	existing-unreviewed		0
temp	temporary	temporary	existing-unreviewed		0
terminated	terminated	terminated	existing-unreviewed		0
text	tekst	tekst	existing-unreviewed		0
textPtr	tekstpointer	tekstpointer	existing-unreviewed		0
text_len	tekstlen	tekstlen	existing-unreviewed		0
text_mode_check_fb_move	tekstRežimcheckfbPremjesti	tekstRežimcheckfbPremjesti	existing-unreviewed		0
text_mode_disable_cursor	tekstRežimdisablecursor	tekstRežimdisablecursor	existing-unreviewed		0
text_mode_enable_cursor	tekstRežimenablecursor	tekstRežimenablecursor	existing-unreviewed		0
text_mode_error_writer	tekstRežimGreškawriter	tekstRežimGreškawriter	existing-unreviewed		0
text_mode_flush_screen	tekstRežimflushEkran	tekstRežimflushEkran	existing-unreviewed		0
text_mode_init	tekstRežiminit	tekstRežiminit	existing-unreviewed		0
text_mode_print	tekstRežimŠtampaj	tekstRežimŠtampaj	existing-unreviewed		0
text_mode_print_bytes	tekstRežimŠtampajBajtova	tekstRežimŠtampajBajtova	existing-unreviewed		0
text_mode_print_char	tekstRežimŠtampajchar	tekstRežimŠtampajchar	existing-unreviewed		0
text_mode_print_char_col	tekstRežimŠtampajcharcol	tekstRežimŠtampajcharcol	existing-unreviewed		0
text_mode_print_col	tekstRežimŠtampajcol	tekstRežimŠtampajcol	existing-unreviewed		0
text_mode_print_error	tekstRežimŠtampajGreška	tekstRežimŠtampajGreška	existing-unreviewed		0
text_mode_print_error_bytes	tekstRežimŠtampajGreškaBajtova	tekstRežimŠtampajGreškaBajtova	existing-unreviewed		0
text_mode_print_errorln	tekstRežimŠtampajerrorln	tekstRežimŠtampajerrorln	existing-unreviewed		0
text_mode_print_hex	tekstRežimŠtampajhex	tekstRežimŠtampajhex	existing-unreviewed		0
text_mode_print_hex16	tekstRežimŠtampajhex16	tekstRežimŠtampajhex16	existing-unreviewed		0
text_mode_print_hex32	tekstRežimŠtampajhex32	tekstRežimŠtampajhex32	existing-unreviewed		0
text_mode_print_hex64	tekstRežimŠtampajhex64	tekstRežimŠtampajhex64	existing-unreviewed		0
text_mode_print_hex_char	tekstRežimŠtampajhexchar	tekstRežimŠtampajhexchar	existing-unreviewed		0
text_mode_println	tekstRežimprintln	tekstRežimprintln	existing-unreviewed		0
text_mode_println_col	tekstRežimprintlncol	tekstRežimprintlncol	existing-unreviewed		0
text_mode_update_cursor	tekstRežimAžurirajcursor	tekstRežimAžurirajcursor	existing-unreviewed		0
text_mode_writer	tekstRežimwriter	tekstRežimwriter	existing-unreviewed		0
thr2	thr2	thr2	existing-unreviewed		0
thr3	thr3	thr3	existing-unreviewed		0
thr4	thr4	thr4	existing-unreviewed		0
thread	thread	thread	existing-unreviewed		0
threadExitLoop	threadIzlazloop	threadIzlazloop	existing-unreviewed		0
threadHelper	threadhelper	threadhelper	existing-unreviewed		0
threadPtr	threadpointer	threadpointer	existing-unreviewed		0
tickCount	tickcount	tickcount	existing-unreviewed		0
timeDelta	vrijemedelta	vrijemedelta	existing-unreviewed		0
timeToLive	vrijemetolive	vrijemetolive	existing-unreviewed		0
timer	timer	timer	existing-unreviewed		0
tls	tls	tls	existing-unreviewed		0
tmp	tmp	tmp	existing-unreviewed		0
tmpPtr	tmppointer	tmppointer	existing-unreviewed		0
tos	tos	tos	existing-unreviewed		0
totalLength	ukupnolength	ukupnolength	existing-unreviewed		0
totalSectorCount	ukupnosectorcount	ukupnosectorcount	existing-unreviewed		0
totalSectors	ukupnosectors	ukupnosectors	existing-unreviewed		0
trap	trap	trap	existing-unreviewed		0
tss	tss	tss	existing-unreviewed		0
tssIndex	tssIndeks	tssIndeks	existing-unreviewed		0
udp	udp	udp	existing-unreviewed		0
udpHandler	udphandler	udphandler	existing-unreviewed		0
udpHeaderSize	udpheaderVeličina	udpheaderVeličina	existing-unreviewed		0
udpProvider	udpprovider	udpprovider	existing-unreviewed		0
udp콘솔	udpconsole	udpconsole	existing-unreviewed		0
unused	unused	unused	existing-unreviewed		0
used	korišteno	korišteno	existing-unreviewed		0
usedBlocks	korištenoblok	korištenoblok	existing-unreviewed		0
user1addr	korisnik1address	korisnik1address	existing-unreviewed		0
user1data	korisnik1data	korisnik1data	existing-unreviewed		0
user1entry	korisnik1unos	korisnik1unos	existing-unreviewed		0
user1file	korisnik1Datoteka	korisnik1Datoteka	existing-unreviewed		0
user2addr	korisnik2address	korisnik2address	existing-unreviewed		0
user2data	korisnik2data	korisnik2data	existing-unreviewed		0
user2entry	korisnik2unos	korisnik2unos	existing-unreviewed		0
user2file	korisnik2Datoteka	korisnik2Datoteka	existing-unreviewed		0
user3addr	korisnik3address	korisnik3address	existing-unreviewed		0
user3data	korisnik3data	korisnik3data	existing-unreviewed		0
user3entry	korisnik3unos	korisnik3unos	existing-unreviewed		0
user3file	korisnik3Datoteka	korisnik3Datoteka	existing-unreviewed		0
userHeapBase	korisnikheapbase	korisnikheapbase	existing-unreviewed		0
userHeapLimit	korisnikheaplimit	korisnikheaplimit	existing-unreviewed		0
user_esp	korisnikesp	korisnikesp	existing-unreviewed		0
userhandler	userhandler	userhandler	existing-unreviewed		0
userproc_entry	userprocunos	userprocunos	existing-unreviewed		0
util	util	util	existing-unreviewed		0
util콘솔	utilconsole	utilconsole	existing-unreviewed		0
v	v	v	existing-unreviewed		0
vAddr	vaddress	vaddress	existing-unreviewed		0
value	vrijednost	vrijednost	existing-unreviewed		0
values	values	values	existing-unreviewed		0
version	verzija	verzija	existing-unreviewed		0
vga	vga	vga	existing-unreviewed		0
virtlen	virtlen	virtlen	existing-unreviewed		0
virtmem	virtuelnoMemorija	virtuelnoMemorija	existing-unreviewed		0
virtualAddr	virtuelnoaddress	virtuelnoaddress	existing-unreviewed		0
volumeId	volumeid	volumeid	existing-unreviewed		0
volumeLabel	volumeetiketa	volumeetiketa	existing-unreviewed		0
w	w	w	existing-unreviewed		0
wDate	wdatum	wdatum	existing-unreviewed		0
wTime	wVrijeme	wVrijeme	existing-unreviewed		0
waitPS2InputEmpty	sačekajps2Ulazempty	sačekajps2Ulazempty	existing-unreviewed		0
waitPS2OutputFull	sačekajps2IzlazPotpuno	sačekajps2IzlazPotpuno	existing-unreviewed		0
wdata	wdata	wdata	existing-unreviewed		0
whence	whence	whence	existing-unreviewed		0
widget	widget	widget	existing-unreviewed		0
width	širina	širina	existing-unreviewed		0
writePS2Command	pišips2Naredba	pišips2Naredba	existing-unreviewed		0
writePS2Data	pišips2data	pišips2data	existing-unreviewed		0
write_count	pišicount	pišicount	existing-unreviewed		0
x	x	x	existing-unreviewed		0
xPageDir	xStranicaDirektorij	xStranicaDirektorij	existing-unreviewed		0
xPos	xpoložaj	xpoložaj	existing-unreviewed		0
y	y	y	existing-unreviewed		0
yPageDir	yStranicaDirektorij	yStranicaDirektorij	existing-unreviewed		0
yPos	ypoložaj	ypoložaj	existing-unreviewed		0
값	vrijednost_2	vrijednost_2	existing-unreviewed		0
공용서술자테이블	shareddescriptortable	shareddescriptortable	existing-unreviewed		0
기준	base_2	base_2	existing-unreviewed		0
기준_낮은	baselow_2	baselow_2	existing-unreviewed		0
기준_높은	basehigh_2	basehigh_2	existing-unreviewed		0
기준_매우높은	baseveryhigh	baseveryhigh	existing-unreviewed		0
기준주소	baseaddress	baseaddress	existing-unreviewed		0
넷카드콘솔	mrežaKartaškeconsole	mrežaKartaškeconsole	existing-unreviewed		0
단말기	terminal	terminal	existing-unreviewed		0
마우스콘솔	mišconsole	mišconsole	existing-unreviewed		0
매개값	argumentVrijednost	argumentVrijednost	existing-unreviewed		0
멈추기	halt	halt	existing-unreviewed		0
목적	odredište_3	odredište_3	existing-unreviewed		0
유형	tip	tip	existing-unreviewed		0
이더넷콘솔	ethernetconsole	ethernetconsole	existing-unreviewed		0
인터럽트무시하기	interruptignore	interruptignore	existing-unreviewed		0
인터럽트예외처리기	interruptexceptionhandler	interruptexceptionhandler	existing-unreviewed		0
인터럽트예외처리기0x00	interruptexceptionhandler0x00	interruptexceptionhandler0x00	existing-unreviewed		0
인터럽트예외처리기0x01	interruptexceptionhandler0x01	interruptexceptionhandler0x01	existing-unreviewed		0
인터럽트예외처리기0x02	interruptexceptionhandler0x02	interruptexceptionhandler0x02	existing-unreviewed		0
인터럽트예외처리기0x03	interruptexceptionhandler0x03	interruptexceptionhandler0x03	existing-unreviewed		0
인터럽트예외처리기0x04	interruptexceptionhandler0x04	interruptexceptionhandler0x04	existing-unreviewed		0
인터럽트예외처리기0x05	interruptexceptionhandler0x05	interruptexceptionhandler0x05	existing-unreviewed		0
인터럽트예외처리기0x06	interruptexceptionhandler0x06	interruptexceptionhandler0x06	existing-unreviewed		0
인터럽트예외처리기0x07	interruptexceptionhandler0x07	interruptexceptionhandler0x07	existing-unreviewed		0
인터럽트예외처리기0x08	interruptexceptionhandler0x08	interruptexceptionhandler0x08	existing-unreviewed		0
인터럽트예외처리기0x09	interruptexceptionhandler0x09	interruptexceptionhandler0x09	existing-unreviewed		0
인터럽트예외처리기0x0A	interruptexceptionhandler0x0a	interruptexceptionhandler0x0a	existing-unreviewed		0
인터럽트예외처리기0x0B	interruptexceptionhandler0x0b	interruptexceptionhandler0x0b	existing-unreviewed		0
인터럽트예외처리기0x0C	interruptexceptionhandler0x0c	interruptexceptionhandler0x0c	existing-unreviewed		0
인터럽트예외처리기0x0D	interruptexceptionhandler0x0d	interruptexceptionhandler0x0d	existing-unreviewed		0
인터럽트예외처리기0x0E	interruptexceptionhandler0x0e	interruptexceptionhandler0x0e	existing-unreviewed		0
인터럽트예외처리기0x0F	interruptexceptionhandler0x0f	interruptexceptionhandler0x0f	existing-unreviewed		0
인터럽트예외처리기0x10	interruptexceptionhandler0x10	interruptexceptionhandler0x10	existing-unreviewed		0
인터럽트예외처리기0x11	interruptexceptionhandler0x11	interruptexceptionhandler0x11	existing-unreviewed		0
인터럽트예외처리기0x12	interruptexceptionhandler0x12	interruptexceptionhandler0x12	existing-unreviewed		0
인터럽트예외처리기0x13	interruptexceptionhandler0x13	interruptexceptionhandler0x13	existing-unreviewed		0
인터럽트요청처리0x00	interruptrequesthandler0x00	interruptrequesthandler0x00	existing-unreviewed		0
인터럽트요청처리0x01	interruptrequesthandler0x01	interruptrequesthandler0x01	existing-unreviewed		0
인터럽트요청처리0x02	interruptrequesthandler0x02	interruptrequesthandler0x02	existing-unreviewed		0
인터럽트요청처리0x03	interruptrequesthandler0x03	interruptrequesthandler0x03	existing-unreviewed		0
인터럽트요청처리0x04	interruptrequesthandler0x04	interruptrequesthandler0x04	existing-unreviewed		0
인터럽트요청처리0x05	interruptrequesthandler0x05	interruptrequesthandler0x05	existing-unreviewed		0
인터럽트요청처리0x06	interruptrequesthandler0x06	interruptrequesthandler0x06	existing-unreviewed		0
인터럽트요청처리0x07	interruptrequesthandler0x07	interruptrequesthandler0x07	existing-unreviewed		0
인터럽트요청처리0x08	interruptrequesthandler0x08	interruptrequesthandler0x08	existing-unreviewed		0
인터럽트요청처리0x09	interruptrequesthandler0x09	interruptrequesthandler0x09	existing-unreviewed		0
인터럽트요청처리0x0A	interruptrequesthandler0x0a	interruptrequesthandler0x0a	existing-unreviewed		0
인터럽트요청처리0x0B	interruptrequesthandler0x0b	interruptrequesthandler0x0b	existing-unreviewed		0
인터럽트요청처리0x0C	interruptrequesthandler0x0c	interruptrequesthandler0x0c	existing-unreviewed		0
인터럽트요청처리0x0D	interruptrequesthandler0x0d	interruptrequesthandler0x0d	existing-unreviewed		0
인터럽트요청처리0x0E	interruptrequesthandler0x0e	interruptrequesthandler0x0e	existing-unreviewed		0
인터럽트요청처리0x0F	interruptrequesthandler0x0f	interruptrequesthandler0x0f	existing-unreviewed		0
인터럽트요청처리0x80	interruptrequesthandler0x80	interruptrequesthandler0x80	existing-unreviewed		0
인터럽트요청처리0x81	interruptrequesthandler0x81	interruptrequesthandler0x81	existing-unreviewed		0
인터럽트요청처리0x82	interruptrequesthandler0x82	interruptrequesthandler0x82	existing-unreviewed		0
인터럽트처리기	interrupthandler_2	interrupthandler_2	existing-unreviewed		0
임시	temporary_2	temporary_2	existing-unreviewed		0
자료	data_2	data_2	existing-unreviewed		0
자신	self_2	self_2	existing-unreviewed		0
작업관리자	taskmanager_2	taskmanager_2	existing-unreviewed		0
작업콘솔	taskconsole	taskconsole	existing-unreviewed		0
조각설명자	segmentdescriptor	segmentdescriptor	existing-unreviewed		0
콘솔	console_2	console_2	existing-unreviewed		0
크기	veličina_2	veličina_2	existing-unreviewed		0
키보드콘솔	tastaturaconsole	tastaturaconsole	existing-unreviewed		0
표시들	zastave_2	zastave_2	existing-unreviewed		0
표시들_한도_높은	zastavelimithigh	zastavelimithigh	existing-unreviewed		0
한도	limit_2	limit_2	existing-unreviewed		0
한도_낮은	limitlow_2	limitlow_2	existing-unreviewed		0
