original	before	after	review_status	concept	changed_tokens
Activate	Включить	Включить	existing-unreviewed		0
ActivateAll	ВключитьВсе	ВключитьВсе	existing-unreviewed		0
Active	Активно	Активно	existing-unreviewed		0
ActiveInterruptManager	Активнопрерываниедиспетчер	Активнопрерываниедиспетчер	existing-unreviewed		0
ActiveMemoryManager	Активнопамятьдиспетчер	Активнопамятьдиспетчер	existing-unreviewed		0
Add	Добавить	Добавить	existing-unreviewed		0
AddDriver	Добавитьдрайвер	Добавитьдрайвер	existing-unreviewed		0
AddRunnableThread	Добавитьrunnableпоток	Добавитьrunnableпоток	existing-unreviewed		0
AddTask	Добавитьзадача	Добавитьзадача	existing-unreviewed		0
AddThread	Добавитьпоток	Добавитьпоток	existing-unreviewed		0
Address	Address	Address	existing-unreviewed		0
AlignedMalloc	Alignedmalloc	Alignedmalloc	existing-unreviewed		0
AlignmentCheck	Alignmentcheck	Alignmentcheck	existing-unreviewed		0
AllocateBlock	AllocateБлок	AllocateБлок	existing-unreviewed		0
AllocatePID	Allocatepid	Allocatepid	existing-unreviewed		0
AmountOfMemory	Количествоизпамять	Количествоизпамять	existing-unreviewed		0
ArrayToUint16	Массивкunsignedinteger16	Массивкunsignedinteger16	existing-unreviewed		0
ArrayToUint32	Массивкunsignedinteger32	Массивкunsignedinteger32	existing-unreviewed		0
ArrayToUint48	Массивкunsignedinteger48	Массивкunsignedinteger48	existing-unreviewed		0
ArrayToUint48_BE	Массивкunsignedinteger48be	Массивкunsignedinteger48be	existing-unreviewed		0
ArrayToUint64	Массивкunsignedinteger64	Массивкunsignedinteger64	existing-unreviewed		0
Atime	Atime	Atime	existing-unreviewed		0
AtimeNsec	Atimensec	Atimensec	existing-unreviewed		0
BLOCKS_PER_BYTE	Блокperбайт	Блокperбайт	existing-unreviewed		0
BLOCK_SIZE	БлокРазмер	БлокРазмер	existing-unreviewed		0
Backend	Backend	Backend	existing-unreviewed		0
BaseAddr	Baseaddress	Baseaddress	existing-unreviewed		0
Bind	Прослушивать	Прослушивать	existing-unreviewed		0
Blksize	Blksize	Blksize	existing-unreviewed		0
Blocked	Blocked	Blocked	existing-unreviewed		0
BlockedState	BlockedСостояние	BlockedСостояние	existing-unreviewed		0
Blocks	Блок	Блок	existing-unreviewed		0
BoundRangeExceeded	BoundДиапазонexceeded	BoundДиапазонexceeded	existing-unreviewed		0
BroadcastMacAddress	Broadcastmacaddress	Broadcastmacaddress	existing-unreviewed		0
BytesPerSector	Байтpersector	Байтpersector	existing-unreviewed		0
BytesToString	БайткСтрока	БайткСтрока	existing-unreviewed		0
Checksum	Checksum	Checksum	existing-unreviewed		0
Clear	Очистить	Очистить	existing-unreviewed		0
Clone	Clone	Clone	existing-unreviewed		0
CloneAddressSpaceCOW	CloneaddressПробелcow	CloneaddressПробелcow	existing-unreviewed		0
Connect	Подключить	Подключить	existing-unreviewed		0
ContainsCoordinate	Containscoordinate	Containscoordinate	existing-unreviewed		0
CopyPageFrameBlock	КопироватьстраницакадрБлок	КопироватьстраницакадрБлок	existing-unreviewed		0
CpuState	ЦПСостояние	ЦПСостояние	existing-unreviewed		0
Create	Создать	Создать	existing-unreviewed		0
CreateFromData	Создатьfromданные	Создатьfromданные	existing-unreviewed		0
CreateFromFunction	СоздатьfromФункция	СоздатьfromФункция	existing-unreviewed		0
CreatePtrFromFunction	СоздатьУказателиfromФункция	СоздатьУказателиfromФункция	existing-unreviewed		0
Cs	Cs	Cs	existing-unreviewed		0
Ctime	Ctime	Ctime	existing-unreviewed		0
CtimeNsec	Ctimensec	Ctimensec	existing-unreviewed		0
CurrentPID	Текущаядатаpid	Текущаядатаpid	existing-unreviewed		0
CurrentParentPID	Текущаядатародительpid	Текущаядатародительpid	existing-unreviewed		0
Data	Data	Data	compatibility		0
Deactivate	Выключить	Выключить	existing-unreviewed		0
Deactive	Deactive	Deactive	existing-unreviewed		0
Decrement	Decrement	Decrement	existing-unreviewed		0
Delete	Удалить	Удалить	existing-unreviewed		0
DescriptorPrivilegeLevel	Descriptorprivilegelevel	Descriptorprivilegelevel	existing-unreviewed		0
DescriptorType	Descriptorтип	Descriptorтип	existing-unreviewed		0
Destroy	Уничтожить	Уничтожить	existing-unreviewed		0
Dev	Устройство	Устройство	existing-unreviewed		0
DeviceHasFunctions	УстройствоhasФункции	УстройствоhasФункции	existing-unreviewed		0
DeviceNotAvailable	УстройствоnotДоступно	УстройствоnotДоступно	existing-unreviewed		0
Device_id	УстройствоИДЕНТИФИКАТОР	УстройствоИДЕНТИФИКАТОР	existing-unreviewed		0
DisableInt	ОтключитьЦелое	ОтключитьЦелое	existing-unreviewed		0
Disconnect	Отключиться	Отключиться	existing-unreviewed		0
DivideByZero	ДелениеbyНоль	ДелениеbyНоль	existing-unreviewed		0
DoHandleInterrupt	DoРучкапрерывание	DoРучкапрерывание	existing-unreviewed		0
DoubleFault	Двойнойточностиошибка	Двойнойточностиошибка	existing-unreviewed		0
Draw	Draw	Draw	existing-unreviewed		0
DriverManager	Драйвердиспетчер	Драйвердиспетчер	existing-unreviewed		0
Ds	Ds	Ds	existing-unreviewed		0
Dynamic	Динамически	Динамически	existing-unreviewed		0
E2BIG	E2big	E2big	existing-unreviewed		0
EACCES	Eacces	Eacces	existing-unreviewed		0
EADDRINUSE	Eaddrinuse	Eaddrinuse	existing-unreviewed		0
EAFNOSUPPORT	Eafnosupport	Eafnosupport	existing-unreviewed		0
EAGAIN	Eagain	Eagain	existing-unreviewed		0
EBADF	Ebadf	Ebadf	existing-unreviewed		0
EBUSY	Ebusy	Ebusy	existing-unreviewed		0
ECHILD	Echild	Echild	existing-unreviewed		0
EEXIST	Eexist	Eexist	existing-unreviewed		0
EFAULT	Efault	Efault	existing-unreviewed		0
EFBIG	Efbig	Efbig	existing-unreviewed		0
EINTR	Eintr	Eintr	existing-unreviewed		0
EINVAL	Einval	Einval	existing-unreviewed		0
EIO	Eio	Eio	existing-unreviewed		0
EISDIR	Eisdir	Eisdir	existing-unreviewed		0
EMFILE	Emfile	Emfile	existing-unreviewed		0
EMSGSIZE	Emsgsize	Emsgsize	existing-unreviewed		0
ENETUNREACH	Enetunreach	Enetunreach	existing-unreviewed		0
ENFILE	Enfile	Enfile	existing-unreviewed		0
ENODEV	Enodev	Enodev	existing-unreviewed		0
ENOENT	Enoent	Enoent	existing-unreviewed		0
ENOEXEC	Enoexec	Enoexec	existing-unreviewed		0
ENOMEM	Enomem	Enomem	existing-unreviewed		0
ENOSPC	Enospc	Enospc	existing-unreviewed		0
ENOSYS	Enosys	Enosys	existing-unreviewed		0
ENOTCONN	Enotconn	Enotconn	existing-unreviewed		0
ENOTDIR	Enotdir	Enotdir	existing-unreviewed		0
ENOTTY	Enotty	Enotty	existing-unreviewed		0
EOPNOTSUPP	Eopnotsupp	Eopnotsupp	existing-unreviewed		0
EPERM	Eperm	Eperm	existing-unreviewed		0
EPROTONOSUPPORT	Eprotonosupport	Eprotonosupport	existing-unreviewed		0
ERANGE	Erange	Erange	existing-unreviewed		0
EROFS	Erofs	Erofs	existing-unreviewed		0
ESPIPE	Espipe	Espipe	existing-unreviewed		0
ESRCH	Esrch	Esrch	existing-unreviewed		0
Eax	Eax	Eax	existing-unreviewed		0
Ebp	Ebp	Ebp	existing-unreviewed		0
Ebx	Ebx	Ebx	existing-unreviewed		0
Ecx	Ecx	Ecx	existing-unreviewed		0
Edi	Edi	Edi	existing-unreviewed		0
Edx	Edx	Edx	existing-unreviewed		0
Eflags	Eflags	Eflags	existing-unreviewed		0
Eip	Eip	Eip	existing-unreviewed		0
Elf	Elf	Elf	existing-unreviewed		0
Elf32Dyn	Elf32dyn	Elf32dyn	existing-unreviewed		0
Elf32Note	Elf32Заметка	Elf32Заметка	existing-unreviewed		0
Elf32Rel	Elf32rel	Elf32rel	existing-unreviewed		0
Elf32Rela	Elf32rela	Elf32rela	existing-unreviewed		0
Elf32Sym	Elf32sym	Elf32sym	existing-unreviewed		0
ElfHeader	Elfзаголовок	Elfзаголовок	existing-unreviewed		0
ElfProgramHeader	Elfпрограммазаголовок	Elfпрограммазаголовок	existing-unreviewed		0
ElfSectionHeader	Elfразделзаголовок	Elfразделзаголовок	existing-unreviewed		0
EnablePaging	ВключитьуправлениеСтраницами	ВключитьуправлениеСтраницами	existing-unreviewed		0
Enabled	Включено	Включено	existing-unreviewed		0
EntryNumber	ЗаписьЧисло	ЗаписьЧисло	existing-unreviewed		0
EqualBytes	РавныйБайт	РавныйБайт	existing-unreviewed		0
Es	Es	Es	existing-unreviewed		0
Esi	Esi	Esi	existing-unreviewed		0
Esp	Esp	Esp	existing-unreviewed		0
FPUBuffer	Fpubuffer	Fpubuffer	existing-unreviewed		0
FPUOffset	Fpuoffset	Fpuoffset	existing-unreviewed		0
Family	Family	Family	existing-unreviewed		0
FileName	ФайлИмя	ФайлИмя	existing-unreviewed		0
Fill	Fill	Fill	existing-unreviewed		0
FillRectangle	FillПрямоугольник	FillПрямоугольник	existing-unreviewed		0
First	First	First	existing-unreviewed		0
FirstFree	FirstСвободно	FirstСвободно	existing-unreviewed		0
FirstFreeSize	FirstСвободноРазмер	FirstСвободноРазмер	existing-unreviewed		0
Flags	Флаги	Флаги	existing-unreviewed		0
FloatingPointException	Раздельноpointexception	Раздельноpointexception	existing-unreviewed		0
Flush	Flush	Flush	existing-unreviewed		0
FlushTlsTable	FlushtlsТаблица	FlushtlsТаблица	existing-unreviewed		0
Focussable	Focussable	Focussable	existing-unreviewed		0
Free	Свободно	Свободно	existing-unreviewed		0
Fs	Fs	Fs	existing-unreviewed		0
GB	ГБ	ГБ	existing-unreviewed		0
GDT_ENTRIES	Gdtзапись	Gdtзапись	existing-unreviewed		0
GOT	Got	Got	existing-unreviewed		0
GPFException	Gpfexception	Gpfexception	existing-unreviewed		0
GatewayIP	Gatewayip	Gatewayip	existing-unreviewed		0
GdtAddressHigh	GdtaddressВысокий	GdtaddressВысокий	existing-unreviewed		0
GdtAddressLow	GdtaddressНизкий	GdtaddressНизкий	existing-unreviewed		0
GdtDescriptor	Gdtdescriptor	Gdtdescriptor	existing-unreviewed		0
GdtEntry	Gdtзапись_2	Gdtзапись_2	existing-unreviewed		0
GdtSize	GdtРазмер	GdtРазмер	existing-unreviewed		0
GetAt	Getat	Getat	existing-unreviewed		0
GetBackend	Getbackend	Getbackend	existing-unreviewed		0
GetBaseAddressRegister	Getbaseaddressрегистр	Getbaseaddressрегистр	existing-unreviewed		0
GetBitmaspSize	GetbitmaspРазмер	GetbitmaspРазмер	existing-unreviewed		0
GetBytesFromPtr	GetБайтfromУказатели	GetБайтfromУказатели	existing-unreviewed		0
GetCR0	Getcr0	Getcr0	existing-unreviewed		0
GetCR2	Getcr2	Getcr2	existing-unreviewed		0
GetCR3	Getcr3	Getcr3	existing-unreviewed		0
GetCR4	Getcr4	Getcr4	existing-unreviewed		0
GetColorIndex	GetЦветСодержание	GetЦветСодержание	existing-unreviewed		0
GetDeviceDescriptor	GetУстройствоdescriptor	GetУстройствоdescriptor	existing-unreviewed		0
GetDriver	Getдрайвер	Getдрайвер	existing-unreviewed		0
GetESP0	Getesp0	Getesp0	existing-unreviewed		0
GetEntry	Getзапись	Getзапись	existing-unreviewed		0
GetFileSize	GetфайлРазмер	GetфайлРазмер	existing-unreviewed		0
GetFocus	GetФокус	GetФокус	existing-unreviewed		0
GetFrameBufferSegment	Getкадрbuffersegment	Getкадрbuffersegment	existing-unreviewed		0
GetFuncPtrFromPtr	GetfuncУказателиfromУказатели	GetfuncУказателиfromУказатели	existing-unreviewed		0
GetFunctionName	GetФункцияИмя	GetФункцияИмя	existing-unreviewed		0
GetHandler	Gethandler	Gethandler	existing-unreviewed		0
GetIPAddress	Getipaddress	Getipaddress	existing-unreviewed		0
GetMACAddress	Getmacaddress	Getmacaddress	existing-unreviewed		0
GetMACFromCache	Getmacfromcache	Getmacfromcache	existing-unreviewed		0
GetNextReadyThread	GetДалееГотовопоток	GetДалееГотовопоток	existing-unreviewed		0
GetNodeAt	GetУзелat	GetУзелat	existing-unreviewed		0
GetProvider	Providerget	Providerget	existing-unreviewed		0
GetSS0	Getss0	Getss0	existing-unreviewed		0
GetStr	Getstr	Getstr	existing-unreviewed		0
GetUint32ArrayFromPtr	Getunsignedinteger32массивfromУказатели	Getunsignedinteger32массивfromУказатели	existing-unreviewed		0
GetUintptrArrayFromPtr	GetunsignedintegerУказателимассивfromУказатели	GetunsignedintegerУказателимассивfromУказатели	existing-unreviewed		0
GetValue	GetЗначение	GetЗначение	existing-unreviewed		0
GetValueInPageDir	GetЗначениеИсходящийстраницакаталог	GetЗначениеИсходящийстраницакаталог	existing-unreviewed		0
Gid	Gid	Gid	existing-unreviewed		0
Gs	Gs	Gs	existing-unreviewed		0
HandleException	Ручкаexception	Ручкаexception	existing-unreviewed		0
HandleFatalInterruptFrame	Ручкаfatalпрерываниекадр	Ручкаfatalпрерываниекадр	existing-unreviewed		0
HandleInterrupt	Ручкапрерывание	Ручкапрерывание	existing-unreviewed		0
HandleInterrupt1	Ручкапрерывание1	Ручкапрерывание1	existing-unreviewed		0
HandleUserDatagramProtocolMessage	РучкапользовательdatagramprotocolСообщение	РучкапользовательdatagramprotocolСообщение	existing-unreviewed		0
IDT_DESC_PRESENT	IdtdescriptorПрисутствует	IdtdescriptorПрисутствует	existing-unreviewed		0
IDT_INTERRUPT_GATE	Idtпрерываниешлюз	Idtпрерываниешлюз	existing-unreviewed		0
IDriver	IДрайвер	IДрайвер	existing-unreviewed		0
IEtherFrameHandler	IЭфирнаяСетькадрhandler	IЭфирнаяСетькадрhandler	existing-unreviewed		0
IInternetProtocolHandler	IИнтернетprotocolhandler	IИнтернетprotocolhandler	existing-unreviewed		0
IInterruptHandler	IПрерываниеhandler	IПрерываниеhandler	existing-unreviewed		0
IKeyboardEventHandler	IКлавиатурасобытиеhandler	IКлавиатурасобытиеhandler	existing-unreviewed		0
IMouseEventHandler	IМышьсобытиеhandler	IМышьсобытиеhandler	existing-unreviewed		0
IPCIControllerHandler	Ipciконтроллерhandler	Ipciконтроллерhandler	existing-unreviewed		0
IPCache	Ipcache	Ipcache	existing-unreviewed		0
IP_BE	Ipсетьбайтorder	Ipсетьбайтorder	existing-unreviewed		0
IRawDataHandler	IRawданныеhandler	IRawданныеhandler	existing-unreviewed		0
ITimerEventHandler	IТаймерсобытиеhandler	IТаймерсобытиеhandler	existing-unreviewed		0
IUserDatagramProtocolHandler	IПользовательdatagramprotocolhandler	IПользовательdatagramprotocolhandler	existing-unreviewed		0
IUserDatagramProtocolSocket	IПользовательdatagramprotocolсокет	IПользовательdatagramprotocolсокет	existing-unreviewed		0
IWidget	IЭлемент	IЭлемент_экрана	project-proposal	widget	6
Identify	Identify	Identify	existing-unreviewed		0
Increment	Increment	Increment	existing-unreviewed		0
IndexOf	Содержаниеиз	Содержаниеиз	existing-unreviewed		0
Init	Init	Init	existing-unreviewed		0
InitDriver	Initдрайвер	Initдрайвер	existing-unreviewed		0
InitialThreadUserJump	Initialпотокпользовательjump	Initialпотокпользовательjump	existing-unreviewed		0
Ino	Ino	Ino	existing-unreviewed		0
Install	Установить	Установить	existing-unreviewed		0
Interrupt	Прерывание	Прерывание	existing-unreviewed		0
InterruptActive	ПрерываниеАктивно	ПрерываниеАктивно	existing-unreviewed		0
InterruptDeactive	Прерываниеdeactive	Прерываниеdeactive	existing-unreviewed		0
InterruptManager	Прерываниедиспетчер	Прерываниедиспетчер	existing-unreviewed		0
InterruptNumber	ПрерываниеЧисло	ПрерываниеЧисло	existing-unreviewed		0
InvalidOpcode	Недопустимыйopcode	Недопустимыйopcode	existing-unreviewed		0
InvalidTSS	Недопустимыйtss	Недопустимыйtss	existing-unreviewed		0
IsKernel	Isядро	Isядро	existing-unreviewed		0
IsPresent	IsПрисутствует	IsПрисутствует	existing-unreviewed		0
IsUserSpace	IsпользовательПробел	IsпользовательПробел	existing-unreviewed		0
KB	КБ	КБ	existing-unreviewed		0
KCS_INDEX	KcsСодержание	KcsСодержание	existing-unreviewed		0
KCS_SELECTOR	Kcsselector	Kcsselector	existing-unreviewed		0
KDS_INDEX	KdsСодержание	KdsСодержание	existing-unreviewed		0
KDS_SELECTOR	Kdsselector	Kdsselector	existing-unreviewed		0
KERNEL_HEAP_START	ЯдроheapПуск	ЯдроheapПуск	existing-unreviewed		0
KERNEL_VIRT_ADDR	Ядроvirtaddress	Ядроvirtaddress	existing-unreviewed		0
KGS_INDEX	KgsСодержание	KgsСодержание	existing-unreviewed		0
KGS_SELECTOR	Kgsselector	Kgsselector	existing-unreviewed		0
K핵심	KKernelEntry	KKernelEntry	compatibility		0
LIDT	Lidt	Lidt	existing-unreviewed		0
Last	Последнее	Последнее	existing-unreviewed		0
Len	Len	Len	compatibility		0
Limit	Ограничение	Ограничение	existing-unreviewed		0
Link	Ссылка	Ссылка	existing-unreviewed		0
LinkMap	Ссылкакарта	Ссылкакарта	existing-unreviewed		0
LinkedList	Linkedсписок	Linkedсписок	existing-unreviewed		0
Listen	Listen	Listen	existing-unreviewed		0
LoadElf	Загрузитьelf	Загрузитьelf	existing-unreviewed		0
MAC	Mac	Mac	existing-unreviewed		0
MAC0	Mac0	Mac0	existing-unreviewed		0
MAC1	Mac1	Mac1	existing-unreviewed		0
MAC2	Mac2	Mac2	existing-unreviewed		0
MAC3	Mac3	Mac3	existing-unreviewed		0
MAC4	Mac4	Mac4	existing-unreviewed		0
MAC5	Mac5	Mac5	existing-unreviewed		0
MACAddress0Port	Macaddress0порт	Macaddress0порт	existing-unreviewed		0
MACAddress2Port	Macaddress2порт	Macaddress2порт	existing-unreviewed		0
MACAddress4Port	Macaddress4порт	Macaddress4порт	existing-unreviewed		0
MACCache	Maccache	Maccache	existing-unreviewed		0
MAX_QUEUE_SIZE	МаксимумочередьРазмер	МаксимумочередьРазмер	existing-unreviewed		0
MB	МБ	МБ	existing-unreviewed		0
MBR	Mbr	Mbr	existing-unreviewed		0
MHex출력	MHexadecimalПечать	MHexadecimalПечать	existing-unreviewed		0
MHex출력XY	MHexadecimalПечатьxy	MHexadecimalПечатьxy	existing-unreviewed		0
MUint16출력	MUnsignedinteger16Печать	MUnsignedinteger16Печать	existing-unreviewed		0
MUint16출력XY	MUnsignedinteger16Печатьxy	MUnsignedinteger16Печатьxy	existing-unreviewed		0
MUint32출력	MUnsignedinteger32Печать	MUnsignedinteger32Печать	existing-unreviewed		0
MUint32출력XY	MUnsignedinteger32Печатьxy	MUnsignedinteger32Печатьxy	existing-unreviewed		0
MUint64출력	MUnsignedinteger64Печать	MUnsignedinteger64Печать	existing-unreviewed		0
MUint64출력XY	MUnsignedinteger64Печатьxy	MUnsignedinteger64Печатьxy	existing-unreviewed		0
Machine	Machine	Machine	existing-unreviewed		0
MachineCheck	Machinecheck	Machinecheck	existing-unreviewed		0
MakeRangePrivateWritable	MakeДиапазонЧастнаяwritable	MakeДиапазонЧастнаяwritable	existing-unreviewed		0
Malloc	Malloc	Выделить_память	project-proposal	allocate_memory	32
MemCmp	MemNOT	MemNOT	existing-unreviewed		0
MemCpy	Memкопировать	Memкопировать	existing-unreviewed		0
MemMove	MemПереместить	MemПереместить	existing-unreviewed		0
MemSet	Memуказать	Memуказать	existing-unreviewed		0
MemoryOper	Памятьoper	Памятьoper	existing-unreviewed		0
Mode	Режим	Режим	existing-unreviewed		0
ModelToScreen	МоделькЭкран	Задать_локальные_координаты	project-proposal	set_coordinates	5
Mtime	Mtime	Mtime	existing-unreviewed		0
MtimeNsec	Mtimensec	Mtimensec	existing-unreviewed		0
MyHandleInterrupt	MyРучкапрерывание	MyРучкапрерывание	existing-unreviewed		0
MyTest	MyПроверить	MyПроверить	existing-unreviewed		0
M긴급로그Hex8	MEmergencyЖурналhexadecimal8	MEmergencyЖурналhexadecimal8	existing-unreviewed		0
M긴급로그Uint32	MEmergencyЖурналunsignedinteger32	MEmergencyЖурналunsignedinteger32	existing-unreviewed		0
M긴급로그문자열	MEmergencyЖурналСтрока	MEmergencyЖурналСтрока	existing-unreviewed		0
M직렬로그초기화	MПоследовательныйЖурналinit	MПоследовательныйЖурналinit	existing-unreviewed		0
M출력	MПечать	MПечать	existing-unreviewed		0
M출력BytesXY	MПечатьБайтxy	MПечатьБайтxy	existing-unreviewed		0
M출력Hex	MПечатьhexadecimal	MПечатьhexadecimal	existing-unreviewed		0
M출력Uint16	MПечатьunsignedinteger16	MПечатьunsignedinteger16	existing-unreviewed		0
M출력Uint32	MПечатьunsignedinteger32	MПечатьunsignedinteger32	existing-unreviewed		0
M출력XY	MПечатьxy	MПечатьxy	existing-unreviewed		0
M테스트	M테스트	M테스트	existing-unreviewed		0
NMI	Морскаямиля	Морскаямиля	existing-unreviewed		0
New	Новый	Новый	existing-unreviewed		0
NewInterruptHandler	Новыйпрерываниеhandler	Новыйпрерываниеhandler	existing-unreviewed		0
Next	Далее	Далее	existing-unreviewed		0
Nlink	Nlink	Nlink	existing-unreviewed		0
Node	Узел	TУзел_списка	project-proposal	list_node	16
Nodename	Nodename	Nodename	existing-unreviewed		0
OnEtherFrameReceived	ЭфирнаяСетькадрreceivewhen	ЭфирнаяСетькадрreceivewhen	existing-unreviewed		0
OnGetDriver	Приgetдрайвер	Приgetдрайвер	existing-unreviewed		0
OnInternetProtocolReceived	Интернетprotocolreceivewhen	Интернетprotocolreceivewhen	existing-unreviewed		0
OnKeyDown	ПриКлючВниз	ПриКлючВниз	existing-unreviewed		0
OnKeyUp	ПриКлючВверх	ПриКлючВверх	existing-unreviewed		0
OnMouseDown	ПримышьВниз	ПримышьВниз	existing-unreviewed		0
OnMouseMove	ПримышьПереместить	ПримышьПереместить	existing-unreviewed		0
OnMouseUp	ПримышьВверх	ПримышьВверх	existing-unreviewed		0
OnRawDataReceived	Приrawданныеreceive	Приrawданныеreceive	existing-unreviewed		0
OnTick	Приtick	Приtick	existing-unreviewed		0
Overflow	Overflow	Overflow	existing-unreviewed		0
P1LinkMap	PЗначение1ссылкакарта	PЗначение1ссылкакарта	existing-unreviewed		0
P2LinkMap	PЗначение2ссылкакарта	PЗначение2ссылкакарта	existing-unreviewed		0
P3LinkMap	PЗначение3ссылкакарта	PЗначение3ссылкакарта	existing-unreviewed		0
PAGE_COW	Страницаcow	Страницаcow	existing-unreviewed		0
PAGE_FRAME	Страницакадр	Страницакадр	existing-unreviewed		0
PAGE_PRESENT	СтраницаПрисутствует	СтраницаПрисутствует	existing-unreviewed		0
PAGE_USER	Страницапользователь	Страницапользователь	existing-unreviewed		0
PAGE_WRITABLE	Страницаwritable	Страницаwritable	existing-unreviewed		0
PAUSE_LOOP	Приостановитьloop	Приостановитьloop	existing-unreviewed		0
PICMasterCommandPort	PrimarypicКомандаВводивыводпорт	PrimarypicКомандаВводивыводпорт	existing-unreviewed		0
PICMasterDataPort	PrimarypicданныеВводивыводпорт	PrimarypicданныеВводивыводпорт	existing-unreviewed		0
PICSlaveCommandPort	SecondarypicКомандаВводивыводпорт	SecondarypicКомандаВводивыводпорт	existing-unreviewed		0
PICSlaveDataPort	SecondarypicданныеВводивыводпорт	SecondarypicданныеВводивыводпорт	existing-unreviewed		0
PRESENT	Присутствует	Присутствует	existing-unreviewed		0
PRIV_KERNEL	Privядро	Privядро	existing-unreviewed		0
PRIV_USER	Privпользователь	Privпользователь	existing-unreviewed		0
PROC_USER_HEAP_SIZE	ProcпользовательheapРазмер	ProcпользовательheapРазмер	existing-unreviewed		0
PageDirEntry	Страницакаталогзапись	Страницакаталогзапись	existing-unreviewed		0
PageDirectoryEntry	Страницакаталогзапись_2	Страницакаталогзапись_2	existing-unreviewed		0
PageFault	Страницаошибка	Страницаошибка	existing-unreviewed		0
PageFaultException	Страницаошибкаexception	Страницаошибкаexception	existing-unreviewed		0
PageRoundDown	СтраницаОкруглитьВниз	СтраницаОкруглитьВниз	existing-unreviewed		0
PageRoundUp	СтраницаОкруглитьВверх	СтраницаОкруглитьВверх	existing-unreviewed		0
PageTableEntry	СтраницаТаблицазапись	СтраницаТаблицазапись	existing-unreviewed		0
Paging	УправлениеСтраницами	УправлениеСтраницами	existing-unreviewed		0
ParentPid	Родительpid	Родительpid	existing-unreviewed		0
Parse	Parse	Parse	existing-unreviewed		0
Partition_id	РазделДискаИДЕНТИФИКАТОР	РазделДискаИДЕНТИФИКАТОР	existing-unreviewed		0
PhyMemTest	PhymemПроверить	PhymemПроверить	existing-unreviewed		0
PhysicalMemoryManager	Физическийпамятьдиспетчер	Физическийпамятьдиспетчер	existing-unreviewed		0
Pid	Pid	Pid	existing-unreviewed		0
Port	Порт	Порт	existing-unreviewed		0
PortBase	Портbase	Портbase	existing-unreviewed		0
PortInByte	ПортИсходящийбайт	ПортИсходящийбайт	existing-unreviewed		0
PortInDword	ПортИсходящийdword	ПортИсходящийdword	existing-unreviewed		0
PortInWord	ПортИсходящийслово	ПортИсходящийслово	existing-unreviewed		0
PortOutByte	ПортВходящийбайт	ПортВходящийбайт	existing-unreviewed		0
PortOutDword	ПортВходящийdword	ПортВходящийdword	existing-unreviewed		0
PortOutWord	ПортВходящийслово	ПортВходящийслово	existing-unreviewed		0
PortReadByte	Портчитатьбайт	Портчитатьбайт	existing-unreviewed		0
PortReadDword	Портчитатьdword	Портчитатьdword	existing-unreviewed		0
PortReadWord	Портчитатьслово	Портчитатьслово	existing-unreviewed		0
PortWriteByte	Портписатьбайт	Портписатьбайт	existing-unreviewed		0
PortWriteDword	Портписатьdword	Портписатьdword	existing-unreviewed		0
PortWriteWord	Портписатьслово	Портписатьслово	existing-unreviewed		0
Prev	Previous	Previous	existing-unreviewed		0
PrevTSS	Previoustss	Previoustss	existing-unreviewed		0
PrimaryPartition	PrimaryразделДиска	PrimaryразделДиска	existing-unreviewed		0
Print	Печать	Печать	existing-unreviewed		0
PrintBytes	ПечатьБайт	ПечатьБайт	existing-unreviewed		0
PrintStr	Печатьstr	Печатьstr	existing-unreviewed		0
PrintTLS	Печатьtls	Печатьtls	existing-unreviewed		0
PrintTest	ПечатьПроверить	ПечатьПроверить	existing-unreviewed		0
Process	Процесс	Процесс	existing-unreviewed		0
ProcessHelper	Процессhelper	Процессhelper	existing-unreviewed		0
ProcessPendingKeyboardEvents	Процессожидающийклавиатурасобытия	Процессожидающийклавиатурасобытия	existing-unreviewed		0
ProcessPendingMouseEvents	Процессожидающиймышьсобытия	Процессожидающиймышьсобытия	existing-unreviewed		0
PushAt	Pushat	Вставить_по_индексу	project-proposal	insert_at	1
PushBack	PushНазад	Добавить_в_конец_списка	project-proposal	append	12
PushFront	PushПередние	Добавить_в_начало_списка	project-proposal	prepend	5
PutPixel	Putpixel	Putpixel	existing-unreviewed		0
PutPixelRGB	Putpixelrgb	Putpixelrgb	existing-unreviewed		0
QUEUE_START_ADDR	ОчередьПускaddress	ОчередьПускaddress	existing-unreviewed		0
Rdev	Rdev	Rdev	existing-unreviewed		0
Read	Читать	Читать	existing-unreviewed		0
Read28	Читать28	Читать28	existing-unreviewed		0
ReadFile	Читатьфайл	Прочитать_файл	project-proposal	file_read	7
ReadPartitions	ЧитатьразделДиска	ЧитатьразделДиска	existing-unreviewed		0
Ready	Готово	Готово	existing-unreviewed		0
Receive	Receive	Receive	existing-unreviewed		0
Ref	Reference	Reference	existing-unreviewed		0
Release	Release	Release	existing-unreviewed		0
ReloadCR3	Обновитьcr3	Обновитьcr3	existing-unreviewed		0
Remove	Удалить_2	Удалить_2	existing-unreviewed		0
RemoveAt	Удалитьat	Удалитьat	existing-unreviewed		0
RemoveThread	Удалитьпоток	Удалитьпоток	existing-unreviewed		0
RemoveThreadAt	Удалитьпотокat	Удалитьпотокat	existing-unreviewed		0
RequestMacAddress	Requestmacaddress	Requestmacaddress	existing-unreviewed		0
Reset	Сброс	Сброс	existing-unreviewed		0
Resolve	Разрешить	Разрешить	existing-unreviewed		0
ResolveCopyOnWriteFault	Разрешитькопироватьприписатьошибка	Разрешитькопироватьприписатьошибка	existing-unreviewed		0
SCHEDULER_FREQUENCY	ПланировщикПовторяемость	ПланировщикПовторяемость	existing-unreviewed		0
SEG_BIG_MODE	Segbigрежим	Segbigрежим	existing-unreviewed		0
SEG_EXEC	SegВыполнение	SegВыполнение	existing-unreviewed		0
SEG_GRAN_4K_PAGE	Seggran4kстраница	Seggran4kстраница	existing-unreviewed		0
SEG_GRAN_BYTE	Seggranбайт	Seggranбайт	existing-unreviewed		0
SEG_KERNEL_CODE	Segядроcode	Segядроcode	existing-unreviewed		0
SEG_KERNEL_DATA	Segядроданные	Segядроданные	existing-unreviewed		0
SEG_KERNEL_GS	Segядроgs	Segядроgs	existing-unreviewed		0
SEG_NOEXEC	Segnoexec	Segnoexec	existing-unreviewed		0
SEG_NORMAL	Segнормальный	Segнормальный	existing-unreviewed		0
SEG_NORW	Segnorw	Segnorw	existing-unreviewed		0
SEG_R	Segr	Segr	existing-unreviewed		0
SEG_SYSTEM	Segсистема	Segсистема	existing-unreviewed		0
SEG_TASK_STATE	SegзадачаСостояние	SegзадачаСостояние	existing-unreviewed		0
SEG_USER_CODE	Segпользовательcode	Segпользовательcode	existing-unreviewed		0
SEG_USER_DATA	Segпользовательданные	Segпользовательданные	existing-unreviewed		0
SEG_USER_GS	Segпользовательgs	Segпользовательgs	existing-unreviewed		0
SEG_W	Segw	Segw	existing-unreviewed		0
SIMDFloatingPointException	SimdРаздельноpointexception	SimdРаздельноpointexception	existing-unreviewed		0
SIZE	Размер	Размер	existing-unreviewed		0
SYS_ACCESS	Sysдоступ	Sysдоступ	existing-unreviewed		0
SYS_BRK	Sysbrk	Sysbrk	existing-unreviewed		0
SYS_CHDIR	Syschdir	Syschdir	existing-unreviewed		0
SYS_CLOSE	Sysзакрыть	Sysзакрыть	existing-unreviewed		0
SYS_CREAT	Syscreat	Syscreat	existing-unreviewed		0
SYS_DUP	Sysdup	Sysdup	existing-unreviewed		0
SYS_DUP2	Sysdup2	Sysdup2	existing-unreviewed		0
SYS_EXECVE	Sysexecve	Sysexecve	existing-unreviewed		0
SYS_EXIT	SysВыход	SysВыход	existing-unreviewed		0
SYS_FCNTL	Sysfcntl	Sysfcntl	existing-unreviewed		0
SYS_FORK	Sysfork	Sysfork	existing-unreviewed		0
SYS_FSTAT	Sysfstat	Sysfstat	existing-unreviewed		0
SYS_FSYNC	Sysfsync	Sysfsync	existing-unreviewed		0
SYS_GETCWD	Sysgetcwd	Sysgetcwd	existing-unreviewed		0
SYS_GETEGID	Sysgetegid	Sysgetegid	existing-unreviewed		0
SYS_GETEUID	Sysgeteuid	Sysgeteuid	existing-unreviewed		0
SYS_GETGID	Sysgetgid	Sysgetgid	existing-unreviewed		0
SYS_GETPID	Sysgetpid	Sysgetpid	existing-unreviewed		0
SYS_GETPPID	Sysgetppid	Sysgetppid	existing-unreviewed		0
SYS_GETUID	Sysgetuid	Sysgetuid	existing-unreviewed		0
SYS_LSEEK	Syslseek	Syslseek	existing-unreviewed		0
SYS_LSTAT	Syslstat	Syslstat	existing-unreviewed		0
SYS_OPEN	Sysоткрыть	Sysоткрыть	existing-unreviewed		0
SYS_READ	Sysчитать	Sysчитать	existing-unreviewed		0
SYS_RT_EXIT	SysrtВыход	SysrtВыход	existing-unreviewed		0
SYS_SOCKETCALL	Syssocketcall	Syssocketcall	existing-unreviewed		0
SYS_STAT	Sysstat	Sysstat	existing-unreviewed		0
SYS_SYNC	Syssync	Syssync	existing-unreviewed		0
SYS_UNAME	Sysuname	Sysuname	existing-unreviewed		0
SYS_WAITPID	Syswaitpid	Syswaitpid	existing-unreviewed		0
SYS_WRITE	Sysписать	Sysписать	existing-unreviewed		0
Schedule	Schedule	Schedule	existing-unreviewed		0
Scheduler	Планировщик	Планировщик	existing-unreviewed		0
SchedulerData	Планировщикданные	Планировщикданные	existing-unreviewed		0
SegmentNotPresent	SegmentnotПрисутствует	SegmentnotПрисутствует	existing-unreviewed		0
SelectDrivers	Выбратьдрайвер	Выбратьдрайвер	existing-unreviewed		0
Send	Отправить	Отправить	existing-unreviewed		0
SendEchoRequest	EchorequestОтправить	EchorequestОтправить	existing-unreviewed		0
SendFrame	КадрОтправить	КадрОтправить	existing-unreviewed		0
SerialInit	Последовательныйinit	Последовательныйinit	existing-unreviewed		0
SerialWriteByte	Последовательныйписатьбайт	Последовательныйписатьбайт	existing-unreviewed		0
SetBackend	Указатьbackend	Указатьbackend	existing-unreviewed		0
SetBit	Указатьbit	Указатьbit	existing-unreviewed		0
SetBlockInPageDir	УказатьБлокИсходящийстраницакаталог	УказатьБлокИсходящийстраницакаталог	existing-unreviewed		0
SetBuffer	Указатьbuffer	Указатьbuffer	existing-unreviewed		0
SetByteAtAddr	Указатьбайтataddress	Указатьбайтataddress	existing-unreviewed		0
SetByteInPageDir	УказатьбайтИсходящийстраницакаталог	УказатьбайтИсходящийстраницакаталог	existing-unreviewed		0
SetCR3	Указатьcr3	Указатьcr3	existing-unreviewed		0
SetColor	УказатьЦвет	УказатьЦвет	existing-unreviewed		0
SetDescriptor	Указатьdescriptor	Указатьdescriptor	existing-unreviewed		0
SetHandleInterruptFuction	УказатьРучкапрерываниеfuction	УказатьРучкапрерываниеfuction	existing-unreviewed		0
SetHandler	Указатьhandler	Указатьhandler	existing-unreviewed		0
SetIPAddress	Указатьipaddress	Указатьipaddress	existing-unreviewed		0
SetInterruptDescriptorTableEntry	ПрерываниеdescriptorТаблицазаписьуказать	ПрерываниеdescriptorТаблицазаписьуказать	existing-unreviewed		0
SetInterruptManager	Указатьпрерываниедиспетчер	Указатьпрерываниедиспетчер	existing-unreviewed		0
SetInterruptNumber	УказатьпрерываниеЧисло	УказатьпрерываниеЧисло	existing-unreviewed		0
SetMode	Указатьрежим	Указатьрежим	existing-unreviewed		0
SetNodeAt	УказатьУзелat	УказатьУзелat	existing-unreviewed		0
SetStack	Указатьstack	Указатьstack	existing-unreviewed		0
SetTlsSegment	Указатьtlssegment	Указатьtlssegment	existing-unreviewed		0
SetUint32AtAddr	Указатьunsignedinteger32ataddress	Указатьunsignedinteger32ataddress	existing-unreviewed		0
SetUint32InPageDir	Указатьunsignedinteger32Исходящийстраницакаталог	Указатьunsignedinteger32Исходящийстраницакаталог	existing-unreviewed		0
SetUint8AtAddr	Указатьunsignedinteger8ataddress	Указатьunsignedinteger8ataddress	existing-unreviewed		0
SharedMemoryRegion	Sharedпамятьregion	Sharedпамятьregion	existing-unreviewed		0
Size	Размер_2	Размер_2	existing-unreviewed		0
Spawn	Spawn	Spawn	existing-unreviewed		0
Ss	Ss	Ss	existing-unreviewed		0
Stack	Stack	Stack	existing-unreviewed		0
StackSegmentFault	Stacksegmentошибка	Stacksegmentошибка	existing-unreviewed		0
Start_lba	Пускlba	Пускlba	existing-unreviewed		0
Started	Запущено	Запущено	existing-unreviewed		0
StdinPutByte	Stdinputбайт	Stdinputбайт	existing-unreviewed		0
StopCurrentThread	ОстановитьТекущаядатапоток	ОстановитьТекущаядатапоток	existing-unreviewed		0
Stopped	Остановлен	Остановлен	existing-unreviewed		0
SubnetMask	SubnetМаска	SubnetМаска	existing-unreviewed		0
SupportMode	Поддержкарежим	Поддержкарежим	existing-unreviewed		0
Sys_brk	Sysbrk_2	Sysbrk_2	existing-unreviewed		0
Sys_close	Sysзакрыть_2	Sysзакрыть_2	existing-unreviewed		0
Sys_exit	SysВыход_2	SysВыход_2	existing-unreviewed		0
Sys_getpid	Sysgetpid_2	Sysgetpid_2	existing-unreviewed		0
Sys_mousemove	Sysmousemove	Sysmousemove	existing-unreviewed		0
Sys_open	Sysоткрыть_2	Sysоткрыть_2	existing-unreviewed		0
Sys_printStr	SysПечатьstr	SysПечатьstr	existing-unreviewed		0
Sys_printUint32	SysПечатьunsignedinteger32	SysПечатьunsignedinteger32	existing-unreviewed		0
Sys_printf	Sysprintf	Sysprintf	existing-unreviewed		0
Sys_read	Sysчитать_2	Sysчитать_2	existing-unreviewed		0
Syscall	Syscall	Syscall	existing-unreviewed		0
Sysname	Sysname	Sysname	existing-unreviewed		0
TARPEtherFrameHandler	ArpэфирнаяСетькадрhandler	ArpэфирнаяСетькадрhandler	existing-unreviewed		0
TARPMessage	ArpСообщение	ArpСообщение	existing-unreviewed		0
TARPMessageBuffer	ArpСообщениеbuffer	ArpСообщениеbuffer	existing-unreviewed		0
TARPProvider	Arpprovider	Arpprovider	existing-unreviewed		0
TAdvancedTechnologyAttachment	TДополнительноТехнологияattachment	TДополнительноТехнологияattachment	existing-unreviewed		0
TArray	TМассив	TМассив	existing-unreviewed		0
TBaseAddressRegister	TBaseaddressрегистр	TBaseaddressрегистр	existing-unreviewed		0
TBiosParameterBlock32	TBiosparameterБлок32	TПараметры_файловой_системы32	project-proposal	fat_parameters	11
TBufferDescriptor	TBufferdescriptor	TBufferdescriptor	existing-unreviewed		0
TCOWFrameManager	Tcowкадрдиспетчер	Tcowкадрдиспетчер	existing-unreviewed		0
TCPUState	TcpuСостояние	TcpuСостояние	existing-unreviewed		0
TDefaultKeyboardEventHandler	TПоумолчаниюклавиатурасобытиеhandler	TПоумолчаниюклавиатурасобытиеhandler	existing-unreviewed		0
TDefaultMouseEventHandler	TПоумолчаниюмышьсобытиеhandler	TПоумолчаниюмышьсобытиеhandler	existing-unreviewed		0
TDefaultPCIControllerHandler	TПоумолчаниюpciконтроллерhandler	TПоумолчаниюpciконтроллерhandler	existing-unreviewed		0
TDefaultTimerEventHandler	TПоумолчаниютаймерсобытиеhandler	TПоумолчаниютаймерсобытиеhandler	existing-unreviewed		0
TDirectoryEntryFat32	TКаталогзаписьfat32	TКаталогзаписьfat32	existing-unreviewed		0
TDriverManager	TДрайвердиспетчер	TДрайвердиспетчер	existing-unreviewed		0
TEtherFrameHandler	TЭфирнаяСетькадрhandler	TЭфирнаяСетькадрhandler	existing-unreviewed		0
TEtherFrameHeader	TЭфирнаяСетькадрзаголовок	TЗаголовок_кадра_сети_с_общей_средой	project-proposal	ethernet_header	8
TEtherFrameHeaderBuffer	TЭфирнаяСетькадрзаголовокbuffer	TЭфирнаяСетькадрзаголовокbuffer	existing-unreviewed		0
TEtherFrameProvider	TЭфирнаяСетькадрprovider	TПоставщик_кадров_сети_с_общей_средой	project-proposal	ethernet_provider	20
TEtherFrameRawDataHandler	TЭфирнаяСетькадрrawданныеhandler	TЭфирнаяСетькадрrawданныеhandler	existing-unreviewed		0
TGateDescriptor	TШлюзdescriptor	TШлюзdescriptor	existing-unreviewed		0
THREAD_STACK_SIZE	ПотокstackРазмер	ПотокstackРазмер	existing-unreviewed		0
TICMPHandler	Icmphandler	Icmphandler	existing-unreviewed		0
TIPEtherFrameHandler	IpэфирнаяСетькадрhandler	IpэфирнаяСетькадрhandler	existing-unreviewed		0
TInitializationBlock	TInitializationБлок	TInitializationБлок	existing-unreviewed		0
TInternetControlMessageProtocol	TИнтернетCtrlСообщениеprotocol	TПротокол_управляющих_сообщений_объединённой_сети	project-proposal	icmp	5
TInternetControlMessageProtocolMessage	TИнтернетCtrlСообщениеprotocolСообщение	TИнтернетCtrlСообщениеprotocolСообщение	existing-unreviewed		0
TInternetControlMessageProtocolMessageBuffer	TИнтернетCtrlСообщениеprotocolСообщениеbuffer	TИнтернетCtrlСообщениеprotocolСообщениеbuffer	existing-unreviewed		0
TInternetProtocolHandler	TИнтернетprotocolhandler	TИнтернетprotocolhandler	existing-unreviewed		0
TInternetProtocolProvider	TИнтернетprotocolprovider	TПоставщик_протокола_объединённой_сети	project-proposal	ip_provider	14
TInternetProtocolV4Message	TИнтернетprotocolv4Сообщение	TИнтернетprotocolv4Сообщение	existing-unreviewed		0
TInternetProtocolV4MessageBuffer	TИнтернетprotocolv4Сообщениеbuffer	TИнтернетprotocolv4Сообщениеbuffer	existing-unreviewed		0
TInterruptDescriptorTablePointer	TПрерываниеdescriptorТаблицаУказатели	TПрерываниеdescriptorТаблицаУказатели	existing-unreviewed		0
TInterruptHandler	TПрерываниеhandler	TПрерываниеhandler	existing-unreviewed		0
TInterruptManager	TПрерываниедиспетчер	TПрерываниедиспетчер	existing-unreviewed		0
TKeyboardDriver	TКлавиатурадрайвер	TКлавиатурадрайвер	existing-unreviewed		0
TLS_START	TlsПуск	TlsПуск	existing-unreviewed		0
TMSDOSPartitionTable	TmsdosразделДискаТаблица	TmsdosразделДискаТаблица	existing-unreviewed		0
TMasterBootRecord	TГлавныйbootЗапись	TГлавная_загрузочная_запись	project-proposal	boot_record	3
TMemoryChunk	TПамятьchunk	TПамятьchunk	existing-unreviewed		0
TMemoryManager	TПамятьдиспетчер	TПамятьдиспетчер	existing-unreviewed		0
TMouseDriver	TМышьдрайвер	TМышьдрайвер	existing-unreviewed		0
TMyKeyboardEventHandler	TMyклавиатурасобытиеhandler	TMyклавиатурасобытиеhandler	existing-unreviewed		0
TMyMouseEventHandler	TMyмышьсобытиеhandler	TMyмышьсобытиеhandler	existing-unreviewed		0
TMyPCIControllerHandler	TMypciконтроллерhandler	TMypciконтроллерhandler	existing-unreviewed		0
TPartitionTableEntry	TРазделДискаТаблицазапись	TРазделДискаТаблицазапись	existing-unreviewed		0
TPeripheralComponentInterconnectController	TPeripheralcomponentinterconnectконтроллер	TPeripheralcomponentinterconnectконтроллер	existing-unreviewed		0
TPeripheralComponentInterconnectDeviceDescriptor	TPeripheralcomponentinterconnectУстройствоdescriptor	TPeripheralcomponentinterconnectУстройствоdescriptor	existing-unreviewed		0
TPort	TПорт	TПорт	existing-unreviewed		0
TPort16Bit	TПорт16bit	TПорт16bit	existing-unreviewed		0
TPort32Bit	TПорт32bit	TПорт32bit	existing-unreviewed		0
TPort8Bit	TПорт8bit	TПорт8bit	existing-unreviewed		0
TRawDataHandler	TRawданныеhandler	TRawданныеhandler	existing-unreviewed		0
TSSEntry	Tssзапись	Tssзапись	existing-unreviewed		0
TSyscall	TSyscall	TSyscall	existing-unreviewed		0
TTask	TЗадача	TЗадача	existing-unreviewed		0
TThread	TПоток	TПоток	existing-unreviewed		0
TThreadHelper	TПотокhelper	TПотокhelper	existing-unreviewed		0
TTimerDriver	TТаймердрайвер	TТаймердрайвер	existing-unreviewed		0
TUserDatagramProtocolHandler	TПользовательdatagramprotocolhandler	TПользовательdatagramprotocolhandler	existing-unreviewed		0
TUserDatagramProtocolHeader	TПользовательdatagramprotocolзаголовок	TЗаголовок_пользовательской_датаграммы	project-proposal	udp_header	5
TUserDatagramProtocolHeaderBuffer	TПользовательdatagramprotocolзаголовокbuffer	TПользовательdatagramprotocolзаголовокbuffer	existing-unreviewed		0
TUserDatagramProtocolProvider	TПользовательdatagramprotocolprovider	TПользовательdatagramprotocolprovider	existing-unreviewed		0
TUserDatagramProtocolSocket	TПользовательdatagramprotocolсокет	TКонечная_точка_пользовательских_датаграмм	project-proposal	udp_socket	17
TVideoGraphicsArray	TВидеоГрафикамассив	TВидеоГрафикамассив	existing-unreviewed		0
TWidget	TЭлемент	TЭлемент_экрана	project-proposal	widget	9
TWidgetMouseEventHandler	TЭлементмышьсобытиеhandler	TЭлементмышьсобытиеhandler	existing-unreviewed		0
Tamd_am79c973	Tamdam79c973	Tamdam79c973	existing-unreviewed		0
Test	Проверить	Проверить	existing-unreviewed		0
TestBit	Проверитьbit	Проверитьbit	existing-unreviewed		0
TestPrint	ПроверитьПечать	ПроверитьПечать	existing-unreviewed		0
Thread	Поток	Поток	existing-unreviewed		0
ThreadList	Потоксписок	Потоксписок	existing-unreviewed		0
ThreadState	ПотокСостояние	ПотокСостояние	existing-unreviewed		0
Threads	Threads	Threads	existing-unreviewed		0
TlsSegments	Tlssegments	Tlssegments	existing-unreviewed		0
TotalBlocks	ВсегоБлок	ВсегоБлок	existing-unreviewed		0
Type	Тип	Тип	existing-unreviewed		0
TypeTest	ТипПроверить	ТипПроверить	existing-unreviewed		0
T공용서술자테이블	TShareddescriptorТаблица	TShareddescriptorТаблица	existing-unreviewed		0
T공용서술자테이블_자료	TShareddescriptorТаблицаданные	TShareddescriptorТаблицаданные	existing-unreviewed		0
T작업관리자	TЗадачадиспетчер	TЗадачадиспетчер	existing-unreviewed		0
T조각설명자	TSegmentdescriptor	TSegmentdescriptor	existing-unreviewed		0
T콘솔	TКонсоль	TКонсоль	existing-unreviewed		0
T함수1	TФункция1	TФункция1	existing-unreviewed		0
UDESC_32SEG	Udesc32seg	Udesc32seg	existing-unreviewed		0
UDESC_CONTENTS	UdescСодержание	UdescСодержание	existing-unreviewed		0
UDESC_LIMIT_IN_PAGES	UdescОграничениеИсходящийpages	UdescОграничениеИсходящийpages	existing-unreviewed		0
UDESC_RX_ONLY	Udescrxтолько	Udescrxтолько	existing-unreviewed		0
UDESC_SEG_NOT_PRESENT	UdescsegnotПрисутствует	UdescsegnotПрисутствует	existing-unreviewed		0
UDESC_USABLE	Udescusable	Udescusable	existing-unreviewed		0
USER_STACK	Пользовательstack	Пользовательstack	existing-unreviewed		0
USER_STACK_SIZE	ПользовательstackРазмер	ПользовательstackРазмер	existing-unreviewed		0
USER_STACK_TOP	ПользовательstackСверху	ПользовательstackСверху	existing-unreviewed		0
Uid	Uid	Uid	existing-unreviewed		0
Uint16ToArray	Unsignedinteger16кмассив	Unsignedinteger16кмассив	existing-unreviewed		0
Uint16ToArray_BE	Unsignedinteger16кмассивbe	Unsignedinteger16кмассивbe	existing-unreviewed		0
Uint16_R	Unsignedinteger16r	Unsignedinteger16r	existing-unreviewed		0
Uint32ToArray	Unsignedinteger32кмассив	Unsignedinteger32кмассив	existing-unreviewed		0
Uint32_R	Unsignedinteger32r	Unsignedinteger32r	existing-unreviewed		0
Uint48ToArray	Unsignedinteger48кмассив	Unsignedinteger48кмассив	existing-unreviewed		0
Uint48ToArray_BE	Unsignedinteger48кмассивbe	Unsignedinteger48кмассивbe	existing-unreviewed		0
Uint48_R	Unsignedinteger48r	Unsignedinteger48r	existing-unreviewed		0
Uint64ToArray	Unsignedinteger64кмассив	Unsignedinteger64кмассив	existing-unreviewed		0
Uint64_R	Unsignedinteger64r	Unsignedinteger64r	existing-unreviewed		0
UnhandleInterrupt	Unhandleпрерывание	Unhandleпрерывание	existing-unreviewed		0
UnsetBit	Удалитьbit	Инвертировать_бит_занятости	project-proposal	toggle_bit	1
UsedBlocks	ИспользованоБлок	ИспользованоБлок	existing-unreviewed		0
UserDesc	Пользовательdescriptor	Пользовательdescriptor	existing-unreviewed		0
UserStack	Пользовательstack_2	Пользовательstack_2	existing-unreviewed		0
UserStackSize	ПользовательstackРазмер_2	ПользовательstackРазмер_2	existing-unreviewed		0
Vendor_id	ПроизводительИДЕНТИФИКАТОР	ПроизводительИДЕНТИФИКАТОР	existing-unreviewed		0
Version	Версия	Версия	existing-unreviewed		0
VirtTest	VirtПроверить	VirtПроверить	existing-unreviewed		0
Write	Писать	Писать	existing-unreviewed		0
Write28	Писать28	Писать28	existing-unreviewed		0
WriteRegisters	Писатьрегистр	Писатьрегистр	existing-unreviewed		0
X	X	X	existing-unreviewed		0
Y	Y	Y	existing-unreviewed		0
Zero	Ноль	Ноль	existing-unreviewed		0
ZeroBlockInPageDir	НольБлокИсходящийстраницакаталог	НольБлокИсходящийстраницакаталог	existing-unreviewed		0
a	a	a	existing-unreviewed		0
aTime	aВремя	aВремя	existing-unreviewed		0
access	доступ	доступ	existing-unreviewed		0
accessMode	доступрежим	доступрежим	existing-unreviewed		0
ack	ack	ack	existing-unreviewed		0
activeKeyboardDriver	активноклавиатурадрайвер	активноклавиатурадрайвер	existing-unreviewed		0
activeMouseDriver	активномышьдрайвер	активномышьдрайвер	existing-unreviewed		0
addr	address	address	existing-unreviewed		0
addrPtr	addressУказатели	addressУказатели	existing-unreviewed		0
address	address_2	address_2	existing-unreviewed		0
addressError	addressОшибка	addressОшибка	existing-unreviewed		0
afInet	afinet	afinet	existing-unreviewed		0
allocFD	allocatefd	allocatefd	existing-unreviewed		0
allocOpenFile	allocateоткрытьфайл	allocateоткрытьфайл	existing-unreviewed		0
allocProcess	allocateпроцесс	allocateпроцесс	existing-unreviewed		0
allocateSocket	allocateсокет	allocateсокет	existing-unreviewed		0
allocated	allocated	allocated	existing-unreviewed		0
amd_am79c973	amdam79c973	amdam79c973	existing-unreviewed		0
args	аргументы	аргументы	existing-unreviewed		0
argument	argument	argument	existing-unreviewed		0
argumentPointers	argumentpointers	argumentpointers	existing-unreviewed		0
arguments	аргументы_2	аргументы_2	existing-unreviewed		0
arp	arp	arp	existing-unreviewed		0
arpBuffer	arpbuffer	arpbuffer	existing-unreviewed		0
arpMesgSize	arpmesgРазмер	arpmesgРазмер	existing-unreviewed		0
arpProvider	arpprovider	arpprovider	existing-unreviewed		0
arp콘솔	arpконсоль	arpконсоль	existing-unreviewed		0
array	массив	массив	existing-unreviewed		0
ata	ata	ata	existing-unreviewed		0
ata0s	ata0s	ata0s	existing-unreviewed		0
attempts	attempts	attempts	existing-unreviewed		0
attr	атрибут	атрибут	existing-unreviewed		0
attributeControllerIndexPort	атрибутконтроллерСодержаниепорт	атрибутконтроллерСодержаниепорт	existing-unreviewed		0
attributeControllerReadPort	атрибутконтроллерчитатьпорт	атрибутконтроллерчитатьпорт	existing-unreviewed		0
attributeControllerResetPort	атрибутконтроллерСброспорт	атрибутконтроллерСброспорт	existing-unreviewed		0
attributeControllerWritePort	атрибутконтроллерписатьпорт	атрибутконтроллерписатьпорт	existing-unreviewed		0
attributes	атрибуты	атрибуты	existing-unreviewed		0
aux	aux	aux	existing-unreviewed		0
avail	доступно	доступно	existing-unreviewed		0
b	b	b	existing-unreviewed		0
backend	backend	backend	existing-unreviewed		0
backupFpRegs	backupfpregs	backupfpregs	existing-unreviewed		0
backupSector	backupsector	backupsector	existing-unreviewed		0
bar	полоса	полоса	existing-unreviewed		0
barNum	полосаЧисло	полосаЧисло	existing-unreviewed		0
bar_value	полосаЗначение	полосаЗначение	existing-unreviewed		0
base	base	base	existing-unreviewed		0
baseCode	basecode	basecode	existing-unreviewed		0
baseHigh	baseВысокий	baseВысокий	existing-unreviewed		0
baseLow	baseНизкий	baseНизкий	existing-unreviewed		0
baseMid	basemid	basemid	existing-unreviewed		0
base_addr_high	baseaddressВысокий	baseaddressВысокий	existing-unreviewed		0
base_addr_low	baseaddressНизкий	baseaddressНизкий	existing-unreviewed		0
bh	bh	bh	existing-unreviewed		0
bindEphemeral	прослушиватьephemeral	прослушиватьephemeral	existing-unreviewed		0
bindError	прослушиватьОшибка	прослушиватьОшибка	existing-unreviewed		0
bios	bios	bios	existing-unreviewed		0
bit	bit	bit	existing-unreviewed		0
bitmap	bitmap	карта_занятости	project-proposal	bitmap	2
bootSignature	bootsignature	bootsignature	existing-unreviewed		0
bootable	bootable	bootable	existing-unreviewed		0
bootloader	bootloader	bootloader	existing-unreviewed		0
bound	bound	bound	existing-unreviewed		0
bpb	bpb	параметры_файловой_системы	project-proposal	fat_parameters	16
bpbBytes	bpbБайт	bpbБайт	existing-unreviewed		0
bpbPtr	bpbУказатели	bpbУказатели	existing-unreviewed		0
buf	buffer	buffer	existing-unreviewed		0
buf1	buffer1	buffer1	existing-unreviewed		0
buf2	buffer2	buffer2	existing-unreviewed		0
buf3	buffer3	buffer3	existing-unreviewed		0
buf4	buffer4	buffer4	existing-unreviewed		0
buf6	buffer6	buffer6	existing-unreviewed		0
buffer	buffer_2	buffer_2	existing-unreviewed		0
buffer1	buffer1_2	buffer1_2	existing-unreviewed		0
buffer2	buffer2_2	buffer2_2	existing-unreviewed		0
bufferAddr	bufferaddress	bufferaddress	existing-unreviewed		0
bufferAddress	bufferaddress_2	bufferaddress_2	existing-unreviewed		0
bufptr	bufferУказатели	bufferУказатели	existing-unreviewed		0
bus	bus	bus	existing-unreviewed		0
busControlRegisterDataPort	busCtrlрегистрданныепорт	busCtrlрегистрданныепорт	existing-unreviewed		0
button	кнопка	кнопка	existing-unreviewed		0
buttons	кнопка_2	кнопка_2	existing-unreviewed		0
bytesPerSector	байтpersector	байтpersector	existing-unreviewed		0
c	c	c	existing-unreviewed		0
cDate	cДата	cДата	existing-unreviewed		0
cTime	cВремя	cВремя	existing-unreviewed		0
cTimeTenth	cВремяtenth	cВремяtenth	existing-unreviewed		0
call	вызов	вызов	existing-unreviewed		0
candidate	candidate	candidate	existing-unreviewed		0
cap	cap	cap	existing-unreviewed		0
char	char	char	existing-unreviewed		0
checked	checked	checked	existing-unreviewed		0
checksum	checksum	checksum	existing-unreviewed		0
child	потомок	потомок	existing-unreviewed		0
childPID	потомокpid	потомокpid	existing-unreviewed		0
childPageDir	потомокстраницакаталог	потомокстраницакаталог	existing-unreviewed		0
chunk	chunk	chunk	existing-unreviewed		0
class_id	классИДЕНТИФИКАТОР	классИДЕНТИФИКАТОР	existing-unreviewed		0
closeAllProcessFDs	закрытьВсепроцессfds	закрытьВсепроцессfds	existing-unreviewed		0
closeOnExec	закрытьприВыполнение	закрытьприВыполнение	existing-unreviewed		0
closeProcessFD	закрытьпроцессfd	закрытьпроцессfd	existing-unreviewed		0
code	code	code	existing-unreviewed		0
code1Ptr	code1Указатели	code1Указатели	existing-unreviewed		0
code1ptr	code1Указатели_2	code1Указатели_2	existing-unreviewed		0
code2Ptr	code2Указатели	code2Указатели	existing-unreviewed		0
code3Ptr	code3Указатели	code3Указатели	existing-unreviewed		0
codeSegment	codesegment	codesegment	existing-unreviewed		0
colorIndex	цветСодержание	цветСодержание	existing-unreviewed		0
colordepth	цветdepth	цветdepth	existing-unreviewed		0
command	команда	команда	existing-unreviewed		0
commandPort	командапорт	командапорт	existing-unreviewed		0
commandport	командапорт_2	командапорт_2	existing-unreviewed		0
common	общий	общий	existing-unreviewed		0
connected	connected	connected	existing-unreviewed		0
console	консоль	консоль	existing-unreviewed		0
controlPort	ctrlпорт	ctrlпорт	existing-unreviewed		0
copyExecVector	копироватьВыполнениеvector	копироватьВыполнениеvector	existing-unreviewed		0
copyLength	копироватьДлина	копироватьДлина	existing-unreviewed		0
copyPageDir	копироватьстраницакаталог	копироватьстраницакаталог	existing-unreviewed		0
copyPath	копироватьПУТЬ	копироватьПУТЬ	existing-unreviewed		0
copySocketName	копироватьсокетИмя	копироватьсокетИмя	existing-unreviewed		0
copyUtsField	копироватьutsполе	копироватьutsполе	existing-unreviewed		0
count	количество	количество	existing-unreviewed		0
count2	количество2	количество2	existing-unreviewed		0
cowFrameManager	cowкадрдиспетчер	cowкадрдиспетчер	existing-unreviewed		0
cpu	цП	цП	existing-unreviewed		0
cpustate	цПСостояние	цПСостояние	existing-unreviewed		0
cr0	cr0	cr0	existing-unreviewed		0
cr3	cr3	cr3	existing-unreviewed		0
cr4	cr4	cr4	existing-unreviewed		0
crtcDataPort	crtcданныепорт	crtcданныепорт	existing-unreviewed		0
crtcIndexPort	crtcСодержаниепорт	crtcСодержаниепорт	existing-unreviewed		0
cs	cs	cs	existing-unreviewed		0
currentRecvBuffer	текущаядатаrecvbuffer	текущаядатаrecvbuffer	existing-unreviewed		0
currentSendBuffer	текущаядатаОтправитьbuffer	текущаядатаОтправитьbuffer	existing-unreviewed		0
currentTask	текущаядатазадача	текущаядатазадача	existing-unreviewed		0
currentThread	текущаядатапоток	текущаядатапоток	existing-unreviewed		0
currentThreadIndex	текущаядатапотокСодержание	текущаядатапотокСодержание	existing-unreviewed		0
cursorHeight	курсорВысота	курсорВысота	existing-unreviewed		0
cursorStart	курсорПуск	курсорПуск	existing-unreviewed		0
d_tag	dМетка	dМетка	existing-unreviewed		0
d_val_ptr	dvalУказатели	dvalУказатели	existing-unreviewed		0
data	данные	данные	existing-unreviewed		0
dataBuf	данныеbuffer	данныеbuffer	existing-unreviewed		0
dataBytes	данныеБайт	данныеБайт	existing-unreviewed		0
dataPointer	данныеУказатели	данныеУказатели	existing-unreviewed		0
dataPort	данныепорт	данныепорт	existing-unreviewed		0
dataStart	данныеПуск	данныеПуск	existing-unreviewed		0
databuffer	данныеbuffer_2	данныеbuffer_2	existing-unreviewed		0
dataport	данныепорт_2	данныепорт_2	existing-unreviewed		0
defaultKeyboardEventHandler	поумолчаниюклавиатурасобытиеhandler	поумолчаниюклавиатурасобытиеhandler	existing-unreviewed		0
desc	descriptor	descriptor	existing-unreviewed		0
description	описание	описание	existing-unreviewed		0
destination	назначение	назначение	existing-unreviewed		0
destinationAddress	назначениеaddress	назначениеaddress	existing-unreviewed		0
destinationLength	назначениеДлина	назначениеДлина	existing-unreviewed		0
dev	устройство	устройство	existing-unreviewed		0
device	устройство_2	устройство_2	existing-unreviewed		0
deviceDescriptor	устройствоdescriptor	устройствоdescriptor	existing-unreviewed		0
devicePort	устройствопорт	устройствопорт	existing-unreviewed		0
diff	diff	diff	existing-unreviewed		0
digits	digits	digits	existing-unreviewed		0
dirent	dirent	dirent	existing-unreviewed		0
direntBytes	direntБайт	direntБайт	existing-unreviewed		0
direntPtr	direntУказатели	direntУказатели	existing-unreviewed		0
discardProcess	отклонитьпроцесс	отклонитьпроцесс	existing-unreviewed		0
dispatchInterrupt	dispatchпрерывание	dispatchпрерывание	existing-unreviewed		0
divisor	divisor	divisor	existing-unreviewed		0
domain	домен	домен	existing-unreviewed		0
driveNumber	driveЧисло	driveЧисло	existing-unreviewed		0
driver	драйвер	драйвер	existing-unreviewed		0
driverManager	драйвердиспетчер	драйвердиспетчер	existing-unreviewed		0
drivercount	драйверКоличество	драйверКоличество	existing-unreviewed		0
drv	драйвер_2	драйвер_2	existing-unreviewed		0
ds	ds	ds	existing-unreviewed		0
ds_segment	dssegment	dssegment	existing-unreviewed		0
dst	назначение_2	назначение_2	existing-unreviewed		0
dstEntry	назначениезапись	назначениезапись	existing-unreviewed		0
dstIP	назначениеipaddress	назначениеipaddress	existing-unreviewed		0
dstIP_BE	назначениеipaddressсетьбайтorder	назначениеipaddressсетьбайтorder	existing-unreviewed		0
dstMAC	назначениеmacaddress	назначениеmacaddress	existing-unreviewed		0
dstMAC_BE	назначениеmacbe	назначениеmacbe	existing-unreviewed		0
dstPageDir	назначениестраницакаталог	назначениестраницакаталог	existing-unreviewed		0
dstPort	назначениепортЧисло	номер_порта_получателя	project-proposal	destination_port	9
dstPt	назначениеpt	назначениеpt	existing-unreviewed		0
dstPtPtr	назначениеptУказатели	назначениеptУказатели	existing-unreviewed		0
dstPtr	назначениеУказатели	назначениеУказатели	existing-unreviewed		0
dstptr	назначениеУказатели_2	назначениеУказатели_2	existing-unreviewed		0
dynamic	динамически	динамически	existing-unreviewed		0
e	e	e	existing-unreviewed		0
e_ehsize	eehsize	eehsize	existing-unreviewed		0
e_entry	eзапись	eзапись	existing-unreviewed		0
e_flags	eФлаги	eФлаги	existing-unreviewed		0
e_ident	eident	eident	existing-unreviewed		0
e_machine	emachine	emachine	existing-unreviewed		0
e_phentsize	ephentsize	ephentsize	existing-unreviewed		0
e_phnum	ephnum	ephnum	existing-unreviewed		0
e_phoff	ephoff	ephoff	existing-unreviewed		0
e_shentsize	eshentsize	eshentsize	existing-unreviewed		0
e_shnum	eshnum	eshnum	existing-unreviewed		0
e_shoff	eshoff	eshoff	existing-unreviewed		0
e_shstrndx	eshstrndx	eshstrndx	existing-unreviewed		0
e_type	eтип	eтип	existing-unreviewed		0
e_version	eВерсия	eВерсия	existing-unreviewed		0
eax	eax	eax	existing-unreviewed		0
ebp	ebp	ebp	existing-unreviewed		0
ebx	ebx	ebx	existing-unreviewed		0
ecx	ecx	ecx	existing-unreviewed		0
edi	edi	edi	existing-unreviewed		0
edx	edx	edx	existing-unreviewed		0
efHandler	efhandler	efhandler	existing-unreviewed		0
eflags	eflags	eflags	existing-unreviewed		0
eip	eip	eip	existing-unreviewed		0
eipOffset	eipoffset	eipoffset	existing-unreviewed		0
elf	elf	исполняемый_и_компонуемый_формат	project-proposal	elf	6
elf0	elf0	elf0	existing-unreviewed		0
elf2	elf2	elf2	existing-unreviewed		0
elf3	elf3	elf3	existing-unreviewed		0
elf4	elf4	elf4	existing-unreviewed		0
elfHeader	elfзаголовок	elfзаголовок	existing-unreviewed		0
enabled	включено	включено	existing-unreviewed		0
end	конце	конце	existing-unreviewed		0
endOffset	концеoffset	концеoffset	existing-unreviewed		0
end_cylinder	концеcylinder	концеcylinder	existing-unreviewed		0
end_head	концеhead	концеhead	existing-unreviewed		0
end_sector	концеsector	концеsector	existing-unreviewed		0
ensureCurrentProcess	ensureТекущаядатапроцесс	ensureТекущаядатапроцесс	existing-unreviewed		0
entry	запись	запись	existing-unreviewed		0
entryPoint	записьpoint	записьpoint	existing-unreviewed		0
entrypoint	записьpoint_2	записьpoint_2	existing-unreviewed		0
environment	environment	environment	existing-unreviewed		0
environmentPointers	environmentpointers	environmentpointers	existing-unreviewed		0
err	ошибка	ошибка	existing-unreviewed		0
errorPort	ошибкапорт	ошибкапорт	existing-unreviewed		0
es	es	es	existing-unreviewed		0
esi	esi	esi	existing-unreviewed		0
esp	esp	esp	existing-unreviewed		0
esp0	esp0	esp0	existing-unreviewed		0
esp1	esp1	esp1	existing-unreviewed		0
esp2	esp2	esp2	existing-unreviewed		0
etherFrameProvider	эфирнаяСетькадрprovider	поставщик_кадров_сети_с_общей_средой	project-proposal	ethernet_provider	1
etherType	эфирнаяСетьтип	эфирнаяСетьтип	existing-unreviewed		0
etherType_BE	эфирнаяСетьтипbe	эфирнаяСетьтипbe	existing-unreviewed		0
etherframe	эфирнаяСетькадр	кадр_сети_с_общей_средой	project-proposal	ethernet_frame	1
etherframePayload	эфирнаяСетькадрpayload	эфирнаяСетькадрpayload	existing-unreviewed		0
except	except	except	existing-unreviewed		0
exceptionCR0	exceptioncr0	exceptioncr0	existing-unreviewed		0
exceptionCR2	exceptioncr2	exceptioncr2	existing-unreviewed		0
exceptionCR3	exceptioncr3	exceptioncr3	existing-unreviewed		0
exceptionFrameValue	exceptionкадрЗначение	exceptionкадрЗначение	existing-unreviewed		0
exceptionHasErrorCode	exceptionhasОшибкаcode	exceptionhasОшибкаcode	existing-unreviewed		0
exceptionName	exceptionИмя	exceptionИмя	existing-unreviewed		0
execVector	выполнениеvector	выполнениеvector	existing-unreviewed		0
exists	exists	exists	existing-unreviewed		0
exited	выход	выход	existing-unreviewed		0
ext	ext	ext	existing-unreviewed		0
extFlags	extФлаги	extФлаги	existing-unreviewed		0
extendedScanCode	extendedСканироватьcode	extendedСканироватьcode	existing-unreviewed		0
fDupFD	fdupfd	fdupfd	existing-unreviewed		0
fGetFD	fgetfd	fgetfd	existing-unreviewed		0
fGetFL	fgetfl	fgetfl	existing-unreviewed		0
fSetFD	fуказатьfd	fуказатьfd	existing-unreviewed		0
fSetFL	fуказатьfl	fуказатьfl	existing-unreviewed		0
fat	fat	fat	existing-unreviewed		0
fatCopies	fatкопировать	fatкопировать	existing-unreviewed		0
fatInfo	fatИнформация	fatИнформация	existing-unreviewed		0
fatOffsetInSectorForCurrentCluster	fatoffsetИсходящийsectorforТекущаядатаcluster	fatoffsetИсходящийsectorforТекущаядатаcluster	existing-unreviewed		0
fatSectorCount	fatsectorКоличество	fatsectorКоличество	existing-unreviewed		0
fatSectorForCurrentCluster	fatsectorforТекущаядатаcluster	fatsectorforТекущаядатаcluster	existing-unreviewed		0
fatSize	fatРазмер	fatРазмер	existing-unreviewed		0
fatStart	fatПуск	fatПуск	existing-unreviewed		0
fatTypeLabel	fatтипметка	fatтипметка	existing-unreviewed		0
fatVersion	fatВерсия	fatВерсия	existing-unreviewed		0
fatbuf	fatbuf	fatbuf	existing-unreviewed		0
fatbuffer	fatbuffer	fatbuffer	existing-unreviewed		0
faultAddr	ошибкаaddress	ошибкаaddress	existing-unreviewed		0
fb	fb	fb	existing-unreviewed		0
fbCurCol	fbТекущаядатаcol	fbТекущаядатаcol	existing-unreviewed		0
fbCurLine	fbТекущаядатаСтрока	fbТекущаядатаСтрока	existing-unreviewed		0
fbHeight	fbВысота	fbВысота	existing-unreviewed		0
fbPhysAddr	fbphysaddress	fbphysaddress	existing-unreviewed		0
fbWidth	fbШирина	fbШирина	existing-unreviewed		0
fd	fd	fd	existing-unreviewed		0
fdCloexec	fdcloexec	fdcloexec	existing-unreviewed		0
fdEntry	fdзапись	fdзапись	existing-unreviewed		0
fdFlags	fdФлаги	fdФлаги	existing-unreviewed		0
fdKindConsole	fdТипконсоль	fdТипконсоль	existing-unreviewed		0
fdKindFat	fdТипfat	fdТипfat	existing-unreviewed		0
fdKindNone	fdТипНет	fdТипНет	existing-unreviewed		0
fdKindRootDir	fdТипКоренькаталог	fdТипКоренькаталог	existing-unreviewed		0
fdKindSocket	fdТипсокет	fdТипсокет	existing-unreviewed		0
fdKindStdin	fdТипstdin	fdТипstdin	existing-unreviewed		0
fds	fds	fds	existing-unreviewed		0
filePtr	файлУказатели	файлУказатели	existing-unreviewed		0
fileSector	файлsector	файлsector	existing-unreviewed		0
fileSize	файлРазмер	файлРазмер	existing-unreviewed		0
filename	имяфайла	имяфайла	existing-unreviewed		0
fillPosixStat	fillposixstat	fillposixstat	existing-unreviewed		0
findProcess	найтипроцесс	найтипроцесс	existing-unreviewed		0
first	first	first	existing-unreviewed		0
firstClusterHi	firstclusterhi	firstclusterhi	existing-unreviewed		0
firstClusterLow	firstclusterНизкий	firstclusterНизкий	existing-unreviewed		0
firstFileCluster	firstфайлcluster	firstфайлcluster	existing-unreviewed		0
flags	флаги	флаги	existing-unreviewed		0
flags2	флаги2	флаги2	existing-unreviewed		0
flagsAndOffset	флагииoffset	флагииoffset	existing-unreviewed		0
flushIndex	flushСодержание	flushСодержание	existing-unreviewed		0
flushTlsTable	flushtlsТаблица	flushtlsТаблица	existing-unreviewed		0
flush_tss	flushtss	flushtss	existing-unreviewed		0
fn	fn	fn	existing-unreviewed		0
foo	foo	foo	existing-unreviewed		0
foundChild	foundпотомок	foundпотомок	existing-unreviewed		0
frame	кадр	кадр	existing-unreviewed		0
frameCount	кадрКоличество	кадрКоличество	existing-unreviewed		0
frameHeaderSize	кадрзаголовокРазмер	кадрзаголовокРазмер	existing-unreviewed		0
free	свободно	свободно	existing-unreviewed		0
freePort	свободнопорт	свободнопорт	existing-unreviewed		0
frequency	повторяемость	повторяемость	existing-unreviewed		0
fs	fs	fs	existing-unreviewed		0
func1Val	func1val	func1val	existing-unreviewed		0
func2Val	func2val	func2val	existing-unreviewed		0
func3Val	func3val	func3val	existing-unreviewed		0
func_addr	funcaddress	funcaddress	existing-unreviewed		0
func_bytes	funcБайт	funcБайт	existing-unreviewed		0
func_name	funcИмя	funcИмя	existing-unreviewed		0
func_value	funcЗначение	funcЗначение	existing-unreviewed		0
function	функция	функция	existing-unreviewed		0
fxrstor	fxrstor	fxrstor	existing-unreviewed		0
fxsave	fxsave	fxsave	existing-unreviewed		0
g	g	g	existing-unreviewed		0
g_320x200x256	g320x200x256	g320x200x256	existing-unreviewed		0
gate	шлюз	шлюз	existing-unreviewed		0
gateData	шлюзданные	шлюзданные	existing-unreviewed		0
gatewayIP	gatewayip	gatewayip	existing-unreviewed		0
gdt	gdt	gdt	existing-unreviewed		0
gdtDescriptor	gdtdescriptor	gdtdescriptor	existing-unreviewed		0
gdtEntry	gdtзапись	gdtзапись	existing-unreviewed		0
gdtTable	gdtТаблица	gdtТаблица	existing-unreviewed		0
gdtTableLen	gdtТаблицаlen	gdtТаблицаlen	existing-unreviewed		0
gdt_codeSegmentSelector	gdtcodesegmentselector	gdtcodesegmentselector	existing-unreviewed		0
gdt_func	gdtfunc	gdtfunc	existing-unreviewed		0
getCR2	getcr2	getcr2	existing-unreviewed		0
getCR3	getcr3	getcr3	existing-unreviewed		0
getDescriptor	getdescriptor	getdescriptor	existing-unreviewed		0
getESI	getesi	getesi	existing-unreviewed		0
getESP	getesp	getesp	existing-unreviewed		0
getGDT	getgdt	getgdt	existing-unreviewed		0
getGS	getgs	getgs	existing-unreviewed		0
getOpenFile	getоткрытьфайл	getоткрытьфайл	existing-unreviewed		0
getOpenFileFor	getоткрытьфайлfor	getоткрытьфайлfor	existing-unreviewed		0
getTLS	gettls	gettls	existing-unreviewed		0
globalDescriptorTable	глобальныеdescriptorТаблица	глобальныеdescriptorТаблица	existing-unreviewed		0
globalOffsetTable	глобальныеoffsetТаблица	глобальныеoffsetТаблица	existing-unreviewed		0
global_offset_table	глобальныеoffsetТаблица_2	глобальныеoffsetТаблица_2	existing-unreviewed		0
graphicsControllerDataPort	графикаконтроллерданныепорт	графикаконтроллерданныепорт	existing-unreviewed		0
graphicsControllerIndexPort	графикаконтроллерСодержаниепорт	графикаконтроллерСодержаниепорт	existing-unreviewed		0
grub_multiboot_memory_map_t	grubmultibootпамятькартаt	grubmultibootпамятькартаt	existing-unreviewed		0
gs	gs	gs	existing-unreviewed		0
gs_segment	gssegment	gssegment	existing-unreviewed		0
h	h	h	existing-unreviewed		0
haltAfterFatalException	haltПослеfatalexception	haltПослеfatalexception	existing-unreviewed		0
handleInterrupt	ручкапрерывание	ручкапрерывание	existing-unreviewed		0
handleKeyboardInterrupt	ручкаклавиатурапрерывание	ручкаклавиатурапрерывание	existing-unreviewed		0
handleMouseInterrupt	ручкамышьпрерывание	ручкамышьпрерывание	existing-unreviewed		0
handlePagingInterrupt	ручкауправлениеСтраницамипрерывание	ручкауправлениеСтраницамипрерывание	existing-unreviewed		0
handleUnhandledSyscall	ручкаunhandledsyscall	ручкаunhandledsyscall	existing-unreviewed		0
handler	handler	handler	existing-unreviewed		0
handlerAddressHighBits	handleraddressВысокийбит	handleraddressВысокийбит	existing-unreviewed		0
handlerAddressLowBits	handleraddressНизкийбит	handleraddressНизкийбит	existing-unreviewed		0
handlerRun	handlerЗапустить	handlerЗапустить	existing-unreviewed		0
handlers	handler_2	handler_2	existing-unreviewed		0
hardwareAddressSize	оборудованиеaddressРазмер	оборудованиеaddressРазмер	existing-unreviewed		0
hardwareInterruptOffset	оборудованиепрерываниеoffset	оборудованиепрерываниеoffset	existing-unreviewed		0
hardwareType	оборудованиетип	оборудованиетип	existing-unreviewed		0
hd	hd	hd	existing-unreviewed		0
head	head	head	existing-unreviewed		0
headCount	headКоличество	headКоличество	existing-unreviewed		0
headerLength	заголовокДлина	заголовокДлина	existing-unreviewed		0
headertype	headertype	headertype	existing-unreviewed		0
height	высота	высота	existing-unreviewed		0
hex	hex	hex	existing-unreviewed		0
hiddenSectors	скрытыеsectors	скрытыеsectors	existing-unreviewed		0
i	i	i	existing-unreviewed		0
iCount	iКоличество	iКоличество	existing-unreviewed		0
iDrivers	iдрайвер	iдрайвер	existing-unreviewed		0
iKeyboardEventHandler	iклавиатурасобытиеhandler	iклавиатурасобытиеhandler	existing-unreviewed		0
iMouseEventHandler	iмышьсобытиеhandler	iмышьсобытиеhandler	existing-unreviewed		0
iPCIControllerHandler	ipciконтроллерhandler	ipciконтроллерhandler	existing-unreviewed		0
iRawDataHandler	irawданныеhandler	irawданныеhandler	existing-unreviewed		0
iTimerEventHandler	iтаймерсобытиеhandler	iтаймерсобытиеhandler	existing-unreviewed		0
icmp	icmp	протокол_управляющих_сообщений_объединённой_сети	project-proposal	icmp	12
icmpSize	icmpРазмер	icmpРазмер	existing-unreviewed		0
icmp콘솔	icmpконсоль	icmpконсоль	existing-unreviewed		0
id	иДЕНТИФИКАТОР	иДЕНТИФИКАТОР	existing-unreviewed		0
ident	ident	ident	existing-unreviewed		0
idtData	idtданные	idtданные	existing-unreviewed		0
idtPointer	idtУказатели	idtУказатели	existing-unreviewed		0
idx	idx	idx	existing-unreviewed		0
index	содержание	содержание	existing-unreviewed		0
initBlock	initБлок	initБлок	existing-unreviewed		0
initFileDescriptors	initфайлdescriptor	initфайлdescriptor	existing-unreviewed		0
initPIT	initpit	initpit	existing-unreviewed		0
initializeProcessFDs	initializeпроцессfds	initializeпроцессfds	existing-unreviewed		0
inode	inode	inode	existing-unreviewed		0
inputEventTask	вводсобытиезадача	вводсобытиезадача	existing-unreviewed		0
installIDT	установитьidt	установитьidt	existing-unreviewed		0
intNumber	целоеЧисло	целоеЧисло	existing-unreviewed		0
interface_id	интерфейсИДЕНТИФИКАТОР	интерфейсИДЕНТИФИКАТОР	existing-unreviewed		0
internetprotocolPayload	интернетprotocolpayload	интернетprotocolpayload	existing-unreviewed		0
interrupt	прерывание	прерывание	existing-unreviewed		0
interruptDebug	прерываниеОтладка	прерываниеОтладка	existing-unreviewed		0
interruptExitLoop	прерываниеВыходloop	прерываниеВыходloop	existing-unreviewed		0
interruptGateEntries	прерываниешлюззапись	прерываниешлюззапись	existing-unreviewed		0
interruptHandler	прерываниеhandler	прерываниеhandler	existing-unreviewed		0
interrupts	interrupts	interrupts	existing-unreviewed		0
iomap	iomap	iomap	existing-unreviewed		0
ip	ip	ip	existing-unreviewed		0
ipEtherFrameHandler	ipэфирнаяСетькадрhandler	ipэфирнаяСетькадрhandler	existing-unreviewed		0
ipHandler	iphandler	iphandler	existing-unreviewed		0
ipIdx	ipidx	ipidx	existing-unreviewed		0
ipProtocolUDP	ipprotocoludp	ipprotocoludp	existing-unreviewed		0
ipProvider	ipprovider	поставщик_протокола_объединённой_сети	project-proposal	ip_provider	5
ipSize	ipРазмер	ipРазмер	existing-unreviewed		0
ip_be	ipсетьбайтorder	ipсетьбайтorder	existing-unreviewed		0
ipmessage	интернетprotocolСообщение	интернетprotocolСообщение	existing-unreviewed		0
ipv4	ipv4	протокол_объединённой_сети_4	project-proposal	ipv4	1
ip콘솔	ipконсоль	ipконсоль	existing-unreviewed		0
isKernel	isядро	isядро	existing-unreviewed		0
isRoot	isКорень	isКорень	existing-unreviewed		0
isRootPath	isКореньПУТЬ	isКореньПУТЬ	existing-unreviewed		0
isSharedPDE	issharedpde	issharedpde	existing-unreviewed		0
istOffset	istoffset	istoffset	existing-unreviewed		0
j	j	j	existing-unreviewed		0
jmp	jmp	jmp	existing-unreviewed		0
jmp_user	jmpпользователь	jmpпользователь	existing-unreviewed		0
jump_usermode_iret	jumpПользовательскийрежимiret	jumpПользовательскийрежимiret	existing-unreviewed		0
kPageDirEntry	kстраницакаталогзапись	kстраницакаталогзапись	existing-unreviewed		0
kernelESP	ядроesp	ядроesp	existing-unreviewed		0
kernelPageDirEntry	ядространицакаталогзапись	ядространицакаталогзапись	existing-unreviewed		0
kernelSS	ядроss	ядроss	existing-unreviewed		0
key	ключ	ключ	existing-unreviewed		0
keyboard	клавиатура	клавиатура	existing-unreviewed		0
keyboardDriver	клавиатурадрайвер	клавиатурадрайвер	existing-unreviewed		0
keyboardEventHandler	клавиатурасобытиеhandler	клавиатурасобытиеhandler	existing-unreviewed		0
keyboardQueue	клавиатураочередь	клавиатураочередь	existing-unreviewed		0
keyboardQueueRead	клавиатураочередьчитать	клавиатураочередьчитать	existing-unreviewed		0
keyboardQueueSize	клавиатураочередьРазмер	клавиатураочередьРазмер	existing-unreviewed		0
keyboardQueueWrite	клавиатураочередьписать	клавиатураочередьписать	existing-unreviewed		0
kind	тип	тип	existing-unreviewed		0
l	l	l	existing-unreviewed		0
last	последнее	последнее	existing-unreviewed		0
lbaHiPort	lbahiпорт	lbahiпорт	existing-unreviewed		0
lbaLowPort	lbaНизкийпорт	lbaНизкийпорт	existing-unreviewed		0
lbaMidPort	lbamidпорт	lbamidпорт	existing-unreviewed		0
ldt	ldt	ldt	existing-unreviewed		0
leftShift	слеваshift	слеваshift	existing-unreviewed		0
len	len	len	existing-unreviewed		0
len_ver	lenver	lenver	existing-unreviewed		0
length	длина	длина	existing-unreviewed		0
lengthAddress	длинаaddress	длинаaddress	existing-unreviewed		0
lengthInBytes	длинаИсходящийБайт	длинаИсходящийБайт	existing-unreviewed		0
length_high	длинаВысокий	длинаВысокий	existing-unreviewed		0
length_low	длинаНизкий	длинаНизкий	existing-unreviewed		0
lengths	lengths	lengths	existing-unreviewed		0
lib1Addr	lib1address	lib1address	existing-unreviewed		0
lib1Data	lib1данные	lib1данные	existing-unreviewed		0
lib1File	lib1файл	lib1файл	existing-unreviewed		0
lib1GOT	lib1got	lib1got	existing-unreviewed		0
lib1elf	lib1elf	lib1elf	existing-unreviewed		0
lib2Addr	lib2address	lib2address	existing-unreviewed		0
lib2Data	lib2данные	lib2данные	existing-unreviewed		0
lib2File	lib2файл	lib2файл	existing-unreviewed		0
lib2GOT	lib2got	lib2got	existing-unreviewed		0
lib2elf	lib2elf	lib2elf	existing-unreviewed		0
libLinkMap	libссылкакарта	libссылкакарта	existing-unreviewed		0
lidtaddr	lidtaddr	lidtaddr	existing-unreviewed		0
limit	ограничение	ограничение	existing-unreviewed		0
limitHighAndFlags	ограничениеВысокийиФлаги	ограничениеВысокийиФлаги	existing-unreviewed		0
limitLow	ограничениеНизкий	ограничениеНизкий	existing-unreviewed		0
linkMap	ссылкакарта	ссылкакарта	existing-unreviewed		0
linkMapAddr	ссылкакартаaddress	ссылкакартаaddress	existing-unreviewed		0
linkerAddr	linkeraddress	linkeraddress	existing-unreviewed		0
linkerData	linkerданные	linkerданные	existing-unreviewed		0
linkerEntry	linkerзапись	linkerзапись	existing-unreviewed		0
linkerFile	linkerфайл	linkerфайл	existing-unreviewed		0
list	список	список	existing-unreviewed		0
listening	listening	listening	existing-unreviewed		0
loader	loader	loader	existing-unreviewed		0
local	локальный	локальный	existing-unreviewed		0
localDatagramSocket	локальныйdatagramсокет	локальныйdatagramсокет	existing-unreviewed		0
localIP	локальныйip	локальныйip	existing-unreviewed		0
localPort	локальныйпортЧисло	локальныйпортЧисло	existing-unreviewed		0
localSockets	локальныйsockets	локальныйsockets	existing-unreviewed		0
logicalAddress	логическиеоперацииaddress	логическиеоперацииaddress	existing-unreviewed		0
macAddr	macaddress	macaddress	existing-unreviewed		0
macIdx	macidx	macidx	existing-unreviewed		0
magicnumber	magicnumber	magicnumber	existing-unreviewed		0
main	main	main	compatibility		0
mainThread	главныйпоток	главныйпоток	existing-unreviewed		0
makePagePrivateWritableCurrent	makeстраницаЧастнаяwritableТекущаядата	makeстраницаЧастнаяwritableТекущаядата	existing-unreviewed		0
makeRangePrivateWritableCurrent	makeДиапазонЧастнаяwritableТекущаядата	makeДиапазонЧастнаяwritableТекущаядата	existing-unreviewed		0
manager	диспетчер	диспетчер	existing-unreviewed		0
mask	маска	маска	existing-unreviewed		0
master	главный	главный	existing-unreviewed		0
matches	matches	matches	existing-unreviewed		0
maxBARs	максимумbars	максимумbars	existing-unreviewed		0
maxDatagramSize	максимумdatagramРазмер	максимумdatagramРазмер	existing-unreviewed		0
maxExecStringLength	максимумВыполнениеСтрокаДлина	максимумВыполнениеСтрокаДлина	existing-unreviewed		0
maxExecVectorEntries	максимумВыполнениеvectorзапись	максимумВыполнениеvectorзапись	existing-unreviewed		0
maxFD	максимумfd	максимумfd	existing-unreviewed		0
maxOpenFiles	максимумоткрытьФАЙЛЫ	максимумоткрытьФАЙЛЫ	existing-unreviewed		0
maxSocketPackets	максимумсокетпакетов	максимумсокетпакетов	existing-unreviewed		0
maxSockets	максимумsockets	максимумsockets	existing-unreviewed		0
maximumBlocks	максимумБлок	максимумБлок	existing-unreviewed		0
mediaType	носителитип	носителитип	existing-unreviewed		0
mem	mem	mem	existing-unreviewed		0
memoryArray	памятьмассив	памятьмассив	existing-unreviewed		0
memoryChunkSize	памятьchunkРазмер	памятьchunkРазмер	existing-unreviewed		0
memoryManager	памятьдиспетчер	памятьдиспетчер	existing-unreviewed		0
memoryOper	памятьoper	памятьoper	existing-unreviewed		0
memorySize	памятьРазмер	памятьРазмер	existing-unreviewed		0
memorymananger	memorymananger	memorymananger	existing-unreviewed		0
memorytest	memorytest	memorytest	existing-unreviewed		0
message	сообщение	сообщение	existing-unreviewed		0
micsPort	micsпорт	micsпорт	existing-unreviewed		0
minimum	минимум	минимум	existing-unreviewed		0
mode	режим	режим	existing-unreviewed		0
mouseDriver	мышьдрайвер	мышьдрайвер	existing-unreviewed		0
mouseEventHandler	мышьсобытиеhandler	мышьсобытиеhandler	existing-unreviewed		0
mouseVGA	мышьvga	мышьvga	existing-unreviewed		0
mouseWidget	мышьэлемент	мышьэлемент	existing-unreviewed		0
msdospart	msdosразделДиска	msdosразделДиска	existing-unreviewed		0
msg	msg	msg	existing-unreviewed		0
msgBuffer	msgbuffer	msgbuffer	existing-unreviewed		0
multiboot_memory_map	multibootпамятькарта	multibootпамятькарта	existing-unreviewed		0
multitasking	многоуправлениеЗадачами	многоуправлениеЗадачами	existing-unreviewed		0
myKeyboardEventHandler	myклавиатурасобытиеhandler	myклавиатурасобытиеhandler	existing-unreviewed		0
myPCIControllerHandler	mypciконтроллерhandler	mypciконтроллерhandler	existing-unreviewed		0
myfunction	myfunction	myfunction	existing-unreviewed		0
n	n	n	existing-unreviewed		0
n_descsz	ndescsz	ndescsz	existing-unreviewed		0
n_namesz	nnamesz	nnamesz	existing-unreviewed		0
n_type	nтип	nтип	existing-unreviewed		0
name	имя	имя	existing-unreviewed		0
nameLen	имяlen	имяlen	existing-unreviewed		0
netCard	сетьКарточные	сетьКарточные	existing-unreviewed		0
newButtons	новыйКнопка	новыйКнопка	existing-unreviewed		0
newFD	новыйfd	новыйfd	existing-unreviewed		0
newFrame	новыйкадр	новыйкадр	existing-unreviewed		0
newLink	новыйссылка	новыйссылка	existing-unreviewed		0
newNode	новыйУзел	новыйУзел	existing-unreviewed		0
newPtr	новыйУказатели	новыйУказатели	existing-unreviewed		0
next	далее	далее	existing-unreviewed		0
nextEphemeralPort	далееephemeralпорт	далееephemeralпорт	existing-unreviewed		0
nextFileCluster	далеефайлcluster	далеефайлcluster	existing-unreviewed		0
nextHopIP_BE	далееhopipaddressсетьбайтorder	далееhopipaddressсетьбайтorder	existing-unreviewed		0
nextNode	далееУзел	далееУзел	existing-unreviewed		0
nextProcessID	далеепроцессИДЕНТИФИКАТОР	далеепроцессИДЕНТИФИКАТОР	existing-unreviewed		0
nextThread	далеепоток	далеепоток	existing-unreviewed		0
nibble	nibble	nibble	existing-unreviewed		0
node	узел	узел_списка	project-proposal	list_node	16
nodeArray	узелмассив	узелмассив	existing-unreviewed		0
num	число	число	existing-unreviewed		0
numCacheEntries	числоcacheзапись	числоcacheзапись	existing-unreviewed		0
numDrivers	числодрайвер	числодрайвер	existing-unreviewed		0
numFunctions	числоФункции	числоФункции	existing-unreviewed		0
numRecvBuffers	числоrecvbuffer	числоrecvbuffer	existing-unreviewed		0
numSendBuffers	числоОтправитьbuffer	числоОтправитьbuffer	existing-unreviewed		0
numSockets	числоsockets	числоsockets	existing-unreviewed		0
numTasks	числоЗадачи	числоЗадачи	existing-unreviewed		0
oAppend	oappend	oappend	existing-unreviewed		0
oCreate	oсоздать	oсоздать	existing-unreviewed		0
oDirectory	oкаталог	oкаталог	existing-unreviewed		0
oReadOnly	oчитатьтолько	oчитатьтолько	existing-unreviewed		0
oReadWrite	oчитатьписать	oчитатьписать	existing-unreviewed		0
oTruncate	oЦелочисленнаячасть	oЦелочисленнаячасть	existing-unreviewed		0
oWriteOnly	oписатьтолько	oписатьтолько	existing-unreviewed		0
o_addr	oaddress	oaddress	existing-unreviewed		0
offset	offset	offset	existing-unreviewed		0
ok	оК	оК	existing-unreviewed		0
oldButtons	oldКнопка	oldКнопка	existing-unreviewed		0
oldCR3	oldcr3	oldcr3	existing-unreviewed		0
oldFD	oldfd	oldfd	existing-unreviewed		0
oldFrame	oldкадр	oldкадр	existing-unreviewed		0
oldGdt	oldgdt	oldgdt	existing-unreviewed		0
oldGdtAddr	oldgdtaddress	oldgdtaddress	existing-unreviewed		0
oldGdtLen	oldgdtlen	oldgdtlen	existing-unreviewed		0
openFileDescription	открытьфайлОписание	открытьфайлОписание	existing-unreviewed		0
openFileTable	открытьфайлТаблица	открытьфайлТаблица	existing-unreviewed		0
options	параметры	параметры	existing-unreviewed		0
orgValue	orgЗначение	orgЗначение	existing-unreviewed		0
p	p	p	existing-unreviewed		0
p1	p1	p1	existing-unreviewed		0
p2	p2	p2	existing-unreviewed		0
p_align	pВыравнивание	pВыравнивание	existing-unreviewed		0
p_backend	pbackend	pbackend	existing-unreviewed		0
p_data	pданные	pданные	existing-unreviewed		0
p_efHandler	pefhandler	pefhandler	existing-unreviewed		0
p_efProvider	pefprovider	pefprovider	existing-unreviewed		0
p_etherType	pэфирнаяСетьтип	pэфирнаяСетьтип	existing-unreviewed		0
p_filesz	pfilesz	pfilesz	existing-unreviewed		0
p_flags	pФлаги	pФлаги	existing-unreviewed		0
p_iHandler	pihandler	pihandler	existing-unreviewed		0
p_ipHandler	piphandler	piphandler	existing-unreviewed		0
p_ipProvider	pipprovider	pipprovider	existing-unreviewed		0
p_memsz	pmemsz	pmemsz	existing-unreviewed		0
p_offset	poffset	poffset	existing-unreviewed		0
p_paddr	ppaddr	ppaddr	existing-unreviewed		0
p_protocol	pprotocol	pprotocol	existing-unreviewed		0
p_provider	pprovider	pprovider	existing-unreviewed		0
p_str	pstr	pstr	existing-unreviewed		0
p_type	pтип	pтип	existing-unreviewed		0
p_udpHandler	pudphandler	pudphandler	existing-unreviewed		0
p_udpProvider	pudpprovider	pudpprovider	existing-unreviewed		0
p_vaddr	pvaddr	pvaddr	existing-unreviewed		0
packet	пАКЕТ	пАКЕТ	existing-unreviewed		0
packetStatus	пАКЕТСостояние	пАКЕТСостояние	existing-unreviewed		0
packets	пакетов	пакетов	existing-unreviewed		0
page	страница	страница	existing-unreviewed		0
pageDir	страницакаталог	каталог_страниц	project-proposal	page_directory	27
pageDirEntry	страницакаталогзапись	страницакаталогзапись	existing-unreviewed		0
pageTableEntry	страницаТаблицазапись	страницаТаблицазапись	existing-unreviewed		0
paging	управлениеСтраницами	управлениеСтраницами	existing-unreviewed		0
param	param	param	existing-unreviewed		0
params	аргументы_3	аргументы_3	existing-unreviewed		0
parent	родитель	родитель	existing-unreviewed		0
parentPID	родительpid	родительpid	existing-unreviewed		0
parentProcess	родительпроцесс	родительпроцесс	existing-unreviewed		0
partEntry	partзапись	partзапись	existing-unreviewed		0
partition	разделДиска	разделДиска	existing-unreviewed		0
partitionBytes	разделДискаБайт	разделДискаБайт	existing-unreviewed		0
partitionOffset	разделДискаoffset	разделДискаoffset	existing-unreviewed		0
path	пУТЬ	пУТЬ	existing-unreviewed		0
pathAddr	пУТЬaddress	пУТЬaddress	existing-unreviewed		0
pci	pci	pci	existing-unreviewed		0
pciController	pciконтроллер	pciконтроллер	existing-unreviewed		0
pde	pde	pde	existing-unreviewed		0
pdeAddr	pdeaddress	pdeaddress	existing-unreviewed		0
pdelen	pdelen	pdelen	existing-unreviewed		0
peer	peer	peer	existing-unreviewed		0
pendingButtons	ожидающийКнопка	ожидающийКнопка	existing-unreviewed		0
pendingMouseEvent	ожидающиймышьсобытие	ожидающиймышьсобытие	existing-unreviewed		0
pendingX	ожидающийx	ожидающийx	existing-unreviewed		0
pendingY	ожидающийy	ожидающийy	existing-unreviewed		0
phyaddr	phyaddr	phyaddr	existing-unreviewed		0
phymem	физическийпамять	физическийпамять	existing-unreviewed		0
physicalAddress	физическийaddress	физическийaddress	existing-unreviewed		0
pid	pid	pid	existing-unreviewed		0
pitFrequency	pitПовторяемость	pitПовторяемость	existing-unreviewed		0
pixelAddress	pixeladdress	pixeladdress	existing-unreviewed		0
pointer	указатели	ссылка_на_адрес	project-proposal	pointer	39
pollKeyboardScancode	pollклавиатураscancode	pollклавиатураscancode	existing-unreviewed		0
port	порт	порт	existing-unreviewed		0
portBase	портbase	портbase	existing-unreviewed		0
portInUse	портИсходящийИспользовать	портИсходящийИспользовать	existing-unreviewed		0
portnumber	portnumber	portnumber	existing-unreviewed		0
pos	позиция	позиция	existing-unreviewed		0
position	позиция_2	позиция_2	existing-unreviewed		0
posixStat	posixstat	posixstat	existing-unreviewed		0
posixUtsname	posixutsname	posixutsname	existing-unreviewed		0
prefetchable	prefetchcapable	prefetchcapable	existing-unreviewed		0
prev	previous	previous	existing-unreviewed		0
prevNode	previousУзел	previousУзел	existing-unreviewed		0
prevX	previousx	previousx	existing-unreviewed		0
prevY	previousy	previousy	existing-unreviewed		0
printESP	печатьesp	печатьesp	existing-unreviewed		0
printExceptionSelectorInfo	печатьexceptionselectorИнформация	печатьexceptionselectorИнформация	existing-unreviewed		0
printPageFaultInfo	печатьстраницаошибкаИнформация	печатьстраницаошибкаИнформация	existing-unreviewed		0
printreg	printreg	printreg	existing-unreviewed		0
proc2	proc2	proc2	existing-unreviewed		0
proc3	proc3	proc3	existing-unreviewed		0
proc4	proc4	proc4	existing-unreviewed		0
process	процесс	процесс	existing-unreviewed		0
processEntry	процессзапись	процессзапись	existing-unreviewed		0
processHelper	процессhelper	процессhelper	existing-unreviewed		0
processTable	процессТаблица	процессТаблица	existing-unreviewed		0
processes	процессы	процессы	existing-unreviewed		0
programBreak	программаbreak	программаbreak	existing-unreviewed		0
protocol	protocol	protocol	existing-unreviewed		0
protocolAddressSize	protocoladdressРазмер	protocoladdressРазмер	existing-unreviewed		0
providedLength	providedДлина	providedДлина	existing-unreviewed		0
provider	provider	provider	existing-unreviewed		0
ps2WaitLimit	ps2ПодождатьОграничение	ps2ПодождатьОграничение	existing-unreviewed		0
pt	pt	pt	existing-unreviewed		0
pte	pte	pte	existing-unreviewed		0
pteAddr	pteaddress	pteaddress	existing-unreviewed		0
ptr	указатели_2	ссылка_на_адрес_2	project-proposal	pointer	12
pushExecUint32	pushВыполнениеunsignedinteger32	pushВыполнениеunsignedinteger32	existing-unreviewed		0
queueKeyboardByte	очередьклавиатурабайт	очередьклавиатурабайт	existing-unreviewed		0
r	r	r	existing-unreviewed		0
r_addend	raddend	raddend	existing-unreviewed		0
r_info	rИнформация	rИнформация	existing-unreviewed		0
r_offset	roffset	roffset	existing-unreviewed		0
raw	raw	raw	existing-unreviewed		0
rawDataBackend	rawданныеbackend	rawданныеbackend	existing-unreviewed		0
readFile	читатьфайл	читатьфайл	existing-unreviewed		0
readPS2Data	читатьps2данные	читатьps2данные	existing-unreviewed		0
readStdin	читатьstdin	читатьstdin	existing-unreviewed		0
readVFSFile	читатьvfsфайл	читатьvfsфайл	existing-unreviewed		0
read_count	читатьКоличество	читатьКоличество	existing-unreviewed		0
receiver	receiver	receiver	existing-unreviewed		0
recvBufferDescr	recvbufferОписание	recvbufferОписание	existing-unreviewed		0
recvBufferDescrAddress	recvbufferОписаниеaddress	recvbufferОписаниеaddress	existing-unreviewed		0
recvBuffers	recvbuffer	recvbuffer	existing-unreviewed		0
recvBuffersDescrMemory	recvbufferОписаниепамять	recvbufferОписаниепамять	existing-unreviewed		0
refBytes	referenceБайт	referenceБайт	existing-unreviewed		0
refPtr	referenceУказатели	referenceУказатели	existing-unreviewed		0
refs	refs	refs	existing-unreviewed		0
regIndex	regСодержание	regСодержание	existing-unreviewed		0
registerAddressPort	регистрaddressпорт	регистрaddressпорт	existing-unreviewed		0
registerDataPort	регистрданныепорт	регистрданныепорт	existing-unreviewed		0
registeroffset	registeroffset	registeroffset	existing-unreviewed		0
registers	регистр	регистр	existing-unreviewed		0
regtype	regtype	regtype	existing-unreviewed		0
rel_text	relтекст	relтекст	existing-unreviewed		0
rel_text_len	relтекстlen	relтекстlen	existing-unreviewed		0
releaseOpenFile	releaseоткрытьфайл	releaseоткрытьфайл	existing-unreviewed		0
released	released	released	existing-unreviewed		0
reloadCR3	обновитьcr3	обновитьcr3	existing-unreviewed		0
relocation_text	relocationтекст	relocationтекст	existing-unreviewed		0
remaining	remaining	remaining	existing-unreviewed		0
remote	сеть	сеть	existing-unreviewed		0
remoteIP	сетьip	сетьip	existing-unreviewed		0
remotePort	сетьпортЧисло	сетьпортЧисло	existing-unreviewed		0
requested	requested	requested	existing-unreviewed		0
reserved	зарезервированная	зарезервированная	existing-unreviewed		0
reserved0	зарезервированная0	зарезервированная0	existing-unreviewed		0
reservedSectors	зарезервированнаяsectors	зарезервированнаяsectors	existing-unreviewed		0
resetPort	сброспорт	сброспорт	existing-unreviewed		0
restoreFpRegs	восстановитьfpregs	восстановитьfpregs	existing-unreviewed		0
result	рЕЗУЛЬТАТ	рЕЗУЛЬТАТ	existing-unreviewed		0
result1	рЕЗУЛЬТАТ1	рЕЗУЛЬТАТ1	existing-unreviewed		0
result2	рЕЗУЛЬТАТ2	рЕЗУЛЬТАТ2	existing-unreviewed		0
ret	ret	ret	existing-unreviewed		0
revision	revision	revision	existing-unreviewed		0
rightShift	справаshift	справаshift	existing-unreviewed		0
rootCluster	кореньcluster	кореньcluster	existing-unreviewed		0
rootDirEntries	коренькаталогзапись	коренькаталогзапись	existing-unreviewed		0
rootStart	кореньПуск	кореньПуск	existing-unreviewed		0
rt	rt	rt	existing-unreviewed		0
s	s	s	existing-unreviewed		0
sIfchr	sifchr	sifchr	existing-unreviewed		0
sIfdir	sifdir	sifdir	existing-unreviewed		0
sIfmt	sifmt	sifmt	existing-unreviewed		0
sIfreg	sifreg	sifreg	existing-unreviewed		0
sIfsock	sifsock	sifsock	existing-unreviewed		0
savedESP	сохраненоesp	сохраненоesp	existing-unreviewed		0
sc	sc	sc	existing-unreviewed		0
scanCode	сканироватьcode	сканироватьcode	existing-unreviewed		0
scanCodeToByte	сканироватьcodeкбайт	сканироватьcodeкбайт	existing-unreviewed		0
scancodeToByte	scancodeкбайт	scancodeкбайт	existing-unreviewed		0
sche	sche	sche	existing-unreviewed		0
sche_data	scheданные	scheданные	existing-unreviewed		0
scheduleStack	schedulestack	schedulestack	existing-unreviewed		0
scheduler	планировщик	планировщик	existing-unreviewed		0
schedulerDebug	планировщикОтладка	планировщикОтладка	existing-unreviewed		0
sectHeader	sectзаголовок	sectзаголовок	existing-unreviewed		0
sectHeaderSize	sectзаголовокРазмер	sectзаголовокРазмер	existing-unreviewed		0
sectName	sectИмя	sectИмя	existing-unreviewed		0
sectValue	sectЗначение	sectЗначение	existing-unreviewed		0
sector	sector	sector	existing-unreviewed		0
sectorCountPort	sectorКоличествопорт	sectorКоличествопорт	existing-unreviewed		0
sectorNum	sectorЧисло	sectorЧисло	existing-unreviewed		0
sectorOffset	sectoroffset	sectoroffset	existing-unreviewed		0
sectorPerTrack	sectorpertrack	sectorpertrack	existing-unreviewed		0
sectorsPerCluster	sectorspercluster	sectorspercluster	existing-unreviewed		0
seekCur	seekТекущаядата	seekТекущаядата	existing-unreviewed		0
seekEnd	seekКонце	seekКонце	existing-unreviewed		0
seekSet	seekуказать	seekуказать	existing-unreviewed		0
segmentNumber	segmentЧисло	segmentЧисло	existing-unreviewed		0
self	текущий	текущий	existing-unreviewed		0
self_uintptr	текущийuintptr	текущийuintptr	existing-unreviewed		0
sendBack	reply	reply	existing-unreviewed		0
sendBufferDescr	отправитьbufferОписание	отправитьbufferОписание	existing-unreviewed		0
sendBufferDescrAddress	отправитьbufferОписаниеaddress	отправитьbufferОписаниеaddress	existing-unreviewed		0
sendBuffers	отправитьbuffer	отправитьbuffer	existing-unreviewed		0
sendBuffersDescrMemory	отправитьbufferОписаниепамять	отправитьbufferОписаниепамять	existing-unreviewed		0
sendDataPointer	отправитьданныеУказатели	отправитьданныеУказатели	existing-unreviewed		0
sendDescriptor	отправитьdescriptor	отправитьdescriptor	existing-unreviewed		0
sendMouseCommand	отправитьмышьКоманда	отправитьмышьКоманда	existing-unreviewed		0
sequencerDataPort	sequencerданныепорт	sequencerданныепорт	existing-unreviewed		0
sequencerIndexPort	sequencerСодержаниепорт	sequencerСодержаниепорт	existing-unreviewed		0
serialLogByte	последовательныйЖурналбайт	последовательныйЖурналбайт	existing-unreviewed		0
serialReady	последовательныйГотово	последовательныйГотово	existing-unreviewed		0
setCR3	указатьcr3	указатьcr3	existing-unreviewed		0
setDS	указатьds	указатьds	existing-unreviewed		0
setGS	указатьgs	указатьgs	existing-unreviewed		0
setThreadExitLoopState	указатьпотокВыходloopСостояние	указатьпотокВыходloopСостояние	existing-unreviewed		0
setupExecStack	setupВыполнениеstack	setupВыполнениеstack	existing-unreviewed		0
sh	sh	sh	existing-unreviewed		0
sh_addr	shaddress	shaddress	existing-unreviewed		0
sh_addralign	shaddralign	shaddralign	existing-unreviewed		0
sh_entsize	shentsize	shentsize	existing-unreviewed		0
sh_flags	shФлаги	shФлаги	existing-unreviewed		0
sh_info	shИнформация	shИнформация	existing-unreviewed		0
sh_link	shссылка	shссылка	existing-unreviewed		0
sh_name	shИмя	shИмя	existing-unreviewed		0
sh_offset	shoffset	shoffset	existing-unreviewed		0
sh_size	shРазмер	shРазмер	existing-unreviewed		0
sh_type	shтип	shтип	existing-unreviewed		0
shift	shift	shift	existing-unreviewed		0
signature	signature	signature	existing-unreviewed		0
size	размер	размер	existing-unreviewed		0
sl	sl	sl	existing-unreviewed		0
sockDatagram	sockdatagram	sockdatagram	existing-unreviewed		0
socket	сокет	сокет	existing-unreviewed		0
socketAddress	сокетaddress	сокетaddress	existing-unreviewed		0
socketAddressIPv4	сокетaddressipv4	сокетaddressipv4	existing-unreviewed		0
socketBind	сокетПрослушивать	сокетПрослушивать	existing-unreviewed		0
socketCallArgument	сокетвызовargument	сокетвызовargument	existing-unreviewed		0
socketConnect	сокетПодключить	сокетПодключить	existing-unreviewed		0
socketForFD	сокетforfd	сокетforfd	existing-unreviewed		0
socketIndex	сокетСодержание	сокетСодержание	existing-unreviewed		0
socketPacket	сокетПАКЕТ	сокетПАКЕТ	existing-unreviewed		0
socketReceiveFrom	сокетreceivefrom	сокетreceivefrom	existing-unreviewed		0
socketSendTo	сокетОтправитьк	сокетОтправитьк	existing-unreviewed		0
socketType	сокеттип	сокеттип	existing-unreviewed		0
sockets	sockets	sockets	existing-unreviewed		0
softName	softИмя	softИмя	existing-unreviewed		0
source	источник	источник	existing-unreviewed		0
sourceAddress	источникaddress	источникaddress	existing-unreviewed		0
sourceLengthAddress	источникДлинаaddress	источникДлинаaddress	existing-unreviewed		0
src	источник_2	источник_2	existing-unreviewed		0
srcEntry	источникзапись	источникзапись	existing-unreviewed		0
srcIP	источникipaddress	источникipaddress	existing-unreviewed		0
srcIP_BE	источникipaddressсетьбайтorder	источникipaddressсетьбайтorder	existing-unreviewed		0
srcMAC	источникmacaddress	источникmacaddress	existing-unreviewed		0
srcMAC_BE	источникmacbe	источникmacbe	existing-unreviewed		0
srcPageDir	источникстраницакаталог	источникстраницакаталог	existing-unreviewed		0
srcPde	источникpde	источникpde	existing-unreviewed		0
srcPdeAddr	источникpdeaddress	источникpdeaddress	existing-unreviewed		0
srcPort	источникпортЧисло	номер_порта_отправителя	project-proposal	source_port	9
srcPt	источникpt	источникpt	existing-unreviewed		0
srcptr	srcptr	srcptr	existing-unreviewed		0
ss	ss	ss	existing-unreviewed		0
ss0	ss0	ss0	existing-unreviewed		0
ss1	ss1	ss1	existing-unreviewed		0
ss2	ss2	ss2	existing-unreviewed		0
st	st	st	existing-unreviewed		0
st_info	stИнформация	stИнформация	existing-unreviewed		0
st_name	stИмя	stИмя	existing-unreviewed		0
st_other	stДругая	stДругая	existing-unreviewed		0
st_shndx	stshndx	stshndx	existing-unreviewed		0
st_size	stРазмер	stРазмер	existing-unreviewed		0
st_value	stЗначение	stЗначение	existing-unreviewed		0
stack	stack	стековая_память	project-proposal	stack	18
stackBytes	stackБайт	stackБайт	existing-unreviewed		0
stackPtr	stackУказатели	stackУказатели	existing-unreviewed		0
stack_addr	stackaddress	stackaddress	existing-unreviewed		0
stackbottom	stackbottom	stackbottom	existing-unreviewed		0
stacktop	stacktop	stacktop	existing-unreviewed		0
start	пуск	пуск	existing-unreviewed		0
startOffset	пускoffset	пускoffset	existing-unreviewed		0
start_cylinder	пускcylinder	пускcylinder	existing-unreviewed		0
start_head	пускhead	пускhead	existing-unreviewed		0
start_sector	пускsector	пускsector	existing-unreviewed		0
startingBit	startingbit	startingbit	existing-unreviewed		0
stat	stat	stat	existing-unreviewed		0
statAddr	stataddress	stataddress	existing-unreviewed		0
status	состояние	состояние	existing-unreviewed		0
statusAddr	состояниеaddress	состояниеaddress	existing-unreviewed		0
stderrFD	stderrfd	stderrfd	existing-unreviewed		0
stdinBuffer	stdinbuffer	stdinbuffer	existing-unreviewed		0
stdinFD	stdinfd	stdinfd	existing-unreviewed		0
stdinGetBlocking	stdingetblocking	stdingetblocking	existing-unreviewed		0
stdinRead	stdinчитать	stdinчитать	existing-unreviewed		0
stdinWrite	stdinписать	stdinписать	existing-unreviewed		0
stdoutFD	stdoutfd	stdoutfd	existing-unreviewed		0
stoppedThread	остановленпоток	остановленпоток	existing-unreviewed		0
str	str	str	existing-unreviewed		0
stringAddress	строкаaddress	строкаaddress	existing-unreviewed		0
stringHeader	строказаголовок	строказаголовок	existing-unreviewed		0
strtab	strtab	strtab	existing-unreviewed		0
subclass_id	subclassИДЕНТИФИКАТОР	subclassИДЕНТИФИКАТОР	existing-unreviewed		0
subnetMask	subnetМаска	subnetМаска	existing-unreviewed		0
swapUint16	подкачкаunsignedinteger16	подкачкаunsignedinteger16	existing-unreviewed		0
switchForced	switchforced	switchforced	existing-unreviewed		0
sysAccess	sysдоступ	sysдоступ	existing-unreviewed		0
sysBrk	sysbrk	sysbrk	existing-unreviewed		0
sysCall	sysвызов	sysвызов	existing-unreviewed		0
sysChdir	syschdir	syschdir	existing-unreviewed		0
sysClose	sysзакрыть	sysзакрыть	existing-unreviewed		0
sysDup	sysdup	sysdup	existing-unreviewed		0
sysDup2	sysdup2	sysdup2	existing-unreviewed		0
sysExecve	sysexecve	sysexecve	existing-unreviewed		0
sysExit	sysВыход	sysВыход	existing-unreviewed		0
sysFcntl	sysfcntl	sysfcntl	existing-unreviewed		0
sysFork	sysfork	sysfork	existing-unreviewed		0
sysFstat	sysfstat	sysfstat	existing-unreviewed		0
sysFsync	sysfsync	sysfsync	existing-unreviewed		0
sysGetcwd	sysgetcwd	sysgetcwd	existing-unreviewed		0
sysLseek	syslseek	syslseek	existing-unreviewed		0
sysOpen	sysоткрыть	sysоткрыть	existing-unreviewed		0
sysRead	sysчитать	sysчитать	existing-unreviewed		0
sysSocketCall	sysсокетвызов	sysсокетвызов	existing-unreviewed		0
sysStat	sysstat	sysstat	existing-unreviewed		0
sysUname	sysuname	sysuname	existing-unreviewed		0
sysWaitpid	syswaitpid	syswaitpid	existing-unreviewed		0
sysWrite	sysписать	sysписать	existing-unreviewed		0
syscallError	syscallОшибка	syscallОшибка	existing-unreviewed		0
syscallID	syscallИДЕНТИФИКАТОР	syscallИДЕНТИФИКАТОР	existing-unreviewed		0
systemcall	системавызов	системавызов	existing-unreviewed		0
table	таблица	таблица	existing-unreviewed		0
tableSize	таблицаРазмер	таблицаРазмер	existing-unreviewed		0
tail	tail	tail	existing-unreviewed		0
task	задача	задача	existing-unreviewed		0
taskA	задачаa	задачаa	existing-unreviewed		0
taskB	задачаb	задачаb	existing-unreviewed		0
taskC	задачаc	задачаc	existing-unreviewed		0
taskD	задачаd	задачаd	existing-unreviewed		0
taskD0	задачаd0	задачаd0	existing-unreviewed		0
taskD1	задачаd1	задачаd1	existing-unreviewed		0
taskManager	задачадиспетчер	задачадиспетчер	existing-unreviewed		0
tasks	задачи	задачи	existing-unreviewed		0
temp	temporary	temporary	existing-unreviewed		0
terminated	terminated	terminated	existing-unreviewed		0
text	текст	текст	existing-unreviewed		0
textPtr	текстУказатели	текстУказатели	existing-unreviewed		0
text_len	текстlen	текстlen	existing-unreviewed		0
text_mode_check_fb_move	текстрежимcheckfbПереместить	текстрежимcheckfbПереместить	existing-unreviewed		0
text_mode_disable_cursor	текстрежимОтключитьКурсор	текстрежимОтключитьКурсор	existing-unreviewed		0
text_mode_enable_cursor	текстрежимВключитьКурсор	текстрежимВключитьКурсор	existing-unreviewed		0
text_mode_error_writer	текстрежимОшибкаwriter	текстрежимОшибкаwriter	existing-unreviewed		0
text_mode_flush_screen	текстрежимflushЭкран	текстрежимflushЭкран	existing-unreviewed		0
text_mode_init	текстрежимinit	текстрежимinit	existing-unreviewed		0
text_mode_print	текстрежимПечать	текстрежимПечать	existing-unreviewed		0
text_mode_print_bytes	текстрежимПечатьБайт	текстрежимПечатьБайт	existing-unreviewed		0
text_mode_print_char	текстрежимПечатьchar	текстрежимПечатьchar	existing-unreviewed		0
text_mode_print_char_col	текстрежимПечатьcharcol	текстрежимПечатьcharcol	existing-unreviewed		0
text_mode_print_col	текстрежимПечатьcol	текстрежимПечатьcol	existing-unreviewed		0
text_mode_print_error	текстрежимПечатьОшибка	текстрежимПечатьОшибка	existing-unreviewed		0
text_mode_print_error_bytes	текстрежимПечатьОшибкаБайт	текстрежимПечатьОшибкаБайт	existing-unreviewed		0
text_mode_print_errorln	текстрежимПечатьerrorln	текстрежимПечатьerrorln	existing-unreviewed		0
text_mode_print_hex	текстрежимПечатьhex	текстрежимПечатьhex	existing-unreviewed		0
text_mode_print_hex16	текстрежимПечатьhex16	текстрежимПечатьhex16	existing-unreviewed		0
text_mode_print_hex32	текстрежимПечатьhex32	текстрежимПечатьhex32	existing-unreviewed		0
text_mode_print_hex64	текстрежимПечатьhex64	текстрежимПечатьhex64	existing-unreviewed		0
text_mode_print_hex_char	текстрежимПечатьhexchar	текстрежимПечатьhexchar	existing-unreviewed		0
text_mode_println	текстрежимprintln	текстрежимprintln	existing-unreviewed		0
text_mode_println_col	текстрежимprintlncol	текстрежимprintlncol	existing-unreviewed		0
text_mode_update_cursor	текстрежимОбновитьКурсор	текстрежимОбновитьКурсор	existing-unreviewed		0
text_mode_writer	текстрежимwriter	текстрежимwriter	existing-unreviewed		0
thr2	thr2	thr2	existing-unreviewed		0
thr3	thr3	thr3	existing-unreviewed		0
thr4	thr4	thr4	existing-unreviewed		0
thread	поток	поток	existing-unreviewed		0
threadExitLoop	потокВыходloop	потокВыходloop	existing-unreviewed		0
threadHelper	потокhelper	потокhelper	existing-unreviewed		0
threadPtr	потокУказатели	потокУказатели	existing-unreviewed		0
tickCount	tickКоличество	tickКоличество	existing-unreviewed		0
timeDelta	времяdelta	времяdelta	existing-unreviewed		0
timeToLive	времякlive	времякlive	existing-unreviewed		0
timer	таймер	таймер	existing-unreviewed		0
tls	tls	tls	existing-unreviewed		0
tmp	tmp	tmp	existing-unreviewed		0
tmpPtr	tmpУказатели	tmpУказатели	existing-unreviewed		0
tos	tos	tos	existing-unreviewed		0
totalLength	всегоДлина	всегоДлина	existing-unreviewed		0
totalSectorCount	всегоsectorКоличество	всегоsectorКоличество	existing-unreviewed		0
totalSectors	всегоsectors	всегоsectors	existing-unreviewed		0
trap	trap	trap	existing-unreviewed		0
tss	tss	tss	existing-unreviewed		0
tssIndex	tssСодержание	tssСодержание	existing-unreviewed		0
udp	udp	протокол_пользовательских_датаграмм	project-proposal	udp	1
udpHandler	udphandler	udphandler	existing-unreviewed		0
udpHeaderSize	udpзаголовокРазмер	udpзаголовокРазмер	existing-unreviewed		0
udpProvider	udpprovider	udpprovider	existing-unreviewed		0
udp콘솔	udpконсоль	udpконсоль	existing-unreviewed		0
unused	неиспользовано	неиспользовано	existing-unreviewed		0
used	использовано	использовано	existing-unreviewed		0
usedBlocks	использованоБлок	использованоБлок	existing-unreviewed		0
user1addr	пользователь1address	пользователь1address	existing-unreviewed		0
user1data	пользователь1данные	пользователь1данные	existing-unreviewed		0
user1entry	пользователь1запись	пользователь1запись	existing-unreviewed		0
user1file	пользователь1файл	пользователь1файл	existing-unreviewed		0
user2addr	пользователь2address	пользователь2address	existing-unreviewed		0
user2data	пользователь2данные	пользователь2данные	existing-unreviewed		0
user2entry	пользователь2запись	пользователь2запись	existing-unreviewed		0
user2file	пользователь2файл	пользователь2файл	existing-unreviewed		0
user3addr	пользователь3address	пользователь3address	existing-unreviewed		0
user3data	пользователь3данные	пользователь3данные	existing-unreviewed		0
user3entry	пользователь3запись	пользователь3запись	existing-unreviewed		0
user3file	пользователь3файл	пользователь3файл	existing-unreviewed		0
userHeapBase	пользовательheapbase	пользовательheapbase	existing-unreviewed		0
userHeapLimit	пользовательheapОграничение	пользовательheapОграничение	existing-unreviewed		0
user_esp	пользовательesp	пользовательesp	existing-unreviewed		0
userhandler	userhandler	userhandler	existing-unreviewed		0
userproc_entry	userprocзапись	userprocзапись	existing-unreviewed		0
util	утилита	утилита	existing-unreviewed		0
util콘솔	утилитаконсоль	утилитаконсоль	existing-unreviewed		0
v	v	v	existing-unreviewed		0
vAddr	vaddress	vaddress	existing-unreviewed		0
value	значение	значение	existing-unreviewed		0
values	значений	значений	existing-unreviewed		0
version	версия	версия	existing-unreviewed		0
vga	vga	vga	existing-unreviewed		0
virtlen	virtlen	virtlen	existing-unreviewed		0
virtmem	виртуальныйпамять	виртуальныйпамять	existing-unreviewed		0
virtualAddr	виртуальныйaddress	виртуальныйaddress	existing-unreviewed		0
volumeId	громкостьИДЕНТИФИКАТОР	громкостьИДЕНТИФИКАТОР	existing-unreviewed		0
volumeLabel	громкостьметка	громкостьметка	existing-unreviewed		0
w	w	w	existing-unreviewed		0
wDate	wДата	wДата	existing-unreviewed		0
wTime	wВремя	wВремя	existing-unreviewed		0
waitPS2InputEmpty	подождатьps2ВводПусто	подождатьps2ВводПусто	existing-unreviewed		0
waitPS2OutputFull	подождатьps2ВыводПолный	подождатьps2ВыводПолный	existing-unreviewed		0
wdata	wdata	wdata	existing-unreviewed		0
whence	whence	whence	existing-unreviewed		0
widget	элемент	элемент_экрана	project-proposal	widget	6
width	ширина	ширина	existing-unreviewed		0
writePS2Command	писатьps2Команда	писатьps2Команда	existing-unreviewed		0
writePS2Data	писатьps2данные	писатьps2данные	existing-unreviewed		0
write_count	писатьКоличество	писатьКоличество	existing-unreviewed		0
x	x	x	existing-unreviewed		0
xPageDir	xстраницакаталог	xстраницакаталог	existing-unreviewed		0
xPos	xПозиция	xПозиция	existing-unreviewed		0
y	y	y	existing-unreviewed		0
yPageDir	yстраницакаталог	yстраницакаталог	existing-unreviewed		0
yPos	yПозиция	yПозиция	existing-unreviewed		0
값	значение_2	значение_2	existing-unreviewed		0
공용서술자테이블	shareddescriptorТаблица	shareddescriptorТаблица	existing-unreviewed		0
기준	base_2	base_2	existing-unreviewed		0
기준_낮은	baseНизкий_2	baseНизкий_2	existing-unreviewed		0
기준_높은	baseВысокий_2	baseВысокий_2	existing-unreviewed		0
기준_매우높은	baseveryВысокий	baseveryВысокий	existing-unreviewed		0
기준주소	baseaddress	baseaddress	existing-unreviewed		0
넷카드콘솔	сетьКарточныеконсоль	сетьКарточныеконсоль	existing-unreviewed		0
단말기	terminal	terminal	existing-unreviewed		0
마우스콘솔	мышьконсоль	мышьконсоль	existing-unreviewed		0
매개값	argumentЗначение	argumentЗначение	existing-unreviewed		0
멈추기	halt	halt	existing-unreviewed		0
목적	назначение_3	назначение_3	existing-unreviewed		0
유형	тип_2	тип_2	existing-unreviewed		0
이더넷콘솔	эфирнаяСетьконсоль	эфирнаяСетьконсоль	existing-unreviewed		0
인터럽트무시하기	прерываниеignore	прерываниеignore	existing-unreviewed		0
인터럽트예외처리기	прерываниеexceptionhandler	прерываниеexceptionhandler	existing-unreviewed		0
인터럽트예외처리기0x00	прерываниеexceptionhandler0x00	прерываниеexceptionhandler0x00	existing-unreviewed		0
인터럽트예외처리기0x01	прерываниеexceptionhandler0x01	прерываниеexceptionhandler0x01	existing-unreviewed		0
인터럽트예외처리기0x02	прерываниеexceptionhandler0x02	прерываниеexceptionhandler0x02	existing-unreviewed		0
인터럽트예외처리기0x03	прерываниеexceptionhandler0x03	прерываниеexceptionhandler0x03	existing-unreviewed		0
인터럽트예외처리기0x04	прерываниеexceptionhandler0x04	прерываниеexceptionhandler0x04	existing-unreviewed		0
인터럽트예외처리기0x05	прерываниеexceptionhandler0x05	прерываниеexceptionhandler0x05	existing-unreviewed		0
인터럽트예외처리기0x06	прерываниеexceptionhandler0x06	прерываниеexceptionhandler0x06	existing-unreviewed		0
인터럽트예외처리기0x07	прерываниеexceptionhandler0x07	прерываниеexceptionhandler0x07	existing-unreviewed		0
인터럽트예외처리기0x08	прерываниеexceptionhandler0x08	прерываниеexceptionhandler0x08	existing-unreviewed		0
인터럽트예외처리기0x09	прерываниеexceptionhandler0x09	прерываниеexceptionhandler0x09	existing-unreviewed		0
인터럽트예외처리기0x0A	прерываниеexceptionhandler0x0a	прерываниеexceptionhandler0x0a	existing-unreviewed		0
인터럽트예외처리기0x0B	прерываниеexceptionhandler0x0b	прерываниеexceptionhandler0x0b	existing-unreviewed		0
인터럽트예외처리기0x0C	прерываниеexceptionhandler0x0c	прерываниеexceptionhandler0x0c	existing-unreviewed		0
인터럽트예외처리기0x0D	прерываниеexceptionhandler0x0d	прерываниеexceptionhandler0x0d	existing-unreviewed		0
인터럽트예외처리기0x0E	прерываниеexceptionhandler0x0e	прерываниеexceptionhandler0x0e	existing-unreviewed		0
인터럽트예외처리기0x0F	прерываниеexceptionhandler0x0f	прерываниеexceptionhandler0x0f	existing-unreviewed		0
인터럽트예외처리기0x10	прерываниеexceptionhandler0x10	прерываниеexceptionhandler0x10	existing-unreviewed		0
인터럽트예외처리기0x11	прерываниеexceptionhandler0x11	прерываниеexceptionhandler0x11	existing-unreviewed		0
인터럽트예외처리기0x12	прерываниеexceptionhandler0x12	прерываниеexceptionhandler0x12	existing-unreviewed		0
인터럽트예외처리기0x13	прерываниеexceptionhandler0x13	прерываниеexceptionhandler0x13	existing-unreviewed		0
인터럽트요청처리0x00	прерываниеrequesthandler0x00	прерываниеrequesthandler0x00	existing-unreviewed		0
인터럽트요청처리0x01	прерываниеrequesthandler0x01	прерываниеrequesthandler0x01	existing-unreviewed		0
인터럽트요청처리0x02	прерываниеrequesthandler0x02	прерываниеrequesthandler0x02	existing-unreviewed		0
인터럽트요청처리0x03	прерываниеrequesthandler0x03	прерываниеrequesthandler0x03	existing-unreviewed		0
인터럽트요청처리0x04	прерываниеrequesthandler0x04	прерываниеrequesthandler0x04	existing-unreviewed		0
인터럽트요청처리0x05	прерываниеrequesthandler0x05	прерываниеrequesthandler0x05	existing-unreviewed		0
인터럽트요청처리0x06	прерываниеrequesthandler0x06	прерываниеrequesthandler0x06	existing-unreviewed		0
인터럽트요청처리0x07	прерываниеrequesthandler0x07	прерываниеrequesthandler0x07	existing-unreviewed		0
인터럽트요청처리0x08	прерываниеrequesthandler0x08	прерываниеrequesthandler0x08	existing-unreviewed		0
인터럽트요청처리0x09	прерываниеrequesthandler0x09	прерываниеrequesthandler0x09	existing-unreviewed		0
인터럽트요청처리0x0A	прерываниеrequesthandler0x0a	прерываниеrequesthandler0x0a	existing-unreviewed		0
인터럽트요청처리0x0B	прерываниеrequesthandler0x0b	прерываниеrequesthandler0x0b	existing-unreviewed		0
인터럽트요청처리0x0C	прерываниеrequesthandler0x0c	прерываниеrequesthandler0x0c	existing-unreviewed		0
인터럽트요청처리0x0D	прерываниеrequesthandler0x0d	прерываниеrequesthandler0x0d	existing-unreviewed		0
인터럽트요청처리0x0E	прерываниеrequesthandler0x0e	прерываниеrequesthandler0x0e	existing-unreviewed		0
인터럽트요청처리0x0F	прерываниеrequesthandler0x0f	прерываниеrequesthandler0x0f	existing-unreviewed		0
인터럽트요청처리0x80	прерываниеrequesthandler0x80	прерываниеrequesthandler0x80	existing-unreviewed		0
인터럽트요청처리0x81	прерываниеrequesthandler0x81	прерываниеrequesthandler0x81	existing-unreviewed		0
인터럽트요청처리0x82	прерываниеrequesthandler0x82	прерываниеrequesthandler0x82	existing-unreviewed		0
인터럽트처리기	прерываниеhandler_2	прерываниеhandler_2	existing-unreviewed		0
임시	temporary_2	temporary_2	existing-unreviewed		0
자료	данные_2	данные_2	existing-unreviewed		0
자신	текущий_2	текущий_2	existing-unreviewed		0
작업관리자	задачадиспетчер_2	задачадиспетчер_2	existing-unreviewed		0
작업콘솔	задачаконсоль	задачаконсоль	existing-unreviewed		0
조각설명자	segmentdescriptor	segmentdescriptor	existing-unreviewed		0
콘솔	консоль_2	консоль_2	existing-unreviewed		0
크기	размер_2	размер_2	existing-unreviewed		0
키보드콘솔	клавиатураконсоль	клавиатураконсоль	existing-unreviewed		0
표시들	флаги_2	флаги_2	existing-unreviewed		0
표시들_한도_높은	флагиОграничениеВысокий	флагиОграничениеВысокий	existing-unreviewed		0
한도	ограничение_2	ограничение_2	existing-unreviewed		0
한도_낮은	ограничениеНизкий_2	ограничениеНизкий_2	existing-unreviewed		0
