original	before	after	review_status	concept	changed_tokens
Activate	Lülitasisse	Lülitasisse	existing-unreviewed		0
ActivateAll	LülitasisseKõik	LülitasisseKõik	existing-unreviewed		0
Active	Aktiivne	Aktiivne	existing-unreviewed		0
ActiveInterruptManager	AktiivneKatkestusmanager	AktiivneKatkestusmanager	existing-unreviewed		0
ActiveMemoryManager	AktiivneMälumanager	AktiivneMälumanager	existing-unreviewed		0
Add	Lisa	Lisa	existing-unreviewed		0
AddDriver	Lisadriver	Lisadriver	existing-unreviewed		0
AddRunnableThread	Lisarunnablethread	Lisarunnablethread	existing-unreviewed		0
AddTask	Lisatask	Lisatask	existing-unreviewed		0
AddThread	Lisathread	Lisathread	existing-unreviewed		0
Address	Address	Address	existing-unreviewed		0
AlignedMalloc	Alignedmalloc	Alignedmalloc	existing-unreviewed		0
AlignmentCheck	Alignmentcheck	Alignmentcheck	existing-unreviewed		0
AllocateBlock	AllocateKast	AllocateKast	existing-unreviewed		0
AllocatePID	Allocatepid	Allocatepid	existing-unreviewed		0
AmountOfMemory	KogusofMälu	KogusofMälu	existing-unreviewed		0
ArrayToUint16	Massiivtounsignedinteger16	Massiivtounsignedinteger16	existing-unreviewed		0
ArrayToUint32	Massiivtounsignedinteger32	Massiivtounsignedinteger32	existing-unreviewed		0
ArrayToUint48	Massiivtounsignedinteger48	Massiivtounsignedinteger48	existing-unreviewed		0
ArrayToUint48_BE	Massiivtounsignedinteger48be	Massiivtounsignedinteger48be	existing-unreviewed		0
ArrayToUint64	Massiivtounsignedinteger64	Massiivtounsignedinteger64	existing-unreviewed		0
Atime	Atime	Atime	existing-unreviewed		0
AtimeNsec	Atimensec	Atimensec	existing-unreviewed		0
BLOCKS_PER_BYTE	Kastperbyte	Kastperbyte	existing-unreviewed		0
BLOCK_SIZE	KastSuurus	KastSuurus	existing-unreviewed		0
Backend	Backend	Backend	existing-unreviewed		0
BaseAddr	Baseaddress	Baseaddress	existing-unreviewed		0
Bind	Bind	Bind	existing-unreviewed		0
Blksize	Blksize	Blksize	existing-unreviewed		0
Blocked	Blocked	Blocked	existing-unreviewed		0
BlockedState	BlockedOlek	BlockedOlek	existing-unreviewed		0
Blocks	Kast	Kast	existing-unreviewed		0
BoundRangeExceeded	BoundVahemikexceeded	BoundVahemikexceeded	existing-unreviewed		0
BroadcastMacAddress	Broadcastmacaddress	Broadcastmacaddress	existing-unreviewed		0
BytesPerSector	Baitipersector	Baitipersector	existing-unreviewed		0
BytesToString	Baititostring	Baititostring	existing-unreviewed		0
Checksum	Checksum	Checksum	existing-unreviewed		0
Clear	Puhasta	Puhasta	existing-unreviewed		0
Clone	Clone	Clone	existing-unreviewed		0
CloneAddressSpaceCOW	CloneaddressTühikcow	CloneaddressTühikcow	existing-unreviewed		0
Connect	Ühendu	Ühendu	existing-unreviewed		0
ContainsCoordinate	Containscoordinate	Containscoordinate	existing-unreviewed		0
CopyPageFrameBlock	KopeeriLehekülgRaamKast	KopeeriLehekülgRaamKast	existing-unreviewed		0
CpuState	ProtsessorOlek	ProtsessorOlek	existing-unreviewed		0
Create	Create	Create	existing-unreviewed		0
CreateFromData	Createfromdata	Createfromdata	existing-unreviewed		0
CreateFromFunction	CreatefromFunktsioon	CreatefromFunktsioon	existing-unreviewed		0
CreatePtrFromFunction	CreateKursorfromFunktsioon	CreateKursorfromFunktsioon	existing-unreviewed		0
Cs	Cs	Cs	existing-unreviewed		0
Ctime	Ctime	Ctime	existing-unreviewed		0
CtimeNsec	Ctimensec	Ctimensec	existing-unreviewed		0
CurrentPID	Käesolevpid	Käesolevpid	existing-unreviewed		0
CurrentParentPID	Käesolevvanempid	Käesolevvanempid	existing-unreviewed		0
Data	Data	Data	compatibility		0
Deactivate	Lülitavälja	Lülitavälja	existing-unreviewed		0
Deactive	Deactive	Deactive	existing-unreviewed		0
Decrement	Decrement	Decrement	existing-unreviewed		0
Delete	Kustuta	Kustuta	existing-unreviewed		0
DescriptorPrivilegeLevel	Descriptorprivilegelevel	Descriptorprivilegelevel	existing-unreviewed		0
DescriptorType	DescriptorLiik	DescriptorLiik	existing-unreviewed		0
Destroy	Hävita	Hävita	existing-unreviewed		0
Dev	Seade	Seade	existing-unreviewed		0
DeviceHasFunctions	SeadehasFunktsioonid	SeadehasFunktsioonid	existing-unreviewed		0
DeviceNotAvailable	SeadenotSaadaval	SeadenotSaadaval	existing-unreviewed		0
Device_id	Seadeid	Seadeid	existing-unreviewed		0
DisableInt	Keelaint	Keelaint	existing-unreviewed		0
Disconnect	Katkestaühendus	Katkestaühendus	existing-unreviewed		0
DivideByZero	Dividebyzero	Dividebyzero	existing-unreviewed		0
DoHandleInterrupt	DohandleKatkestus	DohandleKatkestus	existing-unreviewed		0
DoubleFault	Doublefault	Doublefault	existing-unreviewed		0
Draw	Draw	Draw	existing-unreviewed		0
DriverManager	Drivermanager	Drivermanager	existing-unreviewed		0
Ds	Ds	Ds	existing-unreviewed		0
Dynamic	Dünaamiline	Dünaamiline	existing-unreviewed		0
E2BIG	E2big	E2big	existing-unreviewed		0
EACCES	Eacces	Eacces	existing-unreviewed		0
EADDRINUSE	Eaddrinuse	Eaddrinuse	existing-unreviewed		0
EAFNOSUPPORT	Eafnosupport	Eafnosupport	existing-unreviewed		0
EAGAIN	Eagain	Eagain	existing-unreviewed		0
EBADF	Ebadf	Ebadf	existing-unreviewed		0
EBUSY	Ebusy	Ebusy	existing-unreviewed		0
ECHILD	Echild	Echild	existing-unreviewed		0
EEXIST	Eexist	Eexist	existing-unreviewed		0
EFAULT	Efault	Efault	existing-unreviewed		0
EFBIG	Efbig	Efbig	existing-unreviewed		0
EINTR	Eintr	Eintr	existing-unreviewed		0
EINVAL	Einval	Einval	existing-unreviewed		0
EIO	Eio	Eio	existing-unreviewed		0
EISDIR	Eisdir	Eisdir	existing-unreviewed		0
EMFILE	Emfile	Emfile	existing-unreviewed		0
EMSGSIZE	Emsgsize	Emsgsize	existing-unreviewed		0
ENETUNREACH	Enetunreach	Enetunreach	existing-unreviewed		0
ENFILE	Enfile	Enfile	existing-unreviewed		0
ENODEV	Enodev	Enodev	existing-unreviewed		0
ENOENT	Enoent	Enoent	existing-unreviewed		0
ENOEXEC	Enoexec	Enoexec	existing-unreviewed		0
ENOMEM	Enomem	Enomem	existing-unreviewed		0
ENOSPC	Enospc	Enospc	existing-unreviewed		0
ENOSYS	Enosys	Enosys	existing-unreviewed		0
ENOTCONN	Enotconn	Enotconn	existing-unreviewed		0
ENOTDIR	Enotdir	Enotdir	existing-unreviewed		0
ENOTTY	Enotty	Enotty	existing-unreviewed		0
EOPNOTSUPP	Eopnotsupp	Eopnotsupp	existing-unreviewed		0
EPERM	Eperm	Eperm	existing-unreviewed		0
EPROTONOSUPPORT	Eprotonosupport	Eprotonosupport	existing-unreviewed		0
ERANGE	Erange	Erange	existing-unreviewed		0
EROFS	Erofs	Erofs	existing-unreviewed		0
ESPIPE	Espipe	Espipe	existing-unreviewed		0
ESRCH	Esrch	Esrch	existing-unreviewed		0
Eax	Eax	Eax	existing-unreviewed		0
Ebp	Ebp	Ebp	existing-unreviewed		0
Ebx	Ebx	Ebx	existing-unreviewed		0
Ecx	Ecx	Ecx	existing-unreviewed		0
Edi	Edi	Edi	existing-unreviewed		0
Edx	Edx	Edx	existing-unreviewed		0
Eflags	Eflags	Eflags	existing-unreviewed		0
Eip	Eip	Eip	existing-unreviewed		0
Elf	Elf	Elf	existing-unreviewed		0
Elf32Dyn	Elf32dyn	Elf32dyn	existing-unreviewed		0
Elf32Note	Elf32Märkus	Elf32Märkus	existing-unreviewed		0
Elf32Rel	Elf32rel	Elf32rel	existing-unreviewed		0
Elf32Rela	Elf32rela	Elf32rela	existing-unreviewed		0
Elf32Sym	Elf32sym	Elf32sym	existing-unreviewed		0
ElfHeader	Elfheader	Elfheader	existing-unreviewed		0
ElfProgramHeader	Elfprogrammheader	Elfprogrammheader	existing-unreviewed		0
ElfSectionHeader	Elfsectionheader	Elfsectionheader	existing-unreviewed		0
EnablePaging	Lubatudpaging	Lubatudpaging	existing-unreviewed		0
Enabled	Lubatud	Lubatud	existing-unreviewed		0
EntryNumber	KirjeArv	KirjeArv	existing-unreviewed		0
EqualBytes	Võrdnebaiti	Võrdnebaiti	existing-unreviewed		0
Es	Es	Es	existing-unreviewed		0
Esi	Esi	Esi	existing-unreviewed		0
Esp	Esp	Esp	existing-unreviewed		0
FPUBuffer	Fpubuffer	Fpubuffer	existing-unreviewed		0
FPUOffset	Fpuoffset	Fpuoffset	existing-unreviewed		0
Family	Family	Family	existing-unreviewed		0
FileName	FailNimi	FailNimi	existing-unreviewed		0
Fill	Fill	Fill	existing-unreviewed		0
FillRectangle	FillRistkülik	FillRistkülik	existing-unreviewed		0
First	First	First	existing-unreviewed		0
FirstFree	FirstVaba	FirstVaba	existing-unreviewed		0
FirstFreeSize	FirstVabaSuurus	FirstVabaSuurus	existing-unreviewed		0
Flags	Lipud	Lipud	existing-unreviewed		0
FloatingPointException	Ujuvpointexception	Ujuvpointexception	existing-unreviewed		0
Flush	Flush	Flush	existing-unreviewed		0
FlushTlsTable	FlushtlsTabel	FlushtlsTabel	existing-unreviewed		0
Focussable	Focussable	Focussable	existing-unreviewed		0
Free	Vaba	Vaba	existing-unreviewed		0
Fs	Fs	Fs	existing-unreviewed		0
GB	Gb	Gb	existing-unreviewed		0
GDT_ENTRIES	Gdtkirje	Gdtkirje	existing-unreviewed		0
GOT	Got	Got	existing-unreviewed		0
GPFException	Gpfexception	Gpfexception	existing-unreviewed		0
GatewayIP	Gatewayip	Gatewayip	existing-unreviewed		0
GdtAddressHigh	GdtaddressKõrge	GdtaddressKõrge	existing-unreviewed		0
GdtAddressLow	GdtaddressMadal	GdtaddressMadal	existing-unreviewed		0
GdtDescriptor	Gdtdescriptor	Gdtdescriptor	existing-unreviewed		0
GdtEntry	Gdtkirje_2	Gdtkirje_2	existing-unreviewed		0
GdtSize	GdtSuurus	GdtSuurus	existing-unreviewed		0
GetAt	Getat	Getat	existing-unreviewed		0
GetBackend	Getbackend	Getbackend	existing-unreviewed		0
GetBaseAddressRegister	Getbaseaddressregister	Getbaseaddressregister	existing-unreviewed		0
GetBitmaspSize	GetbitmaspSuurus	GetbitmaspSuurus	existing-unreviewed		0
GetBytesFromPtr	GetbaitifromKursor	GetbaitifromKursor	existing-unreviewed		0
GetCR0	Getcr0	Getcr0	existing-unreviewed		0
GetCR2	Getcr2	Getcr2	existing-unreviewed		0
GetCR3	Getcr3	Getcr3	existing-unreviewed		0
GetCR4	Getcr4	Getcr4	existing-unreviewed		0
GetColorIndex	GetVärvSisukord	GetVärvSisukord	existing-unreviewed		0
GetDeviceDescriptor	GetSeadedescriptor	GetSeadedescriptor	existing-unreviewed		0
GetDriver	Getdriver	Getdriver	existing-unreviewed		0
GetESP0	Getesp0	Getesp0	existing-unreviewed		0
GetEntry	Getkirje	Getkirje	existing-unreviewed		0
GetFileSize	GetFailSuurus	GetFailSuurus	existing-unreviewed		0
GetFocus	Getfocus	Getfocus	existing-unreviewed		0
GetFrameBufferSegment	GetRaambuffersegment	GetRaambuffersegment	existing-unreviewed		0
GetFuncPtrFromPtr	GetfuncKursorfromKursor	GetfuncKursorfromKursor	existing-unreviewed		0
GetFunctionName	GetFunktsioonNimi	GetFunktsioonNimi	existing-unreviewed		0
GetHandler	Gethandler	Gethandler	existing-unreviewed		0
GetIPAddress	Getipaddress	Getipaddress	existing-unreviewed		0
GetMACAddress	Getmacaddress	Getmacaddress	existing-unreviewed		0
GetMACFromCache	Getmacfromcache	Getmacfromcache	existing-unreviewed		0
GetNextReadyThread	GetJärgmineValmisthread	GetJärgmineValmisthread	existing-unreviewed		0
GetNodeAt	GetSõlmat	GetSõlmat	existing-unreviewed		0
GetProvider	Providerget	Providerget	existing-unreviewed		0
GetSS0	Getss0	Getss0	existing-unreviewed		0
GetStr	Getstr	Getstr	existing-unreviewed		0
GetUint32ArrayFromPtr	Getunsignedinteger32MassiivfromKursor	Getunsignedinteger32MassiivfromKursor	existing-unreviewed		0
GetUintptrArrayFromPtr	GetunsignedintegerKursorMassiivfromKursor	GetunsignedintegerKursorMassiivfromKursor	existing-unreviewed		0
GetValue	GetVäärtus	GetVäärtus	existing-unreviewed		0
GetValueInPageDir	GetVäärtusSisseLehekülgKataloog	GetVäärtusSisseLehekülgKataloog	existing-unreviewed		0
Gid	Gid	Gid	existing-unreviewed		0
Gs	Gs	Gs	existing-unreviewed		0
HandleException	Handleexception	Handleexception	existing-unreviewed		0
HandleFatalInterruptFrame	HandlefatalKatkestusRaam	HandlefatalKatkestusRaam	existing-unreviewed		0
HandleInterrupt	HandleKatkestus	HandleKatkestus	existing-unreviewed		0
HandleInterrupt1	HandleKatkestus1	HandleKatkestus1	existing-unreviewed		0
HandleUserDatagramProtocolMessage	HandleKasutajadatagramprotocolTeade	HandleKasutajadatagramprotocolTeade	existing-unreviewed		0
IDT_DESC_PRESENT	IdtdescriptorOlemas	IdtdescriptorOlemas	existing-unreviewed		0
IDT_INTERRUPT_GATE	IdtKatkestusgate	IdtKatkestusgate	existing-unreviewed		0
IDriver	IDriver	IDriver	existing-unreviewed		0
IEtherFrameHandler	IEthernetRaamhandler	IEthernetRaamhandler	existing-unreviewed		0
IInternetProtocolHandler	IInternetprotocolhandler	IInternetprotocolhandler	existing-unreviewed		0
IInterruptHandler	IKatkestushandler	IKatkestushandler	existing-unreviewed		0
IKeyboardEventHandler	IKlaviatuurSündmushandler	IKlaviatuurSündmushandler	existing-unreviewed		0
IMouseEventHandler	IHiirSündmushandler	IHiirSündmushandler	existing-unreviewed		0
IPCIControllerHandler	Ipcicontrollerhandler	Ipcicontrollerhandler	existing-unreviewed		0
IPCache	Ipcache	Ipcache	existing-unreviewed		0
IP_BE	IpVõrkbyteorder	IpVõrkbyteorder	existing-unreviewed		0
IRawDataHandler	IRawdatahandler	IRawdatahandler	existing-unreviewed		0
ITimerEventHandler	ITimerSündmushandler	ITimerSündmushandler	existing-unreviewed		0
IUserDatagramProtocolHandler	IKasutajadatagramprotocolhandler	IKasutajadatagramprotocolhandler	existing-unreviewed		0
IUserDatagramProtocolSocket	IKasutajadatagramprotocolSokkel	IKasutajadatagramprotocolSokkel	existing-unreviewed		0
IWidget	IVidin	IVidin	pending-language-review	widget	0
Identify	Identify	Identify	existing-unreviewed		0
Increment	Increment	Increment	existing-unreviewed		0
IndexOf	Sisukordof	Sisukordof	existing-unreviewed		0
Init	Init	Init	existing-unreviewed		0
InitDriver	Initdriver	Initdriver	existing-unreviewed		0
InitialThreadUserJump	InitialthreadKasutajajump	InitialthreadKasutajajump	existing-unreviewed		0
Ino	Ino	Ino	existing-unreviewed		0
Install	Paigalda	Paigalda	existing-unreviewed		0
Interrupt	Katkestus	Katkestus	existing-unreviewed		0
InterruptActive	KatkestusAktiivne	KatkestusAktiivne	existing-unreviewed		0
InterruptDeactive	Katkestusdeactive	Katkestusdeactive	existing-unreviewed		0
InterruptManager	Katkestusmanager	Katkestusmanager	existing-unreviewed		0
InterruptNumber	KatkestusArv	KatkestusArv	existing-unreviewed		0
InvalidOpcode	Viganeopcode	Viganeopcode	existing-unreviewed		0
InvalidTSS	Viganetss	Viganetss	existing-unreviewed		0
IsKernel	Iskernel	Iskernel	existing-unreviewed		0
IsPresent	IsOlemas	IsOlemas	existing-unreviewed		0
IsUserSpace	IsKasutajaTühik	IsKasutajaTühik	existing-unreviewed		0
KB	Kb	Kb	existing-unreviewed		0
KCS_INDEX	KcsSisukord	KcsSisukord	existing-unreviewed		0
KCS_SELECTOR	Kcsselector	Kcsselector	existing-unreviewed		0
KDS_INDEX	KdsSisukord	KdsSisukord	existing-unreviewed		0
KDS_SELECTOR	Kdsselector	Kdsselector	existing-unreviewed		0
KERNEL_HEAP_START	KernelheapKäivita	KernelheapKäivita	existing-unreviewed		0
KERNEL_VIRT_ADDR	Kernelvirtaddress	Kernelvirtaddress	existing-unreviewed		0
KGS_INDEX	KgsSisukord	KgsSisukord	existing-unreviewed		0
KGS_SELECTOR	Kgsselector	Kgsselector	existing-unreviewed		0
K핵심	KKernelEntry	KKernelEntry	compatibility		0
LIDT	Lidt	Lidt	existing-unreviewed		0
Last	Eelmine	Eelmine	existing-unreviewed		0
Len	Len	Len	compatibility		0
Limit	Piir	Piir	existing-unreviewed		0
Link	Viit	Viit	existing-unreviewed		0
LinkMap	Viitmap	Viitmap	existing-unreviewed		0
LinkedList	LinkedNimekiri	LinkedNimekiri	existing-unreviewed		0
Listen	Listen	Listen	existing-unreviewed		0
LoadElf	Koormuself	Koormuself	existing-unreviewed		0
MAC	Mac	Mac	existing-unreviewed		0
MAC0	Mac0	Mac0	existing-unreviewed		0
MAC1	Mac1	Mac1	existing-unreviewed		0
MAC2	Mac2	Mac2	existing-unreviewed		0
MAC3	Mac3	Mac3	existing-unreviewed		0
MAC4	Mac4	Mac4	existing-unreviewed		0
MAC5	Mac5	Mac5	existing-unreviewed		0
MACAddress0Port	Macaddress0port	Macaddress0port	existing-unreviewed		0
MACAddress2Port	Macaddress2port	Macaddress2port	existing-unreviewed		0
MACAddress4Port	Macaddress4port	Macaddress4port	existing-unreviewed		0
MACCache	Maccache	Maccache	existing-unreviewed		0
MAX_QUEUE_SIZE	SuurimqueueSuurus	SuurimqueueSuurus	existing-unreviewed		0
MB	Mbar	Mbar	existing-unreviewed		0
MBR	Mbr	Mbr	existing-unreviewed		0
MHex출력	MHexadecimalPrindi	MHexadecimalPrindi	existing-unreviewed		0
MHex출력XY	MHexadecimalPrindixy	MHexadecimalPrindixy	existing-unreviewed		0
MUint16출력	MUnsignedinteger16Prindi	MUnsignedinteger16Prindi	existing-unreviewed		0
MUint16출력XY	MUnsignedinteger16Prindixy	MUnsignedinteger16Prindixy	existing-unreviewed		0
MUint32출력	MUnsignedinteger32Prindi	MUnsignedinteger32Prindi	existing-unreviewed		0
MUint32출력XY	MUnsignedinteger32Prindixy	MUnsignedinteger32Prindixy	existing-unreviewed		0
MUint64출력	MUnsignedinteger64Prindi	MUnsignedinteger64Prindi	existing-unreviewed		0
MUint64출력XY	MUnsignedinteger64Prindixy	MUnsignedinteger64Prindixy	existing-unreviewed		0
Machine	Machine	Machine	existing-unreviewed		0
MachineCheck	Machinecheck	Machinecheck	existing-unreviewed		0
MakeRangePrivateWritable	MakeVahemikPrivaatwritable	MakeVahemikPrivaatwritable	existing-unreviewed		0
Malloc	Malloc	Malloc	pending-language-review	allocate_memory	0
MemCmp	Memcmp	Memcmp	existing-unreviewed		0
MemCpy	MemKopeeri	MemKopeeri	existing-unreviewed		0
MemMove	MemLiiguta	MemLiiguta	existing-unreviewed		0
MemSet	MemMäära	MemMäära	existing-unreviewed		0
MemoryOper	Mäluoper	Mäluoper	existing-unreviewed		0
Mode	REŽIIM	REŽIIM	existing-unreviewed		0
ModelToScreen	MudeltoEkraan	Set_local_coordinates	pending-language-review	set_coordinates	5
Mtime	Mtime	Mtime	existing-unreviewed		0
MtimeNsec	Mtimensec	Mtimensec	existing-unreviewed		0
MyHandleInterrupt	MyhandleKatkestus	MyhandleKatkestus	existing-unreviewed		0
MyTest	MyTesti	MyTesti	existing-unreviewed		0
M긴급로그Hex8	MEmergencyloghexadecimal8	MEmergencyloghexadecimal8	existing-unreviewed		0
M긴급로그Uint32	MEmergencylogunsignedinteger32	MEmergencylogunsignedinteger32	existing-unreviewed		0
M긴급로그문자열	MEmergencylogstring	MEmergencylogstring	existing-unreviewed		0
M직렬로그초기화	MJärjenumberloginit	MJärjenumberloginit	existing-unreviewed		0
M출력	MPrindi	MPrindi	existing-unreviewed		0
M출력BytesXY	MPrindibaitixy	MPrindibaitixy	existing-unreviewed		0
M출력Hex	MPrindihexadecimal	MPrindihexadecimal	existing-unreviewed		0
M출력Uint16	MPrindiunsignedinteger16	MPrindiunsignedinteger16	existing-unreviewed		0
M출력Uint32	MPrindiunsignedinteger32	MPrindiunsignedinteger32	existing-unreviewed		0
M출력XY	MPrindixy	MPrindixy	existing-unreviewed		0
M테스트	M테스트	M테스트	existing-unreviewed		0
NMI	Nmi	Nmi	existing-unreviewed		0
New	Uus	Uus	existing-unreviewed		0
NewInterruptHandler	UusKatkestushandler	UusKatkestushandler	existing-unreviewed		0
Next	Järgmine	Järgmine	existing-unreviewed		0
Nlink	Nlink	Nlink	existing-unreviewed		0
Node	Sõlm	Sõlm	pending-language-review	list_node	0
Nodename	Nodename	Nodename	existing-unreviewed		0
OnEtherFrameReceived	EthernetRaamreceivewhen	EthernetRaamreceivewhen	existing-unreviewed		0
OnGetDriver	Seesgetdriver	Seesgetdriver	existing-unreviewed		0
OnInternetProtocolReceived	Internetprotocolreceivewhen	Internetprotocolreceivewhen	existing-unreviewed		0
OnKeyDown	SeesVõtiNoolalla	SeesVõtiNoolalla	existing-unreviewed		0
OnKeyUp	SeesVõtiÜles	SeesVõtiÜles	existing-unreviewed		0
OnMouseDown	SeesHiirNoolalla	SeesHiirNoolalla	existing-unreviewed		0
OnMouseMove	SeesHiirLiiguta	SeesHiirLiiguta	existing-unreviewed		0
OnMouseUp	SeesHiirÜles	SeesHiirÜles	existing-unreviewed		0
OnRawDataReceived	Seesrawdatareceive	Seesrawdatareceive	existing-unreviewed		0
OnTick	Seestick	Seestick	existing-unreviewed		0
Overflow	Overflow	Overflow	existing-unreviewed		0
P1LinkMap	PVäärtus1Viitmap	PVäärtus1Viitmap	existing-unreviewed		0
P2LinkMap	PVäärtus2Viitmap	PVäärtus2Viitmap	existing-unreviewed		0
P3LinkMap	PVäärtus3Viitmap	PVäärtus3Viitmap	existing-unreviewed		0
PAGE_COW	Lehekülgcow	Lehekülgcow	existing-unreviewed		0
PAGE_FRAME	LehekülgRaam	LehekülgRaam	existing-unreviewed		0
PAGE_PRESENT	LehekülgOlemas	LehekülgOlemas	existing-unreviewed		0
PAGE_USER	LehekülgKasutaja	LehekülgKasutaja	existing-unreviewed		0
PAGE_WRITABLE	Lehekülgwritable	Lehekülgwritable	existing-unreviewed		0
PAUSE_LOOP	Pausloop	Pausloop	existing-unreviewed		0
PICMasterCommandPort	PrimarypicKäskioport	PrimarypicKäskioport	existing-unreviewed		0
PICMasterDataPort	Primarypicdataioport	Primarypicdataioport	existing-unreviewed		0
PICSlaveCommandPort	SecondarypicKäskioport	SecondarypicKäskioport	existing-unreviewed		0
PICSlaveDataPort	Secondarypicdataioport	Secondarypicdataioport	existing-unreviewed		0
PRESENT	Olemas	Olemas	existing-unreviewed		0
PRIV_KERNEL	Privkernel	Privkernel	existing-unreviewed		0
PRIV_USER	PrivKasutaja	PrivKasutaja	existing-unreviewed		0
PROC_USER_HEAP_SIZE	ProcKasutajaheapSuurus	ProcKasutajaheapSuurus	existing-unreviewed		0
PageDirEntry	LehekülgKataloogkirje	LehekülgKataloogkirje	existing-unreviewed		0
PageDirectoryEntry	LehekülgKataloogkirje_2	LehekülgKataloogkirje_2	existing-unreviewed		0
PageFault	Lehekülgfault	Lehekülgfault	existing-unreviewed		0
PageFaultException	Lehekülgfaultexception	Lehekülgfaultexception	existing-unreviewed		0
PageRoundDown	LehekülgÜmardamineNoolalla	LehekülgÜmardamineNoolalla	existing-unreviewed		0
PageRoundUp	LehekülgÜmardamineÜles	LehekülgÜmardamineÜles	existing-unreviewed		0
PageTableEntry	LehekülgTabelkirje	LehekülgTabelkirje	existing-unreviewed		0
Paging	Paging	Paging	existing-unreviewed		0
ParentPid	Vanempid	Vanempid	existing-unreviewed		0
Parse	Parse	Parse	existing-unreviewed		0
Partition_id	Partitionid	Partitionid	existing-unreviewed		0
PhyMemTest	PhymemTesti	PhymemTesti	existing-unreviewed		0
PhysicalMemoryManager	PhysicalMälumanager	PhysicalMälumanager	existing-unreviewed		0
Pid	Pid	Pid	existing-unreviewed		0
Port	Port	Port	existing-unreviewed		0
PortBase	Portbase	Portbase	existing-unreviewed		0
PortInByte	PortSissebyte	PortSissebyte	existing-unreviewed		0
PortInDword	PortSissedword	PortSissedword	existing-unreviewed		0
PortInWord	PortSissesõna	PortSissesõna	existing-unreviewed		0
PortOutByte	PortVäljabyte	PortVäljabyte	existing-unreviewed		0
PortOutDword	PortVäljadword	PortVäljadword	existing-unreviewed		0
PortOutWord	PortVäljasõna	PortVäljasõna	existing-unreviewed		0
PortReadByte	PortLugeminebyte	PortLugeminebyte	existing-unreviewed		0
PortReadDword	PortLugeminedword	PortLugeminedword	existing-unreviewed		0
PortReadWord	PortLugeminesõna	PortLugeminesõna	existing-unreviewed		0
PortWriteByte	PortKirjutaminebyte	PortKirjutaminebyte	existing-unreviewed		0
PortWriteDword	PortKirjutaminedword	PortKirjutaminedword	existing-unreviewed		0
PortWriteWord	PortKirjutaminesõna	PortKirjutaminesõna	existing-unreviewed		0
Prev	Previous	Previous	existing-unreviewed		0
PrevTSS	Previoustss	Previoustss	existing-unreviewed		0
PrimaryPartition	Primarypartition	Primarypartition	existing-unreviewed		0
Print	Prindi	Prindi	existing-unreviewed		0
PrintBytes	Prindibaiti	Prindibaiti	existing-unreviewed		0
PrintStr	Prindistr	Prindistr	existing-unreviewed		0
PrintTLS	Prinditls	Prinditls	existing-unreviewed		0
PrintTest	PrindiTesti	PrindiTesti	existing-unreviewed		0
Process	Protsess	Protsess	existing-unreviewed		0
ProcessHelper	Protsesshelper	Protsesshelper	existing-unreviewed		0
ProcessPendingKeyboardEvents	ProtsesspendingKlaviatuurSündmused	ProtsesspendingKlaviatuurSündmused	existing-unreviewed		0
ProcessPendingMouseEvents	ProtsesspendingHiirSündmused	ProtsesspendingHiirSündmused	existing-unreviewed		0
PushAt	Pushat	Insert_at_index	pending-language-review	insert_at	1
PushBack	PushTagasi	Append_to_list	pending-language-review	append	12
PushFront	PushEesmine	Prepend_to_list	pending-language-review	prepend	5
PutPixel	Putpixel	Putpixel	existing-unreviewed		0
PutPixelRGB	PutpixelPRS	PutpixelPRS	existing-unreviewed		0
QUEUE_START_ADDR	QueueKäivitaaddress	QueueKäivitaaddress	existing-unreviewed		0
Rdev	Rdev	Rdev	existing-unreviewed		0
Read	Lugemine	Lugemine	existing-unreviewed		0
Read28	Lugemine28	Lugemine28	existing-unreviewed		0
ReadFile	LugemineFail	LugemineFail	pending-language-review	file_read	0
ReadPartitions	Lugeminepartition	Lugeminepartition	existing-unreviewed		0
Ready	Valmis	Valmis	existing-unreviewed		0
Receive	Receive	Receive	existing-unreviewed		0
Ref	Reference	Reference	existing-unreviewed		0
Release	Release	Release	existing-unreviewed		0
ReloadCR3	Laadiuuesticr3	Laadiuuesticr3	existing-unreviewed		0
Remove	Eemalda	Eemalda	existing-unreviewed		0
RemoveAt	Eemaldaat	Eemaldaat	existing-unreviewed		0
RemoveThread	Eemaldathread	Eemaldathread	existing-unreviewed		0
RemoveThreadAt	Eemaldathreadat	Eemaldathreadat	existing-unreviewed		0
RequestMacAddress	Requestmacaddress	Requestmacaddress	existing-unreviewed		0
Reset	Lähtesta	Lähtesta	existing-unreviewed		0
Resolve	Resolve	Resolve	existing-unreviewed		0
ResolveCopyOnWriteFault	ResolveKopeeriSeesKirjutaminefault	ResolveKopeeriSeesKirjutaminefault	existing-unreviewed		0
SCHEDULER_FREQUENCY	SchedulerSagedus	SchedulerSagedus	existing-unreviewed		0
SEG_BIG_MODE	SegbigREŽIIM	SegbigREŽIIM	existing-unreviewed		0
SEG_EXEC	SegKäivitamine	SegKäivitamine	existing-unreviewed		0
SEG_GRAN_4K_PAGE	Seggran4kLehekülg	Seggran4kLehekülg	existing-unreviewed		0
SEG_GRAN_BYTE	Seggranbyte	Seggranbyte	existing-unreviewed		0
SEG_KERNEL_CODE	Segkernelcode	Segkernelcode	existing-unreviewed		0
SEG_KERNEL_DATA	Segkerneldata	Segkerneldata	existing-unreviewed		0
SEG_KERNEL_GS	Segkernelgs	Segkernelgs	existing-unreviewed		0
SEG_NOEXEC	Segnoexec	Segnoexec	existing-unreviewed		0
SEG_NORMAL	SegTavaline	SegTavaline	existing-unreviewed		0
SEG_NORW	Segnorw	Segnorw	existing-unreviewed		0
SEG_R	Segr	Segr	existing-unreviewed		0
SEG_SYSTEM	SegSüsteem	SegSüsteem	existing-unreviewed		0
SEG_TASK_STATE	SegtaskOlek	SegtaskOlek	existing-unreviewed		0
SEG_USER_CODE	SegKasutajacode	SegKasutajacode	existing-unreviewed		0
SEG_USER_DATA	SegKasutajadata	SegKasutajadata	existing-unreviewed		0
SEG_USER_GS	SegKasutajags	SegKasutajags	existing-unreviewed		0
SEG_W	Segw	Segw	existing-unreviewed		0
SIMDFloatingPointException	SimdUjuvpointexception	SimdUjuvpointexception	existing-unreviewed		0
SIZE	Suurus	Suurus	existing-unreviewed		0
SYS_ACCESS	Sysligipääs	Sysligipääs	existing-unreviewed		0
SYS_BRK	Sysbrk	Sysbrk	existing-unreviewed		0
SYS_CHDIR	Syschdir	Syschdir	existing-unreviewed		0
SYS_CLOSE	SysSulge	SysSulge	existing-unreviewed		0
SYS_CREAT	Syscreat	Syscreat	existing-unreviewed		0
SYS_DUP	Sysdup	Sysdup	existing-unreviewed		0
SYS_DUP2	Sysdup2	Sysdup2	existing-unreviewed		0
SYS_EXECVE	Sysexecve	Sysexecve	existing-unreviewed		0
SYS_EXIT	SysVälju	SysVälju	existing-unreviewed		0
SYS_FCNTL	Sysfcntl	Sysfcntl	existing-unreviewed		0
SYS_FORK	Sysfork	Sysfork	existing-unreviewed		0
SYS_FSTAT	Sysfstat	Sysfstat	existing-unreviewed		0
SYS_FSYNC	Sysfsync	Sysfsync	existing-unreviewed		0
SYS_GETCWD	Sysgetcwd	Sysgetcwd	existing-unreviewed		0
SYS_GETEGID	Sysgetegid	Sysgetegid	existing-unreviewed		0
SYS_GETEUID	Sysgeteuid	Sysgeteuid	existing-unreviewed		0
SYS_GETGID	Sysgetgid	Sysgetgid	existing-unreviewed		0
SYS_GETPID	Sysgetpid	Sysgetpid	existing-unreviewed		0
SYS_GETPPID	Sysgetppid	Sysgetppid	existing-unreviewed		0
SYS_GETUID	Sysgetuid	Sysgetuid	existing-unreviewed		0
SYS_LSEEK	Syslseek	Syslseek	existing-unreviewed		0
SYS_LSTAT	Syslstat	Syslstat	existing-unreviewed		0
SYS_OPEN	SysAva	SysAva	existing-unreviewed		0
SYS_READ	SysLugemine	SysLugemine	existing-unreviewed		0
SYS_RT_EXIT	SysrtVälju	SysrtVälju	existing-unreviewed		0
SYS_SOCKETCALL	Syssocketcall	Syssocketcall	existing-unreviewed		0
SYS_STAT	Sysstat	Sysstat	existing-unreviewed		0
SYS_SYNC	Syssync	Syssync	existing-unreviewed		0
SYS_UNAME	Sysuname	Sysuname	existing-unreviewed		0
SYS_WAITPID	Syswaitpid	Syswaitpid	existing-unreviewed		0
SYS_WRITE	SysKirjutamine	SysKirjutamine	existing-unreviewed		0
Schedule	Schedule	Schedule	existing-unreviewed		0
Scheduler	Scheduler	Scheduler	existing-unreviewed		0
SchedulerData	Schedulerdata	Schedulerdata	existing-unreviewed		0
SegmentNotPresent	SegmentnotOlemas	SegmentnotOlemas	existing-unreviewed		0
SelectDrivers	Validriver	Validriver	existing-unreviewed		0
Send	Saada	Saada	existing-unreviewed		0
SendEchoRequest	EchorequestSaada	EchorequestSaada	existing-unreviewed		0
SendFrame	RaamSaada	RaamSaada	existing-unreviewed		0
SerialInit	Järjenumberinit	Järjenumberinit	existing-unreviewed		0
SerialWriteByte	JärjenumberKirjutaminebyte	JärjenumberKirjutaminebyte	existing-unreviewed		0
SetBackend	Määrabackend	Määrabackend	existing-unreviewed		0
SetBit	Määrabiti	Määrabiti	existing-unreviewed		0
SetBlockInPageDir	MääraKastSisseLehekülgKataloog	MääraKastSisseLehekülgKataloog	existing-unreviewed		0
SetBuffer	Määrabuffer	Määrabuffer	existing-unreviewed		0
SetByteAtAddr	Määrabyteataddress	Määrabyteataddress	existing-unreviewed		0
SetByteInPageDir	MäärabyteSisseLehekülgKataloog	MäärabyteSisseLehekülgKataloog	existing-unreviewed		0
SetCR3	Määracr3	Määracr3	existing-unreviewed		0
SetColor	MääraVärv	MääraVärv	existing-unreviewed		0
SetDescriptor	Määradescriptor	Määradescriptor	existing-unreviewed		0
SetHandleInterruptFuction	MäärahandleKatkestusfuction	MäärahandleKatkestusfuction	existing-unreviewed		0
SetHandler	Määrahandler	Määrahandler	existing-unreviewed		0
SetIPAddress	Määraipaddress	Määraipaddress	existing-unreviewed		0
SetInterruptDescriptorTableEntry	KatkestusdescriptorTabelkirjeMäära	KatkestusdescriptorTabelkirjeMäära	existing-unreviewed		0
SetInterruptManager	MääraKatkestusmanager	MääraKatkestusmanager	existing-unreviewed		0
SetInterruptNumber	MääraKatkestusArv	MääraKatkestusArv	existing-unreviewed		0
SetMode	MääraREŽIIM	MääraREŽIIM	existing-unreviewed		0
SetNodeAt	MääraSõlmat	MääraSõlmat	existing-unreviewed		0
SetStack	Määrastack	Määrastack	existing-unreviewed		0
SetTlsSegment	Määratlssegment	Määratlssegment	existing-unreviewed		0
SetUint32AtAddr	Määraunsignedinteger32ataddress	Määraunsignedinteger32ataddress	existing-unreviewed		0
SetUint32InPageDir	Määraunsignedinteger32SisseLehekülgKataloog	Määraunsignedinteger32SisseLehekülgKataloog	existing-unreviewed		0
SetUint8AtAddr	Määraunsignedinteger8ataddress	Määraunsignedinteger8ataddress	existing-unreviewed		0
SharedMemoryRegion	SharedMäluregion	SharedMäluregion	existing-unreviewed		0
Size	Suurus_2	Suurus_2	existing-unreviewed		0
Spawn	Spawn	Spawn	existing-unreviewed		0
Ss	Ss	Ss	existing-unreviewed		0
Stack	Stack	Stack	existing-unreviewed		0
StackSegmentFault	Stacksegmentfault	Stacksegmentfault	existing-unreviewed		0
Start_lba	Käivitalba	Käivitalba	existing-unreviewed		0
Started	Käivitatud	Käivitatud	existing-unreviewed		0
StdinPutByte	Stdinputbyte	Stdinputbyte	existing-unreviewed		0
StopCurrentThread	PeataKäesolevthread	PeataKäesolevthread	existing-unreviewed		0
Stopped	Seisatud	Seisatud	existing-unreviewed		0
SubnetMask	Subnetmask	Subnetmask	existing-unreviewed		0
SupportMode	TugiREŽIIM	TugiREŽIIM	existing-unreviewed		0
Sys_brk	Sysbrk_2	Sysbrk_2	existing-unreviewed		0
Sys_close	SysSulge_2	SysSulge_2	existing-unreviewed		0
Sys_exit	SysVälju_2	SysVälju_2	existing-unreviewed		0
Sys_getpid	Sysgetpid_2	Sysgetpid_2	existing-unreviewed		0
Sys_mousemove	Sysmousemove	Sysmousemove	existing-unreviewed		0
Sys_open	SysAva_2	SysAva_2	existing-unreviewed		0
Sys_printStr	SysPrindistr	SysPrindistr	existing-unreviewed		0
Sys_printUint32	SysPrindiunsignedinteger32	SysPrindiunsignedinteger32	existing-unreviewed		0
Sys_printf	Sysprintf	Sysprintf	existing-unreviewed		0
Sys_read	SysLugemine_2	SysLugemine_2	existing-unreviewed		0
Syscall	Syscall	Syscall	existing-unreviewed		0
Sysname	Sysname	Sysname	existing-unreviewed		0
TARPEtherFrameHandler	ArpethernetRaamhandler	ArpethernetRaamhandler	existing-unreviewed		0
TARPMessage	ArpTeade	ArpTeade	existing-unreviewed		0
TARPMessageBuffer	ArpTeadebuffer	ArpTeadebuffer	existing-unreviewed		0
TARPProvider	Arpprovider	Arpprovider	existing-unreviewed		0
TAdvancedTechnologyAttachment	TLaiendatudTehnoloogiaattachment	TLaiendatudTehnoloogiaattachment	existing-unreviewed		0
TArray	TMassiiv	TMassiiv	existing-unreviewed		0
TBaseAddressRegister	TBaseaddressregister	TBaseaddressregister	existing-unreviewed		0
TBiosParameterBlock32	TBiosparameterKast32	TBiosparameterKast32	pending-language-review	fat_parameters	0
TBufferDescriptor	TBufferdescriptor	TBufferdescriptor	existing-unreviewed		0
TCOWFrameManager	TcowRaammanager	TcowRaammanager	existing-unreviewed		0
TCPUState	TcpuOlek	TcpuOlek	existing-unreviewed		0
TDefaultKeyboardEventHandler	TVaikimisiKlaviatuurSündmushandler	TVaikimisiKlaviatuurSündmushandler	existing-unreviewed		0
TDefaultMouseEventHandler	TVaikimisiHiirSündmushandler	TVaikimisiHiirSündmushandler	existing-unreviewed		0
TDefaultPCIControllerHandler	TVaikimisipcicontrollerhandler	TVaikimisipcicontrollerhandler	existing-unreviewed		0
TDefaultTimerEventHandler	TVaikimisitimerSündmushandler	TVaikimisitimerSündmushandler	existing-unreviewed		0
TDirectoryEntryFat32	TKataloogkirjefat32	TKataloogkirjefat32	existing-unreviewed		0
TDriverManager	TDrivermanager	TDrivermanager	existing-unreviewed		0
TEtherFrameHandler	TEthernetRaamhandler	TEthernetRaamhandler	existing-unreviewed		0
TEtherFrameHeader	TEthernetRaamheader	TEthernetRaamheader	pending-language-review	ethernet_header	0
TEtherFrameHeaderBuffer	TEthernetRaamheaderbuffer	TEthernetRaamheaderbuffer	existing-unreviewed		0
TEtherFrameProvider	TEthernetRaamprovider	TEthernetRaamprovider	pending-language-review	ethernet_provider	0
TEtherFrameRawDataHandler	TEthernetRaamrawdatahandler	TEthernetRaamrawdatahandler	existing-unreviewed		0
TGateDescriptor	TGatedescriptor	TGatedescriptor	existing-unreviewed		0
THREAD_STACK_SIZE	ThreadstackSuurus	ThreadstackSuurus	existing-unreviewed		0
TICMPHandler	Icmphandler	Icmphandler	existing-unreviewed		0
TIPEtherFrameHandler	IpethernetRaamhandler	IpethernetRaamhandler	existing-unreviewed		0
TInitializationBlock	TInitializationKast	TInitializationKast	existing-unreviewed		0
TInternetControlMessageProtocol	TInternetJuhtTeadeprotocol	TInternetJuhtTeadeprotocol	pending-language-review	icmp	0
TInternetControlMessageProtocolMessage	TInternetJuhtTeadeprotocolTeade	TInternetJuhtTeadeprotocolTeade	existing-unreviewed		0
TInternetControlMessageProtocolMessageBuffer	TInternetJuhtTeadeprotocolTeadebuffer	TInternetJuhtTeadeprotocolTeadebuffer	existing-unreviewed		0
TInternetProtocolHandler	TInternetprotocolhandler	TInternetprotocolhandler	existing-unreviewed		0
TInternetProtocolProvider	TInternetprotocolprovider	TInternetprotocolprovider	pending-language-review	ip_provider	0
TInternetProtocolV4Message	TInternetprotocolv4Teade	TInternetprotocolv4Teade	existing-unreviewed		0
TInternetProtocolV4MessageBuffer	TInternetprotocolv4Teadebuffer	TInternetprotocolv4Teadebuffer	existing-unreviewed		0
TInterruptDescriptorTablePointer	TKatkestusdescriptorTabelKursor	TKatkestusdescriptorTabelKursor	existing-unreviewed		0
TInterruptHandler	TKatkestushandler	TKatkestushandler	existing-unreviewed		0
TInterruptManager	TKatkestusmanager	TKatkestusmanager	existing-unreviewed		0
TKeyboardDriver	TKlaviatuurdriver	TKlaviatuurdriver	existing-unreviewed		0
TLS_START	TlsKäivita	TlsKäivita	existing-unreviewed		0
TMSDOSPartitionTable	TmsdospartitionTabel	TmsdospartitionTabel	existing-unreviewed		0
TMasterBootRecord	TValjusbootSalvesta	TValjusbootSalvesta	pending-language-review	boot_record	0
TMemoryChunk	TMäluchunk	TMäluchunk	existing-unreviewed		0
TMemoryManager	TMälumanager	TMälumanager	existing-unreviewed		0
TMouseDriver	THiirdriver	THiirdriver	existing-unreviewed		0
TMyKeyboardEventHandler	TMyKlaviatuurSündmushandler	TMyKlaviatuurSündmushandler	existing-unreviewed		0
TMyMouseEventHandler	TMyHiirSündmushandler	TMyHiirSündmushandler	existing-unreviewed		0
TMyPCIControllerHandler	TMypcicontrollerhandler	TMypcicontrollerhandler	existing-unreviewed		0
TPartitionTableEntry	TPartitionTabelkirje	TPartitionTabelkirje	existing-unreviewed		0
TPeripheralComponentInterconnectController	TPeripheralcomponentinterconnectcontroller	TPeripheralcomponentinterconnectcontroller	existing-unreviewed		0
TPeripheralComponentInterconnectDeviceDescriptor	TPeripheralcomponentinterconnectSeadedescriptor	TPeripheralcomponentinterconnectSeadedescriptor	existing-unreviewed		0
TPort	TPort	TPort	existing-unreviewed		0
TPort16Bit	TPort16biti	TPort16biti	existing-unreviewed		0
TPort32Bit	TPort32biti	TPort32biti	existing-unreviewed		0
TPort8Bit	TPort8biti	TPort8biti	existing-unreviewed		0
TRawDataHandler	TRawdatahandler	TRawdatahandler	existing-unreviewed		0
TSSEntry	Tsskirje	Tsskirje	existing-unreviewed		0
TSyscall	TSyscall	TSyscall	existing-unreviewed		0
TTask	TTask	TTask	existing-unreviewed		0
TThread	TThread	TThread	existing-unreviewed		0
TThreadHelper	TThreadhelper	TThreadhelper	existing-unreviewed		0
TTimerDriver	TTimerdriver	TTimerdriver	existing-unreviewed		0
TUserDatagramProtocolHandler	TKasutajadatagramprotocolhandler	TKasutajadatagramprotocolhandler	existing-unreviewed		0
TUserDatagramProtocolHeader	TKasutajadatagramprotocolheader	TKasutajadatagramprotocolheader	pending-language-review	udp_header	0
TUserDatagramProtocolHeaderBuffer	TKasutajadatagramprotocolheaderbuffer	TKasutajadatagramprotocolheaderbuffer	existing-unreviewed		0
TUserDatagramProtocolProvider	TKasutajadatagramprotocolprovider	TKasutajadatagramprotocolprovider	existing-unreviewed		0
TUserDatagramProtocolSocket	TKasutajadatagramprotocolSokkel	TKasutajadatagramprotocolSokkel	pending-language-review	udp_socket	0
TVideoGraphicsArray	TVideoGraafikaMassiiv	TVideoGraafikaMassiiv	existing-unreviewed		0
TWidget	TVidin	TVidin	pending-language-review	widget	0
TWidgetMouseEventHandler	TVidinHiirSündmushandler	TVidinHiirSündmushandler	existing-unreviewed		0
Tamd_am79c973	Tamdam79c973	Tamdam79c973	existing-unreviewed		0
Test	Testi	Testi	existing-unreviewed		0
TestBit	Testibiti	Testibiti	existing-unreviewed		0
TestPrint	TestiPrindi	TestiPrindi	existing-unreviewed		0
Thread	Thread	Thread	existing-unreviewed		0
ThreadList	ThreadNimekiri	ThreadNimekiri	existing-unreviewed		0
ThreadState	ThreadOlek	ThreadOlek	existing-unreviewed		0
Threads	Threads	Threads	existing-unreviewed		0
TlsSegments	Tlssegments	Tlssegments	existing-unreviewed		0
TotalBlocks	KokkuKast	KokkuKast	existing-unreviewed		0
Type	Liik	Liik	existing-unreviewed		0
TypeTest	LiikTesti	LiikTesti	existing-unreviewed		0
T공용서술자테이블	TShareddescriptorTabel	TShareddescriptorTabel	existing-unreviewed		0
T공용서술자테이블_자료	TShareddescriptorTabeldata	TShareddescriptorTabeldata	existing-unreviewed		0
T작업관리자	TTaskmanager	TTaskmanager	existing-unreviewed		0
T조각설명자	TSegmentdescriptor	TSegmentdescriptor	existing-unreviewed		0
T콘솔	TConsole	TConsole	existing-unreviewed		0
T함수1	TFunktsioon1	TFunktsioon1	existing-unreviewed		0
UDESC_32SEG	Udesc32seg	Udesc32seg	existing-unreviewed		0
UDESC_CONTENTS	UdescSisukord	UdescSisukord	existing-unreviewed		0
UDESC_LIMIT_IN_PAGES	UdescPiirSissepages	UdescPiirSissepages	existing-unreviewed		0
UDESC_RX_ONLY	Udescrxonly	Udescrxonly	existing-unreviewed		0
UDESC_SEG_NOT_PRESENT	UdescsegnotOlemas	UdescsegnotOlemas	existing-unreviewed		0
UDESC_USABLE	Udescusable	Udescusable	existing-unreviewed		0
USER_STACK	Kasutajastack	Kasutajastack	existing-unreviewed		0
USER_STACK_SIZE	KasutajastackSuurus	KasutajastackSuurus	existing-unreviewed		0
USER_STACK_TOP	KasutajastackÜleval	KasutajastackÜleval	existing-unreviewed		0
Uid	Uid	Uid	existing-unreviewed		0
Uint16ToArray	Unsignedinteger16toMassiiv	Unsignedinteger16toMassiiv	existing-unreviewed		0
Uint16ToArray_BE	Unsignedinteger16toMassiivbe	Unsignedinteger16toMassiivbe	existing-unreviewed		0
Uint16_R	Unsignedinteger16r	Unsignedinteger16r	existing-unreviewed		0
Uint32ToArray	Unsignedinteger32toMassiiv	Unsignedinteger32toMassiiv	existing-unreviewed		0
Uint32_R	Unsignedinteger32r	Unsignedinteger32r	existing-unreviewed		0
Uint48ToArray	Unsignedinteger48toMassiiv	Unsignedinteger48toMassiiv	existing-unreviewed		0
Uint48ToArray_BE	Unsignedinteger48toMassiivbe	Unsignedinteger48toMassiivbe	existing-unreviewed		0
Uint48_R	Unsignedinteger48r	Unsignedinteger48r	existing-unreviewed		0
Uint64ToArray	Unsignedinteger64toMassiiv	Unsignedinteger64toMassiiv	existing-unreviewed		0
Uint64_R	Unsignedinteger64r	Unsignedinteger64r	existing-unreviewed		0
UnhandleInterrupt	UnhandleKatkestus	UnhandleKatkestus	existing-unreviewed		0
UnsetBit	Määramatabiti	Toggle_allocation_bit	pending-language-review	toggle_bit	1
UsedBlocks	KasutusesKast	KasutusesKast	existing-unreviewed		0
UserDesc	Kasutajadescriptor	Kasutajadescriptor	existing-unreviewed		0
UserStack	Kasutajastack_2	Kasutajastack_2	existing-unreviewed		0
UserStackSize	KasutajastackSuurus_2	KasutajastackSuurus_2	existing-unreviewed		0
Vendor_id	Tootjaid	Tootjaid	existing-unreviewed		0
Version	Versioon	Versioon	existing-unreviewed		0
VirtTest	VirtTesti	VirtTesti	existing-unreviewed		0
Write	Kirjutamine	Kirjutamine	existing-unreviewed		0
Write28	Kirjutamine28	Kirjutamine28	existing-unreviewed		0
WriteRegisters	Kirjutamineregister	Kirjutamineregister	existing-unreviewed		0
X	X	X	existing-unreviewed		0
Y	Y	Y	existing-unreviewed		0
Zero	Zero	Zero	existing-unreviewed		0
ZeroBlockInPageDir	ZeroKastSisseLehekülgKataloog	ZeroKastSisseLehekülgKataloog	existing-unreviewed		0
a	a	a	existing-unreviewed		0
aTime	aAeg	aAeg	existing-unreviewed		0
access	ligipääs	ligipääs	existing-unreviewed		0
accessMode	ligipääsREŽIIM	ligipääsREŽIIM	existing-unreviewed		0
ack	ack	ack	existing-unreviewed		0
activeKeyboardDriver	aktiivneKlaviatuurdriver	aktiivneKlaviatuurdriver	existing-unreviewed		0
activeMouseDriver	aktiivneHiirdriver	aktiivneHiirdriver	existing-unreviewed		0
addr	address	address	existing-unreviewed		0
addrPtr	addressKursor	addressKursor	existing-unreviewed		0
address	address_2	address_2	existing-unreviewed		0
addressError	addressViga	addressViga	existing-unreviewed		0
afInet	afinet	afinet	existing-unreviewed		0
allocFD	allocatefd	allocatefd	existing-unreviewed		0
allocOpenFile	allocateAvaFail	allocateAvaFail	existing-unreviewed		0
allocProcess	allocateProtsess	allocateProtsess	existing-unreviewed		0
allocateSocket	allocateSokkel	allocateSokkel	existing-unreviewed		0
allocated	allocated	allocated	existing-unreviewed		0
amd_am79c973	amdam79c973	amdam79c973	existing-unreviewed		0
args	argumendid	argumendid	existing-unreviewed		0
argument	argument	argument	existing-unreviewed		0
argumentPointers	argumentpointers	argumentpointers	existing-unreviewed		0
arguments	argumendid_2	argumendid_2	existing-unreviewed		0
arp	arp	arp	existing-unreviewed		0
arpBuffer	arpbuffer	arpbuffer	existing-unreviewed		0
arpMesgSize	arpmesgSuurus	arpmesgSuurus	existing-unreviewed		0
arpProvider	arpprovider	arpprovider	existing-unreviewed		0
arp콘솔	arpconsole	arpconsole	existing-unreviewed		0
array	massiiv	massiiv	existing-unreviewed		0
ata	ata	ata	existing-unreviewed		0
ata0s	ata0s	ata0s	existing-unreviewed		0
attempts	attempts	attempts	existing-unreviewed		0
attr	atribuut	atribuut	existing-unreviewed		0
attributeControllerIndexPort	atribuutcontrollerSisukordport	atribuutcontrollerSisukordport	existing-unreviewed		0
attributeControllerReadPort	atribuutcontrollerLugemineport	atribuutcontrollerLugemineport	existing-unreviewed		0
attributeControllerResetPort	atribuutcontrollerLähtestaport	atribuutcontrollerLähtestaport	existing-unreviewed		0
attributeControllerWritePort	atribuutcontrollerKirjutamineport	atribuutcontrollerKirjutamineport	existing-unreviewed		0
attributes	attributes	attributes	existing-unreviewed		0
aux	aux	aux	existing-unreviewed		0
avail	saadaval	saadaval	existing-unreviewed		0
b	b	b	existing-unreviewed		0
backend	backend	backend	existing-unreviewed		0
backupFpRegs	backupfpregs	backupfpregs	existing-unreviewed		0
backupSector	backupsector	backupsector	existing-unreviewed		0
bar	riba	riba	existing-unreviewed		0
barNum	ribaArv	ribaArv	existing-unreviewed		0
bar_value	ribaVäärtus	ribaVäärtus	existing-unreviewed		0
base	base	base	existing-unreviewed		0
baseCode	basecode	basecode	existing-unreviewed		0
baseHigh	baseKõrge	baseKõrge	existing-unreviewed		0
baseLow	baseMadal	baseMadal	existing-unreviewed		0
baseMid	basemid	basemid	existing-unreviewed		0
base_addr_high	baseaddressKõrge	baseaddressKõrge	existing-unreviewed		0
base_addr_low	baseaddressMadal	baseaddressMadal	existing-unreviewed		0
bh	bh	bh	existing-unreviewed		0
bindEphemeral	bindephemeral	bindephemeral	existing-unreviewed		0
bindError	bindViga	bindViga	existing-unreviewed		0
bios	bios	bios	existing-unreviewed		0
bit	biti	biti	existing-unreviewed		0
bitmap	bitmap	bitmap	pending-language-review	bitmap	0
bootSignature	bootsignature	bootsignature	existing-unreviewed		0
bootable	bootable	bootable	existing-unreviewed		0
bootloader	bootloader	bootloader	existing-unreviewed		0
bound	bound	bound	existing-unreviewed		0
bpb	bpb	bpb	pending-language-review	fat_parameters	0
bpbBytes	bpbbaiti	bpbbaiti	existing-unreviewed		0
bpbPtr	bpbKursor	bpbKursor	existing-unreviewed		0
buf	buffer	buffer	existing-unreviewed		0
buf1	buffer1	buffer1	existing-unreviewed		0
buf2	buffer2	buffer2	existing-unreviewed		0
buf3	buffer3	buffer3	existing-unreviewed		0
buf4	buffer4	buffer4	existing-unreviewed		0
buf6	buffer6	buffer6	existing-unreviewed		0
buffer	buffer_2	buffer_2	existing-unreviewed		0
buffer1	buffer1_2	buffer1_2	existing-unreviewed		0
buffer2	buffer2_2	buffer2_2	existing-unreviewed		0
bufferAddr	bufferaddress	bufferaddress	existing-unreviewed		0
bufferAddress	bufferaddress_2	bufferaddress_2	existing-unreviewed		0
bufptr	bufferKursor	bufferKursor	existing-unreviewed		0
bus	bus	bus	existing-unreviewed		0
busControlRegisterDataPort	busJuhtregisterdataport	busJuhtregisterdataport	existing-unreviewed		0
button	nupp	nupp	existing-unreviewed		0
buttons	nupp_2	nupp_2	existing-unreviewed		0
bytesPerSector	baitipersector	baitipersector	existing-unreviewed		0
c	c	c	existing-unreviewed		0
cDate	cKuupäev	cKuupäev	existing-unreviewed		0
cTime	cAeg	cAeg	existing-unreviewed		0
cTimeTenth	cAegtenth	cAegtenth	existing-unreviewed		0
call	call	call	existing-unreviewed		0
candidate	candidate	candidate	existing-unreviewed		0
cap	cap	cap	existing-unreviewed		0
char	char	char	existing-unreviewed		0
checked	checked	checked	existing-unreviewed		0
checksum	checksum	checksum	existing-unreviewed		0
child	laps	laps	existing-unreviewed		0
childPID	lapspid	lapspid	existing-unreviewed		0
childPageDir	lapsLehekülgKataloog	lapsLehekülgKataloog	existing-unreviewed		0
chunk	chunk	chunk	existing-unreviewed		0
class_id	klassid	klassid	existing-unreviewed		0
closeAllProcessFDs	sulgeKõikProtsessfds	sulgeKõikProtsessfds	existing-unreviewed		0
closeOnExec	sulgeSeesKäivitamine	sulgeSeesKäivitamine	existing-unreviewed		0
closeProcessFD	sulgeProtsessfd	sulgeProtsessfd	existing-unreviewed		0
code	code	code	existing-unreviewed		0
code1Ptr	code1Kursor	code1Kursor	existing-unreviewed		0
code1ptr	code1Kursor_2	code1Kursor_2	existing-unreviewed		0
code2Ptr	code2Kursor	code2Kursor	existing-unreviewed		0
code3Ptr	code3Kursor	code3Kursor	existing-unreviewed		0
codeSegment	codesegment	codesegment	existing-unreviewed		0
colorIndex	värvSisukord	värvSisukord	existing-unreviewed		0
colordepth	värvdepth	värvdepth	existing-unreviewed		0
command	käsk	käsk	existing-unreviewed		0
commandPort	käskport	käskport	existing-unreviewed		0
commandport	käskport_2	käskport_2	existing-unreviewed		0
common	üldine	üldine	existing-unreviewed		0
connected	connected	connected	existing-unreviewed		0
console	console	console	existing-unreviewed		0
controlPort	juhtport	juhtport	existing-unreviewed		0
copyExecVector	kopeeriKäivitaminevector	kopeeriKäivitaminevector	existing-unreviewed		0
copyLength	kopeeriKestus	kopeeriKestus	existing-unreviewed		0
copyPageDir	kopeeriLehekülgKataloog	kopeeriLehekülgKataloog	existing-unreviewed		0
copyPath	kopeeriRADA	kopeeriRADA	existing-unreviewed		0
copySocketName	kopeeriSokkelNimi	kopeeriSokkelNimi	existing-unreviewed		0
copyUtsField	kopeeriutsväli	kopeeriutsväli	existing-unreviewed		0
count	count	count	existing-unreviewed		0
count2	count2	count2	existing-unreviewed		0
cowFrameManager	cowRaammanager	cowRaammanager	existing-unreviewed		0
cpu	protsessor	protsessor	existing-unreviewed		0
cpustate	protsessorOlek	protsessorOlek	existing-unreviewed		0
cr0	cr0	cr0	existing-unreviewed		0
cr3	cr3	cr3	existing-unreviewed		0
cr4	cr4	cr4	existing-unreviewed		0
crtcDataPort	crtcdataport	crtcdataport	existing-unreviewed		0
crtcIndexPort	crtcSisukordport	crtcSisukordport	existing-unreviewed		0
cs	cs	cs	existing-unreviewed		0
currentRecvBuffer	käesolevrecvbuffer	käesolevrecvbuffer	existing-unreviewed		0
currentSendBuffer	käesolevSaadabuffer	käesolevSaadabuffer	existing-unreviewed		0
currentTask	käesolevtask	käesolevtask	existing-unreviewed		0
currentThread	käesolevthread	käesolevthread	existing-unreviewed		0
currentThreadIndex	käesolevthreadSisukord	käesolevthreadSisukord	existing-unreviewed		0
cursorHeight	cursorLaius	cursorLaius	existing-unreviewed		0
cursorStart	cursorKäivita	cursorKäivita	existing-unreviewed		0
d_tag	dSilt	dSilt	existing-unreviewed		0
d_val_ptr	dvalKursor	dvalKursor	existing-unreviewed		0
data	data	data	existing-unreviewed		0
dataBuf	databuffer	databuffer	existing-unreviewed		0
dataBytes	databaiti	databaiti	existing-unreviewed		0
dataPointer	dataKursor	dataKursor	existing-unreviewed		0
dataPort	dataport	dataport	existing-unreviewed		0
dataStart	dataKäivita	dataKäivita	existing-unreviewed		0
databuffer	databuffer_2	databuffer_2	existing-unreviewed		0
dataport	dataport_2	dataport_2	existing-unreviewed		0
defaultKeyboardEventHandler	vaikimisiKlaviatuurSündmushandler	vaikimisiKlaviatuurSündmushandler	existing-unreviewed		0
desc	descriptor	descriptor	existing-unreviewed		0
description	kirjeldus	kirjeldus	existing-unreviewed		0
destination	sihtfail	sihtfail	existing-unreviewed		0
destinationAddress	sihtfailaddress	sihtfailaddress	existing-unreviewed		0
destinationLength	sihtfailKestus	sihtfailKestus	existing-unreviewed		0
dev	seade	seade	existing-unreviewed		0
device	seade_2	seade_2	existing-unreviewed		0
deviceDescriptor	seadedescriptor	seadedescriptor	existing-unreviewed		0
devicePort	seadeport	seadeport	existing-unreviewed		0
diff	diff	diff	existing-unreviewed		0
digits	digits	digits	existing-unreviewed		0
dirent	dirent	dirent	existing-unreviewed		0
direntBytes	direntbaiti	direntbaiti	existing-unreviewed		0
direntPtr	direntKursor	direntKursor	existing-unreviewed		0
discardProcess	unustaProtsess	unustaProtsess	existing-unreviewed		0
dispatchInterrupt	dispatchKatkestus	dispatchKatkestus	existing-unreviewed		0
divisor	divisor	divisor	existing-unreviewed		0
domain	domeen	domeen	existing-unreviewed		0
driveNumber	driveArv	driveArv	existing-unreviewed		0
driver	driver	driver	existing-unreviewed		0
driverManager	drivermanager	drivermanager	existing-unreviewed		0
drivercount	drivercount	drivercount	existing-unreviewed		0
drv	driver_2	driver_2	existing-unreviewed		0
ds	ds	ds	existing-unreviewed		0
ds_segment	dssegment	dssegment	existing-unreviewed		0
dst	sihtfail_2	sihtfail_2	existing-unreviewed		0
dstEntry	sihtfailkirje	sihtfailkirje	existing-unreviewed		0
dstIP	sihtfailipaddress	sihtfailipaddress	existing-unreviewed		0
dstIP_BE	sihtfailipaddressVõrkbyteorder	sihtfailipaddressVõrkbyteorder	existing-unreviewed		0
dstMAC	sihtfailmacaddress	sihtfailmacaddress	existing-unreviewed		0
dstMAC_BE	sihtfailmacbe	sihtfailmacbe	existing-unreviewed		0
dstPageDir	sihtfailLehekülgKataloog	sihtfailLehekülgKataloog	existing-unreviewed		0
dstPort	sihtfailportArv	sihtfailportArv	pending-language-review	destination_port	0
dstPt	sihtfailpt	sihtfailpt	existing-unreviewed		0
dstPtPtr	sihtfailptKursor	sihtfailptKursor	existing-unreviewed		0
dstPtr	sihtfailKursor	sihtfailKursor	existing-unreviewed		0
dstptr	sihtfailKursor_2	sihtfailKursor_2	existing-unreviewed		0
dynamic	dünaamiline	dünaamiline	existing-unreviewed		0
e	e	e	existing-unreviewed		0
e_ehsize	eehsize	eehsize	existing-unreviewed		0
e_entry	ekirje	ekirje	existing-unreviewed		0
e_flags	eLipud	eLipud	existing-unreviewed		0
e_ident	eident	eident	existing-unreviewed		0
e_machine	emachine	emachine	existing-unreviewed		0
e_phentsize	ephentsize	ephentsize	existing-unreviewed		0
e_phnum	ephnum	ephnum	existing-unreviewed		0
e_phoff	ephoff	ephoff	existing-unreviewed		0
e_shentsize	eshentsize	eshentsize	existing-unreviewed		0
e_shnum	eshnum	eshnum	existing-unreviewed		0
e_shoff	eshoff	eshoff	existing-unreviewed		0
e_shstrndx	eshstrndx	eshstrndx	existing-unreviewed		0
e_type	eLiik	eLiik	existing-unreviewed		0
e_version	eVersioon	eVersioon	existing-unreviewed		0
eax	eax	eax	existing-unreviewed		0
ebp	ebp	ebp	existing-unreviewed		0
ebx	ebx	ebx	existing-unreviewed		0
ecx	ecx	ecx	existing-unreviewed		0
edi	edi	edi	existing-unreviewed		0
edx	edx	edx	existing-unreviewed		0
efHandler	efhandler	efhandler	existing-unreviewed		0
eflags	eflags	eflags	existing-unreviewed		0
eip	eip	eip	existing-unreviewed		0
eipOffset	eipoffset	eipoffset	existing-unreviewed		0
elf	elf	elf	existing-unreviewed		0
elf0	elf0	elf0	existing-unreviewed		0
elf2	elf2	elf2	existing-unreviewed		0
elf3	elf3	elf3	existing-unreviewed		0
elf4	elf4	elf4	existing-unreviewed		0
elfHeader	elfheader	elfheader	existing-unreviewed		0
enabled	lubatud	lubatud	existing-unreviewed		0
end	lõpp	lõpp	existing-unreviewed		0
endOffset	lõppoffset	lõppoffset	existing-unreviewed		0
end_cylinder	lõppcylinder	lõppcylinder	existing-unreviewed		0
end_head	lõpphead	lõpphead	existing-unreviewed		0
end_sector	lõppsector	lõppsector	existing-unreviewed		0
ensureCurrentProcess	ensureKäesolevProtsess	ensureKäesolevProtsess	existing-unreviewed		0
entry	kirje	kirje	existing-unreviewed		0
entryPoint	kirjepoint	kirjepoint	existing-unreviewed		0
entrypoint	kirjepoint_2	kirjepoint_2	existing-unreviewed		0
environment	environment	environment	existing-unreviewed		0
environmentPointers	environmentpointers	environmentpointers	existing-unreviewed		0
err	viga	viga	existing-unreviewed		0
errorPort	vigaport	vigaport	existing-unreviewed		0
es	es	es	existing-unreviewed		0
esi	esi	esi	existing-unreviewed		0
esp	esp	esp	existing-unreviewed		0
esp0	esp0	esp0	existing-unreviewed		0
esp1	esp1	esp1	existing-unreviewed		0
esp2	esp2	esp2	existing-unreviewed		0
etherFrameProvider	ethernetRaamprovider	ethernetRaamprovider	pending-language-review	ethernet_provider	0
etherType	ethernetLiik	ethernetLiik	existing-unreviewed		0
etherType_BE	ethernetLiikbe	ethernetLiikbe	existing-unreviewed		0
etherframe	ethernetRaam	ethernetRaam	existing-unreviewed		0
etherframePayload	ethernetRaampayload	ethernetRaampayload	existing-unreviewed		0
except	except	except	existing-unreviewed		0
exceptionCR0	exceptioncr0	exceptioncr0	existing-unreviewed		0
exceptionCR2	exceptioncr2	exceptioncr2	existing-unreviewed		0
exceptionCR3	exceptioncr3	exceptioncr3	existing-unreviewed		0
exceptionFrameValue	exceptionRaamVäärtus	exceptionRaamVäärtus	existing-unreviewed		0
exceptionHasErrorCode	exceptionhasVigacode	exceptionhasVigacode	existing-unreviewed		0
exceptionName	exceptionNimi	exceptionNimi	existing-unreviewed		0
execVector	käivitaminevector	käivitaminevector	existing-unreviewed		0
exists	exists	exists	existing-unreviewed		0
exited	exited	exited	existing-unreviewed		0
ext	ext	ext	existing-unreviewed		0
extFlags	extLipud	extLipud	existing-unreviewed		0
extendedScanCode	extendedVaataläbicode	extendedVaataläbicode	existing-unreviewed		0
fDupFD	fdupfd	fdupfd	existing-unreviewed		0
fGetFD	fgetfd	fgetfd	existing-unreviewed		0
fGetFL	fgetfl	fgetfl	existing-unreviewed		0
fSetFD	fMäärafd	fMäärafd	existing-unreviewed		0
fSetFL	fMäärafl	fMäärafl	existing-unreviewed		0
fat	fat	fat	existing-unreviewed		0
fatCopies	fatKopeeri	fatKopeeri	existing-unreviewed		0
fatInfo	fatinfo	fatinfo	existing-unreviewed		0
fatOffsetInSectorForCurrentCluster	fatoffsetSissesectorforKäesolevcluster	fatoffsetSissesectorforKäesolevcluster	existing-unreviewed		0
fatSectorCount	fatsectorcount	fatsectorcount	existing-unreviewed		0
fatSectorForCurrentCluster	fatsectorforKäesolevcluster	fatsectorforKäesolevcluster	existing-unreviewed		0
fatSize	fatSuurus	fatSuurus	existing-unreviewed		0
fatStart	fatKäivita	fatKäivita	existing-unreviewed		0
fatTypeLabel	fatLiikSilt	fatLiikSilt	existing-unreviewed		0
fatVersion	fatVersioon	fatVersioon	existing-unreviewed		0
fatbuf	fatbuf	fatbuf	existing-unreviewed		0
fatbuffer	fatbuffer	fatbuffer	existing-unreviewed		0
faultAddr	faultaddress	faultaddress	existing-unreviewed		0
fb	fb	fb	existing-unreviewed		0
fbCurCol	fbKäesolevcol	fbKäesolevcol	existing-unreviewed		0
fbCurLine	fbKäesolevRida	fbKäesolevRida	existing-unreviewed		0
fbHeight	fbLaius	fbLaius	existing-unreviewed		0
fbPhysAddr	fbphysaddress	fbphysaddress	existing-unreviewed		0
fbWidth	fbKõrgus	fbKõrgus	existing-unreviewed		0
fd	fd	fd	existing-unreviewed		0
fdCloexec	fdcloexec	fdcloexec	existing-unreviewed		0
fdEntry	fdkirje	fdkirje	existing-unreviewed		0
fdFlags	fdLipud	fdLipud	existing-unreviewed		0
fdKindConsole	fdLiikconsole	fdLiikconsole	existing-unreviewed		0
fdKindFat	fdLiikfat	fdLiikfat	existing-unreviewed		0
fdKindNone	fdLiikPuudub	fdLiikPuudub	existing-unreviewed		0
fdKindRootDir	fdLiikJuurKataloog	fdLiikJuurKataloog	existing-unreviewed		0
fdKindSocket	fdLiikSokkel	fdLiikSokkel	existing-unreviewed		0
fdKindStdin	fdLiikstdin	fdLiikstdin	existing-unreviewed		0
fds	fds	fds	existing-unreviewed		0
filePtr	failKursor	failKursor	existing-unreviewed		0
fileSector	failsector	failsector	existing-unreviewed		0
fileSize	failSuurus	failSuurus	existing-unreviewed		0
filename	failinimi	failinimi	existing-unreviewed		0
fillPosixStat	fillposixstat	fillposixstat	existing-unreviewed		0
findProcess	otsiProtsess	otsiProtsess	existing-unreviewed		0
first	first	first	existing-unreviewed		0
firstClusterHi	firstclusterhi	firstclusterhi	existing-unreviewed		0
firstClusterLow	firstclusterMadal	firstclusterMadal	existing-unreviewed		0
firstFileCluster	firstFailcluster	firstFailcluster	existing-unreviewed		0
flags	lipud	lipud	existing-unreviewed		0
flags2	lipud2	lipud2	existing-unreviewed		0
flagsAndOffset	lipudjaoffset	lipudjaoffset	existing-unreviewed		0
flushIndex	flushSisukord	flushSisukord	existing-unreviewed		0
flushTlsTable	flushtlsTabel	flushtlsTabel	existing-unreviewed		0
flush_tss	flushtss	flushtss	existing-unreviewed		0
fn	fn	fn	existing-unreviewed		0
foo	foo	foo	existing-unreviewed		0
foundChild	foundlaps	foundlaps	existing-unreviewed		0
frame	raam	raam	existing-unreviewed		0
frameCount	raamcount	raamcount	existing-unreviewed		0
frameHeaderSize	raamheaderSuurus	raamheaderSuurus	existing-unreviewed		0
free	vaba	vaba	existing-unreviewed		0
freePort	vabaport	vabaport	existing-unreviewed		0
frequency	sagedus	sagedus	existing-unreviewed		0
fs	fs	fs	existing-unreviewed		0
func1Val	func1val	func1val	existing-unreviewed		0
func2Val	func2val	func2val	existing-unreviewed		0
func3Val	func3val	func3val	existing-unreviewed		0
func_addr	funcaddress	funcaddress	existing-unreviewed		0
func_bytes	funcbaiti	funcbaiti	existing-unreviewed		0
func_name	funcNimi	funcNimi	existing-unreviewed		0
func_value	funcVäärtus	funcVäärtus	existing-unreviewed		0
function	funktsioon	funktsioon	existing-unreviewed		0
fxrstor	fxrstor	fxrstor	existing-unreviewed		0
fxsave	fxsave	fxsave	existing-unreviewed		0
g	g	g	existing-unreviewed		0
g_320x200x256	g320x200x256	g320x200x256	existing-unreviewed		0
gate	gate	gate	existing-unreviewed		0
gateData	gatedata	gatedata	existing-unreviewed		0
gatewayIP	gatewayip	gatewayip	existing-unreviewed		0
gdt	gdt	gdt	existing-unreviewed		0
gdtDescriptor	gdtdescriptor	gdtdescriptor	existing-unreviewed		0
gdtEntry	gdtkirje	gdtkirje	existing-unreviewed		0
gdtTable	gdtTabel	gdtTabel	existing-unreviewed		0
gdtTableLen	gdtTabellen	gdtTabellen	existing-unreviewed		0
gdt_codeSegmentSelector	gdtcodesegmentselector	gdtcodesegmentselector	existing-unreviewed		0
gdt_func	gdtfunc	gdtfunc	existing-unreviewed		0
getCR2	getcr2	getcr2	existing-unreviewed		0
getCR3	getcr3	getcr3	existing-unreviewed		0
getDescriptor	getdescriptor	getdescriptor	existing-unreviewed		0
getESI	getesi	getesi	existing-unreviewed		0
getESP	getesp	getesp	existing-unreviewed		0
getGDT	getgdt	getgdt	existing-unreviewed		0
getGS	getgs	getgs	existing-unreviewed		0
getOpenFile	getAvaFail	getAvaFail	existing-unreviewed		0
getOpenFileFor	getAvaFailfor	getAvaFailfor	existing-unreviewed		0
getTLS	gettls	gettls	existing-unreviewed		0
globalDescriptorTable	globaalnedescriptorTabel	globaalnedescriptorTabel	existing-unreviewed		0
globalOffsetTable	globaalneoffsetTabel	globaalneoffsetTabel	existing-unreviewed		0
global_offset_table	globaalneoffsetTabel_2	globaalneoffsetTabel_2	existing-unreviewed		0
graphicsControllerDataPort	graafikacontrollerdataport	graafikacontrollerdataport	existing-unreviewed		0
graphicsControllerIndexPort	graafikacontrollerSisukordport	graafikacontrollerSisukordport	existing-unreviewed		0
grub_multiboot_memory_map_t	grubmultibootMälumapt	grubmultibootMälumapt	existing-unreviewed		0
gs	gs	gs	existing-unreviewed		0
gs_segment	gssegment	gssegment	existing-unreviewed		0
h	h	h	existing-unreviewed		0
haltAfterFatalException	haltafterfatalexception	haltafterfatalexception	existing-unreviewed		0
handleInterrupt	handleKatkestus	handleKatkestus	existing-unreviewed		0
handleKeyboardInterrupt	handleKlaviatuurKatkestus	handleKlaviatuurKatkestus	existing-unreviewed		0
handleMouseInterrupt	handleHiirKatkestus	handleHiirKatkestus	existing-unreviewed		0
handlePagingInterrupt	handlepagingKatkestus	handlepagingKatkestus	existing-unreviewed		0
handleUnhandledSyscall	handleunhandledsyscall	handleunhandledsyscall	existing-unreviewed		0
handler	handler	handler	existing-unreviewed		0
handlerAddressHighBits	handleraddressKõrgebitti	handleraddressKõrgebitti	existing-unreviewed		0
handlerAddressLowBits	handleraddressMadalbitti	handleraddressMadalbitti	existing-unreviewed		0
handlerRun	handlerKäivita	handlerKäivita	existing-unreviewed		0
handlers	handler_2	handler_2	existing-unreviewed		0
hardwareAddressSize	riistvaraaddressSuurus	riistvaraaddressSuurus	existing-unreviewed		0
hardwareInterruptOffset	riistvaraKatkestusoffset	riistvaraKatkestusoffset	existing-unreviewed		0
hardwareType	riistvaraLiik	riistvaraLiik	existing-unreviewed		0
hd	hd	hd	existing-unreviewed		0
head	head	head	existing-unreviewed		0
headCount	headcount	headcount	existing-unreviewed		0
headerLength	headerKestus	headerKestus	existing-unreviewed		0
headertype	headertype	headertype	existing-unreviewed		0
height	laius	laius	existing-unreviewed		0
hex	väärtus16ndsüsteem	väärtus16ndsüsteem	existing-unreviewed		0
hiddenSectors	varjatudsectors	varjatudsectors	existing-unreviewed		0
i	i	i	existing-unreviewed		0
iCount	icount	icount	existing-unreviewed		0
iDrivers	idriver	idriver	existing-unreviewed		0
iKeyboardEventHandler	iKlaviatuurSündmushandler	iKlaviatuurSündmushandler	existing-unreviewed		0
iMouseEventHandler	iHiirSündmushandler	iHiirSündmushandler	existing-unreviewed		0
iPCIControllerHandler	ipcicontrollerhandler	ipcicontrollerhandler	existing-unreviewed		0
iRawDataHandler	irawdatahandler	irawdatahandler	existing-unreviewed		0
iTimerEventHandler	itimerSündmushandler	itimerSündmushandler	existing-unreviewed		0
icmp	icmp	icmp	existing-unreviewed		0
icmpSize	icmpSuurus	icmpSuurus	existing-unreviewed		0
icmp콘솔	icmpconsole	icmpconsole	existing-unreviewed		0
id	id	id	existing-unreviewed		0
ident	ident	ident	existing-unreviewed		0
idtData	idtdata	idtdata	existing-unreviewed		0
idtPointer	idtKursor	idtKursor	existing-unreviewed		0
idx	idx	idx	existing-unreviewed		0
index	sisukord	sisukord	existing-unreviewed		0
initBlock	initKast	initKast	existing-unreviewed		0
initFileDescriptors	initFaildescriptor	initFaildescriptor	existing-unreviewed		0
initPIT	initpit	initpit	existing-unreviewed		0
initializeProcessFDs	initializeProtsessfds	initializeProtsessfds	existing-unreviewed		0
inode	inode	inode	existing-unreviewed		0
inputEventTask	sisendSündmustask	sisendSündmustask	existing-unreviewed		0
installIDT	paigaldaidt	paigaldaidt	existing-unreviewed		0
intNumber	intArv	intArv	existing-unreviewed		0
interface_id	lIIDESid	lIIDESid	existing-unreviewed		0
internetprotocolPayload	internetprotocolpayload	internetprotocolpayload	existing-unreviewed		0
interrupt	katkestus	katkestus	existing-unreviewed		0
interruptDebug	katkestusSilumine	katkestusSilumine	existing-unreviewed		0
interruptExitLoop	katkestusVäljuloop	katkestusVäljuloop	existing-unreviewed		0
interruptGateEntries	katkestusgatekirje	katkestusgatekirje	existing-unreviewed		0
interruptHandler	katkestushandler	katkestushandler	existing-unreviewed		0
interrupts	interrupts	interrupts	existing-unreviewed		0
iomap	iomap	iomap	existing-unreviewed		0
ip	ip	ip	existing-unreviewed		0
ipEtherFrameHandler	ipethernetRaamhandler	ipethernetRaamhandler	existing-unreviewed		0
ipHandler	iphandler	iphandler	existing-unreviewed		0
ipIdx	ipidx	ipidx	existing-unreviewed		0
ipProtocolUDP	ipprotocoludp	ipprotocoludp	existing-unreviewed		0
ipProvider	ipprovider	ipprovider	pending-language-review	ip_provider	0
ipSize	ipSuurus	ipSuurus	existing-unreviewed		0
ip_be	ipVõrkbyteorder	ipVõrkbyteorder	existing-unreviewed		0
ipmessage	internetprotocolTeade	internetprotocolTeade	existing-unreviewed		0
ipv4	ipv4	ipv4	existing-unreviewed		0
ip콘솔	ipconsole	ipconsole	existing-unreviewed		0
isKernel	iskernel	iskernel	existing-unreviewed		0
isRoot	isJuur	isJuur	existing-unreviewed		0
isRootPath	isJuurRADA	isJuurRADA	existing-unreviewed		0
isSharedPDE	issharedpde	issharedpde	existing-unreviewed		0
istOffset	istoffset	istoffset	existing-unreviewed		0
j	j	j	existing-unreviewed		0
jmp	jmp	jmp	existing-unreviewed		0
jmp_user	jmpKasutaja	jmpKasutaja	existing-unreviewed		0
jump_usermode_iret	jumpusermodeiret	jumpusermodeiret	existing-unreviewed		0
kPageDirEntry	kLehekülgKataloogkirje	kLehekülgKataloogkirje	existing-unreviewed		0
kernelESP	kernelesp	kernelesp	existing-unreviewed		0
kernelPageDirEntry	kernelLehekülgKataloogkirje	kernelLehekülgKataloogkirje	existing-unreviewed		0
kernelSS	kernelss	kernelss	existing-unreviewed		0
key	võti	võti	existing-unreviewed		0
keyboard	klaviatuur	klaviatuur	existing-unreviewed		0
keyboardDriver	klaviatuurdriver	klaviatuurdriver	existing-unreviewed		0
keyboardEventHandler	klaviatuurSündmushandler	klaviatuurSündmushandler	existing-unreviewed		0
keyboardQueue	klaviatuurqueue	klaviatuurqueue	existing-unreviewed		0
keyboardQueueRead	klaviatuurqueueLugemine	klaviatuurqueueLugemine	existing-unreviewed		0
keyboardQueueSize	klaviatuurqueueSuurus	klaviatuurqueueSuurus	existing-unreviewed		0
keyboardQueueWrite	klaviatuurqueueKirjutamine	klaviatuurqueueKirjutamine	existing-unreviewed		0
kind	liik	liik	existing-unreviewed		0
l	l	l	existing-unreviewed		0
last	eelmine	eelmine	existing-unreviewed		0
lbaHiPort	lbahiport	lbahiport	existing-unreviewed		0
lbaLowPort	lbaMadalport	lbaMadalport	existing-unreviewed		0
lbaMidPort	lbamidport	lbamidport	existing-unreviewed		0
ldt	ldt	ldt	existing-unreviewed		0
leftShift	vasakulshift	vasakulshift	existing-unreviewed		0
len	len	len	existing-unreviewed		0
len_ver	lenver	lenver	existing-unreviewed		0
length	kestus	kestus	existing-unreviewed		0
lengthAddress	kestusaddress	kestusaddress	existing-unreviewed		0
lengthInBytes	kestusSissebaiti	kestusSissebaiti	existing-unreviewed		0
length_high	kestusKõrge	kestusKõrge	existing-unreviewed		0
length_low	kestusMadal	kestusMadal	existing-unreviewed		0
lengths	lengths	lengths	existing-unreviewed		0
lib1Addr	lib1address	lib1address	existing-unreviewed		0
lib1Data	lib1data	lib1data	existing-unreviewed		0
lib1File	lib1Fail	lib1Fail	existing-unreviewed		0
lib1GOT	lib1got	lib1got	existing-unreviewed		0
lib1elf	lib1elf	lib1elf	existing-unreviewed		0
lib2Addr	lib2address	lib2address	existing-unreviewed		0
lib2Data	lib2data	lib2data	existing-unreviewed		0
lib2File	lib2Fail	lib2Fail	existing-unreviewed		0
lib2GOT	lib2got	lib2got	existing-unreviewed		0
lib2elf	lib2elf	lib2elf	existing-unreviewed		0
libLinkMap	libViitmap	libViitmap	existing-unreviewed		0
lidtaddr	lidtaddr	lidtaddr	existing-unreviewed		0
limit	piir	piir	existing-unreviewed		0
limitHighAndFlags	piirKõrgejaLipud	piirKõrgejaLipud	existing-unreviewed		0
limitLow	piirMadal	piirMadal	existing-unreviewed		0
linkMap	viitmap	viitmap	existing-unreviewed		0
linkMapAddr	viitmapaddress	viitmapaddress	existing-unreviewed		0
linkerAddr	linkeraddress	linkeraddress	existing-unreviewed		0
linkerData	linkerdata	linkerdata	existing-unreviewed		0
linkerEntry	linkerkirje	linkerkirje	existing-unreviewed		0
linkerFile	linkerFail	linkerFail	existing-unreviewed		0
list	nimekiri	nimekiri	existing-unreviewed		0
listening	listening	listening	existing-unreviewed		0
loader	loader	loader	existing-unreviewed		0
local	kohalik	kohalik	existing-unreviewed		0
localDatagramSocket	kohalikdatagramSokkel	kohalikdatagramSokkel	existing-unreviewed		0
localIP	kohalikip	kohalikip	existing-unreviewed		0
localPort	kohalikportArv	kohalikportArv	existing-unreviewed		0
localSockets	kohaliksockets	kohaliksockets	existing-unreviewed		0
logicalAddress	logicaladdress	logicaladdress	existing-unreviewed		0
macAddr	macaddress	macaddress	existing-unreviewed		0
macIdx	macidx	macidx	existing-unreviewed		0
magicnumber	magicnumber	magicnumber	existing-unreviewed		0
main	main	main	compatibility		0
mainThread	peaminethread	peaminethread	existing-unreviewed		0
makePagePrivateWritableCurrent	makeLehekülgPrivaatwritableKäesolev	makeLehekülgPrivaatwritableKäesolev	existing-unreviewed		0
makeRangePrivateWritableCurrent	makeVahemikPrivaatwritableKäesolev	makeVahemikPrivaatwritableKäesolev	existing-unreviewed		0
manager	manager	manager	existing-unreviewed		0
mask	mask	mask	existing-unreviewed		0
master	valjus	valjus	existing-unreviewed		0
matches	matches	matches	existing-unreviewed		0
maxBARs	suurimbars	suurimbars	existing-unreviewed		0
maxDatagramSize	suurimdatagramSuurus	suurimdatagramSuurus	existing-unreviewed		0
maxExecStringLength	suurimKäivitaminestringKestus	suurimKäivitaminestringKestus	existing-unreviewed		0
maxExecVectorEntries	suurimKäivitaminevectorkirje	suurimKäivitaminevectorkirje	existing-unreviewed		0
maxFD	suurimfd	suurimfd	existing-unreviewed		0
maxOpenFiles	suurimAvaFAILID	suurimAvaFAILID	existing-unreviewed		0
maxSocketPackets	suurimSokkelpaketti	suurimSokkelpaketti	existing-unreviewed		0
maxSockets	suurimsockets	suurimsockets	existing-unreviewed		0
maximumBlocks	suurimKast	suurimKast	existing-unreviewed		0
mediaType	meediumLiik	meediumLiik	existing-unreviewed		0
mem	mem	mem	existing-unreviewed		0
memoryArray	mäluMassiiv	mäluMassiiv	existing-unreviewed		0
memoryChunkSize	mäluchunkSuurus	mäluchunkSuurus	existing-unreviewed		0
memoryManager	mälumanager	mälumanager	existing-unreviewed		0
memoryOper	mäluoper	mäluoper	existing-unreviewed		0
memorySize	mäluSuurus	mäluSuurus	existing-unreviewed		0
memorymananger	memorymananger	memorymananger	existing-unreviewed		0
memorytest	memorytest	memorytest	existing-unreviewed		0
message	teade	teade	existing-unreviewed		0
micsPort	micsport	micsport	existing-unreviewed		0
minimum	väikseim	väikseim	existing-unreviewed		0
mode	rEŽIIM	rEŽIIM	existing-unreviewed		0
mouseDriver	hiirdriver	hiirdriver	existing-unreviewed		0
mouseEventHandler	hiirSündmushandler	hiirSündmushandler	existing-unreviewed		0
mouseVGA	hiirvga	hiirvga	existing-unreviewed		0
mouseWidget	hiirVidin	hiirVidin	existing-unreviewed		0
msdospart	msdospartition	msdospartition	existing-unreviewed		0
msg	msg	msg	existing-unreviewed		0
msgBuffer	msgbuffer	msgbuffer	existing-unreviewed		0
multiboot_memory_map	multibootMälumap	multibootMälumap	existing-unreviewed		0
multitasking	multitasking	multitasking	existing-unreviewed		0
myKeyboardEventHandler	myKlaviatuurSündmushandler	myKlaviatuurSündmushandler	existing-unreviewed		0
myPCIControllerHandler	mypcicontrollerhandler	mypcicontrollerhandler	existing-unreviewed		0
myfunction	myfunction	myfunction	existing-unreviewed		0
n	n	n	existing-unreviewed		0
n_descsz	ndescsz	ndescsz	existing-unreviewed		0
n_namesz	nnamesz	nnamesz	existing-unreviewed		0
n_type	nLiik	nLiik	existing-unreviewed		0
name	nimi	nimi	existing-unreviewed		0
nameLen	nimilen	nimilen	existing-unreviewed		0
netCard	võrkKaardimängud	võrkKaardimängud	existing-unreviewed		0
newButtons	uusnupp	uusnupp	existing-unreviewed		0
newFD	uusfd	uusfd	existing-unreviewed		0
newFrame	uusRaam	uusRaam	existing-unreviewed		0
newLink	uusViit	uusViit	existing-unreviewed		0
newNode	uusSõlm	uusSõlm	existing-unreviewed		0
newPtr	uusKursor	uusKursor	existing-unreviewed		0
next	järgmine	järgmine	existing-unreviewed		0
nextEphemeralPort	järgmineephemeralport	järgmineephemeralport	existing-unreviewed		0
nextFileCluster	järgmineFailcluster	järgmineFailcluster	existing-unreviewed		0
nextHopIP_BE	järgminehopipaddressVõrkbyteorder	järgminehopipaddressVõrkbyteorder	existing-unreviewed		0
nextNode	järgmineSõlm	järgmineSõlm	existing-unreviewed		0
nextProcessID	järgmineProtsessid	järgmineProtsessid	existing-unreviewed		0
nextThread	järgminethread	järgminethread	existing-unreviewed		0
nibble	nibble	nibble	existing-unreviewed		0
node	sõlm	sõlm	pending-language-review	list_node	0
nodeArray	sõlmMassiiv	sõlmMassiiv	existing-unreviewed		0
num	arv	arv	existing-unreviewed		0
numCacheEntries	arvcachekirje	arvcachekirje	existing-unreviewed		0
numDrivers	arvdriver	arvdriver	existing-unreviewed		0
numFunctions	arvFunktsioonid	arvFunktsioonid	existing-unreviewed		0
numRecvBuffers	arvrecvbuffer	arvrecvbuffer	existing-unreviewed		0
numSendBuffers	arvSaadabuffer	arvSaadabuffer	existing-unreviewed		0
numSockets	arvsockets	arvsockets	existing-unreviewed		0
numTasks	arvÜlesanded	arvÜlesanded	existing-unreviewed		0
oAppend	oappend	oappend	existing-unreviewed		0
oCreate	ocreate	ocreate	existing-unreviewed		0
oDirectory	oKataloog	oKataloog	existing-unreviewed		0
oReadOnly	oLugemineonly	oLugemineonly	existing-unreviewed		0
oReadWrite	oLugemineKirjutamine	oLugemineKirjutamine	existing-unreviewed		0
oTruncate	oKärpimine	oKärpimine	existing-unreviewed		0
oWriteOnly	oKirjutamineonly	oKirjutamineonly	existing-unreviewed		0
o_addr	oaddress	oaddress	existing-unreviewed		0
offset	offset	offset	existing-unreviewed		0
ok	olgu	olgu	existing-unreviewed		0
oldButtons	oldnupp	oldnupp	existing-unreviewed		0
oldCR3	oldcr3	oldcr3	existing-unreviewed		0
oldFD	oldfd	oldfd	existing-unreviewed		0
oldFrame	oldRaam	oldRaam	existing-unreviewed		0
oldGdt	oldgdt	oldgdt	existing-unreviewed		0
oldGdtAddr	oldgdtaddress	oldgdtaddress	existing-unreviewed		0
oldGdtLen	oldgdtlen	oldgdtlen	existing-unreviewed		0
openFileDescription	avaFailKirjeldus	avaFailKirjeldus	existing-unreviewed		0
openFileTable	avaFailTabel	avaFailTabel	existing-unreviewed		0
options	valikud	valikud	existing-unreviewed		0
orgValue	orgVäärtus	orgVäärtus	existing-unreviewed		0
p	p	p	existing-unreviewed		0
p1	p1	p1	existing-unreviewed		0
p2	p2	p2	existing-unreviewed		0
p_align	pJoondus	pJoondus	existing-unreviewed		0
p_backend	pbackend	pbackend	existing-unreviewed		0
p_data	pdata	pdata	existing-unreviewed		0
p_efHandler	pefhandler	pefhandler	existing-unreviewed		0
p_efProvider	pefprovider	pefprovider	existing-unreviewed		0
p_etherType	pethernetLiik	pethernetLiik	existing-unreviewed		0
p_filesz	pfilesz	pfilesz	existing-unreviewed		0
p_flags	pLipud	pLipud	existing-unreviewed		0
p_iHandler	pihandler	pihandler	existing-unreviewed		0
p_ipHandler	piphandler	piphandler	existing-unreviewed		0
p_ipProvider	pipprovider	pipprovider	existing-unreviewed		0
p_memsz	pmemsz	pmemsz	existing-unreviewed		0
p_offset	poffset	poffset	existing-unreviewed		0
p_paddr	ppaddr	ppaddr	existing-unreviewed		0
p_protocol	pprotocol	pprotocol	existing-unreviewed		0
p_provider	pprovider	pprovider	existing-unreviewed		0
p_str	pstr	pstr	existing-unreviewed		0
p_type	pLiik	pLiik	existing-unreviewed		0
p_udpHandler	pudphandler	pudphandler	existing-unreviewed		0
p_udpProvider	pudpprovider	pudpprovider	existing-unreviewed		0
p_vaddr	pvaddr	pvaddr	existing-unreviewed		0
packet	packet	packet	existing-unreviewed		0
packetStatus	packetOlek	packetOlek	existing-unreviewed		0
packets	paketti	paketti	existing-unreviewed		0
page	lehekülg	lehekülg	existing-unreviewed		0
pageDir	lehekülgKataloog	lehekülgKataloog	pending-language-review	page_directory	0
pageDirEntry	lehekülgKataloogkirje	lehekülgKataloogkirje	existing-unreviewed		0
pageTableEntry	lehekülgTabelkirje	lehekülgTabelkirje	existing-unreviewed		0
paging	paging	paging	existing-unreviewed		0
param	param	param	existing-unreviewed		0
params	parameetrid	parameetrid	existing-unreviewed		0
parent	vanem	vanem	existing-unreviewed		0
parentPID	vanempid	vanempid	existing-unreviewed		0
parentProcess	vanemProtsess	vanemProtsess	existing-unreviewed		0
partEntry	partkirje	partkirje	existing-unreviewed		0
partition	partition	partition	existing-unreviewed		0
partitionBytes	partitionbaiti	partitionbaiti	existing-unreviewed		0
partitionOffset	partitionoffset	partitionoffset	existing-unreviewed		0
path	rADA	rADA	existing-unreviewed		0
pathAddr	rADAaddress	rADAaddress	existing-unreviewed		0
pci	pci	pci	existing-unreviewed		0
pciController	pcicontroller	pcicontroller	existing-unreviewed		0
pde	pde	pde	existing-unreviewed		0
pdeAddr	pdeaddress	pdeaddress	existing-unreviewed		0
pdelen	pdelen	pdelen	existing-unreviewed		0
peer	peer	peer	existing-unreviewed		0
pendingButtons	pendingnupp	pendingnupp	existing-unreviewed		0
pendingMouseEvent	pendingHiirSündmus	pendingHiirSündmus	existing-unreviewed		0
pendingX	pendingx	pendingx	existing-unreviewed		0
pendingY	pendingy	pendingy	existing-unreviewed		0
phyaddr	phyaddr	phyaddr	existing-unreviewed		0
phymem	physicalMälu	physicalMälu	existing-unreviewed		0
physicalAddress	physicaladdress	physicaladdress	existing-unreviewed		0
pid	pid	pid	existing-unreviewed		0
pitFrequency	pitSagedus	pitSagedus	existing-unreviewed		0
pixelAddress	pixeladdress	pixeladdress	existing-unreviewed		0
pointer	kursor	kursor	pending-language-review	pointer	0
pollKeyboardScancode	pollKlaviatuurscancode	pollKlaviatuurscancode	existing-unreviewed		0
port	port	port	existing-unreviewed		0
portBase	portbase	portbase	existing-unreviewed		0
portInUse	portSisseKasutada	portSisseKasutada	existing-unreviewed		0
portnumber	portnumber	portnumber	existing-unreviewed		0
pos	asukoht	asukoht	existing-unreviewed		0
position	asukoht_2	asukoht_2	existing-unreviewed		0
posixStat	posixstat	posixstat	existing-unreviewed		0
posixUtsname	posixutsname	posixutsname	existing-unreviewed		0
prefetchable	prefetchcapable	prefetchcapable	existing-unreviewed		0
prev	previous	previous	existing-unreviewed		0
prevNode	previousSõlm	previousSõlm	existing-unreviewed		0
prevX	previousx	previousx	existing-unreviewed		0
prevY	previousy	previousy	existing-unreviewed		0
printESP	prindiesp	prindiesp	existing-unreviewed		0
printExceptionSelectorInfo	prindiexceptionselectorinfo	prindiexceptionselectorinfo	existing-unreviewed		0
printPageFaultInfo	prindiLehekülgfaultinfo	prindiLehekülgfaultinfo	existing-unreviewed		0
printreg	printreg	printreg	existing-unreviewed		0
proc2	proc2	proc2	existing-unreviewed		0
proc3	proc3	proc3	existing-unreviewed		0
proc4	proc4	proc4	existing-unreviewed		0
process	protsess	protsess	existing-unreviewed		0
processEntry	protsesskirje	protsesskirje	existing-unreviewed		0
processHelper	protsesshelper	protsesshelper	existing-unreviewed		0
processTable	protsessTabel	protsessTabel	existing-unreviewed		0
processes	protsessid	protsessid	existing-unreviewed		0
programBreak	programmbreak	programmbreak	existing-unreviewed		0
protocol	protocol	protocol	existing-unreviewed		0
protocolAddressSize	protocoladdressSuurus	protocoladdressSuurus	existing-unreviewed		0
providedLength	providedKestus	providedKestus	existing-unreviewed		0
provider	provider	provider	existing-unreviewed		0
ps2WaitLimit	ps2OotaPiir	ps2OotaPiir	existing-unreviewed		0
pt	pt	pt	existing-unreviewed		0
pte	pte	pte	existing-unreviewed		0
pteAddr	pteaddress	pteaddress	existing-unreviewed		0
ptr	kursor_2	kursor_2	pending-language-review	pointer	0
pushExecUint32	pushKäivitamineunsignedinteger32	pushKäivitamineunsignedinteger32	existing-unreviewed		0
queueKeyboardByte	queueKlaviatuurbyte	queueKlaviatuurbyte	existing-unreviewed		0
r	r	r	existing-unreviewed		0
r_addend	raddend	raddend	existing-unreviewed		0
r_info	rinfo	rinfo	existing-unreviewed		0
r_offset	roffset	roffset	existing-unreviewed		0
raw	raw	raw	existing-unreviewed		0
rawDataBackend	rawdatabackend	rawdatabackend	existing-unreviewed		0
readFile	lugemineFail	lugemineFail	existing-unreviewed		0
readPS2Data	lugemineps2data	lugemineps2data	existing-unreviewed		0
readStdin	lugeminestdin	lugeminestdin	existing-unreviewed		0
readVFSFile	lugeminevfsFail	lugeminevfsFail	existing-unreviewed		0
read_count	lugeminecount	lugeminecount	existing-unreviewed		0
receiver	receiver	receiver	existing-unreviewed		0
recvBufferDescr	recvbufferKirjeldus	recvbufferKirjeldus	existing-unreviewed		0
recvBufferDescrAddress	recvbufferKirjeldusaddress	recvbufferKirjeldusaddress	existing-unreviewed		0
recvBuffers	recvbuffer	recvbuffer	existing-unreviewed		0
recvBuffersDescrMemory	recvbufferKirjeldusMälu	recvbufferKirjeldusMälu	existing-unreviewed		0
refBytes	referencebaiti	referencebaiti	existing-unreviewed		0
refPtr	referenceKursor	referenceKursor	existing-unreviewed		0
refs	refs	refs	existing-unreviewed		0
regIndex	regSisukord	regSisukord	existing-unreviewed		0
registerAddressPort	registeraddressport	registeraddressport	existing-unreviewed		0
registerDataPort	registerdataport	registerdataport	existing-unreviewed		0
registeroffset	registeroffset	registeroffset	existing-unreviewed		0
registers	register	register	existing-unreviewed		0
regtype	regtype	regtype	existing-unreviewed		0
rel_text	relTekst	relTekst	existing-unreviewed		0
rel_text_len	relTekstlen	relTekstlen	existing-unreviewed		0
releaseOpenFile	releaseAvaFail	releaseAvaFail	existing-unreviewed		0
released	released	released	existing-unreviewed		0
reloadCR3	laadiuuesticr3	laadiuuesticr3	existing-unreviewed		0
relocation_text	relocationTekst	relocationTekst	existing-unreviewed		0
remaining	remaining	remaining	existing-unreviewed		0
remote	võrgus	võrgus	existing-unreviewed		0
remoteIP	võrgusip	võrgusip	existing-unreviewed		0
remotePort	võrgusportArv	võrgusportArv	existing-unreviewed		0
requested	requested	requested	existing-unreviewed		0
reserved	reserved	reserved	existing-unreviewed		0
reserved0	reserved0	reserved0	existing-unreviewed		0
reservedSectors	reservedsectors	reservedsectors	existing-unreviewed		0
resetPort	lähtestaport	lähtestaport	existing-unreviewed		0
restoreFpRegs	taastafpregs	taastafpregs	existing-unreviewed		0
result	tULEMUS	tULEMUS	existing-unreviewed		0
result1	tULEMUS1	tULEMUS1	existing-unreviewed		0
result2	tULEMUS2	tULEMUS2	existing-unreviewed		0
ret	ret	ret	existing-unreviewed		0
revision	revision	revision	existing-unreviewed		0
rightShift	paremalshift	paremalshift	existing-unreviewed		0
rootCluster	juurcluster	juurcluster	existing-unreviewed		0
rootDirEntries	juurKataloogkirje	juurKataloogkirje	existing-unreviewed		0
rootStart	juurKäivita	juurKäivita	existing-unreviewed		0
rt	rt	rt	existing-unreviewed		0
s	s	s	existing-unreviewed		0
sIfchr	sifchr	sifchr	existing-unreviewed		0
sIfdir	sifdir	sifdir	existing-unreviewed		0
sIfmt	sifmt	sifmt	existing-unreviewed		0
sIfreg	sifreg	sifreg	existing-unreviewed		0
sIfsock	sifsock	sifsock	existing-unreviewed		0
savedESP	savedesp	savedesp	existing-unreviewed		0
sc	sc	sc	existing-unreviewed		0
scanCode	vaataläbicode	vaataläbicode	existing-unreviewed		0
scanCodeToByte	vaataläbicodetobyte	vaataläbicodetobyte	existing-unreviewed		0
scancodeToByte	scancodetobyte	scancodetobyte	existing-unreviewed		0
sche	sche	sche	existing-unreviewed		0
sche_data	schedata	schedata	existing-unreviewed		0
scheduleStack	schedulestack	schedulestack	existing-unreviewed		0
scheduler	scheduler	scheduler	existing-unreviewed		0
schedulerDebug	schedulerSilumine	schedulerSilumine	existing-unreviewed		0
sectHeader	sectheader	sectheader	existing-unreviewed		0
sectHeaderSize	sectheaderSuurus	sectheaderSuurus	existing-unreviewed		0
sectName	sectNimi	sectNimi	existing-unreviewed		0
sectValue	sectVäärtus	sectVäärtus	existing-unreviewed		0
sector	sector	sector	existing-unreviewed		0
sectorCountPort	sectorcountport	sectorcountport	existing-unreviewed		0
sectorNum	sectorArv	sectorArv	existing-unreviewed		0
sectorOffset	sectoroffset	sectoroffset	existing-unreviewed		0
sectorPerTrack	sectorpertrack	sectorpertrack	existing-unreviewed		0
sectorsPerCluster	sectorspercluster	sectorspercluster	existing-unreviewed		0
seekCur	seekKäesolev	seekKäesolev	existing-unreviewed		0
seekEnd	seekLõpp	seekLõpp	existing-unreviewed		0
seekSet	seekMäära	seekMäära	existing-unreviewed		0
segmentNumber	segmentArv	segmentArv	existing-unreviewed		0
self	ise	ise	existing-unreviewed		0
self_uintptr	iseuintptr	iseuintptr	existing-unreviewed		0
sendBack	reply	reply	existing-unreviewed		0
sendBufferDescr	saadabufferKirjeldus	saadabufferKirjeldus	existing-unreviewed		0
sendBufferDescrAddress	saadabufferKirjeldusaddress	saadabufferKirjeldusaddress	existing-unreviewed		0
sendBuffers	saadabuffer	saadabuffer	existing-unreviewed		0
sendBuffersDescrMemory	saadabufferKirjeldusMälu	saadabufferKirjeldusMälu	existing-unreviewed		0
sendDataPointer	saadadataKursor	saadadataKursor	existing-unreviewed		0
sendDescriptor	saadadescriptor	saadadescriptor	existing-unreviewed		0
sendMouseCommand	saadaHiirKäsk	saadaHiirKäsk	existing-unreviewed		0
sequencerDataPort	sequencerdataport	sequencerdataport	existing-unreviewed		0
sequencerIndexPort	sequencerSisukordport	sequencerSisukordport	existing-unreviewed		0
serialLogByte	järjenumberlogbyte	järjenumberlogbyte	existing-unreviewed		0
serialReady	järjenumberValmis	järjenumberValmis	existing-unreviewed		0
setCR3	määracr3	määracr3	existing-unreviewed		0
setDS	määrads	määrads	existing-unreviewed		0
setGS	määrags	määrags	existing-unreviewed		0
setThreadExitLoopState	määrathreadVäljuloopOlek	määrathreadVäljuloopOlek	existing-unreviewed		0
setupExecStack	setupKäivitaminestack	setupKäivitaminestack	existing-unreviewed		0
sh	sh	sh	existing-unreviewed		0
sh_addr	shaddress	shaddress	existing-unreviewed		0
sh_addralign	shaddralign	shaddralign	existing-unreviewed		0
sh_entsize	shentsize	shentsize	existing-unreviewed		0
sh_flags	shLipud	shLipud	existing-unreviewed		0
sh_info	shinfo	shinfo	existing-unreviewed		0
sh_link	shViit	shViit	existing-unreviewed		0
sh_name	shNimi	shNimi	existing-unreviewed		0
sh_offset	shoffset	shoffset	existing-unreviewed		0
sh_size	shSuurus	shSuurus	existing-unreviewed		0
sh_type	shLiik	shLiik	existing-unreviewed		0
shift	shift	shift	existing-unreviewed		0
signature	signature	signature	existing-unreviewed		0
size	suurus	suurus	existing-unreviewed		0
sl	sl	sl	existing-unreviewed		0
sockDatagram	sockdatagram	sockdatagram	existing-unreviewed		0
socket	sokkel	sokkel	existing-unreviewed		0
socketAddress	sokkeladdress	sokkeladdress	existing-unreviewed		0
socketAddressIPv4	sokkeladdressiNv4	sokkeladdressiNv4	existing-unreviewed		0
socketBind	sokkelbind	sokkelbind	existing-unreviewed		0
socketCallArgument	sokkelcallargument	sokkelcallargument	existing-unreviewed		0
socketConnect	sokkelÜhendu	sokkelÜhendu	existing-unreviewed		0
socketForFD	sokkelforfd	sokkelforfd	existing-unreviewed		0
socketIndex	sokkelSisukord	sokkelSisukord	existing-unreviewed		0
socketPacket	sokkelpacket	sokkelpacket	existing-unreviewed		0
socketReceiveFrom	sokkelreceivefrom	sokkelreceivefrom	existing-unreviewed		0
socketSendTo	sokkelSaadato	sokkelSaadato	existing-unreviewed		0
socketType	sokkelLiik	sokkelLiik	existing-unreviewed		0
sockets	sockets	sockets	existing-unreviewed		0
softName	softNimi	softNimi	existing-unreviewed		0
source	aLLIKAS	aLLIKAS	existing-unreviewed		0
sourceAddress	aLLIKASaddress	aLLIKASaddress	existing-unreviewed		0
sourceLengthAddress	aLLIKASKestusaddress	aLLIKASKestusaddress	existing-unreviewed		0
src	aLLIKAS_2	aLLIKAS_2	existing-unreviewed		0
srcEntry	aLLIKASkirje	aLLIKASkirje	existing-unreviewed		0
srcIP	aLLIKASipaddress	aLLIKASipaddress	existing-unreviewed		0
srcIP_BE	aLLIKASipaddressVõrkbyteorder	aLLIKASipaddressVõrkbyteorder	existing-unreviewed		0
srcMAC	aLLIKASmacaddress	aLLIKASmacaddress	existing-unreviewed		0
srcMAC_BE	aLLIKASmacbe	aLLIKASmacbe	existing-unreviewed		0
srcPageDir	aLLIKASLehekülgKataloog	aLLIKASLehekülgKataloog	existing-unreviewed		0
srcPde	aLLIKASpde	aLLIKASpde	existing-unreviewed		0
srcPdeAddr	aLLIKASpdeaddress	aLLIKASpdeaddress	existing-unreviewed		0
srcPort	aLLIKASportArv	aLLIKASportArv	pending-language-review	source_port	0
srcPt	aLLIKASpt	aLLIKASpt	existing-unreviewed		0
srcptr	srcptr	srcptr	existing-unreviewed		0
ss	ss	ss	existing-unreviewed		0
ss0	ss0	ss0	existing-unreviewed		0
ss1	ss1	ss1	existing-unreviewed		0
ss2	ss2	ss2	existing-unreviewed		0
st	st	st	existing-unreviewed		0
st_info	stinfo	stinfo	existing-unreviewed		0
st_name	stNimi	stNimi	existing-unreviewed		0
st_other	stMuu	stMuu	existing-unreviewed		0
st_shndx	stshndx	stshndx	existing-unreviewed		0
st_size	stSuurus	stSuurus	existing-unreviewed		0
st_value	stVäärtus	stVäärtus	existing-unreviewed		0
stack	stack	stack	pending-language-review	stack	0
stackBytes	stackbaiti	stackbaiti	existing-unreviewed		0
stackPtr	stackKursor	stackKursor	existing-unreviewed		0
stack_addr	stackaddress	stackaddress	existing-unreviewed		0
stackbottom	stackbottom	stackbottom	existing-unreviewed		0
stacktop	stacktop	stacktop	existing-unreviewed		0
start	käivita	käivita	existing-unreviewed		0
startOffset	käivitaoffset	käivitaoffset	existing-unreviewed		0
start_cylinder	käivitacylinder	käivitacylinder	existing-unreviewed		0
start_head	käivitahead	käivitahead	existing-unreviewed		0
start_sector	käivitasector	käivitasector	existing-unreviewed		0
startingBit	startingbiti	startingbiti	existing-unreviewed		0
stat	stat	stat	existing-unreviewed		0
statAddr	stataddress	stataddress	existing-unreviewed		0
status	olek	olek	existing-unreviewed		0
statusAddr	olekaddress	olekaddress	existing-unreviewed		0
stderrFD	stderrfd	stderrfd	existing-unreviewed		0
stdinBuffer	stdinbuffer	stdinbuffer	existing-unreviewed		0
stdinFD	stdinfd	stdinfd	existing-unreviewed		0
stdinGetBlocking	stdingetblocking	stdingetblocking	existing-unreviewed		0
stdinRead	stdinLugemine	stdinLugemine	existing-unreviewed		0
stdinWrite	stdinKirjutamine	stdinKirjutamine	existing-unreviewed		0
stdoutFD	stdoutfd	stdoutfd	existing-unreviewed		0
stoppedThread	seisatudthread	seisatudthread	existing-unreviewed		0
str	str	str	existing-unreviewed		0
stringAddress	stringaddress	stringaddress	existing-unreviewed		0
stringHeader	stringheader	stringheader	existing-unreviewed		0
strtab	strtab	strtab	existing-unreviewed		0
subclass_id	subclassid	subclassid	existing-unreviewed		0
subnetMask	subnetmask	subnetmask	existing-unreviewed		0
swapUint16	saalealaunsignedinteger16	saalealaunsignedinteger16	existing-unreviewed		0
switchForced	switchforced	switchforced	existing-unreviewed		0
sysAccess	sysligipääs	sysligipääs	existing-unreviewed		0
sysBrk	sysbrk	sysbrk	existing-unreviewed		0
sysCall	syscall	syscall	existing-unreviewed		0
sysChdir	syschdir	syschdir	existing-unreviewed		0
sysClose	sysSulge	sysSulge	existing-unreviewed		0
sysDup	sysdup	sysdup	existing-unreviewed		0
sysDup2	sysdup2	sysdup2	existing-unreviewed		0
sysExecve	sysexecve	sysexecve	existing-unreviewed		0
sysExit	sysVälju	sysVälju	existing-unreviewed		0
sysFcntl	sysfcntl	sysfcntl	existing-unreviewed		0
sysFork	sysfork	sysfork	existing-unreviewed		0
sysFstat	sysfstat	sysfstat	existing-unreviewed		0
sysFsync	sysfsync	sysfsync	existing-unreviewed		0
sysGetcwd	sysgetcwd	sysgetcwd	existing-unreviewed		0
sysLseek	syslseek	syslseek	existing-unreviewed		0
sysOpen	sysAva	sysAva	existing-unreviewed		0
sysRead	sysLugemine	sysLugemine	existing-unreviewed		0
sysSocketCall	sysSokkelcall	sysSokkelcall	existing-unreviewed		0
sysStat	sysstat	sysstat	existing-unreviewed		0
sysUname	sysuname	sysuname	existing-unreviewed		0
sysWaitpid	syswaitpid	syswaitpid	existing-unreviewed		0
sysWrite	sysKirjutamine	sysKirjutamine	existing-unreviewed		0
syscallError	syscallViga	syscallViga	existing-unreviewed		0
syscallID	syscallid	syscallid	existing-unreviewed		0
systemcall	süsteemcall	süsteemcall	existing-unreviewed		0
table	tabel	tabel	existing-unreviewed		0
tableSize	tabelSuurus	tabelSuurus	existing-unreviewed		0
tail	tail	tail	existing-unreviewed		0
task	task	task	existing-unreviewed		0
taskA	taska	taska	existing-unreviewed		0
taskB	taskb	taskb	existing-unreviewed		0
taskC	taskc	taskc	existing-unreviewed		0
taskD	taskd	taskd	existing-unreviewed		0
taskD0	taskd0	taskd0	existing-unreviewed		0
taskD1	taskd1	taskd1	existing-unreviewed		0
taskManager	taskmanager	taskmanager	existing-unreviewed		0
tasks	ülesanded	ülesanded	existing-unreviewed		0
temp	temporary	temporary	existing-unreviewed		0
terminated	terminated	terminated	existing-unreviewed		0
text	tekst	tekst	existing-unreviewed		0
textPtr	tekstKursor	tekstKursor	existing-unreviewed		0
text_len	tekstlen	tekstlen	existing-unreviewed		0
text_mode_check_fb_move	tekstREŽIIMcheckfbLiiguta	tekstREŽIIMcheckfbLiiguta	existing-unreviewed		0
text_mode_disable_cursor	tekstREŽIIMKeelacursor	tekstREŽIIMKeelacursor	existing-unreviewed		0
text_mode_enable_cursor	tekstREŽIIMLubatudcursor	tekstREŽIIMLubatudcursor	existing-unreviewed		0
text_mode_error_writer	tekstREŽIIMVigawriter	tekstREŽIIMVigawriter	existing-unreviewed		0
text_mode_flush_screen	tekstREŽIIMflushEkraan	tekstREŽIIMflushEkraan	existing-unreviewed		0
text_mode_init	tekstREŽIIMinit	tekstREŽIIMinit	existing-unreviewed		0
text_mode_print	tekstREŽIIMPrindi	tekstREŽIIMPrindi	existing-unreviewed		0
text_mode_print_bytes	tekstREŽIIMPrindibaiti	tekstREŽIIMPrindibaiti	existing-unreviewed		0
text_mode_print_char	tekstREŽIIMPrindichar	tekstREŽIIMPrindichar	existing-unreviewed		0
text_mode_print_char_col	tekstREŽIIMPrindicharcol	tekstREŽIIMPrindicharcol	existing-unreviewed		0
text_mode_print_col	tekstREŽIIMPrindicol	tekstREŽIIMPrindicol	existing-unreviewed		0
text_mode_print_error	tekstREŽIIMPrindiViga	tekstREŽIIMPrindiViga	existing-unreviewed		0
text_mode_print_error_bytes	tekstREŽIIMPrindiVigabaiti	tekstREŽIIMPrindiVigabaiti	existing-unreviewed		0
text_mode_print_errorln	tekstREŽIIMPrindierrorln	tekstREŽIIMPrindierrorln	existing-unreviewed		0
text_mode_print_hex	tekstREŽIIMPrindi16ndsüsteem	tekstREŽIIMPrindi16ndsüsteem	existing-unreviewed		0
text_mode_print_hex16	tekstREŽIIMPrindi16ndsüsteem16	tekstREŽIIMPrindi16ndsüsteem16	existing-unreviewed		0
text_mode_print_hex32	tekstREŽIIMPrindi16ndsüsteem32	tekstREŽIIMPrindi16ndsüsteem32	existing-unreviewed		0
text_mode_print_hex64	tekstREŽIIMPrindi16ndsüsteem64	tekstREŽIIMPrindi16ndsüsteem64	existing-unreviewed		0
text_mode_print_hex_char	tekstREŽIIMPrindi16ndsüsteemchar	tekstREŽIIMPrindi16ndsüsteemchar	existing-unreviewed		0
text_mode_println	tekstREŽIIMprintln	tekstREŽIIMprintln	existing-unreviewed		0
text_mode_println_col	tekstREŽIIMprintlncol	tekstREŽIIMprintlncol	existing-unreviewed		0
text_mode_update_cursor	tekstREŽIIMUuendacursor	tekstREŽIIMUuendacursor	existing-unreviewed		0
text_mode_writer	tekstREŽIIMwriter	tekstREŽIIMwriter	existing-unreviewed		0
thr2	thr2	thr2	existing-unreviewed		0
thr3	thr3	thr3	existing-unreviewed		0
thr4	thr4	thr4	existing-unreviewed		0
thread	thread	thread	existing-unreviewed		0
threadExitLoop	threadVäljuloop	threadVäljuloop	existing-unreviewed		0
threadHelper	threadhelper	threadhelper	existing-unreviewed		0
threadPtr	threadKursor	threadKursor	existing-unreviewed		0
tickCount	tickcount	tickcount	existing-unreviewed		0
timeDelta	aegdelta	aegdelta	existing-unreviewed		0
timeToLive	aegtolive	aegtolive	existing-unreviewed		0
timer	timer	timer	existing-unreviewed		0
tls	tls	tls	existing-unreviewed		0
tmp	tmp	tmp	existing-unreviewed		0
tmpPtr	tmpKursor	tmpKursor	existing-unreviewed		0
tos	tos	tos	existing-unreviewed		0
totalLength	kokkuKestus	kokkuKestus	existing-unreviewed		0
totalSectorCount	kokkusectorcount	kokkusectorcount	existing-unreviewed		0
totalSectors	kokkusectors	kokkusectors	existing-unreviewed		0
trap	trap	trap	existing-unreviewed		0
tss	tss	tss	existing-unreviewed		0
tssIndex	tssSisukord	tssSisukord	existing-unreviewed		0
udp	udp	udp	existing-unreviewed		0
udpHandler	udphandler	udphandler	existing-unreviewed		0
udpHeaderSize	udpheaderSuurus	udpheaderSuurus	existing-unreviewed		0
udpProvider	udpprovider	udpprovider	existing-unreviewed		0
udp콘솔	udpconsole	udpconsole	existing-unreviewed		0
unused	kasutamata	kasutamata	existing-unreviewed		0
used	kasutuses	kasutuses	existing-unreviewed		0
usedBlocks	kasutusesKast	kasutusesKast	existing-unreviewed		0
user1addr	kasutaja1address	kasutaja1address	existing-unreviewed		0
user1data	kasutaja1data	kasutaja1data	existing-unreviewed		0
user1entry	kasutaja1kirje	kasutaja1kirje	existing-unreviewed		0
user1file	kasutaja1Fail	kasutaja1Fail	existing-unreviewed		0
user2addr	kasutaja2address	kasutaja2address	existing-unreviewed		0
user2data	kasutaja2data	kasutaja2data	existing-unreviewed		0
user2entry	kasutaja2kirje	kasutaja2kirje	existing-unreviewed		0
user2file	kasutaja2Fail	kasutaja2Fail	existing-unreviewed		0
user3addr	kasutaja3address	kasutaja3address	existing-unreviewed		0
user3data	kasutaja3data	kasutaja3data	existing-unreviewed		0
user3entry	kasutaja3kirje	kasutaja3kirje	existing-unreviewed		0
user3file	kasutaja3Fail	kasutaja3Fail	existing-unreviewed		0
userHeapBase	kasutajaheapbase	kasutajaheapbase	existing-unreviewed		0
userHeapLimit	kasutajaheapPiir	kasutajaheapPiir	existing-unreviewed		0
user_esp	kasutajaesp	kasutajaesp	existing-unreviewed		0
userhandler	userhandler	userhandler	existing-unreviewed		0
userproc_entry	userprockirje	userprockirje	existing-unreviewed		0
util	util	util	existing-unreviewed		0
util콘솔	utilconsole	utilconsole	existing-unreviewed		0
v	v	v	existing-unreviewed		0
vAddr	vaddress	vaddress	existing-unreviewed		0
value	väärtus	väärtus	existing-unreviewed		0
values	values	values	existing-unreviewed		0
version	versioon	versioon	existing-unreviewed		0
vga	vga	vga	existing-unreviewed		0
virtlen	virtlen	virtlen	existing-unreviewed		0
virtmem	virtuaalMälu	virtuaalMälu	existing-unreviewed		0
virtualAddr	virtuaaladdress	virtuaaladdress	existing-unreviewed		0
volumeId	valjusid	valjusid	existing-unreviewed		0
volumeLabel	valjusSilt	valjusSilt	existing-unreviewed		0
w	w	w	existing-unreviewed		0
wDate	wKuupäev	wKuupäev	existing-unreviewed		0
wTime	wAeg	wAeg	existing-unreviewed		0
waitPS2InputEmpty	ootaps2SisendTühi	ootaps2SisendTühi	existing-unreviewed		0
waitPS2OutputFull	ootaps2VäljundTäielik	ootaps2VäljundTäielik	existing-unreviewed		0
wdata	wdata	wdata	existing-unreviewed		0
whence	whence	whence	existing-unreviewed		0
widget	vidin	vidin	existing-unreviewed		0
width	kõrgus	kõrgus	existing-unreviewed		0
writePS2Command	kirjutamineps2Käsk	kirjutamineps2Käsk	existing-unreviewed		0
writePS2Data	kirjutamineps2data	kirjutamineps2data	existing-unreviewed		0
write_count	kirjutaminecount	kirjutaminecount	existing-unreviewed		0
x	x	x	existing-unreviewed		0
xPageDir	xLehekülgKataloog	xLehekülgKataloog	existing-unreviewed		0
xPos	xAsukoht	xAsukoht	existing-unreviewed		0
y	y	y	existing-unreviewed		0
yPageDir	yLehekülgKataloog	yLehekülgKataloog	existing-unreviewed		0
yPos	yAsukoht	yAsukoht	existing-unreviewed		0
값	väärtus_2	väärtus_2	existing-unreviewed		0
공용서술자테이블	shareddescriptorTabel	shareddescriptorTabel	existing-unreviewed		0
기준	base_2	base_2	existing-unreviewed		0
기준_낮은	baseMadal_2	baseMadal_2	existing-unreviewed		0
기준_높은	baseKõrge_2	baseKõrge_2	existing-unreviewed		0
기준_매우높은	baseveryKõrge	baseveryKõrge	existing-unreviewed		0
기준주소	baseaddress	baseaddress	existing-unreviewed		0
넷카드콘솔	võrkKaardimängudconsole	võrkKaardimängudconsole	existing-unreviewed		0
단말기	terminal	terminal	existing-unreviewed		0
마우스콘솔	hiirconsole	hiirconsole	existing-unreviewed		0
매개값	argumentVäärtus	argumentVäärtus	existing-unreviewed		0
멈추기	halt	halt	existing-unreviewed		0
목적	sihtfail_3	sihtfail_3	existing-unreviewed		0
유형	liik_2	liik_2	existing-unreviewed		0
이더넷콘솔	ethernetconsole	ethernetconsole	existing-unreviewed		0
인터럽트무시하기	katkestusignore	katkestusignore	existing-unreviewed		0
인터럽트예외처리기	katkestusexceptionhandler	katkestusexceptionhandler	existing-unreviewed		0
인터럽트예외처리기0x00	katkestusexceptionhandler0x00	katkestusexceptionhandler0x00	existing-unreviewed		0
인터럽트예외처리기0x01	katkestusexceptionhandler0x01	katkestusexceptionhandler0x01	existing-unreviewed		0
인터럽트예외처리기0x02	katkestusexceptionhandler0x02	katkestusexceptionhandler0x02	existing-unreviewed		0
인터럽트예외처리기0x03	katkestusexceptionhandler0x03	katkestusexceptionhandler0x03	existing-unreviewed		0
인터럽트예외처리기0x04	katkestusexceptionhandler0x04	katkestusexceptionhandler0x04	existing-unreviewed		0
인터럽트예외처리기0x05	katkestusexceptionhandler0x05	katkestusexceptionhandler0x05	existing-unreviewed		0
인터럽트예외처리기0x06	katkestusexceptionhandler0x06	katkestusexceptionhandler0x06	existing-unreviewed		0
인터럽트예외처리기0x07	katkestusexceptionhandler0x07	katkestusexceptionhandler0x07	existing-unreviewed		0
인터럽트예외처리기0x08	katkestusexceptionhandler0x08	katkestusexceptionhandler0x08	existing-unreviewed		0
인터럽트예외처리기0x09	katkestusexceptionhandler0x09	katkestusexceptionhandler0x09	existing-unreviewed		0
인터럽트예외처리기0x0A	katkestusexceptionhandler0x0a	katkestusexceptionhandler0x0a	existing-unreviewed		0
인터럽트예외처리기0x0B	katkestusexceptionhandler0x0b	katkestusexceptionhandler0x0b	existing-unreviewed		0
인터럽트예외처리기0x0C	katkestusexceptionhandler0x0c	katkestusexceptionhandler0x0c	existing-unreviewed		0
인터럽트예외처리기0x0D	katkestusexceptionhandler0x0d	katkestusexceptionhandler0x0d	existing-unreviewed		0
인터럽트예외처리기0x0E	katkestusexceptionhandler0x0e	katkestusexceptionhandler0x0e	existing-unreviewed		0
인터럽트예외처리기0x0F	katkestusexceptionhandler0x0f	katkestusexceptionhandler0x0f	existing-unreviewed		0
인터럽트예외처리기0x10	katkestusexceptionhandler0x10	katkestusexceptionhandler0x10	existing-unreviewed		0
인터럽트예외처리기0x11	katkestusexceptionhandler0x11	katkestusexceptionhandler0x11	existing-unreviewed		0
인터럽트예외처리기0x12	katkestusexceptionhandler0x12	katkestusexceptionhandler0x12	existing-unreviewed		0
인터럽트예외처리기0x13	katkestusexceptionhandler0x13	katkestusexceptionhandler0x13	existing-unreviewed		0
인터럽트요청처리0x00	katkestusrequesthandler0x00	katkestusrequesthandler0x00	existing-unreviewed		0
인터럽트요청처리0x01	katkestusrequesthandler0x01	katkestusrequesthandler0x01	existing-unreviewed		0
인터럽트요청처리0x02	katkestusrequesthandler0x02	katkestusrequesthandler0x02	existing-unreviewed		0
인터럽트요청처리0x03	katkestusrequesthandler0x03	katkestusrequesthandler0x03	existing-unreviewed		0
인터럽트요청처리0x04	katkestusrequesthandler0x04	katkestusrequesthandler0x04	existing-unreviewed		0
인터럽트요청처리0x05	katkestusrequesthandler0x05	katkestusrequesthandler0x05	existing-unreviewed		0
인터럽트요청처리0x06	katkestusrequesthandler0x06	katkestusrequesthandler0x06	existing-unreviewed		0
인터럽트요청처리0x07	katkestusrequesthandler0x07	katkestusrequesthandler0x07	existing-unreviewed		0
인터럽트요청처리0x08	katkestusrequesthandler0x08	katkestusrequesthandler0x08	existing-unreviewed		0
인터럽트요청처리0x09	katkestusrequesthandler0x09	katkestusrequesthandler0x09	existing-unreviewed		0
인터럽트요청처리0x0A	katkestusrequesthandler0x0a	katkestusrequesthandler0x0a	existing-unreviewed		0
인터럽트요청처리0x0B	katkestusrequesthandler0x0b	katkestusrequesthandler0x0b	existing-unreviewed		0
인터럽트요청처리0x0C	katkestusrequesthandler0x0c	katkestusrequesthandler0x0c	existing-unreviewed		0
인터럽트요청처리0x0D	katkestusrequesthandler0x0d	katkestusrequesthandler0x0d	existing-unreviewed		0
인터럽트요청처리0x0E	katkestusrequesthandler0x0e	katkestusrequesthandler0x0e	existing-unreviewed		0
인터럽트요청처리0x0F	katkestusrequesthandler0x0f	katkestusrequesthandler0x0f	existing-unreviewed		0
인터럽트요청처리0x80	katkestusrequesthandler0x80	katkestusrequesthandler0x80	existing-unreviewed		0
인터럽트요청처리0x81	katkestusrequesthandler0x81	katkestusrequesthandler0x81	existing-unreviewed		0
인터럽트요청처리0x82	katkestusrequesthandler0x82	katkestusrequesthandler0x82	existing-unreviewed		0
인터럽트처리기	katkestushandler_2	katkestushandler_2	existing-unreviewed		0
임시	temporary_2	temporary_2	existing-unreviewed		0
자료	data_2	data_2	existing-unreviewed		0
자신	ise_2	ise_2	existing-unreviewed		0
작업관리자	taskmanager_2	taskmanager_2	existing-unreviewed		0
작업콘솔	taskconsole	taskconsole	existing-unreviewed		0
조각설명자	segmentdescriptor	segmentdescriptor	existing-unreviewed		0
콘솔	console_2	console_2	existing-unreviewed		0
크기	suurus_2	suurus_2	existing-unreviewed		0
키보드콘솔	klaviatuurconsole	klaviatuurconsole	existing-unreviewed		0
표시들	lipud_2	lipud_2	existing-unreviewed		0
표시들_한도_높은	lipudPiirKõrge	lipudPiirKõrge	existing-unreviewed		0
한도	piir_2	piir_2	existing-unreviewed		0
한도_낮은	piirMadal_2	piirMadal_2	existing-unreviewed		0
