original	before	after	review_status	concept	changed_tokens
Activate	Aktivovať	Aktivovať	existing-unreviewed		0
ActivateAll	AktivovaťVšetky	AktivovaťVšetky	existing-unreviewed		0
Active	Aktívny	Aktívny	existing-unreviewed		0
ActiveInterruptManager	AktívnyPrerušeniemanager	AktívnyPrerušeniemanager	existing-unreviewed		0
ActiveMemoryManager	AktívnyPamäťmanager	AktívnyPamäťmanager	existing-unreviewed		0
Add	Pridať	Pridať	existing-unreviewed		0
AddDriver	Pridaťdriver	Pridaťdriver	existing-unreviewed		0
AddRunnableThread	Pridaťrunnablethread	Pridaťrunnablethread	existing-unreviewed		0
AddTask	PridaťUloha	PridaťUloha	existing-unreviewed		0
AddThread	Pridaťthread	Pridaťthread	existing-unreviewed		0
Address	Address	Address	existing-unreviewed		0
AlignedMalloc	Alignedmalloc	Alignedmalloc	existing-unreviewed		0
AlignmentCheck	Alignmentcheck	Alignmentcheck	existing-unreviewed		0
AllocateBlock	AllocateBlok	AllocateBlok	existing-unreviewed		0
AllocatePID	Allocatepid	Allocatepid	existing-unreviewed		0
AmountOfMemory	MnožstvozPamäť	MnožstvozPamäť	existing-unreviewed		0
ArrayToUint16	Poletounsignedinteger16	Poletounsignedinteger16	existing-unreviewed		0
ArrayToUint32	Poletounsignedinteger32	Poletounsignedinteger32	existing-unreviewed		0
ArrayToUint48	Poletounsignedinteger48	Poletounsignedinteger48	existing-unreviewed		0
ArrayToUint48_BE	Poletounsignedinteger48be	Poletounsignedinteger48be	existing-unreviewed		0
ArrayToUint64	Poletounsignedinteger64	Poletounsignedinteger64	existing-unreviewed		0
Atime	Atime	Atime	existing-unreviewed		0
AtimeNsec	Atimensec	Atimensec	existing-unreviewed		0
BLOCKS_PER_BYTE	Blokperbyte	Blokperbyte	existing-unreviewed		0
BLOCK_SIZE	BlokVeľkosť	BlokVeľkosť	existing-unreviewed		0
Backend	Backend	Backend	existing-unreviewed		0
BaseAddr	Baseaddress	Baseaddress	existing-unreviewed		0
Bind	Bind	Bind	existing-unreviewed		0
Blksize	Blksize	Blksize	existing-unreviewed		0
Blocked	Blocked	Blocked	existing-unreviewed		0
BlockedState	BlockedStav	BlockedStav	existing-unreviewed		0
Blocks	Blok	Blok	existing-unreviewed		0
BoundRangeExceeded	BoundRozsahexceeded	BoundRozsahexceeded	existing-unreviewed		0
BroadcastMacAddress	Broadcastmacaddress	Broadcastmacaddress	existing-unreviewed		0
BytesPerSector	Bajtypersector	Bajtypersector	existing-unreviewed		0
BytesToString	Bajtytoreťazec	Bajtytoreťazec	existing-unreviewed		0
Checksum	Checksum	Checksum	existing-unreviewed		0
Clear	Vyčistiť	Vyčistiť	existing-unreviewed		0
Clone	Clone	Clone	existing-unreviewed		0
CloneAddressSpaceCOW	CloneaddressMedzeracow	CloneaddressMedzeracow	existing-unreviewed		0
Connect	Pripojiť	Pripojiť	existing-unreviewed		0
ContainsCoordinate	Containscoordinate	Containscoordinate	existing-unreviewed		0
CopyPageFrameBlock	KopírovaťSTRANARámecBlok	KopírovaťSTRANARámecBlok	existing-unreviewed		0
CpuState	ProcesorStav	ProcesorStav	existing-unreviewed		0
Create	Create	Create	existing-unreviewed		0
CreateFromData	Createzdata	Createzdata	existing-unreviewed		0
CreateFromFunction	CreatezFunkcia	CreatezFunkcia	existing-unreviewed		0
CreatePtrFromFunction	CreateKurzorzFunkcia	CreateKurzorzFunkcia	existing-unreviewed		0
Cs	Cs	Cs	existing-unreviewed		0
Ctime	Ctime	Ctime	existing-unreviewed		0
CtimeNsec	Ctimensec	Ctimensec	existing-unreviewed		0
CurrentPID	Aktuálnypid	Aktuálnypid	existing-unreviewed		0
CurrentParentPID	Aktuálnyrodičpid	Aktuálnyrodičpid	existing-unreviewed		0
Data	Data	Data	compatibility		0
Deactivate	Deaktivovať	Deaktivovať	existing-unreviewed		0
Deactive	Deactive	Deactive	existing-unreviewed		0
Decrement	Decrement	Decrement	existing-unreviewed		0
Delete	Odstrániť	Odstrániť	existing-unreviewed		0
DescriptorPrivilegeLevel	Descriptorprivilegelevel	Descriptorprivilegelevel	existing-unreviewed		0
DescriptorType	DescriptorTyp	DescriptorTyp	existing-unreviewed		0
Destroy	Zničiť	Zničiť	existing-unreviewed		0
Dev	Zariadenie	Zariadenie	existing-unreviewed		0
DeviceHasFunctions	ZariadeniehasFunkcie	ZariadeniehasFunkcie	existing-unreviewed		0
DeviceNotAvailable	ZariadenienotDostupné	ZariadenienotDostupné	existing-unreviewed		0
Device_id	ZariadenieIdentifikátor	ZariadenieIdentifikátor	existing-unreviewed		0
DisableInt	Zakázaťint	Zakázaťint	existing-unreviewed		0
Disconnect	Odpojiť	Odpojiť	existing-unreviewed		0
DivideByZero	DeleniebyNula	DeleniebyNula	existing-unreviewed		0
DoHandleInterrupt	DoUškoPrerušenie	DoUškoPrerušenie	existing-unreviewed		0
DoubleFault	Dvojitéfault	Dvojitéfault	existing-unreviewed		0
Draw	Draw	Draw	existing-unreviewed		0
DriverManager	Drivermanager	Drivermanager	existing-unreviewed		0
Ds	Ds	Ds	existing-unreviewed		0
Dynamic	Dynamická	Dynamická	existing-unreviewed		0
E2BIG	E2big	E2big	existing-unreviewed		0
EACCES	Eacces	Eacces	existing-unreviewed		0
EADDRINUSE	Eaddrinuse	Eaddrinuse	existing-unreviewed		0
EAFNOSUPPORT	Eafnosupport	Eafnosupport	existing-unreviewed		0
EAGAIN	Eagain	Eagain	existing-unreviewed		0
EBADF	Ebadf	Ebadf	existing-unreviewed		0
EBUSY	Ebusy	Ebusy	existing-unreviewed		0
ECHILD	Echild	Echild	existing-unreviewed		0
EEXIST	Eexist	Eexist	existing-unreviewed		0
EFAULT	Efault	Efault	existing-unreviewed		0
EFBIG	Efbig	Efbig	existing-unreviewed		0
EINTR	Eintr	Eintr	existing-unreviewed		0
EINVAL	Einval	Einval	existing-unreviewed		0
EIO	Eio	Eio	existing-unreviewed		0
EISDIR	Eisdir	Eisdir	existing-unreviewed		0
EMFILE	Emfile	Emfile	existing-unreviewed		0
EMSGSIZE	Emsgsize	Emsgsize	existing-unreviewed		0
ENETUNREACH	Enetunreach	Enetunreach	existing-unreviewed		0
ENFILE	Enfile	Enfile	existing-unreviewed		0
ENODEV	Enodev	Enodev	existing-unreviewed		0
ENOENT	Enoent	Enoent	existing-unreviewed		0
ENOEXEC	Enoexec	Enoexec	existing-unreviewed		0
ENOMEM	Enomem	Enomem	existing-unreviewed		0
ENOSPC	Enospc	Enospc	existing-unreviewed		0
ENOSYS	Enosys	Enosys	existing-unreviewed		0
ENOTCONN	Enotconn	Enotconn	existing-unreviewed		0
ENOTDIR	Enotdir	Enotdir	existing-unreviewed		0
ENOTTY	Enotty	Enotty	existing-unreviewed		0
EOPNOTSUPP	Eopnotsupp	Eopnotsupp	existing-unreviewed		0
EPERM	Eperm	Eperm	existing-unreviewed		0
EPROTONOSUPPORT	Eprotonosupport	Eprotonosupport	existing-unreviewed		0
ERANGE	Erange	Erange	existing-unreviewed		0
EROFS	Erofs	Erofs	existing-unreviewed		0
ESPIPE	Espipe	Espipe	existing-unreviewed		0
ESRCH	Esrch	Esrch	existing-unreviewed		0
Eax	Eax	Eax	existing-unreviewed		0
Ebp	Ebp	Ebp	existing-unreviewed		0
Ebx	Ebx	Ebx	existing-unreviewed		0
Ecx	Ecx	Ecx	existing-unreviewed		0
Edi	Edi	Edi	existing-unreviewed		0
Edx	Edx	Edx	existing-unreviewed		0
Eflags	Eflags	Eflags	existing-unreviewed		0
Eip	Eip	Eip	existing-unreviewed		0
Elf	Elf	Elf	existing-unreviewed		0
Elf32Dyn	Elf32dyn	Elf32dyn	existing-unreviewed		0
Elf32Note	Elf32Poznámka	Elf32Poznámka	existing-unreviewed		0
Elf32Rel	Elf32rel	Elf32rel	existing-unreviewed		0
Elf32Rela	Elf32rela	Elf32rela	existing-unreviewed		0
Elf32Sym	Elf32sym	Elf32sym	existing-unreviewed		0
ElfHeader	Elfheader	Elfheader	existing-unreviewed		0
ElfProgramHeader	Elfprogramheader	Elfprogramheader	existing-unreviewed		0
ElfSectionHeader	Elfsectionheader	Elfsectionheader	existing-unreviewed		0
EnablePaging	Povoliťpaging	Povoliťpaging	existing-unreviewed		0
Enabled	Zapnuté	Zapnuté	existing-unreviewed		0
EntryNumber	PoložkaČíslo	PoložkaČíslo	existing-unreviewed		0
EqualBytes	RovnakáBajty	RovnakáBajty	existing-unreviewed		0
Es	Es	Es	existing-unreviewed		0
Esi	Esi	Esi	existing-unreviewed		0
Esp	Esp	Esp	existing-unreviewed		0
FPUBuffer	Fpubuffer	Fpubuffer	existing-unreviewed		0
FPUOffset	FpuPosunutie	FpuPosunutie	existing-unreviewed		0
Family	Family	Family	existing-unreviewed		0
FileName	SúborNázov	SúborNázov	existing-unreviewed		0
Fill	Fill	Fill	existing-unreviewed		0
FillRectangle	Fillrectangle	Fillrectangle	existing-unreviewed		0
First	First	First	existing-unreviewed		0
FirstFree	FirstVoľné	FirstVoľné	existing-unreviewed		0
FirstFreeSize	FirstVoľnéVeľkosť	FirstVoľnéVeľkosť	existing-unreviewed		0
Flags	Príznaky	Príznaky	existing-unreviewed		0
FloatingPointException	Pohyblivápointexception	Pohyblivápointexception	existing-unreviewed		0
Flush	Flush	Flush	existing-unreviewed		0
FlushTlsTable	FlushtlsTabuľka	FlushtlsTabuľka	existing-unreviewed		0
Focussable	Focussable	Focussable	existing-unreviewed		0
Free	Voľné	Voľné	existing-unreviewed		0
Fs	Fs	Fs	existing-unreviewed		0
GB	Gb	Gb	existing-unreviewed		0
GDT_ENTRIES	Gdtpoložka	Gdtpoložka	existing-unreviewed		0
GOT	Got	Got	existing-unreviewed		0
GPFException	Gpfexception	Gpfexception	existing-unreviewed		0
GatewayIP	Bránaip	Bránaip	existing-unreviewed		0
GdtAddressHigh	GdtaddressVysoká	GdtaddressVysoká	existing-unreviewed		0
GdtAddressLow	GdtaddressNízka	GdtaddressNízka	existing-unreviewed		0
GdtDescriptor	Gdtdescriptor	Gdtdescriptor	existing-unreviewed		0
GdtEntry	Gdtpoložka_2	Gdtpoložka_2	existing-unreviewed		0
GdtSize	GdtVeľkosť	GdtVeľkosť	existing-unreviewed		0
GetAt	Getat	Getat	existing-unreviewed		0
GetBackend	Getbackend	Getbackend	existing-unreviewed		0
GetBaseAddressRegister	Getbaseaddressregister	Getbaseaddressregister	existing-unreviewed		0
GetBitmaspSize	GetbitmaspVeľkosť	GetbitmaspVeľkosť	existing-unreviewed		0
GetBytesFromPtr	GetBajtyzKurzor	GetBajtyzKurzor	existing-unreviewed		0
GetCR0	Getcr0	Getcr0	existing-unreviewed		0
GetCR2	Getcr2	Getcr2	existing-unreviewed		0
GetCR3	Getcr3	Getcr3	existing-unreviewed		0
GetCR4	Getcr4	Getcr4	existing-unreviewed		0
GetColorIndex	GetFarbaindex	GetFarbaindex	existing-unreviewed		0
GetDeviceDescriptor	GetZariadeniedescriptor	GetZariadeniedescriptor	existing-unreviewed		0
GetDriver	Getdriver	Getdriver	existing-unreviewed		0
GetESP0	Getesp0	Getesp0	existing-unreviewed		0
GetEntry	Getpoložka	Getpoložka	existing-unreviewed		0
GetFileSize	GetSúborVeľkosť	GetSúborVeľkosť	existing-unreviewed		0
GetFocus	GetZameranie	GetZameranie	existing-unreviewed		0
GetFrameBufferSegment	GetRámecbuffersegment	GetRámecbuffersegment	existing-unreviewed		0
GetFuncPtrFromPtr	GetfuncKurzorzKurzor	GetfuncKurzorzKurzor	existing-unreviewed		0
GetFunctionName	GetFunkciaNázov	GetFunkciaNázov	existing-unreviewed		0
GetHandler	Gethandler	Gethandler	existing-unreviewed		0
GetIPAddress	Getipaddress	Getipaddress	existing-unreviewed		0
GetMACAddress	Getmacaddress	Getmacaddress	existing-unreviewed		0
GetMACFromCache	Getmaczcache	Getmaczcache	existing-unreviewed		0
GetNextReadyThread	GetNasledujúciPripravenýthread	GetNasledujúciPripravenýthread	existing-unreviewed		0
GetNodeAt	GetUzolat	GetUzolat	existing-unreviewed		0
GetProvider	Providerget	Providerget	existing-unreviewed		0
GetSS0	Getss0	Getss0	existing-unreviewed		0
GetStr	Getstr	Getstr	existing-unreviewed		0
GetUint32ArrayFromPtr	Getunsignedinteger32PolezKurzor	Getunsignedinteger32PolezKurzor	existing-unreviewed		0
GetUintptrArrayFromPtr	GetunsignedintegerKurzorPolezKurzor	GetunsignedintegerKurzorPolezKurzor	existing-unreviewed		0
GetValue	GetHodnota	GetHodnota	existing-unreviewed		0
GetValueInPageDir	GetHodnotanaSTRANAAdresár	GetHodnotanaSTRANAAdresár	existing-unreviewed		0
Gid	Gid	Gid	existing-unreviewed		0
Gs	Gs	Gs	existing-unreviewed		0
HandleException	Uškoexception	Uškoexception	existing-unreviewed		0
HandleFatalInterruptFrame	UškofatalPrerušenieRámec	UškofatalPrerušenieRámec	existing-unreviewed		0
HandleInterrupt	UškoPrerušenie	UškoPrerušenie	existing-unreviewed		0
HandleInterrupt1	UškoPrerušenie1	UškoPrerušenie1	existing-unreviewed		0
HandleUserDatagramProtocolMessage	UškoPoužívateľdatagramprotocolSpráva	UškoPoužívateľdatagramprotocolSpráva	existing-unreviewed		0
IDT_DESC_PRESENT	IdtdescriptorPrítomné	IdtdescriptorPrítomné	existing-unreviewed		0
IDT_INTERRUPT_GATE	IdtPrerušeniegate	IdtPrerušeniegate	existing-unreviewed		0
IDriver	IDriver	IDriver	existing-unreviewed		0
IEtherFrameHandler	IEthernetRámechandler	IEthernetRámechandler	existing-unreviewed		0
IInternetProtocolHandler	IInternetprotocolhandler	IInternetprotocolhandler	existing-unreviewed		0
IInterruptHandler	IPrerušeniehandler	IPrerušeniehandler	existing-unreviewed		0
IKeyboardEventHandler	IKlávesnicaUdalosťhandler	IKlávesnicaUdalosťhandler	existing-unreviewed		0
IMouseEventHandler	IMyšUdalosťhandler	IMyšUdalosťhandler	existing-unreviewed		0
IPCIControllerHandler	IpciRadičhandler	IpciRadičhandler	existing-unreviewed		0
IPCache	Ipcache	Ipcache	existing-unreviewed		0
IP_BE	IpSieťbyteorder	IpSieťbyteorder	existing-unreviewed		0
IRawDataHandler	IRawdatahandler	IRawdatahandler	existing-unreviewed		0
ITimerEventHandler	IČasovačUdalosťhandler	IČasovačUdalosťhandler	existing-unreviewed		0
IUserDatagramProtocolHandler	IPoužívateľdatagramprotocolhandler	IPoužívateľdatagramprotocolhandler	existing-unreviewed		0
IUserDatagramProtocolSocket	IPoužívateľdatagramprotocolSoket	IPoužívateľdatagramprotocolSoket	existing-unreviewed		0
IWidget	IWidget	IWidget	pending-language-review	widget	0
Identify	Identify	Identify	existing-unreviewed		0
Increment	Increment	Increment	existing-unreviewed		0
IndexOf	Indexz	Indexz	existing-unreviewed		0
Init	Init	Init	existing-unreviewed		0
InitDriver	Initdriver	Initdriver	existing-unreviewed		0
InitialThreadUserJump	InitialthreadPoužívateľjump	InitialthreadPoužívateľjump	existing-unreviewed		0
Ino	Ino	Ino	existing-unreviewed		0
Install	Nainštalovať	Nainštalovať	existing-unreviewed		0
Interrupt	Prerušenie	Prerušenie	existing-unreviewed		0
InterruptActive	PrerušenieAktívny	PrerušenieAktívny	existing-unreviewed		0
InterruptDeactive	Prerušeniedeactive	Prerušeniedeactive	existing-unreviewed		0
InterruptManager	Prerušeniemanager	Prerušeniemanager	existing-unreviewed		0
InterruptNumber	PrerušenieČíslo	PrerušenieČíslo	existing-unreviewed		0
InvalidOpcode	Neplatnéopcode	Neplatnéopcode	existing-unreviewed		0
InvalidTSS	Neplatnétss	Neplatnétss	existing-unreviewed		0
IsKernel	Iskernel	Iskernel	existing-unreviewed		0
IsPresent	IsPrítomné	IsPrítomné	existing-unreviewed		0
IsUserSpace	IsPoužívateľMedzera	IsPoužívateľMedzera	existing-unreviewed		0
KB	Kb	Kb	existing-unreviewed		0
KCS_INDEX	Kcsindex	Kcsindex	existing-unreviewed		0
KCS_SELECTOR	Kcsselector	Kcsselector	existing-unreviewed		0
KDS_INDEX	Kdsindex	Kdsindex	existing-unreviewed		0
KDS_SELECTOR	Kdsselector	Kdsselector	existing-unreviewed		0
KERNEL_HEAP_START	KernelheapSpustiť	KernelheapSpustiť	existing-unreviewed		0
KERNEL_VIRT_ADDR	Kernelvirtaddress	Kernelvirtaddress	existing-unreviewed		0
KGS_INDEX	Kgsindex	Kgsindex	existing-unreviewed		0
KGS_SELECTOR	Kgsselector	Kgsselector	existing-unreviewed		0
K핵심	KKernelEntry	KKernelEntry	compatibility		0
LIDT	Lidt	Lidt	existing-unreviewed		0
Last	Posledné	Posledné	existing-unreviewed		0
Len	Len	Len	compatibility		0
Limit	Obmedzenie	Obmedzenie	existing-unreviewed		0
Link	Odkaz	Odkaz	existing-unreviewed		0
LinkMap	Odkazmap	Odkazmap	existing-unreviewed		0
LinkedList	LinkedZoznam	LinkedZoznam	existing-unreviewed		0
Listen	Listen	Listen	existing-unreviewed		0
LoadElf	Zaťaženieelf	Zaťaženieelf	existing-unreviewed		0
MAC	Mac	Mac	existing-unreviewed		0
MAC0	Mac0	Mac0	existing-unreviewed		0
MAC1	Mac1	Mac1	existing-unreviewed		0
MAC2	Mac2	Mac2	existing-unreviewed		0
MAC3	Mac3	Mac3	existing-unreviewed		0
MAC4	Mac4	Mac4	existing-unreviewed		0
MAC5	Mac5	Mac5	existing-unreviewed		0
MACAddress0Port	Macaddress0port	Macaddress0port	existing-unreviewed		0
MACAddress2Port	Macaddress2port	Macaddress2port	existing-unreviewed		0
MACAddress4Port	Macaddress4port	Macaddress4port	existing-unreviewed		0
MACCache	Maccache	Maccache	existing-unreviewed		0
MAX_QUEUE_SIZE	MaxqueueVeľkosť	MaxqueueVeľkosť	existing-unreviewed		0
MB	Milibarov	Milibarov	existing-unreviewed		0
MBR	Mbr	Mbr	existing-unreviewed		0
MHex출력	MHexadecimalTlačiť	MHexadecimalTlačiť	existing-unreviewed		0
MHex출력XY	MHexadecimalTlačiťxy	MHexadecimalTlačiťxy	existing-unreviewed		0
MUint16출력	MUnsignedinteger16Tlačiť	MUnsignedinteger16Tlačiť	existing-unreviewed		0
MUint16출력XY	MUnsignedinteger16Tlačiťxy	MUnsignedinteger16Tlačiťxy	existing-unreviewed		0
MUint32출력	MUnsignedinteger32Tlačiť	MUnsignedinteger32Tlačiť	existing-unreviewed		0
MUint32출력XY	MUnsignedinteger32Tlačiťxy	MUnsignedinteger32Tlačiťxy	existing-unreviewed		0
MUint64출력	MUnsignedinteger64Tlačiť	MUnsignedinteger64Tlačiť	existing-unreviewed		0
MUint64출력XY	MUnsignedinteger64Tlačiťxy	MUnsignedinteger64Tlačiťxy	existing-unreviewed		0
Machine	Machine	Machine	existing-unreviewed		0
MachineCheck	Machinecheck	Machinecheck	existing-unreviewed		0
MakeRangePrivateWritable	MakeRozsahSúkromnáwritable	MakeRozsahSúkromnáwritable	existing-unreviewed		0
Malloc	Malloc	Malloc	pending-language-review	allocate_memory	0
MemCmp	Memcmp	Memcmp	existing-unreviewed		0
MemCpy	MemKopírovať	MemKopírovať	existing-unreviewed		0
MemMove	MemPresunúť	MemPresunúť	existing-unreviewed		0
MemSet	Memsada	Memsada	existing-unreviewed		0
MemoryOper	Pamäťoper	Pamäťoper	existing-unreviewed		0
Mode	Režim	Režim	existing-unreviewed		0
ModelToScreen	ModeltoObrazovka	Set_local_coordinates	pending-language-review	set_coordinates	5
Mtime	Mtime	Mtime	existing-unreviewed		0
MtimeNsec	Mtimensec	Mtimensec	existing-unreviewed		0
MyHandleInterrupt	MyUškoPrerušenie	MyUškoPrerušenie	existing-unreviewed		0
MyTest	MyOtestovať	MyOtestovať	existing-unreviewed		0
M긴급로그Hex8	MEmergencyZaznamenávaniehexadecimal8	MEmergencyZaznamenávaniehexadecimal8	existing-unreviewed		0
M긴급로그Uint32	MEmergencyZaznamenávanieunsignedinteger32	MEmergencyZaznamenávanieunsignedinteger32	existing-unreviewed		0
M긴급로그문자열	MEmergencyZaznamenávaniereťazec	MEmergencyZaznamenávaniereťazec	existing-unreviewed		0
M직렬로그초기화	MSériovéZaznamenávanieinit	MSériovéZaznamenávanieinit	existing-unreviewed		0
M출력	MTlačiť	MTlačiť	existing-unreviewed		0
M출력BytesXY	MTlačiťBajtyxy	MTlačiťBajtyxy	existing-unreviewed		0
M출력Hex	MTlačiťhexadecimal	MTlačiťhexadecimal	existing-unreviewed		0
M출력Uint16	MTlačiťunsignedinteger16	MTlačiťunsignedinteger16	existing-unreviewed		0
M출력Uint32	MTlačiťunsignedinteger32	MTlačiťunsignedinteger32	existing-unreviewed		0
M출력XY	MTlačiťxy	MTlačiťxy	existing-unreviewed		0
M테스트	M테스트	M테스트	existing-unreviewed		0
NMI	NM	NM	existing-unreviewed		0
New	Nový	Nový	existing-unreviewed		0
NewInterruptHandler	NovýPrerušeniehandler	NovýPrerušeniehandler	existing-unreviewed		0
Next	Nasledujúci	Nasledujúci	existing-unreviewed		0
Nlink	Nlink	Nlink	existing-unreviewed		0
Node	Uzol	Uzol	pending-language-review	list_node	0
Nodename	Nodename	Nodename	existing-unreviewed		0
OnEtherFrameReceived	EthernetRámecreceivewhen	EthernetRámecreceivewhen	existing-unreviewed		0
OnGetDriver	Zapnutégetdriver	Zapnutégetdriver	existing-unreviewed		0
OnInternetProtocolReceived	Internetprotocolreceivewhen	Internetprotocolreceivewhen	existing-unreviewed		0
OnKeyDown	ZapnutéKľúčDole	ZapnutéKľúčDole	existing-unreviewed		0
OnKeyUp	ZapnutéKľúčHore	ZapnutéKľúčHore	existing-unreviewed		0
OnMouseDown	ZapnutéMyšDole	ZapnutéMyšDole	existing-unreviewed		0
OnMouseMove	ZapnutéMyšPresunúť	ZapnutéMyšPresunúť	existing-unreviewed		0
OnMouseUp	ZapnutéMyšHore	ZapnutéMyšHore	existing-unreviewed		0
OnRawDataReceived	Zapnutérawdatareceive	Zapnutérawdatareceive	existing-unreviewed		0
OnTick	Zapnutétick	Zapnutétick	existing-unreviewed		0
Overflow	Overflow	Overflow	existing-unreviewed		0
P1LinkMap	PHodnota1Odkazmap	PHodnota1Odkazmap	existing-unreviewed		0
P2LinkMap	PHodnota2Odkazmap	PHodnota2Odkazmap	existing-unreviewed		0
P3LinkMap	PHodnota3Odkazmap	PHodnota3Odkazmap	existing-unreviewed		0
PAGE_COW	STRANAcow	STRANAcow	existing-unreviewed		0
PAGE_FRAME	STRANARámec	STRANARámec	existing-unreviewed		0
PAGE_PRESENT	STRANAPrítomné	STRANAPrítomné	existing-unreviewed		0
PAGE_USER	STRANAPoužívateľ	STRANAPoužívateľ	existing-unreviewed		0
PAGE_WRITABLE	STRANAwritable	STRANAwritable	existing-unreviewed		0
PAUSE_LOOP	Pozastaviťloop	Pozastaviťloop	existing-unreviewed		0
PICMasterCommandPort	PrimarypicPríkazioport	PrimarypicPríkazioport	existing-unreviewed		0
PICMasterDataPort	Primarypicdataioport	Primarypicdataioport	existing-unreviewed		0
PICSlaveCommandPort	SecondarypicPríkazioport	SecondarypicPríkazioport	existing-unreviewed		0
PICSlaveDataPort	Secondarypicdataioport	Secondarypicdataioport	existing-unreviewed		0
PRESENT	Prítomné	Prítomné	existing-unreviewed		0
PRIV_KERNEL	Privkernel	Privkernel	existing-unreviewed		0
PRIV_USER	PrivPoužívateľ	PrivPoužívateľ	existing-unreviewed		0
PROC_USER_HEAP_SIZE	ProcPoužívateľheapVeľkosť	ProcPoužívateľheapVeľkosť	existing-unreviewed		0
PageDirEntry	STRANAAdresárpoložka	STRANAAdresárpoložka	existing-unreviewed		0
PageDirectoryEntry	STRANAAdresárpoložka_2	STRANAAdresárpoložka_2	existing-unreviewed		0
PageFault	STRANAfault	STRANAfault	existing-unreviewed		0
PageFaultException	STRANAfaultexception	STRANAfaultexception	existing-unreviewed		0
PageRoundDown	STRANAZaokrúhlenieDole	STRANAZaokrúhlenieDole	existing-unreviewed		0
PageRoundUp	STRANAZaokrúhlenieHore	STRANAZaokrúhlenieHore	existing-unreviewed		0
PageTableEntry	STRANATabuľkapoložka	STRANATabuľkapoložka	existing-unreviewed		0
Paging	Paging	Paging	existing-unreviewed		0
ParentPid	Rodičpid	Rodičpid	existing-unreviewed		0
Parse	Parse	Parse	existing-unreviewed		0
Partition_id	PartitionIdentifikátor	PartitionIdentifikátor	existing-unreviewed		0
PhyMemTest	PhymemOtestovať	PhymemOtestovať	existing-unreviewed		0
PhysicalMemoryManager	PhysicalPamäťmanager	PhysicalPamäťmanager	existing-unreviewed		0
Pid	Pid	Pid	existing-unreviewed		0
Port	Port	Port	existing-unreviewed		0
PortBase	Portbase	Portbase	existing-unreviewed		0
PortInByte	Portnabyte	Portnabyte	existing-unreviewed		0
PortInDword	Portnadword	Portnadword	existing-unreviewed		0
PortInWord	Portnaslovo	Portnaslovo	existing-unreviewed		0
PortOutByte	PortVýstupbyte	PortVýstupbyte	existing-unreviewed		0
PortOutDword	PortVýstupdword	PortVýstupdword	existing-unreviewed		0
PortOutWord	PortVýstupslovo	PortVýstupslovo	existing-unreviewed		0
PortReadByte	PortČítaniebyte	PortČítaniebyte	existing-unreviewed		0
PortReadDword	PortČítaniedword	PortČítaniedword	existing-unreviewed		0
PortReadWord	PortČítanieslovo	PortČítanieslovo	existing-unreviewed		0
PortWriteByte	PortZápisbyte	PortZápisbyte	existing-unreviewed		0
PortWriteDword	PortZápisdword	PortZápisdword	existing-unreviewed		0
PortWriteWord	PortZápisslovo	PortZápisslovo	existing-unreviewed		0
Prev	Previous	Previous	existing-unreviewed		0
PrevTSS	Previoustss	Previoustss	existing-unreviewed		0
PrimaryPartition	Primarypartition	Primarypartition	existing-unreviewed		0
Print	Tlačiť	Tlačiť	existing-unreviewed		0
PrintBytes	TlačiťBajty	TlačiťBajty	existing-unreviewed		0
PrintStr	Tlačiťstr	Tlačiťstr	existing-unreviewed		0
PrintTLS	Tlačiťtls	Tlačiťtls	existing-unreviewed		0
PrintTest	TlačiťOtestovať	TlačiťOtestovať	existing-unreviewed		0
Process	Proces	Proces	existing-unreviewed		0
ProcessHelper	Proceshelper	Proceshelper	existing-unreviewed		0
ProcessPendingKeyboardEvents	ProcespendingKlávesnicaUdalosti	ProcespendingKlávesnicaUdalosti	existing-unreviewed		0
ProcessPendingMouseEvents	ProcespendingMyšUdalosti	ProcespendingMyšUdalosti	existing-unreviewed		0
PushAt	Pushat	Insert_at_index	pending-language-review	insert_at	1
PushBack	PushSpäť	Append_to_list	pending-language-review	append	12
PushFront	PushPredný	Prepend_to_list	pending-language-review	prepend	5
PutPixel	Putpixel	Putpixel	existing-unreviewed		0
PutPixelRGB	Putpixelrgb	Putpixelrgb	existing-unreviewed		0
QUEUE_START_ADDR	QueueSpustiťaddress	QueueSpustiťaddress	existing-unreviewed		0
Rdev	Rdev	Rdev	existing-unreviewed		0
Read	Čítanie	Čítanie	existing-unreviewed		0
Read28	Čítanie28	Čítanie28	existing-unreviewed		0
ReadFile	ČítanieSúbor	ČítanieSúbor	pending-language-review	file_read	0
ReadPartitions	Čítaniepartition	Čítaniepartition	existing-unreviewed		0
Ready	Pripravený	Pripravený	existing-unreviewed		0
Receive	Receive	Receive	existing-unreviewed		0
Ref	Reference	Reference	existing-unreviewed		0
Release	Release	Release	existing-unreviewed		0
ReloadCR3	Znovunačítaťcr3	Znovunačítaťcr3	existing-unreviewed		0
Remove	Odstrániť_2	Odstrániť_2	existing-unreviewed		0
RemoveAt	Odstrániťat	Odstrániťat	existing-unreviewed		0
RemoveThread	Odstrániťthread	Odstrániťthread	existing-unreviewed		0
RemoveThreadAt	Odstrániťthreadat	Odstrániťthreadat	existing-unreviewed		0
RequestMacAddress	Requestmacaddress	Requestmacaddress	existing-unreviewed		0
Reset	Reštartovať	Reštartovať	existing-unreviewed		0
Resolve	Resolve	Resolve	existing-unreviewed		0
ResolveCopyOnWriteFault	ResolveKopírovaťZapnutéZápisfault	ResolveKopírovaťZapnutéZápisfault	existing-unreviewed		0
SCHEDULER_FREQUENCY	SchedulerOpakovať	SchedulerOpakovať	existing-unreviewed		0
SEG_BIG_MODE	Segbigrežim	Segbigrežim	existing-unreviewed		0
SEG_EXEC	SegSpúšťanie	SegSpúšťanie	existing-unreviewed		0
SEG_GRAN_4K_PAGE	Seggran4kSTRANA	Seggran4kSTRANA	existing-unreviewed		0
SEG_GRAN_BYTE	Seggranbyte	Seggranbyte	existing-unreviewed		0
SEG_KERNEL_CODE	Segkernelcode	Segkernelcode	existing-unreviewed		0
SEG_KERNEL_DATA	Segkerneldata	Segkerneldata	existing-unreviewed		0
SEG_KERNEL_GS	Segkernelgs	Segkernelgs	existing-unreviewed		0
SEG_NOEXEC	Segnoexec	Segnoexec	existing-unreviewed		0
SEG_NORMAL	SegNormálna	SegNormálna	existing-unreviewed		0
SEG_NORW	Segnorw	Segnorw	existing-unreviewed		0
SEG_R	Segr	Segr	existing-unreviewed		0
SEG_SYSTEM	SegSystém	SegSystém	existing-unreviewed		0
SEG_TASK_STATE	SegUlohaStav	SegUlohaStav	existing-unreviewed		0
SEG_USER_CODE	SegPoužívateľcode	SegPoužívateľcode	existing-unreviewed		0
SEG_USER_DATA	SegPoužívateľdata	SegPoužívateľdata	existing-unreviewed		0
SEG_USER_GS	SegPoužívateľgs	SegPoužívateľgs	existing-unreviewed		0
SEG_W	Segw	Segw	existing-unreviewed		0
SIMDFloatingPointException	Simdpohyblivápointexception	Simdpohyblivápointexception	existing-unreviewed		0
SIZE	Veľkosť	Veľkosť	existing-unreviewed		0
SYS_ACCESS	SysPrístup	SysPrístup	existing-unreviewed		0
SYS_BRK	Sysbrk	Sysbrk	existing-unreviewed		0
SYS_CHDIR	Syschdir	Syschdir	existing-unreviewed		0
SYS_CLOSE	SysZavrieť	SysZavrieť	existing-unreviewed		0
SYS_CREAT	Syscreat	Syscreat	existing-unreviewed		0
SYS_DUP	Sysdup	Sysdup	existing-unreviewed		0
SYS_DUP2	Sysdup2	Sysdup2	existing-unreviewed		0
SYS_EXECVE	Sysexecve	Sysexecve	existing-unreviewed		0
SYS_EXIT	SysKoniec	SysKoniec	existing-unreviewed		0
SYS_FCNTL	Sysfcntl	Sysfcntl	existing-unreviewed		0
SYS_FORK	Sysfork	Sysfork	existing-unreviewed		0
SYS_FSTAT	Sysfstat	Sysfstat	existing-unreviewed		0
SYS_FSYNC	Sysfsync	Sysfsync	existing-unreviewed		0
SYS_GETCWD	Sysgetcwd	Sysgetcwd	existing-unreviewed		0
SYS_GETEGID	Sysgetegid	Sysgetegid	existing-unreviewed		0
SYS_GETEUID	Sysgeteuid	Sysgeteuid	existing-unreviewed		0
SYS_GETGID	Sysgetgid	Sysgetgid	existing-unreviewed		0
SYS_GETPID	Sysgetpid	Sysgetpid	existing-unreviewed		0
SYS_GETPPID	Sysgetppid	Sysgetppid	existing-unreviewed		0
SYS_GETUID	Sysgetuid	Sysgetuid	existing-unreviewed		0
SYS_LSEEK	Syslseek	Syslseek	existing-unreviewed		0
SYS_LSTAT	Syslstat	Syslstat	existing-unreviewed		0
SYS_OPEN	SysOtvoriť	SysOtvoriť	existing-unreviewed		0
SYS_READ	SysČítanie	SysČítanie	existing-unreviewed		0
SYS_RT_EXIT	SysrtKoniec	SysrtKoniec	existing-unreviewed		0
SYS_SOCKETCALL	Syssocketcall	Syssocketcall	existing-unreviewed		0
SYS_STAT	Sysstat	Sysstat	existing-unreviewed		0
SYS_SYNC	Syssync	Syssync	existing-unreviewed		0
SYS_UNAME	Sysuname	Sysuname	existing-unreviewed		0
SYS_WAITPID	Syswaitpid	Syswaitpid	existing-unreviewed		0
SYS_WRITE	SysZápis	SysZápis	existing-unreviewed		0
Schedule	Schedule	Schedule	existing-unreviewed		0
Scheduler	Scheduler	Scheduler	existing-unreviewed		0
SchedulerData	Schedulerdata	Schedulerdata	existing-unreviewed		0
SegmentNotPresent	SegmentnotPrítomné	SegmentnotPrítomné	existing-unreviewed		0
SelectDrivers	Vybraťdriver	Vybraťdriver	existing-unreviewed		0
Send	Poslať	Poslať	existing-unreviewed		0
SendEchoRequest	EchorequestPoslať	EchorequestPoslať	existing-unreviewed		0
SendFrame	RámecPoslať	RámecPoslať	existing-unreviewed		0
SerialInit	Sériovéinit	Sériovéinit	existing-unreviewed		0
SerialWriteByte	SériovéZápisbyte	SériovéZápisbyte	existing-unreviewed		0
SetBackend	Sadabackend	Sadabackend	existing-unreviewed		0
SetBit	Sadabit	Sadabit	existing-unreviewed		0
SetBlockInPageDir	SadaBloknaSTRANAAdresár	SadaBloknaSTRANAAdresár	existing-unreviewed		0
SetBuffer	Sadabuffer	Sadabuffer	existing-unreviewed		0
SetByteAtAddr	Sadabyteataddress	Sadabyteataddress	existing-unreviewed		0
SetByteInPageDir	SadabytenaSTRANAAdresár	SadabytenaSTRANAAdresár	existing-unreviewed		0
SetCR3	Sadacr3	Sadacr3	existing-unreviewed		0
SetColor	SadaFarba	SadaFarba	existing-unreviewed		0
SetDescriptor	Sadadescriptor	Sadadescriptor	existing-unreviewed		0
SetHandleInterruptFuction	SadaUškoPrerušeniefuction	SadaUškoPrerušeniefuction	existing-unreviewed		0
SetHandler	Sadahandler	Sadahandler	existing-unreviewed		0
SetIPAddress	Sadaipaddress	Sadaipaddress	existing-unreviewed		0
SetInterruptDescriptorTableEntry	PrerušeniedescriptorTabuľkapoložkasada	PrerušeniedescriptorTabuľkapoložkasada	existing-unreviewed		0
SetInterruptManager	SadaPrerušeniemanager	SadaPrerušeniemanager	existing-unreviewed		0
SetInterruptNumber	SadaPrerušenieČíslo	SadaPrerušenieČíslo	existing-unreviewed		0
SetMode	Sadarežim	Sadarežim	existing-unreviewed		0
SetNodeAt	SadaUzolat	SadaUzolat	existing-unreviewed		0
SetStack	Sadastack	Sadastack	existing-unreviewed		0
SetTlsSegment	Sadatlssegment	Sadatlssegment	existing-unreviewed		0
SetUint32AtAddr	Sadaunsignedinteger32ataddress	Sadaunsignedinteger32ataddress	existing-unreviewed		0
SetUint32InPageDir	Sadaunsignedinteger32naSTRANAAdresár	Sadaunsignedinteger32naSTRANAAdresár	existing-unreviewed		0
SetUint8AtAddr	Sadaunsignedinteger8ataddress	Sadaunsignedinteger8ataddress	existing-unreviewed		0
SharedMemoryRegion	SharedPamäťregion	SharedPamäťregion	existing-unreviewed		0
Size	Veľkosť_2	Veľkosť_2	existing-unreviewed		0
Spawn	Spawn	Spawn	existing-unreviewed		0
Ss	Ss	Ss	existing-unreviewed		0
Stack	Stack	Stack	existing-unreviewed		0
StackSegmentFault	Stacksegmentfault	Stacksegmentfault	existing-unreviewed		0
Start_lba	Spustiťlba	Spustiťlba	existing-unreviewed		0
Started	Začaté	Začaté	existing-unreviewed		0
StdinPutByte	Stdinputbyte	Stdinputbyte	existing-unreviewed		0
StopCurrentThread	ZastaviťAktuálnythread	ZastaviťAktuálnythread	existing-unreviewed		0
Stopped	Zastavený	Zastavený	existing-unreviewed		0
SubnetMask	SubnetMaska	SubnetMaska	existing-unreviewed		0
SupportMode	Podporarežim	Podporarežim	existing-unreviewed		0
Sys_brk	Sysbrk_2	Sysbrk_2	existing-unreviewed		0
Sys_close	SysZavrieť_2	SysZavrieť_2	existing-unreviewed		0
Sys_exit	SysKoniec_2	SysKoniec_2	existing-unreviewed		0
Sys_getpid	Sysgetpid_2	Sysgetpid_2	existing-unreviewed		0
Sys_mousemove	Sysmousemove	Sysmousemove	existing-unreviewed		0
Sys_open	SysOtvoriť_2	SysOtvoriť_2	existing-unreviewed		0
Sys_printStr	SysTlačiťstr	SysTlačiťstr	existing-unreviewed		0
Sys_printUint32	SysTlačiťunsignedinteger32	SysTlačiťunsignedinteger32	existing-unreviewed		0
Sys_printf	Sysprintf	Sysprintf	existing-unreviewed		0
Sys_read	SysČítanie_2	SysČítanie_2	existing-unreviewed		0
Syscall	Syscall	Syscall	existing-unreviewed		0
Sysname	Sysname	Sysname	existing-unreviewed		0
TARPEtherFrameHandler	ArpethernetRámechandler	ArpethernetRámechandler	existing-unreviewed		0
TARPMessage	ArpSpráva	ArpSpráva	existing-unreviewed		0
TARPMessageBuffer	ArpSprávabuffer	ArpSprávabuffer	existing-unreviewed		0
TARPProvider	Arpprovider	Arpprovider	existing-unreviewed		0
TAdvancedTechnologyAttachment	TPokročiléTechnológiaattachment	TPokročiléTechnológiaattachment	existing-unreviewed		0
TArray	TPole	TPole	existing-unreviewed		0
TBaseAddressRegister	TBaseaddressregister	TBaseaddressregister	existing-unreviewed		0
TBiosParameterBlock32	TBiosparameterBlok32	TBiosparameterBlok32	pending-language-review	fat_parameters	0
TBufferDescriptor	TBufferdescriptor	TBufferdescriptor	existing-unreviewed		0
TCOWFrameManager	TcowRámecmanager	TcowRámecmanager	existing-unreviewed		0
TCPUState	TcpuStav	TcpuStav	existing-unreviewed		0
TDefaultKeyboardEventHandler	TPredvolenéKlávesnicaUdalosťhandler	TPredvolenéKlávesnicaUdalosťhandler	existing-unreviewed		0
TDefaultMouseEventHandler	TPredvolenéMyšUdalosťhandler	TPredvolenéMyšUdalosťhandler	existing-unreviewed		0
TDefaultPCIControllerHandler	TPredvolenépciRadičhandler	TPredvolenépciRadičhandler	existing-unreviewed		0
TDefaultTimerEventHandler	TPredvolenéČasovačUdalosťhandler	TPredvolenéČasovačUdalosťhandler	existing-unreviewed		0
TDirectoryEntryFat32	TAdresárpoložkafat32	TAdresárpoložkafat32	existing-unreviewed		0
TDriverManager	TDrivermanager	TDrivermanager	existing-unreviewed		0
TEtherFrameHandler	TEthernetRámechandler	TEthernetRámechandler	existing-unreviewed		0
TEtherFrameHeader	TEthernetRámecheader	TEthernetRámecheader	pending-language-review	ethernet_header	0
TEtherFrameHeaderBuffer	TEthernetRámecheaderbuffer	TEthernetRámecheaderbuffer	existing-unreviewed		0
TEtherFrameProvider	TEthernetRámecprovider	TEthernetRámecprovider	pending-language-review	ethernet_provider	0
TEtherFrameRawDataHandler	TEthernetRámecrawdatahandler	TEthernetRámecrawdatahandler	existing-unreviewed		0
TGateDescriptor	TGatedescriptor	TGatedescriptor	existing-unreviewed		0
THREAD_STACK_SIZE	ThreadstackVeľkosť	ThreadstackVeľkosť	existing-unreviewed		0
TICMPHandler	Icmphandler	Icmphandler	existing-unreviewed		0
TIPEtherFrameHandler	IpethernetRámechandler	IpethernetRámechandler	existing-unreviewed		0
TInitializationBlock	TInitializationBlok	TInitializationBlok	existing-unreviewed		0
TInternetControlMessageProtocol	TInternetOvládanieSprávaprotocol	TInternetOvládanieSprávaprotocol	pending-language-review	icmp	0
TInternetControlMessageProtocolMessage	TInternetOvládanieSprávaprotocolSpráva	TInternetOvládanieSprávaprotocolSpráva	existing-unreviewed		0
TInternetControlMessageProtocolMessageBuffer	TInternetOvládanieSprávaprotocolSprávabuffer	TInternetOvládanieSprávaprotocolSprávabuffer	existing-unreviewed		0
TInternetProtocolHandler	TInternetprotocolhandler	TInternetprotocolhandler	existing-unreviewed		0
TInternetProtocolProvider	TInternetprotocolprovider	TInternetprotocolprovider	pending-language-review	ip_provider	0
TInternetProtocolV4Message	TInternetprotocolv4Správa	TInternetprotocolv4Správa	existing-unreviewed		0
TInternetProtocolV4MessageBuffer	TInternetprotocolv4Správabuffer	TInternetprotocolv4Správabuffer	existing-unreviewed		0
TInterruptDescriptorTablePointer	TPrerušeniedescriptorTabuľkaKurzor	TPrerušeniedescriptorTabuľkaKurzor	existing-unreviewed		0
TInterruptHandler	TPrerušeniehandler	TPrerušeniehandler	existing-unreviewed		0
TInterruptManager	TPrerušeniemanager	TPrerušeniemanager	existing-unreviewed		0
TKeyboardDriver	TKlávesnicadriver	TKlávesnicadriver	existing-unreviewed		0
TLS_START	TlsSpustiť	TlsSpustiť	existing-unreviewed		0
TMSDOSPartitionTable	TmsdospartitionTabuľka	TmsdospartitionTabuľka	existing-unreviewed		0
TMasterBootRecord	THlavnýbootNahrávka	THlavnýbootNahrávka	pending-language-review	boot_record	0
TMemoryChunk	TPamäťchunk	TPamäťchunk	existing-unreviewed		0
TMemoryManager	TPamäťmanager	TPamäťmanager	existing-unreviewed		0
TMouseDriver	TMyšdriver	TMyšdriver	existing-unreviewed		0
TMyKeyboardEventHandler	TMyKlávesnicaUdalosťhandler	TMyKlávesnicaUdalosťhandler	existing-unreviewed		0
TMyMouseEventHandler	TMyMyšUdalosťhandler	TMyMyšUdalosťhandler	existing-unreviewed		0
TMyPCIControllerHandler	TMypciRadičhandler	TMypciRadičhandler	existing-unreviewed		0
TPartitionTableEntry	TPartitionTabuľkapoložka	TPartitionTabuľkapoložka	existing-unreviewed		0
TPeripheralComponentInterconnectController	TPeripheralcomponentinterconnectRadič	TPeripheralcomponentinterconnectRadič	existing-unreviewed		0
TPeripheralComponentInterconnectDeviceDescriptor	TPeripheralcomponentinterconnectZariadeniedescriptor	TPeripheralcomponentinterconnectZariadeniedescriptor	existing-unreviewed		0
TPort	TPort	TPort	existing-unreviewed		0
TPort16Bit	TPort16bit	TPort16bit	existing-unreviewed		0
TPort32Bit	TPort32bit	TPort32bit	existing-unreviewed		0
TPort8Bit	TPort8bit	TPort8bit	existing-unreviewed		0
TRawDataHandler	TRawdatahandler	TRawdatahandler	existing-unreviewed		0
TSSEntry	Tsspoložka	Tsspoložka	existing-unreviewed		0
TSyscall	TSyscall	TSyscall	existing-unreviewed		0
TTask	TUloha	TUloha	existing-unreviewed		0
TThread	TThread	TThread	existing-unreviewed		0
TThreadHelper	TThreadhelper	TThreadhelper	existing-unreviewed		0
TTimerDriver	TČasovačdriver	TČasovačdriver	existing-unreviewed		0
TUserDatagramProtocolHandler	TPoužívateľdatagramprotocolhandler	TPoužívateľdatagramprotocolhandler	existing-unreviewed		0
TUserDatagramProtocolHeader	TPoužívateľdatagramprotocolheader	TPoužívateľdatagramprotocolheader	pending-language-review	udp_header	0
TUserDatagramProtocolHeaderBuffer	TPoužívateľdatagramprotocolheaderbuffer	TPoužívateľdatagramprotocolheaderbuffer	existing-unreviewed		0
TUserDatagramProtocolProvider	TPoužívateľdatagramprotocolprovider	TPoužívateľdatagramprotocolprovider	existing-unreviewed		0
TUserDatagramProtocolSocket	TPoužívateľdatagramprotocolSoket	TPoužívateľdatagramprotocolSoket	pending-language-review	udp_socket	0
TVideoGraphicsArray	TVideoGrafikaPole	TVideoGrafikaPole	existing-unreviewed		0
TWidget	TWidget	TWidget	pending-language-review	widget	0
TWidgetMouseEventHandler	TWidgetMyšUdalosťhandler	TWidgetMyšUdalosťhandler	existing-unreviewed		0
Tamd_am79c973	Tamdam79c973	Tamdam79c973	existing-unreviewed		0
Test	Otestovať	Otestovať	existing-unreviewed		0
TestBit	Otestovaťbit	Otestovaťbit	existing-unreviewed		0
TestPrint	OtestovaťTlačiť	OtestovaťTlačiť	existing-unreviewed		0
Thread	Thread	Thread	existing-unreviewed		0
ThreadList	ThreadZoznam	ThreadZoznam	existing-unreviewed		0
ThreadState	ThreadStav	ThreadStav	existing-unreviewed		0
Threads	Threads	Threads	existing-unreviewed		0
TlsSegments	TlsSegmenty	TlsSegmenty	existing-unreviewed		0
TotalBlocks	CelkomBlok	CelkomBlok	existing-unreviewed		0
Type	Typ	Typ	existing-unreviewed		0
TypeTest	TypOtestovať	TypOtestovať	existing-unreviewed		0
T공용서술자테이블	TShareddescriptorTabuľka	TShareddescriptorTabuľka	existing-unreviewed		0
T공용서술자테이블_자료	TShareddescriptorTabuľkadata	TShareddescriptorTabuľkadata	existing-unreviewed		0
T작업관리자	TUlohamanager	TUlohamanager	existing-unreviewed		0
T조각설명자	TSegmentdescriptor	TSegmentdescriptor	existing-unreviewed		0
T콘솔	TKonzola	TKonzola	existing-unreviewed		0
T함수1	TFunkcia1	TFunkcia1	existing-unreviewed		0
UDESC_32SEG	Udesc32seg	Udesc32seg	existing-unreviewed		0
UDESC_CONTENTS	UdescObsah	UdescObsah	existing-unreviewed		0
UDESC_LIMIT_IN_PAGES	UdescObmedzenienaStrany	UdescObmedzenienaStrany	existing-unreviewed		0
UDESC_RX_ONLY	Udescrxonly	Udescrxonly	existing-unreviewed		0
UDESC_SEG_NOT_PRESENT	UdescsegnotPrítomné	UdescsegnotPrítomné	existing-unreviewed		0
UDESC_USABLE	Udescusable	Udescusable	existing-unreviewed		0
USER_STACK	Používateľstack	Používateľstack	existing-unreviewed		0
USER_STACK_SIZE	PoužívateľstackVeľkosť	PoužívateľstackVeľkosť	existing-unreviewed		0
USER_STACK_TOP	PoužívateľstackHore	PoužívateľstackHore	existing-unreviewed		0
Uid	Uid	Uid	existing-unreviewed		0
Uint16ToArray	Unsignedinteger16toPole	Unsignedinteger16toPole	existing-unreviewed		0
Uint16ToArray_BE	Unsignedinteger16toPolebe	Unsignedinteger16toPolebe	existing-unreviewed		0
Uint16_R	Unsignedinteger16r	Unsignedinteger16r	existing-unreviewed		0
Uint32ToArray	Unsignedinteger32toPole	Unsignedinteger32toPole	existing-unreviewed		0
Uint32_R	Unsignedinteger32r	Unsignedinteger32r	existing-unreviewed		0
Uint48ToArray	Unsignedinteger48toPole	Unsignedinteger48toPole	existing-unreviewed		0
Uint48ToArray_BE	Unsignedinteger48toPolebe	Unsignedinteger48toPolebe	existing-unreviewed		0
Uint48_R	Unsignedinteger48r	Unsignedinteger48r	existing-unreviewed		0
Uint64ToArray	Unsignedinteger64toPole	Unsignedinteger64toPole	existing-unreviewed		0
Uint64_R	Unsignedinteger64r	Unsignedinteger64r	existing-unreviewed		0
UnhandleInterrupt	UnhandlePrerušenie	UnhandlePrerušenie	existing-unreviewed		0
UnsetBit	Nenaplnenábit	Toggle_allocation_bit	pending-language-review	toggle_bit	1
UsedBlocks	VyužitéBlok	VyužitéBlok	existing-unreviewed		0
UserDesc	Používateľdescriptor	Používateľdescriptor	existing-unreviewed		0
UserStack	Používateľstack_2	Používateľstack_2	existing-unreviewed		0
UserStackSize	PoužívateľstackVeľkosť_2	PoužívateľstackVeľkosť_2	existing-unreviewed		0
Vendor_id	VýrobcaIdentifikátor	VýrobcaIdentifikátor	existing-unreviewed		0
Version	Verzia	Verzia	existing-unreviewed		0
VirtTest	VirtOtestovať	VirtOtestovať	existing-unreviewed		0
Write	Zápis	Zápis	existing-unreviewed		0
Write28	Zápis28	Zápis28	existing-unreviewed		0
WriteRegisters	Zápisregister	Zápisregister	existing-unreviewed		0
X	X	X	existing-unreviewed		0
Y	Y	Y	existing-unreviewed		0
Zero	Nula	Nula	existing-unreviewed		0
ZeroBlockInPageDir	NulaBloknaSTRANAAdresár	NulaBloknaSTRANAAdresár	existing-unreviewed		0
a	a	a	existing-unreviewed		0
aTime	aČas	aČas	existing-unreviewed		0
access	prístup	prístup	existing-unreviewed		0
accessMode	prístuprežim	prístuprežim	existing-unreviewed		0
ack	ack	ack	existing-unreviewed		0
activeKeyboardDriver	aktívnyKlávesnicadriver	aktívnyKlávesnicadriver	existing-unreviewed		0
activeMouseDriver	aktívnyMyšdriver	aktívnyMyšdriver	existing-unreviewed		0
addr	address	address	existing-unreviewed		0
addrPtr	addressKurzor	addressKurzor	existing-unreviewed		0
address	address_2	address_2	existing-unreviewed		0
addressError	addressChyba	addressChyba	existing-unreviewed		0
afInet	afinet	afinet	existing-unreviewed		0
allocFD	allocatefd	allocatefd	existing-unreviewed		0
allocOpenFile	allocateOtvoriťSúbor	allocateOtvoriťSúbor	existing-unreviewed		0
allocProcess	allocateProces	allocateProces	existing-unreviewed		0
allocateSocket	allocateSoket	allocateSoket	existing-unreviewed		0
allocated	allocated	allocated	existing-unreviewed		0
amd_am79c973	amdam79c973	amdam79c973	existing-unreviewed		0
args	argumenty	argumenty	existing-unreviewed		0
argument	argument	argument	existing-unreviewed		0
argumentPointers	argumentpointers	argumentpointers	existing-unreviewed		0
arguments	argumenty_2	argumenty_2	existing-unreviewed		0
arp	arp	arp	existing-unreviewed		0
arpBuffer	arpbuffer	arpbuffer	existing-unreviewed		0
arpMesgSize	arpmesgVeľkosť	arpmesgVeľkosť	existing-unreviewed		0
arpProvider	arpprovider	arpprovider	existing-unreviewed		0
arp콘솔	arpKonzola	arpKonzola	existing-unreviewed		0
array	pole	pole	existing-unreviewed		0
ata	ata	ata	existing-unreviewed		0
ata0s	ata0s	ata0s	existing-unreviewed		0
attempts	attempts	attempts	existing-unreviewed		0
attr	vlastnosť	vlastnosť	existing-unreviewed		0
attributeControllerIndexPort	vlastnosťRadičindexport	vlastnosťRadičindexport	existing-unreviewed		0
attributeControllerReadPort	vlastnosťRadičČítanieport	vlastnosťRadičČítanieport	existing-unreviewed		0
attributeControllerResetPort	vlastnosťRadičReštartovaťport	vlastnosťRadičReštartovaťport	existing-unreviewed		0
attributeControllerWritePort	vlastnosťRadičZápisport	vlastnosťRadičZápisport	existing-unreviewed		0
attributes	atribúty	atribúty	existing-unreviewed		0
aux	aux	aux	existing-unreviewed		0
avail	dostupné	dostupné	existing-unreviewed		0
b	b	b	existing-unreviewed		0
backend	backend	backend	existing-unreviewed		0
backupFpRegs	backupfpregs	backupfpregs	existing-unreviewed		0
backupSector	backupsector	backupsector	existing-unreviewed		0
bar	lišta	lišta	existing-unreviewed		0
barNum	lištaČíslo	lištaČíslo	existing-unreviewed		0
bar_value	lištaHodnota	lištaHodnota	existing-unreviewed		0
base	base	base	existing-unreviewed		0
baseCode	basecode	basecode	existing-unreviewed		0
baseHigh	baseVysoká	baseVysoká	existing-unreviewed		0
baseLow	baseNízka	baseNízka	existing-unreviewed		0
baseMid	basemid	basemid	existing-unreviewed		0
base_addr_high	baseaddressVysoká	baseaddressVysoká	existing-unreviewed		0
base_addr_low	baseaddressNízka	baseaddressNízka	existing-unreviewed		0
bh	bh	bh	existing-unreviewed		0
bindEphemeral	bindephemeral	bindephemeral	existing-unreviewed		0
bindError	bindChyba	bindChyba	existing-unreviewed		0
bios	bios	bios	existing-unreviewed		0
bit	bit	bit	existing-unreviewed		0
bitmap	bitmap	bitmap	pending-language-review	bitmap	0
bootSignature	bootsignature	bootsignature	existing-unreviewed		0
bootable	bootable	bootable	existing-unreviewed		0
bootloader	bootloader	bootloader	existing-unreviewed		0
bound	bound	bound	existing-unreviewed		0
bpb	bpb	bpb	pending-language-review	fat_parameters	0
bpbBytes	bpbBajty	bpbBajty	existing-unreviewed		0
bpbPtr	bpbKurzor	bpbKurzor	existing-unreviewed		0
buf	buffer	buffer	existing-unreviewed		0
buf1	buffer1	buffer1	existing-unreviewed		0
buf2	buffer2	buffer2	existing-unreviewed		0
buf3	buffer3	buffer3	existing-unreviewed		0
buf4	buffer4	buffer4	existing-unreviewed		0
buf6	buffer6	buffer6	existing-unreviewed		0
buffer	buffer_2	buffer_2	existing-unreviewed		0
buffer1	buffer1_2	buffer1_2	existing-unreviewed		0
buffer2	buffer2_2	buffer2_2	existing-unreviewed		0
bufferAddr	bufferaddress	bufferaddress	existing-unreviewed		0
bufferAddress	bufferaddress_2	bufferaddress_2	existing-unreviewed		0
bufptr	bufferKurzor	bufferKurzor	existing-unreviewed		0
bus	bus	bus	existing-unreviewed		0
busControlRegisterDataPort	busOvládanieregisterdataport	busOvládanieregisterdataport	existing-unreviewed		0
button	tlačidlo	tlačidlo	existing-unreviewed		0
buttons	tlačidlo_2	tlačidlo_2	existing-unreviewed		0
bytesPerSector	bajtypersector	bajtypersector	existing-unreviewed		0
c	c	c	existing-unreviewed		0
cDate	cDátum	cDátum	existing-unreviewed		0
cTime	cČas	cČas	existing-unreviewed		0
cTimeTenth	cČastenth	cČastenth	existing-unreviewed		0
call	call	call	existing-unreviewed		0
candidate	candidate	candidate	existing-unreviewed		0
cap	cap	cap	existing-unreviewed		0
char	char	char	existing-unreviewed		0
checked	checked	checked	existing-unreviewed		0
checksum	checksum	checksum	existing-unreviewed		0
child	dieťa	dieťa	existing-unreviewed		0
childPID	dieťapid	dieťapid	existing-unreviewed		0
childPageDir	dieťaSTRANAAdresár	dieťaSTRANAAdresár	existing-unreviewed		0
chunk	chunk	chunk	existing-unreviewed		0
class_id	triedaIdentifikátor	triedaIdentifikátor	existing-unreviewed		0
closeAllProcessFDs	zavrieťVšetkyProcesfds	zavrieťVšetkyProcesfds	existing-unreviewed		0
closeOnExec	zavrieťZapnutéSpúšťanie	zavrieťZapnutéSpúšťanie	existing-unreviewed		0
closeProcessFD	zavrieťProcesfd	zavrieťProcesfd	existing-unreviewed		0
code	code	code	existing-unreviewed		0
code1Ptr	code1Kurzor	code1Kurzor	existing-unreviewed		0
code1ptr	code1Kurzor_2	code1Kurzor_2	existing-unreviewed		0
code2Ptr	code2Kurzor	code2Kurzor	existing-unreviewed		0
code3Ptr	code3Kurzor	code3Kurzor	existing-unreviewed		0
codeSegment	codesegment	codesegment	existing-unreviewed		0
colorIndex	farbaindex	farbaindex	existing-unreviewed		0
colordepth	farbadepth	farbadepth	existing-unreviewed		0
command	príkaz	príkaz	existing-unreviewed		0
commandPort	príkazport	príkazport	existing-unreviewed		0
commandport	príkazport_2	príkazport_2	existing-unreviewed		0
common	bežné	bežné	existing-unreviewed		0
connected	connected	connected	existing-unreviewed		0
console	konzola	konzola	existing-unreviewed		0
controlPort	ovládanieport	ovládanieport	existing-unreviewed		0
copyExecVector	kopírovaťSpúšťanievector	kopírovaťSpúšťanievector	existing-unreviewed		0
copyLength	kopírovaťDĺžka	kopírovaťDĺžka	existing-unreviewed		0
copyPageDir	kopírovaťSTRANAAdresár	kopírovaťSTRANAAdresár	existing-unreviewed		0
copyPath	kopírovaťCESTA	kopírovaťCESTA	existing-unreviewed		0
copySocketName	kopírovaťSoketNázov	kopírovaťSoketNázov	existing-unreviewed		0
copyUtsField	kopírovaťutspole	kopírovaťutspole	existing-unreviewed		0
count	count	count	existing-unreviewed		0
count2	count2	count2	existing-unreviewed		0
cowFrameManager	cowRámecmanager	cowRámecmanager	existing-unreviewed		0
cpu	procesor	procesor	existing-unreviewed		0
cpustate	procesorStav	procesorStav	existing-unreviewed		0
cr0	cr0	cr0	existing-unreviewed		0
cr3	cr3	cr3	existing-unreviewed		0
cr4	cr4	cr4	existing-unreviewed		0
crtcDataPort	crtcdataport	crtcdataport	existing-unreviewed		0
crtcIndexPort	crtcindexport	crtcindexport	existing-unreviewed		0
cs	cs	cs	existing-unreviewed		0
currentRecvBuffer	aktuálnyrecvbuffer	aktuálnyrecvbuffer	existing-unreviewed		0
currentSendBuffer	aktuálnyPoslaťbuffer	aktuálnyPoslaťbuffer	existing-unreviewed		0
currentTask	aktuálnyUloha	aktuálnyUloha	existing-unreviewed		0
currentThread	aktuálnythread	aktuálnythread	existing-unreviewed		0
currentThreadIndex	aktuálnythreadindex	aktuálnythreadindex	existing-unreviewed		0
cursorHeight	kurzorVýška	kurzorVýška	existing-unreviewed		0
cursorStart	kurzorSpustiť	kurzorSpustiť	existing-unreviewed		0
d_tag	dZnačka	dZnačka	existing-unreviewed		0
d_val_ptr	dvalKurzor	dvalKurzor	existing-unreviewed		0
data	data	data	existing-unreviewed		0
dataBuf	databuffer	databuffer	existing-unreviewed		0
dataBytes	dataBajty	dataBajty	existing-unreviewed		0
dataPointer	dataKurzor	dataKurzor	existing-unreviewed		0
dataPort	dataport	dataport	existing-unreviewed		0
dataStart	dataSpustiť	dataSpustiť	existing-unreviewed		0
databuffer	databuffer_2	databuffer_2	existing-unreviewed		0
dataport	dataport_2	dataport_2	existing-unreviewed		0
defaultKeyboardEventHandler	predvolenéKlávesnicaUdalosťhandler	predvolenéKlávesnicaUdalosťhandler	existing-unreviewed		0
desc	descriptor	descriptor	existing-unreviewed		0
description	popis	popis	existing-unreviewed		0
destination	cieľ	cieľ	existing-unreviewed		0
destinationAddress	cieľaddress	cieľaddress	existing-unreviewed		0
destinationLength	cieľDĺžka	cieľDĺžka	existing-unreviewed		0
dev	zariadenie	zariadenie	existing-unreviewed		0
device	zariadenie_2	zariadenie_2	existing-unreviewed		0
deviceDescriptor	zariadeniedescriptor	zariadeniedescriptor	existing-unreviewed		0
devicePort	zariadenieport	zariadenieport	existing-unreviewed		0
diff	diff	diff	existing-unreviewed		0
digits	digits	digits	existing-unreviewed		0
dirent	dirent	dirent	existing-unreviewed		0
direntBytes	direntBajty	direntBajty	existing-unreviewed		0
direntPtr	direntKurzor	direntKurzor	existing-unreviewed		0
discardProcess	zahodiťProces	zahodiťProces	existing-unreviewed		0
dispatchInterrupt	dispatchPrerušenie	dispatchPrerušenie	existing-unreviewed		0
divisor	divisor	divisor	existing-unreviewed		0
domain	doména	doména	existing-unreviewed		0
driveNumber	driveČíslo	driveČíslo	existing-unreviewed		0
driver	driver	driver	existing-unreviewed		0
driverManager	drivermanager	drivermanager	existing-unreviewed		0
drivercount	drivercount	drivercount	existing-unreviewed		0
drv	driver_2	driver_2	existing-unreviewed		0
ds	ds	ds	existing-unreviewed		0
ds_segment	dssegment	dssegment	existing-unreviewed		0
dst	cieľ_2	cieľ_2	existing-unreviewed		0
dstEntry	cieľpoložka	cieľpoložka	existing-unreviewed		0
dstIP	cieľipaddress	cieľipaddress	existing-unreviewed		0
dstIP_BE	cieľipaddressSieťbyteorder	cieľipaddressSieťbyteorder	existing-unreviewed		0
dstMAC	cieľmacaddress	cieľmacaddress	existing-unreviewed		0
dstMAC_BE	cieľmacbe	cieľmacbe	existing-unreviewed		0
dstPageDir	cieľSTRANAAdresár	cieľSTRANAAdresár	existing-unreviewed		0
dstPort	cieľportČíslo	cieľportČíslo	pending-language-review	destination_port	0
dstPt	cieľpt	cieľpt	existing-unreviewed		0
dstPtPtr	cieľptKurzor	cieľptKurzor	existing-unreviewed		0
dstPtr	cieľKurzor	cieľKurzor	existing-unreviewed		0
dstptr	cieľKurzor_2	cieľKurzor_2	existing-unreviewed		0
dynamic	dynamická	dynamická	existing-unreviewed		0
e	e	e	existing-unreviewed		0
e_ehsize	eehsize	eehsize	existing-unreviewed		0
e_entry	epoložka	epoložka	existing-unreviewed		0
e_flags	ePríznaky	ePríznaky	existing-unreviewed		0
e_ident	eident	eident	existing-unreviewed		0
e_machine	emachine	emachine	existing-unreviewed		0
e_phentsize	ephentsize	ephentsize	existing-unreviewed		0
e_phnum	ephnum	ephnum	existing-unreviewed		0
e_phoff	ephoff	ephoff	existing-unreviewed		0
e_shentsize	eshentsize	eshentsize	existing-unreviewed		0
e_shnum	eshnum	eshnum	existing-unreviewed		0
e_shoff	eshoff	eshoff	existing-unreviewed		0
e_shstrndx	eshstrndx	eshstrndx	existing-unreviewed		0
e_type	eTyp	eTyp	existing-unreviewed		0
e_version	eVerzia	eVerzia	existing-unreviewed		0
eax	eax	eax	existing-unreviewed		0
ebp	ebp	ebp	existing-unreviewed		0
ebx	ebx	ebx	existing-unreviewed		0
ecx	ecx	ecx	existing-unreviewed		0
edi	edi	edi	existing-unreviewed		0
edx	edx	edx	existing-unreviewed		0
efHandler	efhandler	efhandler	existing-unreviewed		0
eflags	eflags	eflags	existing-unreviewed		0
eip	eip	eip	existing-unreviewed		0
eipOffset	eipPosunutie	eipPosunutie	existing-unreviewed		0
elf	elf	elf	existing-unreviewed		0
elf0	elf0	elf0	existing-unreviewed		0
elf2	elf2	elf2	existing-unreviewed		0
elf3	elf3	elf3	existing-unreviewed		0
elf4	elf4	elf4	existing-unreviewed		0
elfHeader	elfheader	elfheader	existing-unreviewed		0
enabled	zapnuté	zapnuté	existing-unreviewed		0
end	koniec	koniec	existing-unreviewed		0
endOffset	koniecPosunutie	koniecPosunutie	existing-unreviewed		0
end_cylinder	konieccylinder	konieccylinder	existing-unreviewed		0
end_head	koniechead	koniechead	existing-unreviewed		0
end_sector	koniecsector	koniecsector	existing-unreviewed		0
ensureCurrentProcess	ensureAktuálnyProces	ensureAktuálnyProces	existing-unreviewed		0
entry	položka	položka	existing-unreviewed		0
entryPoint	položkapoint	položkapoint	existing-unreviewed		0
entrypoint	položkapoint_2	položkapoint_2	existing-unreviewed		0
environment	environment	environment	existing-unreviewed		0
environmentPointers	environmentpointers	environmentpointers	existing-unreviewed		0
err	err	err	existing-unreviewed		0
errorPort	chybaport	chybaport	existing-unreviewed		0
es	es	es	existing-unreviewed		0
esi	esi	esi	existing-unreviewed		0
esp	esp	esp	existing-unreviewed		0
esp0	esp0	esp0	existing-unreviewed		0
esp1	esp1	esp1	existing-unreviewed		0
esp2	esp2	esp2	existing-unreviewed		0
etherFrameProvider	ethernetRámecprovider	ethernetRámecprovider	pending-language-review	ethernet_provider	0
etherType	ethernetTyp	ethernetTyp	existing-unreviewed		0
etherType_BE	ethernetTypbe	ethernetTypbe	existing-unreviewed		0
etherframe	ethernetRámec	ethernetRámec	existing-unreviewed		0
etherframePayload	ethernetRámecpayload	ethernetRámecpayload	existing-unreviewed		0
except	except	except	existing-unreviewed		0
exceptionCR0	exceptioncr0	exceptioncr0	existing-unreviewed		0
exceptionCR2	exceptioncr2	exceptioncr2	existing-unreviewed		0
exceptionCR3	exceptioncr3	exceptioncr3	existing-unreviewed		0
exceptionFrameValue	exceptionRámecHodnota	exceptionRámecHodnota	existing-unreviewed		0
exceptionHasErrorCode	exceptionhasChybacode	exceptionhasChybacode	existing-unreviewed		0
exceptionName	exceptionNázov	exceptionNázov	existing-unreviewed		0
execVector	spúšťanievector	spúšťanievector	existing-unreviewed		0
exists	exists	exists	existing-unreviewed		0
exited	ukončené	ukončené	existing-unreviewed		0
ext	ext	ext	existing-unreviewed		0
extFlags	extPríznaky	extPríznaky	existing-unreviewed		0
extendedScanCode	extendedPrehľadaťcode	extendedPrehľadaťcode	existing-unreviewed		0
fDupFD	fdupfd	fdupfd	existing-unreviewed		0
fGetFD	fgetfd	fgetfd	existing-unreviewed		0
fGetFL	fgetfl	fgetfl	existing-unreviewed		0
fSetFD	fsadafd	fsadafd	existing-unreviewed		0
fSetFL	fsadafl	fsadafl	existing-unreviewed		0
fat	fat	fat	existing-unreviewed		0
fatCopies	fatKopírovať	fatKopírovať	existing-unreviewed		0
fatInfo	fatInformácie	fatInformácie	existing-unreviewed		0
fatOffsetInSectorForCurrentCluster	fatPosunutienasectorforAktuálnycluster	fatPosunutienasectorforAktuálnycluster	existing-unreviewed		0
fatSectorCount	fatsectorcount	fatsectorcount	existing-unreviewed		0
fatSectorForCurrentCluster	fatsectorforAktuálnycluster	fatsectorforAktuálnycluster	existing-unreviewed		0
fatSize	fatVeľkosť	fatVeľkosť	existing-unreviewed		0
fatStart	fatSpustiť	fatSpustiť	existing-unreviewed		0
fatTypeLabel	fatTypPopisok	fatTypPopisok	existing-unreviewed		0
fatVersion	fatVerzia	fatVerzia	existing-unreviewed		0
fatbuf	fatbuf	fatbuf	existing-unreviewed		0
fatbuffer	fatbuffer	fatbuffer	existing-unreviewed		0
faultAddr	faultaddress	faultaddress	existing-unreviewed		0
fb	fb	fb	existing-unreviewed		0
fbCurCol	fbAktuálnycol	fbAktuálnycol	existing-unreviewed		0
fbCurLine	fbAktuálnyRiadok	fbAktuálnyRiadok	existing-unreviewed		0
fbHeight	fbVýška	fbVýška	existing-unreviewed		0
fbPhysAddr	fbphysaddress	fbphysaddress	existing-unreviewed		0
fbWidth	fbŠírka	fbŠírka	existing-unreviewed		0
fd	fd	fd	existing-unreviewed		0
fdCloexec	fdcloexec	fdcloexec	existing-unreviewed		0
fdEntry	fdpoložka	fdpoložka	existing-unreviewed		0
fdFlags	fdPríznaky	fdPríznaky	existing-unreviewed		0
fdKindConsole	fdTypKonzola	fdTypKonzola	existing-unreviewed		0
fdKindFat	fdTypfat	fdTypfat	existing-unreviewed		0
fdKindNone	fdTypŽiadne	fdTypŽiadne	existing-unreviewed		0
fdKindRootDir	fdTypKoreňAdresár	fdTypKoreňAdresár	existing-unreviewed		0
fdKindSocket	fdTypSoket	fdTypSoket	existing-unreviewed		0
fdKindStdin	fdTypstdin	fdTypstdin	existing-unreviewed		0
fds	fds	fds	existing-unreviewed		0
filePtr	súborKurzor	súborKurzor	existing-unreviewed		0
fileSector	súborsector	súborsector	existing-unreviewed		0
fileSize	súborVeľkosť	súborVeľkosť	existing-unreviewed		0
filename	názovsúboru	názovsúboru	existing-unreviewed		0
fillPosixStat	fillposixstat	fillposixstat	existing-unreviewed		0
findProcess	nájsťProces	nájsťProces	existing-unreviewed		0
first	first	first	existing-unreviewed		0
firstClusterHi	firstclusterhi	firstclusterhi	existing-unreviewed		0
firstClusterLow	firstclusterNízka	firstclusterNízka	existing-unreviewed		0
firstFileCluster	firstSúborcluster	firstSúborcluster	existing-unreviewed		0
flags	príznaky	príznaky	existing-unreviewed		0
flags2	príznaky2	príznaky2	existing-unreviewed		0
flagsAndOffset	príznakyaPosunutie	príznakyaPosunutie	existing-unreviewed		0
flushIndex	flushindex	flushindex	existing-unreviewed		0
flushTlsTable	flushtlsTabuľka	flushtlsTabuľka	existing-unreviewed		0
flush_tss	flushtss	flushtss	existing-unreviewed		0
fn	fn	fn	existing-unreviewed		0
foo	foo	foo	existing-unreviewed		0
foundChild	founddieťa	founddieťa	existing-unreviewed		0
frame	rámec	rámec	existing-unreviewed		0
frameCount	rámeccount	rámeccount	existing-unreviewed		0
frameHeaderSize	rámecheaderVeľkosť	rámecheaderVeľkosť	existing-unreviewed		0
free	voľné	voľné	existing-unreviewed		0
freePort	voľnéport	voľnéport	existing-unreviewed		0
frequency	opakovať	opakovať	existing-unreviewed		0
fs	fs	fs	existing-unreviewed		0
func1Val	func1val	func1val	existing-unreviewed		0
func2Val	func2val	func2val	existing-unreviewed		0
func3Val	func3val	func3val	existing-unreviewed		0
func_addr	funcaddress	funcaddress	existing-unreviewed		0
func_bytes	funcBajty	funcBajty	existing-unreviewed		0
func_name	funcNázov	funcNázov	existing-unreviewed		0
func_value	funcHodnota	funcHodnota	existing-unreviewed		0
function	funkcia	funkcia	existing-unreviewed		0
fxrstor	fxrstor	fxrstor	existing-unreviewed		0
fxsave	fxsave	fxsave	existing-unreviewed		0
g	g	g	existing-unreviewed		0
g_320x200x256	g320x200x256	g320x200x256	existing-unreviewed		0
gate	gate	gate	existing-unreviewed		0
gateData	gatedata	gatedata	existing-unreviewed		0
gatewayIP	bránaip	bránaip	existing-unreviewed		0
gdt	gdt	gdt	existing-unreviewed		0
gdtDescriptor	gdtdescriptor	gdtdescriptor	existing-unreviewed		0
gdtEntry	gdtpoložka	gdtpoložka	existing-unreviewed		0
gdtTable	gdtTabuľka	gdtTabuľka	existing-unreviewed		0
gdtTableLen	gdtTabuľkalen	gdtTabuľkalen	existing-unreviewed		0
gdt_codeSegmentSelector	gdtcodesegmentselector	gdtcodesegmentselector	existing-unreviewed		0
gdt_func	gdtfunc	gdtfunc	existing-unreviewed		0
getCR2	getcr2	getcr2	existing-unreviewed		0
getCR3	getcr3	getcr3	existing-unreviewed		0
getDescriptor	getdescriptor	getdescriptor	existing-unreviewed		0
getESI	getesi	getesi	existing-unreviewed		0
getESP	getesp	getesp	existing-unreviewed		0
getGDT	getgdt	getgdt	existing-unreviewed		0
getGS	getgs	getgs	existing-unreviewed		0
getOpenFile	getOtvoriťSúbor	getOtvoriťSúbor	existing-unreviewed		0
getOpenFileFor	getOtvoriťSúborfor	getOtvoriťSúborfor	existing-unreviewed		0
getTLS	gettls	gettls	existing-unreviewed		0
globalDescriptorTable	globálnydescriptorTabuľka	globálnydescriptorTabuľka	existing-unreviewed		0
globalOffsetTable	globálnyPosunutieTabuľka	globálnyPosunutieTabuľka	existing-unreviewed		0
global_offset_table	globálnyPosunutieTabuľka_2	globálnyPosunutieTabuľka_2	existing-unreviewed		0
graphicsControllerDataPort	grafikaRadičdataport	grafikaRadičdataport	existing-unreviewed		0
graphicsControllerIndexPort	grafikaRadičindexport	grafikaRadičindexport	existing-unreviewed		0
grub_multiboot_memory_map_t	grubmultibootPamäťmapt	grubmultibootPamäťmapt	existing-unreviewed		0
gs	gs	gs	existing-unreviewed		0
gs_segment	gssegment	gssegment	existing-unreviewed		0
h	h	h	existing-unreviewed		0
haltAfterFatalException	haltafterfatalexception	haltafterfatalexception	existing-unreviewed		0
handleInterrupt	uškoPrerušenie	uškoPrerušenie	existing-unreviewed		0
handleKeyboardInterrupt	uškoKlávesnicaPrerušenie	uškoKlávesnicaPrerušenie	existing-unreviewed		0
handleMouseInterrupt	uškoMyšPrerušenie	uškoMyšPrerušenie	existing-unreviewed		0
handlePagingInterrupt	uškopagingPrerušenie	uškopagingPrerušenie	existing-unreviewed		0
handleUnhandledSyscall	uškounhandledsyscall	uškounhandledsyscall	existing-unreviewed		0
handler	handler	handler	existing-unreviewed		0
handlerAddressHighBits	handleraddressVysokábity	handleraddressVysokábity	existing-unreviewed		0
handlerAddressLowBits	handleraddressNízkabity	handleraddressNízkabity	existing-unreviewed		0
handlerRun	handlerSpustiť	handlerSpustiť	existing-unreviewed		0
handlers	handler_2	handler_2	existing-unreviewed		0
hardwareAddressSize	hardvéraddressVeľkosť	hardvéraddressVeľkosť	existing-unreviewed		0
hardwareInterruptOffset	hardvérPrerušeniePosunutie	hardvérPrerušeniePosunutie	existing-unreviewed		0
hardwareType	hardvérTyp	hardvérTyp	existing-unreviewed		0
hd	hd	hd	existing-unreviewed		0
head	head	head	existing-unreviewed		0
headCount	headcount	headcount	existing-unreviewed		0
headerLength	headerDĺžka	headerDĺžka	existing-unreviewed		0
headertype	headertype	headertype	existing-unreviewed		0
height	výška	výška	existing-unreviewed		0
hex	šestnástkové	šestnástkové	existing-unreviewed		0
hiddenSectors	skrytésectors	skrytésectors	existing-unreviewed		0
i	i	i	existing-unreviewed		0
iCount	icount	icount	existing-unreviewed		0
iDrivers	idriver	idriver	existing-unreviewed		0
iKeyboardEventHandler	iKlávesnicaUdalosťhandler	iKlávesnicaUdalosťhandler	existing-unreviewed		0
iMouseEventHandler	iMyšUdalosťhandler	iMyšUdalosťhandler	existing-unreviewed		0
iPCIControllerHandler	ipciRadičhandler	ipciRadičhandler	existing-unreviewed		0
iRawDataHandler	irawdatahandler	irawdatahandler	existing-unreviewed		0
iTimerEventHandler	iČasovačUdalosťhandler	iČasovačUdalosťhandler	existing-unreviewed		0
icmp	icmp	icmp	existing-unreviewed		0
icmpSize	icmpVeľkosť	icmpVeľkosť	existing-unreviewed		0
icmp콘솔	icmpKonzola	icmpKonzola	existing-unreviewed		0
id	identifikátor	identifikátor	existing-unreviewed		0
ident	ident	ident	existing-unreviewed		0
idtData	idtdata	idtdata	existing-unreviewed		0
idtPointer	idtKurzor	idtKurzor	existing-unreviewed		0
idx	idx	idx	existing-unreviewed		0
index	index	index	existing-unreviewed		0
initBlock	initBlok	initBlok	existing-unreviewed		0
initFileDescriptors	initSúbordescriptor	initSúbordescriptor	existing-unreviewed		0
initPIT	initpit	initpit	existing-unreviewed		0
initializeProcessFDs	initializeProcesfds	initializeProcesfds	existing-unreviewed		0
inode	inode	inode	existing-unreviewed		0
inputEventTask	vstupUdalosťUloha	vstupUdalosťUloha	existing-unreviewed		0
installIDT	nainštalovaťidt	nainštalovaťidt	existing-unreviewed		0
intNumber	intČíslo	intČíslo	existing-unreviewed		0
interface_id	rozhranieIdentifikátor	rozhranieIdentifikátor	existing-unreviewed		0
internetprotocolPayload	internetprotocolpayload	internetprotocolpayload	existing-unreviewed		0
interrupt	prerušenie	prerušenie	existing-unreviewed		0
interruptDebug	prerušenieLadenie	prerušenieLadenie	existing-unreviewed		0
interruptExitLoop	prerušenieKoniecloop	prerušenieKoniecloop	existing-unreviewed		0
interruptGateEntries	prerušeniegatepoložka	prerušeniegatepoložka	existing-unreviewed		0
interruptHandler	prerušeniehandler	prerušeniehandler	existing-unreviewed		0
interrupts	interrupts	interrupts	existing-unreviewed		0
iomap	iomap	iomap	existing-unreviewed		0
ip	ip	ip	existing-unreviewed		0
ipEtherFrameHandler	ipethernetRámechandler	ipethernetRámechandler	existing-unreviewed		0
ipHandler	iphandler	iphandler	existing-unreviewed		0
ipIdx	ipidx	ipidx	existing-unreviewed		0
ipProtocolUDP	ipprotocoludp	ipprotocoludp	existing-unreviewed		0
ipProvider	ipprovider	ipprovider	pending-language-review	ip_provider	0
ipSize	ipVeľkosť	ipVeľkosť	existing-unreviewed		0
ip_be	ipSieťbyteorder	ipSieťbyteorder	existing-unreviewed		0
ipmessage	internetprotocolSpráva	internetprotocolSpráva	existing-unreviewed		0
ipv4	ipv4	ipv4	existing-unreviewed		0
ip콘솔	ipKonzola	ipKonzola	existing-unreviewed		0
isKernel	iskernel	iskernel	existing-unreviewed		0
isRoot	isKoreň	isKoreň	existing-unreviewed		0
isRootPath	isKoreňCESTA	isKoreňCESTA	existing-unreviewed		0
isSharedPDE	issharedpde	issharedpde	existing-unreviewed		0
istOffset	istPosunutie	istPosunutie	existing-unreviewed		0
j	j	j	existing-unreviewed		0
jmp	jmp	jmp	existing-unreviewed		0
jmp_user	jmpPoužívateľ	jmpPoužívateľ	existing-unreviewed		0
jump_usermode_iret	jumpPoužívateľskýrežimiret	jumpPoužívateľskýrežimiret	existing-unreviewed		0
kPageDirEntry	kSTRANAAdresárpoložka	kSTRANAAdresárpoložka	existing-unreviewed		0
kernelESP	kernelesp	kernelesp	existing-unreviewed		0
kernelPageDirEntry	kernelSTRANAAdresárpoložka	kernelSTRANAAdresárpoložka	existing-unreviewed		0
kernelSS	kernelss	kernelss	existing-unreviewed		0
key	kľúč	kľúč	existing-unreviewed		0
keyboard	klávesnica	klávesnica	existing-unreviewed		0
keyboardDriver	klávesnicadriver	klávesnicadriver	existing-unreviewed		0
keyboardEventHandler	klávesnicaUdalosťhandler	klávesnicaUdalosťhandler	existing-unreviewed		0
keyboardQueue	klávesnicaqueue	klávesnicaqueue	existing-unreviewed		0
keyboardQueueRead	klávesnicaqueueČítanie	klávesnicaqueueČítanie	existing-unreviewed		0
keyboardQueueSize	klávesnicaqueueVeľkosť	klávesnicaqueueVeľkosť	existing-unreviewed		0
keyboardQueueWrite	klávesnicaqueueZápis	klávesnicaqueueZápis	existing-unreviewed		0
kind	typ	typ	existing-unreviewed		0
l	l	l	existing-unreviewed		0
last	posledné	posledné	existing-unreviewed		0
lbaHiPort	lbahiport	lbahiport	existing-unreviewed		0
lbaLowPort	lbaNízkaport	lbaNízkaport	existing-unreviewed		0
lbaMidPort	lbamidport	lbamidport	existing-unreviewed		0
ldt	ldt	ldt	existing-unreviewed		0
leftShift	vľavoshift	vľavoshift	existing-unreviewed		0
len	len	len	existing-unreviewed		0
len_ver	lenver	lenver	existing-unreviewed		0
length	dĺžka	dĺžka	existing-unreviewed		0
lengthAddress	dĺžkaaddress	dĺžkaaddress	existing-unreviewed		0
lengthInBytes	dĺžkanaBajty	dĺžkanaBajty	existing-unreviewed		0
length_high	dĺžkaVysoká	dĺžkaVysoká	existing-unreviewed		0
length_low	dĺžkaNízka	dĺžkaNízka	existing-unreviewed		0
lengths	lengths	lengths	existing-unreviewed		0
lib1Addr	lib1address	lib1address	existing-unreviewed		0
lib1Data	lib1data	lib1data	existing-unreviewed		0
lib1File	lib1Súbor	lib1Súbor	existing-unreviewed		0
lib1GOT	lib1got	lib1got	existing-unreviewed		0
lib1elf	lib1elf	lib1elf	existing-unreviewed		0
lib2Addr	lib2address	lib2address	existing-unreviewed		0
lib2Data	lib2data	lib2data	existing-unreviewed		0
lib2File	lib2Súbor	lib2Súbor	existing-unreviewed		0
lib2GOT	lib2got	lib2got	existing-unreviewed		0
lib2elf	lib2elf	lib2elf	existing-unreviewed		0
libLinkMap	libOdkazmap	libOdkazmap	existing-unreviewed		0
lidtaddr	lidtaddr	lidtaddr	existing-unreviewed		0
limit	obmedzenie	obmedzenie	existing-unreviewed		0
limitHighAndFlags	obmedzenieVysokáaPríznaky	obmedzenieVysokáaPríznaky	existing-unreviewed		0
limitLow	obmedzenieNízka	obmedzenieNízka	existing-unreviewed		0
linkMap	odkazmap	odkazmap	existing-unreviewed		0
linkMapAddr	odkazmapaddress	odkazmapaddress	existing-unreviewed		0
linkerAddr	linkeraddress	linkeraddress	existing-unreviewed		0
linkerData	linkerdata	linkerdata	existing-unreviewed		0
linkerEntry	linkerpoložka	linkerpoložka	existing-unreviewed		0
linkerFile	linkerSúbor	linkerSúbor	existing-unreviewed		0
list	zoznam	zoznam	existing-unreviewed		0
listening	listening	listening	existing-unreviewed		0
loader	loader	loader	existing-unreviewed		0
local	miestny	miestny	existing-unreviewed		0
localDatagramSocket	miestnydatagramSoket	miestnydatagramSoket	existing-unreviewed		0
localIP	miestnyip	miestnyip	existing-unreviewed		0
localPort	miestnyportČíslo	miestnyportČíslo	existing-unreviewed		0
localSockets	miestnysockets	miestnysockets	existing-unreviewed		0
logicalAddress	logickéaddress	logickéaddress	existing-unreviewed		0
macAddr	macaddress	macaddress	existing-unreviewed		0
macIdx	macidx	macidx	existing-unreviewed		0
magicnumber	magicnumber	magicnumber	existing-unreviewed		0
main	main	main	compatibility		0
mainThread	hlavnýthread	hlavnýthread	existing-unreviewed		0
makePagePrivateWritableCurrent	makeSTRANASúkromnáwritableAktuálny	makeSTRANASúkromnáwritableAktuálny	existing-unreviewed		0
makeRangePrivateWritableCurrent	makeRozsahSúkromnáwritableAktuálny	makeRozsahSúkromnáwritableAktuálny	existing-unreviewed		0
manager	manager	manager	existing-unreviewed		0
mask	maska	maska	existing-unreviewed		0
master	hlavný	hlavný	existing-unreviewed		0
matches	matches	matches	existing-unreviewed		0
maxBARs	maxbars	maxbars	existing-unreviewed		0
maxDatagramSize	maxdatagramVeľkosť	maxdatagramVeľkosť	existing-unreviewed		0
maxExecStringLength	maxSpúšťaniereťazecDĺžka	maxSpúšťaniereťazecDĺžka	existing-unreviewed		0
maxExecVectorEntries	maxSpúšťanievectorpoložka	maxSpúšťanievectorpoložka	existing-unreviewed		0
maxFD	maxfd	maxfd	existing-unreviewed		0
maxOpenFiles	maxOtvoriťSúbory	maxOtvoriťSúbory	existing-unreviewed		0
maxSocketPackets	maxSoketpaketov	maxSoketpaketov	existing-unreviewed		0
maxSockets	maxsockets	maxsockets	existing-unreviewed		0
maximumBlocks	maximumBlok	maximumBlok	existing-unreviewed		0
mediaType	médiáTyp	médiáTyp	existing-unreviewed		0
mem	mem	mem	existing-unreviewed		0
memoryArray	pamäťPole	pamäťPole	existing-unreviewed		0
memoryChunkSize	pamäťchunkVeľkosť	pamäťchunkVeľkosť	existing-unreviewed		0
memoryManager	pamäťmanager	pamäťmanager	existing-unreviewed		0
memoryOper	pamäťoper	pamäťoper	existing-unreviewed		0
memorySize	pamäťVeľkosť	pamäťVeľkosť	existing-unreviewed		0
memorymananger	memorymananger	memorymananger	existing-unreviewed		0
memorytest	memorytest	memorytest	existing-unreviewed		0
message	správa	správa	existing-unreviewed		0
micsPort	micsport	micsport	existing-unreviewed		0
minimum	minimum	minimum	existing-unreviewed		0
mode	režim	režim	existing-unreviewed		0
mouseDriver	myšdriver	myšdriver	existing-unreviewed		0
mouseEventHandler	myšUdalosťhandler	myšUdalosťhandler	existing-unreviewed		0
mouseVGA	myšvga	myšvga	existing-unreviewed		0
mouseWidget	myšwidget	myšwidget	existing-unreviewed		0
msdospart	msdospartition	msdospartition	existing-unreviewed		0
msg	msg	msg	existing-unreviewed		0
msgBuffer	msgbuffer	msgbuffer	existing-unreviewed		0
multiboot_memory_map	multibootPamäťmap	multibootPamäťmap	existing-unreviewed		0
multitasking	multitasking	multitasking	existing-unreviewed		0
myKeyboardEventHandler	myKlávesnicaUdalosťhandler	myKlávesnicaUdalosťhandler	existing-unreviewed		0
myPCIControllerHandler	mypciRadičhandler	mypciRadičhandler	existing-unreviewed		0
myfunction	myfunction	myfunction	existing-unreviewed		0
n	n	n	existing-unreviewed		0
n_descsz	ndescsz	ndescsz	existing-unreviewed		0
n_namesz	nnamesz	nnamesz	existing-unreviewed		0
n_type	nTyp	nTyp	existing-unreviewed		0
name	názov	názov	existing-unreviewed		0
nameLen	názovlen	názovlen	existing-unreviewed		0
netCard	sieťKartové	sieťKartové	existing-unreviewed		0
newButtons	novýTlačidlo	novýTlačidlo	existing-unreviewed		0
newFD	novýfd	novýfd	existing-unreviewed		0
newFrame	novýRámec	novýRámec	existing-unreviewed		0
newLink	novýOdkaz	novýOdkaz	existing-unreviewed		0
newNode	novýUzol	novýUzol	existing-unreviewed		0
newPtr	novýKurzor	novýKurzor	existing-unreviewed		0
next	nasledujúci	nasledujúci	existing-unreviewed		0
nextEphemeralPort	nasledujúciephemeralport	nasledujúciephemeralport	existing-unreviewed		0
nextFileCluster	nasledujúciSúborcluster	nasledujúciSúborcluster	existing-unreviewed		0
nextHopIP_BE	nasledujúcihopipaddressSieťbyteorder	nasledujúcihopipaddressSieťbyteorder	existing-unreviewed		0
nextNode	nasledujúciUzol	nasledujúciUzol	existing-unreviewed		0
nextProcessID	nasledujúciProcesIdentifikátor	nasledujúciProcesIdentifikátor	existing-unreviewed		0
nextThread	nasledujúcithread	nasledujúcithread	existing-unreviewed		0
nibble	nibble	nibble	existing-unreviewed		0
node	uzol	uzol	pending-language-review	list_node	0
nodeArray	uzolPole	uzolPole	existing-unreviewed		0
num	číslo	číslo	existing-unreviewed		0
numCacheEntries	číslocachepoložka	číslocachepoložka	existing-unreviewed		0
numDrivers	číslodriver	číslodriver	existing-unreviewed		0
numFunctions	čísloFunkcie	čísloFunkcie	existing-unreviewed		0
numRecvBuffers	číslorecvbuffer	číslorecvbuffer	existing-unreviewed		0
numSendBuffers	čísloPoslaťbuffer	čísloPoslaťbuffer	existing-unreviewed		0
numSockets	číslosockets	číslosockets	existing-unreviewed		0
numTasks	čísloÚlohy	čísloÚlohy	existing-unreviewed		0
oAppend	oappend	oappend	existing-unreviewed		0
oCreate	ocreate	ocreate	existing-unreviewed		0
oDirectory	oAdresár	oAdresár	existing-unreviewed		0
oReadOnly	oČítanieonly	oČítanieonly	existing-unreviewed		0
oReadWrite	oČítanieZápis	oČítanieZápis	existing-unreviewed		0
oTruncate	oOrezať	oOrezať	existing-unreviewed		0
oWriteOnly	oZápisonly	oZápisonly	existing-unreviewed		0
o_addr	oaddress	oaddress	existing-unreviewed		0
offset	posunutie	posunutie	existing-unreviewed		0
ok	ok	ok	existing-unreviewed		0
oldButtons	oldTlačidlo	oldTlačidlo	existing-unreviewed		0
oldCR3	oldcr3	oldcr3	existing-unreviewed		0
oldFD	oldfd	oldfd	existing-unreviewed		0
oldFrame	oldRámec	oldRámec	existing-unreviewed		0
oldGdt	oldgdt	oldgdt	existing-unreviewed		0
oldGdtAddr	oldgdtaddress	oldgdtaddress	existing-unreviewed		0
oldGdtLen	oldgdtlen	oldgdtlen	existing-unreviewed		0
openFileDescription	otvoriťSúborPopis	otvoriťSúborPopis	existing-unreviewed		0
openFileTable	otvoriťSúborTabuľka	otvoriťSúborTabuľka	existing-unreviewed		0
options	možnosti	možnosti	existing-unreviewed		0
orgValue	orgHodnota	orgHodnota	existing-unreviewed		0
p	p	p	existing-unreviewed		0
p1	p1	p1	existing-unreviewed		0
p2	p2	p2	existing-unreviewed		0
p_align	pZarovnanie	pZarovnanie	existing-unreviewed		0
p_backend	pbackend	pbackend	existing-unreviewed		0
p_data	pdata	pdata	existing-unreviewed		0
p_efHandler	pefhandler	pefhandler	existing-unreviewed		0
p_efProvider	pefprovider	pefprovider	existing-unreviewed		0
p_etherType	pethernetTyp	pethernetTyp	existing-unreviewed		0
p_filesz	pfilesz	pfilesz	existing-unreviewed		0
p_flags	pPríznaky	pPríznaky	existing-unreviewed		0
p_iHandler	pihandler	pihandler	existing-unreviewed		0
p_ipHandler	piphandler	piphandler	existing-unreviewed		0
p_ipProvider	pipprovider	pipprovider	existing-unreviewed		0
p_memsz	pmemsz	pmemsz	existing-unreviewed		0
p_offset	pPosunutie	pPosunutie	existing-unreviewed		0
p_paddr	ppaddr	ppaddr	existing-unreviewed		0
p_protocol	pprotocol	pprotocol	existing-unreviewed		0
p_provider	pprovider	pprovider	existing-unreviewed		0
p_str	pstr	pstr	existing-unreviewed		0
p_type	pTyp	pTyp	existing-unreviewed		0
p_udpHandler	pudphandler	pudphandler	existing-unreviewed		0
p_udpProvider	pudpprovider	pudpprovider	existing-unreviewed		0
p_vaddr	pvaddr	pvaddr	existing-unreviewed		0
packet	packet	packet	existing-unreviewed		0
packetStatus	packetStav	packetStav	existing-unreviewed		0
packets	paketov	paketov	existing-unreviewed		0
page	sTRANA	sTRANA	existing-unreviewed		0
pageDir	sTRANAAdresár	sTRANAAdresár	pending-language-review	page_directory	0
pageDirEntry	sTRANAAdresárpoložka	sTRANAAdresárpoložka	existing-unreviewed		0
pageTableEntry	sTRANATabuľkapoložka	sTRANATabuľkapoložka	existing-unreviewed		0
paging	paging	paging	existing-unreviewed		0
param	param	param	existing-unreviewed		0
params	parametre	parametre	existing-unreviewed		0
parent	rodič	rodič	existing-unreviewed		0
parentPID	rodičpid	rodičpid	existing-unreviewed		0
parentProcess	rodičProces	rodičProces	existing-unreviewed		0
partEntry	partpoložka	partpoložka	existing-unreviewed		0
partition	partition	partition	existing-unreviewed		0
partitionBytes	partitionBajty	partitionBajty	existing-unreviewed		0
partitionOffset	partitionPosunutie	partitionPosunutie	existing-unreviewed		0
path	cESTA	cESTA	existing-unreviewed		0
pathAddr	cESTAaddress	cESTAaddress	existing-unreviewed		0
pci	pci	pci	existing-unreviewed		0
pciController	pciRadič	pciRadič	existing-unreviewed		0
pde	pde	pde	existing-unreviewed		0
pdeAddr	pdeaddress	pdeaddress	existing-unreviewed		0
pdelen	pdelen	pdelen	existing-unreviewed		0
peer	peer	peer	existing-unreviewed		0
pendingButtons	pendingTlačidlo	pendingTlačidlo	existing-unreviewed		0
pendingMouseEvent	pendingMyšUdalosť	pendingMyšUdalosť	existing-unreviewed		0
pendingX	pendingx	pendingx	existing-unreviewed		0
pendingY	pendingy	pendingy	existing-unreviewed		0
phyaddr	phyaddr	phyaddr	existing-unreviewed		0
phymem	physicalPamäť	physicalPamäť	existing-unreviewed		0
physicalAddress	physicaladdress	physicaladdress	existing-unreviewed		0
pid	pid	pid	existing-unreviewed		0
pitFrequency	pitOpakovať	pitOpakovať	existing-unreviewed		0
pixelAddress	pixeladdress	pixeladdress	existing-unreviewed		0
pointer	kurzor	kurzor	pending-language-review	pointer	0
pollKeyboardScancode	pollKlávesnicascancode	pollKlávesnicascancode	existing-unreviewed		0
port	port	port	existing-unreviewed		0
portBase	portbase	portbase	existing-unreviewed		0
portInUse	portnaPoužiť	portnaPoužiť	existing-unreviewed		0
portnumber	portnumber	portnumber	existing-unreviewed		0
pos	pozícia	pozícia	existing-unreviewed		0
position	pozícia_2	pozícia_2	existing-unreviewed		0
posixStat	posixstat	posixstat	existing-unreviewed		0
posixUtsname	posixutsname	posixutsname	existing-unreviewed		0
prefetchable	prefetchcapable	prefetchcapable	existing-unreviewed		0
prev	previous	previous	existing-unreviewed		0
prevNode	previousUzol	previousUzol	existing-unreviewed		0
prevX	previousx	previousx	existing-unreviewed		0
prevY	previousy	previousy	existing-unreviewed		0
printESP	tlačiťesp	tlačiťesp	existing-unreviewed		0
printExceptionSelectorInfo	tlačiťexceptionselectorInformácie	tlačiťexceptionselectorInformácie	existing-unreviewed		0
printPageFaultInfo	tlačiťSTRANAfaultInformácie	tlačiťSTRANAfaultInformácie	existing-unreviewed		0
printreg	printreg	printreg	existing-unreviewed		0
proc2	proc2	proc2	existing-unreviewed		0
proc3	proc3	proc3	existing-unreviewed		0
proc4	proc4	proc4	existing-unreviewed		0
process	proces	proces	existing-unreviewed		0
processEntry	procespoložka	procespoložka	existing-unreviewed		0
processHelper	proceshelper	proceshelper	existing-unreviewed		0
processTable	procesTabuľka	procesTabuľka	existing-unreviewed		0
processes	procesy	procesy	existing-unreviewed		0
programBreak	programbreak	programbreak	existing-unreviewed		0
protocol	protocol	protocol	existing-unreviewed		0
protocolAddressSize	protocoladdressVeľkosť	protocoladdressVeľkosť	existing-unreviewed		0
providedLength	providedDĺžka	providedDĺžka	existing-unreviewed		0
provider	provider	provider	existing-unreviewed		0
ps2WaitLimit	ps2PočkaťObmedzenie	ps2PočkaťObmedzenie	existing-unreviewed		0
pt	pt	pt	existing-unreviewed		0
pte	pte	pte	existing-unreviewed		0
pteAddr	pteaddress	pteaddress	existing-unreviewed		0
ptr	kurzor_2	kurzor_2	pending-language-review	pointer	0
pushExecUint32	pushSpúšťanieunsignedinteger32	pushSpúšťanieunsignedinteger32	existing-unreviewed		0
queueKeyboardByte	queueKlávesnicabyte	queueKlávesnicabyte	existing-unreviewed		0
r	r	r	existing-unreviewed		0
r_addend	raddend	raddend	existing-unreviewed		0
r_info	rInformácie	rInformácie	existing-unreviewed		0
r_offset	rPosunutie	rPosunutie	existing-unreviewed		0
raw	raw	raw	existing-unreviewed		0
rawDataBackend	rawdatabackend	rawdatabackend	existing-unreviewed		0
readFile	čítanieSúbor	čítanieSúbor	existing-unreviewed		0
readPS2Data	čítanieps2data	čítanieps2data	existing-unreviewed		0
readStdin	čítaniestdin	čítaniestdin	existing-unreviewed		0
readVFSFile	čítanievfsSúbor	čítanievfsSúbor	existing-unreviewed		0
read_count	čítaniecount	čítaniecount	existing-unreviewed		0
receiver	receiver	receiver	existing-unreviewed		0
recvBufferDescr	recvbufferPopis	recvbufferPopis	existing-unreviewed		0
recvBufferDescrAddress	recvbufferPopisaddress	recvbufferPopisaddress	existing-unreviewed		0
recvBuffers	recvbuffer	recvbuffer	existing-unreviewed		0
recvBuffersDescrMemory	recvbufferPopisPamäť	recvbufferPopisPamäť	existing-unreviewed		0
refBytes	referenceBajty	referenceBajty	existing-unreviewed		0
refPtr	referenceKurzor	referenceKurzor	existing-unreviewed		0
refs	refs	refs	existing-unreviewed		0
regIndex	regindex	regindex	existing-unreviewed		0
registerAddressPort	registeraddressport	registeraddressport	existing-unreviewed		0
registerDataPort	registerdataport	registerdataport	existing-unreviewed		0
registeroffset	registeroffset	registeroffset	existing-unreviewed		0
registers	register	register	existing-unreviewed		0
regtype	regtype	regtype	existing-unreviewed		0
rel_text	relSpracovanietextu	relSpracovanietextu	existing-unreviewed		0
rel_text_len	relSpracovanietextulen	relSpracovanietextulen	existing-unreviewed		0
releaseOpenFile	releaseOtvoriťSúbor	releaseOtvoriťSúbor	existing-unreviewed		0
released	released	released	existing-unreviewed		0
reloadCR3	znovunačítaťcr3	znovunačítaťcr3	existing-unreviewed		0
relocation_text	relocationSpracovanietextu	relocationSpracovanietextu	existing-unreviewed		0
remaining	remaining	remaining	existing-unreviewed		0
remote	remote	remote	existing-unreviewed		0
remoteIP	remoteip	remoteip	existing-unreviewed		0
remotePort	remoteportČíslo	remoteportČíslo	existing-unreviewed		0
requested	requested	requested	existing-unreviewed		0
reserved	rezervovaná	rezervovaná	existing-unreviewed		0
reserved0	rezervovaná0	rezervovaná0	existing-unreviewed		0
reservedSectors	rezervovanásectors	rezervovanásectors	existing-unreviewed		0
resetPort	reštartovaťport	reštartovaťport	existing-unreviewed		0
restoreFpRegs	obnoviťfpregs	obnoviťfpregs	existing-unreviewed		0
result	result	result	existing-unreviewed		0
result1	result1	result1	existing-unreviewed		0
result2	result2	result2	existing-unreviewed		0
ret	ret	ret	existing-unreviewed		0
revision	revision	revision	existing-unreviewed		0
rightShift	vpravoshift	vpravoshift	existing-unreviewed		0
rootCluster	koreňcluster	koreňcluster	existing-unreviewed		0
rootDirEntries	koreňAdresárpoložka	koreňAdresárpoložka	existing-unreviewed		0
rootStart	koreňSpustiť	koreňSpustiť	existing-unreviewed		0
rt	rt	rt	existing-unreviewed		0
s	s	s	existing-unreviewed		0
sIfchr	sifchr	sifchr	existing-unreviewed		0
sIfdir	sifdir	sifdir	existing-unreviewed		0
sIfmt	sifmt	sifmt	existing-unreviewed		0
sIfreg	sifreg	sifreg	existing-unreviewed		0
sIfsock	sifsock	sifsock	existing-unreviewed		0
savedESP	uloženýesp	uloženýesp	existing-unreviewed		0
sc	sc	sc	existing-unreviewed		0
scanCode	prehľadaťcode	prehľadaťcode	existing-unreviewed		0
scanCodeToByte	prehľadaťcodetobyte	prehľadaťcodetobyte	existing-unreviewed		0
scancodeToByte	scancodetobyte	scancodetobyte	existing-unreviewed		0
sche	sche	sche	existing-unreviewed		0
sche_data	schedata	schedata	existing-unreviewed		0
scheduleStack	schedulestack	schedulestack	existing-unreviewed		0
scheduler	scheduler	scheduler	existing-unreviewed		0
schedulerDebug	schedulerLadenie	schedulerLadenie	existing-unreviewed		0
sectHeader	sectheader	sectheader	existing-unreviewed		0
sectHeaderSize	sectheaderVeľkosť	sectheaderVeľkosť	existing-unreviewed		0
sectName	sectNázov	sectNázov	existing-unreviewed		0
sectValue	sectHodnota	sectHodnota	existing-unreviewed		0
sector	sector	sector	existing-unreviewed		0
sectorCountPort	sectorcountport	sectorcountport	existing-unreviewed		0
sectorNum	sectorČíslo	sectorČíslo	existing-unreviewed		0
sectorOffset	sectorPosunutie	sectorPosunutie	existing-unreviewed		0
sectorPerTrack	sectorpertrack	sectorpertrack	existing-unreviewed		0
sectorsPerCluster	sectorspercluster	sectorspercluster	existing-unreviewed		0
seekCur	seekAktuálny	seekAktuálny	existing-unreviewed		0
seekEnd	seekKoniec	seekKoniec	existing-unreviewed		0
seekSet	seeksada	seeksada	existing-unreviewed		0
segmentNumber	segmentČíslo	segmentČíslo	existing-unreviewed		0
self	vlastný	vlastný	existing-unreviewed		0
self_uintptr	vlastnýuintptr	vlastnýuintptr	existing-unreviewed		0
sendBack	reply	reply	existing-unreviewed		0
sendBufferDescr	poslaťbufferPopis	poslaťbufferPopis	existing-unreviewed		0
sendBufferDescrAddress	poslaťbufferPopisaddress	poslaťbufferPopisaddress	existing-unreviewed		0
sendBuffers	poslaťbuffer	poslaťbuffer	existing-unreviewed		0
sendBuffersDescrMemory	poslaťbufferPopisPamäť	poslaťbufferPopisPamäť	existing-unreviewed		0
sendDataPointer	poslaťdataKurzor	poslaťdataKurzor	existing-unreviewed		0
sendDescriptor	poslaťdescriptor	poslaťdescriptor	existing-unreviewed		0
sendMouseCommand	poslaťMyšPríkaz	poslaťMyšPríkaz	existing-unreviewed		0
sequencerDataPort	sequencerdataport	sequencerdataport	existing-unreviewed		0
sequencerIndexPort	sequencerindexport	sequencerindexport	existing-unreviewed		0
serialLogByte	sériovéZaznamenávaniebyte	sériovéZaznamenávaniebyte	existing-unreviewed		0
serialReady	sériovéPripravený	sériovéPripravený	existing-unreviewed		0
setCR3	sadacr3	sadacr3	existing-unreviewed		0
setDS	sadads	sadads	existing-unreviewed		0
setGS	sadags	sadags	existing-unreviewed		0
setThreadExitLoopState	sadathreadKoniecloopStav	sadathreadKoniecloopStav	existing-unreviewed		0
setupExecStack	setupSpúšťaniestack	setupSpúšťaniestack	existing-unreviewed		0
sh	sh	sh	existing-unreviewed		0
sh_addr	shaddress	shaddress	existing-unreviewed		0
sh_addralign	shaddralign	shaddralign	existing-unreviewed		0
sh_entsize	shentsize	shentsize	existing-unreviewed		0
sh_flags	shPríznaky	shPríznaky	existing-unreviewed		0
sh_info	shInformácie	shInformácie	existing-unreviewed		0
sh_link	shOdkaz	shOdkaz	existing-unreviewed		0
sh_name	shNázov	shNázov	existing-unreviewed		0
sh_offset	shPosunutie	shPosunutie	existing-unreviewed		0
sh_size	shVeľkosť	shVeľkosť	existing-unreviewed		0
sh_type	shTyp	shTyp	existing-unreviewed		0
shift	shift	shift	existing-unreviewed		0
signature	signature	signature	existing-unreviewed		0
size	veľkosť	veľkosť	existing-unreviewed		0
sl	sl	sl	existing-unreviewed		0
sockDatagram	sockdatagram	sockdatagram	existing-unreviewed		0
socket	soket	soket	existing-unreviewed		0
socketAddress	soketaddress	soketaddress	existing-unreviewed		0
socketAddressIPv4	soketaddressipv4	soketaddressipv4	existing-unreviewed		0
socketBind	soketbind	soketbind	existing-unreviewed		0
socketCallArgument	soketcallargument	soketcallargument	existing-unreviewed		0
socketConnect	soketPripojiť	soketPripojiť	existing-unreviewed		0
socketForFD	soketforfd	soketforfd	existing-unreviewed		0
socketIndex	soketindex	soketindex	existing-unreviewed		0
socketPacket	soketpacket	soketpacket	existing-unreviewed		0
socketReceiveFrom	soketreceivez	soketreceivez	existing-unreviewed		0
socketSendTo	soketPoslaťto	soketPoslaťto	existing-unreviewed		0
socketType	soketTyp	soketTyp	existing-unreviewed		0
sockets	sockets	sockets	existing-unreviewed		0
softName	softNázov	softNázov	existing-unreviewed		0
source	zdroj	zdroj	existing-unreviewed		0
sourceAddress	zdrojaddress	zdrojaddress	existing-unreviewed		0
sourceLengthAddress	zdrojDĺžkaaddress	zdrojDĺžkaaddress	existing-unreviewed		0
src	zdroj_2	zdroj_2	existing-unreviewed		0
srcEntry	zdrojpoložka	zdrojpoložka	existing-unreviewed		0
srcIP	zdrojipaddress	zdrojipaddress	existing-unreviewed		0
srcIP_BE	zdrojipaddressSieťbyteorder	zdrojipaddressSieťbyteorder	existing-unreviewed		0
srcMAC	zdrojmacaddress	zdrojmacaddress	existing-unreviewed		0
srcMAC_BE	zdrojmacbe	zdrojmacbe	existing-unreviewed		0
srcPageDir	zdrojSTRANAAdresár	zdrojSTRANAAdresár	existing-unreviewed		0
srcPde	zdrojpde	zdrojpde	existing-unreviewed		0
srcPdeAddr	zdrojpdeaddress	zdrojpdeaddress	existing-unreviewed		0
srcPort	zdrojportČíslo	zdrojportČíslo	pending-language-review	source_port	0
srcPt	zdrojpt	zdrojpt	existing-unreviewed		0
srcptr	srcptr	srcptr	existing-unreviewed		0
ss	ss	ss	existing-unreviewed		0
ss0	ss0	ss0	existing-unreviewed		0
ss1	ss1	ss1	existing-unreviewed		0
ss2	ss2	ss2	existing-unreviewed		0
st	st	st	existing-unreviewed		0
st_info	stInformácie	stInformácie	existing-unreviewed		0
st_name	stNázov	stNázov	existing-unreviewed		0
st_other	stIné	stIné	existing-unreviewed		0
st_shndx	stshndx	stshndx	existing-unreviewed		0
st_size	stVeľkosť	stVeľkosť	existing-unreviewed		0
st_value	stHodnota	stHodnota	existing-unreviewed		0
stack	stack	stack	pending-language-review	stack	0
stackBytes	stackBajty	stackBajty	existing-unreviewed		0
stackPtr	stackKurzor	stackKurzor	existing-unreviewed		0
stack_addr	stackaddress	stackaddress	existing-unreviewed		0
stackbottom	stackbottom	stackbottom	existing-unreviewed		0
stacktop	stacktop	stacktop	existing-unreviewed		0
start	spustiť	spustiť	existing-unreviewed		0
startOffset	spustiťPosunutie	spustiťPosunutie	existing-unreviewed		0
start_cylinder	spustiťcylinder	spustiťcylinder	existing-unreviewed		0
start_head	spustiťhead	spustiťhead	existing-unreviewed		0
start_sector	spustiťsector	spustiťsector	existing-unreviewed		0
startingBit	startingbit	startingbit	existing-unreviewed		0
stat	stat	stat	existing-unreviewed		0
statAddr	stataddress	stataddress	existing-unreviewed		0
status	stav	stav	existing-unreviewed		0
statusAddr	stavaddress	stavaddress	existing-unreviewed		0
stderrFD	stderrfd	stderrfd	existing-unreviewed		0
stdinBuffer	stdinbuffer	stdinbuffer	existing-unreviewed		0
stdinFD	stdinfd	stdinfd	existing-unreviewed		0
stdinGetBlocking	stdingetblocking	stdingetblocking	existing-unreviewed		0
stdinRead	stdinČítanie	stdinČítanie	existing-unreviewed		0
stdinWrite	stdinZápis	stdinZápis	existing-unreviewed		0
stdoutFD	stdoutfd	stdoutfd	existing-unreviewed		0
stoppedThread	zastavenýthread	zastavenýthread	existing-unreviewed		0
str	str	str	existing-unreviewed		0
stringAddress	reťazecaddress	reťazecaddress	existing-unreviewed		0
stringHeader	reťazecheader	reťazecheader	existing-unreviewed		0
strtab	strtab	strtab	existing-unreviewed		0
subclass_id	subclassIdentifikátor	subclassIdentifikátor	existing-unreviewed		0
subnetMask	subnetMaska	subnetMaska	existing-unreviewed		0
swapUint16	odkladacípriestorunsignedinteger16	odkladacípriestorunsignedinteger16	existing-unreviewed		0
switchForced	switchforced	switchforced	existing-unreviewed		0
sysAccess	sysPrístup	sysPrístup	existing-unreviewed		0
sysBrk	sysbrk	sysbrk	existing-unreviewed		0
sysCall	syscall	syscall	existing-unreviewed		0
sysChdir	syschdir	syschdir	existing-unreviewed		0
sysClose	sysZavrieť	sysZavrieť	existing-unreviewed		0
sysDup	sysdup	sysdup	existing-unreviewed		0
sysDup2	sysdup2	sysdup2	existing-unreviewed		0
sysExecve	sysexecve	sysexecve	existing-unreviewed		0
sysExit	sysKoniec	sysKoniec	existing-unreviewed		0
sysFcntl	sysfcntl	sysfcntl	existing-unreviewed		0
sysFork	sysfork	sysfork	existing-unreviewed		0
sysFstat	sysfstat	sysfstat	existing-unreviewed		0
sysFsync	sysfsync	sysfsync	existing-unreviewed		0
sysGetcwd	sysgetcwd	sysgetcwd	existing-unreviewed		0
sysLseek	syslseek	syslseek	existing-unreviewed		0
sysOpen	sysOtvoriť	sysOtvoriť	existing-unreviewed		0
sysRead	sysČítanie	sysČítanie	existing-unreviewed		0
sysSocketCall	sysSoketcall	sysSoketcall	existing-unreviewed		0
sysStat	sysstat	sysstat	existing-unreviewed		0
sysUname	sysuname	sysuname	existing-unreviewed		0
sysWaitpid	syswaitpid	syswaitpid	existing-unreviewed		0
sysWrite	sysZápis	sysZápis	existing-unreviewed		0
syscallError	syscallChyba	syscallChyba	existing-unreviewed		0
syscallID	syscallIdentifikátor	syscallIdentifikátor	existing-unreviewed		0
systemcall	systémcall	systémcall	existing-unreviewed		0
table	tabuľka	tabuľka	existing-unreviewed		0
tableSize	tabuľkaVeľkosť	tabuľkaVeľkosť	existing-unreviewed		0
tail	tail	tail	existing-unreviewed		0
task	uloha	uloha	existing-unreviewed		0
taskA	ulohaa	ulohaa	existing-unreviewed		0
taskB	ulohab	ulohab	existing-unreviewed		0
taskC	ulohac	ulohac	existing-unreviewed		0
taskD	ulohad	ulohad	existing-unreviewed		0
taskD0	ulohad0	ulohad0	existing-unreviewed		0
taskD1	ulohad1	ulohad1	existing-unreviewed		0
taskManager	ulohamanager	ulohamanager	existing-unreviewed		0
tasks	úlohy	úlohy	existing-unreviewed		0
temp	temporary	temporary	existing-unreviewed		0
terminated	terminated	terminated	existing-unreviewed		0
text	spracovanietextu	spracovanietextu	existing-unreviewed		0
textPtr	spracovanietextuKurzor	spracovanietextuKurzor	existing-unreviewed		0
text_len	spracovanietextulen	spracovanietextulen	existing-unreviewed		0
text_mode_check_fb_move	spracovanietexturežimcheckfbPresunúť	spracovanietexturežimcheckfbPresunúť	existing-unreviewed		0
text_mode_disable_cursor	spracovanietexturežimZakázaťKurzor	spracovanietexturežimZakázaťKurzor	existing-unreviewed		0
text_mode_enable_cursor	spracovanietexturežimPovoliťKurzor	spracovanietexturežimPovoliťKurzor	existing-unreviewed		0
text_mode_error_writer	spracovanietexturežimChybawriter	spracovanietexturežimChybawriter	existing-unreviewed		0
text_mode_flush_screen	spracovanietexturežimflushObrazovka	spracovanietexturežimflushObrazovka	existing-unreviewed		0
text_mode_init	spracovanietexturežiminit	spracovanietexturežiminit	existing-unreviewed		0
text_mode_print	spracovanietexturežimTlačiť	spracovanietexturežimTlačiť	existing-unreviewed		0
text_mode_print_bytes	spracovanietexturežimTlačiťBajty	spracovanietexturežimTlačiťBajty	existing-unreviewed		0
text_mode_print_char	spracovanietexturežimTlačiťchar	spracovanietexturežimTlačiťchar	existing-unreviewed		0
text_mode_print_char_col	spracovanietexturežimTlačiťcharcol	spracovanietexturežimTlačiťcharcol	existing-unreviewed		0
text_mode_print_col	spracovanietexturežimTlačiťcol	spracovanietexturežimTlačiťcol	existing-unreviewed		0
text_mode_print_error	spracovanietexturežimTlačiťChyba	spracovanietexturežimTlačiťChyba	existing-unreviewed		0
text_mode_print_error_bytes	spracovanietexturežimTlačiťChybaBajty	spracovanietexturežimTlačiťChybaBajty	existing-unreviewed		0
text_mode_print_errorln	spracovanietexturežimTlačiťerrorln	spracovanietexturežimTlačiťerrorln	existing-unreviewed		0
text_mode_print_hex	spracovanietexturežimTlačiťŠestnástkové	spracovanietexturežimTlačiťŠestnástkové	existing-unreviewed		0
text_mode_print_hex16	spracovanietexturežimTlačiťŠestnástkové16	spracovanietexturežimTlačiťŠestnástkové16	existing-unreviewed		0
text_mode_print_hex32	spracovanietexturežimTlačiťŠestnástkové32	spracovanietexturežimTlačiťŠestnástkové32	existing-unreviewed		0
text_mode_print_hex64	spracovanietexturežimTlačiťŠestnástkové64	spracovanietexturežimTlačiťŠestnástkové64	existing-unreviewed		0
text_mode_print_hex_char	spracovanietexturežimTlačiťŠestnástkovéchar	spracovanietexturežimTlačiťŠestnástkovéchar	existing-unreviewed		0
text_mode_println	spracovanietexturežimprintln	spracovanietexturežimprintln	existing-unreviewed		0
text_mode_println_col	spracovanietexturežimprintlncol	spracovanietexturežimprintlncol	existing-unreviewed		0
text_mode_update_cursor	spracovanietexturežimAktualizovaťKurzor	spracovanietexturežimAktualizovaťKurzor	existing-unreviewed		0
text_mode_writer	spracovanietexturežimwriter	spracovanietexturežimwriter	existing-unreviewed		0
thr2	thr2	thr2	existing-unreviewed		0
thr3	thr3	thr3	existing-unreviewed		0
thr4	thr4	thr4	existing-unreviewed		0
thread	thread	thread	existing-unreviewed		0
threadExitLoop	threadKoniecloop	threadKoniecloop	existing-unreviewed		0
threadHelper	threadhelper	threadhelper	existing-unreviewed		0
threadPtr	threadKurzor	threadKurzor	existing-unreviewed		0
tickCount	tickcount	tickcount	existing-unreviewed		0
timeDelta	časdelta	časdelta	existing-unreviewed		0
timeToLive	častolive	častolive	existing-unreviewed		0
timer	časovač	časovač	existing-unreviewed		0
tls	tls	tls	existing-unreviewed		0
tmp	tmp	tmp	existing-unreviewed		0
tmpPtr	tmpKurzor	tmpKurzor	existing-unreviewed		0
tos	tos	tos	existing-unreviewed		0
totalLength	celkomDĺžka	celkomDĺžka	existing-unreviewed		0
totalSectorCount	celkomsectorcount	celkomsectorcount	existing-unreviewed		0
totalSectors	celkomsectors	celkomsectors	existing-unreviewed		0
trap	trap	trap	existing-unreviewed		0
tss	tss	tss	existing-unreviewed		0
tssIndex	tssindex	tssindex	existing-unreviewed		0
udp	udp	udp	existing-unreviewed		0
udpHandler	udphandler	udphandler	existing-unreviewed		0
udpHeaderSize	udpheaderVeľkosť	udpheaderVeľkosť	existing-unreviewed		0
udpProvider	udpprovider	udpprovider	existing-unreviewed		0
udp콘솔	udpKonzola	udpKonzola	existing-unreviewed		0
unused	nepoužité	nepoužité	existing-unreviewed		0
used	využité	využité	existing-unreviewed		0
usedBlocks	využitéBlok	využitéBlok	existing-unreviewed		0
user1addr	používateľ1address	používateľ1address	existing-unreviewed		0
user1data	používateľ1data	používateľ1data	existing-unreviewed		0
user1entry	používateľ1položka	používateľ1položka	existing-unreviewed		0
user1file	používateľ1Súbor	používateľ1Súbor	existing-unreviewed		0
user2addr	používateľ2address	používateľ2address	existing-unreviewed		0
user2data	používateľ2data	používateľ2data	existing-unreviewed		0
user2entry	používateľ2položka	používateľ2položka	existing-unreviewed		0
user2file	používateľ2Súbor	používateľ2Súbor	existing-unreviewed		0
user3addr	používateľ3address	používateľ3address	existing-unreviewed		0
user3data	používateľ3data	používateľ3data	existing-unreviewed		0
user3entry	používateľ3položka	používateľ3položka	existing-unreviewed		0
user3file	používateľ3Súbor	používateľ3Súbor	existing-unreviewed		0
userHeapBase	používateľheapbase	používateľheapbase	existing-unreviewed		0
userHeapLimit	používateľheapObmedzenie	používateľheapObmedzenie	existing-unreviewed		0
user_esp	používateľesp	používateľesp	existing-unreviewed		0
userhandler	userhandler	userhandler	existing-unreviewed		0
userproc_entry	userprocpoložka	userprocpoložka	existing-unreviewed		0
util	util	util	existing-unreviewed		0
util콘솔	utilKonzola	utilKonzola	existing-unreviewed		0
v	v	v	existing-unreviewed		0
vAddr	vaddress	vaddress	existing-unreviewed		0
value	hodnota	hodnota	existing-unreviewed		0
values	hodnoty	hodnoty	existing-unreviewed		0
version	verzia	verzia	existing-unreviewed		0
vga	vga	vga	existing-unreviewed		0
virtlen	virtlen	virtlen	existing-unreviewed		0
virtmem	virtuálnyPamäť	virtuálnyPamäť	existing-unreviewed		0
virtualAddr	virtuálnyaddress	virtuálnyaddress	existing-unreviewed		0
volumeId	hlasitosťIdentifikátor	hlasitosťIdentifikátor	existing-unreviewed		0
volumeLabel	hlasitosťPopisok	hlasitosťPopisok	existing-unreviewed		0
w	w	w	existing-unreviewed		0
wDate	wDátum	wDátum	existing-unreviewed		0
wTime	wČas	wČas	existing-unreviewed		0
waitPS2InputEmpty	počkaťps2VstupPrázdne	počkaťps2VstupPrázdne	existing-unreviewed		0
waitPS2OutputFull	počkaťps2VýstupPlné	počkaťps2VýstupPlné	existing-unreviewed		0
wdata	wdata	wdata	existing-unreviewed		0
whence	whence	whence	existing-unreviewed		0
widget	widget	widget	existing-unreviewed		0
width	šírka	šírka	existing-unreviewed		0
writePS2Command	zápisps2Príkaz	zápisps2Príkaz	existing-unreviewed		0
writePS2Data	zápisps2data	zápisps2data	existing-unreviewed		0
write_count	zápiscount	zápiscount	existing-unreviewed		0
x	x	x	existing-unreviewed		0
xPageDir	xSTRANAAdresár	xSTRANAAdresár	existing-unreviewed		0
xPos	xPozícia	xPozícia	existing-unreviewed		0
y	y	y	existing-unreviewed		0
yPageDir	ySTRANAAdresár	ySTRANAAdresár	existing-unreviewed		0
yPos	yPozícia	yPozícia	existing-unreviewed		0
값	hodnota_2	hodnota_2	existing-unreviewed		0
공용서술자테이블	shareddescriptorTabuľka	shareddescriptorTabuľka	existing-unreviewed		0
기준	base_2	base_2	existing-unreviewed		0
기준_낮은	baseNízka_2	baseNízka_2	existing-unreviewed		0
기준_높은	baseVysoká_2	baseVysoká_2	existing-unreviewed		0
기준_매우높은	baseveryVysoká	baseveryVysoká	existing-unreviewed		0
기준주소	baseaddress	baseaddress	existing-unreviewed		0
넷카드콘솔	sieťKartovéKonzola	sieťKartovéKonzola	existing-unreviewed		0
단말기	terminal	terminal	existing-unreviewed		0
마우스콘솔	myšKonzola	myšKonzola	existing-unreviewed		0
매개값	argumentHodnota	argumentHodnota	existing-unreviewed		0
멈추기	halt	halt	existing-unreviewed		0
목적	cieľ_3	cieľ_3	existing-unreviewed		0
유형	typ_2	typ_2	existing-unreviewed		0
이더넷콘솔	ethernetKonzola	ethernetKonzola	existing-unreviewed		0
인터럽트무시하기	prerušenieignore	prerušenieignore	existing-unreviewed		0
인터럽트예외처리기	prerušenieexceptionhandler	prerušenieexceptionhandler	existing-unreviewed		0
인터럽트예외처리기0x00	prerušenieexceptionhandler0x00	prerušenieexceptionhandler0x00	existing-unreviewed		0
인터럽트예외처리기0x01	prerušenieexceptionhandler0x01	prerušenieexceptionhandler0x01	existing-unreviewed		0
인터럽트예외처리기0x02	prerušenieexceptionhandler0x02	prerušenieexceptionhandler0x02	existing-unreviewed		0
인터럽트예외처리기0x03	prerušenieexceptionhandler0x03	prerušenieexceptionhandler0x03	existing-unreviewed		0
인터럽트예외처리기0x04	prerušenieexceptionhandler0x04	prerušenieexceptionhandler0x04	existing-unreviewed		0
인터럽트예외처리기0x05	prerušenieexceptionhandler0x05	prerušenieexceptionhandler0x05	existing-unreviewed		0
인터럽트예외처리기0x06	prerušenieexceptionhandler0x06	prerušenieexceptionhandler0x06	existing-unreviewed		0
인터럽트예외처리기0x07	prerušenieexceptionhandler0x07	prerušenieexceptionhandler0x07	existing-unreviewed		0
인터럽트예외처리기0x08	prerušenieexceptionhandler0x08	prerušenieexceptionhandler0x08	existing-unreviewed		0
인터럽트예외처리기0x09	prerušenieexceptionhandler0x09	prerušenieexceptionhandler0x09	existing-unreviewed		0
인터럽트예외처리기0x0A	prerušenieexceptionhandler0x0a	prerušenieexceptionhandler0x0a	existing-unreviewed		0
인터럽트예외처리기0x0B	prerušenieexceptionhandler0x0b	prerušenieexceptionhandler0x0b	existing-unreviewed		0
인터럽트예외처리기0x0C	prerušenieexceptionhandler0x0c	prerušenieexceptionhandler0x0c	existing-unreviewed		0
인터럽트예외처리기0x0D	prerušenieexceptionhandler0x0d	prerušenieexceptionhandler0x0d	existing-unreviewed		0
인터럽트예외처리기0x0E	prerušenieexceptionhandler0x0e	prerušenieexceptionhandler0x0e	existing-unreviewed		0
인터럽트예외처리기0x0F	prerušenieexceptionhandler0x0f	prerušenieexceptionhandler0x0f	existing-unreviewed		0
인터럽트예외처리기0x10	prerušenieexceptionhandler0x10	prerušenieexceptionhandler0x10	existing-unreviewed		0
인터럽트예외처리기0x11	prerušenieexceptionhandler0x11	prerušenieexceptionhandler0x11	existing-unreviewed		0
인터럽트예외처리기0x12	prerušenieexceptionhandler0x12	prerušenieexceptionhandler0x12	existing-unreviewed		0
인터럽트예외처리기0x13	prerušenieexceptionhandler0x13	prerušenieexceptionhandler0x13	existing-unreviewed		0
인터럽트요청처리0x00	prerušenierequesthandler0x00	prerušenierequesthandler0x00	existing-unreviewed		0
인터럽트요청처리0x01	prerušenierequesthandler0x01	prerušenierequesthandler0x01	existing-unreviewed		0
인터럽트요청처리0x02	prerušenierequesthandler0x02	prerušenierequesthandler0x02	existing-unreviewed		0
인터럽트요청처리0x03	prerušenierequesthandler0x03	prerušenierequesthandler0x03	existing-unreviewed		0
인터럽트요청처리0x04	prerušenierequesthandler0x04	prerušenierequesthandler0x04	existing-unreviewed		0
인터럽트요청처리0x05	prerušenierequesthandler0x05	prerušenierequesthandler0x05	existing-unreviewed		0
인터럽트요청처리0x06	prerušenierequesthandler0x06	prerušenierequesthandler0x06	existing-unreviewed		0
인터럽트요청처리0x07	prerušenierequesthandler0x07	prerušenierequesthandler0x07	existing-unreviewed		0
인터럽트요청처리0x08	prerušenierequesthandler0x08	prerušenierequesthandler0x08	existing-unreviewed		0
인터럽트요청처리0x09	prerušenierequesthandler0x09	prerušenierequesthandler0x09	existing-unreviewed		0
인터럽트요청처리0x0A	prerušenierequesthandler0x0a	prerušenierequesthandler0x0a	existing-unreviewed		0
인터럽트요청처리0x0B	prerušenierequesthandler0x0b	prerušenierequesthandler0x0b	existing-unreviewed		0
인터럽트요청처리0x0C	prerušenierequesthandler0x0c	prerušenierequesthandler0x0c	existing-unreviewed		0
인터럽트요청처리0x0D	prerušenierequesthandler0x0d	prerušenierequesthandler0x0d	existing-unreviewed		0
인터럽트요청처리0x0E	prerušenierequesthandler0x0e	prerušenierequesthandler0x0e	existing-unreviewed		0
인터럽트요청처리0x0F	prerušenierequesthandler0x0f	prerušenierequesthandler0x0f	existing-unreviewed		0
인터럽트요청처리0x80	prerušenierequesthandler0x80	prerušenierequesthandler0x80	existing-unreviewed		0
인터럽트요청처리0x81	prerušenierequesthandler0x81	prerušenierequesthandler0x81	existing-unreviewed		0
인터럽트요청처리0x82	prerušenierequesthandler0x82	prerušenierequesthandler0x82	existing-unreviewed		0
인터럽트처리기	prerušeniehandler_2	prerušeniehandler_2	existing-unreviewed		0
임시	temporary_2	temporary_2	existing-unreviewed		0
자료	data_2	data_2	existing-unreviewed		0
자신	vlastný_2	vlastný_2	existing-unreviewed		0
작업관리자	ulohamanager_2	ulohamanager_2	existing-unreviewed		0
작업콘솔	ulohaKonzola	ulohaKonzola	existing-unreviewed		0
조각설명자	segmentdescriptor	segmentdescriptor	existing-unreviewed		0
콘솔	konzola_2	konzola_2	existing-unreviewed		0
크기	veľkosť_2	veľkosť_2	existing-unreviewed		0
키보드콘솔	klávesnicaKonzola	klávesnicaKonzola	existing-unreviewed		0
표시들	príznaky_2	príznaky_2	existing-unreviewed		0
표시들_한도_높은	príznakyObmedzenieVysoká	príznakyObmedzenieVysoká	existing-unreviewed		0
한도	obmedzenie_2	obmedzenie_2	existing-unreviewed		0
한도_낮은	obmedzenieNízka_2	obmedzenieNízka_2	existing-unreviewed		0
