original	before	after	review_status	concept	changed_tokens
Activate	Активувати	Активувати	existing-unreviewed		0
ActivateAll	АктивуватиВсі	АктивуватиВсі	existing-unreviewed		0
Active	Активний	Активний	existing-unreviewed		0
ActiveInterruptManager	АктивнийПерериванняmanager	АктивнийПерериванняmanager	existing-unreviewed		0
ActiveMemoryManager	АктивнийПамятьmanager	АктивнийПамятьmanager	existing-unreviewed		0
Add	Додати	Додати	existing-unreviewed		0
AddDriver	Додатиdriver	Додатиdriver	existing-unreviewed		0
AddRunnableThread	Додатиrunnablethread	Додатиrunnablethread	existing-unreviewed		0
AddTask	ДодатиЗадача	ДодатиЗадача	existing-unreviewed		0
AddThread	Додатиthread	Додатиthread	existing-unreviewed		0
Address	Адреса	Адреса	existing-unreviewed		0
AlignedMalloc	Alignedmalloc	Alignedmalloc	existing-unreviewed		0
AlignmentCheck	Alignmentcheck	Alignmentcheck	existing-unreviewed		0
AllocateBlock	AllocateБлок	AllocateБлок	existing-unreviewed		0
AllocatePID	AllocateІдентифікаторPID	AllocateІдентифікаторPID	existing-unreviewed		0
AmountOfMemory	КількістьзПамять	КількістьзПамять	existing-unreviewed		0
ArrayToUint16	Масивтоunsignedinteger16	Масивтоunsignedinteger16	existing-unreviewed		0
ArrayToUint32	Масивтоunsignedinteger32	Масивтоunsignedinteger32	existing-unreviewed		0
ArrayToUint48	Масивтоunsignedinteger48	Масивтоunsignedinteger48	existing-unreviewed		0
ArrayToUint48_BE	Масивтоunsignedinteger48be	Масивтоunsignedinteger48be	existing-unreviewed		0
ArrayToUint64	Масивтоunsignedinteger64	Масивтоunsignedinteger64	existing-unreviewed		0
Atime	Atime	Atime	existing-unreviewed		0
AtimeNsec	Atimensec	Atimensec	existing-unreviewed		0
BLOCKS_PER_BYTE	Блокperbyte	Блокperbyte	existing-unreviewed		0
BLOCK_SIZE	БлокРозмір	БлокРозмір	existing-unreviewed		0
Backend	Backend	Backend	existing-unreviewed		0
BaseAddr	BaseАдреса	BaseАдреса	existing-unreviewed		0
Bind	Повязати	Повязати	existing-unreviewed		0
Blksize	Blksize	Blksize	existing-unreviewed		0
Blocked	Blocked	Blocked	existing-unreviewed		0
BlockedState	BlockedСтан	BlockedСтан	existing-unreviewed		0
Blocks	Блок	Блок	existing-unreviewed		0
BoundRangeExceeded	BoundДіяпазонexceeded	BoundДіяпазонexceeded	existing-unreviewed		0
BroadcastMacAddress	BroadcastmacАдреса	BroadcastmacАдреса	existing-unreviewed		0
BytesPerSector	Байтpersector	Байтpersector	existing-unreviewed		0
BytesToString	БайттоРядок	БайттоРядок	existing-unreviewed		0
Checksum	Checksum	Checksum	existing-unreviewed		0
Clear	Очистити	Очистити	existing-unreviewed		0
Clone	Clone	Clone	existing-unreviewed		0
CloneAddressSpaceCOW	CloneАдресаПробілcow	CloneАдресаПробілcow	existing-unreviewed		0
Connect	Зєднати	Зєднати	existing-unreviewed		0
ContainsCoordinate	Containscoordinate	Containscoordinate	existing-unreviewed		0
CopyPageFrameBlock	КопіюватиСторінкаБлокБлок	КопіюватиСторінкаБлокБлок	existing-unreviewed		0
CpuState	ПроцесорСтан	ПроцесорСтан	existing-unreviewed		0
Create	Create	Create	existing-unreviewed		0
CreateFromData	Createзdata	Createзdata	existing-unreviewed		0
CreateFromFunction	CreateзФункція	CreateзФункція	existing-unreviewed		0
CreatePtrFromFunction	CreateВказівникзФункція	CreateВказівникзФункція	existing-unreviewed		0
Cs	Cs	Cs	existing-unreviewed		0
Ctime	Ctime	Ctime	existing-unreviewed		0
CtimeNsec	Ctimensec	Ctimensec	existing-unreviewed		0
CurrentPID	ПоточнаІдентифікаторPID	ПоточнаІдентифікаторPID	existing-unreviewed		0
CurrentParentPID	ПоточнабатькоІдентифікаторPID	ПоточнабатькоІдентифікаторPID	existing-unreviewed		0
Data	Data	Data	compatibility		0
Deactivate	Деактивувати	Деактивувати	existing-unreviewed		0
Deactive	Deactive	Deactive	existing-unreviewed		0
Decrement	Decrement	Decrement	existing-unreviewed		0
Delete	Вилучити	Вилучити	existing-unreviewed		0
DescriptorPrivilegeLevel	Descriptorprivilegelevel	Descriptorprivilegelevel	existing-unreviewed		0
DescriptorType	DescriptorТип	DescriptorТип	existing-unreviewed		0
Destroy	Знищити	Знищити	existing-unreviewed		0
Dev	Пристрій	Пристрій	existing-unreviewed		0
DeviceHasFunctions	ПристрійХасіФункції	ПристрійХасіФункції	existing-unreviewed		0
DeviceNotAvailable	ПристрійnotДоступно	ПристрійnotДоступно	existing-unreviewed		0
Device_id	ПристрійІДЕНТИФІКАТОР	ПристрійІДЕНТИФІКАТОР	existing-unreviewed		0
DisableInt	Вимкнутиint	Вимкнутиint	existing-unreviewed		0
Disconnect	Відєднатися	Відєднатися	existing-unreviewed		0
DivideByZero	ПоділитиbyНуль	ПоділитиbyНуль	existing-unreviewed		0
DoHandleInterrupt	DoЕлементкеруванняПереривання	DoЕлементкеруванняПереривання	existing-unreviewed		0
DoubleFault	Подвійнийfault	Подвійнийfault	existing-unreviewed		0
Draw	Draw	Draw	existing-unreviewed		0
DriverManager	Drivermanager	Drivermanager	existing-unreviewed		0
Ds	Ds	Ds	existing-unreviewed		0
Dynamic	Динамічно	Динамічно	existing-unreviewed		0
E2BIG	E2big	E2big	existing-unreviewed		0
EACCES	Eacces	Eacces	existing-unreviewed		0
EADDRINUSE	Eaddrinuse	Eaddrinuse	existing-unreviewed		0
EAFNOSUPPORT	Eafnosupport	Eafnosupport	existing-unreviewed		0
EAGAIN	Eagain	Eagain	existing-unreviewed		0
EBADF	Ebadf	Ebadf	existing-unreviewed		0
EBUSY	Ebusy	Ebusy	existing-unreviewed		0
ECHILD	Echild	Echild	existing-unreviewed		0
EEXIST	Eexist	Eexist	existing-unreviewed		0
EFAULT	Efault	Efault	existing-unreviewed		0
EFBIG	Efbig	Efbig	existing-unreviewed		0
EINTR	Eintr	Eintr	existing-unreviewed		0
EINVAL	Einval	Einval	existing-unreviewed		0
EIO	Eio	Eio	existing-unreviewed		0
EISDIR	Eisdir	Eisdir	existing-unreviewed		0
EMFILE	Emfile	Emfile	existing-unreviewed		0
EMSGSIZE	Emsgsize	Emsgsize	existing-unreviewed		0
ENETUNREACH	Enetunreach	Enetunreach	existing-unreviewed		0
ENFILE	Enfile	Enfile	existing-unreviewed		0
ENODEV	Enodev	Enodev	existing-unreviewed		0
ENOENT	Enoent	Enoent	existing-unreviewed		0
ENOEXEC	Enoexec	Enoexec	existing-unreviewed		0
ENOMEM	Enomem	Enomem	existing-unreviewed		0
ENOSPC	Enospc	Enospc	existing-unreviewed		0
ENOSYS	Enosys	Enosys	existing-unreviewed		0
ENOTCONN	Enotconn	Enotconn	existing-unreviewed		0
ENOTDIR	Enotdir	Enotdir	existing-unreviewed		0
ENOTTY	Enotty	Enotty	existing-unreviewed		0
EOPNOTSUPP	Eopnotsupp	Eopnotsupp	existing-unreviewed		0
EPERM	Eperm	Eperm	existing-unreviewed		0
EPROTONOSUPPORT	Eprotonosupport	Eprotonosupport	existing-unreviewed		0
ERANGE	Erange	Erange	existing-unreviewed		0
EROFS	Erofs	Erofs	existing-unreviewed		0
ESPIPE	Espipe	Espipe	existing-unreviewed		0
ESRCH	Esrch	Esrch	existing-unreviewed		0
Eax	Eax	Eax	existing-unreviewed		0
Ebp	Ebp	Ebp	existing-unreviewed		0
Ebx	Ebx	Ebx	existing-unreviewed		0
Ecx	Ecx	Ecx	existing-unreviewed		0
Edi	Edi	Edi	existing-unreviewed		0
Edx	Edx	Edx	existing-unreviewed		0
Eflags	Eflags	Eflags	existing-unreviewed		0
Eip	Eip	Eip	existing-unreviewed		0
Elf	Elf	Elf	existing-unreviewed		0
Elf32Dyn	Elf32dyn	Elf32dyn	existing-unreviewed		0
Elf32Note	Elf32Нотатка	Elf32Нотатка	existing-unreviewed		0
Elf32Rel	Elf32rel	Elf32rel	existing-unreviewed		0
Elf32Rela	Elf32rela	Elf32rela	existing-unreviewed		0
Elf32Sym	Elf32sym	Elf32sym	existing-unreviewed		0
ElfHeader	Elfheader	Elfheader	existing-unreviewed		0
ElfProgramHeader	Elfпрограмаheader	Elfпрограмаheader	existing-unreviewed		0
ElfSectionHeader	Elfsectionheader	Elfsectionheader	existing-unreviewed		0
EnablePaging	Дозволитиpaging	Дозволитиpaging	existing-unreviewed		0
Enabled	Включено	Включено	existing-unreviewed		0
EntryNumber	ЗаписЧисло	ЗаписЧисло	existing-unreviewed		0
EqualBytes	РівноБайт	РівноБайт	existing-unreviewed		0
Es	Es	Es	existing-unreviewed		0
Esi	Esi	Esi	existing-unreviewed		0
Esp	Esp	Esp	existing-unreviewed		0
FPUBuffer	Fpubuffer	Fpubuffer	existing-unreviewed		0
FPUOffset	Fpuoffset	Fpuoffset	existing-unreviewed		0
Family	Family	Family	existing-unreviewed		0
FileName	ФайлНазва	ФайлНазва	existing-unreviewed		0
Fill	Fill	Fill	existing-unreviewed		0
FillRectangle	FillПрямокутник	FillПрямокутник	existing-unreviewed		0
First	First	First	existing-unreviewed		0
FirstFree	FirstВільно	FirstВільно	existing-unreviewed		0
FirstFreeSize	FirstВільноРозмір	FirstВільноРозмір	existing-unreviewed		0
Flags	Прапори	Прапори	existing-unreviewed		0
FloatingPointException	Плаваючеpointexception	Плаваючеpointexception	existing-unreviewed		0
Flush	Flush	Flush	existing-unreviewed		0
FlushTlsTable	FlushtlsТаблиця	FlushtlsТаблиця	existing-unreviewed		0
Focussable	Focussable	Focussable	existing-unreviewed		0
Free	Вільно	Вільно	existing-unreviewed		0
Fs	Fs	Fs	existing-unreviewed		0
GB	ГБ	ГБ	existing-unreviewed		0
GDT_ENTRIES	Gdtзапис	Gdtзапис	existing-unreviewed		0
GOT	Got	Got	existing-unreviewed		0
GPFException	Gpfexception	Gpfexception	existing-unreviewed		0
GatewayIP	Gatewayip	Gatewayip	existing-unreviewed		0
GdtAddressHigh	GdtАдресаВисокий	GdtАдресаВисокий	existing-unreviewed		0
GdtAddressLow	GdtАдресаНизька	GdtАдресаНизька	existing-unreviewed		0
GdtDescriptor	Gdtdescriptor	Gdtdescriptor	existing-unreviewed		0
GdtEntry	Gdtзапис_2	Gdtзапис_2	existing-unreviewed		0
GdtSize	GdtРозмір	GdtРозмір	existing-unreviewed		0
GetAt	Getat	Getat	existing-unreviewed		0
GetBackend	Getbackend	Getbackend	existing-unreviewed		0
GetBaseAddressRegister	GetbaseАдресаregister	GetbaseАдресаregister	existing-unreviewed		0
GetBitmaspSize	GetbitmaspРозмір	GetbitmaspРозмір	existing-unreviewed		0
GetBytesFromPtr	GetБайтзВказівник	GetБайтзВказівник	existing-unreviewed		0
GetCR0	Getcr0	Getcr0	existing-unreviewed		0
GetCR2	Getcr2	Getcr2	existing-unreviewed		0
GetCR3	Getcr3	Getcr3	existing-unreviewed		0
GetCR4	Getcr4	Getcr4	existing-unreviewed		0
GetColorIndex	GetКолірІндекс	GetКолірІндекс	existing-unreviewed		0
GetDeviceDescriptor	GetПристрійdescriptor	GetПристрійdescriptor	existing-unreviewed		0
GetDriver	Getdriver	Getdriver	existing-unreviewed		0
GetESP0	Getesp0	Getesp0	existing-unreviewed		0
GetEntry	Getзапис	Getзапис	existing-unreviewed		0
GetFileSize	GetФайлРозмір	GetФайлРозмір	existing-unreviewed		0
GetFocus	GetФокусвікна	GetФокусвікна	existing-unreviewed		0
GetFrameBufferSegment	GetБлокbuffersegment	GetБлокbuffersegment	existing-unreviewed		0
GetFuncPtrFromPtr	GetfuncВказівникзВказівник	GetfuncВказівникзВказівник	existing-unreviewed		0
GetFunctionName	GetФункціяНазва	GetФункціяНазва	existing-unreviewed		0
GetHandler	Gethandler	Gethandler	existing-unreviewed		0
GetIPAddress	GetipАдреса	GetipАдреса	existing-unreviewed		0
GetMACAddress	GetmacАдреса	GetmacАдреса	existing-unreviewed		0
GetMACFromCache	Getmacзcache	Getmacзcache	existing-unreviewed		0
GetNextReadyThread	GetНаступнеГотовоthread	GetНаступнеГотовоthread	existing-unreviewed		0
GetNodeAt	GetВузолat	GetВузолat	existing-unreviewed		0
GetProvider	Providerget	Providerget	existing-unreviewed		0
GetSS0	Getss0	Getss0	existing-unreviewed		0
GetStr	Getstr	Getstr	existing-unreviewed		0
GetUint32ArrayFromPtr	Getunsignedinteger32МасивзВказівник	Getunsignedinteger32МасивзВказівник	existing-unreviewed		0
GetUintptrArrayFromPtr	GetunsignedintegerВказівникМасивзВказівник	GetunsignedintegerВказівникМасивзВказівник	existing-unreviewed		0
GetValue	GetЗначення	GetЗначення	existing-unreviewed		0
GetValueInPageDir	GetЗначенняВхіднийСторінкаТека	GetЗначенняВхіднийСторінкаТека	existing-unreviewed		0
Gid	Gid	Gid	existing-unreviewed		0
Gs	Gs	Gs	existing-unreviewed		0
HandleException	Елементкеруванняexception	Елементкеруванняexception	existing-unreviewed		0
HandleFatalInterruptFrame	ЕлементкеруванняfatalПерериванняБлок	ЕлементкеруванняfatalПерериванняБлок	existing-unreviewed		0
HandleInterrupt	ЕлементкеруванняПереривання	ЕлементкеруванняПереривання	existing-unreviewed		0
HandleInterrupt1	ЕлементкеруванняПереривання1	ЕлементкеруванняПереривання1	existing-unreviewed		0
HandleUserDatagramProtocolMessage	ЕлементкеруванняКористувачdatagramprotocolПовідомлення	ЕлементкеруванняКористувачdatagramprotocolПовідомлення	existing-unreviewed		0
IDT_DESC_PRESENT	IdtdescriptorПрисутній	IdtdescriptorПрисутній	existing-unreviewed		0
IDT_INTERRUPT_GATE	IdtПерериванняgate	IdtПерериванняgate	existing-unreviewed		0
IDriver	IDriver	IDriver	existing-unreviewed		0
IEtherFrameHandler	IEthernetБлокhandler	IEthernetБлокhandler	existing-unreviewed		0
IInternetProtocolHandler	IІнтернетprotocolhandler	IІнтернетprotocolhandler	existing-unreviewed		0
IInterruptHandler	IПерериванняhandler	IПерериванняhandler	existing-unreviewed		0
IKeyboardEventHandler	IКлавіатураПодіяhandler	IКлавіатураПодіяhandler	existing-unreviewed		0
IMouseEventHandler	IМишаПодіяhandler	IМишаПодіяhandler	existing-unreviewed		0
IPCIControllerHandler	IpciКонтролерhandler	IpciКонтролерhandler	existing-unreviewed		0
IPCache	Ipcache	Ipcache	existing-unreviewed		0
IP_BE	IpМережаbyteorder	IpМережаbyteorder	existing-unreviewed		0
IRawDataHandler	IRawdatahandler	IRawdatahandler	existing-unreviewed		0
ITimerEventHandler	IТаймерПодіяhandler	IТаймерПодіяhandler	existing-unreviewed		0
IUserDatagramProtocolHandler	IКористувачdatagramprotocolhandler	IКористувачdatagramprotocolhandler	existing-unreviewed		0
IUserDatagramProtocolSocket	IКористувачdatagramprotocolСокет	IКористувачdatagramprotocolСокет	existing-unreviewed		0
IWidget	IВіджет	IЕлемент_екрана	project-proposal	widget	6
Identify	Identify	Identify	existing-unreviewed		0
Increment	Increment	Increment	existing-unreviewed		0
IndexOf	Індексз	Індексз	existing-unreviewed		0
Init	Init	Init	existing-unreviewed		0
InitDriver	Initdriver	Initdriver	existing-unreviewed		0
InitialThreadUserJump	InitialthreadКористувачjump	InitialthreadКористувачjump	existing-unreviewed		0
Ino	Ino	Ino	existing-unreviewed		0
Install	Встановити	Встановити	existing-unreviewed		0
Interrupt	Переривання	Переривання	existing-unreviewed		0
InterruptActive	ПерериванняАктивний	ПерериванняАктивний	existing-unreviewed		0
InterruptDeactive	Перериванняdeactive	Перериванняdeactive	existing-unreviewed		0
InterruptManager	Перериванняmanager	Перериванняmanager	existing-unreviewed		0
InterruptNumber	ПерериванняЧисло	ПерериванняЧисло	existing-unreviewed		0
InvalidOpcode	Помилковийopcode	Помилковийopcode	existing-unreviewed		0
InvalidTSS	Помилковийtss	Помилковийtss	existing-unreviewed		0
IsKernel	Iskernel	Iskernel	existing-unreviewed		0
IsPresent	IsПрисутній	IsПрисутній	existing-unreviewed		0
IsUserSpace	IsКористувачПробіл	IsКористувачПробіл	existing-unreviewed		0
KB	КБ	КБ	existing-unreviewed		0
KCS_INDEX	KcsІндекс	KcsІндекс	existing-unreviewed		0
KCS_SELECTOR	Kcsselector	Kcsselector	existing-unreviewed		0
KDS_INDEX	KdsІндекс	KdsІндекс	existing-unreviewed		0
KDS_SELECTOR	Kdsselector	Kdsselector	existing-unreviewed		0
KERNEL_HEAP_START	KernelheapЗапустити	KernelheapЗапустити	existing-unreviewed		0
KERNEL_VIRT_ADDR	KernelvirtАдреса	KernelvirtАдреса	existing-unreviewed		0
KGS_INDEX	KgsІндекс	KgsІндекс	existing-unreviewed		0
KGS_SELECTOR	Kgsselector	Kgsselector	existing-unreviewed		0
K핵심	KKernelEntry	KKernelEntry	compatibility		0
LIDT	Lidt	Lidt	existing-unreviewed		0
Last	Останнє	Останнє	existing-unreviewed		0
Len	Len	Len	compatibility		0
Limit	Обмеження	Обмеження	existing-unreviewed		0
Link	Посилання	Посилання	existing-unreviewed		0
LinkMap	Посиланняmap	Посиланняmap	existing-unreviewed		0
LinkedList	LinkedПерелік	LinkedПерелік	existing-unreviewed		0
Listen	Listen	Listen	existing-unreviewed		0
LoadElf	Завантаженняelf	Завантаженняelf	existing-unreviewed		0
MAC	Mac	Mac	existing-unreviewed		0
MAC0	Mac0	Mac0	existing-unreviewed		0
MAC1	Mac1	Mac1	existing-unreviewed		0
MAC2	Mac2	Mac2	existing-unreviewed		0
MAC3	Mac3	Mac3	existing-unreviewed		0
MAC4	Mac4	Mac4	existing-unreviewed		0
MAC5	Mac5	Mac5	existing-unreviewed		0
MACAddress0Port	MacАдреса0Порт	MacАдреса0Порт	existing-unreviewed		0
MACAddress2Port	MacАдреса2Порт	MacАдреса2Порт	existing-unreviewed		0
MACAddress4Port	MacАдреса4Порт	MacАдреса4Порт	existing-unreviewed		0
MACCache	Maccache	Maccache	existing-unreviewed		0
MAX_QUEUE_SIZE	МаксимумqueueРозмір	МаксимумqueueРозмір	existing-unreviewed		0
MB	МБ	МБ	existing-unreviewed		0
MBR	Mbr	Mbr	existing-unreviewed		0
MHex출력	MHexadecimalДрук	MHexadecimalДрук	existing-unreviewed		0
MHex출력XY	MHexadecimalДрукxy	MHexadecimalДрукxy	existing-unreviewed		0
MUint16출력	MUnsignedinteger16Друк	MUnsignedinteger16Друк	existing-unreviewed		0
MUint16출력XY	MUnsignedinteger16Друкxy	MUnsignedinteger16Друкxy	existing-unreviewed		0
MUint32출력	MUnsignedinteger32Друк	MUnsignedinteger32Друк	existing-unreviewed		0
MUint32출력XY	MUnsignedinteger32Друкxy	MUnsignedinteger32Друкxy	existing-unreviewed		0
MUint64출력	MUnsignedinteger64Друк	MUnsignedinteger64Друк	existing-unreviewed		0
MUint64출력XY	MUnsignedinteger64Друкxy	MUnsignedinteger64Друкxy	existing-unreviewed		0
Machine	Machine	Machine	existing-unreviewed		0
MachineCheck	Machinecheck	Machinecheck	existing-unreviewed		0
MakeRangePrivateWritable	MakeДіяпазонЗакритаwritable	MakeДіяпазонЗакритаwritable	existing-unreviewed		0
Malloc	Malloc	Виділити_памʼять	project-proposal	allocate_memory	32
MemCmp	Memcmp	Memcmp	existing-unreviewed		0
MemCpy	MemКопіювати	MemКопіювати	existing-unreviewed		0
MemMove	MemПеремістити	MemПеремістити	existing-unreviewed		0
MemSet	Memмножина	Memмножина	existing-unreviewed		0
MemoryOper	Памятьoper	Памятьoper	existing-unreviewed		0
Mode	РЕЖИМ	РЕЖИМ	existing-unreviewed		0
ModelToScreen	МодельтоЕкран	Задати_локальні_координати	project-proposal	set_coordinates	5
Mtime	Mtime	Mtime	existing-unreviewed		0
MtimeNsec	Mtimensec	Mtimensec	existing-unreviewed		0
MyHandleInterrupt	MyЕлементкеруванняПереривання	MyЕлементкеруванняПереривання	existing-unreviewed		0
MyTest	MyТест	MyТест	existing-unreviewed		0
M긴급로그Hex8	MEmergencyЖурналhexadecimal8	MEmergencyЖурналhexadecimal8	existing-unreviewed		0
M긴급로그Uint32	MEmergencyЖурналunsignedinteger32	MEmergencyЖурналunsignedinteger32	existing-unreviewed		0
M긴급로그문자열	MEmergencyЖурналРядок	MEmergencyЖурналРядок	existing-unreviewed		0
M직렬로그초기화	MПослідовнийЖурналinit	MПослідовнийЖурналinit	existing-unreviewed		0
M출력	MДрук	MДрук	existing-unreviewed		0
M출력BytesXY	MДрукБайтxy	MДрукБайтxy	existing-unreviewed		0
M출력Hex	MДрукhexadecimal	MДрукhexadecimal	existing-unreviewed		0
M출력Uint16	MДрукunsignedinteger16	MДрукunsignedinteger16	existing-unreviewed		0
M출력Uint32	MДрукunsignedinteger32	MДрукunsignedinteger32	existing-unreviewed		0
M출력XY	MДрукxy	MДрукxy	existing-unreviewed		0
M테스트	M테스트	M테스트	existing-unreviewed		0
NMI	Морськамиля	Морськамиля	existing-unreviewed		0
New	Новий	Новий	existing-unreviewed		0
NewInterruptHandler	НовийПерериванняhandler	НовийПерериванняhandler	existing-unreviewed		0
Next	Наступне	Наступне	existing-unreviewed		0
Nlink	Nlink	Nlink	existing-unreviewed		0
Node	Вузол	TВузол_списку	project-proposal	list_node	16
Nodename	Nodename	Nodename	existing-unreviewed		0
OnEtherFrameReceived	EthernetБлокreceivewhen	EthernetБлокreceivewhen	existing-unreviewed		0
OnGetDriver	Увімкненоgetdriver	Увімкненоgetdriver	existing-unreviewed		0
OnInternetProtocolReceived	Інтернетprotocolreceivewhen	Інтернетprotocolreceivewhen	existing-unreviewed		0
OnKeyDown	УвімкненоКлючВниз	УвімкненоКлючВниз	existing-unreviewed		0
OnKeyUp	УвімкненоКлючВгору	УвімкненоКлючВгору	existing-unreviewed		0
OnMouseDown	УвімкненоМишаВниз	УвімкненоМишаВниз	existing-unreviewed		0
OnMouseMove	УвімкненоМишаПеремістити	УвімкненоМишаПеремістити	existing-unreviewed		0
OnMouseUp	УвімкненоМишаВгору	УвімкненоМишаВгору	existing-unreviewed		0
OnRawDataReceived	Увімкненоrawdatareceive	Увімкненоrawdatareceive	existing-unreviewed		0
OnTick	Увімкненоtick	Увімкненоtick	existing-unreviewed		0
Overflow	Overflow	Overflow	existing-unreviewed		0
P1LinkMap	PЗначення1Посиланняmap	PЗначення1Посиланняmap	existing-unreviewed		0
P2LinkMap	PЗначення2Посиланняmap	PЗначення2Посиланняmap	existing-unreviewed		0
P3LinkMap	PЗначення3Посиланняmap	PЗначення3Посиланняmap	existing-unreviewed		0
PAGE_COW	Сторінкаcow	Сторінкаcow	existing-unreviewed		0
PAGE_FRAME	СторінкаБлок	СторінкаБлок	existing-unreviewed		0
PAGE_PRESENT	СторінкаПрисутній	СторінкаПрисутній	existing-unreviewed		0
PAGE_USER	СторінкаКористувач	СторінкаКористувач	existing-unreviewed		0
PAGE_WRITABLE	Сторінкаwritable	Сторінкаwritable	existing-unreviewed		0
PAUSE_LOOP	Призупинитиloop	Призупинитиloop	existing-unreviewed		0
PICMasterCommandPort	PrimarypicКомандаВвідвивідПорт	PrimarypicКомандаВвідвивідПорт	existing-unreviewed		0
PICMasterDataPort	PrimarypicdataВвідвивідПорт	PrimarypicdataВвідвивідПорт	existing-unreviewed		0
PICSlaveCommandPort	SecondarypicКомандаВвідвивідПорт	SecondarypicКомандаВвідвивідПорт	existing-unreviewed		0
PICSlaveDataPort	SecondarypicdataВвідвивідПорт	SecondarypicdataВвідвивідПорт	existing-unreviewed		0
PRESENT	Присутній	Присутній	existing-unreviewed		0
PRIV_KERNEL	Privkernel	Privkernel	existing-unreviewed		0
PRIV_USER	PrivКористувач	PrivКористувач	existing-unreviewed		0
PROC_USER_HEAP_SIZE	ProcКористувачheapРозмір	ProcКористувачheapРозмір	existing-unreviewed		0
PageDirEntry	СторінкаТеказапис	СторінкаТеказапис	existing-unreviewed		0
PageDirectoryEntry	СторінкаТеказапис_2	СторінкаТеказапис_2	existing-unreviewed		0
PageFault	Сторінкаfault	Сторінкаfault	existing-unreviewed		0
PageFaultException	Сторінкаfaultexception	Сторінкаfaultexception	existing-unreviewed		0
PageRoundDown	СторінкаКолоВниз	СторінкаКолоВниз	existing-unreviewed		0
PageRoundUp	СторінкаКолоВгору	СторінкаКолоВгору	existing-unreviewed		0
PageTableEntry	СторінкаТаблицязапис	СторінкаТаблицязапис	existing-unreviewed		0
Paging	Paging	Paging	existing-unreviewed		0
ParentPid	БатькоІдентифікаторPID	БатькоІдентифікаторPID	existing-unreviewed		0
Parse	Parse	Parse	existing-unreviewed		0
Partition_id	PartitionІДЕНТИФІКАТОР	PartitionІДЕНТИФІКАТОР	existing-unreviewed		0
PhyMemTest	PhymemТест	PhymemТест	existing-unreviewed		0
PhysicalMemoryManager	PhysicalПамятьmanager	PhysicalПамятьmanager	existing-unreviewed		0
Pid	ІдентифікаторPID	ІдентифікаторPID	existing-unreviewed		0
Port	Порт	Порт	existing-unreviewed		0
PortBase	Портbase	Портbase	existing-unreviewed		0
PortInByte	ПортВхіднийbyte	ПортВхіднийbyte	existing-unreviewed		0
PortInDword	ПортВхіднийdword	ПортВхіднийdword	existing-unreviewed		0
PortInWord	ПортВхіднийслово	ПортВхіднийслово	existing-unreviewed		0
PortOutByte	ПортВихіднийbyte	ПортВихіднийbyte	existing-unreviewed		0
PortOutDword	ПортВихіднийdword	ПортВихіднийdword	existing-unreviewed		0
PortOutWord	ПортВихіднийслово	ПортВихіднийслово	existing-unreviewed		0
PortReadByte	ПортЧитанняbyte	ПортЧитанняbyte	existing-unreviewed		0
PortReadDword	ПортЧитанняdword	ПортЧитанняdword	existing-unreviewed		0
PortReadWord	ПортЧитанняслово	ПортЧитанняслово	existing-unreviewed		0
PortWriteByte	ПортЗаписbyte	ПортЗаписbyte	existing-unreviewed		0
PortWriteDword	ПортЗаписdword	ПортЗаписdword	existing-unreviewed		0
PortWriteWord	ПортЗаписслово	ПортЗаписслово	existing-unreviewed		0
Prev	Previous	Previous	existing-unreviewed		0
PrevTSS	Previoustss	Previoustss	existing-unreviewed		0
PrimaryPartition	Primarypartition	Primarypartition	existing-unreviewed		0
Print	Друк	Друк	existing-unreviewed		0
PrintBytes	ДрукБайт	ДрукБайт	existing-unreviewed		0
PrintStr	Друкstr	Друкstr	existing-unreviewed		0
PrintTLS	Друкtls	Друкtls	existing-unreviewed		0
PrintTest	ДрукТест	ДрукТест	existing-unreviewed		0
Process	Процеси	Процеси	existing-unreviewed		0
ProcessHelper	Процесиhelper	Процесиhelper	existing-unreviewed		0
ProcessPendingKeyboardEvents	ПроцесиpendingКлавіатураПодії	ПроцесиpendingКлавіатураПодії	existing-unreviewed		0
ProcessPendingMouseEvents	ПроцесиpendingМишаПодії	ПроцесиpendingМишаПодії	existing-unreviewed		0
PushAt	Pushat	Вставити_за_індексом	project-proposal	insert_at	1
PushBack	PushНазад	Додати_в_кінець_списку	project-proposal	append	12
PushFront	PushПередні	Додати_на_початок_списку	project-proposal	prepend	5
PutPixel	Putpixel	Putpixel	existing-unreviewed		0
PutPixelRGB	Putpixelrgb	Putpixelrgb	existing-unreviewed		0
QUEUE_START_ADDR	QueueЗапуститиАдреса	QueueЗапуститиАдреса	existing-unreviewed		0
Rdev	Rdev	Rdev	existing-unreviewed		0
Read	Читання	Читання	existing-unreviewed		0
Read28	Читання28	Читання28	existing-unreviewed		0
ReadFile	ЧитанняФайл	Прочитати_файл	project-proposal	file_read	7
ReadPartitions	Читанняpartition	Читанняpartition	existing-unreviewed		0
Ready	Готово	Готово	existing-unreviewed		0
Receive	Receive	Receive	existing-unreviewed		0
Ref	Reference	Reference	existing-unreviewed		0
Release	Release	Release	existing-unreviewed		0
ReloadCR3	Перезавантажитиcr3	Перезавантажитиcr3	existing-unreviewed		0
Remove	Вилучити_2	Вилучити_2	existing-unreviewed		0
RemoveAt	Вилучитиat	Вилучитиat	existing-unreviewed		0
RemoveThread	Вилучитиthread	Вилучитиthread	existing-unreviewed		0
RemoveThreadAt	Вилучитиthreadat	Вилучитиthreadat	existing-unreviewed		0
RequestMacAddress	RequestmacАдреса	RequestmacАдреса	existing-unreviewed		0
Reset	Скинути	Скинути	existing-unreviewed		0
Resolve	Resolve	Resolve	existing-unreviewed		0
ResolveCopyOnWriteFault	ResolveКопіюватиУвімкненоЗаписfault	ResolveКопіюватиУвімкненоЗаписfault	existing-unreviewed		0
SCHEDULER_FREQUENCY	SchedulerЧастота	SchedulerЧастота	existing-unreviewed		0
SEG_BIG_MODE	SegbigРЕЖИМ	SegbigРЕЖИМ	existing-unreviewed		0
SEG_EXEC	SegВиконати	SegВиконати	existing-unreviewed		0
SEG_GRAN_4K_PAGE	Seggran4kСторінка	Seggran4kСторінка	existing-unreviewed		0
SEG_GRAN_BYTE	Seggranbyte	Seggranbyte	existing-unreviewed		0
SEG_KERNEL_CODE	Segkernelcode	Segkernelcode	existing-unreviewed		0
SEG_KERNEL_DATA	Segkerneldata	Segkerneldata	existing-unreviewed		0
SEG_KERNEL_GS	Segkernelgs	Segkernelgs	existing-unreviewed		0
SEG_NOEXEC	Segnoexec	Segnoexec	existing-unreviewed		0
SEG_NORMAL	SegЗвичайний	SegЗвичайний	existing-unreviewed		0
SEG_NORW	Segnorw	Segnorw	existing-unreviewed		0
SEG_R	Segr	Segr	existing-unreviewed		0
SEG_SYSTEM	SegСистема	SegСистема	existing-unreviewed		0
SEG_TASK_STATE	SegЗадачаСтан	SegЗадачаСтан	existing-unreviewed		0
SEG_USER_CODE	SegКористувачcode	SegКористувачcode	existing-unreviewed		0
SEG_USER_DATA	SegКористувачdata	SegКористувачdata	existing-unreviewed		0
SEG_USER_GS	SegКористувачgs	SegКористувачgs	existing-unreviewed		0
SEG_W	Segw	Segw	existing-unreviewed		0
SIMDFloatingPointException	Simdплаваючеpointexception	Simdплаваючеpointexception	existing-unreviewed		0
SIZE	Розмір	Розмір	existing-unreviewed		0
SYS_ACCESS	Sysдоступ	Sysдоступ	existing-unreviewed		0
SYS_BRK	Sysbrk	Sysbrk	existing-unreviewed		0
SYS_CHDIR	Syschdir	Syschdir	existing-unreviewed		0
SYS_CLOSE	SysЗакрити	SysЗакрити	existing-unreviewed		0
SYS_CREAT	Syscreat	Syscreat	existing-unreviewed		0
SYS_DUP	Sysdup	Sysdup	existing-unreviewed		0
SYS_DUP2	Sysdup2	Sysdup2	existing-unreviewed		0
SYS_EXECVE	Sysexecve	Sysexecve	existing-unreviewed		0
SYS_EXIT	SysВийти	SysВийти	existing-unreviewed		0
SYS_FCNTL	Sysfcntl	Sysfcntl	existing-unreviewed		0
SYS_FORK	Sysfork	Sysfork	existing-unreviewed		0
SYS_FSTAT	Sysfstat	Sysfstat	existing-unreviewed		0
SYS_FSYNC	Sysfsync	Sysfsync	existing-unreviewed		0
SYS_GETCWD	Sysgetcwd	Sysgetcwd	existing-unreviewed		0
SYS_GETEGID	Sysgetegid	Sysgetegid	existing-unreviewed		0
SYS_GETEUID	Sysgeteuid	Sysgeteuid	existing-unreviewed		0
SYS_GETGID	Sysgetgid	Sysgetgid	existing-unreviewed		0
SYS_GETPID	Sysgetpid	Sysgetpid	existing-unreviewed		0
SYS_GETPPID	Sysgetppid	Sysgetppid	existing-unreviewed		0
SYS_GETUID	Sysgetuid	Sysgetuid	existing-unreviewed		0
SYS_LSEEK	Syslseek	Syslseek	existing-unreviewed		0
SYS_LSTAT	Syslstat	Syslstat	existing-unreviewed		0
SYS_OPEN	SysВідкрити	SysВідкрити	existing-unreviewed		0
SYS_READ	SysЧитання	SysЧитання	existing-unreviewed		0
SYS_RT_EXIT	SysrtВийти	SysrtВийти	existing-unreviewed		0
SYS_SOCKETCALL	Syssocketcall	Syssocketcall	existing-unreviewed		0
SYS_STAT	Sysstat	Sysstat	existing-unreviewed		0
SYS_SYNC	Syssync	Syssync	existing-unreviewed		0
SYS_UNAME	Sysuname	Sysuname	existing-unreviewed		0
SYS_WAITPID	Syswaitpid	Syswaitpid	existing-unreviewed		0
SYS_WRITE	SysЗапис	SysЗапис	existing-unreviewed		0
Schedule	Schedule	Schedule	existing-unreviewed		0
Scheduler	Scheduler	Scheduler	existing-unreviewed		0
SchedulerData	Schedulerdata	Schedulerdata	existing-unreviewed		0
SegmentNotPresent	SegmentnotПрисутній	SegmentnotПрисутній	existing-unreviewed		0
SelectDrivers	Виділитиdriver	Виділитиdriver	existing-unreviewed		0
Send	Надіслати	Надіслати	existing-unreviewed		0
SendEchoRequest	EchorequestНадіслати	EchorequestНадіслати	existing-unreviewed		0
SendFrame	БлокНадіслати	БлокНадіслати	existing-unreviewed		0
SerialInit	Послідовнийinit	Послідовнийinit	existing-unreviewed		0
SerialWriteByte	ПослідовнийЗаписbyte	ПослідовнийЗаписbyte	existing-unreviewed		0
SetBackend	Множинаbackend	Множинаbackend	existing-unreviewed		0
SetBit	Множинабіт	Множинабіт	existing-unreviewed		0
SetBlockInPageDir	МножинаБлокВхіднийСторінкаТека	МножинаБлокВхіднийСторінкаТека	existing-unreviewed		0
SetBuffer	Множинаbuffer	Множинаbuffer	existing-unreviewed		0
SetByteAtAddr	МножинаbyteatАдреса	МножинаbyteatАдреса	existing-unreviewed		0
SetByteInPageDir	МножинаbyteВхіднийСторінкаТека	МножинаbyteВхіднийСторінкаТека	existing-unreviewed		0
SetCR3	Множинаcr3	Множинаcr3	existing-unreviewed		0
SetColor	МножинаКолір	МножинаКолір	existing-unreviewed		0
SetDescriptor	Множинаdescriptor	Множинаdescriptor	existing-unreviewed		0
SetHandleInterruptFuction	МножинаЕлементкеруванняПерериванняfuction	МножинаЕлементкеруванняПерериванняfuction	existing-unreviewed		0
SetHandler	Множинаhandler	Множинаhandler	existing-unreviewed		0
SetIPAddress	МножинаipАдреса	МножинаipАдреса	existing-unreviewed		0
SetInterruptDescriptorTableEntry	ПерериванняdescriptorТаблицязаписмножина	ПерериванняdescriptorТаблицязаписмножина	existing-unreviewed		0
SetInterruptManager	МножинаПерериванняmanager	МножинаПерериванняmanager	existing-unreviewed		0
SetInterruptNumber	МножинаПерериванняЧисло	МножинаПерериванняЧисло	existing-unreviewed		0
SetMode	МножинаРЕЖИМ	МножинаРЕЖИМ	existing-unreviewed		0
SetNodeAt	МножинаВузолat	МножинаВузолat	existing-unreviewed		0
SetStack	Множинаstack	Множинаstack	existing-unreviewed		0
SetTlsSegment	Множинаtlssegment	Множинаtlssegment	existing-unreviewed		0
SetUint32AtAddr	Множинаunsignedinteger32atАдреса	Множинаunsignedinteger32atАдреса	existing-unreviewed		0
SetUint32InPageDir	Множинаunsignedinteger32ВхіднийСторінкаТека	Множинаunsignedinteger32ВхіднийСторінкаТека	existing-unreviewed		0
SetUint8AtAddr	Множинаunsignedinteger8atАдреса	Множинаunsignedinteger8atАдреса	existing-unreviewed		0
SharedMemoryRegion	SharedПамятьregion	SharedПамятьregion	existing-unreviewed		0
Size	Розмір_2	Розмір_2	existing-unreviewed		0
Spawn	Spawn	Spawn	existing-unreviewed		0
Ss	Ss	Ss	existing-unreviewed		0
Stack	Stack	Stack	existing-unreviewed		0
StackSegmentFault	Stacksegmentfault	Stacksegmentfault	existing-unreviewed		0
Start_lba	Запуститиlba	Запуститиlba	existing-unreviewed		0
Started	Запущено	Запущено	existing-unreviewed		0
StdinPutByte	Stdinputbyte	Stdinputbyte	existing-unreviewed		0
StopCurrentThread	ЗупинитиПоточнаthread	ЗупинитиПоточнаthread	existing-unreviewed		0
Stopped	Зупинено	Зупинено	existing-unreviewed		0
SubnetMask	SubnetМаска	SubnetМаска	existing-unreviewed		0
SupportMode	ПідтримкаРЕЖИМ	ПідтримкаРЕЖИМ	existing-unreviewed		0
Sys_brk	Sysbrk_2	Sysbrk_2	existing-unreviewed		0
Sys_close	SysЗакрити_2	SysЗакрити_2	existing-unreviewed		0
Sys_exit	SysВийти_2	SysВийти_2	existing-unreviewed		0
Sys_getpid	Sysgetpid_2	Sysgetpid_2	existing-unreviewed		0
Sys_mousemove	Sysmousemove	Sysmousemove	existing-unreviewed		0
Sys_open	SysВідкрити_2	SysВідкрити_2	existing-unreviewed		0
Sys_printStr	SysДрукstr	SysДрукstr	existing-unreviewed		0
Sys_printUint32	SysДрукunsignedinteger32	SysДрукunsignedinteger32	existing-unreviewed		0
Sys_printf	Sysprintf	Sysprintf	existing-unreviewed		0
Sys_read	SysЧитання_2	SysЧитання_2	existing-unreviewed		0
Syscall	Syscall	Syscall	existing-unreviewed		0
Sysname	Sysname	Sysname	existing-unreviewed		0
TARPEtherFrameHandler	ArpethernetБлокhandler	ArpethernetБлокhandler	existing-unreviewed		0
TARPMessage	ArpПовідомлення	ArpПовідомлення	existing-unreviewed		0
TARPMessageBuffer	ArpПовідомленняbuffer	ArpПовідомленняbuffer	existing-unreviewed		0
TARPProvider	Arpprovider	Arpprovider	existing-unreviewed		0
TAdvancedTechnologyAttachment	TДодатковоТехнологіяattachment	TДодатковоТехнологіяattachment	existing-unreviewed		0
TArray	TМасив	TМасив	existing-unreviewed		0
TBaseAddressRegister	TBaseАдресаregister	TBaseАдресаregister	existing-unreviewed		0
TBiosParameterBlock32	TBiosparameterБлок32	TПараметри_файлової_системи32	project-proposal	fat_parameters	11
TBufferDescriptor	TBufferdescriptor	TBufferdescriptor	existing-unreviewed		0
TCOWFrameManager	TcowБлокmanager	TcowБлокmanager	existing-unreviewed		0
TCPUState	TcpuСтан	TcpuСтан	existing-unreviewed		0
TDefaultKeyboardEventHandler	TТиповийКлавіатураПодіяhandler	TТиповийКлавіатураПодіяhandler	existing-unreviewed		0
TDefaultMouseEventHandler	TТиповийМишаПодіяhandler	TТиповийМишаПодіяhandler	existing-unreviewed		0
TDefaultPCIControllerHandler	TТиповийpciКонтролерhandler	TТиповийpciКонтролерhandler	existing-unreviewed		0
TDefaultTimerEventHandler	TТиповийТаймерПодіяhandler	TТиповийТаймерПодіяhandler	existing-unreviewed		0
TDirectoryEntryFat32	TТеказаписfat32	TТеказаписfat32	existing-unreviewed		0
TDriverManager	TDrivermanager	TDrivermanager	existing-unreviewed		0
TEtherFrameHandler	TEthernetБлокhandler	TEthernetБлокhandler	existing-unreviewed		0
TEtherFrameHeader	TEthernetБлокheader	TЗаголовок_кадру_мережі_зі_спільним_середовищем	project-proposal	ethernet_header	8
TEtherFrameHeaderBuffer	TEthernetБлокheaderbuffer	TEthernetБлокheaderbuffer	existing-unreviewed		0
TEtherFrameProvider	TEthernetБлокprovider	TПостачальник_кадрів_мережі_зі_спільним_середовищем	project-proposal	ethernet_provider	20
TEtherFrameRawDataHandler	TEthernetБлокrawdatahandler	TEthernetБлокrawdatahandler	existing-unreviewed		0
TGateDescriptor	TGatedescriptor	TGatedescriptor	existing-unreviewed		0
THREAD_STACK_SIZE	ThreadstackРозмір	ThreadstackРозмір	existing-unreviewed		0
TICMPHandler	Icmphandler	Icmphandler	existing-unreviewed		0
TIPEtherFrameHandler	IpethernetБлокhandler	IpethernetБлокhandler	existing-unreviewed		0
TInitializationBlock	TInitializationБлок	TInitializationБлок	existing-unreviewed		0
TInternetControlMessageProtocol	TІнтернетКонтрольПовідомленняprotocol	TПротокол_керувальних_повідомлень_обʼєднаної_мережі	project-proposal	icmp	5
TInternetControlMessageProtocolMessage	TІнтернетКонтрольПовідомленняprotocolПовідомлення	TІнтернетКонтрольПовідомленняprotocolПовідомлення	existing-unreviewed		0
TInternetControlMessageProtocolMessageBuffer	TІнтернетКонтрольПовідомленняprotocolПовідомленняbuffer	TІнтернетКонтрольПовідомленняprotocolПовідомленняbuffer	existing-unreviewed		0
TInternetProtocolHandler	TІнтернетprotocolhandler	TІнтернетprotocolhandler	existing-unreviewed		0
TInternetProtocolProvider	TІнтернетprotocolprovider	TПостачальник_протоколу_обʼєднаної_мережі	project-proposal	ip_provider	14
TInternetProtocolV4Message	TІнтернетprotocolv4Повідомлення	TІнтернетprotocolv4Повідомлення	existing-unreviewed		0
TInternetProtocolV4MessageBuffer	TІнтернетprotocolv4Повідомленняbuffer	TІнтернетprotocolv4Повідомленняbuffer	existing-unreviewed		0
TInterruptDescriptorTablePointer	TПерериванняdescriptorТаблицяВказівник	TПерериванняdescriptorТаблицяВказівник	existing-unreviewed		0
TInterruptHandler	TПерериванняhandler	TПерериванняhandler	existing-unreviewed		0
TInterruptManager	TПерериванняmanager	TПерериванняmanager	existing-unreviewed		0
TKeyboardDriver	TКлавіатураdriver	TКлавіатураdriver	existing-unreviewed		0
TLS_START	TlsЗапустити	TlsЗапустити	existing-unreviewed		0
TMSDOSPartitionTable	TmsdospartitionТаблиця	TmsdospartitionТаблиця	existing-unreviewed		0
TMasterBootRecord	TГоловнийbootЗапис	TГоловний_завантажувальний_запис	project-proposal	boot_record	3
TMemoryChunk	TПамятьchunk	TПамятьchunk	existing-unreviewed		0
TMemoryManager	TПамятьmanager	TПамятьmanager	existing-unreviewed		0
TMouseDriver	TМишаdriver	TМишаdriver	existing-unreviewed		0
TMyKeyboardEventHandler	TMyКлавіатураПодіяhandler	TMyКлавіатураПодіяhandler	existing-unreviewed		0
TMyMouseEventHandler	TMyМишаПодіяhandler	TMyМишаПодіяhandler	existing-unreviewed		0
TMyPCIControllerHandler	TMypciКонтролерhandler	TMypciКонтролерhandler	existing-unreviewed		0
TPartitionTableEntry	TPartitionТаблицязапис	TPartitionТаблицязапис	existing-unreviewed		0
TPeripheralComponentInterconnectController	TPeripheralcomponentinterconnectКонтролер	TPeripheralcomponentinterconnectКонтролер	existing-unreviewed		0
TPeripheralComponentInterconnectDeviceDescriptor	TPeripheralcomponentinterconnectПристрійdescriptor	TPeripheralcomponentinterconnectПристрійdescriptor	existing-unreviewed		0
TPort	TПорт	TПорт	existing-unreviewed		0
TPort16Bit	TПорт16біт	TПорт16біт	existing-unreviewed		0
TPort32Bit	TПорт32біт	TПорт32біт	existing-unreviewed		0
TPort8Bit	TПорт8біт	TПорт8біт	existing-unreviewed		0
TRawDataHandler	TRawdatahandler	TRawdatahandler	existing-unreviewed		0
TSSEntry	Tssзапис	Tssзапис	existing-unreviewed		0
TSyscall	TSyscall	TSyscall	existing-unreviewed		0
TTask	TЗадача	TЗадача	existing-unreviewed		0
TThread	TThread	TThread	existing-unreviewed		0
TThreadHelper	TThreadhelper	TThreadhelper	existing-unreviewed		0
TTimerDriver	TТаймерdriver	TТаймерdriver	existing-unreviewed		0
TUserDatagramProtocolHandler	TКористувачdatagramprotocolhandler	TКористувачdatagramprotocolhandler	existing-unreviewed		0
TUserDatagramProtocolHeader	TКористувачdatagramprotocolheader	TЗаголовок_користувацької_датаграми	project-proposal	udp_header	5
TUserDatagramProtocolHeaderBuffer	TКористувачdatagramprotocolheaderbuffer	TКористувачdatagramprotocolheaderbuffer	existing-unreviewed		0
TUserDatagramProtocolProvider	TКористувачdatagramprotocolprovider	TКористувачdatagramprotocolprovider	existing-unreviewed		0
TUserDatagramProtocolSocket	TКористувачdatagramprotocolСокет	TКінцева_точка_користувацьких_датаграм	project-proposal	udp_socket	17
TVideoGraphicsArray	TВідеоГрафікаМасив	TВідеоГрафікаМасив	existing-unreviewed		0
TWidget	TВіджет	TЕлемент_екрана	project-proposal	widget	9
TWidgetMouseEventHandler	TВіджетМишаПодіяhandler	TВіджетМишаПодіяhandler	existing-unreviewed		0
Tamd_am79c973	Tamdam79c973	Tamdam79c973	existing-unreviewed		0
Test	Тест	Тест	existing-unreviewed		0
TestBit	Тестбіт	Тестбіт	existing-unreviewed		0
TestPrint	ТестДрук	ТестДрук	existing-unreviewed		0
Thread	Thread	Thread	existing-unreviewed		0
ThreadList	ThreadПерелік	ThreadПерелік	existing-unreviewed		0
ThreadState	ThreadСтан	ThreadСтан	existing-unreviewed		0
Threads	Threads	Threads	existing-unreviewed		0
TlsSegments	Tlssegments	Tlssegments	existing-unreviewed		0
TotalBlocks	УсьогоБлок	УсьогоБлок	existing-unreviewed		0
Type	Тип	Тип	existing-unreviewed		0
TypeTest	ТипТест	ТипТест	existing-unreviewed		0
T공용서술자테이블	TShareddescriptorТаблиця	TShareddescriptorТаблиця	existing-unreviewed		0
T공용서술자테이블_자료	TShareddescriptorТаблицяdata	TShareddescriptorТаблицяdata	existing-unreviewed		0
T작업관리자	TЗадачаmanager	TЗадачаmanager	existing-unreviewed		0
T조각설명자	TSegmentdescriptor	TSegmentdescriptor	existing-unreviewed		0
T콘솔	TКонсоль	TКонсоль	existing-unreviewed		0
T함수1	TФункція1	TФункція1	existing-unreviewed		0
UDESC_32SEG	Udesc32seg	Udesc32seg	existing-unreviewed		0
UDESC_CONTENTS	UdescЗміст	UdescЗміст	existing-unreviewed		0
UDESC_LIMIT_IN_PAGES	UdescОбмеженняВхіднийСторінки	UdescОбмеженняВхіднийСторінки	existing-unreviewed		0
UDESC_RX_ONLY	Udescrxonly	Udescrxonly	existing-unreviewed		0
UDESC_SEG_NOT_PRESENT	UdescsegnotПрисутній	UdescsegnotПрисутній	existing-unreviewed		0
UDESC_USABLE	Udescusable	Udescusable	existing-unreviewed		0
USER_STACK	Користувачstack	Користувачstack	existing-unreviewed		0
USER_STACK_SIZE	КористувачstackРозмір	КористувачstackРозмір	existing-unreviewed		0
USER_STACK_TOP	КористувачstackЗверху	КористувачstackЗверху	existing-unreviewed		0
Uid	Uid	Uid	existing-unreviewed		0
Uint16ToArray	Unsignedinteger16тоМасив	Unsignedinteger16тоМасив	existing-unreviewed		0
Uint16ToArray_BE	Unsignedinteger16тоМасивbe	Unsignedinteger16тоМасивbe	existing-unreviewed		0
Uint16_R	Unsignedinteger16r	Unsignedinteger16r	existing-unreviewed		0
Uint32ToArray	Unsignedinteger32тоМасив	Unsignedinteger32тоМасив	existing-unreviewed		0
Uint32_R	Unsignedinteger32r	Unsignedinteger32r	existing-unreviewed		0
Uint48ToArray	Unsignedinteger48тоМасив	Unsignedinteger48тоМасив	existing-unreviewed		0
Uint48ToArray_BE	Unsignedinteger48тоМасивbe	Unsignedinteger48тоМасивbe	existing-unreviewed		0
Uint48_R	Unsignedinteger48r	Unsignedinteger48r	existing-unreviewed		0
Uint64ToArray	Unsignedinteger64тоМасив	Unsignedinteger64тоМасив	existing-unreviewed		0
Uint64_R	Unsignedinteger64r	Unsignedinteger64r	existing-unreviewed		0
UnhandleInterrupt	UnhandleПереривання	UnhandleПереривання	existing-unreviewed		0
UnsetBit	Незаданобіт	Інвертувати_біт_зайнятості	project-proposal	toggle_bit	1
UsedBlocks	ВикористаноБлок	ВикористаноБлок	existing-unreviewed		0
UserDesc	Користувачdescriptor	Користувачdescriptor	existing-unreviewed		0
UserStack	Користувачstack_2	Користувачstack_2	existing-unreviewed		0
UserStackSize	КористувачstackРозмір_2	КористувачstackРозмір_2	existing-unreviewed		0
Vendor_id	ВиробникІДЕНТИФІКАТОР	ВиробникІДЕНТИФІКАТОР	existing-unreviewed		0
Version	Версія	Версія	existing-unreviewed		0
VirtTest	VirtТест	VirtТест	existing-unreviewed		0
Write	Запис	Запис	existing-unreviewed		0
Write28	Запис28	Запис28	existing-unreviewed		0
WriteRegisters	Записregister	Записregister	existing-unreviewed		0
X	X	X	existing-unreviewed		0
Y	Y	Y	existing-unreviewed		0
Zero	Нуль	Нуль	existing-unreviewed		0
ZeroBlockInPageDir	НульБлокВхіднийСторінкаТека	НульБлокВхіднийСторінкаТека	existing-unreviewed		0
a	a	a	existing-unreviewed		0
aTime	aЧас	aЧас	existing-unreviewed		0
access	доступ	доступ	existing-unreviewed		0
accessMode	доступРЕЖИМ	доступРЕЖИМ	existing-unreviewed		0
ack	ack	ack	existing-unreviewed		0
activeKeyboardDriver	активнийКлавіатураdriver	активнийКлавіатураdriver	existing-unreviewed		0
activeMouseDriver	активнийМишаdriver	активнийМишаdriver	existing-unreviewed		0
addr	адреса	адреса	existing-unreviewed		0
addrPtr	адресаВказівник	адресаВказівник	existing-unreviewed		0
address	адреса_2	адреса_2	existing-unreviewed		0
addressError	адресаПомилка	адресаПомилка	existing-unreviewed		0
afInet	afinet	afinet	existing-unreviewed		0
allocFD	allocatefd	allocatefd	existing-unreviewed		0
allocOpenFile	allocateВідкритиФайл	allocateВідкритиФайл	existing-unreviewed		0
allocProcess	allocateПроцеси	allocateПроцеси	existing-unreviewed		0
allocateSocket	allocateСокет	allocateСокет	existing-unreviewed		0
allocated	allocated	allocated	existing-unreviewed		0
amd_am79c973	amdam79c973	amdam79c973	existing-unreviewed		0
args	аргументи	аргументи	existing-unreviewed		0
argument	argument	argument	existing-unreviewed		0
argumentPointers	argumentpointers	argumentpointers	existing-unreviewed		0
arguments	аргументи_2	аргументи_2	existing-unreviewed		0
arp	arp	arp	existing-unreviewed		0
arpBuffer	arpbuffer	arpbuffer	existing-unreviewed		0
arpMesgSize	arpmesgРозмір	arpmesgРозмір	existing-unreviewed		0
arpProvider	arpprovider	arpprovider	existing-unreviewed		0
arp콘솔	arpКонсоль	arpКонсоль	existing-unreviewed		0
array	масив	масив	existing-unreviewed		0
ata	ата	ата	existing-unreviewed		0
ata0s	ата0s	ата0s	existing-unreviewed		0
attempts	attempts	attempts	existing-unreviewed		0
attr	ознака	ознака	existing-unreviewed		0
attributeControllerIndexPort	ознакаКонтролерІндексПорт	ознакаКонтролерІндексПорт	existing-unreviewed		0
attributeControllerReadPort	ознакаКонтролерЧитанняПорт	ознакаКонтролерЧитанняПорт	existing-unreviewed		0
attributeControllerResetPort	ознакаКонтролерСкинутиПорт	ознакаКонтролерСкинутиПорт	existing-unreviewed		0
attributeControllerWritePort	ознакаКонтролерЗаписПорт	ознакаКонтролерЗаписПорт	existing-unreviewed		0
attributes	атрибути	атрибути	existing-unreviewed		0
aux	aux	aux	existing-unreviewed		0
avail	доступно	доступно	existing-unreviewed		0
b	b	b	existing-unreviewed		0
backend	backend	backend	existing-unreviewed		0
backupFpRegs	backupfpregs	backupfpregs	existing-unreviewed		0
backupSector	backupsector	backupsector	existing-unreviewed		0
bar	бар	бар	existing-unreviewed		0
barNum	барЧисло	барЧисло	existing-unreviewed		0
bar_value	барЗначення	барЗначення	existing-unreviewed		0
base	base	base	existing-unreviewed		0
baseCode	basecode	basecode	existing-unreviewed		0
baseHigh	baseВисокий	baseВисокий	existing-unreviewed		0
baseLow	baseНизька	baseНизька	existing-unreviewed		0
baseMid	basemid	basemid	existing-unreviewed		0
base_addr_high	baseАдресаВисокий	baseАдресаВисокий	existing-unreviewed		0
base_addr_low	baseАдресаНизька	baseАдресаНизька	existing-unreviewed		0
bh	bh	bh	existing-unreviewed		0
bindEphemeral	повязатиephemeral	повязатиephemeral	existing-unreviewed		0
bindError	повязатиПомилка	повязатиПомилка	existing-unreviewed		0
bios	bios	bios	existing-unreviewed		0
bit	біт	біт	existing-unreviewed		0
bitmap	bitmap	карта_зайнятості	project-proposal	bitmap	2
bootSignature	bootsignature	bootsignature	existing-unreviewed		0
bootable	bootable	bootable	existing-unreviewed		0
bootloader	bootloader	bootloader	existing-unreviewed		0
bound	bound	bound	existing-unreviewed		0
bpb	bpb	параметри_файлової_системи	project-proposal	fat_parameters	16
bpbBytes	bpbБайт	bpbБайт	existing-unreviewed		0
bpbPtr	bpbВказівник	bpbВказівник	existing-unreviewed		0
buf	buffer	buffer	existing-unreviewed		0
buf1	buffer1	buffer1	existing-unreviewed		0
buf2	buffer2	buffer2	existing-unreviewed		0
buf3	buffer3	buffer3	existing-unreviewed		0
buf4	buffer4	buffer4	existing-unreviewed		0
buf6	buffer6	buffer6	existing-unreviewed		0
buffer	buffer_2	buffer_2	existing-unreviewed		0
buffer1	buffer1_2	buffer1_2	existing-unreviewed		0
buffer2	buffer2_2	buffer2_2	existing-unreviewed		0
bufferAddr	bufferАдреса	bufferАдреса	existing-unreviewed		0
bufferAddress	bufferАдреса_2	bufferАдреса_2	existing-unreviewed		0
bufptr	bufferВказівник	bufferВказівник	existing-unreviewed		0
bus	bus	bus	existing-unreviewed		0
busControlRegisterDataPort	busКонтрольregisterdataПорт	busКонтрольregisterdataПорт	existing-unreviewed		0
button	кнопка	кнопка	existing-unreviewed		0
buttons	кнопка_2	кнопка_2	existing-unreviewed		0
bytesPerSector	байтpersector	байтpersector	existing-unreviewed		0
c	c	c	existing-unreviewed		0
cDate	cДата	cДата	existing-unreviewed		0
cTime	cЧас	cЧас	existing-unreviewed		0
cTimeTenth	cЧасtenth	cЧасtenth	existing-unreviewed		0
call	call	call	existing-unreviewed		0
candidate	candidate	candidate	existing-unreviewed		0
cap	cap	cap	existing-unreviewed		0
char	char	char	existing-unreviewed		0
checked	checked	checked	existing-unreviewed		0
checksum	checksum	checksum	existing-unreviewed		0
child	дочірнійобєкт	дочірнійобєкт	existing-unreviewed		0
childPID	дочірнійобєктІдентифікаторPID	дочірнійобєктІдентифікаторPID	existing-unreviewed		0
childPageDir	дочірнійобєктСторінкаТека	дочірнійобєктСторінкаТека	existing-unreviewed		0
chunk	chunk	chunk	existing-unreviewed		0
class_id	класІДЕНТИФІКАТОР	класІДЕНТИФІКАТОР	existing-unreviewed		0
closeAllProcessFDs	закритиВсіПроцесиfds	закритиВсіПроцесиfds	existing-unreviewed		0
closeOnExec	закритиУвімкненоВиконати	закритиУвімкненоВиконати	existing-unreviewed		0
closeProcessFD	закритиПроцесиfd	закритиПроцесиfd	existing-unreviewed		0
code	code	code	existing-unreviewed		0
code1Ptr	code1Вказівник	code1Вказівник	existing-unreviewed		0
code1ptr	code1Вказівник_2	code1Вказівник_2	existing-unreviewed		0
code2Ptr	code2Вказівник	code2Вказівник	existing-unreviewed		0
code3Ptr	code3Вказівник	code3Вказівник	existing-unreviewed		0
codeSegment	codesegment	codesegment	existing-unreviewed		0
colorIndex	колірІндекс	колірІндекс	existing-unreviewed		0
colordepth	колірdepth	колірdepth	existing-unreviewed		0
command	команда	команда	existing-unreviewed		0
commandPort	командаПорт	командаПорт	existing-unreviewed		0
commandport	командаПорт_2	командаПорт_2	existing-unreviewed		0
common	звичайний	звичайний	existing-unreviewed		0
connected	connected	connected	existing-unreviewed		0
console	консоль	консоль	existing-unreviewed		0
controlPort	контрольПорт	контрольПорт	existing-unreviewed		0
copyExecVector	копіюватиВиконатиvector	копіюватиВиконатиvector	existing-unreviewed		0
copyLength	копіюватиДовжина	копіюватиДовжина	existing-unreviewed		0
copyPageDir	копіюватиСторінкаТека	копіюватиСторінкаТека	existing-unreviewed		0
copyPath	копіюватиШЛЯХ	копіюватиШЛЯХ	existing-unreviewed		0
copySocketName	копіюватиСокетНазва	копіюватиСокетНазва	existing-unreviewed		0
copyUtsField	копіюватиutsполе	копіюватиutsполе	existing-unreviewed		0
count	відлік	відлік	existing-unreviewed		0
count2	відлік2	відлік2	existing-unreviewed		0
cowFrameManager	cowБлокmanager	cowБлокmanager	existing-unreviewed		0
cpu	процесор	процесор	existing-unreviewed		0
cpustate	процесорСтан	процесорСтан	existing-unreviewed		0
cr0	cr0	cr0	existing-unreviewed		0
cr3	cr3	cr3	existing-unreviewed		0
cr4	cr4	cr4	existing-unreviewed		0
crtcDataPort	crtcdataПорт	crtcdataПорт	existing-unreviewed		0
crtcIndexPort	crtcІндексПорт	crtcІндексПорт	existing-unreviewed		0
cs	cs	cs	existing-unreviewed		0
currentRecvBuffer	поточнаrecvbuffer	поточнаrecvbuffer	existing-unreviewed		0
currentSendBuffer	поточнаНадіслатиbuffer	поточнаНадіслатиbuffer	existing-unreviewed		0
currentTask	поточнаЗадача	поточнаЗадача	existing-unreviewed		0
currentThread	поточнаthread	поточнаthread	existing-unreviewed		0
currentThreadIndex	поточнаthreadІндекс	поточнаthreadІндекс	existing-unreviewed		0
cursorHeight	курсорВисота	курсорВисота	existing-unreviewed		0
cursorStart	курсорЗапустити	курсорЗапустити	existing-unreviewed		0
d_tag	dМітка	dМітка	existing-unreviewed		0
d_val_ptr	dvalВказівник	dvalВказівник	existing-unreviewed		0
data	data	data	existing-unreviewed		0
dataBuf	databuffer	databuffer	existing-unreviewed		0
dataBytes	dataБайт	dataБайт	existing-unreviewed		0
dataPointer	dataВказівник	dataВказівник	existing-unreviewed		0
dataPort	dataПорт	dataПорт	existing-unreviewed		0
dataStart	dataЗапустити	dataЗапустити	existing-unreviewed		0
databuffer	databuffer_2	databuffer_2	existing-unreviewed		0
dataport	dataПорт_2	dataПорт_2	existing-unreviewed		0
defaultKeyboardEventHandler	типовийКлавіатураПодіяhandler	типовийКлавіатураПодіяhandler	existing-unreviewed		0
desc	descriptor	descriptor	existing-unreviewed		0
description	опис	опис	existing-unreviewed		0
destination	призначення	призначення	existing-unreviewed		0
destinationAddress	призначенняАдреса	призначенняАдреса	existing-unreviewed		0
destinationLength	призначенняДовжина	призначенняДовжина	existing-unreviewed		0
dev	пристрій	пристрій	existing-unreviewed		0
device	пристрій_2	пристрій_2	existing-unreviewed		0
deviceDescriptor	пристрійdescriptor	пристрійdescriptor	existing-unreviewed		0
devicePort	пристрійПорт	пристрійПорт	existing-unreviewed		0
diff	diff	diff	existing-unreviewed		0
digits	digits	digits	existing-unreviewed		0
dirent	dirent	dirent	existing-unreviewed		0
direntBytes	direntБайт	direntБайт	existing-unreviewed		0
direntPtr	direntВказівник	direntВказівник	existing-unreviewed		0
discardProcess	відкинутиПроцеси	відкинутиПроцеси	existing-unreviewed		0
dispatchInterrupt	dispatchПереривання	dispatchПереривання	existing-unreviewed		0
divisor	divisor	divisor	existing-unreviewed		0
domain	домен	домен	existing-unreviewed		0
driveNumber	driveЧисло	driveЧисло	existing-unreviewed		0
driver	driver	driver	existing-unreviewed		0
driverManager	drivermanager	drivermanager	existing-unreviewed		0
drivercount	driverВідлік	driverВідлік	existing-unreviewed		0
drv	driver_2	driver_2	existing-unreviewed		0
ds	ds	ds	existing-unreviewed		0
ds_segment	dssegment	dssegment	existing-unreviewed		0
dst	призначення_2	призначення_2	existing-unreviewed		0
dstEntry	призначеннязапис	призначеннязапис	existing-unreviewed		0
dstIP	призначенняipАдреса	призначенняipАдреса	existing-unreviewed		0
dstIP_BE	призначенняipАдресаМережаbyteorder	призначенняipАдресаМережаbyteorder	existing-unreviewed		0
dstMAC	призначенняmacАдреса	призначенняmacАдреса	existing-unreviewed		0
dstMAC_BE	призначенняmacbe	призначенняmacbe	existing-unreviewed		0
dstPageDir	призначенняСторінкаТека	призначенняСторінкаТека	existing-unreviewed		0
dstPort	призначенняПортЧисло	номер_порту_одержувача	project-proposal	destination_port	9
dstPt	призначенняpt	призначенняpt	existing-unreviewed		0
dstPtPtr	призначенняptВказівник	призначенняptВказівник	existing-unreviewed		0
dstPtr	призначенняВказівник	призначенняВказівник	existing-unreviewed		0
dstptr	призначенняВказівник_2	призначенняВказівник_2	existing-unreviewed		0
dynamic	динамічно	динамічно	existing-unreviewed		0
e	e	e	existing-unreviewed		0
e_ehsize	eehsize	eehsize	existing-unreviewed		0
e_entry	eзапис	eзапис	existing-unreviewed		0
e_flags	eПрапори	eПрапори	existing-unreviewed		0
e_ident	eident	eident	existing-unreviewed		0
e_machine	emachine	emachine	existing-unreviewed		0
e_phentsize	ephentsize	ephentsize	existing-unreviewed		0
e_phnum	ephnum	ephnum	existing-unreviewed		0
e_phoff	ephoff	ephoff	existing-unreviewed		0
e_shentsize	eshentsize	eshentsize	existing-unreviewed		0
e_shnum	eshnum	eshnum	existing-unreviewed		0
e_shoff	eshoff	eshoff	existing-unreviewed		0
e_shstrndx	eshstrndx	eshstrndx	existing-unreviewed		0
e_type	eТип	eТип	existing-unreviewed		0
e_version	eВерсія	eВерсія	existing-unreviewed		0
eax	eax	eax	existing-unreviewed		0
ebp	ebp	ebp	existing-unreviewed		0
ebx	ebx	ebx	existing-unreviewed		0
ecx	ecx	ecx	existing-unreviewed		0
edi	edi	edi	existing-unreviewed		0
edx	edx	edx	existing-unreviewed		0
efHandler	efhandler	efhandler	existing-unreviewed		0
eflags	eflags	eflags	existing-unreviewed		0
eip	eip	eip	existing-unreviewed		0
eipOffset	eipoffset	eipoffset	existing-unreviewed		0
elf	elf	виконуваний_і_компонований_формат	project-proposal	elf	6
elf0	elf0	elf0	existing-unreviewed		0
elf2	elf2	elf2	existing-unreviewed		0
elf3	elf3	elf3	existing-unreviewed		0
elf4	elf4	elf4	existing-unreviewed		0
elfHeader	elfheader	elfheader	existing-unreviewed		0
enabled	включено	включено	existing-unreviewed		0
end	кінець	кінець	existing-unreviewed		0
endOffset	кінецьoffset	кінецьoffset	existing-unreviewed		0
end_cylinder	кінецьcylinder	кінецьcylinder	existing-unreviewed		0
end_head	кінецьhead	кінецьhead	existing-unreviewed		0
end_sector	кінецьsector	кінецьsector	existing-unreviewed		0
ensureCurrentProcess	ensureПоточнаПроцеси	ensureПоточнаПроцеси	existing-unreviewed		0
entry	запис	запис	existing-unreviewed		0
entryPoint	записpoint	записpoint	existing-unreviewed		0
entrypoint	записpoint_2	записpoint_2	existing-unreviewed		0
environment	environment	environment	existing-unreviewed		0
environmentPointers	environmentpointers	environmentpointers	existing-unreviewed		0
err	err	err	existing-unreviewed		0
errorPort	помилкаПорт	помилкаПорт	existing-unreviewed		0
es	es	es	existing-unreviewed		0
esi	esi	esi	existing-unreviewed		0
esp	esp	esp	existing-unreviewed		0
esp0	esp0	esp0	existing-unreviewed		0
esp1	esp1	esp1	existing-unreviewed		0
esp2	esp2	esp2	existing-unreviewed		0
etherFrameProvider	ethernetБлокprovider	постачальник_кадрів_мережі_зі_спільним_середовищем	project-proposal	ethernet_provider	1
etherType	ethernetТип	ethernetТип	existing-unreviewed		0
etherType_BE	ethernetТипbe	ethernetТипbe	existing-unreviewed		0
etherframe	ethernetБлок	кадр_мережі_зі_спільним_середовищем	project-proposal	ethernet_frame	1
etherframePayload	ethernetБлокpayload	ethernetБлокpayload	existing-unreviewed		0
except	except	except	existing-unreviewed		0
exceptionCR0	exceptioncr0	exceptioncr0	existing-unreviewed		0
exceptionCR2	exceptioncr2	exceptioncr2	existing-unreviewed		0
exceptionCR3	exceptioncr3	exceptioncr3	existing-unreviewed		0
exceptionFrameValue	exceptionБлокЗначення	exceptionБлокЗначення	existing-unreviewed		0
exceptionHasErrorCode	exceptionХасіПомилкаcode	exceptionХасіПомилкаcode	existing-unreviewed		0
exceptionName	exceptionНазва	exceptionНазва	existing-unreviewed		0
execVector	виконатиvector	виконатиvector	existing-unreviewed		0
exists	exists	exists	existing-unreviewed		0
exited	вийти	вийти	existing-unreviewed		0
ext	ext	ext	existing-unreviewed		0
extFlags	extПрапори	extПрапори	existing-unreviewed		0
extendedScanCode	extendedСкануватиcode	extendedСкануватиcode	existing-unreviewed		0
fDupFD	fdupfd	fdupfd	existing-unreviewed		0
fGetFD	fgetfd	fgetfd	existing-unreviewed		0
fGetFL	fgetfl	fgetfl	existing-unreviewed		0
fSetFD	fмножинаfd	fмножинаfd	existing-unreviewed		0
fSetFL	fмножинаfl	fмножинаfl	existing-unreviewed		0
fat	fat	fat	existing-unreviewed		0
fatCopies	fatКопіювати	fatКопіювати	existing-unreviewed		0
fatInfo	fatІнфо	fatІнфо	existing-unreviewed		0
fatOffsetInSectorForCurrentCluster	fatoffsetВхіднийsectorforПоточнаcluster	fatoffsetВхіднийsectorforПоточнаcluster	existing-unreviewed		0
fatSectorCount	fatsectorВідлік	fatsectorВідлік	existing-unreviewed		0
fatSectorForCurrentCluster	fatsectorforПоточнаcluster	fatsectorforПоточнаcluster	existing-unreviewed		0
fatSize	fatРозмір	fatРозмір	existing-unreviewed		0
fatStart	fatЗапустити	fatЗапустити	existing-unreviewed		0
fatTypeLabel	fatТипмітка	fatТипмітка	existing-unreviewed		0
fatVersion	fatВерсія	fatВерсія	existing-unreviewed		0
fatbuf	fatbuf	fatbuf	existing-unreviewed		0
fatbuffer	fatbuffer	fatbuffer	existing-unreviewed		0
faultAddr	faultАдреса	faultАдреса	existing-unreviewed		0
fb	fb	fb	existing-unreviewed		0
fbCurCol	fbПоточнакол	fbПоточнакол	existing-unreviewed		0
fbCurLine	fbПоточнаРядок	fbПоточнаРядок	existing-unreviewed		0
fbHeight	fbВисота	fbВисота	existing-unreviewed		0
fbPhysAddr	fbphysАдреса	fbphysАдреса	existing-unreviewed		0
fbWidth	fbШирина	fbШирина	existing-unreviewed		0
fd	fd	fd	existing-unreviewed		0
fdCloexec	fdcloexec	fdcloexec	existing-unreviewed		0
fdEntry	fdзапис	fdзапис	existing-unreviewed		0
fdFlags	fdПрапори	fdПрапори	existing-unreviewed		0
fdKindConsole	fdТипКонсоль	fdТипКонсоль	existing-unreviewed		0
fdKindFat	fdТипfat	fdТипfat	existing-unreviewed		0
fdKindNone	fdТипНемає	fdТипНемає	existing-unreviewed		0
fdKindRootDir	fdТипКоріньТека	fdТипКоріньТека	existing-unreviewed		0
fdKindSocket	fdТипСокет	fdТипСокет	existing-unreviewed		0
fdKindStdin	fdТипstdin	fdТипstdin	existing-unreviewed		0
fds	fds	fds	existing-unreviewed		0
filePtr	файлВказівник	файлВказівник	existing-unreviewed		0
fileSector	файлsector	файлsector	existing-unreviewed		0
fileSize	файлРозмір	файлРозмір	existing-unreviewed		0
filename	назвафайлу	назвафайлу	existing-unreviewed		0
fillPosixStat	fillposixstat	fillposixstat	existing-unreviewed		0
findProcess	знайтиПроцеси	знайтиПроцеси	existing-unreviewed		0
first	first	first	existing-unreviewed		0
firstClusterHi	firstclusterhi	firstclusterhi	existing-unreviewed		0
firstClusterLow	firstclusterНизька	firstclusterНизька	existing-unreviewed		0
firstFileCluster	firstФайлcluster	firstФайлcluster	existing-unreviewed		0
flags	прапори	прапори	existing-unreviewed		0
flags2	прапори2	прапори2	existing-unreviewed		0
flagsAndOffset	прапориandoffset	прапориandoffset	existing-unreviewed		0
flushIndex	flushІндекс	flushІндекс	existing-unreviewed		0
flushTlsTable	flushtlsТаблиця	flushtlsТаблиця	existing-unreviewed		0
flush_tss	flushtss	flushtss	existing-unreviewed		0
fn	fn	fn	existing-unreviewed		0
foo	тест	тест	existing-unreviewed		0
foundChild	foundдочірнійобєкт	foundдочірнійобєкт	existing-unreviewed		0
frame	блок	блок	existing-unreviewed		0
frameCount	блокВідлік	блокВідлік	existing-unreviewed		0
frameHeaderSize	блокheaderРозмір	блокheaderРозмір	existing-unreviewed		0
free	вільно	вільно	existing-unreviewed		0
freePort	вільноПорт	вільноПорт	existing-unreviewed		0
frequency	частота	частота	existing-unreviewed		0
fs	fs	fs	existing-unreviewed		0
func1Val	func1val	func1val	existing-unreviewed		0
func2Val	func2val	func2val	existing-unreviewed		0
func3Val	func3val	func3val	existing-unreviewed		0
func_addr	funcАдреса	funcАдреса	existing-unreviewed		0
func_bytes	funcБайт	funcБайт	existing-unreviewed		0
func_name	funcНазва	funcНазва	existing-unreviewed		0
func_value	funcЗначення	funcЗначення	existing-unreviewed		0
function	функція	функція	existing-unreviewed		0
fxrstor	fxrstor	fxrstor	existing-unreviewed		0
fxsave	fxsave	fxsave	existing-unreviewed		0
g	g	g	existing-unreviewed		0
g_320x200x256	g320x200x256	g320x200x256	existing-unreviewed		0
gate	gate	gate	existing-unreviewed		0
gateData	gatedata	gatedata	existing-unreviewed		0
gatewayIP	gatewayip	gatewayip	existing-unreviewed		0
gdt	gdt	gdt	existing-unreviewed		0
gdtDescriptor	gdtdescriptor	gdtdescriptor	existing-unreviewed		0
gdtEntry	gdtзапис	gdtзапис	existing-unreviewed		0
gdtTable	gdtТаблиця	gdtТаблиця	existing-unreviewed		0
gdtTableLen	gdtТаблицяlen	gdtТаблицяlen	existing-unreviewed		0
gdt_codeSegmentSelector	gdtcodesegmentselector	gdtcodesegmentselector	existing-unreviewed		0
gdt_func	gdtfunc	gdtfunc	existing-unreviewed		0
getCR2	getcr2	getcr2	existing-unreviewed		0
getCR3	getcr3	getcr3	existing-unreviewed		0
getDescriptor	getdescriptor	getdescriptor	existing-unreviewed		0
getESI	getesi	getesi	existing-unreviewed		0
getESP	getesp	getesp	existing-unreviewed		0
getGDT	getgdt	getgdt	existing-unreviewed		0
getGS	getgs	getgs	existing-unreviewed		0
getOpenFile	getВідкритиФайл	getВідкритиФайл	existing-unreviewed		0
getOpenFileFor	getВідкритиФайлfor	getВідкритиФайлfor	existing-unreviewed		0
getTLS	gettls	gettls	existing-unreviewed		0
globalDescriptorTable	глобальніdescriptorТаблиця	глобальніdescriptorТаблиця	existing-unreviewed		0
globalOffsetTable	глобальніoffsetТаблиця	глобальніoffsetТаблиця	existing-unreviewed		0
global_offset_table	глобальніoffsetТаблиця_2	глобальніoffsetТаблиця_2	existing-unreviewed		0
graphicsControllerDataPort	графікаКонтролерdataПорт	графікаКонтролерdataПорт	existing-unreviewed		0
graphicsControllerIndexPort	графікаКонтролерІндексПорт	графікаКонтролерІндексПорт	existing-unreviewed		0
grub_multiboot_memory_map_t	grubmultibootПамятьmapt	grubmultibootПамятьmapt	existing-unreviewed		0
gs	gs	gs	existing-unreviewed		0
gs_segment	gssegment	gssegment	existing-unreviewed		0
h	h	h	existing-unreviewed		0
haltAfterFatalException	haltПісляfatalexception	haltПісляfatalexception	existing-unreviewed		0
handleInterrupt	елементкеруванняПереривання	елементкеруванняПереривання	existing-unreviewed		0
handleKeyboardInterrupt	елементкеруванняКлавіатураПереривання	елементкеруванняКлавіатураПереривання	existing-unreviewed		0
handleMouseInterrupt	елементкеруванняМишаПереривання	елементкеруванняМишаПереривання	existing-unreviewed		0
handlePagingInterrupt	елементкеруванняpagingПереривання	елементкеруванняpagingПереривання	existing-unreviewed		0
handleUnhandledSyscall	елементкеруванняunhandledsyscall	елементкеруванняunhandledsyscall	existing-unreviewed		0
handler	handler	handler	existing-unreviewed		0
handlerAddressHighBits	handlerАдресаВисокийбіт	handlerАдресаВисокийбіт	existing-unreviewed		0
handlerAddressLowBits	handlerАдресаНизькабіт	handlerАдресаНизькабіт	existing-unreviewed		0
handlerRun	handlerЗапустити	handlerЗапустити	existing-unreviewed		0
handlers	handler_2	handler_2	existing-unreviewed		0
hardwareAddressSize	пристроїАдресаРозмір	пристроїАдресаРозмір	existing-unreviewed		0
hardwareInterruptOffset	пристроїПерериванняoffset	пристроїПерериванняoffset	existing-unreviewed		0
hardwareType	пристроїТип	пристроїТип	existing-unreviewed		0
hd	hd	hd	existing-unreviewed		0
head	head	head	existing-unreviewed		0
headCount	headВідлік	headВідлік	existing-unreviewed		0
headerLength	headerДовжина	headerДовжина	existing-unreviewed		0
headertype	headertype	headertype	existing-unreviewed		0
height	висота	висота	existing-unreviewed		0
hex	шістнадцяткова	шістнадцяткова	existing-unreviewed		0
hiddenSectors	прихованоsectors	прихованоsectors	existing-unreviewed		0
i	i	i	existing-unreviewed		0
iCount	iВідлік	iВідлік	existing-unreviewed		0
iDrivers	idriver	idriver	existing-unreviewed		0
iKeyboardEventHandler	iКлавіатураПодіяhandler	iКлавіатураПодіяhandler	existing-unreviewed		0
iMouseEventHandler	iМишаПодіяhandler	iМишаПодіяhandler	existing-unreviewed		0
iPCIControllerHandler	ipciКонтролерhandler	ipciКонтролерhandler	existing-unreviewed		0
iRawDataHandler	irawdatahandler	irawdatahandler	existing-unreviewed		0
iTimerEventHandler	iТаймерПодіяhandler	iТаймерПодіяhandler	existing-unreviewed		0
icmp	icmp	протокол_керувальних_повідомлень_обʼєднаної_мережі	project-proposal	icmp	12
icmpSize	icmpРозмір	icmpРозмір	existing-unreviewed		0
icmp콘솔	icmpКонсоль	icmpКонсоль	existing-unreviewed		0
id	іДЕНТИФІКАТОР	іДЕНТИФІКАТОР	existing-unreviewed		0
ident	ident	ident	existing-unreviewed		0
idtData	idtdata	idtdata	existing-unreviewed		0
idtPointer	idtВказівник	idtВказівник	existing-unreviewed		0
idx	idx	idx	existing-unreviewed		0
index	індекс	індекс	existing-unreviewed		0
initBlock	initБлок	initБлок	existing-unreviewed		0
initFileDescriptors	initФайлdescriptor	initФайлdescriptor	existing-unreviewed		0
initPIT	initpit	initpit	existing-unreviewed		0
initializeProcessFDs	initializeПроцесиfds	initializeПроцесиfds	existing-unreviewed		0
inode	iвузол	iвузол	existing-unreviewed		0
inputEventTask	введенняданихПодіяЗадача	введенняданихПодіяЗадача	existing-unreviewed		0
installIDT	встановитиidt	встановитиidt	existing-unreviewed		0
intNumber	intЧисло	intЧисло	existing-unreviewed		0
interface_id	інтерфейсІДЕНТИФІКАТОР	інтерфейсІДЕНТИФІКАТОР	existing-unreviewed		0
internetprotocolPayload	інтернетprotocolpayload	інтернетprotocolpayload	existing-unreviewed		0
interrupt	переривання	переривання	existing-unreviewed		0
interruptDebug	перериванняДіагностика	перериванняДіагностика	existing-unreviewed		0
interruptExitLoop	перериванняВийтиloop	перериванняВийтиloop	existing-unreviewed		0
interruptGateEntries	перериванняgateзапис	перериванняgateзапис	existing-unreviewed		0
interruptHandler	перериванняhandler	перериванняhandler	existing-unreviewed		0
interrupts	interrupts	interrupts	existing-unreviewed		0
iomap	iomap	iomap	existing-unreviewed		0
ip	ip	ip	existing-unreviewed		0
ipEtherFrameHandler	ipethernetБлокhandler	ipethernetБлокhandler	existing-unreviewed		0
ipHandler	iphandler	iphandler	existing-unreviewed		0
ipIdx	ipidx	ipidx	existing-unreviewed		0
ipProtocolUDP	ipprotocoludp	ipprotocoludp	existing-unreviewed		0
ipProvider	ipprovider	постачальник_протоколу_обʼєднаної_мережі	project-proposal	ip_provider	5
ipSize	ipРозмір	ipРозмір	existing-unreviewed		0
ip_be	ipМережаbyteorder	ipМережаbyteorder	existing-unreviewed		0
ipmessage	інтернетprotocolПовідомлення	інтернетprotocolПовідомлення	existing-unreviewed		0
ipv4	ipv4	протокол_обʼєднаної_мережі_4	project-proposal	ipv4	1
ip콘솔	ipКонсоль	ipКонсоль	existing-unreviewed		0
isKernel	iskernel	iskernel	existing-unreviewed		0
isRoot	isКорінь	isКорінь	existing-unreviewed		0
isRootPath	isКоріньШЛЯХ	isКоріньШЛЯХ	existing-unreviewed		0
isSharedPDE	issharedpde	issharedpde	existing-unreviewed		0
istOffset	istoffset	istoffset	existing-unreviewed		0
j	j	j	existing-unreviewed		0
jmp	jmp	jmp	existing-unreviewed		0
jmp_user	jmpКористувач	jmpКористувач	existing-unreviewed		0
jump_usermode_iret	jumpРежимкористувачаiret	jumpРежимкористувачаiret	existing-unreviewed		0
kPageDirEntry	kСторінкаТеказапис	kСторінкаТеказапис	existing-unreviewed		0
kernelESP	kernelesp	kernelesp	existing-unreviewed		0
kernelPageDirEntry	kernelСторінкаТеказапис	kernelСторінкаТеказапис	existing-unreviewed		0
kernelSS	kernelss	kernelss	existing-unreviewed		0
key	ключ	ключ	existing-unreviewed		0
keyboard	клавіатура	клавіатура	existing-unreviewed		0
keyboardDriver	клавіатураdriver	клавіатураdriver	existing-unreviewed		0
keyboardEventHandler	клавіатураПодіяhandler	клавіатураПодіяhandler	existing-unreviewed		0
keyboardQueue	клавіатураqueue	клавіатураqueue	existing-unreviewed		0
keyboardQueueRead	клавіатураqueueЧитання	клавіатураqueueЧитання	existing-unreviewed		0
keyboardQueueSize	клавіатураqueueРозмір	клавіатураqueueРозмір	existing-unreviewed		0
keyboardQueueWrite	клавіатураqueueЗапис	клавіатураqueueЗапис	existing-unreviewed		0
kind	тип	тип	existing-unreviewed		0
l	l	l	existing-unreviewed		0
last	останнє	останнє	existing-unreviewed		0
lbaHiPort	lbahiПорт	lbahiПорт	existing-unreviewed		0
lbaLowPort	lbaНизькаПорт	lbaНизькаПорт	existing-unreviewed		0
lbaMidPort	lbamidПорт	lbamidПорт	existing-unreviewed		0
ldt	ldt	ldt	existing-unreviewed		0
leftShift	зліваshift	зліваshift	existing-unreviewed		0
len	len	len	existing-unreviewed		0
len_ver	lenver	lenver	existing-unreviewed		0
length	довжина	довжина	existing-unreviewed		0
lengthAddress	довжинаАдреса	довжинаАдреса	existing-unreviewed		0
lengthInBytes	довжинаВхіднийБайт	довжинаВхіднийБайт	existing-unreviewed		0
length_high	довжинаВисокий	довжинаВисокий	existing-unreviewed		0
length_low	довжинаНизька	довжинаНизька	existing-unreviewed		0
lengths	lengths	lengths	existing-unreviewed		0
lib1Addr	ліб1Адреса	ліб1Адреса	existing-unreviewed		0
lib1Data	ліб1data	ліб1data	existing-unreviewed		0
lib1File	ліб1Файл	ліб1Файл	existing-unreviewed		0
lib1GOT	ліб1got	ліб1got	existing-unreviewed		0
lib1elf	ліб1elf	ліб1elf	existing-unreviewed		0
lib2Addr	ліб2Адреса	ліб2Адреса	existing-unreviewed		0
lib2Data	ліб2data	ліб2data	existing-unreviewed		0
lib2File	ліб2Файл	ліб2Файл	existing-unreviewed		0
lib2GOT	ліб2got	ліб2got	existing-unreviewed		0
lib2elf	ліб2elf	ліб2elf	existing-unreviewed		0
libLinkMap	лібПосиланняmap	лібПосиланняmap	existing-unreviewed		0
lidtaddr	lidtaddr	lidtaddr	existing-unreviewed		0
limit	обмеження	обмеження	existing-unreviewed		0
limitHighAndFlags	обмеженняВисокийandПрапори	обмеженняВисокийandПрапори	existing-unreviewed		0
limitLow	обмеженняНизька	обмеженняНизька	existing-unreviewed		0
linkMap	посиланняmap	посиланняmap	existing-unreviewed		0
linkMapAddr	посиланняmapАдреса	посиланняmapАдреса	existing-unreviewed		0
linkerAddr	linkerАдреса	linkerАдреса	existing-unreviewed		0
linkerData	linkerdata	linkerdata	existing-unreviewed		0
linkerEntry	linkerзапис	linkerзапис	existing-unreviewed		0
linkerFile	linkerФайл	linkerФайл	existing-unreviewed		0
list	перелік	перелік	existing-unreviewed		0
listening	listening	listening	existing-unreviewed		0
loader	loader	loader	existing-unreviewed		0
local	локальний	локальний	existing-unreviewed		0
localDatagramSocket	локальнийdatagramСокет	локальнийdatagramСокет	existing-unreviewed		0
localIP	локальнийip	локальнийip	existing-unreviewed		0
localPort	локальнийПортЧисло	локальнийПортЧисло	existing-unreviewed		0
localSockets	локальнийsockets	локальнийsockets	existing-unreviewed		0
logicalAddress	логічніопераціїАдреса	логічніопераціїАдреса	existing-unreviewed		0
macAddr	macАдреса	macАдреса	existing-unreviewed		0
macIdx	macidx	macidx	existing-unreviewed		0
magicnumber	magicnumber	magicnumber	existing-unreviewed		0
main	main	main	compatibility		0
mainThread	головнийthread	головнийthread	existing-unreviewed		0
makePagePrivateWritableCurrent	makeСторінкаЗакритаwritableПоточна	makeСторінкаЗакритаwritableПоточна	existing-unreviewed		0
makeRangePrivateWritableCurrent	makeДіяпазонЗакритаwritableПоточна	makeДіяпазонЗакритаwritableПоточна	existing-unreviewed		0
manager	manager	manager	existing-unreviewed		0
mask	маска	маска	existing-unreviewed		0
master	головний	головний	existing-unreviewed		0
matches	matches	matches	existing-unreviewed		0
maxBARs	максимумbars	максимумbars	existing-unreviewed		0
maxDatagramSize	максимумdatagramРозмір	максимумdatagramРозмір	existing-unreviewed		0
maxExecStringLength	максимумВиконатиРядокДовжина	максимумВиконатиРядокДовжина	existing-unreviewed		0
maxExecVectorEntries	максимумВиконатиvectorзапис	максимумВиконатиvectorзапис	existing-unreviewed		0
maxFD	максимумfd	максимумfd	existing-unreviewed		0
maxOpenFiles	максимумВідкритиФайли	максимумВідкритиФайли	existing-unreviewed		0
maxSocketPackets	максимумСокетпакетів	максимумСокетпакетів	existing-unreviewed		0
maxSockets	максимумsockets	максимумsockets	existing-unreviewed		0
maximumBlocks	максимумБлок	максимумБлок	existing-unreviewed		0
mediaType	носіїТип	носіїТип	existing-unreviewed		0
mem	mem	mem	existing-unreviewed		0
memoryArray	памятьМасив	памятьМасив	existing-unreviewed		0
memoryChunkSize	памятьchunkРозмір	памятьchunkРозмір	existing-unreviewed		0
memoryManager	памятьmanager	памятьmanager	existing-unreviewed		0
memoryOper	памятьoper	памятьoper	existing-unreviewed		0
memorySize	памятьРозмір	памятьРозмір	existing-unreviewed		0
memorymananger	memorymananger	memorymananger	existing-unreviewed		0
memorytest	memorytest	memorytest	existing-unreviewed		0
message	повідомлення	повідомлення	existing-unreviewed		0
micsPort	micsПорт	micsПорт	existing-unreviewed		0
minimum	мінімум	мінімум	existing-unreviewed		0
mode	рЕЖИМ	рЕЖИМ	existing-unreviewed		0
mouseDriver	мишаdriver	мишаdriver	existing-unreviewed		0
mouseEventHandler	мишаПодіяhandler	мишаПодіяhandler	existing-unreviewed		0
mouseVGA	мишаvga	мишаvga	existing-unreviewed		0
mouseWidget	мишаВіджет	мишаВіджет	existing-unreviewed		0
msdospart	msdospartition	msdospartition	existing-unreviewed		0
msg	msg	msg	existing-unreviewed		0
msgBuffer	msgbuffer	msgbuffer	existing-unreviewed		0
multiboot_memory_map	multibootПамятьmap	multibootПамятьmap	existing-unreviewed		0
multitasking	multitasking	multitasking	existing-unreviewed		0
myKeyboardEventHandler	myКлавіатураПодіяhandler	myКлавіатураПодіяhandler	existing-unreviewed		0
myPCIControllerHandler	mypciКонтролерhandler	mypciКонтролерhandler	existing-unreviewed		0
myfunction	myfunction	myfunction	existing-unreviewed		0
n	n	n	existing-unreviewed		0
n_descsz	ndescsz	ndescsz	existing-unreviewed		0
n_namesz	nnamesz	nnamesz	existing-unreviewed		0
n_type	nТип	nТип	existing-unreviewed		0
name	назва	назва	existing-unreviewed		0
nameLen	назваlen	назваlen	existing-unreviewed		0
netCard	мережаКарткові	мережаКарткові	existing-unreviewed		0
newButtons	новийКнопка	новийКнопка	existing-unreviewed		0
newFD	новийfd	новийfd	existing-unreviewed		0
newFrame	новийБлок	новийБлок	existing-unreviewed		0
newLink	новийПосилання	новийПосилання	existing-unreviewed		0
newNode	новийВузол	новийВузол	existing-unreviewed		0
newPtr	новийВказівник	новийВказівник	existing-unreviewed		0
next	наступне	наступне	existing-unreviewed		0
nextEphemeralPort	наступнеephemeralПорт	наступнеephemeralПорт	existing-unreviewed		0
nextFileCluster	наступнеФайлcluster	наступнеФайлcluster	existing-unreviewed		0
nextHopIP_BE	наступнеhopipАдресаМережаbyteorder	наступнеhopipАдресаМережаbyteorder	existing-unreviewed		0
nextNode	наступнеВузол	наступнеВузол	existing-unreviewed		0
nextProcessID	наступнеПроцесиІДЕНТИФІКАТОР	наступнеПроцесиІДЕНТИФІКАТОР	existing-unreviewed		0
nextThread	наступнеthread	наступнеthread	existing-unreviewed		0
nibble	nibble	nibble	existing-unreviewed		0
node	вузол	вузол_списку	project-proposal	list_node	16
nodeArray	вузолМасив	вузолМасив	existing-unreviewed		0
num	число	число	existing-unreviewed		0
numCacheEntries	числоcacheзапис	числоcacheзапис	existing-unreviewed		0
numDrivers	числоdriver	числоdriver	existing-unreviewed		0
numFunctions	числоФункції	числоФункції	existing-unreviewed		0
numRecvBuffers	числоrecvbuffer	числоrecvbuffer	existing-unreviewed		0
numSendBuffers	числоНадіслатиbuffer	числоНадіслатиbuffer	existing-unreviewed		0
numSockets	числоsockets	числоsockets	existing-unreviewed		0
numTasks	числоЗавдання	числоЗавдання	existing-unreviewed		0
oAppend	oappend	oappend	existing-unreviewed		0
oCreate	ocreate	ocreate	existing-unreviewed		0
oDirectory	oТека	oТека	existing-unreviewed		0
oReadOnly	oЧитанняonly	oЧитанняonly	existing-unreviewed		0
oReadWrite	oЧитанняЗапис	oЧитанняЗапис	existing-unreviewed		0
oTruncate	oСкоротити	oСкоротити	existing-unreviewed		0
oWriteOnly	oЗаписonly	oЗаписonly	existing-unreviewed		0
o_addr	oАдреса	oАдреса	existing-unreviewed		0
offset	offset	offset	existing-unreviewed		0
ok	гаразд	гаразд	existing-unreviewed		0
oldButtons	oldКнопка	oldКнопка	existing-unreviewed		0
oldCR3	oldcr3	oldcr3	existing-unreviewed		0
oldFD	oldfd	oldfd	existing-unreviewed		0
oldFrame	oldБлок	oldБлок	existing-unreviewed		0
oldGdt	oldgdt	oldgdt	existing-unreviewed		0
oldGdtAddr	oldgdtАдреса	oldgdtАдреса	existing-unreviewed		0
oldGdtLen	oldgdtlen	oldgdtlen	existing-unreviewed		0
openFileDescription	відкритиФайлОпис	відкритиФайлОпис	existing-unreviewed		0
openFileTable	відкритиФайлТаблиця	відкритиФайлТаблиця	existing-unreviewed		0
options	параметри	параметри	existing-unreviewed		0
orgValue	orgЗначення	orgЗначення	existing-unreviewed		0
p	p	p	existing-unreviewed		0
p1	p1	p1	existing-unreviewed		0
p2	p2	p2	existing-unreviewed		0
p_align	pВирівнювання	pВирівнювання	existing-unreviewed		0
p_backend	pbackend	pbackend	existing-unreviewed		0
p_data	pdata	pdata	existing-unreviewed		0
p_efHandler	pefhandler	pefhandler	existing-unreviewed		0
p_efProvider	pefprovider	pefprovider	existing-unreviewed		0
p_etherType	pethernetТип	pethernetТип	existing-unreviewed		0
p_filesz	pfilesz	pfilesz	existing-unreviewed		0
p_flags	pПрапори	pПрапори	existing-unreviewed		0
p_iHandler	pihandler	pihandler	existing-unreviewed		0
p_ipHandler	piphandler	piphandler	existing-unreviewed		0
p_ipProvider	pipprovider	pipprovider	existing-unreviewed		0
p_memsz	pmemsz	pmemsz	existing-unreviewed		0
p_offset	poffset	poffset	existing-unreviewed		0
p_paddr	ppaddr	ppaddr	existing-unreviewed		0
p_protocol	pprotocol	pprotocol	existing-unreviewed		0
p_provider	pprovider	pprovider	existing-unreviewed		0
p_str	pstr	pstr	existing-unreviewed		0
p_type	pТип	pТип	existing-unreviewed		0
p_udpHandler	pudphandler	pudphandler	existing-unreviewed		0
p_udpProvider	pudpprovider	pudpprovider	existing-unreviewed		0
p_vaddr	pvaddr	pvaddr	existing-unreviewed		0
packet	пАКЕТ	пАКЕТ	existing-unreviewed		0
packetStatus	пАКЕТСтатус	пАКЕТСтатус	existing-unreviewed		0
packets	пакетів	пакетів	existing-unreviewed		0
page	сторінка	сторінка	existing-unreviewed		0
pageDir	сторінкаТека	каталог_сторінок	project-proposal	page_directory	27
pageDirEntry	сторінкаТеказапис	сторінкаТеказапис	existing-unreviewed		0
pageTableEntry	сторінкаТаблицязапис	сторінкаТаблицязапис	existing-unreviewed		0
paging	paging	paging	existing-unreviewed		0
param	param	param	existing-unreviewed		0
params	параметри_2	параметри_2	existing-unreviewed		0
parent	батько	батько	existing-unreviewed		0
parentPID	батькоІдентифікаторPID	батькоІдентифікаторPID	existing-unreviewed		0
parentProcess	батькоПроцеси	батькоПроцеси	existing-unreviewed		0
partEntry	partзапис	partзапис	existing-unreviewed		0
partition	partition	partition	existing-unreviewed		0
partitionBytes	partitionБайт	partitionБайт	existing-unreviewed		0
partitionOffset	partitionoffset	partitionoffset	existing-unreviewed		0
path	шЛЯХ	шЛЯХ	existing-unreviewed		0
pathAddr	шЛЯХАдреса	шЛЯХАдреса	existing-unreviewed		0
pci	pci	pci	existing-unreviewed		0
pciController	pciКонтролер	pciКонтролер	existing-unreviewed		0
pde	pde	pde	existing-unreviewed		0
pdeAddr	pdeАдреса	pdeАдреса	existing-unreviewed		0
pdelen	pdelen	pdelen	existing-unreviewed		0
peer	peer	peer	existing-unreviewed		0
pendingButtons	pendingКнопка	pendingКнопка	existing-unreviewed		0
pendingMouseEvent	pendingМишаПодія	pendingМишаПодія	existing-unreviewed		0
pendingX	pendingx	pendingx	existing-unreviewed		0
pendingY	pendingy	pendingy	existing-unreviewed		0
phyaddr	phyaddr	phyaddr	existing-unreviewed		0
phymem	physicalПамять	physicalПамять	existing-unreviewed		0
physicalAddress	physicalАдреса	physicalАдреса	existing-unreviewed		0
pid	ідентифікаторPID	ідентифікаторPID	existing-unreviewed		0
pitFrequency	pitЧастота	pitЧастота	existing-unreviewed		0
pixelAddress	pixelАдреса	pixelАдреса	existing-unreviewed		0
pointer	вказівник	посилання_на_адресу	project-proposal	pointer	39
pollKeyboardScancode	pollКлавіатураscancode	pollКлавіатураscancode	existing-unreviewed		0
port	порт	порт	existing-unreviewed		0
portBase	портbase	портbase	existing-unreviewed		0
portInUse	портВхіднийВикористати	портВхіднийВикористати	existing-unreviewed		0
portnumber	portnumber	portnumber	existing-unreviewed		0
pos	позиція	позиція	existing-unreviewed		0
position	позиція_2	позиція_2	existing-unreviewed		0
posixStat	posixstat	posixstat	existing-unreviewed		0
posixUtsname	posixutsname	posixutsname	existing-unreviewed		0
prefetchable	prefetchcapable	prefetchcapable	existing-unreviewed		0
prev	previous	previous	existing-unreviewed		0
prevNode	previousВузол	previousВузол	existing-unreviewed		0
prevX	previousx	previousx	existing-unreviewed		0
prevY	previousy	previousy	existing-unreviewed		0
printESP	друкesp	друкesp	existing-unreviewed		0
printExceptionSelectorInfo	друкexceptionselectorІнфо	друкexceptionselectorІнфо	existing-unreviewed		0
printPageFaultInfo	друкСторінкаfaultІнфо	друкСторінкаfaultІнфо	existing-unreviewed		0
printreg	printreg	printreg	existing-unreviewed		0
proc2	proc2	proc2	existing-unreviewed		0
proc3	proc3	proc3	existing-unreviewed		0
proc4	proc4	proc4	existing-unreviewed		0
process	процеси	процеси	existing-unreviewed		0
processEntry	процесизапис	процесизапис	existing-unreviewed		0
processHelper	процесиhelper	процесиhelper	existing-unreviewed		0
processTable	процесиТаблиця	процесиТаблиця	existing-unreviewed		0
processes	процеси_2	процеси_2	existing-unreviewed		0
programBreak	програмаbreak	програмаbreak	existing-unreviewed		0
protocol	protocol	protocol	existing-unreviewed		0
protocolAddressSize	protocolАдресаРозмір	protocolАдресаРозмір	existing-unreviewed		0
providedLength	providedДовжина	providedДовжина	existing-unreviewed		0
provider	provider	provider	existing-unreviewed		0
ps2WaitLimit	ps2ЧекатиОбмеження	ps2ЧекатиОбмеження	existing-unreviewed		0
pt	pt	pt	existing-unreviewed		0
pte	pte	pte	existing-unreviewed		0
pteAddr	pteАдреса	pteАдреса	existing-unreviewed		0
ptr	вказівник_2	посилання_на_адресу_2	project-proposal	pointer	12
pushExecUint32	pushВиконатиunsignedinteger32	pushВиконатиunsignedinteger32	existing-unreviewed		0
queueKeyboardByte	queueКлавіатураbyte	queueКлавіатураbyte	existing-unreviewed		0
r	r	r	existing-unreviewed		0
r_addend	raddend	raddend	existing-unreviewed		0
r_info	rІнфо	rІнфо	existing-unreviewed		0
r_offset	roffset	roffset	existing-unreviewed		0
raw	raw	raw	existing-unreviewed		0
rawDataBackend	rawdatabackend	rawdatabackend	existing-unreviewed		0
readFile	читанняФайл	читанняФайл	existing-unreviewed		0
readPS2Data	читанняps2data	читанняps2data	existing-unreviewed		0
readStdin	читанняstdin	читанняstdin	existing-unreviewed		0
readVFSFile	читанняvfsФайл	читанняvfsФайл	existing-unreviewed		0
read_count	читанняВідлік	читанняВідлік	existing-unreviewed		0
receiver	receiver	receiver	existing-unreviewed		0
recvBufferDescr	recvbufferОпис	recvbufferОпис	existing-unreviewed		0
recvBufferDescrAddress	recvbufferОписАдреса	recvbufferОписАдреса	existing-unreviewed		0
recvBuffers	recvbuffer	recvbuffer	existing-unreviewed		0
recvBuffersDescrMemory	recvbufferОписПамять	recvbufferОписПамять	existing-unreviewed		0
refBytes	referenceБайт	referenceБайт	existing-unreviewed		0
refPtr	referenceВказівник	referenceВказівник	existing-unreviewed		0
refs	refs	refs	existing-unreviewed		0
regIndex	regІндекс	regІндекс	existing-unreviewed		0
registerAddressPort	registerАдресаПорт	registerАдресаПорт	existing-unreviewed		0
registerDataPort	registerdataПорт	registerdataПорт	existing-unreviewed		0
registeroffset	registeroffset	registeroffset	existing-unreviewed		0
registers	register	register	existing-unreviewed		0
regtype	regtype	regtype	existing-unreviewed		0
rel_text	relТекст	relТекст	existing-unreviewed		0
rel_text_len	relТекстlen	relТекстlen	existing-unreviewed		0
releaseOpenFile	releaseВідкритиФайл	releaseВідкритиФайл	existing-unreviewed		0
released	released	released	existing-unreviewed		0
reloadCR3	перезавантажитиcr3	перезавантажитиcr3	existing-unreviewed		0
relocation_text	relocationТекст	relocationТекст	existing-unreviewed		0
remaining	remaining	remaining	existing-unreviewed		0
remote	віддалене	віддалене	existing-unreviewed		0
remoteIP	віддаленеip	віддаленеip	existing-unreviewed		0
remotePort	віддаленеПортЧисло	віддаленеПортЧисло	existing-unreviewed		0
requested	requested	requested	existing-unreviewed		0
reserved	зарезервована	зарезервована	existing-unreviewed		0
reserved0	зарезервована0	зарезервована0	existing-unreviewed		0
reservedSectors	зарезервованаsectors	зарезервованаsectors	existing-unreviewed		0
resetPort	скинутиПорт	скинутиПорт	existing-unreviewed		0
restoreFpRegs	відновитиfpregs	відновитиfpregs	existing-unreviewed		0
result	яРЛИК	яРЛИК	existing-unreviewed		0
result1	яРЛИК1	яРЛИК1	existing-unreviewed		0
result2	яРЛИК2	яРЛИК2	existing-unreviewed		0
ret	ret	ret	existing-unreviewed		0
revision	revision	revision	existing-unreviewed		0
rightShift	справаshift	справаshift	existing-unreviewed		0
rootCluster	коріньcluster	коріньcluster	existing-unreviewed		0
rootDirEntries	коріньТеказапис	коріньТеказапис	existing-unreviewed		0
rootStart	коріньЗапустити	коріньЗапустити	existing-unreviewed		0
rt	rt	rt	existing-unreviewed		0
s	s	s	existing-unreviewed		0
sIfchr	sifchr	sifchr	existing-unreviewed		0
sIfdir	sifdir	sifdir	existing-unreviewed		0
sIfmt	sifmt	sifmt	existing-unreviewed		0
sIfreg	sifreg	sifreg	existing-unreviewed		0
sIfsock	sifsock	sifsock	existing-unreviewed		0
savedESP	збереженоesp	збереженоesp	existing-unreviewed		0
sc	sc	sc	existing-unreviewed		0
scanCode	скануватиcode	скануватиcode	existing-unreviewed		0
scanCodeToByte	скануватиcodeтоbyte	скануватиcodeтоbyte	existing-unreviewed		0
scancodeToByte	scancodeтоbyte	scancodeтоbyte	existing-unreviewed		0
sche	sche	sche	existing-unreviewed		0
sche_data	schedata	schedata	existing-unreviewed		0
scheduleStack	schedulestack	schedulestack	existing-unreviewed		0
scheduler	scheduler	scheduler	existing-unreviewed		0
schedulerDebug	schedulerДіагностика	schedulerДіагностика	existing-unreviewed		0
sectHeader	sectheader	sectheader	existing-unreviewed		0
sectHeaderSize	sectheaderРозмір	sectheaderРозмір	existing-unreviewed		0
sectName	sectНазва	sectНазва	existing-unreviewed		0
sectValue	sectЗначення	sectЗначення	existing-unreviewed		0
sector	sector	sector	existing-unreviewed		0
sectorCountPort	sectorВідлікПорт	sectorВідлікПорт	existing-unreviewed		0
sectorNum	sectorЧисло	sectorЧисло	existing-unreviewed		0
sectorOffset	sectoroffset	sectoroffset	existing-unreviewed		0
sectorPerTrack	sectorpertrack	sectorpertrack	existing-unreviewed		0
sectorsPerCluster	sectorspercluster	sectorspercluster	existing-unreviewed		0
seekCur	seekПоточна	seekПоточна	existing-unreviewed		0
seekEnd	seekКінець	seekКінець	existing-unreviewed		0
seekSet	seekмножина	seekмножина	existing-unreviewed		0
segmentNumber	segmentЧисло	segmentЧисло	existing-unreviewed		0
self	поточний	поточний	existing-unreviewed		0
self_uintptr	поточнийuintptr	поточнийuintptr	existing-unreviewed		0
sendBack	reply	reply	existing-unreviewed		0
sendBufferDescr	надіслатиbufferОпис	надіслатиbufferОпис	existing-unreviewed		0
sendBufferDescrAddress	надіслатиbufferОписАдреса	надіслатиbufferОписАдреса	existing-unreviewed		0
sendBuffers	надіслатиbuffer	надіслатиbuffer	existing-unreviewed		0
sendBuffersDescrMemory	надіслатиbufferОписПамять	надіслатиbufferОписПамять	existing-unreviewed		0
sendDataPointer	надіслатиdataВказівник	надіслатиdataВказівник	existing-unreviewed		0
sendDescriptor	надіслатиdescriptor	надіслатиdescriptor	existing-unreviewed		0
sendMouseCommand	надіслатиМишаКоманда	надіслатиМишаКоманда	existing-unreviewed		0
sequencerDataPort	sequencerdataПорт	sequencerdataПорт	existing-unreviewed		0
sequencerIndexPort	sequencerІндексПорт	sequencerІндексПорт	existing-unreviewed		0
serialLogByte	послідовнийЖурналbyte	послідовнийЖурналbyte	existing-unreviewed		0
serialReady	послідовнийГотово	послідовнийГотово	existing-unreviewed		0
setCR3	множинаcr3	множинаcr3	existing-unreviewed		0
setDS	множинаds	множинаds	existing-unreviewed		0
setGS	множинаgs	множинаgs	existing-unreviewed		0
setThreadExitLoopState	множинаthreadВийтиloopСтан	множинаthreadВийтиloopСтан	existing-unreviewed		0
setupExecStack	setupВиконатиstack	setupВиконатиstack	existing-unreviewed		0
sh	sh	sh	existing-unreviewed		0
sh_addr	shАдреса	shАдреса	existing-unreviewed		0
sh_addralign	shaddralign	shaddralign	existing-unreviewed		0
sh_entsize	shentsize	shentsize	existing-unreviewed		0
sh_flags	shПрапори	shПрапори	existing-unreviewed		0
sh_info	shІнфо	shІнфо	existing-unreviewed		0
sh_link	shПосилання	shПосилання	existing-unreviewed		0
sh_name	shНазва	shНазва	existing-unreviewed		0
sh_offset	shoffset	shoffset	existing-unreviewed		0
sh_size	shРозмір	shРозмір	existing-unreviewed		0
sh_type	shТип	shТип	existing-unreviewed		0
shift	shift	shift	existing-unreviewed		0
signature	signature	signature	existing-unreviewed		0
size	розмір	розмір	existing-unreviewed		0
sl	sl	sl	existing-unreviewed		0
sockDatagram	sockdatagram	sockdatagram	existing-unreviewed		0
socket	сокет	сокет	existing-unreviewed		0
socketAddress	сокетАдреса	сокетАдреса	existing-unreviewed		0
socketAddressIPv4	сокетАдресаipv4	сокетАдресаipv4	existing-unreviewed		0
socketBind	сокетПовязати	сокетПовязати	existing-unreviewed		0
socketCallArgument	сокетcallargument	сокетcallargument	existing-unreviewed		0
socketConnect	сокетЗєднати	сокетЗєднати	existing-unreviewed		0
socketForFD	сокетforfd	сокетforfd	existing-unreviewed		0
socketIndex	сокетІндекс	сокетІндекс	existing-unreviewed		0
socketPacket	сокетПАКЕТ	сокетПАКЕТ	existing-unreviewed		0
socketReceiveFrom	сокетreceiveз	сокетreceiveз	existing-unreviewed		0
socketSendTo	сокетНадіслатито	сокетНадіслатито	existing-unreviewed		0
socketType	сокетТип	сокетТип	existing-unreviewed		0
sockets	sockets	sockets	existing-unreviewed		0
softName	softНазва	softНазва	existing-unreviewed		0
source	джерело	джерело	existing-unreviewed		0
sourceAddress	джерелоАдреса	джерелоАдреса	existing-unreviewed		0
sourceLengthAddress	джерелоДовжинаАдреса	джерелоДовжинаАдреса	existing-unreviewed		0
src	джерело_2	джерело_2	existing-unreviewed		0
srcEntry	джерелозапис	джерелозапис	existing-unreviewed		0
srcIP	джерелоipАдреса	джерелоipАдреса	existing-unreviewed		0
srcIP_BE	джерелоipАдресаМережаbyteorder	джерелоipАдресаМережаbyteorder	existing-unreviewed		0
srcMAC	джерелоmacАдреса	джерелоmacАдреса	existing-unreviewed		0
srcMAC_BE	джерелоmacbe	джерелоmacbe	existing-unreviewed		0
srcPageDir	джерелоСторінкаТека	джерелоСторінкаТека	existing-unreviewed		0
srcPde	джерелоpde	джерелоpde	existing-unreviewed		0
srcPdeAddr	джерелоpdeАдреса	джерелоpdeАдреса	existing-unreviewed		0
srcPort	джерелоПортЧисло	номер_порту_відправника	project-proposal	source_port	9
srcPt	джерелоpt	джерелоpt	existing-unreviewed		0
srcptr	srcptr	srcptr	existing-unreviewed		0
ss	ss	ss	existing-unreviewed		0
ss0	ss0	ss0	existing-unreviewed		0
ss1	ss1	ss1	existing-unreviewed		0
ss2	ss2	ss2	existing-unreviewed		0
st	st	st	existing-unreviewed		0
st_info	stІнфо	stІнфо	existing-unreviewed		0
st_name	stНазва	stНазва	existing-unreviewed		0
st_other	stІнше	stІнше	existing-unreviewed		0
st_shndx	stshndx	stshndx	existing-unreviewed		0
st_size	stРозмір	stРозмір	existing-unreviewed		0
st_value	stЗначення	stЗначення	existing-unreviewed		0
stack	stack	стекова_памʼять	project-proposal	stack	18
stackBytes	stackБайт	stackБайт	existing-unreviewed		0
stackPtr	stackВказівник	stackВказівник	existing-unreviewed		0
stack_addr	stackАдреса	stackАдреса	existing-unreviewed		0
stackbottom	stackbottom	stackbottom	existing-unreviewed		0
stacktop	stacktop	stacktop	existing-unreviewed		0
start	запустити	запустити	existing-unreviewed		0
startOffset	запуститиoffset	запуститиoffset	existing-unreviewed		0
start_cylinder	запуститиcylinder	запуститиcylinder	existing-unreviewed		0
start_head	запуститиhead	запуститиhead	existing-unreviewed		0
start_sector	запуститиsector	запуститиsector	existing-unreviewed		0
startingBit	startingбіт	startingбіт	existing-unreviewed		0
stat	stat	stat	existing-unreviewed		0
statAddr	statАдреса	statАдреса	existing-unreviewed		0
status	статус	статус	existing-unreviewed		0
statusAddr	статусАдреса	статусАдреса	existing-unreviewed		0
stderrFD	stderrfd	stderrfd	existing-unreviewed		0
stdinBuffer	stdinbuffer	stdinbuffer	existing-unreviewed		0
stdinFD	stdinfd	stdinfd	existing-unreviewed		0
stdinGetBlocking	stdingetblocking	stdingetblocking	existing-unreviewed		0
stdinRead	stdinЧитання	stdinЧитання	existing-unreviewed		0
stdinWrite	stdinЗапис	stdinЗапис	existing-unreviewed		0
stdoutFD	stdoutfd	stdoutfd	existing-unreviewed		0
stoppedThread	зупиненоthread	зупиненоthread	existing-unreviewed		0
str	str	str	existing-unreviewed		0
stringAddress	рядокАдреса	рядокАдреса	existing-unreviewed		0
stringHeader	рядокheader	рядокheader	existing-unreviewed		0
strtab	strtab	strtab	existing-unreviewed		0
subclass_id	subclassІДЕНТИФІКАТОР	subclassІДЕНТИФІКАТОР	existing-unreviewed		0
subnetMask	subnetМаска	subnetМаска	existing-unreviewed		0
swapUint16	свопunsignedinteger16	свопunsignedinteger16	existing-unreviewed		0
switchForced	switchforced	switchforced	existing-unreviewed		0
sysAccess	sysдоступ	sysдоступ	existing-unreviewed		0
sysBrk	sysbrk	sysbrk	existing-unreviewed		0
sysCall	syscall	syscall	existing-unreviewed		0
sysChdir	syschdir	syschdir	existing-unreviewed		0
sysClose	sysЗакрити	sysЗакрити	existing-unreviewed		0
sysDup	sysdup	sysdup	existing-unreviewed		0
sysDup2	sysdup2	sysdup2	existing-unreviewed		0
sysExecve	sysexecve	sysexecve	existing-unreviewed		0
sysExit	sysВийти	sysВийти	existing-unreviewed		0
sysFcntl	sysfcntl	sysfcntl	existing-unreviewed		0
sysFork	sysfork	sysfork	existing-unreviewed		0
sysFstat	sysfstat	sysfstat	existing-unreviewed		0
sysFsync	sysfsync	sysfsync	existing-unreviewed		0
sysGetcwd	sysgetcwd	sysgetcwd	existing-unreviewed		0
sysLseek	syslseek	syslseek	existing-unreviewed		0
sysOpen	sysВідкрити	sysВідкрити	existing-unreviewed		0
sysRead	sysЧитання	sysЧитання	existing-unreviewed		0
sysSocketCall	sysСокетcall	sysСокетcall	existing-unreviewed		0
sysStat	sysstat	sysstat	existing-unreviewed		0
sysUname	sysuname	sysuname	existing-unreviewed		0
sysWaitpid	syswaitpid	syswaitpid	existing-unreviewed		0
sysWrite	sysЗапис	sysЗапис	existing-unreviewed		0
syscallError	syscallПомилка	syscallПомилка	existing-unreviewed		0
syscallID	syscallІДЕНТИФІКАТОР	syscallІДЕНТИФІКАТОР	existing-unreviewed		0
systemcall	системаcall	системаcall	existing-unreviewed		0
table	таблиця	таблиця	existing-unreviewed		0
tableSize	таблицяРозмір	таблицяРозмір	existing-unreviewed		0
tail	tail	tail	existing-unreviewed		0
task	задача	задача	existing-unreviewed		0
taskA	задачаa	задачаa	existing-unreviewed		0
taskB	задачаb	задачаb	existing-unreviewed		0
taskC	задачаc	задачаc	existing-unreviewed		0
taskD	задачаd	задачаd	existing-unreviewed		0
taskD0	задачаd0	задачаd0	existing-unreviewed		0
taskD1	задачаd1	задачаd1	existing-unreviewed		0
taskManager	задачаmanager	задачаmanager	existing-unreviewed		0
tasks	завдання	завдання	existing-unreviewed		0
temp	temporary	temporary	existing-unreviewed		0
terminated	terminated	terminated	existing-unreviewed		0
text	текст	текст	existing-unreviewed		0
textPtr	текстВказівник	текстВказівник	existing-unreviewed		0
text_len	текстlen	текстlen	existing-unreviewed		0
text_mode_check_fb_move	текстРЕЖИМcheckfbПеремістити	текстРЕЖИМcheckfbПеремістити	existing-unreviewed		0
text_mode_disable_cursor	текстРЕЖИМВимкнутиКурсор	текстРЕЖИМВимкнутиКурсор	existing-unreviewed		0
text_mode_enable_cursor	текстРЕЖИМДозволитиКурсор	текстРЕЖИМДозволитиКурсор	existing-unreviewed		0
text_mode_error_writer	текстРЕЖИМПомилкаwriter	текстРЕЖИМПомилкаwriter	existing-unreviewed		0
text_mode_flush_screen	текстРЕЖИМflushЕкран	текстРЕЖИМflushЕкран	existing-unreviewed		0
text_mode_init	текстРЕЖИМinit	текстРЕЖИМinit	existing-unreviewed		0
text_mode_print	текстРЕЖИМДрук	текстРЕЖИМДрук	existing-unreviewed		0
text_mode_print_bytes	текстРЕЖИМДрукБайт	текстРЕЖИМДрукБайт	existing-unreviewed		0
text_mode_print_char	текстРЕЖИМДрукchar	текстРЕЖИМДрукchar	existing-unreviewed		0
text_mode_print_char_col	текстРЕЖИМДрукcharкол	текстРЕЖИМДрукcharкол	existing-unreviewed		0
text_mode_print_col	текстРЕЖИМДруккол	текстРЕЖИМДруккол	existing-unreviewed		0
text_mode_print_error	текстРЕЖИМДрукПомилка	текстРЕЖИМДрукПомилка	existing-unreviewed		0
text_mode_print_error_bytes	текстРЕЖИМДрукПомилкаБайт	текстРЕЖИМДрукПомилкаБайт	existing-unreviewed		0
text_mode_print_errorln	текстРЕЖИМДрукerrorln	текстРЕЖИМДрукerrorln	existing-unreviewed		0
text_mode_print_hex	текстРЕЖИМДрукШістнадцяткова	текстРЕЖИМДрукШістнадцяткова	existing-unreviewed		0
text_mode_print_hex16	текстРЕЖИМДрукШістнадцяткова16	текстРЕЖИМДрукШістнадцяткова16	existing-unreviewed		0
text_mode_print_hex32	текстРЕЖИМДрукШістнадцяткова32	текстРЕЖИМДрукШістнадцяткова32	existing-unreviewed		0
text_mode_print_hex64	текстРЕЖИМДрукШістнадцяткова64	текстРЕЖИМДрукШістнадцяткова64	existing-unreviewed		0
text_mode_print_hex_char	текстРЕЖИМДрукШістнадцятковаchar	текстРЕЖИМДрукШістнадцятковаchar	existing-unreviewed		0
text_mode_println	текстРЕЖИМprintln	текстРЕЖИМprintln	existing-unreviewed		0
text_mode_println_col	текстРЕЖИМprintlnкол	текстРЕЖИМprintlnкол	existing-unreviewed		0
text_mode_update_cursor	текстРЕЖИМОновитиКурсор	текстРЕЖИМОновитиКурсор	existing-unreviewed		0
text_mode_writer	текстРЕЖИМwriter	текстРЕЖИМwriter	existing-unreviewed		0
thr2	thr2	thr2	existing-unreviewed		0
thr3	thr3	thr3	existing-unreviewed		0
thr4	thr4	thr4	existing-unreviewed		0
thread	thread	thread	existing-unreviewed		0
threadExitLoop	threadВийтиloop	threadВийтиloop	existing-unreviewed		0
threadHelper	threadhelper	threadhelper	existing-unreviewed		0
threadPtr	threadВказівник	threadВказівник	existing-unreviewed		0
tickCount	tickВідлік	tickВідлік	existing-unreviewed		0
timeDelta	часДелта	часДелта	existing-unreviewed		0
timeToLive	частоlive	частоlive	existing-unreviewed		0
timer	таймер	таймер	existing-unreviewed		0
tls	tls	tls	existing-unreviewed		0
tmp	tmp	tmp	existing-unreviewed		0
tmpPtr	tmpВказівник	tmpВказівник	existing-unreviewed		0
tos	tos	tos	existing-unreviewed		0
totalLength	усьогоДовжина	усьогоДовжина	existing-unreviewed		0
totalSectorCount	усьогоsectorВідлік	усьогоsectorВідлік	existing-unreviewed		0
totalSectors	усьогоsectors	усьогоsectors	existing-unreviewed		0
trap	trap	trap	existing-unreviewed		0
tss	tss	tss	existing-unreviewed		0
tssIndex	tssІндекс	tssІндекс	existing-unreviewed		0
udp	udp	протокол_користувацьких_датаграм	project-proposal	udp	1
udpHandler	udphandler	udphandler	existing-unreviewed		0
udpHeaderSize	udpheaderРозмір	udpheaderРозмір	existing-unreviewed		0
udpProvider	udpprovider	udpprovider	existing-unreviewed		0
udp콘솔	udpКонсоль	udpКонсоль	existing-unreviewed		0
unused	невикористовується	невикористовується	existing-unreviewed		0
used	використано	використано	existing-unreviewed		0
usedBlocks	використаноБлок	використаноБлок	existing-unreviewed		0
user1addr	користувач1Адреса	користувач1Адреса	existing-unreviewed		0
user1data	користувач1data	користувач1data	existing-unreviewed		0
user1entry	користувач1запис	користувач1запис	existing-unreviewed		0
user1file	користувач1Файл	користувач1Файл	existing-unreviewed		0
user2addr	користувач2Адреса	користувач2Адреса	existing-unreviewed		0
user2data	користувач2data	користувач2data	existing-unreviewed		0
user2entry	користувач2запис	користувач2запис	existing-unreviewed		0
user2file	користувач2Файл	користувач2Файл	existing-unreviewed		0
user3addr	користувач3Адреса	користувач3Адреса	existing-unreviewed		0
user3data	користувач3data	користувач3data	existing-unreviewed		0
user3entry	користувач3запис	користувач3запис	existing-unreviewed		0
user3file	користувач3Файл	користувач3Файл	existing-unreviewed		0
userHeapBase	користувачheapbase	користувачheapbase	existing-unreviewed		0
userHeapLimit	користувачheapОбмеження	користувачheapОбмеження	existing-unreviewed		0
user_esp	користувачesp	користувачesp	existing-unreviewed		0
userhandler	userhandler	userhandler	existing-unreviewed		0
userproc_entry	userprocзапис	userprocзапис	existing-unreviewed		0
util	util	util	existing-unreviewed		0
util콘솔	utilКонсоль	utilКонсоль	existing-unreviewed		0
v	v	v	existing-unreviewed		0
vAddr	vАдреса	vАдреса	existing-unreviewed		0
value	значення	значення	existing-unreviewed		0
values	значення_2	значення_2	existing-unreviewed		0
version	версія	версія	existing-unreviewed		0
vga	vga	vga	existing-unreviewed		0
virtlen	virtlen	virtlen	existing-unreviewed		0
virtmem	віртуальнийПамять	віртуальнийПамять	existing-unreviewed		0
virtualAddr	віртуальнийАдреса	віртуальнийАдреса	existing-unreviewed		0
volumeId	гучністьІДЕНТИФІКАТОР	гучністьІДЕНТИФІКАТОР	existing-unreviewed		0
volumeLabel	гучністьмітка	гучністьмітка	existing-unreviewed		0
w	w	w	existing-unreviewed		0
wDate	wДата	wДата	existing-unreviewed		0
wTime	wЧас	wЧас	existing-unreviewed		0
waitPS2InputEmpty	чекатиps2ВведенняданихПусто	чекатиps2ВведенняданихПусто	existing-unreviewed		0
waitPS2OutputFull	чекатиps2ВивідПовністю	чекатиps2ВивідПовністю	existing-unreviewed		0
wdata	wdata	wdata	existing-unreviewed		0
whence	whence	whence	existing-unreviewed		0
widget	віджет	елемент_екрана	project-proposal	widget	6
width	ширина	ширина	existing-unreviewed		0
writePS2Command	записps2Команда	записps2Команда	existing-unreviewed		0
writePS2Data	записps2data	записps2data	existing-unreviewed		0
write_count	записВідлік	записВідлік	existing-unreviewed		0
x	x	x	existing-unreviewed		0
xPageDir	xСторінкаТека	xСторінкаТека	existing-unreviewed		0
xPos	xПозиція	xПозиція	existing-unreviewed		0
y	y	y	existing-unreviewed		0
yPageDir	yСторінкаТека	yСторінкаТека	existing-unreviewed		0
yPos	yПозиція	yПозиція	existing-unreviewed		0
값	значення_3	значення_3	existing-unreviewed		0
공용서술자테이블	shareddescriptorТаблиця	shareddescriptorТаблиця	existing-unreviewed		0
기준	base_2	base_2	existing-unreviewed		0
기준_낮은	baseНизька_2	baseНизька_2	existing-unreviewed		0
기준_높은	baseВисокий_2	baseВисокий_2	existing-unreviewed		0
기준_매우높은	baseveryВисокий	baseveryВисокий	existing-unreviewed		0
기준주소	baseАдреса	baseАдреса	existing-unreviewed		0
넷카드콘솔	мережаКартковіКонсоль	мережаКартковіКонсоль	existing-unreviewed		0
단말기	terminal	terminal	existing-unreviewed		0
마우스콘솔	мишаКонсоль	мишаКонсоль	existing-unreviewed		0
매개값	argumentЗначення	argumentЗначення	existing-unreviewed		0
멈추기	halt	halt	existing-unreviewed		0
목적	призначення_3	призначення_3	existing-unreviewed		0
유형	тип_2	тип_2	existing-unreviewed		0
이더넷콘솔	ethernetКонсоль	ethernetКонсоль	existing-unreviewed		0
인터럽트무시하기	перериванняignore	перериванняignore	existing-unreviewed		0
인터럽트예외처리기	перериванняexceptionhandler	перериванняexceptionhandler	existing-unreviewed		0
인터럽트예외처리기0x00	перериванняexceptionhandler0x00	перериванняexceptionhandler0x00	existing-unreviewed		0
인터럽트예외처리기0x01	перериванняexceptionhandler0x01	перериванняexceptionhandler0x01	existing-unreviewed		0
인터럽트예외처리기0x02	перериванняexceptionhandler0x02	перериванняexceptionhandler0x02	existing-unreviewed		0
인터럽트예외처리기0x03	перериванняexceptionhandler0x03	перериванняexceptionhandler0x03	existing-unreviewed		0
인터럽트예외처리기0x04	перериванняexceptionhandler0x04	перериванняexceptionhandler0x04	existing-unreviewed		0
인터럽트예외처리기0x05	перериванняexceptionhandler0x05	перериванняexceptionhandler0x05	existing-unreviewed		0
인터럽트예외처리기0x06	перериванняexceptionhandler0x06	перериванняexceptionhandler0x06	existing-unreviewed		0
인터럽트예외처리기0x07	перериванняexceptionhandler0x07	перериванняexceptionhandler0x07	existing-unreviewed		0
인터럽트예외처리기0x08	перериванняexceptionhandler0x08	перериванняexceptionhandler0x08	existing-unreviewed		0
인터럽트예외처리기0x09	перериванняexceptionhandler0x09	перериванняexceptionhandler0x09	existing-unreviewed		0
인터럽트예외처리기0x0A	перериванняexceptionhandler0x0a	перериванняexceptionhandler0x0a	existing-unreviewed		0
인터럽트예외처리기0x0B	перериванняexceptionhandler0x0b	перериванняexceptionhandler0x0b	existing-unreviewed		0
인터럽트예외처리기0x0C	перериванняexceptionhandler0x0c	перериванняexceptionhandler0x0c	existing-unreviewed		0
인터럽트예외처리기0x0D	перериванняexceptionhandler0x0d	перериванняexceptionhandler0x0d	existing-unreviewed		0
인터럽트예외처리기0x0E	перериванняexceptionhandler0x0e	перериванняexceptionhandler0x0e	existing-unreviewed		0
인터럽트예외처리기0x0F	перериванняexceptionhandler0x0f	перериванняexceptionhandler0x0f	existing-unreviewed		0
인터럽트예외처리기0x10	перериванняexceptionhandler0x10	перериванняexceptionhandler0x10	existing-unreviewed		0
인터럽트예외처리기0x11	перериванняexceptionhandler0x11	перериванняexceptionhandler0x11	existing-unreviewed		0
인터럽트예외처리기0x12	перериванняexceptionhandler0x12	перериванняexceptionhandler0x12	existing-unreviewed		0
인터럽트예외처리기0x13	перериванняexceptionhandler0x13	перериванняexceptionhandler0x13	existing-unreviewed		0
인터럽트요청처리0x00	перериванняrequesthandler0x00	перериванняrequesthandler0x00	existing-unreviewed		0
인터럽트요청처리0x01	перериванняrequesthandler0x01	перериванняrequesthandler0x01	existing-unreviewed		0
인터럽트요청처리0x02	перериванняrequesthandler0x02	перериванняrequesthandler0x02	existing-unreviewed		0
인터럽트요청처리0x03	перериванняrequesthandler0x03	перериванняrequesthandler0x03	existing-unreviewed		0
인터럽트요청처리0x04	перериванняrequesthandler0x04	перериванняrequesthandler0x04	existing-unreviewed		0
인터럽트요청처리0x05	перериванняrequesthandler0x05	перериванняrequesthandler0x05	existing-unreviewed		0
인터럽트요청처리0x06	перериванняrequesthandler0x06	перериванняrequesthandler0x06	existing-unreviewed		0
인터럽트요청처리0x07	перериванняrequesthandler0x07	перериванняrequesthandler0x07	existing-unreviewed		0
인터럽트요청처리0x08	перериванняrequesthandler0x08	перериванняrequesthandler0x08	existing-unreviewed		0
인터럽트요청처리0x09	перериванняrequesthandler0x09	перериванняrequesthandler0x09	existing-unreviewed		0
인터럽트요청처리0x0A	перериванняrequesthandler0x0a	перериванняrequesthandler0x0a	existing-unreviewed		0
인터럽트요청처리0x0B	перериванняrequesthandler0x0b	перериванняrequesthandler0x0b	existing-unreviewed		0
인터럽트요청처리0x0C	перериванняrequesthandler0x0c	перериванняrequesthandler0x0c	existing-unreviewed		0
인터럽트요청처리0x0D	перериванняrequesthandler0x0d	перериванняrequesthandler0x0d	existing-unreviewed		0
인터럽트요청처리0x0E	перериванняrequesthandler0x0e	перериванняrequesthandler0x0e	existing-unreviewed		0
인터럽트요청처리0x0F	перериванняrequesthandler0x0f	перериванняrequesthandler0x0f	existing-unreviewed		0
인터럽트요청처리0x80	перериванняrequesthandler0x80	перериванняrequesthandler0x80	existing-unreviewed		0
인터럽트요청처리0x81	перериванняrequesthandler0x81	перериванняrequesthandler0x81	existing-unreviewed		0
인터럽트요청처리0x82	перериванняrequesthandler0x82	перериванняrequesthandler0x82	existing-unreviewed		0
인터럽트처리기	перериванняhandler_2	перериванняhandler_2	existing-unreviewed		0
임시	temporary_2	temporary_2	existing-unreviewed		0
자료	data_2	data_2	existing-unreviewed		0
자신	поточний_2	поточний_2	existing-unreviewed		0
작업관리자	задачаmanager_2	задачаmanager_2	existing-unreviewed		0
작업콘솔	задачаКонсоль	задачаКонсоль	existing-unreviewed		0
조각설명자	segmentdescriptor	segmentdescriptor	existing-unreviewed		0
콘솔	консоль_2	консоль_2	existing-unreviewed		0
크기	розмір_2	розмір_2	existing-unreviewed		0
키보드콘솔	клавіатураКонсоль	клавіатураКонсоль	existing-unreviewed		0
표시들	прапори_2	прапори_2	existing-unreviewed		0
표시들_한도_높은	прапориОбмеженняВисокий	прапориОбмеженняВисокий	existing-unreviewed		0
한도	обмеження_2	обмеження_2	existing-unreviewed		0
한도_낮은	обмеженняНизька_2	обмеженняНизька_2	existing-unreviewed		0
