kind	original	reason
concept	allocate_memory	missing whole-phrase translation; English is not a native-language translation
concept	append	missing whole-phrase translation; English is not a native-language translation
concept	bitmap	missing whole-phrase translation; English is not a native-language translation
concept	boot	missing whole-phrase translation; English is not a native-language translation
concept	boot_record	missing whole-phrase translation; English is not a native-language translation
concept	bus	missing whole-phrase translation; English is not a native-language translation
concept	compile_kernel	missing whole-phrase translation; English is not a native-language translation
concept	destination_port	missing whole-phrase translation; English is not a native-language translation
concept	elf	missing whole-phrase translation; English is not a native-language translation
concept	error_number	missing whole-phrase translation; English is not a native-language translation
concept	ethernet_frame	missing whole-phrase translation; English is not a native-language translation
concept	ethernet_header	missing whole-phrase translation; English is not a native-language translation
concept	ethernet_provider	missing whole-phrase translation; English is not a native-language translation
concept	fat_parameters	missing whole-phrase translation; English is not a native-language translation
concept	file_control	missing whole-phrase translation; English is not a native-language translation
concept	file_read	missing whole-phrase translation; English is not a native-language translation
concept	file_status	missing whole-phrase translation; English is not a native-language translation
concept	file_write	missing whole-phrase translation; English is not a native-language translation
concept	free_memory	missing whole-phrase translation; English is not a native-language translation
concept	headers	missing whole-phrase translation; English is not a native-language translation
concept	heap	missing whole-phrase translation; English is not a native-language translation
concept	icmp	missing whole-phrase translation; English is not a native-language translation
concept	implementation	missing whole-phrase translation; English is not a native-language translation
concept	insert_at	missing whole-phrase translation; English is not a native-language translation
concept	internet	missing whole-phrase translation; English is not a native-language translation
concept	ip_provider	missing whole-phrase translation; English is not a native-language translation
concept	ipv4	missing whole-phrase translation; English is not a native-language translation
concept	link_layout	missing whole-phrase translation; English is not a native-language translation
concept	list_node	missing whole-phrase translation; English is not a native-language translation
concept	log_decoder	missing whole-phrase translation; English is not a native-language translation
concept	mouse	missing whole-phrase translation; English is not a native-language translation
concept	page_directory	missing whole-phrase translation; English is not a native-language translation
concept	page_frame	missing whole-phrase translation; English is not a native-language translation
concept	pointer	missing whole-phrase translation; English is not a native-language translation
concept	prepend	missing whole-phrase translation; English is not a native-language translation
concept	register	missing whole-phrase translation; English is not a native-language translation
concept	set_coordinates	missing whole-phrase translation; English is not a native-language translation
concept	source_port	missing whole-phrase translation; English is not a native-language translation
concept	stack	missing whole-phrase translation; English is not a native-language translation
concept	startup	missing whole-phrase translation; English is not a native-language translation
concept	structure_offsets	missing whole-phrase translation; English is not a native-language translation
concept	system_call	missing whole-phrase translation; English is not a native-language translation
concept	tests	missing whole-phrase translation; English is not a native-language translation
concept	toggle_bit	missing whole-phrase translation; English is not a native-language translation
concept	tools	missing whole-phrase translation; English is not a native-language translation
concept	udp	missing whole-phrase translation; English is not a native-language translation
concept	udp_header	missing whole-phrase translation; English is not a native-language translation
concept	udp_socket	missing whole-phrase translation; English is not a native-language translation
concept	user_space	missing whole-phrase translation; English is not a native-language translation
concept	widget	missing whole-phrase translation; English is not a native-language translation
identifier	Activate	existing spelling retained; current-function and linguistic review incomplete
identifier	ActivateAll	existing spelling retained; current-function and linguistic review incomplete
identifier	Active	existing spelling retained; current-function and linguistic review incomplete
identifier	ActiveInterruptManager	existing spelling retained; current-function and linguistic review incomplete
identifier	ActiveMemoryManager	existing spelling retained; current-function and linguistic review incomplete
identifier	Add	existing spelling retained; current-function and linguistic review incomplete
identifier	AddDriver	existing spelling retained; current-function and linguistic review incomplete
identifier	AddRunnableThread	existing spelling retained; current-function and linguistic review incomplete
identifier	AddTask	existing spelling retained; current-function and linguistic review incomplete
identifier	AddThread	existing spelling retained; current-function and linguistic review incomplete
identifier	Address	existing spelling retained; current-function and linguistic review incomplete
identifier	AlignedMalloc	existing spelling retained; current-function and linguistic review incomplete
identifier	AlignmentCheck	existing spelling retained; current-function and linguistic review incomplete
identifier	AllocateBlock	existing spelling retained; current-function and linguistic review incomplete
identifier	AllocatePID	existing spelling retained; current-function and linguistic review incomplete
identifier	AmountOfMemory	existing spelling retained; current-function and linguistic review incomplete
identifier	ArrayToUint16	existing spelling retained; current-function and linguistic review incomplete
identifier	ArrayToUint32	existing spelling retained; current-function and linguistic review incomplete
identifier	ArrayToUint48	existing spelling retained; current-function and linguistic review incomplete
identifier	ArrayToUint48_BE	existing spelling retained; current-function and linguistic review incomplete
identifier	ArrayToUint64	existing spelling retained; current-function and linguistic review incomplete
identifier	Atime	existing spelling retained; current-function and linguistic review incomplete
identifier	AtimeNsec	existing spelling retained; current-function and linguistic review incomplete
identifier	BLOCKS_PER_BYTE	existing spelling retained; current-function and linguistic review incomplete
identifier	BLOCK_SIZE	existing spelling retained; current-function and linguistic review incomplete
identifier	Backend	existing spelling retained; current-function and linguistic review incomplete
identifier	BaseAddr	existing spelling retained; current-function and linguistic review incomplete
identifier	Bind	existing spelling retained; current-function and linguistic review incomplete
identifier	Blksize	existing spelling retained; current-function and linguistic review incomplete
identifier	Blocked	existing spelling retained; current-function and linguistic review incomplete
identifier	BlockedState	existing spelling retained; current-function and linguistic review incomplete
identifier	Blocks	existing spelling retained; current-function and linguistic review incomplete
identifier	BoundRangeExceeded	existing spelling retained; current-function and linguistic review incomplete
identifier	BroadcastMacAddress	existing spelling retained; current-function and linguistic review incomplete
identifier	BytesPerSector	existing spelling retained; current-function and linguistic review incomplete
identifier	BytesToString	existing spelling retained; current-function and linguistic review incomplete
identifier	Checksum	existing spelling retained; current-function and linguistic review incomplete
identifier	Clear	existing spelling retained; current-function and linguistic review incomplete
identifier	Clone	existing spelling retained; current-function and linguistic review incomplete
identifier	CloneAddressSpaceCOW	existing spelling retained; current-function and linguistic review incomplete
identifier	Connect	existing spelling retained; current-function and linguistic review incomplete
identifier	ContainsCoordinate	existing spelling retained; current-function and linguistic review incomplete
identifier	CopyPageFrameBlock	existing spelling retained; current-function and linguistic review incomplete
identifier	CpuState	existing spelling retained; current-function and linguistic review incomplete
identifier	Create	existing spelling retained; current-function and linguistic review incomplete
identifier	CreateFromData	existing spelling retained; current-function and linguistic review incomplete
identifier	CreateFromFunction	existing spelling retained; current-function and linguistic review incomplete
identifier	CreatePtrFromFunction	existing spelling retained; current-function and linguistic review incomplete
identifier	Cs	existing spelling retained; current-function and linguistic review incomplete
identifier	Ctime	existing spelling retained; current-function and linguistic review incomplete
identifier	CtimeNsec	existing spelling retained; current-function and linguistic review incomplete
identifier	CurrentPID	existing spelling retained; current-function and linguistic review incomplete
identifier	CurrentParentPID	existing spelling retained; current-function and linguistic review incomplete
identifier	Deactivate	existing spelling retained; current-function and linguistic review incomplete
identifier	Deactive	existing spelling retained; current-function and linguistic review incomplete
identifier	Decrement	existing spelling retained; current-function and linguistic review incomplete
identifier	Delete	existing spelling retained; current-function and linguistic review incomplete
identifier	DescriptorPrivilegeLevel	existing spelling retained; current-function and linguistic review incomplete
identifier	DescriptorType	existing spelling retained; current-function and linguistic review incomplete
identifier	Destroy	existing spelling retained; current-function and linguistic review incomplete
identifier	Dev	existing spelling retained; current-function and linguistic review incomplete
identifier	DeviceHasFunctions	existing spelling retained; current-function and linguistic review incomplete
identifier	DeviceNotAvailable	existing spelling retained; current-function and linguistic review incomplete
identifier	Device_id	existing spelling retained; current-function and linguistic review incomplete
identifier	DisableInt	existing spelling retained; current-function and linguistic review incomplete
identifier	Disconnect	existing spelling retained; current-function and linguistic review incomplete
identifier	DivideByZero	existing spelling retained; current-function and linguistic review incomplete
identifier	DoHandleInterrupt	existing spelling retained; current-function and linguistic review incomplete
identifier	DoubleFault	existing spelling retained; current-function and linguistic review incomplete
identifier	Draw	existing spelling retained; current-function and linguistic review incomplete
identifier	DriverManager	existing spelling retained; current-function and linguistic review incomplete
identifier	Ds	existing spelling retained; current-function and linguistic review incomplete
identifier	Dynamic	existing spelling retained; current-function and linguistic review incomplete
identifier	E2BIG	existing spelling retained; current-function and linguistic review incomplete
identifier	EACCES	existing spelling retained; current-function and linguistic review incomplete
identifier	EADDRINUSE	existing spelling retained; current-function and linguistic review incomplete
identifier	EAFNOSUPPORT	existing spelling retained; current-function and linguistic review incomplete
identifier	EAGAIN	existing spelling retained; current-function and linguistic review incomplete
identifier	EBADF	existing spelling retained; current-function and linguistic review incomplete
identifier	EBUSY	existing spelling retained; current-function and linguistic review incomplete
identifier	ECHILD	existing spelling retained; current-function and linguistic review incomplete
identifier	EEXIST	existing spelling retained; current-function and linguistic review incomplete
identifier	EFAULT	existing spelling retained; current-function and linguistic review incomplete
identifier	EFBIG	existing spelling retained; current-function and linguistic review incomplete
identifier	EINTR	existing spelling retained; current-function and linguistic review incomplete
identifier	EINVAL	existing spelling retained; current-function and linguistic review incomplete
identifier	EIO	existing spelling retained; current-function and linguistic review incomplete
identifier	EISDIR	existing spelling retained; current-function and linguistic review incomplete
identifier	EMFILE	existing spelling retained; current-function and linguistic review incomplete
identifier	EMSGSIZE	existing spelling retained; current-function and linguistic review incomplete
identifier	ENETUNREACH	existing spelling retained; current-function and linguistic review incomplete
identifier	ENFILE	existing spelling retained; current-function and linguistic review incomplete
identifier	ENODEV	existing spelling retained; current-function and linguistic review incomplete
identifier	ENOENT	existing spelling retained; current-function and linguistic review incomplete
identifier	ENOEXEC	existing spelling retained; current-function and linguistic review incomplete
identifier	ENOMEM	existing spelling retained; current-function and linguistic review incomplete
identifier	ENOSPC	existing spelling retained; current-function and linguistic review incomplete
identifier	ENOSYS	existing spelling retained; current-function and linguistic review incomplete
identifier	ENOTCONN	existing spelling retained; current-function and linguistic review incomplete
identifier	ENOTDIR	existing spelling retained; current-function and linguistic review incomplete
identifier	ENOTTY	existing spelling retained; current-function and linguistic review incomplete
identifier	EOPNOTSUPP	existing spelling retained; current-function and linguistic review incomplete
identifier	EPERM	existing spelling retained; current-function and linguistic review incomplete
identifier	EPROTONOSUPPORT	existing spelling retained; current-function and linguistic review incomplete
identifier	ERANGE	existing spelling retained; current-function and linguistic review incomplete
identifier	EROFS	existing spelling retained; current-function and linguistic review incomplete
identifier	ESPIPE	existing spelling retained; current-function and linguistic review incomplete
identifier	ESRCH	existing spelling retained; current-function and linguistic review incomplete
identifier	Eax	existing spelling retained; current-function and linguistic review incomplete
identifier	Ebp	existing spelling retained; current-function and linguistic review incomplete
identifier	Ebx	existing spelling retained; current-function and linguistic review incomplete
identifier	Ecx	existing spelling retained; current-function and linguistic review incomplete
identifier	Edi	existing spelling retained; current-function and linguistic review incomplete
identifier	Edx	existing spelling retained; current-function and linguistic review incomplete
identifier	Eflags	existing spelling retained; current-function and linguistic review incomplete
identifier	Eip	existing spelling retained; current-function and linguistic review incomplete
identifier	Elf	existing spelling retained; current-function and linguistic review incomplete
identifier	Elf32Dyn	existing spelling retained; current-function and linguistic review incomplete
identifier	Elf32Note	existing spelling retained; current-function and linguistic review incomplete
identifier	Elf32Rel	existing spelling retained; current-function and linguistic review incomplete
identifier	Elf32Rela	existing spelling retained; current-function and linguistic review incomplete
identifier	Elf32Sym	existing spelling retained; current-function and linguistic review incomplete
identifier	ElfHeader	existing spelling retained; current-function and linguistic review incomplete
identifier	ElfProgramHeader	existing spelling retained; current-function and linguistic review incomplete
identifier	ElfSectionHeader	existing spelling retained; current-function and linguistic review incomplete
identifier	EnablePaging	existing spelling retained; current-function and linguistic review incomplete
identifier	Enabled	existing spelling retained; current-function and linguistic review incomplete
identifier	EntryNumber	existing spelling retained; current-function and linguistic review incomplete
identifier	EqualBytes	existing spelling retained; current-function and linguistic review incomplete
identifier	Es	existing spelling retained; current-function and linguistic review incomplete
identifier	Esi	existing spelling retained; current-function and linguistic review incomplete
identifier	Esp	existing spelling retained; current-function and linguistic review incomplete
identifier	FPUBuffer	existing spelling retained; current-function and linguistic review incomplete
identifier	FPUOffset	existing spelling retained; current-function and linguistic review incomplete
identifier	Family	existing spelling retained; current-function and linguistic review incomplete
identifier	FileName	existing spelling retained; current-function and linguistic review incomplete
identifier	Fill	existing spelling retained; current-function and linguistic review incomplete
identifier	FillRectangle	existing spelling retained; current-function and linguistic review incomplete
identifier	First	existing spelling retained; current-function and linguistic review incomplete
identifier	FirstFree	existing spelling retained; current-function and linguistic review incomplete
identifier	FirstFreeSize	existing spelling retained; current-function and linguistic review incomplete
identifier	Flags	existing spelling retained; current-function and linguistic review incomplete
identifier	FloatingPointException	existing spelling retained; current-function and linguistic review incomplete
identifier	Flush	existing spelling retained; current-function and linguistic review incomplete
identifier	FlushTlsTable	existing spelling retained; current-function and linguistic review incomplete
identifier	Focussable	existing spelling retained; current-function and linguistic review incomplete
identifier	Free	existing spelling retained; current-function and linguistic review incomplete
identifier	Fs	existing spelling retained; current-function and linguistic review incomplete
identifier	GB	existing spelling retained; current-function and linguistic review incomplete
identifier	GDT_ENTRIES	existing spelling retained; current-function and linguistic review incomplete
identifier	GOT	existing spelling retained; current-function and linguistic review incomplete
identifier	GPFException	existing spelling retained; current-function and linguistic review incomplete
identifier	GatewayIP	existing spelling retained; current-function and linguistic review incomplete
identifier	GdtAddressHigh	existing spelling retained; current-function and linguistic review incomplete
identifier	GdtAddressLow	existing spelling retained; current-function and linguistic review incomplete
identifier	GdtDescriptor	existing spelling retained; current-function and linguistic review incomplete
identifier	GdtEntry	existing spelling retained; current-function and linguistic review incomplete
identifier	GdtSize	existing spelling retained; current-function and linguistic review incomplete
identifier	GetAt	existing spelling retained; current-function and linguistic review incomplete
identifier	GetBackend	existing spelling retained; current-function and linguistic review incomplete
identifier	GetBaseAddressRegister	existing spelling retained; current-function and linguistic review incomplete
identifier	GetBitmaspSize	existing spelling retained; current-function and linguistic review incomplete
identifier	GetBytesFromPtr	existing spelling retained; current-function and linguistic review incomplete
identifier	GetCR0	existing spelling retained; current-function and linguistic review incomplete
identifier	GetCR2	existing spelling retained; current-function and linguistic review incomplete
identifier	GetCR3	existing spelling retained; current-function and linguistic review incomplete
identifier	GetCR4	existing spelling retained; current-function and linguistic review incomplete
identifier	GetColorIndex	existing spelling retained; current-function and linguistic review incomplete
identifier	GetDeviceDescriptor	existing spelling retained; current-function and linguistic review incomplete
identifier	GetDriver	existing spelling retained; current-function and linguistic review incomplete
identifier	GetESP0	existing spelling retained; current-function and linguistic review incomplete
identifier	GetEntry	existing spelling retained; current-function and linguistic review incomplete
identifier	GetFileSize	existing spelling retained; current-function and linguistic review incomplete
identifier	GetFocus	existing spelling retained; current-function and linguistic review incomplete
identifier	GetFrameBufferSegment	existing spelling retained; current-function and linguistic review incomplete
identifier	GetFuncPtrFromPtr	existing spelling retained; current-function and linguistic review incomplete
identifier	GetFunctionName	existing spelling retained; current-function and linguistic review incomplete
identifier	GetHandler	existing spelling retained; current-function and linguistic review incomplete
identifier	GetIPAddress	existing spelling retained; current-function and linguistic review incomplete
identifier	GetMACAddress	existing spelling retained; current-function and linguistic review incomplete
identifier	GetMACFromCache	existing spelling retained; current-function and linguistic review incomplete
identifier	GetNextReadyThread	existing spelling retained; current-function and linguistic review incomplete
identifier	GetNodeAt	existing spelling retained; current-function and linguistic review incomplete
identifier	GetProvider	existing spelling retained; current-function and linguistic review incomplete
identifier	GetSS0	existing spelling retained; current-function and linguistic review incomplete
identifier	GetStr	existing spelling retained; current-function and linguistic review incomplete
identifier	GetUint32ArrayFromPtr	existing spelling retained; current-function and linguistic review incomplete
identifier	GetUintptrArrayFromPtr	existing spelling retained; current-function and linguistic review incomplete
identifier	GetValue	existing spelling retained; current-function and linguistic review incomplete
identifier	GetValueInPageDir	existing spelling retained; current-function and linguistic review incomplete
identifier	Gid	existing spelling retained; current-function and linguistic review incomplete
identifier	Gs	existing spelling retained; current-function and linguistic review incomplete
identifier	HandleException	existing spelling retained; current-function and linguistic review incomplete
identifier	HandleFatalInterruptFrame	existing spelling retained; current-function and linguistic review incomplete
identifier	HandleInterrupt	existing spelling retained; current-function and linguistic review incomplete
identifier	HandleInterrupt1	existing spelling retained; current-function and linguistic review incomplete
identifier	HandleUserDatagramProtocolMessage	existing spelling retained; current-function and linguistic review incomplete
identifier	IDT_DESC_PRESENT	existing spelling retained; current-function and linguistic review incomplete
identifier	IDT_INTERRUPT_GATE	existing spelling retained; current-function and linguistic review incomplete
identifier	IDriver	existing spelling retained; current-function and linguistic review incomplete
identifier	IEtherFrameHandler	existing spelling retained; current-function and linguistic review incomplete
identifier	IInternetProtocolHandler	existing spelling retained; current-function and linguistic review incomplete
identifier	IInterruptHandler	existing spelling retained; current-function and linguistic review incomplete
identifier	IKeyboardEventHandler	existing spelling retained; current-function and linguistic review incomplete
identifier	IMouseEventHandler	existing spelling retained; current-function and linguistic review incomplete
identifier	IPCIControllerHandler	existing spelling retained; current-function and linguistic review incomplete
identifier	IPCache	existing spelling retained; current-function and linguistic review incomplete
identifier	IP_BE	existing spelling retained; current-function and linguistic review incomplete
identifier	IRawDataHandler	existing spelling retained; current-function and linguistic review incomplete
identifier	ITimerEventHandler	existing spelling retained; current-function and linguistic review incomplete
identifier	IUserDatagramProtocolHandler	existing spelling retained; current-function and linguistic review incomplete
identifier	IUserDatagramProtocolSocket	existing spelling retained; current-function and linguistic review incomplete
identifier	IWidget	existing spelling retained; current-function and linguistic review incomplete
identifier	Identify	existing spelling retained; current-function and linguistic review incomplete
identifier	Increment	existing spelling retained; current-function and linguistic review incomplete
identifier	IndexOf	existing spelling retained; current-function and linguistic review incomplete
identifier	Init	existing spelling retained; current-function and linguistic review incomplete
identifier	InitDriver	existing spelling retained; current-function and linguistic review incomplete
identifier	InitialThreadUserJump	existing spelling retained; current-function and linguistic review incomplete
identifier	Ino	existing spelling retained; current-function and linguistic review incomplete
identifier	Install	existing spelling retained; current-function and linguistic review incomplete
identifier	Interrupt	existing spelling retained; current-function and linguistic review incomplete
identifier	InterruptActive	existing spelling retained; current-function and linguistic review incomplete
identifier	InterruptDeactive	existing spelling retained; current-function and linguistic review incomplete
identifier	InterruptManager	existing spelling retained; current-function and linguistic review incomplete
identifier	InterruptNumber	existing spelling retained; current-function and linguistic review incomplete
identifier	InvalidOpcode	existing spelling retained; current-function and linguistic review incomplete
identifier	InvalidTSS	existing spelling retained; current-function and linguistic review incomplete
identifier	IsKernel	existing spelling retained; current-function and linguistic review incomplete
identifier	IsPresent	existing spelling retained; current-function and linguistic review incomplete
identifier	IsUserSpace	existing spelling retained; current-function and linguistic review incomplete
identifier	KB	existing spelling retained; current-function and linguistic review incomplete
identifier	KCS_INDEX	existing spelling retained; current-function and linguistic review incomplete
identifier	KCS_SELECTOR	existing spelling retained; current-function and linguistic review incomplete
identifier	KDS_INDEX	existing spelling retained; current-function and linguistic review incomplete
identifier	KDS_SELECTOR	existing spelling retained; current-function and linguistic review incomplete
identifier	KERNEL_HEAP_START	existing spelling retained; current-function and linguistic review incomplete
identifier	KERNEL_VIRT_ADDR	existing spelling retained; current-function and linguistic review incomplete
identifier	KGS_INDEX	existing spelling retained; current-function and linguistic review incomplete
identifier	KGS_SELECTOR	existing spelling retained; current-function and linguistic review incomplete
identifier	LIDT	existing spelling retained; current-function and linguistic review incomplete
identifier	Last	existing spelling retained; current-function and linguistic review incomplete
identifier	Limit	existing spelling retained; current-function and linguistic review incomplete
identifier	Link	existing spelling retained; current-function and linguistic review incomplete
identifier	LinkMap	existing spelling retained; current-function and linguistic review incomplete
identifier	LinkedList	existing spelling retained; current-function and linguistic review incomplete
identifier	Listen	existing spelling retained; current-function and linguistic review incomplete
identifier	LoadElf	existing spelling retained; current-function and linguistic review incomplete
identifier	MAC	existing spelling retained; current-function and linguistic review incomplete
identifier	MAC0	existing spelling retained; current-function and linguistic review incomplete
identifier	MAC1	existing spelling retained; current-function and linguistic review incomplete
identifier	MAC2	existing spelling retained; current-function and linguistic review incomplete
identifier	MAC3	existing spelling retained; current-function and linguistic review incomplete
identifier	MAC4	existing spelling retained; current-function and linguistic review incomplete
identifier	MAC5	existing spelling retained; current-function and linguistic review incomplete
identifier	MACAddress0Port	existing spelling retained; current-function and linguistic review incomplete
identifier	MACAddress2Port	existing spelling retained; current-function and linguistic review incomplete
identifier	MACAddress4Port	existing spelling retained; current-function and linguistic review incomplete
identifier	MACCache	existing spelling retained; current-function and linguistic review incomplete
identifier	MAX_QUEUE_SIZE	existing spelling retained; current-function and linguistic review incomplete
identifier	MB	existing spelling retained; current-function and linguistic review incomplete
identifier	MBR	existing spelling retained; current-function and linguistic review incomplete
identifier	MHex출력	existing spelling retained; current-function and linguistic review incomplete
identifier	MHex출력XY	existing spelling retained; current-function and linguistic review incomplete
identifier	MUint16출력	existing spelling retained; current-function and linguistic review incomplete
identifier	MUint16출력XY	existing spelling retained; current-function and linguistic review incomplete
identifier	MUint32출력	existing spelling retained; current-function and linguistic review incomplete
identifier	MUint32출력XY	existing spelling retained; current-function and linguistic review incomplete
identifier	MUint64출력	existing spelling retained; current-function and linguistic review incomplete
identifier	MUint64출력XY	existing spelling retained; current-function and linguistic review incomplete
identifier	Machine	existing spelling retained; current-function and linguistic review incomplete
identifier	MachineCheck	existing spelling retained; current-function and linguistic review incomplete
identifier	MakeRangePrivateWritable	existing spelling retained; current-function and linguistic review incomplete
identifier	Malloc	existing spelling retained; current-function and linguistic review incomplete
identifier	MemCmp	existing spelling retained; current-function and linguistic review incomplete
identifier	MemCpy	existing spelling retained; current-function and linguistic review incomplete
identifier	MemMove	existing spelling retained; current-function and linguistic review incomplete
identifier	MemSet	existing spelling retained; current-function and linguistic review incomplete
identifier	MemoryOper	existing spelling retained; current-function and linguistic review incomplete
identifier	Mode	existing spelling retained; current-function and linguistic review incomplete
identifier	ModelToScreen	existing spelling retained; current-function and linguistic review incomplete
identifier	Mtime	existing spelling retained; current-function and linguistic review incomplete
identifier	MtimeNsec	existing spelling retained; current-function and linguistic review incomplete
identifier	MyHandleInterrupt	existing spelling retained; current-function and linguistic review incomplete
identifier	MyTest	existing spelling retained; current-function and linguistic review incomplete
identifier	M긴급로그Hex8	existing spelling retained; current-function and linguistic review incomplete
identifier	M긴급로그Uint32	existing spelling retained; current-function and linguistic review incomplete
identifier	M긴급로그문자열	existing spelling retained; current-function and linguistic review incomplete
identifier	M직렬로그초기화	existing spelling retained; current-function and linguistic review incomplete
identifier	M출력	existing spelling retained; current-function and linguistic review incomplete
identifier	M출력BytesXY	existing spelling retained; current-function and linguistic review incomplete
identifier	M출력Hex	existing spelling retained; current-function and linguistic review incomplete
identifier	M출력Uint16	existing spelling retained; current-function and linguistic review incomplete
identifier	M출력Uint32	existing spelling retained; current-function and linguistic review incomplete
identifier	M출력XY	existing spelling retained; current-function and linguistic review incomplete
identifier	M테스트	existing spelling retained; current-function and linguistic review incomplete
identifier	NMI	existing spelling retained; current-function and linguistic review incomplete
identifier	New	existing spelling retained; current-function and linguistic review incomplete
identifier	NewInterruptHandler	existing spelling retained; current-function and linguistic review incomplete
identifier	Next	existing spelling retained; current-function and linguistic review incomplete
identifier	Nlink	existing spelling retained; current-function and linguistic review incomplete
identifier	Node	existing spelling retained; current-function and linguistic review incomplete
identifier	Nodename	existing spelling retained; current-function and linguistic review incomplete
identifier	OnEtherFrameReceived	existing spelling retained; current-function and linguistic review incomplete
identifier	OnGetDriver	existing spelling retained; current-function and linguistic review incomplete
identifier	OnInternetProtocolReceived	existing spelling retained; current-function and linguistic review incomplete
identifier	OnKeyDown	existing spelling retained; current-function and linguistic review incomplete
identifier	OnKeyUp	existing spelling retained; current-function and linguistic review incomplete
identifier	OnMouseDown	existing spelling retained; current-function and linguistic review incomplete
identifier	OnMouseMove	existing spelling retained; current-function and linguistic review incomplete
identifier	OnMouseUp	existing spelling retained; current-function and linguistic review incomplete
identifier	OnRawDataReceived	existing spelling retained; current-function and linguistic review incomplete
identifier	OnTick	existing spelling retained; current-function and linguistic review incomplete
identifier	Overflow	existing spelling retained; current-function and linguistic review incomplete
identifier	P1LinkMap	existing spelling retained; current-function and linguistic review incomplete
identifier	P2LinkMap	existing spelling retained; current-function and linguistic review incomplete
identifier	P3LinkMap	existing spelling retained; current-function and linguistic review incomplete
identifier	PAGE_COW	existing spelling retained; current-function and linguistic review incomplete
identifier	PAGE_FRAME	existing spelling retained; current-function and linguistic review incomplete
identifier	PAGE_PRESENT	existing spelling retained; current-function and linguistic review incomplete
identifier	PAGE_USER	existing spelling retained; current-function and linguistic review incomplete
identifier	PAGE_WRITABLE	existing spelling retained; current-function and linguistic review incomplete
identifier	PAUSE_LOOP	existing spelling retained; current-function and linguistic review incomplete
identifier	PICMasterCommandPort	existing spelling retained; current-function and linguistic review incomplete
identifier	PICMasterDataPort	existing spelling retained; current-function and linguistic review incomplete
identifier	PICSlaveCommandPort	existing spelling retained; current-function and linguistic review incomplete
identifier	PICSlaveDataPort	existing spelling retained; current-function and linguistic review incomplete
identifier	PRESENT	existing spelling retained; current-function and linguistic review incomplete
identifier	PRIV_KERNEL	existing spelling retained; current-function and linguistic review incomplete
identifier	PRIV_USER	existing spelling retained; current-function and linguistic review incomplete
identifier	PROC_USER_HEAP_SIZE	existing spelling retained; current-function and linguistic review incomplete
identifier	PageDirEntry	existing spelling retained; current-function and linguistic review incomplete
identifier	PageDirectoryEntry	existing spelling retained; current-function and linguistic review incomplete
identifier	PageFault	existing spelling retained; current-function and linguistic review incomplete
identifier	PageFaultException	existing spelling retained; current-function and linguistic review incomplete
identifier	PageRoundDown	existing spelling retained; current-function and linguistic review incomplete
identifier	PageRoundUp	existing spelling retained; current-function and linguistic review incomplete
identifier	PageTableEntry	existing spelling retained; current-function and linguistic review incomplete
identifier	Paging	existing spelling retained; current-function and linguistic review incomplete
identifier	ParentPid	existing spelling retained; current-function and linguistic review incomplete
identifier	Parse	existing spelling retained; current-function and linguistic review incomplete
identifier	Partition_id	existing spelling retained; current-function and linguistic review incomplete
identifier	PhyMemTest	existing spelling retained; current-function and linguistic review incomplete
identifier	PhysicalMemoryManager	existing spelling retained; current-function and linguistic review incomplete
identifier	Pid	existing spelling retained; current-function and linguistic review incomplete
identifier	Port	existing spelling retained; current-function and linguistic review incomplete
identifier	PortBase	existing spelling retained; current-function and linguistic review incomplete
identifier	PortInByte	existing spelling retained; current-function and linguistic review incomplete
identifier	PortInDword	existing spelling retained; current-function and linguistic review incomplete
identifier	PortInWord	existing spelling retained; current-function and linguistic review incomplete
identifier	PortOutByte	existing spelling retained; current-function and linguistic review incomplete
identifier	PortOutDword	existing spelling retained; current-function and linguistic review incomplete
identifier	PortOutWord	existing spelling retained; current-function and linguistic review incomplete
identifier	PortReadByte	existing spelling retained; current-function and linguistic review incomplete
identifier	PortReadDword	existing spelling retained; current-function and linguistic review incomplete
identifier	PortReadWord	existing spelling retained; current-function and linguistic review incomplete
identifier	PortWriteByte	existing spelling retained; current-function and linguistic review incomplete
identifier	PortWriteDword	existing spelling retained; current-function and linguistic review incomplete
identifier	PortWriteWord	existing spelling retained; current-function and linguistic review incomplete
identifier	Prev	existing spelling retained; current-function and linguistic review incomplete
identifier	PrevTSS	existing spelling retained; current-function and linguistic review incomplete
identifier	PrimaryPartition	existing spelling retained; current-function and linguistic review incomplete
identifier	Print	existing spelling retained; current-function and linguistic review incomplete
identifier	PrintBytes	existing spelling retained; current-function and linguistic review incomplete
identifier	PrintStr	existing spelling retained; current-function and linguistic review incomplete
identifier	PrintTLS	existing spelling retained; current-function and linguistic review incomplete
identifier	PrintTest	existing spelling retained; current-function and linguistic review incomplete
identifier	Process	existing spelling retained; current-function and linguistic review incomplete
identifier	ProcessHelper	existing spelling retained; current-function and linguistic review incomplete
identifier	ProcessPendingKeyboardEvents	existing spelling retained; current-function and linguistic review incomplete
identifier	ProcessPendingMouseEvents	existing spelling retained; current-function and linguistic review incomplete
identifier	PushAt	existing spelling retained; current-function and linguistic review incomplete
identifier	PushBack	existing spelling retained; current-function and linguistic review incomplete
identifier	PushFront	existing spelling retained; current-function and linguistic review incomplete
identifier	PutPixel	existing spelling retained; current-function and linguistic review incomplete
identifier	PutPixelRGB	existing spelling retained; current-function and linguistic review incomplete
identifier	QUEUE_START_ADDR	existing spelling retained; current-function and linguistic review incomplete
identifier	Rdev	existing spelling retained; current-function and linguistic review incomplete
identifier	Read	existing spelling retained; current-function and linguistic review incomplete
identifier	Read28	existing spelling retained; current-function and linguistic review incomplete
identifier	ReadFile	existing spelling retained; current-function and linguistic review incomplete
identifier	ReadPartitions	existing spelling retained; current-function and linguistic review incomplete
identifier	Ready	existing spelling retained; current-function and linguistic review incomplete
identifier	Receive	existing spelling retained; current-function and linguistic review incomplete
identifier	Ref	existing spelling retained; current-function and linguistic review incomplete
identifier	Release	existing spelling retained; current-function and linguistic review incomplete
identifier	ReloadCR3	existing spelling retained; current-function and linguistic review incomplete
identifier	Remove	existing spelling retained; current-function and linguistic review incomplete
identifier	RemoveAt	existing spelling retained; current-function and linguistic review incomplete
identifier	RemoveThread	existing spelling retained; current-function and linguistic review incomplete
identifier	RemoveThreadAt	existing spelling retained; current-function and linguistic review incomplete
identifier	RequestMacAddress	existing spelling retained; current-function and linguistic review incomplete
identifier	Reset	existing spelling retained; current-function and linguistic review incomplete
identifier	Resolve	existing spelling retained; current-function and linguistic review incomplete
identifier	ResolveCopyOnWriteFault	existing spelling retained; current-function and linguistic review incomplete
identifier	SCHEDULER_FREQUENCY	existing spelling retained; current-function and linguistic review incomplete
identifier	SEG_BIG_MODE	existing spelling retained; current-function and linguistic review incomplete
identifier	SEG_EXEC	existing spelling retained; current-function and linguistic review incomplete
identifier	SEG_GRAN_4K_PAGE	existing spelling retained; current-function and linguistic review incomplete
identifier	SEG_GRAN_BYTE	existing spelling retained; current-function and linguistic review incomplete
identifier	SEG_KERNEL_CODE	existing spelling retained; current-function and linguistic review incomplete
identifier	SEG_KERNEL_DATA	existing spelling retained; current-function and linguistic review incomplete
identifier	SEG_KERNEL_GS	existing spelling retained; current-function and linguistic review incomplete
identifier	SEG_NOEXEC	existing spelling retained; current-function and linguistic review incomplete
identifier	SEG_NORMAL	existing spelling retained; current-function and linguistic review incomplete
identifier	SEG_NORW	existing spelling retained; current-function and linguistic review incomplete
identifier	SEG_R	existing spelling retained; current-function and linguistic review incomplete
identifier	SEG_SYSTEM	existing spelling retained; current-function and linguistic review incomplete
identifier	SEG_TASK_STATE	existing spelling retained; current-function and linguistic review incomplete
identifier	SEG_USER_CODE	existing spelling retained; current-function and linguistic review incomplete
identifier	SEG_USER_DATA	existing spelling retained; current-function and linguistic review incomplete
identifier	SEG_USER_GS	existing spelling retained; current-function and linguistic review incomplete
identifier	SEG_W	existing spelling retained; current-function and linguistic review incomplete
identifier	SIMDFloatingPointException	existing spelling retained; current-function and linguistic review incomplete
identifier	SIZE	existing spelling retained; current-function and linguistic review incomplete
identifier	SYS_ACCESS	existing spelling retained; current-function and linguistic review incomplete
identifier	SYS_BRK	existing spelling retained; current-function and linguistic review incomplete
identifier	SYS_CHDIR	existing spelling retained; current-function and linguistic review incomplete
identifier	SYS_CLOSE	existing spelling retained; current-function and linguistic review incomplete
identifier	SYS_CREAT	existing spelling retained; current-function and linguistic review incomplete
identifier	SYS_DUP	existing spelling retained; current-function and linguistic review incomplete
identifier	SYS_DUP2	existing spelling retained; current-function and linguistic review incomplete
identifier	SYS_EXECVE	existing spelling retained; current-function and linguistic review incomplete
identifier	SYS_EXIT	existing spelling retained; current-function and linguistic review incomplete
identifier	SYS_FCNTL	existing spelling retained; current-function and linguistic review incomplete
identifier	SYS_FORK	existing spelling retained; current-function and linguistic review incomplete
identifier	SYS_FSTAT	existing spelling retained; current-function and linguistic review incomplete
identifier	SYS_FSYNC	existing spelling retained; current-function and linguistic review incomplete
identifier	SYS_GETCWD	existing spelling retained; current-function and linguistic review incomplete
identifier	SYS_GETEGID	existing spelling retained; current-function and linguistic review incomplete
identifier	SYS_GETEUID	existing spelling retained; current-function and linguistic review incomplete
identifier	SYS_GETGID	existing spelling retained; current-function and linguistic review incomplete
identifier	SYS_GETPID	existing spelling retained; current-function and linguistic review incomplete
identifier	SYS_GETPPID	existing spelling retained; current-function and linguistic review incomplete
identifier	SYS_GETUID	existing spelling retained; current-function and linguistic review incomplete
identifier	SYS_LSEEK	existing spelling retained; current-function and linguistic review incomplete
identifier	SYS_LSTAT	existing spelling retained; current-function and linguistic review incomplete
identifier	SYS_OPEN	existing spelling retained; current-function and linguistic review incomplete
identifier	SYS_READ	existing spelling retained; current-function and linguistic review incomplete
identifier	SYS_RT_EXIT	existing spelling retained; current-function and linguistic review incomplete
identifier	SYS_SOCKETCALL	existing spelling retained; current-function and linguistic review incomplete
identifier	SYS_STAT	existing spelling retained; current-function and linguistic review incomplete
identifier	SYS_SYNC	existing spelling retained; current-function and linguistic review incomplete
identifier	SYS_UNAME	existing spelling retained; current-function and linguistic review incomplete
identifier	SYS_WAITPID	existing spelling retained; current-function and linguistic review incomplete
identifier	SYS_WRITE	existing spelling retained; current-function and linguistic review incomplete
identifier	Schedule	existing spelling retained; current-function and linguistic review incomplete
identifier	Scheduler	existing spelling retained; current-function and linguistic review incomplete
identifier	SchedulerData	existing spelling retained; current-function and linguistic review incomplete
identifier	SegmentNotPresent	existing spelling retained; current-function and linguistic review incomplete
identifier	SelectDrivers	existing spelling retained; current-function and linguistic review incomplete
identifier	Send	existing spelling retained; current-function and linguistic review incomplete
identifier	SendEchoRequest	existing spelling retained; current-function and linguistic review incomplete
identifier	SendFrame	existing spelling retained; current-function and linguistic review incomplete
identifier	SerialInit	existing spelling retained; current-function and linguistic review incomplete
identifier	SerialWriteByte	existing spelling retained; current-function and linguistic review incomplete
identifier	SetBackend	existing spelling retained; current-function and linguistic review incomplete
identifier	SetBit	existing spelling retained; current-function and linguistic review incomplete
identifier	SetBlockInPageDir	existing spelling retained; current-function and linguistic review incomplete
identifier	SetBuffer	existing spelling retained; current-function and linguistic review incomplete
identifier	SetByteAtAddr	existing spelling retained; current-function and linguistic review incomplete
identifier	SetByteInPageDir	existing spelling retained; current-function and linguistic review incomplete
identifier	SetCR3	existing spelling retained; current-function and linguistic review incomplete
identifier	SetColor	existing spelling retained; current-function and linguistic review incomplete
identifier	SetDescriptor	existing spelling retained; current-function and linguistic review incomplete
identifier	SetHandleInterruptFuction	existing spelling retained; current-function and linguistic review incomplete
identifier	SetHandler	existing spelling retained; current-function and linguistic review incomplete
identifier	SetIPAddress	existing spelling retained; current-function and linguistic review incomplete
identifier	SetInterruptDescriptorTableEntry	existing spelling retained; current-function and linguistic review incomplete
identifier	SetInterruptManager	existing spelling retained; current-function and linguistic review incomplete
identifier	SetInterruptNumber	existing spelling retained; current-function and linguistic review incomplete
identifier	SetMode	existing spelling retained; current-function and linguistic review incomplete
identifier	SetNodeAt	existing spelling retained; current-function and linguistic review incomplete
identifier	SetStack	existing spelling retained; current-function and linguistic review incomplete
identifier	SetTlsSegment	existing spelling retained; current-function and linguistic review incomplete
identifier	SetUint32AtAddr	existing spelling retained; current-function and linguistic review incomplete
identifier	SetUint32InPageDir	existing spelling retained; current-function and linguistic review incomplete
identifier	SetUint8AtAddr	existing spelling retained; current-function and linguistic review incomplete
identifier	SharedMemoryRegion	existing spelling retained; current-function and linguistic review incomplete
identifier	Size	existing spelling retained; current-function and linguistic review incomplete
identifier	Spawn	existing spelling retained; current-function and linguistic review incomplete
identifier	Ss	existing spelling retained; current-function and linguistic review incomplete
identifier	Stack	existing spelling retained; current-function and linguistic review incomplete
identifier	StackSegmentFault	existing spelling retained; current-function and linguistic review incomplete
identifier	Start_lba	existing spelling retained; current-function and linguistic review incomplete
identifier	Started	existing spelling retained; current-function and linguistic review incomplete
identifier	StdinPutByte	existing spelling retained; current-function and linguistic review incomplete
identifier	StopCurrentThread	existing spelling retained; current-function and linguistic review incomplete
identifier	Stopped	existing spelling retained; current-function and linguistic review incomplete
identifier	SubnetMask	existing spelling retained; current-function and linguistic review incomplete
identifier	SupportMode	existing spelling retained; current-function and linguistic review incomplete
identifier	Sys_brk	existing spelling retained; current-function and linguistic review incomplete
identifier	Sys_close	existing spelling retained; current-function and linguistic review incomplete
identifier	Sys_exit	existing spelling retained; current-function and linguistic review incomplete
identifier	Sys_getpid	existing spelling retained; current-function and linguistic review incomplete
identifier	Sys_mousemove	existing spelling retained; current-function and linguistic review incomplete
identifier	Sys_open	existing spelling retained; current-function and linguistic review incomplete
identifier	Sys_printStr	existing spelling retained; current-function and linguistic review incomplete
identifier	Sys_printUint32	existing spelling retained; current-function and linguistic review incomplete
identifier	Sys_printf	existing spelling retained; current-function and linguistic review incomplete
identifier	Sys_read	existing spelling retained; current-function and linguistic review incomplete
identifier	Syscall	existing spelling retained; current-function and linguistic review incomplete
identifier	Sysname	existing spelling retained; current-function and linguistic review incomplete
identifier	TARPEtherFrameHandler	existing spelling retained; current-function and linguistic review incomplete
identifier	TARPMessage	existing spelling retained; current-function and linguistic review incomplete
identifier	TARPMessageBuffer	existing spelling retained; current-function and linguistic review incomplete
identifier	TARPProvider	existing spelling retained; current-function and linguistic review incomplete
identifier	TAdvancedTechnologyAttachment	existing spelling retained; current-function and linguistic review incomplete
identifier	TArray	existing spelling retained; current-function and linguistic review incomplete
identifier	TBaseAddressRegister	existing spelling retained; current-function and linguistic review incomplete
identifier	TBiosParameterBlock32	existing spelling retained; current-function and linguistic review incomplete
identifier	TBufferDescriptor	existing spelling retained; current-function and linguistic review incomplete
identifier	TCOWFrameManager	existing spelling retained; current-function and linguistic review incomplete
identifier	TCPUState	existing spelling retained; current-function and linguistic review incomplete
identifier	TDefaultKeyboardEventHandler	existing spelling retained; current-function and linguistic review incomplete
identifier	TDefaultMouseEventHandler	existing spelling retained; current-function and linguistic review incomplete
identifier	TDefaultPCIControllerHandler	existing spelling retained; current-function and linguistic review incomplete
identifier	TDefaultTimerEventHandler	existing spelling retained; current-function and linguistic review incomplete
identifier	TDirectoryEntryFat32	existing spelling retained; current-function and linguistic review incomplete
identifier	TDriverManager	existing spelling retained; current-function and linguistic review incomplete
identifier	TEtherFrameHandler	existing spelling retained; current-function and linguistic review incomplete
identifier	TEtherFrameHeader	existing spelling retained; current-function and linguistic review incomplete
identifier	TEtherFrameHeaderBuffer	existing spelling retained; current-function and linguistic review incomplete
identifier	TEtherFrameProvider	existing spelling retained; current-function and linguistic review incomplete
identifier	TEtherFrameRawDataHandler	existing spelling retained; current-function and linguistic review incomplete
identifier	TGateDescriptor	existing spelling retained; current-function and linguistic review incomplete
identifier	THREAD_STACK_SIZE	existing spelling retained; current-function and linguistic review incomplete
identifier	TICMPHandler	existing spelling retained; current-function and linguistic review incomplete
identifier	TIPEtherFrameHandler	existing spelling retained; current-function and linguistic review incomplete
identifier	TInitializationBlock	existing spelling retained; current-function and linguistic review incomplete
identifier	TInternetControlMessageProtocol	existing spelling retained; current-function and linguistic review incomplete
identifier	TInternetControlMessageProtocolMessage	existing spelling retained; current-function and linguistic review incomplete
identifier	TInternetControlMessageProtocolMessageBuffer	existing spelling retained; current-function and linguistic review incomplete
identifier	TInternetProtocolHandler	existing spelling retained; current-function and linguistic review incomplete
identifier	TInternetProtocolProvider	existing spelling retained; current-function and linguistic review incomplete
identifier	TInternetProtocolV4Message	existing spelling retained; current-function and linguistic review incomplete
identifier	TInternetProtocolV4MessageBuffer	existing spelling retained; current-function and linguistic review incomplete
identifier	TInterruptDescriptorTablePointer	existing spelling retained; current-function and linguistic review incomplete
identifier	TInterruptHandler	existing spelling retained; current-function and linguistic review incomplete
identifier	TInterruptManager	existing spelling retained; current-function and linguistic review incomplete
identifier	TKeyboardDriver	existing spelling retained; current-function and linguistic review incomplete
identifier	TLS_START	existing spelling retained; current-function and linguistic review incomplete
identifier	TMSDOSPartitionTable	existing spelling retained; current-function and linguistic review incomplete
identifier	TMasterBootRecord	existing spelling retained; current-function and linguistic review incomplete
identifier	TMemoryChunk	existing spelling retained; current-function and linguistic review incomplete
identifier	TMemoryManager	existing spelling retained; current-function and linguistic review incomplete
identifier	TMouseDriver	existing spelling retained; current-function and linguistic review incomplete
identifier	TMyKeyboardEventHandler	existing spelling retained; current-function and linguistic review incomplete
identifier	TMyMouseEventHandler	existing spelling retained; current-function and linguistic review incomplete
identifier	TMyPCIControllerHandler	existing spelling retained; current-function and linguistic review incomplete
identifier	TPartitionTableEntry	existing spelling retained; current-function and linguistic review incomplete
identifier	TPeripheralComponentInterconnectController	existing spelling retained; current-function and linguistic review incomplete
identifier	TPeripheralComponentInterconnectDeviceDescriptor	existing spelling retained; current-function and linguistic review incomplete
identifier	TPort	existing spelling retained; current-function and linguistic review incomplete
identifier	TPort16Bit	existing spelling retained; current-function and linguistic review incomplete
identifier	TPort32Bit	existing spelling retained; current-function and linguistic review incomplete
identifier	TPort8Bit	existing spelling retained; current-function and linguistic review incomplete
identifier	TRawDataHandler	existing spelling retained; current-function and linguistic review incomplete
identifier	TSSEntry	existing spelling retained; current-function and linguistic review incomplete
identifier	TSyscall	existing spelling retained; current-function and linguistic review incomplete
identifier	TTask	existing spelling retained; current-function and linguistic review incomplete
identifier	TThread	existing spelling retained; current-function and linguistic review incomplete
identifier	TThreadHelper	existing spelling retained; current-function and linguistic review incomplete
identifier	TTimerDriver	existing spelling retained; current-function and linguistic review incomplete
identifier	TUserDatagramProtocolHandler	existing spelling retained; current-function and linguistic review incomplete
identifier	TUserDatagramProtocolHeader	existing spelling retained; current-function and linguistic review incomplete
identifier	TUserDatagramProtocolHeaderBuffer	existing spelling retained; current-function and linguistic review incomplete
identifier	TUserDatagramProtocolProvider	existing spelling retained; current-function and linguistic review incomplete
identifier	TUserDatagramProtocolSocket	existing spelling retained; current-function and linguistic review incomplete
identifier	TVideoGraphicsArray	existing spelling retained; current-function and linguistic review incomplete
identifier	TWidget	existing spelling retained; current-function and linguistic review incomplete
identifier	TWidgetMouseEventHandler	existing spelling retained; current-function and linguistic review incomplete
identifier	Tamd_am79c973	existing spelling retained; current-function and linguistic review incomplete
identifier	Test	existing spelling retained; current-function and linguistic review incomplete
identifier	TestBit	existing spelling retained; current-function and linguistic review incomplete
identifier	TestPrint	existing spelling retained; current-function and linguistic review incomplete
identifier	Thread	existing spelling retained; current-function and linguistic review incomplete
identifier	ThreadList	existing spelling retained; current-function and linguistic review incomplete
identifier	ThreadState	existing spelling retained; current-function and linguistic review incomplete
identifier	Threads	existing spelling retained; current-function and linguistic review incomplete
identifier	TlsSegments	existing spelling retained; current-function and linguistic review incomplete
identifier	TotalBlocks	existing spelling retained; current-function and linguistic review incomplete
identifier	Type	existing spelling retained; current-function and linguistic review incomplete
identifier	TypeTest	existing spelling retained; current-function and linguistic review incomplete
identifier	T공용서술자테이블	existing spelling retained; current-function and linguistic review incomplete
identifier	T공용서술자테이블_자료	existing spelling retained; current-function and linguistic review incomplete
identifier	T작업관리자	existing spelling retained; current-function and linguistic review incomplete
identifier	T조각설명자	existing spelling retained; current-function and linguistic review incomplete
identifier	T콘솔	existing spelling retained; current-function and linguistic review incomplete
identifier	T함수1	existing spelling retained; current-function and linguistic review incomplete
identifier	UDESC_32SEG	existing spelling retained; current-function and linguistic review incomplete
identifier	UDESC_CONTENTS	existing spelling retained; current-function and linguistic review incomplete
identifier	UDESC_LIMIT_IN_PAGES	existing spelling retained; current-function and linguistic review incomplete
identifier	UDESC_RX_ONLY	existing spelling retained; current-function and linguistic review incomplete
identifier	UDESC_SEG_NOT_PRESENT	existing spelling retained; current-function and linguistic review incomplete
identifier	UDESC_USABLE	existing spelling retained; current-function and linguistic review incomplete
identifier	USER_STACK	existing spelling retained; current-function and linguistic review incomplete
identifier	USER_STACK_SIZE	existing spelling retained; current-function and linguistic review incomplete
identifier	USER_STACK_TOP	existing spelling retained; current-function and linguistic review incomplete
identifier	Uid	existing spelling retained; current-function and linguistic review incomplete
identifier	Uint16ToArray	existing spelling retained; current-function and linguistic review incomplete
identifier	Uint16ToArray_BE	existing spelling retained; current-function and linguistic review incomplete
identifier	Uint16_R	existing spelling retained; current-function and linguistic review incomplete
identifier	Uint32ToArray	existing spelling retained; current-function and linguistic review incomplete
identifier	Uint32_R	existing spelling retained; current-function and linguistic review incomplete
identifier	Uint48ToArray	existing spelling retained; current-function and linguistic review incomplete
identifier	Uint48ToArray_BE	existing spelling retained; current-function and linguistic review incomplete
identifier	Uint48_R	existing spelling retained; current-function and linguistic review incomplete
identifier	Uint64ToArray	existing spelling retained; current-function and linguistic review incomplete
identifier	Uint64_R	existing spelling retained; current-function and linguistic review incomplete
identifier	UnhandleInterrupt	existing spelling retained; current-function and linguistic review incomplete
identifier	UnsetBit	existing spelling retained; current-function and linguistic review incomplete
identifier	UsedBlocks	existing spelling retained; current-function and linguistic review incomplete
identifier	UserDesc	existing spelling retained; current-function and linguistic review incomplete
identifier	UserStack	existing spelling retained; current-function and linguistic review incomplete
identifier	UserStackSize	existing spelling retained; current-function and linguistic review incomplete
identifier	Vendor_id	existing spelling retained; current-function and linguistic review incomplete
identifier	Version	existing spelling retained; current-function and linguistic review incomplete
identifier	VirtTest	existing spelling retained; current-function and linguistic review incomplete
identifier	Write	existing spelling retained; current-function and linguistic review incomplete
identifier	Write28	existing spelling retained; current-function and linguistic review incomplete
identifier	WriteRegisters	existing spelling retained; current-function and linguistic review incomplete
identifier	X	existing spelling retained; current-function and linguistic review incomplete
identifier	Y	existing spelling retained; current-function and linguistic review incomplete
identifier	Zero	existing spelling retained; current-function and linguistic review incomplete
identifier	ZeroBlockInPageDir	existing spelling retained; current-function and linguistic review incomplete
identifier	a	existing spelling retained; current-function and linguistic review incomplete
identifier	aTime	existing spelling retained; current-function and linguistic review incomplete
identifier	access	existing spelling retained; current-function and linguistic review incomplete
identifier	accessMode	existing spelling retained; current-function and linguistic review incomplete
identifier	ack	existing spelling retained; current-function and linguistic review incomplete
identifier	activeKeyboardDriver	existing spelling retained; current-function and linguistic review incomplete
identifier	activeMouseDriver	existing spelling retained; current-function and linguistic review incomplete
identifier	addr	existing spelling retained; current-function and linguistic review incomplete
identifier	addrPtr	existing spelling retained; current-function and linguistic review incomplete
identifier	address	existing spelling retained; current-function and linguistic review incomplete
identifier	addressError	existing spelling retained; current-function and linguistic review incomplete
identifier	afInet	existing spelling retained; current-function and linguistic review incomplete
identifier	allocFD	existing spelling retained; current-function and linguistic review incomplete
identifier	allocOpenFile	existing spelling retained; current-function and linguistic review incomplete
identifier	allocProcess	existing spelling retained; current-function and linguistic review incomplete
identifier	allocateSocket	existing spelling retained; current-function and linguistic review incomplete
identifier	allocated	existing spelling retained; current-function and linguistic review incomplete
identifier	amd_am79c973	existing spelling retained; current-function and linguistic review incomplete
identifier	args	existing spelling retained; current-function and linguistic review incomplete
identifier	argument	existing spelling retained; current-function and linguistic review incomplete
identifier	argumentPointers	existing spelling retained; current-function and linguistic review incomplete
identifier	arguments	existing spelling retained; current-function and linguistic review incomplete
identifier	arp	existing spelling retained; current-function and linguistic review incomplete
identifier	arpBuffer	existing spelling retained; current-function and linguistic review incomplete
identifier	arpMesgSize	existing spelling retained; current-function and linguistic review incomplete
identifier	arpProvider	existing spelling retained; current-function and linguistic review incomplete
identifier	arp콘솔	existing spelling retained; current-function and linguistic review incomplete
identifier	array	existing spelling retained; current-function and linguistic review incomplete
identifier	ata	existing spelling retained; current-function and linguistic review incomplete
identifier	ata0s	existing spelling retained; current-function and linguistic review incomplete
identifier	attempts	existing spelling retained; current-function and linguistic review incomplete
identifier	attr	existing spelling retained; current-function and linguistic review incomplete
identifier	attributeControllerIndexPort	existing spelling retained; current-function and linguistic review incomplete
identifier	attributeControllerReadPort	existing spelling retained; current-function and linguistic review incomplete
identifier	attributeControllerResetPort	existing spelling retained; current-function and linguistic review incomplete
identifier	attributeControllerWritePort	existing spelling retained; current-function and linguistic review incomplete
identifier	attributes	existing spelling retained; current-function and linguistic review incomplete
identifier	aux	existing spelling retained; current-function and linguistic review incomplete
identifier	avail	existing spelling retained; current-function and linguistic review incomplete
identifier	b	existing spelling retained; current-function and linguistic review incomplete
identifier	backend	existing spelling retained; current-function and linguistic review incomplete
identifier	backupFpRegs	existing spelling retained; current-function and linguistic review incomplete
identifier	backupSector	existing spelling retained; current-function and linguistic review incomplete
identifier	bar	existing spelling retained; current-function and linguistic review incomplete
identifier	barNum	existing spelling retained; current-function and linguistic review incomplete
identifier	bar_value	existing spelling retained; current-function and linguistic review incomplete
identifier	base	existing spelling retained; current-function and linguistic review incomplete
identifier	baseCode	existing spelling retained; current-function and linguistic review incomplete
identifier	baseHigh	existing spelling retained; current-function and linguistic review incomplete
identifier	baseLow	existing spelling retained; current-function and linguistic review incomplete
identifier	baseMid	existing spelling retained; current-function and linguistic review incomplete
identifier	base_addr_high	existing spelling retained; current-function and linguistic review incomplete
identifier	base_addr_low	existing spelling retained; current-function and linguistic review incomplete
identifier	bh	existing spelling retained; current-function and linguistic review incomplete
identifier	bindEphemeral	existing spelling retained; current-function and linguistic review incomplete
identifier	bindError	existing spelling retained; current-function and linguistic review incomplete
identifier	bios	existing spelling retained; current-function and linguistic review incomplete
identifier	bit	existing spelling retained; current-function and linguistic review incomplete
identifier	bitmap	existing spelling retained; current-function and linguistic review incomplete
identifier	bootSignature	existing spelling retained; current-function and linguistic review incomplete
identifier	bootable	existing spelling retained; current-function and linguistic review incomplete
identifier	bootloader	existing spelling retained; current-function and linguistic review incomplete
identifier	bound	existing spelling retained; current-function and linguistic review incomplete
identifier	bpb	existing spelling retained; current-function and linguistic review incomplete
identifier	bpbBytes	existing spelling retained; current-function and linguistic review incomplete
identifier	bpbPtr	existing spelling retained; current-function and linguistic review incomplete
identifier	buf	existing spelling retained; current-function and linguistic review incomplete
identifier	buf1	existing spelling retained; current-function and linguistic review incomplete
identifier	buf2	existing spelling retained; current-function and linguistic review incomplete
identifier	buf3	existing spelling retained; current-function and linguistic review incomplete
identifier	buf4	existing spelling retained; current-function and linguistic review incomplete
identifier	buf6	existing spelling retained; current-function and linguistic review incomplete
identifier	buffer	existing spelling retained; current-function and linguistic review incomplete
identifier	buffer1	existing spelling retained; current-function and linguistic review incomplete
identifier	buffer2	existing spelling retained; current-function and linguistic review incomplete
identifier	bufferAddr	existing spelling retained; current-function and linguistic review incomplete
identifier	bufferAddress	existing spelling retained; current-function and linguistic review incomplete
identifier	bufptr	existing spelling retained; current-function and linguistic review incomplete
identifier	bus	existing spelling retained; current-function and linguistic review incomplete
identifier	busControlRegisterDataPort	existing spelling retained; current-function and linguistic review incomplete
identifier	button	existing spelling retained; current-function and linguistic review incomplete
identifier	buttons	existing spelling retained; current-function and linguistic review incomplete
identifier	bytesPerSector	existing spelling retained; current-function and linguistic review incomplete
identifier	c	existing spelling retained; current-function and linguistic review incomplete
identifier	cDate	existing spelling retained; current-function and linguistic review incomplete
identifier	cTime	existing spelling retained; current-function and linguistic review incomplete
identifier	cTimeTenth	existing spelling retained; current-function and linguistic review incomplete
identifier	call	existing spelling retained; current-function and linguistic review incomplete
identifier	candidate	existing spelling retained; current-function and linguistic review incomplete
identifier	cap	existing spelling retained; current-function and linguistic review incomplete
identifier	char	existing spelling retained; current-function and linguistic review incomplete
identifier	checked	existing spelling retained; current-function and linguistic review incomplete
identifier	checksum	existing spelling retained; current-function and linguistic review incomplete
identifier	child	existing spelling retained; current-function and linguistic review incomplete
identifier	childPID	existing spelling retained; current-function and linguistic review incomplete
identifier	childPageDir	existing spelling retained; current-function and linguistic review incomplete
identifier	chunk	existing spelling retained; current-function and linguistic review incomplete
identifier	class_id	existing spelling retained; current-function and linguistic review incomplete
identifier	closeAllProcessFDs	existing spelling retained; current-function and linguistic review incomplete
identifier	closeOnExec	existing spelling retained; current-function and linguistic review incomplete
identifier	closeProcessFD	existing spelling retained; current-function and linguistic review incomplete
identifier	code	existing spelling retained; current-function and linguistic review incomplete
identifier	code1Ptr	existing spelling retained; current-function and linguistic review incomplete
identifier	code1ptr	existing spelling retained; current-function and linguistic review incomplete
identifier	code2Ptr	existing spelling retained; current-function and linguistic review incomplete
identifier	code3Ptr	existing spelling retained; current-function and linguistic review incomplete
identifier	codeSegment	existing spelling retained; current-function and linguistic review incomplete
identifier	colorIndex	existing spelling retained; current-function and linguistic review incomplete
identifier	colordepth	existing spelling retained; current-function and linguistic review incomplete
identifier	command	existing spelling retained; current-function and linguistic review incomplete
identifier	commandPort	existing spelling retained; current-function and linguistic review incomplete
identifier	commandport	existing spelling retained; current-function and linguistic review incomplete
identifier	common	existing spelling retained; current-function and linguistic review incomplete
identifier	connected	existing spelling retained; current-function and linguistic review incomplete
identifier	console	existing spelling retained; current-function and linguistic review incomplete
identifier	controlPort	existing spelling retained; current-function and linguistic review incomplete
identifier	copyExecVector	existing spelling retained; current-function and linguistic review incomplete
identifier	copyLength	existing spelling retained; current-function and linguistic review incomplete
identifier	copyPageDir	existing spelling retained; current-function and linguistic review incomplete
identifier	copyPath	existing spelling retained; current-function and linguistic review incomplete
identifier	copySocketName	existing spelling retained; current-function and linguistic review incomplete
identifier	copyUtsField	existing spelling retained; current-function and linguistic review incomplete
identifier	count	existing spelling retained; current-function and linguistic review incomplete
identifier	count2	existing spelling retained; current-function and linguistic review incomplete
identifier	cowFrameManager	existing spelling retained; current-function and linguistic review incomplete
identifier	cpu	existing spelling retained; current-function and linguistic review incomplete
identifier	cpustate	existing spelling retained; current-function and linguistic review incomplete
identifier	cr0	existing spelling retained; current-function and linguistic review incomplete
identifier	cr3	existing spelling retained; current-function and linguistic review incomplete
identifier	cr4	existing spelling retained; current-function and linguistic review incomplete
identifier	crtcDataPort	existing spelling retained; current-function and linguistic review incomplete
identifier	crtcIndexPort	existing spelling retained; current-function and linguistic review incomplete
identifier	cs	existing spelling retained; current-function and linguistic review incomplete
identifier	currentRecvBuffer	existing spelling retained; current-function and linguistic review incomplete
identifier	currentSendBuffer	existing spelling retained; current-function and linguistic review incomplete
identifier	currentTask	existing spelling retained; current-function and linguistic review incomplete
identifier	currentThread	existing spelling retained; current-function and linguistic review incomplete
identifier	currentThreadIndex	existing spelling retained; current-function and linguistic review incomplete
identifier	cursorHeight	existing spelling retained; current-function and linguistic review incomplete
identifier	cursorStart	existing spelling retained; current-function and linguistic review incomplete
identifier	d_tag	existing spelling retained; current-function and linguistic review incomplete
identifier	d_val_ptr	existing spelling retained; current-function and linguistic review incomplete
identifier	data	existing spelling retained; current-function and linguistic review incomplete
identifier	dataBuf	existing spelling retained; current-function and linguistic review incomplete
identifier	dataBytes	existing spelling retained; current-function and linguistic review incomplete
identifier	dataPointer	existing spelling retained; current-function and linguistic review incomplete
identifier	dataPort	existing spelling retained; current-function and linguistic review incomplete
identifier	dataStart	existing spelling retained; current-function and linguistic review incomplete
identifier	databuffer	existing spelling retained; current-function and linguistic review incomplete
identifier	dataport	existing spelling retained; current-function and linguistic review incomplete
identifier	defaultKeyboardEventHandler	existing spelling retained; current-function and linguistic review incomplete
identifier	desc	existing spelling retained; current-function and linguistic review incomplete
identifier	description	existing spelling retained; current-function and linguistic review incomplete
identifier	destination	existing spelling retained; current-function and linguistic review incomplete
identifier	destinationAddress	existing spelling retained; current-function and linguistic review incomplete
identifier	destinationLength	existing spelling retained; current-function and linguistic review incomplete
identifier	dev	existing spelling retained; current-function and linguistic review incomplete
identifier	device	existing spelling retained; current-function and linguistic review incomplete
identifier	deviceDescriptor	existing spelling retained; current-function and linguistic review incomplete
identifier	devicePort	existing spelling retained; current-function and linguistic review incomplete
identifier	diff	existing spelling retained; current-function and linguistic review incomplete
identifier	digits	existing spelling retained; current-function and linguistic review incomplete
identifier	dirent	existing spelling retained; current-function and linguistic review incomplete
identifier	direntBytes	existing spelling retained; current-function and linguistic review incomplete
identifier	direntPtr	existing spelling retained; current-function and linguistic review incomplete
identifier	discardProcess	existing spelling retained; current-function and linguistic review incomplete
identifier	dispatchInterrupt	existing spelling retained; current-function and linguistic review incomplete
identifier	divisor	existing spelling retained; current-function and linguistic review incomplete
identifier	domain	existing spelling retained; current-function and linguistic review incomplete
identifier	driveNumber	existing spelling retained; current-function and linguistic review incomplete
identifier	driver	existing spelling retained; current-function and linguistic review incomplete
identifier	driverManager	existing spelling retained; current-function and linguistic review incomplete
identifier	drivercount	existing spelling retained; current-function and linguistic review incomplete
identifier	drv	existing spelling retained; current-function and linguistic review incomplete
identifier	ds	existing spelling retained; current-function and linguistic review incomplete
identifier	ds_segment	existing spelling retained; current-function and linguistic review incomplete
identifier	dst	existing spelling retained; current-function and linguistic review incomplete
identifier	dstEntry	existing spelling retained; current-function and linguistic review incomplete
identifier	dstIP	existing spelling retained; current-function and linguistic review incomplete
identifier	dstIP_BE	existing spelling retained; current-function and linguistic review incomplete
identifier	dstMAC	existing spelling retained; current-function and linguistic review incomplete
identifier	dstMAC_BE	existing spelling retained; current-function and linguistic review incomplete
identifier	dstPageDir	existing spelling retained; current-function and linguistic review incomplete
identifier	dstPort	existing spelling retained; current-function and linguistic review incomplete
identifier	dstPt	existing spelling retained; current-function and linguistic review incomplete
identifier	dstPtPtr	existing spelling retained; current-function and linguistic review incomplete
identifier	dstPtr	existing spelling retained; current-function and linguistic review incomplete
identifier	dstptr	existing spelling retained; current-function and linguistic review incomplete
identifier	dynamic	existing spelling retained; current-function and linguistic review incomplete
identifier	e	existing spelling retained; current-function and linguistic review incomplete
identifier	e_ehsize	existing spelling retained; current-function and linguistic review incomplete
identifier	e_entry	existing spelling retained; current-function and linguistic review incomplete
identifier	e_flags	existing spelling retained; current-function and linguistic review incomplete
identifier	e_ident	existing spelling retained; current-function and linguistic review incomplete
identifier	e_machine	existing spelling retained; current-function and linguistic review incomplete
identifier	e_phentsize	existing spelling retained; current-function and linguistic review incomplete
identifier	e_phnum	existing spelling retained; current-function and linguistic review incomplete
identifier	e_phoff	existing spelling retained; current-function and linguistic review incomplete
identifier	e_shentsize	existing spelling retained; current-function and linguistic review incomplete
identifier	e_shnum	existing spelling retained; current-function and linguistic review incomplete
identifier	e_shoff	existing spelling retained; current-function and linguistic review incomplete
identifier	e_shstrndx	existing spelling retained; current-function and linguistic review incomplete
identifier	e_type	existing spelling retained; current-function and linguistic review incomplete
identifier	e_version	existing spelling retained; current-function and linguistic review incomplete
identifier	eax	existing spelling retained; current-function and linguistic review incomplete
identifier	ebp	existing spelling retained; current-function and linguistic review incomplete
identifier	ebx	existing spelling retained; current-function and linguistic review incomplete
identifier	ecx	existing spelling retained; current-function and linguistic review incomplete
identifier	edi	existing spelling retained; current-function and linguistic review incomplete
identifier	edx	existing spelling retained; current-function and linguistic review incomplete
identifier	efHandler	existing spelling retained; current-function and linguistic review incomplete
identifier	eflags	existing spelling retained; current-function and linguistic review incomplete
identifier	eip	existing spelling retained; current-function and linguistic review incomplete
identifier	eipOffset	existing spelling retained; current-function and linguistic review incomplete
identifier	elf	existing spelling retained; current-function and linguistic review incomplete
identifier	elf0	existing spelling retained; current-function and linguistic review incomplete
identifier	elf2	existing spelling retained; current-function and linguistic review incomplete
identifier	elf3	existing spelling retained; current-function and linguistic review incomplete
identifier	elf4	existing spelling retained; current-function and linguistic review incomplete
identifier	elfHeader	existing spelling retained; current-function and linguistic review incomplete
identifier	enabled	existing spelling retained; current-function and linguistic review incomplete
identifier	end	existing spelling retained; current-function and linguistic review incomplete
identifier	endOffset	existing spelling retained; current-function and linguistic review incomplete
identifier	end_cylinder	existing spelling retained; current-function and linguistic review incomplete
identifier	end_head	existing spelling retained; current-function and linguistic review incomplete
identifier	end_sector	existing spelling retained; current-function and linguistic review incomplete
identifier	ensureCurrentProcess	existing spelling retained; current-function and linguistic review incomplete
identifier	entry	existing spelling retained; current-function and linguistic review incomplete
identifier	entryPoint	existing spelling retained; current-function and linguistic review incomplete
identifier	entrypoint	existing spelling retained; current-function and linguistic review incomplete
identifier	environment	existing spelling retained; current-function and linguistic review incomplete
identifier	environmentPointers	existing spelling retained; current-function and linguistic review incomplete
identifier	err	existing spelling retained; current-function and linguistic review incomplete
identifier	errorPort	existing spelling retained; current-function and linguistic review incomplete
identifier	es	existing spelling retained; current-function and linguistic review incomplete
identifier	esi	existing spelling retained; current-function and linguistic review incomplete
identifier	esp	existing spelling retained; current-function and linguistic review incomplete
identifier	esp0	existing spelling retained; current-function and linguistic review incomplete
identifier	esp1	existing spelling retained; current-function and linguistic review incomplete
identifier	esp2	existing spelling retained; current-function and linguistic review incomplete
identifier	etherFrameProvider	existing spelling retained; current-function and linguistic review incomplete
identifier	etherType	existing spelling retained; current-function and linguistic review incomplete
identifier	etherType_BE	existing spelling retained; current-function and linguistic review incomplete
identifier	etherframe	existing spelling retained; current-function and linguistic review incomplete
identifier	etherframePayload	existing spelling retained; current-function and linguistic review incomplete
identifier	except	existing spelling retained; current-function and linguistic review incomplete
identifier	exceptionCR0	existing spelling retained; current-function and linguistic review incomplete
identifier	exceptionCR2	existing spelling retained; current-function and linguistic review incomplete
identifier	exceptionCR3	existing spelling retained; current-function and linguistic review incomplete
identifier	exceptionFrameValue	existing spelling retained; current-function and linguistic review incomplete
identifier	exceptionHasErrorCode	existing spelling retained; current-function and linguistic review incomplete
identifier	exceptionName	existing spelling retained; current-function and linguistic review incomplete
identifier	execVector	existing spelling retained; current-function and linguistic review incomplete
identifier	exists	existing spelling retained; current-function and linguistic review incomplete
identifier	exited	existing spelling retained; current-function and linguistic review incomplete
identifier	ext	existing spelling retained; current-function and linguistic review incomplete
identifier	extFlags	existing spelling retained; current-function and linguistic review incomplete
identifier	extendedScanCode	existing spelling retained; current-function and linguistic review incomplete
identifier	fDupFD	existing spelling retained; current-function and linguistic review incomplete
identifier	fGetFD	existing spelling retained; current-function and linguistic review incomplete
identifier	fGetFL	existing spelling retained; current-function and linguistic review incomplete
identifier	fSetFD	existing spelling retained; current-function and linguistic review incomplete
identifier	fSetFL	existing spelling retained; current-function and linguistic review incomplete
identifier	fat	existing spelling retained; current-function and linguistic review incomplete
identifier	fatCopies	existing spelling retained; current-function and linguistic review incomplete
identifier	fatInfo	existing spelling retained; current-function and linguistic review incomplete
identifier	fatOffsetInSectorForCurrentCluster	existing spelling retained; current-function and linguistic review incomplete
identifier	fatSectorCount	existing spelling retained; current-function and linguistic review incomplete
identifier	fatSectorForCurrentCluster	existing spelling retained; current-function and linguistic review incomplete
identifier	fatSize	existing spelling retained; current-function and linguistic review incomplete
identifier	fatStart	existing spelling retained; current-function and linguistic review incomplete
identifier	fatTypeLabel	existing spelling retained; current-function and linguistic review incomplete
identifier	fatVersion	existing spelling retained; current-function and linguistic review incomplete
identifier	fatbuf	existing spelling retained; current-function and linguistic review incomplete
identifier	fatbuffer	existing spelling retained; current-function and linguistic review incomplete
identifier	faultAddr	existing spelling retained; current-function and linguistic review incomplete
identifier	fb	existing spelling retained; current-function and linguistic review incomplete
identifier	fbCurCol	existing spelling retained; current-function and linguistic review incomplete
identifier	fbCurLine	existing spelling retained; current-function and linguistic review incomplete
identifier	fbHeight	existing spelling retained; current-function and linguistic review incomplete
identifier	fbPhysAddr	existing spelling retained; current-function and linguistic review incomplete
identifier	fbWidth	existing spelling retained; current-function and linguistic review incomplete
identifier	fd	existing spelling retained; current-function and linguistic review incomplete
identifier	fdCloexec	existing spelling retained; current-function and linguistic review incomplete
identifier	fdEntry	existing spelling retained; current-function and linguistic review incomplete
identifier	fdFlags	existing spelling retained; current-function and linguistic review incomplete
identifier	fdKindConsole	existing spelling retained; current-function and linguistic review incomplete
identifier	fdKindFat	existing spelling retained; current-function and linguistic review incomplete
identifier	fdKindNone	existing spelling retained; current-function and linguistic review incomplete
identifier	fdKindRootDir	existing spelling retained; current-function and linguistic review incomplete
identifier	fdKindSocket	existing spelling retained; current-function and linguistic review incomplete
identifier	fdKindStdin	existing spelling retained; current-function and linguistic review incomplete
identifier	fds	existing spelling retained; current-function and linguistic review incomplete
identifier	filePtr	existing spelling retained; current-function and linguistic review incomplete
identifier	fileSector	existing spelling retained; current-function and linguistic review incomplete
identifier	fileSize	existing spelling retained; current-function and linguistic review incomplete
identifier	filename	existing spelling retained; current-function and linguistic review incomplete
identifier	fillPosixStat	existing spelling retained; current-function and linguistic review incomplete
identifier	findProcess	existing spelling retained; current-function and linguistic review incomplete
identifier	first	existing spelling retained; current-function and linguistic review incomplete
identifier	firstClusterHi	existing spelling retained; current-function and linguistic review incomplete
identifier	firstClusterLow	existing spelling retained; current-function and linguistic review incomplete
identifier	firstFileCluster	existing spelling retained; current-function and linguistic review incomplete
identifier	flags	existing spelling retained; current-function and linguistic review incomplete
identifier	flags2	existing spelling retained; current-function and linguistic review incomplete
identifier	flagsAndOffset	existing spelling retained; current-function and linguistic review incomplete
identifier	flushIndex	existing spelling retained; current-function and linguistic review incomplete
identifier	flushTlsTable	existing spelling retained; current-function and linguistic review incomplete
identifier	flush_tss	existing spelling retained; current-function and linguistic review incomplete
identifier	fn	existing spelling retained; current-function and linguistic review incomplete
identifier	foo	existing spelling retained; current-function and linguistic review incomplete
identifier	foundChild	existing spelling retained; current-function and linguistic review incomplete
identifier	frame	existing spelling retained; current-function and linguistic review incomplete
identifier	frameCount	existing spelling retained; current-function and linguistic review incomplete
identifier	frameHeaderSize	existing spelling retained; current-function and linguistic review incomplete
identifier	free	existing spelling retained; current-function and linguistic review incomplete
identifier	freePort	existing spelling retained; current-function and linguistic review incomplete
identifier	frequency	existing spelling retained; current-function and linguistic review incomplete
identifier	fs	existing spelling retained; current-function and linguistic review incomplete
identifier	func1Val	existing spelling retained; current-function and linguistic review incomplete
identifier	func2Val	existing spelling retained; current-function and linguistic review incomplete
identifier	func3Val	existing spelling retained; current-function and linguistic review incomplete
identifier	func_addr	existing spelling retained; current-function and linguistic review incomplete
identifier	func_bytes	existing spelling retained; current-function and linguistic review incomplete
identifier	func_name	existing spelling retained; current-function and linguistic review incomplete
identifier	func_value	existing spelling retained; current-function and linguistic review incomplete
identifier	function	existing spelling retained; current-function and linguistic review incomplete
identifier	fxrstor	existing spelling retained; current-function and linguistic review incomplete
identifier	fxsave	existing spelling retained; current-function and linguistic review incomplete
identifier	g	existing spelling retained; current-function and linguistic review incomplete
identifier	g_320x200x256	existing spelling retained; current-function and linguistic review incomplete
identifier	gate	existing spelling retained; current-function and linguistic review incomplete
identifier	gateData	existing spelling retained; current-function and linguistic review incomplete
identifier	gatewayIP	existing spelling retained; current-function and linguistic review incomplete
identifier	gdt	existing spelling retained; current-function and linguistic review incomplete
identifier	gdtDescriptor	existing spelling retained; current-function and linguistic review incomplete
identifier	gdtEntry	existing spelling retained; current-function and linguistic review incomplete
identifier	gdtTable	existing spelling retained; current-function and linguistic review incomplete
identifier	gdtTableLen	existing spelling retained; current-function and linguistic review incomplete
identifier	gdt_codeSegmentSelector	existing spelling retained; current-function and linguistic review incomplete
identifier	gdt_func	existing spelling retained; current-function and linguistic review incomplete
identifier	getCR2	existing spelling retained; current-function and linguistic review incomplete
identifier	getCR3	existing spelling retained; current-function and linguistic review incomplete
identifier	getDescriptor	existing spelling retained; current-function and linguistic review incomplete
identifier	getESI	existing spelling retained; current-function and linguistic review incomplete
identifier	getESP	existing spelling retained; current-function and linguistic review incomplete
identifier	getGDT	existing spelling retained; current-function and linguistic review incomplete
identifier	getGS	existing spelling retained; current-function and linguistic review incomplete
identifier	getOpenFile	existing spelling retained; current-function and linguistic review incomplete
identifier	getOpenFileFor	existing spelling retained; current-function and linguistic review incomplete
identifier	getTLS	existing spelling retained; current-function and linguistic review incomplete
identifier	globalDescriptorTable	existing spelling retained; current-function and linguistic review incomplete
identifier	globalOffsetTable	existing spelling retained; current-function and linguistic review incomplete
identifier	global_offset_table	existing spelling retained; current-function and linguistic review incomplete
identifier	graphicsControllerDataPort	existing spelling retained; current-function and linguistic review incomplete
identifier	graphicsControllerIndexPort	existing spelling retained; current-function and linguistic review incomplete
identifier	grub_multiboot_memory_map_t	existing spelling retained; current-function and linguistic review incomplete
identifier	gs	existing spelling retained; current-function and linguistic review incomplete
identifier	gs_segment	existing spelling retained; current-function and linguistic review incomplete
identifier	h	existing spelling retained; current-function and linguistic review incomplete
identifier	haltAfterFatalException	existing spelling retained; current-function and linguistic review incomplete
identifier	handleInterrupt	existing spelling retained; current-function and linguistic review incomplete
identifier	handleKeyboardInterrupt	existing spelling retained; current-function and linguistic review incomplete
identifier	handleMouseInterrupt	existing spelling retained; current-function and linguistic review incomplete
identifier	handlePagingInterrupt	existing spelling retained; current-function and linguistic review incomplete
identifier	handleUnhandledSyscall	existing spelling retained; current-function and linguistic review incomplete
identifier	handler	existing spelling retained; current-function and linguistic review incomplete
identifier	handlerAddressHighBits	existing spelling retained; current-function and linguistic review incomplete
identifier	handlerAddressLowBits	existing spelling retained; current-function and linguistic review incomplete
identifier	handlerRun	existing spelling retained; current-function and linguistic review incomplete
identifier	handlers	existing spelling retained; current-function and linguistic review incomplete
identifier	hardwareAddressSize	existing spelling retained; current-function and linguistic review incomplete
identifier	hardwareInterruptOffset	existing spelling retained; current-function and linguistic review incomplete
identifier	hardwareType	existing spelling retained; current-function and linguistic review incomplete
identifier	hd	existing spelling retained; current-function and linguistic review incomplete
identifier	head	existing spelling retained; current-function and linguistic review incomplete
identifier	headCount	existing spelling retained; current-function and linguistic review incomplete
identifier	headerLength	existing spelling retained; current-function and linguistic review incomplete
identifier	headertype	existing spelling retained; current-function and linguistic review incomplete
identifier	height	existing spelling retained; current-function and linguistic review incomplete
identifier	hex	existing spelling retained; current-function and linguistic review incomplete
identifier	hiddenSectors	existing spelling retained; current-function and linguistic review incomplete
identifier	i	existing spelling retained; current-function and linguistic review incomplete
identifier	iCount	existing spelling retained; current-function and linguistic review incomplete
identifier	iDrivers	existing spelling retained; current-function and linguistic review incomplete
identifier	iKeyboardEventHandler	existing spelling retained; current-function and linguistic review incomplete
identifier	iMouseEventHandler	existing spelling retained; current-function and linguistic review incomplete
identifier	iPCIControllerHandler	existing spelling retained; current-function and linguistic review incomplete
identifier	iRawDataHandler	existing spelling retained; current-function and linguistic review incomplete
identifier	iTimerEventHandler	existing spelling retained; current-function and linguistic review incomplete
identifier	icmp	existing spelling retained; current-function and linguistic review incomplete
identifier	icmpSize	existing spelling retained; current-function and linguistic review incomplete
identifier	icmp콘솔	existing spelling retained; current-function and linguistic review incomplete
identifier	id	existing spelling retained; current-function and linguistic review incomplete
identifier	ident	existing spelling retained; current-function and linguistic review incomplete
identifier	idtData	existing spelling retained; current-function and linguistic review incomplete
identifier	idtPointer	existing spelling retained; current-function and linguistic review incomplete
identifier	idx	existing spelling retained; current-function and linguistic review incomplete
identifier	index	existing spelling retained; current-function and linguistic review incomplete
identifier	initBlock	existing spelling retained; current-function and linguistic review incomplete
identifier	initFileDescriptors	existing spelling retained; current-function and linguistic review incomplete
identifier	initPIT	existing spelling retained; current-function and linguistic review incomplete
identifier	initializeProcessFDs	existing spelling retained; current-function and linguistic review incomplete
identifier	inode	existing spelling retained; current-function and linguistic review incomplete
identifier	inputEventTask	existing spelling retained; current-function and linguistic review incomplete
identifier	installIDT	existing spelling retained; current-function and linguistic review incomplete
identifier	intNumber	existing spelling retained; current-function and linguistic review incomplete
identifier	interface_id	existing spelling retained; current-function and linguistic review incomplete
identifier	internetprotocolPayload	existing spelling retained; current-function and linguistic review incomplete
identifier	interrupt	existing spelling retained; current-function and linguistic review incomplete
identifier	interruptDebug	existing spelling retained; current-function and linguistic review incomplete
identifier	interruptExitLoop	existing spelling retained; current-function and linguistic review incomplete
identifier	interruptGateEntries	existing spelling retained; current-function and linguistic review incomplete
identifier	interruptHandler	existing spelling retained; current-function and linguistic review incomplete
identifier	interrupts	existing spelling retained; current-function and linguistic review incomplete
identifier	iomap	existing spelling retained; current-function and linguistic review incomplete
identifier	ip	existing spelling retained; current-function and linguistic review incomplete
identifier	ipEtherFrameHandler	existing spelling retained; current-function and linguistic review incomplete
identifier	ipHandler	existing spelling retained; current-function and linguistic review incomplete
identifier	ipIdx	existing spelling retained; current-function and linguistic review incomplete
identifier	ipProtocolUDP	existing spelling retained; current-function and linguistic review incomplete
identifier	ipProvider	existing spelling retained; current-function and linguistic review incomplete
identifier	ipSize	existing spelling retained; current-function and linguistic review incomplete
identifier	ip_be	existing spelling retained; current-function and linguistic review incomplete
identifier	ipmessage	existing spelling retained; current-function and linguistic review incomplete
identifier	ipv4	existing spelling retained; current-function and linguistic review incomplete
identifier	ip콘솔	existing spelling retained; current-function and linguistic review incomplete
identifier	isKernel	existing spelling retained; current-function and linguistic review incomplete
identifier	isRoot	existing spelling retained; current-function and linguistic review incomplete
identifier	isRootPath	existing spelling retained; current-function and linguistic review incomplete
identifier	isSharedPDE	existing spelling retained; current-function and linguistic review incomplete
identifier	istOffset	existing spelling retained; current-function and linguistic review incomplete
identifier	j	existing spelling retained; current-function and linguistic review incomplete
identifier	jmp	existing spelling retained; current-function and linguistic review incomplete
identifier	jmp_user	existing spelling retained; current-function and linguistic review incomplete
identifier	jump_usermode_iret	existing spelling retained; current-function and linguistic review incomplete
identifier	kPageDirEntry	existing spelling retained; current-function and linguistic review incomplete
identifier	kernelESP	existing spelling retained; current-function and linguistic review incomplete
identifier	kernelPageDirEntry	existing spelling retained; current-function and linguistic review incomplete
identifier	kernelSS	existing spelling retained; current-function and linguistic review incomplete
identifier	key	existing spelling retained; current-function and linguistic review incomplete
identifier	keyboard	existing spelling retained; current-function and linguistic review incomplete
identifier	keyboardDriver	existing spelling retained; current-function and linguistic review incomplete
identifier	keyboardEventHandler	existing spelling retained; current-function and linguistic review incomplete
identifier	keyboardQueue	existing spelling retained; current-function and linguistic review incomplete
identifier	keyboardQueueRead	existing spelling retained; current-function and linguistic review incomplete
identifier	keyboardQueueSize	existing spelling retained; current-function and linguistic review incomplete
identifier	keyboardQueueWrite	existing spelling retained; current-function and linguistic review incomplete
identifier	kind	existing spelling retained; current-function and linguistic review incomplete
identifier	l	existing spelling retained; current-function and linguistic review incomplete
identifier	last	existing spelling retained; current-function and linguistic review incomplete
identifier	lbaHiPort	existing spelling retained; current-function and linguistic review incomplete
identifier	lbaLowPort	existing spelling retained; current-function and linguistic review incomplete
identifier	lbaMidPort	existing spelling retained; current-function and linguistic review incomplete
identifier	ldt	existing spelling retained; current-function and linguistic review incomplete
identifier	leftShift	existing spelling retained; current-function and linguistic review incomplete
identifier	len	existing spelling retained; current-function and linguistic review incomplete
identifier	len_ver	existing spelling retained; current-function and linguistic review incomplete
identifier	length	existing spelling retained; current-function and linguistic review incomplete
identifier	lengthAddress	existing spelling retained; current-function and linguistic review incomplete
identifier	lengthInBytes	existing spelling retained; current-function and linguistic review incomplete
identifier	length_high	existing spelling retained; current-function and linguistic review incomplete
identifier	length_low	existing spelling retained; current-function and linguistic review incomplete
identifier	lengths	existing spelling retained; current-function and linguistic review incomplete
identifier	lib1Addr	existing spelling retained; current-function and linguistic review incomplete
identifier	lib1Data	existing spelling retained; current-function and linguistic review incomplete
identifier	lib1File	existing spelling retained; current-function and linguistic review incomplete
identifier	lib1GOT	existing spelling retained; current-function and linguistic review incomplete
identifier	lib1elf	existing spelling retained; current-function and linguistic review incomplete
identifier	lib2Addr	existing spelling retained; current-function and linguistic review incomplete
identifier	lib2Data	existing spelling retained; current-function and linguistic review incomplete
identifier	lib2File	existing spelling retained; current-function and linguistic review incomplete
identifier	lib2GOT	existing spelling retained; current-function and linguistic review incomplete
identifier	lib2elf	existing spelling retained; current-function and linguistic review incomplete
identifier	libLinkMap	existing spelling retained; current-function and linguistic review incomplete
identifier	lidtaddr	existing spelling retained; current-function and linguistic review incomplete
identifier	limit	existing spelling retained; current-function and linguistic review incomplete
identifier	limitHighAndFlags	existing spelling retained; current-function and linguistic review incomplete
identifier	limitLow	existing spelling retained; current-function and linguistic review incomplete
identifier	linkMap	existing spelling retained; current-function and linguistic review incomplete
identifier	linkMapAddr	existing spelling retained; current-function and linguistic review incomplete
identifier	linkerAddr	existing spelling retained; current-function and linguistic review incomplete
identifier	linkerData	existing spelling retained; current-function and linguistic review incomplete
identifier	linkerEntry	existing spelling retained; current-function and linguistic review incomplete
identifier	linkerFile	existing spelling retained; current-function and linguistic review incomplete
identifier	list	existing spelling retained; current-function and linguistic review incomplete
identifier	listening	existing spelling retained; current-function and linguistic review incomplete
identifier	loader	existing spelling retained; current-function and linguistic review incomplete
identifier	local	existing spelling retained; current-function and linguistic review incomplete
identifier	localDatagramSocket	existing spelling retained; current-function and linguistic review incomplete
identifier	localIP	existing spelling retained; current-function and linguistic review incomplete
identifier	localPort	existing spelling retained; current-function and linguistic review incomplete
identifier	localSockets	existing spelling retained; current-function and linguistic review incomplete
identifier	logicalAddress	existing spelling retained; current-function and linguistic review incomplete
identifier	macAddr	existing spelling retained; current-function and linguistic review incomplete
identifier	macIdx	existing spelling retained; current-function and linguistic review incomplete
identifier	magicnumber	existing spelling retained; current-function and linguistic review incomplete
identifier	mainThread	existing spelling retained; current-function and linguistic review incomplete
identifier	makePagePrivateWritableCurrent	existing spelling retained; current-function and linguistic review incomplete
identifier	makeRangePrivateWritableCurrent	existing spelling retained; current-function and linguistic review incomplete
identifier	manager	existing spelling retained; current-function and linguistic review incomplete
identifier	mask	existing spelling retained; current-function and linguistic review incomplete
identifier	master	existing spelling retained; current-function and linguistic review incomplete
identifier	matches	existing spelling retained; current-function and linguistic review incomplete
identifier	maxBARs	existing spelling retained; current-function and linguistic review incomplete
identifier	maxDatagramSize	existing spelling retained; current-function and linguistic review incomplete
identifier	maxExecStringLength	existing spelling retained; current-function and linguistic review incomplete
identifier	maxExecVectorEntries	existing spelling retained; current-function and linguistic review incomplete
identifier	maxFD	existing spelling retained; current-function and linguistic review incomplete
identifier	maxOpenFiles	existing spelling retained; current-function and linguistic review incomplete
identifier	maxSocketPackets	existing spelling retained; current-function and linguistic review incomplete
identifier	maxSockets	existing spelling retained; current-function and linguistic review incomplete
identifier	maximumBlocks	existing spelling retained; current-function and linguistic review incomplete
identifier	mediaType	existing spelling retained; current-function and linguistic review incomplete
identifier	mem	existing spelling retained; current-function and linguistic review incomplete
identifier	memoryArray	existing spelling retained; current-function and linguistic review incomplete
identifier	memoryChunkSize	existing spelling retained; current-function and linguistic review incomplete
identifier	memoryManager	existing spelling retained; current-function and linguistic review incomplete
identifier	memoryOper	existing spelling retained; current-function and linguistic review incomplete
identifier	memorySize	existing spelling retained; current-function and linguistic review incomplete
identifier	memorymananger	existing spelling retained; current-function and linguistic review incomplete
identifier	memorytest	existing spelling retained; current-function and linguistic review incomplete
identifier	message	existing spelling retained; current-function and linguistic review incomplete
identifier	micsPort	existing spelling retained; current-function and linguistic review incomplete
identifier	minimum	existing spelling retained; current-function and linguistic review incomplete
identifier	mode	existing spelling retained; current-function and linguistic review incomplete
identifier	mouseDriver	existing spelling retained; current-function and linguistic review incomplete
identifier	mouseEventHandler	existing spelling retained; current-function and linguistic review incomplete
identifier	mouseVGA	existing spelling retained; current-function and linguistic review incomplete
identifier	mouseWidget	existing spelling retained; current-function and linguistic review incomplete
identifier	msdospart	existing spelling retained; current-function and linguistic review incomplete
identifier	msg	existing spelling retained; current-function and linguistic review incomplete
identifier	msgBuffer	existing spelling retained; current-function and linguistic review incomplete
identifier	multiboot_memory_map	existing spelling retained; current-function and linguistic review incomplete
identifier	multitasking	existing spelling retained; current-function and linguistic review incomplete
identifier	myKeyboardEventHandler	existing spelling retained; current-function and linguistic review incomplete
identifier	myPCIControllerHandler	existing spelling retained; current-function and linguistic review incomplete
identifier	myfunction	existing spelling retained; current-function and linguistic review incomplete
identifier	n	existing spelling retained; current-function and linguistic review incomplete
identifier	n_descsz	existing spelling retained; current-function and linguistic review incomplete
identifier	n_namesz	existing spelling retained; current-function and linguistic review incomplete
identifier	n_type	existing spelling retained; current-function and linguistic review incomplete
identifier	name	existing spelling retained; current-function and linguistic review incomplete
identifier	nameLen	existing spelling retained; current-function and linguistic review incomplete
identifier	netCard	existing spelling retained; current-function and linguistic review incomplete
identifier	newButtons	existing spelling retained; current-function and linguistic review incomplete
identifier	newFD	existing spelling retained; current-function and linguistic review incomplete
identifier	newFrame	existing spelling retained; current-function and linguistic review incomplete
identifier	newLink	existing spelling retained; current-function and linguistic review incomplete
identifier	newNode	existing spelling retained; current-function and linguistic review incomplete
identifier	newPtr	existing spelling retained; current-function and linguistic review incomplete
identifier	next	existing spelling retained; current-function and linguistic review incomplete
identifier	nextEphemeralPort	existing spelling retained; current-function and linguistic review incomplete
identifier	nextFileCluster	existing spelling retained; current-function and linguistic review incomplete
identifier	nextHopIP_BE	existing spelling retained; current-function and linguistic review incomplete
identifier	nextNode	existing spelling retained; current-function and linguistic review incomplete
identifier	nextProcessID	existing spelling retained; current-function and linguistic review incomplete
identifier	nextThread	existing spelling retained; current-function and linguistic review incomplete
identifier	nibble	existing spelling retained; current-function and linguistic review incomplete
identifier	node	existing spelling retained; current-function and linguistic review incomplete
identifier	nodeArray	existing spelling retained; current-function and linguistic review incomplete
identifier	num	existing spelling retained; current-function and linguistic review incomplete
identifier	numCacheEntries	existing spelling retained; current-function and linguistic review incomplete
identifier	numDrivers	existing spelling retained; current-function and linguistic review incomplete
identifier	numFunctions	existing spelling retained; current-function and linguistic review incomplete
identifier	numRecvBuffers	existing spelling retained; current-function and linguistic review incomplete
identifier	numSendBuffers	existing spelling retained; current-function and linguistic review incomplete
identifier	numSockets	existing spelling retained; current-function and linguistic review incomplete
identifier	numTasks	existing spelling retained; current-function and linguistic review incomplete
identifier	oAppend	existing spelling retained; current-function and linguistic review incomplete
identifier	oCreate	existing spelling retained; current-function and linguistic review incomplete
identifier	oDirectory	existing spelling retained; current-function and linguistic review incomplete
identifier	oReadOnly	existing spelling retained; current-function and linguistic review incomplete
identifier	oReadWrite	existing spelling retained; current-function and linguistic review incomplete
identifier	oTruncate	existing spelling retained; current-function and linguistic review incomplete
identifier	oWriteOnly	existing spelling retained; current-function and linguistic review incomplete
identifier	o_addr	existing spelling retained; current-function and linguistic review incomplete
identifier	offset	existing spelling retained; current-function and linguistic review incomplete
identifier	ok	existing spelling retained; current-function and linguistic review incomplete
identifier	oldButtons	existing spelling retained; current-function and linguistic review incomplete
identifier	oldCR3	existing spelling retained; current-function and linguistic review incomplete
identifier	oldFD	existing spelling retained; current-function and linguistic review incomplete
identifier	oldFrame	existing spelling retained; current-function and linguistic review incomplete
identifier	oldGdt	existing spelling retained; current-function and linguistic review incomplete
identifier	oldGdtAddr	existing spelling retained; current-function and linguistic review incomplete
identifier	oldGdtLen	existing spelling retained; current-function and linguistic review incomplete
identifier	openFileDescription	existing spelling retained; current-function and linguistic review incomplete
identifier	openFileTable	existing spelling retained; current-function and linguistic review incomplete
identifier	options	existing spelling retained; current-function and linguistic review incomplete
identifier	orgValue	existing spelling retained; current-function and linguistic review incomplete
identifier	p	existing spelling retained; current-function and linguistic review incomplete
identifier	p1	existing spelling retained; current-function and linguistic review incomplete
identifier	p2	existing spelling retained; current-function and linguistic review incomplete
identifier	p_align	existing spelling retained; current-function and linguistic review incomplete
identifier	p_backend	existing spelling retained; current-function and linguistic review incomplete
identifier	p_data	existing spelling retained; current-function and linguistic review incomplete
identifier	p_efHandler	existing spelling retained; current-function and linguistic review incomplete
identifier	p_efProvider	existing spelling retained; current-function and linguistic review incomplete
identifier	p_etherType	existing spelling retained; current-function and linguistic review incomplete
identifier	p_filesz	existing spelling retained; current-function and linguistic review incomplete
identifier	p_flags	existing spelling retained; current-function and linguistic review incomplete
identifier	p_iHandler	existing spelling retained; current-function and linguistic review incomplete
identifier	p_ipHandler	existing spelling retained; current-function and linguistic review incomplete
identifier	p_ipProvider	existing spelling retained; current-function and linguistic review incomplete
identifier	p_memsz	existing spelling retained; current-function and linguistic review incomplete
identifier	p_offset	existing spelling retained; current-function and linguistic review incomplete
identifier	p_paddr	existing spelling retained; current-function and linguistic review incomplete
identifier	p_protocol	existing spelling retained; current-function and linguistic review incomplete
identifier	p_provider	existing spelling retained; current-function and linguistic review incomplete
identifier	p_str	existing spelling retained; current-function and linguistic review incomplete
identifier	p_type	existing spelling retained; current-function and linguistic review incomplete
identifier	p_udpHandler	existing spelling retained; current-function and linguistic review incomplete
identifier	p_udpProvider	existing spelling retained; current-function and linguistic review incomplete
identifier	p_vaddr	existing spelling retained; current-function and linguistic review incomplete
identifier	packet	existing spelling retained; current-function and linguistic review incomplete
identifier	packetStatus	existing spelling retained; current-function and linguistic review incomplete
identifier	packets	existing spelling retained; current-function and linguistic review incomplete
identifier	page	existing spelling retained; current-function and linguistic review incomplete
identifier	pageDir	existing spelling retained; current-function and linguistic review incomplete
identifier	pageDirEntry	existing spelling retained; current-function and linguistic review incomplete
identifier	pageTableEntry	existing spelling retained; current-function and linguistic review incomplete
identifier	paging	existing spelling retained; current-function and linguistic review incomplete
identifier	param	existing spelling retained; current-function and linguistic review incomplete
identifier	params	existing spelling retained; current-function and linguistic review incomplete
identifier	parent	existing spelling retained; current-function and linguistic review incomplete
identifier	parentPID	existing spelling retained; current-function and linguistic review incomplete
identifier	parentProcess	existing spelling retained; current-function and linguistic review incomplete
identifier	partEntry	existing spelling retained; current-function and linguistic review incomplete
identifier	partition	existing spelling retained; current-function and linguistic review incomplete
identifier	partitionBytes	existing spelling retained; current-function and linguistic review incomplete
identifier	partitionOffset	existing spelling retained; current-function and linguistic review incomplete
identifier	path	existing spelling retained; current-function and linguistic review incomplete
identifier	pathAddr	existing spelling retained; current-function and linguistic review incomplete
identifier	pci	existing spelling retained; current-function and linguistic review incomplete
identifier	pciController	existing spelling retained; current-function and linguistic review incomplete
identifier	pde	existing spelling retained; current-function and linguistic review incomplete
identifier	pdeAddr	existing spelling retained; current-function and linguistic review incomplete
identifier	pdelen	existing spelling retained; current-function and linguistic review incomplete
identifier	peer	existing spelling retained; current-function and linguistic review incomplete
identifier	pendingButtons	existing spelling retained; current-function and linguistic review incomplete
identifier	pendingMouseEvent	existing spelling retained; current-function and linguistic review incomplete
identifier	pendingX	existing spelling retained; current-function and linguistic review incomplete
identifier	pendingY	existing spelling retained; current-function and linguistic review incomplete
identifier	phyaddr	existing spelling retained; current-function and linguistic review incomplete
identifier	phymem	existing spelling retained; current-function and linguistic review incomplete
identifier	physicalAddress	existing spelling retained; current-function and linguistic review incomplete
identifier	pid	existing spelling retained; current-function and linguistic review incomplete
identifier	pitFrequency	existing spelling retained; current-function and linguistic review incomplete
identifier	pixelAddress	existing spelling retained; current-function and linguistic review incomplete
identifier	pointer	existing spelling retained; current-function and linguistic review incomplete
identifier	pollKeyboardScancode	existing spelling retained; current-function and linguistic review incomplete
identifier	port	existing spelling retained; current-function and linguistic review incomplete
identifier	portBase	existing spelling retained; current-function and linguistic review incomplete
identifier	portInUse	existing spelling retained; current-function and linguistic review incomplete
identifier	portnumber	existing spelling retained; current-function and linguistic review incomplete
identifier	pos	existing spelling retained; current-function and linguistic review incomplete
identifier	position	existing spelling retained; current-function and linguistic review incomplete
identifier	posixStat	existing spelling retained; current-function and linguistic review incomplete
identifier	posixUtsname	existing spelling retained; current-function and linguistic review incomplete
identifier	prefetchable	existing spelling retained; current-function and linguistic review incomplete
identifier	prev	existing spelling retained; current-function and linguistic review incomplete
identifier	prevNode	existing spelling retained; current-function and linguistic review incomplete
identifier	prevX	existing spelling retained; current-function and linguistic review incomplete
identifier	prevY	existing spelling retained; current-function and linguistic review incomplete
identifier	printESP	existing spelling retained; current-function and linguistic review incomplete
identifier	printExceptionSelectorInfo	existing spelling retained; current-function and linguistic review incomplete
identifier	printPageFaultInfo	existing spelling retained; current-function and linguistic review incomplete
identifier	printreg	existing spelling retained; current-function and linguistic review incomplete
identifier	proc2	existing spelling retained; current-function and linguistic review incomplete
identifier	proc3	existing spelling retained; current-function and linguistic review incomplete
identifier	proc4	existing spelling retained; current-function and linguistic review incomplete
identifier	process	existing spelling retained; current-function and linguistic review incomplete
identifier	processEntry	existing spelling retained; current-function and linguistic review incomplete
identifier	processHelper	existing spelling retained; current-function and linguistic review incomplete
identifier	processTable	existing spelling retained; current-function and linguistic review incomplete
identifier	processes	existing spelling retained; current-function and linguistic review incomplete
identifier	programBreak	existing spelling retained; current-function and linguistic review incomplete
identifier	protocol	existing spelling retained; current-function and linguistic review incomplete
identifier	protocolAddressSize	existing spelling retained; current-function and linguistic review incomplete
identifier	providedLength	existing spelling retained; current-function and linguistic review incomplete
identifier	provider	existing spelling retained; current-function and linguistic review incomplete
identifier	ps2WaitLimit	existing spelling retained; current-function and linguistic review incomplete
identifier	pt	existing spelling retained; current-function and linguistic review incomplete
identifier	pte	existing spelling retained; current-function and linguistic review incomplete
identifier	pteAddr	existing spelling retained; current-function and linguistic review incomplete
identifier	ptr	existing spelling retained; current-function and linguistic review incomplete
identifier	pushExecUint32	existing spelling retained; current-function and linguistic review incomplete
identifier	queueKeyboardByte	existing spelling retained; current-function and linguistic review incomplete
identifier	r	existing spelling retained; current-function and linguistic review incomplete
identifier	r_addend	existing spelling retained; current-function and linguistic review incomplete
identifier	r_info	existing spelling retained; current-function and linguistic review incomplete
identifier	r_offset	existing spelling retained; current-function and linguistic review incomplete
identifier	raw	existing spelling retained; current-function and linguistic review incomplete
identifier	rawDataBackend	existing spelling retained; current-function and linguistic review incomplete
identifier	readFile	existing spelling retained; current-function and linguistic review incomplete
identifier	readPS2Data	existing spelling retained; current-function and linguistic review incomplete
identifier	readStdin	existing spelling retained; current-function and linguistic review incomplete
identifier	readVFSFile	existing spelling retained; current-function and linguistic review incomplete
identifier	read_count	existing spelling retained; current-function and linguistic review incomplete
identifier	receiver	existing spelling retained; current-function and linguistic review incomplete
identifier	recvBufferDescr	existing spelling retained; current-function and linguistic review incomplete
identifier	recvBufferDescrAddress	existing spelling retained; current-function and linguistic review incomplete
identifier	recvBuffers	existing spelling retained; current-function and linguistic review incomplete
identifier	recvBuffersDescrMemory	existing spelling retained; current-function and linguistic review incomplete
identifier	refBytes	existing spelling retained; current-function and linguistic review incomplete
identifier	refPtr	existing spelling retained; current-function and linguistic review incomplete
identifier	refs	existing spelling retained; current-function and linguistic review incomplete
identifier	regIndex	existing spelling retained; current-function and linguistic review incomplete
identifier	registerAddressPort	existing spelling retained; current-function and linguistic review incomplete
identifier	registerDataPort	existing spelling retained; current-function and linguistic review incomplete
identifier	registeroffset	existing spelling retained; current-function and linguistic review incomplete
identifier	registers	existing spelling retained; current-function and linguistic review incomplete
identifier	regtype	existing spelling retained; current-function and linguistic review incomplete
identifier	rel_text	existing spelling retained; current-function and linguistic review incomplete
identifier	rel_text_len	existing spelling retained; current-function and linguistic review incomplete
identifier	releaseOpenFile	existing spelling retained; current-function and linguistic review incomplete
identifier	released	existing spelling retained; current-function and linguistic review incomplete
identifier	reloadCR3	existing spelling retained; current-function and linguistic review incomplete
identifier	relocation_text	existing spelling retained; current-function and linguistic review incomplete
identifier	remaining	existing spelling retained; current-function and linguistic review incomplete
identifier	remote	existing spelling retained; current-function and linguistic review incomplete
identifier	remoteIP	existing spelling retained; current-function and linguistic review incomplete
identifier	remotePort	existing spelling retained; current-function and linguistic review incomplete
identifier	requested	existing spelling retained; current-function and linguistic review incomplete
identifier	reserved	existing spelling retained; current-function and linguistic review incomplete
identifier	reserved0	existing spelling retained; current-function and linguistic review incomplete
identifier	reservedSectors	existing spelling retained; current-function and linguistic review incomplete
identifier	resetPort	existing spelling retained; current-function and linguistic review incomplete
identifier	restoreFpRegs	existing spelling retained; current-function and linguistic review incomplete
identifier	result	existing spelling retained; current-function and linguistic review incomplete
identifier	result1	existing spelling retained; current-function and linguistic review incomplete
identifier	result2	existing spelling retained; current-function and linguistic review incomplete
identifier	ret	existing spelling retained; current-function and linguistic review incomplete
identifier	revision	existing spelling retained; current-function and linguistic review incomplete
identifier	rightShift	existing spelling retained; current-function and linguistic review incomplete
identifier	rootCluster	existing spelling retained; current-function and linguistic review incomplete
identifier	rootDirEntries	existing spelling retained; current-function and linguistic review incomplete
identifier	rootStart	existing spelling retained; current-function and linguistic review incomplete
identifier	rt	existing spelling retained; current-function and linguistic review incomplete
identifier	s	existing spelling retained; current-function and linguistic review incomplete
identifier	sIfchr	existing spelling retained; current-function and linguistic review incomplete
identifier	sIfdir	existing spelling retained; current-function and linguistic review incomplete
identifier	sIfmt	existing spelling retained; current-function and linguistic review incomplete
identifier	sIfreg	existing spelling retained; current-function and linguistic review incomplete
identifier	sIfsock	existing spelling retained; current-function and linguistic review incomplete
identifier	savedESP	existing spelling retained; current-function and linguistic review incomplete
identifier	sc	existing spelling retained; current-function and linguistic review incomplete
identifier	scanCode	existing spelling retained; current-function and linguistic review incomplete
identifier	scanCodeToByte	existing spelling retained; current-function and linguistic review incomplete
identifier	scancodeToByte	existing spelling retained; current-function and linguistic review incomplete
identifier	sche	existing spelling retained; current-function and linguistic review incomplete
identifier	sche_data	existing spelling retained; current-function and linguistic review incomplete
identifier	scheduleStack	existing spelling retained; current-function and linguistic review incomplete
identifier	scheduler	existing spelling retained; current-function and linguistic review incomplete
identifier	schedulerDebug	existing spelling retained; current-function and linguistic review incomplete
identifier	sectHeader	existing spelling retained; current-function and linguistic review incomplete
identifier	sectHeaderSize	existing spelling retained; current-function and linguistic review incomplete
identifier	sectName	existing spelling retained; current-function and linguistic review incomplete
identifier	sectValue	existing spelling retained; current-function and linguistic review incomplete
identifier	sector	existing spelling retained; current-function and linguistic review incomplete
identifier	sectorCountPort	existing spelling retained; current-function and linguistic review incomplete
identifier	sectorNum	existing spelling retained; current-function and linguistic review incomplete
identifier	sectorOffset	existing spelling retained; current-function and linguistic review incomplete
identifier	sectorPerTrack	existing spelling retained; current-function and linguistic review incomplete
identifier	sectorsPerCluster	existing spelling retained; current-function and linguistic review incomplete
identifier	seekCur	existing spelling retained; current-function and linguistic review incomplete
identifier	seekEnd	existing spelling retained; current-function and linguistic review incomplete
identifier	seekSet	existing spelling retained; current-function and linguistic review incomplete
identifier	segmentNumber	existing spelling retained; current-function and linguistic review incomplete
identifier	self	existing spelling retained; current-function and linguistic review incomplete
identifier	self_uintptr	existing spelling retained; current-function and linguistic review incomplete
identifier	sendBack	existing spelling retained; current-function and linguistic review incomplete
identifier	sendBufferDescr	existing spelling retained; current-function and linguistic review incomplete
identifier	sendBufferDescrAddress	existing spelling retained; current-function and linguistic review incomplete
identifier	sendBuffers	existing spelling retained; current-function and linguistic review incomplete
identifier	sendBuffersDescrMemory	existing spelling retained; current-function and linguistic review incomplete
identifier	sendDataPointer	existing spelling retained; current-function and linguistic review incomplete
identifier	sendDescriptor	existing spelling retained; current-function and linguistic review incomplete
identifier	sendMouseCommand	existing spelling retained; current-function and linguistic review incomplete
identifier	sequencerDataPort	existing spelling retained; current-function and linguistic review incomplete
identifier	sequencerIndexPort	existing spelling retained; current-function and linguistic review incomplete
identifier	serialLogByte	existing spelling retained; current-function and linguistic review incomplete
identifier	serialReady	existing spelling retained; current-function and linguistic review incomplete
identifier	setCR3	existing spelling retained; current-function and linguistic review incomplete
identifier	setDS	existing spelling retained; current-function and linguistic review incomplete
identifier	setGS	existing spelling retained; current-function and linguistic review incomplete
identifier	setThreadExitLoopState	existing spelling retained; current-function and linguistic review incomplete
identifier	setupExecStack	existing spelling retained; current-function and linguistic review incomplete
identifier	sh	existing spelling retained; current-function and linguistic review incomplete
identifier	sh_addr	existing spelling retained; current-function and linguistic review incomplete
identifier	sh_addralign	existing spelling retained; current-function and linguistic review incomplete
identifier	sh_entsize	existing spelling retained; current-function and linguistic review incomplete
identifier	sh_flags	existing spelling retained; current-function and linguistic review incomplete
identifier	sh_info	existing spelling retained; current-function and linguistic review incomplete
identifier	sh_link	existing spelling retained; current-function and linguistic review incomplete
identifier	sh_name	existing spelling retained; current-function and linguistic review incomplete
identifier	sh_offset	existing spelling retained; current-function and linguistic review incomplete
identifier	sh_size	existing spelling retained; current-function and linguistic review incomplete
identifier	sh_type	existing spelling retained; current-function and linguistic review incomplete
identifier	shift	existing spelling retained; current-function and linguistic review incomplete
identifier	signature	existing spelling retained; current-function and linguistic review incomplete
identifier	size	existing spelling retained; current-function and linguistic review incomplete
identifier	sl	existing spelling retained; current-function and linguistic review incomplete
identifier	sockDatagram	existing spelling retained; current-function and linguistic review incomplete
identifier	socket	existing spelling retained; current-function and linguistic review incomplete
identifier	socketAddress	existing spelling retained; current-function and linguistic review incomplete
identifier	socketAddressIPv4	existing spelling retained; current-function and linguistic review incomplete
identifier	socketBind	existing spelling retained; current-function and linguistic review incomplete
identifier	socketCallArgument	existing spelling retained; current-function and linguistic review incomplete
identifier	socketConnect	existing spelling retained; current-function and linguistic review incomplete
identifier	socketForFD	existing spelling retained; current-function and linguistic review incomplete
identifier	socketIndex	existing spelling retained; current-function and linguistic review incomplete
identifier	socketPacket	existing spelling retained; current-function and linguistic review incomplete
identifier	socketReceiveFrom	existing spelling retained; current-function and linguistic review incomplete
identifier	socketSendTo	existing spelling retained; current-function and linguistic review incomplete
identifier	socketType	existing spelling retained; current-function and linguistic review incomplete
identifier	sockets	existing spelling retained; current-function and linguistic review incomplete
identifier	softName	existing spelling retained; current-function and linguistic review incomplete
identifier	source	existing spelling retained; current-function and linguistic review incomplete
identifier	sourceAddress	existing spelling retained; current-function and linguistic review incomplete
identifier	sourceLengthAddress	existing spelling retained; current-function and linguistic review incomplete
identifier	src	existing spelling retained; current-function and linguistic review incomplete
identifier	srcEntry	existing spelling retained; current-function and linguistic review incomplete
identifier	srcIP	existing spelling retained; current-function and linguistic review incomplete
identifier	srcIP_BE	existing spelling retained; current-function and linguistic review incomplete
identifier	srcMAC	existing spelling retained; current-function and linguistic review incomplete
identifier	srcMAC_BE	existing spelling retained; current-function and linguistic review incomplete
identifier	srcPageDir	existing spelling retained; current-function and linguistic review incomplete
identifier	srcPde	existing spelling retained; current-function and linguistic review incomplete
identifier	srcPdeAddr	existing spelling retained; current-function and linguistic review incomplete
identifier	srcPort	existing spelling retained; current-function and linguistic review incomplete
identifier	srcPt	existing spelling retained; current-function and linguistic review incomplete
identifier	srcptr	existing spelling retained; current-function and linguistic review incomplete
identifier	ss	existing spelling retained; current-function and linguistic review incomplete
identifier	ss0	existing spelling retained; current-function and linguistic review incomplete
identifier	ss1	existing spelling retained; current-function and linguistic review incomplete
identifier	ss2	existing spelling retained; current-function and linguistic review incomplete
identifier	st	existing spelling retained; current-function and linguistic review incomplete
identifier	st_info	existing spelling retained; current-function and linguistic review incomplete
identifier	st_name	existing spelling retained; current-function and linguistic review incomplete
identifier	st_other	existing spelling retained; current-function and linguistic review incomplete
identifier	st_shndx	existing spelling retained; current-function and linguistic review incomplete
identifier	st_size	existing spelling retained; current-function and linguistic review incomplete
identifier	st_value	existing spelling retained; current-function and linguistic review incomplete
identifier	stack	existing spelling retained; current-function and linguistic review incomplete
identifier	stackBytes	existing spelling retained; current-function and linguistic review incomplete
identifier	stackPtr	existing spelling retained; current-function and linguistic review incomplete
identifier	stack_addr	existing spelling retained; current-function and linguistic review incomplete
identifier	stackbottom	existing spelling retained; current-function and linguistic review incomplete
identifier	stacktop	existing spelling retained; current-function and linguistic review incomplete
identifier	start	existing spelling retained; current-function and linguistic review incomplete
identifier	startOffset	existing spelling retained; current-function and linguistic review incomplete
identifier	start_cylinder	existing spelling retained; current-function and linguistic review incomplete
identifier	start_head	existing spelling retained; current-function and linguistic review incomplete
identifier	start_sector	existing spelling retained; current-function and linguistic review incomplete
identifier	startingBit	existing spelling retained; current-function and linguistic review incomplete
identifier	stat	existing spelling retained; current-function and linguistic review incomplete
identifier	statAddr	existing spelling retained; current-function and linguistic review incomplete
identifier	status	existing spelling retained; current-function and linguistic review incomplete
identifier	statusAddr	existing spelling retained; current-function and linguistic review incomplete
identifier	stderrFD	existing spelling retained; current-function and linguistic review incomplete
identifier	stdinBuffer	existing spelling retained; current-function and linguistic review incomplete
identifier	stdinFD	existing spelling retained; current-function and linguistic review incomplete
identifier	stdinGetBlocking	existing spelling retained; current-function and linguistic review incomplete
identifier	stdinRead	existing spelling retained; current-function and linguistic review incomplete
identifier	stdinWrite	existing spelling retained; current-function and linguistic review incomplete
identifier	stdoutFD	existing spelling retained; current-function and linguistic review incomplete
identifier	stoppedThread	existing spelling retained; current-function and linguistic review incomplete
identifier	str	existing spelling retained; current-function and linguistic review incomplete
identifier	stringAddress	existing spelling retained; current-function and linguistic review incomplete
identifier	stringHeader	existing spelling retained; current-function and linguistic review incomplete
identifier	strtab	existing spelling retained; current-function and linguistic review incomplete
identifier	subclass_id	existing spelling retained; current-function and linguistic review incomplete
identifier	subnetMask	existing spelling retained; current-function and linguistic review incomplete
identifier	swapUint16	existing spelling retained; current-function and linguistic review incomplete
identifier	switchForced	existing spelling retained; current-function and linguistic review incomplete
identifier	sysAccess	existing spelling retained; current-function and linguistic review incomplete
identifier	sysBrk	existing spelling retained; current-function and linguistic review incomplete
identifier	sysCall	existing spelling retained; current-function and linguistic review incomplete
identifier	sysChdir	existing spelling retained; current-function and linguistic review incomplete
identifier	sysClose	existing spelling retained; current-function and linguistic review incomplete
identifier	sysDup	existing spelling retained; current-function and linguistic review incomplete
identifier	sysDup2	existing spelling retained; current-function and linguistic review incomplete
identifier	sysExecve	existing spelling retained; current-function and linguistic review incomplete
identifier	sysExit	existing spelling retained; current-function and linguistic review incomplete
identifier	sysFcntl	existing spelling retained; current-function and linguistic review incomplete
identifier	sysFork	existing spelling retained; current-function and linguistic review incomplete
identifier	sysFstat	existing spelling retained; current-function and linguistic review incomplete
identifier	sysFsync	existing spelling retained; current-function and linguistic review incomplete
identifier	sysGetcwd	existing spelling retained; current-function and linguistic review incomplete
identifier	sysLseek	existing spelling retained; current-function and linguistic review incomplete
identifier	sysOpen	existing spelling retained; current-function and linguistic review incomplete
identifier	sysRead	existing spelling retained; current-function and linguistic review incomplete
identifier	sysSocketCall	existing spelling retained; current-function and linguistic review incomplete
identifier	sysStat	existing spelling retained; current-function and linguistic review incomplete
identifier	sysUname	existing spelling retained; current-function and linguistic review incomplete
identifier	sysWaitpid	existing spelling retained; current-function and linguistic review incomplete
identifier	sysWrite	existing spelling retained; current-function and linguistic review incomplete
identifier	syscallError	existing spelling retained; current-function and linguistic review incomplete
identifier	syscallID	existing spelling retained; current-function and linguistic review incomplete
identifier	systemcall	existing spelling retained; current-function and linguistic review incomplete
identifier	table	existing spelling retained; current-function and linguistic review incomplete
identifier	tableSize	existing spelling retained; current-function and linguistic review incomplete
identifier	tail	existing spelling retained; current-function and linguistic review incomplete
identifier	task	existing spelling retained; current-function and linguistic review incomplete
identifier	taskA	existing spelling retained; current-function and linguistic review incomplete
identifier	taskB	existing spelling retained; current-function and linguistic review incomplete
identifier	taskC	existing spelling retained; current-function and linguistic review incomplete
identifier	taskD	existing spelling retained; current-function and linguistic review incomplete
identifier	taskD0	existing spelling retained; current-function and linguistic review incomplete
identifier	taskD1	existing spelling retained; current-function and linguistic review incomplete
identifier	taskManager	existing spelling retained; current-function and linguistic review incomplete
identifier	tasks	existing spelling retained; current-function and linguistic review incomplete
identifier	temp	existing spelling retained; current-function and linguistic review incomplete
identifier	terminated	existing spelling retained; current-function and linguistic review incomplete
identifier	text	existing spelling retained; current-function and linguistic review incomplete
identifier	textPtr	existing spelling retained; current-function and linguistic review incomplete
identifier	text_len	existing spelling retained; current-function and linguistic review incomplete
identifier	text_mode_check_fb_move	existing spelling retained; current-function and linguistic review incomplete
identifier	text_mode_disable_cursor	existing spelling retained; current-function and linguistic review incomplete
identifier	text_mode_enable_cursor	existing spelling retained; current-function and linguistic review incomplete
identifier	text_mode_error_writer	existing spelling retained; current-function and linguistic review incomplete
identifier	text_mode_flush_screen	existing spelling retained; current-function and linguistic review incomplete
identifier	text_mode_init	existing spelling retained; current-function and linguistic review incomplete
identifier	text_mode_print	existing spelling retained; current-function and linguistic review incomplete
identifier	text_mode_print_bytes	existing spelling retained; current-function and linguistic review incomplete
identifier	text_mode_print_char	existing spelling retained; current-function and linguistic review incomplete
identifier	text_mode_print_char_col	existing spelling retained; current-function and linguistic review incomplete
identifier	text_mode_print_col	existing spelling retained; current-function and linguistic review incomplete
identifier	text_mode_print_error	existing spelling retained; current-function and linguistic review incomplete
identifier	text_mode_print_error_bytes	existing spelling retained; current-function and linguistic review incomplete
identifier	text_mode_print_errorln	existing spelling retained; current-function and linguistic review incomplete
identifier	text_mode_print_hex	existing spelling retained; current-function and linguistic review incomplete
identifier	text_mode_print_hex16	existing spelling retained; current-function and linguistic review incomplete
identifier	text_mode_print_hex32	existing spelling retained; current-function and linguistic review incomplete
identifier	text_mode_print_hex64	existing spelling retained; current-function and linguistic review incomplete
identifier	text_mode_print_hex_char	existing spelling retained; current-function and linguistic review incomplete
identifier	text_mode_println	existing spelling retained; current-function and linguistic review incomplete
identifier	text_mode_println_col	existing spelling retained; current-function and linguistic review incomplete
identifier	text_mode_update_cursor	existing spelling retained; current-function and linguistic review incomplete
identifier	text_mode_writer	existing spelling retained; current-function and linguistic review incomplete
identifier	thr2	existing spelling retained; current-function and linguistic review incomplete
identifier	thr3	existing spelling retained; current-function and linguistic review incomplete
identifier	thr4	existing spelling retained; current-function and linguistic review incomplete
identifier	thread	existing spelling retained; current-function and linguistic review incomplete
identifier	threadExitLoop	existing spelling retained; current-function and linguistic review incomplete
identifier	threadHelper	existing spelling retained; current-function and linguistic review incomplete
identifier	threadPtr	existing spelling retained; current-function and linguistic review incomplete
identifier	tickCount	existing spelling retained; current-function and linguistic review incomplete
identifier	timeDelta	existing spelling retained; current-function and linguistic review incomplete
identifier	timeToLive	existing spelling retained; current-function and linguistic review incomplete
identifier	timer	existing spelling retained; current-function and linguistic review incomplete
identifier	tls	existing spelling retained; current-function and linguistic review incomplete
identifier	tmp	existing spelling retained; current-function and linguistic review incomplete
identifier	tmpPtr	existing spelling retained; current-function and linguistic review incomplete
identifier	tos	existing spelling retained; current-function and linguistic review incomplete
identifier	totalLength	existing spelling retained; current-function and linguistic review incomplete
identifier	totalSectorCount	existing spelling retained; current-function and linguistic review incomplete
identifier	totalSectors	existing spelling retained; current-function and linguistic review incomplete
identifier	trap	existing spelling retained; current-function and linguistic review incomplete
identifier	tss	existing spelling retained; current-function and linguistic review incomplete
identifier	tssIndex	existing spelling retained; current-function and linguistic review incomplete
identifier	udp	existing spelling retained; current-function and linguistic review incomplete
identifier	udpHandler	existing spelling retained; current-function and linguistic review incomplete
identifier	udpHeaderSize	existing spelling retained; current-function and linguistic review incomplete
identifier	udpProvider	existing spelling retained; current-function and linguistic review incomplete
identifier	udp콘솔	existing spelling retained; current-function and linguistic review incomplete
identifier	unused	existing spelling retained; current-function and linguistic review incomplete
identifier	used	existing spelling retained; current-function and linguistic review incomplete
identifier	usedBlocks	existing spelling retained; current-function and linguistic review incomplete
identifier	user1addr	existing spelling retained; current-function and linguistic review incomplete
identifier	user1data	existing spelling retained; current-function and linguistic review incomplete
identifier	user1entry	existing spelling retained; current-function and linguistic review incomplete
identifier	user1file	existing spelling retained; current-function and linguistic review incomplete
identifier	user2addr	existing spelling retained; current-function and linguistic review incomplete
identifier	user2data	existing spelling retained; current-function and linguistic review incomplete
identifier	user2entry	existing spelling retained; current-function and linguistic review incomplete
identifier	user2file	existing spelling retained; current-function and linguistic review incomplete
identifier	user3addr	existing spelling retained; current-function and linguistic review incomplete
identifier	user3data	existing spelling retained; current-function and linguistic review incomplete
identifier	user3entry	existing spelling retained; current-function and linguistic review incomplete
identifier	user3file	existing spelling retained; current-function and linguistic review incomplete
identifier	userHeapBase	existing spelling retained; current-function and linguistic review incomplete
identifier	userHeapLimit	existing spelling retained; current-function and linguistic review incomplete
identifier	user_esp	existing spelling retained; current-function and linguistic review incomplete
identifier	userhandler	existing spelling retained; current-function and linguistic review incomplete
identifier	userproc_entry	existing spelling retained; current-function and linguistic review incomplete
identifier	util	existing spelling retained; current-function and linguistic review incomplete
identifier	util콘솔	existing spelling retained; current-function and linguistic review incomplete
identifier	v	existing spelling retained; current-function and linguistic review incomplete
identifier	vAddr	existing spelling retained; current-function and linguistic review incomplete
identifier	value	existing spelling retained; current-function and linguistic review incomplete
identifier	values	existing spelling retained; current-function and linguistic review incomplete
identifier	version	existing spelling retained; current-function and linguistic review incomplete
identifier	vga	existing spelling retained; current-function and linguistic review incomplete
identifier	virtlen	existing spelling retained; current-function and linguistic review incomplete
identifier	virtmem	existing spelling retained; current-function and linguistic review incomplete
identifier	virtualAddr	existing spelling retained; current-function and linguistic review incomplete
identifier	volumeId	existing spelling retained; current-function and linguistic review incomplete
identifier	volumeLabel	existing spelling retained; current-function and linguistic review incomplete
identifier	w	existing spelling retained; current-function and linguistic review incomplete
identifier	wDate	existing spelling retained; current-function and linguistic review incomplete
identifier	wTime	existing spelling retained; current-function and linguistic review incomplete
identifier	waitPS2InputEmpty	existing spelling retained; current-function and linguistic review incomplete
identifier	waitPS2OutputFull	existing spelling retained; current-function and linguistic review incomplete
identifier	wdata	existing spelling retained; current-function and linguistic review incomplete
identifier	whence	existing spelling retained; current-function and linguistic review incomplete
identifier	widget	existing spelling retained; current-function and linguistic review incomplete
identifier	width	existing spelling retained; current-function and linguistic review incomplete
identifier	writePS2Command	existing spelling retained; current-function and linguistic review incomplete
identifier	writePS2Data	existing spelling retained; current-function and linguistic review incomplete
identifier	write_count	existing spelling retained; current-function and linguistic review incomplete
identifier	x	existing spelling retained; current-function and linguistic review incomplete
identifier	xPageDir	existing spelling retained; current-function and linguistic review incomplete
identifier	xPos	existing spelling retained; current-function and linguistic review incomplete
identifier	y	existing spelling retained; current-function and linguistic review incomplete
identifier	yPageDir	existing spelling retained; current-function and linguistic review incomplete
identifier	yPos	existing spelling retained; current-function and linguistic review incomplete
identifier	값	existing spelling retained; current-function and linguistic review incomplete
identifier	공용서술자테이블	existing spelling retained; current-function and linguistic review incomplete
identifier	기준	existing spelling retained; current-function and linguistic review incomplete
identifier	기준_낮은	existing spelling retained; current-function and linguistic review incomplete
identifier	기준_높은	existing spelling retained; current-function and linguistic review incomplete
identifier	기준_매우높은	existing spelling retained; current-function and linguistic review incomplete
identifier	기준주소	existing spelling retained; current-function and linguistic review incomplete
identifier	넷카드콘솔	existing spelling retained; current-function and linguistic review incomplete
identifier	단말기	existing spelling retained; current-function and linguistic review incomplete
identifier	마우스콘솔	existing spelling retained; current-function and linguistic review incomplete
identifier	매개값	existing spelling retained; current-function and linguistic review incomplete
identifier	멈추기	existing spelling retained; current-function and linguistic review incomplete
identifier	목적	existing spelling retained; current-function and linguistic review incomplete
identifier	유형	existing spelling retained; current-function and linguistic review incomplete
identifier	이더넷콘솔	existing spelling retained; current-function and linguistic review incomplete
identifier	인터럽트무시하기	existing spelling retained; current-function and linguistic review incomplete
identifier	인터럽트예외처리기	existing spelling retained; current-function and linguistic review incomplete
identifier	인터럽트예외처리기0x00	existing spelling retained; current-function and linguistic review incomplete
identifier	인터럽트예외처리기0x01	existing spelling retained; current-function and linguistic review incomplete
identifier	인터럽트예외처리기0x02	existing spelling retained; current-function and linguistic review incomplete
identifier	인터럽트예외처리기0x03	existing spelling retained; current-function and linguistic review incomplete
identifier	인터럽트예외처리기0x04	existing spelling retained; current-function and linguistic review incomplete
identifier	인터럽트예외처리기0x05	existing spelling retained; current-function and linguistic review incomplete
identifier	인터럽트예외처리기0x06	existing spelling retained; current-function and linguistic review incomplete
identifier	인터럽트예외처리기0x07	existing spelling retained; current-function and linguistic review incomplete
identifier	인터럽트예외처리기0x08	existing spelling retained; current-function and linguistic review incomplete
identifier	인터럽트예외처리기0x09	existing spelling retained; current-function and linguistic review incomplete
identifier	인터럽트예외처리기0x0A	existing spelling retained; current-function and linguistic review incomplete
identifier	인터럽트예외처리기0x0B	existing spelling retained; current-function and linguistic review incomplete
identifier	인터럽트예외처리기0x0C	existing spelling retained; current-function and linguistic review incomplete
identifier	인터럽트예외처리기0x0D	existing spelling retained; current-function and linguistic review incomplete
identifier	인터럽트예외처리기0x0E	existing spelling retained; current-function and linguistic review incomplete
identifier	인터럽트예외처리기0x0F	existing spelling retained; current-function and linguistic review incomplete
identifier	인터럽트예외처리기0x10	existing spelling retained; current-function and linguistic review incomplete
identifier	인터럽트예외처리기0x11	existing spelling retained; current-function and linguistic review incomplete
identifier	인터럽트예외처리기0x12	existing spelling retained; current-function and linguistic review incomplete
identifier	인터럽트예외처리기0x13	existing spelling retained; current-function and linguistic review incomplete
identifier	인터럽트요청처리0x00	existing spelling retained; current-function and linguistic review incomplete
identifier	인터럽트요청처리0x01	existing spelling retained; current-function and linguistic review incomplete
identifier	인터럽트요청처리0x02	existing spelling retained; current-function and linguistic review incomplete
identifier	인터럽트요청처리0x03	existing spelling retained; current-function and linguistic review incomplete
identifier	인터럽트요청처리0x04	existing spelling retained; current-function and linguistic review incomplete
identifier	인터럽트요청처리0x05	existing spelling retained; current-function and linguistic review incomplete
identifier	인터럽트요청처리0x06	existing spelling retained; current-function and linguistic review incomplete
identifier	인터럽트요청처리0x07	existing spelling retained; current-function and linguistic review incomplete
identifier	인터럽트요청처리0x08	existing spelling retained; current-function and linguistic review incomplete
identifier	인터럽트요청처리0x09	existing spelling retained; current-function and linguistic review incomplete
identifier	인터럽트요청처리0x0A	existing spelling retained; current-function and linguistic review incomplete
identifier	인터럽트요청처리0x0B	existing spelling retained; current-function and linguistic review incomplete
identifier	인터럽트요청처리0x0C	existing spelling retained; current-function and linguistic review incomplete
identifier	인터럽트요청처리0x0D	existing spelling retained; current-function and linguistic review incomplete
identifier	인터럽트요청처리0x0E	existing spelling retained; current-function and linguistic review incomplete
identifier	인터럽트요청처리0x0F	existing spelling retained; current-function and linguistic review incomplete
identifier	인터럽트요청처리0x80	existing spelling retained; current-function and linguistic review incomplete
identifier	인터럽트요청처리0x81	existing spelling retained; current-function and linguistic review incomplete
identifier	인터럽트요청처리0x82	existing spelling retained; current-function and linguistic review incomplete
identifier	인터럽트처리기	existing spelling retained; current-function and linguistic review incomplete
identifier	임시	existing spelling retained; current-function and linguistic review incomplete
identifier	자료	existing spelling retained; current-function and linguistic review incomplete
identifier	자신	existing spelling retained; current-function and linguistic review incomplete
identifier	작업관리자	existing spelling retained; current-function and linguistic review incomplete
identifier	작업콘솔	existing spelling retained; current-function and linguistic review incomplete
identifier	조각설명자	existing spelling retained; current-function and linguistic review incomplete
identifier	콘솔	existing spelling retained; current-function and linguistic review incomplete
identifier	크기	existing spelling retained; current-function and linguistic review incomplete
identifier	키보드콘솔	existing spelling retained; current-function and linguistic review incomplete
identifier	표시들	existing spelling retained; current-function and linguistic review incomplete
identifier	표시들_한도_높은	existing spelling retained; current-function and linguistic review incomplete
identifier	한도	existing spelling retained; current-function and linguistic review incomplete
identifier	한도_낮은	existing spelling retained; current-function and linguistic review incomplete
