original	before	after	review_status	concept	changed_tokens
Activate	Aktiviraj	Aktiviraj	existing-unreviewed		0
ActivateAll	AktivirajSve	AktivirajSve	existing-unreviewed		0
Active	Aktivan	Aktivan	existing-unreviewed		0
ActiveInterruptManager	AktivanPrekidmanager	AktivanPrekidmanager	existing-unreviewed		0
ActiveMemoryManager	AktivanMemorijamanager	AktivanMemorijamanager	existing-unreviewed		0
Add	Dodaj	Dodaj	existing-unreviewed		0
AddDriver	Dodajdriver	Dodajdriver	existing-unreviewed		0
AddRunnableThread	Dodajrunnablethread	Dodajrunnablethread	existing-unreviewed		0
AddTask	DodajZadatak	DodajZadatak	existing-unreviewed		0
AddThread	Dodajthread	Dodajthread	existing-unreviewed		0
Address	Address	Address	existing-unreviewed		0
AlignedMalloc	Alignedmalloc	Alignedmalloc	existing-unreviewed		0
AlignmentCheck	Alignmentcheck	Alignmentcheck	existing-unreviewed		0
AllocateBlock	AllocateBlokiraj	AllocateBlokiraj	existing-unreviewed		0
AllocatePID	Allocatepid	Allocatepid	existing-unreviewed		0
AmountOfMemory	IznosodMemorija	IznosodMemorija	existing-unreviewed		0
ArrayToUint16	Niztounsignedinteger16	Niztounsignedinteger16	existing-unreviewed		0
ArrayToUint32	Niztounsignedinteger32	Niztounsignedinteger32	existing-unreviewed		0
ArrayToUint48	Niztounsignedinteger48	Niztounsignedinteger48	existing-unreviewed		0
ArrayToUint48_BE	Niztounsignedinteger48be	Niztounsignedinteger48be	existing-unreviewed		0
ArrayToUint64	Niztounsignedinteger64	Niztounsignedinteger64	existing-unreviewed		0
Atime	Atime	Atime	existing-unreviewed		0
AtimeNsec	Atimensec	Atimensec	existing-unreviewed		0
BLOCKS_PER_BYTE	Blokirajperbyte	Blokirajperbyte	existing-unreviewed		0
BLOCK_SIZE	BlokirajVeličina	BlokirajVeličina	existing-unreviewed		0
Backend	Backend	Backend	existing-unreviewed		0
BaseAddr	Baseaddress	Baseaddress	existing-unreviewed		0
Bind	Bind	Bind	existing-unreviewed		0
Blksize	Blksize	Blksize	existing-unreviewed		0
Blocked	Blocked	Blocked	existing-unreviewed		0
BlockedState	BlockedStanje	BlockedStanje	existing-unreviewed		0
Blocks	Blokiraj	Blokiraj	existing-unreviewed		0
BoundRangeExceeded	BoundOpsegexceeded	BoundOpsegexceeded	existing-unreviewed		0
BroadcastMacAddress	Broadcastmacaddress	Broadcastmacaddress	existing-unreviewed		0
BytesPerSector	Bajtovapersector	Bajtovapersector	existing-unreviewed		0
BytesToString	BajtovatoZnakovniniz	BajtovatoZnakovniniz	existing-unreviewed		0
Checksum	Checksum	Checksum	existing-unreviewed		0
Clear	Očisti	Očisti	existing-unreviewed		0
Clone	Clone	Clone	existing-unreviewed		0
CloneAddressSpaceCOW	CloneaddressRazmaknicacow	CloneaddressRazmaknicacow	existing-unreviewed		0
Connect	Spojise	Spojise	existing-unreviewed		0
ContainsCoordinate	Containscoordinate	Containscoordinate	existing-unreviewed		0
CopyPageFrameBlock	KopirajStranicaframeBlokiraj	KopirajStranicaframeBlokiraj	existing-unreviewed		0
CpuState	ProcesorStanje	ProcesorStanje	existing-unreviewed		0
Create	Create	Create	existing-unreviewed		0
CreateFromData	Createfromdata	Createfromdata	existing-unreviewed		0
CreateFromFunction	CreatefromFunkcija	CreatefromFunkcija	existing-unreviewed		0
CreatePtrFromFunction	CreatePokazivačfromFunkcija	CreatePokazivačfromFunkcija	existing-unreviewed		0
Cs	Cs	Cs	existing-unreviewed		0
Ctime	Ctime	Ctime	existing-unreviewed		0
CtimeNsec	Ctimensec	Ctimensec	existing-unreviewed		0
CurrentPID	Trenutnopid	Trenutnopid	existing-unreviewed		0
CurrentParentPID	Trenutnoroditeljpid	Trenutnoroditeljpid	existing-unreviewed		0
Data	Data	Data	compatibility		0
Deactivate	Deaktiviraj	Deaktiviraj	existing-unreviewed		0
Deactive	Deactive	Deactive	existing-unreviewed		0
Decrement	Decrement	Decrement	existing-unreviewed		0
Delete	Obriši	Obriši	existing-unreviewed		0
DescriptorPrivilegeLevel	Descriptorprivilegelevel	Descriptorprivilegelevel	existing-unreviewed		0
DescriptorType	DescriptorVrsta	DescriptorVrsta	existing-unreviewed		0
Destroy	Uništi	Uništi	existing-unreviewed		0
Dev	Uređaj	Uređaj	existing-unreviewed		0
DeviceHasFunctions	UređajhasFunkcije	UređajhasFunkcije	existing-unreviewed		0
DeviceNotAvailable	UređajnotDostupno	UređajnotDostupno	existing-unreviewed		0
Device_id	UređajIdentifikacija	UređajIdentifikacija	existing-unreviewed		0
DisableInt	Onemogućiint	Onemogućiint	existing-unreviewed		0
Disconnect	Odspoji	Odspoji	existing-unreviewed		0
DivideByZero	Dividebyzero	Dividebyzero	existing-unreviewed		0
DoHandleInterrupt	DoRučkaPrekid	DoRučkaPrekid	existing-unreviewed		0
DoubleFault	Dvostrukofault	Dvostrukofault	existing-unreviewed		0
Draw	Draw	Draw	existing-unreviewed		0
DriverManager	Drivermanager	Drivermanager	existing-unreviewed		0
Ds	Ds	Ds	existing-unreviewed		0
Dynamic	Dinamično	Dinamično	existing-unreviewed		0
E2BIG	E2big	E2big	existing-unreviewed		0
EACCES	Eacces	Eacces	existing-unreviewed		0
EADDRINUSE	Eaddrinuse	Eaddrinuse	existing-unreviewed		0
EAFNOSUPPORT	Eafnosupport	Eafnosupport	existing-unreviewed		0
EAGAIN	Eagain	Eagain	existing-unreviewed		0
EBADF	Ebadf	Ebadf	existing-unreviewed		0
EBUSY	Ebusy	Ebusy	existing-unreviewed		0
ECHILD	Echild	Echild	existing-unreviewed		0
EEXIST	Eexist	Eexist	existing-unreviewed		0
EFAULT	Efault	Efault	existing-unreviewed		0
EFBIG	Efbig	Efbig	existing-unreviewed		0
EINTR	Eintr	Eintr	existing-unreviewed		0
EINVAL	Einval	Einval	existing-unreviewed		0
EIO	Eio	Eio	existing-unreviewed		0
EISDIR	Eisdir	Eisdir	existing-unreviewed		0
EMFILE	Emfile	Emfile	existing-unreviewed		0
EMSGSIZE	Emsgsize	Emsgsize	existing-unreviewed		0
ENETUNREACH	Enetunreach	Enetunreach	existing-unreviewed		0
ENFILE	Enfile	Enfile	existing-unreviewed		0
ENODEV	Enodev	Enodev	existing-unreviewed		0
ENOENT	Enoent	Enoent	existing-unreviewed		0
ENOEXEC	Enoexec	Enoexec	existing-unreviewed		0
ENOMEM	Enomem	Enomem	existing-unreviewed		0
ENOSPC	Enospc	Enospc	existing-unreviewed		0
ENOSYS	Enosys	Enosys	existing-unreviewed		0
ENOTCONN	Enotconn	Enotconn	existing-unreviewed		0
ENOTDIR	Enotdir	Enotdir	existing-unreviewed		0
ENOTTY	Enotty	Enotty	existing-unreviewed		0
EOPNOTSUPP	Eopnotsupp	Eopnotsupp	existing-unreviewed		0
EPERM	Eperm	Eperm	existing-unreviewed		0
EPROTONOSUPPORT	Eprotonosupport	Eprotonosupport	existing-unreviewed		0
ERANGE	Erange	Erange	existing-unreviewed		0
EROFS	Erofs	Erofs	existing-unreviewed		0
ESPIPE	Espipe	Espipe	existing-unreviewed		0
ESRCH	Esrch	Esrch	existing-unreviewed		0
Eax	Eax	Eax	existing-unreviewed		0
Ebp	Ebp	Ebp	existing-unreviewed		0
Ebx	Ebx	Ebx	existing-unreviewed		0
Ecx	Ecx	Ecx	existing-unreviewed		0
Edi	Edi	Edi	existing-unreviewed		0
Edx	Edx	Edx	existing-unreviewed		0
Eflags	Eflags	Eflags	existing-unreviewed		0
Eip	Eip	Eip	existing-unreviewed		0
Elf	Elf	Elf	existing-unreviewed		0
Elf32Dyn	Elf32dyn	Elf32dyn	existing-unreviewed		0
Elf32Note	Elf32Bilješka	Elf32Bilješka	existing-unreviewed		0
Elf32Rel	Elf32rel	Elf32rel	existing-unreviewed		0
Elf32Rela	Elf32rela	Elf32rela	existing-unreviewed		0
Elf32Sym	Elf32sym	Elf32sym	existing-unreviewed		0
ElfHeader	Elfheader	Elfheader	existing-unreviewed		0
ElfProgramHeader	Elfprogramheader	Elfprogramheader	existing-unreviewed		0
ElfSectionHeader	Elfsectionheader	Elfsectionheader	existing-unreviewed		0
EnablePaging	Enablepaging	Enablepaging	existing-unreviewed		0
Enabled	Omogućeno	Omogućeno	existing-unreviewed		0
EntryNumber	EntryBROJ	EntryBROJ	existing-unreviewed		0
EqualBytes	JednakoBajtova	JednakoBajtova	existing-unreviewed		0
Es	Es	Es	existing-unreviewed		0
Esi	Esi	Esi	existing-unreviewed		0
Esp	Esp	Esp	existing-unreviewed		0
FPUBuffer	Fpubuffer	Fpubuffer	existing-unreviewed		0
FPUOffset	Fpuoffset	Fpuoffset	existing-unreviewed		0
Family	Family	Family	existing-unreviewed		0
FileName	DatotekaIme	DatotekaIme	existing-unreviewed		0
Fill	Fill	Fill	existing-unreviewed		0
FillRectangle	Fillrectangle	Fillrectangle	existing-unreviewed		0
First	First	First	existing-unreviewed		0
FirstFree	FirstSlobodno	FirstSlobodno	existing-unreviewed		0
FirstFreeSize	FirstSlobodnoVeličina	FirstSlobodnoVeličina	existing-unreviewed		0
Flags	Zastavice	Zastavice	existing-unreviewed		0
FloatingPointException	Plutajućepointexception	Plutajućepointexception	existing-unreviewed		0
Flush	Flush	Flush	existing-unreviewed		0
FlushTlsTable	FlushtlsTablica	FlushtlsTablica	existing-unreviewed		0
Focussable	Focussable	Focussable	existing-unreviewed		0
Free	Slobodno	Slobodno	existing-unreviewed		0
Fs	Fs	Fs	existing-unreviewed		0
GB	Gb	Gb	existing-unreviewed		0
GDT_ENTRIES	Gdtentry	Gdtentry	existing-unreviewed		0
GOT	Got	Got	existing-unreviewed		0
GPFException	Gpfexception	Gpfexception	existing-unreviewed		0
GatewayIP	Gatewayip	Gatewayip	existing-unreviewed		0
GdtAddressHigh	GdtaddressVisoko	GdtaddressVisoko	existing-unreviewed		0
GdtAddressLow	GdtaddressNIsko	GdtaddressNIsko	existing-unreviewed		0
GdtDescriptor	Gdtdescriptor	Gdtdescriptor	existing-unreviewed		0
GdtEntry	Gdtentry_2	Gdtentry_2	existing-unreviewed		0
GdtSize	GdtVeličina	GdtVeličina	existing-unreviewed		0
GetAt	Getat	Getat	existing-unreviewed		0
GetBackend	Getbackend	Getbackend	existing-unreviewed		0
GetBaseAddressRegister	Getbaseaddressregister	Getbaseaddressregister	existing-unreviewed		0
GetBitmaspSize	GetbitmaspVeličina	GetbitmaspVeličina	existing-unreviewed		0
GetBytesFromPtr	GetBajtovafromPokazivač	GetBajtovafromPokazivač	existing-unreviewed		0
GetCR0	Getcr0	Getcr0	existing-unreviewed		0
GetCR2	Getcr2	Getcr2	existing-unreviewed		0
GetCR3	Getcr3	Getcr3	existing-unreviewed		0
GetCR4	Getcr4	Getcr4	existing-unreviewed		0
GetColorIndex	GetBojaKazalo	GetBojaKazalo	existing-unreviewed		0
GetDeviceDescriptor	GetUređajdescriptor	GetUređajdescriptor	existing-unreviewed		0
GetDriver	Getdriver	Getdriver	existing-unreviewed		0
GetESP0	Getesp0	Getesp0	existing-unreviewed		0
GetEntry	Getentry	Getentry	existing-unreviewed		0
GetFileSize	GetDatotekaVeličina	GetDatotekaVeličina	existing-unreviewed		0
GetFocus	GetFokus	GetFokus	existing-unreviewed		0
GetFrameBufferSegment	Getframebuffersegment	Getframebuffersegment	existing-unreviewed		0
GetFuncPtrFromPtr	GetfuncPokazivačfromPokazivač	GetfuncPokazivačfromPokazivač	existing-unreviewed		0
GetFunctionName	GetFunkcijaIme	GetFunkcijaIme	existing-unreviewed		0
GetHandler	Gethandler	Gethandler	existing-unreviewed		0
GetIPAddress	Getipaddress	Getipaddress	existing-unreviewed		0
GetMACAddress	Getmacaddress	Getmacaddress	existing-unreviewed		0
GetMACFromCache	Getmacfromcache	Getmacfromcache	existing-unreviewed		0
GetNextReadyThread	GetSlijedećeSpremanthread	GetSlijedećeSpremanthread	existing-unreviewed		0
GetNodeAt	GetČvorat	GetČvorat	existing-unreviewed		0
GetProvider	Providerget	Providerget	existing-unreviewed		0
GetSS0	Getss0	Getss0	existing-unreviewed		0
GetStr	Getstr	Getstr	existing-unreviewed		0
GetUint32ArrayFromPtr	Getunsignedinteger32NizfromPokazivač	Getunsignedinteger32NizfromPokazivač	existing-unreviewed		0
GetUintptrArrayFromPtr	GetunsignedintegerPokazivačNizfromPokazivač	GetunsignedintegerPokazivačNizfromPokazivač	existing-unreviewed		0
GetValue	GetVrijednost	GetVrijednost	existing-unreviewed		0
GetValueInPageDir	GetVrijednostPovećajStranicaDirektorij	GetVrijednostPovećajStranicaDirektorij	existing-unreviewed		0
Gid	Gid	Gid	existing-unreviewed		0
Gs	Gs	Gs	existing-unreviewed		0
HandleException	Ručkaexception	Ručkaexception	existing-unreviewed		0
HandleFatalInterruptFrame	RučkafatalPrekidframe	RučkafatalPrekidframe	existing-unreviewed		0
HandleInterrupt	RučkaPrekid	RučkaPrekid	existing-unreviewed		0
HandleInterrupt1	RučkaPrekid1	RučkaPrekid1	existing-unreviewed		0
HandleUserDatagramProtocolMessage	RučkaKorisnikdatagramprotocolPORUKA	RučkaKorisnikdatagramprotocolPORUKA	existing-unreviewed		0
IDT_DESC_PRESENT	IdtdescriptorPrisutno	IdtdescriptorPrisutno	existing-unreviewed		0
IDT_INTERRUPT_GATE	IdtPrekidgate	IdtPrekidgate	existing-unreviewed		0
IDriver	IDriver	IDriver	existing-unreviewed		0
IEtherFrameHandler	IEthernetframehandler	IEthernetframehandler	existing-unreviewed		0
IInternetProtocolHandler	IInternetprotocolhandler	IInternetprotocolhandler	existing-unreviewed		0
IInterruptHandler	IPrekidhandler	IPrekidhandler	existing-unreviewed		0
IKeyboardEventHandler	ITipkovnicaDogađajhandler	ITipkovnicaDogađajhandler	existing-unreviewed		0
IMouseEventHandler	IMišDogađajhandler	IMišDogađajhandler	existing-unreviewed		0
IPCIControllerHandler	Ipcicontrollerhandler	Ipcicontrollerhandler	existing-unreviewed		0
IPCache	Ipcache	Ipcache	existing-unreviewed		0
IP_BE	IpMrežabyteorder	IpMrežabyteorder	existing-unreviewed		0
IRawDataHandler	IRawdatahandler	IRawdatahandler	existing-unreviewed		0
ITimerEventHandler	ITimerDogađajhandler	ITimerDogađajhandler	existing-unreviewed		0
IUserDatagramProtocolHandler	IKorisnikdatagramprotocolhandler	IKorisnikdatagramprotocolhandler	existing-unreviewed		0
IUserDatagramProtocolSocket	IKorisnikdatagramprotocolUtorsocket	IKorisnikdatagramprotocolUtorsocket	existing-unreviewed		0
IWidget	IWidget	IWidget	pending-language-review	widget	0
Identify	Identify	Identify	existing-unreviewed		0
Increment	Increment	Increment	existing-unreviewed		0
IndexOf	Kazalood	Kazalood	existing-unreviewed		0
Init	Init	Init	existing-unreviewed		0
InitDriver	Initdriver	Initdriver	existing-unreviewed		0
InitialThreadUserJump	InitialthreadKorisnikjump	InitialthreadKorisnikjump	existing-unreviewed		0
Ino	Ino	Ino	existing-unreviewed		0
Install	Instaliraj	Instaliraj	existing-unreviewed		0
Interrupt	Prekid	Prekid	existing-unreviewed		0
InterruptActive	PrekidAktivan	PrekidAktivan	existing-unreviewed		0
InterruptDeactive	Prekiddeactive	Prekiddeactive	existing-unreviewed		0
InterruptManager	Prekidmanager	Prekidmanager	existing-unreviewed		0
InterruptNumber	PrekidBROJ	PrekidBROJ	existing-unreviewed		0
InvalidOpcode	Neispravnoopcode	Neispravnoopcode	existing-unreviewed		0
InvalidTSS	Neispravnotss	Neispravnotss	existing-unreviewed		0
IsKernel	Iskernel	Iskernel	existing-unreviewed		0
IsPresent	IsPrisutno	IsPrisutno	existing-unreviewed		0
IsUserSpace	IsKorisnikRazmaknica	IsKorisnikRazmaknica	existing-unreviewed		0
KB	Kb	Kb	existing-unreviewed		0
KCS_INDEX	KcsKazalo	KcsKazalo	existing-unreviewed		0
KCS_SELECTOR	Kcsselector	Kcsselector	existing-unreviewed		0
KDS_INDEX	KdsKazalo	KdsKazalo	existing-unreviewed		0
KDS_SELECTOR	Kdsselector	Kdsselector	existing-unreviewed		0
KERNEL_HEAP_START	KernelheapPokreni	KernelheapPokreni	existing-unreviewed		0
KERNEL_VIRT_ADDR	Kernelvirtaddress	Kernelvirtaddress	existing-unreviewed		0
KGS_INDEX	KgsKazalo	KgsKazalo	existing-unreviewed		0
KGS_SELECTOR	Kgsselector	Kgsselector	existing-unreviewed		0
K핵심	KKernelEntry	KKernelEntry	compatibility		0
LIDT	Lidt	Lidt	existing-unreviewed		0
Last	Zadnje	Zadnje	existing-unreviewed		0
Len	Len	Len	compatibility		0
Limit	Ograničenje	Ograničenje	existing-unreviewed		0
Link	Poveznica	Poveznica	existing-unreviewed		0
LinkMap	Poveznicamap	Poveznicamap	existing-unreviewed		0
LinkedList	LinkedPopis	LinkedPopis	existing-unreviewed		0
Listen	Listen	Listen	existing-unreviewed		0
LoadElf	Opterećenjeelf	Opterećenjeelf	existing-unreviewed		0
MAC	Mac	Mac	existing-unreviewed		0
MAC0	Mac0	Mac0	existing-unreviewed		0
MAC1	Mac1	Mac1	existing-unreviewed		0
MAC2	Mac2	Mac2	existing-unreviewed		0
MAC3	Mac3	Mac3	existing-unreviewed		0
MAC4	Mac4	Mac4	existing-unreviewed		0
MAC5	Mac5	Mac5	existing-unreviewed		0
MACAddress0Port	Macaddress0port	Macaddress0port	existing-unreviewed		0
MACAddress2Port	Macaddress2port	Macaddress2port	existing-unreviewed		0
MACAddress4Port	Macaddress4port	Macaddress4port	existing-unreviewed		0
MACCache	Maccache	Maccache	existing-unreviewed		0
MAX_QUEUE_SIZE	MaksqueueVeličina	MaksqueueVeličina	existing-unreviewed		0
MB	Mbar	Mbar	existing-unreviewed		0
MBR	Mbr	Mbr	existing-unreviewed		0
MHex출력	MHexadecimalIspis	MHexadecimalIspis	existing-unreviewed		0
MHex출력XY	MHexadecimalIspisxy	MHexadecimalIspisxy	existing-unreviewed		0
MUint16출력	MUnsignedinteger16Ispis	MUnsignedinteger16Ispis	existing-unreviewed		0
MUint16출력XY	MUnsignedinteger16Ispisxy	MUnsignedinteger16Ispisxy	existing-unreviewed		0
MUint32출력	MUnsignedinteger32Ispis	MUnsignedinteger32Ispis	existing-unreviewed		0
MUint32출력XY	MUnsignedinteger32Ispisxy	MUnsignedinteger32Ispisxy	existing-unreviewed		0
MUint64출력	MUnsignedinteger64Ispis	MUnsignedinteger64Ispis	existing-unreviewed		0
MUint64출력XY	MUnsignedinteger64Ispisxy	MUnsignedinteger64Ispisxy	existing-unreviewed		0
Machine	Machine	Machine	existing-unreviewed		0
MachineCheck	Machinecheck	Machinecheck	existing-unreviewed		0
MakeRangePrivateWritable	MakeOpsegPrivatnowritable	MakeOpsegPrivatnowritable	existing-unreviewed		0
Malloc	Malloc	Malloc	pending-language-review	allocate_memory	0
MemCmp	Memcmp	Memcmp	existing-unreviewed		0
MemCpy	MemKopiraj	MemKopiraj	existing-unreviewed		0
MemMove	MemPremjesti	MemPremjesti	existing-unreviewed		0
MemSet	MemPostavi	MemPostavi	existing-unreviewed		0
MemoryOper	Memorijaoper	Memorijaoper	existing-unreviewed		0
Mode	NAČIN	NAČIN	existing-unreviewed		0
ModelToScreen	ModeltoZaslon	Set_local_coordinates	pending-language-review	set_coordinates	5
Mtime	Mtime	Mtime	existing-unreviewed		0
MtimeNsec	Mtimensec	Mtimensec	existing-unreviewed		0
MyHandleInterrupt	MyRučkaPrekid	MyRučkaPrekid	existing-unreviewed		0
MyTest	MyProvjeri	MyProvjeri	existing-unreviewed		0
M긴급로그Hex8	MEmergencyZapisujhexadecimal8	MEmergencyZapisujhexadecimal8	existing-unreviewed		0
M긴급로그Uint32	MEmergencyZapisujunsignedinteger32	MEmergencyZapisujunsignedinteger32	existing-unreviewed		0
M긴급로그문자열	MEmergencyZapisujZnakovniniz	MEmergencyZapisujZnakovniniz	existing-unreviewed		0
M직렬로그초기화	MSerijskiZapisujinit	MSerijskiZapisujinit	existing-unreviewed		0
M출력	MIspis	MIspis	existing-unreviewed		0
M출력BytesXY	MIspisBajtovaxy	MIspisBajtovaxy	existing-unreviewed		0
M출력Hex	MIspishexadecimal	MIspishexadecimal	existing-unreviewed		0
M출력Uint16	MIspisunsignedinteger16	MIspisunsignedinteger16	existing-unreviewed		0
M출력Uint32	MIspisunsignedinteger32	MIspisunsignedinteger32	existing-unreviewed		0
M출력XY	MIspisxy	MIspisxy	existing-unreviewed		0
M테스트	M테스트	M테스트	existing-unreviewed		0
NMI	Nmi	Nmi	existing-unreviewed		0
New	Novi	Novi	existing-unreviewed		0
NewInterruptHandler	NoviPrekidhandler	NoviPrekidhandler	existing-unreviewed		0
Next	Slijedeće	Slijedeće	existing-unreviewed		0
Nlink	Nlink	Nlink	existing-unreviewed		0
Node	Čvor	Čvor	pending-language-review	list_node	0
Nodename	Nodename	Nodename	existing-unreviewed		0
OnEtherFrameReceived	Ethernetframereceivewhen	Ethernetframereceivewhen	existing-unreviewed		0
OnGetDriver	Uključenogetdriver	Uključenogetdriver	existing-unreviewed		0
OnInternetProtocolReceived	Internetprotocolreceivewhen	Internetprotocolreceivewhen	existing-unreviewed		0
OnKeyDown	UključenoKljučDolje	UključenoKljučDolje	existing-unreviewed		0
OnKeyUp	UključenoKljučGore	UključenoKljučGore	existing-unreviewed		0
OnMouseDown	UključenoMišDolje	UključenoMišDolje	existing-unreviewed		0
OnMouseMove	UključenoMišPremjesti	UključenoMišPremjesti	existing-unreviewed		0
OnMouseUp	UključenoMišGore	UključenoMišGore	existing-unreviewed		0
OnRawDataReceived	Uključenorawdatareceive	Uključenorawdatareceive	existing-unreviewed		0
OnTick	Uključenotick	Uključenotick	existing-unreviewed		0
Overflow	Overflow	Overflow	existing-unreviewed		0
P1LinkMap	PVrijednost1Poveznicamap	PVrijednost1Poveznicamap	existing-unreviewed		0
P2LinkMap	PVrijednost2Poveznicamap	PVrijednost2Poveznicamap	existing-unreviewed		0
P3LinkMap	PVrijednost3Poveznicamap	PVrijednost3Poveznicamap	existing-unreviewed		0
PAGE_COW	Stranicacow	Stranicacow	existing-unreviewed		0
PAGE_FRAME	Stranicaframe	Stranicaframe	existing-unreviewed		0
PAGE_PRESENT	StranicaPrisutno	StranicaPrisutno	existing-unreviewed		0
PAGE_USER	StranicaKorisnik	StranicaKorisnik	existing-unreviewed		0
PAGE_WRITABLE	Stranicawritable	Stranicawritable	existing-unreviewed		0
PAUSE_LOOP	Pauzaloop	Pauzaloop	existing-unreviewed		0
PICMasterCommandPort	PrimarypicNaredbaioport	PrimarypicNaredbaioport	existing-unreviewed		0
PICMasterDataPort	Primarypicdataioport	Primarypicdataioport	existing-unreviewed		0
PICSlaveCommandPort	SecondarypicNaredbaioport	SecondarypicNaredbaioport	existing-unreviewed		0
PICSlaveDataPort	Secondarypicdataioport	Secondarypicdataioport	existing-unreviewed		0
PRESENT	Prisutno	Prisutno	existing-unreviewed		0
PRIV_KERNEL	Privkernel	Privkernel	existing-unreviewed		0
PRIV_USER	PrivKorisnik	PrivKorisnik	existing-unreviewed		0
PROC_USER_HEAP_SIZE	ProcKorisnikheapVeličina	ProcKorisnikheapVeličina	existing-unreviewed		0
PageDirEntry	StranicaDirektorijentry	StranicaDirektorijentry	existing-unreviewed		0
PageDirectoryEntry	StranicaDirektorijentry_2	StranicaDirektorijentry_2	existing-unreviewed		0
PageFault	Stranicafault	Stranicafault	existing-unreviewed		0
PageFaultException	Stranicafaultexception	Stranicafaultexception	existing-unreviewed		0
PageRoundDown	StranicaroundDolje	StranicaroundDolje	existing-unreviewed		0
PageRoundUp	StranicaroundGore	StranicaroundGore	existing-unreviewed		0
PageTableEntry	StranicaTablicaentry	StranicaTablicaentry	existing-unreviewed		0
Paging	Paging	Paging	existing-unreviewed		0
ParentPid	Roditeljpid	Roditeljpid	existing-unreviewed		0
Parse	Parse	Parse	existing-unreviewed		0
Partition_id	PartitionIdentifikacija	PartitionIdentifikacija	existing-unreviewed		0
PhyMemTest	PhymemProvjeri	PhymemProvjeri	existing-unreviewed		0
PhysicalMemoryManager	PhysicalMemorijamanager	PhysicalMemorijamanager	existing-unreviewed		0
Pid	Pid	Pid	existing-unreviewed		0
Port	Port	Port	existing-unreviewed		0
PortBase	Portbase	Portbase	existing-unreviewed		0
PortInByte	PortPovećajbyte	PortPovećajbyte	existing-unreviewed		0
PortInDword	PortPovećajdword	PortPovećajdword	existing-unreviewed		0
PortInWord	PortPovećajriječ	PortPovećajriječ	existing-unreviewed		0
PortOutByte	PortSmanjibyte	PortSmanjibyte	existing-unreviewed		0
PortOutDword	PortSmanjidword	PortSmanjidword	existing-unreviewed		0
PortOutWord	PortSmanjiriječ	PortSmanjiriječ	existing-unreviewed		0
PortReadByte	PortČitajbyte	PortČitajbyte	existing-unreviewed		0
PortReadDword	PortČitajdword	PortČitajdword	existing-unreviewed		0
PortReadWord	PortČitajriječ	PortČitajriječ	existing-unreviewed		0
PortWriteByte	PortZapišibyte	PortZapišibyte	existing-unreviewed		0
PortWriteDword	PortZapišidword	PortZapišidword	existing-unreviewed		0
PortWriteWord	PortZapiširiječ	PortZapiširiječ	existing-unreviewed		0
Prev	Previous	Previous	existing-unreviewed		0
PrevTSS	Previoustss	Previoustss	existing-unreviewed		0
PrimaryPartition	Primarypartition	Primarypartition	existing-unreviewed		0
Print	Ispis	Ispis	existing-unreviewed		0
PrintBytes	IspisBajtova	IspisBajtova	existing-unreviewed		0
PrintStr	Ispisstr	Ispisstr	existing-unreviewed		0
PrintTLS	Ispistls	Ispistls	existing-unreviewed		0
PrintTest	IspisProvjeri	IspisProvjeri	existing-unreviewed		0
Process	Proces	Proces	existing-unreviewed		0
ProcessHelper	Proceshelper	Proceshelper	existing-unreviewed		0
ProcessPendingKeyboardEvents	ProcespendingTipkovnicaevents	ProcespendingTipkovnicaevents	existing-unreviewed		0
ProcessPendingMouseEvents	ProcespendingMiševents	ProcespendingMiševents	existing-unreviewed		0
PushAt	Pushat	Insert_at_index	pending-language-review	insert_at	1
PushBack	PushNatrag	Append_to_list	pending-language-review	append	12
PushFront	PushSprijeda	Prepend_to_list	pending-language-review	prepend	5
PutPixel	Putpixel	Putpixel	existing-unreviewed		0
PutPixelRGB	Putpixelrgb	Putpixelrgb	existing-unreviewed		0
QUEUE_START_ADDR	QueuePokreniaddress	QueuePokreniaddress	existing-unreviewed		0
Rdev	Rdev	Rdev	existing-unreviewed		0
Read	Čitaj	Čitaj	existing-unreviewed		0
Read28	Čitaj28	Čitaj28	existing-unreviewed		0
ReadFile	ČitajDatoteka	ČitajDatoteka	pending-language-review	file_read	0
ReadPartitions	Čitajpartition	Čitajpartition	existing-unreviewed		0
Ready	Spreman	Spreman	existing-unreviewed		0
Receive	Receive	Receive	existing-unreviewed		0
Ref	Reference	Reference	existing-unreviewed		0
Release	Release	Release	existing-unreviewed		0
ReloadCR3	Ponovnoučitavanjecr3	Ponovnoučitavanjecr3	existing-unreviewed		0
Remove	Ukloni	Ukloni	existing-unreviewed		0
RemoveAt	Ukloniat	Ukloniat	existing-unreviewed		0
RemoveThread	Uklonithread	Uklonithread	existing-unreviewed		0
RemoveThreadAt	Uklonithreadat	Uklonithreadat	existing-unreviewed		0
RequestMacAddress	Requestmacaddress	Requestmacaddress	existing-unreviewed		0
Reset	Vratiizvorno	Vratiizvorno	existing-unreviewed		0
Resolve	Resolve	Resolve	existing-unreviewed		0
ResolveCopyOnWriteFault	ResolveKopirajUključenoZapišifault	ResolveKopirajUključenoZapišifault	existing-unreviewed		0
SCHEDULER_FREQUENCY	SchedulerUčestalost	SchedulerUčestalost	existing-unreviewed		0
SEG_BIG_MODE	SegbigNAČIN	SegbigNAČIN	existing-unreviewed		0
SEG_EXEC	SegIzvrši	SegIzvrši	existing-unreviewed		0
SEG_GRAN_4K_PAGE	Seggran4kStranica	Seggran4kStranica	existing-unreviewed		0
SEG_GRAN_BYTE	Seggranbyte	Seggranbyte	existing-unreviewed		0
SEG_KERNEL_CODE	Segkernelcode	Segkernelcode	existing-unreviewed		0
SEG_KERNEL_DATA	Segkerneldata	Segkerneldata	existing-unreviewed		0
SEG_KERNEL_GS	Segkernelgs	Segkernelgs	existing-unreviewed		0
SEG_NOEXEC	Segnoexec	Segnoexec	existing-unreviewed		0
SEG_NORMAL	SegNormalno	SegNormalno	existing-unreviewed		0
SEG_NORW	Segnorw	Segnorw	existing-unreviewed		0
SEG_R	Segr	Segr	existing-unreviewed		0
SEG_SYSTEM	SegSustav	SegSustav	existing-unreviewed		0
SEG_TASK_STATE	SegZadatakStanje	SegZadatakStanje	existing-unreviewed		0
SEG_USER_CODE	SegKorisnikcode	SegKorisnikcode	existing-unreviewed		0
SEG_USER_DATA	SegKorisnikdata	SegKorisnikdata	existing-unreviewed		0
SEG_USER_GS	SegKorisnikgs	SegKorisnikgs	existing-unreviewed		0
SEG_W	Segw	Segw	existing-unreviewed		0
SIMDFloatingPointException	Simdplutajućepointexception	Simdplutajućepointexception	existing-unreviewed		0
SIZE	Veličina	Veličina	existing-unreviewed		0
SYS_ACCESS	Syspristup	Syspristup	existing-unreviewed		0
SYS_BRK	Sysbrk	Sysbrk	existing-unreviewed		0
SYS_CHDIR	Syschdir	Syschdir	existing-unreviewed		0
SYS_CLOSE	SysZatvori	SysZatvori	existing-unreviewed		0
SYS_CREAT	Syscreat	Syscreat	existing-unreviewed		0
SYS_DUP	Sysdup	Sysdup	existing-unreviewed		0
SYS_DUP2	Sysdup2	Sysdup2	existing-unreviewed		0
SYS_EXECVE	Sysexecve	Sysexecve	existing-unreviewed		0
SYS_EXIT	SysIzađi	SysIzađi	existing-unreviewed		0
SYS_FCNTL	Sysfcntl	Sysfcntl	existing-unreviewed		0
SYS_FORK	Sysfork	Sysfork	existing-unreviewed		0
SYS_FSTAT	Sysfstat	Sysfstat	existing-unreviewed		0
SYS_FSYNC	Sysfsync	Sysfsync	existing-unreviewed		0
SYS_GETCWD	Sysgetcwd	Sysgetcwd	existing-unreviewed		0
SYS_GETEGID	Sysgetegid	Sysgetegid	existing-unreviewed		0
SYS_GETEUID	Sysgeteuid	Sysgeteuid	existing-unreviewed		0
SYS_GETGID	Sysgetgid	Sysgetgid	existing-unreviewed		0
SYS_GETPID	Sysgetpid	Sysgetpid	existing-unreviewed		0
SYS_GETPPID	Sysgetppid	Sysgetppid	existing-unreviewed		0
SYS_GETUID	Sysgetuid	Sysgetuid	existing-unreviewed		0
SYS_LSEEK	Syslseek	Syslseek	existing-unreviewed		0
SYS_LSTAT	Syslstat	Syslstat	existing-unreviewed		0
SYS_OPEN	SysOtvori	SysOtvori	existing-unreviewed		0
SYS_READ	SysČitaj	SysČitaj	existing-unreviewed		0
SYS_RT_EXIT	SysrtIzađi	SysrtIzađi	existing-unreviewed		0
SYS_SOCKETCALL	Syssocketcall	Syssocketcall	existing-unreviewed		0
SYS_STAT	Sysstat	Sysstat	existing-unreviewed		0
SYS_SYNC	Syssync	Syssync	existing-unreviewed		0
SYS_UNAME	Sysuname	Sysuname	existing-unreviewed		0
SYS_WAITPID	Syswaitpid	Syswaitpid	existing-unreviewed		0
SYS_WRITE	SysZapiši	SysZapiši	existing-unreviewed		0
Schedule	Schedule	Schedule	existing-unreviewed		0
Scheduler	Scheduler	Scheduler	existing-unreviewed		0
SchedulerData	Schedulerdata	Schedulerdata	existing-unreviewed		0
SegmentNotPresent	SegmentnotPrisutno	SegmentnotPrisutno	existing-unreviewed		0
SelectDrivers	Odaberidriver	Odaberidriver	existing-unreviewed		0
Send	Pošalji	Pošalji	existing-unreviewed		0
SendEchoRequest	EchorequestPošalji	EchorequestPošalji	existing-unreviewed		0
SendFrame	FramePošalji	FramePošalji	existing-unreviewed		0
SerialInit	Serijskiinit	Serijskiinit	existing-unreviewed		0
SerialWriteByte	SerijskiZapišibyte	SerijskiZapišibyte	existing-unreviewed		0
SetBackend	Postavibackend	Postavibackend	existing-unreviewed		0
SetBit	Postavibit	Postavibit	existing-unreviewed		0
SetBlockInPageDir	PostaviBlokirajPovećajStranicaDirektorij	PostaviBlokirajPovećajStranicaDirektorij	existing-unreviewed		0
SetBuffer	Postavibuffer	Postavibuffer	existing-unreviewed		0
SetByteAtAddr	Postavibyteataddress	Postavibyteataddress	existing-unreviewed		0
SetByteInPageDir	PostavibytePovećajStranicaDirektorij	PostavibytePovećajStranicaDirektorij	existing-unreviewed		0
SetCR3	Postavicr3	Postavicr3	existing-unreviewed		0
SetColor	PostaviBoja	PostaviBoja	existing-unreviewed		0
SetDescriptor	Postavidescriptor	Postavidescriptor	existing-unreviewed		0
SetHandleInterruptFuction	PostaviRučkaPrekidfuction	PostaviRučkaPrekidfuction	existing-unreviewed		0
SetHandler	Postavihandler	Postavihandler	existing-unreviewed		0
SetIPAddress	Postaviipaddress	Postaviipaddress	existing-unreviewed		0
SetInterruptDescriptorTableEntry	PrekiddescriptorTablicaentryPostavi	PrekiddescriptorTablicaentryPostavi	existing-unreviewed		0
SetInterruptManager	PostaviPrekidmanager	PostaviPrekidmanager	existing-unreviewed		0
SetInterruptNumber	PostaviPrekidBROJ	PostaviPrekidBROJ	existing-unreviewed		0
SetMode	PostaviNAČIN	PostaviNAČIN	existing-unreviewed		0
SetNodeAt	PostaviČvorat	PostaviČvorat	existing-unreviewed		0
SetStack	Postavistack	Postavistack	existing-unreviewed		0
SetTlsSegment	Postavitlssegment	Postavitlssegment	existing-unreviewed		0
SetUint32AtAddr	Postaviunsignedinteger32ataddress	Postaviunsignedinteger32ataddress	existing-unreviewed		0
SetUint32InPageDir	Postaviunsignedinteger32PovećajStranicaDirektorij	Postaviunsignedinteger32PovećajStranicaDirektorij	existing-unreviewed		0
SetUint8AtAddr	Postaviunsignedinteger8ataddress	Postaviunsignedinteger8ataddress	existing-unreviewed		0
SharedMemoryRegion	SharedMemorijaregion	SharedMemorijaregion	existing-unreviewed		0
Size	Veličina_2	Veličina_2	existing-unreviewed		0
Spawn	Spawn	Spawn	existing-unreviewed		0
Ss	Ss	Ss	existing-unreviewed		0
Stack	Stack	Stack	existing-unreviewed		0
StackSegmentFault	Stacksegmentfault	Stacksegmentfault	existing-unreviewed		0
Start_lba	Pokrenilba	Pokrenilba	existing-unreviewed		0
Started	Pokrenuto	Pokrenuto	existing-unreviewed		0
StdinPutByte	Stdinputbyte	Stdinputbyte	existing-unreviewed		0
StopCurrentThread	ZaustaviTrenutnothread	ZaustaviTrenutnothread	existing-unreviewed		0
Stopped	Zaustavljen	Zaustavljen	existing-unreviewed		0
SubnetMask	SubnetMaska	SubnetMaska	existing-unreviewed		0
SupportMode	PodrškaNAČIN	PodrškaNAČIN	existing-unreviewed		0
Sys_brk	Sysbrk_2	Sysbrk_2	existing-unreviewed		0
Sys_close	SysZatvori_2	SysZatvori_2	existing-unreviewed		0
Sys_exit	SysIzađi_2	SysIzađi_2	existing-unreviewed		0
Sys_getpid	Sysgetpid_2	Sysgetpid_2	existing-unreviewed		0
Sys_mousemove	Sysmousemove	Sysmousemove	existing-unreviewed		0
Sys_open	SysOtvori_2	SysOtvori_2	existing-unreviewed		0
Sys_printStr	SysIspisstr	SysIspisstr	existing-unreviewed		0
Sys_printUint32	SysIspisunsignedinteger32	SysIspisunsignedinteger32	existing-unreviewed		0
Sys_printf	Sysprintf	Sysprintf	existing-unreviewed		0
Sys_read	SysČitaj_2	SysČitaj_2	existing-unreviewed		0
Syscall	Syscall	Syscall	existing-unreviewed		0
Sysname	Sysname	Sysname	existing-unreviewed		0
TARPEtherFrameHandler	Arpethernetframehandler	Arpethernetframehandler	existing-unreviewed		0
TARPMessage	ArpPORUKA	ArpPORUKA	existing-unreviewed		0
TARPMessageBuffer	ArpPORUKAbuffer	ArpPORUKAbuffer	existing-unreviewed		0
TARPProvider	Arpprovider	Arpprovider	existing-unreviewed		0
TAdvancedTechnologyAttachment	TNaprednoTehnologijaattachment	TNaprednoTehnologijaattachment	existing-unreviewed		0
TArray	TNiz	TNiz	existing-unreviewed		0
TBaseAddressRegister	TBaseaddressregister	TBaseaddressregister	existing-unreviewed		0
TBiosParameterBlock32	TBiosparameterBlokiraj32	TBiosparameterBlokiraj32	pending-language-review	fat_parameters	0
TBufferDescriptor	TBufferdescriptor	TBufferdescriptor	existing-unreviewed		0
TCOWFrameManager	Tcowframemanager	Tcowframemanager	existing-unreviewed		0
TCPUState	TcpuStanje	TcpuStanje	existing-unreviewed		0
TDefaultKeyboardEventHandler	TZadanoTipkovnicaDogađajhandler	TZadanoTipkovnicaDogađajhandler	existing-unreviewed		0
TDefaultMouseEventHandler	TZadanoMišDogađajhandler	TZadanoMišDogađajhandler	existing-unreviewed		0
TDefaultPCIControllerHandler	TZadanopcicontrollerhandler	TZadanopcicontrollerhandler	existing-unreviewed		0
TDefaultTimerEventHandler	TZadanotimerDogađajhandler	TZadanotimerDogađajhandler	existing-unreviewed		0
TDirectoryEntryFat32	TDirektorijentryfat32	TDirektorijentryfat32	existing-unreviewed		0
TDriverManager	TDrivermanager	TDrivermanager	existing-unreviewed		0
TEtherFrameHandler	TEthernetframehandler	TEthernetframehandler	existing-unreviewed		0
TEtherFrameHeader	TEthernetframeheader	TEthernetframeheader	pending-language-review	ethernet_header	0
TEtherFrameHeaderBuffer	TEthernetframeheaderbuffer	TEthernetframeheaderbuffer	existing-unreviewed		0
TEtherFrameProvider	TEthernetframeprovider	TEthernetframeprovider	pending-language-review	ethernet_provider	0
TEtherFrameRawDataHandler	TEthernetframerawdatahandler	TEthernetframerawdatahandler	existing-unreviewed		0
TGateDescriptor	TGatedescriptor	TGatedescriptor	existing-unreviewed		0
THREAD_STACK_SIZE	ThreadstackVeličina	ThreadstackVeličina	existing-unreviewed		0
TICMPHandler	Icmphandler	Icmphandler	existing-unreviewed		0
TIPEtherFrameHandler	Ipethernetframehandler	Ipethernetframehandler	existing-unreviewed		0
TInitializationBlock	TInitializationBlokiraj	TInitializationBlokiraj	existing-unreviewed		0
TInternetControlMessageProtocol	TInternetCtrlPORUKAprotocol	TInternetCtrlPORUKAprotocol	pending-language-review	icmp	0
TInternetControlMessageProtocolMessage	TInternetCtrlPORUKAprotocolPORUKA	TInternetCtrlPORUKAprotocolPORUKA	existing-unreviewed		0
TInternetControlMessageProtocolMessageBuffer	TInternetCtrlPORUKAprotocolPORUKAbuffer	TInternetCtrlPORUKAprotocolPORUKAbuffer	existing-unreviewed		0
TInternetProtocolHandler	TInternetprotocolhandler	TInternetprotocolhandler	existing-unreviewed		0
TInternetProtocolProvider	TInternetprotocolprovider	TInternetprotocolprovider	pending-language-review	ip_provider	0
TInternetProtocolV4Message	TInternetprotocolv4PORUKA	TInternetprotocolv4PORUKA	existing-unreviewed		0
TInternetProtocolV4MessageBuffer	TInternetprotocolv4PORUKAbuffer	TInternetprotocolv4PORUKAbuffer	existing-unreviewed		0
TInterruptDescriptorTablePointer	TPrekiddescriptorTablicaPokazivač	TPrekiddescriptorTablicaPokazivač	existing-unreviewed		0
TInterruptHandler	TPrekidhandler	TPrekidhandler	existing-unreviewed		0
TInterruptManager	TPrekidmanager	TPrekidmanager	existing-unreviewed		0
TKeyboardDriver	TTipkovnicadriver	TTipkovnicadriver	existing-unreviewed		0
TLS_START	TlsPokreni	TlsPokreni	existing-unreviewed		0
TMSDOSPartitionTable	TmsdospartitionTablica	TmsdospartitionTablica	existing-unreviewed		0
TMasterBootRecord	TMasterbootSnimaj	TMasterbootSnimaj	pending-language-review	boot_record	0
TMemoryChunk	TMemorijachunk	TMemorijachunk	existing-unreviewed		0
TMemoryManager	TMemorijamanager	TMemorijamanager	existing-unreviewed		0
TMouseDriver	TMišdriver	TMišdriver	existing-unreviewed		0
TMyKeyboardEventHandler	TMyTipkovnicaDogađajhandler	TMyTipkovnicaDogađajhandler	existing-unreviewed		0
TMyMouseEventHandler	TMyMišDogađajhandler	TMyMišDogađajhandler	existing-unreviewed		0
TMyPCIControllerHandler	TMypcicontrollerhandler	TMypcicontrollerhandler	existing-unreviewed		0
TPartitionTableEntry	TPartitionTablicaentry	TPartitionTablicaentry	existing-unreviewed		0
TPeripheralComponentInterconnectController	TPeripheralcomponentinterconnectcontroller	TPeripheralcomponentinterconnectcontroller	existing-unreviewed		0
TPeripheralComponentInterconnectDeviceDescriptor	TPeripheralcomponentinterconnectUređajdescriptor	TPeripheralcomponentinterconnectUređajdescriptor	existing-unreviewed		0
TPort	TPort	TPort	existing-unreviewed		0
TPort16Bit	TPort16bit	TPort16bit	existing-unreviewed		0
TPort32Bit	TPort32bit	TPort32bit	existing-unreviewed		0
TPort8Bit	TPort8bit	TPort8bit	existing-unreviewed		0
TRawDataHandler	TRawdatahandler	TRawdatahandler	existing-unreviewed		0
TSSEntry	Tssentry	Tssentry	existing-unreviewed		0
TSyscall	TSyscall	TSyscall	existing-unreviewed		0
TTask	TZadatak	TZadatak	existing-unreviewed		0
TThread	TThread	TThread	existing-unreviewed		0
TThreadHelper	TThreadhelper	TThreadhelper	existing-unreviewed		0
TTimerDriver	TTimerdriver	TTimerdriver	existing-unreviewed		0
TUserDatagramProtocolHandler	TKorisnikdatagramprotocolhandler	TKorisnikdatagramprotocolhandler	existing-unreviewed		0
TUserDatagramProtocolHeader	TKorisnikdatagramprotocolheader	TKorisnikdatagramprotocolheader	pending-language-review	udp_header	0
TUserDatagramProtocolHeaderBuffer	TKorisnikdatagramprotocolheaderbuffer	TKorisnikdatagramprotocolheaderbuffer	existing-unreviewed		0
TUserDatagramProtocolProvider	TKorisnikdatagramprotocolprovider	TKorisnikdatagramprotocolprovider	existing-unreviewed		0
TUserDatagramProtocolSocket	TKorisnikdatagramprotocolUtorsocket	TKorisnikdatagramprotocolUtorsocket	pending-language-review	udp_socket	0
TVideoGraphicsArray	TVideoGrafikaNiz	TVideoGrafikaNiz	existing-unreviewed		0
TWidget	TWidget	TWidget	pending-language-review	widget	0
TWidgetMouseEventHandler	TWidgetMišDogađajhandler	TWidgetMišDogađajhandler	existing-unreviewed		0
Tamd_am79c973	Tamdam79c973	Tamdam79c973	existing-unreviewed		0
Test	Provjeri	Provjeri	existing-unreviewed		0
TestBit	Provjeribit	Provjeribit	existing-unreviewed		0
TestPrint	ProvjeriIspis	ProvjeriIspis	existing-unreviewed		0
Thread	Thread	Thread	existing-unreviewed		0
ThreadList	ThreadPopis	ThreadPopis	existing-unreviewed		0
ThreadState	ThreadStanje	ThreadStanje	existing-unreviewed		0
Threads	Threads	Threads	existing-unreviewed		0
TlsSegments	Tlssegments	Tlssegments	existing-unreviewed		0
TotalBlocks	UkupnoBlokiraj	UkupnoBlokiraj	existing-unreviewed		0
Type	Vrsta	Vrsta	existing-unreviewed		0
TypeTest	VrstaProvjeri	VrstaProvjeri	existing-unreviewed		0
T공용서술자테이블	TShareddescriptorTablica	TShareddescriptorTablica	existing-unreviewed		0
T공용서술자테이블_자료	TShareddescriptorTablicadata	TShareddescriptorTablicadata	existing-unreviewed		0
T작업관리자	TZadatakmanager	TZadatakmanager	existing-unreviewed		0
T조각설명자	TSegmentdescriptor	TSegmentdescriptor	existing-unreviewed		0
T콘솔	TConsole	TConsole	existing-unreviewed		0
T함수1	TFunkcija1	TFunkcija1	existing-unreviewed		0
UDESC_32SEG	Udesc32seg	Udesc32seg	existing-unreviewed		0
UDESC_CONTENTS	UdescSadržaj	UdescSadržaj	existing-unreviewed		0
UDESC_LIMIT_IN_PAGES	UdescOgraničenjePovećajStranice	UdescOgraničenjePovećajStranice	existing-unreviewed		0
UDESC_RX_ONLY	Udescrxonly	Udescrxonly	existing-unreviewed		0
UDESC_SEG_NOT_PRESENT	UdescsegnotPrisutno	UdescsegnotPrisutno	existing-unreviewed		0
UDESC_USABLE	Udescusable	Udescusable	existing-unreviewed		0
USER_STACK	Korisnikstack	Korisnikstack	existing-unreviewed		0
USER_STACK_SIZE	KorisnikstackVeličina	KorisnikstackVeličina	existing-unreviewed		0
USER_STACK_TOP	KorisnikstackVrh	KorisnikstackVrh	existing-unreviewed		0
Uid	Uid	Uid	existing-unreviewed		0
Uint16ToArray	Unsignedinteger16toNiz	Unsignedinteger16toNiz	existing-unreviewed		0
Uint16ToArray_BE	Unsignedinteger16toNizbe	Unsignedinteger16toNizbe	existing-unreviewed		0
Uint16_R	Unsignedinteger16r	Unsignedinteger16r	existing-unreviewed		0
Uint32ToArray	Unsignedinteger32toNiz	Unsignedinteger32toNiz	existing-unreviewed		0
Uint32_R	Unsignedinteger32r	Unsignedinteger32r	existing-unreviewed		0
Uint48ToArray	Unsignedinteger48toNiz	Unsignedinteger48toNiz	existing-unreviewed		0
Uint48ToArray_BE	Unsignedinteger48toNizbe	Unsignedinteger48toNizbe	existing-unreviewed		0
Uint48_R	Unsignedinteger48r	Unsignedinteger48r	existing-unreviewed		0
Uint64ToArray	Unsignedinteger64toNiz	Unsignedinteger64toNiz	existing-unreviewed		0
Uint64_R	Unsignedinteger64r	Unsignedinteger64r	existing-unreviewed		0
UnhandleInterrupt	UnhandlePrekid	UnhandlePrekid	existing-unreviewed		0
UnsetBit	Uklonibit	Toggle_allocation_bit	pending-language-review	toggle_bit	1
UsedBlocks	IskorištenoBlokiraj	IskorištenoBlokiraj	existing-unreviewed		0
UserDesc	Korisnikdescriptor	Korisnikdescriptor	existing-unreviewed		0
UserStack	Korisnikstack_2	Korisnikstack_2	existing-unreviewed		0
UserStackSize	KorisnikstackVeličina_2	KorisnikstackVeličina_2	existing-unreviewed		0
Vendor_id	ProdavačIdentifikacija	ProdavačIdentifikacija	existing-unreviewed		0
Version	Inačica	Inačica	existing-unreviewed		0
VirtTest	VirtProvjeri	VirtProvjeri	existing-unreviewed		0
Write	Zapiši	Zapiši	existing-unreviewed		0
Write28	Zapiši28	Zapiši28	existing-unreviewed		0
WriteRegisters	Zapiširegister	Zapiširegister	existing-unreviewed		0
X	X	X	existing-unreviewed		0
Y	Y	Y	existing-unreviewed		0
Zero	Zero	Zero	existing-unreviewed		0
ZeroBlockInPageDir	ZeroBlokirajPovećajStranicaDirektorij	ZeroBlokirajPovećajStranicaDirektorij	existing-unreviewed		0
a	a	a	existing-unreviewed		0
aTime	aVrijeme	aVrijeme	existing-unreviewed		0
access	pristup	pristup	existing-unreviewed		0
accessMode	pristupNAČIN	pristupNAČIN	existing-unreviewed		0
ack	ack	ack	existing-unreviewed		0
activeKeyboardDriver	aktivanTipkovnicadriver	aktivanTipkovnicadriver	existing-unreviewed		0
activeMouseDriver	aktivanMišdriver	aktivanMišdriver	existing-unreviewed		0
addr	address	address	existing-unreviewed		0
addrPtr	addressPokazivač	addressPokazivač	existing-unreviewed		0
address	address_2	address_2	existing-unreviewed		0
addressError	addressGreška	addressGreška	existing-unreviewed		0
afInet	afinet	afinet	existing-unreviewed		0
allocFD	allocatefd	allocatefd	existing-unreviewed		0
allocOpenFile	allocateOtvoriDatoteka	allocateOtvoriDatoteka	existing-unreviewed		0
allocProcess	allocateProces	allocateProces	existing-unreviewed		0
allocateSocket	allocateUtorsocket	allocateUtorsocket	existing-unreviewed		0
allocated	allocated	allocated	existing-unreviewed		0
amd_am79c973	amdam79c973	amdam79c973	existing-unreviewed		0
args	argumenti	argumenti	existing-unreviewed		0
argument	argument	argument	existing-unreviewed		0
argumentPointers	argumentpointers	argumentpointers	existing-unreviewed		0
arguments	argumenti_2	argumenti_2	existing-unreviewed		0
arp	arp	arp	existing-unreviewed		0
arpBuffer	arpbuffer	arpbuffer	existing-unreviewed		0
arpMesgSize	arpmesgVeličina	arpmesgVeličina	existing-unreviewed		0
arpProvider	arpprovider	arpprovider	existing-unreviewed		0
arp콘솔	arpconsole	arpconsole	existing-unreviewed		0
array	niz	niz	existing-unreviewed		0
ata	ata	ata	existing-unreviewed		0
ata0s	ata0s	ata0s	existing-unreviewed		0
attempts	attempts	attempts	existing-unreviewed		0
attr	atribut	atribut	existing-unreviewed		0
attributeControllerIndexPort	atributcontrollerKazaloport	atributcontrollerKazaloport	existing-unreviewed		0
attributeControllerReadPort	atributcontrollerČitajport	atributcontrollerČitajport	existing-unreviewed		0
attributeControllerResetPort	atributcontrollerVratiizvornoport	atributcontrollerVratiizvornoport	existing-unreviewed		0
attributeControllerWritePort	atributcontrollerZapišiport	atributcontrollerZapišiport	existing-unreviewed		0
attributes	atributi	atributi	existing-unreviewed		0
aux	aux	aux	existing-unreviewed		0
avail	dostupno	dostupno	existing-unreviewed		0
b	b	b	existing-unreviewed		0
backend	backend	backend	existing-unreviewed		0
backupFpRegs	backupfpregs	backupfpregs	existing-unreviewed		0
backupSector	backupsector	backupsector	existing-unreviewed		0
bar	bar	bar	existing-unreviewed		0
barNum	barBROJ	barBROJ	existing-unreviewed		0
bar_value	barVrijednost	barVrijednost	existing-unreviewed		0
base	base	base	existing-unreviewed		0
baseCode	basecode	basecode	existing-unreviewed		0
baseHigh	baseVisoko	baseVisoko	existing-unreviewed		0
baseLow	baseNIsko	baseNIsko	existing-unreviewed		0
baseMid	basemid	basemid	existing-unreviewed		0
base_addr_high	baseaddressVisoko	baseaddressVisoko	existing-unreviewed		0
base_addr_low	baseaddressNIsko	baseaddressNIsko	existing-unreviewed		0
bh	bh	bh	existing-unreviewed		0
bindEphemeral	bindephemeral	bindephemeral	existing-unreviewed		0
bindError	bindGreška	bindGreška	existing-unreviewed		0
bios	bios	bios	existing-unreviewed		0
bit	bit	bit	existing-unreviewed		0
bitmap	bitmap	bitmap	pending-language-review	bitmap	0
bootSignature	bootsignature	bootsignature	existing-unreviewed		0
bootable	bootable	bootable	existing-unreviewed		0
bootloader	bootloader	bootloader	existing-unreviewed		0
bound	bound	bound	existing-unreviewed		0
bpb	bpb	bpb	pending-language-review	fat_parameters	0
bpbBytes	bpbBajtova	bpbBajtova	existing-unreviewed		0
bpbPtr	bpbPokazivač	bpbPokazivač	existing-unreviewed		0
buf	buffer	buffer	existing-unreviewed		0
buf1	buffer1	buffer1	existing-unreviewed		0
buf2	buffer2	buffer2	existing-unreviewed		0
buf3	buffer3	buffer3	existing-unreviewed		0
buf4	buffer4	buffer4	existing-unreviewed		0
buf6	buffer6	buffer6	existing-unreviewed		0
buffer	buffer_2	buffer_2	existing-unreviewed		0
buffer1	buffer1_2	buffer1_2	existing-unreviewed		0
buffer2	buffer2_2	buffer2_2	existing-unreviewed		0
bufferAddr	bufferaddress	bufferaddress	existing-unreviewed		0
bufferAddress	bufferaddress_2	bufferaddress_2	existing-unreviewed		0
bufptr	bufferPokazivač	bufferPokazivač	existing-unreviewed		0
bus	bus	bus	existing-unreviewed		0
busControlRegisterDataPort	busCtrlregisterdataport	busCtrlregisterdataport	existing-unreviewed		0
button	dugme	dugme	existing-unreviewed		0
buttons	dugme_2	dugme_2	existing-unreviewed		0
bytesPerSector	bajtovapersector	bajtovapersector	existing-unreviewed		0
c	c	c	existing-unreviewed		0
cDate	cDatum	cDatum	existing-unreviewed		0
cTime	cVrijeme	cVrijeme	existing-unreviewed		0
cTimeTenth	cVrijemetenth	cVrijemetenth	existing-unreviewed		0
call	call	call	existing-unreviewed		0
candidate	candidate	candidate	existing-unreviewed		0
cap	cap	cap	existing-unreviewed		0
char	char	char	existing-unreviewed		0
checked	checked	checked	existing-unreviewed		0
checksum	checksum	checksum	existing-unreviewed		0
child	dijete	dijete	existing-unreviewed		0
childPID	dijetepid	dijetepid	existing-unreviewed		0
childPageDir	dijeteStranicaDirektorij	dijeteStranicaDirektorij	existing-unreviewed		0
chunk	chunk	chunk	existing-unreviewed		0
class_id	razredIdentifikacija	razredIdentifikacija	existing-unreviewed		0
closeAllProcessFDs	zatvoriSveProcesfds	zatvoriSveProcesfds	existing-unreviewed		0
closeOnExec	zatvoriUključenoIzvrši	zatvoriUključenoIzvrši	existing-unreviewed		0
closeProcessFD	zatvoriProcesfd	zatvoriProcesfd	existing-unreviewed		0
code	code	code	existing-unreviewed		0
code1Ptr	code1Pokazivač	code1Pokazivač	existing-unreviewed		0
code1ptr	code1Pokazivač_2	code1Pokazivač_2	existing-unreviewed		0
code2Ptr	code2Pokazivač	code2Pokazivač	existing-unreviewed		0
code3Ptr	code3Pokazivač	code3Pokazivač	existing-unreviewed		0
codeSegment	codesegment	codesegment	existing-unreviewed		0
colorIndex	bojaKazalo	bojaKazalo	existing-unreviewed		0
colordepth	bojadepth	bojadepth	existing-unreviewed		0
command	naredba	naredba	existing-unreviewed		0
commandPort	naredbaport	naredbaport	existing-unreviewed		0
commandport	naredbaport_2	naredbaport_2	existing-unreviewed		0
common	uobičajeno	uobičajeno	existing-unreviewed		0
connected	connected	connected	existing-unreviewed		0
console	console	console	existing-unreviewed		0
controlPort	ctrlport	ctrlport	existing-unreviewed		0
copyExecVector	kopirajIzvršivector	kopirajIzvršivector	existing-unreviewed		0
copyLength	kopirajDužina	kopirajDužina	existing-unreviewed		0
copyPageDir	kopirajStranicaDirektorij	kopirajStranicaDirektorij	existing-unreviewed		0
copyPath	kopirajPUTANJA	kopirajPUTANJA	existing-unreviewed		0
copySocketName	kopirajUtorsocketIme	kopirajUtorsocketIme	existing-unreviewed		0
copyUtsField	kopirajutsfield	kopirajutsfield	existing-unreviewed		0
count	count	count	existing-unreviewed		0
count2	count2	count2	existing-unreviewed		0
cowFrameManager	cowframemanager	cowframemanager	existing-unreviewed		0
cpu	procesor	procesor	existing-unreviewed		0
cpustate	procesorStanje	procesorStanje	existing-unreviewed		0
cr0	cr0	cr0	existing-unreviewed		0
cr3	cr3	cr3	existing-unreviewed		0
cr4	cr4	cr4	existing-unreviewed		0
crtcDataPort	crtcdataport	crtcdataport	existing-unreviewed		0
crtcIndexPort	crtcKazaloport	crtcKazaloport	existing-unreviewed		0
cs	cs	cs	existing-unreviewed		0
currentRecvBuffer	trenutnorecvbuffer	trenutnorecvbuffer	existing-unreviewed		0
currentSendBuffer	trenutnoPošaljibuffer	trenutnoPošaljibuffer	existing-unreviewed		0
currentTask	trenutnoZadatak	trenutnoZadatak	existing-unreviewed		0
currentThread	trenutnothread	trenutnothread	existing-unreviewed		0
currentThreadIndex	trenutnothreadKazalo	trenutnothreadKazalo	existing-unreviewed		0
cursorHeight	pokazivačVisina	pokazivačVisina	existing-unreviewed		0
cursorStart	pokazivačPokreni	pokazivačPokreni	existing-unreviewed		0
d_tag	dOznaka	dOznaka	existing-unreviewed		0
d_val_ptr	dvalPokazivač	dvalPokazivač	existing-unreviewed		0
data	data	data	existing-unreviewed		0
dataBuf	databuffer	databuffer	existing-unreviewed		0
dataBytes	dataBajtova	dataBajtova	existing-unreviewed		0
dataPointer	dataPokazivač	dataPokazivač	existing-unreviewed		0
dataPort	dataport	dataport	existing-unreviewed		0
dataStart	dataPokreni	dataPokreni	existing-unreviewed		0
databuffer	databuffer_2	databuffer_2	existing-unreviewed		0
dataport	dataport_2	dataport_2	existing-unreviewed		0
defaultKeyboardEventHandler	zadanoTipkovnicaDogađajhandler	zadanoTipkovnicaDogađajhandler	existing-unreviewed		0
desc	descriptor	descriptor	existing-unreviewed		0
description	opis	opis	existing-unreviewed		0
destination	odredište	odredište	existing-unreviewed		0
destinationAddress	odredišteaddress	odredišteaddress	existing-unreviewed		0
destinationLength	odredišteDužina	odredišteDužina	existing-unreviewed		0
dev	uređaj	uređaj	existing-unreviewed		0
device	uređaj_2	uređaj_2	existing-unreviewed		0
deviceDescriptor	uređajdescriptor	uređajdescriptor	existing-unreviewed		0
devicePort	uređajport	uređajport	existing-unreviewed		0
diff	diff	diff	existing-unreviewed		0
digits	digits	digits	existing-unreviewed		0
dirent	dirent	dirent	existing-unreviewed		0
direntBytes	direntBajtova	direntBajtova	existing-unreviewed		0
direntPtr	direntPokazivač	direntPokazivač	existing-unreviewed		0
discardProcess	discardProces	discardProces	existing-unreviewed		0
dispatchInterrupt	dispatchPrekid	dispatchPrekid	existing-unreviewed		0
divisor	divisor	divisor	existing-unreviewed		0
domain	domena	domena	existing-unreviewed		0
driveNumber	driveBROJ	driveBROJ	existing-unreviewed		0
driver	driver	driver	existing-unreviewed		0
driverManager	drivermanager	drivermanager	existing-unreviewed		0
drivercount	drivercount	drivercount	existing-unreviewed		0
drv	driver_2	driver_2	existing-unreviewed		0
ds	ds	ds	existing-unreviewed		0
ds_segment	dssegment	dssegment	existing-unreviewed		0
dst	odredište_2	odredište_2	existing-unreviewed		0
dstEntry	odredišteentry	odredišteentry	existing-unreviewed		0
dstIP	odredišteipaddress	odredišteipaddress	existing-unreviewed		0
dstIP_BE	odredišteipaddressMrežabyteorder	odredišteipaddressMrežabyteorder	existing-unreviewed		0
dstMAC	odredištemacaddress	odredištemacaddress	existing-unreviewed		0
dstMAC_BE	odredištemacbe	odredištemacbe	existing-unreviewed		0
dstPageDir	odredišteStranicaDirektorij	odredišteStranicaDirektorij	existing-unreviewed		0
dstPort	odredišteportBROJ	odredišteportBROJ	pending-language-review	destination_port	0
dstPt	odredištept	odredištept	existing-unreviewed		0
dstPtPtr	odredišteptPokazivač	odredišteptPokazivač	existing-unreviewed		0
dstPtr	odredištePokazivač	odredištePokazivač	existing-unreviewed		0
dstptr	odredištePokazivač_2	odredištePokazivač_2	existing-unreviewed		0
dynamic	dinamično	dinamično	existing-unreviewed		0
e	e	e	existing-unreviewed		0
e_ehsize	eehsize	eehsize	existing-unreviewed		0
e_entry	eentry	eentry	existing-unreviewed		0
e_flags	eZastavice	eZastavice	existing-unreviewed		0
e_ident	eident	eident	existing-unreviewed		0
e_machine	emachine	emachine	existing-unreviewed		0
e_phentsize	ephentsize	ephentsize	existing-unreviewed		0
e_phnum	ephnum	ephnum	existing-unreviewed		0
e_phoff	ephoff	ephoff	existing-unreviewed		0
e_shentsize	eshentsize	eshentsize	existing-unreviewed		0
e_shnum	eshnum	eshnum	existing-unreviewed		0
e_shoff	eshoff	eshoff	existing-unreviewed		0
e_shstrndx	eshstrndx	eshstrndx	existing-unreviewed		0
e_type	eVrsta	eVrsta	existing-unreviewed		0
e_version	eInačica	eInačica	existing-unreviewed		0
eax	eax	eax	existing-unreviewed		0
ebp	ebp	ebp	existing-unreviewed		0
ebx	ebx	ebx	existing-unreviewed		0
ecx	ecx	ecx	existing-unreviewed		0
edi	edi	edi	existing-unreviewed		0
edx	edx	edx	existing-unreviewed		0
efHandler	efhandler	efhandler	existing-unreviewed		0
eflags	eflags	eflags	existing-unreviewed		0
eip	eip	eip	existing-unreviewed		0
eipOffset	eipoffset	eipoffset	existing-unreviewed		0
elf	elf	elf	existing-unreviewed		0
elf0	elf0	elf0	existing-unreviewed		0
elf2	elf2	elf2	existing-unreviewed		0
elf3	elf3	elf3	existing-unreviewed		0
elf4	elf4	elf4	existing-unreviewed		0
elfHeader	elfheader	elfheader	existing-unreviewed		0
enabled	omogućeno	omogućeno	existing-unreviewed		0
end	kraj	kraj	existing-unreviewed		0
endOffset	krajoffset	krajoffset	existing-unreviewed		0
end_cylinder	krajcylinder	krajcylinder	existing-unreviewed		0
end_head	krajhead	krajhead	existing-unreviewed		0
end_sector	krajsector	krajsector	existing-unreviewed		0
ensureCurrentProcess	ensureTrenutnoProces	ensureTrenutnoProces	existing-unreviewed		0
entry	entry	entry	existing-unreviewed		0
entryPoint	entrypoint	entrypoint	existing-unreviewed		0
entrypoint	entrypoint_2	entrypoint_2	existing-unreviewed		0
environment	environment	environment	existing-unreviewed		0
environmentPointers	environmentpointers	environmentpointers	existing-unreviewed		0
err	greška	greška	existing-unreviewed		0
errorPort	greškaport	greškaport	existing-unreviewed		0
es	es	es	existing-unreviewed		0
esi	esi	esi	existing-unreviewed		0
esp	esp	esp	existing-unreviewed		0
esp0	esp0	esp0	existing-unreviewed		0
esp1	esp1	esp1	existing-unreviewed		0
esp2	esp2	esp2	existing-unreviewed		0
etherFrameProvider	ethernetframeprovider	ethernetframeprovider	pending-language-review	ethernet_provider	0
etherType	ethernetVrsta	ethernetVrsta	existing-unreviewed		0
etherType_BE	ethernetVrstabe	ethernetVrstabe	existing-unreviewed		0
etherframe	ethernetframe	ethernetframe	existing-unreviewed		0
etherframePayload	ethernetframepayload	ethernetframepayload	existing-unreviewed		0
except	except	except	existing-unreviewed		0
exceptionCR0	exceptioncr0	exceptioncr0	existing-unreviewed		0
exceptionCR2	exceptioncr2	exceptioncr2	existing-unreviewed		0
exceptionCR3	exceptioncr3	exceptioncr3	existing-unreviewed		0
exceptionFrameValue	exceptionframeVrijednost	exceptionframeVrijednost	existing-unreviewed		0
exceptionHasErrorCode	exceptionhasGreškacode	exceptionhasGreškacode	existing-unreviewed		0
exceptionName	exceptionIme	exceptionIme	existing-unreviewed		0
execVector	izvršivector	izvršivector	existing-unreviewed		0
exists	exists	exists	existing-unreviewed		0
exited	exited	exited	existing-unreviewed		0
ext	ext	ext	existing-unreviewed		0
extFlags	extZastavice	extZastavice	existing-unreviewed		0
extendedScanCode	extendedPretražicode	extendedPretražicode	existing-unreviewed		0
fDupFD	fdupfd	fdupfd	existing-unreviewed		0
fGetFD	fgetfd	fgetfd	existing-unreviewed		0
fGetFL	fgetfl	fgetfl	existing-unreviewed		0
fSetFD	fPostavifd	fPostavifd	existing-unreviewed		0
fSetFL	fPostavifl	fPostavifl	existing-unreviewed		0
fat	fat	fat	existing-unreviewed		0
fatCopies	fatKopiraj	fatKopiraj	existing-unreviewed		0
fatInfo	fatInformacije	fatInformacije	existing-unreviewed		0
fatOffsetInSectorForCurrentCluster	fatoffsetPovećajsectorforTrenutnocluster	fatoffsetPovećajsectorforTrenutnocluster	existing-unreviewed		0
fatSectorCount	fatsectorcount	fatsectorcount	existing-unreviewed		0
fatSectorForCurrentCluster	fatsectorforTrenutnocluster	fatsectorforTrenutnocluster	existing-unreviewed		0
fatSize	fatVeličina	fatVeličina	existing-unreviewed		0
fatStart	fatPokreni	fatPokreni	existing-unreviewed		0
fatTypeLabel	fatVrstaNatpis	fatVrstaNatpis	existing-unreviewed		0
fatVersion	fatInačica	fatInačica	existing-unreviewed		0
fatbuf	fatbuf	fatbuf	existing-unreviewed		0
fatbuffer	fatbuffer	fatbuffer	existing-unreviewed		0
faultAddr	faultaddress	faultaddress	existing-unreviewed		0
fb	fb	fb	existing-unreviewed		0
fbCurCol	fbTrenutnocol	fbTrenutnocol	existing-unreviewed		0
fbCurLine	fbTrenutnoline	fbTrenutnoline	existing-unreviewed		0
fbHeight	fbVisina	fbVisina	existing-unreviewed		0
fbPhysAddr	fbphysaddress	fbphysaddress	existing-unreviewed		0
fbWidth	fbŠirina	fbŠirina	existing-unreviewed		0
fd	fd	fd	existing-unreviewed		0
fdCloexec	fdcloexec	fdcloexec	existing-unreviewed		0
fdEntry	fdentry	fdentry	existing-unreviewed		0
fdFlags	fdZastavice	fdZastavice	existing-unreviewed		0
fdKindConsole	fdkindconsole	fdkindconsole	existing-unreviewed		0
fdKindFat	fdkindfat	fdkindfat	existing-unreviewed		0
fdKindNone	fdkindNijedan	fdkindNijedan	existing-unreviewed		0
fdKindRootDir	fdkindKorijenDirektorij	fdkindKorijenDirektorij	existing-unreviewed		0
fdKindSocket	fdkindUtorsocket	fdkindUtorsocket	existing-unreviewed		0
fdKindStdin	fdkindstdin	fdkindstdin	existing-unreviewed		0
fds	fds	fds	existing-unreviewed		0
filePtr	datotekaPokazivač	datotekaPokazivač	existing-unreviewed		0
fileSector	datotekasector	datotekasector	existing-unreviewed		0
fileSize	datotekaVeličina	datotekaVeličina	existing-unreviewed		0
filename	imedatoteke	imedatoteke	existing-unreviewed		0
fillPosixStat	fillposixstat	fillposixstat	existing-unreviewed		0
findProcess	nađiProces	nađiProces	existing-unreviewed		0
first	first	first	existing-unreviewed		0
firstClusterHi	firstclusterhi	firstclusterhi	existing-unreviewed		0
firstClusterLow	firstclusterNIsko	firstclusterNIsko	existing-unreviewed		0
firstFileCluster	firstDatotekacluster	firstDatotekacluster	existing-unreviewed		0
flags	zastavice	zastavice	existing-unreviewed		0
flags2	zastavice2	zastavice2	existing-unreviewed		0
flagsAndOffset	zastaviceandoffset	zastaviceandoffset	existing-unreviewed		0
flushIndex	flushKazalo	flushKazalo	existing-unreviewed		0
flushTlsTable	flushtlsTablica	flushtlsTablica	existing-unreviewed		0
flush_tss	flushtss	flushtss	existing-unreviewed		0
fn	fn	fn	existing-unreviewed		0
foo	foo	foo	existing-unreviewed		0
foundChild	founddijete	founddijete	existing-unreviewed		0
frame	frame	frame	existing-unreviewed		0
frameCount	framecount	framecount	existing-unreviewed		0
frameHeaderSize	frameheaderVeličina	frameheaderVeličina	existing-unreviewed		0
free	slobodno	slobodno	existing-unreviewed		0
freePort	slobodnoport	slobodnoport	existing-unreviewed		0
frequency	učestalost	učestalost	existing-unreviewed		0
fs	fs	fs	existing-unreviewed		0
func1Val	func1val	func1val	existing-unreviewed		0
func2Val	func2val	func2val	existing-unreviewed		0
func3Val	func3val	func3val	existing-unreviewed		0
func_addr	funcaddress	funcaddress	existing-unreviewed		0
func_bytes	funcBajtova	funcBajtova	existing-unreviewed		0
func_name	funcIme	funcIme	existing-unreviewed		0
func_value	funcVrijednost	funcVrijednost	existing-unreviewed		0
function	funkcija	funkcija	existing-unreviewed		0
fxrstor	fxrstor	fxrstor	existing-unreviewed		0
fxsave	fxsave	fxsave	existing-unreviewed		0
g	g	g	existing-unreviewed		0
g_320x200x256	g320x200x256	g320x200x256	existing-unreviewed		0
gate	gate	gate	existing-unreviewed		0
gateData	gatedata	gatedata	existing-unreviewed		0
gatewayIP	gatewayip	gatewayip	existing-unreviewed		0
gdt	gdt	gdt	existing-unreviewed		0
gdtDescriptor	gdtdescriptor	gdtdescriptor	existing-unreviewed		0
gdtEntry	gdtentry	gdtentry	existing-unreviewed		0
gdtTable	gdtTablica	gdtTablica	existing-unreviewed		0
gdtTableLen	gdtTablicalen	gdtTablicalen	existing-unreviewed		0
gdt_codeSegmentSelector	gdtcodesegmentselector	gdtcodesegmentselector	existing-unreviewed		0
gdt_func	gdtfunc	gdtfunc	existing-unreviewed		0
getCR2	getcr2	getcr2	existing-unreviewed		0
getCR3	getcr3	getcr3	existing-unreviewed		0
getDescriptor	getdescriptor	getdescriptor	existing-unreviewed		0
getESI	getesi	getesi	existing-unreviewed		0
getESP	getesp	getesp	existing-unreviewed		0
getGDT	getgdt	getgdt	existing-unreviewed		0
getGS	getgs	getgs	existing-unreviewed		0
getOpenFile	getOtvoriDatoteka	getOtvoriDatoteka	existing-unreviewed		0
getOpenFileFor	getOtvoriDatotekafor	getOtvoriDatotekafor	existing-unreviewed		0
getTLS	gettls	gettls	existing-unreviewed		0
globalDescriptorTable	općidescriptorTablica	općidescriptorTablica	existing-unreviewed		0
globalOffsetTable	općioffsetTablica	općioffsetTablica	existing-unreviewed		0
global_offset_table	općioffsetTablica_2	općioffsetTablica_2	existing-unreviewed		0
graphicsControllerDataPort	grafikacontrollerdataport	grafikacontrollerdataport	existing-unreviewed		0
graphicsControllerIndexPort	grafikacontrollerKazaloport	grafikacontrollerKazaloport	existing-unreviewed		0
grub_multiboot_memory_map_t	grubmultibootMemorijamapt	grubmultibootMemorijamapt	existing-unreviewed		0
gs	gs	gs	existing-unreviewed		0
gs_segment	gssegment	gssegment	existing-unreviewed		0
h	h	h	existing-unreviewed		0
haltAfterFatalException	haltPoslijefatalexception	haltPoslijefatalexception	existing-unreviewed		0
handleInterrupt	ručkaPrekid	ručkaPrekid	existing-unreviewed		0
handleKeyboardInterrupt	ručkaTipkovnicaPrekid	ručkaTipkovnicaPrekid	existing-unreviewed		0
handleMouseInterrupt	ručkaMišPrekid	ručkaMišPrekid	existing-unreviewed		0
handlePagingInterrupt	ručkapagingPrekid	ručkapagingPrekid	existing-unreviewed		0
handleUnhandledSyscall	ručkaunhandledsyscall	ručkaunhandledsyscall	existing-unreviewed		0
handler	handler	handler	existing-unreviewed		0
handlerAddressHighBits	handleraddressVisokobits	handleraddressVisokobits	existing-unreviewed		0
handlerAddressLowBits	handleraddressNIskobits	handleraddressNIskobits	existing-unreviewed		0
handlerRun	handlerPokreni	handlerPokreni	existing-unreviewed		0
handlers	handler_2	handler_2	existing-unreviewed		0
hardwareAddressSize	sklopovljeaddressVeličina	sklopovljeaddressVeličina	existing-unreviewed		0
hardwareInterruptOffset	sklopovljePrekidoffset	sklopovljePrekidoffset	existing-unreviewed		0
hardwareType	sklopovljeVrsta	sklopovljeVrsta	existing-unreviewed		0
hd	hd	hd	existing-unreviewed		0
head	head	head	existing-unreviewed		0
headCount	headcount	headcount	existing-unreviewed		0
headerLength	headerDužina	headerDužina	existing-unreviewed		0
headertype	headertype	headertype	existing-unreviewed		0
height	visina	visina	existing-unreviewed		0
hex	heks	heks	existing-unreviewed		0
hiddenSectors	skrivenosectors	skrivenosectors	existing-unreviewed		0
i	i	i	existing-unreviewed		0
iCount	icount	icount	existing-unreviewed		0
iDrivers	idriver	idriver	existing-unreviewed		0
iKeyboardEventHandler	iTipkovnicaDogađajhandler	iTipkovnicaDogađajhandler	existing-unreviewed		0
iMouseEventHandler	iMišDogađajhandler	iMišDogađajhandler	existing-unreviewed		0
iPCIControllerHandler	ipcicontrollerhandler	ipcicontrollerhandler	existing-unreviewed		0
iRawDataHandler	irawdatahandler	irawdatahandler	existing-unreviewed		0
iTimerEventHandler	itimerDogađajhandler	itimerDogađajhandler	existing-unreviewed		0
icmp	icmp	icmp	existing-unreviewed		0
icmpSize	icmpVeličina	icmpVeličina	existing-unreviewed		0
icmp콘솔	icmpconsole	icmpconsole	existing-unreviewed		0
id	identifikacija	identifikacija	existing-unreviewed		0
ident	ident	ident	existing-unreviewed		0
idtData	idtdata	idtdata	existing-unreviewed		0
idtPointer	idtPokazivač	idtPokazivač	existing-unreviewed		0
idx	idx	idx	existing-unreviewed		0
index	kazalo	kazalo	existing-unreviewed		0
initBlock	initBlokiraj	initBlokiraj	existing-unreviewed		0
initFileDescriptors	initDatotekadescriptor	initDatotekadescriptor	existing-unreviewed		0
initPIT	initpit	initpit	existing-unreviewed		0
initializeProcessFDs	initializeProcesfds	initializeProcesfds	existing-unreviewed		0
inode	indeksničvor	indeksničvor	existing-unreviewed		0
inputEventTask	ulazDogađajZadatak	ulazDogađajZadatak	existing-unreviewed		0
installIDT	instalirajidt	instalirajidt	existing-unreviewed		0
intNumber	intBROJ	intBROJ	existing-unreviewed		0
interface_id	sUČELJEIdentifikacija	sUČELJEIdentifikacija	existing-unreviewed		0
internetprotocolPayload	internetprotocolpayload	internetprotocolpayload	existing-unreviewed		0
interrupt	prekid	prekid	existing-unreviewed		0
interruptDebug	prekiddebug	prekiddebug	existing-unreviewed		0
interruptExitLoop	prekidIzađiloop	prekidIzađiloop	existing-unreviewed		0
interruptGateEntries	prekidgateentry	prekidgateentry	existing-unreviewed		0
interruptHandler	prekidhandler	prekidhandler	existing-unreviewed		0
interrupts	interrupts	interrupts	existing-unreviewed		0
iomap	iomap	iomap	existing-unreviewed		0
ip	ip	ip	existing-unreviewed		0
ipEtherFrameHandler	ipethernetframehandler	ipethernetframehandler	existing-unreviewed		0
ipHandler	iphandler	iphandler	existing-unreviewed		0
ipIdx	ipidx	ipidx	existing-unreviewed		0
ipProtocolUDP	ipprotocoludp	ipprotocoludp	existing-unreviewed		0
ipProvider	ipprovider	ipprovider	pending-language-review	ip_provider	0
ipSize	ipVeličina	ipVeličina	existing-unreviewed		0
ip_be	ipMrežabyteorder	ipMrežabyteorder	existing-unreviewed		0
ipmessage	internetprotocolPORUKA	internetprotocolPORUKA	existing-unreviewed		0
ipv4	ipv4	ipv4	existing-unreviewed		0
ip콘솔	ipconsole	ipconsole	existing-unreviewed		0
isKernel	iskernel	iskernel	existing-unreviewed		0
isRoot	isKorijen	isKorijen	existing-unreviewed		0
isRootPath	isKorijenPUTANJA	isKorijenPUTANJA	existing-unreviewed		0
isSharedPDE	issharedpde	issharedpde	existing-unreviewed		0
istOffset	istoffset	istoffset	existing-unreviewed		0
j	j	j	existing-unreviewed		0
jmp	jmp	jmp	existing-unreviewed		0
jmp_user	jmpKorisnik	jmpKorisnik	existing-unreviewed		0
jump_usermode_iret	jumpusermodeiret	jumpusermodeiret	existing-unreviewed		0
kPageDirEntry	kStranicaDirektorijentry	kStranicaDirektorijentry	existing-unreviewed		0
kernelESP	kernelesp	kernelesp	existing-unreviewed		0
kernelPageDirEntry	kernelStranicaDirektorijentry	kernelStranicaDirektorijentry	existing-unreviewed		0
kernelSS	kernelss	kernelss	existing-unreviewed		0
key	ključ	ključ	existing-unreviewed		0
keyboard	tipkovnica	tipkovnica	existing-unreviewed		0
keyboardDriver	tipkovnicadriver	tipkovnicadriver	existing-unreviewed		0
keyboardEventHandler	tipkovnicaDogađajhandler	tipkovnicaDogađajhandler	existing-unreviewed		0
keyboardQueue	tipkovnicaqueue	tipkovnicaqueue	existing-unreviewed		0
keyboardQueueRead	tipkovnicaqueueČitaj	tipkovnicaqueueČitaj	existing-unreviewed		0
keyboardQueueSize	tipkovnicaqueueVeličina	tipkovnicaqueueVeličina	existing-unreviewed		0
keyboardQueueWrite	tipkovnicaqueueZapiši	tipkovnicaqueueZapiši	existing-unreviewed		0
kind	kind	kind	existing-unreviewed		0
l	l	l	existing-unreviewed		0
last	zadnje	zadnje	existing-unreviewed		0
lbaHiPort	lbahiport	lbahiport	existing-unreviewed		0
lbaLowPort	lbaNIskoport	lbaNIskoport	existing-unreviewed		0
lbaMidPort	lbamidport	lbamidport	existing-unreviewed		0
ldt	ldt	ldt	existing-unreviewed		0
leftShift	lijevoshift	lijevoshift	existing-unreviewed		0
len	len	len	existing-unreviewed		0
len_ver	lenver	lenver	existing-unreviewed		0
length	dužina	dužina	existing-unreviewed		0
lengthAddress	dužinaaddress	dužinaaddress	existing-unreviewed		0
lengthInBytes	dužinaPovećajBajtova	dužinaPovećajBajtova	existing-unreviewed		0
length_high	dužinaVisoko	dužinaVisoko	existing-unreviewed		0
length_low	dužinaNIsko	dužinaNIsko	existing-unreviewed		0
lengths	lengths	lengths	existing-unreviewed		0
lib1Addr	lib1address	lib1address	existing-unreviewed		0
lib1Data	lib1data	lib1data	existing-unreviewed		0
lib1File	lib1Datoteka	lib1Datoteka	existing-unreviewed		0
lib1GOT	lib1got	lib1got	existing-unreviewed		0
lib1elf	lib1elf	lib1elf	existing-unreviewed		0
lib2Addr	lib2address	lib2address	existing-unreviewed		0
lib2Data	lib2data	lib2data	existing-unreviewed		0
lib2File	lib2Datoteka	lib2Datoteka	existing-unreviewed		0
lib2GOT	lib2got	lib2got	existing-unreviewed		0
lib2elf	lib2elf	lib2elf	existing-unreviewed		0
libLinkMap	libPoveznicamap	libPoveznicamap	existing-unreviewed		0
lidtaddr	lidtaddr	lidtaddr	existing-unreviewed		0
limit	ograničenje	ograničenje	existing-unreviewed		0
limitHighAndFlags	ograničenjeVisokoandZastavice	ograničenjeVisokoandZastavice	existing-unreviewed		0
limitLow	ograničenjeNIsko	ograničenjeNIsko	existing-unreviewed		0
linkMap	poveznicamap	poveznicamap	existing-unreviewed		0
linkMapAddr	poveznicamapaddress	poveznicamapaddress	existing-unreviewed		0
linkerAddr	linkeraddress	linkeraddress	existing-unreviewed		0
linkerData	linkerdata	linkerdata	existing-unreviewed		0
linkerEntry	linkerentry	linkerentry	existing-unreviewed		0
linkerFile	linkerDatoteka	linkerDatoteka	existing-unreviewed		0
list	popis	popis	existing-unreviewed		0
listening	listening	listening	existing-unreviewed		0
loader	loader	loader	existing-unreviewed		0
local	local	local	existing-unreviewed		0
localDatagramSocket	localdatagramUtorsocket	localdatagramUtorsocket	existing-unreviewed		0
localIP	localip	localip	existing-unreviewed		0
localPort	localportBROJ	localportBROJ	existing-unreviewed		0
localSockets	localsockets	localsockets	existing-unreviewed		0
logicalAddress	logicaladdress	logicaladdress	existing-unreviewed		0
macAddr	macaddress	macaddress	existing-unreviewed		0
macIdx	macidx	macidx	existing-unreviewed		0
magicnumber	magicnumber	magicnumber	existing-unreviewed		0
main	main	main	compatibility		0
mainThread	glavnithread	glavnithread	existing-unreviewed		0
makePagePrivateWritableCurrent	makeStranicaPrivatnowritableTrenutno	makeStranicaPrivatnowritableTrenutno	existing-unreviewed		0
makeRangePrivateWritableCurrent	makeOpsegPrivatnowritableTrenutno	makeOpsegPrivatnowritableTrenutno	existing-unreviewed		0
manager	manager	manager	existing-unreviewed		0
mask	maska	maska	existing-unreviewed		0
master	master	master	existing-unreviewed		0
matches	matches	matches	existing-unreviewed		0
maxBARs	maksbars	maksbars	existing-unreviewed		0
maxDatagramSize	maksdatagramVeličina	maksdatagramVeličina	existing-unreviewed		0
maxExecStringLength	maksIzvršiZnakovninizDužina	maksIzvršiZnakovninizDužina	existing-unreviewed		0
maxExecVectorEntries	maksIzvršivectorentry	maksIzvršivectorentry	existing-unreviewed		0
maxFD	maksfd	maksfd	existing-unreviewed		0
maxOpenFiles	maksOtvoriDatoteke	maksOtvoriDatoteke	existing-unreviewed		0
maxSocketPackets	maksUtorsocketpaketi	maksUtorsocketpaketi	existing-unreviewed		0
maxSockets	makssockets	makssockets	existing-unreviewed		0
maximumBlocks	najvišeBlokiraj	najvišeBlokiraj	existing-unreviewed		0
mediaType	nosačpodatakaVrsta	nosačpodatakaVrsta	existing-unreviewed		0
mem	mem	mem	existing-unreviewed		0
memoryArray	memorijaNiz	memorijaNiz	existing-unreviewed		0
memoryChunkSize	memorijachunkVeličina	memorijachunkVeličina	existing-unreviewed		0
memoryManager	memorijamanager	memorijamanager	existing-unreviewed		0
memoryOper	memorijaoper	memorijaoper	existing-unreviewed		0
memorySize	memorijaVeličina	memorijaVeličina	existing-unreviewed		0
memorymananger	memorymananger	memorymananger	existing-unreviewed		0
memorytest	memorytest	memorytest	existing-unreviewed		0
message	pORUKA	pORUKA	existing-unreviewed		0
micsPort	micsport	micsport	existing-unreviewed		0
minimum	najniže	najniže	existing-unreviewed		0
mode	nAČIN	nAČIN	existing-unreviewed		0
mouseDriver	mišdriver	mišdriver	existing-unreviewed		0
mouseEventHandler	mišDogađajhandler	mišDogađajhandler	existing-unreviewed		0
mouseVGA	mišvga	mišvga	existing-unreviewed		0
mouseWidget	mišwidget	mišwidget	existing-unreviewed		0
msdospart	msdospartition	msdospartition	existing-unreviewed		0
msg	msg	msg	existing-unreviewed		0
msgBuffer	msgbuffer	msgbuffer	existing-unreviewed		0
multiboot_memory_map	multibootMemorijamap	multibootMemorijamap	existing-unreviewed		0
multitasking	multitasking	multitasking	existing-unreviewed		0
myKeyboardEventHandler	myTipkovnicaDogađajhandler	myTipkovnicaDogađajhandler	existing-unreviewed		0
myPCIControllerHandler	mypcicontrollerhandler	mypcicontrollerhandler	existing-unreviewed		0
myfunction	myfunction	myfunction	existing-unreviewed		0
n	n	n	existing-unreviewed		0
n_descsz	ndescsz	ndescsz	existing-unreviewed		0
n_namesz	nnamesz	nnamesz	existing-unreviewed		0
n_type	nVrsta	nVrsta	existing-unreviewed		0
name	ime	ime	existing-unreviewed		0
nameLen	imelen	imelen	existing-unreviewed		0
netCard	mrežaKarte	mrežaKarte	existing-unreviewed		0
newButtons	noviDugme	noviDugme	existing-unreviewed		0
newFD	novifd	novifd	existing-unreviewed		0
newFrame	noviframe	noviframe	existing-unreviewed		0
newLink	noviPoveznica	noviPoveznica	existing-unreviewed		0
newNode	noviČvor	noviČvor	existing-unreviewed		0
newPtr	noviPokazivač	noviPokazivač	existing-unreviewed		0
next	slijedeće	slijedeće	existing-unreviewed		0
nextEphemeralPort	slijedećeephemeralport	slijedećeephemeralport	existing-unreviewed		0
nextFileCluster	slijedećeDatotekacluster	slijedećeDatotekacluster	existing-unreviewed		0
nextHopIP_BE	slijedećehopipaddressMrežabyteorder	slijedećehopipaddressMrežabyteorder	existing-unreviewed		0
nextNode	slijedećeČvor	slijedećeČvor	existing-unreviewed		0
nextProcessID	slijedećeProcesIdentifikacija	slijedećeProcesIdentifikacija	existing-unreviewed		0
nextThread	slijedećethread	slijedećethread	existing-unreviewed		0
nibble	nibble	nibble	existing-unreviewed		0
node	čvor	čvor	pending-language-review	list_node	0
nodeArray	čvorNiz	čvorNiz	existing-unreviewed		0
num	bROJ	bROJ	existing-unreviewed		0
numCacheEntries	bROJcacheentry	bROJcacheentry	existing-unreviewed		0
numDrivers	bROJdriver	bROJdriver	existing-unreviewed		0
numFunctions	bROJFunkcije	bROJFunkcije	existing-unreviewed		0
numRecvBuffers	bROJrecvbuffer	bROJrecvbuffer	existing-unreviewed		0
numSendBuffers	bROJPošaljibuffer	bROJPošaljibuffer	existing-unreviewed		0
numSockets	bROJsockets	bROJsockets	existing-unreviewed		0
numTasks	bROJZadaci	bROJZadaci	existing-unreviewed		0
oAppend	oappend	oappend	existing-unreviewed		0
oCreate	ocreate	ocreate	existing-unreviewed		0
oDirectory	oDirektorij	oDirektorij	existing-unreviewed		0
oReadOnly	oČitajonly	oČitajonly	existing-unreviewed		0
oReadWrite	oČitajZapiši	oČitajZapiši	existing-unreviewed		0
oTruncate	otruncate	otruncate	existing-unreviewed		0
oWriteOnly	oZapišionly	oZapišionly	existing-unreviewed		0
o_addr	oaddress	oaddress	existing-unreviewed		0
offset	offset	offset	existing-unreviewed		0
ok	uredu	uredu	existing-unreviewed		0
oldButtons	oldDugme	oldDugme	existing-unreviewed		0
oldCR3	oldcr3	oldcr3	existing-unreviewed		0
oldFD	oldfd	oldfd	existing-unreviewed		0
oldFrame	oldframe	oldframe	existing-unreviewed		0
oldGdt	oldgdt	oldgdt	existing-unreviewed		0
oldGdtAddr	oldgdtaddress	oldgdtaddress	existing-unreviewed		0
oldGdtLen	oldgdtlen	oldgdtlen	existing-unreviewed		0
openFileDescription	otvoriDatotekaOpis	otvoriDatotekaOpis	existing-unreviewed		0
openFileTable	otvoriDatotekaTablica	otvoriDatotekaTablica	existing-unreviewed		0
options	opcije	opcije	existing-unreviewed		0
orgValue	orgVrijednost	orgVrijednost	existing-unreviewed		0
p	p	p	existing-unreviewed		0
p1	p1	p1	existing-unreviewed		0
p2	p2	p2	existing-unreviewed		0
p_align	pPoravnanje	pPoravnanje	existing-unreviewed		0
p_backend	pbackend	pbackend	existing-unreviewed		0
p_data	pdata	pdata	existing-unreviewed		0
p_efHandler	pefhandler	pefhandler	existing-unreviewed		0
p_efProvider	pefprovider	pefprovider	existing-unreviewed		0
p_etherType	pethernetVrsta	pethernetVrsta	existing-unreviewed		0
p_filesz	pfilesz	pfilesz	existing-unreviewed		0
p_flags	pZastavice	pZastavice	existing-unreviewed		0
p_iHandler	pihandler	pihandler	existing-unreviewed		0
p_ipHandler	piphandler	piphandler	existing-unreviewed		0
p_ipProvider	pipprovider	pipprovider	existing-unreviewed		0
p_memsz	pmemsz	pmemsz	existing-unreviewed		0
p_offset	poffset	poffset	existing-unreviewed		0
p_paddr	ppaddr	ppaddr	existing-unreviewed		0
p_protocol	pprotocol	pprotocol	existing-unreviewed		0
p_provider	pprovider	pprovider	existing-unreviewed		0
p_str	pstr	pstr	existing-unreviewed		0
p_type	pVrsta	pVrsta	existing-unreviewed		0
p_udpHandler	pudphandler	pudphandler	existing-unreviewed		0
p_udpProvider	pudpprovider	pudpprovider	existing-unreviewed		0
p_vaddr	pvaddr	pvaddr	existing-unreviewed		0
packet	packet	packet	existing-unreviewed		0
packetStatus	packetStanje	packetStanje	existing-unreviewed		0
packets	paketi	paketi	existing-unreviewed		0
page	stranica	stranica	existing-unreviewed		0
pageDir	stranicaDirektorij	stranicaDirektorij	pending-language-review	page_directory	0
pageDirEntry	stranicaDirektorijentry	stranicaDirektorijentry	existing-unreviewed		0
pageTableEntry	stranicaTablicaentry	stranicaTablicaentry	existing-unreviewed		0
paging	paging	paging	existing-unreviewed		0
param	param	param	existing-unreviewed		0
params	params	params	existing-unreviewed		0
parent	roditelj	roditelj	existing-unreviewed		0
parentPID	roditeljpid	roditeljpid	existing-unreviewed		0
parentProcess	roditeljProces	roditeljProces	existing-unreviewed		0
partEntry	partentry	partentry	existing-unreviewed		0
partition	partition	partition	existing-unreviewed		0
partitionBytes	partitionBajtova	partitionBajtova	existing-unreviewed		0
partitionOffset	partitionoffset	partitionoffset	existing-unreviewed		0
path	pUTANJA	pUTANJA	existing-unreviewed		0
pathAddr	pUTANJAaddress	pUTANJAaddress	existing-unreviewed		0
pci	pci	pci	existing-unreviewed		0
pciController	pcicontroller	pcicontroller	existing-unreviewed		0
pde	pde	pde	existing-unreviewed		0
pdeAddr	pdeaddress	pdeaddress	existing-unreviewed		0
pdelen	pdelen	pdelen	existing-unreviewed		0
peer	peer	peer	existing-unreviewed		0
pendingButtons	pendingDugme	pendingDugme	existing-unreviewed		0
pendingMouseEvent	pendingMišDogađaj	pendingMišDogađaj	existing-unreviewed		0
pendingX	pendingx	pendingx	existing-unreviewed		0
pendingY	pendingy	pendingy	existing-unreviewed		0
phyaddr	phyaddr	phyaddr	existing-unreviewed		0
phymem	physicalMemorija	physicalMemorija	existing-unreviewed		0
physicalAddress	physicaladdress	physicaladdress	existing-unreviewed		0
pid	pid	pid	existing-unreviewed		0
pitFrequency	pitUčestalost	pitUčestalost	existing-unreviewed		0
pixelAddress	pixeladdress	pixeladdress	existing-unreviewed		0
pointer	pokazivač	pokazivač	pending-language-review	pointer	0
pollKeyboardScancode	pollTipkovnicascancode	pollTipkovnicascancode	existing-unreviewed		0
port	port	port	existing-unreviewed		0
portBase	portbase	portbase	existing-unreviewed		0
portInUse	portPovećajKoristi	portPovećajKoristi	existing-unreviewed		0
portnumber	portnumber	portnumber	existing-unreviewed		0
pos	pozicija	pozicija	existing-unreviewed		0
position	pozicija_2	pozicija_2	existing-unreviewed		0
posixStat	posixstat	posixstat	existing-unreviewed		0
posixUtsname	posixutsname	posixutsname	existing-unreviewed		0
prefetchable	prefetchcapable	prefetchcapable	existing-unreviewed		0
prev	previous	previous	existing-unreviewed		0
prevNode	previousČvor	previousČvor	existing-unreviewed		0
prevX	previousx	previousx	existing-unreviewed		0
prevY	previousy	previousy	existing-unreviewed		0
printESP	ispisesp	ispisesp	existing-unreviewed		0
printExceptionSelectorInfo	ispisexceptionselectorInformacije	ispisexceptionselectorInformacije	existing-unreviewed		0
printPageFaultInfo	ispisStranicafaultInformacije	ispisStranicafaultInformacije	existing-unreviewed		0
printreg	printreg	printreg	existing-unreviewed		0
proc2	proc2	proc2	existing-unreviewed		0
proc3	proc3	proc3	existing-unreviewed		0
proc4	proc4	proc4	existing-unreviewed		0
process	proces	proces	existing-unreviewed		0
processEntry	procesentry	procesentry	existing-unreviewed		0
processHelper	proceshelper	proceshelper	existing-unreviewed		0
processTable	procesTablica	procesTablica	existing-unreviewed		0
processes	procesi	procesi	existing-unreviewed		0
programBreak	programbreak	programbreak	existing-unreviewed		0
protocol	protocol	protocol	existing-unreviewed		0
protocolAddressSize	protocoladdressVeličina	protocoladdressVeličina	existing-unreviewed		0
providedLength	providedDužina	providedDužina	existing-unreviewed		0
provider	provider	provider	existing-unreviewed		0
ps2WaitLimit	ps2ČekajOgraničenje	ps2ČekajOgraničenje	existing-unreviewed		0
pt	pt	pt	existing-unreviewed		0
pte	pte	pte	existing-unreviewed		0
pteAddr	pteaddress	pteaddress	existing-unreviewed		0
ptr	pokazivač_2	pokazivač_2	pending-language-review	pointer	0
pushExecUint32	pushIzvršiunsignedinteger32	pushIzvršiunsignedinteger32	existing-unreviewed		0
queueKeyboardByte	queueTipkovnicabyte	queueTipkovnicabyte	existing-unreviewed		0
r	r	r	existing-unreviewed		0
r_addend	raddend	raddend	existing-unreviewed		0
r_info	rInformacije	rInformacije	existing-unreviewed		0
r_offset	roffset	roffset	existing-unreviewed		0
raw	raw	raw	existing-unreviewed		0
rawDataBackend	rawdatabackend	rawdatabackend	existing-unreviewed		0
readFile	čitajDatoteka	čitajDatoteka	existing-unreviewed		0
readPS2Data	čitajps2data	čitajps2data	existing-unreviewed		0
readStdin	čitajstdin	čitajstdin	existing-unreviewed		0
readVFSFile	čitajvfsDatoteka	čitajvfsDatoteka	existing-unreviewed		0
read_count	čitajcount	čitajcount	existing-unreviewed		0
receiver	receiver	receiver	existing-unreviewed		0
recvBufferDescr	recvbufferOpis	recvbufferOpis	existing-unreviewed		0
recvBufferDescrAddress	recvbufferOpisaddress	recvbufferOpisaddress	existing-unreviewed		0
recvBuffers	recvbuffer	recvbuffer	existing-unreviewed		0
recvBuffersDescrMemory	recvbufferOpisMemorija	recvbufferOpisMemorija	existing-unreviewed		0
refBytes	referenceBajtova	referenceBajtova	existing-unreviewed		0
refPtr	referencePokazivač	referencePokazivač	existing-unreviewed		0
refs	refs	refs	existing-unreviewed		0
regIndex	regKazalo	regKazalo	existing-unreviewed		0
registerAddressPort	registeraddressport	registeraddressport	existing-unreviewed		0
registerDataPort	registerdataport	registerdataport	existing-unreviewed		0
registeroffset	registeroffset	registeroffset	existing-unreviewed		0
registers	register	register	existing-unreviewed		0
regtype	regtype	regtype	existing-unreviewed		0
rel_text	relTekst	relTekst	existing-unreviewed		0
rel_text_len	relTekstlen	relTekstlen	existing-unreviewed		0
releaseOpenFile	releaseOtvoriDatoteka	releaseOtvoriDatoteka	existing-unreviewed		0
released	released	released	existing-unreviewed		0
reloadCR3	ponovnoučitavanjecr3	ponovnoučitavanjecr3	existing-unreviewed		0
relocation_text	relocationTekst	relocationTekst	existing-unreviewed		0
remaining	remaining	remaining	existing-unreviewed		0
remote	udaljeno	udaljeno	existing-unreviewed		0
remoteIP	udaljenoip	udaljenoip	existing-unreviewed		0
remotePort	udaljenoportBROJ	udaljenoportBROJ	existing-unreviewed		0
requested	requested	requested	existing-unreviewed		0
reserved	rezervirano	rezervirano	existing-unreviewed		0
reserved0	rezervirano0	rezervirano0	existing-unreviewed		0
reservedSectors	rezerviranosectors	rezerviranosectors	existing-unreviewed		0
resetPort	vratiizvornoport	vratiizvornoport	existing-unreviewed		0
restoreFpRegs	obnovifpregs	obnovifpregs	existing-unreviewed		0
result	rEZULTAT	rEZULTAT	existing-unreviewed		0
result1	rEZULTAT1	rEZULTAT1	existing-unreviewed		0
result2	rEZULTAT2	rEZULTAT2	existing-unreviewed		0
ret	ret	ret	existing-unreviewed		0
revision	revision	revision	existing-unreviewed		0
rightShift	desnoshift	desnoshift	existing-unreviewed		0
rootCluster	korijencluster	korijencluster	existing-unreviewed		0
rootDirEntries	korijenDirektorijentry	korijenDirektorijentry	existing-unreviewed		0
rootStart	korijenPokreni	korijenPokreni	existing-unreviewed		0
rt	rt	rt	existing-unreviewed		0
s	s	s	existing-unreviewed		0
sIfchr	sifchr	sifchr	existing-unreviewed		0
sIfdir	sifdir	sifdir	existing-unreviewed		0
sIfmt	sifmt	sifmt	existing-unreviewed		0
sIfreg	sifreg	sifreg	existing-unreviewed		0
sIfsock	sifsock	sifsock	existing-unreviewed		0
savedESP	savedesp	savedesp	existing-unreviewed		0
sc	sc	sc	existing-unreviewed		0
scanCode	pretražicode	pretražicode	existing-unreviewed		0
scanCodeToByte	pretražicodetobyte	pretražicodetobyte	existing-unreviewed		0
scancodeToByte	scancodetobyte	scancodetobyte	existing-unreviewed		0
sche	sche	sche	existing-unreviewed		0
sche_data	schedata	schedata	existing-unreviewed		0
scheduleStack	schedulestack	schedulestack	existing-unreviewed		0
scheduler	scheduler	scheduler	existing-unreviewed		0
schedulerDebug	schedulerdebug	schedulerdebug	existing-unreviewed		0
sectHeader	sectheader	sectheader	existing-unreviewed		0
sectHeaderSize	sectheaderVeličina	sectheaderVeličina	existing-unreviewed		0
sectName	sectIme	sectIme	existing-unreviewed		0
sectValue	sectVrijednost	sectVrijednost	existing-unreviewed		0
sector	sector	sector	existing-unreviewed		0
sectorCountPort	sectorcountport	sectorcountport	existing-unreviewed		0
sectorNum	sectorBROJ	sectorBROJ	existing-unreviewed		0
sectorOffset	sectoroffset	sectoroffset	existing-unreviewed		0
sectorPerTrack	sectorpertrack	sectorpertrack	existing-unreviewed		0
sectorsPerCluster	sectorspercluster	sectorspercluster	existing-unreviewed		0
seekCur	seekTrenutno	seekTrenutno	existing-unreviewed		0
seekEnd	seekKraj	seekKraj	existing-unreviewed		0
seekSet	seekPostavi	seekPostavi	existing-unreviewed		0
segmentNumber	segmentBROJ	segmentBROJ	existing-unreviewed		0
self	sam	sam	existing-unreviewed		0
self_uintptr	samuintptr	samuintptr	existing-unreviewed		0
sendBack	reply	reply	existing-unreviewed		0
sendBufferDescr	pošaljibufferOpis	pošaljibufferOpis	existing-unreviewed		0
sendBufferDescrAddress	pošaljibufferOpisaddress	pošaljibufferOpisaddress	existing-unreviewed		0
sendBuffers	pošaljibuffer	pošaljibuffer	existing-unreviewed		0
sendBuffersDescrMemory	pošaljibufferOpisMemorija	pošaljibufferOpisMemorija	existing-unreviewed		0
sendDataPointer	pošaljidataPokazivač	pošaljidataPokazivač	existing-unreviewed		0
sendDescriptor	pošaljidescriptor	pošaljidescriptor	existing-unreviewed		0
sendMouseCommand	pošaljiMišNaredba	pošaljiMišNaredba	existing-unreviewed		0
sequencerDataPort	sequencerdataport	sequencerdataport	existing-unreviewed		0
sequencerIndexPort	sequencerKazaloport	sequencerKazaloport	existing-unreviewed		0
serialLogByte	serijskiZapisujbyte	serijskiZapisujbyte	existing-unreviewed		0
serialReady	serijskiSpreman	serijskiSpreman	existing-unreviewed		0
setCR3	postavicr3	postavicr3	existing-unreviewed		0
setDS	postavids	postavids	existing-unreviewed		0
setGS	postavigs	postavigs	existing-unreviewed		0
setThreadExitLoopState	postavithreadIzađiloopStanje	postavithreadIzađiloopStanje	existing-unreviewed		0
setupExecStack	setupIzvršistack	setupIzvršistack	existing-unreviewed		0
sh	sh	sh	existing-unreviewed		0
sh_addr	shaddress	shaddress	existing-unreviewed		0
sh_addralign	shaddralign	shaddralign	existing-unreviewed		0
sh_entsize	shentsize	shentsize	existing-unreviewed		0
sh_flags	shZastavice	shZastavice	existing-unreviewed		0
sh_info	shInformacije	shInformacije	existing-unreviewed		0
sh_link	shPoveznica	shPoveznica	existing-unreviewed		0
sh_name	shIme	shIme	existing-unreviewed		0
sh_offset	shoffset	shoffset	existing-unreviewed		0
sh_size	shVeličina	shVeličina	existing-unreviewed		0
sh_type	shVrsta	shVrsta	existing-unreviewed		0
shift	shift	shift	existing-unreviewed		0
signature	signature	signature	existing-unreviewed		0
size	veličina	veličina	existing-unreviewed		0
sl	sl	sl	existing-unreviewed		0
sockDatagram	sockdatagram	sockdatagram	existing-unreviewed		0
socket	utorsocket	utorsocket	existing-unreviewed		0
socketAddress	utorsocketaddress	utorsocketaddress	existing-unreviewed		0
socketAddressIPv4	utorsocketaddressipv4	utorsocketaddressipv4	existing-unreviewed		0
socketBind	utorsocketbind	utorsocketbind	existing-unreviewed		0
socketCallArgument	utorsocketcallargument	utorsocketcallargument	existing-unreviewed		0
socketConnect	utorsocketSpojise	utorsocketSpojise	existing-unreviewed		0
socketForFD	utorsocketforfd	utorsocketforfd	existing-unreviewed		0
socketIndex	utorsocketKazalo	utorsocketKazalo	existing-unreviewed		0
socketPacket	utorsocketpacket	utorsocketpacket	existing-unreviewed		0
socketReceiveFrom	utorsocketreceivefrom	utorsocketreceivefrom	existing-unreviewed		0
socketSendTo	utorsocketPošaljito	utorsocketPošaljito	existing-unreviewed		0
socketType	utorsocketVrsta	utorsocketVrsta	existing-unreviewed		0
sockets	sockets	sockets	existing-unreviewed		0
softName	softIme	softIme	existing-unreviewed		0
source	izvor	izvor	existing-unreviewed		0
sourceAddress	izvoraddress	izvoraddress	existing-unreviewed		0
sourceLengthAddress	izvorDužinaaddress	izvorDužinaaddress	existing-unreviewed		0
src	izvor_2	izvor_2	existing-unreviewed		0
srcEntry	izvorentry	izvorentry	existing-unreviewed		0
srcIP	izvoripaddress	izvoripaddress	existing-unreviewed		0
srcIP_BE	izvoripaddressMrežabyteorder	izvoripaddressMrežabyteorder	existing-unreviewed		0
srcMAC	izvormacaddress	izvormacaddress	existing-unreviewed		0
srcMAC_BE	izvormacbe	izvormacbe	existing-unreviewed		0
srcPageDir	izvorStranicaDirektorij	izvorStranicaDirektorij	existing-unreviewed		0
srcPde	izvorpde	izvorpde	existing-unreviewed		0
srcPdeAddr	izvorpdeaddress	izvorpdeaddress	existing-unreviewed		0
srcPort	izvorportBROJ	izvorportBROJ	pending-language-review	source_port	0
srcPt	izvorpt	izvorpt	existing-unreviewed		0
srcptr	srcptr	srcptr	existing-unreviewed		0
ss	ss	ss	existing-unreviewed		0
ss0	ss0	ss0	existing-unreviewed		0
ss1	ss1	ss1	existing-unreviewed		0
ss2	ss2	ss2	existing-unreviewed		0
st	st	st	existing-unreviewed		0
st_info	stInformacije	stInformacije	existing-unreviewed		0
st_name	stIme	stIme	existing-unreviewed		0
st_other	stOstalo	stOstalo	existing-unreviewed		0
st_shndx	stshndx	stshndx	existing-unreviewed		0
st_size	stVeličina	stVeličina	existing-unreviewed		0
st_value	stVrijednost	stVrijednost	existing-unreviewed		0
stack	stack	stack	pending-language-review	stack	0
stackBytes	stackBajtova	stackBajtova	existing-unreviewed		0
stackPtr	stackPokazivač	stackPokazivač	existing-unreviewed		0
stack_addr	stackaddress	stackaddress	existing-unreviewed		0
stackbottom	stackbottom	stackbottom	existing-unreviewed		0
stacktop	stacktop	stacktop	existing-unreviewed		0
start	pokreni	pokreni	existing-unreviewed		0
startOffset	pokrenioffset	pokrenioffset	existing-unreviewed		0
start_cylinder	pokrenicylinder	pokrenicylinder	existing-unreviewed		0
start_head	pokrenihead	pokrenihead	existing-unreviewed		0
start_sector	pokrenisector	pokrenisector	existing-unreviewed		0
startingBit	startingbit	startingbit	existing-unreviewed		0
stat	stat	stat	existing-unreviewed		0
statAddr	stataddress	stataddress	existing-unreviewed		0
status	stanje	stanje	existing-unreviewed		0
statusAddr	stanjeaddress	stanjeaddress	existing-unreviewed		0
stderrFD	stderrfd	stderrfd	existing-unreviewed		0
stdinBuffer	stdinbuffer	stdinbuffer	existing-unreviewed		0
stdinFD	stdinfd	stdinfd	existing-unreviewed		0
stdinGetBlocking	stdingetblocking	stdingetblocking	existing-unreviewed		0
stdinRead	stdinČitaj	stdinČitaj	existing-unreviewed		0
stdinWrite	stdinZapiši	stdinZapiši	existing-unreviewed		0
stdoutFD	stdoutfd	stdoutfd	existing-unreviewed		0
stoppedThread	zaustavljenthread	zaustavljenthread	existing-unreviewed		0
str	str	str	existing-unreviewed		0
stringAddress	znakovninizaddress	znakovninizaddress	existing-unreviewed		0
stringHeader	znakovninizheader	znakovninizheader	existing-unreviewed		0
strtab	strtab	strtab	existing-unreviewed		0
subclass_id	subclassIdentifikacija	subclassIdentifikacija	existing-unreviewed		0
subnetMask	subnetMaska	subnetMaska	existing-unreviewed		0
swapUint16	swapunsignedinteger16	swapunsignedinteger16	existing-unreviewed		0
switchForced	switchforced	switchforced	existing-unreviewed		0
sysAccess	syspristup	syspristup	existing-unreviewed		0
sysBrk	sysbrk	sysbrk	existing-unreviewed		0
sysCall	syscall	syscall	existing-unreviewed		0
sysChdir	syschdir	syschdir	existing-unreviewed		0
sysClose	sysZatvori	sysZatvori	existing-unreviewed		0
sysDup	sysdup	sysdup	existing-unreviewed		0
sysDup2	sysdup2	sysdup2	existing-unreviewed		0
sysExecve	sysexecve	sysexecve	existing-unreviewed		0
sysExit	sysIzađi	sysIzađi	existing-unreviewed		0
sysFcntl	sysfcntl	sysfcntl	existing-unreviewed		0
sysFork	sysfork	sysfork	existing-unreviewed		0
sysFstat	sysfstat	sysfstat	existing-unreviewed		0
sysFsync	sysfsync	sysfsync	existing-unreviewed		0
sysGetcwd	sysgetcwd	sysgetcwd	existing-unreviewed		0
sysLseek	syslseek	syslseek	existing-unreviewed		0
sysOpen	sysOtvori	sysOtvori	existing-unreviewed		0
sysRead	sysČitaj	sysČitaj	existing-unreviewed		0
sysSocketCall	sysUtorsocketcall	sysUtorsocketcall	existing-unreviewed		0
sysStat	sysstat	sysstat	existing-unreviewed		0
sysUname	sysuname	sysuname	existing-unreviewed		0
sysWaitpid	syswaitpid	syswaitpid	existing-unreviewed		0
sysWrite	sysZapiši	sysZapiši	existing-unreviewed		0
syscallError	syscallGreška	syscallGreška	existing-unreviewed		0
syscallID	syscallIdentifikacija	syscallIdentifikacija	existing-unreviewed		0
systemcall	sustavcall	sustavcall	existing-unreviewed		0
table	tablica	tablica	existing-unreviewed		0
tableSize	tablicaVeličina	tablicaVeličina	existing-unreviewed		0
tail	tail	tail	existing-unreviewed		0
task	zadatak	zadatak	existing-unreviewed		0
taskA	zadataka	zadataka	existing-unreviewed		0
taskB	zadatakb	zadatakb	existing-unreviewed		0
taskC	zadatakc	zadatakc	existing-unreviewed		0
taskD	zadatakd	zadatakd	existing-unreviewed		0
taskD0	zadatakd0	zadatakd0	existing-unreviewed		0
taskD1	zadatakd1	zadatakd1	existing-unreviewed		0
taskManager	zadatakmanager	zadatakmanager	existing-unreviewed		0
tasks	zadaci	zadaci	existing-unreviewed		0
temp	temporary	temporary	existing-unreviewed		0
terminated	terminated	terminated	existing-unreviewed		0
text	tekst	tekst	existing-unreviewed		0
textPtr	tekstPokazivač	tekstPokazivač	existing-unreviewed		0
text_len	tekstlen	tekstlen	existing-unreviewed		0
text_mode_check_fb_move	tekstNAČINcheckfbPremjesti	tekstNAČINcheckfbPremjesti	existing-unreviewed		0
text_mode_disable_cursor	tekstNAČINOnemogućiPokazivač	tekstNAČINOnemogućiPokazivač	existing-unreviewed		0
text_mode_enable_cursor	tekstNAČINenablePokazivač	tekstNAČINenablePokazivač	existing-unreviewed		0
text_mode_error_writer	tekstNAČINGreškawriter	tekstNAČINGreškawriter	existing-unreviewed		0
text_mode_flush_screen	tekstNAČINflushZaslon	tekstNAČINflushZaslon	existing-unreviewed		0
text_mode_init	tekstNAČINinit	tekstNAČINinit	existing-unreviewed		0
text_mode_print	tekstNAČINIspis	tekstNAČINIspis	existing-unreviewed		0
text_mode_print_bytes	tekstNAČINIspisBajtova	tekstNAČINIspisBajtova	existing-unreviewed		0
text_mode_print_char	tekstNAČINIspischar	tekstNAČINIspischar	existing-unreviewed		0
text_mode_print_char_col	tekstNAČINIspischarcol	tekstNAČINIspischarcol	existing-unreviewed		0
text_mode_print_col	tekstNAČINIspiscol	tekstNAČINIspiscol	existing-unreviewed		0
text_mode_print_error	tekstNAČINIspisGreška	tekstNAČINIspisGreška	existing-unreviewed		0
text_mode_print_error_bytes	tekstNAČINIspisGreškaBajtova	tekstNAČINIspisGreškaBajtova	existing-unreviewed		0
text_mode_print_errorln	tekstNAČINIspiserrorln	tekstNAČINIspiserrorln	existing-unreviewed		0
text_mode_print_hex	tekstNAČINIspisHeks	tekstNAČINIspisHeks	existing-unreviewed		0
text_mode_print_hex16	tekstNAČINIspisHeks16	tekstNAČINIspisHeks16	existing-unreviewed		0
text_mode_print_hex32	tekstNAČINIspisHeks32	tekstNAČINIspisHeks32	existing-unreviewed		0
text_mode_print_hex64	tekstNAČINIspisHeks64	tekstNAČINIspisHeks64	existing-unreviewed		0
text_mode_print_hex_char	tekstNAČINIspisHekschar	tekstNAČINIspisHekschar	existing-unreviewed		0
text_mode_println	tekstNAČINprintln	tekstNAČINprintln	existing-unreviewed		0
text_mode_println_col	tekstNAČINprintlncol	tekstNAČINprintlncol	existing-unreviewed		0
text_mode_update_cursor	tekstNAČINAžurirajPokazivač	tekstNAČINAžurirajPokazivač	existing-unreviewed		0
text_mode_writer	tekstNAČINwriter	tekstNAČINwriter	existing-unreviewed		0
thr2	thr2	thr2	existing-unreviewed		0
thr3	thr3	thr3	existing-unreviewed		0
thr4	thr4	thr4	existing-unreviewed		0
thread	thread	thread	existing-unreviewed		0
threadExitLoop	threadIzađiloop	threadIzađiloop	existing-unreviewed		0
threadHelper	threadhelper	threadhelper	existing-unreviewed		0
threadPtr	threadPokazivač	threadPokazivač	existing-unreviewed		0
tickCount	tickcount	tickcount	existing-unreviewed		0
timeDelta	vrijemedelta	vrijemedelta	existing-unreviewed		0
timeToLive	vrijemetolive	vrijemetolive	existing-unreviewed		0
timer	timer	timer	existing-unreviewed		0
tls	tls	tls	existing-unreviewed		0
tmp	tmp	tmp	existing-unreviewed		0
tmpPtr	tmpPokazivač	tmpPokazivač	existing-unreviewed		0
tos	tos	tos	existing-unreviewed		0
totalLength	ukupnoDužina	ukupnoDužina	existing-unreviewed		0
totalSectorCount	ukupnosectorcount	ukupnosectorcount	existing-unreviewed		0
totalSectors	ukupnosectors	ukupnosectors	existing-unreviewed		0
trap	trap	trap	existing-unreviewed		0
tss	tss	tss	existing-unreviewed		0
tssIndex	tssKazalo	tssKazalo	existing-unreviewed		0
udp	udp	udp	existing-unreviewed		0
udpHandler	udphandler	udphandler	existing-unreviewed		0
udpHeaderSize	udpheaderVeličina	udpheaderVeličina	existing-unreviewed		0
udpProvider	udpprovider	udpprovider	existing-unreviewed		0
udp콘솔	udpconsole	udpconsole	existing-unreviewed		0
unused	nekorišteno	nekorišteno	existing-unreviewed		0
used	iskorišteno	iskorišteno	existing-unreviewed		0
usedBlocks	iskorištenoBlokiraj	iskorištenoBlokiraj	existing-unreviewed		0
user1addr	korisnik1address	korisnik1address	existing-unreviewed		0
user1data	korisnik1data	korisnik1data	existing-unreviewed		0
user1entry	korisnik1entry	korisnik1entry	existing-unreviewed		0
user1file	korisnik1Datoteka	korisnik1Datoteka	existing-unreviewed		0
user2addr	korisnik2address	korisnik2address	existing-unreviewed		0
user2data	korisnik2data	korisnik2data	existing-unreviewed		0
user2entry	korisnik2entry	korisnik2entry	existing-unreviewed		0
user2file	korisnik2Datoteka	korisnik2Datoteka	existing-unreviewed		0
user3addr	korisnik3address	korisnik3address	existing-unreviewed		0
user3data	korisnik3data	korisnik3data	existing-unreviewed		0
user3entry	korisnik3entry	korisnik3entry	existing-unreviewed		0
user3file	korisnik3Datoteka	korisnik3Datoteka	existing-unreviewed		0
userHeapBase	korisnikheapbase	korisnikheapbase	existing-unreviewed		0
userHeapLimit	korisnikheapOgraničenje	korisnikheapOgraničenje	existing-unreviewed		0
user_esp	korisnikesp	korisnikesp	existing-unreviewed		0
userhandler	userhandler	userhandler	existing-unreviewed		0
userproc_entry	userprocentry	userprocentry	existing-unreviewed		0
util	util	util	existing-unreviewed		0
util콘솔	utilconsole	utilconsole	existing-unreviewed		0
v	v	v	existing-unreviewed		0
vAddr	vaddress	vaddress	existing-unreviewed		0
value	vrijednost	vrijednost	existing-unreviewed		0
values	vrijednosti	vrijednosti	existing-unreviewed		0
version	inačica	inačica	existing-unreviewed		0
vga	vga	vga	existing-unreviewed		0
virtlen	virtlen	virtlen	existing-unreviewed		0
virtmem	virtualnoMemorija	virtualnoMemorija	existing-unreviewed		0
virtualAddr	virtualnoaddress	virtualnoaddress	existing-unreviewed		0
volumeId	glasnoćaIdentifikacija	glasnoćaIdentifikacija	existing-unreviewed		0
volumeLabel	glasnoćaNatpis	glasnoćaNatpis	existing-unreviewed		0
w	w	w	existing-unreviewed		0
wDate	wDatum	wDatum	existing-unreviewed		0
wTime	wVrijeme	wVrijeme	existing-unreviewed		0
waitPS2InputEmpty	čekajps2UlazPrazno	čekajps2UlazPrazno	existing-unreviewed		0
waitPS2OutputFull	čekajps2IzlazPun	čekajps2IzlazPun	existing-unreviewed		0
wdata	wdata	wdata	existing-unreviewed		0
whence	whence	whence	existing-unreviewed		0
widget	widget	widget	existing-unreviewed		0
width	širina	širina	existing-unreviewed		0
writePS2Command	zapišips2Naredba	zapišips2Naredba	existing-unreviewed		0
writePS2Data	zapišips2data	zapišips2data	existing-unreviewed		0
write_count	zapišicount	zapišicount	existing-unreviewed		0
x	x	x	existing-unreviewed		0
xPageDir	xStranicaDirektorij	xStranicaDirektorij	existing-unreviewed		0
xPos	xPozicija	xPozicija	existing-unreviewed		0
y	y	y	existing-unreviewed		0
yPageDir	yStranicaDirektorij	yStranicaDirektorij	existing-unreviewed		0
yPos	yPozicija	yPozicija	existing-unreviewed		0
값	vrijednost_2	vrijednost_2	existing-unreviewed		0
공용서술자테이블	shareddescriptorTablica	shareddescriptorTablica	existing-unreviewed		0
기준	base_2	base_2	existing-unreviewed		0
기준_낮은	baseNIsko_2	baseNIsko_2	existing-unreviewed		0
기준_높은	baseVisoko_2	baseVisoko_2	existing-unreviewed		0
기준_매우높은	baseveryVisoko	baseveryVisoko	existing-unreviewed		0
기준주소	baseaddress	baseaddress	existing-unreviewed		0
넷카드콘솔	mrežaKarteconsole	mrežaKarteconsole	existing-unreviewed		0
단말기	terminal	terminal	existing-unreviewed		0
마우스콘솔	mišconsole	mišconsole	existing-unreviewed		0
매개값	argumentVrijednost	argumentVrijednost	existing-unreviewed		0
멈추기	halt	halt	existing-unreviewed		0
목적	odredište_3	odredište_3	existing-unreviewed		0
유형	vrsta	vrsta	existing-unreviewed		0
이더넷콘솔	ethernetconsole	ethernetconsole	existing-unreviewed		0
인터럽트무시하기	prekidignore	prekidignore	existing-unreviewed		0
인터럽트예외처리기	prekidexceptionhandler	prekidexceptionhandler	existing-unreviewed		0
인터럽트예외처리기0x00	prekidexceptionhandler0x00	prekidexceptionhandler0x00	existing-unreviewed		0
인터럽트예외처리기0x01	prekidexceptionhandler0x01	prekidexceptionhandler0x01	existing-unreviewed		0
인터럽트예외처리기0x02	prekidexceptionhandler0x02	prekidexceptionhandler0x02	existing-unreviewed		0
인터럽트예외처리기0x03	prekidexceptionhandler0x03	prekidexceptionhandler0x03	existing-unreviewed		0
인터럽트예외처리기0x04	prekidexceptionhandler0x04	prekidexceptionhandler0x04	existing-unreviewed		0
인터럽트예외처리기0x05	prekidexceptionhandler0x05	prekidexceptionhandler0x05	existing-unreviewed		0
인터럽트예외처리기0x06	prekidexceptionhandler0x06	prekidexceptionhandler0x06	existing-unreviewed		0
인터럽트예외처리기0x07	prekidexceptionhandler0x07	prekidexceptionhandler0x07	existing-unreviewed		0
인터럽트예외처리기0x08	prekidexceptionhandler0x08	prekidexceptionhandler0x08	existing-unreviewed		0
인터럽트예외처리기0x09	prekidexceptionhandler0x09	prekidexceptionhandler0x09	existing-unreviewed		0
인터럽트예외처리기0x0A	prekidexceptionhandler0x0a	prekidexceptionhandler0x0a	existing-unreviewed		0
인터럽트예외처리기0x0B	prekidexceptionhandler0x0b	prekidexceptionhandler0x0b	existing-unreviewed		0
인터럽트예외처리기0x0C	prekidexceptionhandler0x0c	prekidexceptionhandler0x0c	existing-unreviewed		0
인터럽트예외처리기0x0D	prekidexceptionhandler0x0d	prekidexceptionhandler0x0d	existing-unreviewed		0
인터럽트예외처리기0x0E	prekidexceptionhandler0x0e	prekidexceptionhandler0x0e	existing-unreviewed		0
인터럽트예외처리기0x0F	prekidexceptionhandler0x0f	prekidexceptionhandler0x0f	existing-unreviewed		0
인터럽트예외처리기0x10	prekidexceptionhandler0x10	prekidexceptionhandler0x10	existing-unreviewed		0
인터럽트예외처리기0x11	prekidexceptionhandler0x11	prekidexceptionhandler0x11	existing-unreviewed		0
인터럽트예외처리기0x12	prekidexceptionhandler0x12	prekidexceptionhandler0x12	existing-unreviewed		0
인터럽트예외처리기0x13	prekidexceptionhandler0x13	prekidexceptionhandler0x13	existing-unreviewed		0
인터럽트요청처리0x00	prekidrequesthandler0x00	prekidrequesthandler0x00	existing-unreviewed		0
인터럽트요청처리0x01	prekidrequesthandler0x01	prekidrequesthandler0x01	existing-unreviewed		0
인터럽트요청처리0x02	prekidrequesthandler0x02	prekidrequesthandler0x02	existing-unreviewed		0
인터럽트요청처리0x03	prekidrequesthandler0x03	prekidrequesthandler0x03	existing-unreviewed		0
인터럽트요청처리0x04	prekidrequesthandler0x04	prekidrequesthandler0x04	existing-unreviewed		0
인터럽트요청처리0x05	prekidrequesthandler0x05	prekidrequesthandler0x05	existing-unreviewed		0
인터럽트요청처리0x06	prekidrequesthandler0x06	prekidrequesthandler0x06	existing-unreviewed		0
인터럽트요청처리0x07	prekidrequesthandler0x07	prekidrequesthandler0x07	existing-unreviewed		0
인터럽트요청처리0x08	prekidrequesthandler0x08	prekidrequesthandler0x08	existing-unreviewed		0
인터럽트요청처리0x09	prekidrequesthandler0x09	prekidrequesthandler0x09	existing-unreviewed		0
인터럽트요청처리0x0A	prekidrequesthandler0x0a	prekidrequesthandler0x0a	existing-unreviewed		0
인터럽트요청처리0x0B	prekidrequesthandler0x0b	prekidrequesthandler0x0b	existing-unreviewed		0
인터럽트요청처리0x0C	prekidrequesthandler0x0c	prekidrequesthandler0x0c	existing-unreviewed		0
인터럽트요청처리0x0D	prekidrequesthandler0x0d	prekidrequesthandler0x0d	existing-unreviewed		0
인터럽트요청처리0x0E	prekidrequesthandler0x0e	prekidrequesthandler0x0e	existing-unreviewed		0
인터럽트요청처리0x0F	prekidrequesthandler0x0f	prekidrequesthandler0x0f	existing-unreviewed		0
인터럽트요청처리0x80	prekidrequesthandler0x80	prekidrequesthandler0x80	existing-unreviewed		0
인터럽트요청처리0x81	prekidrequesthandler0x81	prekidrequesthandler0x81	existing-unreviewed		0
인터럽트요청처리0x82	prekidrequesthandler0x82	prekidrequesthandler0x82	existing-unreviewed		0
인터럽트처리기	prekidhandler_2	prekidhandler_2	existing-unreviewed		0
임시	temporary_2	temporary_2	existing-unreviewed		0
자료	data_2	data_2	existing-unreviewed		0
자신	sam_2	sam_2	existing-unreviewed		0
작업관리자	zadatakmanager_2	zadatakmanager_2	existing-unreviewed		0
작업콘솔	zadatakconsole	zadatakconsole	existing-unreviewed		0
조각설명자	segmentdescriptor	segmentdescriptor	existing-unreviewed		0
콘솔	console_2	console_2	existing-unreviewed		0
크기	veličina_2	veličina_2	existing-unreviewed		0
키보드콘솔	tipkovnicaconsole	tipkovnicaconsole	existing-unreviewed		0
표시들	zastavice_2	zastavice_2	existing-unreviewed		0
표시들_한도_높은	zastaviceOgraničenjeVisoko	zastaviceOgraničenjeVisoko	existing-unreviewed		0
한도	ograničenje_2	ograničenje_2	existing-unreviewed		0
한도_낮은	ograničenjeNIsko_2	ograničenjeNIsko_2	existing-unreviewed		0
