original	before	after	review_status	concept	changed_tokens
Activate	Aktivo	Aktivo	existing-unreviewed		0
ActivateAll	Aktivokrejt	Aktivokrejt	existing-unreviewed		0
Active	Aktiv	Aktiv	existing-unreviewed		0
ActiveInterruptManager	AktivinterruptManazhuesi	AktivinterruptManazhuesi	existing-unreviewed		0
ActiveMemoryManager	AktivMemoriaManazhuesi	AktivMemoriaManazhuesi	existing-unreviewed		0
Add	Shto	Shto	existing-unreviewed		0
AddDriver	Shtodriver	Shtodriver	existing-unreviewed		0
AddRunnableThread	Shtorunnablethread	Shtorunnablethread	existing-unreviewed		0
AddTask	ShtoProces	ShtoProces	existing-unreviewed		0
AddThread	Shtothread	Shtothread	existing-unreviewed		0
Address	Address	Address	existing-unreviewed		0
AlignedMalloc	Alignedmalloc	Alignedmalloc	existing-unreviewed		0
AlignmentCheck	Alignmentcheck	Alignmentcheck	existing-unreviewed		0
AllocateBlock	Allocateblock	Allocateblock	existing-unreviewed		0
AllocatePID	Allocatepid	Allocatepid	existing-unreviewed		0
AmountOfMemory	SasiangaMemoria	SasiangaMemoria	existing-unreviewed		0
ArrayToUint16	Rreshtimitounsignedinteger16	Rreshtimitounsignedinteger16	existing-unreviewed		0
ArrayToUint32	Rreshtimitounsignedinteger32	Rreshtimitounsignedinteger32	existing-unreviewed		0
ArrayToUint48	Rreshtimitounsignedinteger48	Rreshtimitounsignedinteger48	existing-unreviewed		0
ArrayToUint48_BE	Rreshtimitounsignedinteger48be	Rreshtimitounsignedinteger48be	existing-unreviewed		0
ArrayToUint64	Rreshtimitounsignedinteger64	Rreshtimitounsignedinteger64	existing-unreviewed		0
Atime	Atime	Atime	existing-unreviewed		0
AtimeNsec	Atimensec	Atimensec	existing-unreviewed		0
BLOCKS_PER_BYTE	Blockperbyte	Blockperbyte	existing-unreviewed		0
BLOCK_SIZE	BlockMadhësia	BlockMadhësia	existing-unreviewed		0
Backend	Backend	Backend	existing-unreviewed		0
BaseAddr	Baseaddress	Baseaddress	existing-unreviewed		0
Bind	Bind	Bind	existing-unreviewed		0
Blksize	Blksize	Blksize	existing-unreviewed		0
Blocked	Blocked	Blocked	existing-unreviewed		0
BlockedState	BlockedGjendje	BlockedGjendje	existing-unreviewed		0
Blocks	Block	Block	existing-unreviewed		0
BoundRangeExceeded	BoundIntervalexceeded	BoundIntervalexceeded	existing-unreviewed		0
BroadcastMacAddress	Broadcastmacaddress	Broadcastmacaddress	existing-unreviewed		0
BytesPerSector	Bytespersector	Bytespersector	existing-unreviewed		0
BytesToString	Bytestovarg	Bytestovarg	existing-unreviewed		0
Checksum	Checksum	Checksum	existing-unreviewed		0
Clear	Pastro	Pastro	existing-unreviewed		0
Clone	Clone	Clone	existing-unreviewed		0
CloneAddressSpaceCOW	CloneaddressHapësiracow	CloneaddressHapësiracow	existing-unreviewed		0
Connect	Lidhu	Lidhu	existing-unreviewed		0
ContainsCoordinate	Containscoordinate	Containscoordinate	existing-unreviewed		0
CopyPageFrameBlock	KopjofaqeKornizëblock	KopjofaqeKornizëblock	existing-unreviewed		0
CpuState	CpuGjendje	CpuGjendje	existing-unreviewed		0
Create	Create	Create	existing-unreviewed		0
CreateFromData	Createfromdata	Createfromdata	existing-unreviewed		0
CreateFromFunction	CreatefromFunksion	CreatefromFunksion	existing-unreviewed		0
CreatePtrFromFunction	CreateKursorifromFunksion	CreateKursorifromFunksion	existing-unreviewed		0
Cs	Cs	Cs	existing-unreviewed		0
Ctime	Ctime	Ctime	existing-unreviewed		0
CtimeNsec	Ctimensec	Ctimensec	existing-unreviewed		0
CurrentPID	Etanishmepid	Etanishmepid	existing-unreviewed		0
CurrentParentPID	Etanishmeprindpid	Etanishmeprindpid	existing-unreviewed		0
Data	Data	Data	compatibility		0
Deactivate	Çaktivo	Çaktivo	existing-unreviewed		0
Deactive	Deactive	Deactive	existing-unreviewed		0
Decrement	Decrement	Decrement	existing-unreviewed		0
Delete	Elemino	Elemino	existing-unreviewed		0
DescriptorPrivilegeLevel	Descriptorprivilegelevel	Descriptorprivilegelevel	existing-unreviewed		0
DescriptorType	DescriptorLloji	DescriptorLloji	existing-unreviewed		0
Destroy	Shkatërroje	Shkatërroje	existing-unreviewed		0
Dev	Dispozitivi	Dispozitivi	existing-unreviewed		0
DeviceHasFunctions	DispozitivihasFunksionet	DispozitivihasFunksionet	existing-unreviewed		0
DeviceNotAvailable	DispozitivinotNëdispozicion	DispozitivinotNëdispozicion	existing-unreviewed		0
Device_id	Dispozitiviid	Dispozitiviid	existing-unreviewed		0
DisableInt	Disableint	Disableint	existing-unreviewed		0
Disconnect	Shkëputu	Shkëputu	existing-unreviewed		0
DivideByZero	Dividebyzero	Dividebyzero	existing-unreviewed		0
DoHandleInterrupt	Dohandleinterrupt	Dohandleinterrupt	existing-unreviewed		0
DoubleFault	Doublefault	Doublefault	existing-unreviewed		0
Draw	Draw	Draw	existing-unreviewed		0
DriverManager	DriverManazhuesi	DriverManazhuesi	existing-unreviewed		0
Ds	Ds	Ds	existing-unreviewed		0
Dynamic	Dynamic	Dynamic	existing-unreviewed		0
E2BIG	E2big	E2big	existing-unreviewed		0
EACCES	Eacces	Eacces	existing-unreviewed		0
EADDRINUSE	Eaddrinuse	Eaddrinuse	existing-unreviewed		0
EAFNOSUPPORT	Eafnosupport	Eafnosupport	existing-unreviewed		0
EAGAIN	Eagain	Eagain	existing-unreviewed		0
EBADF	Ebadf	Ebadf	existing-unreviewed		0
EBUSY	Ebusy	Ebusy	existing-unreviewed		0
ECHILD	Echild	Echild	existing-unreviewed		0
EEXIST	Eexist	Eexist	existing-unreviewed		0
EFAULT	Efault	Efault	existing-unreviewed		0
EFBIG	Efbig	Efbig	existing-unreviewed		0
EINTR	Eintr	Eintr	existing-unreviewed		0
EINVAL	Einval	Einval	existing-unreviewed		0
EIO	Eio	Eio	existing-unreviewed		0
EISDIR	Eisdir	Eisdir	existing-unreviewed		0
EMFILE	Emfile	Emfile	existing-unreviewed		0
EMSGSIZE	Emsgsize	Emsgsize	existing-unreviewed		0
ENETUNREACH	Enetunreach	Enetunreach	existing-unreviewed		0
ENFILE	Enfile	Enfile	existing-unreviewed		0
ENODEV	Enodev	Enodev	existing-unreviewed		0
ENOENT	Enoent	Enoent	existing-unreviewed		0
ENOEXEC	Enoexec	Enoexec	existing-unreviewed		0
ENOMEM	Enomem	Enomem	existing-unreviewed		0
ENOSPC	Enospc	Enospc	existing-unreviewed		0
ENOSYS	Enosys	Enosys	existing-unreviewed		0
ENOTCONN	Enotconn	Enotconn	existing-unreviewed		0
ENOTDIR	Enotdir	Enotdir	existing-unreviewed		0
ENOTTY	Enotty	Enotty	existing-unreviewed		0
EOPNOTSUPP	Eopnotsupp	Eopnotsupp	existing-unreviewed		0
EPERM	Eperm	Eperm	existing-unreviewed		0
EPROTONOSUPPORT	Eprotonosupport	Eprotonosupport	existing-unreviewed		0
ERANGE	Erange	Erange	existing-unreviewed		0
EROFS	Erofs	Erofs	existing-unreviewed		0
ESPIPE	Espipe	Espipe	existing-unreviewed		0
ESRCH	Esrch	Esrch	existing-unreviewed		0
Eax	Eax	Eax	existing-unreviewed		0
Ebp	Ebp	Ebp	existing-unreviewed		0
Ebx	Ebx	Ebx	existing-unreviewed		0
Ecx	Ecx	Ecx	existing-unreviewed		0
Edi	Edi	Edi	existing-unreviewed		0
Edx	Edx	Edx	existing-unreviewed		0
Eflags	Eflags	Eflags	existing-unreviewed		0
Eip	Eip	Eip	existing-unreviewed		0
Elf	Elf	Elf	existing-unreviewed		0
Elf32Dyn	Elf32dyn	Elf32dyn	existing-unreviewed		0
Elf32Note	Elf32Shënim	Elf32Shënim	existing-unreviewed		0
Elf32Rel	Elf32rel	Elf32rel	existing-unreviewed		0
Elf32Rela	Elf32rela	Elf32rela	existing-unreviewed		0
Elf32Sym	Elf32sym	Elf32sym	existing-unreviewed		0
ElfHeader	Elfheader	Elfheader	existing-unreviewed		0
ElfProgramHeader	ElfProgramiheader	ElfProgramiheader	existing-unreviewed		0
ElfSectionHeader	Elfsectionheader	Elfsectionheader	existing-unreviewed		0
EnablePaging	Enablepaging	Enablepaging	existing-unreviewed		0
Enabled	Aktivuar	Aktivuar	existing-unreviewed		0
EntryNumber	Entrynumber	Entrynumber	existing-unreviewed		0
EqualBytes	Barasbytes	Barasbytes	existing-unreviewed		0
Es	Es	Es	existing-unreviewed		0
Esi	Esi	Esi	existing-unreviewed		0
Esp	Esp	Esp	existing-unreviewed		0
FPUBuffer	Fpubuffer	Fpubuffer	existing-unreviewed		0
FPUOffset	Fpuoffset	Fpuoffset	existing-unreviewed		0
Family	Family	Family	existing-unreviewed		0
FileName	KartelëEmri	KartelëEmri	existing-unreviewed		0
Fill	Fill	Fill	existing-unreviewed		0
FillRectangle	FillDrejtkëndësh	FillDrejtkëndësh	existing-unreviewed		0
First	First	First	existing-unreviewed		0
FirstFree	FirstElirë	FirstElirë	existing-unreviewed		0
FirstFreeSize	FirstElirëMadhësia	FirstElirëMadhësia	existing-unreviewed		0
Flags	Flamurka	Flamurka	existing-unreviewed		0
FloatingPointException	Pezullpointexception	Pezullpointexception	existing-unreviewed		0
Flush	Flush	Flush	existing-unreviewed		0
FlushTlsTable	FlushtlsTabela	FlushtlsTabela	existing-unreviewed		0
Focussable	Focussable	Focussable	existing-unreviewed		0
Free	Elirë	Elirë	existing-unreviewed		0
Fs	Fs	Fs	existing-unreviewed		0
GB	Gb	Gb	existing-unreviewed		0
GDT_ENTRIES	Gdtentry	Gdtentry	existing-unreviewed		0
GOT	Got	Got	existing-unreviewed		0
GPFException	Gpfexception	Gpfexception	existing-unreviewed		0
GatewayIP	Gatewayip	Gatewayip	existing-unreviewed		0
GdtAddressHigh	GdtaddressLartë	GdtaddressLartë	existing-unreviewed		0
GdtAddressLow	GdtaddressUlët	GdtaddressUlët	existing-unreviewed		0
GdtDescriptor	Gdtdescriptor	Gdtdescriptor	existing-unreviewed		0
GdtEntry	Gdtentry_2	Gdtentry_2	existing-unreviewed		0
GdtSize	GdtMadhësia	GdtMadhësia	existing-unreviewed		0
GetAt	Getat	Getat	existing-unreviewed		0
GetBackend	Getbackend	Getbackend	existing-unreviewed		0
GetBaseAddressRegister	Getbaseaddressregister	Getbaseaddressregister	existing-unreviewed		0
GetBitmaspSize	GetbitmaspMadhësia	GetbitmaspMadhësia	existing-unreviewed		0
GetBytesFromPtr	GetbytesfromKursori	GetbytesfromKursori	existing-unreviewed		0
GetCR0	Getcr0	Getcr0	existing-unreviewed		0
GetCR2	Getcr2	Getcr2	existing-unreviewed		0
GetCR3	Getcr3	Getcr3	existing-unreviewed		0
GetCR4	Getcr4	Getcr4	existing-unreviewed		0
GetColorIndex	GetNgjyraTreguesi	GetNgjyraTreguesi	existing-unreviewed		0
GetDeviceDescriptor	GetDispozitividescriptor	GetDispozitividescriptor	existing-unreviewed		0
GetDriver	Getdriver	Getdriver	existing-unreviewed		0
GetESP0	Getesp0	Getesp0	existing-unreviewed		0
GetEntry	Getentry	Getentry	existing-unreviewed		0
GetFileSize	GetKartelëMadhësia	GetKartelëMadhësia	existing-unreviewed		0
GetFocus	GetFokus	GetFokus	existing-unreviewed		0
GetFrameBufferSegment	GetKornizëbuffersegment	GetKornizëbuffersegment	existing-unreviewed		0
GetFuncPtrFromPtr	GetfuncKursorifromKursori	GetfuncKursorifromKursori	existing-unreviewed		0
GetFunctionName	GetFunksionEmri	GetFunksionEmri	existing-unreviewed		0
GetHandler	Gethandler	Gethandler	existing-unreviewed		0
GetIPAddress	Getipaddress	Getipaddress	existing-unreviewed		0
GetMACAddress	Getmacaddress	Getmacaddress	existing-unreviewed		0
GetMACFromCache	Getmacfromcache	Getmacfromcache	existing-unreviewed		0
GetNextReadyThread	GetPasuesenGatithread	GetPasuesenGatithread	existing-unreviewed		0
GetNodeAt	GetNyjeat	GetNyjeat	existing-unreviewed		0
GetProvider	Providerget	Providerget	existing-unreviewed		0
GetSS0	Getss0	Getss0	existing-unreviewed		0
GetStr	Getstr	Getstr	existing-unreviewed		0
GetUint32ArrayFromPtr	Getunsignedinteger32RreshtimifromKursori	Getunsignedinteger32RreshtimifromKursori	existing-unreviewed		0
GetUintptrArrayFromPtr	GetunsignedintegerKursoriRreshtimifromKursori	GetunsignedintegerKursoriRreshtimifromKursori	existing-unreviewed		0
GetValue	GetVlera	GetVlera	existing-unreviewed		0
GetValueInPageDir	GetVleraZmadhofaqeDosje	GetVleraZmadhofaqeDosje	existing-unreviewed		0
Gid	Gid	Gid	existing-unreviewed		0
Gs	Gs	Gs	existing-unreviewed		0
HandleException	Handleexception	Handleexception	existing-unreviewed		0
HandleFatalInterruptFrame	HandlefatalinterruptKornizë	HandlefatalinterruptKornizë	existing-unreviewed		0
HandleInterrupt	Handleinterrupt	Handleinterrupt	existing-unreviewed		0
HandleInterrupt1	Handleinterrupt1	Handleinterrupt1	existing-unreviewed		0
HandleUserDatagramProtocolMessage	HandlePërdoruesidatagramprotocolMesazhi	HandlePërdoruesidatagramprotocolMesazhi	existing-unreviewed		0
IDT_DESC_PRESENT	Idtdescriptorpresent	Idtdescriptorpresent	existing-unreviewed		0
IDT_INTERRUPT_GATE	Idtinterruptgate	Idtinterruptgate	existing-unreviewed		0
IDriver	IDriver	IDriver	existing-unreviewed		0
IEtherFrameHandler	IEthernetKornizëhandler	IEthernetKornizëhandler	existing-unreviewed		0
IInternetProtocolHandler	IInternetprotocolhandler	IInternetprotocolhandler	existing-unreviewed		0
IInterruptHandler	IInterrupthandler	IInterrupthandler	existing-unreviewed		0
IKeyboardEventHandler	ITastieraNgjarjehandler	ITastieraNgjarjehandler	existing-unreviewed		0
IMouseEventHandler	IMiuNgjarjehandler	IMiuNgjarjehandler	existing-unreviewed		0
IPCIControllerHandler	Ipcicontrollerhandler	Ipcicontrollerhandler	existing-unreviewed		0
IPCache	Ipcache	Ipcache	existing-unreviewed		0
IP_BE	IpRrjetibyteorder	IpRrjetibyteorder	existing-unreviewed		0
IRawDataHandler	IRawdatahandler	IRawdatahandler	existing-unreviewed		0
ITimerEventHandler	ITimerNgjarjehandler	ITimerNgjarjehandler	existing-unreviewed		0
IUserDatagramProtocolHandler	IPërdoruesidatagramprotocolhandler	IPërdoruesidatagramprotocolhandler	existing-unreviewed		0
IUserDatagramProtocolSocket	IPërdoruesidatagramprotocolsocket	IPërdoruesidatagramprotocolsocket	existing-unreviewed		0
IWidget	IWidget	IWidget	pending-language-review	widget	0
Identify	Identify	Identify	existing-unreviewed		0
Increment	Increment	Increment	existing-unreviewed		0
IndexOf	Treguesinga	Treguesinga	existing-unreviewed		0
Init	Init	Init	existing-unreviewed		0
InitDriver	Initdriver	Initdriver	existing-unreviewed		0
InitialThreadUserJump	InitialthreadPërdoruesijump	InitialthreadPërdoruesijump	existing-unreviewed		0
Ino	Ino	Ino	existing-unreviewed		0
Install	Instalo	Instalo	existing-unreviewed		0
Interrupt	Interrupt	Interrupt	existing-unreviewed		0
InterruptActive	Interruptaktiv	Interruptaktiv	existing-unreviewed		0
InterruptDeactive	Interruptdeactive	Interruptdeactive	existing-unreviewed		0
InterruptManager	InterruptManazhuesi	InterruptManazhuesi	existing-unreviewed		0
InterruptNumber	Interruptnumber	Interruptnumber	existing-unreviewed		0
InvalidOpcode	Epavlefshmeopcode	Epavlefshmeopcode	existing-unreviewed		0
InvalidTSS	Epavlefshmetss	Epavlefshmetss	existing-unreviewed		0
IsKernel	Iskernel	Iskernel	existing-unreviewed		0
IsPresent	Ispresent	Ispresent	existing-unreviewed		0
IsUserSpace	IsPërdoruesiHapësira	IsPërdoruesiHapësira	existing-unreviewed		0
KB	Kb	Kb	existing-unreviewed		0
KCS_INDEX	KcsTreguesi	KcsTreguesi	existing-unreviewed		0
KCS_SELECTOR	Kcsselector	Kcsselector	existing-unreviewed		0
KDS_INDEX	KdsTreguesi	KdsTreguesi	existing-unreviewed		0
KDS_SELECTOR	Kdsselector	Kdsselector	existing-unreviewed		0
KERNEL_HEAP_START	KernelheapFillo	KernelheapFillo	existing-unreviewed		0
KERNEL_VIRT_ADDR	Kernelvirtaddress	Kernelvirtaddress	existing-unreviewed		0
KGS_INDEX	KgsTreguesi	KgsTreguesi	existing-unreviewed		0
KGS_SELECTOR	Kgsselector	Kgsselector	existing-unreviewed		0
K핵심	KKernelEntry	KKernelEntry	compatibility		0
LIDT	Lidt	Lidt	existing-unreviewed		0
Last	Efundit	Efundit	existing-unreviewed		0
Len	Len	Len	compatibility		0
Limit	Kufi	Kufi	existing-unreviewed		0
Link	Lidhje	Lidhje	existing-unreviewed		0
LinkMap	Lidhjemap	Lidhjemap	existing-unreviewed		0
LinkedList	LinkedListë	LinkedListë	existing-unreviewed		0
Listen	Listen	Listen	existing-unreviewed		0
LoadElf	Ngarkoelf	Ngarkoelf	existing-unreviewed		0
MAC	Mac	Mac	existing-unreviewed		0
MAC0	Mac0	Mac0	existing-unreviewed		0
MAC1	Mac1	Mac1	existing-unreviewed		0
MAC2	Mac2	Mac2	existing-unreviewed		0
MAC3	Mac3	Mac3	existing-unreviewed		0
MAC4	Mac4	Mac4	existing-unreviewed		0
MAC5	Mac5	Mac5	existing-unreviewed		0
MACAddress0Port	Macaddress0Porta	Macaddress0Porta	existing-unreviewed		0
MACAddress2Port	Macaddress2Porta	Macaddress2Porta	existing-unreviewed		0
MACAddress4Port	Macaddress4Porta	Macaddress4Porta	existing-unreviewed		0
MACCache	Maccache	Maccache	existing-unreviewed		0
MAX_QUEUE_SIZE	MaxqueueMadhësia	MaxqueueMadhësia	existing-unreviewed		0
MB	Milibar	Milibar	existing-unreviewed		0
MBR	Mbr	Mbr	existing-unreviewed		0
MHex출력	MHexadecimalPrinto	MHexadecimalPrinto	existing-unreviewed		0
MHex출력XY	MHexadecimalPrintoxy	MHexadecimalPrintoxy	existing-unreviewed		0
MUint16출력	MUnsignedinteger16Printo	MUnsignedinteger16Printo	existing-unreviewed		0
MUint16출력XY	MUnsignedinteger16Printoxy	MUnsignedinteger16Printoxy	existing-unreviewed		0
MUint32출력	MUnsignedinteger32Printo	MUnsignedinteger32Printo	existing-unreviewed		0
MUint32출력XY	MUnsignedinteger32Printoxy	MUnsignedinteger32Printoxy	existing-unreviewed		0
MUint64출력	MUnsignedinteger64Printo	MUnsignedinteger64Printo	existing-unreviewed		0
MUint64출력XY	MUnsignedinteger64Printoxy	MUnsignedinteger64Printoxy	existing-unreviewed		0
Machine	Machine	Machine	existing-unreviewed		0
MachineCheck	Machinecheck	Machinecheck	existing-unreviewed		0
MakeRangePrivateWritable	MakeIntervalPrivatwritable	MakeIntervalPrivatwritable	existing-unreviewed		0
Malloc	Malloc	Malloc	pending-language-review	allocate_memory	0
MemCmp	Memcmp	Memcmp	existing-unreviewed		0
MemCpy	MemKopjo	MemKopjo	existing-unreviewed		0
MemMove	MemLëviz	MemLëviz	existing-unreviewed		0
MemSet	MemCaktoni	MemCaktoni	existing-unreviewed		0
MemoryOper	Memoriaoper	Memoriaoper	existing-unreviewed		0
Mode	Mënyrë	Mënyrë	existing-unreviewed		0
ModelToScreen	ModeltoRojeEkrani	Set_local_coordinates	pending-language-review	set_coordinates	5
Mtime	Mtime	Mtime	existing-unreviewed		0
MtimeNsec	Mtimensec	Mtimensec	existing-unreviewed		0
MyHandleInterrupt	Myhandleinterrupt	Myhandleinterrupt	existing-unreviewed		0
MyTest	MyProvo	MyProvo	existing-unreviewed		0
M긴급로그Hex8	MEmergencyRegjistërhexadecimal8	MEmergencyRegjistërhexadecimal8	existing-unreviewed		0
M긴급로그Uint32	MEmergencyRegjistërunsignedinteger32	MEmergencyRegjistërunsignedinteger32	existing-unreviewed		0
M긴급로그문자열	MEmergencyRegjistërvarg	MEmergencyRegjistërvarg	existing-unreviewed		0
M직렬로그초기화	MSerialRegjistërinit	MSerialRegjistërinit	existing-unreviewed		0
M출력	MPrinto	MPrinto	existing-unreviewed		0
M출력BytesXY	MPrintobytesxy	MPrintobytesxy	existing-unreviewed		0
M출력Hex	MPrintohexadecimal	MPrintohexadecimal	existing-unreviewed		0
M출력Uint16	MPrintounsignedinteger16	MPrintounsignedinteger16	existing-unreviewed		0
M출력Uint32	MPrintounsignedinteger32	MPrintounsignedinteger32	existing-unreviewed		0
M출력XY	MPrintoxy	MPrintoxy	existing-unreviewed		0
M테스트	M테스트	M테스트	existing-unreviewed		0
NMI	Nmi	Nmi	existing-unreviewed		0
New	IRi	IRi	existing-unreviewed		0
NewInterruptHandler	IRiinterrupthandler	IRiinterrupthandler	existing-unreviewed		0
Next	Pasuesen	Pasuesen	existing-unreviewed		0
Nlink	Nlink	Nlink	existing-unreviewed		0
Node	Nyje	Nyje	pending-language-review	list_node	0
Nodename	Nodename	Nodename	existing-unreviewed		0
OnEtherFrameReceived	EthernetKornizëreceivewhen	EthernetKornizëreceivewhen	existing-unreviewed		0
OnGetDriver	Ongetdriver	Ongetdriver	existing-unreviewed		0
OnInternetProtocolReceived	Internetprotocolreceivewhen	Internetprotocolreceivewhen	existing-unreviewed		0
OnKeyDown	OnÇelesPoshtë	OnÇelesPoshtë	existing-unreviewed		0
OnKeyUp	OnÇelesSipër	OnÇelesSipër	existing-unreviewed		0
OnMouseDown	OnMiuPoshtë	OnMiuPoshtë	existing-unreviewed		0
OnMouseMove	OnMiuLëviz	OnMiuLëviz	existing-unreviewed		0
OnMouseUp	OnMiuSipër	OnMiuSipër	existing-unreviewed		0
OnRawDataReceived	Onrawdatareceive	Onrawdatareceive	existing-unreviewed		0
OnTick	Ontick	Ontick	existing-unreviewed		0
Overflow	Overflow	Overflow	existing-unreviewed		0
P1LinkMap	PVlera1Lidhjemap	PVlera1Lidhjemap	existing-unreviewed		0
P2LinkMap	PVlera2Lidhjemap	PVlera2Lidhjemap	existing-unreviewed		0
P3LinkMap	PVlera3Lidhjemap	PVlera3Lidhjemap	existing-unreviewed		0
PAGE_COW	Faqecow	Faqecow	existing-unreviewed		0
PAGE_FRAME	FaqeKornizë	FaqeKornizë	existing-unreviewed		0
PAGE_PRESENT	Faqepresent	Faqepresent	existing-unreviewed		0
PAGE_USER	FaqePërdoruesi	FaqePërdoruesi	existing-unreviewed		0
PAGE_WRITABLE	Faqewritable	Faqewritable	existing-unreviewed		0
PAUSE_LOOP	Pauseloop	Pauseloop	existing-unreviewed		0
PICMasterCommandPort	PrimarypicUrdhërioPorta	PrimarypicUrdhërioPorta	existing-unreviewed		0
PICMasterDataPort	PrimarypicdataioPorta	PrimarypicdataioPorta	existing-unreviewed		0
PICSlaveCommandPort	SecondarypicUrdhërioPorta	SecondarypicUrdhërioPorta	existing-unreviewed		0
PICSlaveDataPort	SecondarypicdataioPorta	SecondarypicdataioPorta	existing-unreviewed		0
PRESENT	Present	Present	existing-unreviewed		0
PRIV_KERNEL	Privkernel	Privkernel	existing-unreviewed		0
PRIV_USER	PrivPërdoruesi	PrivPërdoruesi	existing-unreviewed		0
PROC_USER_HEAP_SIZE	ProcPërdoruesiheapMadhësia	ProcPërdoruesiheapMadhësia	existing-unreviewed		0
PageDirEntry	FaqeDosjeentry	FaqeDosjeentry	existing-unreviewed		0
PageDirectoryEntry	FaqeDosjeentry_2	FaqeDosjeentry_2	existing-unreviewed		0
PageFault	Faqefault	Faqefault	existing-unreviewed		0
PageFaultException	Faqefaultexception	Faqefaultexception	existing-unreviewed		0
PageRoundDown	FaqeroundPoshtë	FaqeroundPoshtë	existing-unreviewed		0
PageRoundUp	FaqeroundSipër	FaqeroundSipër	existing-unreviewed		0
PageTableEntry	FaqeTabelaentry	FaqeTabelaentry	existing-unreviewed		0
Paging	Paging	Paging	existing-unreviewed		0
ParentPid	Prindpid	Prindpid	existing-unreviewed		0
Parse	Parse	Parse	existing-unreviewed		0
Partition_id	Partitionid	Partitionid	existing-unreviewed		0
PhyMemTest	PhymemProvo	PhymemProvo	existing-unreviewed		0
PhysicalMemoryManager	PhysicalMemoriaManazhuesi	PhysicalMemoriaManazhuesi	existing-unreviewed		0
Pid	Pid	Pid	existing-unreviewed		0
Port	Porta	Porta	existing-unreviewed		0
PortBase	Portabase	Portabase	existing-unreviewed		0
PortInByte	PortaZmadhobyte	PortaZmadhobyte	existing-unreviewed		0
PortInDword	PortaZmadhodword	PortaZmadhodword	existing-unreviewed		0
PortInWord	PortaZmadhoFjalë	PortaZmadhoFjalë	existing-unreviewed		0
PortOutByte	PortaZvogëlobyte	PortaZvogëlobyte	existing-unreviewed		0
PortOutDword	PortaZvogëlodword	PortaZvogëlodword	existing-unreviewed		0
PortOutWord	PortaZvogëloFjalë	PortaZvogëloFjalë	existing-unreviewed		0
PortReadByte	PortaLeximibyte	PortaLeximibyte	existing-unreviewed		0
PortReadDword	PortaLeximidword	PortaLeximidword	existing-unreviewed		0
PortReadWord	PortaLeximiFjalë	PortaLeximiFjalë	existing-unreviewed		0
PortWriteByte	PortaShkrimibyte	PortaShkrimibyte	existing-unreviewed		0
PortWriteDword	PortaShkrimidword	PortaShkrimidword	existing-unreviewed		0
PortWriteWord	PortaShkrimiFjalë	PortaShkrimiFjalë	existing-unreviewed		0
Prev	Previous	Previous	existing-unreviewed		0
PrevTSS	Previoustss	Previoustss	existing-unreviewed		0
PrimaryPartition	Primarypartition	Primarypartition	existing-unreviewed		0
Print	Printo	Printo	existing-unreviewed		0
PrintBytes	Printobytes	Printobytes	existing-unreviewed		0
PrintStr	Printostr	Printostr	existing-unreviewed		0
PrintTLS	Printotls	Printotls	existing-unreviewed		0
PrintTest	PrintoProvo	PrintoProvo	existing-unreviewed		0
Process	Proçes	Proçes	existing-unreviewed		0
ProcessHelper	Proçeshelper	Proçeshelper	existing-unreviewed		0
ProcessPendingKeyboardEvents	ProçespendingTastieraevents	ProçespendingTastieraevents	existing-unreviewed		0
ProcessPendingMouseEvents	ProçespendingMiuevents	ProçespendingMiuevents	existing-unreviewed		0
PushAt	Pushat	Insert_at_index	pending-language-review	insert_at	1
PushBack	PushPrapa	Append_to_list	pending-language-review	append	12
PushFront	Pushfront	Prepend_to_list	pending-language-review	prepend	5
PutPixel	Putpixel	Putpixel	existing-unreviewed		0
PutPixelRGB	Putpixelrgb	Putpixelrgb	existing-unreviewed		0
QUEUE_START_ADDR	QueueFilloaddress	QueueFilloaddress	existing-unreviewed		0
Rdev	Rdev	Rdev	existing-unreviewed		0
Read	Leximi	Leximi	existing-unreviewed		0
Read28	Leximi28	Leximi28	existing-unreviewed		0
ReadFile	LeximiKartelë	LeximiKartelë	pending-language-review	file_read	0
ReadPartitions	Leximipartition	Leximipartition	existing-unreviewed		0
Ready	Gati	Gati	existing-unreviewed		0
Receive	Receive	Receive	existing-unreviewed		0
Ref	Reference	Reference	existing-unreviewed		0
Release	Release	Release	existing-unreviewed		0
ReloadCR3	Ringarkocr3	Ringarkocr3	existing-unreviewed		0
Remove	Hiqe	Hiqe	existing-unreviewed		0
RemoveAt	Hiqeat	Hiqeat	existing-unreviewed		0
RemoveThread	Hiqethread	Hiqethread	existing-unreviewed		0
RemoveThreadAt	Hiqethreadat	Hiqethreadat	existing-unreviewed		0
RequestMacAddress	Requestmacaddress	Requestmacaddress	existing-unreviewed		0
Reset	Ngafillimi	Ngafillimi	existing-unreviewed		0
Resolve	Resolve	Resolve	existing-unreviewed		0
ResolveCopyOnWriteFault	ResolveKopjoonShkrimifault	ResolveKopjoonShkrimifault	existing-unreviewed		0
SCHEDULER_FREQUENCY	SchedulerShpeshti	SchedulerShpeshti	existing-unreviewed		0
SEG_BIG_MODE	Segbigmënyrë	Segbigmënyrë	existing-unreviewed		0
SEG_EXEC	Segexec	Segexec	existing-unreviewed		0
SEG_GRAN_4K_PAGE	Seggran4kfaqe	Seggran4kfaqe	existing-unreviewed		0
SEG_GRAN_BYTE	Seggranbyte	Seggranbyte	existing-unreviewed		0
SEG_KERNEL_CODE	Segkernelcode	Segkernelcode	existing-unreviewed		0
SEG_KERNEL_DATA	Segkerneldata	Segkerneldata	existing-unreviewed		0
SEG_KERNEL_GS	Segkernelgs	Segkernelgs	existing-unreviewed		0
SEG_NOEXEC	Segnoexec	Segnoexec	existing-unreviewed		0
SEG_NORMAL	SegNormale	SegNormale	existing-unreviewed		0
SEG_NORW	Segnorw	Segnorw	existing-unreviewed		0
SEG_R	Segr	Segr	existing-unreviewed		0
SEG_SYSTEM	SegSistemi	SegSistemi	existing-unreviewed		0
SEG_TASK_STATE	SegProcesGjendje	SegProcesGjendje	existing-unreviewed		0
SEG_USER_CODE	SegPërdoruesicode	SegPërdoruesicode	existing-unreviewed		0
SEG_USER_DATA	SegPërdoruesidata	SegPërdoruesidata	existing-unreviewed		0
SEG_USER_GS	SegPërdoruesigs	SegPërdoruesigs	existing-unreviewed		0
SEG_W	Segw	Segw	existing-unreviewed		0
SIMDFloatingPointException	Simdpezullpointexception	Simdpezullpointexception	existing-unreviewed		0
SIZE	Madhësia	Madhësia	existing-unreviewed		0
SYS_ACCESS	Sysfutja	Sysfutja	existing-unreviewed		0
SYS_BRK	Sysbrk	Sysbrk	existing-unreviewed		0
SYS_CHDIR	Syschdir	Syschdir	existing-unreviewed		0
SYS_CLOSE	SysMbyll	SysMbyll	existing-unreviewed		0
SYS_CREAT	Syscreat	Syscreat	existing-unreviewed		0
SYS_DUP	Sysdup	Sysdup	existing-unreviewed		0
SYS_DUP2	Sysdup2	Sysdup2	existing-unreviewed		0
SYS_EXECVE	Sysexecve	Sysexecve	existing-unreviewed		0
SYS_EXIT	SysDalja	SysDalja	existing-unreviewed		0
SYS_FCNTL	Sysfcntl	Sysfcntl	existing-unreviewed		0
SYS_FORK	Sysfork	Sysfork	existing-unreviewed		0
SYS_FSTAT	Sysfstat	Sysfstat	existing-unreviewed		0
SYS_FSYNC	Sysfsync	Sysfsync	existing-unreviewed		0
SYS_GETCWD	Sysgetcwd	Sysgetcwd	existing-unreviewed		0
SYS_GETEGID	Sysgetegid	Sysgetegid	existing-unreviewed		0
SYS_GETEUID	Sysgeteuid	Sysgeteuid	existing-unreviewed		0
SYS_GETGID	Sysgetgid	Sysgetgid	existing-unreviewed		0
SYS_GETPID	Sysgetpid	Sysgetpid	existing-unreviewed		0
SYS_GETPPID	Sysgetppid	Sysgetppid	existing-unreviewed		0
SYS_GETUID	Sysgetuid	Sysgetuid	existing-unreviewed		0
SYS_LSEEK	Syslseek	Syslseek	existing-unreviewed		0
SYS_LSTAT	Syslstat	Syslstat	existing-unreviewed		0
SYS_OPEN	SysHap	SysHap	existing-unreviewed		0
SYS_READ	SysLeximi	SysLeximi	existing-unreviewed		0
SYS_RT_EXIT	SysrtDalja	SysrtDalja	existing-unreviewed		0
SYS_SOCKETCALL	Syssocketcall	Syssocketcall	existing-unreviewed		0
SYS_STAT	Sysstat	Sysstat	existing-unreviewed		0
SYS_SYNC	Syssync	Syssync	existing-unreviewed		0
SYS_UNAME	Sysuname	Sysuname	existing-unreviewed		0
SYS_WAITPID	Syswaitpid	Syswaitpid	existing-unreviewed		0
SYS_WRITE	SysShkrimi	SysShkrimi	existing-unreviewed		0
Schedule	Schedule	Schedule	existing-unreviewed		0
Scheduler	Scheduler	Scheduler	existing-unreviewed		0
SchedulerData	Schedulerdata	Schedulerdata	existing-unreviewed		0
SegmentNotPresent	Segmentnotpresent	Segmentnotpresent	existing-unreviewed		0
SelectDrivers	Përzgjidhnidriver	Përzgjidhnidriver	existing-unreviewed		0
Send	Dërgo	Dërgo	existing-unreviewed		0
SendEchoRequest	EchorequestDërgo	EchorequestDërgo	existing-unreviewed		0
SendFrame	KornizëDërgo	KornizëDërgo	existing-unreviewed		0
SerialInit	Serialinit	Serialinit	existing-unreviewed		0
SerialWriteByte	SerialShkrimibyte	SerialShkrimibyte	existing-unreviewed		0
SetBackend	Caktonibackend	Caktonibackend	existing-unreviewed		0
SetBit	Caktonibit	Caktonibit	existing-unreviewed		0
SetBlockInPageDir	CaktoniblockZmadhofaqeDosje	CaktoniblockZmadhofaqeDosje	existing-unreviewed		0
SetBuffer	Caktonibuffer	Caktonibuffer	existing-unreviewed		0
SetByteAtAddr	Caktonibyteataddress	Caktonibyteataddress	existing-unreviewed		0
SetByteInPageDir	CaktonibyteZmadhofaqeDosje	CaktonibyteZmadhofaqeDosje	existing-unreviewed		0
SetCR3	Caktonicr3	Caktonicr3	existing-unreviewed		0
SetColor	CaktoniNgjyra	CaktoniNgjyra	existing-unreviewed		0
SetDescriptor	Caktonidescriptor	Caktonidescriptor	existing-unreviewed		0
SetHandleInterruptFuction	Caktonihandleinterruptfuction	Caktonihandleinterruptfuction	existing-unreviewed		0
SetHandler	Caktonihandler	Caktonihandler	existing-unreviewed		0
SetIPAddress	Caktoniipaddress	Caktoniipaddress	existing-unreviewed		0
SetInterruptDescriptorTableEntry	InterruptdescriptorTabelaentryCaktoni	InterruptdescriptorTabelaentryCaktoni	existing-unreviewed		0
SetInterruptManager	CaktoniinterruptManazhuesi	CaktoniinterruptManazhuesi	existing-unreviewed		0
SetInterruptNumber	Caktoniinterruptnumber	Caktoniinterruptnumber	existing-unreviewed		0
SetMode	Caktonimënyrë	Caktonimënyrë	existing-unreviewed		0
SetNodeAt	CaktoniNyjeat	CaktoniNyjeat	existing-unreviewed		0
SetStack	Caktonistack	Caktonistack	existing-unreviewed		0
SetTlsSegment	Caktonitlssegment	Caktonitlssegment	existing-unreviewed		0
SetUint32AtAddr	Caktoniunsignedinteger32ataddress	Caktoniunsignedinteger32ataddress	existing-unreviewed		0
SetUint32InPageDir	Caktoniunsignedinteger32ZmadhofaqeDosje	Caktoniunsignedinteger32ZmadhofaqeDosje	existing-unreviewed		0
SetUint8AtAddr	Caktoniunsignedinteger8ataddress	Caktoniunsignedinteger8ataddress	existing-unreviewed		0
SharedMemoryRegion	SharedMemoriaregion	SharedMemoriaregion	existing-unreviewed		0
Size	Madhësia_2	Madhësia_2	existing-unreviewed		0
Spawn	Spawn	Spawn	existing-unreviewed		0
Ss	Ss	Ss	existing-unreviewed		0
Stack	Stack	Stack	existing-unreviewed		0
StackSegmentFault	Stacksegmentfault	Stacksegmentfault	existing-unreviewed		0
Start_lba	Fillolba	Fillolba	existing-unreviewed		0
Started	Nisur	Nisur	existing-unreviewed		0
StdinPutByte	Stdinputbyte	Stdinputbyte	existing-unreviewed		0
StopCurrentThread	NdaloEtanishmethread	NdaloEtanishmethread	existing-unreviewed		0
Stopped	Undërpre	Undërpre	existing-unreviewed		0
SubnetMask	Subnetmask	Subnetmask	existing-unreviewed		0
SupportMode	Supportmënyrë	Supportmënyrë	existing-unreviewed		0
Sys_brk	Sysbrk_2	Sysbrk_2	existing-unreviewed		0
Sys_close	SysMbyll_2	SysMbyll_2	existing-unreviewed		0
Sys_exit	SysDalja_2	SysDalja_2	existing-unreviewed		0
Sys_getpid	Sysgetpid_2	Sysgetpid_2	existing-unreviewed		0
Sys_mousemove	Sysmousemove	Sysmousemove	existing-unreviewed		0
Sys_open	SysHap_2	SysHap_2	existing-unreviewed		0
Sys_printStr	SysPrintostr	SysPrintostr	existing-unreviewed		0
Sys_printUint32	SysPrintounsignedinteger32	SysPrintounsignedinteger32	existing-unreviewed		0
Sys_printf	Sysprintf	Sysprintf	existing-unreviewed		0
Sys_read	SysLeximi_2	SysLeximi_2	existing-unreviewed		0
Syscall	Syscall	Syscall	existing-unreviewed		0
Sysname	Sysname	Sysname	existing-unreviewed		0
TARPEtherFrameHandler	ArpethernetKornizëhandler	ArpethernetKornizëhandler	existing-unreviewed		0
TARPMessage	ArpMesazhi	ArpMesazhi	existing-unreviewed		0
TARPMessageBuffer	ArpMesazhibuffer	ArpMesazhibuffer	existing-unreviewed		0
TARPProvider	Arpprovider	Arpprovider	existing-unreviewed		0
TAdvancedTechnologyAttachment	TTëmëtejshmetechnologyattachment	TTëmëtejshmetechnologyattachment	existing-unreviewed		0
TArray	TRreshtimi	TRreshtimi	existing-unreviewed		0
TBaseAddressRegister	TBaseaddressregister	TBaseaddressregister	existing-unreviewed		0
TBiosParameterBlock32	TBiosparameterblock32	TBiosparameterblock32	pending-language-review	fat_parameters	0
TBufferDescriptor	TBufferdescriptor	TBufferdescriptor	existing-unreviewed		0
TCOWFrameManager	TcowKornizëManazhuesi	TcowKornizëManazhuesi	existing-unreviewed		0
TCPUState	TcpuGjendje	TcpuGjendje	existing-unreviewed		0
TDefaultKeyboardEventHandler	TEprezgjedhurTastieraNgjarjehandler	TEprezgjedhurTastieraNgjarjehandler	existing-unreviewed		0
TDefaultMouseEventHandler	TEprezgjedhurMiuNgjarjehandler	TEprezgjedhurMiuNgjarjehandler	existing-unreviewed		0
TDefaultPCIControllerHandler	TEprezgjedhurpcicontrollerhandler	TEprezgjedhurpcicontrollerhandler	existing-unreviewed		0
TDefaultTimerEventHandler	TEprezgjedhurtimerNgjarjehandler	TEprezgjedhurtimerNgjarjehandler	existing-unreviewed		0
TDirectoryEntryFat32	TDosjeentryfat32	TDosjeentryfat32	existing-unreviewed		0
TDriverManager	TDriverManazhuesi	TDriverManazhuesi	existing-unreviewed		0
TEtherFrameHandler	TEthernetKornizëhandler	TEthernetKornizëhandler	existing-unreviewed		0
TEtherFrameHeader	TEthernetKornizëheader	TEthernetKornizëheader	pending-language-review	ethernet_header	0
TEtherFrameHeaderBuffer	TEthernetKornizëheaderbuffer	TEthernetKornizëheaderbuffer	existing-unreviewed		0
TEtherFrameProvider	TEthernetKornizëprovider	TEthernetKornizëprovider	pending-language-review	ethernet_provider	0
TEtherFrameRawDataHandler	TEthernetKornizërawdatahandler	TEthernetKornizërawdatahandler	existing-unreviewed		0
TGateDescriptor	TGatedescriptor	TGatedescriptor	existing-unreviewed		0
THREAD_STACK_SIZE	ThreadstackMadhësia	ThreadstackMadhësia	existing-unreviewed		0
TICMPHandler	Icmphandler	Icmphandler	existing-unreviewed		0
TIPEtherFrameHandler	IpethernetKornizëhandler	IpethernetKornizëhandler	existing-unreviewed		0
TInitializationBlock	TInitializationblock	TInitializationblock	existing-unreviewed		0
TInternetControlMessageProtocol	TInternetcontrolMesazhiprotocol	TInternetcontrolMesazhiprotocol	pending-language-review	icmp	0
TInternetControlMessageProtocolMessage	TInternetcontrolMesazhiprotocolMesazhi	TInternetcontrolMesazhiprotocolMesazhi	existing-unreviewed		0
TInternetControlMessageProtocolMessageBuffer	TInternetcontrolMesazhiprotocolMesazhibuffer	TInternetcontrolMesazhiprotocolMesazhibuffer	existing-unreviewed		0
TInternetProtocolHandler	TInternetprotocolhandler	TInternetprotocolhandler	existing-unreviewed		0
TInternetProtocolProvider	TInternetprotocolprovider	TInternetprotocolprovider	pending-language-review	ip_provider	0
TInternetProtocolV4Message	TInternetprotocolv4Mesazhi	TInternetprotocolv4Mesazhi	existing-unreviewed		0
TInternetProtocolV4MessageBuffer	TInternetprotocolv4Mesazhibuffer	TInternetprotocolv4Mesazhibuffer	existing-unreviewed		0
TInterruptDescriptorTablePointer	TInterruptdescriptorTabelaKursori	TInterruptdescriptorTabelaKursori	existing-unreviewed		0
TInterruptHandler	TInterrupthandler	TInterrupthandler	existing-unreviewed		0
TInterruptManager	TInterruptManazhuesi	TInterruptManazhuesi	existing-unreviewed		0
TKeyboardDriver	TTastieradriver	TTastieradriver	existing-unreviewed		0
TLS_START	TlsFillo	TlsFillo	existing-unreviewed		0
TMSDOSPartitionTable	TmsdospartitionTabela	TmsdospartitionTabela	existing-unreviewed		0
TMasterBootRecord	TMasterNisjarecord	TMasterNisjarecord	pending-language-review	boot_record	0
TMemoryChunk	TMemoriachunk	TMemoriachunk	existing-unreviewed		0
TMemoryManager	TMemoriaManazhuesi	TMemoriaManazhuesi	existing-unreviewed		0
TMouseDriver	TMiudriver	TMiudriver	existing-unreviewed		0
TMyKeyboardEventHandler	TMyTastieraNgjarjehandler	TMyTastieraNgjarjehandler	existing-unreviewed		0
TMyMouseEventHandler	TMyMiuNgjarjehandler	TMyMiuNgjarjehandler	existing-unreviewed		0
TMyPCIControllerHandler	TMypcicontrollerhandler	TMypcicontrollerhandler	existing-unreviewed		0
TPartitionTableEntry	TPartitionTabelaentry	TPartitionTabelaentry	existing-unreviewed		0
TPeripheralComponentInterconnectController	TPeripheralcomponentinterconnectcontroller	TPeripheralcomponentinterconnectcontroller	existing-unreviewed		0
TPeripheralComponentInterconnectDeviceDescriptor	TPeripheralcomponentinterconnectDispozitividescriptor	TPeripheralcomponentinterconnectDispozitividescriptor	existing-unreviewed		0
TPort	TPorta	TPorta	existing-unreviewed		0
TPort16Bit	TPorta16bit	TPorta16bit	existing-unreviewed		0
TPort32Bit	TPorta32bit	TPorta32bit	existing-unreviewed		0
TPort8Bit	TPorta8bit	TPorta8bit	existing-unreviewed		0
TRawDataHandler	TRawdatahandler	TRawdatahandler	existing-unreviewed		0
TSSEntry	Tssentry	Tssentry	existing-unreviewed		0
TSyscall	TSyscall	TSyscall	existing-unreviewed		0
TTask	TProces	TProces	existing-unreviewed		0
TThread	TThread	TThread	existing-unreviewed		0
TThreadHelper	TThreadhelper	TThreadhelper	existing-unreviewed		0
TTimerDriver	TTimerdriver	TTimerdriver	existing-unreviewed		0
TUserDatagramProtocolHandler	TPërdoruesidatagramprotocolhandler	TPërdoruesidatagramprotocolhandler	existing-unreviewed		0
TUserDatagramProtocolHeader	TPërdoruesidatagramprotocolheader	TPërdoruesidatagramprotocolheader	pending-language-review	udp_header	0
TUserDatagramProtocolHeaderBuffer	TPërdoruesidatagramprotocolheaderbuffer	TPërdoruesidatagramprotocolheaderbuffer	existing-unreviewed		0
TUserDatagramProtocolProvider	TPërdoruesidatagramprotocolprovider	TPërdoruesidatagramprotocolprovider	existing-unreviewed		0
TUserDatagramProtocolSocket	TPërdoruesidatagramprotocolsocket	TPërdoruesidatagramprotocolsocket	pending-language-review	udp_socket	0
TVideoGraphicsArray	TVideoGrafikëRreshtimi	TVideoGrafikëRreshtimi	existing-unreviewed		0
TWidget	TWidget	TWidget	pending-language-review	widget	0
TWidgetMouseEventHandler	TWidgetMiuNgjarjehandler	TWidgetMiuNgjarjehandler	existing-unreviewed		0
Tamd_am79c973	Tamdam79c973	Tamdam79c973	existing-unreviewed		0
Test	Provo	Provo	existing-unreviewed		0
TestBit	Provobit	Provobit	existing-unreviewed		0
TestPrint	ProvoPrinto	ProvoPrinto	existing-unreviewed		0
Thread	Thread	Thread	existing-unreviewed		0
ThreadList	ThreadListë	ThreadListë	existing-unreviewed		0
ThreadState	ThreadGjendje	ThreadGjendje	existing-unreviewed		0
Threads	Threads	Threads	existing-unreviewed		0
TlsSegments	Tlssegments	Tlssegments	existing-unreviewed		0
TotalBlocks	Gjithsejblock	Gjithsejblock	existing-unreviewed		0
Type	Lloji	Lloji	existing-unreviewed		0
TypeTest	LlojiProvo	LlojiProvo	existing-unreviewed		0
T공용서술자테이블	TShareddescriptorTabela	TShareddescriptorTabela	existing-unreviewed		0
T공용서술자테이블_자료	TShareddescriptorTabeladata	TShareddescriptorTabeladata	existing-unreviewed		0
T작업관리자	TProcesManazhuesi	TProcesManazhuesi	existing-unreviewed		0
T조각설명자	TSegmentdescriptor	TSegmentdescriptor	existing-unreviewed		0
T콘솔	TKonsolë	TKonsolë	existing-unreviewed		0
T함수1	TFunksion1	TFunksion1	existing-unreviewed		0
UDESC_32SEG	Udesc32seg	Udesc32seg	existing-unreviewed		0
UDESC_CONTENTS	UdescPërmbajtja	UdescPërmbajtja	existing-unreviewed		0
UDESC_LIMIT_IN_PAGES	UdescKufiZmadhoFaqe	UdescKufiZmadhoFaqe	existing-unreviewed		0
UDESC_RX_ONLY	Udescrxonly	Udescrxonly	existing-unreviewed		0
UDESC_SEG_NOT_PRESENT	Udescsegnotpresent	Udescsegnotpresent	existing-unreviewed		0
UDESC_USABLE	Udescusable	Udescusable	existing-unreviewed		0
USER_STACK	Përdoruesistack	Përdoruesistack	existing-unreviewed		0
USER_STACK_SIZE	PërdoruesistackMadhësia	PërdoruesistackMadhësia	existing-unreviewed		0
USER_STACK_TOP	Përdoruesistacksipër	Përdoruesistacksipër	existing-unreviewed		0
Uid	Uid	Uid	existing-unreviewed		0
Uint16ToArray	Unsignedinteger16toRreshtimi	Unsignedinteger16toRreshtimi	existing-unreviewed		0
Uint16ToArray_BE	Unsignedinteger16toRreshtimibe	Unsignedinteger16toRreshtimibe	existing-unreviewed		0
Uint16_R	Unsignedinteger16r	Unsignedinteger16r	existing-unreviewed		0
Uint32ToArray	Unsignedinteger32toRreshtimi	Unsignedinteger32toRreshtimi	existing-unreviewed		0
Uint32_R	Unsignedinteger32r	Unsignedinteger32r	existing-unreviewed		0
Uint48ToArray	Unsignedinteger48toRreshtimi	Unsignedinteger48toRreshtimi	existing-unreviewed		0
Uint48ToArray_BE	Unsignedinteger48toRreshtimibe	Unsignedinteger48toRreshtimibe	existing-unreviewed		0
Uint48_R	Unsignedinteger48r	Unsignedinteger48r	existing-unreviewed		0
Uint64ToArray	Unsignedinteger64toRreshtimi	Unsignedinteger64toRreshtimi	existing-unreviewed		0
Uint64_R	Unsignedinteger64r	Unsignedinteger64r	existing-unreviewed		0
UnhandleInterrupt	Unhandleinterrupt	Unhandleinterrupt	existing-unreviewed		0
UnsetBit	Hiqebit	Toggle_allocation_bit	pending-language-review	toggle_bit	1
UsedBlocks	Përdorurblock	Përdorurblock	existing-unreviewed		0
UserDesc	Përdoruesidescriptor	Përdoruesidescriptor	existing-unreviewed		0
UserStack	Përdoruesistack_2	Përdoruesistack_2	existing-unreviewed		0
UserStackSize	PërdoruesistackMadhësia_2	PërdoruesistackMadhësia_2	existing-unreviewed		0
Vendor_id	Vendorid	Vendorid	existing-unreviewed		0
Version	Version	Version	existing-unreviewed		0
VirtTest	VirtProvo	VirtProvo	existing-unreviewed		0
Write	Shkrimi	Shkrimi	existing-unreviewed		0
Write28	Shkrimi28	Shkrimi28	existing-unreviewed		0
WriteRegisters	Shkrimiregister	Shkrimiregister	existing-unreviewed		0
X	X	X	existing-unreviewed		0
Y	Y	Y	existing-unreviewed		0
Zero	Zero	Zero	existing-unreviewed		0
ZeroBlockInPageDir	ZeroblockZmadhofaqeDosje	ZeroblockZmadhofaqeDosje	existing-unreviewed		0
a	a	a	existing-unreviewed		0
aTime	aOra	aOra	existing-unreviewed		0
access	futja	futja	existing-unreviewed		0
accessMode	futjamënyrë	futjamënyrë	existing-unreviewed		0
ack	ack	ack	existing-unreviewed		0
activeKeyboardDriver	aktivTastieradriver	aktivTastieradriver	existing-unreviewed		0
activeMouseDriver	aktivMiudriver	aktivMiudriver	existing-unreviewed		0
addr	address	address	existing-unreviewed		0
addrPtr	addressKursori	addressKursori	existing-unreviewed		0
address	address_2	address_2	existing-unreviewed		0
addressError	addressGabim	addressGabim	existing-unreviewed		0
afInet	afinet	afinet	existing-unreviewed		0
allocFD	allocatePF	allocatePF	existing-unreviewed		0
allocOpenFile	allocateHapKartelë	allocateHapKartelë	existing-unreviewed		0
allocProcess	allocateProçes	allocateProçes	existing-unreviewed		0
allocateSocket	allocatesocket	allocatesocket	existing-unreviewed		0
allocated	allocated	allocated	existing-unreviewed		0
amd_am79c973	amdam79c973	amdam79c973	existing-unreviewed		0
args	argumente	argumente	existing-unreviewed		0
argument	argument	argument	existing-unreviewed		0
argumentPointers	argumentpointers	argumentpointers	existing-unreviewed		0
arguments	argumente_2	argumente_2	existing-unreviewed		0
arp	arp	arp	existing-unreviewed		0
arpBuffer	arpbuffer	arpbuffer	existing-unreviewed		0
arpMesgSize	arpmesgMadhësia	arpmesgMadhësia	existing-unreviewed		0
arpProvider	arpprovider	arpprovider	existing-unreviewed		0
arp콘솔	arpKonsolë	arpKonsolë	existing-unreviewed		0
array	rreshtimi	rreshtimi	existing-unreviewed		0
ata	ata	ata	existing-unreviewed		0
ata0s	ata0s	ata0s	existing-unreviewed		0
attempts	attempts	attempts	existing-unreviewed		0
attr	karakteristika	karakteristika	existing-unreviewed		0
attributeControllerIndexPort	karakteristikacontrollerTreguesiPorta	karakteristikacontrollerTreguesiPorta	existing-unreviewed		0
attributeControllerReadPort	karakteristikacontrollerLeximiPorta	karakteristikacontrollerLeximiPorta	existing-unreviewed		0
attributeControllerResetPort	karakteristikacontrollerNgafillimiPorta	karakteristikacontrollerNgafillimiPorta	existing-unreviewed		0
attributeControllerWritePort	karakteristikacontrollerShkrimiPorta	karakteristikacontrollerShkrimiPorta	existing-unreviewed		0
attributes	veti	veti	existing-unreviewed		0
aux	aux	aux	existing-unreviewed		0
avail	nëdispozicion	nëdispozicion	existing-unreviewed		0
b	b	b	existing-unreviewed		0
backend	backend	backend	existing-unreviewed		0
backupFpRegs	backupfpregs	backupfpregs	existing-unreviewed		0
backupSector	backupsector	backupsector	existing-unreviewed		0
bar	shtyllë	shtyllë	existing-unreviewed		0
barNum	shtyllënumber	shtyllënumber	existing-unreviewed		0
bar_value	shtyllëVlera	shtyllëVlera	existing-unreviewed		0
base	base	base	existing-unreviewed		0
baseCode	basecode	basecode	existing-unreviewed		0
baseHigh	baseLartë	baseLartë	existing-unreviewed		0
baseLow	baseUlët	baseUlët	existing-unreviewed		0
baseMid	basemid	basemid	existing-unreviewed		0
base_addr_high	baseaddressLartë	baseaddressLartë	existing-unreviewed		0
base_addr_low	baseaddressUlët	baseaddressUlët	existing-unreviewed		0
bh	bh	bh	existing-unreviewed		0
bindEphemeral	bindephemeral	bindephemeral	existing-unreviewed		0
bindError	bindGabim	bindGabim	existing-unreviewed		0
bios	bios	bios	existing-unreviewed		0
bit	bit	bit	existing-unreviewed		0
bitmap	bitmap	bitmap	pending-language-review	bitmap	0
bootSignature	nisjasignature	nisjasignature	existing-unreviewed		0
bootable	bootable	bootable	existing-unreviewed		0
bootloader	nisjaloader	nisjaloader	existing-unreviewed		0
bound	bound	bound	existing-unreviewed		0
bpb	bpb	bpb	pending-language-review	fat_parameters	0
bpbBytes	bpbbytes	bpbbytes	existing-unreviewed		0
bpbPtr	bpbKursori	bpbKursori	existing-unreviewed		0
buf	buffer	buffer	existing-unreviewed		0
buf1	buffer1	buffer1	existing-unreviewed		0
buf2	buffer2	buffer2	existing-unreviewed		0
buf3	buffer3	buffer3	existing-unreviewed		0
buf4	buffer4	buffer4	existing-unreviewed		0
buf6	buffer6	buffer6	existing-unreviewed		0
buffer	buffer_2	buffer_2	existing-unreviewed		0
buffer1	buffer1_2	buffer1_2	existing-unreviewed		0
buffer2	buffer2_2	buffer2_2	existing-unreviewed		0
bufferAddr	bufferaddress	bufferaddress	existing-unreviewed		0
bufferAddress	bufferaddress_2	bufferaddress_2	existing-unreviewed		0
bufptr	bufferKursori	bufferKursori	existing-unreviewed		0
bus	bus	bus	existing-unreviewed		0
busControlRegisterDataPort	buscontrolregisterdataPorta	buscontrolregisterdataPorta	existing-unreviewed		0
button	buton	buton	existing-unreviewed		0
buttons	buton_2	buton_2	existing-unreviewed		0
bytesPerSector	bytespersector	bytespersector	existing-unreviewed		0
c	c	c	existing-unreviewed		0
cDate	cData	cData	existing-unreviewed		0
cTime	cOra	cOra	existing-unreviewed		0
cTimeTenth	cOratenth	cOratenth	existing-unreviewed		0
call	call	call	existing-unreviewed		0
candidate	candidate	candidate	existing-unreviewed		0
cap	cap	cap	existing-unreviewed		0
char	char	char	existing-unreviewed		0
checked	checked	checked	existing-unreviewed		0
checksum	checksum	checksum	existing-unreviewed		0
child	bir	bir	existing-unreviewed		0
childPID	birpid	birpid	existing-unreviewed		0
childPageDir	birfaqeDosje	birfaqeDosje	existing-unreviewed		0
chunk	chunk	chunk	existing-unreviewed		0
class_id	klasaid	klasaid	existing-unreviewed		0
closeAllProcessFDs	mbyllkrejtProçesfds	mbyllkrejtProçesfds	existing-unreviewed		0
closeOnExec	mbyllonexec	mbyllonexec	existing-unreviewed		0
closeProcessFD	mbyllProçesPF	mbyllProçesPF	existing-unreviewed		0
code	code	code	existing-unreviewed		0
code1Ptr	code1Kursori	code1Kursori	existing-unreviewed		0
code1ptr	code1Kursori_2	code1Kursori_2	existing-unreviewed		0
code2Ptr	code2Kursori	code2Kursori	existing-unreviewed		0
code3Ptr	code3Kursori	code3Kursori	existing-unreviewed		0
codeSegment	codesegment	codesegment	existing-unreviewed		0
colorIndex	ngjyraTreguesi	ngjyraTreguesi	existing-unreviewed		0
colordepth	ngjyradepth	ngjyradepth	existing-unreviewed		0
command	urdhër	urdhër	existing-unreviewed		0
commandPort	urdhërPorta	urdhërPorta	existing-unreviewed		0
commandport	urdhërPorta_2	urdhërPorta_2	existing-unreviewed		0
common	tëpërbashkët	tëpërbashkët	existing-unreviewed		0
connected	connected	connected	existing-unreviewed		0
console	konsolë	konsolë	existing-unreviewed		0
controlPort	controlPorta	controlPorta	existing-unreviewed		0
copyExecVector	kopjoexecvector	kopjoexecvector	existing-unreviewed		0
copyLength	kopjoGjatësi	kopjoGjatësi	existing-unreviewed		0
copyPageDir	kopjofaqeDosje	kopjofaqeDosje	existing-unreviewed		0
copyPath	kopjoPOZICIONI	kopjoPOZICIONI	existing-unreviewed		0
copySocketName	kopjosocketEmri	kopjosocketEmri	existing-unreviewed		0
copyUtsField	kopjoutsfield	kopjoutsfield	existing-unreviewed		0
count	count	count	existing-unreviewed		0
count2	count2	count2	existing-unreviewed		0
cowFrameManager	cowKornizëManazhuesi	cowKornizëManazhuesi	existing-unreviewed		0
cpu	cpu	cpu	existing-unreviewed		0
cpustate	cpuGjendje	cpuGjendje	existing-unreviewed		0
cr0	cr0	cr0	existing-unreviewed		0
cr3	cr3	cr3	existing-unreviewed		0
cr4	cr4	cr4	existing-unreviewed		0
crtcDataPort	crtcdataPorta	crtcdataPorta	existing-unreviewed		0
crtcIndexPort	crtcTreguesiPorta	crtcTreguesiPorta	existing-unreviewed		0
cs	cs	cs	existing-unreviewed		0
currentRecvBuffer	etanishmerecvbuffer	etanishmerecvbuffer	existing-unreviewed		0
currentSendBuffer	etanishmeDërgobuffer	etanishmeDërgobuffer	existing-unreviewed		0
currentTask	etanishmeProces	etanishmeProces	existing-unreviewed		0
currentThread	etanishmethread	etanishmethread	existing-unreviewed		0
currentThreadIndex	etanishmethreadTreguesi	etanishmethreadTreguesi	existing-unreviewed		0
cursorHeight	kursorLartësia	kursorLartësia	existing-unreviewed		0
cursorStart	kursorFillo	kursorFillo	existing-unreviewed		0
d_tag	dtag	dtag	existing-unreviewed		0
d_val_ptr	dvalKursori	dvalKursori	existing-unreviewed		0
data	data	data	existing-unreviewed		0
dataBuf	databuffer	databuffer	existing-unreviewed		0
dataBytes	databytes	databytes	existing-unreviewed		0
dataPointer	dataKursori	dataKursori	existing-unreviewed		0
dataPort	dataPorta	dataPorta	existing-unreviewed		0
dataStart	dataFillo	dataFillo	existing-unreviewed		0
databuffer	databuffer_2	databuffer_2	existing-unreviewed		0
dataport	dataPorta_2	dataPorta_2	existing-unreviewed		0
defaultKeyboardEventHandler	eprezgjedhurTastieraNgjarjehandler	eprezgjedhurTastieraNgjarjehandler	existing-unreviewed		0
desc	descriptor	descriptor	existing-unreviewed		0
description	përshkrimi	përshkrimi	existing-unreviewed		0
destination	destinacioni	destinacioni	existing-unreviewed		0
destinationAddress	destinacioniaddress	destinacioniaddress	existing-unreviewed		0
destinationLength	destinacioniGjatësi	destinacioniGjatësi	existing-unreviewed		0
dev	dispozitivi	dispozitivi	existing-unreviewed		0
device	dispozitivi_2	dispozitivi_2	existing-unreviewed		0
deviceDescriptor	dispozitividescriptor	dispozitividescriptor	existing-unreviewed		0
devicePort	dispozitiviPorta	dispozitiviPorta	existing-unreviewed		0
diff	diff	diff	existing-unreviewed		0
digits	digits	digits	existing-unreviewed		0
dirent	dirent	dirent	existing-unreviewed		0
direntBytes	direntbytes	direntbytes	existing-unreviewed		0
direntPtr	direntKursori	direntKursori	existing-unreviewed		0
discardProcess	discardProçes	discardProçes	existing-unreviewed		0
dispatchInterrupt	dispatchinterrupt	dispatchinterrupt	existing-unreviewed		0
divisor	divisor	divisor	existing-unreviewed		0
domain	domeini	domeini	existing-unreviewed		0
driveNumber	drivenumber	drivenumber	existing-unreviewed		0
driver	driver	driver	existing-unreviewed		0
driverManager	driverManazhuesi	driverManazhuesi	existing-unreviewed		0
drivercount	drivercount	drivercount	existing-unreviewed		0
drv	driver_2	driver_2	existing-unreviewed		0
ds	ds	ds	existing-unreviewed		0
ds_segment	dssegment	dssegment	existing-unreviewed		0
dst	destinacioni_2	destinacioni_2	existing-unreviewed		0
dstEntry	destinacionientry	destinacionientry	existing-unreviewed		0
dstIP	destinacioniipaddress	destinacioniipaddress	existing-unreviewed		0
dstIP_BE	destinacioniipaddressRrjetibyteorder	destinacioniipaddressRrjetibyteorder	existing-unreviewed		0
dstMAC	destinacionimacaddress	destinacionimacaddress	existing-unreviewed		0
dstMAC_BE	destinacionimacbe	destinacionimacbe	existing-unreviewed		0
dstPageDir	destinacionifaqeDosje	destinacionifaqeDosje	existing-unreviewed		0
dstPort	destinacioniPortanumber	destinacioniPortanumber	pending-language-review	destination_port	0
dstPt	destinacionipt	destinacionipt	existing-unreviewed		0
dstPtPtr	destinacioniptKursori	destinacioniptKursori	existing-unreviewed		0
dstPtr	destinacioniKursori	destinacioniKursori	existing-unreviewed		0
dstptr	destinacioniKursori_2	destinacioniKursori_2	existing-unreviewed		0
dynamic	dynamic	dynamic	existing-unreviewed		0
e	e	e	existing-unreviewed		0
e_ehsize	eehsize	eehsize	existing-unreviewed		0
e_entry	eentry	eentry	existing-unreviewed		0
e_flags	eFlamurka	eFlamurka	existing-unreviewed		0
e_ident	eident	eident	existing-unreviewed		0
e_machine	emachine	emachine	existing-unreviewed		0
e_phentsize	ephentsize	ephentsize	existing-unreviewed		0
e_phnum	ephnum	ephnum	existing-unreviewed		0
e_phoff	ephoff	ephoff	existing-unreviewed		0
e_shentsize	eshentsize	eshentsize	existing-unreviewed		0
e_shnum	eshnum	eshnum	existing-unreviewed		0
e_shoff	eshoff	eshoff	existing-unreviewed		0
e_shstrndx	eshstrndx	eshstrndx	existing-unreviewed		0
e_type	eLloji	eLloji	existing-unreviewed		0
e_version	eversion	eversion	existing-unreviewed		0
eax	eax	eax	existing-unreviewed		0
ebp	ebp	ebp	existing-unreviewed		0
ebx	ebx	ebx	existing-unreviewed		0
ecx	ecx	ecx	existing-unreviewed		0
edi	edi	edi	existing-unreviewed		0
edx	edx	edx	existing-unreviewed		0
efHandler	efhandler	efhandler	existing-unreviewed		0
eflags	eflags	eflags	existing-unreviewed		0
eip	eip	eip	existing-unreviewed		0
eipOffset	eipoffset	eipoffset	existing-unreviewed		0
elf	elf	elf	existing-unreviewed		0
elf0	elf0	elf0	existing-unreviewed		0
elf2	elf2	elf2	existing-unreviewed		0
elf3	elf3	elf3	existing-unreviewed		0
elf4	elf4	elf4	existing-unreviewed		0
elfHeader	elfheader	elfheader	existing-unreviewed		0
enabled	aktivuar	aktivuar	existing-unreviewed		0
end	fund	fund	existing-unreviewed		0
endOffset	fundoffset	fundoffset	existing-unreviewed		0
end_cylinder	fundcylinder	fundcylinder	existing-unreviewed		0
end_head	fundhead	fundhead	existing-unreviewed		0
end_sector	fundsector	fundsector	existing-unreviewed		0
ensureCurrentProcess	ensureEtanishmeProçes	ensureEtanishmeProçes	existing-unreviewed		0
entry	entry	entry	existing-unreviewed		0
entryPoint	entrypoint	entrypoint	existing-unreviewed		0
entrypoint	entrypoint_2	entrypoint_2	existing-unreviewed		0
environment	environment	environment	existing-unreviewed		0
environmentPointers	environmentpointers	environmentpointers	existing-unreviewed		0
err	err	err	existing-unreviewed		0
errorPort	gabimPorta	gabimPorta	existing-unreviewed		0
es	es	es	existing-unreviewed		0
esi	esi	esi	existing-unreviewed		0
esp	esp	esp	existing-unreviewed		0
esp0	esp0	esp0	existing-unreviewed		0
esp1	esp1	esp1	existing-unreviewed		0
esp2	esp2	esp2	existing-unreviewed		0
etherFrameProvider	ethernetKornizëprovider	ethernetKornizëprovider	pending-language-review	ethernet_provider	0
etherType	ethernetLloji	ethernetLloji	existing-unreviewed		0
etherType_BE	ethernetLlojibe	ethernetLlojibe	existing-unreviewed		0
etherframe	ethernetKornizë	ethernetKornizë	existing-unreviewed		0
etherframePayload	ethernetKornizëpayload	ethernetKornizëpayload	existing-unreviewed		0
except	except	except	existing-unreviewed		0
exceptionCR0	exceptioncr0	exceptioncr0	existing-unreviewed		0
exceptionCR2	exceptioncr2	exceptioncr2	existing-unreviewed		0
exceptionCR3	exceptioncr3	exceptioncr3	existing-unreviewed		0
exceptionFrameValue	exceptionKornizëVlera	exceptionKornizëVlera	existing-unreviewed		0
exceptionHasErrorCode	exceptionhasGabimcode	exceptionhasGabimcode	existing-unreviewed		0
exceptionName	exceptionEmri	exceptionEmri	existing-unreviewed		0
execVector	execvector	execvector	existing-unreviewed		0
exists	exists	exists	existing-unreviewed		0
exited	exited	exited	existing-unreviewed		0
ext	ext	ext	existing-unreviewed		0
extFlags	extFlamurka	extFlamurka	existing-unreviewed		0
extendedScanCode	extendedscancode	extendedscancode	existing-unreviewed		0
fDupFD	fdupPF	fdupPF	existing-unreviewed		0
fGetFD	fgetPF	fgetPF	existing-unreviewed		0
fGetFL	fgetfl	fgetfl	existing-unreviewed		0
fSetFD	fCaktoniPF	fCaktoniPF	existing-unreviewed		0
fSetFL	fCaktonifl	fCaktonifl	existing-unreviewed		0
fat	fat	fat	existing-unreviewed		0
fatCopies	fatKopjo	fatKopjo	existing-unreviewed		0
fatInfo	fatinfo	fatinfo	existing-unreviewed		0
fatOffsetInSectorForCurrentCluster	fatoffsetZmadhosectorforEtanishmecluster	fatoffsetZmadhosectorforEtanishmecluster	existing-unreviewed		0
fatSectorCount	fatsectorcount	fatsectorcount	existing-unreviewed		0
fatSectorForCurrentCluster	fatsectorforEtanishmecluster	fatsectorforEtanishmecluster	existing-unreviewed		0
fatSize	fatMadhësia	fatMadhësia	existing-unreviewed		0
fatStart	fatFillo	fatFillo	existing-unreviewed		0
fatTypeLabel	fatLlojiEtiketë	fatLlojiEtiketë	existing-unreviewed		0
fatVersion	fatversion	fatversion	existing-unreviewed		0
fatbuf	fatbuf	fatbuf	existing-unreviewed		0
fatbuffer	fatbuffer	fatbuffer	existing-unreviewed		0
faultAddr	faultaddress	faultaddress	existing-unreviewed		0
fb	fb	fb	existing-unreviewed		0
fbCurCol	fbEtanishmecol	fbEtanishmecol	existing-unreviewed		0
fbCurLine	fbEtanishmeline	fbEtanishmeline	existing-unreviewed		0
fbHeight	fbLartësia	fbLartësia	existing-unreviewed		0
fbPhysAddr	fbphysaddress	fbphysaddress	existing-unreviewed		0
fbWidth	fbGjerësia	fbGjerësia	existing-unreviewed		0
fd	pF	pF	existing-unreviewed		0
fdCloexec	pFcloexec	pFcloexec	existing-unreviewed		0
fdEntry	pFentry	pFentry	existing-unreviewed		0
fdFlags	pFFlamurka	pFFlamurka	existing-unreviewed		0
fdKindConsole	pFkindKonsolë	pFkindKonsolë	existing-unreviewed		0
fdKindFat	pFkindfat	pFkindfat	existing-unreviewed		0
fdKindNone	pFkindAsnjë	pFkindAsnjë	existing-unreviewed		0
fdKindRootDir	pFkindRrënjëDosje	pFkindRrënjëDosje	existing-unreviewed		0
fdKindSocket	pFkindsocket	pFkindsocket	existing-unreviewed		0
fdKindStdin	pFkindstdin	pFkindstdin	existing-unreviewed		0
fds	fds	fds	existing-unreviewed		0
filePtr	kartelëKursori	kartelëKursori	existing-unreviewed		0
fileSector	kartelësector	kartelësector	existing-unreviewed		0
fileSize	kartelëMadhësia	kartelëMadhësia	existing-unreviewed		0
filename	emriifile	emriifile	existing-unreviewed		0
fillPosixStat	fillposixstat	fillposixstat	existing-unreviewed		0
findProcess	gjejProçes	gjejProçes	existing-unreviewed		0
first	first	first	existing-unreviewed		0
firstClusterHi	firstclusterhi	firstclusterhi	existing-unreviewed		0
firstClusterLow	firstclusterUlët	firstclusterUlët	existing-unreviewed		0
firstFileCluster	firstKartelëcluster	firstKartelëcluster	existing-unreviewed		0
flags	flamurka	flamurka	existing-unreviewed		0
flags2	flamurka2	flamurka2	existing-unreviewed		0
flagsAndOffset	flamurkaandoffset	flamurkaandoffset	existing-unreviewed		0
flushIndex	flushTreguesi	flushTreguesi	existing-unreviewed		0
flushTlsTable	flushtlsTabela	flushtlsTabela	existing-unreviewed		0
flush_tss	flushtss	flushtss	existing-unreviewed		0
fn	fn	fn	existing-unreviewed		0
foo	foo	foo	existing-unreviewed		0
foundChild	foundbir	foundbir	existing-unreviewed		0
frame	kornizë	kornizë	existing-unreviewed		0
frameCount	kornizëcount	kornizëcount	existing-unreviewed		0
frameHeaderSize	kornizëheaderMadhësia	kornizëheaderMadhësia	existing-unreviewed		0
free	elirë	elirë	existing-unreviewed		0
freePort	elirëPorta	elirëPorta	existing-unreviewed		0
frequency	shpeshti	shpeshti	existing-unreviewed		0
fs	fs	fs	existing-unreviewed		0
func1Val	func1val	func1val	existing-unreviewed		0
func2Val	func2val	func2val	existing-unreviewed		0
func3Val	func3val	func3val	existing-unreviewed		0
func_addr	funcaddress	funcaddress	existing-unreviewed		0
func_bytes	funcbytes	funcbytes	existing-unreviewed		0
func_name	funcEmri	funcEmri	existing-unreviewed		0
func_value	funcVlera	funcVlera	existing-unreviewed		0
function	funksion	funksion	existing-unreviewed		0
fxrstor	fxrstor	fxrstor	existing-unreviewed		0
fxsave	fxsave	fxsave	existing-unreviewed		0
g	g	g	existing-unreviewed		0
g_320x200x256	g320x200x256	g320x200x256	existing-unreviewed		0
gate	gate	gate	existing-unreviewed		0
gateData	gatedata	gatedata	existing-unreviewed		0
gatewayIP	gatewayip	gatewayip	existing-unreviewed		0
gdt	gdt	gdt	existing-unreviewed		0
gdtDescriptor	gdtdescriptor	gdtdescriptor	existing-unreviewed		0
gdtEntry	gdtentry	gdtentry	existing-unreviewed		0
gdtTable	gdtTabela	gdtTabela	existing-unreviewed		0
gdtTableLen	gdtTabelalen	gdtTabelalen	existing-unreviewed		0
gdt_codeSegmentSelector	gdtcodesegmentselector	gdtcodesegmentselector	existing-unreviewed		0
gdt_func	gdtfunc	gdtfunc	existing-unreviewed		0
getCR2	getcr2	getcr2	existing-unreviewed		0
getCR3	getcr3	getcr3	existing-unreviewed		0
getDescriptor	getdescriptor	getdescriptor	existing-unreviewed		0
getESI	getesi	getesi	existing-unreviewed		0
getESP	getesp	getesp	existing-unreviewed		0
getGDT	getgdt	getgdt	existing-unreviewed		0
getGS	getgs	getgs	existing-unreviewed		0
getOpenFile	getHapKartelë	getHapKartelë	existing-unreviewed		0
getOpenFileFor	getHapKartelëfor	getHapKartelëfor	existing-unreviewed		0
getTLS	gettls	gettls	existing-unreviewed		0
globalDescriptorTable	globaldescriptorTabela	globaldescriptorTabela	existing-unreviewed		0
globalOffsetTable	globaloffsetTabela	globaloffsetTabela	existing-unreviewed		0
global_offset_table	globaloffsetTabela_2	globaloffsetTabela_2	existing-unreviewed		0
graphicsControllerDataPort	grafikëcontrollerdataPorta	grafikëcontrollerdataPorta	existing-unreviewed		0
graphicsControllerIndexPort	grafikëcontrollerTreguesiPorta	grafikëcontrollerTreguesiPorta	existing-unreviewed		0
grub_multiboot_memory_map_t	grubmultibootMemoriamapt	grubmultibootMemoriamapt	existing-unreviewed		0
gs	gs	gs	existing-unreviewed		0
gs_segment	gssegment	gssegment	existing-unreviewed		0
h	h	h	existing-unreviewed		0
haltAfterFatalException	haltafterfatalexception	haltafterfatalexception	existing-unreviewed		0
handleInterrupt	handleinterrupt	handleinterrupt	existing-unreviewed		0
handleKeyboardInterrupt	handleTastierainterrupt	handleTastierainterrupt	existing-unreviewed		0
handleMouseInterrupt	handleMiuinterrupt	handleMiuinterrupt	existing-unreviewed		0
handlePagingInterrupt	handlepaginginterrupt	handlepaginginterrupt	existing-unreviewed		0
handleUnhandledSyscall	handleunhandledsyscall	handleunhandledsyscall	existing-unreviewed		0
handler	handler	handler	existing-unreviewed		0
handlerAddressHighBits	handleraddressLartëbits	handleraddressLartëbits	existing-unreviewed		0
handlerAddressLowBits	handleraddressUlëtbits	handleraddressUlëtbits	existing-unreviewed		0
handlerRun	handlerEkzekuto	handlerEkzekuto	existing-unreviewed		0
handlers	handler_2	handler_2	existing-unreviewed		0
hardwareAddressSize	hardwareaddressMadhësia	hardwareaddressMadhësia	existing-unreviewed		0
hardwareInterruptOffset	hardwareinterruptoffset	hardwareinterruptoffset	existing-unreviewed		0
hardwareType	hardwareLloji	hardwareLloji	existing-unreviewed		0
hd	hd	hd	existing-unreviewed		0
head	head	head	existing-unreviewed		0
headCount	headcount	headcount	existing-unreviewed		0
headerLength	headerGjatësi	headerGjatësi	existing-unreviewed		0
headertype	headertype	headertype	existing-unreviewed		0
height	lartësia	lartësia	existing-unreviewed		0
hex	hex	hex	existing-unreviewed		0
hiddenSectors	padukshëmsectors	padukshëmsectors	existing-unreviewed		0
i	i	i	existing-unreviewed		0
iCount	icount	icount	existing-unreviewed		0
iDrivers	idriver	idriver	existing-unreviewed		0
iKeyboardEventHandler	iTastieraNgjarjehandler	iTastieraNgjarjehandler	existing-unreviewed		0
iMouseEventHandler	iMiuNgjarjehandler	iMiuNgjarjehandler	existing-unreviewed		0
iPCIControllerHandler	ipcicontrollerhandler	ipcicontrollerhandler	existing-unreviewed		0
iRawDataHandler	irawdatahandler	irawdatahandler	existing-unreviewed		0
iTimerEventHandler	itimerNgjarjehandler	itimerNgjarjehandler	existing-unreviewed		0
icmp	icmp	icmp	existing-unreviewed		0
icmpSize	icmpMadhësia	icmpMadhësia	existing-unreviewed		0
icmp콘솔	icmpKonsolë	icmpKonsolë	existing-unreviewed		0
id	id	id	existing-unreviewed		0
ident	ident	ident	existing-unreviewed		0
idtData	idtdata	idtdata	existing-unreviewed		0
idtPointer	idtKursori	idtKursori	existing-unreviewed		0
idx	idx	idx	existing-unreviewed		0
index	treguesi	treguesi	existing-unreviewed		0
initBlock	initblock	initblock	existing-unreviewed		0
initFileDescriptors	initKartelëdescriptor	initKartelëdescriptor	existing-unreviewed		0
initPIT	initpit	initpit	existing-unreviewed		0
initializeProcessFDs	initializeProçesfds	initializeProçesfds	existing-unreviewed		0
inode	inode	inode	existing-unreviewed		0
inputEventTask	hyrjaNgjarjeProces	hyrjaNgjarjeProces	existing-unreviewed		0
installIDT	instaloidt	instaloidt	existing-unreviewed		0
intNumber	intnumber	intnumber	existing-unreviewed		0
interface_id	iNTERFAQJAid	iNTERFAQJAid	existing-unreviewed		0
internetprotocolPayload	internetprotocolpayload	internetprotocolpayload	existing-unreviewed		0
interrupt	interrupt	interrupt	existing-unreviewed		0
interruptDebug	interruptdebug	interruptdebug	existing-unreviewed		0
interruptExitLoop	interruptDaljaloop	interruptDaljaloop	existing-unreviewed		0
interruptGateEntries	interruptgateentry	interruptgateentry	existing-unreviewed		0
interruptHandler	interrupthandler	interrupthandler	existing-unreviewed		0
interrupts	interrupts	interrupts	existing-unreviewed		0
iomap	iomap	iomap	existing-unreviewed		0
ip	ip	ip	existing-unreviewed		0
ipEtherFrameHandler	ipethernetKornizëhandler	ipethernetKornizëhandler	existing-unreviewed		0
ipHandler	iphandler	iphandler	existing-unreviewed		0
ipIdx	ipidx	ipidx	existing-unreviewed		0
ipProtocolUDP	ipprotocoludp	ipprotocoludp	existing-unreviewed		0
ipProvider	ipprovider	ipprovider	pending-language-review	ip_provider	0
ipSize	ipMadhësia	ipMadhësia	existing-unreviewed		0
ip_be	ipRrjetibyteorder	ipRrjetibyteorder	existing-unreviewed		0
ipmessage	internetprotocolMesazhi	internetprotocolMesazhi	existing-unreviewed		0
ipv4	ipv4	ipv4	existing-unreviewed		0
ip콘솔	ipKonsolë	ipKonsolë	existing-unreviewed		0
isKernel	iskernel	iskernel	existing-unreviewed		0
isRoot	isRrënjë	isRrënjë	existing-unreviewed		0
isRootPath	isRrënjëPOZICIONI	isRrënjëPOZICIONI	existing-unreviewed		0
isSharedPDE	issharedpde	issharedpde	existing-unreviewed		0
istOffset	istoffset	istoffset	existing-unreviewed		0
j	j	j	existing-unreviewed		0
jmp	jmp	jmp	existing-unreviewed		0
jmp_user	jmpPërdoruesi	jmpPërdoruesi	existing-unreviewed		0
jump_usermode_iret	jumpusermodeiret	jumpusermodeiret	existing-unreviewed		0
kPageDirEntry	kfaqeDosjeentry	kfaqeDosjeentry	existing-unreviewed		0
kernelESP	kernelesp	kernelesp	existing-unreviewed		0
kernelPageDirEntry	kernelfaqeDosjeentry	kernelfaqeDosjeentry	existing-unreviewed		0
kernelSS	kernelss	kernelss	existing-unreviewed		0
key	çeles	çeles	existing-unreviewed		0
keyboard	tastiera	tastiera	existing-unreviewed		0
keyboardDriver	tastieradriver	tastieradriver	existing-unreviewed		0
keyboardEventHandler	tastieraNgjarjehandler	tastieraNgjarjehandler	existing-unreviewed		0
keyboardQueue	tastieraqueue	tastieraqueue	existing-unreviewed		0
keyboardQueueRead	tastieraqueueLeximi	tastieraqueueLeximi	existing-unreviewed		0
keyboardQueueSize	tastieraqueueMadhësia	tastieraqueueMadhësia	existing-unreviewed		0
keyboardQueueWrite	tastieraqueueShkrimi	tastieraqueueShkrimi	existing-unreviewed		0
kind	kind	kind	existing-unreviewed		0
l	l	l	existing-unreviewed		0
last	efundit	efundit	existing-unreviewed		0
lbaHiPort	lbahiPorta	lbahiPorta	existing-unreviewed		0
lbaLowPort	lbaUlëtPorta	lbaUlëtPorta	existing-unreviewed		0
lbaMidPort	lbamidPorta	lbamidPorta	existing-unreviewed		0
ldt	ldt	ldt	existing-unreviewed		0
leftShift	majtasshift	majtasshift	existing-unreviewed		0
len	len	len	existing-unreviewed		0
len_ver	lenver	lenver	existing-unreviewed		0
length	gjatësi	gjatësi	existing-unreviewed		0
lengthAddress	gjatësiaddress	gjatësiaddress	existing-unreviewed		0
lengthInBytes	gjatësiZmadhobytes	gjatësiZmadhobytes	existing-unreviewed		0
length_high	gjatësiLartë	gjatësiLartë	existing-unreviewed		0
length_low	gjatësiUlët	gjatësiUlët	existing-unreviewed		0
lengths	lengths	lengths	existing-unreviewed		0
lib1Addr	lib1address	lib1address	existing-unreviewed		0
lib1Data	lib1data	lib1data	existing-unreviewed		0
lib1File	lib1Kartelë	lib1Kartelë	existing-unreviewed		0
lib1GOT	lib1got	lib1got	existing-unreviewed		0
lib1elf	lib1elf	lib1elf	existing-unreviewed		0
lib2Addr	lib2address	lib2address	existing-unreviewed		0
lib2Data	lib2data	lib2data	existing-unreviewed		0
lib2File	lib2Kartelë	lib2Kartelë	existing-unreviewed		0
lib2GOT	lib2got	lib2got	existing-unreviewed		0
lib2elf	lib2elf	lib2elf	existing-unreviewed		0
libLinkMap	libLidhjemap	libLidhjemap	existing-unreviewed		0
lidtaddr	lidtaddr	lidtaddr	existing-unreviewed		0
limit	kufi	kufi	existing-unreviewed		0
limitHighAndFlags	kufiLartëandFlamurka	kufiLartëandFlamurka	existing-unreviewed		0
limitLow	kufiUlët	kufiUlët	existing-unreviewed		0
linkMap	lidhjemap	lidhjemap	existing-unreviewed		0
linkMapAddr	lidhjemapaddress	lidhjemapaddress	existing-unreviewed		0
linkerAddr	linkeraddress	linkeraddress	existing-unreviewed		0
linkerData	linkerdata	linkerdata	existing-unreviewed		0
linkerEntry	linkerentry	linkerentry	existing-unreviewed		0
linkerFile	linkerKartelë	linkerKartelë	existing-unreviewed		0
list	listë	listë	existing-unreviewed		0
listening	listening	listening	existing-unreviewed		0
loader	loader	loader	existing-unreviewed		0
local	local	local	existing-unreviewed		0
localDatagramSocket	localdatagramsocket	localdatagramsocket	existing-unreviewed		0
localIP	localip	localip	existing-unreviewed		0
localPort	localPortanumber	localPortanumber	existing-unreviewed		0
localSockets	localsockets	localsockets	existing-unreviewed		0
logicalAddress	logicaladdress	logicaladdress	existing-unreviewed		0
macAddr	macaddress	macaddress	existing-unreviewed		0
macIdx	macidx	macidx	existing-unreviewed		0
magicnumber	magicnumber	magicnumber	existing-unreviewed		0
main	main	main	compatibility		0
mainThread	kryesorthread	kryesorthread	existing-unreviewed		0
makePagePrivateWritableCurrent	makefaqePrivatwritableEtanishme	makefaqePrivatwritableEtanishme	existing-unreviewed		0
makeRangePrivateWritableCurrent	makeIntervalPrivatwritableEtanishme	makeIntervalPrivatwritableEtanishme	existing-unreviewed		0
manager	manazhuesi	manazhuesi	existing-unreviewed		0
mask	mask	mask	existing-unreviewed		0
master	master	master	existing-unreviewed		0
matches	matches	matches	existing-unreviewed		0
maxBARs	maxbars	maxbars	existing-unreviewed		0
maxDatagramSize	maxdatagramMadhësia	maxdatagramMadhësia	existing-unreviewed		0
maxExecStringLength	maxexecvargGjatësi	maxexecvargGjatësi	existing-unreviewed		0
maxExecVectorEntries	maxexecvectorentry	maxexecvectorentry	existing-unreviewed		0
maxFD	maxPF	maxPF	existing-unreviewed		0
maxOpenFiles	maxHapKartela	maxHapKartela	existing-unreviewed		0
maxSocketPackets	maxsocketpackets	maxsocketpackets	existing-unreviewed		0
maxSockets	maxsockets	maxsockets	existing-unreviewed		0
maximumBlocks	maksimumblock	maksimumblock	existing-unreviewed		0
mediaType	suportiLloji	suportiLloji	existing-unreviewed		0
mem	mem	mem	existing-unreviewed		0
memoryArray	memoriaRreshtimi	memoriaRreshtimi	existing-unreviewed		0
memoryChunkSize	memoriachunkMadhësia	memoriachunkMadhësia	existing-unreviewed		0
memoryManager	memoriaManazhuesi	memoriaManazhuesi	existing-unreviewed		0
memoryOper	memoriaoper	memoriaoper	existing-unreviewed		0
memorySize	memoriaMadhësia	memoriaMadhësia	existing-unreviewed		0
memorymananger	memorymananger	memorymananger	existing-unreviewed		0
memorytest	memorytest	memorytest	existing-unreviewed		0
message	mesazhi	mesazhi	existing-unreviewed		0
micsPort	micsPorta	micsPorta	existing-unreviewed		0
minimum	minimum	minimum	existing-unreviewed		0
mode	mënyrë	mënyrë	existing-unreviewed		0
mouseDriver	miudriver	miudriver	existing-unreviewed		0
mouseEventHandler	miuNgjarjehandler	miuNgjarjehandler	existing-unreviewed		0
mouseVGA	miuvga	miuvga	existing-unreviewed		0
mouseWidget	miuwidget	miuwidget	existing-unreviewed		0
msdospart	msdospartition	msdospartition	existing-unreviewed		0
msg	msg	msg	existing-unreviewed		0
msgBuffer	msgbuffer	msgbuffer	existing-unreviewed		0
multiboot_memory_map	multibootMemoriamap	multibootMemoriamap	existing-unreviewed		0
multitasking	multitasking	multitasking	existing-unreviewed		0
myKeyboardEventHandler	myTastieraNgjarjehandler	myTastieraNgjarjehandler	existing-unreviewed		0
myPCIControllerHandler	mypcicontrollerhandler	mypcicontrollerhandler	existing-unreviewed		0
myfunction	myfunction	myfunction	existing-unreviewed		0
n	n	n	existing-unreviewed		0
n_descsz	ndescsz	ndescsz	existing-unreviewed		0
n_namesz	nnamesz	nnamesz	existing-unreviewed		0
n_type	nLloji	nLloji	existing-unreviewed		0
name	emri	emri	existing-unreviewed		0
nameLen	emrilen	emrilen	existing-unreviewed		0
netCard	rrjetiLetra	rrjetiLetra	existing-unreviewed		0
newButtons	iRiButon	iRiButon	existing-unreviewed		0
newFD	iRiPF	iRiPF	existing-unreviewed		0
newFrame	iRiKornizë	iRiKornizë	existing-unreviewed		0
newLink	iRiLidhje	iRiLidhje	existing-unreviewed		0
newNode	iRiNyje	iRiNyje	existing-unreviewed		0
newPtr	iRiKursori	iRiKursori	existing-unreviewed		0
next	pasuesen	pasuesen	existing-unreviewed		0
nextEphemeralPort	pasuesenephemeralPorta	pasuesenephemeralPorta	existing-unreviewed		0
nextFileCluster	pasuesenKartelëcluster	pasuesenKartelëcluster	existing-unreviewed		0
nextHopIP_BE	pasuesenhopipaddressRrjetibyteorder	pasuesenhopipaddressRrjetibyteorder	existing-unreviewed		0
nextNode	pasuesenNyje	pasuesenNyje	existing-unreviewed		0
nextProcessID	pasuesenProçesid	pasuesenProçesid	existing-unreviewed		0
nextThread	pasuesenthread	pasuesenthread	existing-unreviewed		0
nibble	nibble	nibble	existing-unreviewed		0
node	nyje	nyje	pending-language-review	list_node	0
nodeArray	nyjeRreshtimi	nyjeRreshtimi	existing-unreviewed		0
num	number	number	existing-unreviewed		0
numCacheEntries	numbercacheentry	numbercacheentry	existing-unreviewed		0
numDrivers	numberdriver	numberdriver	existing-unreviewed		0
numFunctions	numberFunksionet	numberFunksionet	existing-unreviewed		0
numRecvBuffers	numberrecvbuffer	numberrecvbuffer	existing-unreviewed		0
numSendBuffers	numberDërgobuffer	numberDërgobuffer	existing-unreviewed		0
numSockets	numbersockets	numbersockets	existing-unreviewed		0
numTasks	numberDetyra	numberDetyra	existing-unreviewed		0
oAppend	oappend	oappend	existing-unreviewed		0
oCreate	ocreate	ocreate	existing-unreviewed		0
oDirectory	oDosje	oDosje	existing-unreviewed		0
oReadOnly	oLeximionly	oLeximionly	existing-unreviewed		0
oReadWrite	oLeximiShkrimi	oLeximiShkrimi	existing-unreviewed		0
oTruncate	otruncate	otruncate	existing-unreviewed		0
oWriteOnly	oShkrimionly	oShkrimionly	existing-unreviewed		0
o_addr	oaddress	oaddress	existing-unreviewed		0
offset	offset	offset	existing-unreviewed		0
ok	ok	ok	existing-unreviewed		0
oldButtons	oldButon	oldButon	existing-unreviewed		0
oldCR3	oldcr3	oldcr3	existing-unreviewed		0
oldFD	oldPF	oldPF	existing-unreviewed		0
oldFrame	oldKornizë	oldKornizë	existing-unreviewed		0
oldGdt	oldgdt	oldgdt	existing-unreviewed		0
oldGdtAddr	oldgdtaddress	oldgdtaddress	existing-unreviewed		0
oldGdtLen	oldgdtlen	oldgdtlen	existing-unreviewed		0
openFileDescription	hapKartelëPërshkrimi	hapKartelëPërshkrimi	existing-unreviewed		0
openFileTable	hapKartelëTabela	hapKartelëTabela	existing-unreviewed		0
options	mundësitë	mundësitë	existing-unreviewed		0
orgValue	orgVlera	orgVlera	existing-unreviewed		0
p	p	p	existing-unreviewed		0
p1	p1	p1	existing-unreviewed		0
p2	p2	p2	existing-unreviewed		0
p_align	pRreshtimi	pRreshtimi	existing-unreviewed		0
p_backend	pbackend	pbackend	existing-unreviewed		0
p_data	pdata	pdata	existing-unreviewed		0
p_efHandler	pefhandler	pefhandler	existing-unreviewed		0
p_efProvider	pefprovider	pefprovider	existing-unreviewed		0
p_etherType	pethernetLloji	pethernetLloji	existing-unreviewed		0
p_filesz	pfilesz	pfilesz	existing-unreviewed		0
p_flags	pFlamurka	pFlamurka	existing-unreviewed		0
p_iHandler	pihandler	pihandler	existing-unreviewed		0
p_ipHandler	piphandler	piphandler	existing-unreviewed		0
p_ipProvider	pipprovider	pipprovider	existing-unreviewed		0
p_memsz	pmemsz	pmemsz	existing-unreviewed		0
p_offset	poffset	poffset	existing-unreviewed		0
p_paddr	ppaddr	ppaddr	existing-unreviewed		0
p_protocol	pprotocol	pprotocol	existing-unreviewed		0
p_provider	pprovider	pprovider	existing-unreviewed		0
p_str	pstr	pstr	existing-unreviewed		0
p_type	pLloji	pLloji	existing-unreviewed		0
p_udpHandler	pudphandler	pudphandler	existing-unreviewed		0
p_udpProvider	pudpprovider	pudpprovider	existing-unreviewed		0
p_vaddr	pvaddr	pvaddr	existing-unreviewed		0
packet	packet	packet	existing-unreviewed		0
packetStatus	packetGjendja	packetGjendja	existing-unreviewed		0
packets	packets	packets	existing-unreviewed		0
page	faqe	faqe	existing-unreviewed		0
pageDir	faqeDosje	faqeDosje	pending-language-review	page_directory	0
pageDirEntry	faqeDosjeentry	faqeDosjeentry	existing-unreviewed		0
pageTableEntry	faqeTabelaentry	faqeTabelaentry	existing-unreviewed		0
paging	paging	paging	existing-unreviewed		0
param	param	param	existing-unreviewed		0
params	params	params	existing-unreviewed		0
parent	prind	prind	existing-unreviewed		0
parentPID	prindpid	prindpid	existing-unreviewed		0
parentProcess	prindProçes	prindProçes	existing-unreviewed		0
partEntry	partentry	partentry	existing-unreviewed		0
partition	partition	partition	existing-unreviewed		0
partitionBytes	partitionbytes	partitionbytes	existing-unreviewed		0
partitionOffset	partitionoffset	partitionoffset	existing-unreviewed		0
path	pOZICIONI	pOZICIONI	existing-unreviewed		0
pathAddr	pOZICIONIaddress	pOZICIONIaddress	existing-unreviewed		0
pci	pci	pci	existing-unreviewed		0
pciController	pcicontroller	pcicontroller	existing-unreviewed		0
pde	pde	pde	existing-unreviewed		0
pdeAddr	pdeaddress	pdeaddress	existing-unreviewed		0
pdelen	pdelen	pdelen	existing-unreviewed		0
peer	peer	peer	existing-unreviewed		0
pendingButtons	pendingButon	pendingButon	existing-unreviewed		0
pendingMouseEvent	pendingMiuNgjarje	pendingMiuNgjarje	existing-unreviewed		0
pendingX	pendingx	pendingx	existing-unreviewed		0
pendingY	pendingy	pendingy	existing-unreviewed		0
phyaddr	phyaddr	phyaddr	existing-unreviewed		0
phymem	physicalMemoria	physicalMemoria	existing-unreviewed		0
physicalAddress	physicaladdress	physicaladdress	existing-unreviewed		0
pid	pid	pid	existing-unreviewed		0
pitFrequency	pitShpeshti	pitShpeshti	existing-unreviewed		0
pixelAddress	pixeladdress	pixeladdress	existing-unreviewed		0
pointer	kursori	kursori	pending-language-review	pointer	0
pollKeyboardScancode	pollTastierascancode	pollTastierascancode	existing-unreviewed		0
port	porta	porta	existing-unreviewed		0
portBase	portabase	portabase	existing-unreviewed		0
portInUse	portaZmadhoPërdor	portaZmadhoPërdor	existing-unreviewed		0
portnumber	portnumber	portnumber	existing-unreviewed		0
pos	pozicion	pozicion	existing-unreviewed		0
position	pozicion_2	pozicion_2	existing-unreviewed		0
posixStat	posixstat	posixstat	existing-unreviewed		0
posixUtsname	posixutsname	posixutsname	existing-unreviewed		0
prefetchable	prefetchcapable	prefetchcapable	existing-unreviewed		0
prev	previous	previous	existing-unreviewed		0
prevNode	previousNyje	previousNyje	existing-unreviewed		0
prevX	previousx	previousx	existing-unreviewed		0
prevY	previousy	previousy	existing-unreviewed		0
printESP	printoesp	printoesp	existing-unreviewed		0
printExceptionSelectorInfo	printoexceptionselectorinfo	printoexceptionselectorinfo	existing-unreviewed		0
printPageFaultInfo	printofaqefaultinfo	printofaqefaultinfo	existing-unreviewed		0
printreg	printreg	printreg	existing-unreviewed		0
proc2	proc2	proc2	existing-unreviewed		0
proc3	proc3	proc3	existing-unreviewed		0
proc4	proc4	proc4	existing-unreviewed		0
process	proçes	proçes	existing-unreviewed		0
processEntry	proçesentry	proçesentry	existing-unreviewed		0
processHelper	proçeshelper	proçeshelper	existing-unreviewed		0
processTable	proçesTabela	proçesTabela	existing-unreviewed		0
processes	proçeset	proçeset	existing-unreviewed		0
programBreak	programibreak	programibreak	existing-unreviewed		0
protocol	protocol	protocol	existing-unreviewed		0
protocolAddressSize	protocoladdressMadhësia	protocoladdressMadhësia	existing-unreviewed		0
providedLength	providedGjatësi	providedGjatësi	existing-unreviewed		0
provider	provider	provider	existing-unreviewed		0
ps2WaitLimit	ps2PritKufi	ps2PritKufi	existing-unreviewed		0
pt	pt	pt	existing-unreviewed		0
pte	pte	pte	existing-unreviewed		0
pteAddr	pteaddress	pteaddress	existing-unreviewed		0
ptr	kursori_2	kursori_2	pending-language-review	pointer	0
pushExecUint32	pushexecunsignedinteger32	pushexecunsignedinteger32	existing-unreviewed		0
queueKeyboardByte	queueTastierabyte	queueTastierabyte	existing-unreviewed		0
r	r	r	existing-unreviewed		0
r_addend	raddend	raddend	existing-unreviewed		0
r_info	rinfo	rinfo	existing-unreviewed		0
r_offset	roffset	roffset	existing-unreviewed		0
raw	raw	raw	existing-unreviewed		0
rawDataBackend	rawdatabackend	rawdatabackend	existing-unreviewed		0
readFile	leximiKartelë	leximiKartelë	existing-unreviewed		0
readPS2Data	leximips2data	leximips2data	existing-unreviewed		0
readStdin	leximistdin	leximistdin	existing-unreviewed		0
readVFSFile	leximivfsKartelë	leximivfsKartelë	existing-unreviewed		0
read_count	leximicount	leximicount	existing-unreviewed		0
receiver	receiver	receiver	existing-unreviewed		0
recvBufferDescr	recvbufferPërshkrimi	recvbufferPërshkrimi	existing-unreviewed		0
recvBufferDescrAddress	recvbufferPërshkrimiaddress	recvbufferPërshkrimiaddress	existing-unreviewed		0
recvBuffers	recvbuffer	recvbuffer	existing-unreviewed		0
recvBuffersDescrMemory	recvbufferPërshkrimiMemoria	recvbufferPërshkrimiMemoria	existing-unreviewed		0
refBytes	referencebytes	referencebytes	existing-unreviewed		0
refPtr	referenceKursori	referenceKursori	existing-unreviewed		0
refs	refs	refs	existing-unreviewed		0
regIndex	regTreguesi	regTreguesi	existing-unreviewed		0
registerAddressPort	registeraddressPorta	registeraddressPorta	existing-unreviewed		0
registerDataPort	registerdataPorta	registerdataPorta	existing-unreviewed		0
registeroffset	registeroffset	registeroffset	existing-unreviewed		0
registers	register	register	existing-unreviewed		0
regtype	regtype	regtype	existing-unreviewed		0
rel_text	relTeksti	relTeksti	existing-unreviewed		0
rel_text_len	relTekstilen	relTekstilen	existing-unreviewed		0
releaseOpenFile	releaseHapKartelë	releaseHapKartelë	existing-unreviewed		0
released	released	released	existing-unreviewed		0
reloadCR3	ringarkocr3	ringarkocr3	existing-unreviewed		0
relocation_text	relocationTeksti	relocationTeksti	existing-unreviewed		0
remaining	remaining	remaining	existing-unreviewed		0
remote	remote	remote	existing-unreviewed		0
remoteIP	remoteip	remoteip	existing-unreviewed		0
remotePort	remotePortanumber	remotePortanumber	existing-unreviewed		0
requested	requested	requested	existing-unreviewed		0
reserved	reserved	reserved	existing-unreviewed		0
reserved0	reserved0	reserved0	existing-unreviewed		0
reservedSectors	reservedsectors	reservedsectors	existing-unreviewed		0
resetPort	ngafillimiPorta	ngafillimiPorta	existing-unreviewed		0
restoreFpRegs	rikthefpregs	rikthefpregs	existing-unreviewed		0
result	result	result	existing-unreviewed		0
result1	result1	result1	existing-unreviewed		0
result2	result2	result2	existing-unreviewed		0
ret	ret	ret	existing-unreviewed		0
revision	revision	revision	existing-unreviewed		0
rightShift	djathtasshift	djathtasshift	existing-unreviewed		0
rootCluster	rrënjëcluster	rrënjëcluster	existing-unreviewed		0
rootDirEntries	rrënjëDosjeentry	rrënjëDosjeentry	existing-unreviewed		0
rootStart	rrënjëFillo	rrënjëFillo	existing-unreviewed		0
rt	rt	rt	existing-unreviewed		0
s	s	s	existing-unreviewed		0
sIfchr	sifchr	sifchr	existing-unreviewed		0
sIfdir	sifdir	sifdir	existing-unreviewed		0
sIfmt	sifmt	sifmt	existing-unreviewed		0
sIfreg	sifreg	sifreg	existing-unreviewed		0
sIfsock	sifsock	sifsock	existing-unreviewed		0
savedESP	savedesp	savedesp	existing-unreviewed		0
sc	sc	sc	existing-unreviewed		0
scanCode	scancode	scancode	existing-unreviewed		0
scanCodeToByte	scancodetobyte	scancodetobyte	existing-unreviewed		0
scancodeToByte	scancodetobyte_2	scancodetobyte_2	existing-unreviewed		0
sche	sche	sche	existing-unreviewed		0
sche_data	schedata	schedata	existing-unreviewed		0
scheduleStack	schedulestack	schedulestack	existing-unreviewed		0
scheduler	scheduler	scheduler	existing-unreviewed		0
schedulerDebug	schedulerdebug	schedulerdebug	existing-unreviewed		0
sectHeader	sectheader	sectheader	existing-unreviewed		0
sectHeaderSize	sectheaderMadhësia	sectheaderMadhësia	existing-unreviewed		0
sectName	sectEmri	sectEmri	existing-unreviewed		0
sectValue	sectVlera	sectVlera	existing-unreviewed		0
sector	sector	sector	existing-unreviewed		0
sectorCountPort	sectorcountPorta	sectorcountPorta	existing-unreviewed		0
sectorNum	sectornumber	sectornumber	existing-unreviewed		0
sectorOffset	sectoroffset	sectoroffset	existing-unreviewed		0
sectorPerTrack	sectorpertrack	sectorpertrack	existing-unreviewed		0
sectorsPerCluster	sectorspercluster	sectorspercluster	existing-unreviewed		0
seekCur	seekEtanishme	seekEtanishme	existing-unreviewed		0
seekEnd	seekFund	seekFund	existing-unreviewed		0
seekSet	seekCaktoni	seekCaktoni	existing-unreviewed		0
segmentNumber	segmentnumber	segmentnumber	existing-unreviewed		0
self	vetvetja	vetvetja	existing-unreviewed		0
self_uintptr	vetvetjauintptr	vetvetjauintptr	existing-unreviewed		0
sendBack	reply	reply	existing-unreviewed		0
sendBufferDescr	dërgobufferPërshkrimi	dërgobufferPërshkrimi	existing-unreviewed		0
sendBufferDescrAddress	dërgobufferPërshkrimiaddress	dërgobufferPërshkrimiaddress	existing-unreviewed		0
sendBuffers	dërgobuffer	dërgobuffer	existing-unreviewed		0
sendBuffersDescrMemory	dërgobufferPërshkrimiMemoria	dërgobufferPërshkrimiMemoria	existing-unreviewed		0
sendDataPointer	dërgodataKursori	dërgodataKursori	existing-unreviewed		0
sendDescriptor	dërgodescriptor	dërgodescriptor	existing-unreviewed		0
sendMouseCommand	dërgoMiuUrdhër	dërgoMiuUrdhër	existing-unreviewed		0
sequencerDataPort	sequencerdataPorta	sequencerdataPorta	existing-unreviewed		0
sequencerIndexPort	sequencerTreguesiPorta	sequencerTreguesiPorta	existing-unreviewed		0
serialLogByte	serialRegjistërbyte	serialRegjistërbyte	existing-unreviewed		0
serialReady	serialGati	serialGati	existing-unreviewed		0
setCR3	caktonicr3	caktonicr3	existing-unreviewed		0
setDS	caktonids	caktonids	existing-unreviewed		0
setGS	caktonigs	caktonigs	existing-unreviewed		0
setThreadExitLoopState	caktonithreadDaljaloopGjendje	caktonithreadDaljaloopGjendje	existing-unreviewed		0
setupExecStack	setupexecstack	setupexecstack	existing-unreviewed		0
sh	sh	sh	existing-unreviewed		0
sh_addr	shaddress	shaddress	existing-unreviewed		0
sh_addralign	shaddralign	shaddralign	existing-unreviewed		0
sh_entsize	shentsize	shentsize	existing-unreviewed		0
sh_flags	shFlamurka	shFlamurka	existing-unreviewed		0
sh_info	shinfo	shinfo	existing-unreviewed		0
sh_link	shLidhje	shLidhje	existing-unreviewed		0
sh_name	shEmri	shEmri	existing-unreviewed		0
sh_offset	shoffset	shoffset	existing-unreviewed		0
sh_size	shMadhësia	shMadhësia	existing-unreviewed		0
sh_type	shLloji	shLloji	existing-unreviewed		0
shift	shift	shift	existing-unreviewed		0
signature	signature	signature	existing-unreviewed		0
size	madhësia	madhësia	existing-unreviewed		0
sl	sl	sl	existing-unreviewed		0
sockDatagram	sockdatagram	sockdatagram	existing-unreviewed		0
socket	socket	socket	existing-unreviewed		0
socketAddress	socketaddress	socketaddress	existing-unreviewed		0
socketAddressIPv4	socketaddressipv4	socketaddressipv4	existing-unreviewed		0
socketBind	socketbind	socketbind	existing-unreviewed		0
socketCallArgument	socketcallargument	socketcallargument	existing-unreviewed		0
socketConnect	socketLidhu	socketLidhu	existing-unreviewed		0
socketForFD	socketforPF	socketforPF	existing-unreviewed		0
socketIndex	socketTreguesi	socketTreguesi	existing-unreviewed		0
socketPacket	socketpacket	socketpacket	existing-unreviewed		0
socketReceiveFrom	socketreceivefrom	socketreceivefrom	existing-unreviewed		0
socketSendTo	socketDërgoto	socketDërgoto	existing-unreviewed		0
socketType	socketLloji	socketLloji	existing-unreviewed		0
sockets	sockets	sockets	existing-unreviewed		0
softName	softEmri	softEmri	existing-unreviewed		0
source	burimi	burimi	existing-unreviewed		0
sourceAddress	burimiaddress	burimiaddress	existing-unreviewed		0
sourceLengthAddress	burimiGjatësiaddress	burimiGjatësiaddress	existing-unreviewed		0
src	burimi_2	burimi_2	existing-unreviewed		0
srcEntry	burimientry	burimientry	existing-unreviewed		0
srcIP	burimiipaddress	burimiipaddress	existing-unreviewed		0
srcIP_BE	burimiipaddressRrjetibyteorder	burimiipaddressRrjetibyteorder	existing-unreviewed		0
srcMAC	burimimacaddress	burimimacaddress	existing-unreviewed		0
srcMAC_BE	burimimacbe	burimimacbe	existing-unreviewed		0
srcPageDir	burimifaqeDosje	burimifaqeDosje	existing-unreviewed		0
srcPde	burimipde	burimipde	existing-unreviewed		0
srcPdeAddr	burimipdeaddress	burimipdeaddress	existing-unreviewed		0
srcPort	burimiPortanumber	burimiPortanumber	pending-language-review	source_port	0
srcPt	burimipt	burimipt	existing-unreviewed		0
srcptr	srcptr	srcptr	existing-unreviewed		0
ss	ss	ss	existing-unreviewed		0
ss0	ss0	ss0	existing-unreviewed		0
ss1	ss1	ss1	existing-unreviewed		0
ss2	ss2	ss2	existing-unreviewed		0
st	st	st	existing-unreviewed		0
st_info	stinfo	stinfo	existing-unreviewed		0
st_name	stEmri	stEmri	existing-unreviewed		0
st_other	stTjetër	stTjetër	existing-unreviewed		0
st_shndx	stshndx	stshndx	existing-unreviewed		0
st_size	stMadhësia	stMadhësia	existing-unreviewed		0
st_value	stVlera	stVlera	existing-unreviewed		0
stack	stack	stack	pending-language-review	stack	0
stackBytes	stackbytes	stackbytes	existing-unreviewed		0
stackPtr	stackKursori	stackKursori	existing-unreviewed		0
stack_addr	stackaddress	stackaddress	existing-unreviewed		0
stackbottom	stackbottom	stackbottom	existing-unreviewed		0
stacktop	stacktop	stacktop	existing-unreviewed		0
start	fillo	fillo	existing-unreviewed		0
startOffset	fillooffset	fillooffset	existing-unreviewed		0
start_cylinder	fillocylinder	fillocylinder	existing-unreviewed		0
start_head	fillohead	fillohead	existing-unreviewed		0
start_sector	fillosector	fillosector	existing-unreviewed		0
startingBit	startingbit	startingbit	existing-unreviewed		0
stat	stat	stat	existing-unreviewed		0
statAddr	stataddress	stataddress	existing-unreviewed		0
status	gjendja	gjendja	existing-unreviewed		0
statusAddr	gjendjaaddress	gjendjaaddress	existing-unreviewed		0
stderrFD	stderrPF	stderrPF	existing-unreviewed		0
stdinBuffer	stdinbuffer	stdinbuffer	existing-unreviewed		0
stdinFD	stdinPF	stdinPF	existing-unreviewed		0
stdinGetBlocking	stdingetblocking	stdingetblocking	existing-unreviewed		0
stdinRead	stdinLeximi	stdinLeximi	existing-unreviewed		0
stdinWrite	stdinShkrimi	stdinShkrimi	existing-unreviewed		0
stdoutFD	stdoutPF	stdoutPF	existing-unreviewed		0
stoppedThread	undërprethread	undërprethread	existing-unreviewed		0
str	str	str	existing-unreviewed		0
stringAddress	vargaddress	vargaddress	existing-unreviewed		0
stringHeader	vargheader	vargheader	existing-unreviewed		0
strtab	strtab	strtab	existing-unreviewed		0
subclass_id	subclassid	subclassid	existing-unreviewed		0
subnetMask	subnetmask	subnetmask	existing-unreviewed		0
swapUint16	swapunsignedinteger16	swapunsignedinteger16	existing-unreviewed		0
switchForced	switchforced	switchforced	existing-unreviewed		0
sysAccess	sysfutja	sysfutja	existing-unreviewed		0
sysBrk	sysbrk	sysbrk	existing-unreviewed		0
sysCall	syscall	syscall	existing-unreviewed		0
sysChdir	syschdir	syschdir	existing-unreviewed		0
sysClose	sysMbyll	sysMbyll	existing-unreviewed		0
sysDup	sysdup	sysdup	existing-unreviewed		0
sysDup2	sysdup2	sysdup2	existing-unreviewed		0
sysExecve	sysexecve	sysexecve	existing-unreviewed		0
sysExit	sysDalja	sysDalja	existing-unreviewed		0
sysFcntl	sysfcntl	sysfcntl	existing-unreviewed		0
sysFork	sysfork	sysfork	existing-unreviewed		0
sysFstat	sysfstat	sysfstat	existing-unreviewed		0
sysFsync	sysfsync	sysfsync	existing-unreviewed		0
sysGetcwd	sysgetcwd	sysgetcwd	existing-unreviewed		0
sysLseek	syslseek	syslseek	existing-unreviewed		0
sysOpen	sysHap	sysHap	existing-unreviewed		0
sysRead	sysLeximi	sysLeximi	existing-unreviewed		0
sysSocketCall	syssocketcall	syssocketcall	existing-unreviewed		0
sysStat	sysstat	sysstat	existing-unreviewed		0
sysUname	sysuname	sysuname	existing-unreviewed		0
sysWaitpid	syswaitpid	syswaitpid	existing-unreviewed		0
sysWrite	sysShkrimi	sysShkrimi	existing-unreviewed		0
syscallError	syscallGabim	syscallGabim	existing-unreviewed		0
syscallID	syscallid	syscallid	existing-unreviewed		0
systemcall	sistemicall	sistemicall	existing-unreviewed		0
table	tabela	tabela	existing-unreviewed		0
tableSize	tabelaMadhësia	tabelaMadhësia	existing-unreviewed		0
tail	tail	tail	existing-unreviewed		0
task	proces	proces	existing-unreviewed		0
taskA	procesa	procesa	existing-unreviewed		0
taskB	procesb	procesb	existing-unreviewed		0
taskC	procesc	procesc	existing-unreviewed		0
taskD	procesd	procesd	existing-unreviewed		0
taskD0	procesd0	procesd0	existing-unreviewed		0
taskD1	procesd1	procesd1	existing-unreviewed		0
taskManager	procesManazhuesi	procesManazhuesi	existing-unreviewed		0
tasks	detyra	detyra	existing-unreviewed		0
temp	temporary	temporary	existing-unreviewed		0
terminated	terminated	terminated	existing-unreviewed		0
text	teksti	teksti	existing-unreviewed		0
textPtr	tekstiKursori	tekstiKursori	existing-unreviewed		0
text_len	tekstilen	tekstilen	existing-unreviewed		0
text_mode_check_fb_move	tekstimënyrëcheckfbLëviz	tekstimënyrëcheckfbLëviz	existing-unreviewed		0
text_mode_disable_cursor	tekstimënyrëdisableKursor	tekstimënyrëdisableKursor	existing-unreviewed		0
text_mode_enable_cursor	tekstimënyrëenableKursor	tekstimënyrëenableKursor	existing-unreviewed		0
text_mode_error_writer	tekstimënyrëGabimwriter	tekstimënyrëGabimwriter	existing-unreviewed		0
text_mode_flush_screen	tekstimënyrëflushRojeEkrani	tekstimënyrëflushRojeEkrani	existing-unreviewed		0
text_mode_init	tekstimënyrëinit	tekstimënyrëinit	existing-unreviewed		0
text_mode_print	tekstimënyrëPrinto	tekstimënyrëPrinto	existing-unreviewed		0
text_mode_print_bytes	tekstimënyrëPrintobytes	tekstimënyrëPrintobytes	existing-unreviewed		0
text_mode_print_char	tekstimënyrëPrintochar	tekstimënyrëPrintochar	existing-unreviewed		0
text_mode_print_char_col	tekstimënyrëPrintocharcol	tekstimënyrëPrintocharcol	existing-unreviewed		0
text_mode_print_col	tekstimënyrëPrintocol	tekstimënyrëPrintocol	existing-unreviewed		0
text_mode_print_error	tekstimënyrëPrintoGabim	tekstimënyrëPrintoGabim	existing-unreviewed		0
text_mode_print_error_bytes	tekstimënyrëPrintoGabimbytes	tekstimënyrëPrintoGabimbytes	existing-unreviewed		0
text_mode_print_errorln	tekstimënyrëPrintoerrorln	tekstimënyrëPrintoerrorln	existing-unreviewed		0
text_mode_print_hex	tekstimënyrëPrintohex	tekstimënyrëPrintohex	existing-unreviewed		0
text_mode_print_hex16	tekstimënyrëPrintohex16	tekstimënyrëPrintohex16	existing-unreviewed		0
text_mode_print_hex32	tekstimënyrëPrintohex32	tekstimënyrëPrintohex32	existing-unreviewed		0
text_mode_print_hex64	tekstimënyrëPrintohex64	tekstimënyrëPrintohex64	existing-unreviewed		0
text_mode_print_hex_char	tekstimënyrëPrintohexchar	tekstimënyrëPrintohexchar	existing-unreviewed		0
text_mode_println	tekstimënyrëprintln	tekstimënyrëprintln	existing-unreviewed		0
text_mode_println_col	tekstimënyrëprintlncol	tekstimënyrëprintlncol	existing-unreviewed		0
text_mode_update_cursor	tekstimënyrëPërditësoKursor	tekstimënyrëPërditësoKursor	existing-unreviewed		0
text_mode_writer	tekstimënyrëwriter	tekstimënyrëwriter	existing-unreviewed		0
thr2	thr2	thr2	existing-unreviewed		0
thr3	thr3	thr3	existing-unreviewed		0
thr4	thr4	thr4	existing-unreviewed		0
thread	thread	thread	existing-unreviewed		0
threadExitLoop	threadDaljaloop	threadDaljaloop	existing-unreviewed		0
threadHelper	threadhelper	threadhelper	existing-unreviewed		0
threadPtr	threadKursori	threadKursori	existing-unreviewed		0
tickCount	tickcount	tickcount	existing-unreviewed		0
timeDelta	oradelta	oradelta	existing-unreviewed		0
timeToLive	oratolive	oratolive	existing-unreviewed		0
timer	timer	timer	existing-unreviewed		0
tls	tls	tls	existing-unreviewed		0
tmp	tmp	tmp	existing-unreviewed		0
tmpPtr	tmpKursori	tmpKursori	existing-unreviewed		0
tos	tos	tos	existing-unreviewed		0
totalLength	gjithsejGjatësi	gjithsejGjatësi	existing-unreviewed		0
totalSectorCount	gjithsejsectorcount	gjithsejsectorcount	existing-unreviewed		0
totalSectors	gjithsejsectors	gjithsejsectors	existing-unreviewed		0
trap	trap	trap	existing-unreviewed		0
tss	tss	tss	existing-unreviewed		0
tssIndex	tssTreguesi	tssTreguesi	existing-unreviewed		0
udp	udp	udp	existing-unreviewed		0
udpHandler	udphandler	udphandler	existing-unreviewed		0
udpHeaderSize	udpheaderMadhësia	udpheaderMadhësia	existing-unreviewed		0
udpProvider	udpprovider	udpprovider	existing-unreviewed		0
udp콘솔	udpKonsolë	udpKonsolë	existing-unreviewed		0
unused	unused	unused	existing-unreviewed		0
used	përdorur	përdorur	existing-unreviewed		0
usedBlocks	përdorurblock	përdorurblock	existing-unreviewed		0
user1addr	përdoruesi1address	përdoruesi1address	existing-unreviewed		0
user1data	përdoruesi1data	përdoruesi1data	existing-unreviewed		0
user1entry	përdoruesi1entry	përdoruesi1entry	existing-unreviewed		0
user1file	përdoruesi1Kartelë	përdoruesi1Kartelë	existing-unreviewed		0
user2addr	përdoruesi2address	përdoruesi2address	existing-unreviewed		0
user2data	përdoruesi2data	përdoruesi2data	existing-unreviewed		0
user2entry	përdoruesi2entry	përdoruesi2entry	existing-unreviewed		0
user2file	përdoruesi2Kartelë	përdoruesi2Kartelë	existing-unreviewed		0
user3addr	përdoruesi3address	përdoruesi3address	existing-unreviewed		0
user3data	përdoruesi3data	përdoruesi3data	existing-unreviewed		0
user3entry	përdoruesi3entry	përdoruesi3entry	existing-unreviewed		0
user3file	përdoruesi3Kartelë	përdoruesi3Kartelë	existing-unreviewed		0
userHeapBase	përdoruesiheapbase	përdoruesiheapbase	existing-unreviewed		0
userHeapLimit	përdoruesiheapKufi	përdoruesiheapKufi	existing-unreviewed		0
user_esp	përdoruesiesp	përdoruesiesp	existing-unreviewed		0
userhandler	userhandler	userhandler	existing-unreviewed		0
userproc_entry	userprocentry	userprocentry	existing-unreviewed		0
util	util	util	existing-unreviewed		0
util콘솔	utilKonsolë	utilKonsolë	existing-unreviewed		0
v	v	v	existing-unreviewed		0
vAddr	vaddress	vaddress	existing-unreviewed		0
value	vlera	vlera	existing-unreviewed		0
values	values	values	existing-unreviewed		0
version	version	version	existing-unreviewed		0
vga	vga	vga	existing-unreviewed		0
virtlen	virtlen	virtlen	existing-unreviewed		0
virtmem	virtualMemoria	virtualMemoria	existing-unreviewed		0
virtualAddr	virtualaddress	virtualaddress	existing-unreviewed		0
volumeId	vëllimid	vëllimid	existing-unreviewed		0
volumeLabel	vëllimEtiketë	vëllimEtiketë	existing-unreviewed		0
w	w	w	existing-unreviewed		0
wDate	wData	wData	existing-unreviewed		0
wTime	wOra	wOra	existing-unreviewed		0
waitPS2InputEmpty	pritps2HyrjaBosh	pritps2HyrjaBosh	existing-unreviewed		0
waitPS2OutputFull	pritps2outputIplotë	pritps2outputIplotë	existing-unreviewed		0
wdata	wdata	wdata	existing-unreviewed		0
whence	whence	whence	existing-unreviewed		0
widget	widget	widget	existing-unreviewed		0
width	gjerësia	gjerësia	existing-unreviewed		0
writePS2Command	shkrimips2Urdhër	shkrimips2Urdhër	existing-unreviewed		0
writePS2Data	shkrimips2data	shkrimips2data	existing-unreviewed		0
write_count	shkrimicount	shkrimicount	existing-unreviewed		0
x	x	x	existing-unreviewed		0
xPageDir	xfaqeDosje	xfaqeDosje	existing-unreviewed		0
xPos	xPozicion	xPozicion	existing-unreviewed		0
y	y	y	existing-unreviewed		0
yPageDir	yfaqeDosje	yfaqeDosje	existing-unreviewed		0
yPos	yPozicion	yPozicion	existing-unreviewed		0
값	vlera_2	vlera_2	existing-unreviewed		0
공용서술자테이블	shareddescriptorTabela	shareddescriptorTabela	existing-unreviewed		0
기준	base_2	base_2	existing-unreviewed		0
기준_낮은	baseUlët_2	baseUlët_2	existing-unreviewed		0
기준_높은	baseLartë_2	baseLartë_2	existing-unreviewed		0
기준_매우높은	baseveryLartë	baseveryLartë	existing-unreviewed		0
기준주소	baseaddress	baseaddress	existing-unreviewed		0
넷카드콘솔	rrjetiLetraKonsolë	rrjetiLetraKonsolë	existing-unreviewed		0
단말기	terminal	terminal	existing-unreviewed		0
마우스콘솔	miuKonsolë	miuKonsolë	existing-unreviewed		0
매개값	argumentVlera	argumentVlera	existing-unreviewed		0
멈추기	halt	halt	existing-unreviewed		0
목적	destinacioni_3	destinacioni_3	existing-unreviewed		0
유형	lloji	lloji	existing-unreviewed		0
이더넷콘솔	ethernetKonsolë	ethernetKonsolë	existing-unreviewed		0
인터럽트무시하기	interruptignore	interruptignore	existing-unreviewed		0
인터럽트예외처리기	interruptexceptionhandler	interruptexceptionhandler	existing-unreviewed		0
인터럽트예외처리기0x00	interruptexceptionhandler0x00	interruptexceptionhandler0x00	existing-unreviewed		0
인터럽트예외처리기0x01	interruptexceptionhandler0x01	interruptexceptionhandler0x01	existing-unreviewed		0
인터럽트예외처리기0x02	interruptexceptionhandler0x02	interruptexceptionhandler0x02	existing-unreviewed		0
인터럽트예외처리기0x03	interruptexceptionhandler0x03	interruptexceptionhandler0x03	existing-unreviewed		0
인터럽트예외처리기0x04	interruptexceptionhandler0x04	interruptexceptionhandler0x04	existing-unreviewed		0
인터럽트예외처리기0x05	interruptexceptionhandler0x05	interruptexceptionhandler0x05	existing-unreviewed		0
인터럽트예외처리기0x06	interruptexceptionhandler0x06	interruptexceptionhandler0x06	existing-unreviewed		0
인터럽트예외처리기0x07	interruptexceptionhandler0x07	interruptexceptionhandler0x07	existing-unreviewed		0
인터럽트예외처리기0x08	interruptexceptionhandler0x08	interruptexceptionhandler0x08	existing-unreviewed		0
인터럽트예외처리기0x09	interruptexceptionhandler0x09	interruptexceptionhandler0x09	existing-unreviewed		0
인터럽트예외처리기0x0A	interruptexceptionhandler0x0a	interruptexceptionhandler0x0a	existing-unreviewed		0
인터럽트예외처리기0x0B	interruptexceptionhandler0x0b	interruptexceptionhandler0x0b	existing-unreviewed		0
인터럽트예외처리기0x0C	interruptexceptionhandler0x0c	interruptexceptionhandler0x0c	existing-unreviewed		0
인터럽트예외처리기0x0D	interruptexceptionhandler0x0d	interruptexceptionhandler0x0d	existing-unreviewed		0
인터럽트예외처리기0x0E	interruptexceptionhandler0x0e	interruptexceptionhandler0x0e	existing-unreviewed		0
인터럽트예외처리기0x0F	interruptexceptionhandler0x0f	interruptexceptionhandler0x0f	existing-unreviewed		0
인터럽트예외처리기0x10	interruptexceptionhandler0x10	interruptexceptionhandler0x10	existing-unreviewed		0
인터럽트예외처리기0x11	interruptexceptionhandler0x11	interruptexceptionhandler0x11	existing-unreviewed		0
인터럽트예외처리기0x12	interruptexceptionhandler0x12	interruptexceptionhandler0x12	existing-unreviewed		0
인터럽트예외처리기0x13	interruptexceptionhandler0x13	interruptexceptionhandler0x13	existing-unreviewed		0
인터럽트요청처리0x00	interruptrequesthandler0x00	interruptrequesthandler0x00	existing-unreviewed		0
인터럽트요청처리0x01	interruptrequesthandler0x01	interruptrequesthandler0x01	existing-unreviewed		0
인터럽트요청처리0x02	interruptrequesthandler0x02	interruptrequesthandler0x02	existing-unreviewed		0
인터럽트요청처리0x03	interruptrequesthandler0x03	interruptrequesthandler0x03	existing-unreviewed		0
인터럽트요청처리0x04	interruptrequesthandler0x04	interruptrequesthandler0x04	existing-unreviewed		0
인터럽트요청처리0x05	interruptrequesthandler0x05	interruptrequesthandler0x05	existing-unreviewed		0
인터럽트요청처리0x06	interruptrequesthandler0x06	interruptrequesthandler0x06	existing-unreviewed		0
인터럽트요청처리0x07	interruptrequesthandler0x07	interruptrequesthandler0x07	existing-unreviewed		0
인터럽트요청처리0x08	interruptrequesthandler0x08	interruptrequesthandler0x08	existing-unreviewed		0
인터럽트요청처리0x09	interruptrequesthandler0x09	interruptrequesthandler0x09	existing-unreviewed		0
인터럽트요청처리0x0A	interruptrequesthandler0x0a	interruptrequesthandler0x0a	existing-unreviewed		0
인터럽트요청처리0x0B	interruptrequesthandler0x0b	interruptrequesthandler0x0b	existing-unreviewed		0
인터럽트요청처리0x0C	interruptrequesthandler0x0c	interruptrequesthandler0x0c	existing-unreviewed		0
인터럽트요청처리0x0D	interruptrequesthandler0x0d	interruptrequesthandler0x0d	existing-unreviewed		0
인터럽트요청처리0x0E	interruptrequesthandler0x0e	interruptrequesthandler0x0e	existing-unreviewed		0
인터럽트요청처리0x0F	interruptrequesthandler0x0f	interruptrequesthandler0x0f	existing-unreviewed		0
인터럽트요청처리0x80	interruptrequesthandler0x80	interruptrequesthandler0x80	existing-unreviewed		0
인터럽트요청처리0x81	interruptrequesthandler0x81	interruptrequesthandler0x81	existing-unreviewed		0
인터럽트요청처리0x82	interruptrequesthandler0x82	interruptrequesthandler0x82	existing-unreviewed		0
인터럽트처리기	interrupthandler_2	interrupthandler_2	existing-unreviewed		0
임시	temporary_2	temporary_2	existing-unreviewed		0
자료	data_2	data_2	existing-unreviewed		0
자신	vetvetja_2	vetvetja_2	existing-unreviewed		0
작업관리자	procesManazhuesi_2	procesManazhuesi_2	existing-unreviewed		0
작업콘솔	procesKonsolë	procesKonsolë	existing-unreviewed		0
조각설명자	segmentdescriptor	segmentdescriptor	existing-unreviewed		0
콘솔	konsolë_2	konsolë_2	existing-unreviewed		0
크기	madhësia_2	madhësia_2	existing-unreviewed		0
키보드콘솔	tastieraKonsolë	tastieraKonsolë	existing-unreviewed		0
표시들	flamurka_2	flamurka_2	existing-unreviewed		0
표시들_한도_높은	flamurkaKufiLartë	flamurkaKufiLartë	existing-unreviewed		0
한도	kufi_2	kufi_2	existing-unreviewed		0
한도_낮은	kufiUlët_2	kufiUlët_2	existing-unreviewed		0
