original	before	after	review_status	concept	changed_tokens
Activate	Ενεργοποίηση	Ενεργοποίηση	existing-unreviewed		0
ActivateAll	ΕνεργοποίησηΌλα	ΕνεργοποίησηΌλα	existing-unreviewed		0
Active	Ενεργό	Ενεργό	existing-unreviewed		0
ActiveInterruptManager	ΕνεργόΔιακοπήmanager	ΕνεργόΔιακοπήmanager	existing-unreviewed		0
ActiveMemoryManager	ΕνεργόΜνήμηmanager	ΕνεργόΜνήμηmanager	existing-unreviewed		0
Add	Προσθήκη	Προσθήκη	existing-unreviewed		0
AddDriver	Προσθήκηdriver	Προσθήκηdriver	existing-unreviewed		0
AddRunnableThread	Προσθήκηrunnablethread	Προσθήκηrunnablethread	existing-unreviewed		0
AddTask	ΠροσθήκηΔιεργασία	ΠροσθήκηΔιεργασία	existing-unreviewed		0
AddThread	Προσθήκηthread	Προσθήκηthread	existing-unreviewed		0
Address	Address	Address	existing-unreviewed		0
AlignedMalloc	Alignedmalloc	Alignedmalloc	existing-unreviewed		0
AlignmentCheck	Alignmentcheck	Alignmentcheck	existing-unreviewed		0
AllocateBlock	AllocateΜπλοκ	AllocateΜπλοκ	existing-unreviewed		0
AllocatePID	Allocatepid	Allocatepid	existing-unreviewed		0
AmountOfMemory	ΠοσόαπόΜνήμη	ΠοσόαπόΜνήμη	existing-unreviewed		0
ArrayToUint16	Διάταξηtounsignedinteger16	Διάταξηtounsignedinteger16	existing-unreviewed		0
ArrayToUint32	Διάταξηtounsignedinteger32	Διάταξηtounsignedinteger32	existing-unreviewed		0
ArrayToUint48	Διάταξηtounsignedinteger48	Διάταξηtounsignedinteger48	existing-unreviewed		0
ArrayToUint48_BE	Διάταξηtounsignedinteger48be	Διάταξηtounsignedinteger48be	existing-unreviewed		0
ArrayToUint64	Διάταξηtounsignedinteger64	Διάταξηtounsignedinteger64	existing-unreviewed		0
Atime	Atime	Atime	existing-unreviewed		0
AtimeNsec	Atimensec	Atimensec	existing-unreviewed		0
BLOCKS_PER_BYTE	Μπλοκperbyte	Μπλοκperbyte	existing-unreviewed		0
BLOCK_SIZE	ΜπλοκΜέγεθος	ΜπλοκΜέγεθος	existing-unreviewed		0
Backend	Backend	Backend	existing-unreviewed		0
BaseAddr	Baseaddress	Baseaddress	existing-unreviewed		0
Bind	Bind	Bind	existing-unreviewed		0
Blksize	Blksize	Blksize	existing-unreviewed		0
Blocked	Blocked	Blocked	existing-unreviewed		0
BlockedState	BlockedΚατάσταση	BlockedΚατάσταση	existing-unreviewed		0
Blocks	Μπλοκ	Μπλοκ	existing-unreviewed		0
BoundRangeExceeded	BoundΕύροςexceeded	BoundΕύροςexceeded	existing-unreviewed		0
BroadcastMacAddress	Broadcastmacaddress	Broadcastmacaddress	existing-unreviewed		0
BytesPerSector	Bytespersector	Bytespersector	existing-unreviewed		0
BytesToString	BytestoΣυμβολοσειρά	BytestoΣυμβολοσειρά	existing-unreviewed		0
Checksum	Checksum	Checksum	existing-unreviewed		0
Clear	Καθαρισμός	Καθαρισμός	existing-unreviewed		0
Clone	Clone	Clone	existing-unreviewed		0
CloneAddressSpaceCOW	CloneaddressΔιάστημαcow	CloneaddressΔιάστημαcow	existing-unreviewed		0
Connect	Σύνδεση	Σύνδεση	existing-unreviewed		0
ContainsCoordinate	Containscoordinate	Containscoordinate	existing-unreviewed		0
CopyPageFrameBlock	ΑντιγραφήΣελίδαΠλαίσιοΜπλοκ	ΑντιγραφήΣελίδαΠλαίσιοΜπλοκ	existing-unreviewed		0
CpuState	ΕπεξεργαστήςΚατάσταση	ΕπεξεργαστήςΚατάσταση	existing-unreviewed		0
Create	Create	Create	existing-unreviewed		0
CreateFromData	Createfromdata	Createfromdata	existing-unreviewed		0
CreateFromFunction	CreatefromΣυνάρτηση	CreatefromΣυνάρτηση	existing-unreviewed		0
CreatePtrFromFunction	CreateΔείκτηςfromΣυνάρτηση	CreateΔείκτηςfromΣυνάρτηση	existing-unreviewed		0
Cs	Cs	Cs	existing-unreviewed		0
Ctime	Ctime	Ctime	existing-unreviewed		0
CtimeNsec	Ctimensec	Ctimensec	existing-unreviewed		0
CurrentPID	Τρέχονpid	Τρέχονpid	existing-unreviewed		0
CurrentParentPID	Τρέχονγονικόpid	Τρέχονγονικόpid	existing-unreviewed		0
Data	Data	Data	compatibility		0
Deactivate	Απενεργοποίηση	Απενεργοποίηση	existing-unreviewed		0
Deactive	Deactive	Deactive	existing-unreviewed		0
Decrement	Decrement	Decrement	existing-unreviewed		0
Delete	Διαγραφή	Διαγραφή	existing-unreviewed		0
DescriptorPrivilegeLevel	Descriptorprivilegelevel	Descriptorprivilegelevel	existing-unreviewed		0
DescriptorType	DescriptorΤύπος	DescriptorΤύπος	existing-unreviewed		0
Destroy	Καταστροφή	Καταστροφή	existing-unreviewed		0
Dev	Συσκευή	Συσκευή	existing-unreviewed		0
DeviceHasFunctions	ΣυσκευήhasΣυναρτήσεις	ΣυσκευήhasΣυναρτήσεις	existing-unreviewed		0
DeviceNotAvailable	ΣυσκευήnotΔιαθέσιμα	ΣυσκευήnotΔιαθέσιμα	existing-unreviewed		0
Device_id	ΣυσκευήΤΑΥΤΌΤΗΤΑ	ΣυσκευήΤΑΥΤΌΤΗΤΑ	existing-unreviewed		0
DisableInt	ΑπενεργοποίησηΑκέραιος	ΑπενεργοποίησηΑκέραιος	existing-unreviewed		0
Disconnect	Αποσύνδεση	Αποσύνδεση	existing-unreviewed		0
DivideByZero	ΔιαίρεσηbyΜηδέν	ΔιαίρεσηbyΜηδέν	existing-unreviewed		0
DoHandleInterrupt	DoΧειρολαβήΔιακοπή	DoΧειρολαβήΔιακοπή	existing-unreviewed		0
DoubleFault	Διπλόςfault	Διπλόςfault	existing-unreviewed		0
Draw	Draw	Draw	existing-unreviewed		0
DriverManager	Drivermanager	Drivermanager	existing-unreviewed		0
Ds	Ds	Ds	existing-unreviewed		0
Dynamic	Δυναμικό	Δυναμικό	existing-unreviewed		0
E2BIG	E2big	E2big	existing-unreviewed		0
EACCES	Eacces	Eacces	existing-unreviewed		0
EADDRINUSE	Eaddrinuse	Eaddrinuse	existing-unreviewed		0
EAFNOSUPPORT	Eafnosupport	Eafnosupport	existing-unreviewed		0
EAGAIN	Eagain	Eagain	existing-unreviewed		0
EBADF	Ebadf	Ebadf	existing-unreviewed		0
EBUSY	Ebusy	Ebusy	existing-unreviewed		0
ECHILD	Echild	Echild	existing-unreviewed		0
EEXIST	Eexist	Eexist	existing-unreviewed		0
EFAULT	Efault	Efault	existing-unreviewed		0
EFBIG	Efbig	Efbig	existing-unreviewed		0
EINTR	Eintr	Eintr	existing-unreviewed		0
EINVAL	Einval	Einval	existing-unreviewed		0
EIO	Eio	Eio	existing-unreviewed		0
EISDIR	Eisdir	Eisdir	existing-unreviewed		0
EMFILE	Emfile	Emfile	existing-unreviewed		0
EMSGSIZE	Emsgsize	Emsgsize	existing-unreviewed		0
ENETUNREACH	Enetunreach	Enetunreach	existing-unreviewed		0
ENFILE	Enfile	Enfile	existing-unreviewed		0
ENODEV	Enodev	Enodev	existing-unreviewed		0
ENOENT	Enoent	Enoent	existing-unreviewed		0
ENOEXEC	Enoexec	Enoexec	existing-unreviewed		0
ENOMEM	Enomem	Enomem	existing-unreviewed		0
ENOSPC	Enospc	Enospc	existing-unreviewed		0
ENOSYS	Enosys	Enosys	existing-unreviewed		0
ENOTCONN	Enotconn	Enotconn	existing-unreviewed		0
ENOTDIR	Enotdir	Enotdir	existing-unreviewed		0
ENOTTY	Enotty	Enotty	existing-unreviewed		0
EOPNOTSUPP	Eopnotsupp	Eopnotsupp	existing-unreviewed		0
EPERM	Eperm	Eperm	existing-unreviewed		0
EPROTONOSUPPORT	Eprotonosupport	Eprotonosupport	existing-unreviewed		0
ERANGE	Erange	Erange	existing-unreviewed		0
EROFS	Erofs	Erofs	existing-unreviewed		0
ESPIPE	Espipe	Espipe	existing-unreviewed		0
ESRCH	Esrch	Esrch	existing-unreviewed		0
Eax	Eax	Eax	existing-unreviewed		0
Ebp	Ebp	Ebp	existing-unreviewed		0
Ebx	Ebx	Ebx	existing-unreviewed		0
Ecx	Ecx	Ecx	existing-unreviewed		0
Edi	Edi	Edi	existing-unreviewed		0
Edx	Edx	Edx	existing-unreviewed		0
Eflags	Eflags	Eflags	existing-unreviewed		0
Eip	Eip	Eip	existing-unreviewed		0
Elf	Elf	Elf	existing-unreviewed		0
Elf32Dyn	Elf32dyn	Elf32dyn	existing-unreviewed		0
Elf32Note	Elf32Σημείωση	Elf32Σημείωση	existing-unreviewed		0
Elf32Rel	Elf32rel	Elf32rel	existing-unreviewed		0
Elf32Rela	Elf32rela	Elf32rela	existing-unreviewed		0
Elf32Sym	Elf32sym	Elf32sym	existing-unreviewed		0
ElfHeader	Elfheader	Elfheader	existing-unreviewed		0
ElfProgramHeader	Elfπρόγραμμαheader	Elfπρόγραμμαheader	existing-unreviewed		0
ElfSectionHeader	Elfsectionheader	Elfsectionheader	existing-unreviewed		0
EnablePaging	Ενεργοποίησηpaging	Ενεργοποίησηpaging	existing-unreviewed		0
Enabled	Ενεργό_2	Ενεργό_2	existing-unreviewed		0
EntryNumber	ΚαταχώρησηΑριθμός	ΚαταχώρησηΑριθμός	existing-unreviewed		0
EqualBytes	Ίσοbytes	Ίσοbytes	existing-unreviewed		0
Es	Es	Es	existing-unreviewed		0
Esi	Esi	Esi	existing-unreviewed		0
Esp	Esp	Esp	existing-unreviewed		0
FPUBuffer	Fpubuffer	Fpubuffer	existing-unreviewed		0
FPUOffset	Fpuoffset	Fpuoffset	existing-unreviewed		0
Family	Family	Family	existing-unreviewed		0
FileName	ΑρχείοΌνομα	ΑρχείοΌνομα	existing-unreviewed		0
Fill	Fill	Fill	existing-unreviewed		0
FillRectangle	FillΟρθογώνιο	FillΟρθογώνιο	existing-unreviewed		0
First	First	First	existing-unreviewed		0
FirstFree	FirstΕλεύθερα	FirstΕλεύθερα	existing-unreviewed		0
FirstFreeSize	FirstΕλεύθεραΜέγεθος	FirstΕλεύθεραΜέγεθος	existing-unreviewed		0
Flags	Διακόπτες	Διακόπτες	existing-unreviewed		0
FloatingPointException	Πλωτόpointexception	Πλωτόpointexception	existing-unreviewed		0
Flush	Flush	Flush	existing-unreviewed		0
FlushTlsTable	FlushtlsΠίνακας	FlushtlsΠίνακας	existing-unreviewed		0
Focussable	Focussable	Focussable	existing-unreviewed		0
Free	Ελεύθερα	Ελεύθερα	existing-unreviewed		0
Fs	Fs	Fs	existing-unreviewed		0
GB	Gb	Gb	existing-unreviewed		0
GDT_ENTRIES	Gdtκαταχώρηση	Gdtκαταχώρηση	existing-unreviewed		0
GOT	Got	Got	existing-unreviewed		0
GPFException	Gpfexception	Gpfexception	existing-unreviewed		0
GatewayIP	Gatewayip	Gatewayip	existing-unreviewed		0
GdtAddressHigh	GdtaddressΥψηλή	GdtaddressΥψηλή	existing-unreviewed		0
GdtAddressLow	GdtaddressΧαμηλή	GdtaddressΧαμηλή	existing-unreviewed		0
GdtDescriptor	Gdtdescriptor	Gdtdescriptor	existing-unreviewed		0
GdtEntry	Gdtκαταχώρηση_2	Gdtκαταχώρηση_2	existing-unreviewed		0
GdtSize	GdtΜέγεθος	GdtΜέγεθος	existing-unreviewed		0
GetAt	Getat	Getat	existing-unreviewed		0
GetBackend	Getbackend	Getbackend	existing-unreviewed		0
GetBaseAddressRegister	Getbaseaddressregister	Getbaseaddressregister	existing-unreviewed		0
GetBitmaspSize	GetbitmaspΜέγεθος	GetbitmaspΜέγεθος	existing-unreviewed		0
GetBytesFromPtr	GetbytesfromΔείκτης	GetbytesfromΔείκτης	existing-unreviewed		0
GetCR0	Getcr0	Getcr0	existing-unreviewed		0
GetCR2	Getcr2	Getcr2	existing-unreviewed		0
GetCR3	Getcr3	Getcr3	existing-unreviewed		0
GetCR4	Getcr4	Getcr4	existing-unreviewed		0
GetColorIndex	GetΧρώμαΚατάλογος	GetΧρώμαΚατάλογος	existing-unreviewed		0
GetDeviceDescriptor	GetΣυσκευήdescriptor	GetΣυσκευήdescriptor	existing-unreviewed		0
GetDriver	Getdriver	Getdriver	existing-unreviewed		0
GetESP0	Getesp0	Getesp0	existing-unreviewed		0
GetEntry	Getκαταχώρηση	Getκαταχώρηση	existing-unreviewed		0
GetFileSize	GetΑρχείοΜέγεθος	GetΑρχείοΜέγεθος	existing-unreviewed		0
GetFocus	GetΕστίαση	GetΕστίαση	existing-unreviewed		0
GetFrameBufferSegment	GetΠλαίσιοbuffersegment	GetΠλαίσιοbuffersegment	existing-unreviewed		0
GetFuncPtrFromPtr	GetfuncΔείκτηςfromΔείκτης	GetfuncΔείκτηςfromΔείκτης	existing-unreviewed		0
GetFunctionName	GetΣυνάρτησηΌνομα	GetΣυνάρτησηΌνομα	existing-unreviewed		0
GetHandler	Gethandler	Gethandler	existing-unreviewed		0
GetIPAddress	Getipaddress	Getipaddress	existing-unreviewed		0
GetMACAddress	Getmacaddress	Getmacaddress	existing-unreviewed		0
GetMACFromCache	Getmacfromcache	Getmacfromcache	existing-unreviewed		0
GetNextReadyThread	GetΕπόμενοΈτοιμοthread	GetΕπόμενοΈτοιμοthread	existing-unreviewed		0
GetNodeAt	GetΚόμβοςat	GetΚόμβοςat	existing-unreviewed		0
GetProvider	Providerget	Providerget	existing-unreviewed		0
GetSS0	Getss0	Getss0	existing-unreviewed		0
GetStr	Getstr	Getstr	existing-unreviewed		0
GetUint32ArrayFromPtr	Getunsignedinteger32ΔιάταξηfromΔείκτης	Getunsignedinteger32ΔιάταξηfromΔείκτης	existing-unreviewed		0
GetUintptrArrayFromPtr	GetunsignedintegerΔείκτηςΔιάταξηfromΔείκτης	GetunsignedintegerΔείκτηςΔιάταξηfromΔείκτης	existing-unreviewed		0
GetValue	GetΤιμή	GetΤιμή	existing-unreviewed		0
GetValueInPageDir	GetΤιμήσεΣελίδαΚατάλογος	GetΤιμήσεΣελίδαΚατάλογος	existing-unreviewed		0
Gid	Gid	Gid	existing-unreviewed		0
Gs	Gs	Gs	existing-unreviewed		0
HandleException	Χειρολαβήexception	Χειρολαβήexception	existing-unreviewed		0
HandleFatalInterruptFrame	ΧειρολαβήfatalΔιακοπήΠλαίσιο	ΧειρολαβήfatalΔιακοπήΠλαίσιο	existing-unreviewed		0
HandleInterrupt	ΧειρολαβήΔιακοπή	ΧειρολαβήΔιακοπή	existing-unreviewed		0
HandleInterrupt1	ΧειρολαβήΔιακοπή1	ΧειρολαβήΔιακοπή1	existing-unreviewed		0
HandleUserDatagramProtocolMessage	ΧειρολαβήΧρήστηςdatagramprotocolΜήνυμα	ΧειρολαβήΧρήστηςdatagramprotocolΜήνυμα	existing-unreviewed		0
IDT_DESC_PRESENT	IdtdescriptorΠαρούσα	IdtdescriptorΠαρούσα	existing-unreviewed		0
IDT_INTERRUPT_GATE	IdtΔιακοπήgate	IdtΔιακοπήgate	existing-unreviewed		0
IDriver	IDriver	IDriver	existing-unreviewed		0
IEtherFrameHandler	IEthernetΠλαίσιοhandler	IEthernetΠλαίσιοhandler	existing-unreviewed		0
IInternetProtocolHandler	IΔιαδίκτυοprotocolhandler	IΔιαδίκτυοprotocolhandler	existing-unreviewed		0
IInterruptHandler	IΔιακοπήhandler	IΔιακοπήhandler	existing-unreviewed		0
IKeyboardEventHandler	IΠληκτρολόγιοΣυμβάνhandler	IΠληκτρολόγιοΣυμβάνhandler	existing-unreviewed		0
IMouseEventHandler	IΠοντίκιΣυμβάνhandler	IΠοντίκιΣυμβάνhandler	existing-unreviewed		0
IPCIControllerHandler	Ipcicontrollerhandler	Ipcicontrollerhandler	existing-unreviewed		0
IPCache	Ipcache	Ipcache	existing-unreviewed		0
IP_BE	IpΔίκτυοbyteorder	IpΔίκτυοbyteorder	existing-unreviewed		0
IRawDataHandler	IRawdatahandler	IRawdatahandler	existing-unreviewed		0
ITimerEventHandler	IΧρονόμετροΣυμβάνhandler	IΧρονόμετροΣυμβάνhandler	existing-unreviewed		0
IUserDatagramProtocolHandler	IΧρήστηςdatagramprotocolhandler	IΧρήστηςdatagramprotocolhandler	existing-unreviewed		0
IUserDatagramProtocolSocket	IΧρήστηςdatagramprotocolΥποδοχή	IΧρήστηςdatagramprotocolΥποδοχή	existing-unreviewed		0
IWidget	IΕφαρμογίδιο	IΕφαρμογίδιο	pending-language-review	widget	0
Identify	Identify	Identify	existing-unreviewed		0
Increment	Increment	Increment	existing-unreviewed		0
IndexOf	Κατάλογοςαπό	Κατάλογοςαπό	existing-unreviewed		0
Init	Init	Init	existing-unreviewed		0
InitDriver	Initdriver	Initdriver	existing-unreviewed		0
InitialThreadUserJump	InitialthreadΧρήστηςjump	InitialthreadΧρήστηςjump	existing-unreviewed		0
Ino	Ino	Ino	existing-unreviewed		0
Install	Εγκατάσταση	Εγκατάσταση	existing-unreviewed		0
Interrupt	Διακοπή	Διακοπή	existing-unreviewed		0
InterruptActive	ΔιακοπήΕνεργό	ΔιακοπήΕνεργό	existing-unreviewed		0
InterruptDeactive	Διακοπήdeactive	Διακοπήdeactive	existing-unreviewed		0
InterruptManager	Διακοπήmanager	Διακοπήmanager	existing-unreviewed		0
InterruptNumber	ΔιακοπήΑριθμός	ΔιακοπήΑριθμός	existing-unreviewed		0
InvalidOpcode	Μηέγκυροopcode	Μηέγκυροopcode	existing-unreviewed		0
InvalidTSS	Μηέγκυροtss	Μηέγκυροtss	existing-unreviewed		0
IsKernel	Iskernel	Iskernel	existing-unreviewed		0
IsPresent	IsΠαρούσα	IsΠαρούσα	existing-unreviewed		0
IsUserSpace	IsΧρήστηςΔιάστημα	IsΧρήστηςΔιάστημα	existing-unreviewed		0
KB	ΚΒ	ΚΒ	existing-unreviewed		0
KCS_INDEX	KcsΚατάλογος	KcsΚατάλογος	existing-unreviewed		0
KCS_SELECTOR	Kcsselector	Kcsselector	existing-unreviewed		0
KDS_INDEX	KdsΚατάλογος	KdsΚατάλογος	existing-unreviewed		0
KDS_SELECTOR	Kdsselector	Kdsselector	existing-unreviewed		0
KERNEL_HEAP_START	KernelheapΈναρξη	KernelheapΈναρξη	existing-unreviewed		0
KERNEL_VIRT_ADDR	Kernelvirtaddress	Kernelvirtaddress	existing-unreviewed		0
KGS_INDEX	KgsΚατάλογος	KgsΚατάλογος	existing-unreviewed		0
KGS_SELECTOR	Kgsselector	Kgsselector	existing-unreviewed		0
K핵심	KKernelEntry	KKernelEntry	compatibility		0
LIDT	Lidt	Lidt	existing-unreviewed		0
Last	Τελευταία	Τελευταία	existing-unreviewed		0
Len	Len	Len	compatibility		0
Limit	Όριο	Όριο	existing-unreviewed		0
Link	Δεσμός	Δεσμός	existing-unreviewed		0
LinkMap	Δεσμόςmap	Δεσμόςmap	existing-unreviewed		0
LinkedList	LinkedΛίστα	LinkedΛίστα	existing-unreviewed		0
Listen	Listen	Listen	existing-unreviewed		0
LoadElf	Φόρτοςelf	Φόρτοςelf	existing-unreviewed		0
MAC	Mac	Mac	existing-unreviewed		0
MAC0	Mac0	Mac0	existing-unreviewed		0
MAC1	Mac1	Mac1	existing-unreviewed		0
MAC2	Mac2	Mac2	existing-unreviewed		0
MAC3	Mac3	Mac3	existing-unreviewed		0
MAC4	Mac4	Mac4	existing-unreviewed		0
MAC5	Mac5	Mac5	existing-unreviewed		0
MACAddress0Port	Macaddress0Θύρα	Macaddress0Θύρα	existing-unreviewed		0
MACAddress2Port	Macaddress2Θύρα	Macaddress2Θύρα	existing-unreviewed		0
MACAddress4Port	Macaddress4Θύρα	Macaddress4Θύρα	existing-unreviewed		0
MACCache	Maccache	Maccache	existing-unreviewed		0
MAX_QUEUE_SIZE	ΜεγqueueΜέγεθος	ΜεγqueueΜέγεθος	existing-unreviewed		0
MB	Mb	Mb	existing-unreviewed		0
MBR	Mbr	Mbr	existing-unreviewed		0
MHex출력	MHexadecimalΕκτύπωση	MHexadecimalΕκτύπωση	existing-unreviewed		0
MHex출력XY	MHexadecimalΕκτύπωσηxy	MHexadecimalΕκτύπωσηxy	existing-unreviewed		0
MUint16출력	MUnsignedinteger16Εκτύπωση	MUnsignedinteger16Εκτύπωση	existing-unreviewed		0
MUint16출력XY	MUnsignedinteger16Εκτύπωσηxy	MUnsignedinteger16Εκτύπωσηxy	existing-unreviewed		0
MUint32출력	MUnsignedinteger32Εκτύπωση	MUnsignedinteger32Εκτύπωση	existing-unreviewed		0
MUint32출력XY	MUnsignedinteger32Εκτύπωσηxy	MUnsignedinteger32Εκτύπωσηxy	existing-unreviewed		0
MUint64출력	MUnsignedinteger64Εκτύπωση	MUnsignedinteger64Εκτύπωση	existing-unreviewed		0
MUint64출력XY	MUnsignedinteger64Εκτύπωσηxy	MUnsignedinteger64Εκτύπωσηxy	existing-unreviewed		0
Machine	Machine	Machine	existing-unreviewed		0
MachineCheck	Machinecheck	Machinecheck	existing-unreviewed		0
MakeRangePrivateWritable	MakeΕύροςΙδιωτικόwritable	MakeΕύροςΙδιωτικόwritable	existing-unreviewed		0
Malloc	Malloc	Malloc	pending-language-review	allocate_memory	0
MemCmp	Memcmp	Memcmp	existing-unreviewed		0
MemCpy	MemΑντιγραφή	MemΑντιγραφή	existing-unreviewed		0
MemMove	MemΜετακίνηση	MemΜετακίνηση	existing-unreviewed		0
MemSet	Memσύνολο	Memσύνολο	existing-unreviewed		0
MemoryOper	Μνήμηoper	Μνήμηoper	existing-unreviewed		0
Mode	ΚΑΤΑΣΤΑΣΗ	ΚΑΤΑΣΤΑΣΗ	existing-unreviewed		0
ModelToScreen	ΜοντέλοtoΟθόνη	Set_local_coordinates	pending-language-review	set_coordinates	5
Mtime	Mtime	Mtime	existing-unreviewed		0
MtimeNsec	Mtimensec	Mtimensec	existing-unreviewed		0
MyHandleInterrupt	MyΧειρολαβήΔιακοπή	MyΧειρολαβήΔιακοπή	existing-unreviewed		0
MyTest	MyΔοκιμή	MyΔοκιμή	existing-unreviewed		0
M긴급로그Hex8	MEmergencyΚαταγραφήhexadecimal8	MEmergencyΚαταγραφήhexadecimal8	existing-unreviewed		0
M긴급로그Uint32	MEmergencyΚαταγραφήunsignedinteger32	MEmergencyΚαταγραφήunsignedinteger32	existing-unreviewed		0
M긴급로그문자열	MEmergencyΚαταγραφήΣυμβολοσειρά	MEmergencyΚαταγραφήΣυμβολοσειρά	existing-unreviewed		0
M직렬로그초기화	MΣειριακόςαριθμόςΚαταγραφήinit	MΣειριακόςαριθμόςΚαταγραφήinit	existing-unreviewed		0
M출력	MΕκτύπωση	MΕκτύπωση	existing-unreviewed		0
M출력BytesXY	MΕκτύπωσηbytesxy	MΕκτύπωσηbytesxy	existing-unreviewed		0
M출력Hex	MΕκτύπωσηhexadecimal	MΕκτύπωσηhexadecimal	existing-unreviewed		0
M출력Uint16	MΕκτύπωσηunsignedinteger16	MΕκτύπωσηunsignedinteger16	existing-unreviewed		0
M출력Uint32	MΕκτύπωσηunsignedinteger32	MΕκτύπωσηunsignedinteger32	existing-unreviewed		0
M출력XY	MΕκτύπωσηxy	MΕκτύπωσηxy	existing-unreviewed		0
M테스트	M테스트	M테스트	existing-unreviewed		0
NMI	Nmi	Nmi	existing-unreviewed		0
New	Νέο	Νέο	existing-unreviewed		0
NewInterruptHandler	ΝέοΔιακοπήhandler	ΝέοΔιακοπήhandler	existing-unreviewed		0
Next	Επόμενο	Επόμενο	existing-unreviewed		0
Nlink	Nlink	Nlink	existing-unreviewed		0
Node	Κόμβος	Κόμβος	pending-language-review	list_node	0
Nodename	Nodename	Nodename	existing-unreviewed		0
OnEtherFrameReceived	EthernetΠλαίσιοreceivewhen	EthernetΠλαίσιοreceivewhen	existing-unreviewed		0
OnGetDriver	Ενεργήgetdriver	Ενεργήgetdriver	existing-unreviewed		0
OnInternetProtocolReceived	Διαδίκτυοprotocolreceivewhen	Διαδίκτυοprotocolreceivewhen	existing-unreviewed		0
OnKeyDown	ΕνεργήΚλειδίΚάτω	ΕνεργήΚλειδίΚάτω	existing-unreviewed		0
OnKeyUp	ΕνεργήΚλειδίΠάνω	ΕνεργήΚλειδίΠάνω	existing-unreviewed		0
OnMouseDown	ΕνεργήΠοντίκιΚάτω	ΕνεργήΠοντίκιΚάτω	existing-unreviewed		0
OnMouseMove	ΕνεργήΠοντίκιΜετακίνηση	ΕνεργήΠοντίκιΜετακίνηση	existing-unreviewed		0
OnMouseUp	ΕνεργήΠοντίκιΠάνω	ΕνεργήΠοντίκιΠάνω	existing-unreviewed		0
OnRawDataReceived	Ενεργήrawdatareceive	Ενεργήrawdatareceive	existing-unreviewed		0
OnTick	Ενεργήtick	Ενεργήtick	existing-unreviewed		0
Overflow	Overflow	Overflow	existing-unreviewed		0
P1LinkMap	PΤιμή1Δεσμόςmap	PΤιμή1Δεσμόςmap	existing-unreviewed		0
P2LinkMap	PΤιμή2Δεσμόςmap	PΤιμή2Δεσμόςmap	existing-unreviewed		0
P3LinkMap	PΤιμή3Δεσμόςmap	PΤιμή3Δεσμόςmap	existing-unreviewed		0
PAGE_COW	Σελίδαcow	Σελίδαcow	existing-unreviewed		0
PAGE_FRAME	ΣελίδαΠλαίσιο	ΣελίδαΠλαίσιο	existing-unreviewed		0
PAGE_PRESENT	ΣελίδαΠαρούσα	ΣελίδαΠαρούσα	existing-unreviewed		0
PAGE_USER	ΣελίδαΧρήστης	ΣελίδαΧρήστης	existing-unreviewed		0
PAGE_WRITABLE	Σελίδαwritable	Σελίδαwritable	existing-unreviewed		0
PAUSE_LOOP	Παύσηloop	Παύσηloop	existing-unreviewed		0
PICMasterCommandPort	PrimarypicΕντολήioΘύρα	PrimarypicΕντολήioΘύρα	existing-unreviewed		0
PICMasterDataPort	PrimarypicdataioΘύρα	PrimarypicdataioΘύρα	existing-unreviewed		0
PICSlaveCommandPort	SecondarypicΕντολήioΘύρα	SecondarypicΕντολήioΘύρα	existing-unreviewed		0
PICSlaveDataPort	SecondarypicdataioΘύρα	SecondarypicdataioΘύρα	existing-unreviewed		0
PRESENT	Παρούσα	Παρούσα	existing-unreviewed		0
PRIV_KERNEL	Privkernel	Privkernel	existing-unreviewed		0
PRIV_USER	PrivΧρήστης	PrivΧρήστης	existing-unreviewed		0
PROC_USER_HEAP_SIZE	ProcΧρήστηςheapΜέγεθος	ProcΧρήστηςheapΜέγεθος	existing-unreviewed		0
PageDirEntry	ΣελίδαΚατάλογοςκαταχώρηση	ΣελίδαΚατάλογοςκαταχώρηση	existing-unreviewed		0
PageDirectoryEntry	ΣελίδαΚατάλογοςκαταχώρηση_2	ΣελίδαΚατάλογοςκαταχώρηση_2	existing-unreviewed		0
PageFault	Σελίδαfault	Σελίδαfault	existing-unreviewed		0
PageFaultException	Σελίδαfaultexception	Σελίδαfaultexception	existing-unreviewed		0
PageRoundDown	ΣελίδαΣτρογγυλοποίησηπροςτονπλησιέστεροακέραιοΚάτω	ΣελίδαΣτρογγυλοποίησηπροςτονπλησιέστεροακέραιοΚάτω	existing-unreviewed		0
PageRoundUp	ΣελίδαΣτρογγυλοποίησηπροςτονπλησιέστεροακέραιοΠάνω	ΣελίδαΣτρογγυλοποίησηπροςτονπλησιέστεροακέραιοΠάνω	existing-unreviewed		0
PageTableEntry	ΣελίδαΠίνακαςκαταχώρηση	ΣελίδαΠίνακαςκαταχώρηση	existing-unreviewed		0
Paging	Paging	Paging	existing-unreviewed		0
ParentPid	Γονικόpid	Γονικόpid	existing-unreviewed		0
Parse	Parse	Parse	existing-unreviewed		0
Partition_id	PartitionΤΑΥΤΌΤΗΤΑ	PartitionΤΑΥΤΌΤΗΤΑ	existing-unreviewed		0
PhyMemTest	PhymemΔοκιμή	PhymemΔοκιμή	existing-unreviewed		0
PhysicalMemoryManager	PhysicalΜνήμηmanager	PhysicalΜνήμηmanager	existing-unreviewed		0
Pid	Pid	Pid	existing-unreviewed		0
Port	Θύρα	Θύρα	existing-unreviewed		0
PortBase	Θύραbase	Θύραbase	existing-unreviewed		0
PortInByte	Θύρασεbyte	Θύρασεbyte	existing-unreviewed		0
PortInDword	Θύρασεdword	Θύρασεdword	existing-unreviewed		0
PortInWord	Θύρασελέξη	Θύρασελέξη	existing-unreviewed		0
PortOutByte	ΘύραΈξωbyte	ΘύραΈξωbyte	existing-unreviewed		0
PortOutDword	ΘύραΈξωdword	ΘύραΈξωdword	existing-unreviewed		0
PortOutWord	ΘύραΈξωλέξη	ΘύραΈξωλέξη	existing-unreviewed		0
PortReadByte	ΘύραΑνάγνωσηbyte	ΘύραΑνάγνωσηbyte	existing-unreviewed		0
PortReadDword	ΘύραΑνάγνωσηdword	ΘύραΑνάγνωσηdword	existing-unreviewed		0
PortReadWord	ΘύραΑνάγνωσηλέξη	ΘύραΑνάγνωσηλέξη	existing-unreviewed		0
PortWriteByte	ΘύραΕγγραφήbyte	ΘύραΕγγραφήbyte	existing-unreviewed		0
PortWriteDword	ΘύραΕγγραφήdword	ΘύραΕγγραφήdword	existing-unreviewed		0
PortWriteWord	ΘύραΕγγραφήλέξη	ΘύραΕγγραφήλέξη	existing-unreviewed		0
Prev	Previous	Previous	existing-unreviewed		0
PrevTSS	Previoustss	Previoustss	existing-unreviewed		0
PrimaryPartition	Primarypartition	Primarypartition	existing-unreviewed		0
Print	Εκτύπωση	Εκτύπωση	existing-unreviewed		0
PrintBytes	Εκτύπωσηbytes	Εκτύπωσηbytes	existing-unreviewed		0
PrintStr	Εκτύπωσηstr	Εκτύπωσηstr	existing-unreviewed		0
PrintTLS	Εκτύπωσηtls	Εκτύπωσηtls	existing-unreviewed		0
PrintTest	ΕκτύπωσηΔοκιμή	ΕκτύπωσηΔοκιμή	existing-unreviewed		0
Process	Διεργασία	Διεργασία	existing-unreviewed		0
ProcessHelper	Διεργασίαhelper	Διεργασίαhelper	existing-unreviewed		0
ProcessPendingKeyboardEvents	ΔιεργασίαpendingΠληκτρολόγιοΓεγονότα	ΔιεργασίαpendingΠληκτρολόγιοΓεγονότα	existing-unreviewed		0
ProcessPendingMouseEvents	ΔιεργασίαpendingΠοντίκιΓεγονότα	ΔιεργασίαpendingΠοντίκιΓεγονότα	existing-unreviewed		0
PushAt	Pushat	Insert_at_index	pending-language-review	insert_at	1
PushBack	PushΠίσω	Append_to_list	pending-language-review	append	12
PushFront	PushΜπροστά	Prepend_to_list	pending-language-review	prepend	5
PutPixel	Putpixel	Putpixel	existing-unreviewed		0
PutPixelRGB	Putpixelrgb	Putpixelrgb	existing-unreviewed		0
QUEUE_START_ADDR	QueueΈναρξηaddress	QueueΈναρξηaddress	existing-unreviewed		0
Rdev	Rdev	Rdev	existing-unreviewed		0
Read	Ανάγνωση	Ανάγνωση	existing-unreviewed		0
Read28	Ανάγνωση28	Ανάγνωση28	existing-unreviewed		0
ReadFile	ΑνάγνωσηΑρχείο	ΑνάγνωσηΑρχείο	pending-language-review	file_read	0
ReadPartitions	Ανάγνωσηpartition	Ανάγνωσηpartition	existing-unreviewed		0
Ready	Έτοιμο	Έτοιμο	existing-unreviewed		0
Receive	Receive	Receive	existing-unreviewed		0
Ref	Reference	Reference	existing-unreviewed		0
Release	Release	Release	existing-unreviewed		0
ReloadCR3	Επαναφόρτωσηcr3	Επαναφόρτωσηcr3	existing-unreviewed		0
Remove	Αφαίρεση	Αφαίρεση	existing-unreviewed		0
RemoveAt	Αφαίρεσηat	Αφαίρεσηat	existing-unreviewed		0
RemoveThread	Αφαίρεσηthread	Αφαίρεσηthread	existing-unreviewed		0
RemoveThreadAt	Αφαίρεσηthreadat	Αφαίρεσηthreadat	existing-unreviewed		0
RequestMacAddress	Requestmacaddress	Requestmacaddress	existing-unreviewed		0
Reset	Επαναφορά	Επαναφορά	existing-unreviewed		0
Resolve	Resolve	Resolve	existing-unreviewed		0
ResolveCopyOnWriteFault	ResolveΑντιγραφήΕνεργήΕγγραφήfault	ResolveΑντιγραφήΕνεργήΕγγραφήfault	existing-unreviewed		0
SCHEDULER_FREQUENCY	SchedulerΣυχνότητα	SchedulerΣυχνότητα	existing-unreviewed		0
SEG_BIG_MODE	SegbigΚΑΤΑΣΤΑΣΗ	SegbigΚΑΤΑΣΤΑΣΗ	existing-unreviewed		0
SEG_EXEC	SegΕκτέλεση	SegΕκτέλεση	existing-unreviewed		0
SEG_GRAN_4K_PAGE	Seggran4kΣελίδα	Seggran4kΣελίδα	existing-unreviewed		0
SEG_GRAN_BYTE	Seggranbyte	Seggranbyte	existing-unreviewed		0
SEG_KERNEL_CODE	Segkernelcode	Segkernelcode	existing-unreviewed		0
SEG_KERNEL_DATA	Segkerneldata	Segkerneldata	existing-unreviewed		0
SEG_KERNEL_GS	Segkernelgs	Segkernelgs	existing-unreviewed		0
SEG_NOEXEC	Segnoexec	Segnoexec	existing-unreviewed		0
SEG_NORMAL	SegΚανονικό	SegΚανονικό	existing-unreviewed		0
SEG_NORW	Segnorw	Segnorw	existing-unreviewed		0
SEG_R	Segr	Segr	existing-unreviewed		0
SEG_SYSTEM	SegΣύστημα	SegΣύστημα	existing-unreviewed		0
SEG_TASK_STATE	SegΔιεργασίαΚατάσταση	SegΔιεργασίαΚατάσταση	existing-unreviewed		0
SEG_USER_CODE	SegΧρήστηςcode	SegΧρήστηςcode	existing-unreviewed		0
SEG_USER_DATA	SegΧρήστηςdata	SegΧρήστηςdata	existing-unreviewed		0
SEG_USER_GS	SegΧρήστηςgs	SegΧρήστηςgs	existing-unreviewed		0
SEG_W	Segw	Segw	existing-unreviewed		0
SIMDFloatingPointException	SimdΠλωτόpointexception	SimdΠλωτόpointexception	existing-unreviewed		0
SIZE	Μέγεθος	Μέγεθος	existing-unreviewed		0
SYS_ACCESS	Sysπροσπέλαση	Sysπροσπέλαση	existing-unreviewed		0
SYS_BRK	Sysbrk	Sysbrk	existing-unreviewed		0
SYS_CHDIR	Syschdir	Syschdir	existing-unreviewed		0
SYS_CLOSE	SysΚλείσιμο	SysΚλείσιμο	existing-unreviewed		0
SYS_CREAT	Syscreat	Syscreat	existing-unreviewed		0
SYS_DUP	Sysdup	Sysdup	existing-unreviewed		0
SYS_DUP2	Sysdup2	Sysdup2	existing-unreviewed		0
SYS_EXECVE	Sysexecve	Sysexecve	existing-unreviewed		0
SYS_EXIT	SysΈξοδος	SysΈξοδος	existing-unreviewed		0
SYS_FCNTL	Sysfcntl	Sysfcntl	existing-unreviewed		0
SYS_FORK	Sysfork	Sysfork	existing-unreviewed		0
SYS_FSTAT	Sysfstat	Sysfstat	existing-unreviewed		0
SYS_FSYNC	Sysfsync	Sysfsync	existing-unreviewed		0
SYS_GETCWD	Sysgetcwd	Sysgetcwd	existing-unreviewed		0
SYS_GETEGID	Sysgetegid	Sysgetegid	existing-unreviewed		0
SYS_GETEUID	Sysgeteuid	Sysgeteuid	existing-unreviewed		0
SYS_GETGID	Sysgetgid	Sysgetgid	existing-unreviewed		0
SYS_GETPID	Sysgetpid	Sysgetpid	existing-unreviewed		0
SYS_GETPPID	Sysgetppid	Sysgetppid	existing-unreviewed		0
SYS_GETUID	Sysgetuid	Sysgetuid	existing-unreviewed		0
SYS_LSEEK	Syslseek	Syslseek	existing-unreviewed		0
SYS_LSTAT	Syslstat	Syslstat	existing-unreviewed		0
SYS_OPEN	SysΆνοιγμα	SysΆνοιγμα	existing-unreviewed		0
SYS_READ	SysΑνάγνωση	SysΑνάγνωση	existing-unreviewed		0
SYS_RT_EXIT	SysrtΈξοδος	SysrtΈξοδος	existing-unreviewed		0
SYS_SOCKETCALL	Syssocketcall	Syssocketcall	existing-unreviewed		0
SYS_STAT	Sysstat	Sysstat	existing-unreviewed		0
SYS_SYNC	Syssync	Syssync	existing-unreviewed		0
SYS_UNAME	Sysuname	Sysuname	existing-unreviewed		0
SYS_WAITPID	Syswaitpid	Syswaitpid	existing-unreviewed		0
SYS_WRITE	SysΕγγραφή	SysΕγγραφή	existing-unreviewed		0
Schedule	Schedule	Schedule	existing-unreviewed		0
Scheduler	Scheduler	Scheduler	existing-unreviewed		0
SchedulerData	Schedulerdata	Schedulerdata	existing-unreviewed		0
SegmentNotPresent	SegmentnotΠαρούσα	SegmentnotΠαρούσα	existing-unreviewed		0
SelectDrivers	Επιλογήdriver	Επιλογήdriver	existing-unreviewed		0
Send	Αποστολή	Αποστολή	existing-unreviewed		0
SendEchoRequest	EchorequestΑποστολή	EchorequestΑποστολή	existing-unreviewed		0
SendFrame	ΠλαίσιοΑποστολή	ΠλαίσιοΑποστολή	existing-unreviewed		0
SerialInit	Σειριακόςαριθμόςinit	Σειριακόςαριθμόςinit	existing-unreviewed		0
SerialWriteByte	ΣειριακόςαριθμόςΕγγραφήbyte	ΣειριακόςαριθμόςΕγγραφήbyte	existing-unreviewed		0
SetBackend	Σύνολοbackend	Σύνολοbackend	existing-unreviewed		0
SetBit	Σύνολοbit	Σύνολοbit	existing-unreviewed		0
SetBlockInPageDir	ΣύνολοΜπλοκσεΣελίδαΚατάλογος	ΣύνολοΜπλοκσεΣελίδαΚατάλογος	existing-unreviewed		0
SetBuffer	Σύνολοbuffer	Σύνολοbuffer	existing-unreviewed		0
SetByteAtAddr	Σύνολοbyteataddress	Σύνολοbyteataddress	existing-unreviewed		0
SetByteInPageDir	ΣύνολοbyteσεΣελίδαΚατάλογος	ΣύνολοbyteσεΣελίδαΚατάλογος	existing-unreviewed		0
SetCR3	Σύνολοcr3	Σύνολοcr3	existing-unreviewed		0
SetColor	ΣύνολοΧρώμα	ΣύνολοΧρώμα	existing-unreviewed		0
SetDescriptor	Σύνολοdescriptor	Σύνολοdescriptor	existing-unreviewed		0
SetHandleInterruptFuction	ΣύνολοΧειρολαβήΔιακοπήfuction	ΣύνολοΧειρολαβήΔιακοπήfuction	existing-unreviewed		0
SetHandler	Σύνολοhandler	Σύνολοhandler	existing-unreviewed		0
SetIPAddress	Σύνολοipaddress	Σύνολοipaddress	existing-unreviewed		0
SetInterruptDescriptorTableEntry	ΔιακοπήdescriptorΠίνακαςκαταχώρησησύνολο	ΔιακοπήdescriptorΠίνακαςκαταχώρησησύνολο	existing-unreviewed		0
SetInterruptManager	ΣύνολοΔιακοπήmanager	ΣύνολοΔιακοπήmanager	existing-unreviewed		0
SetInterruptNumber	ΣύνολοΔιακοπήΑριθμός	ΣύνολοΔιακοπήΑριθμός	existing-unreviewed		0
SetMode	ΣύνολοΚΑΤΑΣΤΑΣΗ	ΣύνολοΚΑΤΑΣΤΑΣΗ	existing-unreviewed		0
SetNodeAt	ΣύνολοΚόμβοςat	ΣύνολοΚόμβοςat	existing-unreviewed		0
SetStack	Σύνολοstack	Σύνολοstack	existing-unreviewed		0
SetTlsSegment	Σύνολοtlssegment	Σύνολοtlssegment	existing-unreviewed		0
SetUint32AtAddr	Σύνολοunsignedinteger32ataddress	Σύνολοunsignedinteger32ataddress	existing-unreviewed		0
SetUint32InPageDir	Σύνολοunsignedinteger32σεΣελίδαΚατάλογος	Σύνολοunsignedinteger32σεΣελίδαΚατάλογος	existing-unreviewed		0
SetUint8AtAddr	Σύνολοunsignedinteger8ataddress	Σύνολοunsignedinteger8ataddress	existing-unreviewed		0
SharedMemoryRegion	SharedΜνήμηregion	SharedΜνήμηregion	existing-unreviewed		0
Size	Μέγεθος_2	Μέγεθος_2	existing-unreviewed		0
Spawn	Spawn	Spawn	existing-unreviewed		0
Ss	Ss	Ss	existing-unreviewed		0
Stack	Stack	Stack	existing-unreviewed		0
StackSegmentFault	Stacksegmentfault	Stacksegmentfault	existing-unreviewed		0
Start_lba	Έναρξηlba	Έναρξηlba	existing-unreviewed		0
Started	Ξεκίνησε	Ξεκίνησε	existing-unreviewed		0
StdinPutByte	Stdinputbyte	Stdinputbyte	existing-unreviewed		0
StopCurrentThread	ΔιακοπήΤρέχονthread	ΔιακοπήΤρέχονthread	existing-unreviewed		0
Stopped	Τερματισμός	Τερματισμός	existing-unreviewed		0
SubnetMask	SubnetΜάσκα	SubnetΜάσκα	existing-unreviewed		0
SupportMode	ΥποστήριξηΚΑΤΑΣΤΑΣΗ	ΥποστήριξηΚΑΤΑΣΤΑΣΗ	existing-unreviewed		0
Sys_brk	Sysbrk_2	Sysbrk_2	existing-unreviewed		0
Sys_close	SysΚλείσιμο_2	SysΚλείσιμο_2	existing-unreviewed		0
Sys_exit	SysΈξοδος_2	SysΈξοδος_2	existing-unreviewed		0
Sys_getpid	Sysgetpid_2	Sysgetpid_2	existing-unreviewed		0
Sys_mousemove	Sysmousemove	Sysmousemove	existing-unreviewed		0
Sys_open	SysΆνοιγμα_2	SysΆνοιγμα_2	existing-unreviewed		0
Sys_printStr	SysΕκτύπωσηstr	SysΕκτύπωσηstr	existing-unreviewed		0
Sys_printUint32	SysΕκτύπωσηunsignedinteger32	SysΕκτύπωσηunsignedinteger32	existing-unreviewed		0
Sys_printf	Sysprintf	Sysprintf	existing-unreviewed		0
Sys_read	SysΑνάγνωση_2	SysΑνάγνωση_2	existing-unreviewed		0
Syscall	Syscall	Syscall	existing-unreviewed		0
Sysname	Sysname	Sysname	existing-unreviewed		0
TARPEtherFrameHandler	ArpethernetΠλαίσιοhandler	ArpethernetΠλαίσιοhandler	existing-unreviewed		0
TARPMessage	ArpΜήνυμα	ArpΜήνυμα	existing-unreviewed		0
TARPMessageBuffer	ArpΜήνυμαbuffer	ArpΜήνυμαbuffer	existing-unreviewed		0
TARPProvider	Arpprovider	Arpprovider	existing-unreviewed		0
TAdvancedTechnologyAttachment	TΓιαπροχωρημένουςΤεχνολογίαattachment	TΓιαπροχωρημένουςΤεχνολογίαattachment	existing-unreviewed		0
TArray	TΔιάταξη	TΔιάταξη	existing-unreviewed		0
TBaseAddressRegister	TBaseaddressregister	TBaseaddressregister	existing-unreviewed		0
TBiosParameterBlock32	TBiosparameterΜπλοκ32	TBiosparameterΜπλοκ32	pending-language-review	fat_parameters	0
TBufferDescriptor	TBufferdescriptor	TBufferdescriptor	existing-unreviewed		0
TCOWFrameManager	TcowΠλαίσιοmanager	TcowΠλαίσιοmanager	existing-unreviewed		0
TCPUState	TcpuΚατάσταση	TcpuΚατάσταση	existing-unreviewed		0
TDefaultKeyboardEventHandler	TΠροεπιλογήΠληκτρολόγιοΣυμβάνhandler	TΠροεπιλογήΠληκτρολόγιοΣυμβάνhandler	existing-unreviewed		0
TDefaultMouseEventHandler	TΠροεπιλογήΠοντίκιΣυμβάνhandler	TΠροεπιλογήΠοντίκιΣυμβάνhandler	existing-unreviewed		0
TDefaultPCIControllerHandler	TΠροεπιλογήpcicontrollerhandler	TΠροεπιλογήpcicontrollerhandler	existing-unreviewed		0
TDefaultTimerEventHandler	TΠροεπιλογήΧρονόμετροΣυμβάνhandler	TΠροεπιλογήΧρονόμετροΣυμβάνhandler	existing-unreviewed		0
TDirectoryEntryFat32	TΚατάλογοςκαταχώρησηfat32	TΚατάλογοςκαταχώρησηfat32	existing-unreviewed		0
TDriverManager	TDrivermanager	TDrivermanager	existing-unreviewed		0
TEtherFrameHandler	TEthernetΠλαίσιοhandler	TEthernetΠλαίσιοhandler	existing-unreviewed		0
TEtherFrameHeader	TEthernetΠλαίσιοheader	TEthernetΠλαίσιοheader	pending-language-review	ethernet_header	0
TEtherFrameHeaderBuffer	TEthernetΠλαίσιοheaderbuffer	TEthernetΠλαίσιοheaderbuffer	existing-unreviewed		0
TEtherFrameProvider	TEthernetΠλαίσιοprovider	TEthernetΠλαίσιοprovider	pending-language-review	ethernet_provider	0
TEtherFrameRawDataHandler	TEthernetΠλαίσιοrawdatahandler	TEthernetΠλαίσιοrawdatahandler	existing-unreviewed		0
TGateDescriptor	TGatedescriptor	TGatedescriptor	existing-unreviewed		0
THREAD_STACK_SIZE	ThreadstackΜέγεθος	ThreadstackΜέγεθος	existing-unreviewed		0
TICMPHandler	Icmphandler	Icmphandler	existing-unreviewed		0
TIPEtherFrameHandler	IpethernetΠλαίσιοhandler	IpethernetΠλαίσιοhandler	existing-unreviewed		0
TInitializationBlock	TInitializationΜπλοκ	TInitializationΜπλοκ	existing-unreviewed		0
TInternetControlMessageProtocol	TΔιαδίκτυοΈλεγχοςΜήνυμαprotocol	TΔιαδίκτυοΈλεγχοςΜήνυμαprotocol	pending-language-review	icmp	0
TInternetControlMessageProtocolMessage	TΔιαδίκτυοΈλεγχοςΜήνυμαprotocolΜήνυμα	TΔιαδίκτυοΈλεγχοςΜήνυμαprotocolΜήνυμα	existing-unreviewed		0
TInternetControlMessageProtocolMessageBuffer	TΔιαδίκτυοΈλεγχοςΜήνυμαprotocolΜήνυμαbuffer	TΔιαδίκτυοΈλεγχοςΜήνυμαprotocolΜήνυμαbuffer	existing-unreviewed		0
TInternetProtocolHandler	TΔιαδίκτυοprotocolhandler	TΔιαδίκτυοprotocolhandler	existing-unreviewed		0
TInternetProtocolProvider	TΔιαδίκτυοprotocolprovider	TΔιαδίκτυοprotocolprovider	pending-language-review	ip_provider	0
TInternetProtocolV4Message	TΔιαδίκτυοprotocolv4Μήνυμα	TΔιαδίκτυοprotocolv4Μήνυμα	existing-unreviewed		0
TInternetProtocolV4MessageBuffer	TΔιαδίκτυοprotocolv4Μήνυμαbuffer	TΔιαδίκτυοprotocolv4Μήνυμαbuffer	existing-unreviewed		0
TInterruptDescriptorTablePointer	TΔιακοπήdescriptorΠίνακαςΔείκτης	TΔιακοπήdescriptorΠίνακαςΔείκτης	existing-unreviewed		0
TInterruptHandler	TΔιακοπήhandler	TΔιακοπήhandler	existing-unreviewed		0
TInterruptManager	TΔιακοπήmanager	TΔιακοπήmanager	existing-unreviewed		0
TKeyboardDriver	TΠληκτρολόγιοdriver	TΠληκτρολόγιοdriver	existing-unreviewed		0
TLS_START	TlsΈναρξη	TlsΈναρξη	existing-unreviewed		0
TMSDOSPartitionTable	TmsdospartitionΠίνακας	TmsdospartitionΠίνακας	existing-unreviewed		0
TMasterBootRecord	TΚύριαέξοδοςbootΗχογράφηση	TΚύριαέξοδοςbootΗχογράφηση	pending-language-review	boot_record	0
TMemoryChunk	TΜνήμηchunk	TΜνήμηchunk	existing-unreviewed		0
TMemoryManager	TΜνήμηmanager	TΜνήμηmanager	existing-unreviewed		0
TMouseDriver	TΠοντίκιdriver	TΠοντίκιdriver	existing-unreviewed		0
TMyKeyboardEventHandler	TMyΠληκτρολόγιοΣυμβάνhandler	TMyΠληκτρολόγιοΣυμβάνhandler	existing-unreviewed		0
TMyMouseEventHandler	TMyΠοντίκιΣυμβάνhandler	TMyΠοντίκιΣυμβάνhandler	existing-unreviewed		0
TMyPCIControllerHandler	TMypcicontrollerhandler	TMypcicontrollerhandler	existing-unreviewed		0
TPartitionTableEntry	TPartitionΠίνακαςκαταχώρηση	TPartitionΠίνακαςκαταχώρηση	existing-unreviewed		0
TPeripheralComponentInterconnectController	TPeripheralcomponentinterconnectcontroller	TPeripheralcomponentinterconnectcontroller	existing-unreviewed		0
TPeripheralComponentInterconnectDeviceDescriptor	TPeripheralcomponentinterconnectΣυσκευήdescriptor	TPeripheralcomponentinterconnectΣυσκευήdescriptor	existing-unreviewed		0
TPort	TΘύρα	TΘύρα	existing-unreviewed		0
TPort16Bit	TΘύρα16bit	TΘύρα16bit	existing-unreviewed		0
TPort32Bit	TΘύρα32bit	TΘύρα32bit	existing-unreviewed		0
TPort8Bit	TΘύρα8bit	TΘύρα8bit	existing-unreviewed		0
TRawDataHandler	TRawdatahandler	TRawdatahandler	existing-unreviewed		0
TSSEntry	Tssκαταχώρηση	Tssκαταχώρηση	existing-unreviewed		0
TSyscall	TSyscall	TSyscall	existing-unreviewed		0
TTask	TΔιεργασία	TΔιεργασία	existing-unreviewed		0
TThread	TThread	TThread	existing-unreviewed		0
TThreadHelper	TThreadhelper	TThreadhelper	existing-unreviewed		0
TTimerDriver	TΧρονόμετροdriver	TΧρονόμετροdriver	existing-unreviewed		0
TUserDatagramProtocolHandler	TΧρήστηςdatagramprotocolhandler	TΧρήστηςdatagramprotocolhandler	existing-unreviewed		0
TUserDatagramProtocolHeader	TΧρήστηςdatagramprotocolheader	TΧρήστηςdatagramprotocolheader	pending-language-review	udp_header	0
TUserDatagramProtocolHeaderBuffer	TΧρήστηςdatagramprotocolheaderbuffer	TΧρήστηςdatagramprotocolheaderbuffer	existing-unreviewed		0
TUserDatagramProtocolProvider	TΧρήστηςdatagramprotocolprovider	TΧρήστηςdatagramprotocolprovider	existing-unreviewed		0
TUserDatagramProtocolSocket	TΧρήστηςdatagramprotocolΥποδοχή	TΧρήστηςdatagramprotocolΥποδοχή	pending-language-review	udp_socket	0
TVideoGraphicsArray	TΒίντεοΓραφικάΔιάταξη	TΒίντεοΓραφικάΔιάταξη	existing-unreviewed		0
TWidget	TΕφαρμογίδιο	TΕφαρμογίδιο	pending-language-review	widget	0
TWidgetMouseEventHandler	TΕφαρμογίδιοΠοντίκιΣυμβάνhandler	TΕφαρμογίδιοΠοντίκιΣυμβάνhandler	existing-unreviewed		0
Tamd_am79c973	Tamdam79c973	Tamdam79c973	existing-unreviewed		0
Test	Δοκιμή	Δοκιμή	existing-unreviewed		0
TestBit	Δοκιμήbit	Δοκιμήbit	existing-unreviewed		0
TestPrint	ΔοκιμήΕκτύπωση	ΔοκιμήΕκτύπωση	existing-unreviewed		0
Thread	Thread	Thread	existing-unreviewed		0
ThreadList	ThreadΛίστα	ThreadΛίστα	existing-unreviewed		0
ThreadState	ThreadΚατάσταση	ThreadΚατάσταση	existing-unreviewed		0
Threads	Threads	Threads	existing-unreviewed		0
TlsSegments	Tlssegments	Tlssegments	existing-unreviewed		0
TotalBlocks	ΣύνολοΜπλοκ	ΣύνολοΜπλοκ	existing-unreviewed		0
Type	Τύπος	Τύπος	existing-unreviewed		0
TypeTest	ΤύποςΔοκιμή	ΤύποςΔοκιμή	existing-unreviewed		0
T공용서술자테이블	TShareddescriptorΠίνακας	TShareddescriptorΠίνακας	existing-unreviewed		0
T공용서술자테이블_자료	TShareddescriptorΠίνακαςdata	TShareddescriptorΠίνακαςdata	existing-unreviewed		0
T작업관리자	TΔιεργασίαmanager	TΔιεργασίαmanager	existing-unreviewed		0
T조각설명자	TSegmentdescriptor	TSegmentdescriptor	existing-unreviewed		0
T콘솔	TConsole	TConsole	existing-unreviewed		0
T함수1	TΣυνάρτηση1	TΣυνάρτηση1	existing-unreviewed		0
UDESC_32SEG	Udesc32seg	Udesc32seg	existing-unreviewed		0
UDESC_CONTENTS	UdescΠεριεχόμενα	UdescΠεριεχόμενα	existing-unreviewed		0
UDESC_LIMIT_IN_PAGES	UdescΌριοσεpages	UdescΌριοσεpages	existing-unreviewed		0
UDESC_RX_ONLY	Udescrxonly	Udescrxonly	existing-unreviewed		0
UDESC_SEG_NOT_PRESENT	UdescsegnotΠαρούσα	UdescsegnotΠαρούσα	existing-unreviewed		0
UDESC_USABLE	Udescusable	Udescusable	existing-unreviewed		0
USER_STACK	Χρήστηςstack	Χρήστηςstack	existing-unreviewed		0
USER_STACK_SIZE	ΧρήστηςstackΜέγεθος	ΧρήστηςstackΜέγεθος	existing-unreviewed		0
USER_STACK_TOP	ΧρήστηςstackΠάνω	ΧρήστηςstackΠάνω	existing-unreviewed		0
Uid	Uid	Uid	existing-unreviewed		0
Uint16ToArray	Unsignedinteger16toΔιάταξη	Unsignedinteger16toΔιάταξη	existing-unreviewed		0
Uint16ToArray_BE	Unsignedinteger16toΔιάταξηbe	Unsignedinteger16toΔιάταξηbe	existing-unreviewed		0
Uint16_R	Unsignedinteger16r	Unsignedinteger16r	existing-unreviewed		0
Uint32ToArray	Unsignedinteger32toΔιάταξη	Unsignedinteger32toΔιάταξη	existing-unreviewed		0
Uint32_R	Unsignedinteger32r	Unsignedinteger32r	existing-unreviewed		0
Uint48ToArray	Unsignedinteger48toΔιάταξη	Unsignedinteger48toΔιάταξη	existing-unreviewed		0
Uint48ToArray_BE	Unsignedinteger48toΔιάταξηbe	Unsignedinteger48toΔιάταξηbe	existing-unreviewed		0
Uint48_R	Unsignedinteger48r	Unsignedinteger48r	existing-unreviewed		0
Uint64ToArray	Unsignedinteger64toΔιάταξη	Unsignedinteger64toΔιάταξη	existing-unreviewed		0
Uint64_R	Unsignedinteger64r	Unsignedinteger64r	existing-unreviewed		0
UnhandleInterrupt	UnhandleΔιακοπή	UnhandleΔιακοπή	existing-unreviewed		0
UnsetBit	Αφαίρεσηbit	Toggle_allocation_bit	pending-language-review	toggle_bit	1
UsedBlocks	ΣεχρήσηΜπλοκ	ΣεχρήσηΜπλοκ	existing-unreviewed		0
UserDesc	Χρήστηςdescriptor	Χρήστηςdescriptor	existing-unreviewed		0
UserStack	Χρήστηςstack_2	Χρήστηςstack_2	existing-unreviewed		0
UserStackSize	ΧρήστηςstackΜέγεθος_2	ΧρήστηςstackΜέγεθος_2	existing-unreviewed		0
Vendor_id	ΚατασκευαστήςΤΑΥΤΌΤΗΤΑ	ΚατασκευαστήςΤΑΥΤΌΤΗΤΑ	existing-unreviewed		0
Version	Έκδοση	Έκδοση	existing-unreviewed		0
VirtTest	VirtΔοκιμή	VirtΔοκιμή	existing-unreviewed		0
Write	Εγγραφή	Εγγραφή	existing-unreviewed		0
Write28	Εγγραφή28	Εγγραφή28	existing-unreviewed		0
WriteRegisters	Εγγραφήregister	Εγγραφήregister	existing-unreviewed		0
X	X	X	existing-unreviewed		0
Y	Y	Y	existing-unreviewed		0
Zero	Μηδέν	Μηδέν	existing-unreviewed		0
ZeroBlockInPageDir	ΜηδένΜπλοκσεΣελίδαΚατάλογος	ΜηδένΜπλοκσεΣελίδαΚατάλογος	existing-unreviewed		0
a	a	a	existing-unreviewed		0
aTime	aΏρα	aΏρα	existing-unreviewed		0
access	προσπέλαση	προσπέλαση	existing-unreviewed		0
accessMode	προσπέλασηΚΑΤΑΣΤΑΣΗ	προσπέλασηΚΑΤΑΣΤΑΣΗ	existing-unreviewed		0
ack	ack	ack	existing-unreviewed		0
activeKeyboardDriver	ενεργόΠληκτρολόγιοdriver	ενεργόΠληκτρολόγιοdriver	existing-unreviewed		0
activeMouseDriver	ενεργόΠοντίκιdriver	ενεργόΠοντίκιdriver	existing-unreviewed		0
addr	address	address	existing-unreviewed		0
addrPtr	addressΔείκτης	addressΔείκτης	existing-unreviewed		0
address	address_2	address_2	existing-unreviewed		0
addressError	addressΣφάλμα	addressΣφάλμα	existing-unreviewed		0
afInet	afinet	afinet	existing-unreviewed		0
allocFD	allocatefd	allocatefd	existing-unreviewed		0
allocOpenFile	allocateΆνοιγμαΑρχείο	allocateΆνοιγμαΑρχείο	existing-unreviewed		0
allocProcess	allocateΔιεργασία	allocateΔιεργασία	existing-unreviewed		0
allocateSocket	allocateΥποδοχή	allocateΥποδοχή	existing-unreviewed		0
allocated	allocated	allocated	existing-unreviewed		0
amd_am79c973	amdam79c973	amdam79c973	existing-unreviewed		0
args	παράμετροι	παράμετροι	existing-unreviewed		0
argument	argument	argument	existing-unreviewed		0
argumentPointers	argumentpointers	argumentpointers	existing-unreviewed		0
arguments	παράμετροι_2	παράμετροι_2	existing-unreviewed		0
arp	arp	arp	existing-unreviewed		0
arpBuffer	arpbuffer	arpbuffer	existing-unreviewed		0
arpMesgSize	arpmesgΜέγεθος	arpmesgΜέγεθος	existing-unreviewed		0
arpProvider	arpprovider	arpprovider	existing-unreviewed		0
arp콘솔	arpconsole	arpconsole	existing-unreviewed		0
array	διάταξη	διάταξη	existing-unreviewed		0
ata	ata	ata	existing-unreviewed		0
ata0s	ata0s	ata0s	existing-unreviewed		0
attempts	attempts	attempts	existing-unreviewed		0
attr	γνώρισμα	γνώρισμα	existing-unreviewed		0
attributeControllerIndexPort	γνώρισμαcontrollerΚατάλογοςΘύρα	γνώρισμαcontrollerΚατάλογοςΘύρα	existing-unreviewed		0
attributeControllerReadPort	γνώρισμαcontrollerΑνάγνωσηΘύρα	γνώρισμαcontrollerΑνάγνωσηΘύρα	existing-unreviewed		0
attributeControllerResetPort	γνώρισμαcontrollerΕπαναφοράΘύρα	γνώρισμαcontrollerΕπαναφοράΘύρα	existing-unreviewed		0
attributeControllerWritePort	γνώρισμαcontrollerΕγγραφήΘύρα	γνώρισμαcontrollerΕγγραφήΘύρα	existing-unreviewed		0
attributes	ιδιότητες	ιδιότητες	existing-unreviewed		0
aux	aux	aux	existing-unreviewed		0
avail	διαθέσιμα	διαθέσιμα	existing-unreviewed		0
b	b	b	existing-unreviewed		0
backend	backend	backend	existing-unreviewed		0
backupFpRegs	backupfpregs	backupfpregs	existing-unreviewed		0
backupSector	backupsector	backupsector	existing-unreviewed		0
bar	μπάρα	μπάρα	existing-unreviewed		0
barNum	μπάραΑριθμός	μπάραΑριθμός	existing-unreviewed		0
bar_value	μπάραΤιμή	μπάραΤιμή	existing-unreviewed		0
base	base	base	existing-unreviewed		0
baseCode	basecode	basecode	existing-unreviewed		0
baseHigh	baseΥψηλή	baseΥψηλή	existing-unreviewed		0
baseLow	baseΧαμηλή	baseΧαμηλή	existing-unreviewed		0
baseMid	basemid	basemid	existing-unreviewed		0
base_addr_high	baseaddressΥψηλή	baseaddressΥψηλή	existing-unreviewed		0
base_addr_low	baseaddressΧαμηλή	baseaddressΧαμηλή	existing-unreviewed		0
bh	bh	bh	existing-unreviewed		0
bindEphemeral	bindephemeral	bindephemeral	existing-unreviewed		0
bindError	bindΣφάλμα	bindΣφάλμα	existing-unreviewed		0
bios	bios	bios	existing-unreviewed		0
bit	bit	bit	existing-unreviewed		0
bitmap	bitmap	bitmap	pending-language-review	bitmap	0
bootSignature	bootsignature	bootsignature	existing-unreviewed		0
bootable	bootable	bootable	existing-unreviewed		0
bootloader	bootloader	bootloader	existing-unreviewed		0
bound	bound	bound	existing-unreviewed		0
bpb	bpb	bpb	pending-language-review	fat_parameters	0
bpbBytes	bpbbytes	bpbbytes	existing-unreviewed		0
bpbPtr	bpbΔείκτης	bpbΔείκτης	existing-unreviewed		0
buf	buffer	buffer	existing-unreviewed		0
buf1	buffer1	buffer1	existing-unreviewed		0
buf2	buffer2	buffer2	existing-unreviewed		0
buf3	buffer3	buffer3	existing-unreviewed		0
buf4	buffer4	buffer4	existing-unreviewed		0
buf6	buffer6	buffer6	existing-unreviewed		0
buffer	buffer_2	buffer_2	existing-unreviewed		0
buffer1	buffer1_2	buffer1_2	existing-unreviewed		0
buffer2	buffer2_2	buffer2_2	existing-unreviewed		0
bufferAddr	bufferaddress	bufferaddress	existing-unreviewed		0
bufferAddress	bufferaddress_2	bufferaddress_2	existing-unreviewed		0
bufptr	bufferΔείκτης	bufferΔείκτης	existing-unreviewed		0
bus	bus	bus	existing-unreviewed		0
busControlRegisterDataPort	busΈλεγχοςregisterdataΘύρα	busΈλεγχοςregisterdataΘύρα	existing-unreviewed		0
button	κουμπί	κουμπί	existing-unreviewed		0
buttons	κουμπί_2	κουμπί_2	existing-unreviewed		0
bytesPerSector	bytespersector	bytespersector	existing-unreviewed		0
c	c	c	existing-unreviewed		0
cDate	cΗμερομηνία	cΗμερομηνία	existing-unreviewed		0
cTime	cΏρα	cΏρα	existing-unreviewed		0
cTimeTenth	cΏραtenth	cΏραtenth	existing-unreviewed		0
call	call	call	existing-unreviewed		0
candidate	candidate	candidate	existing-unreviewed		0
cap	cap	cap	existing-unreviewed		0
char	char	char	existing-unreviewed		0
checked	checked	checked	existing-unreviewed		0
checksum	checksum	checksum	existing-unreviewed		0
child	θυγατρική	θυγατρική	existing-unreviewed		0
childPID	θυγατρικήpid	θυγατρικήpid	existing-unreviewed		0
childPageDir	θυγατρικήΣελίδαΚατάλογος	θυγατρικήΣελίδαΚατάλογος	existing-unreviewed		0
chunk	chunk	chunk	existing-unreviewed		0
class_id	κλάσηΤΑΥΤΌΤΗΤΑ	κλάσηΤΑΥΤΌΤΗΤΑ	existing-unreviewed		0
closeAllProcessFDs	κλείσιμοΌλαΔιεργασίαfds	κλείσιμοΌλαΔιεργασίαfds	existing-unreviewed		0
closeOnExec	κλείσιμοΕνεργήΕκτέλεση	κλείσιμοΕνεργήΕκτέλεση	existing-unreviewed		0
closeProcessFD	κλείσιμοΔιεργασίαfd	κλείσιμοΔιεργασίαfd	existing-unreviewed		0
code	code	code	existing-unreviewed		0
code1Ptr	code1Δείκτης	code1Δείκτης	existing-unreviewed		0
code1ptr	code1Δείκτης_2	code1Δείκτης_2	existing-unreviewed		0
code2Ptr	code2Δείκτης	code2Δείκτης	existing-unreviewed		0
code3Ptr	code3Δείκτης	code3Δείκτης	existing-unreviewed		0
codeSegment	codesegment	codesegment	existing-unreviewed		0
colorIndex	χρώμαΚατάλογος	χρώμαΚατάλογος	existing-unreviewed		0
colordepth	χρώμαdepth	χρώμαdepth	existing-unreviewed		0
command	εντολή	εντολή	existing-unreviewed		0
commandPort	εντολήΘύρα	εντολήΘύρα	existing-unreviewed		0
commandport	εντολήΘύρα_2	εντολήΘύρα_2	existing-unreviewed		0
common	κοινό	κοινό	existing-unreviewed		0
connected	connected	connected	existing-unreviewed		0
console	console	console	existing-unreviewed		0
controlPort	έλεγχοςΘύρα	έλεγχοςΘύρα	existing-unreviewed		0
copyExecVector	αντιγραφήΕκτέλεσηvector	αντιγραφήΕκτέλεσηvector	existing-unreviewed		0
copyLength	αντιγραφήΔιάρκεια	αντιγραφήΔιάρκεια	existing-unreviewed		0
copyPageDir	αντιγραφήΣελίδαΚατάλογος	αντιγραφήΣελίδαΚατάλογος	existing-unreviewed		0
copyPath	αντιγραφήΔΙΑΔΡΟΜΗ	αντιγραφήΔΙΑΔΡΟΜΗ	existing-unreviewed		0
copySocketName	αντιγραφήΥποδοχήΌνομα	αντιγραφήΥποδοχήΌνομα	existing-unreviewed		0
copyUtsField	αντιγραφήutsπεδίο	αντιγραφήutsπεδίο	existing-unreviewed		0
count	count	count	existing-unreviewed		0
count2	count2	count2	existing-unreviewed		0
cowFrameManager	cowΠλαίσιοmanager	cowΠλαίσιοmanager	existing-unreviewed		0
cpu	επεξεργαστής	επεξεργαστής	existing-unreviewed		0
cpustate	επεξεργαστήςΚατάσταση	επεξεργαστήςΚατάσταση	existing-unreviewed		0
cr0	cr0	cr0	existing-unreviewed		0
cr3	cr3	cr3	existing-unreviewed		0
cr4	cr4	cr4	existing-unreviewed		0
crtcDataPort	crtcdataΘύρα	crtcdataΘύρα	existing-unreviewed		0
crtcIndexPort	crtcΚατάλογοςΘύρα	crtcΚατάλογοςΘύρα	existing-unreviewed		0
cs	cs	cs	existing-unreviewed		0
currentRecvBuffer	τρέχονrecvbuffer	τρέχονrecvbuffer	existing-unreviewed		0
currentSendBuffer	τρέχονΑποστολήbuffer	τρέχονΑποστολήbuffer	existing-unreviewed		0
currentTask	τρέχονΔιεργασία	τρέχονΔιεργασία	existing-unreviewed		0
currentThread	τρέχονthread	τρέχονthread	existing-unreviewed		0
currentThreadIndex	τρέχονthreadΚατάλογος	τρέχονthreadΚατάλογος	existing-unreviewed		0
cursorHeight	δείκτηςΎψος	δείκτηςΎψος	existing-unreviewed		0
cursorStart	δείκτηςΈναρξη	δείκτηςΈναρξη	existing-unreviewed		0
d_tag	dΕτικέτα	dΕτικέτα	existing-unreviewed		0
d_val_ptr	dvalΔείκτης	dvalΔείκτης	existing-unreviewed		0
data	data	data	existing-unreviewed		0
dataBuf	databuffer	databuffer	existing-unreviewed		0
dataBytes	databytes	databytes	existing-unreviewed		0
dataPointer	dataΔείκτης	dataΔείκτης	existing-unreviewed		0
dataPort	dataΘύρα	dataΘύρα	existing-unreviewed		0
dataStart	dataΈναρξη	dataΈναρξη	existing-unreviewed		0
databuffer	databuffer_2	databuffer_2	existing-unreviewed		0
dataport	dataΘύρα_2	dataΘύρα_2	existing-unreviewed		0
defaultKeyboardEventHandler	προεπιλογήΠληκτρολόγιοΣυμβάνhandler	προεπιλογήΠληκτρολόγιοΣυμβάνhandler	existing-unreviewed		0
desc	descriptor	descriptor	existing-unreviewed		0
description	περιγραφή	περιγραφή	existing-unreviewed		0
destination	προορισμός	προορισμός	existing-unreviewed		0
destinationAddress	προορισμόςaddress	προορισμόςaddress	existing-unreviewed		0
destinationLength	προορισμόςΔιάρκεια	προορισμόςΔιάρκεια	existing-unreviewed		0
dev	συσκευή	συσκευή	existing-unreviewed		0
device	συσκευή_2	συσκευή_2	existing-unreviewed		0
deviceDescriptor	συσκευήdescriptor	συσκευήdescriptor	existing-unreviewed		0
devicePort	συσκευήΘύρα	συσκευήΘύρα	existing-unreviewed		0
diff	diff	diff	existing-unreviewed		0
digits	digits	digits	existing-unreviewed		0
dirent	dirent	dirent	existing-unreviewed		0
direntBytes	direntbytes	direntbytes	existing-unreviewed		0
direntPtr	direntΔείκτης	direntΔείκτης	existing-unreviewed		0
discardProcess	απόρριψηΔιεργασία	απόρριψηΔιεργασία	existing-unreviewed		0
dispatchInterrupt	dispatchΔιακοπή	dispatchΔιακοπή	existing-unreviewed		0
divisor	divisor	divisor	existing-unreviewed		0
domain	τομέας	τομέας	existing-unreviewed		0
driveNumber	driveΑριθμός	driveΑριθμός	existing-unreviewed		0
driver	driver	driver	existing-unreviewed		0
driverManager	drivermanager	drivermanager	existing-unreviewed		0
drivercount	drivercount	drivercount	existing-unreviewed		0
drv	driver_2	driver_2	existing-unreviewed		0
ds	ds	ds	existing-unreviewed		0
ds_segment	dssegment	dssegment	existing-unreviewed		0
dst	προορισμός_2	προορισμός_2	existing-unreviewed		0
dstEntry	προορισμόςκαταχώρηση	προορισμόςκαταχώρηση	existing-unreviewed		0
dstIP	προορισμόςipaddress	προορισμόςipaddress	existing-unreviewed		0
dstIP_BE	προορισμόςipaddressΔίκτυοbyteorder	προορισμόςipaddressΔίκτυοbyteorder	existing-unreviewed		0
dstMAC	προορισμόςmacaddress	προορισμόςmacaddress	existing-unreviewed		0
dstMAC_BE	προορισμόςmacbe	προορισμόςmacbe	existing-unreviewed		0
dstPageDir	προορισμόςΣελίδαΚατάλογος	προορισμόςΣελίδαΚατάλογος	existing-unreviewed		0
dstPort	προορισμόςΘύραΑριθμός	προορισμόςΘύραΑριθμός	pending-language-review	destination_port	0
dstPt	προορισμόςpt	προορισμόςpt	existing-unreviewed		0
dstPtPtr	προορισμόςptΔείκτης	προορισμόςptΔείκτης	existing-unreviewed		0
dstPtr	προορισμόςΔείκτης	προορισμόςΔείκτης	existing-unreviewed		0
dstptr	προορισμόςΔείκτης_2	προορισμόςΔείκτης_2	existing-unreviewed		0
dynamic	δυναμικό	δυναμικό	existing-unreviewed		0
e	e	e	existing-unreviewed		0
e_ehsize	eehsize	eehsize	existing-unreviewed		0
e_entry	eκαταχώρηση	eκαταχώρηση	existing-unreviewed		0
e_flags	eΔιακόπτες	eΔιακόπτες	existing-unreviewed		0
e_ident	eident	eident	existing-unreviewed		0
e_machine	emachine	emachine	existing-unreviewed		0
e_phentsize	ephentsize	ephentsize	existing-unreviewed		0
e_phnum	ephnum	ephnum	existing-unreviewed		0
e_phoff	ephoff	ephoff	existing-unreviewed		0
e_shentsize	eshentsize	eshentsize	existing-unreviewed		0
e_shnum	eshnum	eshnum	existing-unreviewed		0
e_shoff	eshoff	eshoff	existing-unreviewed		0
e_shstrndx	eshstrndx	eshstrndx	existing-unreviewed		0
e_type	eΤύπος	eΤύπος	existing-unreviewed		0
e_version	eΈκδοση	eΈκδοση	existing-unreviewed		0
eax	eax	eax	existing-unreviewed		0
ebp	ebp	ebp	existing-unreviewed		0
ebx	ebx	ebx	existing-unreviewed		0
ecx	ecx	ecx	existing-unreviewed		0
edi	edi	edi	existing-unreviewed		0
edx	edx	edx	existing-unreviewed		0
efHandler	efhandler	efhandler	existing-unreviewed		0
eflags	eflags	eflags	existing-unreviewed		0
eip	eip	eip	existing-unreviewed		0
eipOffset	eipoffset	eipoffset	existing-unreviewed		0
elf	elf	elf	existing-unreviewed		0
elf0	elf0	elf0	existing-unreviewed		0
elf2	elf2	elf2	existing-unreviewed		0
elf3	elf3	elf3	existing-unreviewed		0
elf4	elf4	elf4	existing-unreviewed		0
elfHeader	elfheader	elfheader	existing-unreviewed		0
enabled	ενεργό	ενεργό	existing-unreviewed		0
end	τέλος	τέλος	existing-unreviewed		0
endOffset	τέλοςoffset	τέλοςoffset	existing-unreviewed		0
end_cylinder	τέλοςcylinder	τέλοςcylinder	existing-unreviewed		0
end_head	τέλοςhead	τέλοςhead	existing-unreviewed		0
end_sector	τέλοςsector	τέλοςsector	existing-unreviewed		0
ensureCurrentProcess	ensureΤρέχονΔιεργασία	ensureΤρέχονΔιεργασία	existing-unreviewed		0
entry	καταχώρηση	καταχώρηση	existing-unreviewed		0
entryPoint	καταχώρησηpoint	καταχώρησηpoint	existing-unreviewed		0
entrypoint	καταχώρησηpoint_2	καταχώρησηpoint_2	existing-unreviewed		0
environment	environment	environment	existing-unreviewed		0
environmentPointers	environmentpointers	environmentpointers	existing-unreviewed		0
err	σφάλλω	σφάλλω	existing-unreviewed		0
errorPort	σφάλμαΘύρα	σφάλμαΘύρα	existing-unreviewed		0
es	es	es	existing-unreviewed		0
esi	esi	esi	existing-unreviewed		0
esp	esp	esp	existing-unreviewed		0
esp0	esp0	esp0	existing-unreviewed		0
esp1	esp1	esp1	existing-unreviewed		0
esp2	esp2	esp2	existing-unreviewed		0
etherFrameProvider	ethernetΠλαίσιοprovider	ethernetΠλαίσιοprovider	pending-language-review	ethernet_provider	0
etherType	ethernetΤύπος	ethernetΤύπος	existing-unreviewed		0
etherType_BE	ethernetΤύποςbe	ethernetΤύποςbe	existing-unreviewed		0
etherframe	ethernetΠλαίσιο	ethernetΠλαίσιο	existing-unreviewed		0
etherframePayload	ethernetΠλαίσιοpayload	ethernetΠλαίσιοpayload	existing-unreviewed		0
except	except	except	existing-unreviewed		0
exceptionCR0	exceptioncr0	exceptioncr0	existing-unreviewed		0
exceptionCR2	exceptioncr2	exceptioncr2	existing-unreviewed		0
exceptionCR3	exceptioncr3	exceptioncr3	existing-unreviewed		0
exceptionFrameValue	exceptionΠλαίσιοΤιμή	exceptionΠλαίσιοΤιμή	existing-unreviewed		0
exceptionHasErrorCode	exceptionhasΣφάλμαcode	exceptionhasΣφάλμαcode	existing-unreviewed		0
exceptionName	exceptionΌνομα	exceptionΌνομα	existing-unreviewed		0
execVector	εκτέλεσηvector	εκτέλεσηvector	existing-unreviewed		0
exists	exists	exists	existing-unreviewed		0
exited	τερματίστηκε	τερματίστηκε	existing-unreviewed		0
ext	ext	ext	existing-unreviewed		0
extFlags	extΔιακόπτες	extΔιακόπτες	existing-unreviewed		0
extendedScanCode	extendedΣάρωσηcode	extendedΣάρωσηcode	existing-unreviewed		0
fDupFD	fdupfd	fdupfd	existing-unreviewed		0
fGetFD	fgetfd	fgetfd	existing-unreviewed		0
fGetFL	fgetfl	fgetfl	existing-unreviewed		0
fSetFD	fσύνολοfd	fσύνολοfd	existing-unreviewed		0
fSetFL	fσύνολοfl	fσύνολοfl	existing-unreviewed		0
fat	fat	fat	existing-unreviewed		0
fatCopies	fatΑντιγραφή	fatΑντιγραφή	existing-unreviewed		0
fatInfo	fatπληροφορία	fatπληροφορία	existing-unreviewed		0
fatOffsetInSectorForCurrentCluster	fatoffsetσεsectorforΤρέχονcluster	fatoffsetσεsectorforΤρέχονcluster	existing-unreviewed		0
fatSectorCount	fatsectorcount	fatsectorcount	existing-unreviewed		0
fatSectorForCurrentCluster	fatsectorforΤρέχονcluster	fatsectorforΤρέχονcluster	existing-unreviewed		0
fatSize	fatΜέγεθος	fatΜέγεθος	existing-unreviewed		0
fatStart	fatΈναρξη	fatΈναρξη	existing-unreviewed		0
fatTypeLabel	fatΤύποςΕτικέτα	fatΤύποςΕτικέτα	existing-unreviewed		0
fatVersion	fatΈκδοση	fatΈκδοση	existing-unreviewed		0
fatbuf	fatbuf	fatbuf	existing-unreviewed		0
fatbuffer	fatbuffer	fatbuffer	existing-unreviewed		0
faultAddr	faultaddress	faultaddress	existing-unreviewed		0
fb	fb	fb	existing-unreviewed		0
fbCurCol	fbΤρέχονcol	fbΤρέχονcol	existing-unreviewed		0
fbCurLine	fbΤρέχονΓραμμή	fbΤρέχονΓραμμή	existing-unreviewed		0
fbHeight	fbΎψος	fbΎψος	existing-unreviewed		0
fbPhysAddr	fbphysaddress	fbphysaddress	existing-unreviewed		0
fbWidth	fbΠλάτος	fbΠλάτος	existing-unreviewed		0
fd	fd	fd	existing-unreviewed		0
fdCloexec	fdcloexec	fdcloexec	existing-unreviewed		0
fdEntry	fdκαταχώρηση	fdκαταχώρηση	existing-unreviewed		0
fdFlags	fdΔιακόπτες	fdΔιακόπτες	existing-unreviewed		0
fdKindConsole	fdΕίδοςconsole	fdΕίδοςconsole	existing-unreviewed		0
fdKindFat	fdΕίδοςfat	fdΕίδοςfat	existing-unreviewed		0
fdKindNone	fdΕίδοςΚανένα	fdΕίδοςΚανένα	existing-unreviewed		0
fdKindRootDir	fdΕίδοςΡιζικόςκατάλογοςΚατάλογος	fdΕίδοςΡιζικόςκατάλογοςΚατάλογος	existing-unreviewed		0
fdKindSocket	fdΕίδοςΥποδοχή	fdΕίδοςΥποδοχή	existing-unreviewed		0
fdKindStdin	fdΕίδοςstdin	fdΕίδοςstdin	existing-unreviewed		0
fds	fds	fds	existing-unreviewed		0
filePtr	αρχείοΔείκτης	αρχείοΔείκτης	existing-unreviewed		0
fileSector	αρχείοsector	αρχείοsector	existing-unreviewed		0
fileSize	αρχείοΜέγεθος	αρχείοΜέγεθος	existing-unreviewed		0
filename	όνομααρχείου	όνομααρχείου	existing-unreviewed		0
fillPosixStat	fillposixstat	fillposixstat	existing-unreviewed		0
findProcess	εύρεσηΔιεργασία	εύρεσηΔιεργασία	existing-unreviewed		0
first	first	first	existing-unreviewed		0
firstClusterHi	firstclusterhi	firstclusterhi	existing-unreviewed		0
firstClusterLow	firstclusterΧαμηλή	firstclusterΧαμηλή	existing-unreviewed		0
firstFileCluster	firstΑρχείοcluster	firstΑρχείοcluster	existing-unreviewed		0
flags	διακόπτες	διακόπτες	existing-unreviewed		0
flags2	διακόπτες2	διακόπτες2	existing-unreviewed		0
flagsAndOffset	διακόπτεςΚΑΙoffset	διακόπτεςΚΑΙoffset	existing-unreviewed		0
flushIndex	flushΚατάλογος	flushΚατάλογος	existing-unreviewed		0
flushTlsTable	flushtlsΠίνακας	flushtlsΠίνακας	existing-unreviewed		0
flush_tss	flushtss	flushtss	existing-unreviewed		0
fn	fn	fn	existing-unreviewed		0
foo	foo	foo	existing-unreviewed		0
foundChild	foundθυγατρική	foundθυγατρική	existing-unreviewed		0
frame	πλαίσιο	πλαίσιο	existing-unreviewed		0
frameCount	πλαίσιοcount	πλαίσιοcount	existing-unreviewed		0
frameHeaderSize	πλαίσιοheaderΜέγεθος	πλαίσιοheaderΜέγεθος	existing-unreviewed		0
free	ελεύθερα	ελεύθερα	existing-unreviewed		0
freePort	ελεύθεραΘύρα	ελεύθεραΘύρα	existing-unreviewed		0
frequency	συχνότητα	συχνότητα	existing-unreviewed		0
fs	fs	fs	existing-unreviewed		0
func1Val	func1val	func1val	existing-unreviewed		0
func2Val	func2val	func2val	existing-unreviewed		0
func3Val	func3val	func3val	existing-unreviewed		0
func_addr	funcaddress	funcaddress	existing-unreviewed		0
func_bytes	funcbytes	funcbytes	existing-unreviewed		0
func_name	funcΌνομα	funcΌνομα	existing-unreviewed		0
func_value	funcΤιμή	funcΤιμή	existing-unreviewed		0
function	συνάρτηση	συνάρτηση	existing-unreviewed		0
fxrstor	fxrstor	fxrstor	existing-unreviewed		0
fxsave	fxsave	fxsave	existing-unreviewed		0
g	g	g	existing-unreviewed		0
g_320x200x256	g320x200x256	g320x200x256	existing-unreviewed		0
gate	gate	gate	existing-unreviewed		0
gateData	gatedata	gatedata	existing-unreviewed		0
gatewayIP	gatewayip	gatewayip	existing-unreviewed		0
gdt	gdt	gdt	existing-unreviewed		0
gdtDescriptor	gdtdescriptor	gdtdescriptor	existing-unreviewed		0
gdtEntry	gdtκαταχώρηση	gdtκαταχώρηση	existing-unreviewed		0
gdtTable	gdtΠίνακας	gdtΠίνακας	existing-unreviewed		0
gdtTableLen	gdtΠίνακαςlen	gdtΠίνακαςlen	existing-unreviewed		0
gdt_codeSegmentSelector	gdtcodesegmentselector	gdtcodesegmentselector	existing-unreviewed		0
gdt_func	gdtfunc	gdtfunc	existing-unreviewed		0
getCR2	getcr2	getcr2	existing-unreviewed		0
getCR3	getcr3	getcr3	existing-unreviewed		0
getDescriptor	getdescriptor	getdescriptor	existing-unreviewed		0
getESI	getesi	getesi	existing-unreviewed		0
getESP	getesp	getesp	existing-unreviewed		0
getGDT	getgdt	getgdt	existing-unreviewed		0
getGS	getgs	getgs	existing-unreviewed		0
getOpenFile	getΆνοιγμαΑρχείο	getΆνοιγμαΑρχείο	existing-unreviewed		0
getOpenFileFor	getΆνοιγμαΑρχείοfor	getΆνοιγμαΑρχείοfor	existing-unreviewed		0
getTLS	gettls	gettls	existing-unreviewed		0
globalDescriptorTable	καθολικάdescriptorΠίνακας	καθολικάdescriptorΠίνακας	existing-unreviewed		0
globalOffsetTable	καθολικάoffsetΠίνακας	καθολικάoffsetΠίνακας	existing-unreviewed		0
global_offset_table	καθολικάoffsetΠίνακας_2	καθολικάoffsetΠίνακας_2	existing-unreviewed		0
graphicsControllerDataPort	γραφικάcontrollerdataΘύρα	γραφικάcontrollerdataΘύρα	existing-unreviewed		0
graphicsControllerIndexPort	γραφικάcontrollerΚατάλογοςΘύρα	γραφικάcontrollerΚατάλογοςΘύρα	existing-unreviewed		0
grub_multiboot_memory_map_t	grubmultibootΜνήμηmapt	grubmultibootΜνήμηmapt	existing-unreviewed		0
gs	gs	gs	existing-unreviewed		0
gs_segment	gssegment	gssegment	existing-unreviewed		0
h	h	h	existing-unreviewed		0
haltAfterFatalException	haltafterfatalexception	haltafterfatalexception	existing-unreviewed		0
handleInterrupt	χειρολαβήΔιακοπή	χειρολαβήΔιακοπή	existing-unreviewed		0
handleKeyboardInterrupt	χειρολαβήΠληκτρολόγιοΔιακοπή	χειρολαβήΠληκτρολόγιοΔιακοπή	existing-unreviewed		0
handleMouseInterrupt	χειρολαβήΠοντίκιΔιακοπή	χειρολαβήΠοντίκιΔιακοπή	existing-unreviewed		0
handlePagingInterrupt	χειρολαβήpagingΔιακοπή	χειρολαβήpagingΔιακοπή	existing-unreviewed		0
handleUnhandledSyscall	χειρολαβήunhandledsyscall	χειρολαβήunhandledsyscall	existing-unreviewed		0
handler	handler	handler	existing-unreviewed		0
handlerAddressHighBits	handleraddressΥψηλήbits	handleraddressΥψηλήbits	existing-unreviewed		0
handlerAddressLowBits	handleraddressΧαμηλήbits	handleraddressΧαμηλήbits	existing-unreviewed		0
handlerRun	handlerΕκτέλεση	handlerΕκτέλεση	existing-unreviewed		0
handlers	handler_2	handler_2	existing-unreviewed		0
hardwareAddressSize	υλικόaddressΜέγεθος	υλικόaddressΜέγεθος	existing-unreviewed		0
hardwareInterruptOffset	υλικόΔιακοπήoffset	υλικόΔιακοπήoffset	existing-unreviewed		0
hardwareType	υλικόΤύπος	υλικόΤύπος	existing-unreviewed		0
hd	hd	hd	existing-unreviewed		0
head	head	head	existing-unreviewed		0
headCount	headcount	headcount	existing-unreviewed		0
headerLength	headerΔιάρκεια	headerΔιάρκεια	existing-unreviewed		0
headertype	headertype	headertype	existing-unreviewed		0
height	ύψος	ύψος	existing-unreviewed		0
hex	δεκαεξαδικό	δεκαεξαδικό	existing-unreviewed		0
hiddenSectors	κρυφόsectors	κρυφόsectors	existing-unreviewed		0
i	i	i	existing-unreviewed		0
iCount	icount	icount	existing-unreviewed		0
iDrivers	idriver	idriver	existing-unreviewed		0
iKeyboardEventHandler	iΠληκτρολόγιοΣυμβάνhandler	iΠληκτρολόγιοΣυμβάνhandler	existing-unreviewed		0
iMouseEventHandler	iΠοντίκιΣυμβάνhandler	iΠοντίκιΣυμβάνhandler	existing-unreviewed		0
iPCIControllerHandler	ipcicontrollerhandler	ipcicontrollerhandler	existing-unreviewed		0
iRawDataHandler	irawdatahandler	irawdatahandler	existing-unreviewed		0
iTimerEventHandler	iΧρονόμετροΣυμβάνhandler	iΧρονόμετροΣυμβάνhandler	existing-unreviewed		0
icmp	icmp	icmp	existing-unreviewed		0
icmpSize	icmpΜέγεθος	icmpΜέγεθος	existing-unreviewed		0
icmp콘솔	icmpconsole	icmpconsole	existing-unreviewed		0
id	τΑΥΤΌΤΗΤΑ	τΑΥΤΌΤΗΤΑ	existing-unreviewed		0
ident	ident	ident	existing-unreviewed		0
idtData	idtdata	idtdata	existing-unreviewed		0
idtPointer	idtΔείκτης	idtΔείκτης	existing-unreviewed		0
idx	idx	idx	existing-unreviewed		0
index	κατάλογος	κατάλογος	existing-unreviewed		0
initBlock	initΜπλοκ	initΜπλοκ	existing-unreviewed		0
initFileDescriptors	initΑρχείοdescriptor	initΑρχείοdescriptor	existing-unreviewed		0
initPIT	initpit	initpit	existing-unreviewed		0
initializeProcessFDs	initializeΔιεργασίαfds	initializeΔιεργασίαfds	existing-unreviewed		0
inode	κόμβος	κόμβος	existing-unreviewed		0
inputEventTask	είσοδοςΣυμβάνΔιεργασία	είσοδοςΣυμβάνΔιεργασία	existing-unreviewed		0
installIDT	εγκατάστασηidt	εγκατάστασηidt	existing-unreviewed		0
intNumber	ακέραιοςΑριθμός	ακέραιοςΑριθμός	existing-unreviewed		0
interface_id	δΙΕΠΑΦΗΤΑΥΤΌΤΗΤΑ	δΙΕΠΑΦΗΤΑΥΤΌΤΗΤΑ	existing-unreviewed		0
internetprotocolPayload	διαδίκτυοprotocolpayload	διαδίκτυοprotocolpayload	existing-unreviewed		0
interrupt	διακοπή	διακοπή	existing-unreviewed		0
interruptDebug	διακοπήΔιόρθωση	διακοπήΔιόρθωση	existing-unreviewed		0
interruptExitLoop	διακοπήΈξοδοςloop	διακοπήΈξοδοςloop	existing-unreviewed		0
interruptGateEntries	διακοπήgateκαταχώρηση	διακοπήgateκαταχώρηση	existing-unreviewed		0
interruptHandler	διακοπήhandler	διακοπήhandler	existing-unreviewed		0
interrupts	interrupts	interrupts	existing-unreviewed		0
iomap	iomap	iomap	existing-unreviewed		0
ip	ip	ip	existing-unreviewed		0
ipEtherFrameHandler	ipethernetΠλαίσιοhandler	ipethernetΠλαίσιοhandler	existing-unreviewed		0
ipHandler	iphandler	iphandler	existing-unreviewed		0
ipIdx	ipidx	ipidx	existing-unreviewed		0
ipProtocolUDP	ipprotocoludp	ipprotocoludp	existing-unreviewed		0
ipProvider	ipprovider	ipprovider	pending-language-review	ip_provider	0
ipSize	ipΜέγεθος	ipΜέγεθος	existing-unreviewed		0
ip_be	ipΔίκτυοbyteorder	ipΔίκτυοbyteorder	existing-unreviewed		0
ipmessage	διαδίκτυοprotocolΜήνυμα	διαδίκτυοprotocolΜήνυμα	existing-unreviewed		0
ipv4	ipv4	ipv4	existing-unreviewed		0
ip콘솔	ipconsole	ipconsole	existing-unreviewed		0
isKernel	iskernel	iskernel	existing-unreviewed		0
isRoot	isΡιζικόςκατάλογος	isΡιζικόςκατάλογος	existing-unreviewed		0
isRootPath	isΡιζικόςκατάλογοςΔΙΑΔΡΟΜΗ	isΡιζικόςκατάλογοςΔΙΑΔΡΟΜΗ	existing-unreviewed		0
isSharedPDE	issharedpde	issharedpde	existing-unreviewed		0
istOffset	istoffset	istoffset	existing-unreviewed		0
j	j	j	existing-unreviewed		0
jmp	jmp	jmp	existing-unreviewed		0
jmp_user	jmpΧρήστης	jmpΧρήστης	existing-unreviewed		0
jump_usermode_iret	jumpusermodeiret	jumpusermodeiret	existing-unreviewed		0
kPageDirEntry	kΣελίδαΚατάλογοςκαταχώρηση	kΣελίδαΚατάλογοςκαταχώρηση	existing-unreviewed		0
kernelESP	kernelesp	kernelesp	existing-unreviewed		0
kernelPageDirEntry	kernelΣελίδαΚατάλογοςκαταχώρηση	kernelΣελίδαΚατάλογοςκαταχώρηση	existing-unreviewed		0
kernelSS	kernelss	kernelss	existing-unreviewed		0
key	κλειδί	κλειδί	existing-unreviewed		0
keyboard	πληκτρολόγιο	πληκτρολόγιο	existing-unreviewed		0
keyboardDriver	πληκτρολόγιοdriver	πληκτρολόγιοdriver	existing-unreviewed		0
keyboardEventHandler	πληκτρολόγιοΣυμβάνhandler	πληκτρολόγιοΣυμβάνhandler	existing-unreviewed		0
keyboardQueue	πληκτρολόγιοqueue	πληκτρολόγιοqueue	existing-unreviewed		0
keyboardQueueRead	πληκτρολόγιοqueueΑνάγνωση	πληκτρολόγιοqueueΑνάγνωση	existing-unreviewed		0
keyboardQueueSize	πληκτρολόγιοqueueΜέγεθος	πληκτρολόγιοqueueΜέγεθος	existing-unreviewed		0
keyboardQueueWrite	πληκτρολόγιοqueueΕγγραφή	πληκτρολόγιοqueueΕγγραφή	existing-unreviewed		0
kind	είδος	είδος	existing-unreviewed		0
l	l	l	existing-unreviewed		0
last	τελευταία	τελευταία	existing-unreviewed		0
lbaHiPort	lbahiΘύρα	lbahiΘύρα	existing-unreviewed		0
lbaLowPort	lbaΧαμηλήΘύρα	lbaΧαμηλήΘύρα	existing-unreviewed		0
lbaMidPort	lbamidΘύρα	lbamidΘύρα	existing-unreviewed		0
ldt	ldt	ldt	existing-unreviewed		0
leftShift	αριστεράshift	αριστεράshift	existing-unreviewed		0
len	len	len	existing-unreviewed		0
len_ver	lenver	lenver	existing-unreviewed		0
length	διάρκεια	διάρκεια	existing-unreviewed		0
lengthAddress	διάρκειαaddress	διάρκειαaddress	existing-unreviewed		0
lengthInBytes	διάρκειασεbytes	διάρκειασεbytes	existing-unreviewed		0
length_high	διάρκειαΥψηλή	διάρκειαΥψηλή	existing-unreviewed		0
length_low	διάρκειαΧαμηλή	διάρκειαΧαμηλή	existing-unreviewed		0
lengths	lengths	lengths	existing-unreviewed		0
lib1Addr	lib1address	lib1address	existing-unreviewed		0
lib1Data	lib1data	lib1data	existing-unreviewed		0
lib1File	lib1Αρχείο	lib1Αρχείο	existing-unreviewed		0
lib1GOT	lib1got	lib1got	existing-unreviewed		0
lib1elf	lib1elf	lib1elf	existing-unreviewed		0
lib2Addr	lib2address	lib2address	existing-unreviewed		0
lib2Data	lib2data	lib2data	existing-unreviewed		0
lib2File	lib2Αρχείο	lib2Αρχείο	existing-unreviewed		0
lib2GOT	lib2got	lib2got	existing-unreviewed		0
lib2elf	lib2elf	lib2elf	existing-unreviewed		0
libLinkMap	libΔεσμόςmap	libΔεσμόςmap	existing-unreviewed		0
lidtaddr	lidtaddr	lidtaddr	existing-unreviewed		0
limit	όριο	όριο	existing-unreviewed		0
limitHighAndFlags	όριοΥψηλήΚΑΙΔιακόπτες	όριοΥψηλήΚΑΙΔιακόπτες	existing-unreviewed		0
limitLow	όριοΧαμηλή	όριοΧαμηλή	existing-unreviewed		0
linkMap	δεσμόςmap	δεσμόςmap	existing-unreviewed		0
linkMapAddr	δεσμόςmapaddress	δεσμόςmapaddress	existing-unreviewed		0
linkerAddr	linkeraddress	linkeraddress	existing-unreviewed		0
linkerData	linkerdata	linkerdata	existing-unreviewed		0
linkerEntry	linkerκαταχώρηση	linkerκαταχώρηση	existing-unreviewed		0
linkerFile	linkerΑρχείο	linkerΑρχείο	existing-unreviewed		0
list	λίστα	λίστα	existing-unreviewed		0
listening	listening	listening	existing-unreviewed		0
loader	loader	loader	existing-unreviewed		0
local	τοπικό	τοπικό	existing-unreviewed		0
localDatagramSocket	τοπικόdatagramΥποδοχή	τοπικόdatagramΥποδοχή	existing-unreviewed		0
localIP	τοπικόip	τοπικόip	existing-unreviewed		0
localPort	τοπικόΘύραΑριθμός	τοπικόΘύραΑριθμός	existing-unreviewed		0
localSockets	τοπικόsockets	τοπικόsockets	existing-unreviewed		0
logicalAddress	λογικήaddress	λογικήaddress	existing-unreviewed		0
macAddr	macaddress	macaddress	existing-unreviewed		0
macIdx	macidx	macidx	existing-unreviewed		0
magicnumber	magicnumber	magicnumber	existing-unreviewed		0
main	main	main	compatibility		0
mainThread	κύριοthread	κύριοthread	existing-unreviewed		0
makePagePrivateWritableCurrent	makeΣελίδαΙδιωτικόwritableΤρέχον	makeΣελίδαΙδιωτικόwritableΤρέχον	existing-unreviewed		0
makeRangePrivateWritableCurrent	makeΕύροςΙδιωτικόwritableΤρέχον	makeΕύροςΙδιωτικόwritableΤρέχον	existing-unreviewed		0
manager	manager	manager	existing-unreviewed		0
mask	μάσκα	μάσκα	existing-unreviewed		0
master	κύριαέξοδος	κύριαέξοδος	existing-unreviewed		0
matches	matches	matches	existing-unreviewed		0
maxBARs	μεγbars	μεγbars	existing-unreviewed		0
maxDatagramSize	μεγdatagramΜέγεθος	μεγdatagramΜέγεθος	existing-unreviewed		0
maxExecStringLength	μεγΕκτέλεσηΣυμβολοσειράΔιάρκεια	μεγΕκτέλεσηΣυμβολοσειράΔιάρκεια	existing-unreviewed		0
maxExecVectorEntries	μεγΕκτέλεσηvectorκαταχώρηση	μεγΕκτέλεσηvectorκαταχώρηση	existing-unreviewed		0
maxFD	μεγfd	μεγfd	existing-unreviewed		0
maxOpenFiles	μεγΆνοιγμαΑΡΧΕΙΑ	μεγΆνοιγμαΑΡΧΕΙΑ	existing-unreviewed		0
maxSocketPackets	μεγΥποδοχήπακέτα	μεγΥποδοχήπακέτα	existing-unreviewed		0
maxSockets	μεγsockets	μεγsockets	existing-unreviewed		0
maximumBlocks	μέγιστοΜπλοκ	μέγιστοΜπλοκ	existing-unreviewed		0
mediaType	μέσαΤύπος	μέσαΤύπος	existing-unreviewed		0
mem	mem	mem	existing-unreviewed		0
memoryArray	μνήμηΔιάταξη	μνήμηΔιάταξη	existing-unreviewed		0
memoryChunkSize	μνήμηchunkΜέγεθος	μνήμηchunkΜέγεθος	existing-unreviewed		0
memoryManager	μνήμηmanager	μνήμηmanager	existing-unreviewed		0
memoryOper	μνήμηoper	μνήμηoper	existing-unreviewed		0
memorySize	μνήμηΜέγεθος	μνήμηΜέγεθος	existing-unreviewed		0
memorymananger	memorymananger	memorymananger	existing-unreviewed		0
memorytest	memorytest	memorytest	existing-unreviewed		0
message	μήνυμα	μήνυμα	existing-unreviewed		0
micsPort	micsΘύρα	micsΘύρα	existing-unreviewed		0
minimum	ελάχιστο	ελάχιστο	existing-unreviewed		0
mode	κΑΤΑΣΤΑΣΗ	κΑΤΑΣΤΑΣΗ	existing-unreviewed		0
mouseDriver	ποντίκιdriver	ποντίκιdriver	existing-unreviewed		0
mouseEventHandler	ποντίκιΣυμβάνhandler	ποντίκιΣυμβάνhandler	existing-unreviewed		0
mouseVGA	ποντίκιvga	ποντίκιvga	existing-unreviewed		0
mouseWidget	ποντίκιΕφαρμογίδιο	ποντίκιΕφαρμογίδιο	existing-unreviewed		0
msdospart	msdospartition	msdospartition	existing-unreviewed		0
msg	msg	msg	existing-unreviewed		0
msgBuffer	msgbuffer	msgbuffer	existing-unreviewed		0
multiboot_memory_map	multibootΜνήμηmap	multibootΜνήμηmap	existing-unreviewed		0
multitasking	multitasking	multitasking	existing-unreviewed		0
myKeyboardEventHandler	myΠληκτρολόγιοΣυμβάνhandler	myΠληκτρολόγιοΣυμβάνhandler	existing-unreviewed		0
myPCIControllerHandler	mypcicontrollerhandler	mypcicontrollerhandler	existing-unreviewed		0
myfunction	myfunction	myfunction	existing-unreviewed		0
n	n	n	existing-unreviewed		0
n_descsz	ndescsz	ndescsz	existing-unreviewed		0
n_namesz	nnamesz	nnamesz	existing-unreviewed		0
n_type	nΤύπος	nΤύπος	existing-unreviewed		0
name	όνομα	όνομα	existing-unreviewed		0
nameLen	όνομαlen	όνομαlen	existing-unreviewed		0
netCard	δίκτυοΧαρτιά	δίκτυοΧαρτιά	existing-unreviewed		0
newButtons	νέοΚουμπί	νέοΚουμπί	existing-unreviewed		0
newFD	νέοfd	νέοfd	existing-unreviewed		0
newFrame	νέοΠλαίσιο	νέοΠλαίσιο	existing-unreviewed		0
newLink	νέοΔεσμός	νέοΔεσμός	existing-unreviewed		0
newNode	νέοΚόμβος	νέοΚόμβος	existing-unreviewed		0
newPtr	νέοΔείκτης	νέοΔείκτης	existing-unreviewed		0
next	επόμενο	επόμενο	existing-unreviewed		0
nextEphemeralPort	επόμενοephemeralΘύρα	επόμενοephemeralΘύρα	existing-unreviewed		0
nextFileCluster	επόμενοΑρχείοcluster	επόμενοΑρχείοcluster	existing-unreviewed		0
nextHopIP_BE	επόμενοhopipaddressΔίκτυοbyteorder	επόμενοhopipaddressΔίκτυοbyteorder	existing-unreviewed		0
nextNode	επόμενοΚόμβος	επόμενοΚόμβος	existing-unreviewed		0
nextProcessID	επόμενοΔιεργασίαΤΑΥΤΌΤΗΤΑ	επόμενοΔιεργασίαΤΑΥΤΌΤΗΤΑ	existing-unreviewed		0
nextThread	επόμενοthread	επόμενοthread	existing-unreviewed		0
nibble	nibble	nibble	existing-unreviewed		0
node	κόμβος_2	κόμβος_2	pending-language-review	list_node	0
nodeArray	κόμβοςΔιάταξη	κόμβοςΔιάταξη	existing-unreviewed		0
num	αριθμός	αριθμός	existing-unreviewed		0
numCacheEntries	αριθμόςcacheκαταχώρηση	αριθμόςcacheκαταχώρηση	existing-unreviewed		0
numDrivers	αριθμόςdriver	αριθμόςdriver	existing-unreviewed		0
numFunctions	αριθμόςΣυναρτήσεις	αριθμόςΣυναρτήσεις	existing-unreviewed		0
numRecvBuffers	αριθμόςrecvbuffer	αριθμόςrecvbuffer	existing-unreviewed		0
numSendBuffers	αριθμόςΑποστολήbuffer	αριθμόςΑποστολήbuffer	existing-unreviewed		0
numSockets	αριθμόςsockets	αριθμόςsockets	existing-unreviewed		0
numTasks	αριθμόςΕργασίες	αριθμόςΕργασίες	existing-unreviewed		0
oAppend	oappend	oappend	existing-unreviewed		0
oCreate	ocreate	ocreate	existing-unreviewed		0
oDirectory	oΚατάλογος	oΚατάλογος	existing-unreviewed		0
oReadOnly	oΑνάγνωσηonly	oΑνάγνωσηonly	existing-unreviewed		0
oReadWrite	oΑνάγνωσηΕγγραφή	oΑνάγνωσηΕγγραφή	existing-unreviewed		0
oTruncate	oΑποκοπήψηφίων	oΑποκοπήψηφίων	existing-unreviewed		0
oWriteOnly	oΕγγραφήonly	oΕγγραφήonly	existing-unreviewed		0
o_addr	oaddress	oaddress	existing-unreviewed		0
offset	offset	offset	existing-unreviewed		0
ok	εντάξει	εντάξει	existing-unreviewed		0
oldButtons	oldΚουμπί	oldΚουμπί	existing-unreviewed		0
oldCR3	oldcr3	oldcr3	existing-unreviewed		0
oldFD	oldfd	oldfd	existing-unreviewed		0
oldFrame	oldΠλαίσιο	oldΠλαίσιο	existing-unreviewed		0
oldGdt	oldgdt	oldgdt	existing-unreviewed		0
oldGdtAddr	oldgdtaddress	oldgdtaddress	existing-unreviewed		0
oldGdtLen	oldgdtlen	oldgdtlen	existing-unreviewed		0
openFileDescription	άνοιγμαΑρχείοΠεριγραφή	άνοιγμαΑρχείοΠεριγραφή	existing-unreviewed		0
openFileTable	άνοιγμαΑρχείοΠίνακας	άνοιγμαΑρχείοΠίνακας	existing-unreviewed		0
options	επιλογές	επιλογές	existing-unreviewed		0
orgValue	orgΤιμή	orgΤιμή	existing-unreviewed		0
p	p	p	existing-unreviewed		0
p1	p1	p1	existing-unreviewed		0
p2	p2	p2	existing-unreviewed		0
p_align	pΣτοίχιση	pΣτοίχιση	existing-unreviewed		0
p_backend	pbackend	pbackend	existing-unreviewed		0
p_data	pdata	pdata	existing-unreviewed		0
p_efHandler	pefhandler	pefhandler	existing-unreviewed		0
p_efProvider	pefprovider	pefprovider	existing-unreviewed		0
p_etherType	pethernetΤύπος	pethernetΤύπος	existing-unreviewed		0
p_filesz	pfilesz	pfilesz	existing-unreviewed		0
p_flags	pΔιακόπτες	pΔιακόπτες	existing-unreviewed		0
p_iHandler	pihandler	pihandler	existing-unreviewed		0
p_ipHandler	piphandler	piphandler	existing-unreviewed		0
p_ipProvider	pipprovider	pipprovider	existing-unreviewed		0
p_memsz	pmemsz	pmemsz	existing-unreviewed		0
p_offset	poffset	poffset	existing-unreviewed		0
p_paddr	ppaddr	ppaddr	existing-unreviewed		0
p_protocol	pprotocol	pprotocol	existing-unreviewed		0
p_provider	pprovider	pprovider	existing-unreviewed		0
p_str	pstr	pstr	existing-unreviewed		0
p_type	pΤύπος	pΤύπος	existing-unreviewed		0
p_udpHandler	pudphandler	pudphandler	existing-unreviewed		0
p_udpProvider	pudpprovider	pudpprovider	existing-unreviewed		0
p_vaddr	pvaddr	pvaddr	existing-unreviewed		0
packet	packet	packet	existing-unreviewed		0
packetStatus	packetΚατάσταση	packetΚατάσταση	existing-unreviewed		0
packets	πακέτα	πακέτα	existing-unreviewed		0
page	σελίδα	σελίδα	existing-unreviewed		0
pageDir	σελίδαΚατάλογος	σελίδαΚατάλογος	pending-language-review	page_directory	0
pageDirEntry	σελίδαΚατάλογοςκαταχώρηση	σελίδαΚατάλογοςκαταχώρηση	existing-unreviewed		0
pageTableEntry	σελίδαΠίνακαςκαταχώρηση	σελίδαΠίνακαςκαταχώρηση	existing-unreviewed		0
paging	paging	paging	existing-unreviewed		0
param	param	param	existing-unreviewed		0
params	παράμετροι_3	παράμετροι_3	existing-unreviewed		0
parent	γονικό	γονικό	existing-unreviewed		0
parentPID	γονικόpid	γονικόpid	existing-unreviewed		0
parentProcess	γονικόΔιεργασία	γονικόΔιεργασία	existing-unreviewed		0
partEntry	partκαταχώρηση	partκαταχώρηση	existing-unreviewed		0
partition	partition	partition	existing-unreviewed		0
partitionBytes	partitionbytes	partitionbytes	existing-unreviewed		0
partitionOffset	partitionoffset	partitionoffset	existing-unreviewed		0
path	δΙΑΔΡΟΜΗ	δΙΑΔΡΟΜΗ	existing-unreviewed		0
pathAddr	δΙΑΔΡΟΜΗaddress	δΙΑΔΡΟΜΗaddress	existing-unreviewed		0
pci	pci	pci	existing-unreviewed		0
pciController	pcicontroller	pcicontroller	existing-unreviewed		0
pde	pde	pde	existing-unreviewed		0
pdeAddr	pdeaddress	pdeaddress	existing-unreviewed		0
pdelen	pdelen	pdelen	existing-unreviewed		0
peer	peer	peer	existing-unreviewed		0
pendingButtons	pendingΚουμπί	pendingΚουμπί	existing-unreviewed		0
pendingMouseEvent	pendingΠοντίκιΣυμβάν	pendingΠοντίκιΣυμβάν	existing-unreviewed		0
pendingX	pendingx	pendingx	existing-unreviewed		0
pendingY	pendingy	pendingy	existing-unreviewed		0
phyaddr	phyaddr	phyaddr	existing-unreviewed		0
phymem	physicalΜνήμη	physicalΜνήμη	existing-unreviewed		0
physicalAddress	physicaladdress	physicaladdress	existing-unreviewed		0
pid	pid	pid	existing-unreviewed		0
pitFrequency	pitΣυχνότητα	pitΣυχνότητα	existing-unreviewed		0
pixelAddress	pixeladdress	pixeladdress	existing-unreviewed		0
pointer	δείκτης	δείκτης	pending-language-review	pointer	0
pollKeyboardScancode	pollΠληκτρολόγιοscancode	pollΠληκτρολόγιοscancode	existing-unreviewed		0
port	θύρα	θύρα	existing-unreviewed		0
portBase	θύραbase	θύραbase	existing-unreviewed		0
portInUse	θύρασεΧρήση	θύρασεΧρήση	existing-unreviewed		0
portnumber	portnumber	portnumber	existing-unreviewed		0
pos	θέση	θέση	existing-unreviewed		0
position	θέση_2	θέση_2	existing-unreviewed		0
posixStat	posixstat	posixstat	existing-unreviewed		0
posixUtsname	posixutsname	posixutsname	existing-unreviewed		0
prefetchable	prefetchcapable	prefetchcapable	existing-unreviewed		0
prev	previous	previous	existing-unreviewed		0
prevNode	previousΚόμβος	previousΚόμβος	existing-unreviewed		0
prevX	previousx	previousx	existing-unreviewed		0
prevY	previousy	previousy	existing-unreviewed		0
printESP	εκτύπωσηesp	εκτύπωσηesp	existing-unreviewed		0
printExceptionSelectorInfo	εκτύπωσηexceptionselectorπληροφορία	εκτύπωσηexceptionselectorπληροφορία	existing-unreviewed		0
printPageFaultInfo	εκτύπωσηΣελίδαfaultπληροφορία	εκτύπωσηΣελίδαfaultπληροφορία	existing-unreviewed		0
printreg	printreg	printreg	existing-unreviewed		0
proc2	proc2	proc2	existing-unreviewed		0
proc3	proc3	proc3	existing-unreviewed		0
proc4	proc4	proc4	existing-unreviewed		0
process	διεργασία	διεργασία	existing-unreviewed		0
processEntry	διεργασίακαταχώρηση	διεργασίακαταχώρηση	existing-unreviewed		0
processHelper	διεργασίαhelper	διεργασίαhelper	existing-unreviewed		0
processTable	διεργασίαΠίνακας	διεργασίαΠίνακας	existing-unreviewed		0
processes	διεργασίες	διεργασίες	existing-unreviewed		0
programBreak	πρόγραμμαbreak	πρόγραμμαbreak	existing-unreviewed		0
protocol	protocol	protocol	existing-unreviewed		0
protocolAddressSize	protocoladdressΜέγεθος	protocoladdressΜέγεθος	existing-unreviewed		0
providedLength	providedΔιάρκεια	providedΔιάρκεια	existing-unreviewed		0
provider	provider	provider	existing-unreviewed		0
ps2WaitLimit	ps2ΑναμονήΌριο	ps2ΑναμονήΌριο	existing-unreviewed		0
pt	pt	pt	existing-unreviewed		0
pte	pte	pte	existing-unreviewed		0
pteAddr	pteaddress	pteaddress	existing-unreviewed		0
ptr	δείκτης_2	δείκτης_2	pending-language-review	pointer	0
pushExecUint32	pushΕκτέλεσηunsignedinteger32	pushΕκτέλεσηunsignedinteger32	existing-unreviewed		0
queueKeyboardByte	queueΠληκτρολόγιοbyte	queueΠληκτρολόγιοbyte	existing-unreviewed		0
r	r	r	existing-unreviewed		0
r_addend	raddend	raddend	existing-unreviewed		0
r_info	rπληροφορία	rπληροφορία	existing-unreviewed		0
r_offset	roffset	roffset	existing-unreviewed		0
raw	raw	raw	existing-unreviewed		0
rawDataBackend	rawdatabackend	rawdatabackend	existing-unreviewed		0
readFile	ανάγνωσηΑρχείο	ανάγνωσηΑρχείο	existing-unreviewed		0
readPS2Data	ανάγνωσηps2data	ανάγνωσηps2data	existing-unreviewed		0
readStdin	ανάγνωσηstdin	ανάγνωσηstdin	existing-unreviewed		0
readVFSFile	ανάγνωσηvfsΑρχείο	ανάγνωσηvfsΑρχείο	existing-unreviewed		0
read_count	ανάγνωσηcount	ανάγνωσηcount	existing-unreviewed		0
receiver	receiver	receiver	existing-unreviewed		0
recvBufferDescr	recvbufferΠεριγραφή	recvbufferΠεριγραφή	existing-unreviewed		0
recvBufferDescrAddress	recvbufferΠεριγραφήaddress	recvbufferΠεριγραφήaddress	existing-unreviewed		0
recvBuffers	recvbuffer	recvbuffer	existing-unreviewed		0
recvBuffersDescrMemory	recvbufferΠεριγραφήΜνήμη	recvbufferΠεριγραφήΜνήμη	existing-unreviewed		0
refBytes	referencebytes	referencebytes	existing-unreviewed		0
refPtr	referenceΔείκτης	referenceΔείκτης	existing-unreviewed		0
refs	refs	refs	existing-unreviewed		0
regIndex	regΚατάλογος	regΚατάλογος	existing-unreviewed		0
registerAddressPort	registeraddressΘύρα	registeraddressΘύρα	existing-unreviewed		0
registerDataPort	registerdataΘύρα	registerdataΘύρα	existing-unreviewed		0
registeroffset	registeroffset	registeroffset	existing-unreviewed		0
registers	register	register	existing-unreviewed		0
regtype	regtype	regtype	existing-unreviewed		0
rel_text	relΚείμενο	relΚείμενο	existing-unreviewed		0
rel_text_len	relΚείμενοlen	relΚείμενοlen	existing-unreviewed		0
releaseOpenFile	releaseΆνοιγμαΑρχείο	releaseΆνοιγμαΑρχείο	existing-unreviewed		0
released	released	released	existing-unreviewed		0
reloadCR3	επαναφόρτωσηcr3	επαναφόρτωσηcr3	existing-unreviewed		0
relocation_text	relocationΚείμενο	relocationΚείμενο	existing-unreviewed		0
remaining	remaining	remaining	existing-unreviewed		0
remote	απομακρυσμένο	απομακρυσμένο	existing-unreviewed		0
remoteIP	απομακρυσμένοip	απομακρυσμένοip	existing-unreviewed		0
remotePort	απομακρυσμένοΘύραΑριθμός	απομακρυσμένοΘύραΑριθμός	existing-unreviewed		0
requested	requested	requested	existing-unreviewed		0
reserved	reserved	reserved	existing-unreviewed		0
reserved0	reserved0	reserved0	existing-unreviewed		0
reservedSectors	reservedsectors	reservedsectors	existing-unreviewed		0
resetPort	επαναφοράΘύρα	επαναφοράΘύρα	existing-unreviewed		0
restoreFpRegs	επαναφοράfpregs	επαναφοράfpregs	existing-unreviewed		0
result	result	result	existing-unreviewed		0
result1	result1	result1	existing-unreviewed		0
result2	result2	result2	existing-unreviewed		0
ret	ret	ret	existing-unreviewed		0
revision	revision	revision	existing-unreviewed		0
rightShift	δεξιάshift	δεξιάshift	existing-unreviewed		0
rootCluster	ριζικόςκατάλογοςcluster	ριζικόςκατάλογοςcluster	existing-unreviewed		0
rootDirEntries	ριζικόςκατάλογοςΚατάλογοςκαταχώρηση	ριζικόςκατάλογοςΚατάλογοςκαταχώρηση	existing-unreviewed		0
rootStart	ριζικόςκατάλογοςΈναρξη	ριζικόςκατάλογοςΈναρξη	existing-unreviewed		0
rt	rt	rt	existing-unreviewed		0
s	s	s	existing-unreviewed		0
sIfchr	sifchr	sifchr	existing-unreviewed		0
sIfdir	sifdir	sifdir	existing-unreviewed		0
sIfmt	sifmt	sifmt	existing-unreviewed		0
sIfreg	sifreg	sifreg	existing-unreviewed		0
sIfsock	sifsock	sifsock	existing-unreviewed		0
savedESP	savedesp	savedesp	existing-unreviewed		0
sc	sc	sc	existing-unreviewed		0
scanCode	σάρωσηcode	σάρωσηcode	existing-unreviewed		0
scanCodeToByte	σάρωσηcodetobyte	σάρωσηcodetobyte	existing-unreviewed		0
scancodeToByte	scancodetobyte	scancodetobyte	existing-unreviewed		0
sche	sche	sche	existing-unreviewed		0
sche_data	schedata	schedata	existing-unreviewed		0
scheduleStack	schedulestack	schedulestack	existing-unreviewed		0
scheduler	scheduler	scheduler	existing-unreviewed		0
schedulerDebug	schedulerΔιόρθωση	schedulerΔιόρθωση	existing-unreviewed		0
sectHeader	sectheader	sectheader	existing-unreviewed		0
sectHeaderSize	sectheaderΜέγεθος	sectheaderΜέγεθος	existing-unreviewed		0
sectName	sectΌνομα	sectΌνομα	existing-unreviewed		0
sectValue	sectΤιμή	sectΤιμή	existing-unreviewed		0
sector	sector	sector	existing-unreviewed		0
sectorCountPort	sectorcountΘύρα	sectorcountΘύρα	existing-unreviewed		0
sectorNum	sectorΑριθμός	sectorΑριθμός	existing-unreviewed		0
sectorOffset	sectoroffset	sectoroffset	existing-unreviewed		0
sectorPerTrack	sectorpertrack	sectorpertrack	existing-unreviewed		0
sectorsPerCluster	sectorspercluster	sectorspercluster	existing-unreviewed		0
seekCur	seekΤρέχον	seekΤρέχον	existing-unreviewed		0
seekEnd	seekΤέλος	seekΤέλος	existing-unreviewed		0
seekSet	seekσύνολο	seekσύνολο	existing-unreviewed		0
segmentNumber	segmentΑριθμός	segmentΑριθμός	existing-unreviewed		0
self	self	self	existing-unreviewed		0
self_uintptr	selfuintptr	selfuintptr	existing-unreviewed		0
sendBack	reply	reply	existing-unreviewed		0
sendBufferDescr	αποστολήbufferΠεριγραφή	αποστολήbufferΠεριγραφή	existing-unreviewed		0
sendBufferDescrAddress	αποστολήbufferΠεριγραφήaddress	αποστολήbufferΠεριγραφήaddress	existing-unreviewed		0
sendBuffers	αποστολήbuffer	αποστολήbuffer	existing-unreviewed		0
sendBuffersDescrMemory	αποστολήbufferΠεριγραφήΜνήμη	αποστολήbufferΠεριγραφήΜνήμη	existing-unreviewed		0
sendDataPointer	αποστολήdataΔείκτης	αποστολήdataΔείκτης	existing-unreviewed		0
sendDescriptor	αποστολήdescriptor	αποστολήdescriptor	existing-unreviewed		0
sendMouseCommand	αποστολήΠοντίκιΕντολή	αποστολήΠοντίκιΕντολή	existing-unreviewed		0
sequencerDataPort	sequencerdataΘύρα	sequencerdataΘύρα	existing-unreviewed		0
sequencerIndexPort	sequencerΚατάλογοςΘύρα	sequencerΚατάλογοςΘύρα	existing-unreviewed		0
serialLogByte	σειριακόςαριθμόςΚαταγραφήbyte	σειριακόςαριθμόςΚαταγραφήbyte	existing-unreviewed		0
serialReady	σειριακόςαριθμόςΈτοιμο	σειριακόςαριθμόςΈτοιμο	existing-unreviewed		0
setCR3	σύνολοcr3	σύνολοcr3	existing-unreviewed		0
setDS	σύνολοds	σύνολοds	existing-unreviewed		0
setGS	σύνολοgs	σύνολοgs	existing-unreviewed		0
setThreadExitLoopState	σύνολοthreadΈξοδοςloopΚατάσταση	σύνολοthreadΈξοδοςloopΚατάσταση	existing-unreviewed		0
setupExecStack	setupΕκτέλεσηstack	setupΕκτέλεσηstack	existing-unreviewed		0
sh	sh	sh	existing-unreviewed		0
sh_addr	shaddress	shaddress	existing-unreviewed		0
sh_addralign	shaddralign	shaddralign	existing-unreviewed		0
sh_entsize	shentsize	shentsize	existing-unreviewed		0
sh_flags	shΔιακόπτες	shΔιακόπτες	existing-unreviewed		0
sh_info	shπληροφορία	shπληροφορία	existing-unreviewed		0
sh_link	shΔεσμός	shΔεσμός	existing-unreviewed		0
sh_name	shΌνομα	shΌνομα	existing-unreviewed		0
sh_offset	shoffset	shoffset	existing-unreviewed		0
sh_size	shΜέγεθος	shΜέγεθος	existing-unreviewed		0
sh_type	shΤύπος	shΤύπος	existing-unreviewed		0
shift	shift	shift	existing-unreviewed		0
signature	signature	signature	existing-unreviewed		0
size	μέγεθος	μέγεθος	existing-unreviewed		0
sl	sl	sl	existing-unreviewed		0
sockDatagram	sockdatagram	sockdatagram	existing-unreviewed		0
socket	υποδοχή	υποδοχή	existing-unreviewed		0
socketAddress	υποδοχήaddress	υποδοχήaddress	existing-unreviewed		0
socketAddressIPv4	υποδοχήaddressipv4	υποδοχήaddressipv4	existing-unreviewed		0
socketBind	υποδοχήbind	υποδοχήbind	existing-unreviewed		0
socketCallArgument	υποδοχήcallargument	υποδοχήcallargument	existing-unreviewed		0
socketConnect	υποδοχήΣύνδεση	υποδοχήΣύνδεση	existing-unreviewed		0
socketForFD	υποδοχήforfd	υποδοχήforfd	existing-unreviewed		0
socketIndex	υποδοχήΚατάλογος	υποδοχήΚατάλογος	existing-unreviewed		0
socketPacket	υποδοχήpacket	υποδοχήpacket	existing-unreviewed		0
socketReceiveFrom	υποδοχήreceivefrom	υποδοχήreceivefrom	existing-unreviewed		0
socketSendTo	υποδοχήΑποστολήto	υποδοχήΑποστολήto	existing-unreviewed		0
socketType	υποδοχήΤύπος	υποδοχήΤύπος	existing-unreviewed		0
sockets	sockets	sockets	existing-unreviewed		0
softName	softΌνομα	softΌνομα	existing-unreviewed		0
source	πηγή	πηγή	existing-unreviewed		0
sourceAddress	πηγήaddress	πηγήaddress	existing-unreviewed		0
sourceLengthAddress	πηγήΔιάρκειαaddress	πηγήΔιάρκειαaddress	existing-unreviewed		0
src	πηγή_2	πηγή_2	existing-unreviewed		0
srcEntry	πηγήκαταχώρηση	πηγήκαταχώρηση	existing-unreviewed		0
srcIP	πηγήipaddress	πηγήipaddress	existing-unreviewed		0
srcIP_BE	πηγήipaddressΔίκτυοbyteorder	πηγήipaddressΔίκτυοbyteorder	existing-unreviewed		0
srcMAC	πηγήmacaddress	πηγήmacaddress	existing-unreviewed		0
srcMAC_BE	πηγήmacbe	πηγήmacbe	existing-unreviewed		0
srcPageDir	πηγήΣελίδαΚατάλογος	πηγήΣελίδαΚατάλογος	existing-unreviewed		0
srcPde	πηγήpde	πηγήpde	existing-unreviewed		0
srcPdeAddr	πηγήpdeaddress	πηγήpdeaddress	existing-unreviewed		0
srcPort	πηγήΘύραΑριθμός	πηγήΘύραΑριθμός	pending-language-review	source_port	0
srcPt	πηγήpt	πηγήpt	existing-unreviewed		0
srcptr	srcptr	srcptr	existing-unreviewed		0
ss	ss	ss	existing-unreviewed		0
ss0	ss0	ss0	existing-unreviewed		0
ss1	ss1	ss1	existing-unreviewed		0
ss2	ss2	ss2	existing-unreviewed		0
st	st	st	existing-unreviewed		0
st_info	stπληροφορία	stπληροφορία	existing-unreviewed		0
st_name	stΌνομα	stΌνομα	existing-unreviewed		0
st_other	stΆλλο	stΆλλο	existing-unreviewed		0
st_shndx	stshndx	stshndx	existing-unreviewed		0
st_size	stΜέγεθος	stΜέγεθος	existing-unreviewed		0
st_value	stΤιμή	stΤιμή	existing-unreviewed		0
stack	stack	stack	pending-language-review	stack	0
stackBytes	stackbytes	stackbytes	existing-unreviewed		0
stackPtr	stackΔείκτης	stackΔείκτης	existing-unreviewed		0
stack_addr	stackaddress	stackaddress	existing-unreviewed		0
stackbottom	stackbottom	stackbottom	existing-unreviewed		0
stacktop	stacktop	stacktop	existing-unreviewed		0
start	έναρξη	έναρξη	existing-unreviewed		0
startOffset	έναρξηoffset	έναρξηoffset	existing-unreviewed		0
start_cylinder	έναρξηcylinder	έναρξηcylinder	existing-unreviewed		0
start_head	έναρξηhead	έναρξηhead	existing-unreviewed		0
start_sector	έναρξηsector	έναρξηsector	existing-unreviewed		0
startingBit	startingbit	startingbit	existing-unreviewed		0
stat	stat	stat	existing-unreviewed		0
statAddr	stataddress	stataddress	existing-unreviewed		0
status	κατάσταση	κατάσταση	existing-unreviewed		0
statusAddr	κατάστασηaddress	κατάστασηaddress	existing-unreviewed		0
stderrFD	stderrfd	stderrfd	existing-unreviewed		0
stdinBuffer	stdinbuffer	stdinbuffer	existing-unreviewed		0
stdinFD	stdinfd	stdinfd	existing-unreviewed		0
stdinGetBlocking	stdingetblocking	stdingetblocking	existing-unreviewed		0
stdinRead	stdinΑνάγνωση	stdinΑνάγνωση	existing-unreviewed		0
stdinWrite	stdinΕγγραφή	stdinΕγγραφή	existing-unreviewed		0
stdoutFD	stdoutfd	stdoutfd	existing-unreviewed		0
stoppedThread	τερματισμόςthread	τερματισμόςthread	existing-unreviewed		0
str	str	str	existing-unreviewed		0
stringAddress	συμβολοσειράaddress	συμβολοσειράaddress	existing-unreviewed		0
stringHeader	συμβολοσειράheader	συμβολοσειράheader	existing-unreviewed		0
strtab	strtab	strtab	existing-unreviewed		0
subclass_id	subclassΤΑΥΤΌΤΗΤΑ	subclassΤΑΥΤΌΤΗΤΑ	existing-unreviewed		0
subnetMask	subnetΜάσκα	subnetΜάσκα	existing-unreviewed		0
swapUint16	swapunsignedinteger16	swapunsignedinteger16	existing-unreviewed		0
switchForced	switchforced	switchforced	existing-unreviewed		0
sysAccess	sysπροσπέλαση	sysπροσπέλαση	existing-unreviewed		0
sysBrk	sysbrk	sysbrk	existing-unreviewed		0
sysCall	syscall	syscall	existing-unreviewed		0
sysChdir	syschdir	syschdir	existing-unreviewed		0
sysClose	sysΚλείσιμο	sysΚλείσιμο	existing-unreviewed		0
sysDup	sysdup	sysdup	existing-unreviewed		0
sysDup2	sysdup2	sysdup2	existing-unreviewed		0
sysExecve	sysexecve	sysexecve	existing-unreviewed		0
sysExit	sysΈξοδος	sysΈξοδος	existing-unreviewed		0
sysFcntl	sysfcntl	sysfcntl	existing-unreviewed		0
sysFork	sysfork	sysfork	existing-unreviewed		0
sysFstat	sysfstat	sysfstat	existing-unreviewed		0
sysFsync	sysfsync	sysfsync	existing-unreviewed		0
sysGetcwd	sysgetcwd	sysgetcwd	existing-unreviewed		0
sysLseek	syslseek	syslseek	existing-unreviewed		0
sysOpen	sysΆνοιγμα	sysΆνοιγμα	existing-unreviewed		0
sysRead	sysΑνάγνωση	sysΑνάγνωση	existing-unreviewed		0
sysSocketCall	sysΥποδοχήcall	sysΥποδοχήcall	existing-unreviewed		0
sysStat	sysstat	sysstat	existing-unreviewed		0
sysUname	sysuname	sysuname	existing-unreviewed		0
sysWaitpid	syswaitpid	syswaitpid	existing-unreviewed		0
sysWrite	sysΕγγραφή	sysΕγγραφή	existing-unreviewed		0
syscallError	syscallΣφάλμα	syscallΣφάλμα	existing-unreviewed		0
syscallID	syscallΤΑΥΤΌΤΗΤΑ	syscallΤΑΥΤΌΤΗΤΑ	existing-unreviewed		0
systemcall	σύστημαcall	σύστημαcall	existing-unreviewed		0
table	πίνακας	πίνακας	existing-unreviewed		0
tableSize	πίνακαςΜέγεθος	πίνακαςΜέγεθος	existing-unreviewed		0
tail	tail	tail	existing-unreviewed		0
task	διεργασία_2	διεργασία_2	existing-unreviewed		0
taskA	διεργασίαa	διεργασίαa	existing-unreviewed		0
taskB	διεργασίαb	διεργασίαb	existing-unreviewed		0
taskC	διεργασίαc	διεργασίαc	existing-unreviewed		0
taskD	διεργασίαd	διεργασίαd	existing-unreviewed		0
taskD0	διεργασίαd0	διεργασίαd0	existing-unreviewed		0
taskD1	διεργασίαd1	διεργασίαd1	existing-unreviewed		0
taskManager	διεργασίαmanager	διεργασίαmanager	existing-unreviewed		0
tasks	εργασίες	εργασίες	existing-unreviewed		0
temp	temporary	temporary	existing-unreviewed		0
terminated	terminated	terminated	existing-unreviewed		0
text	κείμενο	κείμενο	existing-unreviewed		0
textPtr	κείμενοΔείκτης	κείμενοΔείκτης	existing-unreviewed		0
text_len	κείμενοlen	κείμενοlen	existing-unreviewed		0
text_mode_check_fb_move	κείμενοΚΑΤΑΣΤΑΣΗcheckfbΜετακίνηση	κείμενοΚΑΤΑΣΤΑΣΗcheckfbΜετακίνηση	existing-unreviewed		0
text_mode_disable_cursor	κείμενοΚΑΤΑΣΤΑΣΗΑπενεργοποίησηΔείκτης	κείμενοΚΑΤΑΣΤΑΣΗΑπενεργοποίησηΔείκτης	existing-unreviewed		0
text_mode_enable_cursor	κείμενοΚΑΤΑΣΤΑΣΗΕνεργοποίησηΔείκτης	κείμενοΚΑΤΑΣΤΑΣΗΕνεργοποίησηΔείκτης	existing-unreviewed		0
text_mode_error_writer	κείμενοΚΑΤΑΣΤΑΣΗΣφάλμαwriter	κείμενοΚΑΤΑΣΤΑΣΗΣφάλμαwriter	existing-unreviewed		0
text_mode_flush_screen	κείμενοΚΑΤΑΣΤΑΣΗflushΟθόνη	κείμενοΚΑΤΑΣΤΑΣΗflushΟθόνη	existing-unreviewed		0
text_mode_init	κείμενοΚΑΤΑΣΤΑΣΗinit	κείμενοΚΑΤΑΣΤΑΣΗinit	existing-unreviewed		0
text_mode_print	κείμενοΚΑΤΑΣΤΑΣΗΕκτύπωση	κείμενοΚΑΤΑΣΤΑΣΗΕκτύπωση	existing-unreviewed		0
text_mode_print_bytes	κείμενοΚΑΤΑΣΤΑΣΗΕκτύπωσηbytes	κείμενοΚΑΤΑΣΤΑΣΗΕκτύπωσηbytes	existing-unreviewed		0
text_mode_print_char	κείμενοΚΑΤΑΣΤΑΣΗΕκτύπωσηchar	κείμενοΚΑΤΑΣΤΑΣΗΕκτύπωσηchar	existing-unreviewed		0
text_mode_print_char_col	κείμενοΚΑΤΑΣΤΑΣΗΕκτύπωσηcharcol	κείμενοΚΑΤΑΣΤΑΣΗΕκτύπωσηcharcol	existing-unreviewed		0
text_mode_print_col	κείμενοΚΑΤΑΣΤΑΣΗΕκτύπωσηcol	κείμενοΚΑΤΑΣΤΑΣΗΕκτύπωσηcol	existing-unreviewed		0
text_mode_print_error	κείμενοΚΑΤΑΣΤΑΣΗΕκτύπωσηΣφάλμα	κείμενοΚΑΤΑΣΤΑΣΗΕκτύπωσηΣφάλμα	existing-unreviewed		0
text_mode_print_error_bytes	κείμενοΚΑΤΑΣΤΑΣΗΕκτύπωσηΣφάλμαbytes	κείμενοΚΑΤΑΣΤΑΣΗΕκτύπωσηΣφάλμαbytes	existing-unreviewed		0
text_mode_print_errorln	κείμενοΚΑΤΑΣΤΑΣΗΕκτύπωσηerrorln	κείμενοΚΑΤΑΣΤΑΣΗΕκτύπωσηerrorln	existing-unreviewed		0
text_mode_print_hex	κείμενοΚΑΤΑΣΤΑΣΗΕκτύπωσηΔεκαεξαδικό	κείμενοΚΑΤΑΣΤΑΣΗΕκτύπωσηΔεκαεξαδικό	existing-unreviewed		0
text_mode_print_hex16	κείμενοΚΑΤΑΣΤΑΣΗΕκτύπωσηΔεκαεξαδικό16	κείμενοΚΑΤΑΣΤΑΣΗΕκτύπωσηΔεκαεξαδικό16	existing-unreviewed		0
text_mode_print_hex32	κείμενοΚΑΤΑΣΤΑΣΗΕκτύπωσηΔεκαεξαδικό32	κείμενοΚΑΤΑΣΤΑΣΗΕκτύπωσηΔεκαεξαδικό32	existing-unreviewed		0
text_mode_print_hex64	κείμενοΚΑΤΑΣΤΑΣΗΕκτύπωσηΔεκαεξαδικό64	κείμενοΚΑΤΑΣΤΑΣΗΕκτύπωσηΔεκαεξαδικό64	existing-unreviewed		0
text_mode_print_hex_char	κείμενοΚΑΤΑΣΤΑΣΗΕκτύπωσηΔεκαεξαδικόchar	κείμενοΚΑΤΑΣΤΑΣΗΕκτύπωσηΔεκαεξαδικόchar	existing-unreviewed		0
text_mode_println	κείμενοΚΑΤΑΣΤΑΣΗprintln	κείμενοΚΑΤΑΣΤΑΣΗprintln	existing-unreviewed		0
text_mode_println_col	κείμενοΚΑΤΑΣΤΑΣΗprintlncol	κείμενοΚΑΤΑΣΤΑΣΗprintlncol	existing-unreviewed		0
text_mode_update_cursor	κείμενοΚΑΤΑΣΤΑΣΗΕνημέρωσηΔείκτης	κείμενοΚΑΤΑΣΤΑΣΗΕνημέρωσηΔείκτης	existing-unreviewed		0
text_mode_writer	κείμενοΚΑΤΑΣΤΑΣΗwriter	κείμενοΚΑΤΑΣΤΑΣΗwriter	existing-unreviewed		0
thr2	thr2	thr2	existing-unreviewed		0
thr3	thr3	thr3	existing-unreviewed		0
thr4	thr4	thr4	existing-unreviewed		0
thread	thread	thread	existing-unreviewed		0
threadExitLoop	threadΈξοδοςloop	threadΈξοδοςloop	existing-unreviewed		0
threadHelper	threadhelper	threadhelper	existing-unreviewed		0
threadPtr	threadΔείκτης	threadΔείκτης	existing-unreviewed		0
tickCount	tickcount	tickcount	existing-unreviewed		0
timeDelta	ώραdelta	ώραdelta	existing-unreviewed		0
timeToLive	ώραtolive	ώραtolive	existing-unreviewed		0
timer	χρονόμετρο	χρονόμετρο	existing-unreviewed		0
tls	tls	tls	existing-unreviewed		0
tmp	tmp	tmp	existing-unreviewed		0
tmpPtr	tmpΔείκτης	tmpΔείκτης	existing-unreviewed		0
tos	tos	tos	existing-unreviewed		0
totalLength	σύνολοΔιάρκεια	σύνολοΔιάρκεια	existing-unreviewed		0
totalSectorCount	σύνολοsectorcount	σύνολοsectorcount	existing-unreviewed		0
totalSectors	σύνολοsectors	σύνολοsectors	existing-unreviewed		0
trap	trap	trap	existing-unreviewed		0
tss	tss	tss	existing-unreviewed		0
tssIndex	tssΚατάλογος	tssΚατάλογος	existing-unreviewed		0
udp	udp	udp	existing-unreviewed		0
udpHandler	udphandler	udphandler	existing-unreviewed		0
udpHeaderSize	udpheaderΜέγεθος	udpheaderΜέγεθος	existing-unreviewed		0
udpProvider	udpprovider	udpprovider	existing-unreviewed		0
udp콘솔	udpconsole	udpconsole	existing-unreviewed		0
unused	αχρησιμοποίητο	αχρησιμοποίητο	existing-unreviewed		0
used	σεχρήση	σεχρήση	existing-unreviewed		0
usedBlocks	σεχρήσηΜπλοκ	σεχρήσηΜπλοκ	existing-unreviewed		0
user1addr	χρήστης1address	χρήστης1address	existing-unreviewed		0
user1data	χρήστης1data	χρήστης1data	existing-unreviewed		0
user1entry	χρήστης1καταχώρηση	χρήστης1καταχώρηση	existing-unreviewed		0
user1file	χρήστης1Αρχείο	χρήστης1Αρχείο	existing-unreviewed		0
user2addr	χρήστης2address	χρήστης2address	existing-unreviewed		0
user2data	χρήστης2data	χρήστης2data	existing-unreviewed		0
user2entry	χρήστης2καταχώρηση	χρήστης2καταχώρηση	existing-unreviewed		0
user2file	χρήστης2Αρχείο	χρήστης2Αρχείο	existing-unreviewed		0
user3addr	χρήστης3address	χρήστης3address	existing-unreviewed		0
user3data	χρήστης3data	χρήστης3data	existing-unreviewed		0
user3entry	χρήστης3καταχώρηση	χρήστης3καταχώρηση	existing-unreviewed		0
user3file	χρήστης3Αρχείο	χρήστης3Αρχείο	existing-unreviewed		0
userHeapBase	χρήστηςheapbase	χρήστηςheapbase	existing-unreviewed		0
userHeapLimit	χρήστηςheapΌριο	χρήστηςheapΌριο	existing-unreviewed		0
user_esp	χρήστηςesp	χρήστηςesp	existing-unreviewed		0
userhandler	userhandler	userhandler	existing-unreviewed		0
userproc_entry	userprocκαταχώρηση	userprocκαταχώρηση	existing-unreviewed		0
util	util	util	existing-unreviewed		0
util콘솔	utilconsole	utilconsole	existing-unreviewed		0
v	v	v	existing-unreviewed		0
vAddr	vaddress	vaddress	existing-unreviewed		0
value	τιμή	τιμή	existing-unreviewed		0
values	τιμές	τιμές	existing-unreviewed		0
version	έκδοση	έκδοση	existing-unreviewed		0
vga	vga	vga	existing-unreviewed		0
virtlen	virtlen	virtlen	existing-unreviewed		0
virtmem	εικονικήΜνήμη	εικονικήΜνήμη	existing-unreviewed		0
virtualAddr	εικονικήaddress	εικονικήaddress	existing-unreviewed		0
volumeId	όγκοςΤΑΥΤΌΤΗΤΑ	όγκοςΤΑΥΤΌΤΗΤΑ	existing-unreviewed		0
volumeLabel	όγκοςΕτικέτα	όγκοςΕτικέτα	existing-unreviewed		0
w	w	w	existing-unreviewed		0
wDate	wΗμερομηνία	wΗμερομηνία	existing-unreviewed		0
wTime	wΏρα	wΏρα	existing-unreviewed		0
waitPS2InputEmpty	αναμονήps2ΕίσοδοςΚενή	αναμονήps2ΕίσοδοςΚενή	existing-unreviewed		0
waitPS2OutputFull	αναμονήps2ΈξοδοςΠλήρες	αναμονήps2ΈξοδοςΠλήρες	existing-unreviewed		0
wdata	wdata	wdata	existing-unreviewed		0
whence	whence	whence	existing-unreviewed		0
widget	εφαρμογίδιο	εφαρμογίδιο	existing-unreviewed		0
width	πλάτος	πλάτος	existing-unreviewed		0
writePS2Command	εγγραφήps2Εντολή	εγγραφήps2Εντολή	existing-unreviewed		0
writePS2Data	εγγραφήps2data	εγγραφήps2data	existing-unreviewed		0
write_count	εγγραφήcount	εγγραφήcount	existing-unreviewed		0
x	x	x	existing-unreviewed		0
xPageDir	xΣελίδαΚατάλογος	xΣελίδαΚατάλογος	existing-unreviewed		0
xPos	xΘέση	xΘέση	existing-unreviewed		0
y	y	y	existing-unreviewed		0
yPageDir	yΣελίδαΚατάλογος	yΣελίδαΚατάλογος	existing-unreviewed		0
yPos	yΘέση	yΘέση	existing-unreviewed		0
값	τιμή_2	τιμή_2	existing-unreviewed		0
공용서술자테이블	shareddescriptorΠίνακας	shareddescriptorΠίνακας	existing-unreviewed		0
기준	base_2	base_2	existing-unreviewed		0
기준_낮은	baseΧαμηλή_2	baseΧαμηλή_2	existing-unreviewed		0
기준_높은	baseΥψηλή_2	baseΥψηλή_2	existing-unreviewed		0
기준_매우높은	baseveryΥψηλή	baseveryΥψηλή	existing-unreviewed		0
기준주소	baseaddress	baseaddress	existing-unreviewed		0
넷카드콘솔	δίκτυοΧαρτιάconsole	δίκτυοΧαρτιάconsole	existing-unreviewed		0
단말기	terminal	terminal	existing-unreviewed		0
마우스콘솔	ποντίκιconsole	ποντίκιconsole	existing-unreviewed		0
매개값	argumentΤιμή	argumentΤιμή	existing-unreviewed		0
멈추기	halt	halt	existing-unreviewed		0
목적	προορισμός_3	προορισμός_3	existing-unreviewed		0
유형	τύπος	τύπος	existing-unreviewed		0
이더넷콘솔	ethernetconsole	ethernetconsole	existing-unreviewed		0
인터럽트무시하기	διακοπήignore	διακοπήignore	existing-unreviewed		0
인터럽트예외처리기	διακοπήexceptionhandler	διακοπήexceptionhandler	existing-unreviewed		0
인터럽트예외처리기0x00	διακοπήexceptionhandler0x00	διακοπήexceptionhandler0x00	existing-unreviewed		0
인터럽트예외처리기0x01	διακοπήexceptionhandler0x01	διακοπήexceptionhandler0x01	existing-unreviewed		0
인터럽트예외처리기0x02	διακοπήexceptionhandler0x02	διακοπήexceptionhandler0x02	existing-unreviewed		0
인터럽트예외처리기0x03	διακοπήexceptionhandler0x03	διακοπήexceptionhandler0x03	existing-unreviewed		0
인터럽트예외처리기0x04	διακοπήexceptionhandler0x04	διακοπήexceptionhandler0x04	existing-unreviewed		0
인터럽트예외처리기0x05	διακοπήexceptionhandler0x05	διακοπήexceptionhandler0x05	existing-unreviewed		0
인터럽트예외처리기0x06	διακοπήexceptionhandler0x06	διακοπήexceptionhandler0x06	existing-unreviewed		0
인터럽트예외처리기0x07	διακοπήexceptionhandler0x07	διακοπήexceptionhandler0x07	existing-unreviewed		0
인터럽트예외처리기0x08	διακοπήexceptionhandler0x08	διακοπήexceptionhandler0x08	existing-unreviewed		0
인터럽트예외처리기0x09	διακοπήexceptionhandler0x09	διακοπήexceptionhandler0x09	existing-unreviewed		0
인터럽트예외처리기0x0A	διακοπήexceptionhandler0x0a	διακοπήexceptionhandler0x0a	existing-unreviewed		0
인터럽트예외처리기0x0B	διακοπήexceptionhandler0x0b	διακοπήexceptionhandler0x0b	existing-unreviewed		0
인터럽트예외처리기0x0C	διακοπήexceptionhandler0x0c	διακοπήexceptionhandler0x0c	existing-unreviewed		0
인터럽트예외처리기0x0D	διακοπήexceptionhandler0x0d	διακοπήexceptionhandler0x0d	existing-unreviewed		0
인터럽트예외처리기0x0E	διακοπήexceptionhandler0x0e	διακοπήexceptionhandler0x0e	existing-unreviewed		0
인터럽트예외처리기0x0F	διακοπήexceptionhandler0x0f	διακοπήexceptionhandler0x0f	existing-unreviewed		0
인터럽트예외처리기0x10	διακοπήexceptionhandler0x10	διακοπήexceptionhandler0x10	existing-unreviewed		0
인터럽트예외처리기0x11	διακοπήexceptionhandler0x11	διακοπήexceptionhandler0x11	existing-unreviewed		0
인터럽트예외처리기0x12	διακοπήexceptionhandler0x12	διακοπήexceptionhandler0x12	existing-unreviewed		0
인터럽트예외처리기0x13	διακοπήexceptionhandler0x13	διακοπήexceptionhandler0x13	existing-unreviewed		0
인터럽트요청처리0x00	διακοπήrequesthandler0x00	διακοπήrequesthandler0x00	existing-unreviewed		0
인터럽트요청처리0x01	διακοπήrequesthandler0x01	διακοπήrequesthandler0x01	existing-unreviewed		0
인터럽트요청처리0x02	διακοπήrequesthandler0x02	διακοπήrequesthandler0x02	existing-unreviewed		0
인터럽트요청처리0x03	διακοπήrequesthandler0x03	διακοπήrequesthandler0x03	existing-unreviewed		0
인터럽트요청처리0x04	διακοπήrequesthandler0x04	διακοπήrequesthandler0x04	existing-unreviewed		0
인터럽트요청처리0x05	διακοπήrequesthandler0x05	διακοπήrequesthandler0x05	existing-unreviewed		0
인터럽트요청처리0x06	διακοπήrequesthandler0x06	διακοπήrequesthandler0x06	existing-unreviewed		0
인터럽트요청처리0x07	διακοπήrequesthandler0x07	διακοπήrequesthandler0x07	existing-unreviewed		0
인터럽트요청처리0x08	διακοπήrequesthandler0x08	διακοπήrequesthandler0x08	existing-unreviewed		0
인터럽트요청처리0x09	διακοπήrequesthandler0x09	διακοπήrequesthandler0x09	existing-unreviewed		0
인터럽트요청처리0x0A	διακοπήrequesthandler0x0a	διακοπήrequesthandler0x0a	existing-unreviewed		0
인터럽트요청처리0x0B	διακοπήrequesthandler0x0b	διακοπήrequesthandler0x0b	existing-unreviewed		0
인터럽트요청처리0x0C	διακοπήrequesthandler0x0c	διακοπήrequesthandler0x0c	existing-unreviewed		0
인터럽트요청처리0x0D	διακοπήrequesthandler0x0d	διακοπήrequesthandler0x0d	existing-unreviewed		0
인터럽트요청처리0x0E	διακοπήrequesthandler0x0e	διακοπήrequesthandler0x0e	existing-unreviewed		0
인터럽트요청처리0x0F	διακοπήrequesthandler0x0f	διακοπήrequesthandler0x0f	existing-unreviewed		0
인터럽트요청처리0x80	διακοπήrequesthandler0x80	διακοπήrequesthandler0x80	existing-unreviewed		0
인터럽트요청처리0x81	διακοπήrequesthandler0x81	διακοπήrequesthandler0x81	existing-unreviewed		0
인터럽트요청처리0x82	διακοπήrequesthandler0x82	διακοπήrequesthandler0x82	existing-unreviewed		0
인터럽트처리기	διακοπήhandler_2	διακοπήhandler_2	existing-unreviewed		0
임시	temporary_2	temporary_2	existing-unreviewed		0
자료	data_2	data_2	existing-unreviewed		0
자신	self_2	self_2	existing-unreviewed		0
작업관리자	διεργασίαmanager_2	διεργασίαmanager_2	existing-unreviewed		0
작업콘솔	διεργασίαconsole	διεργασίαconsole	existing-unreviewed		0
조각설명자	segmentdescriptor	segmentdescriptor	existing-unreviewed		0
콘솔	console_2	console_2	existing-unreviewed		0
크기	μέγεθος_2	μέγεθος_2	existing-unreviewed		0
키보드콘솔	πληκτρολόγιοconsole	πληκτρολόγιοconsole	existing-unreviewed		0
표시들	διακόπτες_2	διακόπτες_2	existing-unreviewed		0
표시들_한도_높은	διακόπτεςΌριοΥψηλή	διακόπτεςΌριοΥψηλή	existing-unreviewed		0
한도	όριο_2	όριο_2	existing-unreviewed		0
한도_낮은	όριοΧαμηλή_2	όριοΧαμηλή_2	existing-unreviewed		0
