original	before	after	review_status	concept	changed_tokens
Activate	Aktivera	Aktivera	existing-unreviewed		0
ActivateAll	AktiveraAlla	AktiveraAlla	existing-unreviewed		0
Active	Aktiv	Aktiv	existing-unreviewed		0
ActiveInterruptManager	AktivAvbrottmanager	AktivAvbrottmanager	existing-unreviewed		0
ActiveMemoryManager	AktivMinnemanager	AktivMinnemanager	existing-unreviewed		0
Add	Läggtill	Läggtill	existing-unreviewed		0
AddDriver	Läggtilldriver	Läggtilldriver	existing-unreviewed		0
AddRunnableThread	Läggtillrunnablethread	Läggtillrunnablethread	existing-unreviewed		0
AddTask	LäggtillAktivitet	LäggtillAktivitet	existing-unreviewed		0
AddThread	Läggtillthread	Läggtillthread	existing-unreviewed		0
Address	Adress	Adress	existing-unreviewed		0
AlignedMalloc	Alignedmalloc	Alignedmalloc	existing-unreviewed		0
AlignmentCheck	Alignmentcheck	Alignmentcheck	existing-unreviewed		0
AllocateBlock	Allocateblock	Allocateblock	existing-unreviewed		0
AllocatePID	Allocateprocessid	Allocateprocessid	existing-unreviewed		0
AmountOfMemory	MängdavMinne	MängdavMinne	existing-unreviewed		0
ArrayToUint16	Vektortounsignedinteger16	Vektortounsignedinteger16	existing-unreviewed		0
ArrayToUint32	Vektortounsignedinteger32	Vektortounsignedinteger32	existing-unreviewed		0
ArrayToUint48	Vektortounsignedinteger48	Vektortounsignedinteger48	existing-unreviewed		0
ArrayToUint48_BE	Vektortounsignedinteger48be	Vektortounsignedinteger48be	existing-unreviewed		0
ArrayToUint64	Vektortounsignedinteger64	Vektortounsignedinteger64	existing-unreviewed		0
Atime	Atime	Atime	existing-unreviewed		0
AtimeNsec	Atimensec	Atimensec	existing-unreviewed		0
BLOCKS_PER_BYTE	Blockperbyte	Blockperbyte	existing-unreviewed		0
BLOCK_SIZE	BlockStorlek	BlockStorlek	existing-unreviewed		0
Backend	Backend	Backend	existing-unreviewed		0
BaseAddr	BaseAdress	BaseAdress	existing-unreviewed		0
Bind	Bind	Bind	existing-unreviewed		0
Blksize	Blksize	Blksize	existing-unreviewed		0
Blocked	Blocked	Blocked	existing-unreviewed		0
BlockedState	BlockedTillstånd	BlockedTillstånd	existing-unreviewed		0
Blocks	Block	Block	existing-unreviewed		0
BoundRangeExceeded	BoundIntervallexceeded	BoundIntervallexceeded	existing-unreviewed		0
BroadcastMacAddress	BroadcastmacAdress	BroadcastmacAdress	existing-unreviewed		0
BytesPerSector	Bytepersector	Bytepersector	existing-unreviewed		0
BytesToString	Bytetosträng	Bytetosträng	existing-unreviewed		0
Checksum	Kontrollsumma	Kontrollsumma	existing-unreviewed		0
Clear	Töm	Töm	existing-unreviewed		0
Clone	Clone	Clone	existing-unreviewed		0
CloneAddressSpaceCOW	CloneAdressMellanslagcow	CloneAdressMellanslagcow	existing-unreviewed		0
Connect	Anslut	Anslut	existing-unreviewed		0
ContainsCoordinate	Containscoordinate	Containscoordinate	existing-unreviewed		0
CopyPageFrameBlock	KopieraSidaRamblock	KopieraSidaRamblock	existing-unreviewed		0
CpuState	ProcessorTillstånd	ProcessorTillstånd	existing-unreviewed		0
Create	Create	Create	existing-unreviewed		0
CreateFromData	Createfromdata	Createfromdata	existing-unreviewed		0
CreateFromFunction	CreatefromFunktion	CreatefromFunktion	existing-unreviewed		0
CreatePtrFromFunction	CreateMuspekarefromFunktion	CreateMuspekarefromFunktion	existing-unreviewed		0
Cs	Cs	Cs	existing-unreviewed		0
Ctime	Ctime	Ctime	existing-unreviewed		0
CtimeNsec	Ctimensec	Ctimensec	existing-unreviewed		0
CurrentPID	Aktuellprocessid	Aktuellprocessid	existing-unreviewed		0
CurrentParentPID	Aktuellförälderprocessid	Aktuellförälderprocessid	existing-unreviewed		0
Data	Data	Data	compatibility		0
Deactivate	Inaktivera	Inaktivera	existing-unreviewed		0
Deactive	Deactive	Deactive	existing-unreviewed		0
Decrement	Decrement	Decrement	existing-unreviewed		0
Delete	Tabort	Tabort	existing-unreviewed		0
DescriptorPrivilegeLevel	Descriptorprivilegelevel	Descriptorprivilegelevel	existing-unreviewed		0
DescriptorType	DescriptorTyp	DescriptorTyp	existing-unreviewed		0
Destroy	Förstör	Förstör	existing-unreviewed		0
Dev	Enhet	Enhet	existing-unreviewed		0
DeviceHasFunctions	EnhethasFunktioner	EnhethasFunktioner	existing-unreviewed		0
DeviceNotAvailable	EnhetnotTillgängligt	EnhetnotTillgängligt	existing-unreviewed		0
Device_id	Enhetid	Enhetid	existing-unreviewed		0
DisableInt	Avaktiveraint	Avaktiveraint	existing-unreviewed		0
Disconnect	Kopplaifrån	Kopplaifrån	existing-unreviewed		0
DivideByZero	DelabyNoll	DelabyNoll	existing-unreviewed		0
DoHandleInterrupt	DoHandtagAvbrott	DoHandtagAvbrott	existing-unreviewed		0
DoubleFault	Doublefault	Doublefault	existing-unreviewed		0
Draw	Draw	Draw	existing-unreviewed		0
DriverManager	Drivermanager	Drivermanager	existing-unreviewed		0
Ds	Ds	Ds	existing-unreviewed		0
Dynamic	Dynamisk	Dynamisk	existing-unreviewed		0
E2BIG	E2big	E2big	existing-unreviewed		0
EACCES	Eacces	Eacces	existing-unreviewed		0
EADDRINUSE	Eaddrinuse	Eaddrinuse	existing-unreviewed		0
EAFNOSUPPORT	Eafnosupport	Eafnosupport	existing-unreviewed		0
EAGAIN	Eagain	Eagain	existing-unreviewed		0
EBADF	Ebadf	Ebadf	existing-unreviewed		0
EBUSY	Ebusy	Ebusy	existing-unreviewed		0
ECHILD	Echild	Echild	existing-unreviewed		0
EEXIST	Eexist	Eexist	existing-unreviewed		0
EFAULT	Efault	Efault	existing-unreviewed		0
EFBIG	Efbig	Efbig	existing-unreviewed		0
EINTR	Eintr	Eintr	existing-unreviewed		0
EINVAL	Einval	Einval	existing-unreviewed		0
EIO	Eio	Eio	existing-unreviewed		0
EISDIR	Eisdir	Eisdir	existing-unreviewed		0
EMFILE	Emfile	Emfile	existing-unreviewed		0
EMSGSIZE	Emsgsize	Emsgsize	existing-unreviewed		0
ENETUNREACH	Enetunreach	Enetunreach	existing-unreviewed		0
ENFILE	Enfile	Enfile	existing-unreviewed		0
ENODEV	Enodev	Enodev	existing-unreviewed		0
ENOENT	Enoent	Enoent	existing-unreviewed		0
ENOEXEC	Enoexec	Enoexec	existing-unreviewed		0
ENOMEM	Enomem	Enomem	existing-unreviewed		0
ENOSPC	Enospc	Enospc	existing-unreviewed		0
ENOSYS	Enosys	Enosys	existing-unreviewed		0
ENOTCONN	Enotconn	Enotconn	existing-unreviewed		0
ENOTDIR	Enotdir	Enotdir	existing-unreviewed		0
ENOTTY	Enotty	Enotty	existing-unreviewed		0
EOPNOTSUPP	Eopnotsupp	Eopnotsupp	existing-unreviewed		0
EPERM	Eperm	Eperm	existing-unreviewed		0
EPROTONOSUPPORT	Eprotonosupport	Eprotonosupport	existing-unreviewed		0
ERANGE	Erange	Erange	existing-unreviewed		0
EROFS	Erofs	Erofs	existing-unreviewed		0
ESPIPE	Espipe	Espipe	existing-unreviewed		0
ESRCH	Esrch	Esrch	existing-unreviewed		0
Eax	Eax	Eax	existing-unreviewed		0
Ebp	Ebp	Ebp	existing-unreviewed		0
Ebx	Ebx	Ebx	existing-unreviewed		0
Ecx	Ecx	Ecx	existing-unreviewed		0
Edi	Edi	Edi	existing-unreviewed		0
Edx	Edx	Edx	existing-unreviewed		0
Eflags	Eflags	Eflags	existing-unreviewed		0
Eip	Eip	Eip	existing-unreviewed		0
Elf	Elf	Elf	existing-unreviewed		0
Elf32Dyn	Elf32dyn	Elf32dyn	existing-unreviewed		0
Elf32Note	Elf32Anteckning	Elf32Anteckning	existing-unreviewed		0
Elf32Rel	Elf32rel	Elf32rel	existing-unreviewed		0
Elf32Rela	Elf32rela	Elf32rela	existing-unreviewed		0
Elf32Sym	Elf32sym	Elf32sym	existing-unreviewed		0
ElfHeader	Elfheader	Elfheader	existing-unreviewed		0
ElfProgramHeader	Elfprogramheader	Elfprogramheader	existing-unreviewed		0
ElfSectionHeader	Elfsectionheader	Elfsectionheader	existing-unreviewed		0
EnablePaging	Aktiverapaging	Aktiverapaging	existing-unreviewed		0
Enabled	Aktiverad	Aktiverad	existing-unreviewed		0
EntryNumber	PostNummer	PostNummer	existing-unreviewed		0
EqualBytes	LikaByte	LikaByte	existing-unreviewed		0
Es	Es	Es	existing-unreviewed		0
Esi	Esi	Esi	existing-unreviewed		0
Esp	Esp	Esp	existing-unreviewed		0
FPUBuffer	Fpubuffer	Fpubuffer	existing-unreviewed		0
FPUOffset	FpuFörskjutning	FpuFörskjutning	existing-unreviewed		0
Family	Family	Family	existing-unreviewed		0
FileName	ArkivNamn	ArkivNamn	existing-unreviewed		0
Fill	Fill	Fill	existing-unreviewed		0
FillRectangle	FillRektangel	FillRektangel	existing-unreviewed		0
First	First	First	existing-unreviewed		0
FirstFree	FirstLedigt	FirstLedigt	existing-unreviewed		0
FirstFreeSize	FirstLedigtStorlek	FirstLedigtStorlek	existing-unreviewed		0
Flags	Flaggor	Flaggor	existing-unreviewed		0
FloatingPointException	Svävandepointexception	Svävandepointexception	existing-unreviewed		0
Flush	Flush	Flush	existing-unreviewed		0
FlushTlsTable	FlushtlsTabell	FlushtlsTabell	existing-unreviewed		0
Focussable	Focussable	Focussable	existing-unreviewed		0
Free	Ledigt	Ledigt	existing-unreviewed		0
Fs	Fs	Fs	existing-unreviewed		0
GB	Gb	Gb	existing-unreviewed		0
GDT_ENTRIES	Gdtpost	Gdtpost	existing-unreviewed		0
GOT	Got	Got	existing-unreviewed		0
GPFException	Gpfexception	Gpfexception	existing-unreviewed		0
GatewayIP	Gatewayip	Gatewayip	existing-unreviewed		0
GdtAddressHigh	GdtAdressHög	GdtAdressHög	existing-unreviewed		0
GdtAddressLow	GdtAdressLåg	GdtAdressLåg	existing-unreviewed		0
GdtDescriptor	Gdtdescriptor	Gdtdescriptor	existing-unreviewed		0
GdtEntry	Gdtpost_2	Gdtpost_2	existing-unreviewed		0
GdtSize	GdtStorlek	GdtStorlek	existing-unreviewed		0
GetAt	Getat	Getat	existing-unreviewed		0
GetBackend	Getbackend	Getbackend	existing-unreviewed		0
GetBaseAddressRegister	GetbaseAdressregister	GetbaseAdressregister	existing-unreviewed		0
GetBitmaspSize	GetbitmaspStorlek	GetbitmaspStorlek	existing-unreviewed		0
GetBytesFromPtr	GetBytefromMuspekare	GetBytefromMuspekare	existing-unreviewed		0
GetCR0	Getcr0	Getcr0	existing-unreviewed		0
GetCR2	Getcr2	Getcr2	existing-unreviewed		0
GetCR3	Getcr3	Getcr3	existing-unreviewed		0
GetCR4	Getcr4	Getcr4	existing-unreviewed		0
GetColorIndex	GetFärgindex	GetFärgindex	existing-unreviewed		0
GetDeviceDescriptor	GetEnhetdescriptor	GetEnhetdescriptor	existing-unreviewed		0
GetDriver	Getdriver	Getdriver	existing-unreviewed		0
GetESP0	Getesp0	Getesp0	existing-unreviewed		0
GetEntry	Getpost	Getpost	existing-unreviewed		0
GetFileSize	GetArkivStorlek	GetArkivStorlek	existing-unreviewed		0
GetFocus	GetFokus	GetFokus	existing-unreviewed		0
GetFrameBufferSegment	GetRambuffersegment	GetRambuffersegment	existing-unreviewed		0
GetFuncPtrFromPtr	GetfuncMuspekarefromMuspekare	GetfuncMuspekarefromMuspekare	existing-unreviewed		0
GetFunctionName	GetFunktionNamn	GetFunktionNamn	existing-unreviewed		0
GetHandler	Gethandler	Gethandler	existing-unreviewed		0
GetIPAddress	GetipAdress	GetipAdress	existing-unreviewed		0
GetMACAddress	GetmacAdress	GetmacAdress	existing-unreviewed		0
GetMACFromCache	Getmacfromcache	Getmacfromcache	existing-unreviewed		0
GetNextReadyThread	GetNästaRedothread	GetNästaRedothread	existing-unreviewed		0
GetNodeAt	GetNodat	GetNodat	existing-unreviewed		0
GetProvider	Providerget	Providerget	existing-unreviewed		0
GetSS0	Getss0	Getss0	existing-unreviewed		0
GetStr	Getstr	Getstr	existing-unreviewed		0
GetUint32ArrayFromPtr	Getunsignedinteger32VektorfromMuspekare	Getunsignedinteger32VektorfromMuspekare	existing-unreviewed		0
GetUintptrArrayFromPtr	GetunsignedintegerMuspekareVektorfromMuspekare	GetunsignedintegerMuspekareVektorfromMuspekare	existing-unreviewed		0
GetValue	GetVärde	GetVärde	existing-unreviewed		0
GetValueInPageDir	GetVärdeiSidaKatalog	GetVärdeiSidaKatalog	existing-unreviewed		0
Gid	Gid	Gid	existing-unreviewed		0
Gs	Gs	Gs	existing-unreviewed		0
HandleException	Handtagexception	Handtagexception	existing-unreviewed		0
HandleFatalInterruptFrame	HandtagfatalAvbrottRam	HandtagfatalAvbrottRam	existing-unreviewed		0
HandleInterrupt	HandtagAvbrott	HandtagAvbrott	existing-unreviewed		0
HandleInterrupt1	HandtagAvbrott1	HandtagAvbrott1	existing-unreviewed		0
HandleUserDatagramProtocolMessage	HandtagAnvändaredatagramprotocolMeddelande	HandtagAnvändaredatagramprotocolMeddelande	existing-unreviewed		0
IDT_DESC_PRESENT	IdtdescriptorAnsluten	IdtdescriptorAnsluten	existing-unreviewed		0
IDT_INTERRUPT_GATE	IdtAvbrottgate	IdtAvbrottgate	existing-unreviewed		0
IDriver	IDriver	IDriver	existing-unreviewed		0
IEtherFrameHandler	IEthernetRamhandler	IEthernetRamhandler	existing-unreviewed		0
IInternetProtocolHandler	IInternetprotocolhandler	IInternetprotocolhandler	existing-unreviewed		0
IInterruptHandler	IAvbrotthandler	IAvbrotthandler	existing-unreviewed		0
IKeyboardEventHandler	ITangentbordHändelsehandler	ITangentbordHändelsehandler	existing-unreviewed		0
IMouseEventHandler	IMusHändelsehandler	IMusHändelsehandler	existing-unreviewed		0
IPCIControllerHandler	IpciStyrenhethandler	IpciStyrenhethandler	existing-unreviewed		0
IPCache	Ipcache	Ipcache	existing-unreviewed		0
IP_BE	IpNätverkbyteorder	IpNätverkbyteorder	existing-unreviewed		0
IRawDataHandler	IRawdatahandler	IRawdatahandler	existing-unreviewed		0
ITimerEventHandler	ITidtagareHändelsehandler	ITidtagareHändelsehandler	existing-unreviewed		0
IUserDatagramProtocolHandler	IAnvändaredatagramprotocolhandler	IAnvändaredatagramprotocolhandler	existing-unreviewed		0
IUserDatagramProtocolSocket	IAnvändaredatagramprotocolUttag	IAnvändaredatagramprotocolUttag	existing-unreviewed		0
IWidget	IWidget	ISkärmelement	project-proposal	widget	6
Identify	Identify	Identify	existing-unreviewed		0
Increment	Increment	Increment	existing-unreviewed		0
IndexOf	Indexav	Indexav	existing-unreviewed		0
Init	Init	Init	existing-unreviewed		0
InitDriver	Initdriver	Initdriver	existing-unreviewed		0
InitialThreadUserJump	InitialthreadAnvändarejump	InitialthreadAnvändarejump	existing-unreviewed		0
Ino	Ino	Ino	existing-unreviewed		0
Install	Installera	Installera	existing-unreviewed		0
Interrupt	Avbrott	Avbrott	existing-unreviewed		0
InterruptActive	AvbrottAktiv	AvbrottAktiv	existing-unreviewed		0
InterruptDeactive	Avbrottdeactive	Avbrottdeactive	existing-unreviewed		0
InterruptManager	Avbrottmanager	Avbrottmanager	existing-unreviewed		0
InterruptNumber	AvbrottNummer	AvbrottNummer	existing-unreviewed		0
InvalidOpcode	Ogiltigopcode	Ogiltigopcode	existing-unreviewed		0
InvalidTSS	Ogiltigtss	Ogiltigtss	existing-unreviewed		0
IsKernel	Iskernel	Iskernel	existing-unreviewed		0
IsPresent	IsAnsluten	IsAnsluten	existing-unreviewed		0
IsUserSpace	IsAnvändareMellanslag	IsAnvändareMellanslag	existing-unreviewed		0
KB	Kb	Kb	existing-unreviewed		0
KCS_INDEX	Kcsindex	Kcsindex	existing-unreviewed		0
KCS_SELECTOR	Kcsselector	Kcsselector	existing-unreviewed		0
KDS_INDEX	Kdsindex	Kdsindex	existing-unreviewed		0
KDS_SELECTOR	Kdsselector	Kdsselector	existing-unreviewed		0
KERNEL_HEAP_START	KernelheapStarta	KernelheapStarta	existing-unreviewed		0
KERNEL_VIRT_ADDR	KernelvirtAdress	KernelvirtAdress	existing-unreviewed		0
KGS_INDEX	Kgsindex	Kgsindex	existing-unreviewed		0
KGS_SELECTOR	Kgsselector	Kgsselector	existing-unreviewed		0
K핵심	KKernelEntry	KKernelEntry	compatibility		0
LIDT	Lidt	Lidt	existing-unreviewed		0
Last	Sista	Sista	existing-unreviewed		0
Len	Len	Len	compatibility		0
Limit	Gräns	Gräns	existing-unreviewed		0
Link	Länk	Länk	existing-unreviewed		0
LinkMap	Länkmap	Länkmap	existing-unreviewed		0
LinkedList	LinkedLista	LinkedLista	existing-unreviewed		0
Listen	Listen	Listen	existing-unreviewed		0
LoadElf	Belastningelf	Belastningelf	existing-unreviewed		0
MAC	Mac	Mac	existing-unreviewed		0
MAC0	Mac0	Mac0	existing-unreviewed		0
MAC1	Mac1	Mac1	existing-unreviewed		0
MAC2	Mac2	Mac2	existing-unreviewed		0
MAC3	Mac3	Mac3	existing-unreviewed		0
MAC4	Mac4	Mac4	existing-unreviewed		0
MAC5	Mac5	Mac5	existing-unreviewed		0
MACAddress0Port	MacAdress0port	MacAdress0port	existing-unreviewed		0
MACAddress2Port	MacAdress2port	MacAdress2port	existing-unreviewed		0
MACAddress4Port	MacAdress4port	MacAdress4port	existing-unreviewed		0
MACCache	Maccache	Maccache	existing-unreviewed		0
MAX_QUEUE_SIZE	MaximalqueueStorlek	MaximalqueueStorlek	existing-unreviewed		0
MB	Mb	Mb	existing-unreviewed		0
MBR	Mbr	Mbr	existing-unreviewed		0
MHex출력	MHexadecimalSkrivut	MHexadecimalSkrivut	existing-unreviewed		0
MHex출력XY	MHexadecimalSkrivutxy	MHexadecimalSkrivutxy	existing-unreviewed		0
MUint16출력	MUnsignedinteger16Skrivut	MUnsignedinteger16Skrivut	existing-unreviewed		0
MUint16출력XY	MUnsignedinteger16Skrivutxy	MUnsignedinteger16Skrivutxy	existing-unreviewed		0
MUint32출력	MUnsignedinteger32Skrivut	MUnsignedinteger32Skrivut	existing-unreviewed		0
MUint32출력XY	MUnsignedinteger32Skrivutxy	MUnsignedinteger32Skrivutxy	existing-unreviewed		0
MUint64출력	MUnsignedinteger64Skrivut	MUnsignedinteger64Skrivut	existing-unreviewed		0
MUint64출력XY	MUnsignedinteger64Skrivutxy	MUnsignedinteger64Skrivutxy	existing-unreviewed		0
Machine	Machine	Machine	existing-unreviewed		0
MachineCheck	Machinecheck	Machinecheck	existing-unreviewed		0
MakeRangePrivateWritable	MakeIntervallPrivatwritable	MakeIntervallPrivatwritable	existing-unreviewed		0
Malloc	Malloc	Tilldela_minne	project-proposal	allocate_memory	32
MemCmp	Memcmp	Memcmp	existing-unreviewed		0
MemCpy	MemKopiera	MemKopiera	existing-unreviewed		0
MemMove	MemFlytta	MemFlytta	existing-unreviewed		0
MemSet	Memmängd	Memmängd	existing-unreviewed		0
MemoryOper	Minneoper	Minneoper	existing-unreviewed		0
Mode	LÄGE	LÄGE	existing-unreviewed		0
ModelToScreen	ModelltoSkärm	Ange_lokala_koordinater	project-proposal	set_coordinates	5
Mtime	Mtime	Mtime	existing-unreviewed		0
MtimeNsec	Mtimensec	Mtimensec	existing-unreviewed		0
MyHandleInterrupt	MyHandtagAvbrott	MyHandtagAvbrott	existing-unreviewed		0
MyTest	MyTesta	MyTesta	existing-unreviewed		0
M긴급로그Hex8	MEmergencyLogghexadecimal8	MEmergencyLogghexadecimal8	existing-unreviewed		0
M긴급로그Uint32	MEmergencyLoggunsignedinteger32	MEmergencyLoggunsignedinteger32	existing-unreviewed		0
M긴급로그문자열	MEmergencyLoggsträng	MEmergencyLoggsträng	existing-unreviewed		0
M직렬로그초기화	MSeriellLogginit	MSeriellLogginit	existing-unreviewed		0
M출력	MSkrivut	MSkrivut	existing-unreviewed		0
M출력BytesXY	MSkrivutBytexy	MSkrivutBytexy	existing-unreviewed		0
M출력Hex	MSkrivuthexadecimal	MSkrivuthexadecimal	existing-unreviewed		0
M출력Uint16	MSkrivutunsignedinteger16	MSkrivutunsignedinteger16	existing-unreviewed		0
M출력Uint32	MSkrivutunsignedinteger32	MSkrivutunsignedinteger32	existing-unreviewed		0
M출력XY	MSkrivutxy	MSkrivutxy	existing-unreviewed		0
M테스트	M테스트	M테스트	existing-unreviewed		0
NMI	M	M	existing-unreviewed		0
New	Ny	Ny	existing-unreviewed		0
NewInterruptHandler	NyAvbrotthandler	NyAvbrotthandler	existing-unreviewed		0
Next	Nästa	Nästa	existing-unreviewed		0
Nlink	Nlink	Nlink	existing-unreviewed		0
Node	Nod	TListnod	project-proposal	list_node	16
Nodename	Nodename	Nodename	existing-unreviewed		0
OnEtherFrameReceived	EthernetRamreceivewhen	EthernetRamreceivewhen	existing-unreviewed		0
OnGetDriver	Pågetdriver	Pågetdriver	existing-unreviewed		0
OnInternetProtocolReceived	Internetprotocolreceivewhen	Internetprotocolreceivewhen	existing-unreviewed		0
OnKeyDown	PåNyckelNer	PåNyckelNer	existing-unreviewed		0
OnKeyUp	PåNyckelUpp	PåNyckelUpp	existing-unreviewed		0
OnMouseDown	PåMusNer	PåMusNer	existing-unreviewed		0
OnMouseMove	PåMusFlytta	PåMusFlytta	existing-unreviewed		0
OnMouseUp	PåMusUpp	PåMusUpp	existing-unreviewed		0
OnRawDataReceived	Pårawdatareceive	Pårawdatareceive	existing-unreviewed		0
OnTick	Påtick	Påtick	existing-unreviewed		0
Overflow	Overflow	Overflow	existing-unreviewed		0
P1LinkMap	PVärde1Länkmap	PVärde1Länkmap	existing-unreviewed		0
P2LinkMap	PVärde2Länkmap	PVärde2Länkmap	existing-unreviewed		0
P3LinkMap	PVärde3Länkmap	PVärde3Länkmap	existing-unreviewed		0
PAGE_COW	Sidacow	Sidacow	existing-unreviewed		0
PAGE_FRAME	SidaRam	SidaRam	existing-unreviewed		0
PAGE_PRESENT	SidaAnsluten	SidaAnsluten	existing-unreviewed		0
PAGE_USER	SidaAnvändare	SidaAnvändare	existing-unreviewed		0
PAGE_WRITABLE	Sidawritable	Sidawritable	existing-unreviewed		0
PAUSE_LOOP	PausaSlinga	PausaSlinga	existing-unreviewed		0
PICMasterCommandPort	PrimarypicKommandoioport	PrimarypicKommandoioport	existing-unreviewed		0
PICMasterDataPort	Primarypicdataioport	Primarypicdataioport	existing-unreviewed		0
PICSlaveCommandPort	SecondarypicKommandoioport	SecondarypicKommandoioport	existing-unreviewed		0
PICSlaveDataPort	Secondarypicdataioport	Secondarypicdataioport	existing-unreviewed		0
PRESENT	Ansluten	Ansluten	existing-unreviewed		0
PRIV_KERNEL	Privkernel	Privkernel	existing-unreviewed		0
PRIV_USER	PrivAnvändare	PrivAnvändare	existing-unreviewed		0
PROC_USER_HEAP_SIZE	ProcAnvändareheapStorlek	ProcAnvändareheapStorlek	existing-unreviewed		0
PageDirEntry	SidaKatalogpost	SidaKatalogpost	existing-unreviewed		0
PageDirectoryEntry	SidaKatalogpost_2	SidaKatalogpost_2	existing-unreviewed		0
PageFault	Sidafault	Sidafault	existing-unreviewed		0
PageFaultException	Sidafaultexception	Sidafaultexception	existing-unreviewed		0
PageRoundDown	SidaAvrundaNer	SidaAvrundaNer	existing-unreviewed		0
PageRoundUp	SidaAvrundaUpp	SidaAvrundaUpp	existing-unreviewed		0
PageTableEntry	SidaTabellpost	SidaTabellpost	existing-unreviewed		0
Paging	Paging	Paging	existing-unreviewed		0
ParentPid	Förälderprocessid	Förälderprocessid	existing-unreviewed		0
Parse	Parse	Parse	existing-unreviewed		0
Partition_id	Partitionid	Partitionid	existing-unreviewed		0
PhyMemTest	PhymemTesta	PhymemTesta	existing-unreviewed		0
PhysicalMemoryManager	PhysicalMinnemanager	PhysicalMinnemanager	existing-unreviewed		0
Pid	Processid	Processid	existing-unreviewed		0
Port	Port	Port	existing-unreviewed		0
PortBase	Portbase	Portbase	existing-unreviewed		0
PortInByte	Portibyte	Portibyte	existing-unreviewed		0
PortInDword	Portidword	Portidword	existing-unreviewed		0
PortInWord	Portiord	Portiord	existing-unreviewed		0
PortOutByte	PortUtbyte	PortUtbyte	existing-unreviewed		0
PortOutDword	PortUtdword	PortUtdword	existing-unreviewed		0
PortOutWord	PortUtord	PortUtord	existing-unreviewed		0
PortReadByte	PortLäsbyte	PortLäsbyte	existing-unreviewed		0
PortReadDword	PortLäsdword	PortLäsdword	existing-unreviewed		0
PortReadWord	PortLäsord	PortLäsord	existing-unreviewed		0
PortWriteByte	PortSkrivbyte	PortSkrivbyte	existing-unreviewed		0
PortWriteDword	PortSkrivdword	PortSkrivdword	existing-unreviewed		0
PortWriteWord	PortSkrivord	PortSkrivord	existing-unreviewed		0
Prev	Previous	Previous	existing-unreviewed		0
PrevTSS	Previoustss	Previoustss	existing-unreviewed		0
PrimaryPartition	Primarypartition	Primarypartition	existing-unreviewed		0
Print	Skrivut	Skrivut	existing-unreviewed		0
PrintBytes	SkrivutByte	SkrivutByte	existing-unreviewed		0
PrintStr	Skrivutstr	Skrivutstr	existing-unreviewed		0
PrintTLS	Skrivuttls	Skrivuttls	existing-unreviewed		0
PrintTest	SkrivutTesta	SkrivutTesta	existing-unreviewed		0
Process	Process	Process	existing-unreviewed		0
ProcessHelper	Processhelper	Processhelper	existing-unreviewed		0
ProcessPendingKeyboardEvents	ProcesspendingTangentbordHändelser	ProcesspendingTangentbordHändelser	existing-unreviewed		0
ProcessPendingMouseEvents	ProcesspendingMusHändelser	ProcesspendingMusHändelser	existing-unreviewed		0
PushAt	Pushat	Infoga_vid_index	project-proposal	insert_at	1
PushBack	PushBakåt	Lägg_till_sist_i_listan	project-proposal	append	12
PushFront	PushFram	Lägg_till_först_i_listan	project-proposal	prepend	5
PutPixel	Putpixel	Putpixel	existing-unreviewed		0
PutPixelRGB	Putpixelrgb	Putpixelrgb	existing-unreviewed		0
QUEUE_START_ADDR	QueueStartaAdress	QueueStartaAdress	existing-unreviewed		0
Rdev	Rdev	Rdev	existing-unreviewed		0
Read	Läs	Läs	existing-unreviewed		0
Read28	Läs28	Läs28	existing-unreviewed		0
ReadFile	LäsArkiv	Läs_fil	project-proposal	file_read	7
ReadPartitions	Läspartition	Läspartition	existing-unreviewed		0
Ready	Redo	Redo	existing-unreviewed		0
Receive	Receive	Receive	existing-unreviewed		0
Ref	Reference	Reference	existing-unreviewed		0
Release	Release	Release	existing-unreviewed		0
ReloadCR3	Uppdateracr3	Uppdateracr3	existing-unreviewed		0
Remove	Tabort_2	Tabort_2	existing-unreviewed		0
RemoveAt	Tabortat	Tabortat	existing-unreviewed		0
RemoveThread	Tabortthread	Tabortthread	existing-unreviewed		0
RemoveThreadAt	Tabortthreadat	Tabortthreadat	existing-unreviewed		0
RequestMacAddress	RequestmacAdress	RequestmacAdress	existing-unreviewed		0
Reset	Återställ	Återställ	existing-unreviewed		0
Resolve	Resolve	Resolve	existing-unreviewed		0
ResolveCopyOnWriteFault	ResolveKopieraPåSkrivfault	ResolveKopieraPåSkrivfault	existing-unreviewed		0
SCHEDULER_FREQUENCY	SchedulerFrekvens	SchedulerFrekvens	existing-unreviewed		0
SEG_BIG_MODE	SegbigLÄGE	SegbigLÄGE	existing-unreviewed		0
SEG_EXEC	SegKör	SegKör	existing-unreviewed		0
SEG_GRAN_4K_PAGE	Seggran4kSida	Seggran4kSida	existing-unreviewed		0
SEG_GRAN_BYTE	Seggranbyte	Seggranbyte	existing-unreviewed		0
SEG_KERNEL_CODE	Segkernelcode	Segkernelcode	existing-unreviewed		0
SEG_KERNEL_DATA	Segkerneldata	Segkerneldata	existing-unreviewed		0
SEG_KERNEL_GS	Segkernelgs	Segkernelgs	existing-unreviewed		0
SEG_NOEXEC	Segnoexec	Segnoexec	existing-unreviewed		0
SEG_NORMAL	SegNormalt	SegNormalt	existing-unreviewed		0
SEG_NORW	Segnorw	Segnorw	existing-unreviewed		0
SEG_R	Segr	Segr	existing-unreviewed		0
SEG_SYSTEM	Segsystem	Segsystem	existing-unreviewed		0
SEG_TASK_STATE	SegAktivitetTillstånd	SegAktivitetTillstånd	existing-unreviewed		0
SEG_USER_CODE	SegAnvändarecode	SegAnvändarecode	existing-unreviewed		0
SEG_USER_DATA	SegAnvändaredata	SegAnvändaredata	existing-unreviewed		0
SEG_USER_GS	SegAnvändaregs	SegAnvändaregs	existing-unreviewed		0
SEG_W	Segw	Segw	existing-unreviewed		0
SIMDFloatingPointException	SimdSvävandepointexception	SimdSvävandepointexception	existing-unreviewed		0
SIZE	Storlek	Storlek	existing-unreviewed		0
SYS_ACCESS	SysÅtkomst	SysÅtkomst	existing-unreviewed		0
SYS_BRK	Sysbrk	Sysbrk	existing-unreviewed		0
SYS_CHDIR	Syschdir	Syschdir	existing-unreviewed		0
SYS_CLOSE	SysStäng	SysStäng	existing-unreviewed		0
SYS_CREAT	Syscreat	Syscreat	existing-unreviewed		0
SYS_DUP	Sysdup	Sysdup	existing-unreviewed		0
SYS_DUP2	Sysdup2	Sysdup2	existing-unreviewed		0
SYS_EXECVE	Sysexecve	Sysexecve	existing-unreviewed		0
SYS_EXIT	SysAvsluta	SysAvsluta	existing-unreviewed		0
SYS_FCNTL	Sysfcntl	Sysfcntl	existing-unreviewed		0
SYS_FORK	Sysfork	Sysfork	existing-unreviewed		0
SYS_FSTAT	Sysfstat	Sysfstat	existing-unreviewed		0
SYS_FSYNC	Sysfsync	Sysfsync	existing-unreviewed		0
SYS_GETCWD	Sysgetcwd	Sysgetcwd	existing-unreviewed		0
SYS_GETEGID	Sysgetegid	Sysgetegid	existing-unreviewed		0
SYS_GETEUID	Sysgeteuid	Sysgeteuid	existing-unreviewed		0
SYS_GETGID	Sysgetgid	Sysgetgid	existing-unreviewed		0
SYS_GETPID	Sysgetpid	Sysgetpid	existing-unreviewed		0
SYS_GETPPID	Sysgetppid	Sysgetppid	existing-unreviewed		0
SYS_GETUID	Sysgetuid	Sysgetuid	existing-unreviewed		0
SYS_LSEEK	Syslseek	Syslseek	existing-unreviewed		0
SYS_LSTAT	Syslstat	Syslstat	existing-unreviewed		0
SYS_OPEN	SysÖppna	SysÖppna	existing-unreviewed		0
SYS_READ	SysLäs	SysLäs	existing-unreviewed		0
SYS_RT_EXIT	SysrtAvsluta	SysrtAvsluta	existing-unreviewed		0
SYS_SOCKETCALL	Syssocketcall	Syssocketcall	existing-unreviewed		0
SYS_STAT	Sysstat	Sysstat	existing-unreviewed		0
SYS_SYNC	Syssync	Syssync	existing-unreviewed		0
SYS_UNAME	Sysuname	Sysuname	existing-unreviewed		0
SYS_WAITPID	Syswaitpid	Syswaitpid	existing-unreviewed		0
SYS_WRITE	SysSkriv	SysSkriv	existing-unreviewed		0
Schedule	Schedule	Schedule	existing-unreviewed		0
Scheduler	Scheduler	Scheduler	existing-unreviewed		0
SchedulerData	Schedulerdata	Schedulerdata	existing-unreviewed		0
SegmentNotPresent	SegmentnotAnsluten	SegmentnotAnsluten	existing-unreviewed		0
SelectDrivers	Väljdriver	Väljdriver	existing-unreviewed		0
Send	Skicka	Skicka	existing-unreviewed		0
SendEchoRequest	EchorequestSkicka	EchorequestSkicka	existing-unreviewed		0
SendFrame	RamSkicka	RamSkicka	existing-unreviewed		0
SerialInit	Seriellinit	Seriellinit	existing-unreviewed		0
SerialWriteByte	SeriellSkrivbyte	SeriellSkrivbyte	existing-unreviewed		0
SetBackend	Mängdbackend	Mängdbackend	existing-unreviewed		0
SetBit	Mängdbit	Mängdbit	existing-unreviewed		0
SetBlockInPageDir	MängdblockiSidaKatalog	MängdblockiSidaKatalog	existing-unreviewed		0
SetBuffer	Mängdbuffer	Mängdbuffer	existing-unreviewed		0
SetByteAtAddr	MängdbyteatAdress	MängdbyteatAdress	existing-unreviewed		0
SetByteInPageDir	MängdbyteiSidaKatalog	MängdbyteiSidaKatalog	existing-unreviewed		0
SetCR3	Mängdcr3	Mängdcr3	existing-unreviewed		0
SetColor	MängdFärg	MängdFärg	existing-unreviewed		0
SetDescriptor	Mängddescriptor	Mängddescriptor	existing-unreviewed		0
SetHandleInterruptFuction	MängdHandtagAvbrottfuction	MängdHandtagAvbrottfuction	existing-unreviewed		0
SetHandler	Mängdhandler	Mängdhandler	existing-unreviewed		0
SetIPAddress	MängdipAdress	MängdipAdress	existing-unreviewed		0
SetInterruptDescriptorTableEntry	AvbrottdescriptorTabellpostmängd	AvbrottdescriptorTabellpostmängd	existing-unreviewed		0
SetInterruptManager	MängdAvbrottmanager	MängdAvbrottmanager	existing-unreviewed		0
SetInterruptNumber	MängdAvbrottNummer	MängdAvbrottNummer	existing-unreviewed		0
SetMode	MängdLÄGE	MängdLÄGE	existing-unreviewed		0
SetNodeAt	MängdNodat	MängdNodat	existing-unreviewed		0
SetStack	Mängdstack	Mängdstack	existing-unreviewed		0
SetTlsSegment	Mängdtlssegment	Mängdtlssegment	existing-unreviewed		0
SetUint32AtAddr	Mängdunsignedinteger32atAdress	Mängdunsignedinteger32atAdress	existing-unreviewed		0
SetUint32InPageDir	Mängdunsignedinteger32iSidaKatalog	Mängdunsignedinteger32iSidaKatalog	existing-unreviewed		0
SetUint8AtAddr	Mängdunsignedinteger8atAdress	Mängdunsignedinteger8atAdress	existing-unreviewed		0
SharedMemoryRegion	SharedMinneregion	SharedMinneregion	existing-unreviewed		0
Size	Storlek_2	Storlek_2	existing-unreviewed		0
Spawn	Spawn	Spawn	existing-unreviewed		0
Ss	Ss	Ss	existing-unreviewed		0
Stack	Stack	Stack	existing-unreviewed		0
StackSegmentFault	Stacksegmentfault	Stacksegmentfault	existing-unreviewed		0
Start_lba	Startalba	Startalba	existing-unreviewed		0
Started	Startad	Startad	existing-unreviewed		0
StdinPutByte	Stdinputbyte	Stdinputbyte	existing-unreviewed		0
StopCurrentThread	StoppaAktuellthread	StoppaAktuellthread	existing-unreviewed		0
Stopped	Stoppad	Stoppad	existing-unreviewed		0
SubnetMask	Subnetmask	Subnetmask	existing-unreviewed		0
SupportMode	SupportLÄGE	SupportLÄGE	existing-unreviewed		0
Sys_brk	Sysbrk_2	Sysbrk_2	existing-unreviewed		0
Sys_close	SysStäng_2	SysStäng_2	existing-unreviewed		0
Sys_exit	SysAvsluta_2	SysAvsluta_2	existing-unreviewed		0
Sys_getpid	Sysgetpid_2	Sysgetpid_2	existing-unreviewed		0
Sys_mousemove	Sysmousemove	Sysmousemove	existing-unreviewed		0
Sys_open	SysÖppna_2	SysÖppna_2	existing-unreviewed		0
Sys_printStr	SysSkrivutstr	SysSkrivutstr	existing-unreviewed		0
Sys_printUint32	SysSkrivutunsignedinteger32	SysSkrivutunsignedinteger32	existing-unreviewed		0
Sys_printf	Sysprintf	Sysprintf	existing-unreviewed		0
Sys_read	SysLäs_2	SysLäs_2	existing-unreviewed		0
Syscall	Syscall	Syscall	existing-unreviewed		0
Sysname	Sysname	Sysname	existing-unreviewed		0
TARPEtherFrameHandler	ArpethernetRamhandler	ArpethernetRamhandler	existing-unreviewed		0
TARPMessage	ArpMeddelande	ArpMeddelande	existing-unreviewed		0
TARPMessageBuffer	ArpMeddelandebuffer	ArpMeddelandebuffer	existing-unreviewed		0
TARPProvider	Arpprovider	Arpprovider	existing-unreviewed		0
TAdvancedTechnologyAttachment	TAvanceratTeknikattachment	TAvanceratTeknikattachment	existing-unreviewed		0
TArray	TVektor	TVektor	existing-unreviewed		0
TBaseAddressRegister	TBaseAdressregister	TBaseAdressregister	existing-unreviewed		0
TBiosParameterBlock32	TBiosparameterblock32	TFilsystemsparametrar32	project-proposal	fat_parameters	11
TBufferDescriptor	TBufferdescriptor	TBufferdescriptor	existing-unreviewed		0
TCOWFrameManager	TcowRammanager	TcowRammanager	existing-unreviewed		0
TCPUState	TcpuTillstånd	TcpuTillstånd	existing-unreviewed		0
TDefaultKeyboardEventHandler	TStandardTangentbordHändelsehandler	TStandardTangentbordHändelsehandler	existing-unreviewed		0
TDefaultMouseEventHandler	TStandardMusHändelsehandler	TStandardMusHändelsehandler	existing-unreviewed		0
TDefaultPCIControllerHandler	TStandardpciStyrenhethandler	TStandardpciStyrenhethandler	existing-unreviewed		0
TDefaultTimerEventHandler	TStandardTidtagareHändelsehandler	TStandardTidtagareHändelsehandler	existing-unreviewed		0
TDirectoryEntryFat32	TKatalogpostfat32	TKatalogpostfat32	existing-unreviewed		0
TDriverManager	TDrivermanager	TDrivermanager	existing-unreviewed		0
TEtherFrameHandler	TEthernetRamhandler	TEthernetRamhandler	existing-unreviewed		0
TEtherFrameHeader	TEthernetRamheader	TRamhuvud_för_nät_med_delat_medium	project-proposal	ethernet_header	8
TEtherFrameHeaderBuffer	TEthernetRamheaderbuffer	TEthernetRamheaderbuffer	existing-unreviewed		0
TEtherFrameProvider	TEthernetRamprovider	TRamleverantör_för_nät_med_delat_medium	project-proposal	ethernet_provider	20
TEtherFrameRawDataHandler	TEthernetRamrawdatahandler	TEthernetRamrawdatahandler	existing-unreviewed		0
TGateDescriptor	TGatedescriptor	TGatedescriptor	existing-unreviewed		0
THREAD_STACK_SIZE	ThreadstackStorlek	ThreadstackStorlek	existing-unreviewed		0
TICMPHandler	Icmphandler	Icmphandler	existing-unreviewed		0
TIPEtherFrameHandler	IpethernetRamhandler	IpethernetRamhandler	existing-unreviewed		0
TInitializationBlock	TInitializationblock	TInitializationblock	existing-unreviewed		0
TInternetControlMessageProtocol	TInternetCtrlMeddelandeprotocol	TStyrmeddelandeprotokoll_för_sammankopplade_nät	project-proposal	icmp	5
TInternetControlMessageProtocolMessage	TInternetCtrlMeddelandeprotocolMeddelande	TInternetCtrlMeddelandeprotocolMeddelande	existing-unreviewed		0
TInternetControlMessageProtocolMessageBuffer	TInternetCtrlMeddelandeprotocolMeddelandebuffer	TInternetCtrlMeddelandeprotocolMeddelandebuffer	existing-unreviewed		0
TInternetProtocolHandler	TInternetprotocolhandler	TInternetprotocolhandler	existing-unreviewed		0
TInternetProtocolProvider	TInternetprotocolprovider	TProtokolleverantör_för_sammankopplade_nät	project-proposal	ip_provider	14
TInternetProtocolV4Message	TInternetprotocolv4Meddelande	TInternetprotocolv4Meddelande	existing-unreviewed		0
TInternetProtocolV4MessageBuffer	TInternetprotocolv4Meddelandebuffer	TInternetprotocolv4Meddelandebuffer	existing-unreviewed		0
TInterruptDescriptorTablePointer	TAvbrottdescriptorTabellMuspekare	TAvbrottdescriptorTabellMuspekare	existing-unreviewed		0
TInterruptHandler	TAvbrotthandler	TAvbrotthandler	existing-unreviewed		0
TInterruptManager	TAvbrottmanager	TAvbrottmanager	existing-unreviewed		0
TKeyboardDriver	TTangentborddriver	TTangentborddriver	existing-unreviewed		0
TLS_START	TlsStarta	TlsStarta	existing-unreviewed		0
TMSDOSPartitionTable	TmsdospartitionTabell	TmsdospartitionTabell	existing-unreviewed		0
TMasterBootRecord	TMasterbootInspelning	THuvudstartpost	project-proposal	boot_record	3
TMemoryChunk	TMinnechunk	TMinnechunk	existing-unreviewed		0
TMemoryManager	TMinnemanager	TMinnemanager	existing-unreviewed		0
TMouseDriver	TMusdriver	TMusdriver	existing-unreviewed		0
TMyKeyboardEventHandler	TMyTangentbordHändelsehandler	TMyTangentbordHändelsehandler	existing-unreviewed		0
TMyMouseEventHandler	TMyMusHändelsehandler	TMyMusHändelsehandler	existing-unreviewed		0
TMyPCIControllerHandler	TMypciStyrenhethandler	TMypciStyrenhethandler	existing-unreviewed		0
TPartitionTableEntry	TPartitionTabellpost	TPartitionTabellpost	existing-unreviewed		0
TPeripheralComponentInterconnectController	TPeripheralcomponentinterconnectStyrenhet	TPeripheralcomponentinterconnectStyrenhet	existing-unreviewed		0
TPeripheralComponentInterconnectDeviceDescriptor	TPeripheralcomponentinterconnectEnhetdescriptor	TPeripheralcomponentinterconnectEnhetdescriptor	existing-unreviewed		0
TPort	TPort	TPort	existing-unreviewed		0
TPort16Bit	TPort16bit	TPort16bit	existing-unreviewed		0
TPort32Bit	TPort32bit	TPort32bit	existing-unreviewed		0
TPort8Bit	TPort8bit	TPort8bit	existing-unreviewed		0
TRawDataHandler	TRawdatahandler	TRawdatahandler	existing-unreviewed		0
TSSEntry	Tsspost	Tsspost	existing-unreviewed		0
TSyscall	TSyscall	TSyscall	existing-unreviewed		0
TTask	TAktivitet	TAktivitet	existing-unreviewed		0
TThread	TThread	TThread	existing-unreviewed		0
TThreadHelper	TThreadhelper	TThreadhelper	existing-unreviewed		0
TTimerDriver	TTidtagaredriver	TTidtagaredriver	existing-unreviewed		0
TUserDatagramProtocolHandler	TAnvändaredatagramprotocolhandler	TAnvändaredatagramprotocolhandler	existing-unreviewed		0
TUserDatagramProtocolHeader	TAnvändaredatagramprotocolheader	THuvud_för_användardatagram	project-proposal	udp_header	5
TUserDatagramProtocolHeaderBuffer	TAnvändaredatagramprotocolheaderbuffer	TAnvändaredatagramprotocolheaderbuffer	existing-unreviewed		0
TUserDatagramProtocolProvider	TAnvändaredatagramprotocolprovider	TAnvändaredatagramprotocolprovider	existing-unreviewed		0
TUserDatagramProtocolSocket	TAnvändaredatagramprotocolUttag	TSlutpunkt_för_användardatagram	project-proposal	udp_socket	17
TVideoGraphicsArray	TVideoGrafikVektor	TVideoGrafikVektor	existing-unreviewed		0
TWidget	TWidget	TSkärmelement	project-proposal	widget	9
TWidgetMouseEventHandler	TWidgetMusHändelsehandler	TWidgetMusHändelsehandler	existing-unreviewed		0
Tamd_am79c973	Tamdam79c973	Tamdam79c973	existing-unreviewed		0
Test	Testa	Testa	existing-unreviewed		0
TestBit	Testabit	Testabit	existing-unreviewed		0
TestPrint	TestaSkrivut	TestaSkrivut	existing-unreviewed		0
Thread	Thread	Thread	existing-unreviewed		0
ThreadList	ThreadLista	ThreadLista	existing-unreviewed		0
ThreadState	ThreadTillstånd	ThreadTillstånd	existing-unreviewed		0
Threads	Threads	Threads	existing-unreviewed		0
TlsSegments	TlsSegment	TlsSegment	existing-unreviewed		0
TotalBlocks	Totaltblock	Totaltblock	existing-unreviewed		0
Type	Typ	Typ	existing-unreviewed		0
TypeTest	TypTesta	TypTesta	existing-unreviewed		0
T공용서술자테이블	TShareddescriptorTabell	TShareddescriptorTabell	existing-unreviewed		0
T공용서술자테이블_자료	TShareddescriptorTabelldata	TShareddescriptorTabelldata	existing-unreviewed		0
T작업관리자	TAktivitetmanager	TAktivitetmanager	existing-unreviewed		0
T조각설명자	TSegmentdescriptor	TSegmentdescriptor	existing-unreviewed		0
T콘솔	TKonsol	TKonsol	existing-unreviewed		0
T함수1	TFunktion1	TFunktion1	existing-unreviewed		0
UDESC_32SEG	Udesc32seg	Udesc32seg	existing-unreviewed		0
UDESC_CONTENTS	UdescInnehåll	UdescInnehåll	existing-unreviewed		0
UDESC_LIMIT_IN_PAGES	UdescGränsipages	UdescGränsipages	existing-unreviewed		0
UDESC_RX_ONLY	Udescrxonly	Udescrxonly	existing-unreviewed		0
UDESC_SEG_NOT_PRESENT	UdescsegnotAnsluten	UdescsegnotAnsluten	existing-unreviewed		0
UDESC_USABLE	Udescusable	Udescusable	existing-unreviewed		0
USER_STACK	Användarestack	Användarestack	existing-unreviewed		0
USER_STACK_SIZE	AnvändarestackStorlek	AnvändarestackStorlek	existing-unreviewed		0
USER_STACK_TOP	AnvändarestackÖverst	AnvändarestackÖverst	existing-unreviewed		0
Uid	Uid	Uid	existing-unreviewed		0
Uint16ToArray	Unsignedinteger16toVektor	Unsignedinteger16toVektor	existing-unreviewed		0
Uint16ToArray_BE	Unsignedinteger16toVektorbe	Unsignedinteger16toVektorbe	existing-unreviewed		0
Uint16_R	Unsignedinteger16r	Unsignedinteger16r	existing-unreviewed		0
Uint32ToArray	Unsignedinteger32toVektor	Unsignedinteger32toVektor	existing-unreviewed		0
Uint32_R	Unsignedinteger32r	Unsignedinteger32r	existing-unreviewed		0
Uint48ToArray	Unsignedinteger48toVektor	Unsignedinteger48toVektor	existing-unreviewed		0
Uint48ToArray_BE	Unsignedinteger48toVektorbe	Unsignedinteger48toVektorbe	existing-unreviewed		0
Uint48_R	Unsignedinteger48r	Unsignedinteger48r	existing-unreviewed		0
Uint64ToArray	Unsignedinteger64toVektor	Unsignedinteger64toVektor	existing-unreviewed		0
Uint64_R	Unsignedinteger64r	Unsignedinteger64r	existing-unreviewed		0
UnhandleInterrupt	UnhandleAvbrott	UnhandleAvbrott	existing-unreviewed		0
UnsetBit	Tabortbit	Invertera_tilldelningsbit	project-proposal	toggle_bit	1
UsedBlocks	Använtblock	Använtblock	existing-unreviewed		0
UserDesc	Användaredescriptor	Användaredescriptor	existing-unreviewed		0
UserStack	Användarestack_2	Användarestack_2	existing-unreviewed		0
UserStackSize	AnvändarestackStorlek_2	AnvändarestackStorlek_2	existing-unreviewed		0
Vendor_id	Tillverkareid	Tillverkareid	existing-unreviewed		0
Version	Version	Version	existing-unreviewed		0
VirtTest	VirtTesta	VirtTesta	existing-unreviewed		0
Write	Skriv	Skriv	existing-unreviewed		0
Write28	Skriv28	Skriv28	existing-unreviewed		0
WriteRegisters	Skrivregister	Skrivregister	existing-unreviewed		0
X	X	X	existing-unreviewed		0
Y	Y	Y	existing-unreviewed		0
Zero	Noll	Noll	existing-unreviewed		0
ZeroBlockInPageDir	NollblockiSidaKatalog	NollblockiSidaKatalog	existing-unreviewed		0
a	a	a	existing-unreviewed		0
aTime	aTid	aTid	existing-unreviewed		0
access	åtkomst	åtkomst	existing-unreviewed		0
accessMode	åtkomstLÄGE	åtkomstLÄGE	existing-unreviewed		0
ack	ack	ack	existing-unreviewed		0
activeKeyboardDriver	aktivTangentborddriver	aktivTangentborddriver	existing-unreviewed		0
activeMouseDriver	aktivMusdriver	aktivMusdriver	existing-unreviewed		0
addr	adress	adress	existing-unreviewed		0
addrPtr	adressMuspekare	adressMuspekare	existing-unreviewed		0
address	adress_2	adress_2	existing-unreviewed		0
addressError	adressFel	adressFel	existing-unreviewed		0
afInet	afinet	afinet	existing-unreviewed		0
allocFD	allocatefd	allocatefd	existing-unreviewed		0
allocOpenFile	allocateÖppnaArkiv	allocateÖppnaArkiv	existing-unreviewed		0
allocProcess	allocateprocess	allocateprocess	existing-unreviewed		0
allocateSocket	allocateUttag	allocateUttag	existing-unreviewed		0
allocated	allocated	allocated	existing-unreviewed		0
amd_am79c973	amdam79c973	amdam79c973	existing-unreviewed		0
args	argument	argument	existing-unreviewed		0
argument	argument_2	argument_2	existing-unreviewed		0
argumentPointers	argumentpointers	argumentpointers	existing-unreviewed		0
arguments	argument_3	argument_3	existing-unreviewed		0
arp	arp	arp	existing-unreviewed		0
arpBuffer	arpbuffer	arpbuffer	existing-unreviewed		0
arpMesgSize	arpmesgStorlek	arpmesgStorlek	existing-unreviewed		0
arpProvider	arpprovider	arpprovider	existing-unreviewed		0
arp콘솔	arpKonsol	arpKonsol	existing-unreviewed		0
array	vektor	vektor	existing-unreviewed		0
ata	ata	ata	existing-unreviewed		0
ata0s	ata0s	ata0s	existing-unreviewed		0
attempts	attempts	attempts	existing-unreviewed		0
attr	attribut	attribut	existing-unreviewed		0
attributeControllerIndexPort	attributStyrenhetindexport	attributStyrenhetindexport	existing-unreviewed		0
attributeControllerReadPort	attributStyrenhetLäsport	attributStyrenhetLäsport	existing-unreviewed		0
attributeControllerResetPort	attributStyrenhetÅterställport	attributStyrenhetÅterställport	existing-unreviewed		0
attributeControllerWritePort	attributStyrenhetSkrivport	attributStyrenhetSkrivport	existing-unreviewed		0
attributes	attribut_2	attribut_2	existing-unreviewed		0
aux	aux	aux	existing-unreviewed		0
avail	tillgängligt	tillgängligt	existing-unreviewed		0
b	b	b	existing-unreviewed		0
backend	backend	backend	existing-unreviewed		0
backupFpRegs	backupfpregs	backupfpregs	existing-unreviewed		0
backupSector	backupsector	backupsector	existing-unreviewed		0
bar	rad	rad	existing-unreviewed		0
barNum	radNummer	radNummer	existing-unreviewed		0
bar_value	radVärde	radVärde	existing-unreviewed		0
base	base	base	existing-unreviewed		0
baseCode	basecode	basecode	existing-unreviewed		0
baseHigh	baseHög	baseHög	existing-unreviewed		0
baseLow	baseLåg	baseLåg	existing-unreviewed		0
baseMid	basemid	basemid	existing-unreviewed		0
base_addr_high	baseAdressHög	baseAdressHög	existing-unreviewed		0
base_addr_low	baseAdressLåg	baseAdressLåg	existing-unreviewed		0
bh	bh	bh	existing-unreviewed		0
bindEphemeral	bindephemeral	bindephemeral	existing-unreviewed		0
bindError	bindFel	bindFel	existing-unreviewed		0
bios	bios	bios	existing-unreviewed		0
bit	bit	bit	existing-unreviewed		0
bitmap	bitmap	tilldelningskarta	project-proposal	bitmap	2
bootSignature	bootsignature	bootsignature	existing-unreviewed		0
bootable	bootable	bootable	existing-unreviewed		0
bootloader	bootloader	bootloader	existing-unreviewed		0
bound	bound	bound	existing-unreviewed		0
bpb	bpb	filsystemsparametrar	project-proposal	fat_parameters	16
bpbBytes	bpbByte	bpbByte	existing-unreviewed		0
bpbPtr	bpbMuspekare	bpbMuspekare	existing-unreviewed		0
buf	buffer	buffer	existing-unreviewed		0
buf1	buffer1	buffer1	existing-unreviewed		0
buf2	buffer2	buffer2	existing-unreviewed		0
buf3	buffer3	buffer3	existing-unreviewed		0
buf4	buffer4	buffer4	existing-unreviewed		0
buf6	buffer6	buffer6	existing-unreviewed		0
buffer	buffer_2	buffer_2	existing-unreviewed		0
buffer1	buffer1_2	buffer1_2	existing-unreviewed		0
buffer2	buffer2_2	buffer2_2	existing-unreviewed		0
bufferAddr	bufferAdress	bufferAdress	existing-unreviewed		0
bufferAddress	bufferAdress_2	bufferAdress_2	existing-unreviewed		0
bufptr	bufferMuspekare	bufferMuspekare	existing-unreviewed		0
bus	bus	bus	existing-unreviewed		0
busControlRegisterDataPort	busCtrlregisterdataport	busCtrlregisterdataport	existing-unreviewed		0
button	knapp	knapp	existing-unreviewed		0
buttons	knapp_2	knapp_2	existing-unreviewed		0
bytesPerSector	bytepersector	bytepersector	existing-unreviewed		0
c	c	c	existing-unreviewed		0
cDate	cDatum	cDatum	existing-unreviewed		0
cTime	cTid	cTid	existing-unreviewed		0
cTimeTenth	cTidtenth	cTidtenth	existing-unreviewed		0
call	call	call	existing-unreviewed		0
candidate	candidate	candidate	existing-unreviewed		0
cap	cap	cap	existing-unreviewed		0
char	char	char	existing-unreviewed		0
checked	checked	checked	existing-unreviewed		0
checksum	kontrollsumma	kontrollsumma	existing-unreviewed		0
child	barn	barn	existing-unreviewed		0
childPID	barnprocessid	barnprocessid	existing-unreviewed		0
childPageDir	barnSidaKatalog	barnSidaKatalog	existing-unreviewed		0
chunk	chunk	chunk	existing-unreviewed		0
class_id	klassid	klassid	existing-unreviewed		0
closeAllProcessFDs	stängAllaprocessfds	stängAllaprocessfds	existing-unreviewed		0
closeOnExec	stängPåKör	stängPåKör	existing-unreviewed		0
closeProcessFD	stängprocessfd	stängprocessfd	existing-unreviewed		0
code	code	code	existing-unreviewed		0
code1Ptr	code1Muspekare	code1Muspekare	existing-unreviewed		0
code1ptr	code1Muspekare_2	code1Muspekare_2	existing-unreviewed		0
code2Ptr	code2Muspekare	code2Muspekare	existing-unreviewed		0
code3Ptr	code3Muspekare	code3Muspekare	existing-unreviewed		0
codeSegment	codesegment	codesegment	existing-unreviewed		0
colorIndex	färgindex	färgindex	existing-unreviewed		0
colordepth	färgDjupt	färgDjupt	existing-unreviewed		0
command	kommando	kommando	existing-unreviewed		0
commandPort	kommandoport	kommandoport	existing-unreviewed		0
commandport	kommandoport_2	kommandoport_2	existing-unreviewed		0
common	gemensam	gemensam	existing-unreviewed		0
connected	connected	connected	existing-unreviewed		0
console	konsol	konsol	existing-unreviewed		0
controlPort	ctrlport	ctrlport	existing-unreviewed		0
copyExecVector	kopieraKörvector	kopieraKörvector	existing-unreviewed		0
copyLength	kopieraLängd	kopieraLängd	existing-unreviewed		0
copyPageDir	kopieraSidaKatalog	kopieraSidaKatalog	existing-unreviewed		0
copyPath	kopieraSÖKVÄG	kopieraSÖKVÄG	existing-unreviewed		0
copySocketName	kopieraUttagNamn	kopieraUttagNamn	existing-unreviewed		0
copyUtsField	kopierautsfält	kopierautsfält	existing-unreviewed		0
count	antal	antal	existing-unreviewed		0
count2	antal2	antal2	existing-unreviewed		0
cowFrameManager	cowRammanager	cowRammanager	existing-unreviewed		0
cpu	processor	processor	existing-unreviewed		0
cpustate	processorTillstånd	processorTillstånd	existing-unreviewed		0
cr0	cr0	cr0	existing-unreviewed		0
cr3	cr3	cr3	existing-unreviewed		0
cr4	cr4	cr4	existing-unreviewed		0
crtcDataPort	crtcdataport	crtcdataport	existing-unreviewed		0
crtcIndexPort	crtcindexport	crtcindexport	existing-unreviewed		0
cs	cs	cs	existing-unreviewed		0
currentRecvBuffer	aktuellrecvbuffer	aktuellrecvbuffer	existing-unreviewed		0
currentSendBuffer	aktuellSkickabuffer	aktuellSkickabuffer	existing-unreviewed		0
currentTask	aktuellAktivitet	aktuellAktivitet	existing-unreviewed		0
currentThread	aktuellthread	aktuellthread	existing-unreviewed		0
currentThreadIndex	aktuellthreadindex	aktuellthreadindex	existing-unreviewed		0
cursorHeight	markörHöjd	markörHöjd	existing-unreviewed		0
cursorStart	markörStarta	markörStarta	existing-unreviewed		0
d_tag	dTagg	dTagg	existing-unreviewed		0
d_val_ptr	dvalMuspekare	dvalMuspekare	existing-unreviewed		0
data	data	data	existing-unreviewed		0
dataBuf	databuffer	databuffer	existing-unreviewed		0
dataBytes	dataByte	dataByte	existing-unreviewed		0
dataPointer	dataMuspekare	dataMuspekare	existing-unreviewed		0
dataPort	dataport	dataport	existing-unreviewed		0
dataStart	dataStarta	dataStarta	existing-unreviewed		0
databuffer	databuffer_2	databuffer_2	existing-unreviewed		0
dataport	dataport_2	dataport_2	existing-unreviewed		0
defaultKeyboardEventHandler	standardTangentbordHändelsehandler	standardTangentbordHändelsehandler	existing-unreviewed		0
desc	descriptor	descriptor	existing-unreviewed		0
description	beskrivning	beskrivning	existing-unreviewed		0
destination	mål	mål	existing-unreviewed		0
destinationAddress	målAdress	målAdress	existing-unreviewed		0
destinationLength	målLängd	målLängd	existing-unreviewed		0
dev	enhet	enhet	existing-unreviewed		0
device	enhet_2	enhet_2	existing-unreviewed		0
deviceDescriptor	enhetdescriptor	enhetdescriptor	existing-unreviewed		0
devicePort	enhetport	enhetport	existing-unreviewed		0
diff	diff	diff	existing-unreviewed		0
digits	digits	digits	existing-unreviewed		0
dirent	dirent	dirent	existing-unreviewed		0
direntBytes	direntByte	direntByte	existing-unreviewed		0
direntPtr	direntMuspekare	direntMuspekare	existing-unreviewed		0
discardProcess	kastaprocess	kastaprocess	existing-unreviewed		0
dispatchInterrupt	dispatchAvbrott	dispatchAvbrott	existing-unreviewed		0
divisor	divisor	divisor	existing-unreviewed		0
domain	domän	domän	existing-unreviewed		0
driveNumber	driveNummer	driveNummer	existing-unreviewed		0
driver	driver	driver	existing-unreviewed		0
driverManager	drivermanager	drivermanager	existing-unreviewed		0
drivercount	driverAntal	driverAntal	existing-unreviewed		0
drv	driver_2	driver_2	existing-unreviewed		0
ds	ds	ds	existing-unreviewed		0
ds_segment	dssegment	dssegment	existing-unreviewed		0
dst	mål_2	mål_2	existing-unreviewed		0
dstEntry	målpost	målpost	existing-unreviewed		0
dstIP	målipAdress	målipAdress	existing-unreviewed		0
dstIP_BE	målipAdressNätverkbyteorder	målipAdressNätverkbyteorder	existing-unreviewed		0
dstMAC	målmacAdress	målmacAdress	existing-unreviewed		0
dstMAC_BE	målmacbe	målmacbe	existing-unreviewed		0
dstPageDir	målSidaKatalog	målSidaKatalog	existing-unreviewed		0
dstPort	målportNummer	målportnummer	project-proposal	destination_port	9
dstPt	målpt	målpt	existing-unreviewed		0
dstPtPtr	målptMuspekare	målptMuspekare	existing-unreviewed		0
dstPtr	målMuspekare	målMuspekare	existing-unreviewed		0
dstptr	målMuspekare_2	målMuspekare_2	existing-unreviewed		0
dynamic	dynamisk	dynamisk	existing-unreviewed		0
e	e	e	existing-unreviewed		0
e_ehsize	eehsize	eehsize	existing-unreviewed		0
e_entry	epost	epost	existing-unreviewed		0
e_flags	eFlaggor	eFlaggor	existing-unreviewed		0
e_ident	eident	eident	existing-unreviewed		0
e_machine	emachine	emachine	existing-unreviewed		0
e_phentsize	ephentsize	ephentsize	existing-unreviewed		0
e_phnum	ephnum	ephnum	existing-unreviewed		0
e_phoff	ephoff	ephoff	existing-unreviewed		0
e_shentsize	eshentsize	eshentsize	existing-unreviewed		0
e_shnum	eshnum	eshnum	existing-unreviewed		0
e_shoff	eshoff	eshoff	existing-unreviewed		0
e_shstrndx	eshstrndx	eshstrndx	existing-unreviewed		0
e_type	eTyp	eTyp	existing-unreviewed		0
e_version	eversion	eversion	existing-unreviewed		0
eax	eax	eax	existing-unreviewed		0
ebp	ebp	ebp	existing-unreviewed		0
ebx	ebx	ebx	existing-unreviewed		0
ecx	ecx	ecx	existing-unreviewed		0
edi	edi	edi	existing-unreviewed		0
edx	edx	edx	existing-unreviewed		0
efHandler	efhandler	efhandler	existing-unreviewed		0
eflags	eflags	eflags	existing-unreviewed		0
eip	eip	eip	existing-unreviewed		0
eipOffset	eipFörskjutning	eipFörskjutning	existing-unreviewed		0
elf	elf	körbart_och_länkbart_format	project-proposal	elf	6
elf0	elf0	elf0	existing-unreviewed		0
elf2	elf2	elf2	existing-unreviewed		0
elf3	elf3	elf3	existing-unreviewed		0
elf4	elf4	elf4	existing-unreviewed		0
elfHeader	elfheader	elfheader	existing-unreviewed		0
enabled	aktiverad	aktiverad	existing-unreviewed		0
end	slut	slut	existing-unreviewed		0
endOffset	slutFörskjutning	slutFörskjutning	existing-unreviewed		0
end_cylinder	slutcylinder	slutcylinder	existing-unreviewed		0
end_head	sluthead	sluthead	existing-unreviewed		0
end_sector	slutsector	slutsector	existing-unreviewed		0
ensureCurrentProcess	ensureAktuellprocess	ensureAktuellprocess	existing-unreviewed		0
entry	post	post	existing-unreviewed		0
entryPoint	postpoint	postpoint	existing-unreviewed		0
entrypoint	postpoint_2	postpoint_2	existing-unreviewed		0
environment	environment	environment	existing-unreviewed		0
environmentPointers	environmentpointers	environmentpointers	existing-unreviewed		0
err	fel	fel	existing-unreviewed		0
errorPort	felport	felport	existing-unreviewed		0
es	es	es	existing-unreviewed		0
esi	esi	esi	existing-unreviewed		0
esp	esp	esp	existing-unreviewed		0
esp0	esp0	esp0	existing-unreviewed		0
esp1	esp1	esp1	existing-unreviewed		0
esp2	esp2	esp2	existing-unreviewed		0
etherFrameProvider	ethernetRamprovider	ramleverantör_för_nät_med_delat_medium	project-proposal	ethernet_provider	1
etherType	ethernetTyp	ethernetTyp	existing-unreviewed		0
etherType_BE	ethernetTypbe	ethernetTypbe	existing-unreviewed		0
etherframe	ethernetRam	ram_i_nät_med_delat_medium	project-proposal	ethernet_frame	1
etherframePayload	ethernetRampayload	ethernetRampayload	existing-unreviewed		0
except	except	except	existing-unreviewed		0
exceptionCR0	exceptioncr0	exceptioncr0	existing-unreviewed		0
exceptionCR2	exceptioncr2	exceptioncr2	existing-unreviewed		0
exceptionCR3	exceptioncr3	exceptioncr3	existing-unreviewed		0
exceptionFrameValue	exceptionRamVärde	exceptionRamVärde	existing-unreviewed		0
exceptionHasErrorCode	exceptionhasFelcode	exceptionhasFelcode	existing-unreviewed		0
exceptionName	exceptionNamn	exceptionNamn	existing-unreviewed		0
execVector	körvector	körvector	existing-unreviewed		0
exists	exists	exists	existing-unreviewed		0
exited	avslutade	avslutade	existing-unreviewed		0
ext	ext	ext	existing-unreviewed		0
extFlags	extFlaggor	extFlaggor	existing-unreviewed		0
extendedScanCode	extendedSökavcode	extendedSökavcode	existing-unreviewed		0
fDupFD	fdupfd	fdupfd	existing-unreviewed		0
fGetFD	fgetfd	fgetfd	existing-unreviewed		0
fGetFL	fgetfl	fgetfl	existing-unreviewed		0
fSetFD	fmängdfd	fmängdfd	existing-unreviewed		0
fSetFL	fmängdfl	fmängdfl	existing-unreviewed		0
fat	fat	fat	existing-unreviewed		0
fatCopies	fatKopiera	fatKopiera	existing-unreviewed		0
fatInfo	fatInformation	fatInformation	existing-unreviewed		0
fatOffsetInSectorForCurrentCluster	fatFörskjutningisectorforAktuellcluster	fatFörskjutningisectorforAktuellcluster	existing-unreviewed		0
fatSectorCount	fatsectorAntal	fatsectorAntal	existing-unreviewed		0
fatSectorForCurrentCluster	fatsectorforAktuellcluster	fatsectorforAktuellcluster	existing-unreviewed		0
fatSize	fatStorlek	fatStorlek	existing-unreviewed		0
fatStart	fatStarta	fatStarta	existing-unreviewed		0
fatTypeLabel	fatTypetikett	fatTypetikett	existing-unreviewed		0
fatVersion	fatversion	fatversion	existing-unreviewed		0
fatbuf	fatbuf	fatbuf	existing-unreviewed		0
fatbuffer	fatbuffer	fatbuffer	existing-unreviewed		0
faultAddr	faultAdress	faultAdress	existing-unreviewed		0
fb	fb	fb	existing-unreviewed		0
fbCurCol	fbAktuellcol	fbAktuellcol	existing-unreviewed		0
fbCurLine	fbAktuellRad	fbAktuellRad	existing-unreviewed		0
fbHeight	fbHöjd	fbHöjd	existing-unreviewed		0
fbPhysAddr	fbphysAdress	fbphysAdress	existing-unreviewed		0
fbWidth	fbBredd	fbBredd	existing-unreviewed		0
fd	fd	fd	existing-unreviewed		0
fdCloexec	fdcloexec	fdcloexec	existing-unreviewed		0
fdEntry	fdpost	fdpost	existing-unreviewed		0
fdFlags	fdFlaggor	fdFlaggor	existing-unreviewed		0
fdKindConsole	fdSortKonsol	fdSortKonsol	existing-unreviewed		0
fdKindFat	fdSortfat	fdSortfat	existing-unreviewed		0
fdKindNone	fdSortIngen	fdSortIngen	existing-unreviewed		0
fdKindRootDir	fdSortRotKatalog	fdSortRotKatalog	existing-unreviewed		0
fdKindSocket	fdSortUttag	fdSortUttag	existing-unreviewed		0
fdKindStdin	fdSortstdin	fdSortstdin	existing-unreviewed		0
fds	fds	fds	existing-unreviewed		0
filePtr	arkivMuspekare	arkivMuspekare	existing-unreviewed		0
fileSector	arkivsector	arkivsector	existing-unreviewed		0
fileSize	arkivStorlek	arkivStorlek	existing-unreviewed		0
filename	filnamn	filnamn	existing-unreviewed		0
fillPosixStat	fillposixstat	fillposixstat	existing-unreviewed		0
findProcess	sökprocess	sökprocess	existing-unreviewed		0
first	first	first	existing-unreviewed		0
firstClusterHi	firstclusterhi	firstclusterhi	existing-unreviewed		0
firstClusterLow	firstclusterLåg	firstclusterLåg	existing-unreviewed		0
firstFileCluster	firstArkivcluster	firstArkivcluster	existing-unreviewed		0
flags	flaggor	flaggor	existing-unreviewed		0
flags2	flaggor2	flaggor2	existing-unreviewed		0
flagsAndOffset	flaggorochFörskjutning	flaggorochFörskjutning	existing-unreviewed		0
flushIndex	flushindex	flushindex	existing-unreviewed		0
flushTlsTable	flushtlsTabell	flushtlsTabell	existing-unreviewed		0
flush_tss	flushtss	flushtss	existing-unreviewed		0
fn	fn	fn	existing-unreviewed		0
foo	apa	apa	existing-unreviewed		0
foundChild	foundbarn	foundbarn	existing-unreviewed		0
frame	ram	ram	existing-unreviewed		0
frameCount	ramAntal	ramAntal	existing-unreviewed		0
frameHeaderSize	ramheaderStorlek	ramheaderStorlek	existing-unreviewed		0
free	ledigt	ledigt	existing-unreviewed		0
freePort	ledigtport	ledigtport	existing-unreviewed		0
frequency	frekvens	frekvens	existing-unreviewed		0
fs	fs	fs	existing-unreviewed		0
func1Val	func1val	func1val	existing-unreviewed		0
func2Val	func2val	func2val	existing-unreviewed		0
func3Val	func3val	func3val	existing-unreviewed		0
func_addr	funcAdress	funcAdress	existing-unreviewed		0
func_bytes	funcByte	funcByte	existing-unreviewed		0
func_name	funcNamn	funcNamn	existing-unreviewed		0
func_value	funcVärde	funcVärde	existing-unreviewed		0
function	funktion	funktion	existing-unreviewed		0
fxrstor	fxrstor	fxrstor	existing-unreviewed		0
fxsave	fxsave	fxsave	existing-unreviewed		0
g	g	g	existing-unreviewed		0
g_320x200x256	g320x200x256	g320x200x256	existing-unreviewed		0
gate	gate	gate	existing-unreviewed		0
gateData	gatedata	gatedata	existing-unreviewed		0
gatewayIP	gatewayip	gatewayip	existing-unreviewed		0
gdt	gdt	gdt	existing-unreviewed		0
gdtDescriptor	gdtdescriptor	gdtdescriptor	existing-unreviewed		0
gdtEntry	gdtpost	gdtpost	existing-unreviewed		0
gdtTable	gdtTabell	gdtTabell	existing-unreviewed		0
gdtTableLen	gdtTabelllen	gdtTabelllen	existing-unreviewed		0
gdt_codeSegmentSelector	gdtcodesegmentselector	gdtcodesegmentselector	existing-unreviewed		0
gdt_func	gdtfunc	gdtfunc	existing-unreviewed		0
getCR2	getcr2	getcr2	existing-unreviewed		0
getCR3	getcr3	getcr3	existing-unreviewed		0
getDescriptor	getdescriptor	getdescriptor	existing-unreviewed		0
getESI	getesi	getesi	existing-unreviewed		0
getESP	getesp	getesp	existing-unreviewed		0
getGDT	getgdt	getgdt	existing-unreviewed		0
getGS	getgs	getgs	existing-unreviewed		0
getOpenFile	getÖppnaArkiv	getÖppnaArkiv	existing-unreviewed		0
getOpenFileFor	getÖppnaArkivfor	getÖppnaArkivfor	existing-unreviewed		0
getTLS	gettls	gettls	existing-unreviewed		0
globalDescriptorTable	globaldescriptorTabell	globaldescriptorTabell	existing-unreviewed		0
globalOffsetTable	globalFörskjutningTabell	globalFörskjutningTabell	existing-unreviewed		0
global_offset_table	globalFörskjutningTabell_2	globalFörskjutningTabell_2	existing-unreviewed		0
graphicsControllerDataPort	grafikStyrenhetdataport	grafikStyrenhetdataport	existing-unreviewed		0
graphicsControllerIndexPort	grafikStyrenhetindexport	grafikStyrenhetindexport	existing-unreviewed		0
grub_multiboot_memory_map_t	grubmultibootMinnemapt	grubmultibootMinnemapt	existing-unreviewed		0
gs	gs	gs	existing-unreviewed		0
gs_segment	gssegment	gssegment	existing-unreviewed		0
h	h	h	existing-unreviewed		0
haltAfterFatalException	haltafterfatalexception	haltafterfatalexception	existing-unreviewed		0
handleInterrupt	handtagAvbrott	handtagAvbrott	existing-unreviewed		0
handleKeyboardInterrupt	handtagTangentbordAvbrott	handtagTangentbordAvbrott	existing-unreviewed		0
handleMouseInterrupt	handtagMusAvbrott	handtagMusAvbrott	existing-unreviewed		0
handlePagingInterrupt	handtagpagingAvbrott	handtagpagingAvbrott	existing-unreviewed		0
handleUnhandledSyscall	handtagunhandledsyscall	handtagunhandledsyscall	existing-unreviewed		0
handler	handler	handler	existing-unreviewed		0
handlerAddressHighBits	handlerAdressHögbitar	handlerAdressHögbitar	existing-unreviewed		0
handlerAddressLowBits	handlerAdressLågbitar	handlerAdressLågbitar	existing-unreviewed		0
handlerRun	handlerKör	handlerKör	existing-unreviewed		0
handlers	handler_2	handler_2	existing-unreviewed		0
hardwareAddressSize	hårdvaraAdressStorlek	hårdvaraAdressStorlek	existing-unreviewed		0
hardwareInterruptOffset	hårdvaraAvbrottFörskjutning	hårdvaraAvbrottFörskjutning	existing-unreviewed		0
hardwareType	hårdvaraTyp	hårdvaraTyp	existing-unreviewed		0
hd	hd	hd	existing-unreviewed		0
head	head	head	existing-unreviewed		0
headCount	headAntal	headAntal	existing-unreviewed		0
headerLength	headerLängd	headerLängd	existing-unreviewed		0
headertype	headertype	headertype	existing-unreviewed		0
height	höjd	höjd	existing-unreviewed		0
hex	hexadecimalt	hexadecimalt	existing-unreviewed		0
hiddenSectors	doltsectors	doltsectors	existing-unreviewed		0
i	i	i	existing-unreviewed		0
iCount	iAntal	iAntal	existing-unreviewed		0
iDrivers	idriver	idriver	existing-unreviewed		0
iKeyboardEventHandler	iTangentbordHändelsehandler	iTangentbordHändelsehandler	existing-unreviewed		0
iMouseEventHandler	iMusHändelsehandler	iMusHändelsehandler	existing-unreviewed		0
iPCIControllerHandler	ipciStyrenhethandler	ipciStyrenhethandler	existing-unreviewed		0
iRawDataHandler	irawdatahandler	irawdatahandler	existing-unreviewed		0
iTimerEventHandler	iTidtagareHändelsehandler	iTidtagareHändelsehandler	existing-unreviewed		0
icmp	icmp	styrmeddelandeprotokoll_för_sammankopplade_nät	project-proposal	icmp	12
icmpSize	icmpStorlek	icmpStorlek	existing-unreviewed		0
icmp콘솔	icmpKonsol	icmpKonsol	existing-unreviewed		0
id	id	id	existing-unreviewed		0
ident	ident	ident	existing-unreviewed		0
idtData	idtdata	idtdata	existing-unreviewed		0
idtPointer	idtMuspekare	idtMuspekare	existing-unreviewed		0
idx	idx	idx	existing-unreviewed		0
index	index	index	existing-unreviewed		0
initBlock	initblock	initblock	existing-unreviewed		0
initFileDescriptors	initArkivdescriptor	initArkivdescriptor	existing-unreviewed		0
initPIT	initpit	initpit	existing-unreviewed		0
initializeProcessFDs	initializeprocessfds	initializeprocessfds	existing-unreviewed		0
inode	inod	inod	existing-unreviewed		0
inputEventTask	inmatningHändelseAktivitet	inmatningHändelseAktivitet	existing-unreviewed		0
installIDT	installeraidt	installeraidt	existing-unreviewed		0
intNumber	intNummer	intNummer	existing-unreviewed		0
interface_id	gränssnittid	gränssnittid	existing-unreviewed		0
internetprotocolPayload	internetprotocolpayload	internetprotocolpayload	existing-unreviewed		0
interrupt	avbrott	avbrott	existing-unreviewed		0
interruptDebug	avbrottAvlusa	avbrottAvlusa	existing-unreviewed		0
interruptExitLoop	avbrottAvslutaSlinga	avbrottAvslutaSlinga	existing-unreviewed		0
interruptGateEntries	avbrottgatepost	avbrottgatepost	existing-unreviewed		0
interruptHandler	avbrotthandler	avbrotthandler	existing-unreviewed		0
interrupts	interrupts	interrupts	existing-unreviewed		0
iomap	iomap	iomap	existing-unreviewed		0
ip	ip	ip	existing-unreviewed		0
ipEtherFrameHandler	ipethernetRamhandler	ipethernetRamhandler	existing-unreviewed		0
ipHandler	iphandler	iphandler	existing-unreviewed		0
ipIdx	ipidx	ipidx	existing-unreviewed		0
ipProtocolUDP	ipprotocoludp	ipprotocoludp	existing-unreviewed		0
ipProvider	ipprovider	protokolleverantör_för_sammankopplade_nät	project-proposal	ip_provider	5
ipSize	ipStorlek	ipStorlek	existing-unreviewed		0
ip_be	ipNätverkbyteorder	ipNätverkbyteorder	existing-unreviewed		0
ipmessage	internetprotocolMeddelande	internetprotocolMeddelande	existing-unreviewed		0
ipv4	ipv4	protokoll_för_sammankopplade_nät_4	project-proposal	ipv4	1
ip콘솔	ipKonsol	ipKonsol	existing-unreviewed		0
isKernel	iskernel	iskernel	existing-unreviewed		0
isRoot	isRot	isRot	existing-unreviewed		0
isRootPath	isRotSÖKVÄG	isRotSÖKVÄG	existing-unreviewed		0
isSharedPDE	issharedpde	issharedpde	existing-unreviewed		0
istOffset	istFörskjutning	istFörskjutning	existing-unreviewed		0
j	j	j	existing-unreviewed		0
jmp	jmp	jmp	existing-unreviewed		0
jmp_user	jmpAnvändare	jmpAnvändare	existing-unreviewed		0
jump_usermode_iret	jumpAnvändarlägeiret	jumpAnvändarlägeiret	existing-unreviewed		0
kPageDirEntry	kSidaKatalogpost	kSidaKatalogpost	existing-unreviewed		0
kernelESP	kernelesp	kernelesp	existing-unreviewed		0
kernelPageDirEntry	kernelSidaKatalogpost	kernelSidaKatalogpost	existing-unreviewed		0
kernelSS	kernelss	kernelss	existing-unreviewed		0
key	nyckel	nyckel	existing-unreviewed		0
keyboard	tangentbord	tangentbord	existing-unreviewed		0
keyboardDriver	tangentborddriver	tangentborddriver	existing-unreviewed		0
keyboardEventHandler	tangentbordHändelsehandler	tangentbordHändelsehandler	existing-unreviewed		0
keyboardQueue	tangentbordqueue	tangentbordqueue	existing-unreviewed		0
keyboardQueueRead	tangentbordqueueLäs	tangentbordqueueLäs	existing-unreviewed		0
keyboardQueueSize	tangentbordqueueStorlek	tangentbordqueueStorlek	existing-unreviewed		0
keyboardQueueWrite	tangentbordqueueSkriv	tangentbordqueueSkriv	existing-unreviewed		0
kind	sort	sort	existing-unreviewed		0
l	l	l	existing-unreviewed		0
last	sista	sista	existing-unreviewed		0
lbaHiPort	lbahiport	lbahiport	existing-unreviewed		0
lbaLowPort	lbaLågport	lbaLågport	existing-unreviewed		0
lbaMidPort	lbamidport	lbamidport	existing-unreviewed		0
ldt	ldt	ldt	existing-unreviewed		0
leftShift	vänsterSkift	vänsterSkift	existing-unreviewed		0
len	len	len	existing-unreviewed		0
len_ver	lenver	lenver	existing-unreviewed		0
length	längd	längd	existing-unreviewed		0
lengthAddress	längdAdress	längdAdress	existing-unreviewed		0
lengthInBytes	längdiByte	längdiByte	existing-unreviewed		0
length_high	längdHög	längdHög	existing-unreviewed		0
length_low	längdLåg	längdLåg	existing-unreviewed		0
lengths	lengths	lengths	existing-unreviewed		0
lib1Addr	lib1Adress	lib1Adress	existing-unreviewed		0
lib1Data	lib1data	lib1data	existing-unreviewed		0
lib1File	lib1Arkiv	lib1Arkiv	existing-unreviewed		0
lib1GOT	lib1got	lib1got	existing-unreviewed		0
lib1elf	lib1elf	lib1elf	existing-unreviewed		0
lib2Addr	lib2Adress	lib2Adress	existing-unreviewed		0
lib2Data	lib2data	lib2data	existing-unreviewed		0
lib2File	lib2Arkiv	lib2Arkiv	existing-unreviewed		0
lib2GOT	lib2got	lib2got	existing-unreviewed		0
lib2elf	lib2elf	lib2elf	existing-unreviewed		0
libLinkMap	libLänkmap	libLänkmap	existing-unreviewed		0
lidtaddr	lidtaddr	lidtaddr	existing-unreviewed		0
limit	gräns	gräns	existing-unreviewed		0
limitHighAndFlags	gränsHögochFlaggor	gränsHögochFlaggor	existing-unreviewed		0
limitLow	gränsLåg	gränsLåg	existing-unreviewed		0
linkMap	länkmap	länkmap	existing-unreviewed		0
linkMapAddr	länkmapAdress	länkmapAdress	existing-unreviewed		0
linkerAddr	linkerAdress	linkerAdress	existing-unreviewed		0
linkerData	linkerdata	linkerdata	existing-unreviewed		0
linkerEntry	linkerpost	linkerpost	existing-unreviewed		0
linkerFile	linkerArkiv	linkerArkiv	existing-unreviewed		0
list	lista	lista	existing-unreviewed		0
listening	listening	listening	existing-unreviewed		0
loader	loader	loader	existing-unreviewed		0
local	lokal	lokal	existing-unreviewed		0
localDatagramSocket	lokaldatagramUttag	lokaldatagramUttag	existing-unreviewed		0
localIP	lokalip	lokalip	existing-unreviewed		0
localPort	lokalportNummer	lokalportNummer	existing-unreviewed		0
localSockets	lokalsockets	lokalsockets	existing-unreviewed		0
logicalAddress	logiskAdress	logiskAdress	existing-unreviewed		0
macAddr	macAdress	macAdress	existing-unreviewed		0
macIdx	macidx	macidx	existing-unreviewed		0
magicnumber	magicnumber	magicnumber	existing-unreviewed		0
main	main	main	compatibility		0
mainThread	huvudthread	huvudthread	existing-unreviewed		0
makePagePrivateWritableCurrent	makeSidaPrivatwritableAktuell	makeSidaPrivatwritableAktuell	existing-unreviewed		0
makeRangePrivateWritableCurrent	makeIntervallPrivatwritableAktuell	makeIntervallPrivatwritableAktuell	existing-unreviewed		0
manager	manager	manager	existing-unreviewed		0
mask	mask	mask	existing-unreviewed		0
master	master	master	existing-unreviewed		0
matches	matches	matches	existing-unreviewed		0
maxBARs	maximalbars	maximalbars	existing-unreviewed		0
maxDatagramSize	maximaldatagramStorlek	maximaldatagramStorlek	existing-unreviewed		0
maxExecStringLength	maximalKörsträngLängd	maximalKörsträngLängd	existing-unreviewed		0
maxExecVectorEntries	maximalKörvectorpost	maximalKörvectorpost	existing-unreviewed		0
maxFD	maximalfd	maximalfd	existing-unreviewed		0
maxOpenFiles	maximalÖppnaFILER	maximalÖppnaFILER	existing-unreviewed		0
maxSocketPackets	maximalUttagpaket	maximalUttagpaket	existing-unreviewed		0
maxSockets	maximalsockets	maximalsockets	existing-unreviewed		0
maximumBlocks	maximaltblock	maximaltblock	existing-unreviewed		0
mediaType	mediaTyp	mediaTyp	existing-unreviewed		0
mem	mem	mem	existing-unreviewed		0
memoryArray	minneVektor	minneVektor	existing-unreviewed		0
memoryChunkSize	minnechunkStorlek	minnechunkStorlek	existing-unreviewed		0
memoryManager	minnemanager	minnemanager	existing-unreviewed		0
memoryOper	minneoper	minneoper	existing-unreviewed		0
memorySize	minneStorlek	minneStorlek	existing-unreviewed		0
memorymananger	memorymananger	memorymananger	existing-unreviewed		0
memorytest	memorytest	memorytest	existing-unreviewed		0
message	meddelande	meddelande	existing-unreviewed		0
micsPort	micsport	micsport	existing-unreviewed		0
minimum	minimum	minimum	existing-unreviewed		0
mode	lÄGE	lÄGE	existing-unreviewed		0
mouseDriver	musdriver	musdriver	existing-unreviewed		0
mouseEventHandler	musHändelsehandler	musHändelsehandler	existing-unreviewed		0
mouseVGA	musvga	musvga	existing-unreviewed		0
mouseWidget	muswidget	muswidget	existing-unreviewed		0
msdospart	msdospartition	msdospartition	existing-unreviewed		0
msg	msg	msg	existing-unreviewed		0
msgBuffer	msgbuffer	msgbuffer	existing-unreviewed		0
multiboot_memory_map	multibootMinnemap	multibootMinnemap	existing-unreviewed		0
multitasking	multitasking	multitasking	existing-unreviewed		0
myKeyboardEventHandler	myTangentbordHändelsehandler	myTangentbordHändelsehandler	existing-unreviewed		0
myPCIControllerHandler	mypciStyrenhethandler	mypciStyrenhethandler	existing-unreviewed		0
myfunction	myfunction	myfunction	existing-unreviewed		0
n	n	n	existing-unreviewed		0
n_descsz	ndescsz	ndescsz	existing-unreviewed		0
n_namesz	nnamesz	nnamesz	existing-unreviewed		0
n_type	nTyp	nTyp	existing-unreviewed		0
name	namn	namn	existing-unreviewed		0
nameLen	namnlen	namnlen	existing-unreviewed		0
netCard	nätverkKortspel	nätverkKortspel	existing-unreviewed		0
newButtons	nyKnapp	nyKnapp	existing-unreviewed		0
newFD	nyfd	nyfd	existing-unreviewed		0
newFrame	nyRam	nyRam	existing-unreviewed		0
newLink	nyLänk	nyLänk	existing-unreviewed		0
newNode	nyNod	nyNod	existing-unreviewed		0
newPtr	nyMuspekare	nyMuspekare	existing-unreviewed		0
next	nästa	nästa	existing-unreviewed		0
nextEphemeralPort	nästaephemeralport	nästaephemeralport	existing-unreviewed		0
nextFileCluster	nästaArkivcluster	nästaArkivcluster	existing-unreviewed		0
nextHopIP_BE	nästahopipAdressNätverkbyteorder	nästahopipAdressNätverkbyteorder	existing-unreviewed		0
nextNode	nästaNod	nästaNod	existing-unreviewed		0
nextProcessID	nästaprocessid	nästaprocessid	existing-unreviewed		0
nextThread	nästathread	nästathread	existing-unreviewed		0
nibble	nibble	nibble	existing-unreviewed		0
node	nod	listnod	project-proposal	list_node	16
nodeArray	nodVektor	nodVektor	existing-unreviewed		0
num	nummer	nummer	existing-unreviewed		0
numCacheEntries	nummercachepost	nummercachepost	existing-unreviewed		0
numDrivers	nummerdriver	nummerdriver	existing-unreviewed		0
numFunctions	nummerFunktioner	nummerFunktioner	existing-unreviewed		0
numRecvBuffers	nummerrecvbuffer	nummerrecvbuffer	existing-unreviewed		0
numSendBuffers	nummerSkickabuffer	nummerSkickabuffer	existing-unreviewed		0
numSockets	nummersockets	nummersockets	existing-unreviewed		0
numTasks	nummerUppgifter	nummerUppgifter	existing-unreviewed		0
oAppend	oappend	oappend	existing-unreviewed		0
oCreate	ocreate	ocreate	existing-unreviewed		0
oDirectory	oKatalog	oKatalog	existing-unreviewed		0
oReadOnly	oLäsonly	oLäsonly	existing-unreviewed		0
oReadWrite	oLäsSkriv	oLäsSkriv	existing-unreviewed		0
oTruncate	oKortaner	oKortaner	existing-unreviewed		0
oWriteOnly	oSkrivonly	oSkrivonly	existing-unreviewed		0
o_addr	oAdress	oAdress	existing-unreviewed		0
offset	förskjutning	förskjutning	existing-unreviewed		0
ok	ok	ok	existing-unreviewed		0
oldButtons	oldKnapp	oldKnapp	existing-unreviewed		0
oldCR3	oldcr3	oldcr3	existing-unreviewed		0
oldFD	oldfd	oldfd	existing-unreviewed		0
oldFrame	oldRam	oldRam	existing-unreviewed		0
oldGdt	oldgdt	oldgdt	existing-unreviewed		0
oldGdtAddr	oldgdtAdress	oldgdtAdress	existing-unreviewed		0
oldGdtLen	oldgdtlen	oldgdtlen	existing-unreviewed		0
openFileDescription	öppnaArkivBeskrivning	öppnaArkivBeskrivning	existing-unreviewed		0
openFileTable	öppnaArkivTabell	öppnaArkivTabell	existing-unreviewed		0
options	alternativ	alternativ	existing-unreviewed		0
orgValue	orgVärde	orgVärde	existing-unreviewed		0
p	p	p	existing-unreviewed		0
p1	p1	p1	existing-unreviewed		0
p2	p2	p2	existing-unreviewed		0
p_align	pJustera	pJustera	existing-unreviewed		0
p_backend	pbackend	pbackend	existing-unreviewed		0
p_data	pdata	pdata	existing-unreviewed		0
p_efHandler	pefhandler	pefhandler	existing-unreviewed		0
p_efProvider	pefprovider	pefprovider	existing-unreviewed		0
p_etherType	pethernetTyp	pethernetTyp	existing-unreviewed		0
p_filesz	pfilesz	pfilesz	existing-unreviewed		0
p_flags	pFlaggor	pFlaggor	existing-unreviewed		0
p_iHandler	pihandler	pihandler	existing-unreviewed		0
p_ipHandler	piphandler	piphandler	existing-unreviewed		0
p_ipProvider	pipprovider	pipprovider	existing-unreviewed		0
p_memsz	pmemsz	pmemsz	existing-unreviewed		0
p_offset	pFörskjutning	pFörskjutning	existing-unreviewed		0
p_paddr	ppaddr	ppaddr	existing-unreviewed		0
p_protocol	pprotocol	pprotocol	existing-unreviewed		0
p_provider	pprovider	pprovider	existing-unreviewed		0
p_str	pstr	pstr	existing-unreviewed		0
p_type	pTyp	pTyp	existing-unreviewed		0
p_udpHandler	pudphandler	pudphandler	existing-unreviewed		0
p_udpProvider	pudpprovider	pudpprovider	existing-unreviewed		0
p_vaddr	pvaddr	pvaddr	existing-unreviewed		0
packet	pAKET	pAKET	existing-unreviewed		0
packetStatus	pAKETstatus	pAKETstatus	existing-unreviewed		0
packets	paket	paket	existing-unreviewed		0
page	sida	sida	existing-unreviewed		0
pageDir	sidaKatalog	sidkatalog	project-proposal	page_directory	27
pageDirEntry	sidaKatalogpost	sidaKatalogpost	existing-unreviewed		0
pageTableEntry	sidaTabellpost	sidaTabellpost	existing-unreviewed		0
paging	paging	paging	existing-unreviewed		0
param	param	param	existing-unreviewed		0
params	parametrar	parametrar	existing-unreviewed		0
parent	förälder	förälder	existing-unreviewed		0
parentPID	förälderprocessid	förälderprocessid	existing-unreviewed		0
parentProcess	förälderprocess	förälderprocess	existing-unreviewed		0
partEntry	partpost	partpost	existing-unreviewed		0
partition	partition	partition	existing-unreviewed		0
partitionBytes	partitionByte	partitionByte	existing-unreviewed		0
partitionOffset	partitionFörskjutning	partitionFörskjutning	existing-unreviewed		0
path	sÖKVÄG	sÖKVÄG	existing-unreviewed		0
pathAddr	sÖKVÄGAdress	sÖKVÄGAdress	existing-unreviewed		0
pci	pci	pci	existing-unreviewed		0
pciController	pciStyrenhet	pciStyrenhet	existing-unreviewed		0
pde	pde	pde	existing-unreviewed		0
pdeAddr	pdeAdress	pdeAdress	existing-unreviewed		0
pdelen	pdelen	pdelen	existing-unreviewed		0
peer	peer	peer	existing-unreviewed		0
pendingButtons	pendingKnapp	pendingKnapp	existing-unreviewed		0
pendingMouseEvent	pendingMusHändelse	pendingMusHändelse	existing-unreviewed		0
pendingX	pendingx	pendingx	existing-unreviewed		0
pendingY	pendingy	pendingy	existing-unreviewed		0
phyaddr	phyaddr	phyaddr	existing-unreviewed		0
phymem	physicalMinne	physicalMinne	existing-unreviewed		0
physicalAddress	physicalAdress	physicalAdress	existing-unreviewed		0
pid	processid	processid	existing-unreviewed		0
pitFrequency	pitFrekvens	pitFrekvens	existing-unreviewed		0
pixelAddress	pixelAdress	pixelAdress	existing-unreviewed		0
pointer	muspekare	adressreferens	project-proposal	pointer	39
pollKeyboardScancode	pollTangentbordscancode	pollTangentbordscancode	existing-unreviewed		0
port	port	port	existing-unreviewed		0
portBase	portbase	portbase	existing-unreviewed		0
portInUse	portiAnvänd	portiAnvänd	existing-unreviewed		0
portnumber	portnumber	portnumber	existing-unreviewed		0
pos	position	position	existing-unreviewed		0
position	position_2	position_2	existing-unreviewed		0
posixStat	posixstat	posixstat	existing-unreviewed		0
posixUtsname	posixutsname	posixutsname	existing-unreviewed		0
prefetchable	prefetchcapable	prefetchcapable	existing-unreviewed		0
prev	previous	previous	existing-unreviewed		0
prevNode	previousNod	previousNod	existing-unreviewed		0
prevX	previousx	previousx	existing-unreviewed		0
prevY	previousy	previousy	existing-unreviewed		0
printESP	skrivutesp	skrivutesp	existing-unreviewed		0
printExceptionSelectorInfo	skrivutexceptionselectorInformation	skrivutexceptionselectorInformation	existing-unreviewed		0
printPageFaultInfo	skrivutSidafaultInformation	skrivutSidafaultInformation	existing-unreviewed		0
printreg	printreg	printreg	existing-unreviewed		0
proc2	proc2	proc2	existing-unreviewed		0
proc3	proc3	proc3	existing-unreviewed		0
proc4	proc4	proc4	existing-unreviewed		0
process	process	process	existing-unreviewed		0
processEntry	processpost	processpost	existing-unreviewed		0
processHelper	processhelper	processhelper	existing-unreviewed		0
processTable	processTabell	processTabell	existing-unreviewed		0
processes	processer	processer	existing-unreviewed		0
programBreak	programbreak	programbreak	existing-unreviewed		0
protocol	protocol	protocol	existing-unreviewed		0
protocolAddressSize	protocolAdressStorlek	protocolAdressStorlek	existing-unreviewed		0
providedLength	providedLängd	providedLängd	existing-unreviewed		0
provider	provider	provider	existing-unreviewed		0
ps2WaitLimit	ps2VäntaGräns	ps2VäntaGräns	existing-unreviewed		0
pt	pt	pt	existing-unreviewed		0
pte	pte	pte	existing-unreviewed		0
pteAddr	pteAdress	pteAdress	existing-unreviewed		0
ptr	muspekare_2	adressreferens_2	project-proposal	pointer	12
pushExecUint32	pushKörunsignedinteger32	pushKörunsignedinteger32	existing-unreviewed		0
queueKeyboardByte	queueTangentbordbyte	queueTangentbordbyte	existing-unreviewed		0
r	r	r	existing-unreviewed		0
r_addend	raddend	raddend	existing-unreviewed		0
r_info	rInformation	rInformation	existing-unreviewed		0
r_offset	rFörskjutning	rFörskjutning	existing-unreviewed		0
raw	raw	raw	existing-unreviewed		0
rawDataBackend	rawdatabackend	rawdatabackend	existing-unreviewed		0
readFile	läsArkiv	läsArkiv	existing-unreviewed		0
readPS2Data	läsps2data	läsps2data	existing-unreviewed		0
readStdin	lässtdin	lässtdin	existing-unreviewed		0
readVFSFile	läsvfsArkiv	läsvfsArkiv	existing-unreviewed		0
read_count	läsAntal	läsAntal	existing-unreviewed		0
receiver	receiver	receiver	existing-unreviewed		0
recvBufferDescr	recvbufferBeskrivning	recvbufferBeskrivning	existing-unreviewed		0
recvBufferDescrAddress	recvbufferBeskrivningAdress	recvbufferBeskrivningAdress	existing-unreviewed		0
recvBuffers	recvbuffer	recvbuffer	existing-unreviewed		0
recvBuffersDescrMemory	recvbufferBeskrivningMinne	recvbufferBeskrivningMinne	existing-unreviewed		0
refBytes	referenceByte	referenceByte	existing-unreviewed		0
refPtr	referenceMuspekare	referenceMuspekare	existing-unreviewed		0
refs	refs	refs	existing-unreviewed		0
regIndex	regindex	regindex	existing-unreviewed		0
registerAddressPort	registerAdressport	registerAdressport	existing-unreviewed		0
registerDataPort	registerdataport	registerdataport	existing-unreviewed		0
registeroffset	registeroffset	registeroffset	existing-unreviewed		0
registers	register	register	existing-unreviewed		0
regtype	regtype	regtype	existing-unreviewed		0
rel_text	reltext	reltext	existing-unreviewed		0
rel_text_len	reltextlen	reltextlen	existing-unreviewed		0
releaseOpenFile	releaseÖppnaArkiv	releaseÖppnaArkiv	existing-unreviewed		0
released	released	released	existing-unreviewed		0
reloadCR3	uppdateracr3	uppdateracr3	existing-unreviewed		0
relocation_text	relocationtext	relocationtext	existing-unreviewed		0
remaining	remaining	remaining	existing-unreviewed		0
remote	fjärr	fjärr	existing-unreviewed		0
remoteIP	fjärrip	fjärrip	existing-unreviewed		0
remotePort	fjärrportNummer	fjärrportNummer	existing-unreviewed		0
requested	requested	requested	existing-unreviewed		0
reserved	reserverat	reserverat	existing-unreviewed		0
reserved0	reserverat0	reserverat0	existing-unreviewed		0
reservedSectors	reserveratsectors	reserveratsectors	existing-unreviewed		0
resetPort	återställport	återställport	existing-unreviewed		0
restoreFpRegs	återställfpregs	återställfpregs	existing-unreviewed		0
result	rESULTAT	rESULTAT	existing-unreviewed		0
result1	rESULTAT1	rESULTAT1	existing-unreviewed		0
result2	rESULTAT2	rESULTAT2	existing-unreviewed		0
ret	ret	ret	existing-unreviewed		0
revision	revision	revision	existing-unreviewed		0
rightShift	högerSkift	högerSkift	existing-unreviewed		0
rootCluster	rotcluster	rotcluster	existing-unreviewed		0
rootDirEntries	rotKatalogpost	rotKatalogpost	existing-unreviewed		0
rootStart	rotStarta	rotStarta	existing-unreviewed		0
rt	rt	rt	existing-unreviewed		0
s	s	s	existing-unreviewed		0
sIfchr	sifchr	sifchr	existing-unreviewed		0
sIfdir	sifdir	sifdir	existing-unreviewed		0
sIfmt	sifmt	sifmt	existing-unreviewed		0
sIfreg	sifreg	sifreg	existing-unreviewed		0
sIfsock	sifsock	sifsock	existing-unreviewed		0
savedESP	sparadesp	sparadesp	existing-unreviewed		0
sc	sc	sc	existing-unreviewed		0
scanCode	sökavcode	sökavcode	existing-unreviewed		0
scanCodeToByte	sökavcodetobyte	sökavcodetobyte	existing-unreviewed		0
scancodeToByte	scancodetobyte	scancodetobyte	existing-unreviewed		0
sche	sche	sche	existing-unreviewed		0
sche_data	schedata	schedata	existing-unreviewed		0
scheduleStack	schedulestack	schedulestack	existing-unreviewed		0
scheduler	scheduler	scheduler	existing-unreviewed		0
schedulerDebug	schedulerAvlusa	schedulerAvlusa	existing-unreviewed		0
sectHeader	sectheader	sectheader	existing-unreviewed		0
sectHeaderSize	sectheaderStorlek	sectheaderStorlek	existing-unreviewed		0
sectName	sectNamn	sectNamn	existing-unreviewed		0
sectValue	sectVärde	sectVärde	existing-unreviewed		0
sector	sector	sector	existing-unreviewed		0
sectorCountPort	sectorAntalport	sectorAntalport	existing-unreviewed		0
sectorNum	sectorNummer	sectorNummer	existing-unreviewed		0
sectorOffset	sectorFörskjutning	sectorFörskjutning	existing-unreviewed		0
sectorPerTrack	sectorpertrack	sectorpertrack	existing-unreviewed		0
sectorsPerCluster	sectorspercluster	sectorspercluster	existing-unreviewed		0
seekCur	seekAktuell	seekAktuell	existing-unreviewed		0
seekEnd	seekSlut	seekSlut	existing-unreviewed		0
seekSet	seekmängd	seekmängd	existing-unreviewed		0
segmentNumber	segmentNummer	segmentNummer	existing-unreviewed		0
self	själv	själv	existing-unreviewed		0
self_uintptr	självuintptr	självuintptr	existing-unreviewed		0
sendBack	reply	reply	existing-unreviewed		0
sendBufferDescr	skickabufferBeskrivning	skickabufferBeskrivning	existing-unreviewed		0
sendBufferDescrAddress	skickabufferBeskrivningAdress	skickabufferBeskrivningAdress	existing-unreviewed		0
sendBuffers	skickabuffer	skickabuffer	existing-unreviewed		0
sendBuffersDescrMemory	skickabufferBeskrivningMinne	skickabufferBeskrivningMinne	existing-unreviewed		0
sendDataPointer	skickadataMuspekare	skickadataMuspekare	existing-unreviewed		0
sendDescriptor	skickadescriptor	skickadescriptor	existing-unreviewed		0
sendMouseCommand	skickaMusKommando	skickaMusKommando	existing-unreviewed		0
sequencerDataPort	sequencerdataport	sequencerdataport	existing-unreviewed		0
sequencerIndexPort	sequencerindexport	sequencerindexport	existing-unreviewed		0
serialLogByte	seriellLoggbyte	seriellLoggbyte	existing-unreviewed		0
serialReady	seriellRedo	seriellRedo	existing-unreviewed		0
setCR3	mängdcr3	mängdcr3	existing-unreviewed		0
setDS	mängdds	mängdds	existing-unreviewed		0
setGS	mängdgs	mängdgs	existing-unreviewed		0
setThreadExitLoopState	mängdthreadAvslutaSlingaTillstånd	mängdthreadAvslutaSlingaTillstånd	existing-unreviewed		0
setupExecStack	setupKörstack	setupKörstack	existing-unreviewed		0
sh	sh	sh	existing-unreviewed		0
sh_addr	shAdress	shAdress	existing-unreviewed		0
sh_addralign	shaddralign	shaddralign	existing-unreviewed		0
sh_entsize	shentsize	shentsize	existing-unreviewed		0
sh_flags	shFlaggor	shFlaggor	existing-unreviewed		0
sh_info	shInformation	shInformation	existing-unreviewed		0
sh_link	shLänk	shLänk	existing-unreviewed		0
sh_name	shNamn	shNamn	existing-unreviewed		0
sh_offset	shFörskjutning	shFörskjutning	existing-unreviewed		0
sh_size	shStorlek	shStorlek	existing-unreviewed		0
sh_type	shTyp	shTyp	existing-unreviewed		0
shift	skift	skift	existing-unreviewed		0
signature	signature	signature	existing-unreviewed		0
size	storlek	storlek	existing-unreviewed		0
sl	sl	sl	existing-unreviewed		0
sockDatagram	sockdatagram	sockdatagram	existing-unreviewed		0
socket	uttag	uttag	existing-unreviewed		0
socketAddress	uttagAdress	uttagAdress	existing-unreviewed		0
socketAddressIPv4	uttagAdressiNv4	uttagAdressiNv4	existing-unreviewed		0
socketBind	uttagbind	uttagbind	existing-unreviewed		0
socketCallArgument	uttagcallargument	uttagcallargument	existing-unreviewed		0
socketConnect	uttagAnslut	uttagAnslut	existing-unreviewed		0
socketForFD	uttagforfd	uttagforfd	existing-unreviewed		0
socketIndex	uttagindex	uttagindex	existing-unreviewed		0
socketPacket	uttagPAKET	uttagPAKET	existing-unreviewed		0
socketReceiveFrom	uttagreceivefrom	uttagreceivefrom	existing-unreviewed		0
socketSendTo	uttagSkickato	uttagSkickato	existing-unreviewed		0
socketType	uttagTyp	uttagTyp	existing-unreviewed		0
sockets	sockets	sockets	existing-unreviewed		0
softName	softNamn	softNamn	existing-unreviewed		0
source	källa	källa	existing-unreviewed		0
sourceAddress	källaAdress	källaAdress	existing-unreviewed		0
sourceLengthAddress	källaLängdAdress	källaLängdAdress	existing-unreviewed		0
src	källa_2	källa_2	existing-unreviewed		0
srcEntry	källapost	källapost	existing-unreviewed		0
srcIP	källaipAdress	källaipAdress	existing-unreviewed		0
srcIP_BE	källaipAdressNätverkbyteorder	källaipAdressNätverkbyteorder	existing-unreviewed		0
srcMAC	källamacAdress	källamacAdress	existing-unreviewed		0
srcMAC_BE	källamacbe	källamacbe	existing-unreviewed		0
srcPageDir	källaSidaKatalog	källaSidaKatalog	existing-unreviewed		0
srcPde	källapde	källapde	existing-unreviewed		0
srcPdeAddr	källapdeAdress	källapdeAdress	existing-unreviewed		0
srcPort	källaportNummer	källportnummer	project-proposal	source_port	9
srcPt	källapt	källapt	existing-unreviewed		0
srcptr	srcptr	srcptr	existing-unreviewed		0
ss	ss	ss	existing-unreviewed		0
ss0	ss0	ss0	existing-unreviewed		0
ss1	ss1	ss1	existing-unreviewed		0
ss2	ss2	ss2	existing-unreviewed		0
st	st	st	existing-unreviewed		0
st_info	stInformation	stInformation	existing-unreviewed		0
st_name	stNamn	stNamn	existing-unreviewed		0
st_other	stAnnan	stAnnan	existing-unreviewed		0
st_shndx	stshndx	stshndx	existing-unreviewed		0
st_size	stStorlek	stStorlek	existing-unreviewed		0
st_value	stVärde	stVärde	existing-unreviewed		0
stack	stack	stackminne	project-proposal	stack	18
stackBytes	stackByte	stackByte	existing-unreviewed		0
stackPtr	stackMuspekare	stackMuspekare	existing-unreviewed		0
stack_addr	stackAdress	stackAdress	existing-unreviewed		0
stackbottom	stackbottom	stackbottom	existing-unreviewed		0
stacktop	stacktop	stacktop	existing-unreviewed		0
start	starta	starta	existing-unreviewed		0
startOffset	startaFörskjutning	startaFörskjutning	existing-unreviewed		0
start_cylinder	startacylinder	startacylinder	existing-unreviewed		0
start_head	startahead	startahead	existing-unreviewed		0
start_sector	startasector	startasector	existing-unreviewed		0
startingBit	startingbit	startingbit	existing-unreviewed		0
stat	stat	stat	existing-unreviewed		0
statAddr	statAdress	statAdress	existing-unreviewed		0
status	status	status	existing-unreviewed		0
statusAddr	statusAdress	statusAdress	existing-unreviewed		0
stderrFD	stderrfd	stderrfd	existing-unreviewed		0
stdinBuffer	stdinbuffer	stdinbuffer	existing-unreviewed		0
stdinFD	stdinfd	stdinfd	existing-unreviewed		0
stdinGetBlocking	stdingetblocking	stdingetblocking	existing-unreviewed		0
stdinRead	stdinLäs	stdinLäs	existing-unreviewed		0
stdinWrite	stdinSkriv	stdinSkriv	existing-unreviewed		0
stdoutFD	stdoutfd	stdoutfd	existing-unreviewed		0
stoppedThread	stoppadthread	stoppadthread	existing-unreviewed		0
str	str	str	existing-unreviewed		0
stringAddress	strängAdress	strängAdress	existing-unreviewed		0
stringHeader	strängheader	strängheader	existing-unreviewed		0
strtab	strtab	strtab	existing-unreviewed		0
subclass_id	subclassid	subclassid	existing-unreviewed		0
subnetMask	subnetmask	subnetmask	existing-unreviewed		0
swapUint16	växlingsutrymmeunsignedinteger16	växlingsutrymmeunsignedinteger16	existing-unreviewed		0
switchForced	switchforced	switchforced	existing-unreviewed		0
sysAccess	sysÅtkomst	sysÅtkomst	existing-unreviewed		0
sysBrk	sysbrk	sysbrk	existing-unreviewed		0
sysCall	syscall	syscall	existing-unreviewed		0
sysChdir	syschdir	syschdir	existing-unreviewed		0
sysClose	sysStäng	sysStäng	existing-unreviewed		0
sysDup	sysdup	sysdup	existing-unreviewed		0
sysDup2	sysdup2	sysdup2	existing-unreviewed		0
sysExecve	sysexecve	sysexecve	existing-unreviewed		0
sysExit	sysAvsluta	sysAvsluta	existing-unreviewed		0
sysFcntl	sysfcntl	sysfcntl	existing-unreviewed		0
sysFork	sysfork	sysfork	existing-unreviewed		0
sysFstat	sysfstat	sysfstat	existing-unreviewed		0
sysFsync	sysfsync	sysfsync	existing-unreviewed		0
sysGetcwd	sysgetcwd	sysgetcwd	existing-unreviewed		0
sysLseek	syslseek	syslseek	existing-unreviewed		0
sysOpen	sysÖppna	sysÖppna	existing-unreviewed		0
sysRead	sysLäs	sysLäs	existing-unreviewed		0
sysSocketCall	sysUttagcall	sysUttagcall	existing-unreviewed		0
sysStat	sysstat	sysstat	existing-unreviewed		0
sysUname	sysuname	sysuname	existing-unreviewed		0
sysWaitpid	syswaitpid	syswaitpid	existing-unreviewed		0
sysWrite	sysSkriv	sysSkriv	existing-unreviewed		0
syscallError	syscallFel	syscallFel	existing-unreviewed		0
syscallID	syscallid	syscallid	existing-unreviewed		0
systemcall	systemcall	systemcall	existing-unreviewed		0
table	tabell	tabell	existing-unreviewed		0
tableSize	tabellStorlek	tabellStorlek	existing-unreviewed		0
tail	tail	tail	existing-unreviewed		0
task	aktivitet	aktivitet	existing-unreviewed		0
taskA	aktiviteta	aktiviteta	existing-unreviewed		0
taskB	aktivitetb	aktivitetb	existing-unreviewed		0
taskC	aktivitetc	aktivitetc	existing-unreviewed		0
taskD	aktivitetd	aktivitetd	existing-unreviewed		0
taskD0	aktivitetd0	aktivitetd0	existing-unreviewed		0
taskD1	aktivitetd1	aktivitetd1	existing-unreviewed		0
taskManager	aktivitetmanager	aktivitetmanager	existing-unreviewed		0
tasks	uppgifter	uppgifter	existing-unreviewed		0
temp	temporary	temporary	existing-unreviewed		0
terminated	terminated	terminated	existing-unreviewed		0
text	text	text	existing-unreviewed		0
textPtr	textMuspekare	textMuspekare	existing-unreviewed		0
text_len	textlen	textlen	existing-unreviewed		0
text_mode_check_fb_move	textLÄGEcheckfbFlytta	textLÄGEcheckfbFlytta	existing-unreviewed		0
text_mode_disable_cursor	textLÄGEAvaktiveraMarkör	textLÄGEAvaktiveraMarkör	existing-unreviewed		0
text_mode_enable_cursor	textLÄGEAktiveraMarkör	textLÄGEAktiveraMarkör	existing-unreviewed		0
text_mode_error_writer	textLÄGEFelwriter	textLÄGEFelwriter	existing-unreviewed		0
text_mode_flush_screen	textLÄGEflushSkärm	textLÄGEflushSkärm	existing-unreviewed		0
text_mode_init	textLÄGEinit	textLÄGEinit	existing-unreviewed		0
text_mode_print	textLÄGESkrivut	textLÄGESkrivut	existing-unreviewed		0
text_mode_print_bytes	textLÄGESkrivutByte	textLÄGESkrivutByte	existing-unreviewed		0
text_mode_print_char	textLÄGESkrivutchar	textLÄGESkrivutchar	existing-unreviewed		0
text_mode_print_char_col	textLÄGESkrivutcharcol	textLÄGESkrivutcharcol	existing-unreviewed		0
text_mode_print_col	textLÄGESkrivutcol	textLÄGESkrivutcol	existing-unreviewed		0
text_mode_print_error	textLÄGESkrivutFel	textLÄGESkrivutFel	existing-unreviewed		0
text_mode_print_error_bytes	textLÄGESkrivutFelByte	textLÄGESkrivutFelByte	existing-unreviewed		0
text_mode_print_errorln	textLÄGESkrivuterrorln	textLÄGESkrivuterrorln	existing-unreviewed		0
text_mode_print_hex	textLÄGESkrivutHexadecimalt	textLÄGESkrivutHexadecimalt	existing-unreviewed		0
text_mode_print_hex16	textLÄGESkrivutHexadecimalt16	textLÄGESkrivutHexadecimalt16	existing-unreviewed		0
text_mode_print_hex32	textLÄGESkrivutHexadecimalt32	textLÄGESkrivutHexadecimalt32	existing-unreviewed		0
text_mode_print_hex64	textLÄGESkrivutHexadecimalt64	textLÄGESkrivutHexadecimalt64	existing-unreviewed		0
text_mode_print_hex_char	textLÄGESkrivutHexadecimaltchar	textLÄGESkrivutHexadecimaltchar	existing-unreviewed		0
text_mode_println	textLÄGEprintln	textLÄGEprintln	existing-unreviewed		0
text_mode_println_col	textLÄGEprintlncol	textLÄGEprintlncol	existing-unreviewed		0
text_mode_update_cursor	textLÄGEUppdateraMarkör	textLÄGEUppdateraMarkör	existing-unreviewed		0
text_mode_writer	textLÄGEwriter	textLÄGEwriter	existing-unreviewed		0
thr2	thr2	thr2	existing-unreviewed		0
thr3	thr3	thr3	existing-unreviewed		0
thr4	thr4	thr4	existing-unreviewed		0
thread	thread	thread	existing-unreviewed		0
threadExitLoop	threadAvslutaSlinga	threadAvslutaSlinga	existing-unreviewed		0
threadHelper	threadhelper	threadhelper	existing-unreviewed		0
threadPtr	threadMuspekare	threadMuspekare	existing-unreviewed		0
tickCount	tickAntal	tickAntal	existing-unreviewed		0
timeDelta	tiddelta	tiddelta	existing-unreviewed		0
timeToLive	tidtolive	tidtolive	existing-unreviewed		0
timer	tidtagare	tidtagare	existing-unreviewed		0
tls	tls	tls	existing-unreviewed		0
tmp	tmp	tmp	existing-unreviewed		0
tmpPtr	tmpMuspekare	tmpMuspekare	existing-unreviewed		0
tos	tos	tos	existing-unreviewed		0
totalLength	totaltLängd	totaltLängd	existing-unreviewed		0
totalSectorCount	totaltsectorAntal	totaltsectorAntal	existing-unreviewed		0
totalSectors	totaltsectors	totaltsectors	existing-unreviewed		0
trap	trap	trap	existing-unreviewed		0
tss	tss	tss	existing-unreviewed		0
tssIndex	tssindex	tssindex	existing-unreviewed		0
udp	udp	användardatagramprotokoll	project-proposal	udp	1
udpHandler	udphandler	udphandler	existing-unreviewed		0
udpHeaderSize	udpheaderStorlek	udpheaderStorlek	existing-unreviewed		0
udpProvider	udpprovider	udpprovider	existing-unreviewed		0
udp콘솔	udpKonsol	udpKonsol	existing-unreviewed		0
unused	oanvänt	oanvänt	existing-unreviewed		0
used	använt	använt	existing-unreviewed		0
usedBlocks	använtblock	använtblock	existing-unreviewed		0
user1addr	användare1Adress	användare1Adress	existing-unreviewed		0
user1data	användare1data	användare1data	existing-unreviewed		0
user1entry	användare1post	användare1post	existing-unreviewed		0
user1file	användare1Arkiv	användare1Arkiv	existing-unreviewed		0
user2addr	användare2Adress	användare2Adress	existing-unreviewed		0
user2data	användare2data	användare2data	existing-unreviewed		0
user2entry	användare2post	användare2post	existing-unreviewed		0
user2file	användare2Arkiv	användare2Arkiv	existing-unreviewed		0
user3addr	användare3Adress	användare3Adress	existing-unreviewed		0
user3data	användare3data	användare3data	existing-unreviewed		0
user3entry	användare3post	användare3post	existing-unreviewed		0
user3file	användare3Arkiv	användare3Arkiv	existing-unreviewed		0
userHeapBase	användareheapbase	användareheapbase	existing-unreviewed		0
userHeapLimit	användareheapGräns	användareheapGräns	existing-unreviewed		0
user_esp	användareesp	användareesp	existing-unreviewed		0
userhandler	userhandler	userhandler	existing-unreviewed		0
userproc_entry	userprocpost	userprocpost	existing-unreviewed		0
util	util	util	existing-unreviewed		0
util콘솔	utilKonsol	utilKonsol	existing-unreviewed		0
v	v	v	existing-unreviewed		0
vAddr	vAdress	vAdress	existing-unreviewed		0
value	värde	värde	existing-unreviewed		0
values	värden	värden	existing-unreviewed		0
version	version	version	existing-unreviewed		0
vga	vga	vga	existing-unreviewed		0
virtlen	virtlen	virtlen	existing-unreviewed		0
virtmem	virtuellMinne	virtuellMinne	existing-unreviewed		0
virtualAddr	virtuellAdress	virtuellAdress	existing-unreviewed		0
volumeId	volymid	volymid	existing-unreviewed		0
volumeLabel	volymetikett	volymetikett	existing-unreviewed		0
w	w	w	existing-unreviewed		0
wDate	wDatum	wDatum	existing-unreviewed		0
wTime	wTid	wTid	existing-unreviewed		0
waitPS2InputEmpty	väntaps2InmatningTom	väntaps2InmatningTom	existing-unreviewed		0
waitPS2OutputFull	väntaps2UtmatningFullständig	väntaps2UtmatningFullständig	existing-unreviewed		0
wdata	wdata	wdata	existing-unreviewed		0
whence	whence	whence	existing-unreviewed		0
widget	widget	skärmelement	project-proposal	widget	6
width	bredd	bredd	existing-unreviewed		0
writePS2Command	skrivps2Kommando	skrivps2Kommando	existing-unreviewed		0
writePS2Data	skrivps2data	skrivps2data	existing-unreviewed		0
write_count	skrivAntal	skrivAntal	existing-unreviewed		0
x	x	x	existing-unreviewed		0
xPageDir	xSidaKatalog	xSidaKatalog	existing-unreviewed		0
xPos	xposition	xposition	existing-unreviewed		0
y	y	y	existing-unreviewed		0
yPageDir	ySidaKatalog	ySidaKatalog	existing-unreviewed		0
yPos	yposition	yposition	existing-unreviewed		0
값	värde_2	värde_2	existing-unreviewed		0
공용서술자테이블	shareddescriptorTabell	shareddescriptorTabell	existing-unreviewed		0
기준	base_2	base_2	existing-unreviewed		0
기준_낮은	baseLåg_2	baseLåg_2	existing-unreviewed		0
기준_높은	baseHög_2	baseHög_2	existing-unreviewed		0
기준_매우높은	baseveryHög	baseveryHög	existing-unreviewed		0
기준주소	baseAdress	baseAdress	existing-unreviewed		0
넷카드콘솔	nätverkKortspelKonsol	nätverkKortspelKonsol	existing-unreviewed		0
단말기	terminal	terminal	existing-unreviewed		0
마우스콘솔	musKonsol	musKonsol	existing-unreviewed		0
매개값	argumentVärde	argumentVärde	existing-unreviewed		0
멈추기	halt	halt	existing-unreviewed		0
목적	mål_3	mål_3	existing-unreviewed		0
유형	typ	typ	existing-unreviewed		0
이더넷콘솔	ethernetKonsol	ethernetKonsol	existing-unreviewed		0
인터럽트무시하기	avbrottignore	avbrottignore	existing-unreviewed		0
인터럽트예외처리기	avbrottexceptionhandler	avbrottexceptionhandler	existing-unreviewed		0
인터럽트예외처리기0x00	avbrottexceptionhandler0x00	avbrottexceptionhandler0x00	existing-unreviewed		0
인터럽트예외처리기0x01	avbrottexceptionhandler0x01	avbrottexceptionhandler0x01	existing-unreviewed		0
인터럽트예외처리기0x02	avbrottexceptionhandler0x02	avbrottexceptionhandler0x02	existing-unreviewed		0
인터럽트예외처리기0x03	avbrottexceptionhandler0x03	avbrottexceptionhandler0x03	existing-unreviewed		0
인터럽트예외처리기0x04	avbrottexceptionhandler0x04	avbrottexceptionhandler0x04	existing-unreviewed		0
인터럽트예외처리기0x05	avbrottexceptionhandler0x05	avbrottexceptionhandler0x05	existing-unreviewed		0
인터럽트예외처리기0x06	avbrottexceptionhandler0x06	avbrottexceptionhandler0x06	existing-unreviewed		0
인터럽트예외처리기0x07	avbrottexceptionhandler0x07	avbrottexceptionhandler0x07	existing-unreviewed		0
인터럽트예외처리기0x08	avbrottexceptionhandler0x08	avbrottexceptionhandler0x08	existing-unreviewed		0
인터럽트예외처리기0x09	avbrottexceptionhandler0x09	avbrottexceptionhandler0x09	existing-unreviewed		0
인터럽트예외처리기0x0A	avbrottexceptionhandler0x0a	avbrottexceptionhandler0x0a	existing-unreviewed		0
인터럽트예외처리기0x0B	avbrottexceptionhandler0x0b	avbrottexceptionhandler0x0b	existing-unreviewed		0
인터럽트예외처리기0x0C	avbrottexceptionhandler0x0c	avbrottexceptionhandler0x0c	existing-unreviewed		0
인터럽트예외처리기0x0D	avbrottexceptionhandler0x0d	avbrottexceptionhandler0x0d	existing-unreviewed		0
인터럽트예외처리기0x0E	avbrottexceptionhandler0x0e	avbrottexceptionhandler0x0e	existing-unreviewed		0
인터럽트예외처리기0x0F	avbrottexceptionhandler0x0f	avbrottexceptionhandler0x0f	existing-unreviewed		0
인터럽트예외처리기0x10	avbrottexceptionhandler0x10	avbrottexceptionhandler0x10	existing-unreviewed		0
인터럽트예외처리기0x11	avbrottexceptionhandler0x11	avbrottexceptionhandler0x11	existing-unreviewed		0
인터럽트예외처리기0x12	avbrottexceptionhandler0x12	avbrottexceptionhandler0x12	existing-unreviewed		0
인터럽트예외처리기0x13	avbrottexceptionhandler0x13	avbrottexceptionhandler0x13	existing-unreviewed		0
인터럽트요청처리0x00	avbrottrequesthandler0x00	avbrottrequesthandler0x00	existing-unreviewed		0
인터럽트요청처리0x01	avbrottrequesthandler0x01	avbrottrequesthandler0x01	existing-unreviewed		0
인터럽트요청처리0x02	avbrottrequesthandler0x02	avbrottrequesthandler0x02	existing-unreviewed		0
인터럽트요청처리0x03	avbrottrequesthandler0x03	avbrottrequesthandler0x03	existing-unreviewed		0
인터럽트요청처리0x04	avbrottrequesthandler0x04	avbrottrequesthandler0x04	existing-unreviewed		0
인터럽트요청처리0x05	avbrottrequesthandler0x05	avbrottrequesthandler0x05	existing-unreviewed		0
인터럽트요청처리0x06	avbrottrequesthandler0x06	avbrottrequesthandler0x06	existing-unreviewed		0
인터럽트요청처리0x07	avbrottrequesthandler0x07	avbrottrequesthandler0x07	existing-unreviewed		0
인터럽트요청처리0x08	avbrottrequesthandler0x08	avbrottrequesthandler0x08	existing-unreviewed		0
인터럽트요청처리0x09	avbrottrequesthandler0x09	avbrottrequesthandler0x09	existing-unreviewed		0
인터럽트요청처리0x0A	avbrottrequesthandler0x0a	avbrottrequesthandler0x0a	existing-unreviewed		0
인터럽트요청처리0x0B	avbrottrequesthandler0x0b	avbrottrequesthandler0x0b	existing-unreviewed		0
인터럽트요청처리0x0C	avbrottrequesthandler0x0c	avbrottrequesthandler0x0c	existing-unreviewed		0
인터럽트요청처리0x0D	avbrottrequesthandler0x0d	avbrottrequesthandler0x0d	existing-unreviewed		0
인터럽트요청처리0x0E	avbrottrequesthandler0x0e	avbrottrequesthandler0x0e	existing-unreviewed		0
인터럽트요청처리0x0F	avbrottrequesthandler0x0f	avbrottrequesthandler0x0f	existing-unreviewed		0
인터럽트요청처리0x80	avbrottrequesthandler0x80	avbrottrequesthandler0x80	existing-unreviewed		0
인터럽트요청처리0x81	avbrottrequesthandler0x81	avbrottrequesthandler0x81	existing-unreviewed		0
인터럽트요청처리0x82	avbrottrequesthandler0x82	avbrottrequesthandler0x82	existing-unreviewed		0
인터럽트처리기	avbrotthandler_2	avbrotthandler_2	existing-unreviewed		0
임시	temporary_2	temporary_2	existing-unreviewed		0
자료	data_2	data_2	existing-unreviewed		0
자신	själv_2	själv_2	existing-unreviewed		0
작업관리자	aktivitetmanager_2	aktivitetmanager_2	existing-unreviewed		0
작업콘솔	aktivitetKonsol	aktivitetKonsol	existing-unreviewed		0
조각설명자	segmentdescriptor	segmentdescriptor	existing-unreviewed		0
콘솔	konsol_2	konsol_2	existing-unreviewed		0
크기	storlek_2	storlek_2	existing-unreviewed		0
키보드콘솔	tangentbordKonsol	tangentbordKonsol	existing-unreviewed		0
표시들	flaggor_2	flaggor_2	existing-unreviewed		0
표시들_한도_높은	flaggorGränsHög	flaggorGränsHög	existing-unreviewed		0
한도	gräns_2	gräns_2	existing-unreviewed		0
한도_낮은	gränsLåg_2	gränsLåg_2	existing-unreviewed		0
