original	before	after	review_status	concept	changed_tokens
Activate	Virkja	Virkja	existing-unreviewed		0
ActivateAll	VirkjaAllt	VirkjaAllt	existing-unreviewed		0
Active	Virkt	Virkt	existing-unreviewed		0
ActiveInterruptManager	Virktinterruptmanager	Virktinterruptmanager	existing-unreviewed		0
ActiveMemoryManager	VirktMinnimanager	VirktMinnimanager	existing-unreviewed		0
Add	Bætavið	Bætavið	existing-unreviewed		0
AddDriver	Bætaviðdriver	Bætaviðdriver	existing-unreviewed		0
AddRunnableThread	Bætaviðrunnablethread	Bætaviðrunnablethread	existing-unreviewed		0
AddTask	BætaviðVerk	BætaviðVerk	existing-unreviewed		0
AddThread	Bætaviðthread	Bætaviðthread	existing-unreviewed		0
Address	Address	Address	existing-unreviewed		0
AlignedMalloc	Alignedmalloc	Alignedmalloc	existing-unreviewed		0
AlignmentCheck	Alignmentcheck	Alignmentcheck	existing-unreviewed		0
AllocateBlock	AllocateBlokk	AllocateBlokk	existing-unreviewed		0
AllocatePID	Allocatepid	Allocatepid	existing-unreviewed		0
AmountOfMemory	UpphæðafMinni	UpphæðafMinni	existing-unreviewed		0
ArrayToUint16	Fylkitounsignedinteger16	Fylkitounsignedinteger16	existing-unreviewed		0
ArrayToUint32	Fylkitounsignedinteger32	Fylkitounsignedinteger32	existing-unreviewed		0
ArrayToUint48	Fylkitounsignedinteger48	Fylkitounsignedinteger48	existing-unreviewed		0
ArrayToUint48_BE	Fylkitounsignedinteger48be	Fylkitounsignedinteger48be	existing-unreviewed		0
ArrayToUint64	Fylkitounsignedinteger64	Fylkitounsignedinteger64	existing-unreviewed		0
Atime	Atime	Atime	existing-unreviewed		0
AtimeNsec	Atimensec	Atimensec	existing-unreviewed		0
BLOCKS_PER_BYTE	Blokkperbyte	Blokkperbyte	existing-unreviewed		0
BLOCK_SIZE	BlokkStærð	BlokkStærð	existing-unreviewed		0
Backend	Backend	Backend	existing-unreviewed		0
BaseAddr	Baseaddress	Baseaddress	existing-unreviewed		0
Bind	Bind	Bind	existing-unreviewed		0
Blksize	Blksize	Blksize	existing-unreviewed		0
Blocked	Blocked	Blocked	existing-unreviewed		0
BlockedState	BlockedStaða	BlockedStaða	existing-unreviewed		0
Blocks	Blokk	Blokk	existing-unreviewed		0
BoundRangeExceeded	BoundSviðexceeded	BoundSviðexceeded	existing-unreviewed		0
BroadcastMacAddress	Broadcastmacaddress	Broadcastmacaddress	existing-unreviewed		0
BytesPerSector	Bætipersector	Bætipersector	existing-unreviewed		0
BytesToString	BætitoStrengur	BætitoStrengur	existing-unreviewed		0
Checksum	Checksum	Checksum	existing-unreviewed		0
Clear	Hreinsa	Hreinsa	existing-unreviewed		0
Clone	Clone	Clone	existing-unreviewed		0
CloneAddressSpaceCOW	CloneaddressBilslácow	CloneaddressBilslácow	existing-unreviewed		0
Connect	Tengjast	Tengjast	existing-unreviewed		0
ContainsCoordinate	Containscoordinate	Containscoordinate	existing-unreviewed		0
CopyPageFrameBlock	AfritasíðaRammiBlokk	AfritasíðaRammiBlokk	existing-unreviewed		0
CpuState	CpuStaða	CpuStaða	existing-unreviewed		0
Create	Create	Create	existing-unreviewed		0
CreateFromData	Createfromdata	Createfromdata	existing-unreviewed		0
CreateFromFunction	CreatefromAðgerð	CreatefromAðgerð	existing-unreviewed		0
CreatePtrFromFunction	CreateBendillfromAðgerð	CreateBendillfromAðgerð	existing-unreviewed		0
Cs	Cs	Cs	existing-unreviewed		0
Ctime	Ctime	Ctime	existing-unreviewed		0
CtimeNsec	Ctimensec	Ctimensec	existing-unreviewed		0
CurrentPID	Núverandipid	Núverandipid	existing-unreviewed		0
CurrentParentPID	Núverandiforeldripid	Núverandiforeldripid	existing-unreviewed		0
Data	Data	Data	compatibility		0
Deactivate	Afvirkja	Afvirkja	existing-unreviewed		0
Deactive	Deactive	Deactive	existing-unreviewed		0
Decrement	Decrement	Decrement	existing-unreviewed		0
Delete	Eyða	Eyða	existing-unreviewed		0
DescriptorPrivilegeLevel	Descriptorprivilegelevel	Descriptorprivilegelevel	existing-unreviewed		0
DescriptorType	DescriptorTegund	DescriptorTegund	existing-unreviewed		0
Destroy	Eyðileggja	Eyðileggja	existing-unreviewed		0
Dev	Tæki	Tæki	existing-unreviewed		0
DeviceHasFunctions	TækihasAðgerðir	TækihasAðgerðir	existing-unreviewed		0
DeviceNotAvailable	Tækinotavailable	Tækinotavailable	existing-unreviewed		0
Device_id	TækiAuðkenni	TækiAuðkenni	existing-unreviewed		0
DisableInt	Afvirkjaint	Afvirkjaint	existing-unreviewed		0
Disconnect	Aftengjast	Aftengjast	existing-unreviewed		0
DivideByZero	Dividebyzero	Dividebyzero	existing-unreviewed		0
DoHandleInterrupt	DoHaldfanginterrupt	DoHaldfanginterrupt	existing-unreviewed		0
DoubleFault	Tvöfaldfault	Tvöfaldfault	existing-unreviewed		0
Draw	Draw	Draw	existing-unreviewed		0
DriverManager	Drivermanager	Drivermanager	existing-unreviewed		0
Ds	Ds	Ds	existing-unreviewed		0
Dynamic	Breytilegt	Breytilegt	existing-unreviewed		0
E2BIG	E2big	E2big	existing-unreviewed		0
EACCES	Eacces	Eacces	existing-unreviewed		0
EADDRINUSE	Eaddrinuse	Eaddrinuse	existing-unreviewed		0
EAFNOSUPPORT	Eafnosupport	Eafnosupport	existing-unreviewed		0
EAGAIN	Eagain	Eagain	existing-unreviewed		0
EBADF	Ebadf	Ebadf	existing-unreviewed		0
EBUSY	Ebusy	Ebusy	existing-unreviewed		0
ECHILD	Echild	Echild	existing-unreviewed		0
EEXIST	Eexist	Eexist	existing-unreviewed		0
EFAULT	Efault	Efault	existing-unreviewed		0
EFBIG	Efbig	Efbig	existing-unreviewed		0
EINTR	Eintr	Eintr	existing-unreviewed		0
EINVAL	Einval	Einval	existing-unreviewed		0
EIO	Eio	Eio	existing-unreviewed		0
EISDIR	Eisdir	Eisdir	existing-unreviewed		0
EMFILE	Emfile	Emfile	existing-unreviewed		0
EMSGSIZE	Emsgsize	Emsgsize	existing-unreviewed		0
ENETUNREACH	Enetunreach	Enetunreach	existing-unreviewed		0
ENFILE	Enfile	Enfile	existing-unreviewed		0
ENODEV	Enodev	Enodev	existing-unreviewed		0
ENOENT	Enoent	Enoent	existing-unreviewed		0
ENOEXEC	Enoexec	Enoexec	existing-unreviewed		0
ENOMEM	Enomem	Enomem	existing-unreviewed		0
ENOSPC	Enospc	Enospc	existing-unreviewed		0
ENOSYS	Enosys	Enosys	existing-unreviewed		0
ENOTCONN	Enotconn	Enotconn	existing-unreviewed		0
ENOTDIR	Enotdir	Enotdir	existing-unreviewed		0
ENOTTY	Enotty	Enotty	existing-unreviewed		0
EOPNOTSUPP	Eopnotsupp	Eopnotsupp	existing-unreviewed		0
EPERM	Eperm	Eperm	existing-unreviewed		0
EPROTONOSUPPORT	Eprotonosupport	Eprotonosupport	existing-unreviewed		0
ERANGE	Erange	Erange	existing-unreviewed		0
EROFS	Erofs	Erofs	existing-unreviewed		0
ESPIPE	Espipe	Espipe	existing-unreviewed		0
ESRCH	Esrch	Esrch	existing-unreviewed		0
Eax	Eax	Eax	existing-unreviewed		0
Ebp	Ebp	Ebp	existing-unreviewed		0
Ebx	Ebx	Ebx	existing-unreviewed		0
Ecx	Ecx	Ecx	existing-unreviewed		0
Edi	Edi	Edi	existing-unreviewed		0
Edx	Edx	Edx	existing-unreviewed		0
Eflags	Eflags	Eflags	existing-unreviewed		0
Eip	Eip	Eip	existing-unreviewed		0
Elf	Elf	Elf	existing-unreviewed		0
Elf32Dyn	Elf32dyn	Elf32dyn	existing-unreviewed		0
Elf32Note	Elf32Glósa	Elf32Glósa	existing-unreviewed		0
Elf32Rel	Elf32rel	Elf32rel	existing-unreviewed		0
Elf32Rela	Elf32rela	Elf32rela	existing-unreviewed		0
Elf32Sym	Elf32sym	Elf32sym	existing-unreviewed		0
ElfHeader	Elfheader	Elfheader	existing-unreviewed		0
ElfProgramHeader	Elfforritheader	Elfforritheader	existing-unreviewed		0
ElfSectionHeader	Elfsectionheader	Elfsectionheader	existing-unreviewed		0
EnablePaging	Enablepaging	Enablepaging	existing-unreviewed		0
Enabled	Virkjað	Virkjað	existing-unreviewed		0
EntryNumber	Entrynumber	Entrynumber	existing-unreviewed		0
EqualBytes	EqualBæti	EqualBæti	existing-unreviewed		0
Es	Es	Es	existing-unreviewed		0
Esi	Esi	Esi	existing-unreviewed		0
Esp	Esp	Esp	existing-unreviewed		0
FPUBuffer	Fpubuffer	Fpubuffer	existing-unreviewed		0
FPUOffset	Fpuoffset	Fpuoffset	existing-unreviewed		0
Family	Family	Family	existing-unreviewed		0
FileName	SkráHeiti	SkráHeiti	existing-unreviewed		0
Fill	Fill	Fill	existing-unreviewed		0
FillRectangle	Fillrectangle	Fillrectangle	existing-unreviewed		0
First	First	First	existing-unreviewed		0
FirstFree	Firstlaust	Firstlaust	existing-unreviewed		0
FirstFreeSize	FirstlaustStærð	FirstlaustStærð	existing-unreviewed		0
Flags	Flags	Flags	existing-unreviewed		0
FloatingPointException	Floatingpointexception	Floatingpointexception	existing-unreviewed		0
Flush	Flush	Flush	existing-unreviewed		0
FlushTlsTable	FlushtlsTafla	FlushtlsTafla	existing-unreviewed		0
Focussable	Focussable	Focussable	existing-unreviewed		0
Free	Laust	Laust	existing-unreviewed		0
Fs	Fs	Fs	existing-unreviewed		0
GB	Gb	Gb	existing-unreviewed		0
GDT_ENTRIES	Gdtentry	Gdtentry	existing-unreviewed		0
GOT	Got	Got	existing-unreviewed		0
GPFException	Gpfexception	Gpfexception	existing-unreviewed		0
GatewayIP	Gatewayip	Gatewayip	existing-unreviewed		0
GdtAddressHigh	GdtaddressHátt	GdtaddressHátt	existing-unreviewed		0
GdtAddressLow	GdtaddressLágt	GdtaddressLágt	existing-unreviewed		0
GdtDescriptor	Gdtdescriptor	Gdtdescriptor	existing-unreviewed		0
GdtEntry	Gdtentry_2	Gdtentry_2	existing-unreviewed		0
GdtSize	GdtStærð	GdtStærð	existing-unreviewed		0
GetAt	Getat	Getat	existing-unreviewed		0
GetBackend	Getbackend	Getbackend	existing-unreviewed		0
GetBaseAddressRegister	Getbaseaddressregister	Getbaseaddressregister	existing-unreviewed		0
GetBitmaspSize	GetbitmaspStærð	GetbitmaspStærð	existing-unreviewed		0
GetBytesFromPtr	GetBætifromBendill	GetBætifromBendill	existing-unreviewed		0
GetCR0	Getcr0	Getcr0	existing-unreviewed		0
GetCR2	Getcr2	Getcr2	existing-unreviewed		0
GetCR3	Getcr3	Getcr3	existing-unreviewed		0
GetCR4	Getcr4	Getcr4	existing-unreviewed		0
GetColorIndex	GetLiturindex	GetLiturindex	existing-unreviewed		0
GetDeviceDescriptor	GetTækidescriptor	GetTækidescriptor	existing-unreviewed		0
GetDriver	Getdriver	Getdriver	existing-unreviewed		0
GetESP0	Getesp0	Getesp0	existing-unreviewed		0
GetEntry	Getentry	Getentry	existing-unreviewed		0
GetFileSize	GetSkráStærð	GetSkráStærð	existing-unreviewed		0
GetFocus	GetVirkni	GetVirkni	existing-unreviewed		0
GetFrameBufferSegment	GetRammibuffersegment	GetRammibuffersegment	existing-unreviewed		0
GetFuncPtrFromPtr	GetfuncBendillfromBendill	GetfuncBendillfromBendill	existing-unreviewed		0
GetFunctionName	GetAðgerðHeiti	GetAðgerðHeiti	existing-unreviewed		0
GetHandler	Gethandler	Gethandler	existing-unreviewed		0
GetIPAddress	Getipaddress	Getipaddress	existing-unreviewed		0
GetMACAddress	Getmacaddress	Getmacaddress	existing-unreviewed		0
GetMACFromCache	Getmacfromcache	Getmacfromcache	existing-unreviewed		0
GetNextReadyThread	GetNæstaTilbúiðthread	GetNæstaTilbúiðthread	existing-unreviewed		0
GetNodeAt	GetHnúturat	GetHnúturat	existing-unreviewed		0
GetProvider	Providerget	Providerget	existing-unreviewed		0
GetSS0	Getss0	Getss0	existing-unreviewed		0
GetStr	Getstr	Getstr	existing-unreviewed		0
GetUint32ArrayFromPtr	Getunsignedinteger32FylkifromBendill	Getunsignedinteger32FylkifromBendill	existing-unreviewed		0
GetUintptrArrayFromPtr	GetunsignedintegerBendillFylkifromBendill	GetunsignedintegerBendillFylkifromBendill	existing-unreviewed		0
GetValue	GetGildi	GetGildi	existing-unreviewed		0
GetValueInPageDir	GetGildiInnsíðamappa	GetGildiInnsíðamappa	existing-unreviewed		0
Gid	Gid	Gid	existing-unreviewed		0
Gs	Gs	Gs	existing-unreviewed		0
HandleException	Haldfangexception	Haldfangexception	existing-unreviewed		0
HandleFatalInterruptFrame	HaldfangfatalinterruptRammi	HaldfangfatalinterruptRammi	existing-unreviewed		0
HandleInterrupt	Haldfanginterrupt	Haldfanginterrupt	existing-unreviewed		0
HandleInterrupt1	Haldfanginterrupt1	Haldfanginterrupt1	existing-unreviewed		0
HandleUserDatagramProtocolMessage	HaldfangNotandidatagramprotocolSKILABOÐ	HaldfangNotandidatagramprotocolSKILABOÐ	existing-unreviewed		0
IDT_DESC_PRESENT	Idtdescriptorpresent	Idtdescriptorpresent	existing-unreviewed		0
IDT_INTERRUPT_GATE	Idtinterruptgate	Idtinterruptgate	existing-unreviewed		0
IDriver	IDriver	IDriver	existing-unreviewed		0
IEtherFrameHandler	IEthernetRammihandler	IEthernetRammihandler	existing-unreviewed		0
IInternetProtocolHandler	IInternetiðprotocolhandler	IInternetiðprotocolhandler	existing-unreviewed		0
IInterruptHandler	IInterrupthandler	IInterrupthandler	existing-unreviewed		0
IKeyboardEventHandler	ILyklaborðeventhandler	ILyklaborðeventhandler	existing-unreviewed		0
IMouseEventHandler	IMúseventhandler	IMúseventhandler	existing-unreviewed		0
IPCIControllerHandler	Ipcicontrollerhandler	Ipcicontrollerhandler	existing-unreviewed		0
IPCache	Ipcache	Ipcache	existing-unreviewed		0
IP_BE	IpNetkerfibyteorder	IpNetkerfibyteorder	existing-unreviewed		0
IRawDataHandler	IRawdatahandler	IRawdatahandler	existing-unreviewed		0
ITimerEventHandler	INiðurtalningeventhandler	INiðurtalningeventhandler	existing-unreviewed		0
IUserDatagramProtocolHandler	INotandidatagramprotocolhandler	INotandidatagramprotocolhandler	existing-unreviewed		0
IUserDatagramProtocolSocket	INotandidatagramprotocolSökkull	INotandidatagramprotocolSökkull	existing-unreviewed		0
IWidget	IViðmótshlutiwidget	IViðmótshlutiwidget	pending-language-review	widget	0
Identify	Identify	Identify	existing-unreviewed		0
Increment	Increment	Increment	existing-unreviewed		0
IndexOf	Indexaf	Indexaf	existing-unreviewed		0
Init	Init	Init	existing-unreviewed		0
InitDriver	Initdriver	Initdriver	existing-unreviewed		0
InitialThreadUserJump	InitialthreadNotandijump	InitialthreadNotandijump	existing-unreviewed		0
Ino	Ino	Ino	existing-unreviewed		0
Install	Setjaupp	Setjaupp	existing-unreviewed		0
Interrupt	Interrupt	Interrupt	existing-unreviewed		0
InterruptActive	InterruptVirkt	InterruptVirkt	existing-unreviewed		0
InterruptDeactive	Interruptdeactive	Interruptdeactive	existing-unreviewed		0
InterruptManager	Interruptmanager	Interruptmanager	existing-unreviewed		0
InterruptNumber	Interruptnumber	Interruptnumber	existing-unreviewed		0
InvalidOpcode	Ógiltopcode	Ógiltopcode	existing-unreviewed		0
InvalidTSS	Ógilttss	Ógilttss	existing-unreviewed		0
IsKernel	Iskernel	Iskernel	existing-unreviewed		0
IsPresent	Ispresent	Ispresent	existing-unreviewed		0
IsUserSpace	IsNotandiBilslá	IsNotandiBilslá	existing-unreviewed		0
KB	Kb	Kb	existing-unreviewed		0
KCS_INDEX	Kcsindex	Kcsindex	existing-unreviewed		0
KCS_SELECTOR	Kcsselector	Kcsselector	existing-unreviewed		0
KDS_INDEX	Kdsindex	Kdsindex	existing-unreviewed		0
KDS_SELECTOR	Kdsselector	Kdsselector	existing-unreviewed		0
KERNEL_HEAP_START	KernelheapRæsa	KernelheapRæsa	existing-unreviewed		0
KERNEL_VIRT_ADDR	Kernelvirtaddress	Kernelvirtaddress	existing-unreviewed		0
KGS_INDEX	Kgsindex	Kgsindex	existing-unreviewed		0
KGS_SELECTOR	Kgsselector	Kgsselector	existing-unreviewed		0
K핵심	KKernelEntry	KKernelEntry	compatibility		0
LIDT	Lidt	Lidt	existing-unreviewed		0
Last	Síðasta	Síðasta	existing-unreviewed		0
Len	Len	Len	compatibility		0
Limit	Limit	Limit	existing-unreviewed		0
Link	Tengill	Tengill	existing-unreviewed		0
LinkMap	Tengillmap	Tengillmap	existing-unreviewed		0
LinkedList	LinkedListi	LinkedListi	existing-unreviewed		0
Listen	Listen	Listen	existing-unreviewed		0
LoadElf	Álagelf	Álagelf	existing-unreviewed		0
MAC	Mac	Mac	existing-unreviewed		0
MAC0	Mac0	Mac0	existing-unreviewed		0
MAC1	Mac1	Mac1	existing-unreviewed		0
MAC2	Mac2	Mac2	existing-unreviewed		0
MAC3	Mac3	Mac3	existing-unreviewed		0
MAC4	Mac4	Mac4	existing-unreviewed		0
MAC5	Mac5	Mac5	existing-unreviewed		0
MACAddress0Port	Macaddress0port	Macaddress0port	existing-unreviewed		0
MACAddress2Port	Macaddress2port	Macaddress2port	existing-unreviewed		0
MACAddress4Port	Macaddress4port	Macaddress4port	existing-unreviewed		0
MACCache	Maccache	Maccache	existing-unreviewed		0
MAX_QUEUE_SIZE	HámarkqueueStærð	HámarkqueueStærð	existing-unreviewed		0
MB	Millibör	Millibör	existing-unreviewed		0
MBR	Mbr	Mbr	existing-unreviewed		0
MHex출력	MHexadecimalPrenta	MHexadecimalPrenta	existing-unreviewed		0
MHex출력XY	MHexadecimalPrentaxy	MHexadecimalPrentaxy	existing-unreviewed		0
MUint16출력	MUnsignedinteger16Prenta	MUnsignedinteger16Prenta	existing-unreviewed		0
MUint16출력XY	MUnsignedinteger16Prentaxy	MUnsignedinteger16Prentaxy	existing-unreviewed		0
MUint32출력	MUnsignedinteger32Prenta	MUnsignedinteger32Prenta	existing-unreviewed		0
MUint32출력XY	MUnsignedinteger32Prentaxy	MUnsignedinteger32Prentaxy	existing-unreviewed		0
MUint64출력	MUnsignedinteger64Prenta	MUnsignedinteger64Prenta	existing-unreviewed		0
MUint64출력XY	MUnsignedinteger64Prentaxy	MUnsignedinteger64Prentaxy	existing-unreviewed		0
Machine	Machine	Machine	existing-unreviewed		0
MachineCheck	Machinecheck	Machinecheck	existing-unreviewed		0
MakeRangePrivateWritable	MakeSviðLokaðprivatewritable	MakeSviðLokaðprivatewritable	existing-unreviewed		0
Malloc	Malloc	Malloc	pending-language-review	allocate_memory	0
MemCmp	Memcmp	Memcmp	existing-unreviewed		0
MemCpy	MemAfrita	MemAfrita	existing-unreviewed		0
MemMove	MemFæra	MemFæra	existing-unreviewed		0
MemSet	MemSetja	MemSetja	existing-unreviewed		0
MemoryOper	Minnioper	Minnioper	existing-unreviewed		0
Mode	HAMUR	HAMUR	existing-unreviewed		0
ModelToScreen	Gerðtoscreen	Set_local_coordinates	pending-language-review	set_coordinates	5
Mtime	Mtime	Mtime	existing-unreviewed		0
MtimeNsec	Mtimensec	Mtimensec	existing-unreviewed		0
MyHandleInterrupt	MyHaldfanginterrupt	MyHaldfanginterrupt	existing-unreviewed		0
MyTest	MyPrófun	MyPrófun	existing-unreviewed		0
M긴급로그Hex8	MEmergencyloghexadecimal8	MEmergencyloghexadecimal8	existing-unreviewed		0
M긴급로그Uint32	MEmergencylogunsignedinteger32	MEmergencylogunsignedinteger32	existing-unreviewed		0
M긴급로그문자열	MEmergencylogStrengur	MEmergencylogStrengur	existing-unreviewed		0
M직렬로그초기화	MRaðnúmerloginit	MRaðnúmerloginit	existing-unreviewed		0
M출력	MPrenta	MPrenta	existing-unreviewed		0
M출력BytesXY	MPrentaBætixy	MPrentaBætixy	existing-unreviewed		0
M출력Hex	MPrentahexadecimal	MPrentahexadecimal	existing-unreviewed		0
M출력Uint16	MPrentaunsignedinteger16	MPrentaunsignedinteger16	existing-unreviewed		0
M출력Uint32	MPrentaunsignedinteger32	MPrentaunsignedinteger32	existing-unreviewed		0
M출력XY	MPrentaxy	MPrentaxy	existing-unreviewed		0
M테스트	M테스트	M테스트	existing-unreviewed		0
NMI	Nmi	Nmi	existing-unreviewed		0
New	Nýtt	Nýtt	existing-unreviewed		0
NewInterruptHandler	Nýttinterrupthandler	Nýttinterrupthandler	existing-unreviewed		0
Next	Næsta	Næsta	existing-unreviewed		0
Nlink	Nlink	Nlink	existing-unreviewed		0
Node	Hnútur	Hnútur	pending-language-review	list_node	0
Nodename	Nodename	Nodename	existing-unreviewed		0
OnEtherFrameReceived	EthernetRammireceivewhen	EthernetRammireceivewhen	existing-unreviewed		0
OnGetDriver	Notagetdriver	Notagetdriver	existing-unreviewed		0
OnInternetProtocolReceived	Internetiðprotocolreceivewhen	Internetiðprotocolreceivewhen	existing-unreviewed		0
OnKeyDown	NotakeyNiður	NotakeyNiður	existing-unreviewed		0
OnKeyUp	NotakeyUpp	NotakeyUpp	existing-unreviewed		0
OnMouseDown	NotaMúsNiður	NotaMúsNiður	existing-unreviewed		0
OnMouseMove	NotaMúsFæra	NotaMúsFæra	existing-unreviewed		0
OnMouseUp	NotaMúsUpp	NotaMúsUpp	existing-unreviewed		0
OnRawDataReceived	Notarawdatareceive	Notarawdatareceive	existing-unreviewed		0
OnTick	Notatick	Notatick	existing-unreviewed		0
Overflow	Overflow	Overflow	existing-unreviewed		0
P1LinkMap	PGildi1Tengillmap	PGildi1Tengillmap	existing-unreviewed		0
P2LinkMap	PGildi2Tengillmap	PGildi2Tengillmap	existing-unreviewed		0
P3LinkMap	PGildi3Tengillmap	PGildi3Tengillmap	existing-unreviewed		0
PAGE_COW	Síðacow	Síðacow	existing-unreviewed		0
PAGE_FRAME	SíðaRammi	SíðaRammi	existing-unreviewed		0
PAGE_PRESENT	Síðapresent	Síðapresent	existing-unreviewed		0
PAGE_USER	SíðaNotandi	SíðaNotandi	existing-unreviewed		0
PAGE_WRITABLE	Síðawritable	Síðawritable	existing-unreviewed		0
PAUSE_LOOP	Bíðaloop	Bíðaloop	existing-unreviewed		0
PICMasterCommandPort	PrimarypicSkipunioport	PrimarypicSkipunioport	existing-unreviewed		0
PICMasterDataPort	Primarypicdataioport	Primarypicdataioport	existing-unreviewed		0
PICSlaveCommandPort	SecondarypicSkipunioport	SecondarypicSkipunioport	existing-unreviewed		0
PICSlaveDataPort	Secondarypicdataioport	Secondarypicdataioport	existing-unreviewed		0
PRESENT	Present	Present	existing-unreviewed		0
PRIV_KERNEL	Privkernel	Privkernel	existing-unreviewed		0
PRIV_USER	PrivNotandi	PrivNotandi	existing-unreviewed		0
PROC_USER_HEAP_SIZE	ProcNotandiheapStærð	ProcNotandiheapStærð	existing-unreviewed		0
PageDirEntry	Síðamappaentry	Síðamappaentry	existing-unreviewed		0
PageDirectoryEntry	Síðamappaentry_2	Síðamappaentry_2	existing-unreviewed		0
PageFault	Síðafault	Síðafault	existing-unreviewed		0
PageFaultException	Síðafaultexception	Síðafaultexception	existing-unreviewed		0
PageRoundDown	SíðaroundNiður	SíðaroundNiður	existing-unreviewed		0
PageRoundUp	SíðaroundUpp	SíðaroundUpp	existing-unreviewed		0
PageTableEntry	SíðaTaflaentry	SíðaTaflaentry	existing-unreviewed		0
Paging	Paging	Paging	existing-unreviewed		0
ParentPid	Foreldripid	Foreldripid	existing-unreviewed		0
Parse	Parse	Parse	existing-unreviewed		0
Partition_id	PartitionAuðkenni	PartitionAuðkenni	existing-unreviewed		0
PhyMemTest	PhymemPrófun	PhymemPrófun	existing-unreviewed		0
PhysicalMemoryManager	PhysicalMinnimanager	PhysicalMinnimanager	existing-unreviewed		0
Pid	Pid	Pid	existing-unreviewed		0
Port	Port	Port	existing-unreviewed		0
PortBase	Portbase	Portbase	existing-unreviewed		0
PortInByte	PortInnbyte	PortInnbyte	existing-unreviewed		0
PortInDword	PortInndword	PortInndword	existing-unreviewed		0
PortInWord	PortInnorð	PortInnorð	existing-unreviewed		0
PortOutByte	PortÚtbyte	PortÚtbyte	existing-unreviewed		0
PortOutDword	PortÚtdword	PortÚtdword	existing-unreviewed		0
PortOutWord	PortÚtorð	PortÚtorð	existing-unreviewed		0
PortReadByte	PortLesturbyte	PortLesturbyte	existing-unreviewed		0
PortReadDword	PortLesturdword	PortLesturdword	existing-unreviewed		0
PortReadWord	PortLesturorð	PortLesturorð	existing-unreviewed		0
PortWriteByte	PortSkriftbyte	PortSkriftbyte	existing-unreviewed		0
PortWriteDword	PortSkriftdword	PortSkriftdword	existing-unreviewed		0
PortWriteWord	PortSkriftorð	PortSkriftorð	existing-unreviewed		0
Prev	Previous	Previous	existing-unreviewed		0
PrevTSS	Previoustss	Previoustss	existing-unreviewed		0
PrimaryPartition	Primarypartition	Primarypartition	existing-unreviewed		0
Print	Prenta	Prenta	existing-unreviewed		0
PrintBytes	PrentaBæti	PrentaBæti	existing-unreviewed		0
PrintStr	Prentastr	Prentastr	existing-unreviewed		0
PrintTLS	Prentatls	Prentatls	existing-unreviewed		0
PrintTest	PrentaPrófun	PrentaPrófun	existing-unreviewed		0
Process	Process	Process	existing-unreviewed		0
ProcessHelper	Processhelper	Processhelper	existing-unreviewed		0
ProcessPendingKeyboardEvents	ProcesspendingLyklaborðevents	ProcesspendingLyklaborðevents	existing-unreviewed		0
ProcessPendingMouseEvents	ProcesspendingMúsevents	ProcesspendingMúsevents	existing-unreviewed		0
PushAt	Pushat	Insert_at_index	pending-language-review	insert_at	1
PushBack	PushTilbaka	Append_to_list	pending-language-review	append	12
PushFront	Pushfront	Prepend_to_list	pending-language-review	prepend	5
PutPixel	Putpixel	Putpixel	existing-unreviewed		0
PutPixelRGB	Putpixelrgb	Putpixelrgb	existing-unreviewed		0
QUEUE_START_ADDR	QueueRæsaaddress	QueueRæsaaddress	existing-unreviewed		0
Rdev	Rdev	Rdev	existing-unreviewed		0
Read	Lestur	Lestur	existing-unreviewed		0
Read28	Lestur28	Lestur28	existing-unreviewed		0
ReadFile	LesturSkrá	LesturSkrá	pending-language-review	file_read	0
ReadPartitions	Lesturpartition	Lesturpartition	existing-unreviewed		0
Ready	Tilbúið	Tilbúið	existing-unreviewed		0
Receive	Receive	Receive	existing-unreviewed		0
Ref	Reference	Reference	existing-unreviewed		0
Release	Release	Release	existing-unreviewed		0
ReloadCR3	Endurhlaðacr3	Endurhlaðacr3	existing-unreviewed		0
Remove	Fjarlægja	Fjarlægja	existing-unreviewed		0
RemoveAt	Fjarlægjaat	Fjarlægjaat	existing-unreviewed		0
RemoveThread	Fjarlægjathread	Fjarlægjathread	existing-unreviewed		0
RemoveThreadAt	Fjarlægjathreadat	Fjarlægjathreadat	existing-unreviewed		0
RequestMacAddress	Requestmacaddress	Requestmacaddress	existing-unreviewed		0
Reset	Frumstilla	Frumstilla	existing-unreviewed		0
Resolve	Resolve	Resolve	existing-unreviewed		0
ResolveCopyOnWriteFault	ResolveAfritaNotaSkriftfault	ResolveAfritaNotaSkriftfault	existing-unreviewed		0
SCHEDULER_FREQUENCY	Schedulerfrequency	Schedulerfrequency	existing-unreviewed		0
SEG_BIG_MODE	SegbigHAMUR	SegbigHAMUR	existing-unreviewed		0
SEG_EXEC	SegKeyra	SegKeyra	existing-unreviewed		0
SEG_GRAN_4K_PAGE	Seggran4ksíða	Seggran4ksíða	existing-unreviewed		0
SEG_GRAN_BYTE	Seggranbyte	Seggranbyte	existing-unreviewed		0
SEG_KERNEL_CODE	Segkernelcode	Segkernelcode	existing-unreviewed		0
SEG_KERNEL_DATA	Segkerneldata	Segkerneldata	existing-unreviewed		0
SEG_KERNEL_GS	Segkernelgs	Segkernelgs	existing-unreviewed		0
SEG_NOEXEC	Segnoexec	Segnoexec	existing-unreviewed		0
SEG_NORMAL	SegVenjulegur	SegVenjulegur	existing-unreviewed		0
SEG_NORW	Segnorw	Segnorw	existing-unreviewed		0
SEG_R	Segr	Segr	existing-unreviewed		0
SEG_SYSTEM	SegKerfis	SegKerfis	existing-unreviewed		0
SEG_TASK_STATE	SegVerkStaða	SegVerkStaða	existing-unreviewed		0
SEG_USER_CODE	SegNotandicode	SegNotandicode	existing-unreviewed		0
SEG_USER_DATA	SegNotandidata	SegNotandidata	existing-unreviewed		0
SEG_USER_GS	SegNotandigs	SegNotandigs	existing-unreviewed		0
SEG_W	Segw	Segw	existing-unreviewed		0
SIMDFloatingPointException	Simdfloatingpointexception	Simdfloatingpointexception	existing-unreviewed		0
SIZE	Stærð	Stærð	existing-unreviewed		0
SYS_ACCESS	Sysaðgangur	Sysaðgangur	existing-unreviewed		0
SYS_BRK	Sysbrk	Sysbrk	existing-unreviewed		0
SYS_CHDIR	Syschdir	Syschdir	existing-unreviewed		0
SYS_CLOSE	SysLoka	SysLoka	existing-unreviewed		0
SYS_CREAT	Syscreat	Syscreat	existing-unreviewed		0
SYS_DUP	Sysdup	Sysdup	existing-unreviewed		0
SYS_DUP2	Sysdup2	Sysdup2	existing-unreviewed		0
SYS_EXECVE	Sysexecve	Sysexecve	existing-unreviewed		0
SYS_EXIT	SysHætta	SysHætta	existing-unreviewed		0
SYS_FCNTL	Sysfcntl	Sysfcntl	existing-unreviewed		0
SYS_FORK	Sysfork	Sysfork	existing-unreviewed		0
SYS_FSTAT	Sysfstat	Sysfstat	existing-unreviewed		0
SYS_FSYNC	Sysfsync	Sysfsync	existing-unreviewed		0
SYS_GETCWD	Sysgetcwd	Sysgetcwd	existing-unreviewed		0
SYS_GETEGID	Sysgetegid	Sysgetegid	existing-unreviewed		0
SYS_GETEUID	Sysgeteuid	Sysgeteuid	existing-unreviewed		0
SYS_GETGID	Sysgetgid	Sysgetgid	existing-unreviewed		0
SYS_GETPID	Sysgetpid	Sysgetpid	existing-unreviewed		0
SYS_GETPPID	Sysgetppid	Sysgetppid	existing-unreviewed		0
SYS_GETUID	Sysgetuid	Sysgetuid	existing-unreviewed		0
SYS_LSEEK	Syslseek	Syslseek	existing-unreviewed		0
SYS_LSTAT	Syslstat	Syslstat	existing-unreviewed		0
SYS_OPEN	SysOpna	SysOpna	existing-unreviewed		0
SYS_READ	SysLestur	SysLestur	existing-unreviewed		0
SYS_RT_EXIT	SysrtHætta	SysrtHætta	existing-unreviewed		0
SYS_SOCKETCALL	Syssocketcall	Syssocketcall	existing-unreviewed		0
SYS_STAT	Sysstat	Sysstat	existing-unreviewed		0
SYS_SYNC	Syssync	Syssync	existing-unreviewed		0
SYS_UNAME	Sysuname	Sysuname	existing-unreviewed		0
SYS_WAITPID	Syswaitpid	Syswaitpid	existing-unreviewed		0
SYS_WRITE	SysSkrift	SysSkrift	existing-unreviewed		0
Schedule	Schedule	Schedule	existing-unreviewed		0
Scheduler	Scheduler	Scheduler	existing-unreviewed		0
SchedulerData	Schedulerdata	Schedulerdata	existing-unreviewed		0
SegmentNotPresent	Segmentnotpresent	Segmentnotpresent	existing-unreviewed		0
SelectDrivers	Veljadriver	Veljadriver	existing-unreviewed		0
Send	Senda	Senda	existing-unreviewed		0
SendEchoRequest	EchorequestSenda	EchorequestSenda	existing-unreviewed		0
SendFrame	RammiSenda	RammiSenda	existing-unreviewed		0
SerialInit	Raðnúmerinit	Raðnúmerinit	existing-unreviewed		0
SerialWriteByte	RaðnúmerSkriftbyte	RaðnúmerSkriftbyte	existing-unreviewed		0
SetBackend	Setjabackend	Setjabackend	existing-unreviewed		0
SetBit	Setjabit	Setjabit	existing-unreviewed		0
SetBlockInPageDir	SetjaBlokkInnsíðamappa	SetjaBlokkInnsíðamappa	existing-unreviewed		0
SetBuffer	Setjabuffer	Setjabuffer	existing-unreviewed		0
SetByteAtAddr	Setjabyteataddress	Setjabyteataddress	existing-unreviewed		0
SetByteInPageDir	SetjabyteInnsíðamappa	SetjabyteInnsíðamappa	existing-unreviewed		0
SetCR3	Setjacr3	Setjacr3	existing-unreviewed		0
SetColor	SetjaLitur	SetjaLitur	existing-unreviewed		0
SetDescriptor	Setjadescriptor	Setjadescriptor	existing-unreviewed		0
SetHandleInterruptFuction	SetjaHaldfanginterruptfuction	SetjaHaldfanginterruptfuction	existing-unreviewed		0
SetHandler	Setjahandler	Setjahandler	existing-unreviewed		0
SetIPAddress	Setjaipaddress	Setjaipaddress	existing-unreviewed		0
SetInterruptDescriptorTableEntry	InterruptdescriptorTaflaentrySetja	InterruptdescriptorTaflaentrySetja	existing-unreviewed		0
SetInterruptManager	Setjainterruptmanager	Setjainterruptmanager	existing-unreviewed		0
SetInterruptNumber	Setjainterruptnumber	Setjainterruptnumber	existing-unreviewed		0
SetMode	SetjaHAMUR	SetjaHAMUR	existing-unreviewed		0
SetNodeAt	SetjaHnúturat	SetjaHnúturat	existing-unreviewed		0
SetStack	Setjastack	Setjastack	existing-unreviewed		0
SetTlsSegment	Setjatlssegment	Setjatlssegment	existing-unreviewed		0
SetUint32AtAddr	Setjaunsignedinteger32ataddress	Setjaunsignedinteger32ataddress	existing-unreviewed		0
SetUint32InPageDir	Setjaunsignedinteger32Innsíðamappa	Setjaunsignedinteger32Innsíðamappa	existing-unreviewed		0
SetUint8AtAddr	Setjaunsignedinteger8ataddress	Setjaunsignedinteger8ataddress	existing-unreviewed		0
SharedMemoryRegion	SharedMinniregion	SharedMinniregion	existing-unreviewed		0
Size	Stærð_2	Stærð_2	existing-unreviewed		0
Spawn	Spawn	Spawn	existing-unreviewed		0
Ss	Ss	Ss	existing-unreviewed		0
Stack	Stack	Stack	existing-unreviewed		0
StackSegmentFault	Stacksegmentfault	Stacksegmentfault	existing-unreviewed		0
Start_lba	Ræsalba	Ræsalba	existing-unreviewed		0
Started	Started	Started	existing-unreviewed		0
StdinPutByte	Stdinputbyte	Stdinputbyte	existing-unreviewed		0
StopCurrentThread	StöðvaNúverandithread	StöðvaNúverandithread	existing-unreviewed		0
Stopped	Stopped	Stopped	existing-unreviewed		0
SubnetMask	SubnetMöskvi	SubnetMöskvi	existing-unreviewed		0
SupportMode	StuðningurHAMUR	StuðningurHAMUR	existing-unreviewed		0
Sys_brk	Sysbrk_2	Sysbrk_2	existing-unreviewed		0
Sys_close	SysLoka_2	SysLoka_2	existing-unreviewed		0
Sys_exit	SysHætta_2	SysHætta_2	existing-unreviewed		0
Sys_getpid	Sysgetpid_2	Sysgetpid_2	existing-unreviewed		0
Sys_mousemove	Sysmousemove	Sysmousemove	existing-unreviewed		0
Sys_open	SysOpna_2	SysOpna_2	existing-unreviewed		0
Sys_printStr	SysPrentastr	SysPrentastr	existing-unreviewed		0
Sys_printUint32	SysPrentaunsignedinteger32	SysPrentaunsignedinteger32	existing-unreviewed		0
Sys_printf	Sysprintf	Sysprintf	existing-unreviewed		0
Sys_read	SysLestur_2	SysLestur_2	existing-unreviewed		0
Syscall	Syscall	Syscall	existing-unreviewed		0
Sysname	Sysname	Sysname	existing-unreviewed		0
TARPEtherFrameHandler	ArpethernetRammihandler	ArpethernetRammihandler	existing-unreviewed		0
TARPMessage	ArpSKILABOÐ	ArpSKILABOÐ	existing-unreviewed		0
TARPMessageBuffer	ArpSKILABOÐbuffer	ArpSKILABOÐbuffer	existing-unreviewed		0
TARPProvider	Arpprovider	Arpprovider	existing-unreviewed		0
TAdvancedTechnologyAttachment	TNánarTækniattachment	TNánarTækniattachment	existing-unreviewed		0
TArray	TFylki	TFylki	existing-unreviewed		0
TBaseAddressRegister	TBaseaddressregister	TBaseaddressregister	existing-unreviewed		0
TBiosParameterBlock32	TBiosparameterBlokk32	TBiosparameterBlokk32	pending-language-review	fat_parameters	0
TBufferDescriptor	TBufferdescriptor	TBufferdescriptor	existing-unreviewed		0
TCOWFrameManager	TcowRammimanager	TcowRammimanager	existing-unreviewed		0
TCPUState	TcpuStaða	TcpuStaða	existing-unreviewed		0
TDefaultKeyboardEventHandler	TSjálfgefiðLyklaborðeventhandler	TSjálfgefiðLyklaborðeventhandler	existing-unreviewed		0
TDefaultMouseEventHandler	TSjálfgefiðMúseventhandler	TSjálfgefiðMúseventhandler	existing-unreviewed		0
TDefaultPCIControllerHandler	TSjálfgefiðpcicontrollerhandler	TSjálfgefiðpcicontrollerhandler	existing-unreviewed		0
TDefaultTimerEventHandler	TSjálfgefiðNiðurtalningeventhandler	TSjálfgefiðNiðurtalningeventhandler	existing-unreviewed		0
TDirectoryEntryFat32	TMappaentryfat32	TMappaentryfat32	existing-unreviewed		0
TDriverManager	TDrivermanager	TDrivermanager	existing-unreviewed		0
TEtherFrameHandler	TEthernetRammihandler	TEthernetRammihandler	existing-unreviewed		0
TEtherFrameHeader	TEthernetRammiheader	TEthernetRammiheader	pending-language-review	ethernet_header	0
TEtherFrameHeaderBuffer	TEthernetRammiheaderbuffer	TEthernetRammiheaderbuffer	existing-unreviewed		0
TEtherFrameProvider	TEthernetRammiprovider	TEthernetRammiprovider	pending-language-review	ethernet_provider	0
TEtherFrameRawDataHandler	TEthernetRammirawdatahandler	TEthernetRammirawdatahandler	existing-unreviewed		0
TGateDescriptor	TGatedescriptor	TGatedescriptor	existing-unreviewed		0
THREAD_STACK_SIZE	ThreadstackStærð	ThreadstackStærð	existing-unreviewed		0
TICMPHandler	Icmphandler	Icmphandler	existing-unreviewed		0
TIPEtherFrameHandler	IpethernetRammihandler	IpethernetRammihandler	existing-unreviewed		0
TInitializationBlock	TInitializationBlokk	TInitializationBlokk	existing-unreviewed		0
TInternetControlMessageProtocol	TInternetiðStýringSKILABOÐprotocol	TInternetiðStýringSKILABOÐprotocol	pending-language-review	icmp	0
TInternetControlMessageProtocolMessage	TInternetiðStýringSKILABOÐprotocolSKILABOÐ	TInternetiðStýringSKILABOÐprotocolSKILABOÐ	existing-unreviewed		0
TInternetControlMessageProtocolMessageBuffer	TInternetiðStýringSKILABOÐprotocolSKILABOÐbuffer	TInternetiðStýringSKILABOÐprotocolSKILABOÐbuffer	existing-unreviewed		0
TInternetProtocolHandler	TInternetiðprotocolhandler	TInternetiðprotocolhandler	existing-unreviewed		0
TInternetProtocolProvider	TInternetiðprotocolprovider	TInternetiðprotocolprovider	pending-language-review	ip_provider	0
TInternetProtocolV4Message	TInternetiðprotocolv4SKILABOÐ	TInternetiðprotocolv4SKILABOÐ	existing-unreviewed		0
TInternetProtocolV4MessageBuffer	TInternetiðprotocolv4SKILABOÐbuffer	TInternetiðprotocolv4SKILABOÐbuffer	existing-unreviewed		0
TInterruptDescriptorTablePointer	TInterruptdescriptorTaflaBendill	TInterruptdescriptorTaflaBendill	existing-unreviewed		0
TInterruptHandler	TInterrupthandler	TInterrupthandler	existing-unreviewed		0
TInterruptManager	TInterruptmanager	TInterruptmanager	existing-unreviewed		0
TKeyboardDriver	TLyklaborðdriver	TLyklaborðdriver	existing-unreviewed		0
TLS_START	TlsRæsa	TlsRæsa	existing-unreviewed		0
TMSDOSPartitionTable	TmsdospartitionTafla	TmsdospartitionTafla	existing-unreviewed		0
TMasterBootRecord	TMasterbootrecord	TMasterbootrecord	pending-language-review	boot_record	0
TMemoryChunk	TMinnichunk	TMinnichunk	existing-unreviewed		0
TMemoryManager	TMinnimanager	TMinnimanager	existing-unreviewed		0
TMouseDriver	TMúsdriver	TMúsdriver	existing-unreviewed		0
TMyKeyboardEventHandler	TMyLyklaborðeventhandler	TMyLyklaborðeventhandler	existing-unreviewed		0
TMyMouseEventHandler	TMyMúseventhandler	TMyMúseventhandler	existing-unreviewed		0
TMyPCIControllerHandler	TMypcicontrollerhandler	TMypcicontrollerhandler	existing-unreviewed		0
TPartitionTableEntry	TPartitionTaflaentry	TPartitionTaflaentry	existing-unreviewed		0
TPeripheralComponentInterconnectController	TPeripheralcomponentinterconnectcontroller	TPeripheralcomponentinterconnectcontroller	existing-unreviewed		0
TPeripheralComponentInterconnectDeviceDescriptor	TPeripheralcomponentinterconnectTækidescriptor	TPeripheralcomponentinterconnectTækidescriptor	existing-unreviewed		0
TPort	TPort	TPort	existing-unreviewed		0
TPort16Bit	TPort16bit	TPort16bit	existing-unreviewed		0
TPort32Bit	TPort32bit	TPort32bit	existing-unreviewed		0
TPort8Bit	TPort8bit	TPort8bit	existing-unreviewed		0
TRawDataHandler	TRawdatahandler	TRawdatahandler	existing-unreviewed		0
TSSEntry	Tssentry	Tssentry	existing-unreviewed		0
TSyscall	TSyscall	TSyscall	existing-unreviewed		0
TTask	TVerk	TVerk	existing-unreviewed		0
TThread	TThread	TThread	existing-unreviewed		0
TThreadHelper	TThreadhelper	TThreadhelper	existing-unreviewed		0
TTimerDriver	TNiðurtalningdriver	TNiðurtalningdriver	existing-unreviewed		0
TUserDatagramProtocolHandler	TNotandidatagramprotocolhandler	TNotandidatagramprotocolhandler	existing-unreviewed		0
TUserDatagramProtocolHeader	TNotandidatagramprotocolheader	TNotandidatagramprotocolheader	pending-language-review	udp_header	0
TUserDatagramProtocolHeaderBuffer	TNotandidatagramprotocolheaderbuffer	TNotandidatagramprotocolheaderbuffer	existing-unreviewed		0
TUserDatagramProtocolProvider	TNotandidatagramprotocolprovider	TNotandidatagramprotocolprovider	existing-unreviewed		0
TUserDatagramProtocolSocket	TNotandidatagramprotocolSökkull	TNotandidatagramprotocolSökkull	pending-language-review	udp_socket	0
TVideoGraphicsArray	TVideóMyndefniFylki	TVideóMyndefniFylki	existing-unreviewed		0
TWidget	TViðmótshlutiwidget	TViðmótshlutiwidget	pending-language-review	widget	0
TWidgetMouseEventHandler	TViðmótshlutiwidgetMúseventhandler	TViðmótshlutiwidgetMúseventhandler	existing-unreviewed		0
Tamd_am79c973	Tamdam79c973	Tamdam79c973	existing-unreviewed		0
Test	Prófun	Prófun	existing-unreviewed		0
TestBit	Prófunbit	Prófunbit	existing-unreviewed		0
TestPrint	PrófunPrenta	PrófunPrenta	existing-unreviewed		0
Thread	Thread	Thread	existing-unreviewed		0
ThreadList	ThreadListi	ThreadListi	existing-unreviewed		0
ThreadState	ThreadStaða	ThreadStaða	existing-unreviewed		0
Threads	Threads	Threads	existing-unreviewed		0
TlsSegments	Tlssegments	Tlssegments	existing-unreviewed		0
TotalBlocks	TotalBlokk	TotalBlokk	existing-unreviewed		0
Type	Tegund	Tegund	existing-unreviewed		0
TypeTest	TegundPrófun	TegundPrófun	existing-unreviewed		0
T공용서술자테이블	TShareddescriptorTafla	TShareddescriptorTafla	existing-unreviewed		0
T공용서술자테이블_자료	TShareddescriptorTafladata	TShareddescriptorTafladata	existing-unreviewed		0
T작업관리자	TVerkmanager	TVerkmanager	existing-unreviewed		0
T조각설명자	TSegmentdescriptor	TSegmentdescriptor	existing-unreviewed		0
T콘솔	TConsole	TConsole	existing-unreviewed		0
T함수1	TAðgerð1	TAðgerð1	existing-unreviewed		0
UDESC_32SEG	Udesc32seg	Udesc32seg	existing-unreviewed		0
UDESC_CONTENTS	UdescInnihald	UdescInnihald	existing-unreviewed		0
UDESC_LIMIT_IN_PAGES	UdesclimitInnpages	UdesclimitInnpages	existing-unreviewed		0
UDESC_RX_ONLY	Udescrxonly	Udescrxonly	existing-unreviewed		0
UDESC_SEG_NOT_PRESENT	Udescsegnotpresent	Udescsegnotpresent	existing-unreviewed		0
UDESC_USABLE	Udescusable	Udescusable	existing-unreviewed		0
USER_STACK	Notandistack	Notandistack	existing-unreviewed		0
USER_STACK_SIZE	NotandistackStærð	NotandistackStærð	existing-unreviewed		0
USER_STACK_TOP	NotandistackEfst	NotandistackEfst	existing-unreviewed		0
Uid	Uid	Uid	existing-unreviewed		0
Uint16ToArray	Unsignedinteger16toFylki	Unsignedinteger16toFylki	existing-unreviewed		0
Uint16ToArray_BE	Unsignedinteger16toFylkibe	Unsignedinteger16toFylkibe	existing-unreviewed		0
Uint16_R	Unsignedinteger16r	Unsignedinteger16r	existing-unreviewed		0
Uint32ToArray	Unsignedinteger32toFylki	Unsignedinteger32toFylki	existing-unreviewed		0
Uint32_R	Unsignedinteger32r	Unsignedinteger32r	existing-unreviewed		0
Uint48ToArray	Unsignedinteger48toFylki	Unsignedinteger48toFylki	existing-unreviewed		0
Uint48ToArray_BE	Unsignedinteger48toFylkibe	Unsignedinteger48toFylkibe	existing-unreviewed		0
Uint48_R	Unsignedinteger48r	Unsignedinteger48r	existing-unreviewed		0
Uint64ToArray	Unsignedinteger64toFylki	Unsignedinteger64toFylki	existing-unreviewed		0
Uint64_R	Unsignedinteger64r	Unsignedinteger64r	existing-unreviewed		0
UnhandleInterrupt	Unhandleinterrupt	Unhandleinterrupt	existing-unreviewed		0
UnsetBit	Afsetjabit	Toggle_allocation_bit	pending-language-review	toggle_bit	1
UsedBlocks	NotaðBlokk	NotaðBlokk	existing-unreviewed		0
UserDesc	Notandidescriptor	Notandidescriptor	existing-unreviewed		0
UserStack	Notandistack_2	Notandistack_2	existing-unreviewed		0
UserStackSize	NotandistackStærð_2	NotandistackStærð_2	existing-unreviewed		0
Vendor_id	FramleiðandiAuðkenni	FramleiðandiAuðkenni	existing-unreviewed		0
Version	Version	Version	existing-unreviewed		0
VirtTest	VirtPrófun	VirtPrófun	existing-unreviewed		0
Write	Skrift	Skrift	existing-unreviewed		0
Write28	Skrift28	Skrift28	existing-unreviewed		0
WriteRegisters	Skriftregister	Skriftregister	existing-unreviewed		0
X	X	X	existing-unreviewed		0
Y	Y	Y	existing-unreviewed		0
Zero	Zero	Zero	existing-unreviewed		0
ZeroBlockInPageDir	ZeroBlokkInnsíðamappa	ZeroBlokkInnsíðamappa	existing-unreviewed		0
a	a	a	existing-unreviewed		0
aTime	aTími	aTími	existing-unreviewed		0
access	aðgangur	aðgangur	existing-unreviewed		0
accessMode	aðgangurHAMUR	aðgangurHAMUR	existing-unreviewed		0
ack	ack	ack	existing-unreviewed		0
activeKeyboardDriver	virktLyklaborðdriver	virktLyklaborðdriver	existing-unreviewed		0
activeMouseDriver	virktMúsdriver	virktMúsdriver	existing-unreviewed		0
addr	address	address	existing-unreviewed		0
addrPtr	addressBendill	addressBendill	existing-unreviewed		0
address	address_2	address_2	existing-unreviewed		0
addressError	addressVilla	addressVilla	existing-unreviewed		0
afInet	afinet	afinet	existing-unreviewed		0
allocFD	allocatefd	allocatefd	existing-unreviewed		0
allocOpenFile	allocateOpnaSkrá	allocateOpnaSkrá	existing-unreviewed		0
allocProcess	allocateprocess	allocateprocess	existing-unreviewed		0
allocateSocket	allocateSökkull	allocateSökkull	existing-unreviewed		0
allocated	allocated	allocated	existing-unreviewed		0
amd_am79c973	amdam79c973	amdam79c973	existing-unreviewed		0
args	viðföng	viðföng	existing-unreviewed		0
argument	argument	argument	existing-unreviewed		0
argumentPointers	argumentpointers	argumentpointers	existing-unreviewed		0
arguments	viðföng_2	viðföng_2	existing-unreviewed		0
arp	arp	arp	existing-unreviewed		0
arpBuffer	arpbuffer	arpbuffer	existing-unreviewed		0
arpMesgSize	arpmesgStærð	arpmesgStærð	existing-unreviewed		0
arpProvider	arpprovider	arpprovider	existing-unreviewed		0
arp콘솔	arpconsole	arpconsole	existing-unreviewed		0
array	fylki	fylki	existing-unreviewed		0
ata	ata	ata	existing-unreviewed		0
ata0s	ata0s	ata0s	existing-unreviewed		0
attempts	attempts	attempts	existing-unreviewed		0
attr	eigindi	eigindi	existing-unreviewed		0
attributeControllerIndexPort	eigindicontrollerindexport	eigindicontrollerindexport	existing-unreviewed		0
attributeControllerReadPort	eigindicontrollerLesturport	eigindicontrollerLesturport	existing-unreviewed		0
attributeControllerResetPort	eigindicontrollerFrumstillaport	eigindicontrollerFrumstillaport	existing-unreviewed		0
attributeControllerWritePort	eigindicontrollerSkriftport	eigindicontrollerSkriftport	existing-unreviewed		0
attributes	attributes	attributes	existing-unreviewed		0
aux	aux	aux	existing-unreviewed		0
avail	available	available	existing-unreviewed		0
b	b	b	existing-unreviewed		0
backend	backend	backend	existing-unreviewed		0
backupFpRegs	backupfpregs	backupfpregs	existing-unreviewed		0
backupSector	backupsector	backupsector	existing-unreviewed		0
bar	stika	stika	existing-unreviewed		0
barNum	stikanumber	stikanumber	existing-unreviewed		0
bar_value	stikaGildi	stikaGildi	existing-unreviewed		0
base	base	base	existing-unreviewed		0
baseCode	basecode	basecode	existing-unreviewed		0
baseHigh	baseHátt	baseHátt	existing-unreviewed		0
baseLow	baseLágt	baseLágt	existing-unreviewed		0
baseMid	basemid	basemid	existing-unreviewed		0
base_addr_high	baseaddressHátt	baseaddressHátt	existing-unreviewed		0
base_addr_low	baseaddressLágt	baseaddressLágt	existing-unreviewed		0
bh	bh	bh	existing-unreviewed		0
bindEphemeral	bindephemeral	bindephemeral	existing-unreviewed		0
bindError	bindVilla	bindVilla	existing-unreviewed		0
bios	bios	bios	existing-unreviewed		0
bit	bit	bit	existing-unreviewed		0
bitmap	bitmap	bitmap	pending-language-review	bitmap	0
bootSignature	bootsignature	bootsignature	existing-unreviewed		0
bootable	bootable	bootable	existing-unreviewed		0
bootloader	bootloader	bootloader	existing-unreviewed		0
bound	bound	bound	existing-unreviewed		0
bpb	bpb	bpb	pending-language-review	fat_parameters	0
bpbBytes	bpbBæti	bpbBæti	existing-unreviewed		0
bpbPtr	bpbBendill	bpbBendill	existing-unreviewed		0
buf	buffer	buffer	existing-unreviewed		0
buf1	buffer1	buffer1	existing-unreviewed		0
buf2	buffer2	buffer2	existing-unreviewed		0
buf3	buffer3	buffer3	existing-unreviewed		0
buf4	buffer4	buffer4	existing-unreviewed		0
buf6	buffer6	buffer6	existing-unreviewed		0
buffer	buffer_2	buffer_2	existing-unreviewed		0
buffer1	buffer1_2	buffer1_2	existing-unreviewed		0
buffer2	buffer2_2	buffer2_2	existing-unreviewed		0
bufferAddr	bufferaddress	bufferaddress	existing-unreviewed		0
bufferAddress	bufferaddress_2	bufferaddress_2	existing-unreviewed		0
bufptr	bufferBendill	bufferBendill	existing-unreviewed		0
bus	bus	bus	existing-unreviewed		0
busControlRegisterDataPort	busStýringregisterdataport	busStýringregisterdataport	existing-unreviewed		0
button	hnappur	hnappur	existing-unreviewed		0
buttons	hnappur_2	hnappur_2	existing-unreviewed		0
bytesPerSector	bætipersector	bætipersector	existing-unreviewed		0
c	c	c	existing-unreviewed		0
cDate	cDagsetning	cDagsetning	existing-unreviewed		0
cTime	cTími	cTími	existing-unreviewed		0
cTimeTenth	cTímitenth	cTímitenth	existing-unreviewed		0
call	call	call	existing-unreviewed		0
candidate	candidate	candidate	existing-unreviewed		0
cap	cap	cap	existing-unreviewed		0
char	char	char	existing-unreviewed		0
checked	checked	checked	existing-unreviewed		0
checksum	checksum	checksum	existing-unreviewed		0
child	afkvæmi	afkvæmi	existing-unreviewed		0
childPID	afkvæmipid	afkvæmipid	existing-unreviewed		0
childPageDir	afkvæmisíðamappa	afkvæmisíðamappa	existing-unreviewed		0
chunk	chunk	chunk	existing-unreviewed		0
class_id	flokkurAuðkenni	flokkurAuðkenni	existing-unreviewed		0
closeAllProcessFDs	lokaAlltprocessfds	lokaAlltprocessfds	existing-unreviewed		0
closeOnExec	lokaNotaKeyra	lokaNotaKeyra	existing-unreviewed		0
closeProcessFD	lokaprocessfd	lokaprocessfd	existing-unreviewed		0
code	code	code	existing-unreviewed		0
code1Ptr	code1Bendill	code1Bendill	existing-unreviewed		0
code1ptr	code1Bendill_2	code1Bendill_2	existing-unreviewed		0
code2Ptr	code2Bendill	code2Bendill	existing-unreviewed		0
code3Ptr	code3Bendill	code3Bendill	existing-unreviewed		0
codeSegment	codesegment	codesegment	existing-unreviewed		0
colorIndex	liturindex	liturindex	existing-unreviewed		0
colordepth	liturdepth	liturdepth	existing-unreviewed		0
command	skipun	skipun	existing-unreviewed		0
commandPort	skipunport	skipunport	existing-unreviewed		0
commandport	skipunport_2	skipunport_2	existing-unreviewed		0
common	algengt	algengt	existing-unreviewed		0
connected	connected	connected	existing-unreviewed		0
console	console	console	existing-unreviewed		0
controlPort	stýringport	stýringport	existing-unreviewed		0
copyExecVector	afritaKeyravector	afritaKeyravector	existing-unreviewed		0
copyLength	afritaLengd	afritaLengd	existing-unreviewed		0
copyPageDir	afritasíðamappa	afritasíðamappa	existing-unreviewed		0
copyPath	afritaSLÓÐ	afritaSLÓÐ	existing-unreviewed		0
copySocketName	afritaSökkullHeiti	afritaSökkullHeiti	existing-unreviewed		0
copyUtsField	afritautsfield	afritautsfield	existing-unreviewed		0
count	count	count	existing-unreviewed		0
count2	count2	count2	existing-unreviewed		0
cowFrameManager	cowRammimanager	cowRammimanager	existing-unreviewed		0
cpu	cpu	cpu	existing-unreviewed		0
cpustate	cpuStaða	cpuStaða	existing-unreviewed		0
cr0	cr0	cr0	existing-unreviewed		0
cr3	cr3	cr3	existing-unreviewed		0
cr4	cr4	cr4	existing-unreviewed		0
crtcDataPort	crtcdataport	crtcdataport	existing-unreviewed		0
crtcIndexPort	crtcindexport	crtcindexport	existing-unreviewed		0
cs	cs	cs	existing-unreviewed		0
currentRecvBuffer	núverandirecvbuffer	núverandirecvbuffer	existing-unreviewed		0
currentSendBuffer	núverandiSendabuffer	núverandiSendabuffer	existing-unreviewed		0
currentTask	núverandiVerk	núverandiVerk	existing-unreviewed		0
currentThread	núverandithread	núverandithread	existing-unreviewed		0
currentThreadIndex	núverandithreadindex	núverandithreadindex	existing-unreviewed		0
cursorHeight	bendillHæð	bendillHæð	existing-unreviewed		0
cursorStart	bendillRæsa	bendillRæsa	existing-unreviewed		0
d_tag	dMerki	dMerki	existing-unreviewed		0
d_val_ptr	dvalBendill	dvalBendill	existing-unreviewed		0
data	data	data	existing-unreviewed		0
dataBuf	databuffer	databuffer	existing-unreviewed		0
dataBytes	dataBæti	dataBæti	existing-unreviewed		0
dataPointer	dataBendill	dataBendill	existing-unreviewed		0
dataPort	dataport	dataport	existing-unreviewed		0
dataStart	dataRæsa	dataRæsa	existing-unreviewed		0
databuffer	databuffer_2	databuffer_2	existing-unreviewed		0
dataport	dataport_2	dataport_2	existing-unreviewed		0
defaultKeyboardEventHandler	sjálfgefiðLyklaborðeventhandler	sjálfgefiðLyklaborðeventhandler	existing-unreviewed		0
desc	descriptor	descriptor	existing-unreviewed		0
description	lýsing	lýsing	existing-unreviewed		0
destination	áfangastaður	áfangastaður	existing-unreviewed		0
destinationAddress	áfangastaðuraddress	áfangastaðuraddress	existing-unreviewed		0
destinationLength	áfangastaðurLengd	áfangastaðurLengd	existing-unreviewed		0
dev	tæki	tæki	existing-unreviewed		0
device	tæki_2	tæki_2	existing-unreviewed		0
deviceDescriptor	tækidescriptor	tækidescriptor	existing-unreviewed		0
devicePort	tækiport	tækiport	existing-unreviewed		0
diff	diff	diff	existing-unreviewed		0
digits	digits	digits	existing-unreviewed		0
dirent	dirent	dirent	existing-unreviewed		0
direntBytes	direntBæti	direntBæti	existing-unreviewed		0
direntPtr	direntBendill	direntBendill	existing-unreviewed		0
discardProcess	discardprocess	discardprocess	existing-unreviewed		0
dispatchInterrupt	dispatchinterrupt	dispatchinterrupt	existing-unreviewed		0
divisor	divisor	divisor	existing-unreviewed		0
domain	lén	lén	existing-unreviewed		0
driveNumber	drivenumber	drivenumber	existing-unreviewed		0
driver	driver	driver	existing-unreviewed		0
driverManager	drivermanager	drivermanager	existing-unreviewed		0
drivercount	drivercount	drivercount	existing-unreviewed		0
drv	driver_2	driver_2	existing-unreviewed		0
ds	ds	ds	existing-unreviewed		0
ds_segment	dssegment	dssegment	existing-unreviewed		0
dst	áfangastaður_2	áfangastaður_2	existing-unreviewed		0
dstEntry	áfangastaðurentry	áfangastaðurentry	existing-unreviewed		0
dstIP	áfangastaðuripaddress	áfangastaðuripaddress	existing-unreviewed		0
dstIP_BE	áfangastaðuripaddressNetkerfibyteorder	áfangastaðuripaddressNetkerfibyteorder	existing-unreviewed		0
dstMAC	áfangastaðurmacaddress	áfangastaðurmacaddress	existing-unreviewed		0
dstMAC_BE	áfangastaðurmacbe	áfangastaðurmacbe	existing-unreviewed		0
dstPageDir	áfangastaðursíðamappa	áfangastaðursíðamappa	existing-unreviewed		0
dstPort	áfangastaðurportnumber	áfangastaðurportnumber	pending-language-review	destination_port	0
dstPt	áfangastaðurpt	áfangastaðurpt	existing-unreviewed		0
dstPtPtr	áfangastaðurptBendill	áfangastaðurptBendill	existing-unreviewed		0
dstPtr	áfangastaðurBendill	áfangastaðurBendill	existing-unreviewed		0
dstptr	áfangastaðurBendill_2	áfangastaðurBendill_2	existing-unreviewed		0
dynamic	breytilegt	breytilegt	existing-unreviewed		0
e	e	e	existing-unreviewed		0
e_ehsize	eehsize	eehsize	existing-unreviewed		0
e_entry	eentry	eentry	existing-unreviewed		0
e_flags	eflags	eflags	existing-unreviewed		0
e_ident	eident	eident	existing-unreviewed		0
e_machine	emachine	emachine	existing-unreviewed		0
e_phentsize	ephentsize	ephentsize	existing-unreviewed		0
e_phnum	ephnum	ephnum	existing-unreviewed		0
e_phoff	ephoff	ephoff	existing-unreviewed		0
e_shentsize	eshentsize	eshentsize	existing-unreviewed		0
e_shnum	eshnum	eshnum	existing-unreviewed		0
e_shoff	eshoff	eshoff	existing-unreviewed		0
e_shstrndx	eshstrndx	eshstrndx	existing-unreviewed		0
e_type	eTegund	eTegund	existing-unreviewed		0
e_version	eversion	eversion	existing-unreviewed		0
eax	eax	eax	existing-unreviewed		0
ebp	ebp	ebp	existing-unreviewed		0
ebx	ebx	ebx	existing-unreviewed		0
ecx	ecx	ecx	existing-unreviewed		0
edi	edi	edi	existing-unreviewed		0
edx	edx	edx	existing-unreviewed		0
efHandler	efhandler	efhandler	existing-unreviewed		0
eflags	eflags_2	eflags_2	existing-unreviewed		0
eip	eip	eip	existing-unreviewed		0
eipOffset	eipoffset	eipoffset	existing-unreviewed		0
elf	elf	elf	existing-unreviewed		0
elf0	elf0	elf0	existing-unreviewed		0
elf2	elf2	elf2	existing-unreviewed		0
elf3	elf3	elf3	existing-unreviewed		0
elf4	elf4	elf4	existing-unreviewed		0
elfHeader	elfheader	elfheader	existing-unreviewed		0
enabled	virkjað	virkjað	existing-unreviewed		0
end	end	end	existing-unreviewed		0
endOffset	endoffset	endoffset	existing-unreviewed		0
end_cylinder	endcylinder	endcylinder	existing-unreviewed		0
end_head	endhead	endhead	existing-unreviewed		0
end_sector	endsector	endsector	existing-unreviewed		0
ensureCurrentProcess	ensureNúverandiprocess	ensureNúverandiprocess	existing-unreviewed		0
entry	entry	entry	existing-unreviewed		0
entryPoint	entrypoint	entrypoint	existing-unreviewed		0
entrypoint	entrypoint_2	entrypoint_2	existing-unreviewed		0
environment	environment	environment	existing-unreviewed		0
environmentPointers	environmentpointers	environmentpointers	existing-unreviewed		0
err	villa	villa	existing-unreviewed		0
errorPort	villaport	villaport	existing-unreviewed		0
es	es	es	existing-unreviewed		0
esi	esi	esi	existing-unreviewed		0
esp	esp	esp	existing-unreviewed		0
esp0	esp0	esp0	existing-unreviewed		0
esp1	esp1	esp1	existing-unreviewed		0
esp2	esp2	esp2	existing-unreviewed		0
etherFrameProvider	ethernetRammiprovider	ethernetRammiprovider	pending-language-review	ethernet_provider	0
etherType	ethernetTegund	ethernetTegund	existing-unreviewed		0
etherType_BE	ethernetTegundbe	ethernetTegundbe	existing-unreviewed		0
etherframe	ethernetRammi	ethernetRammi	existing-unreviewed		0
etherframePayload	ethernetRammipayload	ethernetRammipayload	existing-unreviewed		0
except	except	except	existing-unreviewed		0
exceptionCR0	exceptioncr0	exceptioncr0	existing-unreviewed		0
exceptionCR2	exceptioncr2	exceptioncr2	existing-unreviewed		0
exceptionCR3	exceptioncr3	exceptioncr3	existing-unreviewed		0
exceptionFrameValue	exceptionRammiGildi	exceptionRammiGildi	existing-unreviewed		0
exceptionHasErrorCode	exceptionhasVillacode	exceptionhasVillacode	existing-unreviewed		0
exceptionName	exceptionHeiti	exceptionHeiti	existing-unreviewed		0
execVector	keyravector	keyravector	existing-unreviewed		0
exists	exists	exists	existing-unreviewed		0
exited	exited	exited	existing-unreviewed		0
ext	ext	ext	existing-unreviewed		0
extFlags	extflags	extflags	existing-unreviewed		0
extendedScanCode	extendedscancode	extendedscancode	existing-unreviewed		0
fDupFD	fdupfd	fdupfd	existing-unreviewed		0
fGetFD	fgetfd	fgetfd	existing-unreviewed		0
fGetFL	fgetfl	fgetfl	existing-unreviewed		0
fSetFD	fSetjafd	fSetjafd	existing-unreviewed		0
fSetFL	fSetjafl	fSetjafl	existing-unreviewed		0
fat	fat	fat	existing-unreviewed		0
fatCopies	fatAfrita	fatAfrita	existing-unreviewed		0
fatInfo	fatUpplýsingar	fatUpplýsingar	existing-unreviewed		0
fatOffsetInSectorForCurrentCluster	fatoffsetInnsectorforNúverandicluster	fatoffsetInnsectorforNúverandicluster	existing-unreviewed		0
fatSectorCount	fatsectorcount	fatsectorcount	existing-unreviewed		0
fatSectorForCurrentCluster	fatsectorforNúverandicluster	fatsectorforNúverandicluster	existing-unreviewed		0
fatSize	fatStærð	fatStærð	existing-unreviewed		0
fatStart	fatRæsa	fatRæsa	existing-unreviewed		0
fatTypeLabel	fatTegundSkýring	fatTegundSkýring	existing-unreviewed		0
fatVersion	fatversion	fatversion	existing-unreviewed		0
fatbuf	fatbuf	fatbuf	existing-unreviewed		0
fatbuffer	fatbuffer	fatbuffer	existing-unreviewed		0
faultAddr	faultaddress	faultaddress	existing-unreviewed		0
fb	fb	fb	existing-unreviewed		0
fbCurCol	fbNúverandicol	fbNúverandicol	existing-unreviewed		0
fbCurLine	fbNúverandiLína	fbNúverandiLína	existing-unreviewed		0
fbHeight	fbHæð	fbHæð	existing-unreviewed		0
fbPhysAddr	fbphysaddress	fbphysaddress	existing-unreviewed		0
fbWidth	fbBreidd	fbBreidd	existing-unreviewed		0
fd	fd	fd	existing-unreviewed		0
fdCloexec	fdcloexec	fdcloexec	existing-unreviewed		0
fdEntry	fdentry	fdentry	existing-unreviewed		0
fdFlags	fdflags	fdflags	existing-unreviewed		0
fdKindConsole	fdkindconsole	fdkindconsole	existing-unreviewed		0
fdKindFat	fdkindfat	fdkindfat	existing-unreviewed		0
fdKindNone	fdkindEkkert	fdkindEkkert	existing-unreviewed		0
fdKindRootDir	fdkindKerfisstjórirootmappa	fdkindKerfisstjórirootmappa	existing-unreviewed		0
fdKindSocket	fdkindSökkull	fdkindSökkull	existing-unreviewed		0
fdKindStdin	fdkindstdin	fdkindstdin	existing-unreviewed		0
fds	fds	fds	existing-unreviewed		0
filePtr	skráBendill	skráBendill	existing-unreviewed		0
fileSector	skrásector	skrásector	existing-unreviewed		0
fileSize	skráStærð	skráStærð	existing-unreviewed		0
filename	skráarheiti	skráarheiti	existing-unreviewed		0
fillPosixStat	fillposixstat	fillposixstat	existing-unreviewed		0
findProcess	finnaprocess	finnaprocess	existing-unreviewed		0
first	first	first	existing-unreviewed		0
firstClusterHi	firstclusterhi	firstclusterhi	existing-unreviewed		0
firstClusterLow	firstclusterLágt	firstclusterLágt	existing-unreviewed		0
firstFileCluster	firstSkrácluster	firstSkrácluster	existing-unreviewed		0
flags	flags	flags	existing-unreviewed		0
flags2	flags2	flags2	existing-unreviewed		0
flagsAndOffset	flagsandoffset	flagsandoffset	existing-unreviewed		0
flushIndex	flushindex	flushindex	existing-unreviewed		0
flushTlsTable	flushtlsTafla	flushtlsTafla	existing-unreviewed		0
flush_tss	flushtss	flushtss	existing-unreviewed		0
fn	fn	fn	existing-unreviewed		0
foo	foo	foo	existing-unreviewed		0
foundChild	foundafkvæmi	foundafkvæmi	existing-unreviewed		0
frame	rammi	rammi	existing-unreviewed		0
frameCount	rammicount	rammicount	existing-unreviewed		0
frameHeaderSize	rammiheaderStærð	rammiheaderStærð	existing-unreviewed		0
free	laust	laust	existing-unreviewed		0
freePort	laustport	laustport	existing-unreviewed		0
frequency	frequency	frequency	existing-unreviewed		0
fs	fs	fs	existing-unreviewed		0
func1Val	func1val	func1val	existing-unreviewed		0
func2Val	func2val	func2val	existing-unreviewed		0
func3Val	func3val	func3val	existing-unreviewed		0
func_addr	funcaddress	funcaddress	existing-unreviewed		0
func_bytes	funcBæti	funcBæti	existing-unreviewed		0
func_name	funcHeiti	funcHeiti	existing-unreviewed		0
func_value	funcGildi	funcGildi	existing-unreviewed		0
function	aðgerð	aðgerð	existing-unreviewed		0
fxrstor	fxrstor	fxrstor	existing-unreviewed		0
fxsave	fxsave	fxsave	existing-unreviewed		0
g	g	g	existing-unreviewed		0
g_320x200x256	g320x200x256	g320x200x256	existing-unreviewed		0
gate	gate	gate	existing-unreviewed		0
gateData	gatedata	gatedata	existing-unreviewed		0
gatewayIP	gatewayip	gatewayip	existing-unreviewed		0
gdt	gdt	gdt	existing-unreviewed		0
gdtDescriptor	gdtdescriptor	gdtdescriptor	existing-unreviewed		0
gdtEntry	gdtentry	gdtentry	existing-unreviewed		0
gdtTable	gdtTafla	gdtTafla	existing-unreviewed		0
gdtTableLen	gdtTaflalen	gdtTaflalen	existing-unreviewed		0
gdt_codeSegmentSelector	gdtcodesegmentselector	gdtcodesegmentselector	existing-unreviewed		0
gdt_func	gdtfunc	gdtfunc	existing-unreviewed		0
getCR2	getcr2	getcr2	existing-unreviewed		0
getCR3	getcr3	getcr3	existing-unreviewed		0
getDescriptor	getdescriptor	getdescriptor	existing-unreviewed		0
getESI	getesi	getesi	existing-unreviewed		0
getESP	getesp	getesp	existing-unreviewed		0
getGDT	getgdt	getgdt	existing-unreviewed		0
getGS	getgs	getgs	existing-unreviewed		0
getOpenFile	getOpnaSkrá	getOpnaSkrá	existing-unreviewed		0
getOpenFileFor	getOpnaSkráfor	getOpnaSkráfor	existing-unreviewed		0
getTLS	gettls	gettls	existing-unreviewed		0
globalDescriptorTable	víðværtdescriptorTafla	víðværtdescriptorTafla	existing-unreviewed		0
globalOffsetTable	víðværtoffsetTafla	víðværtoffsetTafla	existing-unreviewed		0
global_offset_table	víðværtoffsetTafla_2	víðværtoffsetTafla_2	existing-unreviewed		0
graphicsControllerDataPort	myndefnicontrollerdataport	myndefnicontrollerdataport	existing-unreviewed		0
graphicsControllerIndexPort	myndefnicontrollerindexport	myndefnicontrollerindexport	existing-unreviewed		0
grub_multiboot_memory_map_t	grubmultibootMinnimapt	grubmultibootMinnimapt	existing-unreviewed		0
gs	gs	gs	existing-unreviewed		0
gs_segment	gssegment	gssegment	existing-unreviewed		0
h	h	h	existing-unreviewed		0
haltAfterFatalException	haltEftirfatalexception	haltEftirfatalexception	existing-unreviewed		0
handleInterrupt	haldfanginterrupt	haldfanginterrupt	existing-unreviewed		0
handleKeyboardInterrupt	haldfangLyklaborðinterrupt	haldfangLyklaborðinterrupt	existing-unreviewed		0
handleMouseInterrupt	haldfangMúsinterrupt	haldfangMúsinterrupt	existing-unreviewed		0
handlePagingInterrupt	haldfangpaginginterrupt	haldfangpaginginterrupt	existing-unreviewed		0
handleUnhandledSyscall	haldfangunhandledsyscall	haldfangunhandledsyscall	existing-unreviewed		0
handler	handler	handler	existing-unreviewed		0
handlerAddressHighBits	handleraddressHáttbitar	handleraddressHáttbitar	existing-unreviewed		0
handlerAddressLowBits	handleraddressLágtbitar	handleraddressLágtbitar	existing-unreviewed		0
handlerRun	handlerKeyra	handlerKeyra	existing-unreviewed		0
handlers	handler_2	handler_2	existing-unreviewed		0
hardwareAddressSize	vélbúnaðuraddressStærð	vélbúnaðuraddressStærð	existing-unreviewed		0
hardwareInterruptOffset	vélbúnaðurinterruptoffset	vélbúnaðurinterruptoffset	existing-unreviewed		0
hardwareType	vélbúnaðurTegund	vélbúnaðurTegund	existing-unreviewed		0
hd	hd	hd	existing-unreviewed		0
head	head	head	existing-unreviewed		0
headCount	headcount	headcount	existing-unreviewed		0
headerLength	headerLengd	headerLengd	existing-unreviewed		0
headertype	headertype	headertype	existing-unreviewed		0
height	hæð	hæð	existing-unreviewed		0
hex	hex	hex	existing-unreviewed		0
hiddenSectors	faliðsectors	faliðsectors	existing-unreviewed		0
i	i	i	existing-unreviewed		0
iCount	icount	icount	existing-unreviewed		0
iDrivers	idriver	idriver	existing-unreviewed		0
iKeyboardEventHandler	iLyklaborðeventhandler	iLyklaborðeventhandler	existing-unreviewed		0
iMouseEventHandler	iMúseventhandler	iMúseventhandler	existing-unreviewed		0
iPCIControllerHandler	ipcicontrollerhandler	ipcicontrollerhandler	existing-unreviewed		0
iRawDataHandler	irawdatahandler	irawdatahandler	existing-unreviewed		0
iTimerEventHandler	iNiðurtalningeventhandler	iNiðurtalningeventhandler	existing-unreviewed		0
icmp	icmp	icmp	existing-unreviewed		0
icmpSize	icmpStærð	icmpStærð	existing-unreviewed		0
icmp콘솔	icmpconsole	icmpconsole	existing-unreviewed		0
id	auðkenni	auðkenni	existing-unreviewed		0
ident	ident	ident	existing-unreviewed		0
idtData	idtdata	idtdata	existing-unreviewed		0
idtPointer	idtBendill	idtBendill	existing-unreviewed		0
idx	idx	idx	existing-unreviewed		0
index	index	index	existing-unreviewed		0
initBlock	initBlokk	initBlokk	existing-unreviewed		0
initFileDescriptors	initSkrádescriptor	initSkrádescriptor	existing-unreviewed		0
initPIT	initpit	initpit	existing-unreviewed		0
initializeProcessFDs	initializeprocessfds	initializeprocessfds	existing-unreviewed		0
inode	inode	inode	existing-unreviewed		0
inputEventTask	inntakeventVerk	inntakeventVerk	existing-unreviewed		0
installIDT	setjauppidt	setjauppidt	existing-unreviewed		0
intNumber	intnumber	intnumber	existing-unreviewed		0
interface_id	sKILAuðkenni	sKILAuðkenni	existing-unreviewed		0
internetprotocolPayload	internetiðprotocolpayload	internetiðprotocolpayload	existing-unreviewed		0
interrupt	interrupt	interrupt	existing-unreviewed		0
interruptDebug	interruptAflúsa	interruptAflúsa	existing-unreviewed		0
interruptExitLoop	interruptHættaloop	interruptHættaloop	existing-unreviewed		0
interruptGateEntries	interruptgateentry	interruptgateentry	existing-unreviewed		0
interruptHandler	interrupthandler	interrupthandler	existing-unreviewed		0
interrupts	interrupts	interrupts	existing-unreviewed		0
iomap	iomap	iomap	existing-unreviewed		0
ip	ip	ip	existing-unreviewed		0
ipEtherFrameHandler	ipethernetRammihandler	ipethernetRammihandler	existing-unreviewed		0
ipHandler	iphandler	iphandler	existing-unreviewed		0
ipIdx	ipidx	ipidx	existing-unreviewed		0
ipProtocolUDP	ipprotocoludp	ipprotocoludp	existing-unreviewed		0
ipProvider	ipprovider	ipprovider	pending-language-review	ip_provider	0
ipSize	ipStærð	ipStærð	existing-unreviewed		0
ip_be	ipNetkerfibyteorder	ipNetkerfibyteorder	existing-unreviewed		0
ipmessage	internetiðprotocolSKILABOÐ	internetiðprotocolSKILABOÐ	existing-unreviewed		0
ipv4	ipv4	ipv4	existing-unreviewed		0
ip콘솔	ipconsole	ipconsole	existing-unreviewed		0
isKernel	iskernel	iskernel	existing-unreviewed		0
isRoot	isKerfisstjóriroot	isKerfisstjóriroot	existing-unreviewed		0
isRootPath	isKerfisstjórirootSLÓÐ	isKerfisstjórirootSLÓÐ	existing-unreviewed		0
isSharedPDE	issharedpde	issharedpde	existing-unreviewed		0
istOffset	istoffset	istoffset	existing-unreviewed		0
j	j	j	existing-unreviewed		0
jmp	jmp	jmp	existing-unreviewed		0
jmp_user	jmpNotandi	jmpNotandi	existing-unreviewed		0
jump_usermode_iret	jumpusermodeiret	jumpusermodeiret	existing-unreviewed		0
kPageDirEntry	ksíðamappaentry	ksíðamappaentry	existing-unreviewed		0
kernelESP	kernelesp	kernelesp	existing-unreviewed		0
kernelPageDirEntry	kernelsíðamappaentry	kernelsíðamappaentry	existing-unreviewed		0
kernelSS	kernelss	kernelss	existing-unreviewed		0
key	key	key	existing-unreviewed		0
keyboard	lyklaborð	lyklaborð	existing-unreviewed		0
keyboardDriver	lyklaborðdriver	lyklaborðdriver	existing-unreviewed		0
keyboardEventHandler	lyklaborðeventhandler	lyklaborðeventhandler	existing-unreviewed		0
keyboardQueue	lyklaborðqueue	lyklaborðqueue	existing-unreviewed		0
keyboardQueueRead	lyklaborðqueueLestur	lyklaborðqueueLestur	existing-unreviewed		0
keyboardQueueSize	lyklaborðqueueStærð	lyklaborðqueueStærð	existing-unreviewed		0
keyboardQueueWrite	lyklaborðqueueSkrift	lyklaborðqueueSkrift	existing-unreviewed		0
kind	kind	kind	existing-unreviewed		0
l	l	l	existing-unreviewed		0
last	síðasta	síðasta	existing-unreviewed		0
lbaHiPort	lbahiport	lbahiport	existing-unreviewed		0
lbaLowPort	lbaLágtport	lbaLágtport	existing-unreviewed		0
lbaMidPort	lbamidport	lbamidport	existing-unreviewed		0
ldt	ldt	ldt	existing-unreviewed		0
leftShift	vinstriShiftlykill	vinstriShiftlykill	existing-unreviewed		0
len	len	len	existing-unreviewed		0
len_ver	lenver	lenver	existing-unreviewed		0
length	lengd	lengd	existing-unreviewed		0
lengthAddress	lengdaddress	lengdaddress	existing-unreviewed		0
lengthInBytes	lengdInnBæti	lengdInnBæti	existing-unreviewed		0
length_high	lengdHátt	lengdHátt	existing-unreviewed		0
length_low	lengdLágt	lengdLágt	existing-unreviewed		0
lengths	lengths	lengths	existing-unreviewed		0
lib1Addr	lib1address	lib1address	existing-unreviewed		0
lib1Data	lib1data	lib1data	existing-unreviewed		0
lib1File	lib1Skrá	lib1Skrá	existing-unreviewed		0
lib1GOT	lib1got	lib1got	existing-unreviewed		0
lib1elf	lib1elf	lib1elf	existing-unreviewed		0
lib2Addr	lib2address	lib2address	existing-unreviewed		0
lib2Data	lib2data	lib2data	existing-unreviewed		0
lib2File	lib2Skrá	lib2Skrá	existing-unreviewed		0
lib2GOT	lib2got	lib2got	existing-unreviewed		0
lib2elf	lib2elf	lib2elf	existing-unreviewed		0
libLinkMap	libTengillmap	libTengillmap	existing-unreviewed		0
lidtaddr	lidtaddr	lidtaddr	existing-unreviewed		0
limit	limit	limit	existing-unreviewed		0
limitHighAndFlags	limitHáttandflags	limitHáttandflags	existing-unreviewed		0
limitLow	limitLágt	limitLágt	existing-unreviewed		0
linkMap	tengillmap	tengillmap	existing-unreviewed		0
linkMapAddr	tengillmapaddress	tengillmapaddress	existing-unreviewed		0
linkerAddr	linkeraddress	linkeraddress	existing-unreviewed		0
linkerData	linkerdata	linkerdata	existing-unreviewed		0
linkerEntry	linkerentry	linkerentry	existing-unreviewed		0
linkerFile	linkerSkrá	linkerSkrá	existing-unreviewed		0
list	listi	listi	existing-unreviewed		0
listening	listening	listening	existing-unreviewed		0
loader	loader	loader	existing-unreviewed		0
local	staðbundið	staðbundið	existing-unreviewed		0
localDatagramSocket	staðbundiðdatagramSökkull	staðbundiðdatagramSökkull	existing-unreviewed		0
localIP	staðbundiðip	staðbundiðip	existing-unreviewed		0
localPort	staðbundiðportnumber	staðbundiðportnumber	existing-unreviewed		0
localSockets	staðbundiðsockets	staðbundiðsockets	existing-unreviewed		0
logicalAddress	logicaladdress	logicaladdress	existing-unreviewed		0
macAddr	macaddress	macaddress	existing-unreviewed		0
macIdx	macidx	macidx	existing-unreviewed		0
magicnumber	magicnumber	magicnumber	existing-unreviewed		0
main	main	main	compatibility		0
mainThread	aðalthread	aðalthread	existing-unreviewed		0
makePagePrivateWritableCurrent	makesíðaLokaðprivatewritableNúverandi	makesíðaLokaðprivatewritableNúverandi	existing-unreviewed		0
makeRangePrivateWritableCurrent	makeSviðLokaðprivatewritableNúverandi	makeSviðLokaðprivatewritableNúverandi	existing-unreviewed		0
manager	manager	manager	existing-unreviewed		0
mask	möskvi	möskvi	existing-unreviewed		0
master	master	master	existing-unreviewed		0
matches	matches	matches	existing-unreviewed		0
maxBARs	hámarkbars	hámarkbars	existing-unreviewed		0
maxDatagramSize	hámarkdatagramStærð	hámarkdatagramStærð	existing-unreviewed		0
maxExecStringLength	hámarkKeyraStrengurLengd	hámarkKeyraStrengurLengd	existing-unreviewed		0
maxExecVectorEntries	hámarkKeyravectorentry	hámarkKeyravectorentry	existing-unreviewed		0
maxFD	hámarkfd	hámarkfd	existing-unreviewed		0
maxOpenFiles	hámarkOpnafiles	hámarkOpnafiles	existing-unreviewed		0
maxSocketPackets	hámarkSökkullpakkar	hámarkSökkullpakkar	existing-unreviewed		0
maxSockets	hámarksockets	hámarksockets	existing-unreviewed		0
maximumBlocks	hámarkBlokk	hámarkBlokk	existing-unreviewed		0
mediaType	miðillTegund	miðillTegund	existing-unreviewed		0
mem	mem	mem	existing-unreviewed		0
memoryArray	minniFylki	minniFylki	existing-unreviewed		0
memoryChunkSize	minnichunkStærð	minnichunkStærð	existing-unreviewed		0
memoryManager	minnimanager	minnimanager	existing-unreviewed		0
memoryOper	minnioper	minnioper	existing-unreviewed		0
memorySize	minniStærð	minniStærð	existing-unreviewed		0
memorymananger	memorymananger	memorymananger	existing-unreviewed		0
memorytest	memorytest	memorytest	existing-unreviewed		0
message	sKILABOÐ	sKILABOÐ	existing-unreviewed		0
micsPort	micsport	micsport	existing-unreviewed		0
minimum	minimum	minimum	existing-unreviewed		0
mode	hAMUR	hAMUR	existing-unreviewed		0
mouseDriver	músdriver	músdriver	existing-unreviewed		0
mouseEventHandler	múseventhandler	múseventhandler	existing-unreviewed		0
mouseVGA	músvga	músvga	existing-unreviewed		0
mouseWidget	músViðmótshlutiwidget	músViðmótshlutiwidget	existing-unreviewed		0
msdospart	msdospartition	msdospartition	existing-unreviewed		0
msg	msg	msg	existing-unreviewed		0
msgBuffer	msgbuffer	msgbuffer	existing-unreviewed		0
multiboot_memory_map	multibootMinnimap	multibootMinnimap	existing-unreviewed		0
multitasking	multitasking	multitasking	existing-unreviewed		0
myKeyboardEventHandler	myLyklaborðeventhandler	myLyklaborðeventhandler	existing-unreviewed		0
myPCIControllerHandler	mypcicontrollerhandler	mypcicontrollerhandler	existing-unreviewed		0
myfunction	myfunction	myfunction	existing-unreviewed		0
n	n	n	existing-unreviewed		0
n_descsz	ndescsz	ndescsz	existing-unreviewed		0
n_namesz	nnamesz	nnamesz	existing-unreviewed		0
n_type	nTegund	nTegund	existing-unreviewed		0
name	heiti	heiti	existing-unreviewed		0
nameLen	heitilen	heitilen	existing-unreviewed		0
netCard	netkerficard	netkerficard	existing-unreviewed		0
newButtons	nýttHnappur	nýttHnappur	existing-unreviewed		0
newFD	nýttfd	nýttfd	existing-unreviewed		0
newFrame	nýttRammi	nýttRammi	existing-unreviewed		0
newLink	nýttTengill	nýttTengill	existing-unreviewed		0
newNode	nýttHnútur	nýttHnútur	existing-unreviewed		0
newPtr	nýttBendill	nýttBendill	existing-unreviewed		0
next	næsta	næsta	existing-unreviewed		0
nextEphemeralPort	næstaephemeralport	næstaephemeralport	existing-unreviewed		0
nextFileCluster	næstaSkrácluster	næstaSkrácluster	existing-unreviewed		0
nextHopIP_BE	næstahopipaddressNetkerfibyteorder	næstahopipaddressNetkerfibyteorder	existing-unreviewed		0
nextNode	næstaHnútur	næstaHnútur	existing-unreviewed		0
nextProcessID	næstaprocessAuðkenni	næstaprocessAuðkenni	existing-unreviewed		0
nextThread	næstathread	næstathread	existing-unreviewed		0
nibble	nibble	nibble	existing-unreviewed		0
node	hnútur	hnútur	pending-language-review	list_node	0
nodeArray	hnúturFylki	hnúturFylki	existing-unreviewed		0
num	number	number	existing-unreviewed		0
numCacheEntries	numbercacheentry	numbercacheentry	existing-unreviewed		0
numDrivers	numberdriver	numberdriver	existing-unreviewed		0
numFunctions	numberAðgerðir	numberAðgerðir	existing-unreviewed		0
numRecvBuffers	numberrecvbuffer	numberrecvbuffer	existing-unreviewed		0
numSendBuffers	numberSendabuffer	numberSendabuffer	existing-unreviewed		0
numSockets	numbersockets	numbersockets	existing-unreviewed		0
numTasks	numberVerkefni	numberVerkefni	existing-unreviewed		0
oAppend	oappend	oappend	existing-unreviewed		0
oCreate	ocreate	ocreate	existing-unreviewed		0
oDirectory	omappa	omappa	existing-unreviewed		0
oReadOnly	oLesturonly	oLesturonly	existing-unreviewed		0
oReadWrite	oLesturSkrift	oLesturSkrift	existing-unreviewed		0
oTruncate	otruncate	otruncate	existing-unreviewed		0
oWriteOnly	oSkriftonly	oSkriftonly	existing-unreviewed		0
o_addr	oaddress	oaddress	existing-unreviewed		0
offset	offset	offset	existing-unreviewed		0
ok	ílagi	ílagi	existing-unreviewed		0
oldButtons	oldHnappur	oldHnappur	existing-unreviewed		0
oldCR3	oldcr3	oldcr3	existing-unreviewed		0
oldFD	oldfd	oldfd	existing-unreviewed		0
oldFrame	oldRammi	oldRammi	existing-unreviewed		0
oldGdt	oldgdt	oldgdt	existing-unreviewed		0
oldGdtAddr	oldgdtaddress	oldgdtaddress	existing-unreviewed		0
oldGdtLen	oldgdtlen	oldgdtlen	existing-unreviewed		0
openFileDescription	opnaSkráLýsing	opnaSkráLýsing	existing-unreviewed		0
openFileTable	opnaSkráTafla	opnaSkráTafla	existing-unreviewed		0
options	valkostir	valkostir	existing-unreviewed		0
orgValue	orgGildi	orgGildi	existing-unreviewed		0
p	p	p	existing-unreviewed		0
p1	p1	p1	existing-unreviewed		0
p2	p2	p2	existing-unreviewed		0
p_align	pJafna	pJafna	existing-unreviewed		0
p_backend	pbackend	pbackend	existing-unreviewed		0
p_data	pdata	pdata	existing-unreviewed		0
p_efHandler	pefhandler	pefhandler	existing-unreviewed		0
p_efProvider	pefprovider	pefprovider	existing-unreviewed		0
p_etherType	pethernetTegund	pethernetTegund	existing-unreviewed		0
p_filesz	pfilesz	pfilesz	existing-unreviewed		0
p_flags	pflags	pflags	existing-unreviewed		0
p_iHandler	pihandler	pihandler	existing-unreviewed		0
p_ipHandler	piphandler	piphandler	existing-unreviewed		0
p_ipProvider	pipprovider	pipprovider	existing-unreviewed		0
p_memsz	pmemsz	pmemsz	existing-unreviewed		0
p_offset	poffset	poffset	existing-unreviewed		0
p_paddr	ppaddr	ppaddr	existing-unreviewed		0
p_protocol	pprotocol	pprotocol	existing-unreviewed		0
p_provider	pprovider	pprovider	existing-unreviewed		0
p_str	pstr	pstr	existing-unreviewed		0
p_type	pTegund	pTegund	existing-unreviewed		0
p_udpHandler	pudphandler	pudphandler	existing-unreviewed		0
p_udpProvider	pudpprovider	pudpprovider	existing-unreviewed		0
p_vaddr	pvaddr	pvaddr	existing-unreviewed		0
packet	packet	packet	existing-unreviewed		0
packetStatus	packetStaða	packetStaða	existing-unreviewed		0
packets	pakkar	pakkar	existing-unreviewed		0
page	síða	síða	existing-unreviewed		0
pageDir	síðamappa	síðamappa	pending-language-review	page_directory	0
pageDirEntry	síðamappaentry	síðamappaentry	existing-unreviewed		0
pageTableEntry	síðaTaflaentry	síðaTaflaentry	existing-unreviewed		0
paging	paging	paging	existing-unreviewed		0
param	param	param	existing-unreviewed		0
params	params	params	existing-unreviewed		0
parent	foreldri	foreldri	existing-unreviewed		0
parentPID	foreldripid	foreldripid	existing-unreviewed		0
parentProcess	foreldriprocess	foreldriprocess	existing-unreviewed		0
partEntry	partentry	partentry	existing-unreviewed		0
partition	partition	partition	existing-unreviewed		0
partitionBytes	partitionBæti	partitionBæti	existing-unreviewed		0
partitionOffset	partitionoffset	partitionoffset	existing-unreviewed		0
path	sLÓÐ	sLÓÐ	existing-unreviewed		0
pathAddr	sLÓÐaddress	sLÓÐaddress	existing-unreviewed		0
pci	pci	pci	existing-unreviewed		0
pciController	pcicontroller	pcicontroller	existing-unreviewed		0
pde	pde	pde	existing-unreviewed		0
pdeAddr	pdeaddress	pdeaddress	existing-unreviewed		0
pdelen	pdelen	pdelen	existing-unreviewed		0
peer	peer	peer	existing-unreviewed		0
pendingButtons	pendingHnappur	pendingHnappur	existing-unreviewed		0
pendingMouseEvent	pendingMúsevent	pendingMúsevent	existing-unreviewed		0
pendingX	pendingx	pendingx	existing-unreviewed		0
pendingY	pendingy	pendingy	existing-unreviewed		0
phyaddr	phyaddr	phyaddr	existing-unreviewed		0
phymem	physicalMinni	physicalMinni	existing-unreviewed		0
physicalAddress	physicaladdress	physicaladdress	existing-unreviewed		0
pid	pid	pid	existing-unreviewed		0
pitFrequency	pitfrequency	pitfrequency	existing-unreviewed		0
pixelAddress	pixeladdress	pixeladdress	existing-unreviewed		0
pointer	bendill	bendill	pending-language-review	pointer	0
pollKeyboardScancode	pollLyklaborðscancode	pollLyklaborðscancode	existing-unreviewed		0
port	port	port	existing-unreviewed		0
portBase	portbase	portbase	existing-unreviewed		0
portInUse	portInnuse	portInnuse	existing-unreviewed		0
portnumber	portnumber	portnumber	existing-unreviewed		0
pos	staða	staða	existing-unreviewed		0
position	staða_2	staða_2	existing-unreviewed		0
posixStat	posixstat	posixstat	existing-unreviewed		0
posixUtsname	posixutsname	posixutsname	existing-unreviewed		0
prefetchable	prefetchcapable	prefetchcapable	existing-unreviewed		0
prev	previous	previous	existing-unreviewed		0
prevNode	previousHnútur	previousHnútur	existing-unreviewed		0
prevX	previousx	previousx	existing-unreviewed		0
prevY	previousy	previousy	existing-unreviewed		0
printESP	prentaesp	prentaesp	existing-unreviewed		0
printExceptionSelectorInfo	prentaexceptionselectorUpplýsingar	prentaexceptionselectorUpplýsingar	existing-unreviewed		0
printPageFaultInfo	prentasíðafaultUpplýsingar	prentasíðafaultUpplýsingar	existing-unreviewed		0
printreg	printreg	printreg	existing-unreviewed		0
proc2	proc2	proc2	existing-unreviewed		0
proc3	proc3	proc3	existing-unreviewed		0
proc4	proc4	proc4	existing-unreviewed		0
process	process	process	existing-unreviewed		0
processEntry	processentry	processentry	existing-unreviewed		0
processHelper	processhelper	processhelper	existing-unreviewed		0
processTable	processTafla	processTafla	existing-unreviewed		0
processes	processes	processes	existing-unreviewed		0
programBreak	forritbreak	forritbreak	existing-unreviewed		0
protocol	protocol	protocol	existing-unreviewed		0
protocolAddressSize	protocoladdressStærð	protocoladdressStærð	existing-unreviewed		0
providedLength	providedLengd	providedLengd	existing-unreviewed		0
provider	provider	provider	existing-unreviewed		0
ps2WaitLimit	ps2Bíðalimit	ps2Bíðalimit	existing-unreviewed		0
pt	pt	pt	existing-unreviewed		0
pte	pte	pte	existing-unreviewed		0
pteAddr	pteaddress	pteaddress	existing-unreviewed		0
ptr	bendill_2	bendill_2	pending-language-review	pointer	0
pushExecUint32	pushKeyraunsignedinteger32	pushKeyraunsignedinteger32	existing-unreviewed		0
queueKeyboardByte	queueLyklaborðbyte	queueLyklaborðbyte	existing-unreviewed		0
r	r	r	existing-unreviewed		0
r_addend	raddend	raddend	existing-unreviewed		0
r_info	rUpplýsingar	rUpplýsingar	existing-unreviewed		0
r_offset	roffset	roffset	existing-unreviewed		0
raw	raw	raw	existing-unreviewed		0
rawDataBackend	rawdatabackend	rawdatabackend	existing-unreviewed		0
readFile	lesturSkrá	lesturSkrá	existing-unreviewed		0
readPS2Data	lesturps2data	lesturps2data	existing-unreviewed		0
readStdin	lesturstdin	lesturstdin	existing-unreviewed		0
readVFSFile	lesturvfsSkrá	lesturvfsSkrá	existing-unreviewed		0
read_count	lesturcount	lesturcount	existing-unreviewed		0
receiver	receiver	receiver	existing-unreviewed		0
recvBufferDescr	recvbufferLýsing	recvbufferLýsing	existing-unreviewed		0
recvBufferDescrAddress	recvbufferLýsingaddress	recvbufferLýsingaddress	existing-unreviewed		0
recvBuffers	recvbuffer	recvbuffer	existing-unreviewed		0
recvBuffersDescrMemory	recvbufferLýsingMinni	recvbufferLýsingMinni	existing-unreviewed		0
refBytes	referenceBæti	referenceBæti	existing-unreviewed		0
refPtr	referenceBendill	referenceBendill	existing-unreviewed		0
refs	refs	refs	existing-unreviewed		0
regIndex	regindex	regindex	existing-unreviewed		0
registerAddressPort	registeraddressport	registeraddressport	existing-unreviewed		0
registerDataPort	registerdataport	registerdataport	existing-unreviewed		0
registeroffset	registeroffset	registeroffset	existing-unreviewed		0
registers	register	register	existing-unreviewed		0
regtype	regtype	regtype	existing-unreviewed		0
rel_text	relTexti	relTexti	existing-unreviewed		0
rel_text_len	relTextilen	relTextilen	existing-unreviewed		0
releaseOpenFile	releaseOpnaSkrá	releaseOpnaSkrá	existing-unreviewed		0
released	released	released	existing-unreviewed		0
reloadCR3	endurhlaðacr3	endurhlaðacr3	existing-unreviewed		0
relocation_text	relocationTexti	relocationTexti	existing-unreviewed		0
remaining	remaining	remaining	existing-unreviewed		0
remote	fjarlægt	fjarlægt	existing-unreviewed		0
remoteIP	fjarlægtip	fjarlægtip	existing-unreviewed		0
remotePort	fjarlægtportnumber	fjarlægtportnumber	existing-unreviewed		0
requested	requested	requested	existing-unreviewed		0
reserved	reserved	reserved	existing-unreviewed		0
reserved0	reserved0	reserved0	existing-unreviewed		0
reservedSectors	reservedsectors	reservedsectors	existing-unreviewed		0
resetPort	frumstillaport	frumstillaport	existing-unreviewed		0
restoreFpRegs	endurheimtafpregs	endurheimtafpregs	existing-unreviewed		0
result	nIÐURSTAÐA	nIÐURSTAÐA	existing-unreviewed		0
result1	nIÐURSTAÐA1	nIÐURSTAÐA1	existing-unreviewed		0
result2	nIÐURSTAÐA2	nIÐURSTAÐA2	existing-unreviewed		0
ret	ret	ret	existing-unreviewed		0
revision	revision	revision	existing-unreviewed		0
rightShift	hægriShiftlykill	hægriShiftlykill	existing-unreviewed		0
rootCluster	kerfisstjórirootcluster	kerfisstjórirootcluster	existing-unreviewed		0
rootDirEntries	kerfisstjórirootmappaentry	kerfisstjórirootmappaentry	existing-unreviewed		0
rootStart	kerfisstjórirootRæsa	kerfisstjórirootRæsa	existing-unreviewed		0
rt	rt	rt	existing-unreviewed		0
s	s	s	existing-unreviewed		0
sIfchr	sifchr	sifchr	existing-unreviewed		0
sIfdir	sifdir	sifdir	existing-unreviewed		0
sIfmt	sifmt	sifmt	existing-unreviewed		0
sIfreg	sifreg	sifreg	existing-unreviewed		0
sIfsock	sifsock	sifsock	existing-unreviewed		0
savedESP	savedesp	savedesp	existing-unreviewed		0
sc	sc	sc	existing-unreviewed		0
scanCode	scancode	scancode	existing-unreviewed		0
scanCodeToByte	scancodetobyte	scancodetobyte	existing-unreviewed		0
scancodeToByte	scancodetobyte_2	scancodetobyte_2	existing-unreviewed		0
sche	sche	sche	existing-unreviewed		0
sche_data	schedata	schedata	existing-unreviewed		0
scheduleStack	schedulestack	schedulestack	existing-unreviewed		0
scheduler	scheduler	scheduler	existing-unreviewed		0
schedulerDebug	schedulerAflúsa	schedulerAflúsa	existing-unreviewed		0
sectHeader	sectheader	sectheader	existing-unreviewed		0
sectHeaderSize	sectheaderStærð	sectheaderStærð	existing-unreviewed		0
sectName	sectHeiti	sectHeiti	existing-unreviewed		0
sectValue	sectGildi	sectGildi	existing-unreviewed		0
sector	sector	sector	existing-unreviewed		0
sectorCountPort	sectorcountport	sectorcountport	existing-unreviewed		0
sectorNum	sectornumber	sectornumber	existing-unreviewed		0
sectorOffset	sectoroffset	sectoroffset	existing-unreviewed		0
sectorPerTrack	sectorpertrack	sectorpertrack	existing-unreviewed		0
sectorsPerCluster	sectorspercluster	sectorspercluster	existing-unreviewed		0
seekCur	seekNúverandi	seekNúverandi	existing-unreviewed		0
seekEnd	seekend	seekend	existing-unreviewed		0
seekSet	seekSetja	seekSetja	existing-unreviewed		0
segmentNumber	segmentnumber	segmentnumber	existing-unreviewed		0
self	sjálft	sjálft	existing-unreviewed		0
self_uintptr	sjálftuintptr	sjálftuintptr	existing-unreviewed		0
sendBack	reply	reply	existing-unreviewed		0
sendBufferDescr	sendabufferLýsing	sendabufferLýsing	existing-unreviewed		0
sendBufferDescrAddress	sendabufferLýsingaddress	sendabufferLýsingaddress	existing-unreviewed		0
sendBuffers	sendabuffer	sendabuffer	existing-unreviewed		0
sendBuffersDescrMemory	sendabufferLýsingMinni	sendabufferLýsingMinni	existing-unreviewed		0
sendDataPointer	sendadataBendill	sendadataBendill	existing-unreviewed		0
sendDescriptor	sendadescriptor	sendadescriptor	existing-unreviewed		0
sendMouseCommand	sendaMúsSkipun	sendaMúsSkipun	existing-unreviewed		0
sequencerDataPort	sequencerdataport	sequencerdataport	existing-unreviewed		0
sequencerIndexPort	sequencerindexport	sequencerindexport	existing-unreviewed		0
serialLogByte	raðnúmerlogbyte	raðnúmerlogbyte	existing-unreviewed		0
serialReady	raðnúmerTilbúið	raðnúmerTilbúið	existing-unreviewed		0
setCR3	setjacr3	setjacr3	existing-unreviewed		0
setDS	setjads	setjads	existing-unreviewed		0
setGS	setjags	setjags	existing-unreviewed		0
setThreadExitLoopState	setjathreadHættaloopStaða	setjathreadHættaloopStaða	existing-unreviewed		0
setupExecStack	setupKeyrastack	setupKeyrastack	existing-unreviewed		0
sh	sh	sh	existing-unreviewed		0
sh_addr	shaddress	shaddress	existing-unreviewed		0
sh_addralign	shaddralign	shaddralign	existing-unreviewed		0
sh_entsize	shentsize	shentsize	existing-unreviewed		0
sh_flags	shflags	shflags	existing-unreviewed		0
sh_info	shUpplýsingar	shUpplýsingar	existing-unreviewed		0
sh_link	shTengill	shTengill	existing-unreviewed		0
sh_name	shHeiti	shHeiti	existing-unreviewed		0
sh_offset	shoffset	shoffset	existing-unreviewed		0
sh_size	shStærð	shStærð	existing-unreviewed		0
sh_type	shTegund	shTegund	existing-unreviewed		0
shift	shiftlykill	shiftlykill	existing-unreviewed		0
signature	signature	signature	existing-unreviewed		0
size	stærð	stærð	existing-unreviewed		0
sl	sl	sl	existing-unreviewed		0
sockDatagram	sockdatagram	sockdatagram	existing-unreviewed		0
socket	sökkull	sökkull	existing-unreviewed		0
socketAddress	sökkulladdress	sökkulladdress	existing-unreviewed		0
socketAddressIPv4	sökkulladdressipv4	sökkulladdressipv4	existing-unreviewed		0
socketBind	sökkullbind	sökkullbind	existing-unreviewed		0
socketCallArgument	sökkullcallargument	sökkullcallargument	existing-unreviewed		0
socketConnect	sökkullTengjast	sökkullTengjast	existing-unreviewed		0
socketForFD	sökkullforfd	sökkullforfd	existing-unreviewed		0
socketIndex	sökkullindex	sökkullindex	existing-unreviewed		0
socketPacket	sökkullpacket	sökkullpacket	existing-unreviewed		0
socketReceiveFrom	sökkullreceivefrom	sökkullreceivefrom	existing-unreviewed		0
socketSendTo	sökkullSendato	sökkullSendato	existing-unreviewed		0
socketType	sökkullTegund	sökkullTegund	existing-unreviewed		0
sockets	sockets	sockets	existing-unreviewed		0
softName	softHeiti	softHeiti	existing-unreviewed		0
source	uppruni	uppruni	existing-unreviewed		0
sourceAddress	uppruniaddress	uppruniaddress	existing-unreviewed		0
sourceLengthAddress	uppruniLengdaddress	uppruniLengdaddress	existing-unreviewed		0
src	uppruni_2	uppruni_2	existing-unreviewed		0
srcEntry	upprunientry	upprunientry	existing-unreviewed		0
srcIP	uppruniipaddress	uppruniipaddress	existing-unreviewed		0
srcIP_BE	uppruniipaddressNetkerfibyteorder	uppruniipaddressNetkerfibyteorder	existing-unreviewed		0
srcMAC	upprunimacaddress	upprunimacaddress	existing-unreviewed		0
srcMAC_BE	upprunimacbe	upprunimacbe	existing-unreviewed		0
srcPageDir	upprunisíðamappa	upprunisíðamappa	existing-unreviewed		0
srcPde	upprunipde	upprunipde	existing-unreviewed		0
srcPdeAddr	upprunipdeaddress	upprunipdeaddress	existing-unreviewed		0
srcPort	uppruniportnumber	uppruniportnumber	pending-language-review	source_port	0
srcPt	upprunipt	upprunipt	existing-unreviewed		0
srcptr	srcptr	srcptr	existing-unreviewed		0
ss	ss	ss	existing-unreviewed		0
ss0	ss0	ss0	existing-unreviewed		0
ss1	ss1	ss1	existing-unreviewed		0
ss2	ss2	ss2	existing-unreviewed		0
st	st	st	existing-unreviewed		0
st_info	stUpplýsingar	stUpplýsingar	existing-unreviewed		0
st_name	stHeiti	stHeiti	existing-unreviewed		0
st_other	stAnnað	stAnnað	existing-unreviewed		0
st_shndx	stshndx	stshndx	existing-unreviewed		0
st_size	stStærð	stStærð	existing-unreviewed		0
st_value	stGildi	stGildi	existing-unreviewed		0
stack	stack	stack	pending-language-review	stack	0
stackBytes	stackBæti	stackBæti	existing-unreviewed		0
stackPtr	stackBendill	stackBendill	existing-unreviewed		0
stack_addr	stackaddress	stackaddress	existing-unreviewed		0
stackbottom	stackbottom	stackbottom	existing-unreviewed		0
stacktop	stacktop	stacktop	existing-unreviewed		0
start	ræsa	ræsa	existing-unreviewed		0
startOffset	ræsaoffset	ræsaoffset	existing-unreviewed		0
start_cylinder	ræsacylinder	ræsacylinder	existing-unreviewed		0
start_head	ræsahead	ræsahead	existing-unreviewed		0
start_sector	ræsasector	ræsasector	existing-unreviewed		0
startingBit	startingbit	startingbit	existing-unreviewed		0
stat	stat	stat	existing-unreviewed		0
statAddr	stataddress	stataddress	existing-unreviewed		0
status	staða_3	staða_3	existing-unreviewed		0
statusAddr	staðaaddress	staðaaddress	existing-unreviewed		0
stderrFD	stderrfd	stderrfd	existing-unreviewed		0
stdinBuffer	stdinbuffer	stdinbuffer	existing-unreviewed		0
stdinFD	stdinfd	stdinfd	existing-unreviewed		0
stdinGetBlocking	stdingetblocking	stdingetblocking	existing-unreviewed		0
stdinRead	stdinLestur	stdinLestur	existing-unreviewed		0
stdinWrite	stdinSkrift	stdinSkrift	existing-unreviewed		0
stdoutFD	stdoutfd	stdoutfd	existing-unreviewed		0
stoppedThread	stoppedthread	stoppedthread	existing-unreviewed		0
str	str	str	existing-unreviewed		0
stringAddress	strenguraddress	strenguraddress	existing-unreviewed		0
stringHeader	strengurheader	strengurheader	existing-unreviewed		0
strtab	strtab	strtab	existing-unreviewed		0
subclass_id	subclassAuðkenni	subclassAuðkenni	existing-unreviewed		0
subnetMask	subnetMöskvi	subnetMöskvi	existing-unreviewed		0
swapUint16	swapunsignedinteger16	swapunsignedinteger16	existing-unreviewed		0
switchForced	switchforced	switchforced	existing-unreviewed		0
sysAccess	sysaðgangur	sysaðgangur	existing-unreviewed		0
sysBrk	sysbrk	sysbrk	existing-unreviewed		0
sysCall	syscall	syscall	existing-unreviewed		0
sysChdir	syschdir	syschdir	existing-unreviewed		0
sysClose	sysLoka	sysLoka	existing-unreviewed		0
sysDup	sysdup	sysdup	existing-unreviewed		0
sysDup2	sysdup2	sysdup2	existing-unreviewed		0
sysExecve	sysexecve	sysexecve	existing-unreviewed		0
sysExit	sysHætta	sysHætta	existing-unreviewed		0
sysFcntl	sysfcntl	sysfcntl	existing-unreviewed		0
sysFork	sysfork	sysfork	existing-unreviewed		0
sysFstat	sysfstat	sysfstat	existing-unreviewed		0
sysFsync	sysfsync	sysfsync	existing-unreviewed		0
sysGetcwd	sysgetcwd	sysgetcwd	existing-unreviewed		0
sysLseek	syslseek	syslseek	existing-unreviewed		0
sysOpen	sysOpna	sysOpna	existing-unreviewed		0
sysRead	sysLestur	sysLestur	existing-unreviewed		0
sysSocketCall	sysSökkullcall	sysSökkullcall	existing-unreviewed		0
sysStat	sysstat	sysstat	existing-unreviewed		0
sysUname	sysuname	sysuname	existing-unreviewed		0
sysWaitpid	syswaitpid	syswaitpid	existing-unreviewed		0
sysWrite	sysSkrift	sysSkrift	existing-unreviewed		0
syscallError	syscallVilla	syscallVilla	existing-unreviewed		0
syscallID	syscallAuðkenni	syscallAuðkenni	existing-unreviewed		0
systemcall	kerfiscall	kerfiscall	existing-unreviewed		0
table	tafla	tafla	existing-unreviewed		0
tableSize	taflaStærð	taflaStærð	existing-unreviewed		0
tail	tail	tail	existing-unreviewed		0
task	verk	verk	existing-unreviewed		0
taskA	verka	verka	existing-unreviewed		0
taskB	verkb	verkb	existing-unreviewed		0
taskC	verkc	verkc	existing-unreviewed		0
taskD	verkd	verkd	existing-unreviewed		0
taskD0	verkd0	verkd0	existing-unreviewed		0
taskD1	verkd1	verkd1	existing-unreviewed		0
taskManager	verkmanager	verkmanager	existing-unreviewed		0
tasks	verkefni	verkefni	existing-unreviewed		0
temp	temporary	temporary	existing-unreviewed		0
terminated	terminated	terminated	existing-unreviewed		0
text	texti	texti	existing-unreviewed		0
textPtr	textiBendill	textiBendill	existing-unreviewed		0
text_len	textilen	textilen	existing-unreviewed		0
text_mode_check_fb_move	textiHAMURcheckfbFæra	textiHAMURcheckfbFæra	existing-unreviewed		0
text_mode_disable_cursor	textiHAMURAfvirkjaBendill	textiHAMURAfvirkjaBendill	existing-unreviewed		0
text_mode_enable_cursor	textiHAMURenableBendill	textiHAMURenableBendill	existing-unreviewed		0
text_mode_error_writer	textiHAMURVillawriter	textiHAMURVillawriter	existing-unreviewed		0
text_mode_flush_screen	textiHAMURflushscreen	textiHAMURflushscreen	existing-unreviewed		0
text_mode_init	textiHAMURinit	textiHAMURinit	existing-unreviewed		0
text_mode_print	textiHAMURPrenta	textiHAMURPrenta	existing-unreviewed		0
text_mode_print_bytes	textiHAMURPrentaBæti	textiHAMURPrentaBæti	existing-unreviewed		0
text_mode_print_char	textiHAMURPrentachar	textiHAMURPrentachar	existing-unreviewed		0
text_mode_print_char_col	textiHAMURPrentacharcol	textiHAMURPrentacharcol	existing-unreviewed		0
text_mode_print_col	textiHAMURPrentacol	textiHAMURPrentacol	existing-unreviewed		0
text_mode_print_error	textiHAMURPrentaVilla	textiHAMURPrentaVilla	existing-unreviewed		0
text_mode_print_error_bytes	textiHAMURPrentaVillaBæti	textiHAMURPrentaVillaBæti	existing-unreviewed		0
text_mode_print_errorln	textiHAMURPrentaerrorln	textiHAMURPrentaerrorln	existing-unreviewed		0
text_mode_print_hex	textiHAMURPrentahex	textiHAMURPrentahex	existing-unreviewed		0
text_mode_print_hex16	textiHAMURPrentahex16	textiHAMURPrentahex16	existing-unreviewed		0
text_mode_print_hex32	textiHAMURPrentahex32	textiHAMURPrentahex32	existing-unreviewed		0
text_mode_print_hex64	textiHAMURPrentahex64	textiHAMURPrentahex64	existing-unreviewed		0
text_mode_print_hex_char	textiHAMURPrentahexchar	textiHAMURPrentahexchar	existing-unreviewed		0
text_mode_println	textiHAMURprintln	textiHAMURprintln	existing-unreviewed		0
text_mode_println_col	textiHAMURprintlncol	textiHAMURprintlncol	existing-unreviewed		0
text_mode_update_cursor	textiHAMURUppfæraBendill	textiHAMURUppfæraBendill	existing-unreviewed		0
text_mode_writer	textiHAMURwriter	textiHAMURwriter	existing-unreviewed		0
thr2	thr2	thr2	existing-unreviewed		0
thr3	thr3	thr3	existing-unreviewed		0
thr4	thr4	thr4	existing-unreviewed		0
thread	thread	thread	existing-unreviewed		0
threadExitLoop	threadHættaloop	threadHættaloop	existing-unreviewed		0
threadHelper	threadhelper	threadhelper	existing-unreviewed		0
threadPtr	threadBendill	threadBendill	existing-unreviewed		0
tickCount	tickcount	tickcount	existing-unreviewed		0
timeDelta	tímidelta	tímidelta	existing-unreviewed		0
timeToLive	tímitolive	tímitolive	existing-unreviewed		0
timer	niðurtalning	niðurtalning	existing-unreviewed		0
tls	tls	tls	existing-unreviewed		0
tmp	tmp	tmp	existing-unreviewed		0
tmpPtr	tmpBendill	tmpBendill	existing-unreviewed		0
tos	tos	tos	existing-unreviewed		0
totalLength	totalLengd	totalLengd	existing-unreviewed		0
totalSectorCount	totalsectorcount	totalsectorcount	existing-unreviewed		0
totalSectors	totalsectors	totalsectors	existing-unreviewed		0
trap	trap	trap	existing-unreviewed		0
tss	tss	tss	existing-unreviewed		0
tssIndex	tssindex	tssindex	existing-unreviewed		0
udp	udp	udp	existing-unreviewed		0
udpHandler	udphandler	udphandler	existing-unreviewed		0
udpHeaderSize	udpheaderStærð	udpheaderStærð	existing-unreviewed		0
udpProvider	udpprovider	udpprovider	existing-unreviewed		0
udp콘솔	udpconsole	udpconsole	existing-unreviewed		0
unused	ónotað	ónotað	existing-unreviewed		0
used	notað	notað	existing-unreviewed		0
usedBlocks	notaðBlokk	notaðBlokk	existing-unreviewed		0
user1addr	notandi1address	notandi1address	existing-unreviewed		0
user1data	notandi1data	notandi1data	existing-unreviewed		0
user1entry	notandi1entry	notandi1entry	existing-unreviewed		0
user1file	notandi1Skrá	notandi1Skrá	existing-unreviewed		0
user2addr	notandi2address	notandi2address	existing-unreviewed		0
user2data	notandi2data	notandi2data	existing-unreviewed		0
user2entry	notandi2entry	notandi2entry	existing-unreviewed		0
user2file	notandi2Skrá	notandi2Skrá	existing-unreviewed		0
user3addr	notandi3address	notandi3address	existing-unreviewed		0
user3data	notandi3data	notandi3data	existing-unreviewed		0
user3entry	notandi3entry	notandi3entry	existing-unreviewed		0
user3file	notandi3Skrá	notandi3Skrá	existing-unreviewed		0
userHeapBase	notandiheapbase	notandiheapbase	existing-unreviewed		0
userHeapLimit	notandiheaplimit	notandiheaplimit	existing-unreviewed		0
user_esp	notandiesp	notandiesp	existing-unreviewed		0
userhandler	userhandler	userhandler	existing-unreviewed		0
userproc_entry	userprocentry	userprocentry	existing-unreviewed		0
util	util	util	existing-unreviewed		0
util콘솔	utilconsole	utilconsole	existing-unreviewed		0
v	v	v	existing-unreviewed		0
vAddr	vaddress	vaddress	existing-unreviewed		0
value	gildi	gildi	existing-unreviewed		0
values	gildi_2	gildi_2	existing-unreviewed		0
version	version	version	existing-unreviewed		0
vga	vga	vga	existing-unreviewed		0
virtlen	virtlen	virtlen	existing-unreviewed		0
virtmem	sýndarMinni	sýndarMinni	existing-unreviewed		0
virtualAddr	sýndaraddress	sýndaraddress	existing-unreviewed		0
volumeId	hljóðstyrkurAuðkenni	hljóðstyrkurAuðkenni	existing-unreviewed		0
volumeLabel	hljóðstyrkurSkýring	hljóðstyrkurSkýring	existing-unreviewed		0
w	w	w	existing-unreviewed		0
wDate	wDagsetning	wDagsetning	existing-unreviewed		0
wTime	wTími	wTími	existing-unreviewed		0
waitPS2InputEmpty	bíðaps2InntakTómt	bíðaps2InntakTómt	existing-unreviewed		0
waitPS2OutputFull	bíðaps2outputMikið	bíðaps2outputMikið	existing-unreviewed		0
wdata	wdata	wdata	existing-unreviewed		0
whence	whence	whence	existing-unreviewed		0
widget	viðmótshlutiwidget	viðmótshlutiwidget	existing-unreviewed		0
width	breidd	breidd	existing-unreviewed		0
writePS2Command	skriftps2Skipun	skriftps2Skipun	existing-unreviewed		0
writePS2Data	skriftps2data	skriftps2data	existing-unreviewed		0
write_count	skriftcount	skriftcount	existing-unreviewed		0
x	x	x	existing-unreviewed		0
xPageDir	xsíðamappa	xsíðamappa	existing-unreviewed		0
xPos	xStaða	xStaða	existing-unreviewed		0
y	y	y	existing-unreviewed		0
yPageDir	ysíðamappa	ysíðamappa	existing-unreviewed		0
yPos	yStaða	yStaða	existing-unreviewed		0
값	gildi_3	gildi_3	existing-unreviewed		0
공용서술자테이블	shareddescriptorTafla	shareddescriptorTafla	existing-unreviewed		0
기준	base_2	base_2	existing-unreviewed		0
기준_낮은	baseLágt_2	baseLágt_2	existing-unreviewed		0
기준_높은	baseHátt_2	baseHátt_2	existing-unreviewed		0
기준_매우높은	baseveryHátt	baseveryHátt	existing-unreviewed		0
기준주소	baseaddress	baseaddress	existing-unreviewed		0
넷카드콘솔	netkerficardconsole	netkerficardconsole	existing-unreviewed		0
단말기	terminal	terminal	existing-unreviewed		0
마우스콘솔	músconsole	músconsole	existing-unreviewed		0
매개값	argumentGildi	argumentGildi	existing-unreviewed		0
멈추기	halt	halt	existing-unreviewed		0
목적	áfangastaður_3	áfangastaður_3	existing-unreviewed		0
유형	tegund	tegund	existing-unreviewed		0
이더넷콘솔	ethernetconsole	ethernetconsole	existing-unreviewed		0
인터럽트무시하기	interruptignore	interruptignore	existing-unreviewed		0
인터럽트예외처리기	interruptexceptionhandler	interruptexceptionhandler	existing-unreviewed		0
인터럽트예외처리기0x00	interruptexceptionhandler0x00	interruptexceptionhandler0x00	existing-unreviewed		0
인터럽트예외처리기0x01	interruptexceptionhandler0x01	interruptexceptionhandler0x01	existing-unreviewed		0
인터럽트예외처리기0x02	interruptexceptionhandler0x02	interruptexceptionhandler0x02	existing-unreviewed		0
인터럽트예외처리기0x03	interruptexceptionhandler0x03	interruptexceptionhandler0x03	existing-unreviewed		0
인터럽트예외처리기0x04	interruptexceptionhandler0x04	interruptexceptionhandler0x04	existing-unreviewed		0
인터럽트예외처리기0x05	interruptexceptionhandler0x05	interruptexceptionhandler0x05	existing-unreviewed		0
인터럽트예외처리기0x06	interruptexceptionhandler0x06	interruptexceptionhandler0x06	existing-unreviewed		0
인터럽트예외처리기0x07	interruptexceptionhandler0x07	interruptexceptionhandler0x07	existing-unreviewed		0
인터럽트예외처리기0x08	interruptexceptionhandler0x08	interruptexceptionhandler0x08	existing-unreviewed		0
인터럽트예외처리기0x09	interruptexceptionhandler0x09	interruptexceptionhandler0x09	existing-unreviewed		0
인터럽트예외처리기0x0A	interruptexceptionhandler0x0a	interruptexceptionhandler0x0a	existing-unreviewed		0
인터럽트예외처리기0x0B	interruptexceptionhandler0x0b	interruptexceptionhandler0x0b	existing-unreviewed		0
인터럽트예외처리기0x0C	interruptexceptionhandler0x0c	interruptexceptionhandler0x0c	existing-unreviewed		0
인터럽트예외처리기0x0D	interruptexceptionhandler0x0d	interruptexceptionhandler0x0d	existing-unreviewed		0
인터럽트예외처리기0x0E	interruptexceptionhandler0x0e	interruptexceptionhandler0x0e	existing-unreviewed		0
인터럽트예외처리기0x0F	interruptexceptionhandler0x0f	interruptexceptionhandler0x0f	existing-unreviewed		0
인터럽트예외처리기0x10	interruptexceptionhandler0x10	interruptexceptionhandler0x10	existing-unreviewed		0
인터럽트예외처리기0x11	interruptexceptionhandler0x11	interruptexceptionhandler0x11	existing-unreviewed		0
인터럽트예외처리기0x12	interruptexceptionhandler0x12	interruptexceptionhandler0x12	existing-unreviewed		0
인터럽트예외처리기0x13	interruptexceptionhandler0x13	interruptexceptionhandler0x13	existing-unreviewed		0
인터럽트요청처리0x00	interruptrequesthandler0x00	interruptrequesthandler0x00	existing-unreviewed		0
인터럽트요청처리0x01	interruptrequesthandler0x01	interruptrequesthandler0x01	existing-unreviewed		0
인터럽트요청처리0x02	interruptrequesthandler0x02	interruptrequesthandler0x02	existing-unreviewed		0
인터럽트요청처리0x03	interruptrequesthandler0x03	interruptrequesthandler0x03	existing-unreviewed		0
인터럽트요청처리0x04	interruptrequesthandler0x04	interruptrequesthandler0x04	existing-unreviewed		0
인터럽트요청처리0x05	interruptrequesthandler0x05	interruptrequesthandler0x05	existing-unreviewed		0
인터럽트요청처리0x06	interruptrequesthandler0x06	interruptrequesthandler0x06	existing-unreviewed		0
인터럽트요청처리0x07	interruptrequesthandler0x07	interruptrequesthandler0x07	existing-unreviewed		0
인터럽트요청처리0x08	interruptrequesthandler0x08	interruptrequesthandler0x08	existing-unreviewed		0
인터럽트요청처리0x09	interruptrequesthandler0x09	interruptrequesthandler0x09	existing-unreviewed		0
인터럽트요청처리0x0A	interruptrequesthandler0x0a	interruptrequesthandler0x0a	existing-unreviewed		0
인터럽트요청처리0x0B	interruptrequesthandler0x0b	interruptrequesthandler0x0b	existing-unreviewed		0
인터럽트요청처리0x0C	interruptrequesthandler0x0c	interruptrequesthandler0x0c	existing-unreviewed		0
인터럽트요청처리0x0D	interruptrequesthandler0x0d	interruptrequesthandler0x0d	existing-unreviewed		0
인터럽트요청처리0x0E	interruptrequesthandler0x0e	interruptrequesthandler0x0e	existing-unreviewed		0
인터럽트요청처리0x0F	interruptrequesthandler0x0f	interruptrequesthandler0x0f	existing-unreviewed		0
인터럽트요청처리0x80	interruptrequesthandler0x80	interruptrequesthandler0x80	existing-unreviewed		0
인터럽트요청처리0x81	interruptrequesthandler0x81	interruptrequesthandler0x81	existing-unreviewed		0
인터럽트요청처리0x82	interruptrequesthandler0x82	interruptrequesthandler0x82	existing-unreviewed		0
인터럽트처리기	interrupthandler_2	interrupthandler_2	existing-unreviewed		0
임시	temporary_2	temporary_2	existing-unreviewed		0
자료	data_2	data_2	existing-unreviewed		0
자신	sjálft_2	sjálft_2	existing-unreviewed		0
작업관리자	verkmanager_2	verkmanager_2	existing-unreviewed		0
작업콘솔	verkconsole	verkconsole	existing-unreviewed		0
조각설명자	segmentdescriptor	segmentdescriptor	existing-unreviewed		0
콘솔	console_2	console_2	existing-unreviewed		0
크기	stærð_2	stærð_2	existing-unreviewed		0
키보드콘솔	lyklaborðconsole	lyklaborðconsole	existing-unreviewed		0
표시들	flags_2	flags_2	existing-unreviewed		0
표시들_한도_높은	flagslimitHátt	flagslimitHátt	existing-unreviewed		0
한도	limit_2	limit_2	existing-unreviewed		0
한도_낮은	limitLágt_2	limitLágt_2	existing-unreviewed		0
