original	before	after	review_status	concept	changed_tokens
Activate	Pokreni	Pokreni	existing-unreviewed		0
ActivateAll	PokreniSve	PokreniSve	existing-unreviewed		0
Active	Aktivna	Aktivna	existing-unreviewed		0
ActiveInterruptManager	AktivnaОметањеmanager	AktivnaОметањеmanager	existing-unreviewed		0
ActiveMemoryManager	AktivnaMemorijamanager	AktivnaMemorijamanager	existing-unreviewed		0
Add	Додај	Додај	existing-unreviewed		0
AddDriver	Додајdriver	Додајdriver	existing-unreviewed		0
AddRunnableThread	Додајrunnablethread	Додајrunnablethread	existing-unreviewed		0
AddTask	ДодајЗадатак	ДодајЗадатак	existing-unreviewed		0
AddThread	Додајthread	Додајthread	existing-unreviewed		0
Address	Address	Address	existing-unreviewed		0
AlignedMalloc	Alignedmalloc	Alignedmalloc	existing-unreviewed		0
AlignmentCheck	Alignmentcheck	Alignmentcheck	existing-unreviewed		0
AllocateBlock	AllocateBlok	AllocateBlok	existing-unreviewed		0
AllocatePID	AllocateПИД	AllocateПИД	existing-unreviewed		0
AmountOfMemory	IznosodMemorija	IznosodMemorija	existing-unreviewed		0
ArrayToUint16	Низtounsignedinteger16	Низtounsignedinteger16	existing-unreviewed		0
ArrayToUint32	Низtounsignedinteger32	Низtounsignedinteger32	existing-unreviewed		0
ArrayToUint48	Низtounsignedinteger48	Низtounsignedinteger48	existing-unreviewed		0
ArrayToUint48_BE	Низtounsignedinteger48be	Низtounsignedinteger48be	existing-unreviewed		0
ArrayToUint64	Низtounsignedinteger64	Низtounsignedinteger64	existing-unreviewed		0
Atime	Atime	Atime	existing-unreviewed		0
AtimeNsec	Atimensec	Atimensec	existing-unreviewed		0
BLOCKS_PER_BYTE	Blokperbyte	Blokperbyte	existing-unreviewed		0
BLOCK_SIZE	BlokВеличина	BlokВеличина	existing-unreviewed		0
Backend	Backend	Backend	existing-unreviewed		0
BaseAddr	Baseaddress	Baseaddress	existing-unreviewed		0
Bind	Bind	Bind	existing-unreviewed		0
Blksize	Blksize	Blksize	existing-unreviewed		0
Blocked	Blocked	Blocked	existing-unreviewed		0
BlockedState	BlockedСтање	BlockedСтање	existing-unreviewed		0
Blocks	Blok	Blok	existing-unreviewed		0
BoundRangeExceeded	BoundOpsegexceeded	BoundOpsegexceeded	existing-unreviewed		0
BroadcastMacAddress	Broadcastmacaddress	Broadcastmacaddress	existing-unreviewed		0
BytesPerSector	Bajtovapersector	Bajtovapersector	existing-unreviewed		0
BytesToString	Bajtovatoниска	Bajtovatoниска	existing-unreviewed		0
Checksum	Checksum	Checksum	existing-unreviewed		0
Clear	Очисти	Очисти	existing-unreviewed		0
Clone	Clone	Clone	existing-unreviewed		0
CloneAddressSpaceCOW	Cloneaddressrazmakcow	Cloneaddressrazmakcow	existing-unreviewed		0
Connect	Povežise	Povežise	existing-unreviewed		0
ContainsCoordinate	Containscoordinate	Containscoordinate	existing-unreviewed		0
CopyPageFrameBlock	УмножиlistOkvirBlok	УмножиlistOkvirBlok	existing-unreviewed		0
CpuState	ПроцесорСтање	ПроцесорСтање	existing-unreviewed		0
Create	Create	Create	existing-unreviewed		0
CreateFromData	Createsadata	Createsadata	existing-unreviewed		0
CreateFromFunction	Createsaфункција	Createsaфункција	existing-unreviewed		0
CreatePtrFromFunction	CreatePokazivačsaфункција	CreatePokazivačsaфункција	existing-unreviewed		0
Cs	Cs	Cs	existing-unreviewed		0
Ctime	Ctime	Ctime	existing-unreviewed		0
CtimeNsec	Ctimensec	Ctimensec	existing-unreviewed		0
CurrentPID	ТренутноПИД	ТренутноПИД	existing-unreviewed		0
CurrentParentPID	ТренутноnadređeniПИД	ТренутноnadređeniПИД	existing-unreviewed		0
Data	Data	Data	compatibility		0
Deactivate	Obustavi	Obustavi	existing-unreviewed		0
Deactive	Deactive	Deactive	existing-unreviewed		0
Decrement	Decrement	Decrement	existing-unreviewed		0
Delete	Обриши	Обриши	existing-unreviewed		0
DescriptorPrivilegeLevel	Descriptorprivilegelevel	Descriptorprivilegelevel	existing-unreviewed		0
DescriptorType	DescriptorВрста	DescriptorВрста	existing-unreviewed		0
Destroy	Уништи	Уништи	existing-unreviewed		0
Dev	Уређај	Уређај	existing-unreviewed		0
DeviceHasFunctions	УређајХасФункције	УређајХасФункције	existing-unreviewed		0
DeviceNotAvailable	УређајnotRaspoloživo	УређајnotRaspoloživo	existing-unreviewed		0
Device_id	УређајIB	УређајIB	existing-unreviewed		0
DisableInt	ИскључиЦелиброј	ИскључиЦелиброј	existing-unreviewed		0
Disconnect	Prekinivezu	Prekinivezu	existing-unreviewed		0
DivideByZero	Dividebyzero	Dividebyzero	existing-unreviewed		0
DoHandleInterrupt	DoРучкаОметање	DoРучкаОметање	existing-unreviewed		0
DoubleFault	Двострукоfault	Двострукоfault	existing-unreviewed		0
Draw	Draw	Draw	existing-unreviewed		0
DriverManager	Drivermanager	Drivermanager	existing-unreviewed		0
Ds	Ds	Ds	existing-unreviewed		0
Dynamic	Rastegǉivo	Rastegǉivo	existing-unreviewed		0
E2BIG	E2big	E2big	existing-unreviewed		0
EACCES	Eacces	Eacces	existing-unreviewed		0
EADDRINUSE	Eaddrinuse	Eaddrinuse	existing-unreviewed		0
EAFNOSUPPORT	Eafnosupport	Eafnosupport	existing-unreviewed		0
EAGAIN	Eagain	Eagain	existing-unreviewed		0
EBADF	Ebadf	Ebadf	existing-unreviewed		0
EBUSY	Ebusy	Ebusy	existing-unreviewed		0
ECHILD	Echild	Echild	existing-unreviewed		0
EEXIST	Eexist	Eexist	existing-unreviewed		0
EFAULT	Efault	Efault	existing-unreviewed		0
EFBIG	Efbig	Efbig	existing-unreviewed		0
EINTR	Eintr	Eintr	existing-unreviewed		0
EINVAL	Einval	Einval	existing-unreviewed		0
EIO	Eio	Eio	existing-unreviewed		0
EISDIR	Eisdir	Eisdir	existing-unreviewed		0
EMFILE	Emfile	Emfile	existing-unreviewed		0
EMSGSIZE	Emsgsize	Emsgsize	existing-unreviewed		0
ENETUNREACH	Enetunreach	Enetunreach	existing-unreviewed		0
ENFILE	Enfile	Enfile	existing-unreviewed		0
ENODEV	Enodev	Enodev	existing-unreviewed		0
ENOENT	Enoent	Enoent	existing-unreviewed		0
ENOEXEC	Enoexec	Enoexec	existing-unreviewed		0
ENOMEM	Enomem	Enomem	existing-unreviewed		0
ENOSPC	Enospc	Enospc	existing-unreviewed		0
ENOSYS	Enosys	Enosys	existing-unreviewed		0
ENOTCONN	Enotconn	Enotconn	existing-unreviewed		0
ENOTDIR	Enotdir	Enotdir	existing-unreviewed		0
ENOTTY	Enotty	Enotty	existing-unreviewed		0
EOPNOTSUPP	Eopnotsupp	Eopnotsupp	existing-unreviewed		0
EPERM	Eperm	Eperm	existing-unreviewed		0
EPROTONOSUPPORT	Eprotonosupport	Eprotonosupport	existing-unreviewed		0
ERANGE	Erange	Erange	existing-unreviewed		0
EROFS	Erofs	Erofs	existing-unreviewed		0
ESPIPE	Espipe	Espipe	existing-unreviewed		0
ESRCH	Esrch	Esrch	existing-unreviewed		0
Eax	Eax	Eax	existing-unreviewed		0
Ebp	Ebp	Ebp	existing-unreviewed		0
Ebx	Ebx	Ebx	existing-unreviewed		0
Ecx	Ecx	Ecx	existing-unreviewed		0
Edi	Edi	Edi	existing-unreviewed		0
Edx	Edx	Edx	existing-unreviewed		0
Eflags	Eflags	Eflags	existing-unreviewed		0
Eip	Eip	Eip	existing-unreviewed		0
Elf	Elf	Elf	existing-unreviewed		0
Elf32Dyn	Elf32dyn	Elf32dyn	existing-unreviewed		0
Elf32Note	Elf32Белешка	Elf32Белешка	existing-unreviewed		0
Elf32Rel	Elf32rel	Elf32rel	existing-unreviewed		0
Elf32Rela	Elf32rela	Elf32rela	existing-unreviewed		0
Elf32Sym	Elf32sym	Elf32sym	existing-unreviewed		0
ElfHeader	Elfheader	Elfheader	existing-unreviewed		0
ElfProgramHeader	Elfпрограмheader	Elfпрограмheader	existing-unreviewed		0
ElfSectionHeader	Elfsectionheader	Elfsectionheader	existing-unreviewed		0
EnablePaging	Укљученоpaging	Укљученоpaging	existing-unreviewed		0
Enabled	Омогућено	Омогућено	existing-unreviewed		0
EntryNumber	Уносброј	Уносброј	existing-unreviewed		0
EqualBytes	ИстаBajtova	ИстаBajtova	existing-unreviewed		0
Es	Es	Es	existing-unreviewed		0
Esi	Esi	Esi	existing-unreviewed		0
Esp	Esp	Esp	existing-unreviewed		0
FPUBuffer	Fpubuffer	Fpubuffer	existing-unreviewed		0
FPUOffset	Fpuoffset	Fpuoffset	existing-unreviewed		0
Family	Family	Family	existing-unreviewed		0
FileName	ДатотекаНазив	ДатотекаНазив	existing-unreviewed		0
Fill	Fill	Fill	existing-unreviewed		0
FillRectangle	FillPravougaonik	FillPravougaonik	existing-unreviewed		0
First	First	First	existing-unreviewed		0
FirstFree	FirstSlobodno	FirstSlobodno	existing-unreviewed		0
FirstFreeSize	FirstSlobodnoВеличина	FirstSlobodnoВеличина	existing-unreviewed		0
Flags	Parametri	Parametri	existing-unreviewed		0
FloatingPointException	Lebdećipointexception	Lebdećipointexception	existing-unreviewed		0
Flush	Flush	Flush	existing-unreviewed		0
FlushTlsTable	FlushtlsTabela	FlushtlsTabela	existing-unreviewed		0
Focussable	Focussable	Focussable	existing-unreviewed		0
Free	Slobodno	Slobodno	existing-unreviewed		0
Fs	Fs	Fs	existing-unreviewed		0
GB	ГБ	ГБ	existing-unreviewed		0
GDT_ENTRIES	Gdtунос	Gdtунос	existing-unreviewed		0
GOT	Got	Got	existing-unreviewed		0
GPFException	Gpfexception	Gpfexception	existing-unreviewed		0
GatewayIP	Gatewayip	Gatewayip	existing-unreviewed		0
GdtAddressHigh	GdtaddressВисока	GdtaddressВисока	existing-unreviewed		0
GdtAddressLow	GdtaddressTiho	GdtaddressTiho	existing-unreviewed		0
GdtDescriptor	Gdtdescriptor	Gdtdescriptor	existing-unreviewed		0
GdtEntry	Gdtунос_2	Gdtунос_2	existing-unreviewed		0
GdtSize	GdtВеличина	GdtВеличина	existing-unreviewed		0
GetAt	Getat	Getat	existing-unreviewed		0
GetBackend	Getbackend	Getbackend	existing-unreviewed		0
GetBaseAddressRegister	Getbaseaddressregister	Getbaseaddressregister	existing-unreviewed		0
GetBitmaspSize	GetbitmaspВеличина	GetbitmaspВеличина	existing-unreviewed		0
GetBytesFromPtr	GetBajtovasaPokazivač	GetBajtovasaPokazivač	existing-unreviewed		0
GetCR0	Getcr0	Getcr0	existing-unreviewed		0
GetCR2	Getcr2	Getcr2	existing-unreviewed		0
GetCR3	Getcr3	Getcr3	existing-unreviewed		0
GetCR4	Getcr4	Getcr4	existing-unreviewed		0
GetColorIndex	GetБојаPopis	GetБојаPopis	existing-unreviewed		0
GetDeviceDescriptor	GetУређајdescriptor	GetУређајdescriptor	existing-unreviewed		0
GetDriver	Getdriver	Getdriver	existing-unreviewed		0
GetESP0	Getesp0	Getesp0	existing-unreviewed		0
GetEntry	Getунос	Getунос	existing-unreviewed		0
GetFileSize	GetДатотекаВеличина	GetДатотекаВеличина	existing-unreviewed		0
GetFocus	GetЖижа	GetЖижа	existing-unreviewed		0
GetFrameBufferSegment	GetOkvirbuffersegment	GetOkvirbuffersegment	existing-unreviewed		0
GetFuncPtrFromPtr	GetfuncPokazivačsaPokazivač	GetfuncPokazivačsaPokazivač	existing-unreviewed		0
GetFunctionName	GetфункцијаНазив	GetфункцијаНазив	existing-unreviewed		0
GetHandler	Gethandler	Gethandler	existing-unreviewed		0
GetIPAddress	Getipaddress	Getipaddress	existing-unreviewed		0
GetMACAddress	Getmacaddress	Getmacaddress	existing-unreviewed		0
GetMACFromCache	Getmacsacache	Getmacsacache	existing-unreviewed		0
GetNextReadyThread	GetСледећеСпреманthread	GetСледећеСпреманthread	existing-unreviewed		0
GetNodeAt	GetЧворat	GetЧворat	existing-unreviewed		0
GetProvider	Providerget	Providerget	existing-unreviewed		0
GetSS0	Getss0	Getss0	existing-unreviewed		0
GetStr	Getstr	Getstr	existing-unreviewed		0
GetUint32ArrayFromPtr	Getunsignedinteger32НизsaPokazivač	Getunsignedinteger32НизsaPokazivač	existing-unreviewed		0
GetUintptrArrayFromPtr	GetunsignedintegerPokazivačНизsaPokazivač	GetunsignedintegerPokazivačНизsaPokazivač	existing-unreviewed		0
GetValue	GetВредност	GetВредност	existing-unreviewed		0
GetValueInPageDir	GetВредностПримљеноlistDirektorijum	GetВредностПримљеноlistDirektorijum	existing-unreviewed		0
Gid	Gid	Gid	existing-unreviewed		0
Gs	Gs	Gs	existing-unreviewed		0
HandleException	Ручкаexception	Ручкаexception	existing-unreviewed		0
HandleFatalInterruptFrame	РучкаfatalОметањеOkvir	РучкаfatalОметањеOkvir	existing-unreviewed		0
HandleInterrupt	РучкаОметање	РучкаОметање	existing-unreviewed		0
HandleInterrupt1	РучкаОметање1	РучкаОметање1	existing-unreviewed		0
HandleUserDatagramProtocolMessage	РучкаKorisnikdatagramprotocolпорука	РучкаKorisnikdatagramprotocolпорука	existing-unreviewed		0
IDT_DESC_PRESENT	IdtdescriptorPrisutno	IdtdescriptorPrisutno	existing-unreviewed		0
IDT_INTERRUPT_GATE	IdtОметањеgate	IdtОметањеgate	existing-unreviewed		0
IDriver	IDriver	IDriver	existing-unreviewed		0
IEtherFrameHandler	IŽičanavezaOkvirhandler	IŽičanavezaOkvirhandler	existing-unreviewed		0
IInternetProtocolHandler	IИнтернетprotocolhandler	IИнтернетprotocolhandler	existing-unreviewed		0
IInterruptHandler	IОметањеhandler	IОметањеhandler	existing-unreviewed		0
IKeyboardEventHandler	IТастатураДогађајhandler	IТастатураДогађајhandler	existing-unreviewed		0
IMouseEventHandler	IМишДогађајhandler	IМишДогађајhandler	existing-unreviewed		0
IPCIControllerHandler	Ipcicontrollerhandler	Ipcicontrollerhandler	existing-unreviewed		0
IPCache	Ipcache	Ipcache	existing-unreviewed		0
IP_BE	IpМрежаbyteorder	IpМрежаbyteorder	existing-unreviewed		0
IRawDataHandler	IRawdatahandler	IRawdatahandler	existing-unreviewed		0
ITimerEventHandler	IОдбројавачДогађајhandler	IОдбројавачДогађајhandler	existing-unreviewed		0
IUserDatagramProtocolHandler	IKorisnikdatagramprotocolhandler	IKorisnikdatagramprotocolhandler	existing-unreviewed		0
IUserDatagramProtocolSocket	IKorisnikdatagramprotocolПрикључница	IKorisnikdatagramprotocolПрикључница	existing-unreviewed		0
IWidget	IKontrola	IKontrola	pending-language-review	widget	0
Identify	Identify	Identify	existing-unreviewed		0
Increment	Increment	Increment	existing-unreviewed		0
IndexOf	Popisod	Popisod	existing-unreviewed		0
Init	Init	Init	existing-unreviewed		0
InitDriver	Initdriver	Initdriver	existing-unreviewed		0
InitialThreadUserJump	InitialthreadKorisnikjump	InitialthreadKorisnikjump	existing-unreviewed		0
Ino	Ino	Ino	existing-unreviewed		0
Install	Instaliraj	Instaliraj	existing-unreviewed		0
Interrupt	Ометање	Ометање	existing-unreviewed		0
InterruptActive	ОметањеAktivna	ОметањеAktivna	existing-unreviewed		0
InterruptDeactive	Ометањеdeactive	Ометањеdeactive	existing-unreviewed		0
InterruptManager	Ометањеmanager	Ометањеmanager	existing-unreviewed		0
InterruptNumber	Ометањеброј	Ометањеброј	existing-unreviewed		0
InvalidOpcode	Neispravnoopcode	Neispravnoopcode	existing-unreviewed		0
InvalidTSS	Neispravnotss	Neispravnotss	existing-unreviewed		0
IsKernel	Iskernel	Iskernel	existing-unreviewed		0
IsPresent	IsPrisutno	IsPrisutno	existing-unreviewed		0
IsUserSpace	IsKorisnikrazmak	IsKorisnikrazmak	existing-unreviewed		0
KB	КБ	КБ	existing-unreviewed		0
KCS_INDEX	KcsPopis	KcsPopis	existing-unreviewed		0
KCS_SELECTOR	Kcsselector	Kcsselector	existing-unreviewed		0
KDS_INDEX	KdsPopis	KdsPopis	existing-unreviewed		0
KDS_SELECTOR	Kdsselector	Kdsselector	existing-unreviewed		0
KERNEL_HEAP_START	KernelheapPokreni	KernelheapPokreni	existing-unreviewed		0
KERNEL_VIRT_ADDR	Kernelvirtaddress	Kernelvirtaddress	existing-unreviewed		0
KGS_INDEX	KgsPopis	KgsPopis	existing-unreviewed		0
KGS_SELECTOR	Kgsselector	Kgsselector	existing-unreviewed		0
K핵심	KKernelEntry	KKernelEntry	compatibility		0
LIDT	Lidt	Lidt	existing-unreviewed		0
Last	Задња	Задња	existing-unreviewed		0
Len	Len	Len	compatibility		0
Limit	Ограничи	Ограничи	existing-unreviewed		0
Link	Веза	Веза	existing-unreviewed		0
LinkMap	Везаmap	Везаmap	existing-unreviewed		0
LinkedList	LinkedSpisak	LinkedSpisak	existing-unreviewed		0
Listen	Listen	Listen	existing-unreviewed		0
LoadElf	Оптерећењеelf	Оптерећењеelf	existing-unreviewed		0
MAC	Mac	Mac	existing-unreviewed		0
MAC0	Mac0	Mac0	existing-unreviewed		0
MAC1	Mac1	Mac1	existing-unreviewed		0
MAC2	Mac2	Mac2	existing-unreviewed		0
MAC3	Mac3	Mac3	existing-unreviewed		0
MAC4	Mac4	Mac4	existing-unreviewed		0
MAC5	Mac5	Mac5	existing-unreviewed		0
MACAddress0Port	Macaddress0Порт	Macaddress0Порт	existing-unreviewed		0
MACAddress2Port	Macaddress2Порт	Macaddress2Порт	existing-unreviewed		0
MACAddress4Port	Macaddress4Порт	Macaddress4Порт	existing-unreviewed		0
MACCache	Maccache	Maccache	existing-unreviewed		0
MAX_QUEUE_SIZE	МаксqueueВеличина	МаксqueueВеличина	existing-unreviewed		0
MB	МБ	МБ	existing-unreviewed		0
MBR	Mbr	Mbr	existing-unreviewed		0
MHex출력	MHexadecimalŠtampaj	MHexadecimalŠtampaj	existing-unreviewed		0
MHex출력XY	MHexadecimalŠtampajxy	MHexadecimalŠtampajxy	existing-unreviewed		0
MUint16출력	MUnsignedinteger16Štampaj	MUnsignedinteger16Štampaj	existing-unreviewed		0
MUint16출력XY	MUnsignedinteger16Štampajxy	MUnsignedinteger16Štampajxy	existing-unreviewed		0
MUint32출력	MUnsignedinteger32Štampaj	MUnsignedinteger32Štampaj	existing-unreviewed		0
MUint32출력XY	MUnsignedinteger32Štampajxy	MUnsignedinteger32Štampajxy	existing-unreviewed		0
MUint64출력	MUnsignedinteger64Štampaj	MUnsignedinteger64Štampaj	existing-unreviewed		0
MUint64출력XY	MUnsignedinteger64Štampajxy	MUnsignedinteger64Štampajxy	existing-unreviewed		0
Machine	Machine	Machine	existing-unreviewed		0
MachineCheck	Machinecheck	Machinecheck	existing-unreviewed		0
MakeRangePrivateWritable	MakeOpsegPrivatnowritable	MakeOpsegPrivatnowritable	existing-unreviewed		0
Malloc	Malloc	Malloc	pending-language-review	allocate_memory	0
MemCmp	Memcmp	Memcmp	existing-unreviewed		0
MemCpy	MemУмножи	MemУмножи	existing-unreviewed		0
MemMove	MemПремести	MemПремести	existing-unreviewed		0
MemSet	Memскуп	Memскуп	existing-unreviewed		0
MemoryOper	Memorijaoper	Memorijaoper	existing-unreviewed		0
Mode	REŽIM	REŽIM	existing-unreviewed		0
ModelToScreen	Моделtoscreen	Set_local_coordinates	pending-language-review	set_coordinates	5
Mtime	Mtime	Mtime	existing-unreviewed		0
MtimeNsec	Mtimensec	Mtimensec	existing-unreviewed		0
MyHandleInterrupt	MyРучкаОметање	MyРучкаОметање	existing-unreviewed		0
MyTest	MyТест	MyТест	existing-unreviewed		0
M긴급로그Hex8	MEmergencyДневникhexadecimal8	MEmergencyДневникhexadecimal8	existing-unreviewed		0
M긴급로그Uint32	MEmergencyДневникunsignedinteger32	MEmergencyДневникunsignedinteger32	existing-unreviewed		0
M긴급로그문자열	MEmergencyДневникниска	MEmergencyДневникниска	existing-unreviewed		0
M직렬로그초기화	MСеријскиДневникinit	MСеријскиДневникinit	existing-unreviewed		0
M출력	MŠtampaj	MŠtampaj	existing-unreviewed		0
M출력BytesXY	MŠtampajBajtovaxy	MŠtampajBajtovaxy	existing-unreviewed		0
M출력Hex	MŠtampajhexadecimal	MŠtampajhexadecimal	existing-unreviewed		0
M출력Uint16	MŠtampajunsignedinteger16	MŠtampajunsignedinteger16	existing-unreviewed		0
M출력Uint32	MŠtampajunsignedinteger32	MŠtampajunsignedinteger32	existing-unreviewed		0
M출력XY	MŠtampajxy	MŠtampajxy	existing-unreviewed		0
M테스트	M테스트	M테스트	existing-unreviewed		0
NMI	Нми	Нми	existing-unreviewed		0
New	Нова	Нова	existing-unreviewed		0
NewInterruptHandler	НоваОметањеhandler	НоваОметањеhandler	existing-unreviewed		0
Next	Следеће	Следеће	existing-unreviewed		0
Nlink	Nlink	Nlink	existing-unreviewed		0
Node	Чвор	Чвор	pending-language-review	list_node	0
Nodename	Nodename	Nodename	existing-unreviewed		0
OnEtherFrameReceived	ŽičanavezaOkvirreceivewhen	ŽičanavezaOkvirreceivewhen	existing-unreviewed		0
OnGetDriver	Nagetdriver	Nagetdriver	existing-unreviewed		0
OnInternetProtocolReceived	Интернетprotocolreceivewhen	Интернетprotocolreceivewhen	existing-unreviewed		0
OnKeyDown	NaКључНиже	NaКључНиже	existing-unreviewed		0
OnKeyUp	NaКључGore	NaКључGore	existing-unreviewed		0
OnMouseDown	NaМишНиже	NaМишНиже	existing-unreviewed		0
OnMouseMove	NaМишПремести	NaМишПремести	existing-unreviewed		0
OnMouseUp	NaМишGore	NaМишGore	existing-unreviewed		0
OnRawDataReceived	Narawdatareceive	Narawdatareceive	existing-unreviewed		0
OnTick	Natick	Natick	existing-unreviewed		0
Overflow	Overflow	Overflow	existing-unreviewed		0
P1LinkMap	PВредност1Везаmap	PВредност1Везаmap	existing-unreviewed		0
P2LinkMap	PВредност2Везаmap	PВредност2Везаmap	existing-unreviewed		0
P3LinkMap	PВредност3Везаmap	PВредност3Везаmap	existing-unreviewed		0
PAGE_COW	Listcow	Listcow	existing-unreviewed		0
PAGE_FRAME	ListOkvir	ListOkvir	existing-unreviewed		0
PAGE_PRESENT	ListPrisutno	ListPrisutno	existing-unreviewed		0
PAGE_USER	ListKorisnik	ListKorisnik	existing-unreviewed		0
PAGE_WRITABLE	Listwritable	Listwritable	existing-unreviewed		0
PAUSE_LOOP	Pauzaloop	Pauzaloop	existing-unreviewed		0
PICMasterCommandPort	PrimarypicНаредбаУИПорт	PrimarypicНаредбаУИПорт	existing-unreviewed		0
PICMasterDataPort	PrimarypicdataУИПорт	PrimarypicdataУИПорт	existing-unreviewed		0
PICSlaveCommandPort	SecondarypicНаредбаУИПорт	SecondarypicНаредбаУИПорт	existing-unreviewed		0
PICSlaveDataPort	SecondarypicdataУИПорт	SecondarypicdataУИПорт	existing-unreviewed		0
PRESENT	Prisutno	Prisutno	existing-unreviewed		0
PRIV_KERNEL	Privkernel	Privkernel	existing-unreviewed		0
PRIV_USER	PrivKorisnik	PrivKorisnik	existing-unreviewed		0
PROC_USER_HEAP_SIZE	ProcKorisnikheapВеличина	ProcKorisnikheapВеличина	existing-unreviewed		0
PageDirEntry	ListDirektorijumунос	ListDirektorijumунос	existing-unreviewed		0
PageDirectoryEntry	ListDirektorijumунос_2	ListDirektorijumунос_2	existing-unreviewed		0
PageFault	Listfault	Listfault	existing-unreviewed		0
PageFaultException	Listfaultexception	Listfaultexception	existing-unreviewed		0
PageRoundDown	ListZaokružiНиже	ListZaokružiНиже	existing-unreviewed		0
PageRoundUp	ListZaokružiGore	ListZaokružiGore	existing-unreviewed		0
PageTableEntry	ListTabelaунос	ListTabelaунос	existing-unreviewed		0
Paging	Paging	Paging	existing-unreviewed		0
ParentPid	NadređeniПИД	NadređeniПИД	existing-unreviewed		0
Parse	Parse	Parse	existing-unreviewed		0
Partition_id	PartitionIB	PartitionIB	existing-unreviewed		0
PhyMemTest	PhymemТест	PhymemТест	existing-unreviewed		0
PhysicalMemoryManager	PhysicalMemorijamanager	PhysicalMemorijamanager	existing-unreviewed		0
Pid	ПИД	ПИД	existing-unreviewed		0
Port	Порт	Порт	existing-unreviewed		0
PortBase	Портbase	Портbase	existing-unreviewed		0
PortInByte	ПортПримљеноbyte	ПортПримљеноbyte	existing-unreviewed		0
PortInDword	ПортПримљеноdword	ПортПримљеноdword	existing-unreviewed		0
PortInWord	ПортПримљеноreč	ПортПримљеноreč	existing-unreviewed		0
PortOutByte	ПортPoslatobyte	ПортPoslatobyte	existing-unreviewed		0
PortOutDword	ПортPoslatodword	ПортPoslatodword	existing-unreviewed		0
PortOutWord	ПортPoslatoreč	ПортPoslatoreč	existing-unreviewed		0
PortReadByte	Портчитањеbyte	Портчитањеbyte	existing-unreviewed		0
PortReadDword	Портчитањеdword	Портчитањеdword	existing-unreviewed		0
PortReadWord	Портчитањеreč	Портчитањеreč	existing-unreviewed		0
PortWriteByte	Портupisbyte	Портupisbyte	existing-unreviewed		0
PortWriteDword	Портupisdword	Портupisdword	existing-unreviewed		0
PortWriteWord	Портupisreč	Портupisreč	existing-unreviewed		0
Prev	Previous	Previous	existing-unreviewed		0
PrevTSS	Previoustss	Previoustss	existing-unreviewed		0
PrimaryPartition	Primarypartition	Primarypartition	existing-unreviewed		0
Print	Štampaj	Štampaj	existing-unreviewed		0
PrintBytes	ŠtampajBajtova	ŠtampajBajtova	existing-unreviewed		0
PrintStr	Štampajstr	Štampajstr	existing-unreviewed		0
PrintTLS	Štampajtls	Štampajtls	existing-unreviewed		0
PrintTest	ŠtampajТест	ŠtampajТест	existing-unreviewed		0
Process	Процес	Процес	existing-unreviewed		0
ProcessHelper	Процесhelper	Процесhelper	existing-unreviewed		0
ProcessPendingKeyboardEvents	ПроцесpendingТастатураDogađaji	ПроцесpendingТастатураDogađaji	existing-unreviewed		0
ProcessPendingMouseEvents	ПроцесpendingМишDogađaji	ПроцесpendingМишDogađaji	existing-unreviewed		0
PushAt	Pushat	Insert_at_index	pending-language-review	insert_at	1
PushBack	PushНазад	Append_to_list	pending-language-review	append	12
PushFront	Pushpredǌi	Prepend_to_list	pending-language-review	prepend	5
PutPixel	Putpixel	Putpixel	existing-unreviewed		0
PutPixelRGB	PutpixelЦЗП	PutpixelЦЗП	existing-unreviewed		0
QUEUE_START_ADDR	QueuePokreniaddress	QueuePokreniaddress	existing-unreviewed		0
Rdev	Rdev	Rdev	existing-unreviewed		0
Read	Читање	Читање	existing-unreviewed		0
Read28	Читање28	Читање28	existing-unreviewed		0
ReadFile	ЧитањеДатотека	ЧитањеДатотека	pending-language-review	file_read	0
ReadPartitions	Читањеpartition	Читањеpartition	existing-unreviewed		0
Ready	Спреман	Спреман	existing-unreviewed		0
Receive	Receive	Receive	existing-unreviewed		0
Ref	Reference	Reference	existing-unreviewed		0
Release	Release	Release	existing-unreviewed		0
ReloadCR3	Освежиcr3	Освежиcr3	existing-unreviewed		0
Remove	Уклони	Уклони	existing-unreviewed		0
RemoveAt	Уклониat	Уклониat	existing-unreviewed		0
RemoveThread	Уклониthread	Уклониthread	existing-unreviewed		0
RemoveThreadAt	Уклониthreadat	Уклониthreadat	existing-unreviewed		0
RequestMacAddress	Requestmacaddress	Requestmacaddress	existing-unreviewed		0
Reset	Ponovopostavi	Ponovopostavi	existing-unreviewed		0
Resolve	Resolve	Resolve	existing-unreviewed		0
ResolveCopyOnWriteFault	ResolveУмножиnaupisfault	ResolveУмножиnaupisfault	existing-unreviewed		0
SCHEDULER_FREQUENCY	SchedulerУчестаност	SchedulerУчестаност	existing-unreviewed		0
SEG_BIG_MODE	SegbigREŽIM	SegbigREŽIM	existing-unreviewed		0
SEG_EXEC	Segizvršna	Segizvršna	existing-unreviewed		0
SEG_GRAN_4K_PAGE	Seggran4klist	Seggran4klist	existing-unreviewed		0
SEG_GRAN_BYTE	Seggranbyte	Seggranbyte	existing-unreviewed		0
SEG_KERNEL_CODE	Segkernelcode	Segkernelcode	existing-unreviewed		0
SEG_KERNEL_DATA	Segkerneldata	Segkerneldata	existing-unreviewed		0
SEG_KERNEL_GS	Segkernelgs	Segkernelgs	existing-unreviewed		0
SEG_NOEXEC	Segnoexec	Segnoexec	existing-unreviewed		0
SEG_NORMAL	Segобичне	Segобичне	existing-unreviewed		0
SEG_NORW	Segnorw	Segnorw	existing-unreviewed		0
SEG_R	Segr	Segr	existing-unreviewed		0
SEG_SYSTEM	SegСистем	SegСистем	existing-unreviewed		0
SEG_TASK_STATE	SegЗадатакСтање	SegЗадатакСтање	existing-unreviewed		0
SEG_USER_CODE	SegKorisnikcode	SegKorisnikcode	existing-unreviewed		0
SEG_USER_DATA	SegKorisnikdata	SegKorisnikdata	existing-unreviewed		0
SEG_USER_GS	SegKorisnikgs	SegKorisnikgs	existing-unreviewed		0
SEG_W	Segw	Segw	existing-unreviewed		0
SIMDFloatingPointException	SimdLebdećipointexception	SimdLebdećipointexception	existing-unreviewed		0
SIZE	Величина	Величина	existing-unreviewed		0
SYS_ACCESS	Sysприступање	Sysприступање	existing-unreviewed		0
SYS_BRK	Sysbrk	Sysbrk	existing-unreviewed		0
SYS_CHDIR	Syschdir	Syschdir	existing-unreviewed		0
SYS_CLOSE	SysЗатвори	SysЗатвори	existing-unreviewed		0
SYS_CREAT	Syscreat	Syscreat	existing-unreviewed		0
SYS_DUP	Sysdup	Sysdup	existing-unreviewed		0
SYS_DUP2	Sysdup2	Sysdup2	existing-unreviewed		0
SYS_EXECVE	Sysexecve	Sysexecve	existing-unreviewed		0
SYS_EXIT	SysIzlaz	SysIzlaz	existing-unreviewed		0
SYS_FCNTL	Sysfcntl	Sysfcntl	existing-unreviewed		0
SYS_FORK	Sysfork	Sysfork	existing-unreviewed		0
SYS_FSTAT	Sysfstat	Sysfstat	existing-unreviewed		0
SYS_FSYNC	Sysfsync	Sysfsync	existing-unreviewed		0
SYS_GETCWD	Sysgetcwd	Sysgetcwd	existing-unreviewed		0
SYS_GETEGID	Sysgetegid	Sysgetegid	existing-unreviewed		0
SYS_GETEUID	Sysgeteuid	Sysgeteuid	existing-unreviewed		0
SYS_GETGID	Sysgetgid	Sysgetgid	existing-unreviewed		0
SYS_GETPID	Sysgetpid	Sysgetpid	existing-unreviewed		0
SYS_GETPPID	Sysgetppid	Sysgetppid	existing-unreviewed		0
SYS_GETUID	Sysgetuid	Sysgetuid	existing-unreviewed		0
SYS_LSEEK	Syslseek	Syslseek	existing-unreviewed		0
SYS_LSTAT	Syslstat	Syslstat	existing-unreviewed		0
SYS_OPEN	SysОтвори	SysОтвори	existing-unreviewed		0
SYS_READ	Sysчитање	Sysчитање	existing-unreviewed		0
SYS_RT_EXIT	SysrtIzlaz	SysrtIzlaz	existing-unreviewed		0
SYS_SOCKETCALL	Syssocketcall	Syssocketcall	existing-unreviewed		0
SYS_STAT	Sysstat	Sysstat	existing-unreviewed		0
SYS_SYNC	Syssync	Syssync	existing-unreviewed		0
SYS_UNAME	Sysuname	Sysuname	existing-unreviewed		0
SYS_WAITPID	Syswaitpid	Syswaitpid	existing-unreviewed		0
SYS_WRITE	Sysupis	Sysupis	existing-unreviewed		0
Schedule	Schedule	Schedule	existing-unreviewed		0
Scheduler	Scheduler	Scheduler	existing-unreviewed		0
SchedulerData	Schedulerdata	Schedulerdata	existing-unreviewed		0
SegmentNotPresent	SegmentnotPrisutno	SegmentnotPrisutno	existing-unreviewed		0
SelectDrivers	Изабериdriver	Изабериdriver	existing-unreviewed		0
Send	Пошаљи	Пошаљи	existing-unreviewed		0
SendEchoRequest	EchorequestПошаљи	EchorequestПошаљи	existing-unreviewed		0
SendFrame	OkvirПошаљи	OkvirПошаљи	existing-unreviewed		0
SerialInit	Серијскиinit	Серијскиinit	existing-unreviewed		0
SerialWriteByte	Серијскиupisbyte	Серијскиupisbyte	existing-unreviewed		0
SetBackend	Скупbackend	Скупbackend	existing-unreviewed		0
SetBit	Скупbit	Скупbit	existing-unreviewed		0
SetBlockInPageDir	СкупBlokПримљеноlistDirektorijum	СкупBlokПримљеноlistDirektorijum	existing-unreviewed		0
SetBuffer	Скупbuffer	Скупbuffer	existing-unreviewed		0
SetByteAtAddr	Скупbyteataddress	Скупbyteataddress	existing-unreviewed		0
SetByteInPageDir	СкупbyteПримљеноlistDirektorijum	СкупbyteПримљеноlistDirektorijum	existing-unreviewed		0
SetCR3	Скупcr3	Скупcr3	existing-unreviewed		0
SetColor	СкупБоја	СкупБоја	existing-unreviewed		0
SetDescriptor	Скупdescriptor	Скупdescriptor	existing-unreviewed		0
SetHandleInterruptFuction	СкупРучкаОметањеfuction	СкупРучкаОметањеfuction	existing-unreviewed		0
SetHandler	Скупhandler	Скупhandler	existing-unreviewed		0
SetIPAddress	Скупipaddress	Скупipaddress	existing-unreviewed		0
SetInterruptDescriptorTableEntry	ОметањеdescriptorTabelaуносскуп	ОметањеdescriptorTabelaуносскуп	existing-unreviewed		0
SetInterruptManager	СкупОметањеmanager	СкупОметањеmanager	existing-unreviewed		0
SetInterruptNumber	СкупОметањеброј	СкупОметањеброј	existing-unreviewed		0
SetMode	СкупREŽIM	СкупREŽIM	existing-unreviewed		0
SetNodeAt	СкупЧворat	СкупЧворat	existing-unreviewed		0
SetStack	Скупstack	Скупstack	existing-unreviewed		0
SetTlsSegment	Скупtlssegment	Скупtlssegment	existing-unreviewed		0
SetUint32AtAddr	Скупunsignedinteger32ataddress	Скупunsignedinteger32ataddress	existing-unreviewed		0
SetUint32InPageDir	Скупunsignedinteger32ПримљеноlistDirektorijum	Скупunsignedinteger32ПримљеноlistDirektorijum	existing-unreviewed		0
SetUint8AtAddr	Скупunsignedinteger8ataddress	Скупunsignedinteger8ataddress	existing-unreviewed		0
SharedMemoryRegion	SharedMemorijaregion	SharedMemorijaregion	existing-unreviewed		0
Size	Величина_2	Величина_2	existing-unreviewed		0
Spawn	Spawn	Spawn	existing-unreviewed		0
Ss	Ss	Ss	existing-unreviewed		0
Stack	Stack	Stack	existing-unreviewed		0
StackSegmentFault	Stacksegmentfault	Stacksegmentfault	existing-unreviewed		0
Start_lba	Pokrenilba	Pokrenilba	existing-unreviewed		0
Started	Započet	Započet	existing-unreviewed		0
StdinPutByte	Stdinputbyte	Stdinputbyte	existing-unreviewed		0
StopCurrentThread	ЗауставиТренутноthread	ЗауставиТренутноthread	existing-unreviewed		0
Stopped	Заустављен	Заустављен	existing-unreviewed		0
SubnetMask	SubnetMaska	SubnetMaska	existing-unreviewed		0
SupportMode	PodrškaREŽIM	PodrškaREŽIM	existing-unreviewed		0
Sys_brk	Sysbrk_2	Sysbrk_2	existing-unreviewed		0
Sys_close	SysЗатвори_2	SysЗатвори_2	existing-unreviewed		0
Sys_exit	SysIzlaz_2	SysIzlaz_2	existing-unreviewed		0
Sys_getpid	Sysgetpid_2	Sysgetpid_2	existing-unreviewed		0
Sys_mousemove	Sysmousemove	Sysmousemove	existing-unreviewed		0
Sys_open	SysОтвори_2	SysОтвори_2	existing-unreviewed		0
Sys_printStr	SysŠtampajstr	SysŠtampajstr	existing-unreviewed		0
Sys_printUint32	SysŠtampajunsignedinteger32	SysŠtampajunsignedinteger32	existing-unreviewed		0
Sys_printf	Sysprintf	Sysprintf	existing-unreviewed		0
Sys_read	Sysчитање_2	Sysчитање_2	existing-unreviewed		0
Syscall	Syscall	Syscall	existing-unreviewed		0
Sysname	Sysname	Sysname	existing-unreviewed		0
TARPEtherFrameHandler	ArpŽičanavezaOkvirhandler	ArpŽičanavezaOkvirhandler	existing-unreviewed		0
TARPMessage	Arpпорука	Arpпорука	existing-unreviewed		0
TARPMessageBuffer	Arpпорукаbuffer	Arpпорукаbuffer	existing-unreviewed		0
TARPProvider	Arpprovider	Arpprovider	existing-unreviewed		0
TAdvancedTechnologyAttachment	TНапредноТехнологијаattachment	TНапредноТехнологијаattachment	existing-unreviewed		0
TArray	TНиз	TНиз	existing-unreviewed		0
TBaseAddressRegister	TBaseaddressregister	TBaseaddressregister	existing-unreviewed		0
TBiosParameterBlock32	TBiosparameterBlok32	TBiosparameterBlok32	pending-language-review	fat_parameters	0
TBufferDescriptor	TBufferdescriptor	TBufferdescriptor	existing-unreviewed		0
TCOWFrameManager	TcowOkvirmanager	TcowOkvirmanager	existing-unreviewed		0
TCPUState	TcpuСтање	TcpuСтање	existing-unreviewed		0
TDefaultKeyboardEventHandler	TПодразумеваноТастатураДогађајhandler	TПодразумеваноТастатураДогађајhandler	existing-unreviewed		0
TDefaultMouseEventHandler	TПодразумеваноМишДогађајhandler	TПодразумеваноМишДогађајhandler	existing-unreviewed		0
TDefaultPCIControllerHandler	TПодразумеваноpcicontrollerhandler	TПодразумеваноpcicontrollerhandler	existing-unreviewed		0
TDefaultTimerEventHandler	TПодразумеваноОдбројавачДогађајhandler	TПодразумеваноОдбројавачДогађајhandler	existing-unreviewed		0
TDirectoryEntryFat32	TDirektorijumуносfat32	TDirektorijumуносfat32	existing-unreviewed		0
TDriverManager	TDrivermanager	TDrivermanager	existing-unreviewed		0
TEtherFrameHandler	TŽičanavezaOkvirhandler	TŽičanavezaOkvirhandler	existing-unreviewed		0
TEtherFrameHeader	TŽičanavezaOkvirheader	TŽičanavezaOkvirheader	pending-language-review	ethernet_header	0
TEtherFrameHeaderBuffer	TŽičanavezaOkvirheaderbuffer	TŽičanavezaOkvirheaderbuffer	existing-unreviewed		0
TEtherFrameProvider	TŽičanavezaOkvirprovider	TŽičanavezaOkvirprovider	pending-language-review	ethernet_provider	0
TEtherFrameRawDataHandler	TŽičanavezaOkvirrawdatahandler	TŽičanavezaOkvirrawdatahandler	existing-unreviewed		0
TGateDescriptor	TGatedescriptor	TGatedescriptor	existing-unreviewed		0
THREAD_STACK_SIZE	ThreadstackВеличина	ThreadstackВеличина	existing-unreviewed		0
TICMPHandler	Icmphandler	Icmphandler	existing-unreviewed		0
TIPEtherFrameHandler	IpŽičanavezaOkvirhandler	IpŽičanavezaOkvirhandler	existing-unreviewed		0
TInitializationBlock	TInitializationBlok	TInitializationBlok	existing-unreviewed		0
TInternetControlMessageProtocol	TИнтернетКонтролпорукаprotocol	TИнтернетКонтролпорукаprotocol	pending-language-review	icmp	0
TInternetControlMessageProtocolMessage	TИнтернетКонтролпорукаprotocolпорука	TИнтернетКонтролпорукаprotocolпорука	existing-unreviewed		0
TInternetControlMessageProtocolMessageBuffer	TИнтернетКонтролпорукаprotocolпорукаbuffer	TИнтернетКонтролпорукаprotocolпорукаbuffer	existing-unreviewed		0
TInternetProtocolHandler	TИнтернетprotocolhandler	TИнтернетprotocolhandler	existing-unreviewed		0
TInternetProtocolProvider	TИнтернетprotocolprovider	TИнтернетprotocolprovider	pending-language-review	ip_provider	0
TInternetProtocolV4Message	TИнтернетprotocolv4порука	TИнтернетprotocolv4порука	existing-unreviewed		0
TInternetProtocolV4MessageBuffer	TИнтернетprotocolv4порукаbuffer	TИнтернетprotocolv4порукаbuffer	existing-unreviewed		0
TInterruptDescriptorTablePointer	TОметањеdescriptorTabelaPokazivač	TОметањеdescriptorTabelaPokazivač	existing-unreviewed		0
TInterruptHandler	TОметањеhandler	TОметањеhandler	existing-unreviewed		0
TInterruptManager	TОметањеmanager	TОметањеmanager	existing-unreviewed		0
TKeyboardDriver	TТастатураdriver	TТастатураdriver	existing-unreviewed		0
TLS_START	TlsPokreni	TlsPokreni	existing-unreviewed		0
TMSDOSPartitionTable	TmsdospartitionTabela	TmsdospartitionTabela	existing-unreviewed		0
TMasterBootRecord	TGlavnibootСнимање	TGlavnibootСнимање	pending-language-review	boot_record	0
TMemoryChunk	TMemorijachunk	TMemorijachunk	existing-unreviewed		0
TMemoryManager	TMemorijamanager	TMemorijamanager	existing-unreviewed		0
TMouseDriver	TМишdriver	TМишdriver	existing-unreviewed		0
TMyKeyboardEventHandler	TMyТастатураДогађајhandler	TMyТастатураДогађајhandler	existing-unreviewed		0
TMyMouseEventHandler	TMyМишДогађајhandler	TMyМишДогађајhandler	existing-unreviewed		0
TMyPCIControllerHandler	TMypcicontrollerhandler	TMypcicontrollerhandler	existing-unreviewed		0
TPartitionTableEntry	TPartitionTabelaунос	TPartitionTabelaунос	existing-unreviewed		0
TPeripheralComponentInterconnectController	TPeripheralcomponentinterconnectcontroller	TPeripheralcomponentinterconnectcontroller	existing-unreviewed		0
TPeripheralComponentInterconnectDeviceDescriptor	TPeripheralcomponentinterconnectУређајdescriptor	TPeripheralcomponentinterconnectУређајdescriptor	existing-unreviewed		0
TPort	TПорт	TПорт	existing-unreviewed		0
TPort16Bit	TПорт16bit	TПорт16bit	existing-unreviewed		0
TPort32Bit	TПорт32bit	TПорт32bit	existing-unreviewed		0
TPort8Bit	TПорт8bit	TПорт8bit	existing-unreviewed		0
TRawDataHandler	TRawdatahandler	TRawdatahandler	existing-unreviewed		0
TSSEntry	Tssунос	Tssунос	existing-unreviewed		0
TSyscall	TSyscall	TSyscall	existing-unreviewed		0
TTask	TЗадатак	TЗадатак	existing-unreviewed		0
TThread	TThread	TThread	existing-unreviewed		0
TThreadHelper	TThreadhelper	TThreadhelper	existing-unreviewed		0
TTimerDriver	TОдбројавачdriver	TОдбројавачdriver	existing-unreviewed		0
TUserDatagramProtocolHandler	TKorisnikdatagramprotocolhandler	TKorisnikdatagramprotocolhandler	existing-unreviewed		0
TUserDatagramProtocolHeader	TKorisnikdatagramprotocolheader	TKorisnikdatagramprotocolheader	pending-language-review	udp_header	0
TUserDatagramProtocolHeaderBuffer	TKorisnikdatagramprotocolheaderbuffer	TKorisnikdatagramprotocolheaderbuffer	existing-unreviewed		0
TUserDatagramProtocolProvider	TKorisnikdatagramprotocolprovider	TKorisnikdatagramprotocolprovider	existing-unreviewed		0
TUserDatagramProtocolSocket	TKorisnikdatagramprotocolПрикључница	TKorisnikdatagramprotocolПрикључница	pending-language-review	udp_socket	0
TVideoGraphicsArray	TВидеоgrafikaНиз	TВидеоgrafikaНиз	existing-unreviewed		0
TWidget	TKontrola	TKontrola	pending-language-review	widget	0
TWidgetMouseEventHandler	TKontrolaМишДогађајhandler	TKontrolaМишДогађајhandler	existing-unreviewed		0
Tamd_am79c973	Tamdam79c973	Tamdam79c973	existing-unreviewed		0
Test	Тест	Тест	existing-unreviewed		0
TestBit	Тестbit	Тестbit	existing-unreviewed		0
TestPrint	ТестŠtampaj	ТестŠtampaj	existing-unreviewed		0
Thread	Thread	Thread	existing-unreviewed		0
ThreadList	ThreadSpisak	ThreadSpisak	existing-unreviewed		0
ThreadState	ThreadСтање	ThreadСтање	existing-unreviewed		0
Threads	Threads	Threads	existing-unreviewed		0
TlsSegments	Tlssegments	Tlssegments	existing-unreviewed		0
TotalBlocks	UkupnoBlok	UkupnoBlok	existing-unreviewed		0
Type	Врста	Врста	existing-unreviewed		0
TypeTest	ВрстаТест	ВрстаТест	existing-unreviewed		0
T공용서술자테이블	TShareddescriptorTabela	TShareddescriptorTabela	existing-unreviewed		0
T공용서술자테이블_자료	TShareddescriptorTabeladata	TShareddescriptorTabeladata	existing-unreviewed		0
T작업관리자	TЗадатакmanager	TЗадатакmanager	existing-unreviewed		0
T조각설명자	TSegmentdescriptor	TSegmentdescriptor	existing-unreviewed		0
T콘솔	TКонзола	TКонзола	existing-unreviewed		0
T함수1	TФункција1	TФункција1	existing-unreviewed		0
UDESC_32SEG	Udesc32seg	Udesc32seg	existing-unreviewed		0
UDESC_CONTENTS	UdescСадржај	UdescСадржај	existing-unreviewed		0
UDESC_LIMIT_IN_PAGES	UdescОграничиПримљеноpages	UdescОграничиПримљеноpages	existing-unreviewed		0
UDESC_RX_ONLY	Udescrxonly	Udescrxonly	existing-unreviewed		0
UDESC_SEG_NOT_PRESENT	UdescsegnotPrisutno	UdescsegnotPrisutno	existing-unreviewed		0
UDESC_USABLE	Udescusable	Udescusable	existing-unreviewed		0
USER_STACK	Korisnikstack	Korisnikstack	existing-unreviewed		0
USER_STACK_SIZE	KorisnikstackВеличина	KorisnikstackВеличина	existing-unreviewed		0
USER_STACK_TOP	KorisnikstackГоре	KorisnikstackГоре	existing-unreviewed		0
Uid	ЈЛБ	ЈЛБ	existing-unreviewed		0
Uint16ToArray	Unsignedinteger16toНиз	Unsignedinteger16toНиз	existing-unreviewed		0
Uint16ToArray_BE	Unsignedinteger16toНизbe	Unsignedinteger16toНизbe	existing-unreviewed		0
Uint16_R	Unsignedinteger16r	Unsignedinteger16r	existing-unreviewed		0
Uint32ToArray	Unsignedinteger32toНиз	Unsignedinteger32toНиз	existing-unreviewed		0
Uint32_R	Unsignedinteger32r	Unsignedinteger32r	existing-unreviewed		0
Uint48ToArray	Unsignedinteger48toНиз	Unsignedinteger48toНиз	existing-unreviewed		0
Uint48ToArray_BE	Unsignedinteger48toНизbe	Unsignedinteger48toНизbe	existing-unreviewed		0
Uint48_R	Unsignedinteger48r	Unsignedinteger48r	existing-unreviewed		0
Uint64ToArray	Unsignedinteger64toНиз	Unsignedinteger64toНиз	existing-unreviewed		0
Uint64_R	Unsignedinteger64r	Unsignedinteger64r	existing-unreviewed		0
UnhandleInterrupt	UnhandleОметање	UnhandleОметање	existing-unreviewed		0
UnsetBit	Неподешеноbit	Toggle_allocation_bit	pending-language-review	toggle_bit	1
UsedBlocks	ZauzetoBlok	ZauzetoBlok	existing-unreviewed		0
UserDesc	Korisnikdescriptor	Korisnikdescriptor	existing-unreviewed		0
UserStack	Korisnikstack_2	Korisnikstack_2	existing-unreviewed		0
UserStackSize	KorisnikstackВеличина_2	KorisnikstackВеличина_2	existing-unreviewed		0
Vendor_id	ProizvođačIB	ProizvođačIB	existing-unreviewed		0
Version	Издање	Издање	existing-unreviewed		0
VirtTest	VirtТест	VirtТест	existing-unreviewed		0
Write	Upis	Upis	existing-unreviewed		0
Write28	Upis28	Upis28	existing-unreviewed		0
WriteRegisters	Upisregister	Upisregister	existing-unreviewed		0
X	X	X	existing-unreviewed		0
Y	Y	Y	existing-unreviewed		0
Zero	Zero	Zero	existing-unreviewed		0
ZeroBlockInPageDir	ZeroBlokПримљеноlistDirektorijum	ZeroBlokПримљеноlistDirektorijum	existing-unreviewed		0
a	a	a	existing-unreviewed		0
aTime	aВреме	aВреме	existing-unreviewed		0
access	приступање	приступање	existing-unreviewed		0
accessMode	приступањеREŽIM	приступањеREŽIM	existing-unreviewed		0
ack	ack	ack	existing-unreviewed		0
activeKeyboardDriver	aktivnaТастатураdriver	aktivnaТастатураdriver	existing-unreviewed		0
activeMouseDriver	aktivnaМишdriver	aktivnaМишdriver	existing-unreviewed		0
addr	address	address	existing-unreviewed		0
addrPtr	addressPokazivač	addressPokazivač	existing-unreviewed		0
address	address_2	address_2	existing-unreviewed		0
addressError	addressГрешка	addressГрешка	existing-unreviewed		0
afInet	afinet	afinet	existing-unreviewed		0
allocFD	allocateОписник	allocateОписник	existing-unreviewed		0
allocOpenFile	allocateОтвориДатотека	allocateОтвориДатотека	existing-unreviewed		0
allocProcess	allocateПроцес	allocateПроцес	existing-unreviewed		0
allocateSocket	allocateПрикључница	allocateПрикључница	existing-unreviewed		0
allocated	allocated	allocated	existing-unreviewed		0
amd_am79c973	amdam79c973	amdam79c973	existing-unreviewed		0
args	argumenti	argumenti	existing-unreviewed		0
argument	argument	argument	existing-unreviewed		0
argumentPointers	argumentpointers	argumentpointers	existing-unreviewed		0
arguments	argumenti_2	argumenti_2	existing-unreviewed		0
arp	arp	arp	existing-unreviewed		0
arpBuffer	arpbuffer	arpbuffer	existing-unreviewed		0
arpMesgSize	arpmesgВеличина	arpmesgВеличина	existing-unreviewed		0
arpProvider	arpprovider	arpprovider	existing-unreviewed		0
arp콘솔	arpКонзола	arpКонзола	existing-unreviewed		0
array	низ	низ	existing-unreviewed		0
ata	ata	ata	existing-unreviewed		0
ata0s	ata0s	ata0s	existing-unreviewed		0
attempts	attempts	attempts	existing-unreviewed		0
attr	atribut	atribut	existing-unreviewed		0
attributeControllerIndexPort	atributcontrollerPopisПорт	atributcontrollerPopisПорт	existing-unreviewed		0
attributeControllerReadPort	atributcontrollerчитањеПорт	atributcontrollerчитањеПорт	existing-unreviewed		0
attributeControllerResetPort	atributcontrollerPonovopostaviПорт	atributcontrollerPonovopostaviПорт	existing-unreviewed		0
attributeControllerWritePort	atributcontrollerupisПорт	atributcontrollerupisПорт	existing-unreviewed		0
attributes	attributes	attributes	existing-unreviewed		0
aux	aux	aux	existing-unreviewed		0
avail	raspoloživo	raspoloživo	existing-unreviewed		0
b	b	b	existing-unreviewed		0
backend	backend	backend	existing-unreviewed		0
backupFpRegs	backupfpregs	backupfpregs	existing-unreviewed		0
backupSector	backupsector	backupsector	existing-unreviewed		0
bar	бар	бар	existing-unreviewed		0
barNum	барброј	барброј	existing-unreviewed		0
bar_value	барВредност	барВредност	existing-unreviewed		0
base	base	base	existing-unreviewed		0
baseCode	basecode	basecode	existing-unreviewed		0
baseHigh	baseВисока	baseВисока	existing-unreviewed		0
baseLow	baseTiho	baseTiho	existing-unreviewed		0
baseMid	basemid	basemid	existing-unreviewed		0
base_addr_high	baseaddressВисока	baseaddressВисока	existing-unreviewed		0
base_addr_low	baseaddressTiho	baseaddressTiho	existing-unreviewed		0
bh	bh	bh	existing-unreviewed		0
bindEphemeral	bindephemeral	bindephemeral	existing-unreviewed		0
bindError	bindГрешка	bindГрешка	existing-unreviewed		0
bios	bios	bios	existing-unreviewed		0
bit	bit	bit	existing-unreviewed		0
bitmap	bitmap	bitmap	pending-language-review	bitmap	0
bootSignature	bootsignature	bootsignature	existing-unreviewed		0
bootable	bootable	bootable	existing-unreviewed		0
bootloader	bootloader	bootloader	existing-unreviewed		0
bound	bound	bound	existing-unreviewed		0
bpb	bpb	bpb	pending-language-review	fat_parameters	0
bpbBytes	bpbBajtova	bpbBajtova	existing-unreviewed		0
bpbPtr	bpbPokazivač	bpbPokazivač	existing-unreviewed		0
buf	buffer	buffer	existing-unreviewed		0
buf1	buffer1	buffer1	existing-unreviewed		0
buf2	buffer2	buffer2	existing-unreviewed		0
buf3	buffer3	buffer3	existing-unreviewed		0
buf4	buffer4	buffer4	existing-unreviewed		0
buf6	buffer6	buffer6	existing-unreviewed		0
buffer	buffer_2	buffer_2	existing-unreviewed		0
buffer1	buffer1_2	buffer1_2	existing-unreviewed		0
buffer2	buffer2_2	buffer2_2	existing-unreviewed		0
bufferAddr	bufferaddress	bufferaddress	existing-unreviewed		0
bufferAddress	bufferaddress_2	bufferaddress_2	existing-unreviewed		0
bufptr	bufferPokazivač	bufferPokazivač	existing-unreviewed		0
bus	bus	bus	existing-unreviewed		0
busControlRegisterDataPort	busКонтролregisterdataПорт	busКонтролregisterdataПорт	existing-unreviewed		0
button	дугме	дугме	existing-unreviewed		0
buttons	дугме_2	дугме_2	existing-unreviewed		0
bytesPerSector	bajtovapersector	bajtovapersector	existing-unreviewed		0
c	c	c	existing-unreviewed		0
cDate	cДатум	cДатум	existing-unreviewed		0
cTime	cВреме	cВреме	existing-unreviewed		0
cTimeTenth	cВремеtenth	cВремеtenth	existing-unreviewed		0
call	call	call	existing-unreviewed		0
candidate	candidate	candidate	existing-unreviewed		0
cap	cap	cap	existing-unreviewed		0
char	char	char	existing-unreviewed		0
checked	checked	checked	existing-unreviewed		0
checksum	checksum	checksum	existing-unreviewed		0
child	sadržani	sadržani	existing-unreviewed		0
childPID	sadržaniПИД	sadržaniПИД	existing-unreviewed		0
childPageDir	sadržanilistDirektorijum	sadržanilistDirektorijum	existing-unreviewed		0
chunk	chunk	chunk	existing-unreviewed		0
class_id	класаIB	класаIB	existing-unreviewed		0
closeAllProcessFDs	затвориSveПроцесfds	затвориSveПроцесfds	existing-unreviewed		0
closeOnExec	затвориnaizvršna	затвориnaizvršna	existing-unreviewed		0
closeProcessFD	затвориПроцесОписник	затвориПроцесОписник	existing-unreviewed		0
code	code	code	existing-unreviewed		0
code1Ptr	code1Pokazivač	code1Pokazivač	existing-unreviewed		0
code1ptr	code1Pokazivač_2	code1Pokazivač_2	existing-unreviewed		0
code2Ptr	code2Pokazivač	code2Pokazivač	existing-unreviewed		0
code3Ptr	code3Pokazivač	code3Pokazivač	existing-unreviewed		0
codeSegment	codesegment	codesegment	existing-unreviewed		0
colorIndex	бојаPopis	бојаPopis	existing-unreviewed		0
colordepth	бојаdepth	бојаdepth	existing-unreviewed		0
command	наредба	наредба	existing-unreviewed		0
commandPort	наредбаПорт	наредбаПорт	existing-unreviewed		0
commandport	наредбаПорт_2	наредбаПорт_2	existing-unreviewed		0
common	заједнички	заједнички	existing-unreviewed		0
connected	connected	connected	existing-unreviewed		0
console	конзола	конзола	existing-unreviewed		0
controlPort	контролПорт	контролПорт	existing-unreviewed		0
copyExecVector	умножиizvršnavector	умножиizvršnavector	existing-unreviewed		0
copyLength	умножиDužina	умножиDužina	existing-unreviewed		0
copyPageDir	умножиlistDirektorijum	умножиlistDirektorijum	existing-unreviewed		0
copyPath	умножиПУТАЊА	умножиПУТАЊА	existing-unreviewed		0
copySocketName	умножиПрикључницаНазив	умножиПрикључницаНазив	existing-unreviewed		0
copyUtsField	умножиutsпоље	умножиutsпоље	existing-unreviewed		0
count	count	count	existing-unreviewed		0
count2	count2	count2	existing-unreviewed		0
cowFrameManager	cowOkvirmanager	cowOkvirmanager	existing-unreviewed		0
cpu	процесор	процесор	existing-unreviewed		0
cpustate	процесорСтање	процесорСтање	existing-unreviewed		0
cr0	cr0	cr0	existing-unreviewed		0
cr3	cr3	cr3	existing-unreviewed		0
cr4	cr4	cr4	existing-unreviewed		0
crtcDataPort	crtcdataПорт	crtcdataПорт	existing-unreviewed		0
crtcIndexPort	crtcPopisПорт	crtcPopisПорт	existing-unreviewed		0
cs	cs	cs	existing-unreviewed		0
currentRecvBuffer	тренутноrecvbuffer	тренутноrecvbuffer	existing-unreviewed		0
currentSendBuffer	тренутноПошаљиbuffer	тренутноПошаљиbuffer	existing-unreviewed		0
currentTask	тренутноЗадатак	тренутноЗадатак	existing-unreviewed		0
currentThread	тренутноthread	тренутноthread	existing-unreviewed		0
currentThreadIndex	тренутноthreadPopis	тренутноthreadPopis	existing-unreviewed		0
cursorHeight	показивачVisina	показивачVisina	existing-unreviewed		0
cursorStart	показивачPokreni	показивачPokreni	existing-unreviewed		0
d_tag	dознака	dознака	existing-unreviewed		0
d_val_ptr	dvalPokazivač	dvalPokazivač	existing-unreviewed		0
data	data	data	existing-unreviewed		0
dataBuf	databuffer	databuffer	existing-unreviewed		0
dataBytes	dataBajtova	dataBajtova	existing-unreviewed		0
dataPointer	dataPokazivač	dataPokazivač	existing-unreviewed		0
dataPort	dataПорт	dataПорт	existing-unreviewed		0
dataStart	dataPokreni	dataPokreni	existing-unreviewed		0
databuffer	databuffer_2	databuffer_2	existing-unreviewed		0
dataport	dataПорт_2	dataПорт_2	existing-unreviewed		0
defaultKeyboardEventHandler	подразумеваноТастатураДогађајhandler	подразумеваноТастатураДогађајhandler	existing-unreviewed		0
desc	descriptor	descriptor	existing-unreviewed		0
description	опис	опис	existing-unreviewed		0
destination	odredište	odredište	existing-unreviewed		0
destinationAddress	odredišteaddress	odredišteaddress	existing-unreviewed		0
destinationLength	odredišteDužina	odredišteDužina	existing-unreviewed		0
dev	уређај	уређај	existing-unreviewed		0
device	уређај_2	уређај_2	existing-unreviewed		0
deviceDescriptor	уређајdescriptor	уређајdescriptor	existing-unreviewed		0
devicePort	уређајПорт	уређајПорт	existing-unreviewed		0
diff	diff	diff	existing-unreviewed		0
digits	digits	digits	existing-unreviewed		0
dirent	dirent	dirent	existing-unreviewed		0
direntBytes	direntBajtova	direntBajtova	existing-unreviewed		0
direntPtr	direntPokazivač	direntPokazivač	existing-unreviewed		0
discardProcess	odbaciПроцес	odbaciПроцес	existing-unreviewed		0
dispatchInterrupt	dispatchОметање	dispatchОметање	existing-unreviewed		0
divisor	divisor	divisor	existing-unreviewed		0
domain	domen	domen	existing-unreviewed		0
driveNumber	driveброј	driveброј	existing-unreviewed		0
driver	driver	driver	existing-unreviewed		0
driverManager	drivermanager	drivermanager	existing-unreviewed		0
drivercount	drivercount	drivercount	existing-unreviewed		0
drv	driver_2	driver_2	existing-unreviewed		0
ds	ds	ds	existing-unreviewed		0
ds_segment	dssegment	dssegment	existing-unreviewed		0
dst	odredište_2	odredište_2	existing-unreviewed		0
dstEntry	odredišteунос	odredišteунос	existing-unreviewed		0
dstIP	odredišteipaddress	odredišteipaddress	existing-unreviewed		0
dstIP_BE	odredišteipaddressМрежаbyteorder	odredišteipaddressМрежаbyteorder	existing-unreviewed		0
dstMAC	odredištemacaddress	odredištemacaddress	existing-unreviewed		0
dstMAC_BE	odredištemacbe	odredištemacbe	existing-unreviewed		0
dstPageDir	odredištelistDirektorijum	odredištelistDirektorijum	existing-unreviewed		0
dstPort	odredišteПортброј	odredišteПортброј	pending-language-review	destination_port	0
dstPt	odredištept	odredištept	existing-unreviewed		0
dstPtPtr	odredišteptPokazivač	odredišteptPokazivač	existing-unreviewed		0
dstPtr	odredištePokazivač	odredištePokazivač	existing-unreviewed		0
dstptr	odredištePokazivač_2	odredištePokazivač_2	existing-unreviewed		0
dynamic	rastegǉivo	rastegǉivo	existing-unreviewed		0
e	e	e	existing-unreviewed		0
e_ehsize	eehsize	eehsize	existing-unreviewed		0
e_entry	eунос	eунос	existing-unreviewed		0
e_flags	eParametri	eParametri	existing-unreviewed		0
e_ident	eident	eident	existing-unreviewed		0
e_machine	emachine	emachine	existing-unreviewed		0
e_phentsize	ephentsize	ephentsize	existing-unreviewed		0
e_phnum	ephnum	ephnum	existing-unreviewed		0
e_phoff	ephoff	ephoff	existing-unreviewed		0
e_shentsize	eshentsize	eshentsize	existing-unreviewed		0
e_shnum	eshnum	eshnum	existing-unreviewed		0
e_shoff	eshoff	eshoff	existing-unreviewed		0
e_shstrndx	eshstrndx	eshstrndx	existing-unreviewed		0
e_type	eВрста	eВрста	existing-unreviewed		0
e_version	eИздање	eИздање	existing-unreviewed		0
eax	eax	eax	existing-unreviewed		0
ebp	ebp	ebp	existing-unreviewed		0
ebx	ebx	ebx	existing-unreviewed		0
ecx	ecx	ecx	existing-unreviewed		0
edi	edi	edi	existing-unreviewed		0
edx	edx	edx	existing-unreviewed		0
efHandler	efhandler	efhandler	existing-unreviewed		0
eflags	eflags	eflags	existing-unreviewed		0
eip	eip	eip	existing-unreviewed		0
eipOffset	eipoffset	eipoffset	existing-unreviewed		0
elf	elf	elf	existing-unreviewed		0
elf0	elf0	elf0	existing-unreviewed		0
elf2	elf2	elf2	existing-unreviewed		0
elf3	elf3	elf3	existing-unreviewed		0
elf4	elf4	elf4	existing-unreviewed		0
elfHeader	elfheader	elfheader	existing-unreviewed		0
enabled	омогућено	омогућено	existing-unreviewed		0
end	kraj	kraj	existing-unreviewed		0
endOffset	krajoffset	krajoffset	existing-unreviewed		0
end_cylinder	krajcylinder	krajcylinder	existing-unreviewed		0
end_head	krajhead	krajhead	existing-unreviewed		0
end_sector	krajsector	krajsector	existing-unreviewed		0
ensureCurrentProcess	ensureТренутноПроцес	ensureТренутноПроцес	existing-unreviewed		0
entry	унос	унос	existing-unreviewed		0
entryPoint	уносpoint	уносpoint	existing-unreviewed		0
entrypoint	уносpoint_2	уносpoint_2	existing-unreviewed		0
environment	environment	environment	existing-unreviewed		0
environmentPointers	environmentpointers	environmentpointers	existing-unreviewed		0
err	greška	greška	existing-unreviewed		0
errorPort	грешкаПорт	грешкаПорт	existing-unreviewed		0
es	es	es	existing-unreviewed		0
esi	esi	esi	existing-unreviewed		0
esp	esp	esp	existing-unreviewed		0
esp0	esp0	esp0	existing-unreviewed		0
esp1	esp1	esp1	existing-unreviewed		0
esp2	esp2	esp2	existing-unreviewed		0
etherFrameProvider	žičanavezaOkvirprovider	žičanavezaOkvirprovider	pending-language-review	ethernet_provider	0
etherType	žičanavezaВрста	žičanavezaВрста	existing-unreviewed		0
etherType_BE	žičanavezaВрстаbe	žičanavezaВрстаbe	existing-unreviewed		0
etherframe	žičanavezaOkvir	žičanavezaOkvir	existing-unreviewed		0
etherframePayload	žičanavezaOkvirpayload	žičanavezaOkvirpayload	existing-unreviewed		0
except	except	except	existing-unreviewed		0
exceptionCR0	exceptioncr0	exceptioncr0	existing-unreviewed		0
exceptionCR2	exceptioncr2	exceptioncr2	existing-unreviewed		0
exceptionCR3	exceptioncr3	exceptioncr3	existing-unreviewed		0
exceptionFrameValue	exceptionOkvirВредност	exceptionOkvirВредност	existing-unreviewed		0
exceptionHasErrorCode	exceptionХасГрешкаcode	exceptionХасГрешкаcode	existing-unreviewed		0
exceptionName	exceptionНазив	exceptionНазив	existing-unreviewed		0
execVector	izvršnavector	izvršnavector	existing-unreviewed		0
exists	exists	exists	existing-unreviewed		0
exited	изашаосам	изашаосам	existing-unreviewed		0
ext	ext	ext	existing-unreviewed		0
extFlags	extParametri	extParametri	existing-unreviewed		0
extendedScanCode	extendedПрегледајcode	extendedПрегледајcode	existing-unreviewed		0
fDupFD	fdupОписник	fdupОписник	existing-unreviewed		0
fGetFD	fgetОписник	fgetОписник	existing-unreviewed		0
fGetFL	fgetfl	fgetfl	existing-unreviewed		0
fSetFD	fскупОписник	fскупОписник	existing-unreviewed		0
fSetFL	fскупfl	fскупfl	existing-unreviewed		0
fat	fat	fat	existing-unreviewed		0
fatCopies	fatУмножи	fatУмножи	existing-unreviewed		0
fatInfo	fatПодаци	fatПодаци	existing-unreviewed		0
fatOffsetInSectorForCurrentCluster	fatoffsetПримљеноsectorforТренутноcluster	fatoffsetПримљеноsectorforТренутноcluster	existing-unreviewed		0
fatSectorCount	fatsectorcount	fatsectorcount	existing-unreviewed		0
fatSectorForCurrentCluster	fatsectorforТренутноcluster	fatsectorforТренутноcluster	existing-unreviewed		0
fatSize	fatВеличина	fatВеличина	existing-unreviewed		0
fatStart	fatPokreni	fatPokreni	existing-unreviewed		0
fatTypeLabel	fatВрстаНатпис	fatВрстаНатпис	existing-unreviewed		0
fatVersion	fatИздање	fatИздање	existing-unreviewed		0
fatbuf	fatbuf	fatbuf	existing-unreviewed		0
fatbuffer	fatbuffer	fatbuffer	existing-unreviewed		0
faultAddr	faultaddress	faultaddress	existing-unreviewed		0
fb	fb	fb	existing-unreviewed		0
fbCurCol	fbТренутноcol	fbТренутноcol	existing-unreviewed		0
fbCurLine	fbТренутноред	fbТренутноред	existing-unreviewed		0
fbHeight	fbVisina	fbVisina	existing-unreviewed		0
fbPhysAddr	fbphysaddress	fbphysaddress	existing-unreviewed		0
fbWidth	fbŠirina	fbŠirina	existing-unreviewed		0
fd	описник	описник	existing-unreviewed		0
fdCloexec	описникcloexec	описникcloexec	existing-unreviewed		0
fdEntry	описникунос	описникунос	existing-unreviewed		0
fdFlags	описникParametri	описникParametri	existing-unreviewed		0
fdKindConsole	описникврстаКонзола	описникврстаКонзола	existing-unreviewed		0
fdKindFat	описникврстаfat	описникврстаfat	existing-unreviewed		0
fdKindNone	описникврстаНишта	описникврстаНишта	existing-unreviewed		0
fdKindRootDir	описникврстаKorenDirektorijum	описникврстаKorenDirektorijum	existing-unreviewed		0
fdKindSocket	описникврстаПрикључница	описникврстаПрикључница	existing-unreviewed		0
fdKindStdin	описникврстаstdin	описникврстаstdin	existing-unreviewed		0
fds	fds	fds	existing-unreviewed		0
filePtr	датотекаPokazivač	датотекаPokazivač	existing-unreviewed		0
fileSector	датотекаsector	датотекаsector	existing-unreviewed		0
fileSize	датотекаВеличина	датотекаВеличина	existing-unreviewed		0
filename	датотека	датотека	existing-unreviewed		0
fillPosixStat	fillposixstat	fillposixstat	existing-unreviewed		0
findProcess	pronađiПроцес	pronađiПроцес	existing-unreviewed		0
first	first	first	existing-unreviewed		0
firstClusterHi	firstclusterhi	firstclusterhi	existing-unreviewed		0
firstClusterLow	firstclusterTiho	firstclusterTiho	existing-unreviewed		0
firstFileCluster	firstДатотекаcluster	firstДатотекаcluster	existing-unreviewed		0
flags	parametri	parametri	existing-unreviewed		0
flags2	parametri2	parametri2	existing-unreviewed		0
flagsAndOffset	parametriandoffset	parametriandoffset	existing-unreviewed		0
flushIndex	flushPopis	flushPopis	existing-unreviewed		0
flushTlsTable	flushtlsTabela	flushtlsTabela	existing-unreviewed		0
flush_tss	flushtss	flushtss	existing-unreviewed		0
fn	fn	fn	existing-unreviewed		0
foo	foo	foo	existing-unreviewed		0
foundChild	foundsadržani	foundsadržani	existing-unreviewed		0
frame	okvir	okvir	existing-unreviewed		0
frameCount	okvircount	okvircount	existing-unreviewed		0
frameHeaderSize	okvirheaderВеличина	okvirheaderВеличина	existing-unreviewed		0
free	slobodno	slobodno	existing-unreviewed		0
freePort	slobodnoПорт	slobodnoПорт	existing-unreviewed		0
frequency	учестаност	учестаност	existing-unreviewed		0
fs	fs	fs	existing-unreviewed		0
func1Val	func1val	func1val	existing-unreviewed		0
func2Val	func2val	func2val	existing-unreviewed		0
func3Val	func3val	func3val	existing-unreviewed		0
func_addr	funcaddress	funcaddress	existing-unreviewed		0
func_bytes	funcBajtova	funcBajtova	existing-unreviewed		0
func_name	funcНазив	funcНазив	existing-unreviewed		0
func_value	funcВредност	funcВредност	existing-unreviewed		0
function	функција	функција	existing-unreviewed		0
fxrstor	fxrstor	fxrstor	existing-unreviewed		0
fxsave	fxsave	fxsave	existing-unreviewed		0
g	g	g	existing-unreviewed		0
g_320x200x256	g320x200x256	g320x200x256	existing-unreviewed		0
gate	gate	gate	existing-unreviewed		0
gateData	gatedata	gatedata	existing-unreviewed		0
gatewayIP	gatewayip	gatewayip	existing-unreviewed		0
gdt	gdt	gdt	existing-unreviewed		0
gdtDescriptor	gdtdescriptor	gdtdescriptor	existing-unreviewed		0
gdtEntry	gdtунос	gdtунос	existing-unreviewed		0
gdtTable	gdtTabela	gdtTabela	existing-unreviewed		0
gdtTableLen	gdtTabelalen	gdtTabelalen	existing-unreviewed		0
gdt_codeSegmentSelector	gdtcodesegmentselector	gdtcodesegmentselector	existing-unreviewed		0
gdt_func	gdtfunc	gdtfunc	existing-unreviewed		0
getCR2	getcr2	getcr2	existing-unreviewed		0
getCR3	getcr3	getcr3	existing-unreviewed		0
getDescriptor	getdescriptor	getdescriptor	existing-unreviewed		0
getESI	getesi	getesi	existing-unreviewed		0
getESP	getesp	getesp	existing-unreviewed		0
getGDT	getgdt	getgdt	existing-unreviewed		0
getGS	getgs	getgs	existing-unreviewed		0
getOpenFile	getОтвориДатотека	getОтвориДатотека	existing-unreviewed		0
getOpenFileFor	getОтвориДатотекаfor	getОтвориДатотекаfor	existing-unreviewed		0
getTLS	gettls	gettls	existing-unreviewed		0
globalDescriptorTable	општеdescriptorTabela	општеdescriptorTabela	existing-unreviewed		0
globalOffsetTable	општеoffsetTabela	општеoffsetTabela	existing-unreviewed		0
global_offset_table	општеoffsetTabela_2	општеoffsetTabela_2	existing-unreviewed		0
graphicsControllerDataPort	grafikacontrollerdataПорт	grafikacontrollerdataПорт	existing-unreviewed		0
graphicsControllerIndexPort	grafikacontrollerPopisПорт	grafikacontrollerPopisПорт	existing-unreviewed		0
grub_multiboot_memory_map_t	grubmultibootMemorijamapt	grubmultibootMemorijamapt	existing-unreviewed		0
gs	gs	gs	existing-unreviewed		0
gs_segment	gssegment	gssegment	existing-unreviewed		0
h	h	h	existing-unreviewed		0
haltAfterFatalException	haltПослеfatalexception	haltПослеfatalexception	existing-unreviewed		0
handleInterrupt	ручкаОметање	ручкаОметање	existing-unreviewed		0
handleKeyboardInterrupt	ручкаТастатураОметање	ручкаТастатураОметање	existing-unreviewed		0
handleMouseInterrupt	ручкаМишОметање	ручкаМишОметање	existing-unreviewed		0
handlePagingInterrupt	ручкаpagingОметање	ручкаpagingОметање	existing-unreviewed		0
handleUnhandledSyscall	ручкаunhandledsyscall	ручкаunhandledsyscall	existing-unreviewed		0
handler	handler	handler	existing-unreviewed		0
handlerAddressHighBits	handleraddressВисокабита	handleraddressВисокабита	existing-unreviewed		0
handlerAddressLowBits	handleraddressTihoбита	handleraddressTihoбита	existing-unreviewed		0
handlerRun	handlerPokreni	handlerPokreni	existing-unreviewed		0
handlers	handler_2	handler_2	existing-unreviewed		0
hardwareAddressSize	хардверaddressВеличина	хардверaddressВеличина	existing-unreviewed		0
hardwareInterruptOffset	хардверОметањеoffset	хардверОметањеoffset	existing-unreviewed		0
hardwareType	хардверВрста	хардверВрста	existing-unreviewed		0
hd	hd	hd	existing-unreviewed		0
head	head	head	existing-unreviewed		0
headCount	headcount	headcount	existing-unreviewed		0
headerLength	headerDužina	headerDužina	existing-unreviewed		0
headertype	headertype	headertype	existing-unreviewed		0
height	visina	visina	existing-unreviewed		0
hex	heksadecimalno	heksadecimalno	existing-unreviewed		0
hiddenSectors	скривенsectors	скривенsectors	existing-unreviewed		0
i	i	i	existing-unreviewed		0
iCount	icount	icount	existing-unreviewed		0
iDrivers	idriver	idriver	existing-unreviewed		0
iKeyboardEventHandler	iТастатураДогађајhandler	iТастатураДогађајhandler	existing-unreviewed		0
iMouseEventHandler	iМишДогађајhandler	iМишДогађајhandler	existing-unreviewed		0
iPCIControllerHandler	ipcicontrollerhandler	ipcicontrollerhandler	existing-unreviewed		0
iRawDataHandler	irawdatahandler	irawdatahandler	existing-unreviewed		0
iTimerEventHandler	iОдбројавачДогађајhandler	iОдбројавачДогађајhandler	existing-unreviewed		0
icmp	icmp	icmp	existing-unreviewed		0
icmpSize	icmpВеличина	icmpВеличина	existing-unreviewed		0
icmp콘솔	icmpКонзола	icmpКонзола	existing-unreviewed		0
id	iB	iB	existing-unreviewed		0
ident	ident	ident	existing-unreviewed		0
idtData	idtdata	idtdata	existing-unreviewed		0
idtPointer	idtPokazivač	idtPokazivač	existing-unreviewed		0
idx	idx	idx	existing-unreviewed		0
index	popis	popis	existing-unreviewed		0
initBlock	initBlok	initBlok	existing-unreviewed		0
initFileDescriptors	initДатотекаdescriptor	initДатотекаdescriptor	existing-unreviewed		0
initPIT	initpit	initpit	existing-unreviewed		0
initializeProcessFDs	initializeПроцесfds	initializeПроцесfds	existing-unreviewed		0
inode	ичвор	ичвор	existing-unreviewed		0
inputEventTask	улазДогађајЗадатак	улазДогађајЗадатак	existing-unreviewed		0
installIDT	instalirajidt	instalirajidt	existing-unreviewed		0
intNumber	целибројброј	целибројброј	existing-unreviewed		0
interface_id	uREĐAJIB	uREĐAJIB	existing-unreviewed		0
internetprotocolPayload	интернетprotocolpayload	интернетprotocolpayload	existing-unreviewed		0
interrupt	ометање	ометање	existing-unreviewed		0
interruptDebug	ометањеИсправљање	ометањеИсправљање	existing-unreviewed		0
interruptExitLoop	ометањеIzlazloop	ометањеIzlazloop	existing-unreviewed		0
interruptGateEntries	ометањеgateунос	ометањеgateунос	existing-unreviewed		0
interruptHandler	ометањеhandler	ометањеhandler	existing-unreviewed		0
interrupts	interrupts	interrupts	existing-unreviewed		0
iomap	iomap	iomap	existing-unreviewed		0
ip	ip	ip	existing-unreviewed		0
ipEtherFrameHandler	ipŽičanavezaOkvirhandler	ipŽičanavezaOkvirhandler	existing-unreviewed		0
ipHandler	iphandler	iphandler	existing-unreviewed		0
ipIdx	ipidx	ipidx	existing-unreviewed		0
ipProtocolUDP	ipprotocoludp	ipprotocoludp	existing-unreviewed		0
ipProvider	ipprovider	ipprovider	pending-language-review	ip_provider	0
ipSize	ipВеличина	ipВеличина	existing-unreviewed		0
ip_be	ipМрежаbyteorder	ipМрежаbyteorder	existing-unreviewed		0
ipmessage	интернетprotocolпорука	интернетprotocolпорука	existing-unreviewed		0
ipv4	ipv4	ipv4	existing-unreviewed		0
ip콘솔	ipКонзола	ipКонзола	existing-unreviewed		0
isKernel	iskernel	iskernel	existing-unreviewed		0
isRoot	isKoren	isKoren	existing-unreviewed		0
isRootPath	isKorenПУТАЊА	isKorenПУТАЊА	existing-unreviewed		0
isSharedPDE	issharedpde	issharedpde	existing-unreviewed		0
istOffset	istoffset	istoffset	existing-unreviewed		0
j	j	j	existing-unreviewed		0
jmp	jmp	jmp	existing-unreviewed		0
jmp_user	jmpKorisnik	jmpKorisnik	existing-unreviewed		0
jump_usermode_iret	jumpusermodeiret	jumpusermodeiret	existing-unreviewed		0
kPageDirEntry	klistDirektorijumунос	klistDirektorijumунос	existing-unreviewed		0
kernelESP	kernelesp	kernelesp	existing-unreviewed		0
kernelPageDirEntry	kernellistDirektorijumунос	kernellistDirektorijumунос	existing-unreviewed		0
kernelSS	kernelss	kernelss	existing-unreviewed		0
key	кључ	кључ	existing-unreviewed		0
keyboard	тастатура	тастатура	existing-unreviewed		0
keyboardDriver	тастатураdriver	тастатураdriver	existing-unreviewed		0
keyboardEventHandler	тастатураДогађајhandler	тастатураДогађајhandler	existing-unreviewed		0
keyboardQueue	тастатураqueue	тастатураqueue	existing-unreviewed		0
keyboardQueueRead	тастатураqueueчитање	тастатураqueueчитање	existing-unreviewed		0
keyboardQueueSize	тастатураqueueВеличина	тастатураqueueВеличина	existing-unreviewed		0
keyboardQueueWrite	тастатураqueueupis	тастатураqueueupis	existing-unreviewed		0
kind	врста	врста	existing-unreviewed		0
l	l	l	existing-unreviewed		0
last	задња	задња	existing-unreviewed		0
lbaHiPort	lbahiПорт	lbahiПорт	existing-unreviewed		0
lbaLowPort	lbaTihoПорт	lbaTihoПорт	existing-unreviewed		0
lbaMidPort	lbamidПорт	lbamidПорт	existing-unreviewed		0
ldt	ldt	ldt	existing-unreviewed		0
leftShift	левоШифт	левоШифт	existing-unreviewed		0
len	len	len	existing-unreviewed		0
len_ver	lenver	lenver	existing-unreviewed		0
length	dužina	dužina	existing-unreviewed		0
lengthAddress	dužinaaddress	dužinaaddress	existing-unreviewed		0
lengthInBytes	dužinaПримљеноBajtova	dužinaПримљеноBajtova	existing-unreviewed		0
length_high	dužinaВисока	dužinaВисока	existing-unreviewed		0
length_low	dužinaTiho	dužinaTiho	existing-unreviewed		0
lengths	lengths	lengths	existing-unreviewed		0
lib1Addr	либ1address	либ1address	existing-unreviewed		0
lib1Data	либ1data	либ1data	existing-unreviewed		0
lib1File	либ1Датотека	либ1Датотека	existing-unreviewed		0
lib1GOT	либ1got	либ1got	existing-unreviewed		0
lib1elf	либ1elf	либ1elf	existing-unreviewed		0
lib2Addr	либ2address	либ2address	existing-unreviewed		0
lib2Data	либ2data	либ2data	existing-unreviewed		0
lib2File	либ2Датотека	либ2Датотека	existing-unreviewed		0
lib2GOT	либ2got	либ2got	existing-unreviewed		0
lib2elf	либ2elf	либ2elf	existing-unreviewed		0
libLinkMap	либВезаmap	либВезаmap	existing-unreviewed		0
lidtaddr	lidtaddr	lidtaddr	existing-unreviewed		0
limit	ограничи	ограничи	existing-unreviewed		0
limitHighAndFlags	ограничиВисокаandParametri	ограничиВисокаandParametri	existing-unreviewed		0
limitLow	ограничиTiho	ограничиTiho	existing-unreviewed		0
linkMap	везаmap	везаmap	existing-unreviewed		0
linkMapAddr	везаmapaddress	везаmapaddress	existing-unreviewed		0
linkerAddr	linkeraddress	linkeraddress	existing-unreviewed		0
linkerData	linkerdata	linkerdata	existing-unreviewed		0
linkerEntry	linkerунос	linkerунос	existing-unreviewed		0
linkerFile	linkerДатотека	linkerДатотека	existing-unreviewed		0
list	spisak	spisak	existing-unreviewed		0
listening	listening	listening	existing-unreviewed		0
loader	loader	loader	existing-unreviewed		0
local	локална	локална	existing-unreviewed		0
localDatagramSocket	локалнаdatagramПрикључница	локалнаdatagramПрикључница	existing-unreviewed		0
localIP	локалнаip	локалнаip	existing-unreviewed		0
localPort	локалнаПортброј	локалнаПортброј	existing-unreviewed		0
localSockets	локалнаsockets	локалнаsockets	existing-unreviewed		0
logicalAddress	logicaladdress	logicaladdress	existing-unreviewed		0
macAddr	macaddress	macaddress	existing-unreviewed		0
macIdx	macidx	macidx	existing-unreviewed		0
magicnumber	magicnumber	magicnumber	existing-unreviewed		0
main	main	main	compatibility		0
mainThread	glavnithread	glavnithread	existing-unreviewed		0
makePagePrivateWritableCurrent	makelistPrivatnowritableТренутно	makelistPrivatnowritableТренутно	existing-unreviewed		0
makeRangePrivateWritableCurrent	makeOpsegPrivatnowritableТренутно	makeOpsegPrivatnowritableТренутно	existing-unreviewed		0
manager	manager	manager	existing-unreviewed		0
mask	maska	maska	existing-unreviewed		0
master	glavni	glavni	existing-unreviewed		0
matches	matches	matches	existing-unreviewed		0
maxBARs	максbars	максbars	existing-unreviewed		0
maxDatagramSize	максdatagramВеличина	максdatagramВеличина	existing-unreviewed		0
maxExecStringLength	максizvršnaнискаDužina	максizvršnaнискаDužina	existing-unreviewed		0
maxExecVectorEntries	максizvršnavectorунос	максizvršnavectorунос	existing-unreviewed		0
maxFD	максОписник	максОписник	existing-unreviewed		0
maxOpenFiles	максОтвориDATOTEKE	максОтвориDATOTEKE	existing-unreviewed		0
maxSocketPackets	максПрикључницаpaketa	максПрикључницаpaketa	existing-unreviewed		0
maxSockets	максsockets	максsockets	existing-unreviewed		0
maximumBlocks	najvišeBlok	najvišeBlok	existing-unreviewed		0
mediaType	медијВрста	медијВрста	existing-unreviewed		0
mem	mem	mem	existing-unreviewed		0
memoryArray	memorijaНиз	memorijaНиз	existing-unreviewed		0
memoryChunkSize	memorijachunkВеличина	memorijachunkВеличина	existing-unreviewed		0
memoryManager	memorijamanager	memorijamanager	existing-unreviewed		0
memoryOper	memorijaoper	memorijaoper	existing-unreviewed		0
memorySize	memorijaВеличина	memorijaВеличина	existing-unreviewed		0
memorymananger	memorymananger	memorymananger	existing-unreviewed		0
memorytest	memorytest	memorytest	existing-unreviewed		0
message	порука	порука	existing-unreviewed		0
micsPort	micsПорт	micsПорт	existing-unreviewed		0
minimum	majtiše	majtiše	existing-unreviewed		0
mode	rEŽIM	rEŽIM	existing-unreviewed		0
mouseDriver	мишdriver	мишdriver	existing-unreviewed		0
mouseEventHandler	мишДогађајhandler	мишДогађајhandler	existing-unreviewed		0
mouseVGA	мишvga	мишvga	existing-unreviewed		0
mouseWidget	мишKontrola	мишKontrola	existing-unreviewed		0
msdospart	msdospartition	msdospartition	existing-unreviewed		0
msg	msg	msg	existing-unreviewed		0
msgBuffer	msgbuffer	msgbuffer	existing-unreviewed		0
multiboot_memory_map	multibootMemorijamap	multibootMemorijamap	existing-unreviewed		0
multitasking	multitasking	multitasking	existing-unreviewed		0
myKeyboardEventHandler	myТастатураДогађајhandler	myТастатураДогађајhandler	existing-unreviewed		0
myPCIControllerHandler	mypcicontrollerhandler	mypcicontrollerhandler	existing-unreviewed		0
myfunction	myfunction	myfunction	existing-unreviewed		0
n	n	n	existing-unreviewed		0
n_descsz	ndescsz	ndescsz	existing-unreviewed		0
n_namesz	nnamesz	nnamesz	existing-unreviewed		0
n_type	nВрста	nВрста	existing-unreviewed		0
name	назив	назив	existing-unreviewed		0
nameLen	називlen	називlen	existing-unreviewed		0
netCard	мрежаcard	мрежаcard	existing-unreviewed		0
newButtons	новаДугме	новаДугме	existing-unreviewed		0
newFD	новаОписник	новаОписник	existing-unreviewed		0
newFrame	новаOkvir	новаOkvir	existing-unreviewed		0
newLink	новаВеза	новаВеза	existing-unreviewed		0
newNode	новаЧвор	новаЧвор	existing-unreviewed		0
newPtr	новаPokazivač	новаPokazivač	existing-unreviewed		0
next	следеће	следеће	existing-unreviewed		0
nextEphemeralPort	следећеephemeralПорт	следећеephemeralПорт	existing-unreviewed		0
nextFileCluster	следећеДатотекаcluster	следећеДатотекаcluster	existing-unreviewed		0
nextHopIP_BE	следећеhopipaddressМрежаbyteorder	следећеhopipaddressМрежаbyteorder	existing-unreviewed		0
nextNode	следећеЧвор	следећеЧвор	existing-unreviewed		0
nextProcessID	следећеПроцесIB	следећеПроцесIB	existing-unreviewed		0
nextThread	следећеthread	следећеthread	existing-unreviewed		0
nibble	nibble	nibble	existing-unreviewed		0
node	чвор	чвор	pending-language-review	list_node	0
nodeArray	чворНиз	чворНиз	existing-unreviewed		0
num	број	број	existing-unreviewed		0
numCacheEntries	бројcacheунос	бројcacheунос	existing-unreviewed		0
numDrivers	бројdriver	бројdriver	existing-unreviewed		0
numFunctions	бројФункције	бројФункције	existing-unreviewed		0
numRecvBuffers	бројrecvbuffer	бројrecvbuffer	existing-unreviewed		0
numSendBuffers	бројПошаљиbuffer	бројПошаљиbuffer	existing-unreviewed		0
numSockets	бројsockets	бројsockets	existing-unreviewed		0
numTasks	бројzadaci	бројzadaci	existing-unreviewed		0
oAppend	oappend	oappend	existing-unreviewed		0
oCreate	ocreate	ocreate	existing-unreviewed		0
oDirectory	oDirektorijum	oDirektorijum	existing-unreviewed		0
oReadOnly	oчитањеonly	oчитањеonly	existing-unreviewed		0
oReadWrite	oчитањеupis	oчитањеupis	existing-unreviewed		0
oTruncate	oOdsecite	oOdsecite	existing-unreviewed		0
oWriteOnly	oupisonly	oupisonly	existing-unreviewed		0
o_addr	oaddress	oaddress	existing-unreviewed		0
offset	offset	offset	existing-unreviewed		0
ok	уреду	уреду	existing-unreviewed		0
oldButtons	oldДугме	oldДугме	existing-unreviewed		0
oldCR3	oldcr3	oldcr3	existing-unreviewed		0
oldFD	oldОписник	oldОписник	existing-unreviewed		0
oldFrame	oldOkvir	oldOkvir	existing-unreviewed		0
oldGdt	oldgdt	oldgdt	existing-unreviewed		0
oldGdtAddr	oldgdtaddress	oldgdtaddress	existing-unreviewed		0
oldGdtLen	oldgdtlen	oldgdtlen	existing-unreviewed		0
openFileDescription	отвориДатотекаОпис	отвориДатотекаОпис	existing-unreviewed		0
openFileTable	отвориДатотекаTabela	отвориДатотекаTabela	existing-unreviewed		0
options	опције	опције	existing-unreviewed		0
orgValue	orgВредност	orgВредност	existing-unreviewed		0
p	p	p	existing-unreviewed		0
p1	p1	p1	existing-unreviewed		0
p2	p2	p2	existing-unreviewed		0
p_align	pПоравнање	pПоравнање	existing-unreviewed		0
p_backend	pbackend	pbackend	existing-unreviewed		0
p_data	pdata	pdata	existing-unreviewed		0
p_efHandler	pefhandler	pefhandler	existing-unreviewed		0
p_efProvider	pefprovider	pefprovider	existing-unreviewed		0
p_etherType	pŽičanavezaВрста	pŽičanavezaВрста	existing-unreviewed		0
p_filesz	pfilesz	pfilesz	existing-unreviewed		0
p_flags	pParametri	pParametri	existing-unreviewed		0
p_iHandler	pihandler	pihandler	existing-unreviewed		0
p_ipHandler	piphandler	piphandler	existing-unreviewed		0
p_ipProvider	pipprovider	pipprovider	existing-unreviewed		0
p_memsz	pmemsz	pmemsz	existing-unreviewed		0
p_offset	poffset	poffset	existing-unreviewed		0
p_paddr	ppaddr	ppaddr	existing-unreviewed		0
p_protocol	pprotocol	pprotocol	existing-unreviewed		0
p_provider	pprovider	pprovider	existing-unreviewed		0
p_str	pstr	pstr	existing-unreviewed		0
p_type	pВрста	pВрста	existing-unreviewed		0
p_udpHandler	pudphandler	pudphandler	existing-unreviewed		0
p_udpProvider	pudpprovider	pudpprovider	existing-unreviewed		0
p_vaddr	pvaddr	pvaddr	existing-unreviewed		0
packet	packet	packet	existing-unreviewed		0
packetStatus	packetСтање	packetСтање	existing-unreviewed		0
packets	paketa	paketa	existing-unreviewed		0
page	list	list	existing-unreviewed		0
pageDir	listDirektorijum	listDirektorijum	pending-language-review	page_directory	0
pageDirEntry	listDirektorijumунос	listDirektorijumунос	existing-unreviewed		0
pageTableEntry	listTabelaунос	listTabelaунос	existing-unreviewed		0
paging	paging	paging	existing-unreviewed		0
param	param	param	existing-unreviewed		0
params	параметри	параметри	existing-unreviewed		0
parent	nadređeni	nadređeni	existing-unreviewed		0
parentPID	nadređeniПИД	nadređeniПИД	existing-unreviewed		0
parentProcess	nadređeniПроцес	nadređeniПроцес	existing-unreviewed		0
partEntry	partунос	partунос	existing-unreviewed		0
partition	partition	partition	existing-unreviewed		0
partitionBytes	partitionBajtova	partitionBajtova	existing-unreviewed		0
partitionOffset	partitionoffset	partitionoffset	existing-unreviewed		0
path	пУТАЊА	пУТАЊА	existing-unreviewed		0
pathAddr	пУТАЊАaddress	пУТАЊАaddress	existing-unreviewed		0
pci	pci	pci	existing-unreviewed		0
pciController	pcicontroller	pcicontroller	existing-unreviewed		0
pde	pde	pde	existing-unreviewed		0
pdeAddr	pdeaddress	pdeaddress	existing-unreviewed		0
pdelen	pdelen	pdelen	existing-unreviewed		0
peer	peer	peer	existing-unreviewed		0
pendingButtons	pendingДугме	pendingДугме	existing-unreviewed		0
pendingMouseEvent	pendingМишДогађај	pendingМишДогађај	existing-unreviewed		0
pendingX	pendingx	pendingx	existing-unreviewed		0
pendingY	pendingy	pendingy	existing-unreviewed		0
phyaddr	phyaddr	phyaddr	existing-unreviewed		0
phymem	physicalMemorija	physicalMemorija	existing-unreviewed		0
physicalAddress	physicaladdress	physicaladdress	existing-unreviewed		0
pid	пИД	пИД	existing-unreviewed		0
pitFrequency	pitУчестаност	pitУчестаност	existing-unreviewed		0
pixelAddress	pixeladdress	pixeladdress	existing-unreviewed		0
pointer	pokazivač	pokazivač	pending-language-review	pointer	0
pollKeyboardScancode	pollТастатураscancode	pollТастатураscancode	existing-unreviewed		0
port	порт	порт	existing-unreviewed		0
portBase	портbase	портbase	existing-unreviewed		0
portInUse	портПримљеноКористи	портПримљеноКористи	existing-unreviewed		0
portnumber	portnumber	portnumber	existing-unreviewed		0
pos	положај	положај	existing-unreviewed		0
position	положај_2	положај_2	existing-unreviewed		0
posixStat	posixstat	posixstat	existing-unreviewed		0
posixUtsname	posixutsname	posixutsname	existing-unreviewed		0
prefetchable	prefetchcapable	prefetchcapable	existing-unreviewed		0
prev	previous	previous	existing-unreviewed		0
prevNode	previousЧвор	previousЧвор	existing-unreviewed		0
prevX	previousx	previousx	existing-unreviewed		0
prevY	previousy	previousy	existing-unreviewed		0
printESP	štampajesp	štampajesp	existing-unreviewed		0
printExceptionSelectorInfo	štampajexceptionselectorПодаци	štampajexceptionselectorПодаци	existing-unreviewed		0
printPageFaultInfo	štampajlistfaultПодаци	štampajlistfaultПодаци	existing-unreviewed		0
printreg	printreg	printreg	existing-unreviewed		0
proc2	proc2	proc2	existing-unreviewed		0
proc3	proc3	proc3	existing-unreviewed		0
proc4	proc4	proc4	existing-unreviewed		0
process	процес	процес	existing-unreviewed		0
processEntry	процесунос	процесунос	existing-unreviewed		0
processHelper	процесhelper	процесhelper	existing-unreviewed		0
processTable	процесTabela	процесTabela	existing-unreviewed		0
processes	procesi	procesi	existing-unreviewed		0
programBreak	програмbreak	програмbreak	existing-unreviewed		0
protocol	protocol	protocol	existing-unreviewed		0
protocolAddressSize	protocoladdressВеличина	protocoladdressВеличина	existing-unreviewed		0
providedLength	providedDužina	providedDužina	existing-unreviewed		0
provider	provider	provider	existing-unreviewed		0
ps2WaitLimit	ps2SačekajОграничи	ps2SačekajОграничи	existing-unreviewed		0
pt	pt	pt	existing-unreviewed		0
pte	pte	pte	existing-unreviewed		0
pteAddr	pteaddress	pteaddress	existing-unreviewed		0
ptr	pokazivač_2	pokazivač_2	pending-language-review	pointer	0
pushExecUint32	pushizvršnaunsignedinteger32	pushizvršnaunsignedinteger32	existing-unreviewed		0
queueKeyboardByte	queueТастатураbyte	queueТастатураbyte	existing-unreviewed		0
r	r	r	existing-unreviewed		0
r_addend	raddend	raddend	existing-unreviewed		0
r_info	rПодаци	rПодаци	existing-unreviewed		0
r_offset	roffset	roffset	existing-unreviewed		0
raw	raw	raw	existing-unreviewed		0
rawDataBackend	rawdatabackend	rawdatabackend	existing-unreviewed		0
readFile	читањеДатотека	читањеДатотека	existing-unreviewed		0
readPS2Data	читањеps2data	читањеps2data	existing-unreviewed		0
readStdin	читањеstdin	читањеstdin	existing-unreviewed		0
readVFSFile	читањеvfsДатотека	читањеvfsДатотека	existing-unreviewed		0
read_count	читањеcount	читањеcount	existing-unreviewed		0
receiver	receiver	receiver	existing-unreviewed		0
recvBufferDescr	recvbufferОпис	recvbufferОпис	existing-unreviewed		0
recvBufferDescrAddress	recvbufferОписaddress	recvbufferОписaddress	existing-unreviewed		0
recvBuffers	recvbuffer	recvbuffer	existing-unreviewed		0
recvBuffersDescrMemory	recvbufferОписMemorija	recvbufferОписMemorija	existing-unreviewed		0
refBytes	referenceBajtova	referenceBajtova	existing-unreviewed		0
refPtr	referencePokazivač	referencePokazivač	existing-unreviewed		0
refs	refs	refs	existing-unreviewed		0
regIndex	regPopis	regPopis	existing-unreviewed		0
registerAddressPort	registeraddressПорт	registeraddressПорт	existing-unreviewed		0
registerDataPort	registerdataПорт	registerdataПорт	existing-unreviewed		0
registeroffset	registeroffset	registeroffset	existing-unreviewed		0
registers	register	register	existing-unreviewed		0
regtype	regtype	regtype	existing-unreviewed		0
rel_text	relТекст	relТекст	existing-unreviewed		0
rel_text_len	relТекстlen	relТекстlen	existing-unreviewed		0
releaseOpenFile	releaseОтвориДатотека	releaseОтвориДатотека	existing-unreviewed		0
released	released	released	existing-unreviewed		0
reloadCR3	освежиcr3	освежиcr3	existing-unreviewed		0
relocation_text	relocationТекст	relocationТекст	existing-unreviewed		0
remaining	remaining	remaining	existing-unreviewed		0
remote	удаљено	удаљено	existing-unreviewed		0
remoteIP	удаљеноip	удаљеноip	existing-unreviewed		0
remotePort	удаљеноПортброј	удаљеноПортброј	existing-unreviewed		0
requested	requested	requested	existing-unreviewed		0
reserved	zauzeto	zauzeto	existing-unreviewed		0
reserved0	zauzeto0	zauzeto0	existing-unreviewed		0
reservedSectors	zauzetosectors	zauzetosectors	existing-unreviewed		0
resetPort	ponovopostaviПорт	ponovopostaviПорт	existing-unreviewed		0
restoreFpRegs	повратиfpregs	повратиfpregs	existing-unreviewed		0
result	иСХОД	иСХОД	existing-unreviewed		0
result1	иСХОД1	иСХОД1	existing-unreviewed		0
result2	иСХОД2	иСХОД2	existing-unreviewed		0
ret	ret	ret	existing-unreviewed		0
revision	revision	revision	existing-unreviewed		0
rightShift	десноШифт	десноШифт	existing-unreviewed		0
rootCluster	korencluster	korencluster	existing-unreviewed		0
rootDirEntries	korenDirektorijumунос	korenDirektorijumунос	existing-unreviewed		0
rootStart	korenPokreni	korenPokreni	existing-unreviewed		0
rt	rt	rt	existing-unreviewed		0
s	s	s	existing-unreviewed		0
sIfchr	sifchr	sifchr	existing-unreviewed		0
sIfdir	sifdir	sifdir	existing-unreviewed		0
sIfmt	sifmt	sifmt	existing-unreviewed		0
sIfreg	sifreg	sifreg	existing-unreviewed		0
sIfsock	sifsock	sifsock	existing-unreviewed		0
savedESP	savedesp	savedesp	existing-unreviewed		0
sc	sc	sc	existing-unreviewed		0
scanCode	прегледајcode	прегледајcode	existing-unreviewed		0
scanCodeToByte	прегледајcodetobyte	прегледајcodetobyte	existing-unreviewed		0
scancodeToByte	scancodetobyte	scancodetobyte	existing-unreviewed		0
sche	sche	sche	existing-unreviewed		0
sche_data	schedata	schedata	existing-unreviewed		0
scheduleStack	schedulestack	schedulestack	existing-unreviewed		0
scheduler	scheduler	scheduler	existing-unreviewed		0
schedulerDebug	schedulerИсправљање	schedulerИсправљање	existing-unreviewed		0
sectHeader	sectheader	sectheader	existing-unreviewed		0
sectHeaderSize	sectheaderВеличина	sectheaderВеличина	existing-unreviewed		0
sectName	sectНазив	sectНазив	existing-unreviewed		0
sectValue	sectВредност	sectВредност	existing-unreviewed		0
sector	sector	sector	existing-unreviewed		0
sectorCountPort	sectorcountПорт	sectorcountПорт	existing-unreviewed		0
sectorNum	sectorброј	sectorброј	existing-unreviewed		0
sectorOffset	sectoroffset	sectoroffset	existing-unreviewed		0
sectorPerTrack	sectorpertrack	sectorpertrack	existing-unreviewed		0
sectorsPerCluster	sectorspercluster	sectorspercluster	existing-unreviewed		0
seekCur	seekТренутно	seekТренутно	existing-unreviewed		0
seekEnd	seekKraj	seekKraj	existing-unreviewed		0
seekSet	seekскуп	seekскуп	existing-unreviewed		0
segmentNumber	segmentброј	segmentброј	existing-unreviewed		0
self	isti	isti	existing-unreviewed		0
self_uintptr	istiuintptr	istiuintptr	existing-unreviewed		0
sendBack	reply	reply	existing-unreviewed		0
sendBufferDescr	пошаљиbufferОпис	пошаљиbufferОпис	existing-unreviewed		0
sendBufferDescrAddress	пошаљиbufferОписaddress	пошаљиbufferОписaddress	existing-unreviewed		0
sendBuffers	пошаљиbuffer	пошаљиbuffer	existing-unreviewed		0
sendBuffersDescrMemory	пошаљиbufferОписMemorija	пошаљиbufferОписMemorija	existing-unreviewed		0
sendDataPointer	пошаљиdataPokazivač	пошаљиdataPokazivač	existing-unreviewed		0
sendDescriptor	пошаљиdescriptor	пошаљиdescriptor	existing-unreviewed		0
sendMouseCommand	пошаљиМишНаредба	пошаљиМишНаредба	existing-unreviewed		0
sequencerDataPort	sequencerdataПорт	sequencerdataПорт	existing-unreviewed		0
sequencerIndexPort	sequencerPopisПорт	sequencerPopisПорт	existing-unreviewed		0
serialLogByte	серијскиДневникbyte	серијскиДневникbyte	existing-unreviewed		0
serialReady	серијскиСпреман	серијскиСпреман	existing-unreviewed		0
setCR3	скупcr3	скупcr3	existing-unreviewed		0
setDS	скупds	скупds	existing-unreviewed		0
setGS	скупgs	скупgs	existing-unreviewed		0
setThreadExitLoopState	скупthreadIzlazloopСтање	скупthreadIzlazloopСтање	existing-unreviewed		0
setupExecStack	setupizvršnastack	setupizvršnastack	existing-unreviewed		0
sh	sh	sh	existing-unreviewed		0
sh_addr	shaddress	shaddress	existing-unreviewed		0
sh_addralign	shaddralign	shaddralign	existing-unreviewed		0
sh_entsize	shentsize	shentsize	existing-unreviewed		0
sh_flags	shParametri	shParametri	existing-unreviewed		0
sh_info	shПодаци	shПодаци	existing-unreviewed		0
sh_link	shВеза	shВеза	existing-unreviewed		0
sh_name	shНазив	shНазив	existing-unreviewed		0
sh_offset	shoffset	shoffset	existing-unreviewed		0
sh_size	shВеличина	shВеличина	existing-unreviewed		0
sh_type	shВрста	shВрста	existing-unreviewed		0
shift	шифт	шифт	existing-unreviewed		0
signature	signature	signature	existing-unreviewed		0
size	величина	величина	existing-unreviewed		0
sl	sl	sl	existing-unreviewed		0
sockDatagram	sockdatagram	sockdatagram	existing-unreviewed		0
socket	прикључница	прикључница	existing-unreviewed		0
socketAddress	прикључницаaddress	прикључницаaddress	existing-unreviewed		0
socketAddressIPv4	прикључницаaddressiTv4	прикључницаaddressiTv4	existing-unreviewed		0
socketBind	прикључницаbind	прикључницаbind	existing-unreviewed		0
socketCallArgument	прикључницаcallargument	прикључницаcallargument	existing-unreviewed		0
socketConnect	прикључницаPovežise	прикључницаPovežise	existing-unreviewed		0
socketForFD	прикључницаforОписник	прикључницаforОписник	existing-unreviewed		0
socketIndex	прикључницаPopis	прикључницаPopis	existing-unreviewed		0
socketPacket	прикључницаpacket	прикључницаpacket	existing-unreviewed		0
socketReceiveFrom	прикључницаreceivesa	прикључницаreceivesa	existing-unreviewed		0
socketSendTo	прикључницаПошаљиto	прикључницаПошаљиto	existing-unreviewed		0
socketType	прикључницаВрста	прикључницаВрста	existing-unreviewed		0
sockets	sockets	sockets	existing-unreviewed		0
softName	softНазив	softНазив	existing-unreviewed		0
source	izvor	izvor	existing-unreviewed		0
sourceAddress	izvoraddress	izvoraddress	existing-unreviewed		0
sourceLengthAddress	izvorDužinaaddress	izvorDužinaaddress	existing-unreviewed		0
src	izvor_2	izvor_2	existing-unreviewed		0
srcEntry	izvorунос	izvorунос	existing-unreviewed		0
srcIP	izvoripaddress	izvoripaddress	existing-unreviewed		0
srcIP_BE	izvoripaddressМрежаbyteorder	izvoripaddressМрежаbyteorder	existing-unreviewed		0
srcMAC	izvormacaddress	izvormacaddress	existing-unreviewed		0
srcMAC_BE	izvormacbe	izvormacbe	existing-unreviewed		0
srcPageDir	izvorlistDirektorijum	izvorlistDirektorijum	existing-unreviewed		0
srcPde	izvorpde	izvorpde	existing-unreviewed		0
srcPdeAddr	izvorpdeaddress	izvorpdeaddress	existing-unreviewed		0
srcPort	izvorПортброј	izvorПортброј	pending-language-review	source_port	0
srcPt	izvorpt	izvorpt	existing-unreviewed		0
srcptr	srcptr	srcptr	existing-unreviewed		0
ss	ss	ss	existing-unreviewed		0
ss0	ss0	ss0	existing-unreviewed		0
ss1	ss1	ss1	existing-unreviewed		0
ss2	ss2	ss2	existing-unreviewed		0
st	st	st	existing-unreviewed		0
st_info	stПодаци	stПодаци	existing-unreviewed		0
st_name	stНазив	stНазив	existing-unreviewed		0
st_other	stДруго	stДруго	existing-unreviewed		0
st_shndx	stshndx	stshndx	existing-unreviewed		0
st_size	stВеличина	stВеличина	existing-unreviewed		0
st_value	stВредност	stВредност	existing-unreviewed		0
stack	stack	stack	pending-language-review	stack	0
stackBytes	stackBajtova	stackBajtova	existing-unreviewed		0
stackPtr	stackPokazivač	stackPokazivač	existing-unreviewed		0
stack_addr	stackaddress	stackaddress	existing-unreviewed		0
stackbottom	stackbottom	stackbottom	existing-unreviewed		0
stacktop	stacktop	stacktop	existing-unreviewed		0
start	pokreni	pokreni	existing-unreviewed		0
startOffset	pokrenioffset	pokrenioffset	existing-unreviewed		0
start_cylinder	pokrenicylinder	pokrenicylinder	existing-unreviewed		0
start_head	pokrenihead	pokrenihead	existing-unreviewed		0
start_sector	pokrenisector	pokrenisector	existing-unreviewed		0
startingBit	startingbit	startingbit	existing-unreviewed		0
stat	stat	stat	existing-unreviewed		0
statAddr	stataddress	stataddress	existing-unreviewed		0
status	стање	стање	existing-unreviewed		0
statusAddr	стањеaddress	стањеaddress	existing-unreviewed		0
stderrFD	stderrОписник	stderrОписник	existing-unreviewed		0
stdinBuffer	stdinbuffer	stdinbuffer	existing-unreviewed		0
stdinFD	stdinОписник	stdinОписник	existing-unreviewed		0
stdinGetBlocking	stdingetblocking	stdingetblocking	existing-unreviewed		0
stdinRead	stdinчитање	stdinчитање	existing-unreviewed		0
stdinWrite	stdinupis	stdinupis	existing-unreviewed		0
stdoutFD	stdoutОписник	stdoutОписник	existing-unreviewed		0
stoppedThread	заустављенthread	заустављенthread	existing-unreviewed		0
str	str	str	existing-unreviewed		0
stringAddress	нискаaddress	нискаaddress	existing-unreviewed		0
stringHeader	нискаheader	нискаheader	existing-unreviewed		0
strtab	strtab	strtab	existing-unreviewed		0
subclass_id	subclassIB	subclassIB	existing-unreviewed		0
subnetMask	subnetMaska	subnetMaska	existing-unreviewed		0
swapUint16	svapunsignedinteger16	svapunsignedinteger16	existing-unreviewed		0
switchForced	switchforced	switchforced	existing-unreviewed		0
sysAccess	sysприступање	sysприступање	existing-unreviewed		0
sysBrk	sysbrk	sysbrk	existing-unreviewed		0
sysCall	syscall	syscall	existing-unreviewed		0
sysChdir	syschdir	syschdir	existing-unreviewed		0
sysClose	sysЗатвори	sysЗатвори	existing-unreviewed		0
sysDup	sysdup	sysdup	existing-unreviewed		0
sysDup2	sysdup2	sysdup2	existing-unreviewed		0
sysExecve	sysexecve	sysexecve	existing-unreviewed		0
sysExit	sysIzlaz	sysIzlaz	existing-unreviewed		0
sysFcntl	sysfcntl	sysfcntl	existing-unreviewed		0
sysFork	sysfork	sysfork	existing-unreviewed		0
sysFstat	sysfstat	sysfstat	existing-unreviewed		0
sysFsync	sysfsync	sysfsync	existing-unreviewed		0
sysGetcwd	sysgetcwd	sysgetcwd	existing-unreviewed		0
sysLseek	syslseek	syslseek	existing-unreviewed		0
sysOpen	sysОтвори	sysОтвори	existing-unreviewed		0
sysRead	sysчитање	sysчитање	existing-unreviewed		0
sysSocketCall	sysПрикључницаcall	sysПрикључницаcall	existing-unreviewed		0
sysStat	sysstat	sysstat	existing-unreviewed		0
sysUname	sysuname	sysuname	existing-unreviewed		0
sysWaitpid	syswaitpid	syswaitpid	existing-unreviewed		0
sysWrite	sysupis	sysupis	existing-unreviewed		0
syscallError	syscallГрешка	syscallГрешка	existing-unreviewed		0
syscallID	syscallIB	syscallIB	existing-unreviewed		0
systemcall	системcall	системcall	existing-unreviewed		0
table	tabela	tabela	existing-unreviewed		0
tableSize	tabelaВеличина	tabelaВеличина	existing-unreviewed		0
tail	tail	tail	existing-unreviewed		0
task	задатак	задатак	existing-unreviewed		0
taskA	задатакa	задатакa	existing-unreviewed		0
taskB	задатакb	задатакb	existing-unreviewed		0
taskC	задатакc	задатакc	existing-unreviewed		0
taskD	задатакd	задатакd	existing-unreviewed		0
taskD0	задатакd0	задатакd0	existing-unreviewed		0
taskD1	задатакd1	задатакd1	existing-unreviewed		0
taskManager	задатакmanager	задатакmanager	existing-unreviewed		0
tasks	zadaci	zadaci	existing-unreviewed		0
temp	temporary	temporary	existing-unreviewed		0
terminated	terminated	terminated	existing-unreviewed		0
text	текст	текст	existing-unreviewed		0
textPtr	текстPokazivač	текстPokazivač	existing-unreviewed		0
text_len	текстlen	текстlen	existing-unreviewed		0
text_mode_check_fb_move	текстREŽIMcheckfbПремести	текстREŽIMcheckfbПремести	existing-unreviewed		0
text_mode_disable_cursor	текстREŽIMИскључиПоказивач	текстREŽIMИскључиПоказивач	existing-unreviewed		0
text_mode_enable_cursor	текстREŽIMукљученоПоказивач	текстREŽIMукљученоПоказивач	existing-unreviewed		0
text_mode_error_writer	текстREŽIMГрешкаwriter	текстREŽIMГрешкаwriter	existing-unreviewed		0
text_mode_flush_screen	текстREŽIMflushscreen	текстREŽIMflushscreen	existing-unreviewed		0
text_mode_init	текстREŽIMinit	текстREŽIMinit	existing-unreviewed		0
text_mode_print	текстREŽIMŠtampaj	текстREŽIMŠtampaj	existing-unreviewed		0
text_mode_print_bytes	текстREŽIMŠtampajBajtova	текстREŽIMŠtampajBajtova	existing-unreviewed		0
text_mode_print_char	текстREŽIMŠtampajchar	текстREŽIMŠtampajchar	existing-unreviewed		0
text_mode_print_char_col	текстREŽIMŠtampajcharcol	текстREŽIMŠtampajcharcol	existing-unreviewed		0
text_mode_print_col	текстREŽIMŠtampajcol	текстREŽIMŠtampajcol	existing-unreviewed		0
text_mode_print_error	текстREŽIMŠtampajГрешка	текстREŽIMŠtampajГрешка	existing-unreviewed		0
text_mode_print_error_bytes	текстREŽIMŠtampajГрешкаBajtova	текстREŽIMŠtampajГрешкаBajtova	existing-unreviewed		0
text_mode_print_errorln	текстREŽIMŠtampajerrorln	текстREŽIMŠtampajerrorln	existing-unreviewed		0
text_mode_print_hex	текстREŽIMŠtampajHeksadecimalno	текстREŽIMŠtampajHeksadecimalno	existing-unreviewed		0
text_mode_print_hex16	текстREŽIMŠtampajHeksadecimalno16	текстREŽIMŠtampajHeksadecimalno16	existing-unreviewed		0
text_mode_print_hex32	текстREŽIMŠtampajHeksadecimalno32	текстREŽIMŠtampajHeksadecimalno32	existing-unreviewed		0
text_mode_print_hex64	текстREŽIMŠtampajHeksadecimalno64	текстREŽIMŠtampajHeksadecimalno64	existing-unreviewed		0
text_mode_print_hex_char	текстREŽIMŠtampajHeksadecimalnochar	текстREŽIMŠtampajHeksadecimalnochar	existing-unreviewed		0
text_mode_println	текстREŽIMprintln	текстREŽIMprintln	existing-unreviewed		0
text_mode_println_col	текстREŽIMprintlncol	текстREŽIMprintlncol	existing-unreviewed		0
text_mode_update_cursor	текстREŽIMОсвежиПоказивач	текстREŽIMОсвежиПоказивач	existing-unreviewed		0
text_mode_writer	текстREŽIMwriter	текстREŽIMwriter	existing-unreviewed		0
thr2	thr2	thr2	existing-unreviewed		0
thr3	thr3	thr3	existing-unreviewed		0
thr4	thr4	thr4	existing-unreviewed		0
thread	thread	thread	existing-unreviewed		0
threadExitLoop	threadIzlazloop	threadIzlazloop	existing-unreviewed		0
threadHelper	threadhelper	threadhelper	existing-unreviewed		0
threadPtr	threadPokazivač	threadPokazivač	existing-unreviewed		0
tickCount	tickcount	tickcount	existing-unreviewed		0
timeDelta	времеДелта	времеДелта	existing-unreviewed		0
timeToLive	времеtolive	времеtolive	existing-unreviewed		0
timer	одбројавач	одбројавач	existing-unreviewed		0
tls	tls	tls	existing-unreviewed		0
tmp	tmp	tmp	existing-unreviewed		0
tmpPtr	tmpPokazivač	tmpPokazivač	existing-unreviewed		0
tos	tos	tos	existing-unreviewed		0
totalLength	ukupnoDužina	ukupnoDužina	existing-unreviewed		0
totalSectorCount	ukupnosectorcount	ukupnosectorcount	existing-unreviewed		0
totalSectors	ukupnosectors	ukupnosectors	existing-unreviewed		0
trap	trap	trap	existing-unreviewed		0
tss	tss	tss	existing-unreviewed		0
tssIndex	tssPopis	tssPopis	existing-unreviewed		0
udp	udp	udp	existing-unreviewed		0
udpHandler	udphandler	udphandler	existing-unreviewed		0
udpHeaderSize	udpheaderВеличина	udpheaderВеличина	existing-unreviewed		0
udpProvider	udpprovider	udpprovider	existing-unreviewed		0
udp콘솔	udpКонзола	udpКонзола	existing-unreviewed		0
unused	неупотребљен	неупотребљен	existing-unreviewed		0
used	zauzeto_2	zauzeto_2	existing-unreviewed		0
usedBlocks	zauzetoBlok	zauzetoBlok	existing-unreviewed		0
user1addr	korisnik1address	korisnik1address	existing-unreviewed		0
user1data	korisnik1data	korisnik1data	existing-unreviewed		0
user1entry	korisnik1унос	korisnik1унос	existing-unreviewed		0
user1file	korisnik1Датотека	korisnik1Датотека	existing-unreviewed		0
user2addr	korisnik2address	korisnik2address	existing-unreviewed		0
user2data	korisnik2data	korisnik2data	existing-unreviewed		0
user2entry	korisnik2унос	korisnik2унос	existing-unreviewed		0
user2file	korisnik2Датотека	korisnik2Датотека	existing-unreviewed		0
user3addr	korisnik3address	korisnik3address	existing-unreviewed		0
user3data	korisnik3data	korisnik3data	existing-unreviewed		0
user3entry	korisnik3унос	korisnik3унос	existing-unreviewed		0
user3file	korisnik3Датотека	korisnik3Датотека	existing-unreviewed		0
userHeapBase	korisnikheapbase	korisnikheapbase	existing-unreviewed		0
userHeapLimit	korisnikheapОграничи	korisnikheapОграничи	existing-unreviewed		0
user_esp	korisnikesp	korisnikesp	existing-unreviewed		0
userhandler	userhandler	userhandler	existing-unreviewed		0
userproc_entry	userprocунос	userprocунос	existing-unreviewed		0
util	util	util	existing-unreviewed		0
util콘솔	utilКонзола	utilКонзола	existing-unreviewed		0
v	v	v	existing-unreviewed		0
vAddr	vaddress	vaddress	existing-unreviewed		0
value	вредност	вредност	existing-unreviewed		0
values	вредности	вредности	existing-unreviewed		0
version	издање	издање	existing-unreviewed		0
vga	vga	vga	existing-unreviewed		0
virtlen	virtlen	virtlen	existing-unreviewed		0
virtmem	virtuelnoMemorija	virtuelnoMemorija	existing-unreviewed		0
virtualAddr	virtuelnoaddress	virtuelnoaddress	existing-unreviewed		0
volumeId	glasnoćaIB	glasnoćaIB	existing-unreviewed		0
volumeLabel	glasnoćaНатпис	glasnoćaНатпис	existing-unreviewed		0
w	w	w	existing-unreviewed		0
wDate	wДатум	wДатум	existing-unreviewed		0
wTime	wВреме	wВреме	existing-unreviewed		0
waitPS2InputEmpty	sačekajps2УлазПразно	sačekajps2УлазПразно	existing-unreviewed		0
waitPS2OutputFull	sačekajps2Излазпотпуно	sačekajps2Излазпотпуно	existing-unreviewed		0
wdata	wdata	wdata	existing-unreviewed		0
whence	whence	whence	existing-unreviewed		0
widget	kontrola	kontrola	existing-unreviewed		0
width	širina	širina	existing-unreviewed		0
writePS2Command	upisps2Наредба	upisps2Наредба	existing-unreviewed		0
writePS2Data	upisps2data	upisps2data	existing-unreviewed		0
write_count	upiscount	upiscount	existing-unreviewed		0
x	x	x	existing-unreviewed		0
xPageDir	xlistDirektorijum	xlistDirektorijum	existing-unreviewed		0
xPos	xПоложај	xПоложај	existing-unreviewed		0
y	y	y	existing-unreviewed		0
yPageDir	ylistDirektorijum	ylistDirektorijum	existing-unreviewed		0
yPos	yПоложај	yПоложај	existing-unreviewed		0
값	вредност_2	вредност_2	existing-unreviewed		0
공용서술자테이블	shareddescriptorTabela	shareddescriptorTabela	existing-unreviewed		0
기준	base_2	base_2	existing-unreviewed		0
기준_낮은	baseTiho_2	baseTiho_2	existing-unreviewed		0
기준_높은	baseВисока_2	baseВисока_2	existing-unreviewed		0
기준_매우높은	baseveryВисока	baseveryВисока	existing-unreviewed		0
기준주소	baseaddress	baseaddress	existing-unreviewed		0
넷카드콘솔	мрежаcardКонзола	мрежаcardКонзола	existing-unreviewed		0
단말기	terminal	terminal	existing-unreviewed		0
마우스콘솔	мишКонзола	мишКонзола	existing-unreviewed		0
매개값	argumentВредност	argumentВредност	existing-unreviewed		0
멈추기	halt	halt	existing-unreviewed		0
목적	odredište_3	odredište_3	existing-unreviewed		0
유형	врста_2	врста_2	existing-unreviewed		0
이더넷콘솔	žičanavezaКонзола	žičanavezaКонзола	existing-unreviewed		0
인터럽트무시하기	ометањеignore	ометањеignore	existing-unreviewed		0
인터럽트예외처리기	ометањеexceptionhandler	ометањеexceptionhandler	existing-unreviewed		0
인터럽트예외처리기0x00	ометањеexceptionhandler0x00	ометањеexceptionhandler0x00	existing-unreviewed		0
인터럽트예외처리기0x01	ометањеexceptionhandler0x01	ометањеexceptionhandler0x01	existing-unreviewed		0
인터럽트예외처리기0x02	ометањеexceptionhandler0x02	ометањеexceptionhandler0x02	existing-unreviewed		0
인터럽트예외처리기0x03	ометањеexceptionhandler0x03	ометањеexceptionhandler0x03	existing-unreviewed		0
인터럽트예외처리기0x04	ометањеexceptionhandler0x04	ометањеexceptionhandler0x04	existing-unreviewed		0
인터럽트예외처리기0x05	ометањеexceptionhandler0x05	ометањеexceptionhandler0x05	existing-unreviewed		0
인터럽트예외처리기0x06	ометањеexceptionhandler0x06	ометањеexceptionhandler0x06	existing-unreviewed		0
인터럽트예외처리기0x07	ометањеexceptionhandler0x07	ометањеexceptionhandler0x07	existing-unreviewed		0
인터럽트예외처리기0x08	ометањеexceptionhandler0x08	ометањеexceptionhandler0x08	existing-unreviewed		0
인터럽트예외처리기0x09	ометањеexceptionhandler0x09	ометањеexceptionhandler0x09	existing-unreviewed		0
인터럽트예외처리기0x0A	ометањеexceptionhandler0x0a	ометањеexceptionhandler0x0a	existing-unreviewed		0
인터럽트예외처리기0x0B	ометањеexceptionhandler0x0b	ометањеexceptionhandler0x0b	existing-unreviewed		0
인터럽트예외처리기0x0C	ометањеexceptionhandler0x0c	ометањеexceptionhandler0x0c	existing-unreviewed		0
인터럽트예외처리기0x0D	ометањеexceptionhandler0x0d	ометањеexceptionhandler0x0d	existing-unreviewed		0
인터럽트예외처리기0x0E	ометањеexceptionhandler0x0e	ометањеexceptionhandler0x0e	existing-unreviewed		0
인터럽트예외처리기0x0F	ометањеexceptionhandler0x0f	ометањеexceptionhandler0x0f	existing-unreviewed		0
인터럽트예외처리기0x10	ометањеexceptionhandler0x10	ометањеexceptionhandler0x10	existing-unreviewed		0
인터럽트예외처리기0x11	ометањеexceptionhandler0x11	ометањеexceptionhandler0x11	existing-unreviewed		0
인터럽트예외처리기0x12	ометањеexceptionhandler0x12	ометањеexceptionhandler0x12	existing-unreviewed		0
인터럽트예외처리기0x13	ометањеexceptionhandler0x13	ометањеexceptionhandler0x13	existing-unreviewed		0
인터럽트요청처리0x00	ометањеrequesthandler0x00	ометањеrequesthandler0x00	existing-unreviewed		0
인터럽트요청처리0x01	ометањеrequesthandler0x01	ометањеrequesthandler0x01	existing-unreviewed		0
인터럽트요청처리0x02	ометањеrequesthandler0x02	ометањеrequesthandler0x02	existing-unreviewed		0
인터럽트요청처리0x03	ометањеrequesthandler0x03	ометањеrequesthandler0x03	existing-unreviewed		0
인터럽트요청처리0x04	ометањеrequesthandler0x04	ометањеrequesthandler0x04	existing-unreviewed		0
인터럽트요청처리0x05	ометањеrequesthandler0x05	ометањеrequesthandler0x05	existing-unreviewed		0
인터럽트요청처리0x06	ометањеrequesthandler0x06	ометањеrequesthandler0x06	existing-unreviewed		0
인터럽트요청처리0x07	ометањеrequesthandler0x07	ометањеrequesthandler0x07	existing-unreviewed		0
인터럽트요청처리0x08	ометањеrequesthandler0x08	ометањеrequesthandler0x08	existing-unreviewed		0
인터럽트요청처리0x09	ометањеrequesthandler0x09	ометањеrequesthandler0x09	existing-unreviewed		0
인터럽트요청처리0x0A	ометањеrequesthandler0x0a	ометањеrequesthandler0x0a	existing-unreviewed		0
인터럽트요청처리0x0B	ометањеrequesthandler0x0b	ометањеrequesthandler0x0b	existing-unreviewed		0
인터럽트요청처리0x0C	ометањеrequesthandler0x0c	ометањеrequesthandler0x0c	existing-unreviewed		0
인터럽트요청처리0x0D	ометањеrequesthandler0x0d	ометањеrequesthandler0x0d	existing-unreviewed		0
인터럽트요청처리0x0E	ометањеrequesthandler0x0e	ометањеrequesthandler0x0e	existing-unreviewed		0
인터럽트요청처리0x0F	ометањеrequesthandler0x0f	ометањеrequesthandler0x0f	existing-unreviewed		0
인터럽트요청처리0x80	ометањеrequesthandler0x80	ометањеrequesthandler0x80	existing-unreviewed		0
인터럽트요청처리0x81	ометањеrequesthandler0x81	ометањеrequesthandler0x81	existing-unreviewed		0
인터럽트요청처리0x82	ометањеrequesthandler0x82	ометањеrequesthandler0x82	existing-unreviewed		0
인터럽트처리기	ометањеhandler_2	ометањеhandler_2	existing-unreviewed		0
임시	temporary_2	temporary_2	existing-unreviewed		0
자료	data_2	data_2	existing-unreviewed		0
자신	isti_2	isti_2	existing-unreviewed		0
작업관리자	задатакmanager_2	задатакmanager_2	existing-unreviewed		0
작업콘솔	задатакКонзола	задатакКонзола	existing-unreviewed		0
조각설명자	segmentdescriptor	segmentdescriptor	existing-unreviewed		0
콘솔	конзола_2	конзола_2	existing-unreviewed		0
크기	величина_2	величина_2	existing-unreviewed		0
키보드콘솔	тастатураКонзола	тастатураКонзола	existing-unreviewed		0
표시들	parametri_2	parametri_2	existing-unreviewed		0
표시들_한도_높은	parametriОграничиВисока	parametriОграничиВисока	existing-unreviewed		0
한도	ограничи_2	ограничи_2	existing-unreviewed		0
한도_낮은	ограничиTiho_2	ограничиTiho_2	existing-unreviewed		0
