original	before	after	review_status	concept	changed_tokens
Activate	Etkinleştir	Etkinleştir	existing-unreviewed		0
ActivateAll	EtkinleştirHepsi	EtkinleştirHepsi	existing-unreviewed		0
Active	Aktif	Aktif	existing-unreviewed		0
ActiveInterruptManager	AktifKesmemanager	AktifKesmemanager	existing-unreviewed		0
ActiveMemoryManager	AktifBellekmanager	AktifBellekmanager	existing-unreviewed		0
Add	Ekle	Ekle	existing-unreviewed		0
AddDriver	Ekledriver	Ekledriver	existing-unreviewed		0
AddRunnableThread	Eklerunnablethread	Eklerunnablethread	existing-unreviewed		0
AddTask	EkleGörev	EkleGörev	existing-unreviewed		0
AddThread	Eklethread	Eklethread	existing-unreviewed		0
Address	Address	Address	existing-unreviewed		0
AlignedMalloc	Alignedmalloc	Alignedmalloc	existing-unreviewed		0
AlignmentCheck	Alignmentcheck	Alignmentcheck	existing-unreviewed		0
AllocateBlock	AllocateBlok	AllocateBlok	existing-unreviewed		0
AllocatePID	Allocatepid	Allocatepid	existing-unreviewed		0
AmountOfMemory	MiktarofBellek	MiktarofBellek	existing-unreviewed		0
ArrayToUint16	Dizitounsignedinteger16	Dizitounsignedinteger16	existing-unreviewed		0
ArrayToUint32	Dizitounsignedinteger32	Dizitounsignedinteger32	existing-unreviewed		0
ArrayToUint48	Dizitounsignedinteger48	Dizitounsignedinteger48	existing-unreviewed		0
ArrayToUint48_BE	Dizitounsignedinteger48be	Dizitounsignedinteger48be	existing-unreviewed		0
ArrayToUint64	Dizitounsignedinteger64	Dizitounsignedinteger64	existing-unreviewed		0
Atime	Atime	Atime	existing-unreviewed		0
AtimeNsec	Atimensec	Atimensec	existing-unreviewed		0
BLOCKS_PER_BYTE	Blokperbyte	Blokperbyte	existing-unreviewed		0
BLOCK_SIZE	BlokBoyut	BlokBoyut	existing-unreviewed		0
Backend	Backend	Backend	existing-unreviewed		0
BaseAddr	Baseaddress	Baseaddress	existing-unreviewed		0
Bind	Bind	Bind	existing-unreviewed		0
Blksize	Blksize	Blksize	existing-unreviewed		0
Blocked	Blocked	Blocked	existing-unreviewed		0
BlockedState	BlockedDurum	BlockedDurum	existing-unreviewed		0
Blocks	Blok	Blok	existing-unreviewed		0
BoundRangeExceeded	BoundAralıkexceeded	BoundAralıkexceeded	existing-unreviewed		0
BroadcastMacAddress	Broadcastmacaddress	Broadcastmacaddress	existing-unreviewed		0
BytesPerSector	Baytpersector	Baytpersector	existing-unreviewed		0
BytesToString	BayttoKatar	BayttoKatar	existing-unreviewed		0
Checksum	Checksum	Checksum	existing-unreviewed		0
Clear	Temizle	Temizle	existing-unreviewed		0
Clone	Clone	Clone	existing-unreviewed		0
CloneAddressSpaceCOW	CloneaddressBoşlukcow	CloneaddressBoşlukcow	existing-unreviewed		0
Connect	Bağlan	Bağlan	existing-unreviewed		0
ContainsCoordinate	Containscoordinate	Containscoordinate	existing-unreviewed		0
CopyPageFrameBlock	KopyalaSayfaÇerçeveBlok	KopyalaSayfaÇerçeveBlok	existing-unreviewed		0
CpuState	MİBDurum	MİBDurum	existing-unreviewed		0
Create	Create	Create	existing-unreviewed		0
CreateFromData	Createfromdata	Createfromdata	existing-unreviewed		0
CreateFromFunction	CreatefromFonksiyon	CreatefromFonksiyon	existing-unreviewed		0
CreatePtrFromFunction	CreateBelirteçfromFonksiyon	CreateBelirteçfromFonksiyon	existing-unreviewed		0
Cs	Cs	Cs	existing-unreviewed		0
Ctime	Ctime	Ctime	existing-unreviewed		0
CtimeNsec	Ctimensec	Ctimensec	existing-unreviewed		0
CurrentPID	Şuanpid	Şuanpid	existing-unreviewed		0
CurrentParentPID	Şuanüstpid	Şuanüstpid	existing-unreviewed		0
Data	Data	Data	compatibility		0
Deactivate	Etkisizleştir	Etkisizleştir	existing-unreviewed		0
Deactive	Deactive	Deactive	existing-unreviewed		0
Decrement	Decrement	Decrement	existing-unreviewed		0
Delete	Sil	Sil	existing-unreviewed		0
DescriptorPrivilegeLevel	Descriptorprivilegelevel	Descriptorprivilegelevel	existing-unreviewed		0
DescriptorType	DescriptorTür	DescriptorTür	existing-unreviewed		0
Destroy	YokEt	YokEt	existing-unreviewed		0
Dev	Aygıt	Aygıt	existing-unreviewed		0
DeviceHasFunctions	AygıthasFonksiyonlar	AygıthasFonksiyonlar	existing-unreviewed		0
DeviceNotAvailable	AygıtnotUlaşılabilir	AygıtnotUlaşılabilir	existing-unreviewed		0
Device_id	AygıtNo	AygıtNo	existing-unreviewed		0
DisableInt	Kapatint	Kapatint	existing-unreviewed		0
Disconnect	BağlantıyıKes	BağlantıyıKes	existing-unreviewed		0
DivideByZero	BölbySıfır	BölbySıfır	existing-unreviewed		0
DoHandleInterrupt	DohandleKesme	DohandleKesme	existing-unreviewed		0
DoubleFault	Çiftfault	Çiftfault	existing-unreviewed		0
Draw	Draw	Draw	existing-unreviewed		0
DriverManager	Drivermanager	Drivermanager	existing-unreviewed		0
Ds	Ds	Ds	existing-unreviewed		0
Dynamic	Devingen	Devingen	existing-unreviewed		0
E2BIG	E2big	E2big	existing-unreviewed		0
EACCES	Eacces	Eacces	existing-unreviewed		0
EADDRINUSE	Eaddrinuse	Eaddrinuse	existing-unreviewed		0
EAFNOSUPPORT	Eafnosupport	Eafnosupport	existing-unreviewed		0
EAGAIN	Eagain	Eagain	existing-unreviewed		0
EBADF	Ebadf	Ebadf	existing-unreviewed		0
EBUSY	Ebusy	Ebusy	existing-unreviewed		0
ECHILD	Echild	Echild	existing-unreviewed		0
EEXIST	Eexist	Eexist	existing-unreviewed		0
EFAULT	Efault	Efault	existing-unreviewed		0
EFBIG	Efbig	Efbig	existing-unreviewed		0
EINTR	Eintr	Eintr	existing-unreviewed		0
EINVAL	Einval	Einval	existing-unreviewed		0
EIO	Eio	Eio	existing-unreviewed		0
EISDIR	Eisdir	Eisdir	existing-unreviewed		0
EMFILE	Emfile	Emfile	existing-unreviewed		0
EMSGSIZE	Emsgsize	Emsgsize	existing-unreviewed		0
ENETUNREACH	Enetunreach	Enetunreach	existing-unreviewed		0
ENFILE	Enfile	Enfile	existing-unreviewed		0
ENODEV	Enodev	Enodev	existing-unreviewed		0
ENOENT	Enoent	Enoent	existing-unreviewed		0
ENOEXEC	Enoexec	Enoexec	existing-unreviewed		0
ENOMEM	Enomem	Enomem	existing-unreviewed		0
ENOSPC	Enospc	Enospc	existing-unreviewed		0
ENOSYS	Enosys	Enosys	existing-unreviewed		0
ENOTCONN	Enotconn	Enotconn	existing-unreviewed		0
ENOTDIR	Enotdir	Enotdir	existing-unreviewed		0
ENOTTY	Enotty	Enotty	existing-unreviewed		0
EOPNOTSUPP	Eopnotsupp	Eopnotsupp	existing-unreviewed		0
EPERM	Eperm	Eperm	existing-unreviewed		0
EPROTONOSUPPORT	Eprotonosupport	Eprotonosupport	existing-unreviewed		0
ERANGE	Erange	Erange	existing-unreviewed		0
EROFS	Erofs	Erofs	existing-unreviewed		0
ESPIPE	Espipe	Espipe	existing-unreviewed		0
ESRCH	Esrch	Esrch	existing-unreviewed		0
Eax	Eax	Eax	existing-unreviewed		0
Ebp	Ebp	Ebp	existing-unreviewed		0
Ebx	Ebx	Ebx	existing-unreviewed		0
Ecx	Ecx	Ecx	existing-unreviewed		0
Edi	Edi	Edi	existing-unreviewed		0
Edx	Edx	Edx	existing-unreviewed		0
Eflags	Eflags	Eflags	existing-unreviewed		0
Eip	Eip	Eip	existing-unreviewed		0
Elf	Elf	Elf	existing-unreviewed		0
Elf32Dyn	Elf32dyn	Elf32dyn	existing-unreviewed		0
Elf32Note	Elf32Not	Elf32Not	existing-unreviewed		0
Elf32Rel	Elf32rel	Elf32rel	existing-unreviewed		0
Elf32Rela	Elf32rela	Elf32rela	existing-unreviewed		0
Elf32Sym	Elf32sym	Elf32sym	existing-unreviewed		0
ElfHeader	Elfheader	Elfheader	existing-unreviewed		0
ElfProgramHeader	Elfuygulamaheader	Elfuygulamaheader	existing-unreviewed		0
ElfSectionHeader	Elfsectionheader	Elfsectionheader	existing-unreviewed		0
EnablePaging	Etkinleştirpaging	Etkinleştirpaging	existing-unreviewed		0
Enabled	Etkin	Etkin	existing-unreviewed		0
EntryNumber	GirdiSayı	GirdiSayı	existing-unreviewed		0
EqualBytes	EşitBayt	EşitBayt	existing-unreviewed		0
Es	Es	Es	existing-unreviewed		0
Esi	Esi	Esi	existing-unreviewed		0
Esp	Esp	Esp	existing-unreviewed		0
FPUBuffer	Fpubuffer	Fpubuffer	existing-unreviewed		0
FPUOffset	Fpuoffset	Fpuoffset	existing-unreviewed		0
Family	Family	Family	existing-unreviewed		0
FileName	Dosyaİsim	Dosyaİsim	existing-unreviewed		0
Fill	Fill	Fill	existing-unreviewed		0
FillRectangle	FillDikdörtgen	FillDikdörtgen	existing-unreviewed		0
First	First	First	existing-unreviewed		0
FirstFree	FirstBoş	FirstBoş	existing-unreviewed		0
FirstFreeSize	FirstBoşBoyut	FirstBoşBoyut	existing-unreviewed		0
Flags	İmler	İmler	existing-unreviewed		0
FloatingPointException	Kayanpointexception	Kayanpointexception	existing-unreviewed		0
Flush	Flush	Flush	existing-unreviewed		0
FlushTlsTable	FlushtlsTablo	FlushtlsTablo	existing-unreviewed		0
Focussable	Focussable	Focussable	existing-unreviewed		0
Free	Boş	Boş	existing-unreviewed		0
Fs	Fs	Fs	existing-unreviewed		0
GB	Gb	Gb	existing-unreviewed		0
GDT_ENTRIES	Gdtgirdi	Gdtgirdi	existing-unreviewed		0
GOT	Got	Got	existing-unreviewed		0
GPFException	Gpfexception	Gpfexception	existing-unreviewed		0
GatewayIP	Gatewayip	Gatewayip	existing-unreviewed		0
GdtAddressHigh	GdtaddressYüksek	GdtaddressYüksek	existing-unreviewed		0
GdtAddressLow	GdtaddressDüşük	GdtaddressDüşük	existing-unreviewed		0
GdtDescriptor	Gdtdescriptor	Gdtdescriptor	existing-unreviewed		0
GdtEntry	Gdtgirdi_2	Gdtgirdi_2	existing-unreviewed		0
GdtSize	GdtBoyut	GdtBoyut	existing-unreviewed		0
GetAt	Getat	Getat	existing-unreviewed		0
GetBackend	Getbackend	Getbackend	existing-unreviewed		0
GetBaseAddressRegister	Getbaseaddressregister	Getbaseaddressregister	existing-unreviewed		0
GetBitmaspSize	GetbitmaspBoyut	GetbitmaspBoyut	existing-unreviewed		0
GetBytesFromPtr	GetBaytfromBelirteç	GetBaytfromBelirteç	existing-unreviewed		0
GetCR0	Getcr0	Getcr0	existing-unreviewed		0
GetCR2	Getcr2	Getcr2	existing-unreviewed		0
GetCR3	Getcr3	Getcr3	existing-unreviewed		0
GetCR4	Getcr4	Getcr4	existing-unreviewed		0
GetColorIndex	GetRenkİçindekiler	GetRenkİçindekiler	existing-unreviewed		0
GetDeviceDescriptor	GetAygıtdescriptor	GetAygıtdescriptor	existing-unreviewed		0
GetDriver	Getdriver	Getdriver	existing-unreviewed		0
GetESP0	Getesp0	Getesp0	existing-unreviewed		0
GetEntry	Getgirdi	Getgirdi	existing-unreviewed		0
GetFileSize	GetDosyaBoyut	GetDosyaBoyut	existing-unreviewed		0
GetFocus	GetOdak	GetOdak	existing-unreviewed		0
GetFrameBufferSegment	GetÇerçevebuffersegment	GetÇerçevebuffersegment	existing-unreviewed		0
GetFuncPtrFromPtr	GetfuncBelirteçfromBelirteç	GetfuncBelirteçfromBelirteç	existing-unreviewed		0
GetFunctionName	GetFonksiyonİsim	GetFonksiyonİsim	existing-unreviewed		0
GetHandler	Gethandler	Gethandler	existing-unreviewed		0
GetIPAddress	Getipaddress	Getipaddress	existing-unreviewed		0
GetMACAddress	Getmacaddress	Getmacaddress	existing-unreviewed		0
GetMACFromCache	Getmacfromcache	Getmacfromcache	existing-unreviewed		0
GetNextReadyThread	GetSonrakiHazırthread	GetSonrakiHazırthread	existing-unreviewed		0
GetNodeAt	GetDüğümat	GetDüğümat	existing-unreviewed		0
GetProvider	Providerget	Providerget	existing-unreviewed		0
GetSS0	Getss0	Getss0	existing-unreviewed		0
GetStr	Getstr	Getstr	existing-unreviewed		0
GetUint32ArrayFromPtr	Getunsignedinteger32DizifromBelirteç	Getunsignedinteger32DizifromBelirteç	existing-unreviewed		0
GetUintptrArrayFromPtr	GetunsignedintegerBelirteçDizifromBelirteç	GetunsignedintegerBelirteçDizifromBelirteç	existing-unreviewed		0
GetValue	GetDeğer	GetDeğer	existing-unreviewed		0
GetValueInPageDir	GetDeğerGelenSayfaDizin	GetDeğerGelenSayfaDizin	existing-unreviewed		0
Gid	Gid	Gid	existing-unreviewed		0
Gs	Gs	Gs	existing-unreviewed		0
HandleException	Handleexception	Handleexception	existing-unreviewed		0
HandleFatalInterruptFrame	HandlefatalKesmeÇerçeve	HandlefatalKesmeÇerçeve	existing-unreviewed		0
HandleInterrupt	HandleKesme	HandleKesme	existing-unreviewed		0
HandleInterrupt1	HandleKesme1	HandleKesme1	existing-unreviewed		0
HandleUserDatagramProtocolMessage	HandleKullanıcıdatagramprotocolİleti	HandleKullanıcıdatagramprotocolİleti	existing-unreviewed		0
IDT_DESC_PRESENT	IdtdescriptorMevcut	IdtdescriptorMevcut	existing-unreviewed		0
IDT_INTERRUPT_GATE	IdtKesmegate	IdtKesmegate	existing-unreviewed		0
IDriver	IDriver	IDriver	existing-unreviewed		0
IEtherFrameHandler	IEternetÇerçevehandler	IEternetÇerçevehandler	existing-unreviewed		0
IInternetProtocolHandler	Iİnternetprotocolhandler	Iİnternetprotocolhandler	existing-unreviewed		0
IInterruptHandler	IKesmehandler	IKesmehandler	existing-unreviewed		0
IKeyboardEventHandler	IKlavyeOlayhandler	IKlavyeOlayhandler	existing-unreviewed		0
IMouseEventHandler	IFareOlayhandler	IFareOlayhandler	existing-unreviewed		0
IPCIControllerHandler	IpciDenetleyicihandler	IpciDenetleyicihandler	existing-unreviewed		0
IPCache	Ipcache	Ipcache	existing-unreviewed		0
IP_BE	IpAğbyteorder	IpAğbyteorder	existing-unreviewed		0
IRawDataHandler	IRawdatahandler	IRawdatahandler	existing-unreviewed		0
ITimerEventHandler	IZamanlayıcıOlayhandler	IZamanlayıcıOlayhandler	existing-unreviewed		0
IUserDatagramProtocolHandler	IKullanıcıdatagramprotocolhandler	IKullanıcıdatagramprotocolhandler	existing-unreviewed		0
IUserDatagramProtocolSocket	IKullanıcıdatagramprotocolYuva	IKullanıcıdatagramprotocolYuva	existing-unreviewed		0
IWidget	IGereç	IEkran_öğesi	project-proposal	widget	6
Identify	Identify	Identify	existing-unreviewed		0
Increment	Increment	Increment	existing-unreviewed		0
IndexOf	İçindekilerof	İçindekilerof	existing-unreviewed		0
Init	Init	Init	existing-unreviewed		0
InitDriver	Initdriver	Initdriver	existing-unreviewed		0
InitialThreadUserJump	InitialthreadKullanıcıjump	InitialthreadKullanıcıjump	existing-unreviewed		0
Ino	Ino	Ino	existing-unreviewed		0
Install	Kur	Kur	existing-unreviewed		0
Interrupt	Kesme	Kesme	existing-unreviewed		0
InterruptActive	KesmeAktif	KesmeAktif	existing-unreviewed		0
InterruptDeactive	Kesmedeactive	Kesmedeactive	existing-unreviewed		0
InterruptManager	Kesmemanager	Kesmemanager	existing-unreviewed		0
InterruptNumber	KesmeSayı	KesmeSayı	existing-unreviewed		0
InvalidOpcode	Geçersizopcode	Geçersizopcode	existing-unreviewed		0
InvalidTSS	Geçersiztss	Geçersiztss	existing-unreviewed		0
IsKernel	Iskernel	Iskernel	existing-unreviewed		0
IsPresent	IsMevcut	IsMevcut	existing-unreviewed		0
IsUserSpace	IsKullanıcıBoşluk	IsKullanıcıBoşluk	existing-unreviewed		0
KB	Kb	Kb	existing-unreviewed		0
KCS_INDEX	Kcsİçindekiler	Kcsİçindekiler	existing-unreviewed		0
KCS_SELECTOR	Kcsselector	Kcsselector	existing-unreviewed		0
KDS_INDEX	Kdsİçindekiler	Kdsİçindekiler	existing-unreviewed		0
KDS_SELECTOR	Kdsselector	Kdsselector	existing-unreviewed		0
KERNEL_HEAP_START	KernelheapBaşlat	KernelheapBaşlat	existing-unreviewed		0
KERNEL_VIRT_ADDR	Kernelvirtaddress	Kernelvirtaddress	existing-unreviewed		0
KGS_INDEX	Kgsİçindekiler	Kgsİçindekiler	existing-unreviewed		0
KGS_SELECTOR	Kgsselector	Kgsselector	existing-unreviewed		0
K핵심	KKernelEntry	KKernelEntry	compatibility		0
LIDT	Lidt	Lidt	existing-unreviewed		0
Last	Son	Son	existing-unreviewed		0
Len	Len	Len	compatibility		0
Limit	Kısıtla	Kısıtla	existing-unreviewed		0
Link	Bağ	Bağ	existing-unreviewed		0
LinkMap	Bağmap	Bağmap	existing-unreviewed		0
LinkedList	LinkedListe	LinkedListe	existing-unreviewed		0
Listen	Listen	Listen	existing-unreviewed		0
LoadElf	Yükelf	Yükelf	existing-unreviewed		0
MAC	Mac	Mac	existing-unreviewed		0
MAC0	Mac0	Mac0	existing-unreviewed		0
MAC1	Mac1	Mac1	existing-unreviewed		0
MAC2	Mac2	Mac2	existing-unreviewed		0
MAC3	Mac3	Mac3	existing-unreviewed		0
MAC4	Mac4	Mac4	existing-unreviewed		0
MAC5	Mac5	Mac5	existing-unreviewed		0
MACAddress0Port	Macaddress0BağlantıNoktası	Macaddress0BağlantıNoktası	existing-unreviewed		0
MACAddress2Port	Macaddress2BağlantıNoktası	Macaddress2BağlantıNoktası	existing-unreviewed		0
MACAddress4Port	Macaddress4BağlantıNoktası	Macaddress4BağlantıNoktası	existing-unreviewed		0
MACCache	Maccache	Maccache	existing-unreviewed		0
MAX_QUEUE_SIZE	MakqueueBoyut	MakqueueBoyut	existing-unreviewed		0
MB	Mb	Mb	existing-unreviewed		0
MBR	Mbr	Mbr	existing-unreviewed		0
MHex출력	MHexadecimalYazdır	MHexadecimalYazdır	existing-unreviewed		0
MHex출력XY	MHexadecimalYazdırxy	MHexadecimalYazdırxy	existing-unreviewed		0
MUint16출력	MUnsignedinteger16Yazdır	MUnsignedinteger16Yazdır	existing-unreviewed		0
MUint16출력XY	MUnsignedinteger16Yazdırxy	MUnsignedinteger16Yazdırxy	existing-unreviewed		0
MUint32출력	MUnsignedinteger32Yazdır	MUnsignedinteger32Yazdır	existing-unreviewed		0
MUint32출력XY	MUnsignedinteger32Yazdırxy	MUnsignedinteger32Yazdırxy	existing-unreviewed		0
MUint64출력	MUnsignedinteger64Yazdır	MUnsignedinteger64Yazdır	existing-unreviewed		0
MUint64출력XY	MUnsignedinteger64Yazdırxy	MUnsignedinteger64Yazdırxy	existing-unreviewed		0
Machine	Machine	Machine	existing-unreviewed		0
MachineCheck	Machinecheck	Machinecheck	existing-unreviewed		0
MakeRangePrivateWritable	MakeAralıkGizliÖzelwritable	MakeAralıkGizliÖzelwritable	existing-unreviewed		0
Malloc	Malloc	Bellek_ayır	project-proposal	allocate_memory	32
MemCmp	Memcmp	Memcmp	existing-unreviewed		0
MemCpy	MemKopyala	MemKopyala	existing-unreviewed		0
MemMove	MemTaşı	MemTaşı	existing-unreviewed		0
MemSet	Memayarla	Memayarla	existing-unreviewed		0
MemoryOper	Bellekoper	Bellekoper	existing-unreviewed		0
Mode	KİP	KİP	existing-unreviewed		0
ModelToScreen	ModeltoEkran	Yerel_koordinatları_ayarla	project-proposal	set_coordinates	5
Mtime	Mtime	Mtime	existing-unreviewed		0
MtimeNsec	Mtimensec	Mtimensec	existing-unreviewed		0
MyHandleInterrupt	MyhandleKesme	MyhandleKesme	existing-unreviewed		0
MyTest	MyDene	MyDene	existing-unreviewed		0
M긴급로그Hex8	MEmergencyGünlükhexadecimal8	MEmergencyGünlükhexadecimal8	existing-unreviewed		0
M긴급로그Uint32	MEmergencyGünlükunsignedinteger32	MEmergencyGünlükunsignedinteger32	existing-unreviewed		0
M긴급로그문자열	MEmergencyGünlükKatar	MEmergencyGünlükKatar	existing-unreviewed		0
M직렬로그초기화	MSeriGünlükinit	MSeriGünlükinit	existing-unreviewed		0
M출력	MYazdır	MYazdır	existing-unreviewed		0
M출력BytesXY	MYazdırBaytxy	MYazdırBaytxy	existing-unreviewed		0
M출력Hex	MYazdırhexadecimal	MYazdırhexadecimal	existing-unreviewed		0
M출력Uint16	MYazdırunsignedinteger16	MYazdırunsignedinteger16	existing-unreviewed		0
M출력Uint32	MYazdırunsignedinteger32	MYazdırunsignedinteger32	existing-unreviewed		0
M출력XY	MYazdırxy	MYazdırxy	existing-unreviewed		0
M테스트	M테스트	M테스트	existing-unreviewed		0
NMI	Nmi	Nmi	existing-unreviewed		0
New	Yeni	Yeni	existing-unreviewed		0
NewInterruptHandler	YeniKesmehandler	YeniKesmehandler	existing-unreviewed		0
Next	Sonraki	Sonraki	existing-unreviewed		0
Nlink	Nlink	Nlink	existing-unreviewed		0
Node	Düğüm	TListe_düğümü	project-proposal	list_node	16
Nodename	Nodename	Nodename	existing-unreviewed		0
OnEtherFrameReceived	EternetÇerçevereceivewhen	EternetÇerçevereceivewhen	existing-unreviewed		0
OnGetDriver	Açıkgetdriver	Açıkgetdriver	existing-unreviewed		0
OnInternetProtocolReceived	İnternetprotocolreceivewhen	İnternetprotocolreceivewhen	existing-unreviewed		0
OnKeyDown	AçıkAnahtarAşağı	AçıkAnahtarAşağı	existing-unreviewed		0
OnKeyUp	AçıkAnahtarYukarı	AçıkAnahtarYukarı	existing-unreviewed		0
OnMouseDown	AçıkFareAşağı	AçıkFareAşağı	existing-unreviewed		0
OnMouseMove	AçıkFareTaşı	AçıkFareTaşı	existing-unreviewed		0
OnMouseUp	AçıkFareYukarı	AçıkFareYukarı	existing-unreviewed		0
OnRawDataReceived	Açıkrawdatareceive	Açıkrawdatareceive	existing-unreviewed		0
OnTick	Açıktick	Açıktick	existing-unreviewed		0
Overflow	Overflow	Overflow	existing-unreviewed		0
P1LinkMap	PDeğer1Bağmap	PDeğer1Bağmap	existing-unreviewed		0
P2LinkMap	PDeğer2Bağmap	PDeğer2Bağmap	existing-unreviewed		0
P3LinkMap	PDeğer3Bağmap	PDeğer3Bağmap	existing-unreviewed		0
PAGE_COW	Sayfacow	Sayfacow	existing-unreviewed		0
PAGE_FRAME	SayfaÇerçeve	SayfaÇerçeve	existing-unreviewed		0
PAGE_PRESENT	SayfaMevcut	SayfaMevcut	existing-unreviewed		0
PAGE_USER	SayfaKullanıcı	SayfaKullanıcı	existing-unreviewed		0
PAGE_WRITABLE	Sayfawritable	Sayfawritable	existing-unreviewed		0
PAUSE_LOOP	Duraklatloop	Duraklatloop	existing-unreviewed		0
PICMasterCommandPort	PrimarypicKomutGirdiÇıktıBağlantıNoktası	PrimarypicKomutGirdiÇıktıBağlantıNoktası	existing-unreviewed		0
PICMasterDataPort	PrimarypicdataGirdiÇıktıBağlantıNoktası	PrimarypicdataGirdiÇıktıBağlantıNoktası	existing-unreviewed		0
PICSlaveCommandPort	SecondarypicKomutGirdiÇıktıBağlantıNoktası	SecondarypicKomutGirdiÇıktıBağlantıNoktası	existing-unreviewed		0
PICSlaveDataPort	SecondarypicdataGirdiÇıktıBağlantıNoktası	SecondarypicdataGirdiÇıktıBağlantıNoktası	existing-unreviewed		0
PRESENT	Mevcut	Mevcut	existing-unreviewed		0
PRIV_KERNEL	Privkernel	Privkernel	existing-unreviewed		0
PRIV_USER	PrivKullanıcı	PrivKullanıcı	existing-unreviewed		0
PROC_USER_HEAP_SIZE	ProcKullanıcıheapBoyut	ProcKullanıcıheapBoyut	existing-unreviewed		0
PageDirEntry	SayfaDizingirdi	SayfaDizingirdi	existing-unreviewed		0
PageDirectoryEntry	SayfaDizingirdi_2	SayfaDizingirdi_2	existing-unreviewed		0
PageFault	Sayfafault	Sayfafault	existing-unreviewed		0
PageFaultException	Sayfafaultexception	Sayfafaultexception	existing-unreviewed		0
PageRoundDown	SayfaYuvarlaAşağı	SayfaYuvarlaAşağı	existing-unreviewed		0
PageRoundUp	SayfaYuvarlaYukarı	SayfaYuvarlaYukarı	existing-unreviewed		0
PageTableEntry	SayfaTablogirdi	SayfaTablogirdi	existing-unreviewed		0
Paging	Paging	Paging	existing-unreviewed		0
ParentPid	Üstpid	Üstpid	existing-unreviewed		0
Parse	Parse	Parse	existing-unreviewed		0
Partition_id	PartitionNo	PartitionNo	existing-unreviewed		0
PhyMemTest	PhymemDene	PhymemDene	existing-unreviewed		0
PhysicalMemoryManager	PhysicalBellekmanager	PhysicalBellekmanager	existing-unreviewed		0
Pid	Pid	Pid	existing-unreviewed		0
Port	BağlantıNoktası	BağlantıNoktası	existing-unreviewed		0
PortBase	BağlantıNoktasıbase	BağlantıNoktasıbase	existing-unreviewed		0
PortInByte	BağlantıNoktasıGelenbyte	BağlantıNoktasıGelenbyte	existing-unreviewed		0
PortInDword	BağlantıNoktasıGelendword	BağlantıNoktasıGelendword	existing-unreviewed		0
PortInWord	BağlantıNoktasıGelenkelime	BağlantıNoktasıGelenkelime	existing-unreviewed		0
PortOutByte	BağlantıNoktasıGidenbyte	BağlantıNoktasıGidenbyte	existing-unreviewed		0
PortOutDword	BağlantıNoktasıGidendword	BağlantıNoktasıGidendword	existing-unreviewed		0
PortOutWord	BağlantıNoktasıGidenkelime	BağlantıNoktasıGidenkelime	existing-unreviewed		0
PortReadByte	BağlantıNoktasıOkumabyte	BağlantıNoktasıOkumabyte	existing-unreviewed		0
PortReadDword	BağlantıNoktasıOkumadword	BağlantıNoktasıOkumadword	existing-unreviewed		0
PortReadWord	BağlantıNoktasıOkumakelime	BağlantıNoktasıOkumakelime	existing-unreviewed		0
PortWriteByte	BağlantıNoktasıYazmabyte	BağlantıNoktasıYazmabyte	existing-unreviewed		0
PortWriteDword	BağlantıNoktasıYazmadword	BağlantıNoktasıYazmadword	existing-unreviewed		0
PortWriteWord	BağlantıNoktasıYazmakelime	BağlantıNoktasıYazmakelime	existing-unreviewed		0
Prev	Previous	Previous	existing-unreviewed		0
PrevTSS	Previoustss	Previoustss	existing-unreviewed		0
PrimaryPartition	Primarypartition	Primarypartition	existing-unreviewed		0
Print	Yazdır	Yazdır	existing-unreviewed		0
PrintBytes	YazdırBayt	YazdırBayt	existing-unreviewed		0
PrintStr	Yazdırstr	Yazdırstr	existing-unreviewed		0
PrintTLS	Yazdırtls	Yazdırtls	existing-unreviewed		0
PrintTest	YazdırDene	YazdırDene	existing-unreviewed		0
Process	Süreç	Süreç	existing-unreviewed		0
ProcessHelper	Süreçhelper	Süreçhelper	existing-unreviewed		0
ProcessPendingKeyboardEvents	SüreçpendingKlavyeOlaylar	SüreçpendingKlavyeOlaylar	existing-unreviewed		0
ProcessPendingMouseEvents	SüreçpendingFareOlaylar	SüreçpendingFareOlaylar	existing-unreviewed		0
PushAt	Pushat	Dizine_göre_araya_ekle	project-proposal	insert_at	1
PushBack	PushGeri	Listenin_sonuna_ekle	project-proposal	append	12
PushFront	PushÖn	Listenin_başına_ekle	project-proposal	prepend	5
PutPixel	Putpixel	Putpixel	existing-unreviewed		0
PutPixelRGB	Putpixelrgb	Putpixelrgb	existing-unreviewed		0
QUEUE_START_ADDR	QueueBaşlataddress	QueueBaşlataddress	existing-unreviewed		0
Rdev	Rdev	Rdev	existing-unreviewed		0
Read	Okuma	Okuma	existing-unreviewed		0
Read28	Okuma28	Okuma28	existing-unreviewed		0
ReadFile	OkumaDosya	Dosya_oku	project-proposal	file_read	7
ReadPartitions	Okumapartition	Okumapartition	existing-unreviewed		0
Ready	Hazır	Hazır	existing-unreviewed		0
Receive	Receive	Receive	existing-unreviewed		0
Ref	Reference	Reference	existing-unreviewed		0
Release	Release	Release	existing-unreviewed		0
ReloadCR3	YenidenYüklecr3	YenidenYüklecr3	existing-unreviewed		0
Remove	Kaldır	Kaldır	existing-unreviewed		0
RemoveAt	Kaldırat	Kaldırat	existing-unreviewed		0
RemoveThread	Kaldırthread	Kaldırthread	existing-unreviewed		0
RemoveThreadAt	Kaldırthreadat	Kaldırthreadat	existing-unreviewed		0
RequestMacAddress	Requestmacaddress	Requestmacaddress	existing-unreviewed		0
Reset	Sıfırla	Sıfırla	existing-unreviewed		0
Resolve	Resolve	Resolve	existing-unreviewed		0
ResolveCopyOnWriteFault	ResolveKopyalaAçıkYazmafault	ResolveKopyalaAçıkYazmafault	existing-unreviewed		0
SCHEDULER_FREQUENCY	SchedulerSıklık	SchedulerSıklık	existing-unreviewed		0
SEG_BIG_MODE	SegbigKİP	SegbigKİP	existing-unreviewed		0
SEG_EXEC	SegÇalıştır	SegÇalıştır	existing-unreviewed		0
SEG_GRAN_4K_PAGE	Seggran4kSayfa	Seggran4kSayfa	existing-unreviewed		0
SEG_GRAN_BYTE	Seggranbyte	Seggranbyte	existing-unreviewed		0
SEG_KERNEL_CODE	Segkernelcode	Segkernelcode	existing-unreviewed		0
SEG_KERNEL_DATA	Segkerneldata	Segkerneldata	existing-unreviewed		0
SEG_KERNEL_GS	Segkernelgs	Segkernelgs	existing-unreviewed		0
SEG_NOEXEC	Segnoexec	Segnoexec	existing-unreviewed		0
SEG_NORMAL	Segnormal	Segnormal	existing-unreviewed		0
SEG_NORW	Segnorw	Segnorw	existing-unreviewed		0
SEG_R	Segr	Segr	existing-unreviewed		0
SEG_SYSTEM	SegSistem	SegSistem	existing-unreviewed		0
SEG_TASK_STATE	SegGörevDurum	SegGörevDurum	existing-unreviewed		0
SEG_USER_CODE	SegKullanıcıcode	SegKullanıcıcode	existing-unreviewed		0
SEG_USER_DATA	SegKullanıcıdata	SegKullanıcıdata	existing-unreviewed		0
SEG_USER_GS	SegKullanıcıgs	SegKullanıcıgs	existing-unreviewed		0
SEG_W	Segw	Segw	existing-unreviewed		0
SIMDFloatingPointException	SimdKayanpointexception	SimdKayanpointexception	existing-unreviewed		0
SIZE	Boyut	Boyut	existing-unreviewed		0
SYS_ACCESS	Syserişim	Syserişim	existing-unreviewed		0
SYS_BRK	Sysbrk	Sysbrk	existing-unreviewed		0
SYS_CHDIR	Syschdir	Syschdir	existing-unreviewed		0
SYS_CLOSE	SysKapat	SysKapat	existing-unreviewed		0
SYS_CREAT	Syscreat	Syscreat	existing-unreviewed		0
SYS_DUP	Sysdup	Sysdup	existing-unreviewed		0
SYS_DUP2	Sysdup2	Sysdup2	existing-unreviewed		0
SYS_EXECVE	Sysexecve	Sysexecve	existing-unreviewed		0
SYS_EXIT	SysÇık	SysÇık	existing-unreviewed		0
SYS_FCNTL	Sysfcntl	Sysfcntl	existing-unreviewed		0
SYS_FORK	Sysfork	Sysfork	existing-unreviewed		0
SYS_FSTAT	Sysfstat	Sysfstat	existing-unreviewed		0
SYS_FSYNC	Sysfsync	Sysfsync	existing-unreviewed		0
SYS_GETCWD	Sysgetcwd	Sysgetcwd	existing-unreviewed		0
SYS_GETEGID	Sysgetegid	Sysgetegid	existing-unreviewed		0
SYS_GETEUID	Sysgeteuid	Sysgeteuid	existing-unreviewed		0
SYS_GETGID	Sysgetgid	Sysgetgid	existing-unreviewed		0
SYS_GETPID	Sysgetpid	Sysgetpid	existing-unreviewed		0
SYS_GETPPID	Sysgetppid	Sysgetppid	existing-unreviewed		0
SYS_GETUID	Sysgetuid	Sysgetuid	existing-unreviewed		0
SYS_LSEEK	Syslseek	Syslseek	existing-unreviewed		0
SYS_LSTAT	Syslstat	Syslstat	existing-unreviewed		0
SYS_OPEN	SysAç	SysAç	existing-unreviewed		0
SYS_READ	SysOkuma	SysOkuma	existing-unreviewed		0
SYS_RT_EXIT	SysrtÇık	SysrtÇık	existing-unreviewed		0
SYS_SOCKETCALL	Syssocketcall	Syssocketcall	existing-unreviewed		0
SYS_STAT	Sysstat	Sysstat	existing-unreviewed		0
SYS_SYNC	Syssync	Syssync	existing-unreviewed		0
SYS_UNAME	Sysuname	Sysuname	existing-unreviewed		0
SYS_WAITPID	Syswaitpid	Syswaitpid	existing-unreviewed		0
SYS_WRITE	SysYazma	SysYazma	existing-unreviewed		0
Schedule	Schedule	Schedule	existing-unreviewed		0
Scheduler	Scheduler	Scheduler	existing-unreviewed		0
SchedulerData	Schedulerdata	Schedulerdata	existing-unreviewed		0
SegmentNotPresent	SegmentnotMevcut	SegmentnotMevcut	existing-unreviewed		0
SelectDrivers	Seçdriver	Seçdriver	existing-unreviewed		0
Send	Gönder	Gönder	existing-unreviewed		0
SendEchoRequest	EchorequestGönder	EchorequestGönder	existing-unreviewed		0
SendFrame	ÇerçeveGönder	ÇerçeveGönder	existing-unreviewed		0
SerialInit	Seriinit	Seriinit	existing-unreviewed		0
SerialWriteByte	SeriYazmabyte	SeriYazmabyte	existing-unreviewed		0
SetBackend	Ayarlabackend	Ayarlabackend	existing-unreviewed		0
SetBit	Ayarlabit	Ayarlabit	existing-unreviewed		0
SetBlockInPageDir	AyarlaBlokGelenSayfaDizin	AyarlaBlokGelenSayfaDizin	existing-unreviewed		0
SetBuffer	Ayarlabuffer	Ayarlabuffer	existing-unreviewed		0
SetByteAtAddr	Ayarlabyteataddress	Ayarlabyteataddress	existing-unreviewed		0
SetByteInPageDir	AyarlabyteGelenSayfaDizin	AyarlabyteGelenSayfaDizin	existing-unreviewed		0
SetCR3	Ayarlacr3	Ayarlacr3	existing-unreviewed		0
SetColor	AyarlaRenk	AyarlaRenk	existing-unreviewed		0
SetDescriptor	Ayarladescriptor	Ayarladescriptor	existing-unreviewed		0
SetHandleInterruptFuction	AyarlahandleKesmefuction	AyarlahandleKesmefuction	existing-unreviewed		0
SetHandler	Ayarlahandler	Ayarlahandler	existing-unreviewed		0
SetIPAddress	Ayarlaipaddress	Ayarlaipaddress	existing-unreviewed		0
SetInterruptDescriptorTableEntry	KesmedescriptorTablogirdiayarla	KesmedescriptorTablogirdiayarla	existing-unreviewed		0
SetInterruptManager	AyarlaKesmemanager	AyarlaKesmemanager	existing-unreviewed		0
SetInterruptNumber	AyarlaKesmeSayı	AyarlaKesmeSayı	existing-unreviewed		0
SetMode	AyarlaKİP	AyarlaKİP	existing-unreviewed		0
SetNodeAt	AyarlaDüğümat	AyarlaDüğümat	existing-unreviewed		0
SetStack	Ayarlastack	Ayarlastack	existing-unreviewed		0
SetTlsSegment	Ayarlatlssegment	Ayarlatlssegment	existing-unreviewed		0
SetUint32AtAddr	Ayarlaunsignedinteger32ataddress	Ayarlaunsignedinteger32ataddress	existing-unreviewed		0
SetUint32InPageDir	Ayarlaunsignedinteger32GelenSayfaDizin	Ayarlaunsignedinteger32GelenSayfaDizin	existing-unreviewed		0
SetUint8AtAddr	Ayarlaunsignedinteger8ataddress	Ayarlaunsignedinteger8ataddress	existing-unreviewed		0
SharedMemoryRegion	SharedBellekregion	SharedBellekregion	existing-unreviewed		0
Size	Boyut_2	Boyut_2	existing-unreviewed		0
Spawn	Spawn	Spawn	existing-unreviewed		0
Ss	Ss	Ss	existing-unreviewed		0
Stack	Stack	Stack	existing-unreviewed		0
StackSegmentFault	Stacksegmentfault	Stacksegmentfault	existing-unreviewed		0
Start_lba	Başlatlba	Başlatlba	existing-unreviewed		0
Started	Başlamış	Başlamış	existing-unreviewed		0
StdinPutByte	Stdinputbyte	Stdinputbyte	existing-unreviewed		0
StopCurrentThread	DurdurŞuanthread	DurdurŞuanthread	existing-unreviewed		0
Stopped	Durdurulmuş	Durdurulmuş	existing-unreviewed		0
SubnetMask	SubnetMaske	SubnetMaske	existing-unreviewed		0
SupportMode	DestekKİP	DestekKİP	existing-unreviewed		0
Sys_brk	Sysbrk_2	Sysbrk_2	existing-unreviewed		0
Sys_close	SysKapat_2	SysKapat_2	existing-unreviewed		0
Sys_exit	SysÇık_2	SysÇık_2	existing-unreviewed		0
Sys_getpid	Sysgetpid_2	Sysgetpid_2	existing-unreviewed		0
Sys_mousemove	Sysmousemove	Sysmousemove	existing-unreviewed		0
Sys_open	SysAç_2	SysAç_2	existing-unreviewed		0
Sys_printStr	SysYazdırstr	SysYazdırstr	existing-unreviewed		0
Sys_printUint32	SysYazdırunsignedinteger32	SysYazdırunsignedinteger32	existing-unreviewed		0
Sys_printf	Sysprintf	Sysprintf	existing-unreviewed		0
Sys_read	SysOkuma_2	SysOkuma_2	existing-unreviewed		0
Syscall	Syscall	Syscall	existing-unreviewed		0
Sysname	Sysname	Sysname	existing-unreviewed		0
TARPEtherFrameHandler	ArpEternetÇerçevehandler	ArpEternetÇerçevehandler	existing-unreviewed		0
TARPMessage	Arpİleti	Arpİleti	existing-unreviewed		0
TARPMessageBuffer	Arpİletibuffer	Arpİletibuffer	existing-unreviewed		0
TARPProvider	Arpprovider	Arpprovider	existing-unreviewed		0
TAdvancedTechnologyAttachment	TGelişmişTeknolojiattachment	TGelişmişTeknolojiattachment	existing-unreviewed		0
TArray	TDizi	TDizi	existing-unreviewed		0
TBaseAddressRegister	TBaseaddressregister	TBaseaddressregister	existing-unreviewed		0
TBiosParameterBlock32	TBiosparameterBlok32	TDosya_sistemi_parametreleri32	project-proposal	fat_parameters	11
TBufferDescriptor	TBufferdescriptor	TBufferdescriptor	existing-unreviewed		0
TCOWFrameManager	TcowÇerçevemanager	TcowÇerçevemanager	existing-unreviewed		0
TCPUState	TcpuDurum	TcpuDurum	existing-unreviewed		0
TDefaultKeyboardEventHandler	TÖntanımlıKlavyeOlayhandler	TÖntanımlıKlavyeOlayhandler	existing-unreviewed		0
TDefaultMouseEventHandler	TÖntanımlıFareOlayhandler	TÖntanımlıFareOlayhandler	existing-unreviewed		0
TDefaultPCIControllerHandler	TÖntanımlıpciDenetleyicihandler	TÖntanımlıpciDenetleyicihandler	existing-unreviewed		0
TDefaultTimerEventHandler	TÖntanımlıZamanlayıcıOlayhandler	TÖntanımlıZamanlayıcıOlayhandler	existing-unreviewed		0
TDirectoryEntryFat32	TDizingirdifat32	TDizingirdifat32	existing-unreviewed		0
TDriverManager	TDrivermanager	TDrivermanager	existing-unreviewed		0
TEtherFrameHandler	TEternetÇerçevehandler	TEternetÇerçevehandler	existing-unreviewed		0
TEtherFrameHeader	TEternetÇerçeveheader	TOrtak_ortam_ağ_çerçevesi_başlığı	project-proposal	ethernet_header	8
TEtherFrameHeaderBuffer	TEternetÇerçeveheaderbuffer	TEternetÇerçeveheaderbuffer	existing-unreviewed		0
TEtherFrameProvider	TEternetÇerçeveprovider	TOrtak_ortam_ağ_çerçevesi_sağlayıcısı	project-proposal	ethernet_provider	20
TEtherFrameRawDataHandler	TEternetÇerçeverawdatahandler	TEternetÇerçeverawdatahandler	existing-unreviewed		0
TGateDescriptor	TGatedescriptor	TGatedescriptor	existing-unreviewed		0
THREAD_STACK_SIZE	ThreadstackBoyut	ThreadstackBoyut	existing-unreviewed		0
TICMPHandler	Icmphandler	Icmphandler	existing-unreviewed		0
TIPEtherFrameHandler	IpEternetÇerçevehandler	IpEternetÇerçevehandler	existing-unreviewed		0
TInitializationBlock	TInitializationBlok	TInitializationBlok	existing-unreviewed		0
TInternetControlMessageProtocol	TİnternetCtrlİletiprotocol	TAğlar_arası_ağ_denetim_iletisi_protokolü	project-proposal	icmp	5
TInternetControlMessageProtocolMessage	TİnternetCtrlİletiprotocolİleti	TİnternetCtrlİletiprotocolİleti	existing-unreviewed		0
TInternetControlMessageProtocolMessageBuffer	TİnternetCtrlİletiprotocolİletibuffer	TİnternetCtrlİletiprotocolİletibuffer	existing-unreviewed		0
TInternetProtocolHandler	Tİnternetprotocolhandler	Tİnternetprotocolhandler	existing-unreviewed		0
TInternetProtocolProvider	Tİnternetprotocolprovider	TAğlar_arası_ağ_protokolü_sağlayıcısı	project-proposal	ip_provider	14
TInternetProtocolV4Message	Tİnternetprotocolv4İleti	Tİnternetprotocolv4İleti	existing-unreviewed		0
TInternetProtocolV4MessageBuffer	Tİnternetprotocolv4İletibuffer	Tİnternetprotocolv4İletibuffer	existing-unreviewed		0
TInterruptDescriptorTablePointer	TKesmedescriptorTabloBelirteç	TKesmedescriptorTabloBelirteç	existing-unreviewed		0
TInterruptHandler	TKesmehandler	TKesmehandler	existing-unreviewed		0
TInterruptManager	TKesmemanager	TKesmemanager	existing-unreviewed		0
TKeyboardDriver	TKlavyedriver	TKlavyedriver	existing-unreviewed		0
TLS_START	TlsBaşlat	TlsBaşlat	existing-unreviewed		0
TMSDOSPartitionTable	TmsdospartitionTablo	TmsdospartitionTablo	existing-unreviewed		0
TMasterBootRecord	TAnabootKayıt	TAna_önyükleme_kaydı	project-proposal	boot_record	3
TMemoryChunk	TBellekchunk	TBellekchunk	existing-unreviewed		0
TMemoryManager	TBellekmanager	TBellekmanager	existing-unreviewed		0
TMouseDriver	TFaredriver	TFaredriver	existing-unreviewed		0
TMyKeyboardEventHandler	TMyKlavyeOlayhandler	TMyKlavyeOlayhandler	existing-unreviewed		0
TMyMouseEventHandler	TMyFareOlayhandler	TMyFareOlayhandler	existing-unreviewed		0
TMyPCIControllerHandler	TMypciDenetleyicihandler	TMypciDenetleyicihandler	existing-unreviewed		0
TPartitionTableEntry	TPartitionTablogirdi	TPartitionTablogirdi	existing-unreviewed		0
TPeripheralComponentInterconnectController	TPeripheralcomponentinterconnectDenetleyici	TPeripheralcomponentinterconnectDenetleyici	existing-unreviewed		0
TPeripheralComponentInterconnectDeviceDescriptor	TPeripheralcomponentinterconnectAygıtdescriptor	TPeripheralcomponentinterconnectAygıtdescriptor	existing-unreviewed		0
TPort	TBağlantıNoktası	TBağlantıNoktası	existing-unreviewed		0
TPort16Bit	TBağlantıNoktası16bit	TBağlantıNoktası16bit	existing-unreviewed		0
TPort32Bit	TBağlantıNoktası32bit	TBağlantıNoktası32bit	existing-unreviewed		0
TPort8Bit	TBağlantıNoktası8bit	TBağlantıNoktası8bit	existing-unreviewed		0
TRawDataHandler	TRawdatahandler	TRawdatahandler	existing-unreviewed		0
TSSEntry	Tssgirdi	Tssgirdi	existing-unreviewed		0
TSyscall	TSyscall	TSyscall	existing-unreviewed		0
TTask	TGörev	TGörev	existing-unreviewed		0
TThread	TThread	TThread	existing-unreviewed		0
TThreadHelper	TThreadhelper	TThreadhelper	existing-unreviewed		0
TTimerDriver	TZamanlayıcıdriver	TZamanlayıcıdriver	existing-unreviewed		0
TUserDatagramProtocolHandler	TKullanıcıdatagramprotocolhandler	TKullanıcıdatagramprotocolhandler	existing-unreviewed		0
TUserDatagramProtocolHeader	TKullanıcıdatagramprotocolheader	TKullanıcı_veri_birimi_başlığı	project-proposal	udp_header	5
TUserDatagramProtocolHeaderBuffer	TKullanıcıdatagramprotocolheaderbuffer	TKullanıcıdatagramprotocolheaderbuffer	existing-unreviewed		0
TUserDatagramProtocolProvider	TKullanıcıdatagramprotocolprovider	TKullanıcıdatagramprotocolprovider	existing-unreviewed		0
TUserDatagramProtocolSocket	TKullanıcıdatagramprotocolYuva	TKullanıcı_veri_birimi_iletişim_uç_noktası	project-proposal	udp_socket	17
TVideoGraphicsArray	TGörüntüGrafiklerDizi	TGörüntüGrafiklerDizi	existing-unreviewed		0
TWidget	TGereç	TEkran_öğesi	project-proposal	widget	9
TWidgetMouseEventHandler	TGereçFareOlayhandler	TGereçFareOlayhandler	existing-unreviewed		0
Tamd_am79c973	Tamdam79c973	Tamdam79c973	existing-unreviewed		0
Test	Dene	Dene	existing-unreviewed		0
TestBit	Denebit	Denebit	existing-unreviewed		0
TestPrint	DeneYazdır	DeneYazdır	existing-unreviewed		0
Thread	Thread	Thread	existing-unreviewed		0
ThreadList	ThreadListe	ThreadListe	existing-unreviewed		0
ThreadState	ThreadDurum	ThreadDurum	existing-unreviewed		0
Threads	Threads	Threads	existing-unreviewed		0
TlsSegments	Tlssegments	Tlssegments	existing-unreviewed		0
TotalBlocks	ToplamBlok	ToplamBlok	existing-unreviewed		0
Type	Tür	Tür	existing-unreviewed		0
TypeTest	TürDene	TürDene	existing-unreviewed		0
T공용서술자테이블	TShareddescriptorTablo	TShareddescriptorTablo	existing-unreviewed		0
T공용서술자테이블_자료	TShareddescriptorTablodata	TShareddescriptorTablodata	existing-unreviewed		0
T작업관리자	TGörevmanager	TGörevmanager	existing-unreviewed		0
T조각설명자	TSegmentdescriptor	TSegmentdescriptor	existing-unreviewed		0
T콘솔	TKonsol	TKonsol	existing-unreviewed		0
T함수1	TFonksiyon1	TFonksiyon1	existing-unreviewed		0
UDESC_32SEG	Udesc32seg	Udesc32seg	existing-unreviewed		0
UDESC_CONTENTS	Udescİçindekiler	Udescİçindekiler	existing-unreviewed		0
UDESC_LIMIT_IN_PAGES	UdescKısıtlaGelenpages	UdescKısıtlaGelenpages	existing-unreviewed		0
UDESC_RX_ONLY	Udescrxonly	Udescrxonly	existing-unreviewed		0
UDESC_SEG_NOT_PRESENT	UdescsegnotMevcut	UdescsegnotMevcut	existing-unreviewed		0
UDESC_USABLE	Udescusable	Udescusable	existing-unreviewed		0
USER_STACK	Kullanıcıstack	Kullanıcıstack	existing-unreviewed		0
USER_STACK_SIZE	KullanıcıstackBoyut	KullanıcıstackBoyut	existing-unreviewed		0
USER_STACK_TOP	KullanıcıstackÜst	KullanıcıstackÜst	existing-unreviewed		0
Uid	Uid	Uid	existing-unreviewed		0
Uint16ToArray	Unsignedinteger16toDizi	Unsignedinteger16toDizi	existing-unreviewed		0
Uint16ToArray_BE	Unsignedinteger16toDizibe	Unsignedinteger16toDizibe	existing-unreviewed		0
Uint16_R	Unsignedinteger16r	Unsignedinteger16r	existing-unreviewed		0
Uint32ToArray	Unsignedinteger32toDizi	Unsignedinteger32toDizi	existing-unreviewed		0
Uint32_R	Unsignedinteger32r	Unsignedinteger32r	existing-unreviewed		0
Uint48ToArray	Unsignedinteger48toDizi	Unsignedinteger48toDizi	existing-unreviewed		0
Uint48ToArray_BE	Unsignedinteger48toDizibe	Unsignedinteger48toDizibe	existing-unreviewed		0
Uint48_R	Unsignedinteger48r	Unsignedinteger48r	existing-unreviewed		0
Uint64ToArray	Unsignedinteger64toDizi	Unsignedinteger64toDizi	existing-unreviewed		0
Uint64_R	Unsignedinteger64r	Unsignedinteger64r	existing-unreviewed		0
UnhandleInterrupt	UnhandleKesme	UnhandleKesme	existing-unreviewed		0
UnsetBit	Kaldırbit	Ayırma_bitini_tersle	project-proposal	toggle_bit	1
UsedBlocks	KullanılanBlok	KullanılanBlok	existing-unreviewed		0
UserDesc	Kullanıcıdescriptor	Kullanıcıdescriptor	existing-unreviewed		0
UserStack	Kullanıcıstack_2	Kullanıcıstack_2	existing-unreviewed		0
UserStackSize	KullanıcıstackBoyut_2	KullanıcıstackBoyut_2	existing-unreviewed		0
Vendor_id	ÜreticiNo	ÜreticiNo	existing-unreviewed		0
Version	Sürüm	Sürüm	existing-unreviewed		0
VirtTest	VirtDene	VirtDene	existing-unreviewed		0
Write	Yazma	Yazma	existing-unreviewed		0
Write28	Yazma28	Yazma28	existing-unreviewed		0
WriteRegisters	Yazmaregister	Yazmaregister	existing-unreviewed		0
X	X	X	existing-unreviewed		0
Y	Y	Y	existing-unreviewed		0
Zero	Sıfır	Sıfır	existing-unreviewed		0
ZeroBlockInPageDir	SıfırBlokGelenSayfaDizin	SıfırBlokGelenSayfaDizin	existing-unreviewed		0
a	a	a	existing-unreviewed		0
aTime	aSaat	aSaat	existing-unreviewed		0
access	erişim	erişim	existing-unreviewed		0
accessMode	erişimKİP	erişimKİP	existing-unreviewed		0
ack	ack	ack	existing-unreviewed		0
activeKeyboardDriver	aktifKlavyedriver	aktifKlavyedriver	existing-unreviewed		0
activeMouseDriver	aktifFaredriver	aktifFaredriver	existing-unreviewed		0
addr	address	address	existing-unreviewed		0
addrPtr	addressBelirteç	addressBelirteç	existing-unreviewed		0
address	address_2	address_2	existing-unreviewed		0
addressError	addressHata	addressHata	existing-unreviewed		0
afInet	afinet	afinet	existing-unreviewed		0
allocFD	allocateDT	allocateDT	existing-unreviewed		0
allocOpenFile	allocateAçDosya	allocateAçDosya	existing-unreviewed		0
allocProcess	allocateSüreç	allocateSüreç	existing-unreviewed		0
allocateSocket	allocateYuva	allocateYuva	existing-unreviewed		0
allocated	allocated	allocated	existing-unreviewed		0
amd_am79c973	amdam79c973	amdam79c973	existing-unreviewed		0
args	argümanlar	argümanlar	existing-unreviewed		0
argument	argument	argument	existing-unreviewed		0
argumentPointers	argumentpointers	argumentpointers	existing-unreviewed		0
arguments	argümanlar_2	argümanlar_2	existing-unreviewed		0
arp	arp	arp	existing-unreviewed		0
arpBuffer	arpbuffer	arpbuffer	existing-unreviewed		0
arpMesgSize	arpmesgBoyut	arpmesgBoyut	existing-unreviewed		0
arpProvider	arpprovider	arpprovider	existing-unreviewed		0
arp콘솔	arpKonsol	arpKonsol	existing-unreviewed		0
array	dizi	dizi	existing-unreviewed		0
ata	ata	ata	existing-unreviewed		0
ata0s	ata0s	ata0s	existing-unreviewed		0
attempts	attempts	attempts	existing-unreviewed		0
attr	öznitelik	öznitelik	existing-unreviewed		0
attributeControllerIndexPort	öznitelikDenetleyiciİçindekilerBağlantıNoktası	öznitelikDenetleyiciİçindekilerBağlantıNoktası	existing-unreviewed		0
attributeControllerReadPort	öznitelikDenetleyiciOkumaBağlantıNoktası	öznitelikDenetleyiciOkumaBağlantıNoktası	existing-unreviewed		0
attributeControllerResetPort	öznitelikDenetleyiciSıfırlaBağlantıNoktası	öznitelikDenetleyiciSıfırlaBağlantıNoktası	existing-unreviewed		0
attributeControllerWritePort	öznitelikDenetleyiciYazmaBağlantıNoktası	öznitelikDenetleyiciYazmaBağlantıNoktası	existing-unreviewed		0
attributes	öznitelikler	öznitelikler	existing-unreviewed		0
aux	aux	aux	existing-unreviewed		0
avail	ulaşılabilir	ulaşılabilir	existing-unreviewed		0
b	b	b	existing-unreviewed		0
backend	backend	backend	existing-unreviewed		0
backupFpRegs	backupfpregs	backupfpregs	existing-unreviewed		0
backupSector	backupsector	backupsector	existing-unreviewed		0
bar	çubuk	çubuk	existing-unreviewed		0
barNum	çubukSayı	çubukSayı	existing-unreviewed		0
bar_value	çubukDeğer	çubukDeğer	existing-unreviewed		0
base	base	base	existing-unreviewed		0
baseCode	basecode	basecode	existing-unreviewed		0
baseHigh	baseYüksek	baseYüksek	existing-unreviewed		0
baseLow	baseDüşük	baseDüşük	existing-unreviewed		0
baseMid	basemid	basemid	existing-unreviewed		0
base_addr_high	baseaddressYüksek	baseaddressYüksek	existing-unreviewed		0
base_addr_low	baseaddressDüşük	baseaddressDüşük	existing-unreviewed		0
bh	bh	bh	existing-unreviewed		0
bindEphemeral	bindephemeral	bindephemeral	existing-unreviewed		0
bindError	bindHata	bindHata	existing-unreviewed		0
bios	bios	bios	existing-unreviewed		0
bit	bit	bit	existing-unreviewed		0
bitmap	bitmap	ayırma_bit_eşlemi	project-proposal	bitmap	2
bootSignature	bootsignature	bootsignature	existing-unreviewed		0
bootable	bootable	bootable	existing-unreviewed		0
bootloader	bootloader	bootloader	existing-unreviewed		0
bound	bound	bound	existing-unreviewed		0
bpb	bpb	dosya_sistemi_parametreleri	project-proposal	fat_parameters	16
bpbBytes	bpbBayt	bpbBayt	existing-unreviewed		0
bpbPtr	bpbBelirteç	bpbBelirteç	existing-unreviewed		0
buf	buffer	buffer	existing-unreviewed		0
buf1	buffer1	buffer1	existing-unreviewed		0
buf2	buffer2	buffer2	existing-unreviewed		0
buf3	buffer3	buffer3	existing-unreviewed		0
buf4	buffer4	buffer4	existing-unreviewed		0
buf6	buffer6	buffer6	existing-unreviewed		0
buffer	buffer_2	buffer_2	existing-unreviewed		0
buffer1	buffer1_2	buffer1_2	existing-unreviewed		0
buffer2	buffer2_2	buffer2_2	existing-unreviewed		0
bufferAddr	bufferaddress	bufferaddress	existing-unreviewed		0
bufferAddress	bufferaddress_2	bufferaddress_2	existing-unreviewed		0
bufptr	bufferBelirteç	bufferBelirteç	existing-unreviewed		0
bus	bus	bus	existing-unreviewed		0
busControlRegisterDataPort	busCtrlregisterdataBağlantıNoktası	busCtrlregisterdataBağlantıNoktası	existing-unreviewed		0
button	düğme	düğme	existing-unreviewed		0
buttons	düğme_2	düğme_2	existing-unreviewed		0
bytesPerSector	baytpersector	baytpersector	existing-unreviewed		0
c	c	c	existing-unreviewed		0
cDate	cTarih	cTarih	existing-unreviewed		0
cTime	cSaat	cSaat	existing-unreviewed		0
cTimeTenth	cSaattenth	cSaattenth	existing-unreviewed		0
call	call	call	existing-unreviewed		0
candidate	candidate	candidate	existing-unreviewed		0
cap	cap	cap	existing-unreviewed		0
char	char	char	existing-unreviewed		0
checked	checked	checked	existing-unreviewed		0
checksum	checksum	checksum	existing-unreviewed		0
child	child	child	existing-unreviewed		0
childPID	childpid	childpid	existing-unreviewed		0
childPageDir	childSayfaDizin	childSayfaDizin	existing-unreviewed		0
chunk	chunk	chunk	existing-unreviewed		0
class_id	sınıfNo	sınıfNo	existing-unreviewed		0
closeAllProcessFDs	kapatHepsiSüreçfds	kapatHepsiSüreçfds	existing-unreviewed		0
closeOnExec	kapatAçıkÇalıştır	kapatAçıkÇalıştır	existing-unreviewed		0
closeProcessFD	kapatSüreçDT	kapatSüreçDT	existing-unreviewed		0
code	code	code	existing-unreviewed		0
code1Ptr	code1Belirteç	code1Belirteç	existing-unreviewed		0
code1ptr	code1Belirteç_2	code1Belirteç_2	existing-unreviewed		0
code2Ptr	code2Belirteç	code2Belirteç	existing-unreviewed		0
code3Ptr	code3Belirteç	code3Belirteç	existing-unreviewed		0
codeSegment	codesegment	codesegment	existing-unreviewed		0
colorIndex	renkİçindekiler	renkİçindekiler	existing-unreviewed		0
colordepth	renkdepth	renkdepth	existing-unreviewed		0
command	komut	komut	existing-unreviewed		0
commandPort	komutBağlantıNoktası	komutBağlantıNoktası	existing-unreviewed		0
commandport	komutBağlantıNoktası_2	komutBağlantıNoktası_2	existing-unreviewed		0
common	genel	genel	existing-unreviewed		0
connected	connected	connected	existing-unreviewed		0
console	konsol	konsol	existing-unreviewed		0
controlPort	ctrlBağlantıNoktası	ctrlBağlantıNoktası	existing-unreviewed		0
copyExecVector	kopyalaÇalıştırvector	kopyalaÇalıştırvector	existing-unreviewed		0
copyLength	kopyalaSüre	kopyalaSüre	existing-unreviewed		0
copyPageDir	kopyalaSayfaDizin	kopyalaSayfaDizin	existing-unreviewed		0
copyPath	kopyalaYOL	kopyalaYOL	existing-unreviewed		0
copySocketName	kopyalaYuvaİsim	kopyalaYuvaİsim	existing-unreviewed		0
copyUtsField	kopyalautsalan	kopyalautsalan	existing-unreviewed		0
count	count	count	existing-unreviewed		0
count2	count2	count2	existing-unreviewed		0
cowFrameManager	cowÇerçevemanager	cowÇerçevemanager	existing-unreviewed		0
cpu	mİB	mİB	existing-unreviewed		0
cpustate	mİBDurum	mİBDurum	existing-unreviewed		0
cr0	cr0	cr0	existing-unreviewed		0
cr3	cr3	cr3	existing-unreviewed		0
cr4	cr4	cr4	existing-unreviewed		0
crtcDataPort	crtcdataBağlantıNoktası	crtcdataBağlantıNoktası	existing-unreviewed		0
crtcIndexPort	crtcİçindekilerBağlantıNoktası	crtcİçindekilerBağlantıNoktası	existing-unreviewed		0
cs	cs	cs	existing-unreviewed		0
currentRecvBuffer	şuanrecvbuffer	şuanrecvbuffer	existing-unreviewed		0
currentSendBuffer	şuanGönderbuffer	şuanGönderbuffer	existing-unreviewed		0
currentTask	şuanGörev	şuanGörev	existing-unreviewed		0
currentThread	şuanthread	şuanthread	existing-unreviewed		0
currentThreadIndex	şuanthreadİçindekiler	şuanthreadİçindekiler	existing-unreviewed		0
cursorHeight	imleçBaşlık	imleçBaşlık	existing-unreviewed		0
cursorStart	imleçBaşlat	imleçBaşlat	existing-unreviewed		0
d_tag	dEtiket	dEtiket	existing-unreviewed		0
d_val_ptr	dvalBelirteç	dvalBelirteç	existing-unreviewed		0
data	data	data	existing-unreviewed		0
dataBuf	databuffer	databuffer	existing-unreviewed		0
dataBytes	dataBayt	dataBayt	existing-unreviewed		0
dataPointer	dataBelirteç	dataBelirteç	existing-unreviewed		0
dataPort	dataBağlantıNoktası	dataBağlantıNoktası	existing-unreviewed		0
dataStart	dataBaşlat	dataBaşlat	existing-unreviewed		0
databuffer	databuffer_2	databuffer_2	existing-unreviewed		0
dataport	dataBağlantıNoktası_2	dataBağlantıNoktası_2	existing-unreviewed		0
defaultKeyboardEventHandler	öntanımlıKlavyeOlayhandler	öntanımlıKlavyeOlayhandler	existing-unreviewed		0
desc	descriptor	descriptor	existing-unreviewed		0
description	açıklama	açıklama	existing-unreviewed		0
destination	hedef	hedef	existing-unreviewed		0
destinationAddress	hedefaddress	hedefaddress	existing-unreviewed		0
destinationLength	hedefSüre	hedefSüre	existing-unreviewed		0
dev	aygıt	aygıt	existing-unreviewed		0
device	aygıt_2	aygıt_2	existing-unreviewed		0
deviceDescriptor	aygıtdescriptor	aygıtdescriptor	existing-unreviewed		0
devicePort	aygıtBağlantıNoktası	aygıtBağlantıNoktası	existing-unreviewed		0
diff	diff	diff	existing-unreviewed		0
digits	digits	digits	existing-unreviewed		0
dirent	dirent	dirent	existing-unreviewed		0
direntBytes	direntBayt	direntBayt	existing-unreviewed		0
direntPtr	direntBelirteç	direntBelirteç	existing-unreviewed		0
discardProcess	vazgeçSüreç	vazgeçSüreç	existing-unreviewed		0
dispatchInterrupt	dispatchKesme	dispatchKesme	existing-unreviewed		0
divisor	divisor	divisor	existing-unreviewed		0
domain	alanAdı	alanAdı	existing-unreviewed		0
driveNumber	driveSayı	driveSayı	existing-unreviewed		0
driver	driver	driver	existing-unreviewed		0
driverManager	drivermanager	drivermanager	existing-unreviewed		0
drivercount	drivercount	drivercount	existing-unreviewed		0
drv	driver_2	driver_2	existing-unreviewed		0
ds	ds	ds	existing-unreviewed		0
ds_segment	dssegment	dssegment	existing-unreviewed		0
dst	hedef_2	hedef_2	existing-unreviewed		0
dstEntry	hedefgirdi	hedefgirdi	existing-unreviewed		0
dstIP	hedefipaddress	hedefipaddress	existing-unreviewed		0
dstIP_BE	hedefipaddressAğbyteorder	hedefipaddressAğbyteorder	existing-unreviewed		0
dstMAC	hedefmacaddress	hedefmacaddress	existing-unreviewed		0
dstMAC_BE	hedefmacbe	hedefmacbe	existing-unreviewed		0
dstPageDir	hedefSayfaDizin	hedefSayfaDizin	existing-unreviewed		0
dstPort	hedefBağlantıNoktasıSayı	hedef_kapı_numarası	project-proposal	destination_port	9
dstPt	hedefpt	hedefpt	existing-unreviewed		0
dstPtPtr	hedefptBelirteç	hedefptBelirteç	existing-unreviewed		0
dstPtr	hedefBelirteç	hedefBelirteç	existing-unreviewed		0
dstptr	hedefBelirteç_2	hedefBelirteç_2	existing-unreviewed		0
dynamic	devingen	devingen	existing-unreviewed		0
e	e	e	existing-unreviewed		0
e_ehsize	eehsize	eehsize	existing-unreviewed		0
e_entry	egirdi	egirdi	existing-unreviewed		0
e_flags	eİmler	eİmler	existing-unreviewed		0
e_ident	eident	eident	existing-unreviewed		0
e_machine	emachine	emachine	existing-unreviewed		0
e_phentsize	ephentsize	ephentsize	existing-unreviewed		0
e_phnum	ephnum	ephnum	existing-unreviewed		0
e_phoff	ephoff	ephoff	existing-unreviewed		0
e_shentsize	eshentsize	eshentsize	existing-unreviewed		0
e_shnum	eshnum	eshnum	existing-unreviewed		0
e_shoff	eshoff	eshoff	existing-unreviewed		0
e_shstrndx	eshstrndx	eshstrndx	existing-unreviewed		0
e_type	eTür	eTür	existing-unreviewed		0
e_version	eSürüm	eSürüm	existing-unreviewed		0
eax	eax	eax	existing-unreviewed		0
ebp	ebp	ebp	existing-unreviewed		0
ebx	ebx	ebx	existing-unreviewed		0
ecx	ecx	ecx	existing-unreviewed		0
edi	edi	edi	existing-unreviewed		0
edx	edx	edx	existing-unreviewed		0
efHandler	efhandler	efhandler	existing-unreviewed		0
eflags	eflags	eflags	existing-unreviewed		0
eip	eip	eip	existing-unreviewed		0
eipOffset	eipoffset	eipoffset	existing-unreviewed		0
elf	elf	çalıştırılabilir_ve_bağlanabilir_biçim	project-proposal	elf	6
elf0	elf0	elf0	existing-unreviewed		0
elf2	elf2	elf2	existing-unreviewed		0
elf3	elf3	elf3	existing-unreviewed		0
elf4	elf4	elf4	existing-unreviewed		0
elfHeader	elfheader	elfheader	existing-unreviewed		0
enabled	etkin	etkin	existing-unreviewed		0
end	son	son	existing-unreviewed		0
endOffset	sonoffset	sonoffset	existing-unreviewed		0
end_cylinder	soncylinder	soncylinder	existing-unreviewed		0
end_head	sonhead	sonhead	existing-unreviewed		0
end_sector	sonsector	sonsector	existing-unreviewed		0
ensureCurrentProcess	ensureŞuanSüreç	ensureŞuanSüreç	existing-unreviewed		0
entry	girdi	girdi	existing-unreviewed		0
entryPoint	girdipoint	girdipoint	existing-unreviewed		0
entrypoint	girdipoint_2	girdipoint_2	existing-unreviewed		0
environment	environment	environment	existing-unreviewed		0
environmentPointers	environmentpointers	environmentpointers	existing-unreviewed		0
err	hata	hata	existing-unreviewed		0
errorPort	hataBağlantıNoktası	hataBağlantıNoktası	existing-unreviewed		0
es	es	es	existing-unreviewed		0
esi	esi	esi	existing-unreviewed		0
esp	esp	esp	existing-unreviewed		0
esp0	esp0	esp0	existing-unreviewed		0
esp1	esp1	esp1	existing-unreviewed		0
esp2	esp2	esp2	existing-unreviewed		0
etherFrameProvider	eternetÇerçeveprovider	ortak_ortam_ağ_çerçevesi_sağlayıcısı	project-proposal	ethernet_provider	1
etherType	eternetTür	eternetTür	existing-unreviewed		0
etherType_BE	eternetTürbe	eternetTürbe	existing-unreviewed		0
etherframe	eternetÇerçeve	ortak_ortam_ağ_çerçevesi	project-proposal	ethernet_frame	1
etherframePayload	eternetÇerçevepayload	eternetÇerçevepayload	existing-unreviewed		0
except	except	except	existing-unreviewed		0
exceptionCR0	exceptioncr0	exceptioncr0	existing-unreviewed		0
exceptionCR2	exceptioncr2	exceptioncr2	existing-unreviewed		0
exceptionCR3	exceptioncr3	exceptioncr3	existing-unreviewed		0
exceptionFrameValue	exceptionÇerçeveDeğer	exceptionÇerçeveDeğer	existing-unreviewed		0
exceptionHasErrorCode	exceptionhasHatacode	exceptionhasHatacode	existing-unreviewed		0
exceptionName	exceptionİsim	exceptionİsim	existing-unreviewed		0
execVector	çalıştırvector	çalıştırvector	existing-unreviewed		0
exists	exists	exists	existing-unreviewed		0
exited	çıkıldı	çıkıldı	existing-unreviewed		0
ext	ext	ext	existing-unreviewed		0
extFlags	extİmler	extİmler	existing-unreviewed		0
extendedScanCode	extendedTaracode	extendedTaracode	existing-unreviewed		0
fDupFD	fdupDT	fdupDT	existing-unreviewed		0
fGetFD	fgetDT	fgetDT	existing-unreviewed		0
fGetFL	fgetfl	fgetfl	existing-unreviewed		0
fSetFD	fayarlaDT	fayarlaDT	existing-unreviewed		0
fSetFL	fayarlafl	fayarlafl	existing-unreviewed		0
fat	fat	fat	existing-unreviewed		0
fatCopies	fatKopyala	fatKopyala	existing-unreviewed		0
fatInfo	fatBilgi	fatBilgi	existing-unreviewed		0
fatOffsetInSectorForCurrentCluster	fatoffsetGelensectorforŞuancluster	fatoffsetGelensectorforŞuancluster	existing-unreviewed		0
fatSectorCount	fatsectorcount	fatsectorcount	existing-unreviewed		0
fatSectorForCurrentCluster	fatsectorforŞuancluster	fatsectorforŞuancluster	existing-unreviewed		0
fatSize	fatBoyut	fatBoyut	existing-unreviewed		0
fatStart	fatBaşlat	fatBaşlat	existing-unreviewed		0
fatTypeLabel	fatTüretiket	fatTüretiket	existing-unreviewed		0
fatVersion	fatSürüm	fatSürüm	existing-unreviewed		0
fatbuf	fatbuf	fatbuf	existing-unreviewed		0
fatbuffer	fatbuffer	fatbuffer	existing-unreviewed		0
faultAddr	faultaddress	faultaddress	existing-unreviewed		0
fb	fb	fb	existing-unreviewed		0
fbCurCol	fbŞuancol	fbŞuancol	existing-unreviewed		0
fbCurLine	fbŞuanSatır	fbŞuanSatır	existing-unreviewed		0
fbHeight	fbBaşlık	fbBaşlık	existing-unreviewed		0
fbPhysAddr	fbphysaddress	fbphysaddress	existing-unreviewed		0
fbWidth	fbGenişlik	fbGenişlik	existing-unreviewed		0
fd	dT	dT	existing-unreviewed		0
fdCloexec	dTcloexec	dTcloexec	existing-unreviewed		0
fdEntry	dTgirdi	dTgirdi	existing-unreviewed		0
fdFlags	dTİmler	dTİmler	existing-unreviewed		0
fdKindConsole	dTTürKonsol	dTTürKonsol	existing-unreviewed		0
fdKindFat	dTTürfat	dTTürfat	existing-unreviewed		0
fdKindNone	dTTürHiçbiri	dTTürHiçbiri	existing-unreviewed		0
fdKindRootDir	dTTürKökDizinDizin	dTTürKökDizinDizin	existing-unreviewed		0
fdKindSocket	dTTürYuva	dTTürYuva	existing-unreviewed		0
fdKindStdin	dTTürstdin	dTTürstdin	existing-unreviewed		0
fds	fds	fds	existing-unreviewed		0
filePtr	dosyaBelirteç	dosyaBelirteç	existing-unreviewed		0
fileSector	dosyasector	dosyasector	existing-unreviewed		0
fileSize	dosyaBoyut	dosyaBoyut	existing-unreviewed		0
filename	dosyaadı	dosyaadı	existing-unreviewed		0
fillPosixStat	fillposixstat	fillposixstat	existing-unreviewed		0
findProcess	bulSüreç	bulSüreç	existing-unreviewed		0
first	first	first	existing-unreviewed		0
firstClusterHi	firstclusterhi	firstclusterhi	existing-unreviewed		0
firstClusterLow	firstclusterDüşük	firstclusterDüşük	existing-unreviewed		0
firstFileCluster	firstDosyacluster	firstDosyacluster	existing-unreviewed		0
flags	imler	imler	existing-unreviewed		0
flags2	imler2	imler2	existing-unreviewed		0
flagsAndOffset	imlerVEoffset	imlerVEoffset	existing-unreviewed		0
flushIndex	flushİçindekiler	flushİçindekiler	existing-unreviewed		0
flushTlsTable	flushtlsTablo	flushtlsTablo	existing-unreviewed		0
flush_tss	flushtss	flushtss	existing-unreviewed		0
fn	fn	fn	existing-unreviewed		0
foo	foo	foo	existing-unreviewed		0
foundChild	foundchild	foundchild	existing-unreviewed		0
frame	çerçeve	çerçeve	existing-unreviewed		0
frameCount	çerçevecount	çerçevecount	existing-unreviewed		0
frameHeaderSize	çerçeveheaderBoyut	çerçeveheaderBoyut	existing-unreviewed		0
free	boş	boş	existing-unreviewed		0
freePort	boşBağlantıNoktası	boşBağlantıNoktası	existing-unreviewed		0
frequency	sıklık	sıklık	existing-unreviewed		0
fs	fs	fs	existing-unreviewed		0
func1Val	func1val	func1val	existing-unreviewed		0
func2Val	func2val	func2val	existing-unreviewed		0
func3Val	func3val	func3val	existing-unreviewed		0
func_addr	funcaddress	funcaddress	existing-unreviewed		0
func_bytes	funcBayt	funcBayt	existing-unreviewed		0
func_name	funcİsim	funcİsim	existing-unreviewed		0
func_value	funcDeğer	funcDeğer	existing-unreviewed		0
function	fonksiyon	fonksiyon	existing-unreviewed		0
fxrstor	fxrstor	fxrstor	existing-unreviewed		0
fxsave	fxsave	fxsave	existing-unreviewed		0
g	g	g	existing-unreviewed		0
g_320x200x256	g320x200x256	g320x200x256	existing-unreviewed		0
gate	gate	gate	existing-unreviewed		0
gateData	gatedata	gatedata	existing-unreviewed		0
gatewayIP	gatewayip	gatewayip	existing-unreviewed		0
gdt	gdt	gdt	existing-unreviewed		0
gdtDescriptor	gdtdescriptor	gdtdescriptor	existing-unreviewed		0
gdtEntry	gdtgirdi	gdtgirdi	existing-unreviewed		0
gdtTable	gdtTablo	gdtTablo	existing-unreviewed		0
gdtTableLen	gdtTablolen	gdtTablolen	existing-unreviewed		0
gdt_codeSegmentSelector	gdtcodesegmentselector	gdtcodesegmentselector	existing-unreviewed		0
gdt_func	gdtfunc	gdtfunc	existing-unreviewed		0
getCR2	getcr2	getcr2	existing-unreviewed		0
getCR3	getcr3	getcr3	existing-unreviewed		0
getDescriptor	getdescriptor	getdescriptor	existing-unreviewed		0
getESI	getesi	getesi	existing-unreviewed		0
getESP	getesp	getesp	existing-unreviewed		0
getGDT	getgdt	getgdt	existing-unreviewed		0
getGS	getgs	getgs	existing-unreviewed		0
getOpenFile	getAçDosya	getAçDosya	existing-unreviewed		0
getOpenFileFor	getAçDosyafor	getAçDosyafor	existing-unreviewed		0
getTLS	gettls	gettls	existing-unreviewed		0
globalDescriptorTable	geneldescriptorTablo	geneldescriptorTablo	existing-unreviewed		0
globalOffsetTable	geneloffsetTablo	geneloffsetTablo	existing-unreviewed		0
global_offset_table	geneloffsetTablo_2	geneloffsetTablo_2	existing-unreviewed		0
graphicsControllerDataPort	grafiklerDenetleyicidataBağlantıNoktası	grafiklerDenetleyicidataBağlantıNoktası	existing-unreviewed		0
graphicsControllerIndexPort	grafiklerDenetleyiciİçindekilerBağlantıNoktası	grafiklerDenetleyiciİçindekilerBağlantıNoktası	existing-unreviewed		0
grub_multiboot_memory_map_t	grubmultibootBellekmapt	grubmultibootBellekmapt	existing-unreviewed		0
gs	gs	gs	existing-unreviewed		0
gs_segment	gssegment	gssegment	existing-unreviewed		0
h	h	h	existing-unreviewed		0
haltAfterFatalException	haltSonrafatalexception	haltSonrafatalexception	existing-unreviewed		0
handleInterrupt	handleKesme	handleKesme	existing-unreviewed		0
handleKeyboardInterrupt	handleKlavyeKesme	handleKlavyeKesme	existing-unreviewed		0
handleMouseInterrupt	handleFareKesme	handleFareKesme	existing-unreviewed		0
handlePagingInterrupt	handlepagingKesme	handlepagingKesme	existing-unreviewed		0
handleUnhandledSyscall	handleunhandledsyscall	handleunhandledsyscall	existing-unreviewed		0
handler	handler	handler	existing-unreviewed		0
handlerAddressHighBits	handleraddressYüksekbit	handleraddressYüksekbit	existing-unreviewed		0
handlerAddressLowBits	handleraddressDüşükbit	handleraddressDüşükbit	existing-unreviewed		0
handlerRun	handlerÇalıştır	handlerÇalıştır	existing-unreviewed		0
handlers	handler_2	handler_2	existing-unreviewed		0
hardwareAddressSize	donanımaddressBoyut	donanımaddressBoyut	existing-unreviewed		0
hardwareInterruptOffset	donanımKesmeoffset	donanımKesmeoffset	existing-unreviewed		0
hardwareType	donanımTür	donanımTür	existing-unreviewed		0
hd	hd	hd	existing-unreviewed		0
head	head	head	existing-unreviewed		0
headCount	headcount	headcount	existing-unreviewed		0
headerLength	headerSüre	headerSüre	existing-unreviewed		0
headertype	headertype	headertype	existing-unreviewed		0
height	başlık	başlık	existing-unreviewed		0
hex	onaltılık	onaltılık	existing-unreviewed		0
hiddenSectors	gizlisectors	gizlisectors	existing-unreviewed		0
i	i	i	existing-unreviewed		0
iCount	icount	icount	existing-unreviewed		0
iDrivers	idriver	idriver	existing-unreviewed		0
iKeyboardEventHandler	iKlavyeOlayhandler	iKlavyeOlayhandler	existing-unreviewed		0
iMouseEventHandler	iFareOlayhandler	iFareOlayhandler	existing-unreviewed		0
iPCIControllerHandler	ipciDenetleyicihandler	ipciDenetleyicihandler	existing-unreviewed		0
iRawDataHandler	irawdatahandler	irawdatahandler	existing-unreviewed		0
iTimerEventHandler	iZamanlayıcıOlayhandler	iZamanlayıcıOlayhandler	existing-unreviewed		0
icmp	icmp	ağlar_arası_ağ_denetim_iletisi_protokolü	project-proposal	icmp	12
icmpSize	icmpBoyut	icmpBoyut	existing-unreviewed		0
icmp콘솔	icmpKonsol	icmpKonsol	existing-unreviewed		0
id	no	no	existing-unreviewed		0
ident	ident	ident	existing-unreviewed		0
idtData	idtdata	idtdata	existing-unreviewed		0
idtPointer	idtBelirteç	idtBelirteç	existing-unreviewed		0
idx	idx	idx	existing-unreviewed		0
index	içindekiler	içindekiler	existing-unreviewed		0
initBlock	initBlok	initBlok	existing-unreviewed		0
initFileDescriptors	initDosyadescriptor	initDosyadescriptor	existing-unreviewed		0
initPIT	initpit	initpit	existing-unreviewed		0
initializeProcessFDs	initializeSüreçfds	initializeSüreçfds	existing-unreviewed		0
inode	dosyaindeksi	dosyaindeksi	existing-unreviewed		0
inputEventTask	girdiOlayGörev	girdiOlayGörev	existing-unreviewed		0
installIDT	kuridt	kuridt	existing-unreviewed		0
intNumber	intSayı	intSayı	existing-unreviewed		0
interface_id	arayüzNo	arayüzNo	existing-unreviewed		0
internetprotocolPayload	internetprotocolpayload	internetprotocolpayload	existing-unreviewed		0
interrupt	kesme	kesme	existing-unreviewed		0
interruptDebug	kesmeHataAyıkla	kesmeHataAyıkla	existing-unreviewed		0
interruptExitLoop	kesmeÇıkloop	kesmeÇıkloop	existing-unreviewed		0
interruptGateEntries	kesmegategirdi	kesmegategirdi	existing-unreviewed		0
interruptHandler	kesmehandler	kesmehandler	existing-unreviewed		0
interrupts	interrupts	interrupts	existing-unreviewed		0
iomap	iomap	iomap	existing-unreviewed		0
ip	ip	ip	existing-unreviewed		0
ipEtherFrameHandler	ipEternetÇerçevehandler	ipEternetÇerçevehandler	existing-unreviewed		0
ipHandler	iphandler	iphandler	existing-unreviewed		0
ipIdx	ipidx	ipidx	existing-unreviewed		0
ipProtocolUDP	ipprotocoludp	ipprotocoludp	existing-unreviewed		0
ipProvider	ipprovider	ağlar_arası_ağ_protokolü_sağlayıcısı	project-proposal	ip_provider	5
ipSize	ipBoyut	ipBoyut	existing-unreviewed		0
ip_be	ipAğbyteorder	ipAğbyteorder	existing-unreviewed		0
ipmessage	internetprotocolİleti	internetprotocolİleti	existing-unreviewed		0
ipv4	ipv4	ağlar_arası_ağ_protokolü_4	project-proposal	ipv4	1
ip콘솔	ipKonsol	ipKonsol	existing-unreviewed		0
isKernel	iskernel	iskernel	existing-unreviewed		0
isRoot	isKökDizin	isKökDizin	existing-unreviewed		0
isRootPath	isKökDizinYOL	isKökDizinYOL	existing-unreviewed		0
isSharedPDE	issharedpde	issharedpde	existing-unreviewed		0
istOffset	istoffset	istoffset	existing-unreviewed		0
j	j	j	existing-unreviewed		0
jmp	jmp	jmp	existing-unreviewed		0
jmp_user	jmpKullanıcı	jmpKullanıcı	existing-unreviewed		0
jump_usermode_iret	jumpKullanıcıModuiret	jumpKullanıcıModuiret	existing-unreviewed		0
kPageDirEntry	kSayfaDizingirdi	kSayfaDizingirdi	existing-unreviewed		0
kernelESP	kernelesp	kernelesp	existing-unreviewed		0
kernelPageDirEntry	kernelSayfaDizingirdi	kernelSayfaDizingirdi	existing-unreviewed		0
kernelSS	kernelss	kernelss	existing-unreviewed		0
key	anahtar	anahtar	existing-unreviewed		0
keyboard	klavye	klavye	existing-unreviewed		0
keyboardDriver	klavyedriver	klavyedriver	existing-unreviewed		0
keyboardEventHandler	klavyeOlayhandler	klavyeOlayhandler	existing-unreviewed		0
keyboardQueue	klavyequeue	klavyequeue	existing-unreviewed		0
keyboardQueueRead	klavyequeueOkuma	klavyequeueOkuma	existing-unreviewed		0
keyboardQueueSize	klavyequeueBoyut	klavyequeueBoyut	existing-unreviewed		0
keyboardQueueWrite	klavyequeueYazma	klavyequeueYazma	existing-unreviewed		0
kind	tür	tür	existing-unreviewed		0
l	l	l	existing-unreviewed		0
last	son_2	son_2	existing-unreviewed		0
lbaHiPort	lbahiBağlantıNoktası	lbahiBağlantıNoktası	existing-unreviewed		0
lbaLowPort	lbaDüşükBağlantıNoktası	lbaDüşükBağlantıNoktası	existing-unreviewed		0
lbaMidPort	lbamidBağlantıNoktası	lbamidBağlantıNoktası	existing-unreviewed		0
ldt	ldt	ldt	existing-unreviewed		0
leftShift	solshift	solshift	existing-unreviewed		0
len	len	len	existing-unreviewed		0
len_ver	lenver	lenver	existing-unreviewed		0
length	süre	süre	existing-unreviewed		0
lengthAddress	süreaddress	süreaddress	existing-unreviewed		0
lengthInBytes	süreGelenBayt	süreGelenBayt	existing-unreviewed		0
length_high	süreYüksek	süreYüksek	existing-unreviewed		0
length_low	süreDüşük	süreDüşük	existing-unreviewed		0
lengths	lengths	lengths	existing-unreviewed		0
lib1Addr	lib1address	lib1address	existing-unreviewed		0
lib1Data	lib1data	lib1data	existing-unreviewed		0
lib1File	lib1Dosya	lib1Dosya	existing-unreviewed		0
lib1GOT	lib1got	lib1got	existing-unreviewed		0
lib1elf	lib1elf	lib1elf	existing-unreviewed		0
lib2Addr	lib2address	lib2address	existing-unreviewed		0
lib2Data	lib2data	lib2data	existing-unreviewed		0
lib2File	lib2Dosya	lib2Dosya	existing-unreviewed		0
lib2GOT	lib2got	lib2got	existing-unreviewed		0
lib2elf	lib2elf	lib2elf	existing-unreviewed		0
libLinkMap	libBağmap	libBağmap	existing-unreviewed		0
lidtaddr	lidtaddr	lidtaddr	existing-unreviewed		0
limit	kısıtla	kısıtla	existing-unreviewed		0
limitHighAndFlags	kısıtlaYüksekVEİmler	kısıtlaYüksekVEİmler	existing-unreviewed		0
limitLow	kısıtlaDüşük	kısıtlaDüşük	existing-unreviewed		0
linkMap	bağmap	bağmap	existing-unreviewed		0
linkMapAddr	bağmapaddress	bağmapaddress	existing-unreviewed		0
linkerAddr	linkeraddress	linkeraddress	existing-unreviewed		0
linkerData	linkerdata	linkerdata	existing-unreviewed		0
linkerEntry	linkergirdi	linkergirdi	existing-unreviewed		0
linkerFile	linkerDosya	linkerDosya	existing-unreviewed		0
list	liste	liste	existing-unreviewed		0
listening	listening	listening	existing-unreviewed		0
loader	loader	loader	existing-unreviewed		0
local	yerel	yerel	existing-unreviewed		0
localDatagramSocket	yereldatagramYuva	yereldatagramYuva	existing-unreviewed		0
localIP	yerelip	yerelip	existing-unreviewed		0
localPort	yerelBağlantıNoktasıSayı	yerelBağlantıNoktasıSayı	existing-unreviewed		0
localSockets	yerelsockets	yerelsockets	existing-unreviewed		0
logicalAddress	mantıksaladdress	mantıksaladdress	existing-unreviewed		0
macAddr	macaddress	macaddress	existing-unreviewed		0
macIdx	macidx	macidx	existing-unreviewed		0
magicnumber	magicnumber	magicnumber	existing-unreviewed		0
main	main	main	compatibility		0
mainThread	anathread	anathread	existing-unreviewed		0
makePagePrivateWritableCurrent	makeSayfaGizliÖzelwritableŞuan	makeSayfaGizliÖzelwritableŞuan	existing-unreviewed		0
makeRangePrivateWritableCurrent	makeAralıkGizliÖzelwritableŞuan	makeAralıkGizliÖzelwritableŞuan	existing-unreviewed		0
manager	manager	manager	existing-unreviewed		0
mask	maske	maske	existing-unreviewed		0
master	ana	ana	existing-unreviewed		0
matches	matches	matches	existing-unreviewed		0
maxBARs	makbars	makbars	existing-unreviewed		0
maxDatagramSize	makdatagramBoyut	makdatagramBoyut	existing-unreviewed		0
maxExecStringLength	makÇalıştırKatarSüre	makÇalıştırKatarSüre	existing-unreviewed		0
maxExecVectorEntries	makÇalıştırvectorgirdi	makÇalıştırvectorgirdi	existing-unreviewed		0
maxFD	makDT	makDT	existing-unreviewed		0
maxOpenFiles	makAçDOSYALAR	makAçDOSYALAR	existing-unreviewed		0
maxSocketPackets	makYuvapaket	makYuvapaket	existing-unreviewed		0
maxSockets	maksockets	maksockets	existing-unreviewed		0
maximumBlocks	enÇokBlok	enÇokBlok	existing-unreviewed		0
mediaType	ortamTür	ortamTür	existing-unreviewed		0
mem	mem	mem	existing-unreviewed		0
memoryArray	bellekDizi	bellekDizi	existing-unreviewed		0
memoryChunkSize	bellekchunkBoyut	bellekchunkBoyut	existing-unreviewed		0
memoryManager	bellekmanager	bellekmanager	existing-unreviewed		0
memoryOper	bellekoper	bellekoper	existing-unreviewed		0
memorySize	bellekBoyut	bellekBoyut	existing-unreviewed		0
memorymananger	memorymananger	memorymananger	existing-unreviewed		0
memorytest	memorytest	memorytest	existing-unreviewed		0
message	ileti	ileti	existing-unreviewed		0
micsPort	micsBağlantıNoktası	micsBağlantıNoktası	existing-unreviewed		0
minimum	enaz	enaz	existing-unreviewed		0
mode	kİP	kİP	existing-unreviewed		0
mouseDriver	faredriver	faredriver	existing-unreviewed		0
mouseEventHandler	fareOlayhandler	fareOlayhandler	existing-unreviewed		0
mouseVGA	farevga	farevga	existing-unreviewed		0
mouseWidget	fareGereç	fareGereç	existing-unreviewed		0
msdospart	msdospartition	msdospartition	existing-unreviewed		0
msg	msg	msg	existing-unreviewed		0
msgBuffer	msgbuffer	msgbuffer	existing-unreviewed		0
multiboot_memory_map	multibootBellekmap	multibootBellekmap	existing-unreviewed		0
multitasking	multitasking	multitasking	existing-unreviewed		0
myKeyboardEventHandler	myKlavyeOlayhandler	myKlavyeOlayhandler	existing-unreviewed		0
myPCIControllerHandler	mypciDenetleyicihandler	mypciDenetleyicihandler	existing-unreviewed		0
myfunction	myfunction	myfunction	existing-unreviewed		0
n	n	n	existing-unreviewed		0
n_descsz	ndescsz	ndescsz	existing-unreviewed		0
n_namesz	nnamesz	nnamesz	existing-unreviewed		0
n_type	nTür	nTür	existing-unreviewed		0
name	isim	isim	existing-unreviewed		0
nameLen	isimlen	isimlen	existing-unreviewed		0
netCard	ağKart	ağKart	existing-unreviewed		0
newButtons	yeniDüğme	yeniDüğme	existing-unreviewed		0
newFD	yeniDT	yeniDT	existing-unreviewed		0
newFrame	yeniÇerçeve	yeniÇerçeve	existing-unreviewed		0
newLink	yeniBağ	yeniBağ	existing-unreviewed		0
newNode	yeniDüğüm	yeniDüğüm	existing-unreviewed		0
newPtr	yeniBelirteç	yeniBelirteç	existing-unreviewed		0
next	sonraki	sonraki	existing-unreviewed		0
nextEphemeralPort	sonrakiephemeralBağlantıNoktası	sonrakiephemeralBağlantıNoktası	existing-unreviewed		0
nextFileCluster	sonrakiDosyacluster	sonrakiDosyacluster	existing-unreviewed		0
nextHopIP_BE	sonrakihopipaddressAğbyteorder	sonrakihopipaddressAğbyteorder	existing-unreviewed		0
nextNode	sonrakiDüğüm	sonrakiDüğüm	existing-unreviewed		0
nextProcessID	sonrakiSüreçNo	sonrakiSüreçNo	existing-unreviewed		0
nextThread	sonrakithread	sonrakithread	existing-unreviewed		0
nibble	nibble	nibble	existing-unreviewed		0
node	düğüm	liste_düğümü	project-proposal	list_node	16
nodeArray	düğümDizi	düğümDizi	existing-unreviewed		0
num	sayı	sayı	existing-unreviewed		0
numCacheEntries	sayıcachegirdi	sayıcachegirdi	existing-unreviewed		0
numDrivers	sayıdriver	sayıdriver	existing-unreviewed		0
numFunctions	sayıFonksiyonlar	sayıFonksiyonlar	existing-unreviewed		0
numRecvBuffers	sayırecvbuffer	sayırecvbuffer	existing-unreviewed		0
numSendBuffers	sayıGönderbuffer	sayıGönderbuffer	existing-unreviewed		0
numSockets	sayısockets	sayısockets	existing-unreviewed		0
numTasks	sayıİşler	sayıİşler	existing-unreviewed		0
oAppend	oappend	oappend	existing-unreviewed		0
oCreate	ocreate	ocreate	existing-unreviewed		0
oDirectory	oDizin	oDizin	existing-unreviewed		0
oReadOnly	oOkumaonly	oOkumaonly	existing-unreviewed		0
oReadWrite	oOkumaYazma	oOkumaYazma	existing-unreviewed		0
oTruncate	oKırp	oKırp	existing-unreviewed		0
oWriteOnly	oYazmaonly	oYazmaonly	existing-unreviewed		0
o_addr	oaddress	oaddress	existing-unreviewed		0
offset	offset	offset	existing-unreviewed		0
ok	tamam	tamam	existing-unreviewed		0
oldButtons	oldDüğme	oldDüğme	existing-unreviewed		0
oldCR3	oldcr3	oldcr3	existing-unreviewed		0
oldFD	oldDT	oldDT	existing-unreviewed		0
oldFrame	oldÇerçeve	oldÇerçeve	existing-unreviewed		0
oldGdt	oldgdt	oldgdt	existing-unreviewed		0
oldGdtAddr	oldgdtaddress	oldgdtaddress	existing-unreviewed		0
oldGdtLen	oldgdtlen	oldgdtlen	existing-unreviewed		0
openFileDescription	açDosyaAçıklama	açDosyaAçıklama	existing-unreviewed		0
openFileTable	açDosyaTablo	açDosyaTablo	existing-unreviewed		0
options	seçenekler	seçenekler	existing-unreviewed		0
orgValue	orgDeğer	orgDeğer	existing-unreviewed		0
p	p	p	existing-unreviewed		0
p1	p1	p1	existing-unreviewed		0
p2	p2	p2	existing-unreviewed		0
p_align	pHizala	pHizala	existing-unreviewed		0
p_backend	pbackend	pbackend	existing-unreviewed		0
p_data	pdata	pdata	existing-unreviewed		0
p_efHandler	pefhandler	pefhandler	existing-unreviewed		0
p_efProvider	pefprovider	pefprovider	existing-unreviewed		0
p_etherType	pEternetTür	pEternetTür	existing-unreviewed		0
p_filesz	pfilesz	pfilesz	existing-unreviewed		0
p_flags	pİmler	pİmler	existing-unreviewed		0
p_iHandler	pihandler	pihandler	existing-unreviewed		0
p_ipHandler	piphandler	piphandler	existing-unreviewed		0
p_ipProvider	pipprovider	pipprovider	existing-unreviewed		0
p_memsz	pmemsz	pmemsz	existing-unreviewed		0
p_offset	poffset	poffset	existing-unreviewed		0
p_paddr	ppaddr	ppaddr	existing-unreviewed		0
p_protocol	pprotocol	pprotocol	existing-unreviewed		0
p_provider	pprovider	pprovider	existing-unreviewed		0
p_str	pstr	pstr	existing-unreviewed		0
p_type	pTür	pTür	existing-unreviewed		0
p_udpHandler	pudphandler	pudphandler	existing-unreviewed		0
p_udpProvider	pudpprovider	pudpprovider	existing-unreviewed		0
p_vaddr	pvaddr	pvaddr	existing-unreviewed		0
packet	pAKET	pAKET	existing-unreviewed		0
packetStatus	pAKETDurum	pAKETDurum	existing-unreviewed		0
packets	paket	paket	existing-unreviewed		0
page	sayfa	sayfa	existing-unreviewed		0
pageDir	sayfaDizin	sayfa_dizini	project-proposal	page_directory	27
pageDirEntry	sayfaDizingirdi	sayfaDizingirdi	existing-unreviewed		0
pageTableEntry	sayfaTablogirdi	sayfaTablogirdi	existing-unreviewed		0
paging	paging	paging	existing-unreviewed		0
param	param	param	existing-unreviewed		0
params	parametreler	parametreler	existing-unreviewed		0
parent	üst	üst	existing-unreviewed		0
parentPID	üstpid	üstpid	existing-unreviewed		0
parentProcess	üstSüreç	üstSüreç	existing-unreviewed		0
partEntry	partgirdi	partgirdi	existing-unreviewed		0
partition	partition	partition	existing-unreviewed		0
partitionBytes	partitionBayt	partitionBayt	existing-unreviewed		0
partitionOffset	partitionoffset	partitionoffset	existing-unreviewed		0
path	yOL	yOL	existing-unreviewed		0
pathAddr	yOLaddress	yOLaddress	existing-unreviewed		0
pci	pci	pci	existing-unreviewed		0
pciController	pciDenetleyici	pciDenetleyici	existing-unreviewed		0
pde	pde	pde	existing-unreviewed		0
pdeAddr	pdeaddress	pdeaddress	existing-unreviewed		0
pdelen	pdelen	pdelen	existing-unreviewed		0
peer	peer	peer	existing-unreviewed		0
pendingButtons	pendingDüğme	pendingDüğme	existing-unreviewed		0
pendingMouseEvent	pendingFareOlay	pendingFareOlay	existing-unreviewed		0
pendingX	pendingx	pendingx	existing-unreviewed		0
pendingY	pendingy	pendingy	existing-unreviewed		0
phyaddr	phyaddr	phyaddr	existing-unreviewed		0
phymem	physicalBellek	physicalBellek	existing-unreviewed		0
physicalAddress	physicaladdress	physicaladdress	existing-unreviewed		0
pid	pid	pid	existing-unreviewed		0
pitFrequency	pitSıklık	pitSıklık	existing-unreviewed		0
pixelAddress	pixeladdress	pixeladdress	existing-unreviewed		0
pointer	belirteç	adres_başvurusu	project-proposal	pointer	39
pollKeyboardScancode	pollKlavyescancode	pollKlavyescancode	existing-unreviewed		0
port	bağlantıNoktası	bağlantıNoktası	existing-unreviewed		0
portBase	bağlantıNoktasıbase	bağlantıNoktasıbase	existing-unreviewed		0
portInUse	bağlantıNoktasıGelenKullan	bağlantıNoktasıGelenKullan	existing-unreviewed		0
portnumber	portnumber	portnumber	existing-unreviewed		0
pos	konum	konum	existing-unreviewed		0
position	konum_2	konum_2	existing-unreviewed		0
posixStat	posixstat	posixstat	existing-unreviewed		0
posixUtsname	posixutsname	posixutsname	existing-unreviewed		0
prefetchable	prefetchcapable	prefetchcapable	existing-unreviewed		0
prev	previous	previous	existing-unreviewed		0
prevNode	previousDüğüm	previousDüğüm	existing-unreviewed		0
prevX	previousx	previousx	existing-unreviewed		0
prevY	previousy	previousy	existing-unreviewed		0
printESP	yazdıresp	yazdıresp	existing-unreviewed		0
printExceptionSelectorInfo	yazdırexceptionselectorBilgi	yazdırexceptionselectorBilgi	existing-unreviewed		0
printPageFaultInfo	yazdırSayfafaultBilgi	yazdırSayfafaultBilgi	existing-unreviewed		0
printreg	printreg	printreg	existing-unreviewed		0
proc2	proc2	proc2	existing-unreviewed		0
proc3	proc3	proc3	existing-unreviewed		0
proc4	proc4	proc4	existing-unreviewed		0
process	süreç	süreç	existing-unreviewed		0
processEntry	süreçgirdi	süreçgirdi	existing-unreviewed		0
processHelper	süreçhelper	süreçhelper	existing-unreviewed		0
processTable	süreçTablo	süreçTablo	existing-unreviewed		0
processes	süreçler	süreçler	existing-unreviewed		0
programBreak	uygulamabreak	uygulamabreak	existing-unreviewed		0
protocol	protocol	protocol	existing-unreviewed		0
protocolAddressSize	protocoladdressBoyut	protocoladdressBoyut	existing-unreviewed		0
providedLength	providedSüre	providedSüre	existing-unreviewed		0
provider	provider	provider	existing-unreviewed		0
ps2WaitLimit	ps2BekleKısıtla	ps2BekleKısıtla	existing-unreviewed		0
pt	pt	pt	existing-unreviewed		0
pte	pte	pte	existing-unreviewed		0
pteAddr	pteaddress	pteaddress	existing-unreviewed		0
ptr	belirteç_2	adres_başvurusu_2	project-proposal	pointer	12
pushExecUint32	pushÇalıştırunsignedinteger32	pushÇalıştırunsignedinteger32	existing-unreviewed		0
queueKeyboardByte	queueKlavyebyte	queueKlavyebyte	existing-unreviewed		0
r	r	r	existing-unreviewed		0
r_addend	raddend	raddend	existing-unreviewed		0
r_info	rBilgi	rBilgi	existing-unreviewed		0
r_offset	roffset	roffset	existing-unreviewed		0
raw	raw	raw	existing-unreviewed		0
rawDataBackend	rawdatabackend	rawdatabackend	existing-unreviewed		0
readFile	okumaDosya	okumaDosya	existing-unreviewed		0
readPS2Data	okumaps2data	okumaps2data	existing-unreviewed		0
readStdin	okumastdin	okumastdin	existing-unreviewed		0
readVFSFile	okumavfsDosya	okumavfsDosya	existing-unreviewed		0
read_count	okumacount	okumacount	existing-unreviewed		0
receiver	receiver	receiver	existing-unreviewed		0
recvBufferDescr	recvbufferAçıklama	recvbufferAçıklama	existing-unreviewed		0
recvBufferDescrAddress	recvbufferAçıklamaaddress	recvbufferAçıklamaaddress	existing-unreviewed		0
recvBuffers	recvbuffer	recvbuffer	existing-unreviewed		0
recvBuffersDescrMemory	recvbufferAçıklamaBellek	recvbufferAçıklamaBellek	existing-unreviewed		0
refBytes	referenceBayt	referenceBayt	existing-unreviewed		0
refPtr	referenceBelirteç	referenceBelirteç	existing-unreviewed		0
refs	refs	refs	existing-unreviewed		0
regIndex	regİçindekiler	regİçindekiler	existing-unreviewed		0
registerAddressPort	registeraddressBağlantıNoktası	registeraddressBağlantıNoktası	existing-unreviewed		0
registerDataPort	registerdataBağlantıNoktası	registerdataBağlantıNoktası	existing-unreviewed		0
registeroffset	registeroffset	registeroffset	existing-unreviewed		0
registers	register	register	existing-unreviewed		0
regtype	regtype	regtype	existing-unreviewed		0
rel_text	relMetin	relMetin	existing-unreviewed		0
rel_text_len	relMetinlen	relMetinlen	existing-unreviewed		0
releaseOpenFile	releaseAçDosya	releaseAçDosya	existing-unreviewed		0
released	released	released	existing-unreviewed		0
reloadCR3	yenidenYüklecr3	yenidenYüklecr3	existing-unreviewed		0
relocation_text	relocationMetin	relocationMetin	existing-unreviewed		0
remaining	remaining	remaining	existing-unreviewed		0
remote	uzak	uzak	existing-unreviewed		0
remoteIP	uzakip	uzakip	existing-unreviewed		0
remotePort	uzakBağlantıNoktasıSayı	uzakBağlantıNoktasıSayı	existing-unreviewed		0
requested	requested	requested	existing-unreviewed		0
reserved	rezerve	rezerve	existing-unreviewed		0
reserved0	rezerve0	rezerve0	existing-unreviewed		0
reservedSectors	rezervesectors	rezervesectors	existing-unreviewed		0
resetPort	sıfırlaBağlantıNoktası	sıfırlaBağlantıNoktası	existing-unreviewed		0
restoreFpRegs	geriAlfpregs	geriAlfpregs	existing-unreviewed		0
result	sONUÇ	sONUÇ	existing-unreviewed		0
result1	sONUÇ1	sONUÇ1	existing-unreviewed		0
result2	sONUÇ2	sONUÇ2	existing-unreviewed		0
ret	ret	ret	existing-unreviewed		0
revision	revision	revision	existing-unreviewed		0
rightShift	sağshift	sağshift	existing-unreviewed		0
rootCluster	kökDizincluster	kökDizincluster	existing-unreviewed		0
rootDirEntries	kökDizinDizingirdi	kökDizinDizingirdi	existing-unreviewed		0
rootStart	kökDizinBaşlat	kökDizinBaşlat	existing-unreviewed		0
rt	rt	rt	existing-unreviewed		0
s	s	s	existing-unreviewed		0
sIfchr	sifchr	sifchr	existing-unreviewed		0
sIfdir	sifdir	sifdir	existing-unreviewed		0
sIfmt	sifmt	sifmt	existing-unreviewed		0
sIfreg	sifreg	sifreg	existing-unreviewed		0
sIfsock	sifsock	sifsock	existing-unreviewed		0
savedESP	kaydedildiesp	kaydedildiesp	existing-unreviewed		0
sc	sc	sc	existing-unreviewed		0
scanCode	taracode	taracode	existing-unreviewed		0
scanCodeToByte	taracodetobyte	taracodetobyte	existing-unreviewed		0
scancodeToByte	scancodetobyte	scancodetobyte	existing-unreviewed		0
sche	sche	sche	existing-unreviewed		0
sche_data	schedata	schedata	existing-unreviewed		0
scheduleStack	schedulestack	schedulestack	existing-unreviewed		0
scheduler	scheduler	scheduler	existing-unreviewed		0
schedulerDebug	schedulerHataAyıkla	schedulerHataAyıkla	existing-unreviewed		0
sectHeader	sectheader	sectheader	existing-unreviewed		0
sectHeaderSize	sectheaderBoyut	sectheaderBoyut	existing-unreviewed		0
sectName	sectİsim	sectİsim	existing-unreviewed		0
sectValue	sectDeğer	sectDeğer	existing-unreviewed		0
sector	sector	sector	existing-unreviewed		0
sectorCountPort	sectorcountBağlantıNoktası	sectorcountBağlantıNoktası	existing-unreviewed		0
sectorNum	sectorSayı	sectorSayı	existing-unreviewed		0
sectorOffset	sectoroffset	sectoroffset	existing-unreviewed		0
sectorPerTrack	sectorpertrack	sectorpertrack	existing-unreviewed		0
sectorsPerCluster	sectorspercluster	sectorspercluster	existing-unreviewed		0
seekCur	seekŞuan	seekŞuan	existing-unreviewed		0
seekEnd	seekSon	seekSon	existing-unreviewed		0
seekSet	seekayarla	seekayarla	existing-unreviewed		0
segmentNumber	segmentSayı	segmentSayı	existing-unreviewed		0
self	self	self	existing-unreviewed		0
self_uintptr	selfuintptr	selfuintptr	existing-unreviewed		0
sendBack	reply	reply	existing-unreviewed		0
sendBufferDescr	gönderbufferAçıklama	gönderbufferAçıklama	existing-unreviewed		0
sendBufferDescrAddress	gönderbufferAçıklamaaddress	gönderbufferAçıklamaaddress	existing-unreviewed		0
sendBuffers	gönderbuffer	gönderbuffer	existing-unreviewed		0
sendBuffersDescrMemory	gönderbufferAçıklamaBellek	gönderbufferAçıklamaBellek	existing-unreviewed		0
sendDataPointer	gönderdataBelirteç	gönderdataBelirteç	existing-unreviewed		0
sendDescriptor	gönderdescriptor	gönderdescriptor	existing-unreviewed		0
sendMouseCommand	gönderFareKomut	gönderFareKomut	existing-unreviewed		0
sequencerDataPort	sequencerdataBağlantıNoktası	sequencerdataBağlantıNoktası	existing-unreviewed		0
sequencerIndexPort	sequencerİçindekilerBağlantıNoktası	sequencerİçindekilerBağlantıNoktası	existing-unreviewed		0
serialLogByte	seriGünlükbyte	seriGünlükbyte	existing-unreviewed		0
serialReady	seriHazır	seriHazır	existing-unreviewed		0
setCR3	ayarlacr3	ayarlacr3	existing-unreviewed		0
setDS	ayarlads	ayarlads	existing-unreviewed		0
setGS	ayarlags	ayarlags	existing-unreviewed		0
setThreadExitLoopState	ayarlathreadÇıkloopDurum	ayarlathreadÇıkloopDurum	existing-unreviewed		0
setupExecStack	setupÇalıştırstack	setupÇalıştırstack	existing-unreviewed		0
sh	sh	sh	existing-unreviewed		0
sh_addr	shaddress	shaddress	existing-unreviewed		0
sh_addralign	shaddralign	shaddralign	existing-unreviewed		0
sh_entsize	shentsize	shentsize	existing-unreviewed		0
sh_flags	shİmler	shİmler	existing-unreviewed		0
sh_info	shBilgi	shBilgi	existing-unreviewed		0
sh_link	shBağ	shBağ	existing-unreviewed		0
sh_name	shİsim	shİsim	existing-unreviewed		0
sh_offset	shoffset	shoffset	existing-unreviewed		0
sh_size	shBoyut	shBoyut	existing-unreviewed		0
sh_type	shTür	shTür	existing-unreviewed		0
shift	shift	shift	existing-unreviewed		0
signature	signature	signature	existing-unreviewed		0
size	boyut	boyut	existing-unreviewed		0
sl	sl	sl	existing-unreviewed		0
sockDatagram	sockdatagram	sockdatagram	existing-unreviewed		0
socket	yuva	yuva	existing-unreviewed		0
socketAddress	yuvaaddress	yuvaaddress	existing-unreviewed		0
socketAddressIPv4	yuvaaddressipv4	yuvaaddressipv4	existing-unreviewed		0
socketBind	yuvabind	yuvabind	existing-unreviewed		0
socketCallArgument	yuvacallargument	yuvacallargument	existing-unreviewed		0
socketConnect	yuvaBağlan	yuvaBağlan	existing-unreviewed		0
socketForFD	yuvaforDT	yuvaforDT	existing-unreviewed		0
socketIndex	yuvaİçindekiler	yuvaİçindekiler	existing-unreviewed		0
socketPacket	yuvaPAKET	yuvaPAKET	existing-unreviewed		0
socketReceiveFrom	yuvareceivefrom	yuvareceivefrom	existing-unreviewed		0
socketSendTo	yuvaGönderto	yuvaGönderto	existing-unreviewed		0
socketType	yuvaTür	yuvaTür	existing-unreviewed		0
sockets	sockets	sockets	existing-unreviewed		0
softName	softİsim	softİsim	existing-unreviewed		0
source	kaynak	kaynak	existing-unreviewed		0
sourceAddress	kaynakaddress	kaynakaddress	existing-unreviewed		0
sourceLengthAddress	kaynakSüreaddress	kaynakSüreaddress	existing-unreviewed		0
src	kaynak_2	kaynak_2	existing-unreviewed		0
srcEntry	kaynakgirdi	kaynakgirdi	existing-unreviewed		0
srcIP	kaynakipaddress	kaynakipaddress	existing-unreviewed		0
srcIP_BE	kaynakipaddressAğbyteorder	kaynakipaddressAğbyteorder	existing-unreviewed		0
srcMAC	kaynakmacaddress	kaynakmacaddress	existing-unreviewed		0
srcMAC_BE	kaynakmacbe	kaynakmacbe	existing-unreviewed		0
srcPageDir	kaynakSayfaDizin	kaynakSayfaDizin	existing-unreviewed		0
srcPde	kaynakpde	kaynakpde	existing-unreviewed		0
srcPdeAddr	kaynakpdeaddress	kaynakpdeaddress	existing-unreviewed		0
srcPort	kaynakBağlantıNoktasıSayı	kaynak_kapı_numarası	project-proposal	source_port	9
srcPt	kaynakpt	kaynakpt	existing-unreviewed		0
srcptr	srcptr	srcptr	existing-unreviewed		0
ss	ss	ss	existing-unreviewed		0
ss0	ss0	ss0	existing-unreviewed		0
ss1	ss1	ss1	existing-unreviewed		0
ss2	ss2	ss2	existing-unreviewed		0
st	st	st	existing-unreviewed		0
st_info	stBilgi	stBilgi	existing-unreviewed		0
st_name	stİsim	stİsim	existing-unreviewed		0
st_other	stDiğer	stDiğer	existing-unreviewed		0
st_shndx	stshndx	stshndx	existing-unreviewed		0
st_size	stBoyut	stBoyut	existing-unreviewed		0
st_value	stDeğer	stDeğer	existing-unreviewed		0
stack	stack	yığın_belleği	project-proposal	stack	18
stackBytes	stackBayt	stackBayt	existing-unreviewed		0
stackPtr	stackBelirteç	stackBelirteç	existing-unreviewed		0
stack_addr	stackaddress	stackaddress	existing-unreviewed		0
stackbottom	stackbottom	stackbottom	existing-unreviewed		0
stacktop	stacktop	stacktop	existing-unreviewed		0
start	başlat	başlat	existing-unreviewed		0
startOffset	başlatoffset	başlatoffset	existing-unreviewed		0
start_cylinder	başlatcylinder	başlatcylinder	existing-unreviewed		0
start_head	başlathead	başlathead	existing-unreviewed		0
start_sector	başlatsector	başlatsector	existing-unreviewed		0
startingBit	startingbit	startingbit	existing-unreviewed		0
stat	stat	stat	existing-unreviewed		0
statAddr	stataddress	stataddress	existing-unreviewed		0
status	durum	durum	existing-unreviewed		0
statusAddr	durumaddress	durumaddress	existing-unreviewed		0
stderrFD	stderrDT	stderrDT	existing-unreviewed		0
stdinBuffer	stdinbuffer	stdinbuffer	existing-unreviewed		0
stdinFD	stdinDT	stdinDT	existing-unreviewed		0
stdinGetBlocking	stdingetblocking	stdingetblocking	existing-unreviewed		0
stdinRead	stdinOkuma	stdinOkuma	existing-unreviewed		0
stdinWrite	stdinYazma	stdinYazma	existing-unreviewed		0
stdoutFD	stdoutDT	stdoutDT	existing-unreviewed		0
stoppedThread	durdurulmuşthread	durdurulmuşthread	existing-unreviewed		0
str	str	str	existing-unreviewed		0
stringAddress	kataraddress	kataraddress	existing-unreviewed		0
stringHeader	katarheader	katarheader	existing-unreviewed		0
strtab	strtab	strtab	existing-unreviewed		0
subclass_id	subclassNo	subclassNo	existing-unreviewed		0
subnetMask	subnetMaske	subnetMaske	existing-unreviewed		0
swapUint16	takasAlanıunsignedinteger16	takasAlanıunsignedinteger16	existing-unreviewed		0
switchForced	switchforced	switchforced	existing-unreviewed		0
sysAccess	syserişim	syserişim	existing-unreviewed		0
sysBrk	sysbrk	sysbrk	existing-unreviewed		0
sysCall	syscall	syscall	existing-unreviewed		0
sysChdir	syschdir	syschdir	existing-unreviewed		0
sysClose	sysKapat	sysKapat	existing-unreviewed		0
sysDup	sysdup	sysdup	existing-unreviewed		0
sysDup2	sysdup2	sysdup2	existing-unreviewed		0
sysExecve	sysexecve	sysexecve	existing-unreviewed		0
sysExit	sysÇık	sysÇık	existing-unreviewed		0
sysFcntl	sysfcntl	sysfcntl	existing-unreviewed		0
sysFork	sysfork	sysfork	existing-unreviewed		0
sysFstat	sysfstat	sysfstat	existing-unreviewed		0
sysFsync	sysfsync	sysfsync	existing-unreviewed		0
sysGetcwd	sysgetcwd	sysgetcwd	existing-unreviewed		0
sysLseek	syslseek	syslseek	existing-unreviewed		0
sysOpen	sysAç	sysAç	existing-unreviewed		0
sysRead	sysOkuma	sysOkuma	existing-unreviewed		0
sysSocketCall	sysYuvacall	sysYuvacall	existing-unreviewed		0
sysStat	sysstat	sysstat	existing-unreviewed		0
sysUname	sysuname	sysuname	existing-unreviewed		0
sysWaitpid	syswaitpid	syswaitpid	existing-unreviewed		0
sysWrite	sysYazma	sysYazma	existing-unreviewed		0
syscallError	syscallHata	syscallHata	existing-unreviewed		0
syscallID	syscallNo	syscallNo	existing-unreviewed		0
systemcall	sistemcall	sistemcall	existing-unreviewed		0
table	tablo	tablo	existing-unreviewed		0
tableSize	tabloBoyut	tabloBoyut	existing-unreviewed		0
tail	tail	tail	existing-unreviewed		0
task	görev	görev	existing-unreviewed		0
taskA	göreva	göreva	existing-unreviewed		0
taskB	görevb	görevb	existing-unreviewed		0
taskC	görevc	görevc	existing-unreviewed		0
taskD	görevd	görevd	existing-unreviewed		0
taskD0	görevd0	görevd0	existing-unreviewed		0
taskD1	görevd1	görevd1	existing-unreviewed		0
taskManager	görevmanager	görevmanager	existing-unreviewed		0
tasks	işler	işler	existing-unreviewed		0
temp	temporary	temporary	existing-unreviewed		0
terminated	terminated	terminated	existing-unreviewed		0
text	metin	metin	existing-unreviewed		0
textPtr	metinBelirteç	metinBelirteç	existing-unreviewed		0
text_len	metinlen	metinlen	existing-unreviewed		0
text_mode_check_fb_move	metinKİPcheckfbTaşı	metinKİPcheckfbTaşı	existing-unreviewed		0
text_mode_disable_cursor	metinKİPKapatİmleç	metinKİPKapatİmleç	existing-unreviewed		0
text_mode_enable_cursor	metinKİPEtkinleştirİmleç	metinKİPEtkinleştirİmleç	existing-unreviewed		0
text_mode_error_writer	metinKİPHatawriter	metinKİPHatawriter	existing-unreviewed		0
text_mode_flush_screen	metinKİPflushEkran	metinKİPflushEkran	existing-unreviewed		0
text_mode_init	metinKİPinit	metinKİPinit	existing-unreviewed		0
text_mode_print	metinKİPYazdır	metinKİPYazdır	existing-unreviewed		0
text_mode_print_bytes	metinKİPYazdırBayt	metinKİPYazdırBayt	existing-unreviewed		0
text_mode_print_char	metinKİPYazdırchar	metinKİPYazdırchar	existing-unreviewed		0
text_mode_print_char_col	metinKİPYazdırcharcol	metinKİPYazdırcharcol	existing-unreviewed		0
text_mode_print_col	metinKİPYazdırcol	metinKİPYazdırcol	existing-unreviewed		0
text_mode_print_error	metinKİPYazdırHata	metinKİPYazdırHata	existing-unreviewed		0
text_mode_print_error_bytes	metinKİPYazdırHataBayt	metinKİPYazdırHataBayt	existing-unreviewed		0
text_mode_print_errorln	metinKİPYazdırerrorln	metinKİPYazdırerrorln	existing-unreviewed		0
text_mode_print_hex	metinKİPYazdırOnaltılık	metinKİPYazdırOnaltılık	existing-unreviewed		0
text_mode_print_hex16	metinKİPYazdırOnaltılık16	metinKİPYazdırOnaltılık16	existing-unreviewed		0
text_mode_print_hex32	metinKİPYazdırOnaltılık32	metinKİPYazdırOnaltılık32	existing-unreviewed		0
text_mode_print_hex64	metinKİPYazdırOnaltılık64	metinKİPYazdırOnaltılık64	existing-unreviewed		0
text_mode_print_hex_char	metinKİPYazdırOnaltılıkchar	metinKİPYazdırOnaltılıkchar	existing-unreviewed		0
text_mode_println	metinKİPprintln	metinKİPprintln	existing-unreviewed		0
text_mode_println_col	metinKİPprintlncol	metinKİPprintlncol	existing-unreviewed		0
text_mode_update_cursor	metinKİPGüncelleİmleç	metinKİPGüncelleİmleç	existing-unreviewed		0
text_mode_writer	metinKİPwriter	metinKİPwriter	existing-unreviewed		0
thr2	thr2	thr2	existing-unreviewed		0
thr3	thr3	thr3	existing-unreviewed		0
thr4	thr4	thr4	existing-unreviewed		0
thread	thread	thread	existing-unreviewed		0
threadExitLoop	threadÇıkloop	threadÇıkloop	existing-unreviewed		0
threadHelper	threadhelper	threadhelper	existing-unreviewed		0
threadPtr	threadBelirteç	threadBelirteç	existing-unreviewed		0
tickCount	tickcount	tickcount	existing-unreviewed		0
timeDelta	saatdelta	saatdelta	existing-unreviewed		0
timeToLive	saattolive	saattolive	existing-unreviewed		0
timer	zamanlayıcı	zamanlayıcı	existing-unreviewed		0
tls	tls	tls	existing-unreviewed		0
tmp	tmp	tmp	existing-unreviewed		0
tmpPtr	tmpBelirteç	tmpBelirteç	existing-unreviewed		0
tos	tos	tos	existing-unreviewed		0
totalLength	toplamSüre	toplamSüre	existing-unreviewed		0
totalSectorCount	toplamsectorcount	toplamsectorcount	existing-unreviewed		0
totalSectors	toplamsectors	toplamsectors	existing-unreviewed		0
trap	trap	trap	existing-unreviewed		0
tss	tss	tss	existing-unreviewed		0
tssIndex	tssİçindekiler	tssİçindekiler	existing-unreviewed		0
udp	udp	kullanıcı_veri_birimi_protokolü	project-proposal	udp	1
udpHandler	udphandler	udphandler	existing-unreviewed		0
udpHeaderSize	udpheaderBoyut	udpheaderBoyut	existing-unreviewed		0
udpProvider	udpprovider	udpprovider	existing-unreviewed		0
udp콘솔	udpKonsol	udpKonsol	existing-unreviewed		0
unused	kullanılmamış	kullanılmamış	existing-unreviewed		0
used	kullanılan	kullanılan	existing-unreviewed		0
usedBlocks	kullanılanBlok	kullanılanBlok	existing-unreviewed		0
user1addr	kullanıcı1address	kullanıcı1address	existing-unreviewed		0
user1data	kullanıcı1data	kullanıcı1data	existing-unreviewed		0
user1entry	kullanıcı1girdi	kullanıcı1girdi	existing-unreviewed		0
user1file	kullanıcı1Dosya	kullanıcı1Dosya	existing-unreviewed		0
user2addr	kullanıcı2address	kullanıcı2address	existing-unreviewed		0
user2data	kullanıcı2data	kullanıcı2data	existing-unreviewed		0
user2entry	kullanıcı2girdi	kullanıcı2girdi	existing-unreviewed		0
user2file	kullanıcı2Dosya	kullanıcı2Dosya	existing-unreviewed		0
user3addr	kullanıcı3address	kullanıcı3address	existing-unreviewed		0
user3data	kullanıcı3data	kullanıcı3data	existing-unreviewed		0
user3entry	kullanıcı3girdi	kullanıcı3girdi	existing-unreviewed		0
user3file	kullanıcı3Dosya	kullanıcı3Dosya	existing-unreviewed		0
userHeapBase	kullanıcıheapbase	kullanıcıheapbase	existing-unreviewed		0
userHeapLimit	kullanıcıheapKısıtla	kullanıcıheapKısıtla	existing-unreviewed		0
user_esp	kullanıcıesp	kullanıcıesp	existing-unreviewed		0
userhandler	userhandler	userhandler	existing-unreviewed		0
userproc_entry	userprocgirdi	userprocgirdi	existing-unreviewed		0
util	util	util	existing-unreviewed		0
util콘솔	utilKonsol	utilKonsol	existing-unreviewed		0
v	v	v	existing-unreviewed		0
vAddr	vaddress	vaddress	existing-unreviewed		0
value	değer	değer	existing-unreviewed		0
values	değerler	değerler	existing-unreviewed		0
version	sürüm	sürüm	existing-unreviewed		0
vga	vga	vga	existing-unreviewed		0
virtlen	virtlen	virtlen	existing-unreviewed		0
virtmem	sanalBellek	sanalBellek	existing-unreviewed		0
virtualAddr	sanaladdress	sanaladdress	existing-unreviewed		0
volumeId	hacimNo	hacimNo	existing-unreviewed		0
volumeLabel	hacimetiket	hacimetiket	existing-unreviewed		0
w	w	w	existing-unreviewed		0
wDate	wTarih	wTarih	existing-unreviewed		0
wTime	wSaat	wSaat	existing-unreviewed		0
waitPS2InputEmpty	bekleps2GirdiBoş	bekleps2GirdiBoş	existing-unreviewed		0
waitPS2OutputFull	bekleps2ÇıktıTam	bekleps2ÇıktıTam	existing-unreviewed		0
wdata	wdata	wdata	existing-unreviewed		0
whence	whence	whence	existing-unreviewed		0
widget	gereç	ekran_öğesi	project-proposal	widget	6
width	genişlik	genişlik	existing-unreviewed		0
writePS2Command	yazmaps2Komut	yazmaps2Komut	existing-unreviewed		0
writePS2Data	yazmaps2data	yazmaps2data	existing-unreviewed		0
write_count	yazmacount	yazmacount	existing-unreviewed		0
x	x	x	existing-unreviewed		0
xPageDir	xSayfaDizin	xSayfaDizin	existing-unreviewed		0
xPos	xKonum	xKonum	existing-unreviewed		0
y	y	y	existing-unreviewed		0
yPageDir	ySayfaDizin	ySayfaDizin	existing-unreviewed		0
yPos	yKonum	yKonum	existing-unreviewed		0
값	değer_2	değer_2	existing-unreviewed		0
공용서술자테이블	shareddescriptorTablo	shareddescriptorTablo	existing-unreviewed		0
기준	base_2	base_2	existing-unreviewed		0
기준_낮은	baseDüşük_2	baseDüşük_2	existing-unreviewed		0
기준_높은	baseYüksek_2	baseYüksek_2	existing-unreviewed		0
기준_매우높은	baseveryYüksek	baseveryYüksek	existing-unreviewed		0
기준주소	baseaddress	baseaddress	existing-unreviewed		0
넷카드콘솔	ağKartKonsol	ağKartKonsol	existing-unreviewed		0
단말기	terminal	terminal	existing-unreviewed		0
마우스콘솔	fareKonsol	fareKonsol	existing-unreviewed		0
매개값	argumentDeğer	argumentDeğer	existing-unreviewed		0
멈추기	halt	halt	existing-unreviewed		0
목적	hedef_3	hedef_3	existing-unreviewed		0
유형	tür_2	tür_2	existing-unreviewed		0
이더넷콘솔	eternetKonsol	eternetKonsol	existing-unreviewed		0
인터럽트무시하기	kesmeignore	kesmeignore	existing-unreviewed		0
인터럽트예외처리기	kesmeexceptionhandler	kesmeexceptionhandler	existing-unreviewed		0
인터럽트예외처리기0x00	kesmeexceptionhandler0x00	kesmeexceptionhandler0x00	existing-unreviewed		0
인터럽트예외처리기0x01	kesmeexceptionhandler0x01	kesmeexceptionhandler0x01	existing-unreviewed		0
인터럽트예외처리기0x02	kesmeexceptionhandler0x02	kesmeexceptionhandler0x02	existing-unreviewed		0
인터럽트예외처리기0x03	kesmeexceptionhandler0x03	kesmeexceptionhandler0x03	existing-unreviewed		0
인터럽트예외처리기0x04	kesmeexceptionhandler0x04	kesmeexceptionhandler0x04	existing-unreviewed		0
인터럽트예외처리기0x05	kesmeexceptionhandler0x05	kesmeexceptionhandler0x05	existing-unreviewed		0
인터럽트예외처리기0x06	kesmeexceptionhandler0x06	kesmeexceptionhandler0x06	existing-unreviewed		0
인터럽트예외처리기0x07	kesmeexceptionhandler0x07	kesmeexceptionhandler0x07	existing-unreviewed		0
인터럽트예외처리기0x08	kesmeexceptionhandler0x08	kesmeexceptionhandler0x08	existing-unreviewed		0
인터럽트예외처리기0x09	kesmeexceptionhandler0x09	kesmeexceptionhandler0x09	existing-unreviewed		0
인터럽트예외처리기0x0A	kesmeexceptionhandler0x0a	kesmeexceptionhandler0x0a	existing-unreviewed		0
인터럽트예외처리기0x0B	kesmeexceptionhandler0x0b	kesmeexceptionhandler0x0b	existing-unreviewed		0
인터럽트예외처리기0x0C	kesmeexceptionhandler0x0c	kesmeexceptionhandler0x0c	existing-unreviewed		0
인터럽트예외처리기0x0D	kesmeexceptionhandler0x0d	kesmeexceptionhandler0x0d	existing-unreviewed		0
인터럽트예외처리기0x0E	kesmeexceptionhandler0x0e	kesmeexceptionhandler0x0e	existing-unreviewed		0
인터럽트예외처리기0x0F	kesmeexceptionhandler0x0f	kesmeexceptionhandler0x0f	existing-unreviewed		0
인터럽트예외처리기0x10	kesmeexceptionhandler0x10	kesmeexceptionhandler0x10	existing-unreviewed		0
인터럽트예외처리기0x11	kesmeexceptionhandler0x11	kesmeexceptionhandler0x11	existing-unreviewed		0
인터럽트예외처리기0x12	kesmeexceptionhandler0x12	kesmeexceptionhandler0x12	existing-unreviewed		0
인터럽트예외처리기0x13	kesmeexceptionhandler0x13	kesmeexceptionhandler0x13	existing-unreviewed		0
인터럽트요청처리0x00	kesmerequesthandler0x00	kesmerequesthandler0x00	existing-unreviewed		0
인터럽트요청처리0x01	kesmerequesthandler0x01	kesmerequesthandler0x01	existing-unreviewed		0
인터럽트요청처리0x02	kesmerequesthandler0x02	kesmerequesthandler0x02	existing-unreviewed		0
인터럽트요청처리0x03	kesmerequesthandler0x03	kesmerequesthandler0x03	existing-unreviewed		0
인터럽트요청처리0x04	kesmerequesthandler0x04	kesmerequesthandler0x04	existing-unreviewed		0
인터럽트요청처리0x05	kesmerequesthandler0x05	kesmerequesthandler0x05	existing-unreviewed		0
인터럽트요청처리0x06	kesmerequesthandler0x06	kesmerequesthandler0x06	existing-unreviewed		0
인터럽트요청처리0x07	kesmerequesthandler0x07	kesmerequesthandler0x07	existing-unreviewed		0
인터럽트요청처리0x08	kesmerequesthandler0x08	kesmerequesthandler0x08	existing-unreviewed		0
인터럽트요청처리0x09	kesmerequesthandler0x09	kesmerequesthandler0x09	existing-unreviewed		0
인터럽트요청처리0x0A	kesmerequesthandler0x0a	kesmerequesthandler0x0a	existing-unreviewed		0
인터럽트요청처리0x0B	kesmerequesthandler0x0b	kesmerequesthandler0x0b	existing-unreviewed		0
인터럽트요청처리0x0C	kesmerequesthandler0x0c	kesmerequesthandler0x0c	existing-unreviewed		0
인터럽트요청처리0x0D	kesmerequesthandler0x0d	kesmerequesthandler0x0d	existing-unreviewed		0
인터럽트요청처리0x0E	kesmerequesthandler0x0e	kesmerequesthandler0x0e	existing-unreviewed		0
인터럽트요청처리0x0F	kesmerequesthandler0x0f	kesmerequesthandler0x0f	existing-unreviewed		0
인터럽트요청처리0x80	kesmerequesthandler0x80	kesmerequesthandler0x80	existing-unreviewed		0
인터럽트요청처리0x81	kesmerequesthandler0x81	kesmerequesthandler0x81	existing-unreviewed		0
인터럽트요청처리0x82	kesmerequesthandler0x82	kesmerequesthandler0x82	existing-unreviewed		0
인터럽트처리기	kesmehandler_2	kesmehandler_2	existing-unreviewed		0
임시	temporary_2	temporary_2	existing-unreviewed		0
자료	data_2	data_2	existing-unreviewed		0
자신	self_2	self_2	existing-unreviewed		0
작업관리자	görevmanager_2	görevmanager_2	existing-unreviewed		0
작업콘솔	görevKonsol	görevKonsol	existing-unreviewed		0
조각설명자	segmentdescriptor	segmentdescriptor	existing-unreviewed		0
콘솔	konsol_2	konsol_2	existing-unreviewed		0
크기	boyut_2	boyut_2	existing-unreviewed		0
키보드콘솔	klavyeKonsol	klavyeKonsol	existing-unreviewed		0
표시들	imler_2	imler_2	existing-unreviewed		0
표시들_한도_높은	imlerKısıtlaYüksek	imlerKısıtlaYüksek	existing-unreviewed		0
한도	kısıtla_2	kısıtla_2	existing-unreviewed		0
한도_낮은	kısıtlaDüşük_2	kısıtlaDüşük_2	existing-unreviewed		0
