original	before	after	review_status	concept	changed_tokens
Activate	Ակտիվացնել	Ակտիվացնել	existing-unreviewed		0
ActivateAll	ԱկտիվացնելԲոլորը	ԱկտիվացնելԲոլորը	existing-unreviewed		0
Active	Ակտիվ	Ակտիվ	existing-unreviewed		0
ActiveInterruptManager	ԱկտիվԸնդհատելmanager	ԱկտիվԸնդհատելmanager	existing-unreviewed		0
ActiveMemoryManager	ԱկտիվՀիշողությունmanager	ԱկտիվՀիշողությունmanager	existing-unreviewed		0
Add	Ավելացնել	Ավելացնել	existing-unreviewed		0
AddDriver	Ավելացնելdriver	Ավելացնելdriver	existing-unreviewed		0
AddRunnableThread	Ավելացնելrunnablethread	Ավելացնելrunnablethread	existing-unreviewed		0
AddTask	Ավելացնելtask	Ավելացնելtask	existing-unreviewed		0
AddThread	Ավելացնելthread	Ավելացնելthread	existing-unreviewed		0
Address	Address	Address	existing-unreviewed		0
AlignedMalloc	Alignedmalloc	Alignedmalloc	existing-unreviewed		0
AlignmentCheck	Alignmentcheck	Alignmentcheck	existing-unreviewed		0
AllocateBlock	AllocateԱրգելափակել	AllocateԱրգելափակել	existing-unreviewed		0
AllocatePID	Allocatepid	Allocatepid	existing-unreviewed		0
AmountOfMemory	ՔանակofՀիշողություն	ՔանակofՀիշողություն	existing-unreviewed		0
ArrayToUint16	Զանգվածtounsignedinteger16	Զանգվածtounsignedinteger16	existing-unreviewed		0
ArrayToUint32	Զանգվածtounsignedinteger32	Զանգվածtounsignedinteger32	existing-unreviewed		0
ArrayToUint48	Զանգվածtounsignedinteger48	Զանգվածtounsignedinteger48	existing-unreviewed		0
ArrayToUint48_BE	Զանգվածtounsignedinteger48be	Զանգվածtounsignedinteger48be	existing-unreviewed		0
ArrayToUint64	Զանգվածtounsignedinteger64	Զանգվածtounsignedinteger64	existing-unreviewed		0
Atime	Atime	Atime	existing-unreviewed		0
AtimeNsec	Atimensec	Atimensec	existing-unreviewed		0
BLOCKS_PER_BYTE	Արգելափակելperbyte	Արգելափակելperbyte	existing-unreviewed		0
BLOCK_SIZE	ԱրգելափակելՉափս	ԱրգելափակելՉափս	existing-unreviewed		0
Backend	Backend	Backend	existing-unreviewed		0
BaseAddr	Baseaddress	Baseaddress	existing-unreviewed		0
Bind	Bind	Bind	existing-unreviewed		0
Blksize	Blksize	Blksize	existing-unreviewed		0
Blocked	Blocked	Blocked	existing-unreviewed		0
BlockedState	BlockedՎիճակ	BlockedՎիճակ	existing-unreviewed		0
Blocks	Արգելափակել	Արգելափակել	existing-unreviewed		0
BoundRangeExceeded	BoundՄիջակայքexceeded	BoundՄիջակայքexceeded	existing-unreviewed		0
BroadcastMacAddress	Broadcastmacaddress	Broadcastmacaddress	existing-unreviewed		0
BytesPerSector	Բայթերpersector	Բայթերpersector	existing-unreviewed		0
BytesToString	ԲայթերtoՏՈՂ	ԲայթերtoՏՈՂ	existing-unreviewed		0
Checksum	Checksum	Checksum	existing-unreviewed		0
Clear	Ջնջել	Ջնջել	existing-unreviewed		0
Clone	Clone	Clone	existing-unreviewed		0
CloneAddressSpaceCOW	CloneaddressԲացատcow	CloneaddressԲացատcow	existing-unreviewed		0
Connect	Միացնել	Միացնել	existing-unreviewed		0
ContainsCoordinate	Containscoordinate	Containscoordinate	existing-unreviewed		0
CopyPageFrameBlock	ՊատճենելԷջՇրջանակԱրգելափակել	ՊատճենելԷջՇրջանակԱրգելափակել	existing-unreviewed		0
CpuState	ԿՄՀՎիճակ	ԿՄՀՎիճակ	existing-unreviewed		0
Create	Create	Create	existing-unreviewed		0
CreateFromData	Createիցdata	Createիցdata	existing-unreviewed		0
CreateFromFunction	Createիցfunction	Createիցfunction	existing-unreviewed		0
CreatePtrFromFunction	CreateՑուցիչիցfunction	CreateՑուցիչիցfunction	existing-unreviewed		0
Cs	Cs	Cs	existing-unreviewed		0
Ctime	Ctime	Ctime	existing-unreviewed		0
CtimeNsec	Ctimensec	Ctimensec	existing-unreviewed		0
CurrentPID	Currentpid	Currentpid	existing-unreviewed		0
CurrentParentPID	Currentծնողpid	Currentծնողpid	existing-unreviewed		0
Data	Data	Data	compatibility		0
Deactivate	Ապաակտիվացնել	Ապաակտիվացնել	existing-unreviewed		0
Deactive	Deactive	Deactive	existing-unreviewed		0
Decrement	Decrement	Decrement	existing-unreviewed		0
Delete	Հեռացնել	Հեռացնել	existing-unreviewed		0
DescriptorPrivilegeLevel	Descriptorprivilegelevel	Descriptorprivilegelevel	existing-unreviewed		0
DescriptorType	DescriptorՏիպ	DescriptorՏիպ	existing-unreviewed		0
Destroy	Destroy	Destroy	existing-unreviewed		0
Dev	Սարք	Սարք	existing-unreviewed		0
DeviceHasFunctions	Սարքhasfunctions	Սարքhasfunctions	existing-unreviewed		0
DeviceNotAvailable	ՍարքnotՀասանելի	ՍարքnotՀասանելի	existing-unreviewed		0
Device_id	Սարքid	Սարքid	existing-unreviewed		0
DisableInt	Disableint	Disableint	existing-unreviewed		0
Disconnect	Անջատել	Անջատել	existing-unreviewed		0
DivideByZero	Dividebyzero	Dividebyzero	existing-unreviewed		0
DoHandleInterrupt	DohandleԸնդհատել	DohandleԸնդհատել	existing-unreviewed		0
DoubleFault	Doublefault	Doublefault	existing-unreviewed		0
Draw	Draw	Draw	existing-unreviewed		0
DriverManager	Drivermanager	Drivermanager	existing-unreviewed		0
Ds	Ds	Ds	existing-unreviewed		0
Dynamic	Dynamic	Dynamic	existing-unreviewed		0
E2BIG	E2big	E2big	existing-unreviewed		0
EACCES	Eacces	Eacces	existing-unreviewed		0
EADDRINUSE	Eaddrinuse	Eaddrinuse	existing-unreviewed		0
EAFNOSUPPORT	Eafnosupport	Eafnosupport	existing-unreviewed		0
EAGAIN	Eagain	Eagain	existing-unreviewed		0
EBADF	Ebadf	Ebadf	existing-unreviewed		0
EBUSY	Ebusy	Ebusy	existing-unreviewed		0
ECHILD	Echild	Echild	existing-unreviewed		0
EEXIST	Eexist	Eexist	existing-unreviewed		0
EFAULT	Efault	Efault	existing-unreviewed		0
EFBIG	Efbig	Efbig	existing-unreviewed		0
EINTR	Eintr	Eintr	existing-unreviewed		0
EINVAL	Einval	Einval	existing-unreviewed		0
EIO	Eio	Eio	existing-unreviewed		0
EISDIR	Eisdir	Eisdir	existing-unreviewed		0
EMFILE	Emfile	Emfile	existing-unreviewed		0
EMSGSIZE	Emsgsize	Emsgsize	existing-unreviewed		0
ENETUNREACH	Enetunreach	Enetunreach	existing-unreviewed		0
ENFILE	Enfile	Enfile	existing-unreviewed		0
ENODEV	Enodev	Enodev	existing-unreviewed		0
ENOENT	Enoent	Enoent	existing-unreviewed		0
ENOEXEC	Enoexec	Enoexec	existing-unreviewed		0
ENOMEM	Enomem	Enomem	existing-unreviewed		0
ENOSPC	Enospc	Enospc	existing-unreviewed		0
ENOSYS	Enosys	Enosys	existing-unreviewed		0
ENOTCONN	Enotconn	Enotconn	existing-unreviewed		0
ENOTDIR	Enotdir	Enotdir	existing-unreviewed		0
ENOTTY	Enotty	Enotty	existing-unreviewed		0
EOPNOTSUPP	Eopnotsupp	Eopnotsupp	existing-unreviewed		0
EPERM	Eperm	Eperm	existing-unreviewed		0
EPROTONOSUPPORT	Eprotonosupport	Eprotonosupport	existing-unreviewed		0
ERANGE	Erange	Erange	existing-unreviewed		0
EROFS	Erofs	Erofs	existing-unreviewed		0
ESPIPE	Espipe	Espipe	existing-unreviewed		0
ESRCH	Esrch	Esrch	existing-unreviewed		0
Eax	Eax	Eax	existing-unreviewed		0
Ebp	Ebp	Ebp	existing-unreviewed		0
Ebx	Ebx	Ebx	existing-unreviewed		0
Ecx	Ecx	Ecx	existing-unreviewed		0
Edi	Edi	Edi	existing-unreviewed		0
Edx	Edx	Edx	existing-unreviewed		0
Eflags	Eflags	Eflags	existing-unreviewed		0
Eip	Eip	Eip	existing-unreviewed		0
Elf	Elf	Elf	existing-unreviewed		0
Elf32Dyn	Elf32dyn	Elf32dyn	existing-unreviewed		0
Elf32Note	Elf32Նշում	Elf32Նշում	existing-unreviewed		0
Elf32Rel	Elf32rel	Elf32rel	existing-unreviewed		0
Elf32Rela	Elf32rela	Elf32rela	existing-unreviewed		0
Elf32Sym	Elf32sym	Elf32sym	existing-unreviewed		0
ElfHeader	Elfheader	Elfheader	existing-unreviewed		0
ElfProgramHeader	Elfծրագիրheader	Elfծրագիրheader	existing-unreviewed		0
ElfSectionHeader	Elfsectionheader	Elfsectionheader	existing-unreviewed		0
EnablePaging	Enablepaging	Enablepaging	existing-unreviewed		0
Enabled	Միացված	Միացված	existing-unreviewed		0
EntryNumber	EntryՀԱՄԱՐ	EntryՀԱՄԱՐ	existing-unreviewed		0
EqualBytes	EqualԲայթեր	EqualԲայթեր	existing-unreviewed		0
Es	Es	Es	existing-unreviewed		0
Esi	Esi	Esi	existing-unreviewed		0
Esp	Esp	Esp	existing-unreviewed		0
FPUBuffer	Fpubuffer	Fpubuffer	existing-unreviewed		0
FPUOffset	Fpuoffset	Fpuoffset	existing-unreviewed		0
Family	Family	Family	existing-unreviewed		0
FileName	ՖայլԱնուն	ՖայլԱնուն	existing-unreviewed		0
Fill	Fill	Fill	existing-unreviewed		0
FillRectangle	Fillrectangle	Fillrectangle	existing-unreviewed		0
First	First	First	existing-unreviewed		0
FirstFree	FirstԱզատ	FirstԱզատ	existing-unreviewed		0
FirstFreeSize	FirstԱզատՉափս	FirstԱզատՉափս	existing-unreviewed		0
Flags	Դրոշներ	Դրոշներ	existing-unreviewed		0
FloatingPointException	Floatingpointexception	Floatingpointexception	existing-unreviewed		0
Flush	Flush	Flush	existing-unreviewed		0
FlushTlsTable	FlushtlsԱղյուսակ	FlushtlsԱղյուսակ	existing-unreviewed		0
Focussable	Focussable	Focussable	existing-unreviewed		0
Free	Ազատ	Ազատ	existing-unreviewed		0
Fs	Fs	Fs	existing-unreviewed		0
GB	Gb	Gb	existing-unreviewed		0
GDT_ENTRIES	Gdtentry	Gdtentry	existing-unreviewed		0
GOT	Got	Got	existing-unreviewed		0
GPFException	Gpfexception	Gpfexception	existing-unreviewed		0
GatewayIP	Gatewayip	Gatewayip	existing-unreviewed		0
GdtAddressHigh	GdtaddressԲարձր	GdtaddressԲարձր	existing-unreviewed		0
GdtAddressLow	GdtaddressՑածր	GdtaddressՑածր	existing-unreviewed		0
GdtDescriptor	Gdtdescriptor	Gdtdescriptor	existing-unreviewed		0
GdtEntry	Gdtentry_2	Gdtentry_2	existing-unreviewed		0
GdtSize	GdtՉափս	GdtՉափս	existing-unreviewed		0
GetAt	Getat	Getat	existing-unreviewed		0
GetBackend	Getbackend	Getbackend	existing-unreviewed		0
GetBaseAddressRegister	Getbaseaddressregister	Getbaseaddressregister	existing-unreviewed		0
GetBitmaspSize	GetbitmaspՉափս	GetbitmaspՉափս	existing-unreviewed		0
GetBytesFromPtr	GetԲայթերիցՑուցիչ	GetԲայթերիցՑուցիչ	existing-unreviewed		0
GetCR0	Getcr0	Getcr0	existing-unreviewed		0
GetCR2	Getcr2	Getcr2	existing-unreviewed		0
GetCR3	Getcr3	Getcr3	existing-unreviewed		0
GetCR4	Getcr4	Getcr4	existing-unreviewed		0
GetColorIndex	GetԳույնԻնդեքս	GetԳույնԻնդեքս	existing-unreviewed		0
GetDeviceDescriptor	GetՍարքdescriptor	GetՍարքdescriptor	existing-unreviewed		0
GetDriver	Getdriver	Getdriver	existing-unreviewed		0
GetESP0	Getesp0	Getesp0	existing-unreviewed		0
GetEntry	Getentry	Getentry	existing-unreviewed		0
GetFileSize	GetՖայլՉափս	GetՖայլՉափս	existing-unreviewed		0
GetFocus	Getfocus	Getfocus	existing-unreviewed		0
GetFrameBufferSegment	GetՇրջանակbuffersegment	GetՇրջանակbuffersegment	existing-unreviewed		0
GetFuncPtrFromPtr	GetfuncՑուցիչիցՑուցիչ	GetfuncՑուցիչիցՑուցիչ	existing-unreviewed		0
GetFunctionName	GetfunctionԱնուն	GetfunctionԱնուն	existing-unreviewed		0
GetHandler	Gethandler	Gethandler	existing-unreviewed		0
GetIPAddress	Getipaddress	Getipaddress	existing-unreviewed		0
GetMACAddress	Getmacaddress	Getmacaddress	existing-unreviewed		0
GetMACFromCache	Getmacիցcache	Getmacիցcache	existing-unreviewed		0
GetNextReadyThread	GetՀաջորդՊատրաստthread	GetՀաջորդՊատրաստthread	existing-unreviewed		0
GetNodeAt	Getnodeat	Getnodeat	existing-unreviewed		0
GetProvider	Providerget	Providerget	existing-unreviewed		0
GetSS0	Getss0	Getss0	existing-unreviewed		0
GetStr	Getstr	Getstr	existing-unreviewed		0
GetUint32ArrayFromPtr	Getunsignedinteger32ԶանգվածիցՑուցիչ	Getunsignedinteger32ԶանգվածիցՑուցիչ	existing-unreviewed		0
GetUintptrArrayFromPtr	GetunsignedintegerՑուցիչԶանգվածիցՑուցիչ	GetunsignedintegerՑուցիչԶանգվածիցՑուցիչ	existing-unreviewed		0
GetValue	GetԱրժեք	GetԱրժեք	existing-unreviewed		0
GetValueInPageDir	GetԱրժեքՄեջԷջֆայլապանակ	GetԱրժեքՄեջԷջֆայլապանակ	existing-unreviewed		0
Gid	Gid	Gid	existing-unreviewed		0
Gs	Gs	Gs	existing-unreviewed		0
HandleException	Handleexception	Handleexception	existing-unreviewed		0
HandleFatalInterruptFrame	HandlefatalԸնդհատելՇրջանակ	HandlefatalԸնդհատելՇրջանակ	existing-unreviewed		0
HandleInterrupt	HandleԸնդհատել	HandleԸնդհատել	existing-unreviewed		0
HandleInterrupt1	HandleԸնդհատել1	HandleԸնդհատել1	existing-unreviewed		0
HandleUserDatagramProtocolMessage	HandleՕգտագործողdatagramprotocolՀԱՂՈՐԴԱԳՐՈՒԹՅՈՒՆ	HandleՕգտագործողdatagramprotocolՀԱՂՈՐԴԱԳՐՈՒԹՅՈՒՆ	existing-unreviewed		0
IDT_DESC_PRESENT	IdtdescriptorՆերկա	IdtdescriptorՆերկա	existing-unreviewed		0
IDT_INTERRUPT_GATE	IdtԸնդհատելgate	IdtԸնդհատելgate	existing-unreviewed		0
IDriver	IDriver	IDriver	existing-unreviewed		0
IEtherFrameHandler	IEthernetՇրջանակhandler	IEthernetՇրջանակhandler	existing-unreviewed		0
IInternetProtocolHandler	IՀամացանցprotocolhandler	IՀամացանցprotocolhandler	existing-unreviewed		0
IInterruptHandler	IԸնդհատելhandler	IԸնդհատելhandler	existing-unreviewed		0
IKeyboardEventHandler	IՍտեղնաշարeventhandler	IՍտեղնաշարeventhandler	existing-unreviewed		0
IMouseEventHandler	IՄկնիկeventhandler	IՄկնիկeventhandler	existing-unreviewed		0
IPCIControllerHandler	Ipcicontrollerhandler	Ipcicontrollerhandler	existing-unreviewed		0
IPCache	Ipcache	Ipcache	existing-unreviewed		0
IP_BE	IpՑանցbyteorder	IpՑանցbyteorder	existing-unreviewed		0
IRawDataHandler	IRawdatahandler	IRawdatahandler	existing-unreviewed		0
ITimerEventHandler	IԺամանակաչափeventhandler	IԺամանակաչափeventhandler	existing-unreviewed		0
IUserDatagramProtocolHandler	IՕգտագործողdatagramprotocolhandler	IՕգտագործողdatagramprotocolhandler	existing-unreviewed		0
IUserDatagramProtocolSocket	IՕգտագործողdatagramprotocolsocket	IՕգտագործողdatagramprotocolsocket	existing-unreviewed		0
IWidget	IWidget	IWidget	pending-language-review	widget	0
Identify	Identify	Identify	existing-unreviewed		0
Increment	Increment	Increment	existing-unreviewed		0
IndexOf	Ինդեքսof	Ինդեքսof	existing-unreviewed		0
Init	Init	Init	existing-unreviewed		0
InitDriver	Initdriver	Initdriver	existing-unreviewed		0
InitialThreadUserJump	InitialthreadՕգտագործողjump	InitialthreadՕգտագործողjump	existing-unreviewed		0
Ino	Ino	Ino	existing-unreviewed		0
Install	Տեղադրել	Տեղադրել	existing-unreviewed		0
Interrupt	Ընդհատել	Ընդհատել	existing-unreviewed		0
InterruptActive	ԸնդհատելԱկտիվ	ԸնդհատելԱկտիվ	existing-unreviewed		0
InterruptDeactive	Ընդհատելdeactive	Ընդհատելdeactive	existing-unreviewed		0
InterruptManager	Ընդհատելmanager	Ընդհատելmanager	existing-unreviewed		0
InterruptNumber	ԸնդհատելՀԱՄԱՐ	ԸնդհատելՀԱՄԱՐ	existing-unreviewed		0
InvalidOpcode	Անթույլատրելիopcode	Անթույլատրելիopcode	existing-unreviewed		0
InvalidTSS	Անթույլատրելիtss	Անթույլատրելիtss	existing-unreviewed		0
IsKernel	Iskernel	Iskernel	existing-unreviewed		0
IsPresent	IsՆերկա	IsՆերկա	existing-unreviewed		0
IsUserSpace	IsՕգտագործողԲացատ	IsՕգտագործողԲացատ	existing-unreviewed		0
KB	Կբ	Կբ	existing-unreviewed		0
KCS_INDEX	KcsԻնդեքս	KcsԻնդեքս	existing-unreviewed		0
KCS_SELECTOR	Kcsselector	Kcsselector	existing-unreviewed		0
KDS_INDEX	KdsԻնդեքս	KdsԻնդեքս	existing-unreviewed		0
KDS_SELECTOR	Kdsselector	Kdsselector	existing-unreviewed		0
KERNEL_HEAP_START	KernelheapՍկիզբ	KernelheapՍկիզբ	existing-unreviewed		0
KERNEL_VIRT_ADDR	Kernelvirtaddress	Kernelvirtaddress	existing-unreviewed		0
KGS_INDEX	KgsԻնդեքս	KgsԻնդեքս	existing-unreviewed		0
KGS_SELECTOR	Kgsselector	Kgsselector	existing-unreviewed		0
K핵심	KKernelEntry	KKernelEntry	compatibility		0
LIDT	Lidt	Lidt	existing-unreviewed		0
Last	Վերջին	Վերջին	existing-unreviewed		0
Len	Len	Len	compatibility		0
Limit	Limit	Limit	existing-unreviewed		0
Link	Հղում	Հղում	existing-unreviewed		0
LinkMap	Հղումmap	Հղումmap	existing-unreviewed		0
LinkedList	LinkedՑուցակ	LinkedՑուցակ	existing-unreviewed		0
Listen	Listen	Listen	existing-unreviewed		0
LoadElf	Բեռնումelf	Բեռնումelf	existing-unreviewed		0
MAC	Mac	Mac	existing-unreviewed		0
MAC0	Mac0	Mac0	existing-unreviewed		0
MAC1	Mac1	Mac1	existing-unreviewed		0
MAC2	Mac2	Mac2	existing-unreviewed		0
MAC3	Mac3	Mac3	existing-unreviewed		0
MAC4	Mac4	Mac4	existing-unreviewed		0
MAC5	Mac5	Mac5	existing-unreviewed		0
MACAddress0Port	Macaddress0Պորտ	Macaddress0Պորտ	existing-unreviewed		0
MACAddress2Port	Macaddress2Պորտ	Macaddress2Պորտ	existing-unreviewed		0
MACAddress4Port	Macaddress4Պորտ	Macaddress4Պորտ	existing-unreviewed		0
MACCache	Maccache	Maccache	existing-unreviewed		0
MAX_QUEUE_SIZE	MaxqueueՉափս	MaxqueueՉափս	existing-unreviewed		0
MB	Միլիբար	Միլիբար	existing-unreviewed		0
MBR	Mbr	Mbr	existing-unreviewed		0
MHex출력	MHexadecimalՏպել	MHexadecimalՏպել	existing-unreviewed		0
MHex출력XY	MHexadecimalՏպելxy	MHexadecimalՏպելxy	existing-unreviewed		0
MUint16출력	MUnsignedinteger16Տպել	MUnsignedinteger16Տպել	existing-unreviewed		0
MUint16출력XY	MUnsignedinteger16Տպելxy	MUnsignedinteger16Տպելxy	existing-unreviewed		0
MUint32출력	MUnsignedinteger32Տպել	MUnsignedinteger32Տպել	existing-unreviewed		0
MUint32출력XY	MUnsignedinteger32Տպելxy	MUnsignedinteger32Տպելxy	existing-unreviewed		0
MUint64출력	MUnsignedinteger64Տպել	MUnsignedinteger64Տպել	existing-unreviewed		0
MUint64출력XY	MUnsignedinteger64Տպելxy	MUnsignedinteger64Տպելxy	existing-unreviewed		0
Machine	Machine	Machine	existing-unreviewed		0
MachineCheck	Machinecheck	Machinecheck	existing-unreviewed		0
MakeRangePrivateWritable	MakeՄիջակայքprivatewritable	MakeՄիջակայքprivatewritable	existing-unreviewed		0
Malloc	Malloc	Malloc	pending-language-review	allocate_memory	0
MemCmp	Memcmp	Memcmp	existing-unreviewed		0
MemCpy	MemՊատճենել	MemՊատճենել	existing-unreviewed		0
MemMove	MemՏեղաշարժել	MemՏեղաշարժել	existing-unreviewed		0
MemSet	Memset	Memset	existing-unreviewed		0
MemoryOper	Հիշողությունoper	Հիշողությունoper	existing-unreviewed		0
Mode	Ռեժիմ	Ռեժիմ	existing-unreviewed		0
ModelToScreen	Մոդելtoscreen	Set_local_coordinates	pending-language-review	set_coordinates	5
Mtime	Mtime	Mtime	existing-unreviewed		0
MtimeNsec	Mtimensec	Mtimensec	existing-unreviewed		0
MyHandleInterrupt	MyhandleԸնդհատել	MyhandleԸնդհատել	existing-unreviewed		0
MyTest	MyԹեստ	MyԹեստ	existing-unreviewed		0
M긴급로그Hex8	MEmergencyloghexadecimal8	MEmergencyloghexadecimal8	existing-unreviewed		0
M긴급로그Uint32	MEmergencylogunsignedinteger32	MEmergencylogunsignedinteger32	existing-unreviewed		0
M긴급로그문자열	MEmergencylogՏՈՂ	MEmergencylogՏՈՂ	existing-unreviewed		0
M직렬로그초기화	MSerialloginit	MSerialloginit	existing-unreviewed		0
M출력	MՏպել	MՏպել	existing-unreviewed		0
M출력BytesXY	MՏպելԲայթերxy	MՏպելԲայթերxy	existing-unreviewed		0
M출력Hex	MՏպելhexadecimal	MՏպելhexadecimal	existing-unreviewed		0
M출력Uint16	MՏպելunsignedinteger16	MՏպելunsignedinteger16	existing-unreviewed		0
M출력Uint32	MՏպելunsignedinteger32	MՏպելunsignedinteger32	existing-unreviewed		0
M출력XY	MՏպելxy	MՏպելxy	existing-unreviewed		0
M테스트	M테스트	M테스트	existing-unreviewed		0
NMI	Ծմղ	Ծմղ	existing-unreviewed		0
New	Նոր	Նոր	existing-unreviewed		0
NewInterruptHandler	ՆորԸնդհատելhandler	ՆորԸնդհատելhandler	existing-unreviewed		0
Next	Հաջորդ	Հաջորդ	existing-unreviewed		0
Nlink	Nlink	Nlink	existing-unreviewed		0
Node	Node	Node	pending-language-review	list_node	0
Nodename	Nodename	Nodename	existing-unreviewed		0
OnEtherFrameReceived	EthernetՇրջանակreceivewhen	EthernetՇրջանակreceivewhen	existing-unreviewed		0
OnGetDriver	Միացնելgetdriver	Միացնելgetdriver	existing-unreviewed		0
OnInternetProtocolReceived	Համացանցprotocolreceivewhen	Համացանցprotocolreceivewhen	existing-unreviewed		0
OnKeyDown	ՄիացնելԲանալիՆերքև	ՄիացնելԲանալիՆերքև	existing-unreviewed		0
OnKeyUp	ՄիացնելԲանալիՎերև	ՄիացնելԲանալիՎերև	existing-unreviewed		0
OnMouseDown	ՄիացնելՄկնիկՆերքև	ՄիացնելՄկնիկՆերքև	existing-unreviewed		0
OnMouseMove	ՄիացնելՄկնիկՏեղաշարժել	ՄիացնելՄկնիկՏեղաշարժել	existing-unreviewed		0
OnMouseUp	ՄիացնելՄկնիկՎերև	ՄիացնելՄկնիկՎերև	existing-unreviewed		0
OnRawDataReceived	Միացնելrawdatareceive	Միացնելrawdatareceive	existing-unreviewed		0
OnTick	Միացնելtick	Միացնելtick	existing-unreviewed		0
Overflow	Overflow	Overflow	existing-unreviewed		0
P1LinkMap	PԱրժեք1հղումmap	PԱրժեք1հղումmap	existing-unreviewed		0
P2LinkMap	PԱրժեք2հղումmap	PԱրժեք2հղումmap	existing-unreviewed		0
P3LinkMap	PԱրժեք3հղումmap	PԱրժեք3հղումmap	existing-unreviewed		0
PAGE_COW	Էջcow	Էջcow	existing-unreviewed		0
PAGE_FRAME	ԷջՇրջանակ	ԷջՇրջանակ	existing-unreviewed		0
PAGE_PRESENT	ԷջՆերկա	ԷջՆերկա	existing-unreviewed		0
PAGE_USER	ԷջՕգտագործող	ԷջՕգտագործող	existing-unreviewed		0
PAGE_WRITABLE	Էջwritable	Էջwritable	existing-unreviewed		0
PAUSE_LOOP	Pauseloop	Pauseloop	existing-unreviewed		0
PICMasterCommandPort	PrimarypicՀրահանգioՊորտ	PrimarypicՀրահանգioՊորտ	existing-unreviewed		0
PICMasterDataPort	PrimarypicdataioՊորտ	PrimarypicdataioՊորտ	existing-unreviewed		0
PICSlaveCommandPort	SecondarypicՀրահանգioՊորտ	SecondarypicՀրահանգioՊորտ	existing-unreviewed		0
PICSlaveDataPort	SecondarypicdataioՊորտ	SecondarypicdataioՊորտ	existing-unreviewed		0
PRESENT	Ներկա	Ներկա	existing-unreviewed		0
PRIV_KERNEL	Privkernel	Privkernel	existing-unreviewed		0
PRIV_USER	PrivՕգտագործող	PrivՕգտագործող	existing-unreviewed		0
PROC_USER_HEAP_SIZE	ProcՕգտագործողheapՉափս	ProcՕգտագործողheapՉափս	existing-unreviewed		0
PageDirEntry	Էջֆայլապանակentry	Էջֆայլապանակentry	existing-unreviewed		0
PageDirectoryEntry	Էջֆայլապանակentry_2	Էջֆայլապանակentry_2	existing-unreviewed		0
PageFault	Էջfault	Էջfault	existing-unreviewed		0
PageFaultException	Էջfaultexception	Էջfaultexception	existing-unreviewed		0
PageRoundDown	ԷջՄոտարկումՆերքև	ԷջՄոտարկումՆերքև	existing-unreviewed		0
PageRoundUp	ԷջՄոտարկումՎերև	ԷջՄոտարկումՎերև	existing-unreviewed		0
PageTableEntry	ԷջԱղյուսակentry	ԷջԱղյուսակentry	existing-unreviewed		0
Paging	Paging	Paging	existing-unreviewed		0
ParentPid	Ծնողpid	Ծնողpid	existing-unreviewed		0
Parse	Parse	Parse	existing-unreviewed		0
Partition_id	Partitionid	Partitionid	existing-unreviewed		0
PhyMemTest	PhymemԹեստ	PhymemԹեստ	existing-unreviewed		0
PhysicalMemoryManager	PhysicalՀիշողությունmanager	PhysicalՀիշողությունmanager	existing-unreviewed		0
Pid	Pid	Pid	existing-unreviewed		0
Port	Պորտ	Պորտ	existing-unreviewed		0
PortBase	Պորտbase	Պորտbase	existing-unreviewed		0
PortInByte	ՊորտՄեջbyte	ՊորտՄեջbyte	existing-unreviewed		0
PortInDword	ՊորտՄեջdword	ՊորտՄեջdword	existing-unreviewed		0
PortInWord	ՊորտՄեջբառ	ՊորտՄեջբառ	existing-unreviewed		0
PortOutByte	ՊորտԴուրսbyte	ՊորտԴուրսbyte	existing-unreviewed		0
PortOutDword	ՊորտԴուրսdword	ՊորտԴուրսdword	existing-unreviewed		0
PortOutWord	ՊորտԴուրսբառ	ՊորտԴուրսբառ	existing-unreviewed		0
PortReadByte	ՊորտԸնթերցումbyte	ՊորտԸնթերցումbyte	existing-unreviewed		0
PortReadDword	ՊորտԸնթերցումdword	ՊորտԸնթերցումdword	existing-unreviewed		0
PortReadWord	ՊորտԸնթերցումբառ	ՊորտԸնթերցումբառ	existing-unreviewed		0
PortWriteByte	ՊորտԳրելbyte	ՊորտԳրելbyte	existing-unreviewed		0
PortWriteDword	ՊորտԳրելdword	ՊորտԳրելdword	existing-unreviewed		0
PortWriteWord	ՊորտԳրելբառ	ՊորտԳրելբառ	existing-unreviewed		0
Prev	Previous	Previous	existing-unreviewed		0
PrevTSS	Previoustss	Previoustss	existing-unreviewed		0
PrimaryPartition	Primarypartition	Primarypartition	existing-unreviewed		0
Print	Տպել	Տպել	existing-unreviewed		0
PrintBytes	ՏպելԲայթեր	ՏպելԲայթեր	existing-unreviewed		0
PrintStr	Տպելstr	Տպելstr	existing-unreviewed		0
PrintTLS	Տպելtls	Տպելtls	existing-unreviewed		0
PrintTest	ՏպելԹեստ	ՏպելԹեստ	existing-unreviewed		0
Process	Գործընթաց	Գործընթաց	existing-unreviewed		0
ProcessHelper	Գործընթացhelper	Գործընթացhelper	existing-unreviewed		0
ProcessPendingKeyboardEvents	ԳործընթացpendingՍտեղնաշարevents	ԳործընթացpendingՍտեղնաշարevents	existing-unreviewed		0
ProcessPendingMouseEvents	ԳործընթացpendingՄկնիկevents	ԳործընթացpendingՄկնիկevents	existing-unreviewed		0
PushAt	Pushat	Insert_at_index	pending-language-review	insert_at	1
PushBack	PushՀետ	Append_to_list	pending-language-review	append	12
PushFront	PushՃակատ	Prepend_to_list	pending-language-review	prepend	5
PutPixel	Putpixel	Putpixel	existing-unreviewed		0
PutPixelRGB	Putpixelrgb	Putpixelrgb	existing-unreviewed		0
QUEUE_START_ADDR	QueueՍկիզբaddress	QueueՍկիզբaddress	existing-unreviewed		0
Rdev	Rdev	Rdev	existing-unreviewed		0
Read	Ընթերցում	Ընթերցում	existing-unreviewed		0
Read28	Ընթերցում28	Ընթերցում28	existing-unreviewed		0
ReadFile	ԸնթերցումՖայլ	ԸնթերցումՖայլ	pending-language-review	file_read	0
ReadPartitions	Ընթերցումpartition	Ընթերցումpartition	existing-unreviewed		0
Ready	Պատրաստ	Պատրաստ	existing-unreviewed		0
Receive	Receive	Receive	existing-unreviewed		0
Ref	Reference	Reference	existing-unreviewed		0
Release	Release	Release	existing-unreviewed		0
ReloadCR3	Վերբեռնելcr3	Վերբեռնելcr3	existing-unreviewed		0
Remove	Հեռացնել_2	Հեռացնել_2	existing-unreviewed		0
RemoveAt	Հեռացնելat	Հեռացնելat	existing-unreviewed		0
RemoveThread	Հեռացնելthread	Հեռացնելthread	existing-unreviewed		0
RemoveThreadAt	Հեռացնելthreadat	Հեռացնելthreadat	existing-unreviewed		0
RequestMacAddress	Requestmacaddress	Requestmacaddress	existing-unreviewed		0
Reset	Դադարեցնել	Դադարեցնել	existing-unreviewed		0
Resolve	Resolve	Resolve	existing-unreviewed		0
ResolveCopyOnWriteFault	ResolveՊատճենելՄիացնելԳրելfault	ResolveՊատճենելՄիացնելԳրելfault	existing-unreviewed		0
SCHEDULER_FREQUENCY	Schedulerfrequency	Schedulerfrequency	existing-unreviewed		0
SEG_BIG_MODE	SegbigՌեժիմ	SegbigՌեժիմ	existing-unreviewed		0
SEG_EXEC	Segexec	Segexec	existing-unreviewed		0
SEG_GRAN_4K_PAGE	Seggran4kԷջ	Seggran4kԷջ	existing-unreviewed		0
SEG_GRAN_BYTE	Seggranbyte	Seggranbyte	existing-unreviewed		0
SEG_KERNEL_CODE	Segkernelcode	Segkernelcode	existing-unreviewed		0
SEG_KERNEL_DATA	Segkerneldata	Segkerneldata	existing-unreviewed		0
SEG_KERNEL_GS	Segkernelgs	Segkernelgs	existing-unreviewed		0
SEG_NOEXEC	Segnoexec	Segnoexec	existing-unreviewed		0
SEG_NORMAL	SegՆորմալ	SegՆորմալ	existing-unreviewed		0
SEG_NORW	Segnorw	Segnorw	existing-unreviewed		0
SEG_R	Segr	Segr	existing-unreviewed		0
SEG_SYSTEM	SegՀամակարգ	SegՀամակարգ	existing-unreviewed		0
SEG_TASK_STATE	SegtaskՎիճակ	SegtaskՎիճակ	existing-unreviewed		0
SEG_USER_CODE	SegՕգտագործողcode	SegՕգտագործողcode	existing-unreviewed		0
SEG_USER_DATA	SegՕգտագործողdata	SegՕգտագործողdata	existing-unreviewed		0
SEG_USER_GS	SegՕգտագործողgs	SegՕգտագործողgs	existing-unreviewed		0
SEG_W	Segw	Segw	existing-unreviewed		0
SIMDFloatingPointException	Simdfloatingpointexception	Simdfloatingpointexception	existing-unreviewed		0
SIZE	Չափս	Չափս	existing-unreviewed		0
SYS_ACCESS	Sysմուտք	Sysմուտք	existing-unreviewed		0
SYS_BRK	Sysbrk	Sysbrk	existing-unreviewed		0
SYS_CHDIR	Syschdir	Syschdir	existing-unreviewed		0
SYS_CLOSE	SysՓակել	SysՓակել	existing-unreviewed		0
SYS_CREAT	Syscreat	Syscreat	existing-unreviewed		0
SYS_DUP	Sysdup	Sysdup	existing-unreviewed		0
SYS_DUP2	Sysdup2	Sysdup2	existing-unreviewed		0
SYS_EXECVE	Sysexecve	Sysexecve	existing-unreviewed		0
SYS_EXIT	Sysexit	Sysexit	existing-unreviewed		0
SYS_FCNTL	Sysfcntl	Sysfcntl	existing-unreviewed		0
SYS_FORK	Sysfork	Sysfork	existing-unreviewed		0
SYS_FSTAT	Sysfstat	Sysfstat	existing-unreviewed		0
SYS_FSYNC	Sysfsync	Sysfsync	existing-unreviewed		0
SYS_GETCWD	Sysgetcwd	Sysgetcwd	existing-unreviewed		0
SYS_GETEGID	Sysgetegid	Sysgetegid	existing-unreviewed		0
SYS_GETEUID	Sysgeteuid	Sysgeteuid	existing-unreviewed		0
SYS_GETGID	Sysgetgid	Sysgetgid	existing-unreviewed		0
SYS_GETPID	Sysgetpid	Sysgetpid	existing-unreviewed		0
SYS_GETPPID	Sysgetppid	Sysgetppid	existing-unreviewed		0
SYS_GETUID	Sysgetuid	Sysgetuid	existing-unreviewed		0
SYS_LSEEK	Syslseek	Syslseek	existing-unreviewed		0
SYS_LSTAT	Syslstat	Syslstat	existing-unreviewed		0
SYS_OPEN	SysԲացել	SysԲացել	existing-unreviewed		0
SYS_READ	SysԸնթերցում	SysԸնթերցում	existing-unreviewed		0
SYS_RT_EXIT	Sysrtexit	Sysrtexit	existing-unreviewed		0
SYS_SOCKETCALL	Syssocketcall	Syssocketcall	existing-unreviewed		0
SYS_STAT	Sysstat	Sysstat	existing-unreviewed		0
SYS_SYNC	Syssync	Syssync	existing-unreviewed		0
SYS_UNAME	Sysuname	Sysuname	existing-unreviewed		0
SYS_WAITPID	Syswaitpid	Syswaitpid	existing-unreviewed		0
SYS_WRITE	SysԳրել	SysԳրել	existing-unreviewed		0
Schedule	Schedule	Schedule	existing-unreviewed		0
Scheduler	Scheduler	Scheduler	existing-unreviewed		0
SchedulerData	Schedulerdata	Schedulerdata	existing-unreviewed		0
SegmentNotPresent	SegmentnotՆերկա	SegmentnotՆերկա	existing-unreviewed		0
SelectDrivers	Selectdriver	Selectdriver	existing-unreviewed		0
Send	ՈՒղարկել	ՈՒղարկել	existing-unreviewed		0
SendEchoRequest	EchorequestՈՒղարկել	EchorequestՈՒղարկել	existing-unreviewed		0
SendFrame	ՇրջանակՈՒղարկել	ՇրջանակՈՒղարկել	existing-unreviewed		0
SerialInit	Serialinit	Serialinit	existing-unreviewed		0
SerialWriteByte	SerialԳրելbyte	SerialԳրելbyte	existing-unreviewed		0
SetBackend	Setbackend	Setbackend	existing-unreviewed		0
SetBit	Setbit	Setbit	existing-unreviewed		0
SetBlockInPageDir	SetԱրգելափակելՄեջԷջֆայլապանակ	SetԱրգելափակելՄեջԷջֆայլապանակ	existing-unreviewed		0
SetBuffer	Setbuffer	Setbuffer	existing-unreviewed		0
SetByteAtAddr	Setbyteataddress	Setbyteataddress	existing-unreviewed		0
SetByteInPageDir	SetbyteՄեջԷջֆայլապանակ	SetbyteՄեջԷջֆայլապանակ	existing-unreviewed		0
SetCR3	Setcr3	Setcr3	existing-unreviewed		0
SetColor	SetԳույն	SetԳույն	existing-unreviewed		0
SetDescriptor	Setdescriptor	Setdescriptor	existing-unreviewed		0
SetHandleInterruptFuction	SethandleԸնդհատելfuction	SethandleԸնդհատելfuction	existing-unreviewed		0
SetHandler	Sethandler	Sethandler	existing-unreviewed		0
SetIPAddress	Setipaddress	Setipaddress	existing-unreviewed		0
SetInterruptDescriptorTableEntry	ԸնդհատելdescriptorԱղյուսակentryset	ԸնդհատելdescriptorԱղյուսակentryset	existing-unreviewed		0
SetInterruptManager	SetԸնդհատելmanager	SetԸնդհատելmanager	existing-unreviewed		0
SetInterruptNumber	SetԸնդհատելՀԱՄԱՐ	SetԸնդհատելՀԱՄԱՐ	existing-unreviewed		0
SetMode	SetՌեժիմ	SetՌեժիմ	existing-unreviewed		0
SetNodeAt	Setnodeat	Setnodeat	existing-unreviewed		0
SetStack	Setstack	Setstack	existing-unreviewed		0
SetTlsSegment	Settlssegment	Settlssegment	existing-unreviewed		0
SetUint32AtAddr	Setunsignedinteger32ataddress	Setunsignedinteger32ataddress	existing-unreviewed		0
SetUint32InPageDir	Setunsignedinteger32ՄեջԷջֆայլապանակ	Setunsignedinteger32ՄեջԷջֆայլապանակ	existing-unreviewed		0
SetUint8AtAddr	Setunsignedinteger8ataddress	Setunsignedinteger8ataddress	existing-unreviewed		0
SharedMemoryRegion	SharedՀիշողությունregion	SharedՀիշողությունregion	existing-unreviewed		0
Size	Չափս_2	Չափս_2	existing-unreviewed		0
Spawn	Spawn	Spawn	existing-unreviewed		0
Ss	Ss	Ss	existing-unreviewed		0
Stack	Stack	Stack	existing-unreviewed		0
StackSegmentFault	Stacksegmentfault	Stacksegmentfault	existing-unreviewed		0
Start_lba	Սկիզբlba	Սկիզբlba	existing-unreviewed		0
Started	Սկսված	Սկսված	existing-unreviewed		0
StdinPutByte	Stdinputbyte	Stdinputbyte	existing-unreviewed		0
StopCurrentThread	Կանգառcurrentthread	Կանգառcurrentthread	existing-unreviewed		0
Stopped	Կանգնեցված	Կանգնեցված	existing-unreviewed		0
SubnetMask	Subnetmask	Subnetmask	existing-unreviewed		0
SupportMode	SupportՌեժիմ	SupportՌեժիմ	existing-unreviewed		0
Sys_brk	Sysbrk_2	Sysbrk_2	existing-unreviewed		0
Sys_close	SysՓակել_2	SysՓակել_2	existing-unreviewed		0
Sys_exit	Sysexit_2	Sysexit_2	existing-unreviewed		0
Sys_getpid	Sysgetpid_2	Sysgetpid_2	existing-unreviewed		0
Sys_mousemove	Sysmousemove	Sysmousemove	existing-unreviewed		0
Sys_open	SysԲացել_2	SysԲացել_2	existing-unreviewed		0
Sys_printStr	SysՏպելstr	SysՏպելstr	existing-unreviewed		0
Sys_printUint32	SysՏպելunsignedinteger32	SysՏպելunsignedinteger32	existing-unreviewed		0
Sys_printf	Sysprintf	Sysprintf	existing-unreviewed		0
Sys_read	SysԸնթերցում_2	SysԸնթերցում_2	existing-unreviewed		0
Syscall	Syscall	Syscall	existing-unreviewed		0
Sysname	Sysname	Sysname	existing-unreviewed		0
TARPEtherFrameHandler	ArpethernetՇրջանակhandler	ArpethernetՇրջանակhandler	existing-unreviewed		0
TARPMessage	ArpՀԱՂՈՐԴԱԳՐՈՒԹՅՈՒՆ	ArpՀԱՂՈՐԴԱԳՐՈՒԹՅՈՒՆ	existing-unreviewed		0
TARPMessageBuffer	ArpՀԱՂՈՐԴԱԳՐՈՒԹՅՈՒՆbuffer	ArpՀԱՂՈՐԴԱԳՐՈՒԹՅՈՒՆbuffer	existing-unreviewed		0
TARPProvider	Arpprovider	Arpprovider	existing-unreviewed		0
TAdvancedTechnologyAttachment	TԸնդլայնվածՏեխնոլոգիաattachment	TԸնդլայնվածՏեխնոլոգիաattachment	existing-unreviewed		0
TArray	TԶանգված	TԶանգված	existing-unreviewed		0
TBaseAddressRegister	TBaseaddressregister	TBaseaddressregister	existing-unreviewed		0
TBiosParameterBlock32	TBiosparameterԱրգելափակել32	TBiosparameterԱրգելափակել32	pending-language-review	fat_parameters	0
TBufferDescriptor	TBufferdescriptor	TBufferdescriptor	existing-unreviewed		0
TCOWFrameManager	TcowՇրջանակmanager	TcowՇրջանակmanager	existing-unreviewed		0
TCPUState	TcpuՎիճակ	TcpuՎիճակ	existing-unreviewed		0
TDefaultKeyboardEventHandler	TՀիմնականՍտեղնաշարeventhandler	TՀիմնականՍտեղնաշարeventhandler	existing-unreviewed		0
TDefaultMouseEventHandler	TՀիմնականՄկնիկeventhandler	TՀիմնականՄկնիկeventhandler	existing-unreviewed		0
TDefaultPCIControllerHandler	TՀիմնականpcicontrollerhandler	TՀիմնականpcicontrollerhandler	existing-unreviewed		0
TDefaultTimerEventHandler	TՀիմնականԺամանակաչափeventhandler	TՀիմնականԺամանակաչափeventhandler	existing-unreviewed		0
TDirectoryEntryFat32	TՖայլապանակentryfat32	TՖայլապանակentryfat32	existing-unreviewed		0
TDriverManager	TDrivermanager	TDrivermanager	existing-unreviewed		0
TEtherFrameHandler	TEthernetՇրջանակhandler	TEthernetՇրջանակhandler	existing-unreviewed		0
TEtherFrameHeader	TEthernetՇրջանակheader	TEthernetՇրջանակheader	pending-language-review	ethernet_header	0
TEtherFrameHeaderBuffer	TEthernetՇրջանակheaderbuffer	TEthernetՇրջանակheaderbuffer	existing-unreviewed		0
TEtherFrameProvider	TEthernetՇրջանակprovider	TEthernetՇրջանակprovider	pending-language-review	ethernet_provider	0
TEtherFrameRawDataHandler	TEthernetՇրջանակrawdatahandler	TEthernetՇրջանակrawdatahandler	existing-unreviewed		0
TGateDescriptor	TGatedescriptor	TGatedescriptor	existing-unreviewed		0
THREAD_STACK_SIZE	ThreadstackՉափս	ThreadstackՉափս	existing-unreviewed		0
TICMPHandler	Icmphandler	Icmphandler	existing-unreviewed		0
TIPEtherFrameHandler	IpethernetՇրջանակhandler	IpethernetՇրջանակhandler	existing-unreviewed		0
TInitializationBlock	TInitializationԱրգելափակել	TInitializationԱրգելափակել	existing-unreviewed		0
TInternetControlMessageProtocol	TՀամացանցcontrolՀԱՂՈՐԴԱԳՐՈՒԹՅՈՒՆprotocol	TՀամացանցcontrolՀԱՂՈՐԴԱԳՐՈՒԹՅՈՒՆprotocol	pending-language-review	icmp	0
TInternetControlMessageProtocolMessage	TՀամացանցcontrolՀԱՂՈՐԴԱԳՐՈՒԹՅՈՒՆprotocolՀԱՂՈՐԴԱԳՐՈՒԹՅՈՒՆ	TՀամացանցcontrolՀԱՂՈՐԴԱԳՐՈՒԹՅՈՒՆprotocolՀԱՂՈՐԴԱԳՐՈՒԹՅՈՒՆ	existing-unreviewed		0
TInternetControlMessageProtocolMessageBuffer	TՀամացանցcontrolՀԱՂՈՐԴԱԳՐՈՒԹՅՈՒՆprotocolՀԱՂՈՐԴԱԳՐՈՒԹՅՈՒՆbuffer	TՀամացանցcontrolՀԱՂՈՐԴԱԳՐՈՒԹՅՈՒՆprotocolՀԱՂՈՐԴԱԳՐՈՒԹՅՈՒՆbuffer	existing-unreviewed		0
TInternetProtocolHandler	TՀամացանցprotocolhandler	TՀամացանցprotocolhandler	existing-unreviewed		0
TInternetProtocolProvider	TՀամացանցprotocolprovider	TՀամացանցprotocolprovider	pending-language-review	ip_provider	0
TInternetProtocolV4Message	TՀամացանցprotocolv4ՀԱՂՈՐԴԱԳՐՈՒԹՅՈՒՆ	TՀամացանցprotocolv4ՀԱՂՈՐԴԱԳՐՈՒԹՅՈՒՆ	existing-unreviewed		0
TInternetProtocolV4MessageBuffer	TՀամացանցprotocolv4ՀԱՂՈՐԴԱԳՐՈՒԹՅՈՒՆbuffer	TՀամացանցprotocolv4ՀԱՂՈՐԴԱԳՐՈՒԹՅՈՒՆbuffer	existing-unreviewed		0
TInterruptDescriptorTablePointer	TԸնդհատելdescriptorԱղյուսակՑուցիչ	TԸնդհատելdescriptorԱղյուսակՑուցիչ	existing-unreviewed		0
TInterruptHandler	TԸնդհատելhandler	TԸնդհատելhandler	existing-unreviewed		0
TInterruptManager	TԸնդհատելmanager	TԸնդհատելmanager	existing-unreviewed		0
TKeyboardDriver	TՍտեղնաշարdriver	TՍտեղնաշարdriver	existing-unreviewed		0
TLS_START	TlsՍկիզբ	TlsՍկիզբ	existing-unreviewed		0
TMSDOSPartitionTable	TmsdospartitionԱղյուսակ	TmsdospartitionԱղյուսակ	existing-unreviewed		0
TMasterBootRecord	TՎարպետbootՁայնագրել	TՎարպետbootՁայնագրել	pending-language-review	boot_record	0
TMemoryChunk	TՀիշողությունchunk	TՀիշողությունchunk	existing-unreviewed		0
TMemoryManager	TՀիշողությունmanager	TՀիշողությունmanager	existing-unreviewed		0
TMouseDriver	TՄկնիկdriver	TՄկնիկdriver	existing-unreviewed		0
TMyKeyboardEventHandler	TMyՍտեղնաշարeventhandler	TMyՍտեղնաշարeventhandler	existing-unreviewed		0
TMyMouseEventHandler	TMyՄկնիկeventhandler	TMyՄկնիկeventhandler	existing-unreviewed		0
TMyPCIControllerHandler	TMypcicontrollerhandler	TMypcicontrollerhandler	existing-unreviewed		0
TPartitionTableEntry	TPartitionԱղյուսակentry	TPartitionԱղյուսակentry	existing-unreviewed		0
TPeripheralComponentInterconnectController	TPeripheralcomponentinterconnectcontroller	TPeripheralcomponentinterconnectcontroller	existing-unreviewed		0
TPeripheralComponentInterconnectDeviceDescriptor	TPeripheralcomponentinterconnectՍարքdescriptor	TPeripheralcomponentinterconnectՍարքdescriptor	existing-unreviewed		0
TPort	TՊորտ	TՊորտ	existing-unreviewed		0
TPort16Bit	TՊորտ16bit	TՊորտ16bit	existing-unreviewed		0
TPort32Bit	TՊորտ32bit	TՊորտ32bit	existing-unreviewed		0
TPort8Bit	TՊորտ8bit	TՊորտ8bit	existing-unreviewed		0
TRawDataHandler	TRawdatahandler	TRawdatahandler	existing-unreviewed		0
TSSEntry	Tssentry	Tssentry	existing-unreviewed		0
TSyscall	TSyscall	TSyscall	existing-unreviewed		0
TTask	TTask	TTask	existing-unreviewed		0
TThread	TThread	TThread	existing-unreviewed		0
TThreadHelper	TThreadhelper	TThreadhelper	existing-unreviewed		0
TTimerDriver	TԺամանակաչափdriver	TԺամանակաչափdriver	existing-unreviewed		0
TUserDatagramProtocolHandler	TՕգտագործողdatagramprotocolhandler	TՕգտագործողdatagramprotocolhandler	existing-unreviewed		0
TUserDatagramProtocolHeader	TՕգտագործողdatagramprotocolheader	TՕգտագործողdatagramprotocolheader	pending-language-review	udp_header	0
TUserDatagramProtocolHeaderBuffer	TՕգտագործողdatagramprotocolheaderbuffer	TՕգտագործողdatagramprotocolheaderbuffer	existing-unreviewed		0
TUserDatagramProtocolProvider	TՕգտագործողdatagramprotocolprovider	TՕգտագործողdatagramprotocolprovider	existing-unreviewed		0
TUserDatagramProtocolSocket	TՕգտագործողdatagramprotocolsocket	TՕգտագործողdatagramprotocolsocket	pending-language-review	udp_socket	0
TVideoGraphicsArray	TՏեսանյութԳրաֆիկաԶանգված	TՏեսանյութԳրաֆիկաԶանգված	existing-unreviewed		0
TWidget	TWidget	TWidget	pending-language-review	widget	0
TWidgetMouseEventHandler	TWidgetՄկնիկeventhandler	TWidgetՄկնիկeventhandler	existing-unreviewed		0
Tamd_am79c973	Tamdam79c973	Tamdam79c973	existing-unreviewed		0
Test	Թեստ	Թեստ	existing-unreviewed		0
TestBit	Թեստbit	Թեստbit	existing-unreviewed		0
TestPrint	ԹեստՏպել	ԹեստՏպել	existing-unreviewed		0
Thread	Thread	Thread	existing-unreviewed		0
ThreadList	ThreadՑուցակ	ThreadՑուցակ	existing-unreviewed		0
ThreadState	ThreadՎիճակ	ThreadՎիճակ	existing-unreviewed		0
Threads	Threads	Threads	existing-unreviewed		0
TlsSegments	Tlssegments	Tlssegments	existing-unreviewed		0
TotalBlocks	ԸնդհանուրԱրգելափակել	ԸնդհանուրԱրգելափակել	existing-unreviewed		0
Type	Տիպ	Տիպ	existing-unreviewed		0
TypeTest	ՏիպԹեստ	ՏիպԹեստ	existing-unreviewed		0
T공용서술자테이블	TShareddescriptorԱղյուսակ	TShareddescriptorԱղյուսակ	existing-unreviewed		0
T공용서술자테이블_자료	TShareddescriptorԱղյուսակdata	TShareddescriptorԱղյուսակdata	existing-unreviewed		0
T작업관리자	TTaskmanager	TTaskmanager	existing-unreviewed		0
T조각설명자	TSegmentdescriptor	TSegmentdescriptor	existing-unreviewed		0
T콘솔	TConsole	TConsole	existing-unreviewed		0
T함수1	TFunction1	TFunction1	existing-unreviewed		0
UDESC_32SEG	Udesc32seg	Udesc32seg	existing-unreviewed		0
UDESC_CONTENTS	UdescԲովանդակություն	UdescԲովանդակություն	existing-unreviewed		0
UDESC_LIMIT_IN_PAGES	UdesclimitՄեջpages	UdesclimitՄեջpages	existing-unreviewed		0
UDESC_RX_ONLY	Udescrxonly	Udescrxonly	existing-unreviewed		0
UDESC_SEG_NOT_PRESENT	UdescsegnotՆերկա	UdescsegnotՆերկա	existing-unreviewed		0
UDESC_USABLE	Udescusable	Udescusable	existing-unreviewed		0
USER_STACK	Օգտագործողstack	Օգտագործողstack	existing-unreviewed		0
USER_STACK_SIZE	ՕգտագործողstackՉափս	ՕգտագործողstackՉափս	existing-unreviewed		0
USER_STACK_TOP	ՕգտագործողstackՎերև	ՕգտագործողstackՎերև	existing-unreviewed		0
Uid	Uid	Uid	existing-unreviewed		0
Uint16ToArray	Unsignedinteger16toԶանգված	Unsignedinteger16toԶանգված	existing-unreviewed		0
Uint16ToArray_BE	Unsignedinteger16toԶանգվածbe	Unsignedinteger16toԶանգվածbe	existing-unreviewed		0
Uint16_R	Unsignedinteger16r	Unsignedinteger16r	existing-unreviewed		0
Uint32ToArray	Unsignedinteger32toԶանգված	Unsignedinteger32toԶանգված	existing-unreviewed		0
Uint32_R	Unsignedinteger32r	Unsignedinteger32r	existing-unreviewed		0
Uint48ToArray	Unsignedinteger48toԶանգված	Unsignedinteger48toԶանգված	existing-unreviewed		0
Uint48ToArray_BE	Unsignedinteger48toԶանգվածbe	Unsignedinteger48toԶանգվածbe	existing-unreviewed		0
Uint48_R	Unsignedinteger48r	Unsignedinteger48r	existing-unreviewed		0
Uint64ToArray	Unsignedinteger64toԶանգված	Unsignedinteger64toԶանգված	existing-unreviewed		0
Uint64_R	Unsignedinteger64r	Unsignedinteger64r	existing-unreviewed		0
UnhandleInterrupt	UnhandleԸնդհատել	UnhandleԸնդհատել	existing-unreviewed		0
UnsetBit	Հեռացնելbit	Toggle_allocation_bit	pending-language-review	toggle_bit	1
UsedBlocks	ՕգտագործվածԱրգելափակել	ՕգտագործվածԱրգելափակել	existing-unreviewed		0
UserDesc	Օգտագործողdescriptor	Օգտագործողdescriptor	existing-unreviewed		0
UserStack	Օգտագործողstack_2	Օգտագործողstack_2	existing-unreviewed		0
UserStackSize	ՕգտագործողstackՉափս_2	ՕգտագործողstackՉափս_2	existing-unreviewed		0
Vendor_id	Վաճառողid	Վաճառողid	existing-unreviewed		0
Version	Version	Version	existing-unreviewed		0
VirtTest	VirtԹեստ	VirtԹեստ	existing-unreviewed		0
Write	Գրել	Գրել	existing-unreviewed		0
Write28	Գրել28	Գրել28	existing-unreviewed		0
WriteRegisters	Գրելregister	Գրելregister	existing-unreviewed		0
X	X	X	existing-unreviewed		0
Y	Y	Y	existing-unreviewed		0
Zero	Zero	Zero	existing-unreviewed		0
ZeroBlockInPageDir	ZeroԱրգելափակելՄեջԷջֆայլապանակ	ZeroԱրգելափակելՄեջԷջֆայլապանակ	existing-unreviewed		0
a	a	a	existing-unreviewed		0
aTime	aԺամանակ	aԺամանակ	existing-unreviewed		0
access	մուտք	մուտք	existing-unreviewed		0
accessMode	մուտքՌեժիմ	մուտքՌեժիմ	existing-unreviewed		0
ack	ack	ack	existing-unreviewed		0
activeKeyboardDriver	ակտիվՍտեղնաշարdriver	ակտիվՍտեղնաշարdriver	existing-unreviewed		0
activeMouseDriver	ակտիվՄկնիկdriver	ակտիվՄկնիկdriver	existing-unreviewed		0
addr	address	address	existing-unreviewed		0
addrPtr	addressՑուցիչ	addressՑուցիչ	existing-unreviewed		0
address	address_2	address_2	existing-unreviewed		0
addressError	addressՍխալ	addressՍխալ	existing-unreviewed		0
afInet	afinet	afinet	existing-unreviewed		0
allocFD	allocateՖայլայինդեսկրիպտոր	allocateՖայլայինդեսկրիպտոր	existing-unreviewed		0
allocOpenFile	allocateԲացելՖայլ	allocateԲացելՖայլ	existing-unreviewed		0
allocProcess	allocateԳործընթաց	allocateԳործընթաց	existing-unreviewed		0
allocateSocket	allocatesocket	allocatesocket	existing-unreviewed		0
allocated	allocated	allocated	existing-unreviewed		0
amd_am79c973	amdam79c973	amdam79c973	existing-unreviewed		0
args	arguments	arguments	existing-unreviewed		0
argument	argument	argument	existing-unreviewed		0
argumentPointers	argumentpointers	argumentpointers	existing-unreviewed		0
arguments	arguments_2	arguments_2	existing-unreviewed		0
arp	arp	arp	existing-unreviewed		0
arpBuffer	arpbuffer	arpbuffer	existing-unreviewed		0
arpMesgSize	arpmesgՉափս	arpmesgՉափս	existing-unreviewed		0
arpProvider	arpprovider	arpprovider	existing-unreviewed		0
arp콘솔	arpconsole	arpconsole	existing-unreviewed		0
array	զանգված	զանգված	existing-unreviewed		0
ata	ata	ata	existing-unreviewed		0
ata0s	ata0s	ata0s	existing-unreviewed		0
attempts	attempts	attempts	existing-unreviewed		0
attr	ատրիբուտ	ատրիբուտ	existing-unreviewed		0
attributeControllerIndexPort	ատրիբուտcontrollerԻնդեքսՊորտ	ատրիբուտcontrollerԻնդեքսՊորտ	existing-unreviewed		0
attributeControllerReadPort	ատրիբուտcontrollerԸնթերցումՊորտ	ատրիբուտcontrollerԸնթերցումՊորտ	existing-unreviewed		0
attributeControllerResetPort	ատրիբուտcontrollerԴադարեցնելՊորտ	ատրիբուտcontrollerԴադարեցնելՊորտ	existing-unreviewed		0
attributeControllerWritePort	ատրիբուտcontrollerԳրելՊորտ	ատրիբուտcontrollerԳրելՊորտ	existing-unreviewed		0
attributes	attributes	attributes	existing-unreviewed		0
aux	aux	aux	existing-unreviewed		0
avail	հասանելի	հասանելի	existing-unreviewed		0
b	b	b	existing-unreviewed		0
backend	backend	backend	existing-unreviewed		0
backupFpRegs	backupfpregs	backupfpregs	existing-unreviewed		0
backupSector	backupsector	backupsector	existing-unreviewed		0
bar	գծիկ	գծիկ	existing-unreviewed		0
barNum	գծիկՀԱՄԱՐ	գծիկՀԱՄԱՐ	existing-unreviewed		0
bar_value	գծիկԱրժեք	գծիկԱրժեք	existing-unreviewed		0
base	base	base	existing-unreviewed		0
baseCode	basecode	basecode	existing-unreviewed		0
baseHigh	baseԲարձր	baseԲարձր	existing-unreviewed		0
baseLow	baseՑածր	baseՑածր	existing-unreviewed		0
baseMid	basemid	basemid	existing-unreviewed		0
base_addr_high	baseaddressԲարձր	baseaddressԲարձր	existing-unreviewed		0
base_addr_low	baseaddressՑածր	baseaddressՑածր	existing-unreviewed		0
bh	bh	bh	existing-unreviewed		0
bindEphemeral	bindephemeral	bindephemeral	existing-unreviewed		0
bindError	bindՍխալ	bindՍխալ	existing-unreviewed		0
bios	bios	bios	existing-unreviewed		0
bit	bit	bit	existing-unreviewed		0
bitmap	bitmap	bitmap	pending-language-review	bitmap	0
bootSignature	bootsignature	bootsignature	existing-unreviewed		0
bootable	bootable	bootable	existing-unreviewed		0
bootloader	bootloader	bootloader	existing-unreviewed		0
bound	bound	bound	existing-unreviewed		0
bpb	bpb	bpb	pending-language-review	fat_parameters	0
bpbBytes	bpbԲայթեր	bpbԲայթեր	existing-unreviewed		0
bpbPtr	bpbՑուցիչ	bpbՑուցիչ	existing-unreviewed		0
buf	buffer	buffer	existing-unreviewed		0
buf1	buffer1	buffer1	existing-unreviewed		0
buf2	buffer2	buffer2	existing-unreviewed		0
buf3	buffer3	buffer3	existing-unreviewed		0
buf4	buffer4	buffer4	existing-unreviewed		0
buf6	buffer6	buffer6	existing-unreviewed		0
buffer	buffer_2	buffer_2	existing-unreviewed		0
buffer1	buffer1_2	buffer1_2	existing-unreviewed		0
buffer2	buffer2_2	buffer2_2	existing-unreviewed		0
bufferAddr	bufferaddress	bufferaddress	existing-unreviewed		0
bufferAddress	bufferaddress_2	bufferaddress_2	existing-unreviewed		0
bufptr	bufferՑուցիչ	bufferՑուցիչ	existing-unreviewed		0
bus	bus	bus	existing-unreviewed		0
busControlRegisterDataPort	buscontrolregisterdataՊորտ	buscontrolregisterdataՊորտ	existing-unreviewed		0
button	button	button	existing-unreviewed		0
buttons	button_2	button_2	existing-unreviewed		0
bytesPerSector	բայթերpersector	բայթերpersector	existing-unreviewed		0
c	c	c	existing-unreviewed		0
cDate	cdate	cdate	existing-unreviewed		0
cTime	cԺամանակ	cԺամանակ	existing-unreviewed		0
cTimeTenth	cԺամանակtenth	cԺամանակtenth	existing-unreviewed		0
call	call	call	existing-unreviewed		0
candidate	candidate	candidate	existing-unreviewed		0
cap	cap	cap	existing-unreviewed		0
char	char	char	existing-unreviewed		0
checked	checked	checked	existing-unreviewed		0
checksum	checksum	checksum	existing-unreviewed		0
child	երեխա	երեխա	existing-unreviewed		0
childPID	երեխաpid	երեխաpid	existing-unreviewed		0
childPageDir	երեխաԷջֆայլապանակ	երեխաԷջֆայլապանակ	existing-unreviewed		0
chunk	chunk	chunk	existing-unreviewed		0
class_id	կարգid	կարգid	existing-unreviewed		0
closeAllProcessFDs	փակելԲոլորըԳործընթացfds	փակելԲոլորըԳործընթացfds	existing-unreviewed		0
closeOnExec	փակելՄիացնելexec	փակելՄիացնելexec	existing-unreviewed		0
closeProcessFD	փակելԳործընթացՖայլայինդեսկրիպտոր	փակելԳործընթացՖայլայինդեսկրիպտոր	existing-unreviewed		0
code	code	code	existing-unreviewed		0
code1Ptr	code1Ցուցիչ	code1Ցուցիչ	existing-unreviewed		0
code1ptr	code1Ցուցիչ_2	code1Ցուցիչ_2	existing-unreviewed		0
code2Ptr	code2Ցուցիչ	code2Ցուցիչ	existing-unreviewed		0
code3Ptr	code3Ցուցիչ	code3Ցուցիչ	existing-unreviewed		0
codeSegment	codesegment	codesegment	existing-unreviewed		0
colorIndex	գույնԻնդեքս	գույնԻնդեքս	existing-unreviewed		0
colordepth	գույնdepth	գույնdepth	existing-unreviewed		0
command	հրահանգ	հրահանգ	existing-unreviewed		0
commandPort	հրահանգՊորտ	հրահանգՊորտ	existing-unreviewed		0
commandport	հրահանգՊորտ_2	հրահանգՊորտ_2	existing-unreviewed		0
common	common	common	existing-unreviewed		0
connected	connected	connected	existing-unreviewed		0
console	console	console	existing-unreviewed		0
controlPort	controlՊորտ	controlՊորտ	existing-unreviewed		0
copyExecVector	պատճենելexecvector	պատճենելexecvector	existing-unreviewed		0
copyLength	պատճենելԵրկարություն	պատճենելԵրկարություն	existing-unreviewed		0
copyPageDir	պատճենելԷջֆայլապանակ	պատճենելԷջֆայլապանակ	existing-unreviewed		0
copyPath	պատճենելՈՒՂԻ	պատճենելՈՒՂԻ	existing-unreviewed		0
copySocketName	պատճենելsocketԱնուն	պատճենելsocketԱնուն	existing-unreviewed		0
copyUtsField	պատճենելutsfield	պատճենելutsfield	existing-unreviewed		0
count	count	count	existing-unreviewed		0
count2	count2	count2	existing-unreviewed		0
cowFrameManager	cowՇրջանակmanager	cowՇրջանակmanager	existing-unreviewed		0
cpu	կՄՀ	կՄՀ	existing-unreviewed		0
cpustate	կՄՀՎիճակ	կՄՀՎիճակ	existing-unreviewed		0
cr0	cr0	cr0	existing-unreviewed		0
cr3	cr3	cr3	existing-unreviewed		0
cr4	cr4	cr4	existing-unreviewed		0
crtcDataPort	crtcdataՊորտ	crtcdataՊորտ	existing-unreviewed		0
crtcIndexPort	crtcԻնդեքսՊորտ	crtcԻնդեքսՊորտ	existing-unreviewed		0
cs	cs	cs	existing-unreviewed		0
currentRecvBuffer	currentrecvbuffer	currentrecvbuffer	existing-unreviewed		0
currentSendBuffer	currentՈՒղարկելbuffer	currentՈՒղարկելbuffer	existing-unreviewed		0
currentTask	currenttask	currenttask	existing-unreviewed		0
currentThread	currentthread	currentthread	existing-unreviewed		0
currentThreadIndex	currentthreadԻնդեքս	currentthreadԻնդեքս	existing-unreviewed		0
cursorHeight	cursorԲարձրություն	cursorԲարձրություն	existing-unreviewed		0
cursorStart	cursorՍկիզբ	cursorՍկիզբ	existing-unreviewed		0
d_tag	dԹեգ	dԹեգ	existing-unreviewed		0
d_val_ptr	dvalՑուցիչ	dvalՑուցիչ	existing-unreviewed		0
data	data	data	existing-unreviewed		0
dataBuf	databuffer	databuffer	existing-unreviewed		0
dataBytes	dataԲայթեր	dataԲայթեր	existing-unreviewed		0
dataPointer	dataՑուցիչ	dataՑուցիչ	existing-unreviewed		0
dataPort	dataՊորտ	dataՊորտ	existing-unreviewed		0
dataStart	dataՍկիզբ	dataՍկիզբ	existing-unreviewed		0
databuffer	databuffer_2	databuffer_2	existing-unreviewed		0
dataport	dataՊորտ_2	dataՊորտ_2	existing-unreviewed		0
defaultKeyboardEventHandler	հիմնականՍտեղնաշարeventhandler	հիմնականՍտեղնաշարeventhandler	existing-unreviewed		0
desc	descriptor	descriptor	existing-unreviewed		0
description	նկարագրություն	նկարագրություն	existing-unreviewed		0
destination	destination	destination	existing-unreviewed		0
destinationAddress	destinationaddress	destinationaddress	existing-unreviewed		0
destinationLength	destinationԵրկարություն	destinationԵրկարություն	existing-unreviewed		0
dev	սարք	սարք	existing-unreviewed		0
device	սարք_2	սարք_2	existing-unreviewed		0
deviceDescriptor	սարքdescriptor	սարքdescriptor	existing-unreviewed		0
devicePort	սարքՊորտ	սարքՊորտ	existing-unreviewed		0
diff	diff	diff	existing-unreviewed		0
digits	digits	digits	existing-unreviewed		0
dirent	dirent	dirent	existing-unreviewed		0
direntBytes	direntԲայթեր	direntԲայթեր	existing-unreviewed		0
direntPtr	direntՑուցիչ	direntՑուցիչ	existing-unreviewed		0
discardProcess	discardԳործընթաց	discardԳործընթաց	existing-unreviewed		0
dispatchInterrupt	dispatchԸնդհատել	dispatchԸնդհատել	existing-unreviewed		0
divisor	divisor	divisor	existing-unreviewed		0
domain	domain	domain	existing-unreviewed		0
driveNumber	driveՀԱՄԱՐ	driveՀԱՄԱՐ	existing-unreviewed		0
driver	driver	driver	existing-unreviewed		0
driverManager	drivermanager	drivermanager	existing-unreviewed		0
drivercount	drivercount	drivercount	existing-unreviewed		0
drv	driver_2	driver_2	existing-unreviewed		0
ds	ds	ds	existing-unreviewed		0
ds_segment	dssegment	dssegment	existing-unreviewed		0
dst	destination_2	destination_2	existing-unreviewed		0
dstEntry	destinationentry	destinationentry	existing-unreviewed		0
dstIP	destinationipaddress	destinationipaddress	existing-unreviewed		0
dstIP_BE	destinationipaddressՑանցbyteorder	destinationipaddressՑանցbyteorder	existing-unreviewed		0
dstMAC	destinationmacaddress	destinationmacaddress	existing-unreviewed		0
dstMAC_BE	destinationmacbe	destinationmacbe	existing-unreviewed		0
dstPageDir	destinationԷջֆայլապանակ	destinationԷջֆայլապանակ	existing-unreviewed		0
dstPort	destinationՊորտՀԱՄԱՐ	destinationՊորտՀԱՄԱՐ	pending-language-review	destination_port	0
dstPt	destinationpt	destinationpt	existing-unreviewed		0
dstPtPtr	destinationptՑուցիչ	destinationptՑուցիչ	existing-unreviewed		0
dstPtr	destinationՑուցիչ	destinationՑուցիչ	existing-unreviewed		0
dstptr	destinationՑուցիչ_2	destinationՑուցիչ_2	existing-unreviewed		0
dynamic	dynamic	dynamic	existing-unreviewed		0
e	e	e	existing-unreviewed		0
e_ehsize	eehsize	eehsize	existing-unreviewed		0
e_entry	eentry	eentry	existing-unreviewed		0
e_flags	eԴրոշներ	eԴրոշներ	existing-unreviewed		0
e_ident	eident	eident	existing-unreviewed		0
e_machine	emachine	emachine	existing-unreviewed		0
e_phentsize	ephentsize	ephentsize	existing-unreviewed		0
e_phnum	ephnum	ephnum	existing-unreviewed		0
e_phoff	ephoff	ephoff	existing-unreviewed		0
e_shentsize	eshentsize	eshentsize	existing-unreviewed		0
e_shnum	eshnum	eshnum	existing-unreviewed		0
e_shoff	eshoff	eshoff	existing-unreviewed		0
e_shstrndx	eshstrndx	eshstrndx	existing-unreviewed		0
e_type	eՏիպ	eՏիպ	existing-unreviewed		0
e_version	eversion	eversion	existing-unreviewed		0
eax	eax	eax	existing-unreviewed		0
ebp	ebp	ebp	existing-unreviewed		0
ebx	ebx	ebx	existing-unreviewed		0
ecx	ecx	ecx	existing-unreviewed		0
edi	edi	edi	existing-unreviewed		0
edx	edx	edx	existing-unreviewed		0
efHandler	efhandler	efhandler	existing-unreviewed		0
eflags	eflags	eflags	existing-unreviewed		0
eip	eip	eip	existing-unreviewed		0
eipOffset	eipoffset	eipoffset	existing-unreviewed		0
elf	elf	elf	existing-unreviewed		0
elf0	elf0	elf0	existing-unreviewed		0
elf2	elf2	elf2	existing-unreviewed		0
elf3	elf3	elf3	existing-unreviewed		0
elf4	elf4	elf4	existing-unreviewed		0
elfHeader	elfheader	elfheader	existing-unreviewed		0
enabled	միացված	միացված	existing-unreviewed		0
end	վերջ	վերջ	existing-unreviewed		0
endOffset	վերջoffset	վերջoffset	existing-unreviewed		0
end_cylinder	վերջcylinder	վերջcylinder	existing-unreviewed		0
end_head	վերջhead	վերջhead	existing-unreviewed		0
end_sector	վերջsector	վերջsector	existing-unreviewed		0
ensureCurrentProcess	ensurecurrentԳործընթաց	ensurecurrentԳործընթաց	existing-unreviewed		0
entry	entry	entry	existing-unreviewed		0
entryPoint	entrypoint	entrypoint	existing-unreviewed		0
entrypoint	entrypoint_2	entrypoint_2	existing-unreviewed		0
environment	environment	environment	existing-unreviewed		0
environmentPointers	environmentpointers	environmentpointers	existing-unreviewed		0
err	err	err	existing-unreviewed		0
errorPort	սխալՊորտ	սխալՊորտ	existing-unreviewed		0
es	es	es	existing-unreviewed		0
esi	esi	esi	existing-unreviewed		0
esp	esp	esp	existing-unreviewed		0
esp0	esp0	esp0	existing-unreviewed		0
esp1	esp1	esp1	existing-unreviewed		0
esp2	esp2	esp2	existing-unreviewed		0
etherFrameProvider	ethernetՇրջանակprovider	ethernetՇրջանակprovider	pending-language-review	ethernet_provider	0
etherType	ethernetՏիպ	ethernetՏիպ	existing-unreviewed		0
etherType_BE	ethernetՏիպbe	ethernetՏիպbe	existing-unreviewed		0
etherframe	ethernetՇրջանակ	ethernetՇրջանակ	existing-unreviewed		0
etherframePayload	ethernetՇրջանակpayload	ethernetՇրջանակpayload	existing-unreviewed		0
except	except	except	existing-unreviewed		0
exceptionCR0	exceptioncr0	exceptioncr0	existing-unreviewed		0
exceptionCR2	exceptioncr2	exceptioncr2	existing-unreviewed		0
exceptionCR3	exceptioncr3	exceptioncr3	existing-unreviewed		0
exceptionFrameValue	exceptionՇրջանակԱրժեք	exceptionՇրջանակԱրժեք	existing-unreviewed		0
exceptionHasErrorCode	exceptionhasՍխալcode	exceptionhasՍխալcode	existing-unreviewed		0
exceptionName	exceptionԱնուն	exceptionԱնուն	existing-unreviewed		0
execVector	execvector	execvector	existing-unreviewed		0
exists	exists	exists	existing-unreviewed		0
exited	exited	exited	existing-unreviewed		0
ext	ext	ext	existing-unreviewed		0
extFlags	extԴրոշներ	extԴրոշներ	existing-unreviewed		0
extendedScanCode	extendedՈրոնելcode	extendedՈրոնելcode	existing-unreviewed		0
fDupFD	fdupՖայլայինդեսկրիպտոր	fdupՖայլայինդեսկրիպտոր	existing-unreviewed		0
fGetFD	fgetՖայլայինդեսկրիպտոր	fgetՖայլայինդեսկրիպտոր	existing-unreviewed		0
fGetFL	fgetfl	fgetfl	existing-unreviewed		0
fSetFD	fsetՖայլայինդեսկրիպտոր	fsetՖայլայինդեսկրիպտոր	existing-unreviewed		0
fSetFL	fsetfl	fsetfl	existing-unreviewed		0
fat	fat	fat	existing-unreviewed		0
fatCopies	fatՊատճենել	fatՊատճենել	existing-unreviewed		0
fatInfo	fatinfo	fatinfo	existing-unreviewed		0
fatOffsetInSectorForCurrentCluster	fatoffsetՄեջsectorforcurrentcluster	fatoffsetՄեջsectorforcurrentcluster	existing-unreviewed		0
fatSectorCount	fatsectorcount	fatsectorcount	existing-unreviewed		0
fatSectorForCurrentCluster	fatsectorforcurrentcluster	fatsectorforcurrentcluster	existing-unreviewed		0
fatSize	fatՉափս	fatՉափս	existing-unreviewed		0
fatStart	fatՍկիզբ	fatՍկիզբ	existing-unreviewed		0
fatTypeLabel	fatՏիպՊիտակ	fatՏիպՊիտակ	existing-unreviewed		0
fatVersion	fatversion	fatversion	existing-unreviewed		0
fatbuf	fatbuf	fatbuf	existing-unreviewed		0
fatbuffer	fatbuffer	fatbuffer	existing-unreviewed		0
faultAddr	faultaddress	faultaddress	existing-unreviewed		0
fb	fb	fb	existing-unreviewed		0
fbCurCol	fbcurrentcol	fbcurrentcol	existing-unreviewed		0
fbCurLine	fbcurrentline	fbcurrentline	existing-unreviewed		0
fbHeight	fbԲարձրություն	fbԲարձրություն	existing-unreviewed		0
fbPhysAddr	fbphysaddress	fbphysaddress	existing-unreviewed		0
fbWidth	fbԼայնություն	fbԼայնություն	existing-unreviewed		0
fd	ֆայլայինդեսկրիպտոր	ֆայլայինդեսկրիպտոր	existing-unreviewed		0
fdCloexec	ֆայլայինդեսկրիպտորcloexec	ֆայլայինդեսկրիպտորcloexec	existing-unreviewed		0
fdEntry	ֆայլայինդեսկրիպտորentry	ֆայլայինդեսկրիպտորentry	existing-unreviewed		0
fdFlags	ֆայլայինդեսկրիպտորԴրոշներ	ֆայլայինդեսկրիպտորԴրոշներ	existing-unreviewed		0
fdKindConsole	ֆայլայինդեսկրիպտորkindconsole	ֆայլայինդեսկրիպտորkindconsole	existing-unreviewed		0
fdKindFat	ֆայլայինդեսկրիպտորkindfat	ֆայլայինդեսկրիպտորkindfat	existing-unreviewed		0
fdKindNone	ֆայլայինդեսկրիպտորkindՈչինչ	ֆայլայինդեսկրիպտորkindՈչինչ	existing-unreviewed		0
fdKindRootDir	ֆայլայինդեսկրիպտորkindԱրմատֆայլապանակ	ֆայլայինդեսկրիպտորkindԱրմատֆայլապանակ	existing-unreviewed		0
fdKindSocket	ֆայլայինդեսկրիպտորkindsocket	ֆայլայինդեսկրիպտորkindsocket	existing-unreviewed		0
fdKindStdin	ֆայլայինդեսկրիպտորkindstdin	ֆայլայինդեսկրիպտորkindstdin	existing-unreviewed		0
fds	fds	fds	existing-unreviewed		0
filePtr	ֆայլՑուցիչ	ֆայլՑուցիչ	existing-unreviewed		0
fileSector	ֆայլsector	ֆայլsector	existing-unreviewed		0
fileSize	ֆայլՉափս	ֆայլՉափս	existing-unreviewed		0
filename	ֆայլիանուն	ֆայլիանուն	existing-unreviewed		0
fillPosixStat	fillposixstat	fillposixstat	existing-unreviewed		0
findProcess	գտնելԳործընթաց	գտնելԳործընթաց	existing-unreviewed		0
first	first	first	existing-unreviewed		0
firstClusterHi	firstclusterhi	firstclusterhi	existing-unreviewed		0
firstClusterLow	firstclusterՑածր	firstclusterՑածր	existing-unreviewed		0
firstFileCluster	firstՖայլcluster	firstՖայլcluster	existing-unreviewed		0
flags	դրոշներ	դրոշներ	existing-unreviewed		0
flags2	դրոշներ2	դրոշներ2	existing-unreviewed		0
flagsAndOffset	դրոշներandoffset	դրոշներandoffset	existing-unreviewed		0
flushIndex	flushԻնդեքս	flushԻնդեքս	existing-unreviewed		0
flushTlsTable	flushtlsԱղյուսակ	flushtlsԱղյուսակ	existing-unreviewed		0
flush_tss	flushtss	flushtss	existing-unreviewed		0
fn	fn	fn	existing-unreviewed		0
foo	foo	foo	existing-unreviewed		0
foundChild	foundերեխա	foundերեխա	existing-unreviewed		0
frame	շրջանակ	շրջանակ	existing-unreviewed		0
frameCount	շրջանակcount	շրջանակcount	existing-unreviewed		0
frameHeaderSize	շրջանակheaderՉափս	շրջանակheaderՉափս	existing-unreviewed		0
free	ազատ	ազատ	existing-unreviewed		0
freePort	ազատՊորտ	ազատՊորտ	existing-unreviewed		0
frequency	frequency	frequency	existing-unreviewed		0
fs	fs	fs	existing-unreviewed		0
func1Val	func1val	func1val	existing-unreviewed		0
func2Val	func2val	func2val	existing-unreviewed		0
func3Val	func3val	func3val	existing-unreviewed		0
func_addr	funcaddress	funcaddress	existing-unreviewed		0
func_bytes	funcԲայթեր	funcԲայթեր	existing-unreviewed		0
func_name	funcԱնուն	funcԱնուն	existing-unreviewed		0
func_value	funcԱրժեք	funcԱրժեք	existing-unreviewed		0
function	function	function	existing-unreviewed		0
fxrstor	fxrstor	fxrstor	existing-unreviewed		0
fxsave	fxsave	fxsave	existing-unreviewed		0
g	g	g	existing-unreviewed		0
g_320x200x256	g320x200x256	g320x200x256	existing-unreviewed		0
gate	gate	gate	existing-unreviewed		0
gateData	gatedata	gatedata	existing-unreviewed		0
gatewayIP	gatewayip	gatewayip	existing-unreviewed		0
gdt	gdt	gdt	existing-unreviewed		0
gdtDescriptor	gdtdescriptor	gdtdescriptor	existing-unreviewed		0
gdtEntry	gdtentry	gdtentry	existing-unreviewed		0
gdtTable	gdtԱղյուսակ	gdtԱղյուսակ	existing-unreviewed		0
gdtTableLen	gdtԱղյուսակlen	gdtԱղյուսակlen	existing-unreviewed		0
gdt_codeSegmentSelector	gdtcodesegmentselector	gdtcodesegmentselector	existing-unreviewed		0
gdt_func	gdtfunc	gdtfunc	existing-unreviewed		0
getCR2	getcr2	getcr2	existing-unreviewed		0
getCR3	getcr3	getcr3	existing-unreviewed		0
getDescriptor	getdescriptor	getdescriptor	existing-unreviewed		0
getESI	getesi	getesi	existing-unreviewed		0
getESP	getesp	getesp	existing-unreviewed		0
getGDT	getgdt	getgdt	existing-unreviewed		0
getGS	getgs	getgs	existing-unreviewed		0
getOpenFile	getԲացելՖայլ	getԲացելՖայլ	existing-unreviewed		0
getOpenFileFor	getԲացելՖայլfor	getԲացելՖայլfor	existing-unreviewed		0
getTLS	gettls	gettls	existing-unreviewed		0
globalDescriptorTable	գլոբալdescriptorԱղյուսակ	գլոբալdescriptorԱղյուսակ	existing-unreviewed		0
globalOffsetTable	գլոբալoffsetԱղյուսակ	գլոբալoffsetԱղյուսակ	existing-unreviewed		0
global_offset_table	գլոբալoffsetԱղյուսակ_2	գլոբալoffsetԱղյուսակ_2	existing-unreviewed		0
graphicsControllerDataPort	գրաֆիկաcontrollerdataՊորտ	գրաֆիկաcontrollerdataՊորտ	existing-unreviewed		0
graphicsControllerIndexPort	գրաֆիկաcontrollerԻնդեքսՊորտ	գրաֆիկաcontrollerԻնդեքսՊորտ	existing-unreviewed		0
grub_multiboot_memory_map_t	grubmultibootՀիշողությունmapt	grubmultibootՀիշողությունmapt	existing-unreviewed		0
gs	gs	gs	existing-unreviewed		0
gs_segment	gssegment	gssegment	existing-unreviewed		0
h	h	h	existing-unreviewed		0
haltAfterFatalException	haltafterfatalexception	haltafterfatalexception	existing-unreviewed		0
handleInterrupt	handleԸնդհատել	handleԸնդհատել	existing-unreviewed		0
handleKeyboardInterrupt	handleՍտեղնաշարԸնդհատել	handleՍտեղնաշարԸնդհատել	existing-unreviewed		0
handleMouseInterrupt	handleՄկնիկԸնդհատել	handleՄկնիկԸնդհատել	existing-unreviewed		0
handlePagingInterrupt	handlepagingԸնդհատել	handlepagingԸնդհատել	existing-unreviewed		0
handleUnhandledSyscall	handleunhandledsyscall	handleunhandledsyscall	existing-unreviewed		0
handler	handler	handler	existing-unreviewed		0
handlerAddressHighBits	handleraddressԲարձրբիթեր	handleraddressԲարձրբիթեր	existing-unreviewed		0
handlerAddressLowBits	handleraddressՑածրբիթեր	handleraddressՑածրբիթեր	existing-unreviewed		0
handlerRun	handlerԳործարկել	handlerԳործարկել	existing-unreviewed		0
handlers	handler_2	handler_2	existing-unreviewed		0
hardwareAddressSize	ապարատայինմիջոցներaddressՉափս	ապարատայինմիջոցներaddressՉափս	existing-unreviewed		0
hardwareInterruptOffset	ապարատայինմիջոցներԸնդհատելoffset	ապարատայինմիջոցներԸնդհատելoffset	existing-unreviewed		0
hardwareType	ապարատայինմիջոցներՏիպ	ապարատայինմիջոցներՏիպ	existing-unreviewed		0
hd	hd	hd	existing-unreviewed		0
head	head	head	existing-unreviewed		0
headCount	headcount	headcount	existing-unreviewed		0
headerLength	headerԵրկարություն	headerԵրկարություն	existing-unreviewed		0
headertype	headertype	headertype	existing-unreviewed		0
height	բարձրություն	բարձրություն	existing-unreviewed		0
hex	hex	hex	existing-unreviewed		0
hiddenSectors	hiddensectors	hiddensectors	existing-unreviewed		0
i	i	i	existing-unreviewed		0
iCount	icount	icount	existing-unreviewed		0
iDrivers	idriver	idriver	existing-unreviewed		0
iKeyboardEventHandler	iՍտեղնաշարeventhandler	iՍտեղնաշարeventhandler	existing-unreviewed		0
iMouseEventHandler	iՄկնիկeventhandler	iՄկնիկeventhandler	existing-unreviewed		0
iPCIControllerHandler	ipcicontrollerhandler	ipcicontrollerhandler	existing-unreviewed		0
iRawDataHandler	irawdatahandler	irawdatahandler	existing-unreviewed		0
iTimerEventHandler	iԺամանակաչափeventhandler	iԺամանակաչափeventhandler	existing-unreviewed		0
icmp	icmp	icmp	existing-unreviewed		0
icmpSize	icmpՉափս	icmpՉափս	existing-unreviewed		0
icmp콘솔	icmpconsole	icmpconsole	existing-unreviewed		0
id	id	id	existing-unreviewed		0
ident	ident	ident	existing-unreviewed		0
idtData	idtdata	idtdata	existing-unreviewed		0
idtPointer	idtՑուցիչ	idtՑուցիչ	existing-unreviewed		0
idx	idx	idx	existing-unreviewed		0
index	ինդեքս	ինդեքս	existing-unreviewed		0
initBlock	initԱրգելափակել	initԱրգելափակել	existing-unreviewed		0
initFileDescriptors	initՖայլdescriptor	initՖայլdescriptor	existing-unreviewed		0
initPIT	initpit	initpit	existing-unreviewed		0
initializeProcessFDs	initializeԳործընթացfds	initializeԳործընթացfds	existing-unreviewed		0
inode	inode	inode	existing-unreviewed		0
inputEventTask	հիմաeventtask	հիմաeventtask	existing-unreviewed		0
installIDT	տեղադրելidt	տեղադրելidt	existing-unreviewed		0
intNumber	intՀԱՄԱՐ	intՀԱՄԱՐ	existing-unreviewed		0
interface_id	ինտերֆեյսid	ինտերֆեյսid	existing-unreviewed		0
internetprotocolPayload	համացանցprotocolpayload	համացանցprotocolpayload	existing-unreviewed		0
interrupt	ընդհատել	ընդհատել	existing-unreviewed		0
interruptDebug	ընդհատելdebug	ընդհատելdebug	existing-unreviewed		0
interruptExitLoop	ընդհատելexitloop	ընդհատելexitloop	existing-unreviewed		0
interruptGateEntries	ընդհատելgateentry	ընդհատելgateentry	existing-unreviewed		0
interruptHandler	ընդհատելhandler	ընդհատելhandler	existing-unreviewed		0
interrupts	interrupts	interrupts	existing-unreviewed		0
iomap	iomap	iomap	existing-unreviewed		0
ip	ip	ip	existing-unreviewed		0
ipEtherFrameHandler	ipethernetՇրջանակhandler	ipethernetՇրջանակhandler	existing-unreviewed		0
ipHandler	iphandler	iphandler	existing-unreviewed		0
ipIdx	ipidx	ipidx	existing-unreviewed		0
ipProtocolUDP	ipprotocoludp	ipprotocoludp	existing-unreviewed		0
ipProvider	ipprovider	ipprovider	pending-language-review	ip_provider	0
ipSize	ipՉափս	ipՉափս	existing-unreviewed		0
ip_be	ipՑանցbyteorder	ipՑանցbyteorder	existing-unreviewed		0
ipmessage	համացանցprotocolՀԱՂՈՐԴԱԳՐՈՒԹՅՈՒՆ	համացանցprotocolՀԱՂՈՐԴԱԳՐՈՒԹՅՈՒՆ	existing-unreviewed		0
ipv4	ipv4	ipv4	existing-unreviewed		0
ip콘솔	ipconsole	ipconsole	existing-unreviewed		0
isKernel	iskernel	iskernel	existing-unreviewed		0
isRoot	isԱրմատ	isԱրմատ	existing-unreviewed		0
isRootPath	isԱրմատՈՒՂԻ	isԱրմատՈՒՂԻ	existing-unreviewed		0
isSharedPDE	issharedpde	issharedpde	existing-unreviewed		0
istOffset	istoffset	istoffset	existing-unreviewed		0
j	j	j	existing-unreviewed		0
jmp	jmp	jmp	existing-unreviewed		0
jmp_user	jmpՕգտագործող	jmpՕգտագործող	existing-unreviewed		0
jump_usermode_iret	jumpusermodeiret	jumpusermodeiret	existing-unreviewed		0
kPageDirEntry	kԷջֆայլապանակentry	kԷջֆայլապանակentry	existing-unreviewed		0
kernelESP	kernelesp	kernelesp	existing-unreviewed		0
kernelPageDirEntry	kernelԷջֆայլապանակentry	kernelԷջֆայլապանակentry	existing-unreviewed		0
kernelSS	kernelss	kernelss	existing-unreviewed		0
key	բանալի	բանալի	existing-unreviewed		0
keyboard	ստեղնաշար	ստեղնաշար	existing-unreviewed		0
keyboardDriver	ստեղնաշարdriver	ստեղնաշարdriver	existing-unreviewed		0
keyboardEventHandler	ստեղնաշարeventhandler	ստեղնաշարeventhandler	existing-unreviewed		0
keyboardQueue	ստեղնաշարqueue	ստեղնաշարqueue	existing-unreviewed		0
keyboardQueueRead	ստեղնաշարqueueԸնթերցում	ստեղնաշարqueueԸնթերցում	existing-unreviewed		0
keyboardQueueSize	ստեղնաշարqueueՉափս	ստեղնաշարqueueՉափս	existing-unreviewed		0
keyboardQueueWrite	ստեղնաշարqueueԳրել	ստեղնաշարqueueԳրել	existing-unreviewed		0
kind	kind	kind	existing-unreviewed		0
l	l	l	existing-unreviewed		0
last	վերջին	վերջին	existing-unreviewed		0
lbaHiPort	lbahiՊորտ	lbahiՊորտ	existing-unreviewed		0
lbaLowPort	lbaՑածրՊորտ	lbaՑածրՊորտ	existing-unreviewed		0
lbaMidPort	lbamidՊորտ	lbamidՊորտ	existing-unreviewed		0
ldt	ldt	ldt	existing-unreviewed		0
leftShift	ձախshiftՌեգիստրիփոփոխում	ձախshiftՌեգիստրիփոփոխում	existing-unreviewed		0
len	len	len	existing-unreviewed		0
len_ver	lenver	lenver	existing-unreviewed		0
length	երկարություն	երկարություն	existing-unreviewed		0
lengthAddress	երկարությունaddress	երկարությունaddress	existing-unreviewed		0
lengthInBytes	երկարությունՄեջԲայթեր	երկարությունՄեջԲայթեր	existing-unreviewed		0
length_high	երկարությունԲարձր	երկարությունԲարձր	existing-unreviewed		0
length_low	երկարությունՑածր	երկարությունՑածր	existing-unreviewed		0
lengths	lengths	lengths	existing-unreviewed		0
lib1Addr	lib1address	lib1address	existing-unreviewed		0
lib1Data	lib1data	lib1data	existing-unreviewed		0
lib1File	lib1Ֆայլ	lib1Ֆայլ	existing-unreviewed		0
lib1GOT	lib1got	lib1got	existing-unreviewed		0
lib1elf	lib1elf	lib1elf	existing-unreviewed		0
lib2Addr	lib2address	lib2address	existing-unreviewed		0
lib2Data	lib2data	lib2data	existing-unreviewed		0
lib2File	lib2Ֆայլ	lib2Ֆայլ	existing-unreviewed		0
lib2GOT	lib2got	lib2got	existing-unreviewed		0
lib2elf	lib2elf	lib2elf	existing-unreviewed		0
libLinkMap	libհղումmap	libհղումmap	existing-unreviewed		0
lidtaddr	lidtaddr	lidtaddr	existing-unreviewed		0
limit	limit	limit	existing-unreviewed		0
limitHighAndFlags	limitԲարձրandԴրոշներ	limitԲարձրandԴրոշներ	existing-unreviewed		0
limitLow	limitՑածր	limitՑածր	existing-unreviewed		0
linkMap	հղումmap	հղումmap	existing-unreviewed		0
linkMapAddr	հղումmapaddress	հղումmapaddress	existing-unreviewed		0
linkerAddr	linkeraddress	linkeraddress	existing-unreviewed		0
linkerData	linkerdata	linkerdata	existing-unreviewed		0
linkerEntry	linkerentry	linkerentry	existing-unreviewed		0
linkerFile	linkerՖայլ	linkerՖայլ	existing-unreviewed		0
list	ցուցակ	ցուցակ	existing-unreviewed		0
listening	listening	listening	existing-unreviewed		0
loader	loader	loader	existing-unreviewed		0
local	տեղային	տեղային	existing-unreviewed		0
localDatagramSocket	տեղայինdatagramsocket	տեղայինdatagramsocket	existing-unreviewed		0
localIP	տեղայինip	տեղայինip	existing-unreviewed		0
localPort	տեղայինՊորտՀԱՄԱՐ	տեղայինՊորտՀԱՄԱՐ	existing-unreviewed		0
localSockets	տեղայինsockets	տեղայինsockets	existing-unreviewed		0
logicalAddress	logicaladdress	logicaladdress	existing-unreviewed		0
macAddr	macaddress	macaddress	existing-unreviewed		0
macIdx	macidx	macidx	existing-unreviewed		0
magicnumber	magicnumber	magicnumber	existing-unreviewed		0
main	main	main	compatibility		0
mainThread	գլխավորthread	գլխավորthread	existing-unreviewed		0
makePagePrivateWritableCurrent	makeԷջprivatewritablecurrent	makeԷջprivatewritablecurrent	existing-unreviewed		0
makeRangePrivateWritableCurrent	makeՄիջակայքprivatewritablecurrent	makeՄիջակայքprivatewritablecurrent	existing-unreviewed		0
manager	manager	manager	existing-unreviewed		0
mask	mask	mask	existing-unreviewed		0
master	վարպետ	վարպետ	existing-unreviewed		0
matches	matches	matches	existing-unreviewed		0
maxBARs	maxbars	maxbars	existing-unreviewed		0
maxDatagramSize	maxdatagramՉափս	maxdatagramՉափս	existing-unreviewed		0
maxExecStringLength	maxexecՏՈՂԵրկարություն	maxexecՏՈՂԵրկարություն	existing-unreviewed		0
maxExecVectorEntries	maxexecvectorentry	maxexecvectorentry	existing-unreviewed		0
maxFD	maxՖայլայինդեսկրիպտոր	maxՖայլայինդեսկրիպտոր	existing-unreviewed		0
maxOpenFiles	maxԲացելfiles	maxԲացելfiles	existing-unreviewed		0
maxSocketPackets	maxsocketpackets	maxsocketpackets	existing-unreviewed		0
maxSockets	maxsockets	maxsockets	existing-unreviewed		0
maximumBlocks	առավելագույնԱրգելափակել	առավելագույնԱրգելափակել	existing-unreviewed		0
mediaType	մեդիաՏիպ	մեդիաՏիպ	existing-unreviewed		0
mem	mem	mem	existing-unreviewed		0
memoryArray	հիշողությունԶանգված	հիշողությունԶանգված	existing-unreviewed		0
memoryChunkSize	հիշողությունchunkՉափս	հիշողությունchunkՉափս	existing-unreviewed		0
memoryManager	հիշողությունmanager	հիշողությունmanager	existing-unreviewed		0
memoryOper	հիշողությունoper	հիշողությունoper	existing-unreviewed		0
memorySize	հիշողությունՉափս	հիշողությունՉափս	existing-unreviewed		0
memorymananger	memorymananger	memorymananger	existing-unreviewed		0
memorytest	memorytest	memorytest	existing-unreviewed		0
message	հԱՂՈՐԴԱԳՐՈՒԹՅՈՒՆ	հԱՂՈՐԴԱԳՐՈՒԹՅՈՒՆ	existing-unreviewed		0
micsPort	micsՊորտ	micsՊորտ	existing-unreviewed		0
minimum	նվազագույն	նվազագույն	existing-unreviewed		0
mode	ռեժիմ	ռեժիմ	existing-unreviewed		0
mouseDriver	մկնիկdriver	մկնիկdriver	existing-unreviewed		0
mouseEventHandler	մկնիկeventhandler	մկնիկeventhandler	existing-unreviewed		0
mouseVGA	մկնիկvga	մկնիկvga	existing-unreviewed		0
mouseWidget	մկնիկwidget	մկնիկwidget	existing-unreviewed		0
msdospart	msdospartition	msdospartition	existing-unreviewed		0
msg	msg	msg	existing-unreviewed		0
msgBuffer	msgbuffer	msgbuffer	existing-unreviewed		0
multiboot_memory_map	multibootՀիշողությունmap	multibootՀիշողությունmap	existing-unreviewed		0
multitasking	multitasking	multitasking	existing-unreviewed		0
myKeyboardEventHandler	myՍտեղնաշարeventhandler	myՍտեղնաշարeventhandler	existing-unreviewed		0
myPCIControllerHandler	mypcicontrollerhandler	mypcicontrollerhandler	existing-unreviewed		0
myfunction	myfunction	myfunction	existing-unreviewed		0
n	n	n	existing-unreviewed		0
n_descsz	ndescsz	ndescsz	existing-unreviewed		0
n_namesz	nnamesz	nnamesz	existing-unreviewed		0
n_type	nՏիպ	nՏիպ	existing-unreviewed		0
name	անուն	անուն	existing-unreviewed		0
nameLen	անունlen	անունlen	existing-unreviewed		0
netCard	ցանցcard	ցանցcard	existing-unreviewed		0
newButtons	նորbutton	նորbutton	existing-unreviewed		0
newFD	նորՖայլայինդեսկրիպտոր	նորՖայլայինդեսկրիպտոր	existing-unreviewed		0
newFrame	նորՇրջանակ	նորՇրջանակ	existing-unreviewed		0
newLink	նորհղում	նորհղում	existing-unreviewed		0
newNode	նորnode	նորnode	existing-unreviewed		0
newPtr	նորՑուցիչ	նորՑուցիչ	existing-unreviewed		0
next	հաջորդ	հաջորդ	existing-unreviewed		0
nextEphemeralPort	հաջորդephemeralՊորտ	հաջորդephemeralՊորտ	existing-unreviewed		0
nextFileCluster	հաջորդՖայլcluster	հաջորդՖայլcluster	existing-unreviewed		0
nextHopIP_BE	հաջորդhopipaddressՑանցbyteorder	հաջորդhopipaddressՑանցbyteorder	existing-unreviewed		0
nextNode	հաջորդnode	հաջորդnode	existing-unreviewed		0
nextProcessID	հաջորդԳործընթացid	հաջորդԳործընթացid	existing-unreviewed		0
nextThread	հաջորդthread	հաջորդthread	existing-unreviewed		0
nibble	nibble	nibble	existing-unreviewed		0
node	node	node	pending-language-review	list_node	0
nodeArray	nodeԶանգված	nodeԶանգված	existing-unreviewed		0
num	հԱՄԱՐ	հԱՄԱՐ	existing-unreviewed		0
numCacheEntries	հԱՄԱՐcacheentry	հԱՄԱՐcacheentry	existing-unreviewed		0
numDrivers	հԱՄԱՐdriver	հԱՄԱՐdriver	existing-unreviewed		0
numFunctions	հԱՄԱՐfunctions	հԱՄԱՐfunctions	existing-unreviewed		0
numRecvBuffers	հԱՄԱՐrecvbuffer	հԱՄԱՐrecvbuffer	existing-unreviewed		0
numSendBuffers	հԱՄԱՐՈՒղարկելbuffer	հԱՄԱՐՈՒղարկելbuffer	existing-unreviewed		0
numSockets	հԱՄԱՐsockets	հԱՄԱՐsockets	existing-unreviewed		0
numTasks	հԱՄԱՐԱռաջադրանքներ	հԱՄԱՐԱռաջադրանքներ	existing-unreviewed		0
oAppend	oappend	oappend	existing-unreviewed		0
oCreate	ocreate	ocreate	existing-unreviewed		0
oDirectory	oֆայլապանակ	oֆայլապանակ	existing-unreviewed		0
oReadOnly	oԸնթերցումonly	oԸնթերցումonly	existing-unreviewed		0
oReadWrite	oԸնթերցումԳրել	oԸնթերցումԳրել	existing-unreviewed		0
oTruncate	oԿտրել	oԿտրել	existing-unreviewed		0
oWriteOnly	oԳրելonly	oԳրելonly	existing-unreviewed		0
o_addr	oaddress	oaddress	existing-unreviewed		0
offset	offset	offset	existing-unreviewed		0
ok	ok	ok	existing-unreviewed		0
oldButtons	oldbutton	oldbutton	existing-unreviewed		0
oldCR3	oldcr3	oldcr3	existing-unreviewed		0
oldFD	oldՖայլայինդեսկրիպտոր	oldՖայլայինդեսկրիպտոր	existing-unreviewed		0
oldFrame	oldՇրջանակ	oldՇրջանակ	existing-unreviewed		0
oldGdt	oldgdt	oldgdt	existing-unreviewed		0
oldGdtAddr	oldgdtaddress	oldgdtaddress	existing-unreviewed		0
oldGdtLen	oldgdtlen	oldgdtlen	existing-unreviewed		0
openFileDescription	բացելՖայլՆկարագրություն	բացելՖայլՆկարագրություն	existing-unreviewed		0
openFileTable	բացելՖայլԱղյուսակ	բացելՖայլԱղյուսակ	existing-unreviewed		0
options	տարբերակներ	տարբերակներ	existing-unreviewed		0
orgValue	orgԱրժեք	orgԱրժեք	existing-unreviewed		0
p	p	p	existing-unreviewed		0
p1	p1	p1	existing-unreviewed		0
p2	p2	p2	existing-unreviewed		0
p_align	pՀավասարեցնել	pՀավասարեցնել	existing-unreviewed		0
p_backend	pbackend	pbackend	existing-unreviewed		0
p_data	pdata	pdata	existing-unreviewed		0
p_efHandler	pefhandler	pefhandler	existing-unreviewed		0
p_efProvider	pefprovider	pefprovider	existing-unreviewed		0
p_etherType	pethernetՏիպ	pethernetՏիպ	existing-unreviewed		0
p_filesz	pfilesz	pfilesz	existing-unreviewed		0
p_flags	pԴրոշներ	pԴրոշներ	existing-unreviewed		0
p_iHandler	pihandler	pihandler	existing-unreviewed		0
p_ipHandler	piphandler	piphandler	existing-unreviewed		0
p_ipProvider	pipprovider	pipprovider	existing-unreviewed		0
p_memsz	pmemsz	pmemsz	existing-unreviewed		0
p_offset	poffset	poffset	existing-unreviewed		0
p_paddr	ppaddr	ppaddr	existing-unreviewed		0
p_protocol	pprotocol	pprotocol	existing-unreviewed		0
p_provider	pprovider	pprovider	existing-unreviewed		0
p_str	pstr	pstr	existing-unreviewed		0
p_type	pՏիպ	pՏիպ	existing-unreviewed		0
p_udpHandler	pudphandler	pudphandler	existing-unreviewed		0
p_udpProvider	pudpprovider	pudpprovider	existing-unreviewed		0
p_vaddr	pvaddr	pvaddr	existing-unreviewed		0
packet	packet	packet	existing-unreviewed		0
packetStatus	packetԿարգավիճակ	packetԿարգավիճակ	existing-unreviewed		0
packets	packets	packets	existing-unreviewed		0
page	էջ	էջ	existing-unreviewed		0
pageDir	էջֆայլապանակ	էջֆայլապանակ	pending-language-review	page_directory	0
pageDirEntry	էջֆայլապանակentry	էջֆայլապանակentry	existing-unreviewed		0
pageTableEntry	էջԱղյուսակentry	էջԱղյուսակentry	existing-unreviewed		0
paging	paging	paging	existing-unreviewed		0
param	param	param	existing-unreviewed		0
params	params	params	existing-unreviewed		0
parent	ծնող	ծնող	existing-unreviewed		0
parentPID	ծնողpid	ծնողpid	existing-unreviewed		0
parentProcess	ծնողԳործընթաց	ծնողԳործընթաց	existing-unreviewed		0
partEntry	partentry	partentry	existing-unreviewed		0
partition	partition	partition	existing-unreviewed		0
partitionBytes	partitionԲայթեր	partitionԲայթեր	existing-unreviewed		0
partitionOffset	partitionoffset	partitionoffset	existing-unreviewed		0
path	ոՒՂԻ	ոՒՂԻ	existing-unreviewed		0
pathAddr	ոՒՂԻaddress	ոՒՂԻaddress	existing-unreviewed		0
pci	pci	pci	existing-unreviewed		0
pciController	pcicontroller	pcicontroller	existing-unreviewed		0
pde	pde	pde	existing-unreviewed		0
pdeAddr	pdeaddress	pdeaddress	existing-unreviewed		0
pdelen	pdelen	pdelen	existing-unreviewed		0
peer	peer	peer	existing-unreviewed		0
pendingButtons	pendingbutton	pendingbutton	existing-unreviewed		0
pendingMouseEvent	pendingՄկնիկevent	pendingՄկնիկevent	existing-unreviewed		0
pendingX	pendingx	pendingx	existing-unreviewed		0
pendingY	pendingy	pendingy	existing-unreviewed		0
phyaddr	phyaddr	phyaddr	existing-unreviewed		0
phymem	physicalՀիշողություն	physicalՀիշողություն	existing-unreviewed		0
physicalAddress	physicaladdress	physicaladdress	existing-unreviewed		0
pid	pid	pid	existing-unreviewed		0
pitFrequency	pitfrequency	pitfrequency	existing-unreviewed		0
pixelAddress	pixeladdress	pixeladdress	existing-unreviewed		0
pointer	ցուցիչ	ցուցիչ	pending-language-review	pointer	0
pollKeyboardScancode	pollՍտեղնաշարscancode	pollՍտեղնաշարscancode	existing-unreviewed		0
port	պորտ	պորտ	existing-unreviewed		0
portBase	պորտbase	պորտbase	existing-unreviewed		0
portInUse	պորտՄեջuse	պորտՄեջuse	existing-unreviewed		0
portnumber	portnumber	portnumber	existing-unreviewed		0
pos	դիրք	դիրք	existing-unreviewed		0
position	դիրք_2	դիրք_2	existing-unreviewed		0
posixStat	posixstat	posixstat	existing-unreviewed		0
posixUtsname	posixutsname	posixutsname	existing-unreviewed		0
prefetchable	prefetchcapable	prefetchcapable	existing-unreviewed		0
prev	previous	previous	existing-unreviewed		0
prevNode	previousnode	previousnode	existing-unreviewed		0
prevX	previousx	previousx	existing-unreviewed		0
prevY	previousy	previousy	existing-unreviewed		0
printESP	տպելesp	տպելesp	existing-unreviewed		0
printExceptionSelectorInfo	տպելexceptionselectorinfo	տպելexceptionselectorinfo	existing-unreviewed		0
printPageFaultInfo	տպելԷջfaultinfo	տպելԷջfaultinfo	existing-unreviewed		0
printreg	printreg	printreg	existing-unreviewed		0
proc2	proc2	proc2	existing-unreviewed		0
proc3	proc3	proc3	existing-unreviewed		0
proc4	proc4	proc4	existing-unreviewed		0
process	գործընթաց	գործընթաց	existing-unreviewed		0
processEntry	գործընթացentry	գործընթացentry	existing-unreviewed		0
processHelper	գործընթացhelper	գործընթացhelper	existing-unreviewed		0
processTable	գործընթացԱղյուսակ	գործընթացԱղյուսակ	existing-unreviewed		0
processes	գործընթացներ	գործընթացներ	existing-unreviewed		0
programBreak	ծրագիրbreak	ծրագիրbreak	existing-unreviewed		0
protocol	protocol	protocol	existing-unreviewed		0
protocolAddressSize	protocoladdressՉափս	protocoladdressՉափս	existing-unreviewed		0
providedLength	providedԵրկարություն	providedԵրկարություն	existing-unreviewed		0
provider	provider	provider	existing-unreviewed		0
ps2WaitLimit	ps2Սպասելlimit	ps2Սպասելlimit	existing-unreviewed		0
pt	pt	pt	existing-unreviewed		0
pte	pte	pte	existing-unreviewed		0
pteAddr	pteaddress	pteaddress	existing-unreviewed		0
ptr	ցուցիչ_2	ցուցիչ_2	pending-language-review	pointer	0
pushExecUint32	pushexecunsignedinteger32	pushexecunsignedinteger32	existing-unreviewed		0
queueKeyboardByte	queueՍտեղնաշարbyte	queueՍտեղնաշարbyte	existing-unreviewed		0
r	r	r	existing-unreviewed		0
r_addend	raddend	raddend	existing-unreviewed		0
r_info	rinfo	rinfo	existing-unreviewed		0
r_offset	roffset	roffset	existing-unreviewed		0
raw	raw	raw	existing-unreviewed		0
rawDataBackend	rawdatabackend	rawdatabackend	existing-unreviewed		0
readFile	ընթերցումՖայլ	ընթերցումՖայլ	existing-unreviewed		0
readPS2Data	ընթերցումps2data	ընթերցումps2data	existing-unreviewed		0
readStdin	ընթերցումstdin	ընթերցումstdin	existing-unreviewed		0
readVFSFile	ընթերցումvfsՖայլ	ընթերցումvfsՖայլ	existing-unreviewed		0
read_count	ընթերցումcount	ընթերցումcount	existing-unreviewed		0
receiver	receiver	receiver	existing-unreviewed		0
recvBufferDescr	recvbufferՆկարագրություն	recvbufferՆկարագրություն	existing-unreviewed		0
recvBufferDescrAddress	recvbufferՆկարագրությունaddress	recvbufferՆկարագրությունaddress	existing-unreviewed		0
recvBuffers	recvbuffer	recvbuffer	existing-unreviewed		0
recvBuffersDescrMemory	recvbufferՆկարագրությունՀիշողություն	recvbufferՆկարագրությունՀիշողություն	existing-unreviewed		0
refBytes	referenceԲայթեր	referenceԲայթեր	existing-unreviewed		0
refPtr	referenceՑուցիչ	referenceՑուցիչ	existing-unreviewed		0
refs	refs	refs	existing-unreviewed		0
regIndex	regԻնդեքս	regԻնդեքս	existing-unreviewed		0
registerAddressPort	registeraddressՊորտ	registeraddressՊորտ	existing-unreviewed		0
registerDataPort	registerdataՊորտ	registerdataՊորտ	existing-unreviewed		0
registeroffset	registeroffset	registeroffset	existing-unreviewed		0
registers	register	register	existing-unreviewed		0
regtype	regtype	regtype	existing-unreviewed		0
rel_text	relՏեքստ	relՏեքստ	existing-unreviewed		0
rel_text_len	relՏեքստlen	relՏեքստlen	existing-unreviewed		0
releaseOpenFile	releaseԲացելՖայլ	releaseԲացելՖայլ	existing-unreviewed		0
released	released	released	existing-unreviewed		0
reloadCR3	վերբեռնելcr3	վերբեռնելcr3	existing-unreviewed		0
relocation_text	relocationՏեքստ	relocationՏեքստ	existing-unreviewed		0
remaining	remaining	remaining	existing-unreviewed		0
remote	remote	remote	existing-unreviewed		0
remoteIP	remoteip	remoteip	existing-unreviewed		0
remotePort	remoteՊորտՀԱՄԱՐ	remoteՊորտՀԱՄԱՐ	existing-unreviewed		0
requested	requested	requested	existing-unreviewed		0
reserved	reserved	reserved	existing-unreviewed		0
reserved0	reserved0	reserved0	existing-unreviewed		0
reservedSectors	reservedsectors	reservedsectors	existing-unreviewed		0
resetPort	դադարեցնելՊորտ	դադարեցնելՊորտ	existing-unreviewed		0
restoreFpRegs	վերականգնելfpregs	վերականգնելfpregs	existing-unreviewed		0
result	result	result	existing-unreviewed		0
result1	result1	result1	existing-unreviewed		0
result2	result2	result2	existing-unreviewed		0
ret	ret	ret	existing-unreviewed		0
revision	revision	revision	existing-unreviewed		0
rightShift	աջshiftՌեգիստրիփոփոխում	աջshiftՌեգիստրիփոփոխում	existing-unreviewed		0
rootCluster	արմատcluster	արմատcluster	existing-unreviewed		0
rootDirEntries	արմատֆայլապանակentry	արմատֆայլապանակentry	existing-unreviewed		0
rootStart	արմատՍկիզբ	արմատՍկիզբ	existing-unreviewed		0
rt	rt	rt	existing-unreviewed		0
s	s	s	existing-unreviewed		0
sIfchr	sifchr	sifchr	existing-unreviewed		0
sIfdir	sifdir	sifdir	existing-unreviewed		0
sIfmt	sifmt	sifmt	existing-unreviewed		0
sIfreg	sifreg	sifreg	existing-unreviewed		0
sIfsock	sifsock	sifsock	existing-unreviewed		0
savedESP	savedesp	savedesp	existing-unreviewed		0
sc	sc	sc	existing-unreviewed		0
scanCode	որոնելcode	որոնելcode	existing-unreviewed		0
scanCodeToByte	որոնելcodetobyte	որոնելcodetobyte	existing-unreviewed		0
scancodeToByte	scancodetobyte	scancodetobyte	existing-unreviewed		0
sche	sche	sche	existing-unreviewed		0
sche_data	schedata	schedata	existing-unreviewed		0
scheduleStack	schedulestack	schedulestack	existing-unreviewed		0
scheduler	scheduler	scheduler	existing-unreviewed		0
schedulerDebug	schedulerdebug	schedulerdebug	existing-unreviewed		0
sectHeader	sectheader	sectheader	existing-unreviewed		0
sectHeaderSize	sectheaderՉափս	sectheaderՉափս	existing-unreviewed		0
sectName	sectԱնուն	sectԱնուն	existing-unreviewed		0
sectValue	sectԱրժեք	sectԱրժեք	existing-unreviewed		0
sector	sector	sector	existing-unreviewed		0
sectorCountPort	sectorcountՊորտ	sectorcountՊորտ	existing-unreviewed		0
sectorNum	sectorՀԱՄԱՐ	sectorՀԱՄԱՐ	existing-unreviewed		0
sectorOffset	sectoroffset	sectoroffset	existing-unreviewed		0
sectorPerTrack	sectorpertrack	sectorpertrack	existing-unreviewed		0
sectorsPerCluster	sectorspercluster	sectorspercluster	existing-unreviewed		0
seekCur	seekcurrent	seekcurrent	existing-unreviewed		0
seekEnd	seekվերջ	seekվերջ	existing-unreviewed		0
seekSet	seekset	seekset	existing-unreviewed		0
segmentNumber	segmentՀԱՄԱՐ	segmentՀԱՄԱՐ	existing-unreviewed		0
self	ինքնուրույն	ինքնուրույն	existing-unreviewed		0
self_uintptr	ինքնուրույնuintptr	ինքնուրույնuintptr	existing-unreviewed		0
sendBack	reply	reply	existing-unreviewed		0
sendBufferDescr	ոՒղարկելbufferՆկարագրություն	ոՒղարկելbufferՆկարագրություն	existing-unreviewed		0
sendBufferDescrAddress	ոՒղարկելbufferՆկարագրությունaddress	ոՒղարկելbufferՆկարագրությունaddress	existing-unreviewed		0
sendBuffers	ոՒղարկելbuffer	ոՒղարկելbuffer	existing-unreviewed		0
sendBuffersDescrMemory	ոՒղարկելbufferՆկարագրությունՀիշողություն	ոՒղարկելbufferՆկարագրությունՀիշողություն	existing-unreviewed		0
sendDataPointer	ոՒղարկելdataՑուցիչ	ոՒղարկելdataՑուցիչ	existing-unreviewed		0
sendDescriptor	ոՒղարկելdescriptor	ոՒղարկելdescriptor	existing-unreviewed		0
sendMouseCommand	ոՒղարկելՄկնիկՀրահանգ	ոՒղարկելՄկնիկՀրահանգ	existing-unreviewed		0
sequencerDataPort	sequencerdataՊորտ	sequencerdataՊորտ	existing-unreviewed		0
sequencerIndexPort	sequencerԻնդեքսՊորտ	sequencerԻնդեքսՊորտ	existing-unreviewed		0
serialLogByte	seriallogbyte	seriallogbyte	existing-unreviewed		0
serialReady	serialՊատրաստ	serialՊատրաստ	existing-unreviewed		0
setCR3	setcr3	setcr3	existing-unreviewed		0
setDS	setds	setds	existing-unreviewed		0
setGS	setgs	setgs	existing-unreviewed		0
setThreadExitLoopState	setthreadexitloopՎիճակ	setthreadexitloopՎիճակ	existing-unreviewed		0
setupExecStack	setupexecstack	setupexecstack	existing-unreviewed		0
sh	sh	sh	existing-unreviewed		0
sh_addr	shaddress	shaddress	existing-unreviewed		0
sh_addralign	shaddralign	shaddralign	existing-unreviewed		0
sh_entsize	shentsize	shentsize	existing-unreviewed		0
sh_flags	shԴրոշներ	shԴրոշներ	existing-unreviewed		0
sh_info	shinfo	shinfo	existing-unreviewed		0
sh_link	shհղում	shհղում	existing-unreviewed		0
sh_name	shԱնուն	shԱնուն	existing-unreviewed		0
sh_offset	shoffset	shoffset	existing-unreviewed		0
sh_size	shՉափս	shՉափս	existing-unreviewed		0
sh_type	shՏիպ	shՏիպ	existing-unreviewed		0
shift	shiftՌեգիստրիփոփոխում	shiftՌեգիստրիփոփոխում	existing-unreviewed		0
signature	signature	signature	existing-unreviewed		0
size	չափս	չափս	existing-unreviewed		0
sl	sl	sl	existing-unreviewed		0
sockDatagram	sockdatagram	sockdatagram	existing-unreviewed		0
socket	socket	socket	existing-unreviewed		0
socketAddress	socketaddress	socketaddress	existing-unreviewed		0
socketAddressIPv4	socketaddressipv4	socketaddressipv4	existing-unreviewed		0
socketBind	socketbind	socketbind	existing-unreviewed		0
socketCallArgument	socketcallargument	socketcallargument	existing-unreviewed		0
socketConnect	socketՄիացնել	socketՄիացնել	existing-unreviewed		0
socketForFD	socketforՖայլայինդեսկրիպտոր	socketforՖայլայինդեսկրիպտոր	existing-unreviewed		0
socketIndex	socketԻնդեքս	socketԻնդեքս	existing-unreviewed		0
socketPacket	socketpacket	socketpacket	existing-unreviewed		0
socketReceiveFrom	socketreceiveից	socketreceiveից	existing-unreviewed		0
socketSendTo	socketՈՒղարկելto	socketՈՒղարկելto	existing-unreviewed		0
socketType	socketՏիպ	socketՏիպ	existing-unreviewed		0
sockets	sockets	sockets	existing-unreviewed		0
softName	softԱնուն	softԱնուն	existing-unreviewed		0
source	աղբյուր	աղբյուր	existing-unreviewed		0
sourceAddress	աղբյուրaddress	աղբյուրaddress	existing-unreviewed		0
sourceLengthAddress	աղբյուրԵրկարությունaddress	աղբյուրԵրկարությունaddress	existing-unreviewed		0
src	աղբյուր_2	աղբյուր_2	existing-unreviewed		0
srcEntry	աղբյուրentry	աղբյուրentry	existing-unreviewed		0
srcIP	աղբյուրipaddress	աղբյուրipaddress	existing-unreviewed		0
srcIP_BE	աղբյուրipaddressՑանցbyteorder	աղբյուրipaddressՑանցbyteorder	existing-unreviewed		0
srcMAC	աղբյուրmacaddress	աղբյուրmacaddress	existing-unreviewed		0
srcMAC_BE	աղբյուրmacbe	աղբյուրmacbe	existing-unreviewed		0
srcPageDir	աղբյուրԷջֆայլապանակ	աղբյուրԷջֆայլապանակ	existing-unreviewed		0
srcPde	աղբյուրpde	աղբյուրpde	existing-unreviewed		0
srcPdeAddr	աղբյուրpdeaddress	աղբյուրpdeaddress	existing-unreviewed		0
srcPort	աղբյուրՊորտՀԱՄԱՐ	աղբյուրՊորտՀԱՄԱՐ	pending-language-review	source_port	0
srcPt	աղբյուրpt	աղբյուրpt	existing-unreviewed		0
srcptr	srcptr	srcptr	existing-unreviewed		0
ss	ss	ss	existing-unreviewed		0
ss0	ss0	ss0	existing-unreviewed		0
ss1	ss1	ss1	existing-unreviewed		0
ss2	ss2	ss2	existing-unreviewed		0
st	st	st	existing-unreviewed		0
st_info	stinfo	stinfo	existing-unreviewed		0
st_name	stԱնուն	stԱնուն	existing-unreviewed		0
st_other	stԱյլ	stԱյլ	existing-unreviewed		0
st_shndx	stshndx	stshndx	existing-unreviewed		0
st_size	stՉափս	stՉափս	existing-unreviewed		0
st_value	stԱրժեք	stԱրժեք	existing-unreviewed		0
stack	stack	stack	pending-language-review	stack	0
stackBytes	stackԲայթեր	stackԲայթեր	existing-unreviewed		0
stackPtr	stackՑուցիչ	stackՑուցիչ	existing-unreviewed		0
stack_addr	stackaddress	stackaddress	existing-unreviewed		0
stackbottom	stackbottom	stackbottom	existing-unreviewed		0
stacktop	stacktop	stacktop	existing-unreviewed		0
start	սկիզբ	սկիզբ	existing-unreviewed		0
startOffset	սկիզբoffset	սկիզբoffset	existing-unreviewed		0
start_cylinder	սկիզբcylinder	սկիզբcylinder	existing-unreviewed		0
start_head	սկիզբhead	սկիզբhead	existing-unreviewed		0
start_sector	սկիզբsector	սկիզբsector	existing-unreviewed		0
startingBit	startingbit	startingbit	existing-unreviewed		0
stat	stat	stat	existing-unreviewed		0
statAddr	stataddress	stataddress	existing-unreviewed		0
status	կարգավիճակ	կարգավիճակ	existing-unreviewed		0
statusAddr	կարգավիճակaddress	կարգավիճակaddress	existing-unreviewed		0
stderrFD	stderrՖայլայինդեսկրիպտոր	stderrՖայլայինդեսկրիպտոր	existing-unreviewed		0
stdinBuffer	stdinbuffer	stdinbuffer	existing-unreviewed		0
stdinFD	stdinՖայլայինդեսկրիպտոր	stdinՖայլայինդեսկրիպտոր	existing-unreviewed		0
stdinGetBlocking	stdingetblocking	stdingetblocking	existing-unreviewed		0
stdinRead	stdinԸնթերցում	stdinԸնթերցում	existing-unreviewed		0
stdinWrite	stdinԳրել	stdinԳրել	existing-unreviewed		0
stdoutFD	stdoutՖայլայինդեսկրիպտոր	stdoutՖայլայինդեսկրիպտոր	existing-unreviewed		0
stoppedThread	կանգնեցվածthread	կանգնեցվածthread	existing-unreviewed		0
str	str	str	existing-unreviewed		0
stringAddress	տՈՂaddress	տՈՂaddress	existing-unreviewed		0
stringHeader	տՈՂheader	տՈՂheader	existing-unreviewed		0
strtab	strtab	strtab	existing-unreviewed		0
subclass_id	subclassid	subclassid	existing-unreviewed		0
subnetMask	subnetmask	subnetmask	existing-unreviewed		0
swapUint16	փոխանակությունunsignedinteger16	փոխանակությունunsignedinteger16	existing-unreviewed		0
switchForced	switchforced	switchforced	existing-unreviewed		0
sysAccess	sysմուտք	sysմուտք	existing-unreviewed		0
sysBrk	sysbrk	sysbrk	existing-unreviewed		0
sysCall	syscall	syscall	existing-unreviewed		0
sysChdir	syschdir	syschdir	existing-unreviewed		0
sysClose	sysՓակել	sysՓակել	existing-unreviewed		0
sysDup	sysdup	sysdup	existing-unreviewed		0
sysDup2	sysdup2	sysdup2	existing-unreviewed		0
sysExecve	sysexecve	sysexecve	existing-unreviewed		0
sysExit	sysexit	sysexit	existing-unreviewed		0
sysFcntl	sysfcntl	sysfcntl	existing-unreviewed		0
sysFork	sysfork	sysfork	existing-unreviewed		0
sysFstat	sysfstat	sysfstat	existing-unreviewed		0
sysFsync	sysfsync	sysfsync	existing-unreviewed		0
sysGetcwd	sysgetcwd	sysgetcwd	existing-unreviewed		0
sysLseek	syslseek	syslseek	existing-unreviewed		0
sysOpen	sysԲացել	sysԲացել	existing-unreviewed		0
sysRead	sysԸնթերցում	sysԸնթերցում	existing-unreviewed		0
sysSocketCall	syssocketcall	syssocketcall	existing-unreviewed		0
sysStat	sysstat	sysstat	existing-unreviewed		0
sysUname	sysuname	sysuname	existing-unreviewed		0
sysWaitpid	syswaitpid	syswaitpid	existing-unreviewed		0
sysWrite	sysԳրել	sysԳրել	existing-unreviewed		0
syscallError	syscallՍխալ	syscallՍխալ	existing-unreviewed		0
syscallID	syscallid	syscallid	existing-unreviewed		0
systemcall	համակարգcall	համակարգcall	existing-unreviewed		0
table	աղյուսակ	աղյուսակ	existing-unreviewed		0
tableSize	աղյուսակՉափս	աղյուսակՉափս	existing-unreviewed		0
tail	tail	tail	existing-unreviewed		0
task	task	task	existing-unreviewed		0
taskA	taska	taska	existing-unreviewed		0
taskB	taskb	taskb	existing-unreviewed		0
taskC	taskc	taskc	existing-unreviewed		0
taskD	taskd	taskd	existing-unreviewed		0
taskD0	taskd0	taskd0	existing-unreviewed		0
taskD1	taskd1	taskd1	existing-unreviewed		0
taskManager	taskmanager	taskmanager	existing-unreviewed		0
tasks	առաջադրանքներ	առաջադրանքներ	existing-unreviewed		0
temp	temporary	temporary	existing-unreviewed		0
terminated	terminated	terminated	existing-unreviewed		0
text	տեքստ	տեքստ	existing-unreviewed		0
textPtr	տեքստՑուցիչ	տեքստՑուցիչ	existing-unreviewed		0
text_len	տեքստlen	տեքստlen	existing-unreviewed		0
text_mode_check_fb_move	տեքստՌեժիմcheckfbՏեղաշարժել	տեքստՌեժիմcheckfbՏեղաշարժել	existing-unreviewed		0
text_mode_disable_cursor	տեքստՌեժիմdisablecursor	տեքստՌեժիմdisablecursor	existing-unreviewed		0
text_mode_enable_cursor	տեքստՌեժիմenablecursor	տեքստՌեժիմenablecursor	existing-unreviewed		0
text_mode_error_writer	տեքստՌեժիմՍխալwriter	տեքստՌեժիմՍխալwriter	existing-unreviewed		0
text_mode_flush_screen	տեքստՌեժիմflushscreen	տեքստՌեժիմflushscreen	existing-unreviewed		0
text_mode_init	տեքստՌեժիմinit	տեքստՌեժիմinit	existing-unreviewed		0
text_mode_print	տեքստՌեժիմՏպել	տեքստՌեժիմՏպել	existing-unreviewed		0
text_mode_print_bytes	տեքստՌեժիմՏպելԲայթեր	տեքստՌեժիմՏպելԲայթեր	existing-unreviewed		0
text_mode_print_char	տեքստՌեժիմՏպելchar	տեքստՌեժիմՏպելchar	existing-unreviewed		0
text_mode_print_char_col	տեքստՌեժիմՏպելcharcol	տեքստՌեժիմՏպելcharcol	existing-unreviewed		0
text_mode_print_col	տեքստՌեժիմՏպելcol	տեքստՌեժիմՏպելcol	existing-unreviewed		0
text_mode_print_error	տեքստՌեժիմՏպելՍխալ	տեքստՌեժիմՏպելՍխալ	existing-unreviewed		0
text_mode_print_error_bytes	տեքստՌեժիմՏպելՍխալԲայթեր	տեքստՌեժիմՏպելՍխալԲայթեր	existing-unreviewed		0
text_mode_print_errorln	տեքստՌեժիմՏպելerrorln	տեքստՌեժիմՏպելerrorln	existing-unreviewed		0
text_mode_print_hex	տեքստՌեժիմՏպելhex	տեքստՌեժիմՏպելhex	existing-unreviewed		0
text_mode_print_hex16	տեքստՌեժիմՏպելhex16	տեքստՌեժիմՏպելhex16	existing-unreviewed		0
text_mode_print_hex32	տեքստՌեժիմՏպելhex32	տեքստՌեժիմՏպելhex32	existing-unreviewed		0
text_mode_print_hex64	տեքստՌեժիմՏպելhex64	տեքստՌեժիմՏպելhex64	existing-unreviewed		0
text_mode_print_hex_char	տեքստՌեժիմՏպելhexchar	տեքստՌեժիմՏպելhexchar	existing-unreviewed		0
text_mode_println	տեքստՌեժիմprintln	տեքստՌեժիմprintln	existing-unreviewed		0
text_mode_println_col	տեքստՌեժիմprintlncol	տեքստՌեժիմprintlncol	existing-unreviewed		0
text_mode_update_cursor	տեքստՌեժիմՆորացնելcursor	տեքստՌեժիմՆորացնելcursor	existing-unreviewed		0
text_mode_writer	տեքստՌեժիմwriter	տեքստՌեժիմwriter	existing-unreviewed		0
thr2	thr2	thr2	existing-unreviewed		0
thr3	thr3	thr3	existing-unreviewed		0
thr4	thr4	thr4	existing-unreviewed		0
thread	thread	thread	existing-unreviewed		0
threadExitLoop	threadexitloop	threadexitloop	existing-unreviewed		0
threadHelper	threadhelper	threadhelper	existing-unreviewed		0
threadPtr	threadՑուցիչ	threadՑուցիչ	existing-unreviewed		0
tickCount	tickcount	tickcount	existing-unreviewed		0
timeDelta	ժամանակdelta	ժամանակdelta	existing-unreviewed		0
timeToLive	ժամանակtolive	ժամանակtolive	existing-unreviewed		0
timer	ժամանակաչափ	ժամանակաչափ	existing-unreviewed		0
tls	tls	tls	existing-unreviewed		0
tmp	tmp	tmp	existing-unreviewed		0
tmpPtr	tmpՑուցիչ	tmpՑուցիչ	existing-unreviewed		0
tos	tos	tos	existing-unreviewed		0
totalLength	ընդհանուրԵրկարություն	ընդհանուրԵրկարություն	existing-unreviewed		0
totalSectorCount	ընդհանուրsectorcount	ընդհանուրsectorcount	existing-unreviewed		0
totalSectors	ընդհանուրsectors	ընդհանուրsectors	existing-unreviewed		0
trap	trap	trap	existing-unreviewed		0
tss	tss	tss	existing-unreviewed		0
tssIndex	tssԻնդեքս	tssԻնդեքս	existing-unreviewed		0
udp	udp	udp	existing-unreviewed		0
udpHandler	udphandler	udphandler	existing-unreviewed		0
udpHeaderSize	udpheaderՉափս	udpheaderՉափս	existing-unreviewed		0
udpProvider	udpprovider	udpprovider	existing-unreviewed		0
udp콘솔	udpconsole	udpconsole	existing-unreviewed		0
unused	unused	unused	existing-unreviewed		0
used	օգտագործված	օգտագործված	existing-unreviewed		0
usedBlocks	օգտագործվածԱրգելափակել	օգտագործվածԱրգելափակել	existing-unreviewed		0
user1addr	օգտագործող1address	օգտագործող1address	existing-unreviewed		0
user1data	օգտագործող1data	օգտագործող1data	existing-unreviewed		0
user1entry	օգտագործող1entry	օգտագործող1entry	existing-unreviewed		0
user1file	օգտագործող1Ֆայլ	օգտագործող1Ֆայլ	existing-unreviewed		0
user2addr	օգտագործող2address	օգտագործող2address	existing-unreviewed		0
user2data	օգտագործող2data	օգտագործող2data	existing-unreviewed		0
user2entry	օգտագործող2entry	օգտագործող2entry	existing-unreviewed		0
user2file	օգտագործող2Ֆայլ	օգտագործող2Ֆայլ	existing-unreviewed		0
user3addr	օգտագործող3address	օգտագործող3address	existing-unreviewed		0
user3data	օգտագործող3data	օգտագործող3data	existing-unreviewed		0
user3entry	օգտագործող3entry	օգտագործող3entry	existing-unreviewed		0
user3file	օգտագործող3Ֆայլ	օգտագործող3Ֆայլ	existing-unreviewed		0
userHeapBase	օգտագործողheapbase	օգտագործողheapbase	existing-unreviewed		0
userHeapLimit	օգտագործողheaplimit	օգտագործողheaplimit	existing-unreviewed		0
user_esp	օգտագործողesp	օգտագործողesp	existing-unreviewed		0
userhandler	userhandler	userhandler	existing-unreviewed		0
userproc_entry	userprocentry	userprocentry	existing-unreviewed		0
util	util	util	existing-unreviewed		0
util콘솔	utilconsole	utilconsole	existing-unreviewed		0
v	v	v	existing-unreviewed		0
vAddr	vaddress	vaddress	existing-unreviewed		0
value	արժեք	արժեք	existing-unreviewed		0
values	values	values	existing-unreviewed		0
version	version	version	existing-unreviewed		0
vga	vga	vga	existing-unreviewed		0
virtlen	virtlen	virtlen	existing-unreviewed		0
virtmem	virtualՀիշողություն	virtualՀիշողություն	existing-unreviewed		0
virtualAddr	virtualaddress	virtualaddress	existing-unreviewed		0
volumeId	ծավալid	ծավալid	existing-unreviewed		0
volumeLabel	ծավալՊիտակ	ծավալՊիտակ	existing-unreviewed		0
w	w	w	existing-unreviewed		0
wDate	wdate	wdate	existing-unreviewed		0
wTime	wԺամանակ	wԺամանակ	existing-unreviewed		0
waitPS2InputEmpty	սպասելps2ՀիմաԴատարկ	սպասելps2ՀիմաԴատարկ	existing-unreviewed		0
waitPS2OutputFull	սպասելps2ԵլքԼրիվ	սպասելps2ԵլքԼրիվ	existing-unreviewed		0
wdata	wdata	wdata	existing-unreviewed		0
whence	whence	whence	existing-unreviewed		0
widget	widget	widget	existing-unreviewed		0
width	լայնություն	լայնություն	existing-unreviewed		0
writePS2Command	գրելps2Հրահանգ	գրելps2Հրահանգ	existing-unreviewed		0
writePS2Data	գրելps2data	գրելps2data	existing-unreviewed		0
write_count	գրելcount	գրելcount	existing-unreviewed		0
x	x	x	existing-unreviewed		0
xPageDir	xԷջֆայլապանակ	xԷջֆայլապանակ	existing-unreviewed		0
xPos	xԴիրք	xԴիրք	existing-unreviewed		0
y	y	y	existing-unreviewed		0
yPageDir	yԷջֆայլապանակ	yԷջֆայլապանակ	existing-unreviewed		0
yPos	yԴիրք	yԴիրք	existing-unreviewed		0
값	արժեք_2	արժեք_2	existing-unreviewed		0
공용서술자테이블	shareddescriptorԱղյուսակ	shareddescriptorԱղյուսակ	existing-unreviewed		0
기준	base_2	base_2	existing-unreviewed		0
기준_낮은	baseՑածր_2	baseՑածր_2	existing-unreviewed		0
기준_높은	baseԲարձր_2	baseԲարձր_2	existing-unreviewed		0
기준_매우높은	baseveryԲարձր	baseveryԲարձր	existing-unreviewed		0
기준주소	baseaddress	baseaddress	existing-unreviewed		0
넷카드콘솔	ցանցcardconsole	ցանցcardconsole	existing-unreviewed		0
단말기	terminal	terminal	existing-unreviewed		0
마우스콘솔	մկնիկconsole	մկնիկconsole	existing-unreviewed		0
매개값	argumentԱրժեք	argumentԱրժեք	existing-unreviewed		0
멈추기	halt	halt	existing-unreviewed		0
목적	destination_3	destination_3	existing-unreviewed		0
유형	տիպ	տիպ	existing-unreviewed		0
이더넷콘솔	ethernetconsole	ethernetconsole	existing-unreviewed		0
인터럽트무시하기	ընդհատելignore	ընդհատելignore	existing-unreviewed		0
인터럽트예외처리기	ընդհատելexceptionhandler	ընդհատելexceptionhandler	existing-unreviewed		0
인터럽트예외처리기0x00	ընդհատելexceptionhandler0x00	ընդհատելexceptionhandler0x00	existing-unreviewed		0
인터럽트예외처리기0x01	ընդհատելexceptionhandler0x01	ընդհատելexceptionhandler0x01	existing-unreviewed		0
인터럽트예외처리기0x02	ընդհատելexceptionhandler0x02	ընդհատելexceptionhandler0x02	existing-unreviewed		0
인터럽트예외처리기0x03	ընդհատելexceptionhandler0x03	ընդհատելexceptionhandler0x03	existing-unreviewed		0
인터럽트예외처리기0x04	ընդհատելexceptionhandler0x04	ընդհատելexceptionhandler0x04	existing-unreviewed		0
인터럽트예외처리기0x05	ընդհատելexceptionhandler0x05	ընդհատելexceptionhandler0x05	existing-unreviewed		0
인터럽트예외처리기0x06	ընդհատելexceptionhandler0x06	ընդհատելexceptionhandler0x06	existing-unreviewed		0
인터럽트예외처리기0x07	ընդհատելexceptionhandler0x07	ընդհատելexceptionhandler0x07	existing-unreviewed		0
인터럽트예외처리기0x08	ընդհատելexceptionhandler0x08	ընդհատելexceptionhandler0x08	existing-unreviewed		0
인터럽트예외처리기0x09	ընդհատելexceptionhandler0x09	ընդհատելexceptionhandler0x09	existing-unreviewed		0
인터럽트예외처리기0x0A	ընդհատելexceptionhandler0x0a	ընդհատելexceptionhandler0x0a	existing-unreviewed		0
인터럽트예외처리기0x0B	ընդհատելexceptionhandler0x0b	ընդհատելexceptionhandler0x0b	existing-unreviewed		0
인터럽트예외처리기0x0C	ընդհատելexceptionhandler0x0c	ընդհատելexceptionhandler0x0c	existing-unreviewed		0
인터럽트예외처리기0x0D	ընդհատելexceptionhandler0x0d	ընդհատելexceptionhandler0x0d	existing-unreviewed		0
인터럽트예외처리기0x0E	ընդհատելexceptionhandler0x0e	ընդհատելexceptionhandler0x0e	existing-unreviewed		0
인터럽트예외처리기0x0F	ընդհատելexceptionhandler0x0f	ընդհատելexceptionhandler0x0f	existing-unreviewed		0
인터럽트예외처리기0x10	ընդհատելexceptionhandler0x10	ընդհատելexceptionhandler0x10	existing-unreviewed		0
인터럽트예외처리기0x11	ընդհատելexceptionhandler0x11	ընդհատելexceptionhandler0x11	existing-unreviewed		0
인터럽트예외처리기0x12	ընդհատելexceptionhandler0x12	ընդհատելexceptionhandler0x12	existing-unreviewed		0
인터럽트예외처리기0x13	ընդհատելexceptionhandler0x13	ընդհատելexceptionhandler0x13	existing-unreviewed		0
인터럽트요청처리0x00	ընդհատելrequesthandler0x00	ընդհատելrequesthandler0x00	existing-unreviewed		0
인터럽트요청처리0x01	ընդհատելrequesthandler0x01	ընդհատելrequesthandler0x01	existing-unreviewed		0
인터럽트요청처리0x02	ընդհատելrequesthandler0x02	ընդհատելrequesthandler0x02	existing-unreviewed		0
인터럽트요청처리0x03	ընդհատելrequesthandler0x03	ընդհատելrequesthandler0x03	existing-unreviewed		0
인터럽트요청처리0x04	ընդհատելrequesthandler0x04	ընդհատելrequesthandler0x04	existing-unreviewed		0
인터럽트요청처리0x05	ընդհատելrequesthandler0x05	ընդհատելrequesthandler0x05	existing-unreviewed		0
인터럽트요청처리0x06	ընդհատելrequesthandler0x06	ընդհատելrequesthandler0x06	existing-unreviewed		0
인터럽트요청처리0x07	ընդհատելrequesthandler0x07	ընդհատելrequesthandler0x07	existing-unreviewed		0
인터럽트요청처리0x08	ընդհատելrequesthandler0x08	ընդհատելrequesthandler0x08	existing-unreviewed		0
인터럽트요청처리0x09	ընդհատելrequesthandler0x09	ընդհատելrequesthandler0x09	existing-unreviewed		0
인터럽트요청처리0x0A	ընդհատելrequesthandler0x0a	ընդհատելrequesthandler0x0a	existing-unreviewed		0
인터럽트요청처리0x0B	ընդհատելrequesthandler0x0b	ընդհատելrequesthandler0x0b	existing-unreviewed		0
인터럽트요청처리0x0C	ընդհատելrequesthandler0x0c	ընդհատելrequesthandler0x0c	existing-unreviewed		0
인터럽트요청처리0x0D	ընդհատելrequesthandler0x0d	ընդհատելrequesthandler0x0d	existing-unreviewed		0
인터럽트요청처리0x0E	ընդհատելrequesthandler0x0e	ընդհատելrequesthandler0x0e	existing-unreviewed		0
인터럽트요청처리0x0F	ընդհատելrequesthandler0x0f	ընդհատելrequesthandler0x0f	existing-unreviewed		0
인터럽트요청처리0x80	ընդհատելrequesthandler0x80	ընդհատելrequesthandler0x80	existing-unreviewed		0
인터럽트요청처리0x81	ընդհատելrequesthandler0x81	ընդհատելrequesthandler0x81	existing-unreviewed		0
인터럽트요청처리0x82	ընդհատելrequesthandler0x82	ընդհատելrequesthandler0x82	existing-unreviewed		0
인터럽트처리기	ընդհատելhandler_2	ընդհատելhandler_2	existing-unreviewed		0
임시	temporary_2	temporary_2	existing-unreviewed		0
자료	data_2	data_2	existing-unreviewed		0
자신	ինքնուրույն_2	ինքնուրույն_2	existing-unreviewed		0
작업관리자	taskmanager_2	taskmanager_2	existing-unreviewed		0
작업콘솔	taskconsole	taskconsole	existing-unreviewed		0
조각설명자	segmentdescriptor	segmentdescriptor	existing-unreviewed		0
콘솔	console_2	console_2	existing-unreviewed		0
크기	չափս_2	չափս_2	existing-unreviewed		0
키보드콘솔	ստեղնաշարconsole	ստեղնաշարconsole	existing-unreviewed		0
표시들	դրոշներ_2	դրոշներ_2	existing-unreviewed		0
표시들_한도_높은	դրոշներlimitԲարձր	դրոշներlimitԲարձր	existing-unreviewed		0
한도	limit_2	limit_2	existing-unreviewed		0
한도_낮은	limitՑածր_2	limitՑածր_2	existing-unreviewed		0
