original	before	after	review_status	concept	changed_tokens
Activate	Aktifkan	Aktifkan	existing-unreviewed		0
ActivateAll	AktifkanSemua	AktifkanSemua	existing-unreviewed		0
Active	Aktif	Aktif	existing-unreviewed		0
ActiveInterruptManager	AktifInterupsimanager	AktifInterupsimanager	existing-unreviewed		0
ActiveMemoryManager	AktifMemorimanager	AktifMemorimanager	existing-unreviewed		0
Add	Tambah	Tambah	existing-unreviewed		0
AddDriver	Tambahdriver	Tambahdriver	existing-unreviewed		0
AddRunnableThread	Tambahrunnablethread	Tambahrunnablethread	existing-unreviewed		0
AddTask	TambahTugas	TambahTugas	existing-unreviewed		0
AddThread	Tambahthread	Tambahthread	existing-unreviewed		0
Address	Address	Address	existing-unreviewed		0
AlignedMalloc	Alignedmalloc	Alignedmalloc	existing-unreviewed		0
AlignmentCheck	Alignmentcheck	Alignmentcheck	existing-unreviewed		0
AllocateBlock	AllocateBlok	AllocateBlok	existing-unreviewed		0
AllocatePID	Allocatepid	Allocatepid	existing-unreviewed		0
AmountOfMemory	JumlahdariMemori	JumlahdariMemori	existing-unreviewed		0
ArrayToUint16	Jajarantounsignedinteger16	Jajarantounsignedinteger16	existing-unreviewed		0
ArrayToUint32	Jajarantounsignedinteger32	Jajarantounsignedinteger32	existing-unreviewed		0
ArrayToUint48	Jajarantounsignedinteger48	Jajarantounsignedinteger48	existing-unreviewed		0
ArrayToUint48_BE	Jajarantounsignedinteger48be	Jajarantounsignedinteger48be	existing-unreviewed		0
ArrayToUint64	Jajarantounsignedinteger64	Jajarantounsignedinteger64	existing-unreviewed		0
Atime	Atime	Atime	existing-unreviewed		0
AtimeNsec	Atimensec	Atimensec	existing-unreviewed		0
BLOCKS_PER_BYTE	Blokperbyte	Blokperbyte	existing-unreviewed		0
BLOCK_SIZE	BlokUkuran	BlokUkuran	existing-unreviewed		0
Backend	Backend	Backend	existing-unreviewed		0
BaseAddr	Baseaddress	Baseaddress	existing-unreviewed		0
Bind	Bind	Bind	existing-unreviewed		0
Blksize	Blksize	Blksize	existing-unreviewed		0
Blocked	Blocked	Blocked	existing-unreviewed		0
BlockedState	BlockedStatus	BlockedStatus	existing-unreviewed		0
Blocks	Blok	Blok	existing-unreviewed		0
BoundRangeExceeded	BoundCakupanexceeded	BoundCakupanexceeded	existing-unreviewed		0
BroadcastMacAddress	Broadcastmacaddress	Broadcastmacaddress	existing-unreviewed		0
BytesPerSector	Bytepersector	Bytepersector	existing-unreviewed		0
BytesToString	BytetoBenang	BytetoBenang	existing-unreviewed		0
Checksum	Checksum	Checksum	existing-unreviewed		0
Clear	Bersihkan	Bersihkan	existing-unreviewed		0
Clone	Clone	Clone	existing-unreviewed		0
CloneAddressSpaceCOW	CloneaddressSpasicow	CloneaddressSpasicow	existing-unreviewed		0
Connect	Sambung	Sambung	existing-unreviewed		0
ContainsCoordinate	Containscoordinate	Containscoordinate	existing-unreviewed		0
CopyPageFrameBlock	SalinHalamanBingkaiBlok	SalinHalamanBingkaiBlok	existing-unreviewed		0
CpuState	CpuStatus	CpuStatus	existing-unreviewed		0
Create	Create	Create	existing-unreviewed		0
CreateFromData	Createfromdata	Createfromdata	existing-unreviewed		0
CreateFromFunction	CreatefromFungsi	CreatefromFungsi	existing-unreviewed		0
CreatePtrFromFunction	CreatePenunjukfromFungsi	CreatePenunjukfromFungsi	existing-unreviewed		0
Cs	Cs	Cs	existing-unreviewed		0
Ctime	Ctime	Ctime	existing-unreviewed		0
CtimeNsec	Ctimensec	Ctimensec	existing-unreviewed		0
CurrentPID	Sekarangpid	Sekarangpid	existing-unreviewed		0
CurrentParentPID	Sekarangorangtuapid	Sekarangorangtuapid	existing-unreviewed		0
Data	Data	Data	compatibility		0
Deactivate	Matikan	Matikan	existing-unreviewed		0
Deactive	Deactive	Deactive	existing-unreviewed		0
Decrement	Decrement	Decrement	existing-unreviewed		0
Delete	Hapus	Hapus	existing-unreviewed		0
DescriptorPrivilegeLevel	Descriptorprivilegelevel	Descriptorprivilegelevel	existing-unreviewed		0
DescriptorType	DescriptorTipe	DescriptorTipe	existing-unreviewed		0
Destroy	Lenyapkan	Lenyapkan	existing-unreviewed		0
Dev	Perangkat	Perangkat	existing-unreviewed		0
DeviceHasFunctions	PerangkathasFungsi	PerangkathasFungsi	existing-unreviewed		0
DeviceNotAvailable	PerangkatnotTersedia	PerangkatnotTersedia	existing-unreviewed		0
Device_id	Perangkatid	Perangkatid	existing-unreviewed		0
DisableInt	Nonaktifkanint	Nonaktifkanint	existing-unreviewed		0
Disconnect	Terputus	Terputus	existing-unreviewed		0
DivideByZero	BagibyNol	BagibyNol	existing-unreviewed		0
DoHandleInterrupt	DoPenangananInterupsi	DoPenangananInterupsi	existing-unreviewed		0
DoubleFault	Gandafault	Gandafault	existing-unreviewed		0
Draw	Draw	Draw	existing-unreviewed		0
DriverManager	Drivermanager	Drivermanager	existing-unreviewed		0
Ds	Ds	Ds	existing-unreviewed		0
Dynamic	Dinamis	Dinamis	existing-unreviewed		0
E2BIG	E2big	E2big	existing-unreviewed		0
EACCES	Eacces	Eacces	existing-unreviewed		0
EADDRINUSE	Eaddrinuse	Eaddrinuse	existing-unreviewed		0
EAFNOSUPPORT	Eafnosupport	Eafnosupport	existing-unreviewed		0
EAGAIN	Eagain	Eagain	existing-unreviewed		0
EBADF	Ebadf	Ebadf	existing-unreviewed		0
EBUSY	Ebusy	Ebusy	existing-unreviewed		0
ECHILD	Echild	Echild	existing-unreviewed		0
EEXIST	Eexist	Eexist	existing-unreviewed		0
EFAULT	Efault	Efault	existing-unreviewed		0
EFBIG	Efbig	Efbig	existing-unreviewed		0
EINTR	Eintr	Eintr	existing-unreviewed		0
EINVAL	Einval	Einval	existing-unreviewed		0
EIO	Eio	Eio	existing-unreviewed		0
EISDIR	Eisdir	Eisdir	existing-unreviewed		0
EMFILE	Emfile	Emfile	existing-unreviewed		0
EMSGSIZE	Emsgsize	Emsgsize	existing-unreviewed		0
ENETUNREACH	Enetunreach	Enetunreach	existing-unreviewed		0
ENFILE	Enfile	Enfile	existing-unreviewed		0
ENODEV	Enodev	Enodev	existing-unreviewed		0
ENOENT	Enoent	Enoent	existing-unreviewed		0
ENOEXEC	Enoexec	Enoexec	existing-unreviewed		0
ENOMEM	Enomem	Enomem	existing-unreviewed		0
ENOSPC	Enospc	Enospc	existing-unreviewed		0
ENOSYS	Enosys	Enosys	existing-unreviewed		0
ENOTCONN	Enotconn	Enotconn	existing-unreviewed		0
ENOTDIR	Enotdir	Enotdir	existing-unreviewed		0
ENOTTY	Enotty	Enotty	existing-unreviewed		0
EOPNOTSUPP	Eopnotsupp	Eopnotsupp	existing-unreviewed		0
EPERM	Eperm	Eperm	existing-unreviewed		0
EPROTONOSUPPORT	Eprotonosupport	Eprotonosupport	existing-unreviewed		0
ERANGE	Erange	Erange	existing-unreviewed		0
EROFS	Erofs	Erofs	existing-unreviewed		0
ESPIPE	Espipe	Espipe	existing-unreviewed		0
ESRCH	Esrch	Esrch	existing-unreviewed		0
Eax	Eax	Eax	existing-unreviewed		0
Ebp	Ebp	Ebp	existing-unreviewed		0
Ebx	Ebx	Ebx	existing-unreviewed		0
Ecx	Ecx	Ecx	existing-unreviewed		0
Edi	Edi	Edi	existing-unreviewed		0
Edx	Edx	Edx	existing-unreviewed		0
Eflags	Eflags	Eflags	existing-unreviewed		0
Eip	Eip	Eip	existing-unreviewed		0
Elf	Elf	Elf	existing-unreviewed		0
Elf32Dyn	Elf32dyn	Elf32dyn	existing-unreviewed		0
Elf32Note	Elf32Catat	Elf32Catat	existing-unreviewed		0
Elf32Rel	Elf32rel	Elf32rel	existing-unreviewed		0
Elf32Rela	Elf32rela	Elf32rela	existing-unreviewed		0
Elf32Sym	Elf32sym	Elf32sym	existing-unreviewed		0
ElfHeader	Elfheader	Elfheader	existing-unreviewed		0
ElfProgramHeader	Elfprogramheader	Elfprogramheader	existing-unreviewed		0
ElfSectionHeader	Elfsectionheader	Elfsectionheader	existing-unreviewed		0
EnablePaging	Aktifkanpaging	Aktifkanpaging	existing-unreviewed		0
Enabled	Diaktifkan	Diaktifkan	existing-unreviewed		0
EntryNumber	EntriNomor	EntriNomor	existing-unreviewed		0
EqualBytes	SamaByte	SamaByte	existing-unreviewed		0
Es	Es	Es	existing-unreviewed		0
Esi	Esi	Esi	existing-unreviewed		0
Esp	Esp	Esp	existing-unreviewed		0
FPUBuffer	Fpubuffer	Fpubuffer	existing-unreviewed		0
FPUOffset	Fpuoffset	Fpuoffset	existing-unreviewed		0
Family	Family	Family	existing-unreviewed		0
FileName	BerkasNama	BerkasNama	existing-unreviewed		0
Fill	Fill	Fill	existing-unreviewed		0
FillRectangle	FillBujurSangkar	FillBujurSangkar	existing-unreviewed		0
First	First	First	existing-unreviewed		0
FirstFree	FirstBebas	FirstBebas	existing-unreviewed		0
FirstFreeSize	FirstBebasUkuran	FirstBebasUkuran	existing-unreviewed		0
Flags	Tanda	Tanda	existing-unreviewed		0
FloatingPointException	Mengambangpointexception	Mengambangpointexception	existing-unreviewed		0
Flush	Flush	Flush	existing-unreviewed		0
FlushTlsTable	FlushtlsTabel	FlushtlsTabel	existing-unreviewed		0
Focussable	Focussable	Focussable	existing-unreviewed		0
Free	Bebas	Bebas	existing-unreviewed		0
Fs	Fs	Fs	existing-unreviewed		0
GB	Gb	Gb	existing-unreviewed		0
GDT_ENTRIES	Gdtentri	Gdtentri	existing-unreviewed		0
GOT	Got	Got	existing-unreviewed		0
GPFException	Gpfexception	Gpfexception	existing-unreviewed		0
GatewayIP	Gatewayip	Gatewayip	existing-unreviewed		0
GdtAddressHigh	GdtaddressTinggi	GdtaddressTinggi	existing-unreviewed		0
GdtAddressLow	GdtaddressRendah	GdtaddressRendah	existing-unreviewed		0
GdtDescriptor	Gdtdescriptor	Gdtdescriptor	existing-unreviewed		0
GdtEntry	Gdtentri_2	Gdtentri_2	existing-unreviewed		0
GdtSize	GdtUkuran	GdtUkuran	existing-unreviewed		0
GetAt	Getat	Getat	existing-unreviewed		0
GetBackend	Getbackend	Getbackend	existing-unreviewed		0
GetBaseAddressRegister	Getbaseaddressregister	Getbaseaddressregister	existing-unreviewed		0
GetBitmaspSize	GetbitmaspUkuran	GetbitmaspUkuran	existing-unreviewed		0
GetBytesFromPtr	GetBytefromPenunjuk	GetBytefromPenunjuk	existing-unreviewed		0
GetCR0	Getcr0	Getcr0	existing-unreviewed		0
GetCR2	Getcr2	Getcr2	existing-unreviewed		0
GetCR3	Getcr3	Getcr3	existing-unreviewed		0
GetCR4	Getcr4	Getcr4	existing-unreviewed		0
GetColorIndex	GetWarnaIndeks	GetWarnaIndeks	existing-unreviewed		0
GetDeviceDescriptor	GetPerangkatdescriptor	GetPerangkatdescriptor	existing-unreviewed		0
GetDriver	Getdriver	Getdriver	existing-unreviewed		0
GetESP0	Getesp0	Getesp0	existing-unreviewed		0
GetEntry	Getentri	Getentri	existing-unreviewed		0
GetFileSize	GetBerkasUkuran	GetBerkasUkuran	existing-unreviewed		0
GetFocus	GetFokus	GetFokus	existing-unreviewed		0
GetFrameBufferSegment	GetBingkaibuffersegment	GetBingkaibuffersegment	existing-unreviewed		0
GetFuncPtrFromPtr	GetfuncPenunjukfromPenunjuk	GetfuncPenunjukfromPenunjuk	existing-unreviewed		0
GetFunctionName	GetFungsiNama	GetFungsiNama	existing-unreviewed		0
GetHandler	Gethandler	Gethandler	existing-unreviewed		0
GetIPAddress	Getipaddress	Getipaddress	existing-unreviewed		0
GetMACAddress	Getmacaddress	Getmacaddress	existing-unreviewed		0
GetMACFromCache	Getmacfromcache	Getmacfromcache	existing-unreviewed		0
GetNextReadyThread	GetBerikutnyaSiapthread	GetBerikutnyaSiapthread	existing-unreviewed		0
GetNodeAt	Getnodeat	Getnodeat	existing-unreviewed		0
GetProvider	Providerget	Providerget	existing-unreviewed		0
GetSS0	Getss0	Getss0	existing-unreviewed		0
GetStr	Getstr	Getstr	existing-unreviewed		0
GetUint32ArrayFromPtr	Getunsignedinteger32JajaranfromPenunjuk	Getunsignedinteger32JajaranfromPenunjuk	existing-unreviewed		0
GetUintptrArrayFromPtr	GetunsignedintegerPenunjukJajaranfromPenunjuk	GetunsignedintegerPenunjukJajaranfromPenunjuk	existing-unreviewed		0
GetValue	GetNilai	GetNilai	existing-unreviewed		0
GetValueInPageDir	GetNilaiMasukHalamanDirektori	GetNilaiMasukHalamanDirektori	existing-unreviewed		0
Gid	Gid	Gid	existing-unreviewed		0
Gs	Gs	Gs	existing-unreviewed		0
HandleException	Penangananexception	Penangananexception	existing-unreviewed		0
HandleFatalInterruptFrame	PenangananfatalInterupsiBingkai	PenangananfatalInterupsiBingkai	existing-unreviewed		0
HandleInterrupt	PenangananInterupsi	PenangananInterupsi	existing-unreviewed		0
HandleInterrupt1	PenangananInterupsi1	PenangananInterupsi1	existing-unreviewed		0
HandleUserDatagramProtocolMessage	PenangananPenggunadatagramprotocolPesan	PenangananPenggunadatagramprotocolPesan	existing-unreviewed		0
IDT_DESC_PRESENT	IdtdescriptorAda	IdtdescriptorAda	existing-unreviewed		0
IDT_INTERRUPT_GATE	IdtInterupsigate	IdtInterupsigate	existing-unreviewed		0
IDriver	IDriver	IDriver	existing-unreviewed		0
IEtherFrameHandler	IEthernetBingkaihandler	IEthernetBingkaihandler	existing-unreviewed		0
IInternetProtocolHandler	IInternetprotocolhandler	IInternetprotocolhandler	existing-unreviewed		0
IInterruptHandler	IInterupsihandler	IInterupsihandler	existing-unreviewed		0
IKeyboardEventHandler	IPapanketikEvenhandler	IPapanketikEvenhandler	existing-unreviewed		0
IMouseEventHandler	ITetikusEvenhandler	ITetikusEvenhandler	existing-unreviewed		0
IPCIControllerHandler	Ipcicontrollerhandler	Ipcicontrollerhandler	existing-unreviewed		0
IPCache	Ipcache	Ipcache	existing-unreviewed		0
IP_BE	IpJaringanbyteorder	IpJaringanbyteorder	existing-unreviewed		0
IRawDataHandler	IRawdatahandler	IRawdatahandler	existing-unreviewed		0
ITimerEventHandler	IPewaktuEvenhandler	IPewaktuEvenhandler	existing-unreviewed		0
IUserDatagramProtocolHandler	IPenggunadatagramprotocolhandler	IPenggunadatagramprotocolhandler	existing-unreviewed		0
IUserDatagramProtocolSocket	IPenggunadatagramprotocolSoket	IPenggunadatagramprotocolSoket	existing-unreviewed		0
IWidget	IWidget	IUnsur_layar	project-proposal	widget	6
Identify	Identify	Identify	existing-unreviewed		0
Increment	Increment	Increment	existing-unreviewed		0
IndexOf	Indeksdari	Indeksdari	existing-unreviewed		0
Init	Init	Init	existing-unreviewed		0
InitDriver	Initdriver	Initdriver	existing-unreviewed		0
InitialThreadUserJump	InitialthreadPenggunajump	InitialthreadPenggunajump	existing-unreviewed		0
Ino	Ino	Ino	existing-unreviewed		0
Install	Pasang	Pasang	existing-unreviewed		0
Interrupt	Interupsi	Interupsi	existing-unreviewed		0
InterruptActive	InterupsiAktif	InterupsiAktif	existing-unreviewed		0
InterruptDeactive	Interupsideactive	Interupsideactive	existing-unreviewed		0
InterruptManager	Interupsimanager	Interupsimanager	existing-unreviewed		0
InterruptNumber	InterupsiNomor	InterupsiNomor	existing-unreviewed		0
InvalidOpcode	Salahopcode	Salahopcode	existing-unreviewed		0
InvalidTSS	Salahtss	Salahtss	existing-unreviewed		0
IsKernel	Iskernel	Iskernel	existing-unreviewed		0
IsPresent	IsAda	IsAda	existing-unreviewed		0
IsUserSpace	IsPenggunaSpasi	IsPenggunaSpasi	existing-unreviewed		0
KB	Kb	Kb	existing-unreviewed		0
KCS_INDEX	KcsIndeks	KcsIndeks	existing-unreviewed		0
KCS_SELECTOR	Kcsselector	Kcsselector	existing-unreviewed		0
KDS_INDEX	KdsIndeks	KdsIndeks	existing-unreviewed		0
KDS_SELECTOR	Kdsselector	Kdsselector	existing-unreviewed		0
KERNEL_HEAP_START	KernelheapMulai	KernelheapMulai	existing-unreviewed		0
KERNEL_VIRT_ADDR	Kernelvirtaddress	Kernelvirtaddress	existing-unreviewed		0
KGS_INDEX	KgsIndeks	KgsIndeks	existing-unreviewed		0
KGS_SELECTOR	Kgsselector	Kgsselector	existing-unreviewed		0
K핵심	KKernelEntry	KKernelEntry	compatibility		0
LIDT	Lidt	Lidt	existing-unreviewed		0
Last	Terakhir	Terakhir	existing-unreviewed		0
Len	Len	Len	compatibility		0
Limit	Batas	Batas	existing-unreviewed		0
Link	Taut	Taut	existing-unreviewed		0
LinkMap	Tautmap	Tautmap	existing-unreviewed		0
LinkedList	LinkedTabel	LinkedTabel	existing-unreviewed		0
Listen	Listen	Listen	existing-unreviewed		0
LoadElf	Bebanelf	Bebanelf	existing-unreviewed		0
MAC	Mac	Mac	existing-unreviewed		0
MAC0	Mac0	Mac0	existing-unreviewed		0
MAC1	Mac1	Mac1	existing-unreviewed		0
MAC2	Mac2	Mac2	existing-unreviewed		0
MAC3	Mac3	Mac3	existing-unreviewed		0
MAC4	Mac4	Mac4	existing-unreviewed		0
MAC5	Mac5	Mac5	existing-unreviewed		0
MACAddress0Port	Macaddress0port	Macaddress0port	existing-unreviewed		0
MACAddress2Port	Macaddress2port	Macaddress2port	existing-unreviewed		0
MACAddress4Port	Macaddress4port	Macaddress4port	existing-unreviewed		0
MACCache	Maccache	Maccache	existing-unreviewed		0
MAX_QUEUE_SIZE	MaksqueueUkuran	MaksqueueUkuran	existing-unreviewed		0
MB	Mb	Mb	existing-unreviewed		0
MBR	Mbr	Mbr	existing-unreviewed		0
MHex출력	MHexadecimalCetak	MHexadecimalCetak	existing-unreviewed		0
MHex출력XY	MHexadecimalCetakxy	MHexadecimalCetakxy	existing-unreviewed		0
MUint16출력	MUnsignedinteger16Cetak	MUnsignedinteger16Cetak	existing-unreviewed		0
MUint16출력XY	MUnsignedinteger16Cetakxy	MUnsignedinteger16Cetakxy	existing-unreviewed		0
MUint32출력	MUnsignedinteger32Cetak	MUnsignedinteger32Cetak	existing-unreviewed		0
MUint32출력XY	MUnsignedinteger32Cetakxy	MUnsignedinteger32Cetakxy	existing-unreviewed		0
MUint64출력	MUnsignedinteger64Cetak	MUnsignedinteger64Cetak	existing-unreviewed		0
MUint64출력XY	MUnsignedinteger64Cetakxy	MUnsignedinteger64Cetakxy	existing-unreviewed		0
Machine	Machine	Machine	existing-unreviewed		0
MachineCheck	Machinecheck	Machinecheck	existing-unreviewed		0
MakeRangePrivateWritable	MakeCakupanprivatewritable	MakeCakupanprivatewritable	existing-unreviewed		0
Malloc	Malloc	Alokasikan_memori	project-proposal	allocate_memory	32
MemCmp	Memcmp	Memcmp	existing-unreviewed		0
MemCpy	MemSalin	MemSalin	existing-unreviewed		0
MemMove	MemPindah	MemPindah	existing-unreviewed		0
MemSet	MemAtur	MemAtur	existing-unreviewed		0
MemoryOper	Memorioper	Memorioper	existing-unreviewed		0
Mode	Mode	Mode	existing-unreviewed		0
ModelToScreen	ModeltoPengunciLayar	Atur_koordinat_lokal	project-proposal	set_coordinates	5
Mtime	Mtime	Mtime	existing-unreviewed		0
MtimeNsec	Mtimensec	Mtimensec	existing-unreviewed		0
MyHandleInterrupt	MyPenangananInterupsi	MyPenangananInterupsi	existing-unreviewed		0
MyTest	MyTes	MyTes	existing-unreviewed		0
M긴급로그Hex8	MEmergencyloghexadecimal8	MEmergencyloghexadecimal8	existing-unreviewed		0
M긴급로그Uint32	MEmergencylogunsignedinteger32	MEmergencylogunsignedinteger32	existing-unreviewed		0
M긴급로그문자열	MEmergencylogBenang	MEmergencylogBenang	existing-unreviewed		0
M직렬로그초기화	MSerialloginit	MSerialloginit	existing-unreviewed		0
M출력	MCetak	MCetak	existing-unreviewed		0
M출력BytesXY	MCetakBytexy	MCetakBytexy	existing-unreviewed		0
M출력Hex	MCetakhexadecimal	MCetakhexadecimal	existing-unreviewed		0
M출력Uint16	MCetakunsignedinteger16	MCetakunsignedinteger16	existing-unreviewed		0
M출력Uint32	MCetakunsignedinteger32	MCetakunsignedinteger32	existing-unreviewed		0
M출력XY	MCetakxy	MCetakxy	existing-unreviewed		0
M테스트	M테스트	M테스트	existing-unreviewed		0
NMI	Nmi	Nmi	existing-unreviewed		0
New	Baru	Baru	existing-unreviewed		0
NewInterruptHandler	BaruInterupsihandler	BaruInterupsihandler	existing-unreviewed		0
Next	Berikutnya	Berikutnya	existing-unreviewed		0
Nlink	Nlink	Nlink	existing-unreviewed		0
Node	Node	TSimpul_daftar	project-proposal	list_node	16
Nodename	Nodename	Nodename	existing-unreviewed		0
OnEtherFrameReceived	EthernetBingkaireceivewhen	EthernetBingkaireceivewhen	existing-unreviewed		0
OnGetDriver	Hidupgetdriver	Hidupgetdriver	existing-unreviewed		0
OnInternetProtocolReceived	Internetprotocolreceivewhen	Internetprotocolreceivewhen	existing-unreviewed		0
OnKeyDown	HidupKunciBawah	HidupKunciBawah	existing-unreviewed		0
OnKeyUp	HidupKunciNaik	HidupKunciNaik	existing-unreviewed		0
OnMouseDown	HidupTetikusBawah	HidupTetikusBawah	existing-unreviewed		0
OnMouseMove	HidupTetikusPindah	HidupTetikusPindah	existing-unreviewed		0
OnMouseUp	HidupTetikusNaik	HidupTetikusNaik	existing-unreviewed		0
OnRawDataReceived	Hiduprawdatareceive	Hiduprawdatareceive	existing-unreviewed		0
OnTick	Hiduptick	Hiduptick	existing-unreviewed		0
Overflow	Overflow	Overflow	existing-unreviewed		0
P1LinkMap	PNilai1Tautmap	PNilai1Tautmap	existing-unreviewed		0
P2LinkMap	PNilai2Tautmap	PNilai2Tautmap	existing-unreviewed		0
P3LinkMap	PNilai3Tautmap	PNilai3Tautmap	existing-unreviewed		0
PAGE_COW	Halamancow	Halamancow	existing-unreviewed		0
PAGE_FRAME	HalamanBingkai	HalamanBingkai	existing-unreviewed		0
PAGE_PRESENT	HalamanAda	HalamanAda	existing-unreviewed		0
PAGE_USER	HalamanPengguna	HalamanPengguna	existing-unreviewed		0
PAGE_WRITABLE	Halamanwritable	Halamanwritable	existing-unreviewed		0
PAUSE_LOOP	Jedaloop	Jedaloop	existing-unreviewed		0
PICMasterCommandPort	PrimarypicPerintahioport	PrimarypicPerintahioport	existing-unreviewed		0
PICMasterDataPort	Primarypicdataioport	Primarypicdataioport	existing-unreviewed		0
PICSlaveCommandPort	SecondarypicPerintahioport	SecondarypicPerintahioport	existing-unreviewed		0
PICSlaveDataPort	Secondarypicdataioport	Secondarypicdataioport	existing-unreviewed		0
PRESENT	Ada	Ada	existing-unreviewed		0
PRIV_KERNEL	Privkernel	Privkernel	existing-unreviewed		0
PRIV_USER	PrivPengguna	PrivPengguna	existing-unreviewed		0
PROC_USER_HEAP_SIZE	ProcPenggunaheapUkuran	ProcPenggunaheapUkuran	existing-unreviewed		0
PageDirEntry	HalamanDirektorientri	HalamanDirektorientri	existing-unreviewed		0
PageDirectoryEntry	HalamanDirektorientri_2	HalamanDirektorientri_2	existing-unreviewed		0
PageFault	Halamanfault	Halamanfault	existing-unreviewed		0
PageFaultException	Halamanfaultexception	Halamanfaultexception	existing-unreviewed		0
PageRoundDown	HalamanPembulatanBawah	HalamanPembulatanBawah	existing-unreviewed		0
PageRoundUp	HalamanPembulatanNaik	HalamanPembulatanNaik	existing-unreviewed		0
PageTableEntry	HalamanTabelentri	HalamanTabelentri	existing-unreviewed		0
Paging	Paging	Paging	existing-unreviewed		0
ParentPid	Orangtuapid	Orangtuapid	existing-unreviewed		0
Parse	Parse	Parse	existing-unreviewed		0
Partition_id	Partitionid	Partitionid	existing-unreviewed		0
PhyMemTest	PhymemTes	PhymemTes	existing-unreviewed		0
PhysicalMemoryManager	PhysicalMemorimanager	PhysicalMemorimanager	existing-unreviewed		0
Pid	Pid	Pid	existing-unreviewed		0
Port	Port	Port	existing-unreviewed		0
PortBase	Portbase	Portbase	existing-unreviewed		0
PortInByte	PortMasukbyte	PortMasukbyte	existing-unreviewed		0
PortInDword	PortMasukdword	PortMasukdword	existing-unreviewed		0
PortInWord	PortMasukkata	PortMasukkata	existing-unreviewed		0
PortOutByte	PortKeluarbyte	PortKeluarbyte	existing-unreviewed		0
PortOutDword	PortKeluardword	PortKeluardword	existing-unreviewed		0
PortOutWord	PortKeluarkata	PortKeluarkata	existing-unreviewed		0
PortReadByte	PortBacabyte	PortBacabyte	existing-unreviewed		0
PortReadDword	PortBacadword	PortBacadword	existing-unreviewed		0
PortReadWord	PortBacakata	PortBacakata	existing-unreviewed		0
PortWriteByte	PortTulisbyte	PortTulisbyte	existing-unreviewed		0
PortWriteDword	PortTulisdword	PortTulisdword	existing-unreviewed		0
PortWriteWord	PortTuliskata	PortTuliskata	existing-unreviewed		0
Prev	Previous	Previous	existing-unreviewed		0
PrevTSS	Previoustss	Previoustss	existing-unreviewed		0
PrimaryPartition	Primarypartition	Primarypartition	existing-unreviewed		0
Print	Cetak	Cetak	existing-unreviewed		0
PrintBytes	CetakByte	CetakByte	existing-unreviewed		0
PrintStr	Cetakstr	Cetakstr	existing-unreviewed		0
PrintTLS	Cetaktls	Cetaktls	existing-unreviewed		0
PrintTest	CetakTes	CetakTes	existing-unreviewed		0
Process	Proses	Proses	existing-unreviewed		0
ProcessHelper	Proseshelper	Proseshelper	existing-unreviewed		0
ProcessPendingKeyboardEvents	ProsespendingPapanketikKejadian	ProsespendingPapanketikKejadian	existing-unreviewed		0
ProcessPendingMouseEvents	ProsespendingTetikusKejadian	ProsespendingTetikusKejadian	existing-unreviewed		0
PushAt	Pushat	Sisipkan_pada_indeks	project-proposal	insert_at	1
PushBack	PushKembali	Tambah_di_akhir_daftar	project-proposal	append	12
PushFront	PushDepan	Tambah_di_awal_daftar	project-proposal	prepend	5
PutPixel	Putpixel	Putpixel	existing-unreviewed		0
PutPixelRGB	Putpixelrgb	Putpixelrgb	existing-unreviewed		0
QUEUE_START_ADDR	QueueMulaiaddress	QueueMulaiaddress	existing-unreviewed		0
Rdev	Rdev	Rdev	existing-unreviewed		0
Read	Baca	Baca	existing-unreviewed		0
Read28	Baca28	Baca28	existing-unreviewed		0
ReadFile	BacaBerkas	Baca_berkas	project-proposal	file_read	7
ReadPartitions	Bacapartition	Bacapartition	existing-unreviewed		0
Ready	Siap	Siap	existing-unreviewed		0
Receive	Receive	Receive	existing-unreviewed		0
Ref	Reference	Reference	existing-unreviewed		0
Release	Release	Release	existing-unreviewed		0
ReloadCR3	MuatUlangcr3	MuatUlangcr3	existing-unreviewed		0
Remove	Buang	Buang	existing-unreviewed		0
RemoveAt	Buangat	Buangat	existing-unreviewed		0
RemoveThread	Buangthread	Buangthread	existing-unreviewed		0
RemoveThreadAt	Buangthreadat	Buangthreadat	existing-unreviewed		0
RequestMacAddress	Requestmacaddress	Requestmacaddress	existing-unreviewed		0
Reset	AturUlang	AturUlang	existing-unreviewed		0
Resolve	Resolve	Resolve	existing-unreviewed		0
ResolveCopyOnWriteFault	ResolveSalinHidupTulisfault	ResolveSalinHidupTulisfault	existing-unreviewed		0
SCHEDULER_FREQUENCY	SchedulerFrekuensi	SchedulerFrekuensi	existing-unreviewed		0
SEG_BIG_MODE	Segbigmode	Segbigmode	existing-unreviewed		0
SEG_EXEC	Segexec	Segexec	existing-unreviewed		0
SEG_GRAN_4K_PAGE	Seggran4kHalaman	Seggran4kHalaman	existing-unreviewed		0
SEG_GRAN_BYTE	Seggranbyte	Seggranbyte	existing-unreviewed		0
SEG_KERNEL_CODE	Segkernelcode	Segkernelcode	existing-unreviewed		0
SEG_KERNEL_DATA	Segkerneldata	Segkerneldata	existing-unreviewed		0
SEG_KERNEL_GS	Segkernelgs	Segkernelgs	existing-unreviewed		0
SEG_NOEXEC	Segnoexec	Segnoexec	existing-unreviewed		0
SEG_NORMAL	Segnormal	Segnormal	existing-unreviewed		0
SEG_NORW	Segnorw	Segnorw	existing-unreviewed		0
SEG_R	Segr	Segr	existing-unreviewed		0
SEG_SYSTEM	SegSistem	SegSistem	existing-unreviewed		0
SEG_TASK_STATE	SegTugasStatus	SegTugasStatus	existing-unreviewed		0
SEG_USER_CODE	SegPenggunacode	SegPenggunacode	existing-unreviewed		0
SEG_USER_DATA	SegPenggunadata	SegPenggunadata	existing-unreviewed		0
SEG_USER_GS	SegPenggunags	SegPenggunags	existing-unreviewed		0
SEG_W	Segw	Segw	existing-unreviewed		0
SIMDFloatingPointException	Simdmengambangpointexception	Simdmengambangpointexception	existing-unreviewed		0
SIZE	Ukuran	Ukuran	existing-unreviewed		0
SYS_ACCESS	Sysakses	Sysakses	existing-unreviewed		0
SYS_BRK	Sysbrk	Sysbrk	existing-unreviewed		0
SYS_CHDIR	Syschdir	Syschdir	existing-unreviewed		0
SYS_CLOSE	SysTutup	SysTutup	existing-unreviewed		0
SYS_CREAT	Syscreat	Syscreat	existing-unreviewed		0
SYS_DUP	Sysdup	Sysdup	existing-unreviewed		0
SYS_DUP2	Sysdup2	Sysdup2	existing-unreviewed		0
SYS_EXECVE	Sysexecve	Sysexecve	existing-unreviewed		0
SYS_EXIT	SysKeluar	SysKeluar	existing-unreviewed		0
SYS_FCNTL	Sysfcntl	Sysfcntl	existing-unreviewed		0
SYS_FORK	Sysfork	Sysfork	existing-unreviewed		0
SYS_FSTAT	Sysfstat	Sysfstat	existing-unreviewed		0
SYS_FSYNC	Sysfsync	Sysfsync	existing-unreviewed		0
SYS_GETCWD	Sysgetcwd	Sysgetcwd	existing-unreviewed		0
SYS_GETEGID	Sysgetegid	Sysgetegid	existing-unreviewed		0
SYS_GETEUID	Sysgeteuid	Sysgeteuid	existing-unreviewed		0
SYS_GETGID	Sysgetgid	Sysgetgid	existing-unreviewed		0
SYS_GETPID	Sysgetpid	Sysgetpid	existing-unreviewed		0
SYS_GETPPID	Sysgetppid	Sysgetppid	existing-unreviewed		0
SYS_GETUID	Sysgetuid	Sysgetuid	existing-unreviewed		0
SYS_LSEEK	Syslseek	Syslseek	existing-unreviewed		0
SYS_LSTAT	Syslstat	Syslstat	existing-unreviewed		0
SYS_OPEN	SysBuka	SysBuka	existing-unreviewed		0
SYS_READ	SysBaca	SysBaca	existing-unreviewed		0
SYS_RT_EXIT	SysrtKeluar	SysrtKeluar	existing-unreviewed		0
SYS_SOCKETCALL	Syssocketcall	Syssocketcall	existing-unreviewed		0
SYS_STAT	Sysstat	Sysstat	existing-unreviewed		0
SYS_SYNC	Syssync	Syssync	existing-unreviewed		0
SYS_UNAME	Sysuname	Sysuname	existing-unreviewed		0
SYS_WAITPID	Syswaitpid	Syswaitpid	existing-unreviewed		0
SYS_WRITE	SysTulis	SysTulis	existing-unreviewed		0
Schedule	Schedule	Schedule	existing-unreviewed		0
Scheduler	Scheduler	Scheduler	existing-unreviewed		0
SchedulerData	Schedulerdata	Schedulerdata	existing-unreviewed		0
SegmentNotPresent	SegmentnotAda	SegmentnotAda	existing-unreviewed		0
SelectDrivers	Pilihdriver	Pilihdriver	existing-unreviewed		0
Send	Kirim	Kirim	existing-unreviewed		0
SendEchoRequest	EchorequestKirim	EchorequestKirim	existing-unreviewed		0
SendFrame	BingkaiKirim	BingkaiKirim	existing-unreviewed		0
SerialInit	Serialinit	Serialinit	existing-unreviewed		0
SerialWriteByte	SerialTulisbyte	SerialTulisbyte	existing-unreviewed		0
SetBackend	Aturbackend	Aturbackend	existing-unreviewed		0
SetBit	Aturbit	Aturbit	existing-unreviewed		0
SetBlockInPageDir	AturBlokMasukHalamanDirektori	AturBlokMasukHalamanDirektori	existing-unreviewed		0
SetBuffer	Aturbuffer	Aturbuffer	existing-unreviewed		0
SetByteAtAddr	Aturbyteataddress	Aturbyteataddress	existing-unreviewed		0
SetByteInPageDir	AturbyteMasukHalamanDirektori	AturbyteMasukHalamanDirektori	existing-unreviewed		0
SetCR3	Aturcr3	Aturcr3	existing-unreviewed		0
SetColor	AturWarna	AturWarna	existing-unreviewed		0
SetDescriptor	Aturdescriptor	Aturdescriptor	existing-unreviewed		0
SetHandleInterruptFuction	AturPenangananInterupsifuction	AturPenangananInterupsifuction	existing-unreviewed		0
SetHandler	Aturhandler	Aturhandler	existing-unreviewed		0
SetIPAddress	Aturipaddress	Aturipaddress	existing-unreviewed		0
SetInterruptDescriptorTableEntry	InterupsidescriptorTabelentriAtur	InterupsidescriptorTabelentriAtur	existing-unreviewed		0
SetInterruptManager	AturInterupsimanager	AturInterupsimanager	existing-unreviewed		0
SetInterruptNumber	AturInterupsiNomor	AturInterupsiNomor	existing-unreviewed		0
SetMode	Aturmode	Aturmode	existing-unreviewed		0
SetNodeAt	Aturnodeat	Aturnodeat	existing-unreviewed		0
SetStack	Aturstack	Aturstack	existing-unreviewed		0
SetTlsSegment	Aturtlssegment	Aturtlssegment	existing-unreviewed		0
SetUint32AtAddr	Aturunsignedinteger32ataddress	Aturunsignedinteger32ataddress	existing-unreviewed		0
SetUint32InPageDir	Aturunsignedinteger32MasukHalamanDirektori	Aturunsignedinteger32MasukHalamanDirektori	existing-unreviewed		0
SetUint8AtAddr	Aturunsignedinteger8ataddress	Aturunsignedinteger8ataddress	existing-unreviewed		0
SharedMemoryRegion	SharedMemoriregion	SharedMemoriregion	existing-unreviewed		0
Size	Ukuran_2	Ukuran_2	existing-unreviewed		0
Spawn	Spawn	Spawn	existing-unreviewed		0
Ss	Ss	Ss	existing-unreviewed		0
Stack	Stack	Stack	existing-unreviewed		0
StackSegmentFault	Stacksegmentfault	Stacksegmentfault	existing-unreviewed		0
Start_lba	Mulailba	Mulailba	existing-unreviewed		0
Started	Dimulai	Dimulai	existing-unreviewed		0
StdinPutByte	Stdinputbyte	Stdinputbyte	existing-unreviewed		0
StopCurrentThread	HentikanSekarangthread	HentikanSekarangthread	existing-unreviewed		0
Stopped	Berhenti	Berhenti	existing-unreviewed		0
SubnetMask	SubnetTopeng	SubnetTopeng	existing-unreviewed		0
SupportMode	Dukunganmode	Dukunganmode	existing-unreviewed		0
Sys_brk	Sysbrk_2	Sysbrk_2	existing-unreviewed		0
Sys_close	SysTutup_2	SysTutup_2	existing-unreviewed		0
Sys_exit	SysKeluar_2	SysKeluar_2	existing-unreviewed		0
Sys_getpid	Sysgetpid_2	Sysgetpid_2	existing-unreviewed		0
Sys_mousemove	Sysmousemove	Sysmousemove	existing-unreviewed		0
Sys_open	SysBuka_2	SysBuka_2	existing-unreviewed		0
Sys_printStr	SysCetakstr	SysCetakstr	existing-unreviewed		0
Sys_printUint32	SysCetakunsignedinteger32	SysCetakunsignedinteger32	existing-unreviewed		0
Sys_printf	Sysprintf	Sysprintf	existing-unreviewed		0
Sys_read	SysBaca_2	SysBaca_2	existing-unreviewed		0
Syscall	Syscall	Syscall	existing-unreviewed		0
Sysname	Sysname	Sysname	existing-unreviewed		0
TARPEtherFrameHandler	ArpethernetBingkaihandler	ArpethernetBingkaihandler	existing-unreviewed		0
TARPMessage	ArpPesan	ArpPesan	existing-unreviewed		0
TARPMessageBuffer	ArpPesanbuffer	ArpPesanbuffer	existing-unreviewed		0
TARPProvider	Arpprovider	Arpprovider	existing-unreviewed		0
TAdvancedTechnologyAttachment	TLanjutanTeknologiattachment	TLanjutanTeknologiattachment	existing-unreviewed		0
TArray	TJajaran	TJajaran	existing-unreviewed		0
TBaseAddressRegister	TBaseaddressregister	TBaseaddressregister	existing-unreviewed		0
TBiosParameterBlock32	TBiosparameterBlok32	TParameter_sistem_berkas32	project-proposal	fat_parameters	11
TBufferDescriptor	TBufferdescriptor	TBufferdescriptor	existing-unreviewed		0
TCOWFrameManager	TcowBingkaimanager	TcowBingkaimanager	existing-unreviewed		0
TCPUState	TcpuStatus	TcpuStatus	existing-unreviewed		0
TDefaultKeyboardEventHandler	TBakuPapanketikEvenhandler	TBakuPapanketikEvenhandler	existing-unreviewed		0
TDefaultMouseEventHandler	TBakuTetikusEvenhandler	TBakuTetikusEvenhandler	existing-unreviewed		0
TDefaultPCIControllerHandler	TBakupcicontrollerhandler	TBakupcicontrollerhandler	existing-unreviewed		0
TDefaultTimerEventHandler	TBakuPewaktuEvenhandler	TBakuPewaktuEvenhandler	existing-unreviewed		0
TDirectoryEntryFat32	TDirektorientrifat32	TDirektorientrifat32	existing-unreviewed		0
TDriverManager	TDrivermanager	TDrivermanager	existing-unreviewed		0
TEtherFrameHandler	TEthernetBingkaihandler	TEthernetBingkaihandler	existing-unreviewed		0
TEtherFrameHeader	TEthernetBingkaiheader	TKepala_bingkai_jaringan_media_bersama	project-proposal	ethernet_header	8
TEtherFrameHeaderBuffer	TEthernetBingkaiheaderbuffer	TEthernetBingkaiheaderbuffer	existing-unreviewed		0
TEtherFrameProvider	TEthernetBingkaiprovider	TPenyedia_bingkai_jaringan_media_bersama	project-proposal	ethernet_provider	20
TEtherFrameRawDataHandler	TEthernetBingkairawdatahandler	TEthernetBingkairawdatahandler	existing-unreviewed		0
TGateDescriptor	TGatedescriptor	TGatedescriptor	existing-unreviewed		0
THREAD_STACK_SIZE	ThreadstackUkuran	ThreadstackUkuran	existing-unreviewed		0
TICMPHandler	Icmphandler	Icmphandler	existing-unreviewed		0
TIPEtherFrameHandler	IpethernetBingkaihandler	IpethernetBingkaihandler	existing-unreviewed		0
TInitializationBlock	TInitializationBlok	TInitializationBlok	existing-unreviewed		0
TInternetControlMessageProtocol	TInternetKontrolPesanprotocol	TProtokol_pesan_kendali_jaringan_saling_terhubung	project-proposal	icmp	5
TInternetControlMessageProtocolMessage	TInternetKontrolPesanprotocolPesan	TInternetKontrolPesanprotocolPesan	existing-unreviewed		0
TInternetControlMessageProtocolMessageBuffer	TInternetKontrolPesanprotocolPesanbuffer	TInternetKontrolPesanprotocolPesanbuffer	existing-unreviewed		0
TInternetProtocolHandler	TInternetprotocolhandler	TInternetprotocolhandler	existing-unreviewed		0
TInternetProtocolProvider	TInternetprotocolprovider	TPenyedia_protokol_jaringan_saling_terhubung	project-proposal	ip_provider	14
TInternetProtocolV4Message	TInternetprotocolv4Pesan	TInternetprotocolv4Pesan	existing-unreviewed		0
TInternetProtocolV4MessageBuffer	TInternetprotocolv4Pesanbuffer	TInternetprotocolv4Pesanbuffer	existing-unreviewed		0
TInterruptDescriptorTablePointer	TInterupsidescriptorTabelPenunjuk	TInterupsidescriptorTabelPenunjuk	existing-unreviewed		0
TInterruptHandler	TInterupsihandler	TInterupsihandler	existing-unreviewed		0
TInterruptManager	TInterupsimanager	TInterupsimanager	existing-unreviewed		0
TKeyboardDriver	TPapanketikdriver	TPapanketikdriver	existing-unreviewed		0
TLS_START	TlsMulai	TlsMulai	existing-unreviewed		0
TMSDOSPartitionTable	TmsdospartitionTabel	TmsdospartitionTabel	existing-unreviewed		0
TMasterBootRecord	TMasterbootRekaman	TRekaman_awal_utama	project-proposal	boot_record	3
TMemoryChunk	TMemorichunk	TMemorichunk	existing-unreviewed		0
TMemoryManager	TMemorimanager	TMemorimanager	existing-unreviewed		0
TMouseDriver	TTetikusdriver	TTetikusdriver	existing-unreviewed		0
TMyKeyboardEventHandler	TMyPapanketikEvenhandler	TMyPapanketikEvenhandler	existing-unreviewed		0
TMyMouseEventHandler	TMyTetikusEvenhandler	TMyTetikusEvenhandler	existing-unreviewed		0
TMyPCIControllerHandler	TMypcicontrollerhandler	TMypcicontrollerhandler	existing-unreviewed		0
TPartitionTableEntry	TPartitionTabelentri	TPartitionTabelentri	existing-unreviewed		0
TPeripheralComponentInterconnectController	TPeripheralcomponentinterconnectcontroller	TPeripheralcomponentinterconnectcontroller	existing-unreviewed		0
TPeripheralComponentInterconnectDeviceDescriptor	TPeripheralcomponentinterconnectPerangkatdescriptor	TPeripheralcomponentinterconnectPerangkatdescriptor	existing-unreviewed		0
TPort	TPort	TPort	existing-unreviewed		0
TPort16Bit	TPort16bit	TPort16bit	existing-unreviewed		0
TPort32Bit	TPort32bit	TPort32bit	existing-unreviewed		0
TPort8Bit	TPort8bit	TPort8bit	existing-unreviewed		0
TRawDataHandler	TRawdatahandler	TRawdatahandler	existing-unreviewed		0
TSSEntry	Tssentri	Tssentri	existing-unreviewed		0
TSyscall	TSyscall	TSyscall	existing-unreviewed		0
TTask	TTugas	TTugas	existing-unreviewed		0
TThread	TThread	TThread	existing-unreviewed		0
TThreadHelper	TThreadhelper	TThreadhelper	existing-unreviewed		0
TTimerDriver	TPewaktudriver	TPewaktudriver	existing-unreviewed		0
TUserDatagramProtocolHandler	TPenggunadatagramprotocolhandler	TPenggunadatagramprotocolhandler	existing-unreviewed		0
TUserDatagramProtocolHeader	TPenggunadatagramprotocolheader	TKepala_datagram_pengguna	project-proposal	udp_header	5
TUserDatagramProtocolHeaderBuffer	TPenggunadatagramprotocolheaderbuffer	TPenggunadatagramprotocolheaderbuffer	existing-unreviewed		0
TUserDatagramProtocolProvider	TPenggunadatagramprotocolprovider	TPenggunadatagramprotocolprovider	existing-unreviewed		0
TUserDatagramProtocolSocket	TPenggunadatagramprotocolSoket	TTitik_akhir_datagram_pengguna	project-proposal	udp_socket	17
TVideoGraphicsArray	TVideoGrafikJajaran	TVideoGrafikJajaran	existing-unreviewed		0
TWidget	TWidget	TUnsur_layar	project-proposal	widget	9
TWidgetMouseEventHandler	TWidgetTetikusEvenhandler	TWidgetTetikusEvenhandler	existing-unreviewed		0
Tamd_am79c973	Tamdam79c973	Tamdam79c973	existing-unreviewed		0
Test	Tes	Tes	existing-unreviewed		0
TestBit	Tesbit	Tesbit	existing-unreviewed		0
TestPrint	TesCetak	TesCetak	existing-unreviewed		0
Thread	Thread	Thread	existing-unreviewed		0
ThreadList	ThreadTabel	ThreadTabel	existing-unreviewed		0
ThreadState	ThreadStatus	ThreadStatus	existing-unreviewed		0
Threads	Threads	Threads	existing-unreviewed		0
TlsSegments	Tlssegments	Tlssegments	existing-unreviewed		0
TotalBlocks	TotalBlok	TotalBlok	existing-unreviewed		0
Type	Tipe	Tipe	existing-unreviewed		0
TypeTest	TipeTes	TipeTes	existing-unreviewed		0
T공용서술자테이블	TShareddescriptorTabel	TShareddescriptorTabel	existing-unreviewed		0
T공용서술자테이블_자료	TShareddescriptorTabeldata	TShareddescriptorTabeldata	existing-unreviewed		0
T작업관리자	TTugasmanager	TTugasmanager	existing-unreviewed		0
T조각설명자	TSegmentdescriptor	TSegmentdescriptor	existing-unreviewed		0
T콘솔	TConsole	TConsole	existing-unreviewed		0
T함수1	TFungsi1	TFungsi1	existing-unreviewed		0
UDESC_32SEG	Udesc32seg	Udesc32seg	existing-unreviewed		0
UDESC_CONTENTS	UdescIsi	UdescIsi	existing-unreviewed		0
UDESC_LIMIT_IN_PAGES	UdescBatasMasukpages	UdescBatasMasukpages	existing-unreviewed		0
UDESC_RX_ONLY	Udescrxonly	Udescrxonly	existing-unreviewed		0
UDESC_SEG_NOT_PRESENT	UdescsegnotAda	UdescsegnotAda	existing-unreviewed		0
UDESC_USABLE	Udescusable	Udescusable	existing-unreviewed		0
USER_STACK	Penggunastack	Penggunastack	existing-unreviewed		0
USER_STACK_SIZE	PenggunastackUkuran	PenggunastackUkuran	existing-unreviewed		0
USER_STACK_TOP	PenggunastackAtas	PenggunastackAtas	existing-unreviewed		0
Uid	Uid	Uid	existing-unreviewed		0
Uint16ToArray	Unsignedinteger16toJajaran	Unsignedinteger16toJajaran	existing-unreviewed		0
Uint16ToArray_BE	Unsignedinteger16toJajaranbe	Unsignedinteger16toJajaranbe	existing-unreviewed		0
Uint16_R	Unsignedinteger16r	Unsignedinteger16r	existing-unreviewed		0
Uint32ToArray	Unsignedinteger32toJajaran	Unsignedinteger32toJajaran	existing-unreviewed		0
Uint32_R	Unsignedinteger32r	Unsignedinteger32r	existing-unreviewed		0
Uint48ToArray	Unsignedinteger48toJajaran	Unsignedinteger48toJajaran	existing-unreviewed		0
Uint48ToArray_BE	Unsignedinteger48toJajaranbe	Unsignedinteger48toJajaranbe	existing-unreviewed		0
Uint48_R	Unsignedinteger48r	Unsignedinteger48r	existing-unreviewed		0
Uint64ToArray	Unsignedinteger64toJajaran	Unsignedinteger64toJajaran	existing-unreviewed		0
Uint64_R	Unsignedinteger64r	Unsignedinteger64r	existing-unreviewed		0
UnhandleInterrupt	UnhandleInterupsi	UnhandleInterupsi	existing-unreviewed		0
UnsetBit	Belumdisetbit	Balik_bit_alokasi	project-proposal	toggle_bit	1
UsedBlocks	DipakaiBlok	DipakaiBlok	existing-unreviewed		0
UserDesc	Penggunadescriptor	Penggunadescriptor	existing-unreviewed		0
UserStack	Penggunastack_2	Penggunastack_2	existing-unreviewed		0
UserStackSize	PenggunastackUkuran_2	PenggunastackUkuran_2	existing-unreviewed		0
Vendor_id	Vendorid	Vendorid	existing-unreviewed		0
Version	Versi	Versi	existing-unreviewed		0
VirtTest	VirtTes	VirtTes	existing-unreviewed		0
Write	Tulis	Tulis	existing-unreviewed		0
Write28	Tulis28	Tulis28	existing-unreviewed		0
WriteRegisters	Tulisregister	Tulisregister	existing-unreviewed		0
X	X	X	existing-unreviewed		0
Y	Y	Y	existing-unreviewed		0
Zero	Nol	Nol	existing-unreviewed		0
ZeroBlockInPageDir	NolBlokMasukHalamanDirektori	NolBlokMasukHalamanDirektori	existing-unreviewed		0
a	a	a	existing-unreviewed		0
aTime	aWaktu	aWaktu	existing-unreviewed		0
access	akses	akses	existing-unreviewed		0
accessMode	aksesmode	aksesmode	existing-unreviewed		0
ack	ack	ack	existing-unreviewed		0
activeKeyboardDriver	aktifPapanketikdriver	aktifPapanketikdriver	existing-unreviewed		0
activeMouseDriver	aktifTetikusdriver	aktifTetikusdriver	existing-unreviewed		0
addr	address	address	existing-unreviewed		0
addrPtr	addressPenunjuk	addressPenunjuk	existing-unreviewed		0
address	address_2	address_2	existing-unreviewed		0
addressError	addressGalat	addressGalat	existing-unreviewed		0
afInet	afinet	afinet	existing-unreviewed		0
allocFD	allocatefd	allocatefd	existing-unreviewed		0
allocOpenFile	allocateBukaBerkas	allocateBukaBerkas	existing-unreviewed		0
allocProcess	allocateProses	allocateProses	existing-unreviewed		0
allocateSocket	allocateSoket	allocateSoket	existing-unreviewed		0
allocated	allocated	allocated	existing-unreviewed		0
amd_am79c973	amdam79c973	amdam79c973	existing-unreviewed		0
args	arguments	arguments	existing-unreviewed		0
argument	argument	argument	existing-unreviewed		0
argumentPointers	argumentpointers	argumentpointers	existing-unreviewed		0
arguments	arguments_2	arguments_2	existing-unreviewed		0
arp	arp	arp	existing-unreviewed		0
arpBuffer	arpbuffer	arpbuffer	existing-unreviewed		0
arpMesgSize	arpmesgUkuran	arpmesgUkuran	existing-unreviewed		0
arpProvider	arpprovider	arpprovider	existing-unreviewed		0
arp콘솔	arpconsole	arpconsole	existing-unreviewed		0
array	jajaran	jajaran	existing-unreviewed		0
ata	ata	ata	existing-unreviewed		0
ata0s	ata0s	ata0s	existing-unreviewed		0
attempts	attempts	attempts	existing-unreviewed		0
attr	atribut	atribut	existing-unreviewed		0
attributeControllerIndexPort	atributcontrollerIndeksport	atributcontrollerIndeksport	existing-unreviewed		0
attributeControllerReadPort	atributcontrollerBacaport	atributcontrollerBacaport	existing-unreviewed		0
attributeControllerResetPort	atributcontrollerAturUlangport	atributcontrollerAturUlangport	existing-unreviewed		0
attributeControllerWritePort	atributcontrollerTulisport	atributcontrollerTulisport	existing-unreviewed		0
attributes	atribut_2	atribut_2	existing-unreviewed		0
aux	aux	aux	existing-unreviewed		0
avail	tersedia	tersedia	existing-unreviewed		0
b	b	b	existing-unreviewed		0
backend	backend	backend	existing-unreviewed		0
backupFpRegs	backupfpregs	backupfpregs	existing-unreviewed		0
backupSector	backupsector	backupsector	existing-unreviewed		0
bar	batang	batang	existing-unreviewed		0
barNum	batangNomor	batangNomor	existing-unreviewed		0
bar_value	batangNilai	batangNilai	existing-unreviewed		0
base	base	base	existing-unreviewed		0
baseCode	basecode	basecode	existing-unreviewed		0
baseHigh	baseTinggi	baseTinggi	existing-unreviewed		0
baseLow	baseRendah	baseRendah	existing-unreviewed		0
baseMid	basemid	basemid	existing-unreviewed		0
base_addr_high	baseaddressTinggi	baseaddressTinggi	existing-unreviewed		0
base_addr_low	baseaddressRendah	baseaddressRendah	existing-unreviewed		0
bh	bh	bh	existing-unreviewed		0
bindEphemeral	bindephemeral	bindephemeral	existing-unreviewed		0
bindError	bindGalat	bindGalat	existing-unreviewed		0
bios	bios	bios	existing-unreviewed		0
bit	bit	bit	existing-unreviewed		0
bitmap	bitmap	peta_alokasi	project-proposal	bitmap	2
bootSignature	bootsignature	bootsignature	existing-unreviewed		0
bootable	bootable	bootable	existing-unreviewed		0
bootloader	bootloader	bootloader	existing-unreviewed		0
bound	bound	bound	existing-unreviewed		0
bpb	bpb	parameter_sistem_berkas	project-proposal	fat_parameters	16
bpbBytes	bpbByte	bpbByte	existing-unreviewed		0
bpbPtr	bpbPenunjuk	bpbPenunjuk	existing-unreviewed		0
buf	buffer	buffer	existing-unreviewed		0
buf1	buffer1	buffer1	existing-unreviewed		0
buf2	buffer2	buffer2	existing-unreviewed		0
buf3	buffer3	buffer3	existing-unreviewed		0
buf4	buffer4	buffer4	existing-unreviewed		0
buf6	buffer6	buffer6	existing-unreviewed		0
buffer	buffer_2	buffer_2	existing-unreviewed		0
buffer1	buffer1_2	buffer1_2	existing-unreviewed		0
buffer2	buffer2_2	buffer2_2	existing-unreviewed		0
bufferAddr	bufferaddress	bufferaddress	existing-unreviewed		0
bufferAddress	bufferaddress_2	bufferaddress_2	existing-unreviewed		0
bufptr	bufferPenunjuk	bufferPenunjuk	existing-unreviewed		0
bus	bus	bus	existing-unreviewed		0
busControlRegisterDataPort	busKontrolregisterdataport	busKontrolregisterdataport	existing-unreviewed		0
button	tombol	tombol	existing-unreviewed		0
buttons	tombol_2	tombol_2	existing-unreviewed		0
bytesPerSector	bytepersector	bytepersector	existing-unreviewed		0
c	c	c	existing-unreviewed		0
cDate	cTanggal	cTanggal	existing-unreviewed		0
cTime	cWaktu	cWaktu	existing-unreviewed		0
cTimeTenth	cWaktutenth	cWaktutenth	existing-unreviewed		0
call	call	call	existing-unreviewed		0
candidate	candidate	candidate	existing-unreviewed		0
cap	cap	cap	existing-unreviewed		0
char	char	char	existing-unreviewed		0
checked	checked	checked	existing-unreviewed		0
checksum	checksum	checksum	existing-unreviewed		0
child	anak	anak	existing-unreviewed		0
childPID	anakpid	anakpid	existing-unreviewed		0
childPageDir	anakHalamanDirektori	anakHalamanDirektori	existing-unreviewed		0
chunk	chunk	chunk	existing-unreviewed		0
class_id	kelasid	kelasid	existing-unreviewed		0
closeAllProcessFDs	tutupSemuaProsesfds	tutupSemuaProsesfds	existing-unreviewed		0
closeOnExec	tutupHidupexec	tutupHidupexec	existing-unreviewed		0
closeProcessFD	tutupProsesfd	tutupProsesfd	existing-unreviewed		0
code	code	code	existing-unreviewed		0
code1Ptr	code1Penunjuk	code1Penunjuk	existing-unreviewed		0
code1ptr	code1Penunjuk_2	code1Penunjuk_2	existing-unreviewed		0
code2Ptr	code2Penunjuk	code2Penunjuk	existing-unreviewed		0
code3Ptr	code3Penunjuk	code3Penunjuk	existing-unreviewed		0
codeSegment	codesegment	codesegment	existing-unreviewed		0
colorIndex	warnaIndeks	warnaIndeks	existing-unreviewed		0
colordepth	warnadepth	warnadepth	existing-unreviewed		0
command	perintah	perintah	existing-unreviewed		0
commandPort	perintahport	perintahport	existing-unreviewed		0
commandport	perintahport_2	perintahport_2	existing-unreviewed		0
common	umum	umum	existing-unreviewed		0
connected	connected	connected	existing-unreviewed		0
console	console	console	existing-unreviewed		0
controlPort	kontrolport	kontrolport	existing-unreviewed		0
copyExecVector	salinexecvector	salinexecvector	existing-unreviewed		0
copyLength	salinPanjang	salinPanjang	existing-unreviewed		0
copyPageDir	salinHalamanDirektori	salinHalamanDirektori	existing-unreviewed		0
copyPath	salinAlur	salinAlur	existing-unreviewed		0
copySocketName	salinSoketNama	salinSoketNama	existing-unreviewed		0
copyUtsField	salinutskolom	salinutskolom	existing-unreviewed		0
count	count	count	existing-unreviewed		0
count2	count2	count2	existing-unreviewed		0
cowFrameManager	cowBingkaimanager	cowBingkaimanager	existing-unreviewed		0
cpu	cpu	cpu	existing-unreviewed		0
cpustate	cpuStatus	cpuStatus	existing-unreviewed		0
cr0	cr0	cr0	existing-unreviewed		0
cr3	cr3	cr3	existing-unreviewed		0
cr4	cr4	cr4	existing-unreviewed		0
crtcDataPort	crtcdataport	crtcdataport	existing-unreviewed		0
crtcIndexPort	crtcIndeksport	crtcIndeksport	existing-unreviewed		0
cs	cs	cs	existing-unreviewed		0
currentRecvBuffer	sekarangrecvbuffer	sekarangrecvbuffer	existing-unreviewed		0
currentSendBuffer	sekarangKirimbuffer	sekarangKirimbuffer	existing-unreviewed		0
currentTask	sekarangTugas	sekarangTugas	existing-unreviewed		0
currentThread	sekarangthread	sekarangthread	existing-unreviewed		0
currentThreadIndex	sekarangthreadIndeks	sekarangthreadIndeks	existing-unreviewed		0
cursorHeight	kursorTinggi	kursorTinggi	existing-unreviewed		0
cursorStart	kursorMulai	kursorMulai	existing-unreviewed		0
d_tag	dTanda	dTanda	existing-unreviewed		0
d_val_ptr	dvalPenunjuk	dvalPenunjuk	existing-unreviewed		0
data	data	data	existing-unreviewed		0
dataBuf	databuffer	databuffer	existing-unreviewed		0
dataBytes	dataByte	dataByte	existing-unreviewed		0
dataPointer	dataPenunjuk	dataPenunjuk	existing-unreviewed		0
dataPort	dataport	dataport	existing-unreviewed		0
dataStart	dataMulai	dataMulai	existing-unreviewed		0
databuffer	databuffer_2	databuffer_2	existing-unreviewed		0
dataport	dataport_2	dataport_2	existing-unreviewed		0
defaultKeyboardEventHandler	bakuPapanketikEvenhandler	bakuPapanketikEvenhandler	existing-unreviewed		0
desc	descriptor	descriptor	existing-unreviewed		0
description	keterangan	keterangan	existing-unreviewed		0
destination	tujuan	tujuan	existing-unreviewed		0
destinationAddress	tujuanaddress	tujuanaddress	existing-unreviewed		0
destinationLength	tujuanPanjang	tujuanPanjang	existing-unreviewed		0
dev	perangkat	perangkat	existing-unreviewed		0
device	perangkat_2	perangkat_2	existing-unreviewed		0
deviceDescriptor	perangkatdescriptor	perangkatdescriptor	existing-unreviewed		0
devicePort	perangkatport	perangkatport	existing-unreviewed		0
diff	diff	diff	existing-unreviewed		0
digits	digits	digits	existing-unreviewed		0
dirent	dirent	dirent	existing-unreviewed		0
direntBytes	direntByte	direntByte	existing-unreviewed		0
direntPtr	direntPenunjuk	direntPenunjuk	existing-unreviewed		0
discardProcess	discardProses	discardProses	existing-unreviewed		0
dispatchInterrupt	dispatchInterupsi	dispatchInterupsi	existing-unreviewed		0
divisor	divisor	divisor	existing-unreviewed		0
domain	domain	domain	existing-unreviewed		0
driveNumber	driveNomor	driveNomor	existing-unreviewed		0
driver	driver	driver	existing-unreviewed		0
driverManager	drivermanager	drivermanager	existing-unreviewed		0
drivercount	drivercount	drivercount	existing-unreviewed		0
drv	driver_2	driver_2	existing-unreviewed		0
ds	ds	ds	existing-unreviewed		0
ds_segment	dssegment	dssegment	existing-unreviewed		0
dst	tujuan_2	tujuan_2	existing-unreviewed		0
dstEntry	tujuanentri	tujuanentri	existing-unreviewed		0
dstIP	tujuanipaddress	tujuanipaddress	existing-unreviewed		0
dstIP_BE	tujuanipaddressJaringanbyteorder	tujuanipaddressJaringanbyteorder	existing-unreviewed		0
dstMAC	tujuanmacaddress	tujuanmacaddress	existing-unreviewed		0
dstMAC_BE	tujuanmacbe	tujuanmacbe	existing-unreviewed		0
dstPageDir	tujuanHalamanDirektori	tujuanHalamanDirektori	existing-unreviewed		0
dstPort	tujuanportNomor	nomor_porta_tujuan	project-proposal	destination_port	9
dstPt	tujuanpt	tujuanpt	existing-unreviewed		0
dstPtPtr	tujuanptPenunjuk	tujuanptPenunjuk	existing-unreviewed		0
dstPtr	tujuanPenunjuk	tujuanPenunjuk	existing-unreviewed		0
dstptr	tujuanPenunjuk_2	tujuanPenunjuk_2	existing-unreviewed		0
dynamic	dinamis	dinamis	existing-unreviewed		0
e	e	e	existing-unreviewed		0
e_ehsize	eehsize	eehsize	existing-unreviewed		0
e_entry	eentri	eentri	existing-unreviewed		0
e_flags	eTanda	eTanda	existing-unreviewed		0
e_ident	eident	eident	existing-unreviewed		0
e_machine	emachine	emachine	existing-unreviewed		0
e_phentsize	ephentsize	ephentsize	existing-unreviewed		0
e_phnum	ephnum	ephnum	existing-unreviewed		0
e_phoff	ephoff	ephoff	existing-unreviewed		0
e_shentsize	eshentsize	eshentsize	existing-unreviewed		0
e_shnum	eshnum	eshnum	existing-unreviewed		0
e_shoff	eshoff	eshoff	existing-unreviewed		0
e_shstrndx	eshstrndx	eshstrndx	existing-unreviewed		0
e_type	eTipe	eTipe	existing-unreviewed		0
e_version	eVersi	eVersi	existing-unreviewed		0
eax	eax	eax	existing-unreviewed		0
ebp	ebp	ebp	existing-unreviewed		0
ebx	ebx	ebx	existing-unreviewed		0
ecx	ecx	ecx	existing-unreviewed		0
edi	edi	edi	existing-unreviewed		0
edx	edx	edx	existing-unreviewed		0
efHandler	efhandler	efhandler	existing-unreviewed		0
eflags	eflags	eflags	existing-unreviewed		0
eip	eip	eip	existing-unreviewed		0
eipOffset	eipoffset	eipoffset	existing-unreviewed		0
elf	elf	format_eksekusi_dan_penautan	project-proposal	elf	6
elf0	elf0	elf0	existing-unreviewed		0
elf2	elf2	elf2	existing-unreviewed		0
elf3	elf3	elf3	existing-unreviewed		0
elf4	elf4	elf4	existing-unreviewed		0
elfHeader	elfheader	elfheader	existing-unreviewed		0
enabled	diaktifkan	diaktifkan	existing-unreviewed		0
end	akhir	akhir	existing-unreviewed		0
endOffset	akhiroffset	akhiroffset	existing-unreviewed		0
end_cylinder	akhircylinder	akhircylinder	existing-unreviewed		0
end_head	akhirhead	akhirhead	existing-unreviewed		0
end_sector	akhirsector	akhirsector	existing-unreviewed		0
ensureCurrentProcess	ensureSekarangProses	ensureSekarangProses	existing-unreviewed		0
entry	entri	entri	existing-unreviewed		0
entryPoint	entripoint	entripoint	existing-unreviewed		0
entrypoint	entripoint_2	entripoint_2	existing-unreviewed		0
environment	environment	environment	existing-unreviewed		0
environmentPointers	environmentpointers	environmentpointers	existing-unreviewed		0
err	galat	galat	existing-unreviewed		0
errorPort	galatport	galatport	existing-unreviewed		0
es	es	es	existing-unreviewed		0
esi	esi	esi	existing-unreviewed		0
esp	esp	esp	existing-unreviewed		0
esp0	esp0	esp0	existing-unreviewed		0
esp1	esp1	esp1	existing-unreviewed		0
esp2	esp2	esp2	existing-unreviewed		0
etherFrameProvider	ethernetBingkaiprovider	penyedia_bingkai_jaringan_media_bersama	project-proposal	ethernet_provider	1
etherType	ethernetTipe	ethernetTipe	existing-unreviewed		0
etherType_BE	ethernetTipebe	ethernetTipebe	existing-unreviewed		0
etherframe	ethernetBingkai	bingkai_jaringan_media_bersama	project-proposal	ethernet_frame	1
etherframePayload	ethernetBingkaipayload	ethernetBingkaipayload	existing-unreviewed		0
except	except	except	existing-unreviewed		0
exceptionCR0	exceptioncr0	exceptioncr0	existing-unreviewed		0
exceptionCR2	exceptioncr2	exceptioncr2	existing-unreviewed		0
exceptionCR3	exceptioncr3	exceptioncr3	existing-unreviewed		0
exceptionFrameValue	exceptionBingkaiNilai	exceptionBingkaiNilai	existing-unreviewed		0
exceptionHasErrorCode	exceptionhasGalatcode	exceptionhasGalatcode	existing-unreviewed		0
exceptionName	exceptionNama	exceptionNama	existing-unreviewed		0
execVector	execvector	execvector	existing-unreviewed		0
exists	exists	exists	existing-unreviewed		0
exited	keluar	keluar	existing-unreviewed		0
ext	ext	ext	existing-unreviewed		0
extFlags	extTanda	extTanda	existing-unreviewed		0
extendedScanCode	extendedPindaicode	extendedPindaicode	existing-unreviewed		0
fDupFD	fdupfd	fdupfd	existing-unreviewed		0
fGetFD	fgetfd	fgetfd	existing-unreviewed		0
fGetFL	fgetfl	fgetfl	existing-unreviewed		0
fSetFD	fAturfd	fAturfd	existing-unreviewed		0
fSetFL	fAturfl	fAturfl	existing-unreviewed		0
fat	fat	fat	existing-unreviewed		0
fatCopies	fatSalin	fatSalin	existing-unreviewed		0
fatInfo	fatinfo	fatinfo	existing-unreviewed		0
fatOffsetInSectorForCurrentCluster	fatoffsetMasuksectorforSekarangcluster	fatoffsetMasuksectorforSekarangcluster	existing-unreviewed		0
fatSectorCount	fatsectorcount	fatsectorcount	existing-unreviewed		0
fatSectorForCurrentCluster	fatsectorforSekarangcluster	fatsectorforSekarangcluster	existing-unreviewed		0
fatSize	fatUkuran	fatUkuran	existing-unreviewed		0
fatStart	fatMulai	fatMulai	existing-unreviewed		0
fatTypeLabel	fatTipeNama	fatTipeNama	existing-unreviewed		0
fatVersion	fatVersi	fatVersi	existing-unreviewed		0
fatbuf	fatbuf	fatbuf	existing-unreviewed		0
fatbuffer	fatbuffer	fatbuffer	existing-unreviewed		0
faultAddr	faultaddress	faultaddress	existing-unreviewed		0
fb	fb	fb	existing-unreviewed		0
fbCurCol	fbSekarangcol	fbSekarangcol	existing-unreviewed		0
fbCurLine	fbSekarangBaris	fbSekarangBaris	existing-unreviewed		0
fbHeight	fbTinggi	fbTinggi	existing-unreviewed		0
fbPhysAddr	fbphysaddress	fbphysaddress	existing-unreviewed		0
fbWidth	fbLebar	fbLebar	existing-unreviewed		0
fd	fd	fd	existing-unreviewed		0
fdCloexec	fdcloexec	fdcloexec	existing-unreviewed		0
fdEntry	fdentri	fdentri	existing-unreviewed		0
fdFlags	fdTanda	fdTanda	existing-unreviewed		0
fdKindConsole	fdJenisconsole	fdJenisconsole	existing-unreviewed		0
fdKindFat	fdJenisfat	fdJenisfat	existing-unreviewed		0
fdKindNone	fdJenisTakAda	fdJenisTakAda	existing-unreviewed		0
fdKindRootDir	fdJenisAkarDirektori	fdJenisAkarDirektori	existing-unreviewed		0
fdKindSocket	fdJenisSoket	fdJenisSoket	existing-unreviewed		0
fdKindStdin	fdJenisstdin	fdJenisstdin	existing-unreviewed		0
fds	fds	fds	existing-unreviewed		0
filePtr	berkasPenunjuk	berkasPenunjuk	existing-unreviewed		0
fileSector	berkassector	berkassector	existing-unreviewed		0
fileSize	berkasUkuran	berkasUkuran	existing-unreviewed		0
filename	namaberkas	namaberkas	existing-unreviewed		0
fillPosixStat	fillposixstat	fillposixstat	existing-unreviewed		0
findProcess	cariProses	cariProses	existing-unreviewed		0
first	first	first	existing-unreviewed		0
firstClusterHi	firstclusterhi	firstclusterhi	existing-unreviewed		0
firstClusterLow	firstclusterRendah	firstclusterRendah	existing-unreviewed		0
firstFileCluster	firstBerkascluster	firstBerkascluster	existing-unreviewed		0
flags	tanda	tanda	existing-unreviewed		0
flags2	tanda2	tanda2	existing-unreviewed		0
flagsAndOffset	tandadanoffset	tandadanoffset	existing-unreviewed		0
flushIndex	flushIndeks	flushIndeks	existing-unreviewed		0
flushTlsTable	flushtlsTabel	flushtlsTabel	existing-unreviewed		0
flush_tss	flushtss	flushtss	existing-unreviewed		0
fn	fn	fn	existing-unreviewed		0
foo	foo	foo	existing-unreviewed		0
foundChild	foundanak	foundanak	existing-unreviewed		0
frame	bingkai	bingkai	existing-unreviewed		0
frameCount	bingkaicount	bingkaicount	existing-unreviewed		0
frameHeaderSize	bingkaiheaderUkuran	bingkaiheaderUkuran	existing-unreviewed		0
free	bebas	bebas	existing-unreviewed		0
freePort	bebasport	bebasport	existing-unreviewed		0
frequency	frekuensi	frekuensi	existing-unreviewed		0
fs	fs	fs	existing-unreviewed		0
func1Val	func1val	func1val	existing-unreviewed		0
func2Val	func2val	func2val	existing-unreviewed		0
func3Val	func3val	func3val	existing-unreviewed		0
func_addr	funcaddress	funcaddress	existing-unreviewed		0
func_bytes	funcByte	funcByte	existing-unreviewed		0
func_name	funcNama	funcNama	existing-unreviewed		0
func_value	funcNilai	funcNilai	existing-unreviewed		0
function	fungsi	fungsi	existing-unreviewed		0
fxrstor	fxrstor	fxrstor	existing-unreviewed		0
fxsave	fxsave	fxsave	existing-unreviewed		0
g	g	g	existing-unreviewed		0
g_320x200x256	g320x200x256	g320x200x256	existing-unreviewed		0
gate	gate	gate	existing-unreviewed		0
gateData	gatedata	gatedata	existing-unreviewed		0
gatewayIP	gatewayip	gatewayip	existing-unreviewed		0
gdt	gdt	gdt	existing-unreviewed		0
gdtDescriptor	gdtdescriptor	gdtdescriptor	existing-unreviewed		0
gdtEntry	gdtentri	gdtentri	existing-unreviewed		0
gdtTable	gdtTabel	gdtTabel	existing-unreviewed		0
gdtTableLen	gdtTabellen	gdtTabellen	existing-unreviewed		0
gdt_codeSegmentSelector	gdtcodesegmentselector	gdtcodesegmentselector	existing-unreviewed		0
gdt_func	gdtfunc	gdtfunc	existing-unreviewed		0
getCR2	getcr2	getcr2	existing-unreviewed		0
getCR3	getcr3	getcr3	existing-unreviewed		0
getDescriptor	getdescriptor	getdescriptor	existing-unreviewed		0
getESI	getesi	getesi	existing-unreviewed		0
getESP	getesp	getesp	existing-unreviewed		0
getGDT	getgdt	getgdt	existing-unreviewed		0
getGS	getgs	getgs	existing-unreviewed		0
getOpenFile	getBukaBerkas	getBukaBerkas	existing-unreviewed		0
getOpenFileFor	getBukaBerkasfor	getBukaBerkasfor	existing-unreviewed		0
getTLS	gettls	gettls	existing-unreviewed		0
globalDescriptorTable	globaldescriptorTabel	globaldescriptorTabel	existing-unreviewed		0
globalOffsetTable	globaloffsetTabel	globaloffsetTabel	existing-unreviewed		0
global_offset_table	globaloffsetTabel_2	globaloffsetTabel_2	existing-unreviewed		0
graphicsControllerDataPort	grafikcontrollerdataport	grafikcontrollerdataport	existing-unreviewed		0
graphicsControllerIndexPort	grafikcontrollerIndeksport	grafikcontrollerIndeksport	existing-unreviewed		0
grub_multiboot_memory_map_t	grubmultibootMemorimapt	grubmultibootMemorimapt	existing-unreviewed		0
gs	gs	gs	existing-unreviewed		0
gs_segment	gssegment	gssegment	existing-unreviewed		0
h	h	h	existing-unreviewed		0
haltAfterFatalException	haltafterfatalexception	haltafterfatalexception	existing-unreviewed		0
handleInterrupt	penangananInterupsi	penangananInterupsi	existing-unreviewed		0
handleKeyboardInterrupt	penangananPapanketikInterupsi	penangananPapanketikInterupsi	existing-unreviewed		0
handleMouseInterrupt	penangananTetikusInterupsi	penangananTetikusInterupsi	existing-unreviewed		0
handlePagingInterrupt	penangananpagingInterupsi	penangananpagingInterupsi	existing-unreviewed		0
handleUnhandledSyscall	penangananunhandledsyscall	penangananunhandledsyscall	existing-unreviewed		0
handler	handler	handler	existing-unreviewed		0
handlerAddressHighBits	handleraddressTinggibit	handleraddressTinggibit	existing-unreviewed		0
handlerAddressLowBits	handleraddressRendahbit	handleraddressRendahbit	existing-unreviewed		0
handlerRun	handlerJalankan	handlerJalankan	existing-unreviewed		0
handlers	handler_2	handler_2	existing-unreviewed		0
hardwareAddressSize	perangkatkerasaddressUkuran	perangkatkerasaddressUkuran	existing-unreviewed		0
hardwareInterruptOffset	perangkatkerasInterupsioffset	perangkatkerasInterupsioffset	existing-unreviewed		0
hardwareType	perangkatkerasTipe	perangkatkerasTipe	existing-unreviewed		0
hd	hd	hd	existing-unreviewed		0
head	head	head	existing-unreviewed		0
headCount	headcount	headcount	existing-unreviewed		0
headerLength	headerPanjang	headerPanjang	existing-unreviewed		0
headertype	headertype	headertype	existing-unreviewed		0
height	tinggi	tinggi	existing-unreviewed		0
hex	heksa	heksa	existing-unreviewed		0
hiddenSectors	tersembunyisectors	tersembunyisectors	existing-unreviewed		0
i	i	i	existing-unreviewed		0
iCount	icount	icount	existing-unreviewed		0
iDrivers	idriver	idriver	existing-unreviewed		0
iKeyboardEventHandler	iPapanketikEvenhandler	iPapanketikEvenhandler	existing-unreviewed		0
iMouseEventHandler	iTetikusEvenhandler	iTetikusEvenhandler	existing-unreviewed		0
iPCIControllerHandler	ipcicontrollerhandler	ipcicontrollerhandler	existing-unreviewed		0
iRawDataHandler	irawdatahandler	irawdatahandler	existing-unreviewed		0
iTimerEventHandler	iPewaktuEvenhandler	iPewaktuEvenhandler	existing-unreviewed		0
icmp	icmp	protokol_pesan_kendali_jaringan_saling_terhubung	project-proposal	icmp	12
icmpSize	icmpUkuran	icmpUkuran	existing-unreviewed		0
icmp콘솔	icmpconsole	icmpconsole	existing-unreviewed		0
id	id	id	existing-unreviewed		0
ident	ident	ident	existing-unreviewed		0
idtData	idtdata	idtdata	existing-unreviewed		0
idtPointer	idtPenunjuk	idtPenunjuk	existing-unreviewed		0
idx	idx	idx	existing-unreviewed		0
index	indeks	indeks	existing-unreviewed		0
initBlock	initBlok	initBlok	existing-unreviewed		0
initFileDescriptors	initBerkasdescriptor	initBerkasdescriptor	existing-unreviewed		0
initPIT	initpit	initpit	existing-unreviewed		0
initializeProcessFDs	initializeProsesfds	initializeProsesfds	existing-unreviewed		0
inode	inoda	inoda	existing-unreviewed		0
inputEventTask	masukanEvenTugas	masukanEvenTugas	existing-unreviewed		0
installIDT	pasangidt	pasangidt	existing-unreviewed		0
intNumber	intNomor	intNomor	existing-unreviewed		0
interface_id	antarmukaid	antarmukaid	existing-unreviewed		0
internetprotocolPayload	internetprotocolpayload	internetprotocolpayload	existing-unreviewed		0
interrupt	interupsi	interupsi	existing-unreviewed		0
interruptDebug	interupsidebug	interupsidebug	existing-unreviewed		0
interruptExitLoop	interupsiKeluarloop	interupsiKeluarloop	existing-unreviewed		0
interruptGateEntries	interupsigateentri	interupsigateentri	existing-unreviewed		0
interruptHandler	interupsihandler	interupsihandler	existing-unreviewed		0
interrupts	interrupts	interrupts	existing-unreviewed		0
iomap	iomap	iomap	existing-unreviewed		0
ip	ip	ip	existing-unreviewed		0
ipEtherFrameHandler	ipethernetBingkaihandler	ipethernetBingkaihandler	existing-unreviewed		0
ipHandler	iphandler	iphandler	existing-unreviewed		0
ipIdx	ipidx	ipidx	existing-unreviewed		0
ipProtocolUDP	ipprotocoludp	ipprotocoludp	existing-unreviewed		0
ipProvider	ipprovider	penyedia_protokol_jaringan_saling_terhubung	project-proposal	ip_provider	5
ipSize	ipUkuran	ipUkuran	existing-unreviewed		0
ip_be	ipJaringanbyteorder	ipJaringanbyteorder	existing-unreviewed		0
ipmessage	internetprotocolPesan	internetprotocolPesan	existing-unreviewed		0
ipv4	ipv4	protokol_jaringan_saling_terhubung_4	project-proposal	ipv4	1
ip콘솔	ipconsole	ipconsole	existing-unreviewed		0
isKernel	iskernel	iskernel	existing-unreviewed		0
isRoot	isAkar	isAkar	existing-unreviewed		0
isRootPath	isAkarAlur	isAkarAlur	existing-unreviewed		0
isSharedPDE	issharedpde	issharedpde	existing-unreviewed		0
istOffset	istoffset	istoffset	existing-unreviewed		0
j	j	j	existing-unreviewed		0
jmp	jmp	jmp	existing-unreviewed		0
jmp_user	jmpPengguna	jmpPengguna	existing-unreviewed		0
jump_usermode_iret	jumpusermodeiret	jumpusermodeiret	existing-unreviewed		0
kPageDirEntry	kHalamanDirektorientri	kHalamanDirektorientri	existing-unreviewed		0
kernelESP	kernelesp	kernelesp	existing-unreviewed		0
kernelPageDirEntry	kernelHalamanDirektorientri	kernelHalamanDirektorientri	existing-unreviewed		0
kernelSS	kernelss	kernelss	existing-unreviewed		0
key	kunci	kunci	existing-unreviewed		0
keyboard	papanketik	papanketik	existing-unreviewed		0
keyboardDriver	papanketikdriver	papanketikdriver	existing-unreviewed		0
keyboardEventHandler	papanketikEvenhandler	papanketikEvenhandler	existing-unreviewed		0
keyboardQueue	papanketikqueue	papanketikqueue	existing-unreviewed		0
keyboardQueueRead	papanketikqueueBaca	papanketikqueueBaca	existing-unreviewed		0
keyboardQueueSize	papanketikqueueUkuran	papanketikqueueUkuran	existing-unreviewed		0
keyboardQueueWrite	papanketikqueueTulis	papanketikqueueTulis	existing-unreviewed		0
kind	jenis	jenis	existing-unreviewed		0
l	l	l	existing-unreviewed		0
last	terakhir	terakhir	existing-unreviewed		0
lbaHiPort	lbahiport	lbahiport	existing-unreviewed		0
lbaLowPort	lbaRendahport	lbaRendahport	existing-unreviewed		0
lbaMidPort	lbamidport	lbamidport	existing-unreviewed		0
ldt	ldt	ldt	existing-unreviewed		0
leftShift	kirishift	kirishift	existing-unreviewed		0
len	len	len	existing-unreviewed		0
len_ver	lenver	lenver	existing-unreviewed		0
length	panjang	panjang	existing-unreviewed		0
lengthAddress	panjangaddress	panjangaddress	existing-unreviewed		0
lengthInBytes	panjangMasukByte	panjangMasukByte	existing-unreviewed		0
length_high	panjangTinggi	panjangTinggi	existing-unreviewed		0
length_low	panjangRendah	panjangRendah	existing-unreviewed		0
lengths	lengths	lengths	existing-unreviewed		0
lib1Addr	lib1address	lib1address	existing-unreviewed		0
lib1Data	lib1data	lib1data	existing-unreviewed		0
lib1File	lib1Berkas	lib1Berkas	existing-unreviewed		0
lib1GOT	lib1got	lib1got	existing-unreviewed		0
lib1elf	lib1elf	lib1elf	existing-unreviewed		0
lib2Addr	lib2address	lib2address	existing-unreviewed		0
lib2Data	lib2data	lib2data	existing-unreviewed		0
lib2File	lib2Berkas	lib2Berkas	existing-unreviewed		0
lib2GOT	lib2got	lib2got	existing-unreviewed		0
lib2elf	lib2elf	lib2elf	existing-unreviewed		0
libLinkMap	libTautmap	libTautmap	existing-unreviewed		0
lidtaddr	lidtaddr	lidtaddr	existing-unreviewed		0
limit	batas	batas	existing-unreviewed		0
limitHighAndFlags	batasTinggidanTanda	batasTinggidanTanda	existing-unreviewed		0
limitLow	batasRendah	batasRendah	existing-unreviewed		0
linkMap	tautmap	tautmap	existing-unreviewed		0
linkMapAddr	tautmapaddress	tautmapaddress	existing-unreviewed		0
linkerAddr	linkeraddress	linkeraddress	existing-unreviewed		0
linkerData	linkerdata	linkerdata	existing-unreviewed		0
linkerEntry	linkerentri	linkerentri	existing-unreviewed		0
linkerFile	linkerBerkas	linkerBerkas	existing-unreviewed		0
list	tabel	tabel	existing-unreviewed		0
listening	listening	listening	existing-unreviewed		0
loader	loader	loader	existing-unreviewed		0
local	lokal	lokal	existing-unreviewed		0
localDatagramSocket	lokaldatagramSoket	lokaldatagramSoket	existing-unreviewed		0
localIP	lokalip	lokalip	existing-unreviewed		0
localPort	lokalportNomor	lokalportNomor	existing-unreviewed		0
localSockets	lokalsockets	lokalsockets	existing-unreviewed		0
logicalAddress	logikaaddress	logikaaddress	existing-unreviewed		0
macAddr	macaddress	macaddress	existing-unreviewed		0
macIdx	macidx	macidx	existing-unreviewed		0
magicnumber	magicnumber	magicnumber	existing-unreviewed		0
main	main	main	compatibility		0
mainThread	utamathread	utamathread	existing-unreviewed		0
makePagePrivateWritableCurrent	makeHalamanprivatewritableSekarang	makeHalamanprivatewritableSekarang	existing-unreviewed		0
makeRangePrivateWritableCurrent	makeCakupanprivatewritableSekarang	makeCakupanprivatewritableSekarang	existing-unreviewed		0
manager	manager	manager	existing-unreviewed		0
mask	topeng	topeng	existing-unreviewed		0
master	master	master	existing-unreviewed		0
matches	matches	matches	existing-unreviewed		0
maxBARs	maksbars	maksbars	existing-unreviewed		0
maxDatagramSize	maksdatagramUkuran	maksdatagramUkuran	existing-unreviewed		0
maxExecStringLength	maksexecBenangPanjang	maksexecBenangPanjang	existing-unreviewed		0
maxExecVectorEntries	maksexecvectorentri	maksexecvectorentri	existing-unreviewed		0
maxFD	maksfd	maksfd	existing-unreviewed		0
maxOpenFiles	maksBukaBERKAS	maksBukaBERKAS	existing-unreviewed		0
maxSocketPackets	maksSoketpaket	maksSoketpaket	existing-unreviewed		0
maxSockets	makssockets	makssockets	existing-unreviewed		0
maximumBlocks	maksimalBlok	maksimalBlok	existing-unreviewed		0
mediaType	mediaTipe	mediaTipe	existing-unreviewed		0
mem	mem	mem	existing-unreviewed		0
memoryArray	memoriJajaran	memoriJajaran	existing-unreviewed		0
memoryChunkSize	memorichunkUkuran	memorichunkUkuran	existing-unreviewed		0
memoryManager	memorimanager	memorimanager	existing-unreviewed		0
memoryOper	memorioper	memorioper	existing-unreviewed		0
memorySize	memoriUkuran	memoriUkuran	existing-unreviewed		0
memorymananger	memorymananger	memorymananger	existing-unreviewed		0
memorytest	memorytest	memorytest	existing-unreviewed		0
message	pesan	pesan	existing-unreviewed		0
micsPort	micsport	micsport	existing-unreviewed		0
minimum	minimum	minimum	existing-unreviewed		0
mode	mode	mode	existing-unreviewed		0
mouseDriver	tetikusdriver	tetikusdriver	existing-unreviewed		0
mouseEventHandler	tetikusEvenhandler	tetikusEvenhandler	existing-unreviewed		0
mouseVGA	tetikusvga	tetikusvga	existing-unreviewed		0
mouseWidget	tetikuswidget	tetikuswidget	existing-unreviewed		0
msdospart	msdospartition	msdospartition	existing-unreviewed		0
msg	msg	msg	existing-unreviewed		0
msgBuffer	msgbuffer	msgbuffer	existing-unreviewed		0
multiboot_memory_map	multibootMemorimap	multibootMemorimap	existing-unreviewed		0
multitasking	multitasking	multitasking	existing-unreviewed		0
myKeyboardEventHandler	myPapanketikEvenhandler	myPapanketikEvenhandler	existing-unreviewed		0
myPCIControllerHandler	mypcicontrollerhandler	mypcicontrollerhandler	existing-unreviewed		0
myfunction	myfunction	myfunction	existing-unreviewed		0
n	n	n	existing-unreviewed		0
n_descsz	ndescsz	ndescsz	existing-unreviewed		0
n_namesz	nnamesz	nnamesz	existing-unreviewed		0
n_type	nTipe	nTipe	existing-unreviewed		0
name	nama	nama	existing-unreviewed		0
nameLen	namalen	namalen	existing-unreviewed		0
netCard	jaringanKartu	jaringanKartu	existing-unreviewed		0
newButtons	baruTombol	baruTombol	existing-unreviewed		0
newFD	barufd	barufd	existing-unreviewed		0
newFrame	baruBingkai	baruBingkai	existing-unreviewed		0
newLink	baruTaut	baruTaut	existing-unreviewed		0
newNode	barunode	barunode	existing-unreviewed		0
newPtr	baruPenunjuk	baruPenunjuk	existing-unreviewed		0
next	berikutnya	berikutnya	existing-unreviewed		0
nextEphemeralPort	berikutnyaephemeralport	berikutnyaephemeralport	existing-unreviewed		0
nextFileCluster	berikutnyaBerkascluster	berikutnyaBerkascluster	existing-unreviewed		0
nextHopIP_BE	berikutnyahopipaddressJaringanbyteorder	berikutnyahopipaddressJaringanbyteorder	existing-unreviewed		0
nextNode	berikutnyanode	berikutnyanode	existing-unreviewed		0
nextProcessID	berikutnyaProsesid	berikutnyaProsesid	existing-unreviewed		0
nextThread	berikutnyathread	berikutnyathread	existing-unreviewed		0
nibble	nibble	nibble	existing-unreviewed		0
node	node	simpul_daftar	project-proposal	list_node	16
nodeArray	nodeJajaran	nodeJajaran	existing-unreviewed		0
num	nomor	nomor	existing-unreviewed		0
numCacheEntries	nomorcacheentri	nomorcacheentri	existing-unreviewed		0
numDrivers	nomordriver	nomordriver	existing-unreviewed		0
numFunctions	nomorFungsi	nomorFungsi	existing-unreviewed		0
numRecvBuffers	nomorrecvbuffer	nomorrecvbuffer	existing-unreviewed		0
numSendBuffers	nomorKirimbuffer	nomorKirimbuffer	existing-unreviewed		0
numSockets	nomorsockets	nomorsockets	existing-unreviewed		0
numTasks	nomorTugas	nomorTugas	existing-unreviewed		0
oAppend	oappend	oappend	existing-unreviewed		0
oCreate	ocreate	ocreate	existing-unreviewed		0
oDirectory	oDirektori	oDirektori	existing-unreviewed		0
oReadOnly	oBacaonly	oBacaonly	existing-unreviewed		0
oReadWrite	oBacaTulis	oBacaTulis	existing-unreviewed		0
oTruncate	oPenggal	oPenggal	existing-unreviewed		0
oWriteOnly	oTulisonly	oTulisonly	existing-unreviewed		0
o_addr	oaddress	oaddress	existing-unreviewed		0
offset	offset	offset	existing-unreviewed		0
ok	oke	oke	existing-unreviewed		0
oldButtons	oldTombol	oldTombol	existing-unreviewed		0
oldCR3	oldcr3	oldcr3	existing-unreviewed		0
oldFD	oldfd	oldfd	existing-unreviewed		0
oldFrame	oldBingkai	oldBingkai	existing-unreviewed		0
oldGdt	oldgdt	oldgdt	existing-unreviewed		0
oldGdtAddr	oldgdtaddress	oldgdtaddress	existing-unreviewed		0
oldGdtLen	oldgdtlen	oldgdtlen	existing-unreviewed		0
openFileDescription	bukaBerkasKeterangan	bukaBerkasKeterangan	existing-unreviewed		0
openFileTable	bukaBerkasTabel	bukaBerkasTabel	existing-unreviewed		0
options	opsi	opsi	existing-unreviewed		0
orgValue	orgNilai	orgNilai	existing-unreviewed		0
p	p	p	existing-unreviewed		0
p1	p1	p1	existing-unreviewed		0
p2	p2	p2	existing-unreviewed		0
p_align	pAlinea	pAlinea	existing-unreviewed		0
p_backend	pbackend	pbackend	existing-unreviewed		0
p_data	pdata	pdata	existing-unreviewed		0
p_efHandler	pefhandler	pefhandler	existing-unreviewed		0
p_efProvider	pefprovider	pefprovider	existing-unreviewed		0
p_etherType	pethernetTipe	pethernetTipe	existing-unreviewed		0
p_filesz	pfilesz	pfilesz	existing-unreviewed		0
p_flags	pTanda	pTanda	existing-unreviewed		0
p_iHandler	pihandler	pihandler	existing-unreviewed		0
p_ipHandler	piphandler	piphandler	existing-unreviewed		0
p_ipProvider	pipprovider	pipprovider	existing-unreviewed		0
p_memsz	pmemsz	pmemsz	existing-unreviewed		0
p_offset	poffset	poffset	existing-unreviewed		0
p_paddr	ppaddr	ppaddr	existing-unreviewed		0
p_protocol	pprotocol	pprotocol	existing-unreviewed		0
p_provider	pprovider	pprovider	existing-unreviewed		0
p_str	pstr	pstr	existing-unreviewed		0
p_type	pTipe	pTipe	existing-unreviewed		0
p_udpHandler	pudphandler	pudphandler	existing-unreviewed		0
p_udpProvider	pudpprovider	pudpprovider	existing-unreviewed		0
p_vaddr	pvaddr	pvaddr	existing-unreviewed		0
packet	packet	packet	existing-unreviewed		0
packetStatus	packetstatus	packetstatus	existing-unreviewed		0
packets	paket	paket	existing-unreviewed		0
page	halaman	halaman	existing-unreviewed		0
pageDir	halamanDirektori	direktori_halaman	project-proposal	page_directory	27
pageDirEntry	halamanDirektorientri	halamanDirektorientri	existing-unreviewed		0
pageTableEntry	halamanTabelentri	halamanTabelentri	existing-unreviewed		0
paging	paging	paging	existing-unreviewed		0
param	param	param	existing-unreviewed		0
params	param_2	param_2	existing-unreviewed		0
parent	orangtua	orangtua	existing-unreviewed		0
parentPID	orangtuapid	orangtuapid	existing-unreviewed		0
parentProcess	orangtuaProses	orangtuaProses	existing-unreviewed		0
partEntry	partentri	partentri	existing-unreviewed		0
partition	partition	partition	existing-unreviewed		0
partitionBytes	partitionByte	partitionByte	existing-unreviewed		0
partitionOffset	partitionoffset	partitionoffset	existing-unreviewed		0
path	alur	alur	existing-unreviewed		0
pathAddr	aluraddress	aluraddress	existing-unreviewed		0
pci	pci	pci	existing-unreviewed		0
pciController	pcicontroller	pcicontroller	existing-unreviewed		0
pde	pde	pde	existing-unreviewed		0
pdeAddr	pdeaddress	pdeaddress	existing-unreviewed		0
pdelen	pdelen	pdelen	existing-unreviewed		0
peer	peer	peer	existing-unreviewed		0
pendingButtons	pendingTombol	pendingTombol	existing-unreviewed		0
pendingMouseEvent	pendingTetikusEven	pendingTetikusEven	existing-unreviewed		0
pendingX	pendingx	pendingx	existing-unreviewed		0
pendingY	pendingy	pendingy	existing-unreviewed		0
phyaddr	phyaddr	phyaddr	existing-unreviewed		0
phymem	physicalMemori	physicalMemori	existing-unreviewed		0
physicalAddress	physicaladdress	physicaladdress	existing-unreviewed		0
pid	pid	pid	existing-unreviewed		0
pitFrequency	pitFrekuensi	pitFrekuensi	existing-unreviewed		0
pixelAddress	pixeladdress	pixeladdress	existing-unreviewed		0
pointer	penunjuk	acuan_alamat	project-proposal	pointer	39
pollKeyboardScancode	pollPapanketikscancode	pollPapanketikscancode	existing-unreviewed		0
port	port	port	existing-unreviewed		0
portBase	portbase	portbase	existing-unreviewed		0
portInUse	portMasukGunakan	portMasukGunakan	existing-unreviewed		0
portnumber	portnumber	portnumber	existing-unreviewed		0
pos	posisi	posisi	existing-unreviewed		0
position	posisi_2	posisi_2	existing-unreviewed		0
posixStat	posixstat	posixstat	existing-unreviewed		0
posixUtsname	posixutsname	posixutsname	existing-unreviewed		0
prefetchable	prefetchcapable	prefetchcapable	existing-unreviewed		0
prev	previous	previous	existing-unreviewed		0
prevNode	previousnode	previousnode	existing-unreviewed		0
prevX	previousx	previousx	existing-unreviewed		0
prevY	previousy	previousy	existing-unreviewed		0
printESP	cetakesp	cetakesp	existing-unreviewed		0
printExceptionSelectorInfo	cetakexceptionselectorinfo	cetakexceptionselectorinfo	existing-unreviewed		0
printPageFaultInfo	cetakHalamanfaultinfo	cetakHalamanfaultinfo	existing-unreviewed		0
printreg	printreg	printreg	existing-unreviewed		0
proc2	proc2	proc2	existing-unreviewed		0
proc3	proc3	proc3	existing-unreviewed		0
proc4	proc4	proc4	existing-unreviewed		0
process	proses	proses	existing-unreviewed		0
processEntry	prosesentri	prosesentri	existing-unreviewed		0
processHelper	proseshelper	proseshelper	existing-unreviewed		0
processTable	prosesTabel	prosesTabel	existing-unreviewed		0
processes	proses_2	proses_2	existing-unreviewed		0
programBreak	programbreak	programbreak	existing-unreviewed		0
protocol	protocol	protocol	existing-unreviewed		0
protocolAddressSize	protocoladdressUkuran	protocoladdressUkuran	existing-unreviewed		0
providedLength	providedPanjang	providedPanjang	existing-unreviewed		0
provider	provider	provider	existing-unreviewed		0
ps2WaitLimit	ps2TungguBatas	ps2TungguBatas	existing-unreviewed		0
pt	pt	pt	existing-unreviewed		0
pte	pte	pte	existing-unreviewed		0
pteAddr	pteaddress	pteaddress	existing-unreviewed		0
ptr	penunjuk_2	acuan_alamat_2	project-proposal	pointer	12
pushExecUint32	pushexecunsignedinteger32	pushexecunsignedinteger32	existing-unreviewed		0
queueKeyboardByte	queuePapanketikbyte	queuePapanketikbyte	existing-unreviewed		0
r	r	r	existing-unreviewed		0
r_addend	raddend	raddend	existing-unreviewed		0
r_info	rinfo	rinfo	existing-unreviewed		0
r_offset	roffset	roffset	existing-unreviewed		0
raw	raw	raw	existing-unreviewed		0
rawDataBackend	rawdatabackend	rawdatabackend	existing-unreviewed		0
readFile	bacaBerkas	bacaBerkas	existing-unreviewed		0
readPS2Data	bacaps2data	bacaps2data	existing-unreviewed		0
readStdin	bacastdin	bacastdin	existing-unreviewed		0
readVFSFile	bacavfsBerkas	bacavfsBerkas	existing-unreviewed		0
read_count	bacacount	bacacount	existing-unreviewed		0
receiver	receiver	receiver	existing-unreviewed		0
recvBufferDescr	recvbufferKeterangan	recvbufferKeterangan	existing-unreviewed		0
recvBufferDescrAddress	recvbufferKeteranganaddress	recvbufferKeteranganaddress	existing-unreviewed		0
recvBuffers	recvbuffer	recvbuffer	existing-unreviewed		0
recvBuffersDescrMemory	recvbufferKeteranganMemori	recvbufferKeteranganMemori	existing-unreviewed		0
refBytes	referenceByte	referenceByte	existing-unreviewed		0
refPtr	referencePenunjuk	referencePenunjuk	existing-unreviewed		0
refs	refs	refs	existing-unreviewed		0
regIndex	regIndeks	regIndeks	existing-unreviewed		0
registerAddressPort	registeraddressport	registeraddressport	existing-unreviewed		0
registerDataPort	registerdataport	registerdataport	existing-unreviewed		0
registeroffset	registeroffset	registeroffset	existing-unreviewed		0
registers	register	register	existing-unreviewed		0
regtype	regtype	regtype	existing-unreviewed		0
rel_text	relTeks	relTeks	existing-unreviewed		0
rel_text_len	relTekslen	relTekslen	existing-unreviewed		0
releaseOpenFile	releaseBukaBerkas	releaseBukaBerkas	existing-unreviewed		0
released	released	released	existing-unreviewed		0
reloadCR3	muatUlangcr3	muatUlangcr3	existing-unreviewed		0
relocation_text	relocationTeks	relocationTeks	existing-unreviewed		0
remaining	remaining	remaining	existing-unreviewed		0
remote	jauh	jauh	existing-unreviewed		0
remoteIP	jauhip	jauhip	existing-unreviewed		0
remotePort	jauhportNomor	jauhportNomor	existing-unreviewed		0
requested	requested	requested	existing-unreviewed		0
reserved	reserved	reserved	existing-unreviewed		0
reserved0	reserved0	reserved0	existing-unreviewed		0
reservedSectors	reservedsectors	reservedsectors	existing-unreviewed		0
resetPort	aturUlangport	aturUlangport	existing-unreviewed		0
restoreFpRegs	kembalikanfpregs	kembalikanfpregs	existing-unreviewed		0
result	hASIL	hASIL	existing-unreviewed		0
result1	hASIL1	hASIL1	existing-unreviewed		0
result2	hASIL2	hASIL2	existing-unreviewed		0
ret	ret	ret	existing-unreviewed		0
revision	revision	revision	existing-unreviewed		0
rightShift	kananshift	kananshift	existing-unreviewed		0
rootCluster	akarcluster	akarcluster	existing-unreviewed		0
rootDirEntries	akarDirektorientri	akarDirektorientri	existing-unreviewed		0
rootStart	akarMulai	akarMulai	existing-unreviewed		0
rt	rt	rt	existing-unreviewed		0
s	s	s	existing-unreviewed		0
sIfchr	sifchr	sifchr	existing-unreviewed		0
sIfdir	sifdir	sifdir	existing-unreviewed		0
sIfmt	sifmt	sifmt	existing-unreviewed		0
sIfreg	sifreg	sifreg	existing-unreviewed		0
sIfsock	sifsock	sifsock	existing-unreviewed		0
savedESP	savedesp	savedesp	existing-unreviewed		0
sc	sc	sc	existing-unreviewed		0
scanCode	pindaicode	pindaicode	existing-unreviewed		0
scanCodeToByte	pindaicodetobyte	pindaicodetobyte	existing-unreviewed		0
scancodeToByte	scancodetobyte	scancodetobyte	existing-unreviewed		0
sche	sche	sche	existing-unreviewed		0
sche_data	schedata	schedata	existing-unreviewed		0
scheduleStack	schedulestack	schedulestack	existing-unreviewed		0
scheduler	scheduler	scheduler	existing-unreviewed		0
schedulerDebug	schedulerdebug	schedulerdebug	existing-unreviewed		0
sectHeader	sectheader	sectheader	existing-unreviewed		0
sectHeaderSize	sectheaderUkuran	sectheaderUkuran	existing-unreviewed		0
sectName	sectNama	sectNama	existing-unreviewed		0
sectValue	sectNilai	sectNilai	existing-unreviewed		0
sector	sector	sector	existing-unreviewed		0
sectorCountPort	sectorcountport	sectorcountport	existing-unreviewed		0
sectorNum	sectorNomor	sectorNomor	existing-unreviewed		0
sectorOffset	sectoroffset	sectoroffset	existing-unreviewed		0
sectorPerTrack	sectorpertrack	sectorpertrack	existing-unreviewed		0
sectorsPerCluster	sectorspercluster	sectorspercluster	existing-unreviewed		0
seekCur	seekSekarang	seekSekarang	existing-unreviewed		0
seekEnd	seekAkhir	seekAkhir	existing-unreviewed		0
seekSet	seekAtur	seekAtur	existing-unreviewed		0
segmentNumber	segmentNomor	segmentNomor	existing-unreviewed		0
self	dirisendiri	dirisendiri	existing-unreviewed		0
self_uintptr	dirisendiriuintptr	dirisendiriuintptr	existing-unreviewed		0
sendBack	reply	reply	existing-unreviewed		0
sendBufferDescr	kirimbufferKeterangan	kirimbufferKeterangan	existing-unreviewed		0
sendBufferDescrAddress	kirimbufferKeteranganaddress	kirimbufferKeteranganaddress	existing-unreviewed		0
sendBuffers	kirimbuffer	kirimbuffer	existing-unreviewed		0
sendBuffersDescrMemory	kirimbufferKeteranganMemori	kirimbufferKeteranganMemori	existing-unreviewed		0
sendDataPointer	kirimdataPenunjuk	kirimdataPenunjuk	existing-unreviewed		0
sendDescriptor	kirimdescriptor	kirimdescriptor	existing-unreviewed		0
sendMouseCommand	kirimTetikusPerintah	kirimTetikusPerintah	existing-unreviewed		0
sequencerDataPort	sequencerdataport	sequencerdataport	existing-unreviewed		0
sequencerIndexPort	sequencerIndeksport	sequencerIndeksport	existing-unreviewed		0
serialLogByte	seriallogbyte	seriallogbyte	existing-unreviewed		0
serialReady	serialSiap	serialSiap	existing-unreviewed		0
setCR3	aturcr3	aturcr3	existing-unreviewed		0
setDS	aturds	aturds	existing-unreviewed		0
setGS	aturgs	aturgs	existing-unreviewed		0
setThreadExitLoopState	aturthreadKeluarloopStatus	aturthreadKeluarloopStatus	existing-unreviewed		0
setupExecStack	setupexecstack	setupexecstack	existing-unreviewed		0
sh	sh	sh	existing-unreviewed		0
sh_addr	shaddress	shaddress	existing-unreviewed		0
sh_addralign	shaddralign	shaddralign	existing-unreviewed		0
sh_entsize	shentsize	shentsize	existing-unreviewed		0
sh_flags	shTanda	shTanda	existing-unreviewed		0
sh_info	shinfo	shinfo	existing-unreviewed		0
sh_link	shTaut	shTaut	existing-unreviewed		0
sh_name	shNama	shNama	existing-unreviewed		0
sh_offset	shoffset	shoffset	existing-unreviewed		0
sh_size	shUkuran	shUkuran	existing-unreviewed		0
sh_type	shTipe	shTipe	existing-unreviewed		0
shift	shift	shift	existing-unreviewed		0
signature	signature	signature	existing-unreviewed		0
size	ukuran	ukuran	existing-unreviewed		0
sl	sl	sl	existing-unreviewed		0
sockDatagram	sockdatagram	sockdatagram	existing-unreviewed		0
socket	soket	soket	existing-unreviewed		0
socketAddress	soketaddress	soketaddress	existing-unreviewed		0
socketAddressIPv4	soketaddressipv4	soketaddressipv4	existing-unreviewed		0
socketBind	soketbind	soketbind	existing-unreviewed		0
socketCallArgument	soketcallargument	soketcallargument	existing-unreviewed		0
socketConnect	soketSambung	soketSambung	existing-unreviewed		0
socketForFD	soketforfd	soketforfd	existing-unreviewed		0
socketIndex	soketIndeks	soketIndeks	existing-unreviewed		0
socketPacket	soketpacket	soketpacket	existing-unreviewed		0
socketReceiveFrom	soketreceivefrom	soketreceivefrom	existing-unreviewed		0
socketSendTo	soketKirimto	soketKirimto	existing-unreviewed		0
socketType	soketTipe	soketTipe	existing-unreviewed		0
sockets	sockets	sockets	existing-unreviewed		0
softName	softNama	softNama	existing-unreviewed		0
source	sumber	sumber	existing-unreviewed		0
sourceAddress	sumberaddress	sumberaddress	existing-unreviewed		0
sourceLengthAddress	sumberPanjangaddress	sumberPanjangaddress	existing-unreviewed		0
src	sumber_2	sumber_2	existing-unreviewed		0
srcEntry	sumberentri	sumberentri	existing-unreviewed		0
srcIP	sumberipaddress	sumberipaddress	existing-unreviewed		0
srcIP_BE	sumberipaddressJaringanbyteorder	sumberipaddressJaringanbyteorder	existing-unreviewed		0
srcMAC	sumbermacaddress	sumbermacaddress	existing-unreviewed		0
srcMAC_BE	sumbermacbe	sumbermacbe	existing-unreviewed		0
srcPageDir	sumberHalamanDirektori	sumberHalamanDirektori	existing-unreviewed		0
srcPde	sumberpde	sumberpde	existing-unreviewed		0
srcPdeAddr	sumberpdeaddress	sumberpdeaddress	existing-unreviewed		0
srcPort	sumberportNomor	nomor_porta_sumber	project-proposal	source_port	9
srcPt	sumberpt	sumberpt	existing-unreviewed		0
srcptr	srcptr	srcptr	existing-unreviewed		0
ss	ss	ss	existing-unreviewed		0
ss0	ss0	ss0	existing-unreviewed		0
ss1	ss1	ss1	existing-unreviewed		0
ss2	ss2	ss2	existing-unreviewed		0
st	st	st	existing-unreviewed		0
st_info	stinfo	stinfo	existing-unreviewed		0
st_name	stNama	stNama	existing-unreviewed		0
st_other	stLainnya	stLainnya	existing-unreviewed		0
st_shndx	stshndx	stshndx	existing-unreviewed		0
st_size	stUkuran	stUkuran	existing-unreviewed		0
st_value	stNilai	stNilai	existing-unreviewed		0
stack	stack	memori_tumpukan	project-proposal	stack	18
stackBytes	stackByte	stackByte	existing-unreviewed		0
stackPtr	stackPenunjuk	stackPenunjuk	existing-unreviewed		0
stack_addr	stackaddress	stackaddress	existing-unreviewed		0
stackbottom	stackbottom	stackbottom	existing-unreviewed		0
stacktop	stacktop	stacktop	existing-unreviewed		0
start	mulai	mulai	existing-unreviewed		0
startOffset	mulaioffset	mulaioffset	existing-unreviewed		0
start_cylinder	mulaicylinder	mulaicylinder	existing-unreviewed		0
start_head	mulaihead	mulaihead	existing-unreviewed		0
start_sector	mulaisector	mulaisector	existing-unreviewed		0
startingBit	startingbit	startingbit	existing-unreviewed		0
stat	stat	stat	existing-unreviewed		0
statAddr	stataddress	stataddress	existing-unreviewed		0
status	status	status	existing-unreviewed		0
statusAddr	statusaddress	statusaddress	existing-unreviewed		0
stderrFD	stderrfd	stderrfd	existing-unreviewed		0
stdinBuffer	stdinbuffer	stdinbuffer	existing-unreviewed		0
stdinFD	stdinfd	stdinfd	existing-unreviewed		0
stdinGetBlocking	stdingetblocking	stdingetblocking	existing-unreviewed		0
stdinRead	stdinBaca	stdinBaca	existing-unreviewed		0
stdinWrite	stdinTulis	stdinTulis	existing-unreviewed		0
stdoutFD	stdoutfd	stdoutfd	existing-unreviewed		0
stoppedThread	berhentithread	berhentithread	existing-unreviewed		0
str	str	str	existing-unreviewed		0
stringAddress	benangaddress	benangaddress	existing-unreviewed		0
stringHeader	benangheader	benangheader	existing-unreviewed		0
strtab	strtab	strtab	existing-unreviewed		0
subclass_id	subclassid	subclassid	existing-unreviewed		0
subnetMask	subnetTopeng	subnetTopeng	existing-unreviewed		0
swapUint16	swapunsignedinteger16	swapunsignedinteger16	existing-unreviewed		0
switchForced	switchforced	switchforced	existing-unreviewed		0
sysAccess	sysakses	sysakses	existing-unreviewed		0
sysBrk	sysbrk	sysbrk	existing-unreviewed		0
sysCall	syscall	syscall	existing-unreviewed		0
sysChdir	syschdir	syschdir	existing-unreviewed		0
sysClose	sysTutup	sysTutup	existing-unreviewed		0
sysDup	sysdup	sysdup	existing-unreviewed		0
sysDup2	sysdup2	sysdup2	existing-unreviewed		0
sysExecve	sysexecve	sysexecve	existing-unreviewed		0
sysExit	sysKeluar	sysKeluar	existing-unreviewed		0
sysFcntl	sysfcntl	sysfcntl	existing-unreviewed		0
sysFork	sysfork	sysfork	existing-unreviewed		0
sysFstat	sysfstat	sysfstat	existing-unreviewed		0
sysFsync	sysfsync	sysfsync	existing-unreviewed		0
sysGetcwd	sysgetcwd	sysgetcwd	existing-unreviewed		0
sysLseek	syslseek	syslseek	existing-unreviewed		0
sysOpen	sysBuka	sysBuka	existing-unreviewed		0
sysRead	sysBaca	sysBaca	existing-unreviewed		0
sysSocketCall	sysSoketcall	sysSoketcall	existing-unreviewed		0
sysStat	sysstat	sysstat	existing-unreviewed		0
sysUname	sysuname	sysuname	existing-unreviewed		0
sysWaitpid	syswaitpid	syswaitpid	existing-unreviewed		0
sysWrite	sysTulis	sysTulis	existing-unreviewed		0
syscallError	syscallGalat	syscallGalat	existing-unreviewed		0
syscallID	syscallid	syscallid	existing-unreviewed		0
systemcall	sistemcall	sistemcall	existing-unreviewed		0
table	tabel_2	tabel_2	existing-unreviewed		0
tableSize	tabelUkuran	tabelUkuran	existing-unreviewed		0
tail	tail	tail	existing-unreviewed		0
task	tugas	tugas	existing-unreviewed		0
taskA	tugasa	tugasa	existing-unreviewed		0
taskB	tugasb	tugasb	existing-unreviewed		0
taskC	tugasc	tugasc	existing-unreviewed		0
taskD	tugasd	tugasd	existing-unreviewed		0
taskD0	tugasd0	tugasd0	existing-unreviewed		0
taskD1	tugasd1	tugasd1	existing-unreviewed		0
taskManager	tugasmanager	tugasmanager	existing-unreviewed		0
tasks	tugas_2	tugas_2	existing-unreviewed		0
temp	temporary	temporary	existing-unreviewed		0
terminated	terminated	terminated	existing-unreviewed		0
text	teks	teks	existing-unreviewed		0
textPtr	teksPenunjuk	teksPenunjuk	existing-unreviewed		0
text_len	tekslen	tekslen	existing-unreviewed		0
text_mode_check_fb_move	teksmodecheckfbPindah	teksmodecheckfbPindah	existing-unreviewed		0
text_mode_disable_cursor	teksmodeNonaktifkanKursor	teksmodeNonaktifkanKursor	existing-unreviewed		0
text_mode_enable_cursor	teksmodeAktifkanKursor	teksmodeAktifkanKursor	existing-unreviewed		0
text_mode_error_writer	teksmodeGalatwriter	teksmodeGalatwriter	existing-unreviewed		0
text_mode_flush_screen	teksmodeflushPengunciLayar	teksmodeflushPengunciLayar	existing-unreviewed		0
text_mode_init	teksmodeinit	teksmodeinit	existing-unreviewed		0
text_mode_print	teksmodeCetak	teksmodeCetak	existing-unreviewed		0
text_mode_print_bytes	teksmodeCetakByte	teksmodeCetakByte	existing-unreviewed		0
text_mode_print_char	teksmodeCetakchar	teksmodeCetakchar	existing-unreviewed		0
text_mode_print_char_col	teksmodeCetakcharcol	teksmodeCetakcharcol	existing-unreviewed		0
text_mode_print_col	teksmodeCetakcol	teksmodeCetakcol	existing-unreviewed		0
text_mode_print_error	teksmodeCetakGalat	teksmodeCetakGalat	existing-unreviewed		0
text_mode_print_error_bytes	teksmodeCetakGalatByte	teksmodeCetakGalatByte	existing-unreviewed		0
text_mode_print_errorln	teksmodeCetakerrorln	teksmodeCetakerrorln	existing-unreviewed		0
text_mode_print_hex	teksmodeCetakHeksa	teksmodeCetakHeksa	existing-unreviewed		0
text_mode_print_hex16	teksmodeCetakHeksa16	teksmodeCetakHeksa16	existing-unreviewed		0
text_mode_print_hex32	teksmodeCetakHeksa32	teksmodeCetakHeksa32	existing-unreviewed		0
text_mode_print_hex64	teksmodeCetakHeksa64	teksmodeCetakHeksa64	existing-unreviewed		0
text_mode_print_hex_char	teksmodeCetakHeksachar	teksmodeCetakHeksachar	existing-unreviewed		0
text_mode_println	teksmodeprintln	teksmodeprintln	existing-unreviewed		0
text_mode_println_col	teksmodeprintlncol	teksmodeprintlncol	existing-unreviewed		0
text_mode_update_cursor	teksmodePerbaruiKursor	teksmodePerbaruiKursor	existing-unreviewed		0
text_mode_writer	teksmodewriter	teksmodewriter	existing-unreviewed		0
thr2	thr2	thr2	existing-unreviewed		0
thr3	thr3	thr3	existing-unreviewed		0
thr4	thr4	thr4	existing-unreviewed		0
thread	thread	thread	existing-unreviewed		0
threadExitLoop	threadKeluarloop	threadKeluarloop	existing-unreviewed		0
threadHelper	threadhelper	threadhelper	existing-unreviewed		0
threadPtr	threadPenunjuk	threadPenunjuk	existing-unreviewed		0
tickCount	tickcount	tickcount	existing-unreviewed		0
timeDelta	waktudelta	waktudelta	existing-unreviewed		0
timeToLive	waktutolive	waktutolive	existing-unreviewed		0
timer	pewaktu	pewaktu	existing-unreviewed		0
tls	tls	tls	existing-unreviewed		0
tmp	tmp	tmp	existing-unreviewed		0
tmpPtr	tmpPenunjuk	tmpPenunjuk	existing-unreviewed		0
tos	tos	tos	existing-unreviewed		0
totalLength	totalPanjang	totalPanjang	existing-unreviewed		0
totalSectorCount	totalsectorcount	totalsectorcount	existing-unreviewed		0
totalSectors	totalsectors	totalsectors	existing-unreviewed		0
trap	trap	trap	existing-unreviewed		0
tss	tss	tss	existing-unreviewed		0
tssIndex	tssIndeks	tssIndeks	existing-unreviewed		0
udp	udp	protokol_datagram_pengguna	project-proposal	udp	1
udpHandler	udphandler	udphandler	existing-unreviewed		0
udpHeaderSize	udpheaderUkuran	udpheaderUkuran	existing-unreviewed		0
udpProvider	udpprovider	udpprovider	existing-unreviewed		0
udp콘솔	udpconsole	udpconsole	existing-unreviewed		0
unused	takberguna	takberguna	existing-unreviewed		0
used	dipakai	dipakai	existing-unreviewed		0
usedBlocks	dipakaiBlok	dipakaiBlok	existing-unreviewed		0
user1addr	pengguna1address	pengguna1address	existing-unreviewed		0
user1data	pengguna1data	pengguna1data	existing-unreviewed		0
user1entry	pengguna1entri	pengguna1entri	existing-unreviewed		0
user1file	pengguna1Berkas	pengguna1Berkas	existing-unreviewed		0
user2addr	pengguna2address	pengguna2address	existing-unreviewed		0
user2data	pengguna2data	pengguna2data	existing-unreviewed		0
user2entry	pengguna2entri	pengguna2entri	existing-unreviewed		0
user2file	pengguna2Berkas	pengguna2Berkas	existing-unreviewed		0
user3addr	pengguna3address	pengguna3address	existing-unreviewed		0
user3data	pengguna3data	pengguna3data	existing-unreviewed		0
user3entry	pengguna3entri	pengguna3entri	existing-unreviewed		0
user3file	pengguna3Berkas	pengguna3Berkas	existing-unreviewed		0
userHeapBase	penggunaheapbase	penggunaheapbase	existing-unreviewed		0
userHeapLimit	penggunaheapBatas	penggunaheapBatas	existing-unreviewed		0
user_esp	penggunaesp	penggunaesp	existing-unreviewed		0
userhandler	userhandler	userhandler	existing-unreviewed		0
userproc_entry	userprocentri	userprocentri	existing-unreviewed		0
util	util	util	existing-unreviewed		0
util콘솔	utilconsole	utilconsole	existing-unreviewed		0
v	v	v	existing-unreviewed		0
vAddr	vaddress	vaddress	existing-unreviewed		0
value	nilai	nilai	existing-unreviewed		0
values	nilai_2	nilai_2	existing-unreviewed		0
version	versi	versi	existing-unreviewed		0
vga	vga	vga	existing-unreviewed		0
virtlen	virtlen	virtlen	existing-unreviewed		0
virtmem	virtualMemori	virtualMemori	existing-unreviewed		0
virtualAddr	virtualaddress	virtualaddress	existing-unreviewed		0
volumeId	volumeid	volumeid	existing-unreviewed		0
volumeLabel	volumeNama	volumeNama	existing-unreviewed		0
w	w	w	existing-unreviewed		0
wDate	wTanggal	wTanggal	existing-unreviewed		0
wTime	wWaktu	wWaktu	existing-unreviewed		0
waitPS2InputEmpty	tunggups2MasukanKosong	tunggups2MasukanKosong	existing-unreviewed		0
waitPS2OutputFull	tunggups2KeluaranPenuh	tunggups2KeluaranPenuh	existing-unreviewed		0
wdata	wdata	wdata	existing-unreviewed		0
whence	whence	whence	existing-unreviewed		0
widget	widget	unsur_layar	project-proposal	widget	6
width	lebar	lebar	existing-unreviewed		0
writePS2Command	tulisps2Perintah	tulisps2Perintah	existing-unreviewed		0
writePS2Data	tulisps2data	tulisps2data	existing-unreviewed		0
write_count	tuliscount	tuliscount	existing-unreviewed		0
x	x	x	existing-unreviewed		0
xPageDir	xHalamanDirektori	xHalamanDirektori	existing-unreviewed		0
xPos	xPosisi	xPosisi	existing-unreviewed		0
y	y	y	existing-unreviewed		0
yPageDir	yHalamanDirektori	yHalamanDirektori	existing-unreviewed		0
yPos	yPosisi	yPosisi	existing-unreviewed		0
값	nilai_3	nilai_3	existing-unreviewed		0
공용서술자테이블	shareddescriptorTabel	shareddescriptorTabel	existing-unreviewed		0
기준	base_2	base_2	existing-unreviewed		0
기준_낮은	baseRendah_2	baseRendah_2	existing-unreviewed		0
기준_높은	baseTinggi_2	baseTinggi_2	existing-unreviewed		0
기준_매우높은	baseveryTinggi	baseveryTinggi	existing-unreviewed		0
기준주소	baseaddress	baseaddress	existing-unreviewed		0
넷카드콘솔	jaringanKartuconsole	jaringanKartuconsole	existing-unreviewed		0
단말기	terminal	terminal	existing-unreviewed		0
마우스콘솔	tetikusconsole	tetikusconsole	existing-unreviewed		0
매개값	argumentNilai	argumentNilai	existing-unreviewed		0
멈추기	halt	halt	existing-unreviewed		0
목적	tujuan_3	tujuan_3	existing-unreviewed		0
유형	tipe	tipe	existing-unreviewed		0
이더넷콘솔	ethernetconsole	ethernetconsole	existing-unreviewed		0
인터럽트무시하기	interupsiignore	interupsiignore	existing-unreviewed		0
인터럽트예외처리기	interupsiexceptionhandler	interupsiexceptionhandler	existing-unreviewed		0
인터럽트예외처리기0x00	interupsiexceptionhandler0x00	interupsiexceptionhandler0x00	existing-unreviewed		0
인터럽트예외처리기0x01	interupsiexceptionhandler0x01	interupsiexceptionhandler0x01	existing-unreviewed		0
인터럽트예외처리기0x02	interupsiexceptionhandler0x02	interupsiexceptionhandler0x02	existing-unreviewed		0
인터럽트예외처리기0x03	interupsiexceptionhandler0x03	interupsiexceptionhandler0x03	existing-unreviewed		0
인터럽트예외처리기0x04	interupsiexceptionhandler0x04	interupsiexceptionhandler0x04	existing-unreviewed		0
인터럽트예외처리기0x05	interupsiexceptionhandler0x05	interupsiexceptionhandler0x05	existing-unreviewed		0
인터럽트예외처리기0x06	interupsiexceptionhandler0x06	interupsiexceptionhandler0x06	existing-unreviewed		0
인터럽트예외처리기0x07	interupsiexceptionhandler0x07	interupsiexceptionhandler0x07	existing-unreviewed		0
인터럽트예외처리기0x08	interupsiexceptionhandler0x08	interupsiexceptionhandler0x08	existing-unreviewed		0
인터럽트예외처리기0x09	interupsiexceptionhandler0x09	interupsiexceptionhandler0x09	existing-unreviewed		0
인터럽트예외처리기0x0A	interupsiexceptionhandler0x0a	interupsiexceptionhandler0x0a	existing-unreviewed		0
인터럽트예외처리기0x0B	interupsiexceptionhandler0x0b	interupsiexceptionhandler0x0b	existing-unreviewed		0
인터럽트예외처리기0x0C	interupsiexceptionhandler0x0c	interupsiexceptionhandler0x0c	existing-unreviewed		0
인터럽트예외처리기0x0D	interupsiexceptionhandler0x0d	interupsiexceptionhandler0x0d	existing-unreviewed		0
인터럽트예외처리기0x0E	interupsiexceptionhandler0x0e	interupsiexceptionhandler0x0e	existing-unreviewed		0
인터럽트예외처리기0x0F	interupsiexceptionhandler0x0f	interupsiexceptionhandler0x0f	existing-unreviewed		0
인터럽트예외처리기0x10	interupsiexceptionhandler0x10	interupsiexceptionhandler0x10	existing-unreviewed		0
인터럽트예외처리기0x11	interupsiexceptionhandler0x11	interupsiexceptionhandler0x11	existing-unreviewed		0
인터럽트예외처리기0x12	interupsiexceptionhandler0x12	interupsiexceptionhandler0x12	existing-unreviewed		0
인터럽트예외처리기0x13	interupsiexceptionhandler0x13	interupsiexceptionhandler0x13	existing-unreviewed		0
인터럽트요청처리0x00	interupsirequesthandler0x00	interupsirequesthandler0x00	existing-unreviewed		0
인터럽트요청처리0x01	interupsirequesthandler0x01	interupsirequesthandler0x01	existing-unreviewed		0
인터럽트요청처리0x02	interupsirequesthandler0x02	interupsirequesthandler0x02	existing-unreviewed		0
인터럽트요청처리0x03	interupsirequesthandler0x03	interupsirequesthandler0x03	existing-unreviewed		0
인터럽트요청처리0x04	interupsirequesthandler0x04	interupsirequesthandler0x04	existing-unreviewed		0
인터럽트요청처리0x05	interupsirequesthandler0x05	interupsirequesthandler0x05	existing-unreviewed		0
인터럽트요청처리0x06	interupsirequesthandler0x06	interupsirequesthandler0x06	existing-unreviewed		0
인터럽트요청처리0x07	interupsirequesthandler0x07	interupsirequesthandler0x07	existing-unreviewed		0
인터럽트요청처리0x08	interupsirequesthandler0x08	interupsirequesthandler0x08	existing-unreviewed		0
인터럽트요청처리0x09	interupsirequesthandler0x09	interupsirequesthandler0x09	existing-unreviewed		0
인터럽트요청처리0x0A	interupsirequesthandler0x0a	interupsirequesthandler0x0a	existing-unreviewed		0
인터럽트요청처리0x0B	interupsirequesthandler0x0b	interupsirequesthandler0x0b	existing-unreviewed		0
인터럽트요청처리0x0C	interupsirequesthandler0x0c	interupsirequesthandler0x0c	existing-unreviewed		0
인터럽트요청처리0x0D	interupsirequesthandler0x0d	interupsirequesthandler0x0d	existing-unreviewed		0
인터럽트요청처리0x0E	interupsirequesthandler0x0e	interupsirequesthandler0x0e	existing-unreviewed		0
인터럽트요청처리0x0F	interupsirequesthandler0x0f	interupsirequesthandler0x0f	existing-unreviewed		0
인터럽트요청처리0x80	interupsirequesthandler0x80	interupsirequesthandler0x80	existing-unreviewed		0
인터럽트요청처리0x81	interupsirequesthandler0x81	interupsirequesthandler0x81	existing-unreviewed		0
인터럽트요청처리0x82	interupsirequesthandler0x82	interupsirequesthandler0x82	existing-unreviewed		0
인터럽트처리기	interupsihandler_2	interupsihandler_2	existing-unreviewed		0
임시	temporary_2	temporary_2	existing-unreviewed		0
자료	data_2	data_2	existing-unreviewed		0
자신	dirisendiri_2	dirisendiri_2	existing-unreviewed		0
작업관리자	tugasmanager_2	tugasmanager_2	existing-unreviewed		0
작업콘솔	tugasconsole	tugasconsole	existing-unreviewed		0
조각설명자	segmentdescriptor	segmentdescriptor	existing-unreviewed		0
콘솔	console_2	console_2	existing-unreviewed		0
크기	ukuran_2	ukuran_2	existing-unreviewed		0
키보드콘솔	papanketikconsole	papanketikconsole	existing-unreviewed		0
표시들	tanda_2	tanda_2	existing-unreviewed		0
표시들_한도_높은	tandaBatasTinggi	tandaBatasTinggi	existing-unreviewed		0
한도	batas_2	batas_2	existing-unreviewed		0
한도_낮은	batasRendah_2	batasRendah_2	existing-unreviewed		0
