original	before	after	review_status	concept	changed_tokens
Activate	Activar	Activar	existing-unreviewed		0
ActivateAll	ActivarTodo	ActivarTodo	existing-unreviewed		0
Active	Activo	Activo	existing-unreviewed		0
ActiveInterruptManager	Activointerrupcióngestor	Activointerrupcióngestor	existing-unreviewed		0
ActiveMemoryManager	Activomemoriagestor	Activomemoriagestor	existing-unreviewed		0
Add	Añadir	Añadir	existing-unreviewed		0
AddDriver	Añadircontrolador	Añadircontrolador	existing-unreviewed		0
AddRunnableThread	Añadirrunnablehilo	Añadirrunnablehilo	existing-unreviewed		0
AddTask	Añadirtarea	Añadirtarea	existing-unreviewed		0
AddThread	Añadirhilo	Añadirhilo	existing-unreviewed		0
Address	Dirección	Dirección	existing-unreviewed		0
AlignedMalloc	Alignedmalloc	Alignedmalloc	existing-unreviewed		0
AlignmentCheck	Alignmentcheck	Alignmentcheck	existing-unreviewed		0
AllocateBlock	AllocateBloque	AllocateBloque	existing-unreviewed		0
AllocatePID	Allocatepid	Allocatepid	existing-unreviewed		0
AmountOfMemory	Cantidaddememoria	Cantidaddememoria	existing-unreviewed		0
ArrayToUint16	Matriztounsignedinteger16	Matriztounsignedinteger16	existing-unreviewed		0
ArrayToUint32	Matriztounsignedinteger32	Matriztounsignedinteger32	existing-unreviewed		0
ArrayToUint48	Matriztounsignedinteger48	Matriztounsignedinteger48	existing-unreviewed		0
ArrayToUint48_BE	Matriztounsignedinteger48be	Matriztounsignedinteger48be	existing-unreviewed		0
ArrayToUint64	Matriztounsignedinteger64	Matriztounsignedinteger64	existing-unreviewed		0
Atime	Atime	Atime	existing-unreviewed		0
AtimeNsec	Atimensec	Atimensec	existing-unreviewed		0
BLOCKS_PER_BYTE	Bloqueperocteto	Bloqueperocteto	existing-unreviewed		0
BLOCK_SIZE	BloqueTamaño	BloqueTamaño	existing-unreviewed		0
Backend	Backend	Backend	existing-unreviewed		0
BaseAddr	BaseDirección	BaseDirección	existing-unreviewed		0
Bind	Víncula	Víncula	existing-unreviewed		0
Blksize	Blksize	Blksize	existing-unreviewed		0
Blocked	Blocked	Blocked	existing-unreviewed		0
BlockedState	BlockedEstado	BlockedEstado	existing-unreviewed		0
Blocks	Bloque	Bloque	existing-unreviewed		0
BoundRangeExceeded	BoundIntervaloexceeded	BoundIntervaloexceeded	existing-unreviewed		0
BroadcastMacAddress	BroadcastmacDirección	BroadcastmacDirección	existing-unreviewed		0
BytesPerSector	Bytespersector	Bytespersector	existing-unreviewed		0
BytesToString	BytestoCadena	BytestoCadena	existing-unreviewed		0
Checksum	Sumadeverificación	Sumadeverificación	existing-unreviewed		0
Clear	Limpiar	Limpiar	existing-unreviewed		0
Clone	Clone	Clone	existing-unreviewed		0
CloneAddressSpaceCOW	CloneDirecciónEspaciocow	CloneDirecciónEspaciocow	existing-unreviewed		0
Connect	Conectar	Conectar	existing-unreviewed		0
ContainsCoordinate	Containscoordinate	Containscoordinate	existing-unreviewed		0
CopyPageFrameBlock	CopiarpáginatramaBloque	CopiarpáginatramaBloque	existing-unreviewed		0
CpuState	CpuEstado	CpuEstado	existing-unreviewed		0
Create	Crear	Crear	existing-unreviewed		0
CreateFromData	Creardesdedatos	Creardesdedatos	existing-unreviewed		0
CreateFromFunction	CreardesdeFunción	CreardesdeFunción	existing-unreviewed		0
CreatePtrFromFunction	CrearPunterodesdeFunción	CrearPunterodesdeFunción	existing-unreviewed		0
Cs	Cs	Cs	existing-unreviewed		0
Ctime	Ctime	Ctime	existing-unreviewed		0
CtimeNsec	Ctimensec	Ctimensec	existing-unreviewed		0
CurrentPID	Actualpid	Actualpid	existing-unreviewed		0
CurrentParentPID	Actualpadrepid	Actualpadrepid	existing-unreviewed		0
Data	Data	Data	compatibility		0
Deactivate	Desactivar	Desactivar	existing-unreviewed		0
Deactive	Deactive	Deactive	existing-unreviewed		0
Decrement	Decrement	Decrement	existing-unreviewed		0
Delete	Eliminar	Eliminar	existing-unreviewed		0
DescriptorPrivilegeLevel	Descriptorprivilegelevel	Descriptorprivilegelevel	existing-unreviewed		0
DescriptorType	Descriptortipo	Descriptortipo	existing-unreviewed		0
Destroy	Destruir	Destruir	existing-unreviewed		0
Dev	Dispositivo	Dispositivo	existing-unreviewed		0
DeviceHasFunctions	DispositivohasFunciones	DispositivohasFunciones	existing-unreviewed		0
DeviceNotAvailable	DispositivonotDisponible	DispositivonotDisponible	existing-unreviewed		0
Device_id	Dispositivoid	Dispositivoid	existing-unreviewed		0
DisableInt	DesactivarEntero	DesactivarEntero	existing-unreviewed		0
Disconnect	Desconectar	Desconectar	existing-unreviewed		0
DivideByZero	DividirbyCero	DividirbyCero	existing-unreviewed		0
DoHandleInterrupt	DoManijainterrupción	DoManijainterrupción	existing-unreviewed		0
DoubleFault	Doblefallo	Doblefallo	existing-unreviewed		0
Draw	Draw	Draw	existing-unreviewed		0
DriverManager	Controladorgestor	Controladorgestor	existing-unreviewed		0
Ds	Ds	Ds	existing-unreviewed		0
Dynamic	Dinámico	Dinámico	existing-unreviewed		0
E2BIG	E2big	E2big	existing-unreviewed		0
EACCES	Eacces	Eacces	existing-unreviewed		0
EADDRINUSE	Eaddrinuse	Eaddrinuse	existing-unreviewed		0
EAFNOSUPPORT	Eafnosupport	Eafnosupport	existing-unreviewed		0
EAGAIN	Eagain	Eagain	existing-unreviewed		0
EBADF	Ebadf	Ebadf	existing-unreviewed		0
EBUSY	Ebusy	Ebusy	existing-unreviewed		0
ECHILD	Echild	Echild	existing-unreviewed		0
EEXIST	Eexist	Eexist	existing-unreviewed		0
EFAULT	Efault	Efault	existing-unreviewed		0
EFBIG	Efbig	Efbig	existing-unreviewed		0
EINTR	Eintr	Eintr	existing-unreviewed		0
EINVAL	Einval	Einval	existing-unreviewed		0
EIO	Eio	Eio	existing-unreviewed		0
EISDIR	Eisdir	Eisdir	existing-unreviewed		0
EMFILE	Emfile	Emfile	existing-unreviewed		0
EMSGSIZE	Emsgsize	Emsgsize	existing-unreviewed		0
ENETUNREACH	Enetunreach	Enetunreach	existing-unreviewed		0
ENFILE	Enfile	Enfile	existing-unreviewed		0
ENODEV	Enodev	Enodev	existing-unreviewed		0
ENOENT	Enoent	Enoent	existing-unreviewed		0
ENOEXEC	Enoexec	Enoexec	existing-unreviewed		0
ENOMEM	Enomem	Enomem	existing-unreviewed		0
ENOSPC	Enospc	Enospc	existing-unreviewed		0
ENOSYS	Enosys	Enosys	existing-unreviewed		0
ENOTCONN	Enotconn	Enotconn	existing-unreviewed		0
ENOTDIR	Enotdir	Enotdir	existing-unreviewed		0
ENOTTY	Enotty	Enotty	existing-unreviewed		0
EOPNOTSUPP	Eopnotsupp	Eopnotsupp	existing-unreviewed		0
EPERM	Eperm	Eperm	existing-unreviewed		0
EPROTONOSUPPORT	Eprotonosupport	Eprotonosupport	existing-unreviewed		0
ERANGE	Erange	Erange	existing-unreviewed		0
EROFS	Erofs	Erofs	existing-unreviewed		0
ESPIPE	Espipe	Espipe	existing-unreviewed		0
ESRCH	Esrch	Esrch	existing-unreviewed		0
Eax	Eax	Eax	existing-unreviewed		0
Ebp	Ebp	Ebp	existing-unreviewed		0
Ebx	Ebx	Ebx	existing-unreviewed		0
Ecx	Ecx	Ecx	existing-unreviewed		0
Edi	Edi	Edi	existing-unreviewed		0
Edx	Edx	Edx	existing-unreviewed		0
Eflags	Eflags	Eflags	existing-unreviewed		0
Eip	Eip	Eip	existing-unreviewed		0
Elf	Elf	Elf	existing-unreviewed		0
Elf32Dyn	Elf32dyn	Elf32dyn	existing-unreviewed		0
Elf32Note	Elf32Nota	Elf32Nota	existing-unreviewed		0
Elf32Rel	Elf32rel	Elf32rel	existing-unreviewed		0
Elf32Rela	Elf32rela	Elf32rela	existing-unreviewed		0
Elf32Sym	Elf32sym	Elf32sym	existing-unreviewed		0
ElfHeader	Elfencabezado	Elfencabezado	existing-unreviewed		0
ElfProgramHeader	Elfprogramaencabezado	Elfprogramaencabezado	existing-unreviewed		0
ElfSectionHeader	Elfsecciónencabezado	Elfsecciónencabezado	existing-unreviewed		0
EnablePaging	Activarpaginación	Activarpaginación	existing-unreviewed		0
Enabled	Activado	Activado	existing-unreviewed		0
EntryNumber	EntradaNúmero	EntradaNúmero	existing-unreviewed		0
EqualBytes	Igualbytes	Igualbytes	existing-unreviewed		0
Es	Es	Es	existing-unreviewed		0
Esi	Esi	Esi	existing-unreviewed		0
Esp	Esp	Esp	existing-unreviewed		0
FPUBuffer	Fpubuffer	Fpubuffer	existing-unreviewed		0
FPUOffset	FpuDesplazamiento	FpuDesplazamiento	existing-unreviewed		0
Family	Family	Family	existing-unreviewed		0
FileName	ArchivoNombre	ArchivoNombre	existing-unreviewed		0
Fill	Fill	Fill	existing-unreviewed		0
FillRectangle	FillRectángulo	FillRectángulo	existing-unreviewed		0
First	First	First	existing-unreviewed		0
FirstFree	FirstLibre	FirstLibre	existing-unreviewed		0
FirstFreeSize	FirstLibreTamaño	FirstLibreTamaño	existing-unreviewed		0
Flags	Banderas	Banderas	existing-unreviewed		0
FloatingPointException	Flotandopointexception	Flotandopointexception	existing-unreviewed		0
Flush	Flush	Flush	existing-unreviewed		0
FlushTlsTable	FlushtlsTabla	FlushtlsTabla	existing-unreviewed		0
Focussable	Focussable	Focussable	existing-unreviewed		0
Free	Libre	Libre	existing-unreviewed		0
Fs	Fs	Fs	existing-unreviewed		0
GB	Gb	Gb	existing-unreviewed		0
GDT_ENTRIES	Gdtentrada	Gdtentrada	existing-unreviewed		0
GOT	Got	Got	existing-unreviewed		0
GPFException	Gpfexception	Gpfexception	existing-unreviewed		0
GatewayIP	Gatewayip	Gatewayip	existing-unreviewed		0
GdtAddressHigh	GdtDirecciónAlta	GdtDirecciónAlta	existing-unreviewed		0
GdtAddressLow	GdtDirecciónBaja	GdtDirecciónBaja	existing-unreviewed		0
GdtDescriptor	Gdtdescriptor	Gdtdescriptor	existing-unreviewed		0
GdtEntry	Gdtentrada_2	Gdtentrada_2	existing-unreviewed		0
GdtSize	GdtTamaño	GdtTamaño	existing-unreviewed		0
GetAt	Getat	Getat	existing-unreviewed		0
GetBackend	Getbackend	Getbackend	existing-unreviewed		0
GetBaseAddressRegister	GetbaseDirecciónregistro	GetbaseDirecciónregistro	existing-unreviewed		0
GetBitmaspSize	GetbitmaspTamaño	GetbitmaspTamaño	existing-unreviewed		0
GetBytesFromPtr	GetbytesdesdePuntero	GetbytesdesdePuntero	existing-unreviewed		0
GetCR0	Getcr0	Getcr0	existing-unreviewed		0
GetCR2	Getcr2	Getcr2	existing-unreviewed		0
GetCR3	Getcr3	Getcr3	existing-unreviewed		0
GetCR4	Getcr4	Getcr4	existing-unreviewed		0
GetColorIndex	GetcolorÍndice	GetcolorÍndice	existing-unreviewed		0
GetDeviceDescriptor	GetDispositivodescriptor	GetDispositivodescriptor	existing-unreviewed		0
GetDriver	Getcontrolador	Getcontrolador	existing-unreviewed		0
GetESP0	Getesp0	Getesp0	existing-unreviewed		0
GetEntry	Getentrada	Getentrada	existing-unreviewed		0
GetFileSize	GetarchivoTamaño	GetarchivoTamaño	existing-unreviewed		0
GetFocus	GetFoco	GetFoco	existing-unreviewed		0
GetFrameBufferSegment	Gettramabuffersegment	Gettramabuffersegment	existing-unreviewed		0
GetFuncPtrFromPtr	GetfuncPunterodesdePuntero	GetfuncPunterodesdePuntero	existing-unreviewed		0
GetFunctionName	GetFunciónNombre	GetFunciónNombre	existing-unreviewed		0
GetHandler	Gethandler	Gethandler	existing-unreviewed		0
GetIPAddress	GetipDirección	GetipDirección	existing-unreviewed		0
GetMACAddress	GetmacDirección	GetmacDirección	existing-unreviewed		0
GetMACFromCache	Getmacdesdecache	Getmacdesdecache	existing-unreviewed		0
GetNextReadyThread	GetSiguientePreparadohilo	GetSiguientePreparadohilo	existing-unreviewed		0
GetNodeAt	GetNodoat	GetNodoat	existing-unreviewed		0
GetProvider	Providerget	Providerget	existing-unreviewed		0
GetSS0	Getss0	Getss0	existing-unreviewed		0
GetStr	Getstr	Getstr	existing-unreviewed		0
GetUint32ArrayFromPtr	Getunsignedinteger32matrizdesdePuntero	Getunsignedinteger32matrizdesdePuntero	existing-unreviewed		0
GetUintptrArrayFromPtr	GetunsignedintegerPunteromatrizdesdePuntero	GetunsignedintegerPunteromatrizdesdePuntero	existing-unreviewed		0
GetValue	GetValor	GetValor	existing-unreviewed		0
GetValueInPageDir	GetValorEntradapáginadirectorio	GetValorEntradapáginadirectorio	existing-unreviewed		0
Gid	Gid	Gid	existing-unreviewed		0
Gs	Gs	Gs	existing-unreviewed		0
HandleException	Manijaexception	Manijaexception	existing-unreviewed		0
HandleFatalInterruptFrame	Manijafatalinterrupcióntrama	Manijafatalinterrupcióntrama	existing-unreviewed		0
HandleInterrupt	Manijainterrupción	Manijainterrupción	existing-unreviewed		0
HandleInterrupt1	Manijainterrupción1	Manijainterrupción1	existing-unreviewed		0
HandleUserDatagramProtocolMessage	ManijausuariodatagramprotocolMensaje	ManijausuariodatagramprotocolMensaje	existing-unreviewed		0
IDT_DESC_PRESENT	IdtdescriptorPresente	IdtdescriptorPresente	existing-unreviewed		0
IDT_INTERRUPT_GATE	Idtinterrupciónpuerta	Idtinterrupciónpuerta	existing-unreviewed		0
IDriver	IControlador	IControlador	existing-unreviewed		0
IEtherFrameHandler	IEthernettramahandler	IEthernettramahandler	existing-unreviewed		0
IInternetProtocolHandler	IInternetprotocolhandler	IInternetprotocolhandler	existing-unreviewed		0
IInterruptHandler	IInterrupciónhandler	IInterrupciónhandler	existing-unreviewed		0
IKeyboardEventHandler	ITecladoeventohandler	ITecladoeventohandler	existing-unreviewed		0
IMouseEventHandler	IRatóneventohandler	IRatóneventohandler	existing-unreviewed		0
IPCIControllerHandler	Ipcicontroladorhandler	Ipcicontroladorhandler	existing-unreviewed		0
IPCache	Ipcache	Ipcache	existing-unreviewed		0
IP_BE	Ipredoctetoorder	Ipredoctetoorder	existing-unreviewed		0
IRawDataHandler	IRawdatoshandler	IRawdatoshandler	existing-unreviewed		0
ITimerEventHandler	ITemporizadoreventohandler	ITemporizadoreventohandler	existing-unreviewed		0
IUserDatagramProtocolHandler	IUsuariodatagramprotocolhandler	IUsuariodatagramprotocolhandler	existing-unreviewed		0
IUserDatagramProtocolSocket	IUsuariodatagramprotocolconectorRed	IUsuariodatagramprotocolconectorRed	existing-unreviewed		0
IWidget	IComponente	IElemento_de_pantalla	project-proposal	widget	6
Identify	Identify	Identify	existing-unreviewed		0
Increment	Increment	Increment	existing-unreviewed		0
IndexOf	Índicede	Índicede	existing-unreviewed		0
Init	Init	Init	existing-unreviewed		0
InitDriver	Initcontrolador	Initcontrolador	existing-unreviewed		0
InitialThreadUserJump	Initialhilousuariojump	Initialhilousuariojump	existing-unreviewed		0
Ino	Ino	Ino	existing-unreviewed		0
Install	Instalar	Instalar	existing-unreviewed		0
Interrupt	Interrupción	Interrupción	existing-unreviewed		0
InterruptActive	InterrupciónActivo	InterrupciónActivo	existing-unreviewed		0
InterruptDeactive	Interrupcióndeactive	Interrupcióndeactive	existing-unreviewed		0
InterruptManager	Interrupcióngestor	Interrupcióngestor	existing-unreviewed		0
InterruptNumber	InterrupciónNúmero	InterrupciónNúmero	existing-unreviewed		0
InvalidOpcode	Noválidoopcode	Noválidoopcode	existing-unreviewed		0
InvalidTSS	Noválidotss	Noválidotss	existing-unreviewed		0
IsKernel	Isnúcleo	Isnúcleo	existing-unreviewed		0
IsPresent	IsPresente	IsPresente	existing-unreviewed		0
IsUserSpace	IsusuarioEspacio	IsusuarioEspacio	existing-unreviewed		0
KB	Kb	Kb	existing-unreviewed		0
KCS_INDEX	KcsÍndice	KcsÍndice	existing-unreviewed		0
KCS_SELECTOR	Kcsselector	Kcsselector	existing-unreviewed		0
KDS_INDEX	KdsÍndice	KdsÍndice	existing-unreviewed		0
KDS_SELECTOR	Kdsselector	Kdsselector	existing-unreviewed		0
KERNEL_HEAP_START	NúcleoheapIniciar	NúcleoheapIniciar	existing-unreviewed		0
KERNEL_VIRT_ADDR	NúcleovirtDirección	NúcleovirtDirección	existing-unreviewed		0
KGS_INDEX	KgsÍndice	KgsÍndice	existing-unreviewed		0
KGS_SELECTOR	Kgsselector	Kgsselector	existing-unreviewed		0
K핵심	KKernelEntry	KKernelEntry	compatibility		0
LIDT	Lidt	Lidt	existing-unreviewed		0
Last	Última	Última	existing-unreviewed		0
Len	Len	Len	compatibility		0
Limit	Limitar	Limitar	existing-unreviewed		0
Link	Enlace	Enlace	existing-unreviewed		0
LinkMap	Enlacemapa	Enlacemapa	existing-unreviewed		0
LinkedList	Linkedlista	Linkedlista	existing-unreviewed		0
Listen	Listen	Listen	existing-unreviewed		0
LoadElf	Cargarelf	Cargarelf	existing-unreviewed		0
MAC	Mac	Mac	existing-unreviewed		0
MAC0	Mac0	Mac0	existing-unreviewed		0
MAC1	Mac1	Mac1	existing-unreviewed		0
MAC2	Mac2	Mac2	existing-unreviewed		0
MAC3	Mac3	Mac3	existing-unreviewed		0
MAC4	Mac4	Mac4	existing-unreviewed		0
MAC5	Mac5	Mac5	existing-unreviewed		0
MACAddress0Port	MacDirección0puerto	MacDirección0puerto	existing-unreviewed		0
MACAddress2Port	MacDirección2puerto	MacDirección2puerto	existing-unreviewed		0
MACAddress4Port	MacDirección4puerto	MacDirección4puerto	existing-unreviewed		0
MACCache	Maccache	Maccache	existing-unreviewed		0
MAX_QUEUE_SIZE	MáxcolaTamaño	MáxcolaTamaño	existing-unreviewed		0
MB	Mb	Mb	existing-unreviewed		0
MBR	Mbr	Mbr	existing-unreviewed		0
MHex출력	MHexadecimalImprimir	MHexadecimalImprimir	existing-unreviewed		0
MHex출력XY	MHexadecimalImprimirxy	MHexadecimalImprimirxy	existing-unreviewed		0
MUint16출력	MUnsignedinteger16Imprimir	MUnsignedinteger16Imprimir	existing-unreviewed		0
MUint16출력XY	MUnsignedinteger16Imprimirxy	MUnsignedinteger16Imprimirxy	existing-unreviewed		0
MUint32출력	MUnsignedinteger32Imprimir	MUnsignedinteger32Imprimir	existing-unreviewed		0
MUint32출력XY	MUnsignedinteger32Imprimirxy	MUnsignedinteger32Imprimirxy	existing-unreviewed		0
MUint64출력	MUnsignedinteger64Imprimir	MUnsignedinteger64Imprimir	existing-unreviewed		0
MUint64출력XY	MUnsignedinteger64Imprimirxy	MUnsignedinteger64Imprimirxy	existing-unreviewed		0
Machine	Machine	Machine	existing-unreviewed		0
MachineCheck	Machinecheck	Machinecheck	existing-unreviewed		0
MakeRangePrivateWritable	MakeIntervaloPrivadowritable	MakeIntervaloPrivadowritable	existing-unreviewed		0
Malloc	Malloc	Asignar_memoria	project-proposal	allocate_memory	32
MemCmp	Memcmp	Memcmp	existing-unreviewed		0
MemCpy	Memcopiar	Memcopiar	existing-unreviewed		0
MemMove	MemMover	MemMover	existing-unreviewed		0
MemSet	Memestablecer	Memestablecer	existing-unreviewed		0
MemoryOper	Memoriaoper	Memoriaoper	existing-unreviewed		0
Mode	Modo	Modo	existing-unreviewed		0
ModelToScreen	ModelotoPantalla	Establecer_las_coordenadas_locales	project-proposal	set_coordinates	5
Mtime	Mtime	Mtime	existing-unreviewed		0
MtimeNsec	Mtimensec	Mtimensec	existing-unreviewed		0
MyHandleInterrupt	MyManijainterrupción	MyManijainterrupción	existing-unreviewed		0
MyTest	MyProbar	MyProbar	existing-unreviewed		0
M긴급로그Hex8	MEmergencyRegistrohexadecimal8	MEmergencyRegistrohexadecimal8	existing-unreviewed		0
M긴급로그Uint32	MEmergencyRegistrounsignedinteger32	MEmergencyRegistrounsignedinteger32	existing-unreviewed		0
M긴급로그문자열	MEmergencyRegistroCadena	MEmergencyRegistroCadena	existing-unreviewed		0
M직렬로그초기화	MSerieRegistroinit	MSerieRegistroinit	existing-unreviewed		0
M출력	MImprimir	MImprimir	existing-unreviewed		0
M출력BytesXY	MImprimirbytesxy	MImprimirbytesxy	existing-unreviewed		0
M출력Hex	MImprimirhexadecimal	MImprimirhexadecimal	existing-unreviewed		0
M출력Uint16	MImprimirunsignedinteger16	MImprimirunsignedinteger16	existing-unreviewed		0
M출력Uint32	MImprimirunsignedinteger32	MImprimirunsignedinteger32	existing-unreviewed		0
M출력XY	MImprimirxy	MImprimirxy	existing-unreviewed		0
M테스트	M테스트	M테스트	existing-unreviewed		0
NMI	Nmi	Nmi	existing-unreviewed		0
New	Nuevo	Nuevo	existing-unreviewed		0
NewInterruptHandler	Nuevointerrupciónhandler	Nuevointerrupciónhandler	existing-unreviewed		0
Next	Siguiente	Siguiente	existing-unreviewed		0
Nlink	Nlink	Nlink	existing-unreviewed		0
Node	Nodo	TNodo_de_lista	project-proposal	list_node	16
Nodename	Nodename	Nodename	existing-unreviewed		0
OnEtherFrameReceived	Ethernettramareceivewhen	Ethernettramareceivewhen	existing-unreviewed		0
OnGetDriver	Algetcontrolador	Algetcontrolador	existing-unreviewed		0
OnInternetProtocolReceived	Internetprotocolreceivewhen	Internetprotocolreceivewhen	existing-unreviewed		0
OnKeyDown	AlClaveAbajo	AlClaveAbajo	existing-unreviewed		0
OnKeyUp	AlClaveSubir	AlClaveSubir	existing-unreviewed		0
OnMouseDown	AlratónAbajo	AlratónAbajo	existing-unreviewed		0
OnMouseMove	AlratónMover	AlratónMover	existing-unreviewed		0
OnMouseUp	AlratónSubir	AlratónSubir	existing-unreviewed		0
OnRawDataReceived	Alrawdatosreceive	Alrawdatosreceive	existing-unreviewed		0
OnTick	Altick	Altick	existing-unreviewed		0
Overflow	Overflow	Overflow	existing-unreviewed		0
P1LinkMap	PValor1enlacemapa	PValor1enlacemapa	existing-unreviewed		0
P2LinkMap	PValor2enlacemapa	PValor2enlacemapa	existing-unreviewed		0
P3LinkMap	PValor3enlacemapa	PValor3enlacemapa	existing-unreviewed		0
PAGE_COW	Páginacow	Páginacow	existing-unreviewed		0
PAGE_FRAME	Páginatrama	Páginatrama	existing-unreviewed		0
PAGE_PRESENT	PáginaPresente	PáginaPresente	existing-unreviewed		0
PAGE_USER	Páginausuario	Páginausuario	existing-unreviewed		0
PAGE_WRITABLE	Páginawritable	Páginawritable	existing-unreviewed		0
PAUSE_LOOP	PausaBucle	PausaBucle	existing-unreviewed		0
PICMasterCommandPort	PrimarypicOrdenESpuerto	PrimarypicOrdenESpuerto	existing-unreviewed		0
PICMasterDataPort	PrimarypicdatosESpuerto	PrimarypicdatosESpuerto	existing-unreviewed		0
PICSlaveCommandPort	SecondarypicOrdenESpuerto	SecondarypicOrdenESpuerto	existing-unreviewed		0
PICSlaveDataPort	SecondarypicdatosESpuerto	SecondarypicdatosESpuerto	existing-unreviewed		0
PRESENT	Presente	Presente	existing-unreviewed		0
PRIV_KERNEL	Privnúcleo	Privnúcleo	existing-unreviewed		0
PRIV_USER	Privusuario	Privusuario	existing-unreviewed		0
PROC_USER_HEAP_SIZE	ProcusuarioheapTamaño	ProcusuarioheapTamaño	existing-unreviewed		0
PageDirEntry	Páginadirectorioentrada	Páginadirectorioentrada	existing-unreviewed		0
PageDirectoryEntry	Páginadirectorioentrada_2	Páginadirectorioentrada_2	existing-unreviewed		0
PageFault	Páginafallo	Páginafallo	existing-unreviewed		0
PageFaultException	Páginafalloexception	Páginafalloexception	existing-unreviewed		0
PageRoundDown	PáginaRedondearAbajo	PáginaRedondearAbajo	existing-unreviewed		0
PageRoundUp	PáginaRedondearSubir	PáginaRedondearSubir	existing-unreviewed		0
PageTableEntry	PáginaTablaentrada	PáginaTablaentrada	existing-unreviewed		0
Paging	Paginación	Paginación	existing-unreviewed		0
ParentPid	Padrepid	Padrepid	existing-unreviewed		0
Parse	Parse	Parse	existing-unreviewed		0
Partition_id	Particiónid	Particiónid	existing-unreviewed		0
PhyMemTest	PhymemProbar	PhymemProbar	existing-unreviewed		0
PhysicalMemoryManager	Físicomemoriagestor	Físicomemoriagestor	existing-unreviewed		0
Pid	Pid	Pid	existing-unreviewed		0
Port	Puerto	Puerto	existing-unreviewed		0
PortBase	Puertobase	Puertobase	existing-unreviewed		0
PortInByte	PuertoEntradaocteto	PuertoEntradaocteto	existing-unreviewed		0
PortInDword	PuertoEntradadword	PuertoEntradadword	existing-unreviewed		0
PortInWord	PuertoEntradapalabra	PuertoEntradapalabra	existing-unreviewed		0
PortOutByte	PuertoSalidaocteto	PuertoSalidaocteto	existing-unreviewed		0
PortOutDword	PuertoSalidadword	PuertoSalidadword	existing-unreviewed		0
PortOutWord	PuertoSalidapalabra	PuertoSalidapalabra	existing-unreviewed		0
PortReadByte	Puertoleerocteto	Puertoleerocteto	existing-unreviewed		0
PortReadDword	Puertoleerdword	Puertoleerdword	existing-unreviewed		0
PortReadWord	Puertoleerpalabra	Puertoleerpalabra	existing-unreviewed		0
PortWriteByte	Puertoescribirocteto	Puertoescribirocteto	existing-unreviewed		0
PortWriteDword	Puertoescribirdword	Puertoescribirdword	existing-unreviewed		0
PortWriteWord	Puertoescribirpalabra	Puertoescribirpalabra	existing-unreviewed		0
Prev	Previous	Previous	existing-unreviewed		0
PrevTSS	Previoustss	Previoustss	existing-unreviewed		0
PrimaryPartition	Primarypartición	Primarypartición	existing-unreviewed		0
Print	Imprimir	Imprimir	existing-unreviewed		0
PrintBytes	Imprimirbytes	Imprimirbytes	existing-unreviewed		0
PrintStr	Imprimirstr	Imprimirstr	existing-unreviewed		0
PrintTLS	Imprimirtls	Imprimirtls	existing-unreviewed		0
PrintTest	ImprimirProbar	ImprimirProbar	existing-unreviewed		0
Process	Proceso	Proceso	existing-unreviewed		0
ProcessHelper	Procesohelper	Procesohelper	existing-unreviewed		0
ProcessPendingKeyboardEvents	Procesopendientetecladoeventos	Procesopendientetecladoeventos	existing-unreviewed		0
ProcessPendingMouseEvents	Procesopendienteratóneventos	Procesopendienteratóneventos	existing-unreviewed		0
PushAt	Pushat	Insertar_en_la_posición	project-proposal	insert_at	1
PushBack	PushAtrás	Añadir_al_final_de_la_lista	project-proposal	append	12
PushFront	PushFrontal	Añadir_al_inicio_de_la_lista	project-proposal	prepend	5
PutPixel	Putpixel	Putpixel	existing-unreviewed		0
PutPixelRGB	PutpixelRVARGB	PutpixelRVARGB	existing-unreviewed		0
QUEUE_START_ADDR	ColaIniciarDirección	ColaIniciarDirección	existing-unreviewed		0
Rdev	Rdev	Rdev	existing-unreviewed		0
Read	Leer	Leer	existing-unreviewed		0
Read28	Leer28	Leer28	existing-unreviewed		0
ReadFile	Leerarchivo	Leer_archivo	project-proposal	file_read	7
ReadPartitions	Leerpartición	Leerpartición	existing-unreviewed		0
Ready	Preparado	Preparado	existing-unreviewed		0
Receive	Receive	Receive	existing-unreviewed		0
Ref	Reference	Reference	existing-unreviewed		0
Release	Release	Release	existing-unreviewed		0
ReloadCR3	Recargarcr3	Recargarcr3	existing-unreviewed		0
Remove	Eliminar_2	Eliminar_2	existing-unreviewed		0
RemoveAt	Eliminarat	Eliminarat	existing-unreviewed		0
RemoveThread	Eliminarhilo	Eliminarhilo	existing-unreviewed		0
RemoveThreadAt	Eliminarhiloat	Eliminarhiloat	existing-unreviewed		0
RequestMacAddress	RequestmacDirección	RequestmacDirección	existing-unreviewed		0
Reset	Reiniciar	Reiniciar	existing-unreviewed		0
Resolve	Resolver	Resolver	existing-unreviewed		0
ResolveCopyOnWriteFault	Resolvercopiaralescribirfallo	Resolvercopiaralescribirfallo	existing-unreviewed		0
SCHEDULER_FREQUENCY	PlanificadorFrecuencia	PlanificadorFrecuencia	existing-unreviewed		0
SEG_BIG_MODE	Segbigmodo	Segbigmodo	existing-unreviewed		0
SEG_EXEC	SegEjecutar	SegEjecutar	existing-unreviewed		0
SEG_GRAN_4K_PAGE	Seggran4kpágina	Seggran4kpágina	existing-unreviewed		0
SEG_GRAN_BYTE	Seggranocteto	Seggranocteto	existing-unreviewed		0
SEG_KERNEL_CODE	Segnúcleocode	Segnúcleocode	existing-unreviewed		0
SEG_KERNEL_DATA	Segnúcleodatos	Segnúcleodatos	existing-unreviewed		0
SEG_KERNEL_GS	Segnúcleogs	Segnúcleogs	existing-unreviewed		0
SEG_NOEXEC	Segnoexec	Segnoexec	existing-unreviewed		0
SEG_NORMAL	Segnormal	Segnormal	existing-unreviewed		0
SEG_NORW	Segnorw	Segnorw	existing-unreviewed		0
SEG_R	Segr	Segr	existing-unreviewed		0
SEG_SYSTEM	Segsistema	Segsistema	existing-unreviewed		0
SEG_TASK_STATE	SegtareaEstado	SegtareaEstado	existing-unreviewed		0
SEG_USER_CODE	Segusuariocode	Segusuariocode	existing-unreviewed		0
SEG_USER_DATA	Segusuariodatos	Segusuariodatos	existing-unreviewed		0
SEG_USER_GS	Segusuariogs	Segusuariogs	existing-unreviewed		0
SEG_W	Segw	Segw	existing-unreviewed		0
SIMDFloatingPointException	SimdFlotandopointexception	SimdFlotandopointexception	existing-unreviewed		0
SIZE	Tamaño	Tamaño	existing-unreviewed		0
SYS_ACCESS	Sysacceso	Sysacceso	existing-unreviewed		0
SYS_BRK	Sysbrk	Sysbrk	existing-unreviewed		0
SYS_CHDIR	Syschdir	Syschdir	existing-unreviewed		0
SYS_CLOSE	Syscerrar	Syscerrar	existing-unreviewed		0
SYS_CREAT	Syscreat	Syscreat	existing-unreviewed		0
SYS_DUP	Sysdup	Sysdup	existing-unreviewed		0
SYS_DUP2	Sysdup2	Sysdup2	existing-unreviewed		0
SYS_EXECVE	Sysexecve	Sysexecve	existing-unreviewed		0
SYS_EXIT	SysSalir	SysSalir	existing-unreviewed		0
SYS_FCNTL	Sysfcntl	Sysfcntl	existing-unreviewed		0
SYS_FORK	Sysfork	Sysfork	existing-unreviewed		0
SYS_FSTAT	Sysfstat	Sysfstat	existing-unreviewed		0
SYS_FSYNC	Sysfsync	Sysfsync	existing-unreviewed		0
SYS_GETCWD	Sysgetcwd	Sysgetcwd	existing-unreviewed		0
SYS_GETEGID	Sysgetegid	Sysgetegid	existing-unreviewed		0
SYS_GETEUID	Sysgeteuid	Sysgeteuid	existing-unreviewed		0
SYS_GETGID	Sysgetgid	Sysgetgid	existing-unreviewed		0
SYS_GETPID	Sysgetpid	Sysgetpid	existing-unreviewed		0
SYS_GETPPID	Sysgetppid	Sysgetppid	existing-unreviewed		0
SYS_GETUID	Sysgetuid	Sysgetuid	existing-unreviewed		0
SYS_LSEEK	Syslseek	Syslseek	existing-unreviewed		0
SYS_LSTAT	Syslstat	Syslstat	existing-unreviewed		0
SYS_OPEN	Sysabrir	Sysabrir	existing-unreviewed		0
SYS_READ	Sysleer	Sysleer	existing-unreviewed		0
SYS_RT_EXIT	SysrtSalir	SysrtSalir	existing-unreviewed		0
SYS_SOCKETCALL	Syssocketcall	Syssocketcall	existing-unreviewed		0
SYS_STAT	Sysstat	Sysstat	existing-unreviewed		0
SYS_SYNC	Syssync	Syssync	existing-unreviewed		0
SYS_UNAME	Sysuname	Sysuname	existing-unreviewed		0
SYS_WAITPID	Syswaitpid	Syswaitpid	existing-unreviewed		0
SYS_WRITE	Sysescribir	Sysescribir	existing-unreviewed		0
Schedule	Schedule	Schedule	existing-unreviewed		0
Scheduler	Planificador	Planificador	existing-unreviewed		0
SchedulerData	Planificadordatos	Planificadordatos	existing-unreviewed		0
SegmentNotPresent	SegmentnotPresente	SegmentnotPresente	existing-unreviewed		0
SelectDrivers	Seleccionarcontrolador	Seleccionarcontrolador	existing-unreviewed		0
Send	Enviar	Enviar	existing-unreviewed		0
SendEchoRequest	EchorequestEnviar	EchorequestEnviar	existing-unreviewed		0
SendFrame	TramaEnviar	TramaEnviar	existing-unreviewed		0
SerialInit	Serieinit	Serieinit	existing-unreviewed		0
SerialWriteByte	Serieescribirocteto	Serieescribirocteto	existing-unreviewed		0
SetBackend	Establecerbackend	Establecerbackend	existing-unreviewed		0
SetBit	Establecerbit	Establecerbit	existing-unreviewed		0
SetBlockInPageDir	EstablecerBloqueEntradapáginadirectorio	EstablecerBloqueEntradapáginadirectorio	existing-unreviewed		0
SetBuffer	Establecerbuffer	Establecerbuffer	existing-unreviewed		0
SetByteAtAddr	EstableceroctetoatDirección	EstableceroctetoatDirección	existing-unreviewed		0
SetByteInPageDir	EstableceroctetoEntradapáginadirectorio	EstableceroctetoEntradapáginadirectorio	existing-unreviewed		0
SetCR3	Establecercr3	Establecercr3	existing-unreviewed		0
SetColor	Establecercolor	Establecercolor	existing-unreviewed		0
SetDescriptor	Establecerdescriptor	Establecerdescriptor	existing-unreviewed		0
SetHandleInterruptFuction	EstablecerManijainterrupciónfuction	EstablecerManijainterrupciónfuction	existing-unreviewed		0
SetHandler	Establecerhandler	Establecerhandler	existing-unreviewed		0
SetIPAddress	EstableceripDirección	EstableceripDirección	existing-unreviewed		0
SetInterruptDescriptorTableEntry	InterrupcióndescriptorTablaentradaestablecer	InterrupcióndescriptorTablaentradaestablecer	existing-unreviewed		0
SetInterruptManager	Establecerinterrupcióngestor	Establecerinterrupcióngestor	existing-unreviewed		0
SetInterruptNumber	EstablecerinterrupciónNúmero	EstablecerinterrupciónNúmero	existing-unreviewed		0
SetMode	Establecermodo	Establecermodo	existing-unreviewed		0
SetNodeAt	EstablecerNodoat	EstablecerNodoat	existing-unreviewed		0
SetStack	Establecerstack	Establecerstack	existing-unreviewed		0
SetTlsSegment	Establecertlssegment	Establecertlssegment	existing-unreviewed		0
SetUint32AtAddr	Establecerunsignedinteger32atDirección	Establecerunsignedinteger32atDirección	existing-unreviewed		0
SetUint32InPageDir	Establecerunsignedinteger32Entradapáginadirectorio	Establecerunsignedinteger32Entradapáginadirectorio	existing-unreviewed		0
SetUint8AtAddr	Establecerunsignedinteger8atDirección	Establecerunsignedinteger8atDirección	existing-unreviewed		0
SharedMemoryRegion	Sharedmemoriaregion	Sharedmemoriaregion	existing-unreviewed		0
Size	Tamaño_2	Tamaño_2	existing-unreviewed		0
Spawn	Spawn	Spawn	existing-unreviewed		0
Ss	Ss	Ss	existing-unreviewed		0
Stack	Stack	Stack	existing-unreviewed		0
StackSegmentFault	Stacksegmentfallo	Stacksegmentfallo	existing-unreviewed		0
Start_lba	Iniciarlba	Iniciarlba	existing-unreviewed		0
Started	Iniciado	Iniciado	existing-unreviewed		0
StdinPutByte	Stdinputocteto	Stdinputocteto	existing-unreviewed		0
StopCurrentThread	DetenerActualhilo	DetenerActualhilo	existing-unreviewed		0
Stopped	Parado	Parado	existing-unreviewed		0
SubnetMask	SubnetMáscara	SubnetMáscara	existing-unreviewed		0
SupportMode	Detallemodo	Detallemodo	existing-unreviewed		0
Sys_brk	Sysbrk_2	Sysbrk_2	existing-unreviewed		0
Sys_close	Syscerrar_2	Syscerrar_2	existing-unreviewed		0
Sys_exit	SysSalir_2	SysSalir_2	existing-unreviewed		0
Sys_getpid	Sysgetpid_2	Sysgetpid_2	existing-unreviewed		0
Sys_mousemove	Sysmousemove	Sysmousemove	existing-unreviewed		0
Sys_open	Sysabrir_2	Sysabrir_2	existing-unreviewed		0
Sys_printStr	SysImprimirstr	SysImprimirstr	existing-unreviewed		0
Sys_printUint32	SysImprimirunsignedinteger32	SysImprimirunsignedinteger32	existing-unreviewed		0
Sys_printf	Sysprintf	Sysprintf	existing-unreviewed		0
Sys_read	Sysleer_2	Sysleer_2	existing-unreviewed		0
Syscall	Syscall	Syscall	existing-unreviewed		0
Sysname	Sysname	Sysname	existing-unreviewed		0
TARPEtherFrameHandler	Arpethernettramahandler	Arpethernettramahandler	existing-unreviewed		0
TARPMessage	ArpMensaje	ArpMensaje	existing-unreviewed		0
TARPMessageBuffer	ArpMensajebuffer	ArpMensajebuffer	existing-unreviewed		0
TARPProvider	Arpprovider	Arpprovider	existing-unreviewed		0
TAdvancedTechnologyAttachment	TAvanzadoTecnologíaattachment	TAvanzadoTecnologíaattachment	existing-unreviewed		0
TArray	TMatriz	TMatriz	existing-unreviewed		0
TBaseAddressRegister	TBaseDirecciónregistro	TBaseDirecciónregistro	existing-unreviewed		0
TBiosParameterBlock32	TBiosparameterBloque32	TParámetros_del_sistema_de_archivos32	project-proposal	fat_parameters	11
TBufferDescriptor	TBufferdescriptor	TBufferdescriptor	existing-unreviewed		0
TCOWFrameManager	Tcowtramagestor	Tcowtramagestor	existing-unreviewed		0
TCPUState	TcpuEstado	TcpuEstado	existing-unreviewed		0
TDefaultKeyboardEventHandler	TPredeterminadotecladoeventohandler	TPredeterminadotecladoeventohandler	existing-unreviewed		0
TDefaultMouseEventHandler	TPredeterminadoratóneventohandler	TPredeterminadoratóneventohandler	existing-unreviewed		0
TDefaultPCIControllerHandler	TPredeterminadopcicontroladorhandler	TPredeterminadopcicontroladorhandler	existing-unreviewed		0
TDefaultTimerEventHandler	TPredeterminadotemporizadoreventohandler	TPredeterminadotemporizadoreventohandler	existing-unreviewed		0
TDirectoryEntryFat32	TDirectorioentradafat32	TDirectorioentradafat32	existing-unreviewed		0
TDriverManager	TControladorgestor	TControladorgestor	existing-unreviewed		0
TEtherFrameHandler	TEthernettramahandler	TEthernettramahandler	existing-unreviewed		0
TEtherFrameHeader	TEthernettramaencabezado	TCabecera_de_trama_de_red_de_medio_compartido	project-proposal	ethernet_header	8
TEtherFrameHeaderBuffer	TEthernettramaencabezadobuffer	TEthernettramaencabezadobuffer	existing-unreviewed		0
TEtherFrameProvider	TEthernettramaprovider	TProveedor_de_tramas_de_red_de_medio_compartido	project-proposal	ethernet_provider	20
TEtherFrameRawDataHandler	TEthernettramarawdatoshandler	TEthernettramarawdatoshandler	existing-unreviewed		0
TGateDescriptor	TPuertadescriptor	TPuertadescriptor	existing-unreviewed		0
THREAD_STACK_SIZE	HilostackTamaño	HilostackTamaño	existing-unreviewed		0
TICMPHandler	Icmphandler	Icmphandler	existing-unreviewed		0
TIPEtherFrameHandler	Ipethernettramahandler	Ipethernettramahandler	existing-unreviewed		0
TInitializationBlock	TInitializationBloque	TInitializationBloque	existing-unreviewed		0
TInternetControlMessageProtocol	TInternetcontrolMensajeprotocol	TProtocolo_de_mensajes_de_control_de_red_interconectada	project-proposal	icmp	5
TInternetControlMessageProtocolMessage	TInternetcontrolMensajeprotocolMensaje	TInternetcontrolMensajeprotocolMensaje	existing-unreviewed		0
TInternetControlMessageProtocolMessageBuffer	TInternetcontrolMensajeprotocolMensajebuffer	TInternetcontrolMensajeprotocolMensajebuffer	existing-unreviewed		0
TInternetProtocolHandler	TInternetprotocolhandler	TInternetprotocolhandler	existing-unreviewed		0
TInternetProtocolProvider	TInternetprotocolprovider	TProveedor_del_protocolo_de_red_interconectada	project-proposal	ip_provider	14
TInternetProtocolV4Message	TInternetprotocolv4Mensaje	TInternetprotocolv4Mensaje	existing-unreviewed		0
TInternetProtocolV4MessageBuffer	TInternetprotocolv4Mensajebuffer	TInternetprotocolv4Mensajebuffer	existing-unreviewed		0
TInterruptDescriptorTablePointer	TInterrupcióndescriptorTablaPuntero	TInterrupcióndescriptorTablaPuntero	existing-unreviewed		0
TInterruptHandler	TInterrupciónhandler	TInterrupciónhandler	existing-unreviewed		0
TInterruptManager	TInterrupcióngestor	TInterrupcióngestor	existing-unreviewed		0
TKeyboardDriver	TTecladocontrolador	TTecladocontrolador	existing-unreviewed		0
TLS_START	TlsIniciar	TlsIniciar	existing-unreviewed		0
TMSDOSPartitionTable	TmsdosparticiónTabla	TmsdosparticiónTabla	existing-unreviewed		0
TMasterBootRecord	TMaestrobootGrabar	TRegistro_principal_de_arranque	project-proposal	boot_record	3
TMemoryChunk	TMemoriachunk	TMemoriachunk	existing-unreviewed		0
TMemoryManager	TMemoriagestor	TMemoriagestor	existing-unreviewed		0
TMouseDriver	TRatóncontrolador	TRatóncontrolador	existing-unreviewed		0
TMyKeyboardEventHandler	TMytecladoeventohandler	TMytecladoeventohandler	existing-unreviewed		0
TMyMouseEventHandler	TMyratóneventohandler	TMyratóneventohandler	existing-unreviewed		0
TMyPCIControllerHandler	TMypcicontroladorhandler	TMypcicontroladorhandler	existing-unreviewed		0
TPartitionTableEntry	TParticiónTablaentrada	TParticiónTablaentrada	existing-unreviewed		0
TPeripheralComponentInterconnectController	TPeripheralcomponentinterconnectcontrolador	TPeripheralcomponentinterconnectcontrolador	existing-unreviewed		0
TPeripheralComponentInterconnectDeviceDescriptor	TPeripheralcomponentinterconnectDispositivodescriptor	TPeripheralcomponentinterconnectDispositivodescriptor	existing-unreviewed		0
TPort	TPuerto	TPuerto	existing-unreviewed		0
TPort16Bit	TPuerto16bit	TPuerto16bit	existing-unreviewed		0
TPort32Bit	TPuerto32bit	TPuerto32bit	existing-unreviewed		0
TPort8Bit	TPuerto8bit	TPuerto8bit	existing-unreviewed		0
TRawDataHandler	TRawdatoshandler	TRawdatoshandler	existing-unreviewed		0
TSSEntry	Tssentrada	Tssentrada	existing-unreviewed		0
TSyscall	TSyscall	TSyscall	existing-unreviewed		0
TTask	TTarea	TTarea	existing-unreviewed		0
TThread	THilo	THilo	existing-unreviewed		0
TThreadHelper	THilohelper	THilohelper	existing-unreviewed		0
TTimerDriver	TTemporizadorcontrolador	TTemporizadorcontrolador	existing-unreviewed		0
TUserDatagramProtocolHandler	TUsuariodatagramprotocolhandler	TUsuariodatagramprotocolhandler	existing-unreviewed		0
TUserDatagramProtocolHeader	TUsuariodatagramprotocolencabezado	TCabecera_de_datagramas_de_usuario	project-proposal	udp_header	5
TUserDatagramProtocolHeaderBuffer	TUsuariodatagramprotocolencabezadobuffer	TUsuariodatagramprotocolencabezadobuffer	existing-unreviewed		0
TUserDatagramProtocolProvider	TUsuariodatagramprotocolprovider	TUsuariodatagramprotocolprovider	existing-unreviewed		0
TUserDatagramProtocolSocket	TUsuariodatagramprotocolconectorRed	TExtremo_de_comunicación_de_datagramas_de_usuario	project-proposal	udp_socket	17
TVideoGraphicsArray	TVídeoGráficosmatriz	TVídeoGráficosmatriz	existing-unreviewed		0
TWidget	TComponente	TElemento_de_pantalla	project-proposal	widget	9
TWidgetMouseEventHandler	TComponenteratóneventohandler	TComponenteratóneventohandler	existing-unreviewed		0
Tamd_am79c973	Tamdam79c973	Tamdam79c973	existing-unreviewed		0
Test	Probar	Probar	existing-unreviewed		0
TestBit	Probarbit	Probarbit	existing-unreviewed		0
TestPrint	ProbarImprimir	ProbarImprimir	existing-unreviewed		0
Thread	Hilo	Hilo	existing-unreviewed		0
ThreadList	Hilolista	Hilolista	existing-unreviewed		0
ThreadState	HiloEstado	HiloEstado	existing-unreviewed		0
Threads	Threads	Threads	existing-unreviewed		0
TlsSegments	TlsSegmentos	TlsSegmentos	existing-unreviewed		0
TotalBlocks	TotalBloque	TotalBloque	existing-unreviewed		0
Type	Tipo	Tipo	existing-unreviewed		0
TypeTest	TipoProbar	TipoProbar	existing-unreviewed		0
T공용서술자테이블	TShareddescriptorTabla	TShareddescriptorTabla	existing-unreviewed		0
T공용서술자테이블_자료	TShareddescriptorTabladatos	TShareddescriptorTabladatos	existing-unreviewed		0
T작업관리자	TTareagestor	TTareagestor	existing-unreviewed		0
T조각설명자	TSegmentdescriptor	TSegmentdescriptor	existing-unreviewed		0
T콘솔	TConsola	TConsola	existing-unreviewed		0
T함수1	TFunción1	TFunción1	existing-unreviewed		0
UDESC_32SEG	Udesc32seg	Udesc32seg	existing-unreviewed		0
UDESC_CONTENTS	UdescÍndice	UdescÍndice	existing-unreviewed		0
UDESC_LIMIT_IN_PAGES	UdescLimitarEntradapages	UdescLimitarEntradapages	existing-unreviewed		0
UDESC_RX_ONLY	Udescrxsolo	Udescrxsolo	existing-unreviewed		0
UDESC_SEG_NOT_PRESENT	UdescsegnotPresente	UdescsegnotPresente	existing-unreviewed		0
UDESC_USABLE	Udescusable	Udescusable	existing-unreviewed		0
USER_STACK	Usuariostack	Usuariostack	existing-unreviewed		0
USER_STACK_SIZE	UsuariostackTamaño	UsuariostackTamaño	existing-unreviewed		0
USER_STACK_TOP	UsuariostackSuperior	UsuariostackSuperior	existing-unreviewed		0
Uid	Uid	Uid	existing-unreviewed		0
Uint16ToArray	Unsignedinteger16tomatriz	Unsignedinteger16tomatriz	existing-unreviewed		0
Uint16ToArray_BE	Unsignedinteger16tomatrizbe	Unsignedinteger16tomatrizbe	existing-unreviewed		0
Uint16_R	Unsignedinteger16r	Unsignedinteger16r	existing-unreviewed		0
Uint32ToArray	Unsignedinteger32tomatriz	Unsignedinteger32tomatriz	existing-unreviewed		0
Uint32_R	Unsignedinteger32r	Unsignedinteger32r	existing-unreviewed		0
Uint48ToArray	Unsignedinteger48tomatriz	Unsignedinteger48tomatriz	existing-unreviewed		0
Uint48ToArray_BE	Unsignedinteger48tomatrizbe	Unsignedinteger48tomatrizbe	existing-unreviewed		0
Uint48_R	Unsignedinteger48r	Unsignedinteger48r	existing-unreviewed		0
Uint64ToArray	Unsignedinteger64tomatriz	Unsignedinteger64tomatriz	existing-unreviewed		0
Uint64_R	Unsignedinteger64r	Unsignedinteger64r	existing-unreviewed		0
UnhandleInterrupt	Unhandleinterrupción	Unhandleinterrupción	existing-unreviewed		0
UnsetBit	Sinestablecerbit	Invertir_el_bit_de_asignación	project-proposal	toggle_bit	1
UsedBlocks	EnusoBloque	EnusoBloque	existing-unreviewed		0
UserDesc	Usuariodescriptor	Usuariodescriptor	existing-unreviewed		0
UserStack	Usuariostack_2	Usuariostack_2	existing-unreviewed		0
UserStackSize	UsuariostackTamaño_2	UsuariostackTamaño_2	existing-unreviewed		0
Vendor_id	Fabricanteid	Fabricanteid	existing-unreviewed		0
Version	Versión	Versión	existing-unreviewed		0
VirtTest	VirtProbar	VirtProbar	existing-unreviewed		0
Write	Escribir	Escribir	existing-unreviewed		0
Write28	Escribir28	Escribir28	existing-unreviewed		0
WriteRegisters	Escribirregistro	Escribirregistro	existing-unreviewed		0
X	X	X	existing-unreviewed		0
Y	Y	Y	existing-unreviewed		0
Zero	Cero	Cero	existing-unreviewed		0
ZeroBlockInPageDir	CeroBloqueEntradapáginadirectorio	CeroBloqueEntradapáginadirectorio	existing-unreviewed		0
a	a	a	existing-unreviewed		0
aTime	aHora	aHora	existing-unreviewed		0
access	acceso	acceso	existing-unreviewed		0
accessMode	accesomodo	accesomodo	existing-unreviewed		0
ack	ack	ack	existing-unreviewed		0
activeKeyboardDriver	activotecladocontrolador	activotecladocontrolador	existing-unreviewed		0
activeMouseDriver	activoratóncontrolador	activoratóncontrolador	existing-unreviewed		0
addr	dirección	dirección	existing-unreviewed		0
addrPtr	direcciónPuntero	direcciónPuntero	existing-unreviewed		0
address	dirección_2	dirección_2	existing-unreviewed		0
addressError	direcciónerror	direcciónerror	existing-unreviewed		0
afInet	afinet	afinet	existing-unreviewed		0
allocFD	allocateDescriptor	allocateDescriptor	existing-unreviewed		0
allocOpenFile	allocateabrirarchivo	allocateabrirarchivo	existing-unreviewed		0
allocProcess	allocateproceso	allocateproceso	existing-unreviewed		0
allocateSocket	allocateconectorRed	allocateconectorRed	existing-unreviewed		0
allocated	allocated	allocated	existing-unreviewed		0
amd_am79c973	amdam79c973	amdam79c973	existing-unreviewed		0
args	argumentos	argumentos	existing-unreviewed		0
argument	argument	argument	existing-unreviewed		0
argumentPointers	argumentpointers	argumentpointers	existing-unreviewed		0
arguments	argumentos_2	argumentos_2	existing-unreviewed		0
arp	arp	arp	existing-unreviewed		0
arpBuffer	arpbuffer	arpbuffer	existing-unreviewed		0
arpMesgSize	arpmesgTamaño	arpmesgTamaño	existing-unreviewed		0
arpProvider	arpprovider	arpprovider	existing-unreviewed		0
arp콘솔	arpconsola	arpconsola	existing-unreviewed		0
array	matriz	matriz	existing-unreviewed		0
ata	ata	ata	existing-unreviewed		0
ata0s	ata0s	ata0s	existing-unreviewed		0
attempts	attempts	attempts	existing-unreviewed		0
attr	atributo	atributo	existing-unreviewed		0
attributeControllerIndexPort	atributocontroladorÍndicepuerto	atributocontroladorÍndicepuerto	existing-unreviewed		0
attributeControllerReadPort	atributocontroladorleerpuerto	atributocontroladorleerpuerto	existing-unreviewed		0
attributeControllerResetPort	atributocontroladorReiniciarpuerto	atributocontroladorReiniciarpuerto	existing-unreviewed		0
attributeControllerWritePort	atributocontroladorescribirpuerto	atributocontroladorescribirpuerto	existing-unreviewed		0
attributes	atributos	atributos	existing-unreviewed		0
aux	aux	aux	existing-unreviewed		0
avail	disponible	disponible	existing-unreviewed		0
b	b	b	existing-unreviewed		0
backend	backend	backend	existing-unreviewed		0
backupFpRegs	backupfpregs	backupfpregs	existing-unreviewed		0
backupSector	backupsector	backupsector	existing-unreviewed		0
bar	barra	barra	existing-unreviewed		0
barNum	barraNúmero	barraNúmero	existing-unreviewed		0
bar_value	barraValor	barraValor	existing-unreviewed		0
base	base	base	existing-unreviewed		0
baseCode	basecode	basecode	existing-unreviewed		0
baseHigh	baseAlta	baseAlta	existing-unreviewed		0
baseLow	baseBaja	baseBaja	existing-unreviewed		0
baseMid	basemid	basemid	existing-unreviewed		0
base_addr_high	baseDirecciónAlta	baseDirecciónAlta	existing-unreviewed		0
base_addr_low	baseDirecciónBaja	baseDirecciónBaja	existing-unreviewed		0
bh	bh	bh	existing-unreviewed		0
bindEphemeral	vínculaephemeral	vínculaephemeral	existing-unreviewed		0
bindError	vínculaerror	vínculaerror	existing-unreviewed		0
bios	bios	bios	existing-unreviewed		0
bit	bit	bit	existing-unreviewed		0
bitmap	bitmap	mapa_de_asignación	project-proposal	bitmap	2
bootSignature	bootsignature	bootsignature	existing-unreviewed		0
bootable	bootable	bootable	existing-unreviewed		0
bootloader	bootloader	bootloader	existing-unreviewed		0
bound	bound	bound	existing-unreviewed		0
bpb	bpb	parámetros_del_sistema_de_archivos	project-proposal	fat_parameters	16
bpbBytes	bpbbytes	bpbbytes	existing-unreviewed		0
bpbPtr	bpbPuntero	bpbPuntero	existing-unreviewed		0
buf	buffer	buffer	existing-unreviewed		0
buf1	buffer1	buffer1	existing-unreviewed		0
buf2	buffer2	buffer2	existing-unreviewed		0
buf3	buffer3	buffer3	existing-unreviewed		0
buf4	buffer4	buffer4	existing-unreviewed		0
buf6	buffer6	buffer6	existing-unreviewed		0
buffer	buffer_2	buffer_2	existing-unreviewed		0
buffer1	buffer1_2	buffer1_2	existing-unreviewed		0
buffer2	buffer2_2	buffer2_2	existing-unreviewed		0
bufferAddr	bufferDirección	bufferDirección	existing-unreviewed		0
bufferAddress	bufferDirección_2	bufferDirección_2	existing-unreviewed		0
bufptr	bufferPuntero	bufferPuntero	existing-unreviewed		0
bus	bus	bus	existing-unreviewed		0
busControlRegisterDataPort	buscontrolregistrodatospuerto	buscontrolregistrodatospuerto	existing-unreviewed		0
button	botón	botón	existing-unreviewed		0
buttons	botón_2	botón_2	existing-unreviewed		0
bytesPerSector	bytespersector	bytespersector	existing-unreviewed		0
c	c	c	existing-unreviewed		0
cDate	cFecha	cFecha	existing-unreviewed		0
cTime	cHora	cHora	existing-unreviewed		0
cTimeTenth	cHoratenth	cHoratenth	existing-unreviewed		0
call	llamada	llamada	existing-unreviewed		0
candidate	candidate	candidate	existing-unreviewed		0
cap	cap	cap	existing-unreviewed		0
char	char	char	existing-unreviewed		0
checked	checked	checked	existing-unreviewed		0
checksum	sumadeverificación	sumadeverificación	existing-unreviewed		0
child	hijo	hijo	existing-unreviewed		0
childPID	hijopid	hijopid	existing-unreviewed		0
childPageDir	hijopáginadirectorio	hijopáginadirectorio	existing-unreviewed		0
chunk	chunk	chunk	existing-unreviewed		0
class_id	claseid	claseid	existing-unreviewed		0
closeAllProcessFDs	cerrarTodoprocesofds	cerrarTodoprocesofds	existing-unreviewed		0
closeOnExec	cerraralEjecutar	cerraralEjecutar	existing-unreviewed		0
closeProcessFD	cerrarprocesoDescriptor	cerrarprocesoDescriptor	existing-unreviewed		0
code	code	code	existing-unreviewed		0
code1Ptr	code1Puntero	code1Puntero	existing-unreviewed		0
code1ptr	code1Puntero_2	code1Puntero_2	existing-unreviewed		0
code2Ptr	code2Puntero	code2Puntero	existing-unreviewed		0
code3Ptr	code3Puntero	code3Puntero	existing-unreviewed		0
codeSegment	codesegment	codesegment	existing-unreviewed		0
colorIndex	colorÍndice	colorÍndice	existing-unreviewed		0
colordepth	colorProfundidad	colorProfundidad	existing-unreviewed		0
command	orden	orden	existing-unreviewed		0
commandPort	ordenpuerto	ordenpuerto	existing-unreviewed		0
commandport	ordenpuerto_2	ordenpuerto_2	existing-unreviewed		0
common	común	común	existing-unreviewed		0
connected	connected	connected	existing-unreviewed		0
console	consola	consola	existing-unreviewed		0
controlPort	controlpuerto	controlpuerto	existing-unreviewed		0
copyExecVector	copiarEjecutarvector	copiarEjecutarvector	existing-unreviewed		0
copyLength	copiarDuración	copiarDuración	existing-unreviewed		0
copyPageDir	copiarpáginadirectorio	copiarpáginadirectorio	existing-unreviewed		0
copyPath	copiarRUTA	copiarRUTA	existing-unreviewed		0
copySocketName	copiarconectorRedNombre	copiarconectorRedNombre	existing-unreviewed		0
copyUtsField	copiarutscampo	copiarutscampo	existing-unreviewed		0
count	recuento	recuento	existing-unreviewed		0
count2	recuento2	recuento2	existing-unreviewed		0
cowFrameManager	cowtramagestor	cowtramagestor	existing-unreviewed		0
cpu	cpu	cpu	existing-unreviewed		0
cpustate	cpuEstado	cpuEstado	existing-unreviewed		0
cr0	cr0	cr0	existing-unreviewed		0
cr3	cr3	cr3	existing-unreviewed		0
cr4	cr4	cr4	existing-unreviewed		0
crtcDataPort	crtcdatospuerto	crtcdatospuerto	existing-unreviewed		0
crtcIndexPort	crtcÍndicepuerto	crtcÍndicepuerto	existing-unreviewed		0
cs	cs	cs	existing-unreviewed		0
currentRecvBuffer	actualrecvbuffer	actualrecvbuffer	existing-unreviewed		0
currentSendBuffer	actualEnviarbuffer	actualEnviarbuffer	existing-unreviewed		0
currentTask	actualtarea	actualtarea	existing-unreviewed		0
currentThread	actualhilo	actualhilo	existing-unreviewed		0
currentThreadIndex	actualhiloÍndice	actualhiloÍndice	existing-unreviewed		0
cursorHeight	cursorAltura	cursorAltura	existing-unreviewed		0
cursorStart	cursorIniciar	cursorIniciar	existing-unreviewed		0
d_tag	dEtiqueta	dEtiqueta	existing-unreviewed		0
d_val_ptr	dvalPuntero	dvalPuntero	existing-unreviewed		0
data	datos	datos	existing-unreviewed		0
dataBuf	datosbuffer	datosbuffer	existing-unreviewed		0
dataBytes	datosbytes	datosbytes	existing-unreviewed		0
dataPointer	datosPuntero	datosPuntero	existing-unreviewed		0
dataPort	datospuerto	datospuerto	existing-unreviewed		0
dataStart	datosIniciar	datosIniciar	existing-unreviewed		0
databuffer	datosbuffer_2	datosbuffer_2	existing-unreviewed		0
dataport	datospuerto_2	datospuerto_2	existing-unreviewed		0
defaultKeyboardEventHandler	predeterminadotecladoeventohandler	predeterminadotecladoeventohandler	existing-unreviewed		0
desc	descriptor	descriptor	existing-unreviewed		0
description	descripción	descripción	existing-unreviewed		0
destination	destino	destino	existing-unreviewed		0
destinationAddress	destinoDirección	destinoDirección	existing-unreviewed		0
destinationLength	destinoDuración	destinoDuración	existing-unreviewed		0
dev	dispositivo	dispositivo	existing-unreviewed		0
device	dispositivo_2	dispositivo_2	existing-unreviewed		0
deviceDescriptor	dispositivodescriptor	dispositivodescriptor	existing-unreviewed		0
devicePort	dispositivopuerto	dispositivopuerto	existing-unreviewed		0
diff	diff	diff	existing-unreviewed		0
digits	digits	digits	existing-unreviewed		0
dirent	dirent	dirent	existing-unreviewed		0
direntBytes	direntbytes	direntbytes	existing-unreviewed		0
direntPtr	direntPuntero	direntPuntero	existing-unreviewed		0
discardProcess	descartarproceso	descartarproceso	existing-unreviewed		0
dispatchInterrupt	dispatchinterrupción	dispatchinterrupción	existing-unreviewed		0
divisor	divisor	divisor	existing-unreviewed		0
domain	dominio	dominio	existing-unreviewed		0
driveNumber	driveNúmero	driveNúmero	existing-unreviewed		0
driver	controlador	controlador	existing-unreviewed		0
driverManager	controladorgestor	controladorgestor	existing-unreviewed		0
drivercount	controladorRecuento	controladorRecuento	existing-unreviewed		0
drv	controlador_2	controlador_2	existing-unreviewed		0
ds	ds	ds	existing-unreviewed		0
ds_segment	dssegment	dssegment	existing-unreviewed		0
dst	destino_2	destino_2	existing-unreviewed		0
dstEntry	destinoentrada	destinoentrada	existing-unreviewed		0
dstIP	destinoipDirección	destinoipDirección	existing-unreviewed		0
dstIP_BE	destinoipDirecciónredoctetoorder	destinoipDirecciónredoctetoorder	existing-unreviewed		0
dstMAC	destinomacDirección	destinomacDirección	existing-unreviewed		0
dstMAC_BE	destinomacbe	destinomacbe	existing-unreviewed		0
dstPageDir	destinopáginadirectorio	destinopáginadirectorio	existing-unreviewed		0
dstPort	destinopuertoNúmero	número_del_puerto_de_destino	project-proposal	destination_port	9
dstPt	destinopt	destinopt	existing-unreviewed		0
dstPtPtr	destinoptPuntero	destinoptPuntero	existing-unreviewed		0
dstPtr	destinoPuntero	destinoPuntero	existing-unreviewed		0
dstptr	destinoPuntero_2	destinoPuntero_2	existing-unreviewed		0
dynamic	dinámico	dinámico	existing-unreviewed		0
e	e	e	existing-unreviewed		0
e_ehsize	eehsize	eehsize	existing-unreviewed		0
e_entry	eentrada	eentrada	existing-unreviewed		0
e_flags	eBanderas	eBanderas	existing-unreviewed		0
e_ident	eident	eident	existing-unreviewed		0
e_machine	emachine	emachine	existing-unreviewed		0
e_phentsize	ephentsize	ephentsize	existing-unreviewed		0
e_phnum	ephnum	ephnum	existing-unreviewed		0
e_phoff	ephoff	ephoff	existing-unreviewed		0
e_shentsize	eshentsize	eshentsize	existing-unreviewed		0
e_shnum	eshnum	eshnum	existing-unreviewed		0
e_shoff	eshoff	eshoff	existing-unreviewed		0
e_shstrndx	eshstrndx	eshstrndx	existing-unreviewed		0
e_type	etipo	etipo	existing-unreviewed		0
e_version	eVersión	eVersión	existing-unreviewed		0
eax	eax	eax	existing-unreviewed		0
ebp	ebp	ebp	existing-unreviewed		0
ebx	ebx	ebx	existing-unreviewed		0
ecx	ecx	ecx	existing-unreviewed		0
edi	edi	edi	existing-unreviewed		0
edx	edx	edx	existing-unreviewed		0
efHandler	efhandler	efhandler	existing-unreviewed		0
eflags	eflags	eflags	existing-unreviewed		0
eip	eip	eip	existing-unreviewed		0
eipOffset	eipDesplazamiento	eipDesplazamiento	existing-unreviewed		0
elf	elf	formato_ejecutable_y_enlazable	project-proposal	elf	6
elf0	elf0	elf0	existing-unreviewed		0
elf2	elf2	elf2	existing-unreviewed		0
elf3	elf3	elf3	existing-unreviewed		0
elf4	elf4	elf4	existing-unreviewed		0
elfHeader	elfencabezado	elfencabezado	existing-unreviewed		0
enabled	activado	activado	existing-unreviewed		0
end	fin	fin	existing-unreviewed		0
endOffset	finDesplazamiento	finDesplazamiento	existing-unreviewed		0
end_cylinder	fincylinder	fincylinder	existing-unreviewed		0
end_head	finhead	finhead	existing-unreviewed		0
end_sector	finsector	finsector	existing-unreviewed		0
ensureCurrentProcess	ensureActualproceso	ensureActualproceso	existing-unreviewed		0
entry	entrada	entrada	existing-unreviewed		0
entryPoint	entradapoint	entradapoint	existing-unreviewed		0
entrypoint	entradapoint_2	entradapoint_2	existing-unreviewed		0
environment	environment	environment	existing-unreviewed		0
environmentPointers	environmentpointers	environmentpointers	existing-unreviewed		0
err	err	err	existing-unreviewed		0
errorPort	errorpuerto	errorpuerto	existing-unreviewed		0
es	es	es	existing-unreviewed		0
esi	esi	esi	existing-unreviewed		0
esp	esp	esp	existing-unreviewed		0
esp0	esp0	esp0	existing-unreviewed		0
esp1	esp1	esp1	existing-unreviewed		0
esp2	esp2	esp2	existing-unreviewed		0
etherFrameProvider	ethernettramaprovider	proveedor_de_tramas_de_red_de_medio_compartido	project-proposal	ethernet_provider	1
etherType	ethernettipo	ethernettipo	existing-unreviewed		0
etherType_BE	ethernettipobe	ethernettipobe	existing-unreviewed		0
etherframe	ethernettrama	trama_de_la_red_de_medio_compartido	project-proposal	ethernet_frame	1
etherframePayload	ethernettramapayload	ethernettramapayload	existing-unreviewed		0
except	except	except	existing-unreviewed		0
exceptionCR0	exceptioncr0	exceptioncr0	existing-unreviewed		0
exceptionCR2	exceptioncr2	exceptioncr2	existing-unreviewed		0
exceptionCR3	exceptioncr3	exceptioncr3	existing-unreviewed		0
exceptionFrameValue	exceptiontramaValor	exceptiontramaValor	existing-unreviewed		0
exceptionHasErrorCode	exceptionhaserrorcode	exceptionhaserrorcode	existing-unreviewed		0
exceptionName	exceptionNombre	exceptionNombre	existing-unreviewed		0
execVector	ejecutarvector	ejecutarvector	existing-unreviewed		0
exists	exists	exists	existing-unreviewed		0
exited	salió	salió	existing-unreviewed		0
ext	ext	ext	existing-unreviewed		0
extFlags	extBanderas	extBanderas	existing-unreviewed		0
extendedScanCode	extendedInspeccionarcode	extendedInspeccionarcode	existing-unreviewed		0
fDupFD	fdupDescriptor	fdupDescriptor	existing-unreviewed		0
fGetFD	fgetDescriptor	fgetDescriptor	existing-unreviewed		0
fGetFL	fgetfl	fgetfl	existing-unreviewed		0
fSetFD	festablecerDescriptor	festablecerDescriptor	existing-unreviewed		0
fSetFL	festablecerfl	festablecerfl	existing-unreviewed		0
fat	fat	fat	existing-unreviewed		0
fatCopies	fatcopiar	fatcopiar	existing-unreviewed		0
fatInfo	fatInformación	fatInformación	existing-unreviewed		0
fatOffsetInSectorForCurrentCluster	fatDesplazamientoEntradasectorforActualcluster	fatDesplazamientoEntradasectorforActualcluster	existing-unreviewed		0
fatSectorCount	fatsectorRecuento	fatsectorRecuento	existing-unreviewed		0
fatSectorForCurrentCluster	fatsectorforActualcluster	fatsectorforActualcluster	existing-unreviewed		0
fatSize	fatTamaño	fatTamaño	existing-unreviewed		0
fatStart	fatIniciar	fatIniciar	existing-unreviewed		0
fatTypeLabel	fattipoetiqueta	fattipoetiqueta	existing-unreviewed		0
fatVersion	fatVersión	fatVersión	existing-unreviewed		0
fatbuf	fatbuf	fatbuf	existing-unreviewed		0
fatbuffer	fatbuffer	fatbuffer	existing-unreviewed		0
faultAddr	falloDirección	falloDirección	existing-unreviewed		0
fb	fb	fb	existing-unreviewed		0
fbCurCol	fbActualcol	fbActualcol	existing-unreviewed		0
fbCurLine	fbActualLínea	fbActualLínea	existing-unreviewed		0
fbHeight	fbAltura	fbAltura	existing-unreviewed		0
fbPhysAddr	fbphysDirección	fbphysDirección	existing-unreviewed		0
fbWidth	fbAncho	fbAncho	existing-unreviewed		0
fd	descriptor_2	descriptor_2	existing-unreviewed		0
fdCloexec	descriptorcloexec	descriptorcloexec	existing-unreviewed		0
fdEntry	descriptorentrada	descriptorentrada	existing-unreviewed		0
fdFlags	descriptorBanderas	descriptorBanderas	existing-unreviewed		0
fdKindConsole	descriptorTipoconsola	descriptorTipoconsola	existing-unreviewed		0
fdKindFat	descriptorTipofat	descriptorTipofat	existing-unreviewed		0
fdKindNone	descriptorTipoNinguno	descriptorTipoNinguno	existing-unreviewed		0
fdKindRootDir	descriptorTipoRaízdirectorio	descriptorTipoRaízdirectorio	existing-unreviewed		0
fdKindSocket	descriptorTipoconectorRed	descriptorTipoconectorRed	existing-unreviewed		0
fdKindStdin	descriptorTipostdin	descriptorTipostdin	existing-unreviewed		0
fds	fds	fds	existing-unreviewed		0
filePtr	archivoPuntero	archivoPuntero	existing-unreviewed		0
fileSector	archivosector	archivosector	existing-unreviewed		0
fileSize	archivoTamaño	archivoTamaño	existing-unreviewed		0
filename	nombredearchivo	nombredearchivo	existing-unreviewed		0
fillPosixStat	fillposixstat	fillposixstat	existing-unreviewed		0
findProcess	buscarproceso	buscarproceso	existing-unreviewed		0
first	first	first	existing-unreviewed		0
firstClusterHi	firstclusterhi	firstclusterhi	existing-unreviewed		0
firstClusterLow	firstclusterBaja	firstclusterBaja	existing-unreviewed		0
firstFileCluster	firstarchivocluster	firstarchivocluster	existing-unreviewed		0
flags	banderas	banderas	existing-unreviewed		0
flags2	banderas2	banderas2	existing-unreviewed		0
flagsAndOffset	banderasyDesplazamiento	banderasyDesplazamiento	existing-unreviewed		0
flushIndex	flushÍndice	flushÍndice	existing-unreviewed		0
flushTlsTable	flushtlsTabla	flushtlsTabla	existing-unreviewed		0
flush_tss	flushtss	flushtss	existing-unreviewed		0
fn	fn	fn	existing-unreviewed		0
foo	tururú	tururú	existing-unreviewed		0
foundChild	foundhijo	foundhijo	existing-unreviewed		0
frame	trama	trama	existing-unreviewed		0
frameCount	tramaRecuento	tramaRecuento	existing-unreviewed		0
frameHeaderSize	tramaencabezadoTamaño	tramaencabezadoTamaño	existing-unreviewed		0
free	libre	libre	existing-unreviewed		0
freePort	librepuerto	librepuerto	existing-unreviewed		0
frequency	frecuencia	frecuencia	existing-unreviewed		0
fs	fs	fs	existing-unreviewed		0
func1Val	func1val	func1val	existing-unreviewed		0
func2Val	func2val	func2val	existing-unreviewed		0
func3Val	func3val	func3val	existing-unreviewed		0
func_addr	funcDirección	funcDirección	existing-unreviewed		0
func_bytes	funcbytes	funcbytes	existing-unreviewed		0
func_name	funcNombre	funcNombre	existing-unreviewed		0
func_value	funcValor	funcValor	existing-unreviewed		0
function	función	función	existing-unreviewed		0
fxrstor	fxrstor	fxrstor	existing-unreviewed		0
fxsave	fxsave	fxsave	existing-unreviewed		0
g	g	g	existing-unreviewed		0
g_320x200x256	g320x200x256	g320x200x256	existing-unreviewed		0
gate	puerta	puerta	existing-unreviewed		0
gateData	puertadatos	puertadatos	existing-unreviewed		0
gatewayIP	gatewayip	gatewayip	existing-unreviewed		0
gdt	gdt	gdt	existing-unreviewed		0
gdtDescriptor	gdtdescriptor	gdtdescriptor	existing-unreviewed		0
gdtEntry	gdtentrada	gdtentrada	existing-unreviewed		0
gdtTable	gdtTabla	gdtTabla	existing-unreviewed		0
gdtTableLen	gdtTablalen	gdtTablalen	existing-unreviewed		0
gdt_codeSegmentSelector	gdtcodesegmentselector	gdtcodesegmentselector	existing-unreviewed		0
gdt_func	gdtfunc	gdtfunc	existing-unreviewed		0
getCR2	getcr2	getcr2	existing-unreviewed		0
getCR3	getcr3	getcr3	existing-unreviewed		0
getDescriptor	getdescriptor	getdescriptor	existing-unreviewed		0
getESI	getesi	getesi	existing-unreviewed		0
getESP	getesp	getesp	existing-unreviewed		0
getGDT	getgdt	getgdt	existing-unreviewed		0
getGS	getgs	getgs	existing-unreviewed		0
getOpenFile	getabrirarchivo	getabrirarchivo	existing-unreviewed		0
getOpenFileFor	getabrirarchivofor	getabrirarchivofor	existing-unreviewed		0
getTLS	gettls	gettls	existing-unreviewed		0
globalDescriptorTable	globaldescriptorTabla	globaldescriptorTabla	existing-unreviewed		0
globalOffsetTable	globalDesplazamientoTabla	globalDesplazamientoTabla	existing-unreviewed		0
global_offset_table	globalDesplazamientoTabla_2	globalDesplazamientoTabla_2	existing-unreviewed		0
graphicsControllerDataPort	gráficoscontroladordatospuerto	gráficoscontroladordatospuerto	existing-unreviewed		0
graphicsControllerIndexPort	gráficoscontroladorÍndicepuerto	gráficoscontroladorÍndicepuerto	existing-unreviewed		0
grub_multiboot_memory_map_t	grubmultibootmemoriamapat	grubmultibootmemoriamapat	existing-unreviewed		0
gs	gs	gs	existing-unreviewed		0
gs_segment	gssegment	gssegment	existing-unreviewed		0
h	h	h	existing-unreviewed		0
haltAfterFatalException	haltDespuésfatalexception	haltDespuésfatalexception	existing-unreviewed		0
handleInterrupt	manijainterrupción	manijainterrupción	existing-unreviewed		0
handleKeyboardInterrupt	manijatecladointerrupción	manijatecladointerrupción	existing-unreviewed		0
handleMouseInterrupt	manijaratóninterrupción	manijaratóninterrupción	existing-unreviewed		0
handlePagingInterrupt	manijapaginacióninterrupción	manijapaginacióninterrupción	existing-unreviewed		0
handleUnhandledSyscall	manijaunhandledsyscall	manijaunhandledsyscall	existing-unreviewed		0
handler	handler	handler	existing-unreviewed		0
handlerAddressHighBits	handlerDirecciónAltabits	handlerDirecciónAltabits	existing-unreviewed		0
handlerAddressLowBits	handlerDirecciónBajabits	handlerDirecciónBajabits	existing-unreviewed		0
handlerRun	handlerEjecutar	handlerEjecutar	existing-unreviewed		0
handlers	handler_2	handler_2	existing-unreviewed		0
hardwareAddressSize	hardwareDirecciónTamaño	hardwareDirecciónTamaño	existing-unreviewed		0
hardwareInterruptOffset	hardwareinterrupciónDesplazamiento	hardwareinterrupciónDesplazamiento	existing-unreviewed		0
hardwareType	hardwaretipo	hardwaretipo	existing-unreviewed		0
hd	hd	hd	existing-unreviewed		0
head	head	head	existing-unreviewed		0
headCount	headRecuento	headRecuento	existing-unreviewed		0
headerLength	encabezadoDuración	encabezadoDuración	existing-unreviewed		0
headertype	headertype	headertype	existing-unreviewed		0
height	altura	altura	existing-unreviewed		0
hex	hexadecimal	hexadecimal	existing-unreviewed		0
hiddenSectors	ocultarsectors	ocultarsectors	existing-unreviewed		0
i	i	i	existing-unreviewed		0
iCount	iRecuento	iRecuento	existing-unreviewed		0
iDrivers	icontrolador	icontrolador	existing-unreviewed		0
iKeyboardEventHandler	itecladoeventohandler	itecladoeventohandler	existing-unreviewed		0
iMouseEventHandler	iratóneventohandler	iratóneventohandler	existing-unreviewed		0
iPCIControllerHandler	ipcicontroladorhandler	ipcicontroladorhandler	existing-unreviewed		0
iRawDataHandler	irawdatoshandler	irawdatoshandler	existing-unreviewed		0
iTimerEventHandler	itemporizadoreventohandler	itemporizadoreventohandler	existing-unreviewed		0
icmp	icmp	protocolo_de_mensajes_de_control_de_red_interconectada	project-proposal	icmp	12
icmpSize	icmpTamaño	icmpTamaño	existing-unreviewed		0
icmp콘솔	icmpconsola	icmpconsola	existing-unreviewed		0
id	id	id	existing-unreviewed		0
ident	ident	ident	existing-unreviewed		0
idtData	idtdatos	idtdatos	existing-unreviewed		0
idtPointer	idtPuntero	idtPuntero	existing-unreviewed		0
idx	idx	idx	existing-unreviewed		0
index	índice	índice	existing-unreviewed		0
initBlock	initBloque	initBloque	existing-unreviewed		0
initFileDescriptors	initarchivodescriptor	initarchivodescriptor	existing-unreviewed		0
initPIT	initpit	initpit	existing-unreviewed		0
initializeProcessFDs	initializeprocesofds	initializeprocesofds	existing-unreviewed		0
inode	nodoi	nodoi	existing-unreviewed		0
inputEventTask	entradaeventotarea	entradaeventotarea	existing-unreviewed		0
installIDT	instalaridt	instalaridt	existing-unreviewed		0
intNumber	enteroNúmero	enteroNúmero	existing-unreviewed		0
interface_id	interfazid	interfazid	existing-unreviewed		0
internetprotocolPayload	internetprotocolpayload	internetprotocolpayload	existing-unreviewed		0
interrupt	interrupción	interrupción	existing-unreviewed		0
interruptDebug	interrupciónDepurar	interrupciónDepurar	existing-unreviewed		0
interruptExitLoop	interrupciónSalirBucle	interrupciónSalirBucle	existing-unreviewed		0
interruptGateEntries	interrupciónpuertaentrada	interrupciónpuertaentrada	existing-unreviewed		0
interruptHandler	interrupciónhandler	interrupciónhandler	existing-unreviewed		0
interrupts	interrupts	interrupts	existing-unreviewed		0
iomap	iomap	iomap	existing-unreviewed		0
ip	ip	ip	existing-unreviewed		0
ipEtherFrameHandler	ipethernettramahandler	ipethernettramahandler	existing-unreviewed		0
ipHandler	iphandler	iphandler	existing-unreviewed		0
ipIdx	ipidx	ipidx	existing-unreviewed		0
ipProtocolUDP	ipprotocoludp	ipprotocoludp	existing-unreviewed		0
ipProvider	ipprovider	proveedor_del_protocolo_de_red_interconectada	project-proposal	ip_provider	5
ipSize	ipTamaño	ipTamaño	existing-unreviewed		0
ip_be	ipredoctetoorder	ipredoctetoorder	existing-unreviewed		0
ipmessage	internetprotocolMensaje	internetprotocolMensaje	existing-unreviewed		0
ipv4	ipv4	protocolo_de_red_interconectada_4	project-proposal	ipv4	1
ip콘솔	ipconsola	ipconsola	existing-unreviewed		0
isKernel	isnúcleo	isnúcleo	existing-unreviewed		0
isRoot	isRaíz	isRaíz	existing-unreviewed		0
isRootPath	isRaízRUTA	isRaízRUTA	existing-unreviewed		0
isSharedPDE	issharedpde	issharedpde	existing-unreviewed		0
istOffset	istDesplazamiento	istDesplazamiento	existing-unreviewed		0
j	j	j	existing-unreviewed		0
jmp	jmp	jmp	existing-unreviewed		0
jmp_user	jmpusuario	jmpusuario	existing-unreviewed		0
jump_usermode_iret	jumpMododeusuarioiret	jumpMododeusuarioiret	existing-unreviewed		0
kPageDirEntry	kpáginadirectorioentrada	kpáginadirectorioentrada	existing-unreviewed		0
kernelESP	núcleoesp	núcleoesp	existing-unreviewed		0
kernelPageDirEntry	núcleopáginadirectorioentrada	núcleopáginadirectorioentrada	existing-unreviewed		0
kernelSS	núcleoss	núcleoss	existing-unreviewed		0
key	clave	clave	existing-unreviewed		0
keyboard	teclado	teclado	existing-unreviewed		0
keyboardDriver	tecladocontrolador	tecladocontrolador	existing-unreviewed		0
keyboardEventHandler	tecladoeventohandler	tecladoeventohandler	existing-unreviewed		0
keyboardQueue	tecladocola	tecladocola	existing-unreviewed		0
keyboardQueueRead	tecladocolaleer	tecladocolaleer	existing-unreviewed		0
keyboardQueueSize	tecladocolaTamaño	tecladocolaTamaño	existing-unreviewed		0
keyboardQueueWrite	tecladocolaescribir	tecladocolaescribir	existing-unreviewed		0
kind	tipo	tipo	existing-unreviewed		0
l	l	l	existing-unreviewed		0
last	última	última	existing-unreviewed		0
lbaHiPort	lbahipuerto	lbahipuerto	existing-unreviewed		0
lbaLowPort	lbaBajapuerto	lbaBajapuerto	existing-unreviewed		0
lbaMidPort	lbamidpuerto	lbamidpuerto	existing-unreviewed		0
ldt	ldt	ldt	existing-unreviewed		0
leftShift	izquierdaMayús	izquierdaMayús	existing-unreviewed		0
len	len	len	existing-unreviewed		0
len_ver	lenver	lenver	existing-unreviewed		0
length	duración	duración	existing-unreviewed		0
lengthAddress	duraciónDirección	duraciónDirección	existing-unreviewed		0
lengthInBytes	duraciónEntradabytes	duraciónEntradabytes	existing-unreviewed		0
length_high	duraciónAlta	duraciónAlta	existing-unreviewed		0
length_low	duraciónBaja	duraciónBaja	existing-unreviewed		0
lengths	lengths	lengths	existing-unreviewed		0
lib1Addr	lib1Dirección	lib1Dirección	existing-unreviewed		0
lib1Data	lib1datos	lib1datos	existing-unreviewed		0
lib1File	lib1archivo	lib1archivo	existing-unreviewed		0
lib1GOT	lib1got	lib1got	existing-unreviewed		0
lib1elf	lib1elf	lib1elf	existing-unreviewed		0
lib2Addr	lib2Dirección	lib2Dirección	existing-unreviewed		0
lib2Data	lib2datos	lib2datos	existing-unreviewed		0
lib2File	lib2archivo	lib2archivo	existing-unreviewed		0
lib2GOT	lib2got	lib2got	existing-unreviewed		0
lib2elf	lib2elf	lib2elf	existing-unreviewed		0
libLinkMap	libenlacemapa	libenlacemapa	existing-unreviewed		0
lidtaddr	lidtaddr	lidtaddr	existing-unreviewed		0
limit	limitar	limitar	existing-unreviewed		0
limitHighAndFlags	limitarAltayBanderas	limitarAltayBanderas	existing-unreviewed		0
limitLow	limitarBaja	limitarBaja	existing-unreviewed		0
linkMap	enlacemapa	enlacemapa	existing-unreviewed		0
linkMapAddr	enlacemapaDirección	enlacemapaDirección	existing-unreviewed		0
linkerAddr	linkerDirección	linkerDirección	existing-unreviewed		0
linkerData	linkerdatos	linkerdatos	existing-unreviewed		0
linkerEntry	linkerentrada	linkerentrada	existing-unreviewed		0
linkerFile	linkerarchivo	linkerarchivo	existing-unreviewed		0
list	lista	lista	existing-unreviewed		0
listening	listening	listening	existing-unreviewed		0
loader	loader	loader	existing-unreviewed		0
local	local	local	existing-unreviewed		0
localDatagramSocket	localdatagramconectorRed	localdatagramconectorRed	existing-unreviewed		0
localIP	localip	localip	existing-unreviewed		0
localPort	localpuertoNúmero	localpuertoNúmero	existing-unreviewed		0
localSockets	localsockets	localsockets	existing-unreviewed		0
logicalAddress	lógicoDirección	lógicoDirección	existing-unreviewed		0
macAddr	macDirección	macDirección	existing-unreviewed		0
macIdx	macidx	macidx	existing-unreviewed		0
magicnumber	magicnumber	magicnumber	existing-unreviewed		0
main	main	main	compatibility		0
mainThread	principalhilo	principalhilo	existing-unreviewed		0
makePagePrivateWritableCurrent	makepáginaPrivadowritableActual	makepáginaPrivadowritableActual	existing-unreviewed		0
makeRangePrivateWritableCurrent	makeIntervaloPrivadowritableActual	makeIntervaloPrivadowritableActual	existing-unreviewed		0
manager	gestor	gestor	existing-unreviewed		0
mask	máscara	máscara	existing-unreviewed		0
master	maestro	maestro	existing-unreviewed		0
matches	matches	matches	existing-unreviewed		0
maxBARs	máxbars	máxbars	existing-unreviewed		0
maxDatagramSize	máxdatagramTamaño	máxdatagramTamaño	existing-unreviewed		0
maxExecStringLength	máxEjecutarCadenaDuración	máxEjecutarCadenaDuración	existing-unreviewed		0
maxExecVectorEntries	máxEjecutarvectorentrada	máxEjecutarvectorentrada	existing-unreviewed		0
maxFD	máxDescriptor	máxDescriptor	existing-unreviewed		0
maxOpenFiles	máxabrirARCHIVOS	máxabrirARCHIVOS	existing-unreviewed		0
maxSocketPackets	máxconectorRedpaquetes	máxconectorRedpaquetes	existing-unreviewed		0
maxSockets	máxsockets	máxsockets	existing-unreviewed		0
maximumBlocks	máximoBloque	máximoBloque	existing-unreviewed		0
mediaType	soportetipo	soportetipo	existing-unreviewed		0
mem	mem	mem	existing-unreviewed		0
memoryArray	memoriamatriz	memoriamatriz	existing-unreviewed		0
memoryChunkSize	memoriachunkTamaño	memoriachunkTamaño	existing-unreviewed		0
memoryManager	memoriagestor	memoriagestor	existing-unreviewed		0
memoryOper	memoriaoper	memoriaoper	existing-unreviewed		0
memorySize	memoriaTamaño	memoriaTamaño	existing-unreviewed		0
memorymananger	memorymananger	memorymananger	existing-unreviewed		0
memorytest	memorytest	memorytest	existing-unreviewed		0
message	mensaje	mensaje	existing-unreviewed		0
micsPort	micspuerto	micspuerto	existing-unreviewed		0
minimum	mínimo	mínimo	existing-unreviewed		0
mode	modo	modo	existing-unreviewed		0
mouseDriver	ratóncontrolador	ratóncontrolador	existing-unreviewed		0
mouseEventHandler	ratóneventohandler	ratóneventohandler	existing-unreviewed		0
mouseVGA	ratónvga	ratónvga	existing-unreviewed		0
mouseWidget	ratóncomponente	ratóncomponente	existing-unreviewed		0
msdospart	msdospartición	msdospartición	existing-unreviewed		0
msg	msg	msg	existing-unreviewed		0
msgBuffer	msgbuffer	msgbuffer	existing-unreviewed		0
multiboot_memory_map	multibootmemoriamapa	multibootmemoriamapa	existing-unreviewed		0
multitasking	múltiplegestiónTareas	múltiplegestiónTareas	existing-unreviewed		0
myKeyboardEventHandler	mytecladoeventohandler	mytecladoeventohandler	existing-unreviewed		0
myPCIControllerHandler	mypcicontroladorhandler	mypcicontroladorhandler	existing-unreviewed		0
myfunction	myfunction	myfunction	existing-unreviewed		0
n	n	n	existing-unreviewed		0
n_descsz	ndescsz	ndescsz	existing-unreviewed		0
n_namesz	nnamesz	nnamesz	existing-unreviewed		0
n_type	ntipo	ntipo	existing-unreviewed		0
name	nombre	nombre	existing-unreviewed		0
nameLen	nombrelen	nombrelen	existing-unreviewed		0
netCard	redCartas	redCartas	existing-unreviewed		0
newButtons	nuevoBotón	nuevoBotón	existing-unreviewed		0
newFD	nuevoDescriptor	nuevoDescriptor	existing-unreviewed		0
newFrame	nuevotrama	nuevotrama	existing-unreviewed		0
newLink	nuevoenlace	nuevoenlace	existing-unreviewed		0
newNode	nuevoNodo	nuevoNodo	existing-unreviewed		0
newPtr	nuevoPuntero	nuevoPuntero	existing-unreviewed		0
next	siguiente	siguiente	existing-unreviewed		0
nextEphemeralPort	siguienteephemeralpuerto	siguienteephemeralpuerto	existing-unreviewed		0
nextFileCluster	siguientearchivocluster	siguientearchivocluster	existing-unreviewed		0
nextHopIP_BE	siguientehopipDirecciónredoctetoorder	siguientehopipDirecciónredoctetoorder	existing-unreviewed		0
nextNode	siguienteNodo	siguienteNodo	existing-unreviewed		0
nextProcessID	siguienteprocesoid	siguienteprocesoid	existing-unreviewed		0
nextThread	siguientehilo	siguientehilo	existing-unreviewed		0
nibble	nibble	nibble	existing-unreviewed		0
node	nodo	nodo_de_lista	project-proposal	list_node	16
nodeArray	nodomatriz	nodomatriz	existing-unreviewed		0
num	número	número	existing-unreviewed		0
numCacheEntries	númerocacheentrada	númerocacheentrada	existing-unreviewed		0
numDrivers	númerocontrolador	númerocontrolador	existing-unreviewed		0
numFunctions	númeroFunciones	númeroFunciones	existing-unreviewed		0
numRecvBuffers	númerorecvbuffer	númerorecvbuffer	existing-unreviewed		0
numSendBuffers	númeroEnviarbuffer	númeroEnviarbuffer	existing-unreviewed		0
numSockets	númerosockets	númerosockets	existing-unreviewed		0
numTasks	númeroTareas	númeroTareas	existing-unreviewed		0
oAppend	oappend	oappend	existing-unreviewed		0
oCreate	ocrear	ocrear	existing-unreviewed		0
oDirectory	odirectorio	odirectorio	existing-unreviewed		0
oReadOnly	oleersolo	oleersolo	existing-unreviewed		0
oReadWrite	oleerescribir	oleerescribir	existing-unreviewed		0
oTruncate	oTruncar	oTruncar	existing-unreviewed		0
oWriteOnly	oescribirsolo	oescribirsolo	existing-unreviewed		0
o_addr	oDirección	oDirección	existing-unreviewed		0
offset	desplazamiento	desplazamiento	existing-unreviewed		0
ok	aceptar	aceptar	existing-unreviewed		0
oldButtons	oldBotón	oldBotón	existing-unreviewed		0
oldCR3	oldcr3	oldcr3	existing-unreviewed		0
oldFD	oldDescriptor	oldDescriptor	existing-unreviewed		0
oldFrame	oldtrama	oldtrama	existing-unreviewed		0
oldGdt	oldgdt	oldgdt	existing-unreviewed		0
oldGdtAddr	oldgdtDirección	oldgdtDirección	existing-unreviewed		0
oldGdtLen	oldgdtlen	oldgdtlen	existing-unreviewed		0
openFileDescription	abrirarchivoDescripción	abrirarchivoDescripción	existing-unreviewed		0
openFileTable	abrirarchivoTabla	abrirarchivoTabla	existing-unreviewed		0
options	opciones	opciones	existing-unreviewed		0
orgValue	orgValor	orgValor	existing-unreviewed		0
p	p	p	existing-unreviewed		0
p1	p1	p1	existing-unreviewed		0
p2	p2	p2	existing-unreviewed		0
p_align	pAlinear	pAlinear	existing-unreviewed		0
p_backend	pbackend	pbackend	existing-unreviewed		0
p_data	pdatos	pdatos	existing-unreviewed		0
p_efHandler	pefhandler	pefhandler	existing-unreviewed		0
p_efProvider	pefprovider	pefprovider	existing-unreviewed		0
p_etherType	pethernettipo	pethernettipo	existing-unreviewed		0
p_filesz	pfilesz	pfilesz	existing-unreviewed		0
p_flags	pBanderas	pBanderas	existing-unreviewed		0
p_iHandler	pihandler	pihandler	existing-unreviewed		0
p_ipHandler	piphandler	piphandler	existing-unreviewed		0
p_ipProvider	pipprovider	pipprovider	existing-unreviewed		0
p_memsz	pmemsz	pmemsz	existing-unreviewed		0
p_offset	pDesplazamiento	pDesplazamiento	existing-unreviewed		0
p_paddr	ppaddr	ppaddr	existing-unreviewed		0
p_protocol	pprotocol	pprotocol	existing-unreviewed		0
p_provider	pprovider	pprovider	existing-unreviewed		0
p_str	pstr	pstr	existing-unreviewed		0
p_type	ptipo	ptipo	existing-unreviewed		0
p_udpHandler	pudphandler	pudphandler	existing-unreviewed		0
p_udpProvider	pudpprovider	pudpprovider	existing-unreviewed		0
p_vaddr	pvaddr	pvaddr	existing-unreviewed		0
packet	pAQUETE	pAQUETE	existing-unreviewed		0
packetStatus	pAQUETEEstado	pAQUETEEstado	existing-unreviewed		0
packets	paquetes	paquetes	existing-unreviewed		0
page	página	página	existing-unreviewed		0
pageDir	páginadirectorio	directorio_de_páginas	project-proposal	page_directory	27
pageDirEntry	páginadirectorioentrada	páginadirectorioentrada	existing-unreviewed		0
pageTableEntry	páginaTablaentrada	páginaTablaentrada	existing-unreviewed		0
paging	paginación	paginación	existing-unreviewed		0
param	param	param	existing-unreviewed		0
params	parámetros	parámetros	existing-unreviewed		0
parent	padre	padre	existing-unreviewed		0
parentPID	padrepid	padrepid	existing-unreviewed		0
parentProcess	padreproceso	padreproceso	existing-unreviewed		0
partEntry	partentrada	partentrada	existing-unreviewed		0
partition	partición	partición	existing-unreviewed		0
partitionBytes	particiónbytes	particiónbytes	existing-unreviewed		0
partitionOffset	particiónDesplazamiento	particiónDesplazamiento	existing-unreviewed		0
path	rUTA	rUTA	existing-unreviewed		0
pathAddr	rUTADirección	rUTADirección	existing-unreviewed		0
pci	pci	pci	existing-unreviewed		0
pciController	pcicontrolador	pcicontrolador	existing-unreviewed		0
pde	pde	pde	existing-unreviewed		0
pdeAddr	pdeDirección	pdeDirección	existing-unreviewed		0
pdelen	pdelen	pdelen	existing-unreviewed		0
peer	peer	peer	existing-unreviewed		0
pendingButtons	pendienteBotón	pendienteBotón	existing-unreviewed		0
pendingMouseEvent	pendienteratónevento	pendienteratónevento	existing-unreviewed		0
pendingX	pendientex	pendientex	existing-unreviewed		0
pendingY	pendientey	pendientey	existing-unreviewed		0
phyaddr	phyaddr	phyaddr	existing-unreviewed		0
phymem	físicomemoria	físicomemoria	existing-unreviewed		0
physicalAddress	físicoDirección	físicoDirección	existing-unreviewed		0
pid	pid	pid	existing-unreviewed		0
pitFrequency	pitFrecuencia	pitFrecuencia	existing-unreviewed		0
pixelAddress	pixelDirección	pixelDirección	existing-unreviewed		0
pointer	puntero	referencia_de_memoria	project-proposal	pointer	39
pollKeyboardScancode	polltecladoscancode	polltecladoscancode	existing-unreviewed		0
port	puerto	puerto	existing-unreviewed		0
portBase	puertobase	puertobase	existing-unreviewed		0
portInUse	puertoEntradaUsar	puertoEntradaUsar	existing-unreviewed		0
portnumber	portnumber	portnumber	existing-unreviewed		0
pos	posición	posición	existing-unreviewed		0
position	posición_2	posición_2	existing-unreviewed		0
posixStat	posixstat	posixstat	existing-unreviewed		0
posixUtsname	posixutsname	posixutsname	existing-unreviewed		0
prefetchable	prefetchcapable	prefetchcapable	existing-unreviewed		0
prev	previous	previous	existing-unreviewed		0
prevNode	previousNodo	previousNodo	existing-unreviewed		0
prevX	previousx	previousx	existing-unreviewed		0
prevY	previousy	previousy	existing-unreviewed		0
printESP	imprimiresp	imprimiresp	existing-unreviewed		0
printExceptionSelectorInfo	imprimirexceptionselectorInformación	imprimirexceptionselectorInformación	existing-unreviewed		0
printPageFaultInfo	imprimirpáginafalloInformación	imprimirpáginafalloInformación	existing-unreviewed		0
printreg	printreg	printreg	existing-unreviewed		0
proc2	proc2	proc2	existing-unreviewed		0
proc3	proc3	proc3	existing-unreviewed		0
proc4	proc4	proc4	existing-unreviewed		0
process	proceso	proceso	existing-unreviewed		0
processEntry	procesoentrada	procesoentrada	existing-unreviewed		0
processHelper	procesohelper	procesohelper	existing-unreviewed		0
processTable	procesoTabla	procesoTabla	existing-unreviewed		0
processes	procesos	procesos	existing-unreviewed		0
programBreak	programabreak	programabreak	existing-unreviewed		0
protocol	protocol	protocol	existing-unreviewed		0
protocolAddressSize	protocolDirecciónTamaño	protocolDirecciónTamaño	existing-unreviewed		0
providedLength	providedDuración	providedDuración	existing-unreviewed		0
provider	provider	provider	existing-unreviewed		0
ps2WaitLimit	ps2EsperarLimitar	ps2EsperarLimitar	existing-unreviewed		0
pt	pt	pt	existing-unreviewed		0
pte	pte	pte	existing-unreviewed		0
pteAddr	pteDirección	pteDirección	existing-unreviewed		0
ptr	puntero_2	referencia_de_memoria_2	project-proposal	pointer	12
pushExecUint32	pushEjecutarunsignedinteger32	pushEjecutarunsignedinteger32	existing-unreviewed		0
queueKeyboardByte	colatecladoocteto	colatecladoocteto	existing-unreviewed		0
r	r	r	existing-unreviewed		0
r_addend	raddend	raddend	existing-unreviewed		0
r_info	rInformación	rInformación	existing-unreviewed		0
r_offset	rDesplazamiento	rDesplazamiento	existing-unreviewed		0
raw	raw	raw	existing-unreviewed		0
rawDataBackend	rawdatosbackend	rawdatosbackend	existing-unreviewed		0
readFile	leerarchivo	leerarchivo	existing-unreviewed		0
readPS2Data	leerps2datos	leerps2datos	existing-unreviewed		0
readStdin	leerstdin	leerstdin	existing-unreviewed		0
readVFSFile	leervfsarchivo	leervfsarchivo	existing-unreviewed		0
read_count	leerRecuento	leerRecuento	existing-unreviewed		0
receiver	receiver	receiver	existing-unreviewed		0
recvBufferDescr	recvbufferDescripción	recvbufferDescripción	existing-unreviewed		0
recvBufferDescrAddress	recvbufferDescripciónDirección	recvbufferDescripciónDirección	existing-unreviewed		0
recvBuffers	recvbuffer	recvbuffer	existing-unreviewed		0
recvBuffersDescrMemory	recvbufferDescripciónmemoria	recvbufferDescripciónmemoria	existing-unreviewed		0
refBytes	referencebytes	referencebytes	existing-unreviewed		0
refPtr	referencePuntero	referencePuntero	existing-unreviewed		0
refs	refs	refs	existing-unreviewed		0
regIndex	regÍndice	regÍndice	existing-unreviewed		0
registerAddressPort	registroDirecciónpuerto	registroDirecciónpuerto	existing-unreviewed		0
registerDataPort	registrodatospuerto	registrodatospuerto	existing-unreviewed		0
registeroffset	registeroffset	registeroffset	existing-unreviewed		0
registers	registro	registro	existing-unreviewed		0
regtype	regtype	regtype	existing-unreviewed		0
rel_text	reltexto	reltexto	existing-unreviewed		0
rel_text_len	reltextolen	reltextolen	existing-unreviewed		0
releaseOpenFile	releaseabrirarchivo	releaseabrirarchivo	existing-unreviewed		0
released	released	released	existing-unreviewed		0
reloadCR3	recargarcr3	recargarcr3	existing-unreviewed		0
relocation_text	relocationtexto	relocationtexto	existing-unreviewed		0
remaining	remaining	remaining	existing-unreviewed		0
remote	remoto	remoto	existing-unreviewed		0
remoteIP	remotoip	remotoip	existing-unreviewed		0
remotePort	remotopuertoNúmero	remotopuertoNúmero	existing-unreviewed		0
requested	requested	requested	existing-unreviewed		0
reserved	reservado	reservado	existing-unreviewed		0
reserved0	reservado0	reservado0	existing-unreviewed		0
reservedSectors	reservadosectors	reservadosectors	existing-unreviewed		0
resetPort	reiniciarpuerto	reiniciarpuerto	existing-unreviewed		0
restoreFpRegs	restaurarfpregs	restaurarfpregs	existing-unreviewed		0
result	rESULTADO	rESULTADO	existing-unreviewed		0
result1	rESULTADO1	rESULTADO1	existing-unreviewed		0
result2	rESULTADO2	rESULTADO2	existing-unreviewed		0
ret	ret	ret	existing-unreviewed		0
revision	revision	revision	existing-unreviewed		0
rightShift	derechaMayús	derechaMayús	existing-unreviewed		0
rootCluster	raízcluster	raízcluster	existing-unreviewed		0
rootDirEntries	raízdirectorioentrada	raízdirectorioentrada	existing-unreviewed		0
rootStart	raízIniciar	raízIniciar	existing-unreviewed		0
rt	rt	rt	existing-unreviewed		0
s	s	s	existing-unreviewed		0
sIfchr	sifchr	sifchr	existing-unreviewed		0
sIfdir	sifdir	sifdir	existing-unreviewed		0
sIfmt	sifmt	sifmt	existing-unreviewed		0
sIfreg	sifreg	sifreg	existing-unreviewed		0
sIfsock	sifsock	sifsock	existing-unreviewed		0
savedESP	guardadoesp	guardadoesp	existing-unreviewed		0
sc	sc	sc	existing-unreviewed		0
scanCode	inspeccionarcode	inspeccionarcode	existing-unreviewed		0
scanCodeToByte	inspeccionarcodetoocteto	inspeccionarcodetoocteto	existing-unreviewed		0
scancodeToByte	scancodetoocteto	scancodetoocteto	existing-unreviewed		0
sche	sche	sche	existing-unreviewed		0
sche_data	schedatos	schedatos	existing-unreviewed		0
scheduleStack	schedulestack	schedulestack	existing-unreviewed		0
scheduler	planificador	planificador	existing-unreviewed		0
schedulerDebug	planificadorDepurar	planificadorDepurar	existing-unreviewed		0
sectHeader	sectencabezado	sectencabezado	existing-unreviewed		0
sectHeaderSize	sectencabezadoTamaño	sectencabezadoTamaño	existing-unreviewed		0
sectName	sectNombre	sectNombre	existing-unreviewed		0
sectValue	sectValor	sectValor	existing-unreviewed		0
sector	sector	sector	existing-unreviewed		0
sectorCountPort	sectorRecuentopuerto	sectorRecuentopuerto	existing-unreviewed		0
sectorNum	sectorNúmero	sectorNúmero	existing-unreviewed		0
sectorOffset	sectorDesplazamiento	sectorDesplazamiento	existing-unreviewed		0
sectorPerTrack	sectorpertrack	sectorpertrack	existing-unreviewed		0
sectorsPerCluster	sectorspercluster	sectorspercluster	existing-unreviewed		0
seekCur	seekActual	seekActual	existing-unreviewed		0
seekEnd	seekFin	seekFin	existing-unreviewed		0
seekSet	seekestablecer	seekestablecer	existing-unreviewed		0
segmentNumber	segmentNúmero	segmentNúmero	existing-unreviewed		0
self	propio	propio	existing-unreviewed		0
self_uintptr	propiouintptr	propiouintptr	existing-unreviewed		0
sendBack	reply	reply	existing-unreviewed		0
sendBufferDescr	enviarbufferDescripción	enviarbufferDescripción	existing-unreviewed		0
sendBufferDescrAddress	enviarbufferDescripciónDirección	enviarbufferDescripciónDirección	existing-unreviewed		0
sendBuffers	enviarbuffer	enviarbuffer	existing-unreviewed		0
sendBuffersDescrMemory	enviarbufferDescripciónmemoria	enviarbufferDescripciónmemoria	existing-unreviewed		0
sendDataPointer	enviardatosPuntero	enviardatosPuntero	existing-unreviewed		0
sendDescriptor	enviardescriptor	enviardescriptor	existing-unreviewed		0
sendMouseCommand	enviarratónOrden	enviarratónOrden	existing-unreviewed		0
sequencerDataPort	sequencerdatospuerto	sequencerdatospuerto	existing-unreviewed		0
sequencerIndexPort	sequencerÍndicepuerto	sequencerÍndicepuerto	existing-unreviewed		0
serialLogByte	serieRegistroocteto	serieRegistroocteto	existing-unreviewed		0
serialReady	seriePreparado	seriePreparado	existing-unreviewed		0
setCR3	establecercr3	establecercr3	existing-unreviewed		0
setDS	establecerds	establecerds	existing-unreviewed		0
setGS	establecergs	establecergs	existing-unreviewed		0
setThreadExitLoopState	establecerhiloSalirBucleEstado	establecerhiloSalirBucleEstado	existing-unreviewed		0
setupExecStack	setupEjecutarstack	setupEjecutarstack	existing-unreviewed		0
sh	sh	sh	existing-unreviewed		0
sh_addr	shDirección	shDirección	existing-unreviewed		0
sh_addralign	shaddralign	shaddralign	existing-unreviewed		0
sh_entsize	shentsize	shentsize	existing-unreviewed		0
sh_flags	shBanderas	shBanderas	existing-unreviewed		0
sh_info	shInformación	shInformación	existing-unreviewed		0
sh_link	shenlace	shenlace	existing-unreviewed		0
sh_name	shNombre	shNombre	existing-unreviewed		0
sh_offset	shDesplazamiento	shDesplazamiento	existing-unreviewed		0
sh_size	shTamaño	shTamaño	existing-unreviewed		0
sh_type	shtipo	shtipo	existing-unreviewed		0
shift	mayús	mayús	existing-unreviewed		0
signature	signature	signature	existing-unreviewed		0
size	tamaño	tamaño	existing-unreviewed		0
sl	sl	sl	existing-unreviewed		0
sockDatagram	sockdatagram	sockdatagram	existing-unreviewed		0
socket	conectorRed	conectorRed	existing-unreviewed		0
socketAddress	conectorRedDirección	conectorRedDirección	existing-unreviewed		0
socketAddressIPv4	conectorRedDireccióniVp4	conectorRedDireccióniVp4	existing-unreviewed		0
socketBind	conectorRedVíncula	conectorRedVíncula	existing-unreviewed		0
socketCallArgument	conectorRedllamadaargument	conectorRedllamadaargument	existing-unreviewed		0
socketConnect	conectorRedConectar	conectorRedConectar	existing-unreviewed		0
socketForFD	conectorRedforDescriptor	conectorRedforDescriptor	existing-unreviewed		0
socketIndex	conectorRedÍndice	conectorRedÍndice	existing-unreviewed		0
socketPacket	conectorRedPAQUETE	conectorRedPAQUETE	existing-unreviewed		0
socketReceiveFrom	conectorRedreceivedesde	conectorRedreceivedesde	existing-unreviewed		0
socketSendTo	conectorRedEnviarto	conectorRedEnviarto	existing-unreviewed		0
socketType	conectorRedtipo	conectorRedtipo	existing-unreviewed		0
sockets	sockets	sockets	existing-unreviewed		0
softName	softNombre	softNombre	existing-unreviewed		0
source	origen	origen	existing-unreviewed		0
sourceAddress	origenDirección	origenDirección	existing-unreviewed		0
sourceLengthAddress	origenDuraciónDirección	origenDuraciónDirección	existing-unreviewed		0
src	origen_2	origen_2	existing-unreviewed		0
srcEntry	origenentrada	origenentrada	existing-unreviewed		0
srcIP	origenipDirección	origenipDirección	existing-unreviewed		0
srcIP_BE	origenipDirecciónredoctetoorder	origenipDirecciónredoctetoorder	existing-unreviewed		0
srcMAC	origenmacDirección	origenmacDirección	existing-unreviewed		0
srcMAC_BE	origenmacbe	origenmacbe	existing-unreviewed		0
srcPageDir	origenpáginadirectorio	origenpáginadirectorio	existing-unreviewed		0
srcPde	origenpde	origenpde	existing-unreviewed		0
srcPdeAddr	origenpdeDirección	origenpdeDirección	existing-unreviewed		0
srcPort	origenpuertoNúmero	número_del_puerto_de_origen	project-proposal	source_port	9
srcPt	origenpt	origenpt	existing-unreviewed		0
srcptr	srcptr	srcptr	existing-unreviewed		0
ss	ss	ss	existing-unreviewed		0
ss0	ss0	ss0	existing-unreviewed		0
ss1	ss1	ss1	existing-unreviewed		0
ss2	ss2	ss2	existing-unreviewed		0
st	st	st	existing-unreviewed		0
st_info	stInformación	stInformación	existing-unreviewed		0
st_name	stNombre	stNombre	existing-unreviewed		0
st_other	stOtro	stOtro	existing-unreviewed		0
st_shndx	stshndx	stshndx	existing-unreviewed		0
st_size	stTamaño	stTamaño	existing-unreviewed		0
st_value	stValor	stValor	existing-unreviewed		0
stack	stack	memoria_de_pila	project-proposal	stack	18
stackBytes	stackbytes	stackbytes	existing-unreviewed		0
stackPtr	stackPuntero	stackPuntero	existing-unreviewed		0
stack_addr	stackDirección	stackDirección	existing-unreviewed		0
stackbottom	stackbottom	stackbottom	existing-unreviewed		0
stacktop	stacktop	stacktop	existing-unreviewed		0
start	iniciar	iniciar	existing-unreviewed		0
startOffset	iniciarDesplazamiento	iniciarDesplazamiento	existing-unreviewed		0
start_cylinder	iniciarcylinder	iniciarcylinder	existing-unreviewed		0
start_head	iniciarhead	iniciarhead	existing-unreviewed		0
start_sector	iniciarsector	iniciarsector	existing-unreviewed		0
startingBit	startingbit	startingbit	existing-unreviewed		0
stat	stat	stat	existing-unreviewed		0
statAddr	statDirección	statDirección	existing-unreviewed		0
status	estado	estado	existing-unreviewed		0
statusAddr	estadoDirección	estadoDirección	existing-unreviewed		0
stderrFD	stderrDescriptor	stderrDescriptor	existing-unreviewed		0
stdinBuffer	stdinbuffer	stdinbuffer	existing-unreviewed		0
stdinFD	stdinDescriptor	stdinDescriptor	existing-unreviewed		0
stdinGetBlocking	stdingetblocking	stdingetblocking	existing-unreviewed		0
stdinRead	stdinleer	stdinleer	existing-unreviewed		0
stdinWrite	stdinescribir	stdinescribir	existing-unreviewed		0
stdoutFD	stdoutDescriptor	stdoutDescriptor	existing-unreviewed		0
stoppedThread	paradohilo	paradohilo	existing-unreviewed		0
str	str	str	existing-unreviewed		0
stringAddress	cadenaDirección	cadenaDirección	existing-unreviewed		0
stringHeader	cadenaencabezado	cadenaencabezado	existing-unreviewed		0
strtab	strtab	strtab	existing-unreviewed		0
subclass_id	subclassid	subclassid	existing-unreviewed		0
subnetMask	subnetMáscara	subnetMáscara	existing-unreviewed		0
swapUint16	intercambiounsignedinteger16	intercambiounsignedinteger16	existing-unreviewed		0
switchForced	switchforced	switchforced	existing-unreviewed		0
sysAccess	sysacceso	sysacceso	existing-unreviewed		0
sysBrk	sysbrk	sysbrk	existing-unreviewed		0
sysCall	sysllamada	sysllamada	existing-unreviewed		0
sysChdir	syschdir	syschdir	existing-unreviewed		0
sysClose	syscerrar	syscerrar	existing-unreviewed		0
sysDup	sysdup	sysdup	existing-unreviewed		0
sysDup2	sysdup2	sysdup2	existing-unreviewed		0
sysExecve	sysexecve	sysexecve	existing-unreviewed		0
sysExit	sysSalir	sysSalir	existing-unreviewed		0
sysFcntl	sysfcntl	sysfcntl	existing-unreviewed		0
sysFork	sysfork	sysfork	existing-unreviewed		0
sysFstat	sysfstat	sysfstat	existing-unreviewed		0
sysFsync	sysfsync	sysfsync	existing-unreviewed		0
sysGetcwd	sysgetcwd	sysgetcwd	existing-unreviewed		0
sysLseek	syslseek	syslseek	existing-unreviewed		0
sysOpen	sysabrir	sysabrir	existing-unreviewed		0
sysRead	sysleer	sysleer	existing-unreviewed		0
sysSocketCall	sysconectorRedllamada	sysconectorRedllamada	existing-unreviewed		0
sysStat	sysstat	sysstat	existing-unreviewed		0
sysUname	sysuname	sysuname	existing-unreviewed		0
sysWaitpid	syswaitpid	syswaitpid	existing-unreviewed		0
sysWrite	sysescribir	sysescribir	existing-unreviewed		0
syscallError	syscallerror	syscallerror	existing-unreviewed		0
syscallID	syscallid	syscallid	existing-unreviewed		0
systemcall	sistemallamada	sistemallamada	existing-unreviewed		0
table	tabla	tabla	existing-unreviewed		0
tableSize	tablaTamaño	tablaTamaño	existing-unreviewed		0
tail	tail	tail	existing-unreviewed		0
task	tarea	tarea	existing-unreviewed		0
taskA	tareaa	tareaa	existing-unreviewed		0
taskB	tareab	tareab	existing-unreviewed		0
taskC	tareac	tareac	existing-unreviewed		0
taskD	taread	taread	existing-unreviewed		0
taskD0	taread0	taread0	existing-unreviewed		0
taskD1	taread1	taread1	existing-unreviewed		0
taskManager	tareagestor	tareagestor	existing-unreviewed		0
tasks	tareas	tareas	existing-unreviewed		0
temp	temporary	temporary	existing-unreviewed		0
terminated	terminated	terminated	existing-unreviewed		0
text	texto	texto	existing-unreviewed		0
textPtr	textoPuntero	textoPuntero	existing-unreviewed		0
text_len	textolen	textolen	existing-unreviewed		0
text_mode_check_fb_move	textomodocheckfbMover	textomodocheckfbMover	existing-unreviewed		0
text_mode_disable_cursor	textomodoDesactivarcursor	textomodoDesactivarcursor	existing-unreviewed		0
text_mode_enable_cursor	textomodoActivarcursor	textomodoActivarcursor	existing-unreviewed		0
text_mode_error_writer	textomodoerrorwriter	textomodoerrorwriter	existing-unreviewed		0
text_mode_flush_screen	textomodoflushPantalla	textomodoflushPantalla	existing-unreviewed		0
text_mode_init	textomodoinit	textomodoinit	existing-unreviewed		0
text_mode_print	textomodoImprimir	textomodoImprimir	existing-unreviewed		0
text_mode_print_bytes	textomodoImprimirbytes	textomodoImprimirbytes	existing-unreviewed		0
text_mode_print_char	textomodoImprimirchar	textomodoImprimirchar	existing-unreviewed		0
text_mode_print_char_col	textomodoImprimircharcol	textomodoImprimircharcol	existing-unreviewed		0
text_mode_print_col	textomodoImprimircol	textomodoImprimircol	existing-unreviewed		0
text_mode_print_error	textomodoImprimirerror	textomodoImprimirerror	existing-unreviewed		0
text_mode_print_error_bytes	textomodoImprimirerrorbytes	textomodoImprimirerrorbytes	existing-unreviewed		0
text_mode_print_errorln	textomodoImprimirerrorln	textomodoImprimirerrorln	existing-unreviewed		0
text_mode_print_hex	textomodoImprimirHexadecimal	textomodoImprimirHexadecimal	existing-unreviewed		0
text_mode_print_hex16	textomodoImprimirHexadecimal16	textomodoImprimirHexadecimal16	existing-unreviewed		0
text_mode_print_hex32	textomodoImprimirHexadecimal32	textomodoImprimirHexadecimal32	existing-unreviewed		0
text_mode_print_hex64	textomodoImprimirHexadecimal64	textomodoImprimirHexadecimal64	existing-unreviewed		0
text_mode_print_hex_char	textomodoImprimirHexadecimalchar	textomodoImprimirHexadecimalchar	existing-unreviewed		0
text_mode_println	textomodoprintln	textomodoprintln	existing-unreviewed		0
text_mode_println_col	textomodoprintlncol	textomodoprintlncol	existing-unreviewed		0
text_mode_update_cursor	textomodoActualizarcursor	textomodoActualizarcursor	existing-unreviewed		0
text_mode_writer	textomodowriter	textomodowriter	existing-unreviewed		0
thr2	thr2	thr2	existing-unreviewed		0
thr3	thr3	thr3	existing-unreviewed		0
thr4	thr4	thr4	existing-unreviewed		0
thread	hilo	hilo	existing-unreviewed		0
threadExitLoop	hiloSalirBucle	hiloSalirBucle	existing-unreviewed		0
threadHelper	hilohelper	hilohelper	existing-unreviewed		0
threadPtr	hiloPuntero	hiloPuntero	existing-unreviewed		0
tickCount	tickRecuento	tickRecuento	existing-unreviewed		0
timeDelta	horadelta	horadelta	existing-unreviewed		0
timeToLive	horatolive	horatolive	existing-unreviewed		0
timer	temporizador	temporizador	existing-unreviewed		0
tls	tls	tls	existing-unreviewed		0
tmp	tmp	tmp	existing-unreviewed		0
tmpPtr	tmpPuntero	tmpPuntero	existing-unreviewed		0
tos	tos	tos	existing-unreviewed		0
totalLength	totalDuración	totalDuración	existing-unreviewed		0
totalSectorCount	totalsectorRecuento	totalsectorRecuento	existing-unreviewed		0
totalSectors	totalsectors	totalsectors	existing-unreviewed		0
trap	trap	trap	existing-unreviewed		0
tss	tss	tss	existing-unreviewed		0
tssIndex	tssÍndice	tssÍndice	existing-unreviewed		0
udp	udp	protocolo_de_datagramas_de_usuario	project-proposal	udp	1
udpHandler	udphandler	udphandler	existing-unreviewed		0
udpHeaderSize	udpencabezadoTamaño	udpencabezadoTamaño	existing-unreviewed		0
udpProvider	udpprovider	udpprovider	existing-unreviewed		0
udp콘솔	udpconsola	udpconsola	existing-unreviewed		0
unused	sinusar	sinusar	existing-unreviewed		0
used	enuso	enuso	existing-unreviewed		0
usedBlocks	enusoBloque	enusoBloque	existing-unreviewed		0
user1addr	usuario1Dirección	usuario1Dirección	existing-unreviewed		0
user1data	usuario1datos	usuario1datos	existing-unreviewed		0
user1entry	usuario1entrada	usuario1entrada	existing-unreviewed		0
user1file	usuario1archivo	usuario1archivo	existing-unreviewed		0
user2addr	usuario2Dirección	usuario2Dirección	existing-unreviewed		0
user2data	usuario2datos	usuario2datos	existing-unreviewed		0
user2entry	usuario2entrada	usuario2entrada	existing-unreviewed		0
user2file	usuario2archivo	usuario2archivo	existing-unreviewed		0
user3addr	usuario3Dirección	usuario3Dirección	existing-unreviewed		0
user3data	usuario3datos	usuario3datos	existing-unreviewed		0
user3entry	usuario3entrada	usuario3entrada	existing-unreviewed		0
user3file	usuario3archivo	usuario3archivo	existing-unreviewed		0
userHeapBase	usuarioheapbase	usuarioheapbase	existing-unreviewed		0
userHeapLimit	usuarioheapLimitar	usuarioheapLimitar	existing-unreviewed		0
user_esp	usuarioesp	usuarioesp	existing-unreviewed		0
userhandler	userhandler	userhandler	existing-unreviewed		0
userproc_entry	userprocentrada	userprocentrada	existing-unreviewed		0
util	utilidad	utilidad	existing-unreviewed		0
util콘솔	utilidadconsola	utilidadconsola	existing-unreviewed		0
v	v	v	existing-unreviewed		0
vAddr	vDirección	vDirección	existing-unreviewed		0
value	valor	valor	existing-unreviewed		0
values	valores	valores	existing-unreviewed		0
version	versión	versión	existing-unreviewed		0
vga	vga	vga	existing-unreviewed		0
virtlen	virtlen	virtlen	existing-unreviewed		0
virtmem	virtualmemoria	virtualmemoria	existing-unreviewed		0
virtualAddr	virtualDirección	virtualDirección	existing-unreviewed		0
volumeId	volumenid	volumenid	existing-unreviewed		0
volumeLabel	volumenetiqueta	volumenetiqueta	existing-unreviewed		0
w	w	w	existing-unreviewed		0
wDate	wFecha	wFecha	existing-unreviewed		0
wTime	wHora	wHora	existing-unreviewed		0
waitPS2InputEmpty	esperarps2EntradaVacío	esperarps2EntradaVacío	existing-unreviewed		0
waitPS2OutputFull	esperarps2SalidaCompleto	esperarps2SalidaCompleto	existing-unreviewed		0
wdata	wdata	wdata	existing-unreviewed		0
whence	whence	whence	existing-unreviewed		0
widget	componente	elemento_de_pantalla	project-proposal	widget	6
width	ancho	ancho	existing-unreviewed		0
writePS2Command	escribirps2Orden	escribirps2Orden	existing-unreviewed		0
writePS2Data	escribirps2datos	escribirps2datos	existing-unreviewed		0
write_count	escribirRecuento	escribirRecuento	existing-unreviewed		0
x	x	x	existing-unreviewed		0
xPageDir	xpáginadirectorio	xpáginadirectorio	existing-unreviewed		0
xPos	xPosición	xPosición	existing-unreviewed		0
y	y	y	existing-unreviewed		0
yPageDir	ypáginadirectorio	ypáginadirectorio	existing-unreviewed		0
yPos	yPosición	yPosición	existing-unreviewed		0
값	valor_2	valor_2	existing-unreviewed		0
공용서술자테이블	shareddescriptorTabla	shareddescriptorTabla	existing-unreviewed		0
기준	base_2	base_2	existing-unreviewed		0
기준_낮은	baseBaja_2	baseBaja_2	existing-unreviewed		0
기준_높은	baseAlta_2	baseAlta_2	existing-unreviewed		0
기준_매우높은	baseveryAlta	baseveryAlta	existing-unreviewed		0
기준주소	baseDirección	baseDirección	existing-unreviewed		0
넷카드콘솔	redCartasconsola	redCartasconsola	existing-unreviewed		0
단말기	terminal	terminal	existing-unreviewed		0
마우스콘솔	ratónconsola	ratónconsola	existing-unreviewed		0
매개값	argumentValor	argumentValor	existing-unreviewed		0
멈추기	halt	halt	existing-unreviewed		0
목적	destino_3	destino_3	existing-unreviewed		0
유형	tipo_2	tipo_2	existing-unreviewed		0
이더넷콘솔	ethernetconsola	ethernetconsola	existing-unreviewed		0
인터럽트무시하기	interrupciónignore	interrupciónignore	existing-unreviewed		0
인터럽트예외처리기	interrupciónexceptionhandler	interrupciónexceptionhandler	existing-unreviewed		0
인터럽트예외처리기0x00	interrupciónexceptionhandler0x00	interrupciónexceptionhandler0x00	existing-unreviewed		0
인터럽트예외처리기0x01	interrupciónexceptionhandler0x01	interrupciónexceptionhandler0x01	existing-unreviewed		0
인터럽트예외처리기0x02	interrupciónexceptionhandler0x02	interrupciónexceptionhandler0x02	existing-unreviewed		0
인터럽트예외처리기0x03	interrupciónexceptionhandler0x03	interrupciónexceptionhandler0x03	existing-unreviewed		0
인터럽트예외처리기0x04	interrupciónexceptionhandler0x04	interrupciónexceptionhandler0x04	existing-unreviewed		0
인터럽트예외처리기0x05	interrupciónexceptionhandler0x05	interrupciónexceptionhandler0x05	existing-unreviewed		0
인터럽트예외처리기0x06	interrupciónexceptionhandler0x06	interrupciónexceptionhandler0x06	existing-unreviewed		0
인터럽트예외처리기0x07	interrupciónexceptionhandler0x07	interrupciónexceptionhandler0x07	existing-unreviewed		0
인터럽트예외처리기0x08	interrupciónexceptionhandler0x08	interrupciónexceptionhandler0x08	existing-unreviewed		0
인터럽트예외처리기0x09	interrupciónexceptionhandler0x09	interrupciónexceptionhandler0x09	existing-unreviewed		0
인터럽트예외처리기0x0A	interrupciónexceptionhandler0x0a	interrupciónexceptionhandler0x0a	existing-unreviewed		0
인터럽트예외처리기0x0B	interrupciónexceptionhandler0x0b	interrupciónexceptionhandler0x0b	existing-unreviewed		0
인터럽트예외처리기0x0C	interrupciónexceptionhandler0x0c	interrupciónexceptionhandler0x0c	existing-unreviewed		0
인터럽트예외처리기0x0D	interrupciónexceptionhandler0x0d	interrupciónexceptionhandler0x0d	existing-unreviewed		0
인터럽트예외처리기0x0E	interrupciónexceptionhandler0x0e	interrupciónexceptionhandler0x0e	existing-unreviewed		0
인터럽트예외처리기0x0F	interrupciónexceptionhandler0x0f	interrupciónexceptionhandler0x0f	existing-unreviewed		0
인터럽트예외처리기0x10	interrupciónexceptionhandler0x10	interrupciónexceptionhandler0x10	existing-unreviewed		0
인터럽트예외처리기0x11	interrupciónexceptionhandler0x11	interrupciónexceptionhandler0x11	existing-unreviewed		0
인터럽트예외처리기0x12	interrupciónexceptionhandler0x12	interrupciónexceptionhandler0x12	existing-unreviewed		0
인터럽트예외처리기0x13	interrupciónexceptionhandler0x13	interrupciónexceptionhandler0x13	existing-unreviewed		0
인터럽트요청처리0x00	interrupciónrequesthandler0x00	interrupciónrequesthandler0x00	existing-unreviewed		0
인터럽트요청처리0x01	interrupciónrequesthandler0x01	interrupciónrequesthandler0x01	existing-unreviewed		0
인터럽트요청처리0x02	interrupciónrequesthandler0x02	interrupciónrequesthandler0x02	existing-unreviewed		0
인터럽트요청처리0x03	interrupciónrequesthandler0x03	interrupciónrequesthandler0x03	existing-unreviewed		0
인터럽트요청처리0x04	interrupciónrequesthandler0x04	interrupciónrequesthandler0x04	existing-unreviewed		0
인터럽트요청처리0x05	interrupciónrequesthandler0x05	interrupciónrequesthandler0x05	existing-unreviewed		0
인터럽트요청처리0x06	interrupciónrequesthandler0x06	interrupciónrequesthandler0x06	existing-unreviewed		0
인터럽트요청처리0x07	interrupciónrequesthandler0x07	interrupciónrequesthandler0x07	existing-unreviewed		0
인터럽트요청처리0x08	interrupciónrequesthandler0x08	interrupciónrequesthandler0x08	existing-unreviewed		0
인터럽트요청처리0x09	interrupciónrequesthandler0x09	interrupciónrequesthandler0x09	existing-unreviewed		0
인터럽트요청처리0x0A	interrupciónrequesthandler0x0a	interrupciónrequesthandler0x0a	existing-unreviewed		0
인터럽트요청처리0x0B	interrupciónrequesthandler0x0b	interrupciónrequesthandler0x0b	existing-unreviewed		0
인터럽트요청처리0x0C	interrupciónrequesthandler0x0c	interrupciónrequesthandler0x0c	existing-unreviewed		0
인터럽트요청처리0x0D	interrupciónrequesthandler0x0d	interrupciónrequesthandler0x0d	existing-unreviewed		0
인터럽트요청처리0x0E	interrupciónrequesthandler0x0e	interrupciónrequesthandler0x0e	existing-unreviewed		0
인터럽트요청처리0x0F	interrupciónrequesthandler0x0f	interrupciónrequesthandler0x0f	existing-unreviewed		0
인터럽트요청처리0x80	interrupciónrequesthandler0x80	interrupciónrequesthandler0x80	existing-unreviewed		0
인터럽트요청처리0x81	interrupciónrequesthandler0x81	interrupciónrequesthandler0x81	existing-unreviewed		0
인터럽트요청처리0x82	interrupciónrequesthandler0x82	interrupciónrequesthandler0x82	existing-unreviewed		0
인터럽트처리기	interrupciónhandler_2	interrupciónhandler_2	existing-unreviewed		0
임시	temporary_2	temporary_2	existing-unreviewed		0
자료	datos_2	datos_2	existing-unreviewed		0
자신	propio_2	propio_2	existing-unreviewed		0
작업관리자	tareagestor_2	tareagestor_2	existing-unreviewed		0
작업콘솔	tareaconsola	tareaconsola	existing-unreviewed		0
조각설명자	segmentdescriptor	segmentdescriptor	existing-unreviewed		0
콘솔	consola_2	consola_2	existing-unreviewed		0
크기	tamaño_2	tamaño_2	existing-unreviewed		0
키보드콘솔	tecladoconsola	tecladoconsola	existing-unreviewed		0
표시들	banderas_2	banderas_2	existing-unreviewed		0
표시들_한도_높은	banderasLimitarAlta	banderasLimitarAlta	existing-unreviewed		0
한도	limitar_2	limitar_2	existing-unreviewed		0
한도_낮은	limitarBaja_2	limitarBaja_2	existing-unreviewed		0
