original	before	after	review_status	concept	changed_tokens
Activate	Aktivizēt	Aktivizēt	existing-unreviewed		0
ActivateAll	AktivizētVisi	AktivizētVisi	existing-unreviewed		0
Active	Aktīvs	Aktīvs	existing-unreviewed		0
ActiveInterruptManager	AktīvsPārtraukumsmanager	AktīvsPārtraukumsmanager	existing-unreviewed		0
ActiveMemoryManager	AktīvsAtmiņamanager	AktīvsAtmiņamanager	existing-unreviewed		0
Add	Pievienot	Pievienot	existing-unreviewed		0
AddDriver	Pievienotdriver	Pievienotdriver	existing-unreviewed		0
AddRunnableThread	Pievienotrunnablethread	Pievienotrunnablethread	existing-unreviewed		0
AddTask	Pievienottask	Pievienottask	existing-unreviewed		0
AddThread	Pievienotthread	Pievienotthread	existing-unreviewed		0
Address	Address	Address	existing-unreviewed		0
AlignedMalloc	Alignedmalloc	Alignedmalloc	existing-unreviewed		0
AlignmentCheck	Alignmentcheck	Alignmentcheck	existing-unreviewed		0
AllocateBlock	AllocateBloks	AllocateBloks	existing-unreviewed		0
AllocatePID	Allocatepid	Allocatepid	existing-unreviewed		0
AmountOfMemory	ApjomsnoAtmiņa	ApjomsnoAtmiņa	existing-unreviewed		0
ArrayToUint16	Masīvstounsignedinteger16	Masīvstounsignedinteger16	existing-unreviewed		0
ArrayToUint32	Masīvstounsignedinteger32	Masīvstounsignedinteger32	existing-unreviewed		0
ArrayToUint48	Masīvstounsignedinteger48	Masīvstounsignedinteger48	existing-unreviewed		0
ArrayToUint48_BE	Masīvstounsignedinteger48be	Masīvstounsignedinteger48be	existing-unreviewed		0
ArrayToUint64	Masīvstounsignedinteger64	Masīvstounsignedinteger64	existing-unreviewed		0
Atime	Atime	Atime	existing-unreviewed		0
AtimeNsec	Atimensec	Atimensec	existing-unreviewed		0
BLOCKS_PER_BYTE	Bloksperbyte	Bloksperbyte	existing-unreviewed		0
BLOCK_SIZE	BloksIzmērs	BloksIzmērs	existing-unreviewed		0
Backend	Backend	Backend	existing-unreviewed		0
BaseAddr	Baseaddress	Baseaddress	existing-unreviewed		0
Bind	Bind	Bind	existing-unreviewed		0
Blksize	Blksize	Blksize	existing-unreviewed		0
Blocked	Blocked	Blocked	existing-unreviewed		0
BlockedState	BlockedStāvoklis	BlockedStāvoklis	existing-unreviewed		0
Blocks	Bloks	Bloks	existing-unreviewed		0
BoundRangeExceeded	BoundApgabalsexceeded	BoundApgabalsexceeded	existing-unreviewed		0
BroadcastMacAddress	Broadcastmacaddress	Broadcastmacaddress	existing-unreviewed		0
BytesPerSector	Baitipersector	Baitipersector	existing-unreviewed		0
BytesToString	Baititovirkne	Baititovirkne	existing-unreviewed		0
Checksum	Checksum	Checksum	existing-unreviewed		0
Clear	Notīrīt	Notīrīt	existing-unreviewed		0
Clone	Clone	Clone	existing-unreviewed		0
CloneAddressSpaceCOW	Cloneaddressspacecow	Cloneaddressspacecow	existing-unreviewed		0
Connect	Savienoties	Savienoties	existing-unreviewed		0
ContainsCoordinate	Containscoordinate	Containscoordinate	existing-unreviewed		0
CopyPageFrameBlock	KopētLapaIetvarsBloks	KopētLapaIetvarsBloks	existing-unreviewed		0
CpuState	CpuStāvoklis	CpuStāvoklis	existing-unreviewed		0
Create	Create	Create	existing-unreviewed		0
CreateFromData	Createfromdata	Createfromdata	existing-unreviewed		0
CreateFromFunction	CreatefromFunkcija	CreatefromFunkcija	existing-unreviewed		0
CreatePtrFromFunction	CreateKursorsfromFunkcija	CreateKursorsfromFunkcija	existing-unreviewed		0
Cs	Cs	Cs	existing-unreviewed		0
Ctime	Ctime	Ctime	existing-unreviewed		0
CtimeNsec	Ctimensec	Ctimensec	existing-unreviewed		0
CurrentPID	Pašreizējaispid	Pašreizējaispid	existing-unreviewed		0
CurrentParentPID	Pašreizējaisvecākspid	Pašreizējaisvecākspid	existing-unreviewed		0
Data	Data	Data	compatibility		0
Deactivate	Deaktivizēt	Deaktivizēt	existing-unreviewed		0
Deactive	Deactive	Deactive	existing-unreviewed		0
Decrement	Decrement	Decrement	existing-unreviewed		0
Delete	Dzēst	Dzēst	existing-unreviewed		0
DescriptorPrivilegeLevel	Descriptorprivilegelevel	Descriptorprivilegelevel	existing-unreviewed		0
DescriptorType	DescriptorTips	DescriptorTips	existing-unreviewed		0
Destroy	Iznīcināt	Iznīcināt	existing-unreviewed		0
Dev	Ierīce	Ierīce	existing-unreviewed		0
DeviceHasFunctions	IerīcehasFunkcijas	IerīcehasFunkcijas	existing-unreviewed		0
DeviceNotAvailable	IerīcenotPieejams	IerīcenotPieejams	existing-unreviewed		0
Device_id	Ierīceid	Ierīceid	existing-unreviewed		0
DisableInt	Izslēgtint	Izslēgtint	existing-unreviewed		0
Disconnect	Atvienoties	Atvienoties	existing-unreviewed		0
DivideByZero	Dividebyzero	Dividebyzero	existing-unreviewed		0
DoHandleInterrupt	DohandlePārtraukums	DohandlePārtraukums	existing-unreviewed		0
DoubleFault	Doublefault	Doublefault	existing-unreviewed		0
Draw	Draw	Draw	existing-unreviewed		0
DriverManager	Drivermanager	Drivermanager	existing-unreviewed		0
Ds	Ds	Ds	existing-unreviewed		0
Dynamic	Dynamic	Dynamic	existing-unreviewed		0
E2BIG	E2big	E2big	existing-unreviewed		0
EACCES	Eacces	Eacces	existing-unreviewed		0
EADDRINUSE	Eaddrinuse	Eaddrinuse	existing-unreviewed		0
EAFNOSUPPORT	Eafnosupport	Eafnosupport	existing-unreviewed		0
EAGAIN	Eagain	Eagain	existing-unreviewed		0
EBADF	Ebadf	Ebadf	existing-unreviewed		0
EBUSY	Ebusy	Ebusy	existing-unreviewed		0
ECHILD	Echild	Echild	existing-unreviewed		0
EEXIST	Eexist	Eexist	existing-unreviewed		0
EFAULT	Efault	Efault	existing-unreviewed		0
EFBIG	Efbig	Efbig	existing-unreviewed		0
EINTR	Eintr	Eintr	existing-unreviewed		0
EINVAL	Einval	Einval	existing-unreviewed		0
EIO	Eio	Eio	existing-unreviewed		0
EISDIR	Eisdir	Eisdir	existing-unreviewed		0
EMFILE	Emfile	Emfile	existing-unreviewed		0
EMSGSIZE	Emsgsize	Emsgsize	existing-unreviewed		0
ENETUNREACH	Enetunreach	Enetunreach	existing-unreviewed		0
ENFILE	Enfile	Enfile	existing-unreviewed		0
ENODEV	Enodev	Enodev	existing-unreviewed		0
ENOENT	Enoent	Enoent	existing-unreviewed		0
ENOEXEC	Enoexec	Enoexec	existing-unreviewed		0
ENOMEM	Enomem	Enomem	existing-unreviewed		0
ENOSPC	Enospc	Enospc	existing-unreviewed		0
ENOSYS	Enosys	Enosys	existing-unreviewed		0
ENOTCONN	Enotconn	Enotconn	existing-unreviewed		0
ENOTDIR	Enotdir	Enotdir	existing-unreviewed		0
ENOTTY	Enotty	Enotty	existing-unreviewed		0
EOPNOTSUPP	Eopnotsupp	Eopnotsupp	existing-unreviewed		0
EPERM	Eperm	Eperm	existing-unreviewed		0
EPROTONOSUPPORT	Eprotonosupport	Eprotonosupport	existing-unreviewed		0
ERANGE	Erange	Erange	existing-unreviewed		0
EROFS	Erofs	Erofs	existing-unreviewed		0
ESPIPE	Espipe	Espipe	existing-unreviewed		0
ESRCH	Esrch	Esrch	existing-unreviewed		0
Eax	Eax	Eax	existing-unreviewed		0
Ebp	Ebp	Ebp	existing-unreviewed		0
Ebx	Ebx	Ebx	existing-unreviewed		0
Ecx	Ecx	Ecx	existing-unreviewed		0
Edi	Edi	Edi	existing-unreviewed		0
Edx	Edx	Edx	existing-unreviewed		0
Eflags	Eflags	Eflags	existing-unreviewed		0
Eip	Eip	Eip	existing-unreviewed		0
Elf	Elf	Elf	existing-unreviewed		0
Elf32Dyn	Elf32dyn	Elf32dyn	existing-unreviewed		0
Elf32Note	Elf32Piezīme	Elf32Piezīme	existing-unreviewed		0
Elf32Rel	Elf32rel	Elf32rel	existing-unreviewed		0
Elf32Rela	Elf32rela	Elf32rela	existing-unreviewed		0
Elf32Sym	Elf32sym	Elf32sym	existing-unreviewed		0
ElfHeader	Elfheader	Elfheader	existing-unreviewed		0
ElfProgramHeader	Elfprogrammaheader	Elfprogrammaheader	existing-unreviewed		0
ElfSectionHeader	Elfsectionheader	Elfsectionheader	existing-unreviewed		0
EnablePaging	Ieslēgtpaging	Ieslēgtpaging	existing-unreviewed		0
Enabled	Ieslēgt	Ieslēgt	existing-unreviewed		0
EntryNumber	IerakstsSkaitlis	IerakstsSkaitlis	existing-unreviewed		0
EqualBytes	VienādsBaiti	VienādsBaiti	existing-unreviewed		0
Es	Es	Es	existing-unreviewed		0
Esi	Esi	Esi	existing-unreviewed		0
Esp	Esp	Esp	existing-unreviewed		0
FPUBuffer	Fpubuffer	Fpubuffer	existing-unreviewed		0
FPUOffset	Fpuoffset	Fpuoffset	existing-unreviewed		0
Family	Family	Family	existing-unreviewed		0
FileName	FailsNosaukums	FailsNosaukums	existing-unreviewed		0
Fill	Fill	Fill	existing-unreviewed		0
FillRectangle	FillTaisnstūris	FillTaisnstūris	existing-unreviewed		0
First	Pirmais	Pirmais	existing-unreviewed		0
FirstFree	PirmaisBrīvs	PirmaisBrīvs	existing-unreviewed		0
FirstFreeSize	PirmaisBrīvsIzmērs	PirmaisBrīvsIzmērs	existing-unreviewed		0
Flags	Karogi	Karogi	existing-unreviewed		0
FloatingPointException	Peldošspointexception	Peldošspointexception	existing-unreviewed		0
Flush	Flush	Flush	existing-unreviewed		0
FlushTlsTable	FlushtlsTabula	FlushtlsTabula	existing-unreviewed		0
Focussable	Focussable	Focussable	existing-unreviewed		0
Free	Brīvs	Brīvs	existing-unreviewed		0
Fs	Fs	Fs	existing-unreviewed		0
GB	Gb	Gb	existing-unreviewed		0
GDT_ENTRIES	Gdtieraksts	Gdtieraksts	existing-unreviewed		0
GOT	Got	Got	existing-unreviewed		0
GPFException	Gpfexception	Gpfexception	existing-unreviewed		0
GatewayIP	Gatewayip	Gatewayip	existing-unreviewed		0
GdtAddressHigh	GdtaddressAugsta	GdtaddressAugsta	existing-unreviewed		0
GdtAddressLow	GdtaddressKlusi	GdtaddressKlusi	existing-unreviewed		0
GdtDescriptor	Gdtdescriptor	Gdtdescriptor	existing-unreviewed		0
GdtEntry	Gdtieraksts_2	Gdtieraksts_2	existing-unreviewed		0
GdtSize	GdtIzmērs	GdtIzmērs	existing-unreviewed		0
GetAt	Getat	Getat	existing-unreviewed		0
GetBackend	Getbackend	Getbackend	existing-unreviewed		0
GetBaseAddressRegister	Getbaseaddressregister	Getbaseaddressregister	existing-unreviewed		0
GetBitmaspSize	GetbitmaspIzmērs	GetbitmaspIzmērs	existing-unreviewed		0
GetBytesFromPtr	GetBaitifromKursors	GetBaitifromKursors	existing-unreviewed		0
GetCR0	Getcr0	Getcr0	existing-unreviewed		0
GetCR2	Getcr2	Getcr2	existing-unreviewed		0
GetCR3	Getcr3	Getcr3	existing-unreviewed		0
GetCR4	Getcr4	Getcr4	existing-unreviewed		0
GetColorIndex	GetKrāsaSaturs	GetKrāsaSaturs	existing-unreviewed		0
GetDeviceDescriptor	GetIerīcedescriptor	GetIerīcedescriptor	existing-unreviewed		0
GetDriver	Getdriver	Getdriver	existing-unreviewed		0
GetESP0	Getesp0	Getesp0	existing-unreviewed		0
GetEntry	Getieraksts	Getieraksts	existing-unreviewed		0
GetFileSize	GetFailsIzmērs	GetFailsIzmērs	existing-unreviewed		0
GetFocus	GetFokuss	GetFokuss	existing-unreviewed		0
GetFrameBufferSegment	GetIetvarsbuffersegment	GetIetvarsbuffersegment	existing-unreviewed		0
GetFuncPtrFromPtr	GetfuncKursorsfromKursors	GetfuncKursorsfromKursors	existing-unreviewed		0
GetFunctionName	GetFunkcijaNosaukums	GetFunkcijaNosaukums	existing-unreviewed		0
GetHandler	Gethandler	Gethandler	existing-unreviewed		0
GetIPAddress	Getipaddress	Getipaddress	existing-unreviewed		0
GetMACAddress	Getmacaddress	Getmacaddress	existing-unreviewed		0
GetMACFromCache	Getmacfromcache	Getmacfromcache	existing-unreviewed		0
GetNextReadyThread	GetNākamaisGatavsthread	GetNākamaisGatavsthread	existing-unreviewed		0
GetNodeAt	Getnodeat	Getnodeat	existing-unreviewed		0
GetProvider	Providerget	Providerget	existing-unreviewed		0
GetSS0	Getss0	Getss0	existing-unreviewed		0
GetStr	Getstr	Getstr	existing-unreviewed		0
GetUint32ArrayFromPtr	Getunsignedinteger32MasīvsfromKursors	Getunsignedinteger32MasīvsfromKursors	existing-unreviewed		0
GetUintptrArrayFromPtr	GetunsignedintegerKursorsMasīvsfromKursors	GetunsignedintegerKursorsMasīvsfromKursors	existing-unreviewed		0
GetValue	GetVērtība	GetVērtība	existing-unreviewed		0
GetValueInPageDir	GetVērtībaIenākošāLapaMape	GetVērtībaIenākošāLapaMape	existing-unreviewed		0
Gid	Gid	Gid	existing-unreviewed		0
Gs	Gs	Gs	existing-unreviewed		0
HandleException	Handleexception	Handleexception	existing-unreviewed		0
HandleFatalInterruptFrame	HandlefatalPārtraukumsIetvars	HandlefatalPārtraukumsIetvars	existing-unreviewed		0
HandleInterrupt	HandlePārtraukums	HandlePārtraukums	existing-unreviewed		0
HandleInterrupt1	HandlePārtraukums1	HandlePārtraukums1	existing-unreviewed		0
HandleUserDatagramProtocolMessage	HandleLietotājsdatagramprotocolZiņojums	HandleLietotājsdatagramprotocolZiņojums	existing-unreviewed		0
IDT_DESC_PRESENT	IdtdescriptorKlātesošs	IdtdescriptorKlātesošs	existing-unreviewed		0
IDT_INTERRUPT_GATE	IdtPārtraukumsgate	IdtPārtraukumsgate	existing-unreviewed		0
IDriver	IDriver	IDriver	existing-unreviewed		0
IEtherFrameHandler	IEthernetIetvarshandler	IEthernetIetvarshandler	existing-unreviewed		0
IInternetProtocolHandler	IInternetsprotocolhandler	IInternetsprotocolhandler	existing-unreviewed		0
IInterruptHandler	IPārtraukumshandler	IPārtraukumshandler	existing-unreviewed		0
IKeyboardEventHandler	IKlaviatūraNotikumshandler	IKlaviatūraNotikumshandler	existing-unreviewed		0
IMouseEventHandler	IPeleNotikumshandler	IPeleNotikumshandler	existing-unreviewed		0
IPCIControllerHandler	Ipcicontrollerhandler	Ipcicontrollerhandler	existing-unreviewed		0
IPCache	Ipcache	Ipcache	existing-unreviewed		0
IP_BE	IpTīklsbyteorder	IpTīklsbyteorder	existing-unreviewed		0
IRawDataHandler	IRawdatahandler	IRawdatahandler	existing-unreviewed		0
ITimerEventHandler	ITimerNotikumshandler	ITimerNotikumshandler	existing-unreviewed		0
IUserDatagramProtocolHandler	ILietotājsdatagramprotocolhandler	ILietotājsdatagramprotocolhandler	existing-unreviewed		0
IUserDatagramProtocolSocket	ILietotājsdatagramprotocolLigzda	ILietotājsdatagramprotocolLigzda	existing-unreviewed		0
IWidget	IWidget	IWidget	pending-language-review	widget	0
Identify	Identify	Identify	existing-unreviewed		0
Increment	Increment	Increment	existing-unreviewed		0
IndexOf	Satursno	Satursno	existing-unreviewed		0
Init	Init	Init	existing-unreviewed		0
InitDriver	Initdriver	Initdriver	existing-unreviewed		0
InitialThreadUserJump	InitialthreadLietotājsjump	InitialthreadLietotājsjump	existing-unreviewed		0
Ino	Ino	Ino	existing-unreviewed		0
Install	Instalēt	Instalēt	existing-unreviewed		0
Interrupt	Pārtraukums	Pārtraukums	existing-unreviewed		0
InterruptActive	PārtraukumsAktīvs	PārtraukumsAktīvs	existing-unreviewed		0
InterruptDeactive	Pārtraukumsdeactive	Pārtraukumsdeactive	existing-unreviewed		0
InterruptManager	Pārtraukumsmanager	Pārtraukumsmanager	existing-unreviewed		0
InterruptNumber	PārtraukumsSkaitlis	PārtraukumsSkaitlis	existing-unreviewed		0
InvalidOpcode	Nederīgsopcode	Nederīgsopcode	existing-unreviewed		0
InvalidTSS	Nederīgstss	Nederīgstss	existing-unreviewed		0
IsKernel	Iskernel	Iskernel	existing-unreviewed		0
IsPresent	IsKlātesošs	IsKlātesošs	existing-unreviewed		0
IsUserSpace	IsLietotājsspace	IsLietotājsspace	existing-unreviewed		0
KB	Kb	Kb	existing-unreviewed		0
KCS_INDEX	KcsSaturs	KcsSaturs	existing-unreviewed		0
KCS_SELECTOR	Kcsselector	Kcsselector	existing-unreviewed		0
KDS_INDEX	KdsSaturs	KdsSaturs	existing-unreviewed		0
KDS_SELECTOR	Kdsselector	Kdsselector	existing-unreviewed		0
KERNEL_HEAP_START	KernelheapStartēt	KernelheapStartēt	existing-unreviewed		0
KERNEL_VIRT_ADDR	Kernelvirtaddress	Kernelvirtaddress	existing-unreviewed		0
KGS_INDEX	KgsSaturs	KgsSaturs	existing-unreviewed		0
KGS_SELECTOR	Kgsselector	Kgsselector	existing-unreviewed		0
K핵심	KKernelEntry	KKernelEntry	compatibility		0
LIDT	Lidt	Lidt	existing-unreviewed		0
Last	Pēdējais	Pēdējais	existing-unreviewed		0
Len	Len	Len	compatibility		0
Limit	Ierobežot	Ierobežot	existing-unreviewed		0
Link	Saite	Saite	existing-unreviewed		0
LinkMap	Saitemap	Saitemap	existing-unreviewed		0
LinkedList	LinkedSaraksts	LinkedSaraksts	existing-unreviewed		0
Listen	Listen	Listen	existing-unreviewed		0
LoadElf	Noslodzeelf	Noslodzeelf	existing-unreviewed		0
MAC	Mac	Mac	existing-unreviewed		0
MAC0	Mac0	Mac0	existing-unreviewed		0
MAC1	Mac1	Mac1	existing-unreviewed		0
MAC2	Mac2	Mac2	existing-unreviewed		0
MAC3	Mac3	Mac3	existing-unreviewed		0
MAC4	Mac4	Mac4	existing-unreviewed		0
MAC5	Mac5	Mac5	existing-unreviewed		0
MACAddress0Port	Macaddress0Ports	Macaddress0Ports	existing-unreviewed		0
MACAddress2Port	Macaddress2Ports	Macaddress2Ports	existing-unreviewed		0
MACAddress4Port	Macaddress4Ports	Macaddress4Ports	existing-unreviewed		0
MACCache	Maccache	Maccache	existing-unreviewed		0
MAX_QUEUE_SIZE	MaksqueueIzmērs	MaksqueueIzmērs	existing-unreviewed		0
MB	Mb	Mb	existing-unreviewed		0
MBR	Mbr	Mbr	existing-unreviewed		0
MHex출력	MHexadecimalDrukāt	MHexadecimalDrukāt	existing-unreviewed		0
MHex출력XY	MHexadecimalDrukātxy	MHexadecimalDrukātxy	existing-unreviewed		0
MUint16출력	MUnsignedinteger16Drukāt	MUnsignedinteger16Drukāt	existing-unreviewed		0
MUint16출력XY	MUnsignedinteger16Drukātxy	MUnsignedinteger16Drukātxy	existing-unreviewed		0
MUint32출력	MUnsignedinteger32Drukāt	MUnsignedinteger32Drukāt	existing-unreviewed		0
MUint32출력XY	MUnsignedinteger32Drukātxy	MUnsignedinteger32Drukātxy	existing-unreviewed		0
MUint64출력	MUnsignedinteger64Drukāt	MUnsignedinteger64Drukāt	existing-unreviewed		0
MUint64출력XY	MUnsignedinteger64Drukātxy	MUnsignedinteger64Drukātxy	existing-unreviewed		0
Machine	Machine	Machine	existing-unreviewed		0
MachineCheck	Machinecheck	Machinecheck	existing-unreviewed		0
MakeRangePrivateWritable	MakeApgabalsPrivātswritable	MakeApgabalsPrivātswritable	existing-unreviewed		0
Malloc	Malloc	Malloc	pending-language-review	allocate_memory	0
MemCmp	Memcmp	Memcmp	existing-unreviewed		0
MemCpy	MemKopēt	MemKopēt	existing-unreviewed		0
MemMove	MemPārvietot	MemPārvietot	existing-unreviewed		0
MemSet	Memkopa	Memkopa	existing-unreviewed		0
MemoryOper	Atmiņaoper	Atmiņaoper	existing-unreviewed		0
Mode	Režīms	Režīms	existing-unreviewed		0
ModelToScreen	Modelistoscreen	Set_local_coordinates	pending-language-review	set_coordinates	5
Mtime	Mtime	Mtime	existing-unreviewed		0
MtimeNsec	Mtimensec	Mtimensec	existing-unreviewed		0
MyHandleInterrupt	MyhandlePārtraukums	MyhandlePārtraukums	existing-unreviewed		0
MyTest	MyPārbaudīt	MyPārbaudīt	existing-unreviewed		0
M긴급로그Hex8	MEmergencyloghexadecimal8	MEmergencyloghexadecimal8	existing-unreviewed		0
M긴급로그Uint32	MEmergencylogunsignedinteger32	MEmergencylogunsignedinteger32	existing-unreviewed		0
M긴급로그문자열	MEmergencylogvirkne	MEmergencylogvirkne	existing-unreviewed		0
M직렬로그초기화	MSerialloginit	MSerialloginit	existing-unreviewed		0
M출력	MDrukāt	MDrukāt	existing-unreviewed		0
M출력BytesXY	MDrukātBaitixy	MDrukātBaitixy	existing-unreviewed		0
M출력Hex	MDrukāthexadecimal	MDrukāthexadecimal	existing-unreviewed		0
M출력Uint16	MDrukātunsignedinteger16	MDrukātunsignedinteger16	existing-unreviewed		0
M출력Uint32	MDrukātunsignedinteger32	MDrukātunsignedinteger32	existing-unreviewed		0
M출력XY	MDrukātxy	MDrukātxy	existing-unreviewed		0
M테스트	M테스트	M테스트	existing-unreviewed		0
NMI	Nmi	Nmi	existing-unreviewed		0
New	Jauns	Jauns	existing-unreviewed		0
NewInterruptHandler	JaunsPārtraukumshandler	JaunsPārtraukumshandler	existing-unreviewed		0
Next	Nākamais	Nākamais	existing-unreviewed		0
Nlink	Nlink	Nlink	existing-unreviewed		0
Node	Node	Node	pending-language-review	list_node	0
Nodename	Nodename	Nodename	existing-unreviewed		0
OnEtherFrameReceived	EthernetIetvarsreceivewhen	EthernetIetvarsreceivewhen	existing-unreviewed		0
OnGetDriver	Ieslēgtsgetdriver	Ieslēgtsgetdriver	existing-unreviewed		0
OnInternetProtocolReceived	Internetsprotocolreceivewhen	Internetsprotocolreceivewhen	existing-unreviewed		0
OnKeyDown	IeslēgtsAtslēgaLejup	IeslēgtsAtslēgaLejup	existing-unreviewed		0
OnKeyUp	IeslēgtsAtslēgaAugšup	IeslēgtsAtslēgaAugšup	existing-unreviewed		0
OnMouseDown	IeslēgtsPeleLejup	IeslēgtsPeleLejup	existing-unreviewed		0
OnMouseMove	IeslēgtsPelePārvietot	IeslēgtsPelePārvietot	existing-unreviewed		0
OnMouseUp	IeslēgtsPeleAugšup	IeslēgtsPeleAugšup	existing-unreviewed		0
OnRawDataReceived	Ieslēgtsrawdatareceive	Ieslēgtsrawdatareceive	existing-unreviewed		0
OnTick	Ieslēgtstick	Ieslēgtstick	existing-unreviewed		0
Overflow	Overflow	Overflow	existing-unreviewed		0
P1LinkMap	PVērtība1Saitemap	PVērtība1Saitemap	existing-unreviewed		0
P2LinkMap	PVērtība2Saitemap	PVērtība2Saitemap	existing-unreviewed		0
P3LinkMap	PVērtība3Saitemap	PVērtība3Saitemap	existing-unreviewed		0
PAGE_COW	Lapacow	Lapacow	existing-unreviewed		0
PAGE_FRAME	LapaIetvars	LapaIetvars	existing-unreviewed		0
PAGE_PRESENT	LapaKlātesošs	LapaKlātesošs	existing-unreviewed		0
PAGE_USER	LapaLietotājs	LapaLietotājs	existing-unreviewed		0
PAGE_WRITABLE	Lapawritable	Lapawritable	existing-unreviewed		0
PAUSE_LOOP	Pauseloop	Pauseloop	existing-unreviewed		0
PICMasterCommandPort	PrimarypicKomandaioPorts	PrimarypicKomandaioPorts	existing-unreviewed		0
PICMasterDataPort	PrimarypicdataioPorts	PrimarypicdataioPorts	existing-unreviewed		0
PICSlaveCommandPort	SecondarypicKomandaioPorts	SecondarypicKomandaioPorts	existing-unreviewed		0
PICSlaveDataPort	SecondarypicdataioPorts	SecondarypicdataioPorts	existing-unreviewed		0
PRESENT	Klātesošs	Klātesošs	existing-unreviewed		0
PRIV_KERNEL	Privkernel	Privkernel	existing-unreviewed		0
PRIV_USER	PrivLietotājs	PrivLietotājs	existing-unreviewed		0
PROC_USER_HEAP_SIZE	ProcLietotājsheapIzmērs	ProcLietotājsheapIzmērs	existing-unreviewed		0
PageDirEntry	LapaMapeieraksts	LapaMapeieraksts	existing-unreviewed		0
PageDirectoryEntry	LapaMapeieraksts_2	LapaMapeieraksts_2	existing-unreviewed		0
PageFault	Lapafault	Lapafault	existing-unreviewed		0
PageFaultException	Lapafaultexception	Lapafaultexception	existing-unreviewed		0
PageRoundDown	LapaApaļotLejup	LapaApaļotLejup	existing-unreviewed		0
PageRoundUp	LapaApaļotAugšup	LapaApaļotAugšup	existing-unreviewed		0
PageTableEntry	LapaTabulaieraksts	LapaTabulaieraksts	existing-unreviewed		0
Paging	Paging	Paging	existing-unreviewed		0
ParentPid	Vecākspid	Vecākspid	existing-unreviewed		0
Parse	Parse	Parse	existing-unreviewed		0
Partition_id	Partitionid	Partitionid	existing-unreviewed		0
PhyMemTest	PhymemPārbaudīt	PhymemPārbaudīt	existing-unreviewed		0
PhysicalMemoryManager	PhysicalAtmiņamanager	PhysicalAtmiņamanager	existing-unreviewed		0
Pid	Pid	Pid	existing-unreviewed		0
Port	Ports	Ports	existing-unreviewed		0
PortBase	Portsbase	Portsbase	existing-unreviewed		0
PortInByte	PortsIenākošābyte	PortsIenākošābyte	existing-unreviewed		0
PortInDword	PortsIenākošādword	PortsIenākošādword	existing-unreviewed		0
PortInWord	PortsIenākošāvārds	PortsIenākošāvārds	existing-unreviewed		0
PortOutByte	PortsIzejošābyte	PortsIzejošābyte	existing-unreviewed		0
PortOutDword	PortsIzejošādword	PortsIzejošādword	existing-unreviewed		0
PortOutWord	PortsIzejošāvārds	PortsIzejošāvārds	existing-unreviewed		0
PortReadByte	PortsLasītbyte	PortsLasītbyte	existing-unreviewed		0
PortReadDword	PortsLasītdword	PortsLasītdword	existing-unreviewed		0
PortReadWord	PortsLasītvārds	PortsLasītvārds	existing-unreviewed		0
PortWriteByte	PortsRakstītbyte	PortsRakstītbyte	existing-unreviewed		0
PortWriteDword	PortsRakstītdword	PortsRakstītdword	existing-unreviewed		0
PortWriteWord	PortsRakstītvārds	PortsRakstītvārds	existing-unreviewed		0
Prev	Previous	Previous	existing-unreviewed		0
PrevTSS	Previoustss	Previoustss	existing-unreviewed		0
PrimaryPartition	Primarypartition	Primarypartition	existing-unreviewed		0
Print	Drukāt	Drukāt	existing-unreviewed		0
PrintBytes	DrukātBaiti	DrukātBaiti	existing-unreviewed		0
PrintStr	Drukātstr	Drukātstr	existing-unreviewed		0
PrintTLS	Drukāttls	Drukāttls	existing-unreviewed		0
PrintTest	DrukātPārbaudīt	DrukātPārbaudīt	existing-unreviewed		0
Process	Process	Process	existing-unreviewed		0
ProcessHelper	Processhelper	Processhelper	existing-unreviewed		0
ProcessPendingKeyboardEvents	ProcesspendingKlaviatūraevents	ProcesspendingKlaviatūraevents	existing-unreviewed		0
ProcessPendingMouseEvents	ProcesspendingPeleevents	ProcesspendingPeleevents	existing-unreviewed		0
PushAt	Pushat	Insert_at_index	pending-language-review	insert_at	1
PushBack	PushAtpakaļ	Append_to_list	pending-language-review	append	12
PushFront	PushPriekšpuse	Prepend_to_list	pending-language-review	prepend	5
PutPixel	Putpixel	Putpixel	existing-unreviewed		0
PutPixelRGB	Putpixelrgb	Putpixelrgb	existing-unreviewed		0
QUEUE_START_ADDR	QueueStartētaddress	QueueStartētaddress	existing-unreviewed		0
Rdev	Rdev	Rdev	existing-unreviewed		0
Read	Lasīt	Lasīt	existing-unreviewed		0
Read28	Lasīt28	Lasīt28	existing-unreviewed		0
ReadFile	LasītFails	LasītFails	pending-language-review	file_read	0
ReadPartitions	Lasītpartition	Lasītpartition	existing-unreviewed		0
Ready	Gatavs	Gatavs	existing-unreviewed		0
Receive	Receive	Receive	existing-unreviewed		0
Ref	Reference	Reference	existing-unreviewed		0
Release	Release	Release	existing-unreviewed		0
ReloadCR3	Pārlādētcr3	Pārlādētcr3	existing-unreviewed		0
Remove	Izņemt	Izņemt	existing-unreviewed		0
RemoveAt	Izņemtat	Izņemtat	existing-unreviewed		0
RemoveThread	Izņemtthread	Izņemtthread	existing-unreviewed		0
RemoveThreadAt	Izņemtthreadat	Izņemtthreadat	existing-unreviewed		0
RequestMacAddress	Requestmacaddress	Requestmacaddress	existing-unreviewed		0
Reset	Pārstatīt	Pārstatīt	existing-unreviewed		0
Resolve	Resolve	Resolve	existing-unreviewed		0
ResolveCopyOnWriteFault	ResolveKopētIeslēgtsRakstītfault	ResolveKopētIeslēgtsRakstītfault	existing-unreviewed		0
SCHEDULER_FREQUENCY	SchedulerBiežums	SchedulerBiežums	existing-unreviewed		0
SEG_BIG_MODE	SegbigRežīms	SegbigRežīms	existing-unreviewed		0
SEG_EXEC	SegIzpildīt	SegIzpildīt	existing-unreviewed		0
SEG_GRAN_4K_PAGE	Seggran4kLapa	Seggran4kLapa	existing-unreviewed		0
SEG_GRAN_BYTE	Seggranbyte	Seggranbyte	existing-unreviewed		0
SEG_KERNEL_CODE	Segkernelcode	Segkernelcode	existing-unreviewed		0
SEG_KERNEL_DATA	Segkerneldata	Segkerneldata	existing-unreviewed		0
SEG_KERNEL_GS	Segkernelgs	Segkernelgs	existing-unreviewed		0
SEG_NOEXEC	Segnoexec	Segnoexec	existing-unreviewed		0
SEG_NORMAL	SegParasts	SegParasts	existing-unreviewed		0
SEG_NORW	Segnorw	Segnorw	existing-unreviewed		0
SEG_R	Segr	Segr	existing-unreviewed		0
SEG_SYSTEM	SegSistēma	SegSistēma	existing-unreviewed		0
SEG_TASK_STATE	SegtaskStāvoklis	SegtaskStāvoklis	existing-unreviewed		0
SEG_USER_CODE	SegLietotājscode	SegLietotājscode	existing-unreviewed		0
SEG_USER_DATA	SegLietotājsdata	SegLietotājsdata	existing-unreviewed		0
SEG_USER_GS	SegLietotājsgs	SegLietotājsgs	existing-unreviewed		0
SEG_W	Segw	Segw	existing-unreviewed		0
SIMDFloatingPointException	Simdpeldošspointexception	Simdpeldošspointexception	existing-unreviewed		0
SIZE	Izmērs	Izmērs	existing-unreviewed		0
SYS_ACCESS	Syspiekļūt	Syspiekļūt	existing-unreviewed		0
SYS_BRK	Sysbrk	Sysbrk	existing-unreviewed		0
SYS_CHDIR	Syschdir	Syschdir	existing-unreviewed		0
SYS_CLOSE	SysAizvērt	SysAizvērt	existing-unreviewed		0
SYS_CREAT	Syscreat	Syscreat	existing-unreviewed		0
SYS_DUP	Sysdup	Sysdup	existing-unreviewed		0
SYS_DUP2	Sysdup2	Sysdup2	existing-unreviewed		0
SYS_EXECVE	Sysexecve	Sysexecve	existing-unreviewed		0
SYS_EXIT	SysIziet	SysIziet	existing-unreviewed		0
SYS_FCNTL	Sysfcntl	Sysfcntl	existing-unreviewed		0
SYS_FORK	Sysfork	Sysfork	existing-unreviewed		0
SYS_FSTAT	Sysfstat	Sysfstat	existing-unreviewed		0
SYS_FSYNC	Sysfsync	Sysfsync	existing-unreviewed		0
SYS_GETCWD	Sysgetcwd	Sysgetcwd	existing-unreviewed		0
SYS_GETEGID	Sysgetegid	Sysgetegid	existing-unreviewed		0
SYS_GETEUID	Sysgeteuid	Sysgeteuid	existing-unreviewed		0
SYS_GETGID	Sysgetgid	Sysgetgid	existing-unreviewed		0
SYS_GETPID	Sysgetpid	Sysgetpid	existing-unreviewed		0
SYS_GETPPID	Sysgetppid	Sysgetppid	existing-unreviewed		0
SYS_GETUID	Sysgetuid	Sysgetuid	existing-unreviewed		0
SYS_LSEEK	Syslseek	Syslseek	existing-unreviewed		0
SYS_LSTAT	Syslstat	Syslstat	existing-unreviewed		0
SYS_OPEN	SysAtvērt	SysAtvērt	existing-unreviewed		0
SYS_READ	SysLasīt	SysLasīt	existing-unreviewed		0
SYS_RT_EXIT	SysrtIziet	SysrtIziet	existing-unreviewed		0
SYS_SOCKETCALL	Syssocketcall	Syssocketcall	existing-unreviewed		0
SYS_STAT	Sysstat	Sysstat	existing-unreviewed		0
SYS_SYNC	Syssync	Syssync	existing-unreviewed		0
SYS_UNAME	Sysuname	Sysuname	existing-unreviewed		0
SYS_WAITPID	Syswaitpid	Syswaitpid	existing-unreviewed		0
SYS_WRITE	SysRakstīt	SysRakstīt	existing-unreviewed		0
Schedule	Schedule	Schedule	existing-unreviewed		0
Scheduler	Scheduler	Scheduler	existing-unreviewed		0
SchedulerData	Schedulerdata	Schedulerdata	existing-unreviewed		0
SegmentNotPresent	SegmentnotKlātesošs	SegmentnotKlātesošs	existing-unreviewed		0
SelectDrivers	Atlasītdriver	Atlasītdriver	existing-unreviewed		0
Send	Sūtīt	Sūtīt	existing-unreviewed		0
SendEchoRequest	EchorequestSūtīt	EchorequestSūtīt	existing-unreviewed		0
SendFrame	IetvarsSūtīt	IetvarsSūtīt	existing-unreviewed		0
SerialInit	Serialinit	Serialinit	existing-unreviewed		0
SerialWriteByte	SerialRakstītbyte	SerialRakstītbyte	existing-unreviewed		0
SetBackend	Kopabackend	Kopabackend	existing-unreviewed		0
SetBit	Kopabit	Kopabit	existing-unreviewed		0
SetBlockInPageDir	KopaBloksIenākošāLapaMape	KopaBloksIenākošāLapaMape	existing-unreviewed		0
SetBuffer	Kopabuffer	Kopabuffer	existing-unreviewed		0
SetByteAtAddr	Kopabyteataddress	Kopabyteataddress	existing-unreviewed		0
SetByteInPageDir	KopabyteIenākošāLapaMape	KopabyteIenākošāLapaMape	existing-unreviewed		0
SetCR3	Kopacr3	Kopacr3	existing-unreviewed		0
SetColor	KopaKrāsa	KopaKrāsa	existing-unreviewed		0
SetDescriptor	Kopadescriptor	Kopadescriptor	existing-unreviewed		0
SetHandleInterruptFuction	KopahandlePārtraukumsfuction	KopahandlePārtraukumsfuction	existing-unreviewed		0
SetHandler	Kopahandler	Kopahandler	existing-unreviewed		0
SetIPAddress	Kopaipaddress	Kopaipaddress	existing-unreviewed		0
SetInterruptDescriptorTableEntry	PārtraukumsdescriptorTabulaierakstskopa	PārtraukumsdescriptorTabulaierakstskopa	existing-unreviewed		0
SetInterruptManager	KopaPārtraukumsmanager	KopaPārtraukumsmanager	existing-unreviewed		0
SetInterruptNumber	KopaPārtraukumsSkaitlis	KopaPārtraukumsSkaitlis	existing-unreviewed		0
SetMode	KopaRežīms	KopaRežīms	existing-unreviewed		0
SetNodeAt	Kopanodeat	Kopanodeat	existing-unreviewed		0
SetStack	Kopastack	Kopastack	existing-unreviewed		0
SetTlsSegment	Kopatlssegment	Kopatlssegment	existing-unreviewed		0
SetUint32AtAddr	Kopaunsignedinteger32ataddress	Kopaunsignedinteger32ataddress	existing-unreviewed		0
SetUint32InPageDir	Kopaunsignedinteger32IenākošāLapaMape	Kopaunsignedinteger32IenākošāLapaMape	existing-unreviewed		0
SetUint8AtAddr	Kopaunsignedinteger8ataddress	Kopaunsignedinteger8ataddress	existing-unreviewed		0
SharedMemoryRegion	SharedAtmiņaregion	SharedAtmiņaregion	existing-unreviewed		0
Size	Izmērs_2	Izmērs_2	existing-unreviewed		0
Spawn	Spawn	Spawn	existing-unreviewed		0
Ss	Ss	Ss	existing-unreviewed		0
Stack	Stack	Stack	existing-unreviewed		0
StackSegmentFault	Stacksegmentfault	Stacksegmentfault	existing-unreviewed		0
Start_lba	Startētlba	Startētlba	existing-unreviewed		0
Started	Palaists	Palaists	existing-unreviewed		0
StdinPutByte	Stdinputbyte	Stdinputbyte	existing-unreviewed		0
StopCurrentThread	ApturētPašreizējaisthread	ApturētPašreizējaisthread	existing-unreviewed		0
Stopped	Apturēts	Apturēts	existing-unreviewed		0
SubnetMask	SubnetMaska	SubnetMaska	existing-unreviewed		0
SupportMode	SupportRežīms	SupportRežīms	existing-unreviewed		0
Sys_brk	Sysbrk_2	Sysbrk_2	existing-unreviewed		0
Sys_close	SysAizvērt_2	SysAizvērt_2	existing-unreviewed		0
Sys_exit	SysIziet_2	SysIziet_2	existing-unreviewed		0
Sys_getpid	Sysgetpid_2	Sysgetpid_2	existing-unreviewed		0
Sys_mousemove	Sysmousemove	Sysmousemove	existing-unreviewed		0
Sys_open	SysAtvērt_2	SysAtvērt_2	existing-unreviewed		0
Sys_printStr	SysDrukātstr	SysDrukātstr	existing-unreviewed		0
Sys_printUint32	SysDrukātunsignedinteger32	SysDrukātunsignedinteger32	existing-unreviewed		0
Sys_printf	Sysprintf	Sysprintf	existing-unreviewed		0
Sys_read	SysLasīt_2	SysLasīt_2	existing-unreviewed		0
Syscall	Syscall	Syscall	existing-unreviewed		0
Sysname	Sysname	Sysname	existing-unreviewed		0
TARPEtherFrameHandler	ArpethernetIetvarshandler	ArpethernetIetvarshandler	existing-unreviewed		0
TARPMessage	ArpZiņojums	ArpZiņojums	existing-unreviewed		0
TARPMessageBuffer	ArpZiņojumsbuffer	ArpZiņojumsbuffer	existing-unreviewed		0
TARPProvider	Arpprovider	Arpprovider	existing-unreviewed		0
TAdvancedTechnologyAttachment	TPaplašinātiTehnoloģijaattachment	TPaplašinātiTehnoloģijaattachment	existing-unreviewed		0
TArray	TMasīvs	TMasīvs	existing-unreviewed		0
TBaseAddressRegister	TBaseaddressregister	TBaseaddressregister	existing-unreviewed		0
TBiosParameterBlock32	TBiosparameterBloks32	TBiosparameterBloks32	pending-language-review	fat_parameters	0
TBufferDescriptor	TBufferdescriptor	TBufferdescriptor	existing-unreviewed		0
TCOWFrameManager	TcowIetvarsmanager	TcowIetvarsmanager	existing-unreviewed		0
TCPUState	TcpuStāvoklis	TcpuStāvoklis	existing-unreviewed		0
TDefaultKeyboardEventHandler	TNoklusētaisKlaviatūraNotikumshandler	TNoklusētaisKlaviatūraNotikumshandler	existing-unreviewed		0
TDefaultMouseEventHandler	TNoklusētaisPeleNotikumshandler	TNoklusētaisPeleNotikumshandler	existing-unreviewed		0
TDefaultPCIControllerHandler	TNoklusētaispcicontrollerhandler	TNoklusētaispcicontrollerhandler	existing-unreviewed		0
TDefaultTimerEventHandler	TNoklusētaistimerNotikumshandler	TNoklusētaistimerNotikumshandler	existing-unreviewed		0
TDirectoryEntryFat32	TMapeierakstsfat32	TMapeierakstsfat32	existing-unreviewed		0
TDriverManager	TDrivermanager	TDrivermanager	existing-unreviewed		0
TEtherFrameHandler	TEthernetIetvarshandler	TEthernetIetvarshandler	existing-unreviewed		0
TEtherFrameHeader	TEthernetIetvarsheader	TEthernetIetvarsheader	pending-language-review	ethernet_header	0
TEtherFrameHeaderBuffer	TEthernetIetvarsheaderbuffer	TEthernetIetvarsheaderbuffer	existing-unreviewed		0
TEtherFrameProvider	TEthernetIetvarsprovider	TEthernetIetvarsprovider	pending-language-review	ethernet_provider	0
TEtherFrameRawDataHandler	TEthernetIetvarsrawdatahandler	TEthernetIetvarsrawdatahandler	existing-unreviewed		0
TGateDescriptor	TGatedescriptor	TGatedescriptor	existing-unreviewed		0
THREAD_STACK_SIZE	ThreadstackIzmērs	ThreadstackIzmērs	existing-unreviewed		0
TICMPHandler	Icmphandler	Icmphandler	existing-unreviewed		0
TIPEtherFrameHandler	IpethernetIetvarshandler	IpethernetIetvarshandler	existing-unreviewed		0
TInitializationBlock	TInitializationBloks	TInitializationBloks	existing-unreviewed		0
TInternetControlMessageProtocol	TInternetsCtrlZiņojumsprotocol	TInternetsCtrlZiņojumsprotocol	pending-language-review	icmp	0
TInternetControlMessageProtocolMessage	TInternetsCtrlZiņojumsprotocolZiņojums	TInternetsCtrlZiņojumsprotocolZiņojums	existing-unreviewed		0
TInternetControlMessageProtocolMessageBuffer	TInternetsCtrlZiņojumsprotocolZiņojumsbuffer	TInternetsCtrlZiņojumsprotocolZiņojumsbuffer	existing-unreviewed		0
TInternetProtocolHandler	TInternetsprotocolhandler	TInternetsprotocolhandler	existing-unreviewed		0
TInternetProtocolProvider	TInternetsprotocolprovider	TInternetsprotocolprovider	pending-language-review	ip_provider	0
TInternetProtocolV4Message	TInternetsprotocolv4Ziņojums	TInternetsprotocolv4Ziņojums	existing-unreviewed		0
TInternetProtocolV4MessageBuffer	TInternetsprotocolv4Ziņojumsbuffer	TInternetsprotocolv4Ziņojumsbuffer	existing-unreviewed		0
TInterruptDescriptorTablePointer	TPārtraukumsdescriptorTabulaKursors	TPārtraukumsdescriptorTabulaKursors	existing-unreviewed		0
TInterruptHandler	TPārtraukumshandler	TPārtraukumshandler	existing-unreviewed		0
TInterruptManager	TPārtraukumsmanager	TPārtraukumsmanager	existing-unreviewed		0
TKeyboardDriver	TKlaviatūradriver	TKlaviatūradriver	existing-unreviewed		0
TLS_START	TlsStartēt	TlsStartēt	existing-unreviewed		0
TMSDOSPartitionTable	TmsdospartitionTabula	TmsdospartitionTabula	existing-unreviewed		0
TMasterBootRecord	TMasterbootrecord	TMasterbootrecord	pending-language-review	boot_record	0
TMemoryChunk	TAtmiņachunk	TAtmiņachunk	existing-unreviewed		0
TMemoryManager	TAtmiņamanager	TAtmiņamanager	existing-unreviewed		0
TMouseDriver	TPeledriver	TPeledriver	existing-unreviewed		0
TMyKeyboardEventHandler	TMyKlaviatūraNotikumshandler	TMyKlaviatūraNotikumshandler	existing-unreviewed		0
TMyMouseEventHandler	TMyPeleNotikumshandler	TMyPeleNotikumshandler	existing-unreviewed		0
TMyPCIControllerHandler	TMypcicontrollerhandler	TMypcicontrollerhandler	existing-unreviewed		0
TPartitionTableEntry	TPartitionTabulaieraksts	TPartitionTabulaieraksts	existing-unreviewed		0
TPeripheralComponentInterconnectController	TPeripheralcomponentinterconnectcontroller	TPeripheralcomponentinterconnectcontroller	existing-unreviewed		0
TPeripheralComponentInterconnectDeviceDescriptor	TPeripheralcomponentinterconnectIerīcedescriptor	TPeripheralcomponentinterconnectIerīcedescriptor	existing-unreviewed		0
TPort	TPorts	TPorts	existing-unreviewed		0
TPort16Bit	TPorts16bit	TPorts16bit	existing-unreviewed		0
TPort32Bit	TPorts32bit	TPorts32bit	existing-unreviewed		0
TPort8Bit	TPorts8bit	TPorts8bit	existing-unreviewed		0
TRawDataHandler	TRawdatahandler	TRawdatahandler	existing-unreviewed		0
TSSEntry	Tssieraksts	Tssieraksts	existing-unreviewed		0
TSyscall	TSyscall	TSyscall	existing-unreviewed		0
TTask	TTask	TTask	existing-unreviewed		0
TThread	TThread	TThread	existing-unreviewed		0
TThreadHelper	TThreadhelper	TThreadhelper	existing-unreviewed		0
TTimerDriver	TTimerdriver	TTimerdriver	existing-unreviewed		0
TUserDatagramProtocolHandler	TLietotājsdatagramprotocolhandler	TLietotājsdatagramprotocolhandler	existing-unreviewed		0
TUserDatagramProtocolHeader	TLietotājsdatagramprotocolheader	TLietotājsdatagramprotocolheader	pending-language-review	udp_header	0
TUserDatagramProtocolHeaderBuffer	TLietotājsdatagramprotocolheaderbuffer	TLietotājsdatagramprotocolheaderbuffer	existing-unreviewed		0
TUserDatagramProtocolProvider	TLietotājsdatagramprotocolprovider	TLietotājsdatagramprotocolprovider	existing-unreviewed		0
TUserDatagramProtocolSocket	TLietotājsdatagramprotocolLigzda	TLietotājsdatagramprotocolLigzda	pending-language-review	udp_socket	0
TVideoGraphicsArray	TVideoGrafikaMasīvs	TVideoGrafikaMasīvs	existing-unreviewed		0
TWidget	TWidget	TWidget	pending-language-review	widget	0
TWidgetMouseEventHandler	TWidgetPeleNotikumshandler	TWidgetPeleNotikumshandler	existing-unreviewed		0
Tamd_am79c973	Tamdam79c973	Tamdam79c973	existing-unreviewed		0
Test	Pārbaudīt	Pārbaudīt	existing-unreviewed		0
TestBit	Pārbaudītbit	Pārbaudītbit	existing-unreviewed		0
TestPrint	PārbaudītDrukāt	PārbaudītDrukāt	existing-unreviewed		0
Thread	Thread	Thread	existing-unreviewed		0
ThreadList	ThreadSaraksts	ThreadSaraksts	existing-unreviewed		0
ThreadState	ThreadStāvoklis	ThreadStāvoklis	existing-unreviewed		0
Threads	Threads	Threads	existing-unreviewed		0
TlsSegments	Tlssegments	Tlssegments	existing-unreviewed		0
TotalBlocks	KopāBloks	KopāBloks	existing-unreviewed		0
Type	Tips	Tips	existing-unreviewed		0
TypeTest	TipsPārbaudīt	TipsPārbaudīt	existing-unreviewed		0
T공용서술자테이블	TShareddescriptorTabula	TShareddescriptorTabula	existing-unreviewed		0
T공용서술자테이블_자료	TShareddescriptorTabuladata	TShareddescriptorTabuladata	existing-unreviewed		0
T작업관리자	TTaskmanager	TTaskmanager	existing-unreviewed		0
T조각설명자	TSegmentdescriptor	TSegmentdescriptor	existing-unreviewed		0
T콘솔	TConsole	TConsole	existing-unreviewed		0
T함수1	TFunkcija1	TFunkcija1	existing-unreviewed		0
UDESC_32SEG	Udesc32seg	Udesc32seg	existing-unreviewed		0
UDESC_CONTENTS	UdescSaturs	UdescSaturs	existing-unreviewed		0
UDESC_LIMIT_IN_PAGES	UdescIerobežotIenākošāpages	UdescIerobežotIenākošāpages	existing-unreviewed		0
UDESC_RX_ONLY	Udescrxonly	Udescrxonly	existing-unreviewed		0
UDESC_SEG_NOT_PRESENT	UdescsegnotKlātesošs	UdescsegnotKlātesošs	existing-unreviewed		0
UDESC_USABLE	Udescusable	Udescusable	existing-unreviewed		0
USER_STACK	Lietotājsstack	Lietotājsstack	existing-unreviewed		0
USER_STACK_SIZE	LietotājsstackIzmērs	LietotājsstackIzmērs	existing-unreviewed		0
USER_STACK_TOP	LietotājsstackAugšā	LietotājsstackAugšā	existing-unreviewed		0
Uid	Uid	Uid	existing-unreviewed		0
Uint16ToArray	Unsignedinteger16toMasīvs	Unsignedinteger16toMasīvs	existing-unreviewed		0
Uint16ToArray_BE	Unsignedinteger16toMasīvsbe	Unsignedinteger16toMasīvsbe	existing-unreviewed		0
Uint16_R	Unsignedinteger16r	Unsignedinteger16r	existing-unreviewed		0
Uint32ToArray	Unsignedinteger32toMasīvs	Unsignedinteger32toMasīvs	existing-unreviewed		0
Uint32_R	Unsignedinteger32r	Unsignedinteger32r	existing-unreviewed		0
Uint48ToArray	Unsignedinteger48toMasīvs	Unsignedinteger48toMasīvs	existing-unreviewed		0
Uint48ToArray_BE	Unsignedinteger48toMasīvsbe	Unsignedinteger48toMasīvsbe	existing-unreviewed		0
Uint48_R	Unsignedinteger48r	Unsignedinteger48r	existing-unreviewed		0
Uint64ToArray	Unsignedinteger64toMasīvs	Unsignedinteger64toMasīvs	existing-unreviewed		0
Uint64_R	Unsignedinteger64r	Unsignedinteger64r	existing-unreviewed		0
UnhandleInterrupt	UnhandlePārtraukums	UnhandlePārtraukums	existing-unreviewed		0
UnsetBit	Rietbit	Toggle_allocation_bit	pending-language-review	toggle_bit	1
UsedBlocks	IzmantotsBloks	IzmantotsBloks	existing-unreviewed		0
UserDesc	Lietotājsdescriptor	Lietotājsdescriptor	existing-unreviewed		0
UserStack	Lietotājsstack_2	Lietotājsstack_2	existing-unreviewed		0
UserStackSize	LietotājsstackIzmērs_2	LietotājsstackIzmērs_2	existing-unreviewed		0
Vendor_id	Ražotājsid	Ražotājsid	existing-unreviewed		0
Version	Versija	Versija	existing-unreviewed		0
VirtTest	VirtPārbaudīt	VirtPārbaudīt	existing-unreviewed		0
Write	Rakstīt	Rakstīt	existing-unreviewed		0
Write28	Rakstīt28	Rakstīt28	existing-unreviewed		0
WriteRegisters	Rakstītregister	Rakstītregister	existing-unreviewed		0
X	X	X	existing-unreviewed		0
Y	Y	Y	existing-unreviewed		0
Zero	Zero	Zero	existing-unreviewed		0
ZeroBlockInPageDir	ZeroBloksIenākošāLapaMape	ZeroBloksIenākošāLapaMape	existing-unreviewed		0
a	a	a	existing-unreviewed		0
aTime	aLaiks	aLaiks	existing-unreviewed		0
access	piekļūt	piekļūt	existing-unreviewed		0
accessMode	piekļūtRežīms	piekļūtRežīms	existing-unreviewed		0
ack	ack	ack	existing-unreviewed		0
activeKeyboardDriver	aktīvsKlaviatūradriver	aktīvsKlaviatūradriver	existing-unreviewed		0
activeMouseDriver	aktīvsPeledriver	aktīvsPeledriver	existing-unreviewed		0
addr	address	address	existing-unreviewed		0
addrPtr	addressKursors	addressKursors	existing-unreviewed		0
address	address_2	address_2	existing-unreviewed		0
addressError	addressKļūda	addressKļūda	existing-unreviewed		0
afInet	afinet	afinet	existing-unreviewed		0
allocFD	allocatefd	allocatefd	existing-unreviewed		0
allocOpenFile	allocateAtvērtFails	allocateAtvērtFails	existing-unreviewed		0
allocProcess	allocateprocess	allocateprocess	existing-unreviewed		0
allocateSocket	allocateLigzda	allocateLigzda	existing-unreviewed		0
allocated	allocated	allocated	existing-unreviewed		0
amd_am79c973	amdam79c973	amdam79c973	existing-unreviewed		0
args	parametri	parametri	existing-unreviewed		0
argument	argument	argument	existing-unreviewed		0
argumentPointers	argumentpointers	argumentpointers	existing-unreviewed		0
arguments	parametri_2	parametri_2	existing-unreviewed		0
arp	arp	arp	existing-unreviewed		0
arpBuffer	arpbuffer	arpbuffer	existing-unreviewed		0
arpMesgSize	arpmesgIzmērs	arpmesgIzmērs	existing-unreviewed		0
arpProvider	arpprovider	arpprovider	existing-unreviewed		0
arp콘솔	arpconsole	arpconsole	existing-unreviewed		0
array	masīvs	masīvs	existing-unreviewed		0
ata	ata	ata	existing-unreviewed		0
ata0s	ata0s	ata0s	existing-unreviewed		0
attempts	attempts	attempts	existing-unreviewed		0
attr	atribūts	atribūts	existing-unreviewed		0
attributeControllerIndexPort	atribūtscontrollerSatursPorts	atribūtscontrollerSatursPorts	existing-unreviewed		0
attributeControllerReadPort	atribūtscontrollerLasītPorts	atribūtscontrollerLasītPorts	existing-unreviewed		0
attributeControllerResetPort	atribūtscontrollerPārstatītPorts	atribūtscontrollerPārstatītPorts	existing-unreviewed		0
attributeControllerWritePort	atribūtscontrollerRakstītPorts	atribūtscontrollerRakstītPorts	existing-unreviewed		0
attributes	atribūti	atribūti	existing-unreviewed		0
aux	aux	aux	existing-unreviewed		0
avail	pieejams	pieejams	existing-unreviewed		0
b	b	b	existing-unreviewed		0
backend	backend	backend	existing-unreviewed		0
backupFpRegs	backupfpregs	backupfpregs	existing-unreviewed		0
backupSector	backupsector	backupsector	existing-unreviewed		0
bar	josla	josla	existing-unreviewed		0
barNum	joslaSkaitlis	joslaSkaitlis	existing-unreviewed		0
bar_value	joslaVērtība	joslaVērtība	existing-unreviewed		0
base	base	base	existing-unreviewed		0
baseCode	basecode	basecode	existing-unreviewed		0
baseHigh	baseAugsta	baseAugsta	existing-unreviewed		0
baseLow	baseKlusi	baseKlusi	existing-unreviewed		0
baseMid	basemid	basemid	existing-unreviewed		0
base_addr_high	baseaddressAugsta	baseaddressAugsta	existing-unreviewed		0
base_addr_low	baseaddressKlusi	baseaddressKlusi	existing-unreviewed		0
bh	bh	bh	existing-unreviewed		0
bindEphemeral	bindephemeral	bindephemeral	existing-unreviewed		0
bindError	bindKļūda	bindKļūda	existing-unreviewed		0
bios	bios	bios	existing-unreviewed		0
bit	bit	bit	existing-unreviewed		0
bitmap	bitmap	bitmap	pending-language-review	bitmap	0
bootSignature	bootsignature	bootsignature	existing-unreviewed		0
bootable	bootable	bootable	existing-unreviewed		0
bootloader	bootloader	bootloader	existing-unreviewed		0
bound	bound	bound	existing-unreviewed		0
bpb	bpb	bpb	pending-language-review	fat_parameters	0
bpbBytes	bpbBaiti	bpbBaiti	existing-unreviewed		0
bpbPtr	bpbKursors	bpbKursors	existing-unreviewed		0
buf	buffer	buffer	existing-unreviewed		0
buf1	buffer1	buffer1	existing-unreviewed		0
buf2	buffer2	buffer2	existing-unreviewed		0
buf3	buffer3	buffer3	existing-unreviewed		0
buf4	buffer4	buffer4	existing-unreviewed		0
buf6	buffer6	buffer6	existing-unreviewed		0
buffer	buffer_2	buffer_2	existing-unreviewed		0
buffer1	buffer1_2	buffer1_2	existing-unreviewed		0
buffer2	buffer2_2	buffer2_2	existing-unreviewed		0
bufferAddr	bufferaddress	bufferaddress	existing-unreviewed		0
bufferAddress	bufferaddress_2	bufferaddress_2	existing-unreviewed		0
bufptr	bufferKursors	bufferKursors	existing-unreviewed		0
bus	bus	bus	existing-unreviewed		0
busControlRegisterDataPort	busCtrlregisterdataPorts	busCtrlregisterdataPorts	existing-unreviewed		0
button	pogas	pogas	existing-unreviewed		0
buttons	pogas_2	pogas_2	existing-unreviewed		0
bytesPerSector	baitipersector	baitipersector	existing-unreviewed		0
c	c	c	existing-unreviewed		0
cDate	cDatums	cDatums	existing-unreviewed		0
cTime	cLaiks	cLaiks	existing-unreviewed		0
cTimeTenth	cLaikstenth	cLaikstenth	existing-unreviewed		0
call	call	call	existing-unreviewed		0
candidate	candidate	candidate	existing-unreviewed		0
cap	cap	cap	existing-unreviewed		0
char	char	char	existing-unreviewed		0
checked	checked	checked	existing-unreviewed		0
checksum	checksum	checksum	existing-unreviewed		0
child	bērns	bērns	existing-unreviewed		0
childPID	bērnspid	bērnspid	existing-unreviewed		0
childPageDir	bērnsLapaMape	bērnsLapaMape	existing-unreviewed		0
chunk	chunk	chunk	existing-unreviewed		0
class_id	klaseid	klaseid	existing-unreviewed		0
closeAllProcessFDs	aizvērtVisiprocessfds	aizvērtVisiprocessfds	existing-unreviewed		0
closeOnExec	aizvērtIeslēgtsIzpildīt	aizvērtIeslēgtsIzpildīt	existing-unreviewed		0
closeProcessFD	aizvērtprocessfd	aizvērtprocessfd	existing-unreviewed		0
code	code	code	existing-unreviewed		0
code1Ptr	code1Kursors	code1Kursors	existing-unreviewed		0
code1ptr	code1Kursors_2	code1Kursors_2	existing-unreviewed		0
code2Ptr	code2Kursors	code2Kursors	existing-unreviewed		0
code3Ptr	code3Kursors	code3Kursors	existing-unreviewed		0
codeSegment	codesegment	codesegment	existing-unreviewed		0
colorIndex	krāsaSaturs	krāsaSaturs	existing-unreviewed		0
colordepth	krāsadepth	krāsadepth	existing-unreviewed		0
command	komanda	komanda	existing-unreviewed		0
commandPort	komandaPorts	komandaPorts	existing-unreviewed		0
commandport	komandaPorts_2	komandaPorts_2	existing-unreviewed		0
common	kopējie	kopējie	existing-unreviewed		0
connected	connected	connected	existing-unreviewed		0
console	console	console	existing-unreviewed		0
controlPort	ctrlPorts	ctrlPorts	existing-unreviewed		0
copyExecVector	kopētIzpildītvector	kopētIzpildītvector	existing-unreviewed		0
copyLength	kopētGarums	kopētGarums	existing-unreviewed		0
copyPageDir	kopētLapaMape	kopētLapaMape	existing-unreviewed		0
copyPath	kopētCEĻŠ	kopētCEĻŠ	existing-unreviewed		0
copySocketName	kopētLigzdaNosaukums	kopētLigzdaNosaukums	existing-unreviewed		0
copyUtsField	kopētutslauks	kopētutslauks	existing-unreviewed		0
count	count	count	existing-unreviewed		0
count2	count2	count2	existing-unreviewed		0
cowFrameManager	cowIetvarsmanager	cowIetvarsmanager	existing-unreviewed		0
cpu	cpu	cpu	existing-unreviewed		0
cpustate	cpuStāvoklis	cpuStāvoklis	existing-unreviewed		0
cr0	cr0	cr0	existing-unreviewed		0
cr3	cr3	cr3	existing-unreviewed		0
cr4	cr4	cr4	existing-unreviewed		0
crtcDataPort	crtcdataPorts	crtcdataPorts	existing-unreviewed		0
crtcIndexPort	crtcSatursPorts	crtcSatursPorts	existing-unreviewed		0
cs	cs	cs	existing-unreviewed		0
currentRecvBuffer	pašreizējaisrecvbuffer	pašreizējaisrecvbuffer	existing-unreviewed		0
currentSendBuffer	pašreizējaisSūtītbuffer	pašreizējaisSūtītbuffer	existing-unreviewed		0
currentTask	pašreizējaistask	pašreizējaistask	existing-unreviewed		0
currentThread	pašreizējaisthread	pašreizējaisthread	existing-unreviewed		0
currentThreadIndex	pašreizējaisthreadSaturs	pašreizējaisthreadSaturs	existing-unreviewed		0
cursorHeight	cursorAugstums	cursorAugstums	existing-unreviewed		0
cursorStart	cursorStartēt	cursorStartēt	existing-unreviewed		0
d_tag	dBirka	dBirka	existing-unreviewed		0
d_val_ptr	dvalKursors	dvalKursors	existing-unreviewed		0
data	data	data	existing-unreviewed		0
dataBuf	databuffer	databuffer	existing-unreviewed		0
dataBytes	dataBaiti	dataBaiti	existing-unreviewed		0
dataPointer	dataKursors	dataKursors	existing-unreviewed		0
dataPort	dataPorts	dataPorts	existing-unreviewed		0
dataStart	dataStartēt	dataStartēt	existing-unreviewed		0
databuffer	databuffer_2	databuffer_2	existing-unreviewed		0
dataport	dataPorts_2	dataPorts_2	existing-unreviewed		0
defaultKeyboardEventHandler	noklusētaisKlaviatūraNotikumshandler	noklusētaisKlaviatūraNotikumshandler	existing-unreviewed		0
desc	descriptor	descriptor	existing-unreviewed		0
description	apraksts	apraksts	existing-unreviewed		0
destination	mērķis	mērķis	existing-unreviewed		0
destinationAddress	mērķisaddress	mērķisaddress	existing-unreviewed		0
destinationLength	mērķisGarums	mērķisGarums	existing-unreviewed		0
dev	ierīce	ierīce	existing-unreviewed		0
device	ierīce_2	ierīce_2	existing-unreviewed		0
deviceDescriptor	ierīcedescriptor	ierīcedescriptor	existing-unreviewed		0
devicePort	ierīcePorts	ierīcePorts	existing-unreviewed		0
diff	diff	diff	existing-unreviewed		0
digits	digits	digits	existing-unreviewed		0
dirent	dirent	dirent	existing-unreviewed		0
direntBytes	direntBaiti	direntBaiti	existing-unreviewed		0
direntPtr	direntKursors	direntKursors	existing-unreviewed		0
discardProcess	izmestprocess	izmestprocess	existing-unreviewed		0
dispatchInterrupt	dispatchPārtraukums	dispatchPārtraukums	existing-unreviewed		0
divisor	divisor	divisor	existing-unreviewed		0
domain	domēns	domēns	existing-unreviewed		0
driveNumber	driveSkaitlis	driveSkaitlis	existing-unreviewed		0
driver	driver	driver	existing-unreviewed		0
driverManager	drivermanager	drivermanager	existing-unreviewed		0
drivercount	drivercount	drivercount	existing-unreviewed		0
drv	driver_2	driver_2	existing-unreviewed		0
ds	ds	ds	existing-unreviewed		0
ds_segment	dssegment	dssegment	existing-unreviewed		0
dst	mērķis_2	mērķis_2	existing-unreviewed		0
dstEntry	mērķisieraksts	mērķisieraksts	existing-unreviewed		0
dstIP	mērķisipaddress	mērķisipaddress	existing-unreviewed		0
dstIP_BE	mērķisipaddressTīklsbyteorder	mērķisipaddressTīklsbyteorder	existing-unreviewed		0
dstMAC	mērķismacaddress	mērķismacaddress	existing-unreviewed		0
dstMAC_BE	mērķismacbe	mērķismacbe	existing-unreviewed		0
dstPageDir	mērķisLapaMape	mērķisLapaMape	existing-unreviewed		0
dstPort	mērķisPortsSkaitlis	mērķisPortsSkaitlis	pending-language-review	destination_port	0
dstPt	mērķispt	mērķispt	existing-unreviewed		0
dstPtPtr	mērķisptKursors	mērķisptKursors	existing-unreviewed		0
dstPtr	mērķisKursors	mērķisKursors	existing-unreviewed		0
dstptr	mērķisKursors_2	mērķisKursors_2	existing-unreviewed		0
dynamic	dynamic	dynamic	existing-unreviewed		0
e	e	e	existing-unreviewed		0
e_ehsize	eehsize	eehsize	existing-unreviewed		0
e_entry	eieraksts	eieraksts	existing-unreviewed		0
e_flags	eKarogi	eKarogi	existing-unreviewed		0
e_ident	eident	eident	existing-unreviewed		0
e_machine	emachine	emachine	existing-unreviewed		0
e_phentsize	ephentsize	ephentsize	existing-unreviewed		0
e_phnum	ephnum	ephnum	existing-unreviewed		0
e_phoff	ephoff	ephoff	existing-unreviewed		0
e_shentsize	eshentsize	eshentsize	existing-unreviewed		0
e_shnum	eshnum	eshnum	existing-unreviewed		0
e_shoff	eshoff	eshoff	existing-unreviewed		0
e_shstrndx	eshstrndx	eshstrndx	existing-unreviewed		0
e_type	eTips	eTips	existing-unreviewed		0
e_version	eVersija	eVersija	existing-unreviewed		0
eax	eax	eax	existing-unreviewed		0
ebp	ebp	ebp	existing-unreviewed		0
ebx	ebx	ebx	existing-unreviewed		0
ecx	ecx	ecx	existing-unreviewed		0
edi	edi	edi	existing-unreviewed		0
edx	edx	edx	existing-unreviewed		0
efHandler	efhandler	efhandler	existing-unreviewed		0
eflags	eflags	eflags	existing-unreviewed		0
eip	eip	eip	existing-unreviewed		0
eipOffset	eipoffset	eipoffset	existing-unreviewed		0
elf	elf	elf	existing-unreviewed		0
elf0	elf0	elf0	existing-unreviewed		0
elf2	elf2	elf2	existing-unreviewed		0
elf3	elf3	elf3	existing-unreviewed		0
elf4	elf4	elf4	existing-unreviewed		0
elfHeader	elfheader	elfheader	existing-unreviewed		0
enabled	ieslēgt	ieslēgt	existing-unreviewed		0
end	beigas	beigas	existing-unreviewed		0
endOffset	beigasoffset	beigasoffset	existing-unreviewed		0
end_cylinder	beigascylinder	beigascylinder	existing-unreviewed		0
end_head	beigashead	beigashead	existing-unreviewed		0
end_sector	beigassector	beigassector	existing-unreviewed		0
ensureCurrentProcess	ensurePašreizējaisprocess	ensurePašreizējaisprocess	existing-unreviewed		0
entry	ieraksts	ieraksts	existing-unreviewed		0
entryPoint	ierakstspoint	ierakstspoint	existing-unreviewed		0
entrypoint	ierakstspoint_2	ierakstspoint_2	existing-unreviewed		0
environment	environment	environment	existing-unreviewed		0
environmentPointers	environmentpointers	environmentpointers	existing-unreviewed		0
err	err	err	existing-unreviewed		0
errorPort	kļūdaPorts	kļūdaPorts	existing-unreviewed		0
es	es	es	existing-unreviewed		0
esi	esi	esi	existing-unreviewed		0
esp	esp	esp	existing-unreviewed		0
esp0	esp0	esp0	existing-unreviewed		0
esp1	esp1	esp1	existing-unreviewed		0
esp2	esp2	esp2	existing-unreviewed		0
etherFrameProvider	ethernetIetvarsprovider	ethernetIetvarsprovider	pending-language-review	ethernet_provider	0
etherType	ethernetTips	ethernetTips	existing-unreviewed		0
etherType_BE	ethernetTipsbe	ethernetTipsbe	existing-unreviewed		0
etherframe	ethernetIetvars	ethernetIetvars	existing-unreviewed		0
etherframePayload	ethernetIetvarspayload	ethernetIetvarspayload	existing-unreviewed		0
except	except	except	existing-unreviewed		0
exceptionCR0	exceptioncr0	exceptioncr0	existing-unreviewed		0
exceptionCR2	exceptioncr2	exceptioncr2	existing-unreviewed		0
exceptionCR3	exceptioncr3	exceptioncr3	existing-unreviewed		0
exceptionFrameValue	exceptionIetvarsVērtība	exceptionIetvarsVērtība	existing-unreviewed		0
exceptionHasErrorCode	exceptionhasKļūdacode	exceptionhasKļūdacode	existing-unreviewed		0
exceptionName	exceptionNosaukums	exceptionNosaukums	existing-unreviewed		0
execVector	izpildītvector	izpildītvector	existing-unreviewed		0
exists	exists	exists	existing-unreviewed		0
exited	exited	exited	existing-unreviewed		0
ext	ext	ext	existing-unreviewed		0
extFlags	extKarogi	extKarogi	existing-unreviewed		0
extendedScanCode	extendedSkenētcode	extendedSkenētcode	existing-unreviewed		0
fDupFD	fdupfd	fdupfd	existing-unreviewed		0
fGetFD	fgetfd	fgetfd	existing-unreviewed		0
fGetFL	fgetfl	fgetfl	existing-unreviewed		0
fSetFD	fkopafd	fkopafd	existing-unreviewed		0
fSetFL	fkopafl	fkopafl	existing-unreviewed		0
fat	fat	fat	existing-unreviewed		0
fatCopies	fatKopēt	fatKopēt	existing-unreviewed		0
fatInfo	fatinfo	fatinfo	existing-unreviewed		0
fatOffsetInSectorForCurrentCluster	fatoffsetIenākošāsectorforPašreizējaiscluster	fatoffsetIenākošāsectorforPašreizējaiscluster	existing-unreviewed		0
fatSectorCount	fatsectorcount	fatsectorcount	existing-unreviewed		0
fatSectorForCurrentCluster	fatsectorforPašreizējaiscluster	fatsectorforPašreizējaiscluster	existing-unreviewed		0
fatSize	fatIzmērs	fatIzmērs	existing-unreviewed		0
fatStart	fatStartēt	fatStartēt	existing-unreviewed		0
fatTypeLabel	fatTipsEtiķete	fatTipsEtiķete	existing-unreviewed		0
fatVersion	fatVersija	fatVersija	existing-unreviewed		0
fatbuf	fatbuf	fatbuf	existing-unreviewed		0
fatbuffer	fatbuffer	fatbuffer	existing-unreviewed		0
faultAddr	faultaddress	faultaddress	existing-unreviewed		0
fb	fb	fb	existing-unreviewed		0
fbCurCol	fbPašreizējaiscol	fbPašreizējaiscol	existing-unreviewed		0
fbCurLine	fbPašreizējaisRinda	fbPašreizējaisRinda	existing-unreviewed		0
fbHeight	fbAugstums	fbAugstums	existing-unreviewed		0
fbPhysAddr	fbphysaddress	fbphysaddress	existing-unreviewed		0
fbWidth	fbPlatums	fbPlatums	existing-unreviewed		0
fd	fd	fd	existing-unreviewed		0
fdCloexec	fdcloexec	fdcloexec	existing-unreviewed		0
fdEntry	fdieraksts	fdieraksts	existing-unreviewed		0
fdFlags	fdKarogi	fdKarogi	existing-unreviewed		0
fdKindConsole	fdkindconsole	fdkindconsole	existing-unreviewed		0
fdKindFat	fdkindfat	fdkindfat	existing-unreviewed		0
fdKindNone	fdkindNav	fdkindNav	existing-unreviewed		0
fdKindRootDir	fdkindSakneMape	fdkindSakneMape	existing-unreviewed		0
fdKindSocket	fdkindLigzda	fdkindLigzda	existing-unreviewed		0
fdKindStdin	fdkindstdin	fdkindstdin	existing-unreviewed		0
fds	fds	fds	existing-unreviewed		0
filePtr	failsKursors	failsKursors	existing-unreviewed		0
fileSector	failssector	failssector	existing-unreviewed		0
fileSize	failsIzmērs	failsIzmērs	existing-unreviewed		0
filename	failanosaukums	failanosaukums	existing-unreviewed		0
fillPosixStat	fillposixstat	fillposixstat	existing-unreviewed		0
findProcess	meklētprocess	meklētprocess	existing-unreviewed		0
first	pirmais	pirmais	existing-unreviewed		0
firstClusterHi	pirmaisclusterhi	pirmaisclusterhi	existing-unreviewed		0
firstClusterLow	pirmaisclusterKlusi	pirmaisclusterKlusi	existing-unreviewed		0
firstFileCluster	pirmaisFailscluster	pirmaisFailscluster	existing-unreviewed		0
flags	karogi	karogi	existing-unreviewed		0
flags2	karogi2	karogi2	existing-unreviewed		0
flagsAndOffset	karogiandoffset	karogiandoffset	existing-unreviewed		0
flushIndex	flushSaturs	flushSaturs	existing-unreviewed		0
flushTlsTable	flushtlsTabula	flushtlsTabula	existing-unreviewed		0
flush_tss	flushtss	flushtss	existing-unreviewed		0
fn	fn	fn	existing-unreviewed		0
foo	foo	foo	existing-unreviewed		0
foundChild	foundbērns	foundbērns	existing-unreviewed		0
frame	ietvars	ietvars	existing-unreviewed		0
frameCount	ietvarscount	ietvarscount	existing-unreviewed		0
frameHeaderSize	ietvarsheaderIzmērs	ietvarsheaderIzmērs	existing-unreviewed		0
free	brīvs	brīvs	existing-unreviewed		0
freePort	brīvsPorts	brīvsPorts	existing-unreviewed		0
frequency	biežums	biežums	existing-unreviewed		0
fs	fs	fs	existing-unreviewed		0
func1Val	func1val	func1val	existing-unreviewed		0
func2Val	func2val	func2val	existing-unreviewed		0
func3Val	func3val	func3val	existing-unreviewed		0
func_addr	funcaddress	funcaddress	existing-unreviewed		0
func_bytes	funcBaiti	funcBaiti	existing-unreviewed		0
func_name	funcNosaukums	funcNosaukums	existing-unreviewed		0
func_value	funcVērtība	funcVērtība	existing-unreviewed		0
function	funkcija	funkcija	existing-unreviewed		0
fxrstor	fxrstor	fxrstor	existing-unreviewed		0
fxsave	fxsave	fxsave	existing-unreviewed		0
g	g	g	existing-unreviewed		0
g_320x200x256	g320x200x256	g320x200x256	existing-unreviewed		0
gate	gate	gate	existing-unreviewed		0
gateData	gatedata	gatedata	existing-unreviewed		0
gatewayIP	gatewayip	gatewayip	existing-unreviewed		0
gdt	gdt	gdt	existing-unreviewed		0
gdtDescriptor	gdtdescriptor	gdtdescriptor	existing-unreviewed		0
gdtEntry	gdtieraksts	gdtieraksts	existing-unreviewed		0
gdtTable	gdtTabula	gdtTabula	existing-unreviewed		0
gdtTableLen	gdtTabulalen	gdtTabulalen	existing-unreviewed		0
gdt_codeSegmentSelector	gdtcodesegmentselector	gdtcodesegmentselector	existing-unreviewed		0
gdt_func	gdtfunc	gdtfunc	existing-unreviewed		0
getCR2	getcr2	getcr2	existing-unreviewed		0
getCR3	getcr3	getcr3	existing-unreviewed		0
getDescriptor	getdescriptor	getdescriptor	existing-unreviewed		0
getESI	getesi	getesi	existing-unreviewed		0
getESP	getesp	getesp	existing-unreviewed		0
getGDT	getgdt	getgdt	existing-unreviewed		0
getGS	getgs	getgs	existing-unreviewed		0
getOpenFile	getAtvērtFails	getAtvērtFails	existing-unreviewed		0
getOpenFileFor	getAtvērtFailsfor	getAtvērtFailsfor	existing-unreviewed		0
getTLS	gettls	gettls	existing-unreviewed		0
globalDescriptorTable	globālaisdescriptorTabula	globālaisdescriptorTabula	existing-unreviewed		0
globalOffsetTable	globālaisoffsetTabula	globālaisoffsetTabula	existing-unreviewed		0
global_offset_table	globālaisoffsetTabula_2	globālaisoffsetTabula_2	existing-unreviewed		0
graphicsControllerDataPort	grafikacontrollerdataPorts	grafikacontrollerdataPorts	existing-unreviewed		0
graphicsControllerIndexPort	grafikacontrollerSatursPorts	grafikacontrollerSatursPorts	existing-unreviewed		0
grub_multiboot_memory_map_t	grubmultibootAtmiņamapt	grubmultibootAtmiņamapt	existing-unreviewed		0
gs	gs	gs	existing-unreviewed		0
gs_segment	gssegment	gssegment	existing-unreviewed		0
h	h	h	existing-unreviewed		0
haltAfterFatalException	haltafterfatalexception	haltafterfatalexception	existing-unreviewed		0
handleInterrupt	handlePārtraukums	handlePārtraukums	existing-unreviewed		0
handleKeyboardInterrupt	handleKlaviatūraPārtraukums	handleKlaviatūraPārtraukums	existing-unreviewed		0
handleMouseInterrupt	handlePelePārtraukums	handlePelePārtraukums	existing-unreviewed		0
handlePagingInterrupt	handlepagingPārtraukums	handlepagingPārtraukums	existing-unreviewed		0
handleUnhandledSyscall	handleunhandledsyscall	handleunhandledsyscall	existing-unreviewed		0
handler	handler	handler	existing-unreviewed		0
handlerAddressHighBits	handleraddressAugstabiti	handleraddressAugstabiti	existing-unreviewed		0
handlerAddressLowBits	handleraddressKlusibiti	handleraddressKlusibiti	existing-unreviewed		0
handlerRun	handlerPalaist	handlerPalaist	existing-unreviewed		0
handlers	handler_2	handler_2	existing-unreviewed		0
hardwareAddressSize	aparatūraaddressIzmērs	aparatūraaddressIzmērs	existing-unreviewed		0
hardwareInterruptOffset	aparatūraPārtraukumsoffset	aparatūraPārtraukumsoffset	existing-unreviewed		0
hardwareType	aparatūraTips	aparatūraTips	existing-unreviewed		0
hd	hd	hd	existing-unreviewed		0
head	head	head	existing-unreviewed		0
headCount	headcount	headcount	existing-unreviewed		0
headerLength	headerGarums	headerGarums	existing-unreviewed		0
headertype	headertype	headertype	existing-unreviewed		0
height	augstums	augstums	existing-unreviewed		0
hex	heksa	heksa	existing-unreviewed		0
hiddenSectors	slēptssectors	slēptssectors	existing-unreviewed		0
i	i	i	existing-unreviewed		0
iCount	icount	icount	existing-unreviewed		0
iDrivers	idriver	idriver	existing-unreviewed		0
iKeyboardEventHandler	iKlaviatūraNotikumshandler	iKlaviatūraNotikumshandler	existing-unreviewed		0
iMouseEventHandler	iPeleNotikumshandler	iPeleNotikumshandler	existing-unreviewed		0
iPCIControllerHandler	ipcicontrollerhandler	ipcicontrollerhandler	existing-unreviewed		0
iRawDataHandler	irawdatahandler	irawdatahandler	existing-unreviewed		0
iTimerEventHandler	itimerNotikumshandler	itimerNotikumshandler	existing-unreviewed		0
icmp	icmp	icmp	existing-unreviewed		0
icmpSize	icmpIzmērs	icmpIzmērs	existing-unreviewed		0
icmp콘솔	icmpconsole	icmpconsole	existing-unreviewed		0
id	id	id	existing-unreviewed		0
ident	ident	ident	existing-unreviewed		0
idtData	idtdata	idtdata	existing-unreviewed		0
idtPointer	idtKursors	idtKursors	existing-unreviewed		0
idx	idx	idx	existing-unreviewed		0
index	saturs	saturs	existing-unreviewed		0
initBlock	initBloks	initBloks	existing-unreviewed		0
initFileDescriptors	initFailsdescriptor	initFailsdescriptor	existing-unreviewed		0
initPIT	initpit	initpit	existing-unreviewed		0
initializeProcessFDs	initializeprocessfds	initializeprocessfds	existing-unreviewed		0
inode	inode	inode	existing-unreviewed		0
inputEventTask	ievadeNotikumstask	ievadeNotikumstask	existing-unreviewed		0
installIDT	instalētidt	instalētidt	existing-unreviewed		0
intNumber	intSkaitlis	intSkaitlis	existing-unreviewed		0
interface_id	sASKARNEid	sASKARNEid	existing-unreviewed		0
internetprotocolPayload	internetsprotocolpayload	internetsprotocolpayload	existing-unreviewed		0
interrupt	pārtraukums	pārtraukums	existing-unreviewed		0
interruptDebug	pārtraukumsAtkļūdot	pārtraukumsAtkļūdot	existing-unreviewed		0
interruptExitLoop	pārtraukumsIzietloop	pārtraukumsIzietloop	existing-unreviewed		0
interruptGateEntries	pārtraukumsgateieraksts	pārtraukumsgateieraksts	existing-unreviewed		0
interruptHandler	pārtraukumshandler	pārtraukumshandler	existing-unreviewed		0
interrupts	interrupts	interrupts	existing-unreviewed		0
iomap	iomap	iomap	existing-unreviewed		0
ip	ip	ip	existing-unreviewed		0
ipEtherFrameHandler	ipethernetIetvarshandler	ipethernetIetvarshandler	existing-unreviewed		0
ipHandler	iphandler	iphandler	existing-unreviewed		0
ipIdx	ipidx	ipidx	existing-unreviewed		0
ipProtocolUDP	ipprotocoludp	ipprotocoludp	existing-unreviewed		0
ipProvider	ipprovider	ipprovider	pending-language-review	ip_provider	0
ipSize	ipIzmērs	ipIzmērs	existing-unreviewed		0
ip_be	ipTīklsbyteorder	ipTīklsbyteorder	existing-unreviewed		0
ipmessage	internetsprotocolZiņojums	internetsprotocolZiņojums	existing-unreviewed		0
ipv4	ipv4	ipv4	existing-unreviewed		0
ip콘솔	ipconsole	ipconsole	existing-unreviewed		0
isKernel	iskernel	iskernel	existing-unreviewed		0
isRoot	isSakne	isSakne	existing-unreviewed		0
isRootPath	isSakneCEĻŠ	isSakneCEĻŠ	existing-unreviewed		0
isSharedPDE	issharedpde	issharedpde	existing-unreviewed		0
istOffset	istoffset	istoffset	existing-unreviewed		0
j	j	j	existing-unreviewed		0
jmp	jmp	jmp	existing-unreviewed		0
jmp_user	jmpLietotājs	jmpLietotājs	existing-unreviewed		0
jump_usermode_iret	jumpusermodeiret	jumpusermodeiret	existing-unreviewed		0
kPageDirEntry	kLapaMapeieraksts	kLapaMapeieraksts	existing-unreviewed		0
kernelESP	kernelesp	kernelesp	existing-unreviewed		0
kernelPageDirEntry	kernelLapaMapeieraksts	kernelLapaMapeieraksts	existing-unreviewed		0
kernelSS	kernelss	kernelss	existing-unreviewed		0
key	atslēga	atslēga	existing-unreviewed		0
keyboard	klaviatūra	klaviatūra	existing-unreviewed		0
keyboardDriver	klaviatūradriver	klaviatūradriver	existing-unreviewed		0
keyboardEventHandler	klaviatūraNotikumshandler	klaviatūraNotikumshandler	existing-unreviewed		0
keyboardQueue	klaviatūraqueue	klaviatūraqueue	existing-unreviewed		0
keyboardQueueRead	klaviatūraqueueLasīt	klaviatūraqueueLasīt	existing-unreviewed		0
keyboardQueueSize	klaviatūraqueueIzmērs	klaviatūraqueueIzmērs	existing-unreviewed		0
keyboardQueueWrite	klaviatūraqueueRakstīt	klaviatūraqueueRakstīt	existing-unreviewed		0
kind	kind	kind	existing-unreviewed		0
l	l	l	existing-unreviewed		0
last	pēdējais	pēdējais	existing-unreviewed		0
lbaHiPort	lbahiPorts	lbahiPorts	existing-unreviewed		0
lbaLowPort	lbaKlusiPorts	lbaKlusiPorts	existing-unreviewed		0
lbaMidPort	lbamidPorts	lbamidPorts	existing-unreviewed		0
ldt	ldt	ldt	existing-unreviewed		0
leftShift	pakreisishift	pakreisishift	existing-unreviewed		0
len	len	len	existing-unreviewed		0
len_ver	lenver	lenver	existing-unreviewed		0
length	garums	garums	existing-unreviewed		0
lengthAddress	garumsaddress	garumsaddress	existing-unreviewed		0
lengthInBytes	garumsIenākošāBaiti	garumsIenākošāBaiti	existing-unreviewed		0
length_high	garumsAugsta	garumsAugsta	existing-unreviewed		0
length_low	garumsKlusi	garumsKlusi	existing-unreviewed		0
lengths	lengths	lengths	existing-unreviewed		0
lib1Addr	lib1address	lib1address	existing-unreviewed		0
lib1Data	lib1data	lib1data	existing-unreviewed		0
lib1File	lib1Fails	lib1Fails	existing-unreviewed		0
lib1GOT	lib1got	lib1got	existing-unreviewed		0
lib1elf	lib1elf	lib1elf	existing-unreviewed		0
lib2Addr	lib2address	lib2address	existing-unreviewed		0
lib2Data	lib2data	lib2data	existing-unreviewed		0
lib2File	lib2Fails	lib2Fails	existing-unreviewed		0
lib2GOT	lib2got	lib2got	existing-unreviewed		0
lib2elf	lib2elf	lib2elf	existing-unreviewed		0
libLinkMap	libSaitemap	libSaitemap	existing-unreviewed		0
lidtaddr	lidtaddr	lidtaddr	existing-unreviewed		0
limit	ierobežot	ierobežot	existing-unreviewed		0
limitHighAndFlags	ierobežotAugstaandKarogi	ierobežotAugstaandKarogi	existing-unreviewed		0
limitLow	ierobežotKlusi	ierobežotKlusi	existing-unreviewed		0
linkMap	saitemap	saitemap	existing-unreviewed		0
linkMapAddr	saitemapaddress	saitemapaddress	existing-unreviewed		0
linkerAddr	linkeraddress	linkeraddress	existing-unreviewed		0
linkerData	linkerdata	linkerdata	existing-unreviewed		0
linkerEntry	linkerieraksts	linkerieraksts	existing-unreviewed		0
linkerFile	linkerFails	linkerFails	existing-unreviewed		0
list	saraksts	saraksts	existing-unreviewed		0
listening	listening	listening	existing-unreviewed		0
loader	loader	loader	existing-unreviewed		0
local	vietējais	vietējais	existing-unreviewed		0
localDatagramSocket	vietējaisdatagramLigzda	vietējaisdatagramLigzda	existing-unreviewed		0
localIP	vietējaisip	vietējaisip	existing-unreviewed		0
localPort	vietējaisPortsSkaitlis	vietējaisPortsSkaitlis	existing-unreviewed		0
localSockets	vietējaissockets	vietējaissockets	existing-unreviewed		0
logicalAddress	logicaladdress	logicaladdress	existing-unreviewed		0
macAddr	macaddress	macaddress	existing-unreviewed		0
macIdx	macidx	macidx	existing-unreviewed		0
magicnumber	magicnumber	magicnumber	existing-unreviewed		0
main	main	main	compatibility		0
mainThread	galvenaisthread	galvenaisthread	existing-unreviewed		0
makePagePrivateWritableCurrent	makeLapaPrivātswritablePašreizējais	makeLapaPrivātswritablePašreizējais	existing-unreviewed		0
makeRangePrivateWritableCurrent	makeApgabalsPrivātswritablePašreizējais	makeApgabalsPrivātswritablePašreizējais	existing-unreviewed		0
manager	manager	manager	existing-unreviewed		0
mask	maska	maska	existing-unreviewed		0
master	master	master	existing-unreviewed		0
matches	matches	matches	existing-unreviewed		0
maxBARs	maksbars	maksbars	existing-unreviewed		0
maxDatagramSize	maksdatagramIzmērs	maksdatagramIzmērs	existing-unreviewed		0
maxExecStringLength	maksIzpildītvirkneGarums	maksIzpildītvirkneGarums	existing-unreviewed		0
maxExecVectorEntries	maksIzpildītvectorieraksts	maksIzpildītvectorieraksts	existing-unreviewed		0
maxFD	maksfd	maksfd	existing-unreviewed		0
maxOpenFiles	maksAtvērtFAILI	maksAtvērtFAILI	existing-unreviewed		0
maxSocketPackets	maksLigzdapackets	maksLigzdapackets	existing-unreviewed		0
maxSockets	makssockets	makssockets	existing-unreviewed		0
maximumBlocks	maksimumsBloks	maksimumsBloks	existing-unreviewed		0
mediaType	datunesējiTips	datunesējiTips	existing-unreviewed		0
mem	mem	mem	existing-unreviewed		0
memoryArray	atmiņaMasīvs	atmiņaMasīvs	existing-unreviewed		0
memoryChunkSize	atmiņachunkIzmērs	atmiņachunkIzmērs	existing-unreviewed		0
memoryManager	atmiņamanager	atmiņamanager	existing-unreviewed		0
memoryOper	atmiņaoper	atmiņaoper	existing-unreviewed		0
memorySize	atmiņaIzmērs	atmiņaIzmērs	existing-unreviewed		0
memorymananger	memorymananger	memorymananger	existing-unreviewed		0
memorytest	memorytest	memorytest	existing-unreviewed		0
message	ziņojums	ziņojums	existing-unreviewed		0
micsPort	micsPorts	micsPorts	existing-unreviewed		0
minimum	minimums	minimums	existing-unreviewed		0
mode	režīms	režīms	existing-unreviewed		0
mouseDriver	peledriver	peledriver	existing-unreviewed		0
mouseEventHandler	peleNotikumshandler	peleNotikumshandler	existing-unreviewed		0
mouseVGA	pelevga	pelevga	existing-unreviewed		0
mouseWidget	pelewidget	pelewidget	existing-unreviewed		0
msdospart	msdospartition	msdospartition	existing-unreviewed		0
msg	msg	msg	existing-unreviewed		0
msgBuffer	msgbuffer	msgbuffer	existing-unreviewed		0
multiboot_memory_map	multibootAtmiņamap	multibootAtmiņamap	existing-unreviewed		0
multitasking	multitasking	multitasking	existing-unreviewed		0
myKeyboardEventHandler	myKlaviatūraNotikumshandler	myKlaviatūraNotikumshandler	existing-unreviewed		0
myPCIControllerHandler	mypcicontrollerhandler	mypcicontrollerhandler	existing-unreviewed		0
myfunction	myfunction	myfunction	existing-unreviewed		0
n	n	n	existing-unreviewed		0
n_descsz	ndescsz	ndescsz	existing-unreviewed		0
n_namesz	nnamesz	nnamesz	existing-unreviewed		0
n_type	nTips	nTips	existing-unreviewed		0
name	nosaukums	nosaukums	existing-unreviewed		0
nameLen	nosaukumslen	nosaukumslen	existing-unreviewed		0
netCard	tīklscard	tīklscard	existing-unreviewed		0
newButtons	jaunsPogas	jaunsPogas	existing-unreviewed		0
newFD	jaunsfd	jaunsfd	existing-unreviewed		0
newFrame	jaunsIetvars	jaunsIetvars	existing-unreviewed		0
newLink	jaunsSaite	jaunsSaite	existing-unreviewed		0
newNode	jaunsnode	jaunsnode	existing-unreviewed		0
newPtr	jaunsKursors	jaunsKursors	existing-unreviewed		0
next	nākamais	nākamais	existing-unreviewed		0
nextEphemeralPort	nākamaisephemeralPorts	nākamaisephemeralPorts	existing-unreviewed		0
nextFileCluster	nākamaisFailscluster	nākamaisFailscluster	existing-unreviewed		0
nextHopIP_BE	nākamaishopipaddressTīklsbyteorder	nākamaishopipaddressTīklsbyteorder	existing-unreviewed		0
nextNode	nākamaisnode	nākamaisnode	existing-unreviewed		0
nextProcessID	nākamaisprocessid	nākamaisprocessid	existing-unreviewed		0
nextThread	nākamaisthread	nākamaisthread	existing-unreviewed		0
nibble	nibble	nibble	existing-unreviewed		0
node	node	node	pending-language-review	list_node	0
nodeArray	nodeMasīvs	nodeMasīvs	existing-unreviewed		0
num	skaitlis	skaitlis	existing-unreviewed		0
numCacheEntries	skaitliscacheieraksts	skaitliscacheieraksts	existing-unreviewed		0
numDrivers	skaitlisdriver	skaitlisdriver	existing-unreviewed		0
numFunctions	skaitlisFunkcijas	skaitlisFunkcijas	existing-unreviewed		0
numRecvBuffers	skaitlisrecvbuffer	skaitlisrecvbuffer	existing-unreviewed		0
numSendBuffers	skaitlisSūtītbuffer	skaitlisSūtītbuffer	existing-unreviewed		0
numSockets	skaitlissockets	skaitlissockets	existing-unreviewed		0
numTasks	skaitlisUzdevumi	skaitlisUzdevumi	existing-unreviewed		0
oAppend	oappend	oappend	existing-unreviewed		0
oCreate	ocreate	ocreate	existing-unreviewed		0
oDirectory	oMape	oMape	existing-unreviewed		0
oReadOnly	oLasītonly	oLasītonly	existing-unreviewed		0
oReadWrite	oLasītRakstīt	oLasītRakstīt	existing-unreviewed		0
oTruncate	oApraut	oApraut	existing-unreviewed		0
oWriteOnly	oRakstītonly	oRakstītonly	existing-unreviewed		0
o_addr	oaddress	oaddress	existing-unreviewed		0
offset	offset	offset	existing-unreviewed		0
ok	labi	labi	existing-unreviewed		0
oldButtons	oldPogas	oldPogas	existing-unreviewed		0
oldCR3	oldcr3	oldcr3	existing-unreviewed		0
oldFD	oldfd	oldfd	existing-unreviewed		0
oldFrame	oldIetvars	oldIetvars	existing-unreviewed		0
oldGdt	oldgdt	oldgdt	existing-unreviewed		0
oldGdtAddr	oldgdtaddress	oldgdtaddress	existing-unreviewed		0
oldGdtLen	oldgdtlen	oldgdtlen	existing-unreviewed		0
openFileDescription	atvērtFailsApraksts	atvērtFailsApraksts	existing-unreviewed		0
openFileTable	atvērtFailsTabula	atvērtFailsTabula	existing-unreviewed		0
options	opcijas	opcijas	existing-unreviewed		0
orgValue	orgVērtība	orgVērtība	existing-unreviewed		0
p	p	p	existing-unreviewed		0
p1	p1	p1	existing-unreviewed		0
p2	p2	p2	existing-unreviewed		0
p_align	pLīdzināt	pLīdzināt	existing-unreviewed		0
p_backend	pbackend	pbackend	existing-unreviewed		0
p_data	pdata	pdata	existing-unreviewed		0
p_efHandler	pefhandler	pefhandler	existing-unreviewed		0
p_efProvider	pefprovider	pefprovider	existing-unreviewed		0
p_etherType	pethernetTips	pethernetTips	existing-unreviewed		0
p_filesz	pfilesz	pfilesz	existing-unreviewed		0
p_flags	pKarogi	pKarogi	existing-unreviewed		0
p_iHandler	pihandler	pihandler	existing-unreviewed		0
p_ipHandler	piphandler	piphandler	existing-unreviewed		0
p_ipProvider	pipprovider	pipprovider	existing-unreviewed		0
p_memsz	pmemsz	pmemsz	existing-unreviewed		0
p_offset	poffset	poffset	existing-unreviewed		0
p_paddr	ppaddr	ppaddr	existing-unreviewed		0
p_protocol	pprotocol	pprotocol	existing-unreviewed		0
p_provider	pprovider	pprovider	existing-unreviewed		0
p_str	pstr	pstr	existing-unreviewed		0
p_type	pTips	pTips	existing-unreviewed		0
p_udpHandler	pudphandler	pudphandler	existing-unreviewed		0
p_udpProvider	pudpprovider	pudpprovider	existing-unreviewed		0
p_vaddr	pvaddr	pvaddr	existing-unreviewed		0
packet	packet	packet	existing-unreviewed		0
packetStatus	packetStatuss	packetStatuss	existing-unreviewed		0
packets	packets	packets	existing-unreviewed		0
page	lapa	lapa	existing-unreviewed		0
pageDir	lapaMape	lapaMape	pending-language-review	page_directory	0
pageDirEntry	lapaMapeieraksts	lapaMapeieraksts	existing-unreviewed		0
pageTableEntry	lapaTabulaieraksts	lapaTabulaieraksts	existing-unreviewed		0
paging	paging	paging	existing-unreviewed		0
param	param	param	existing-unreviewed		0
params	parametri_3	parametri_3	existing-unreviewed		0
parent	vecāks	vecāks	existing-unreviewed		0
parentPID	vecākspid	vecākspid	existing-unreviewed		0
parentProcess	vecāksprocess	vecāksprocess	existing-unreviewed		0
partEntry	partieraksts	partieraksts	existing-unreviewed		0
partition	partition	partition	existing-unreviewed		0
partitionBytes	partitionBaiti	partitionBaiti	existing-unreviewed		0
partitionOffset	partitionoffset	partitionoffset	existing-unreviewed		0
path	cEĻŠ	cEĻŠ	existing-unreviewed		0
pathAddr	cEĻŠaddress	cEĻŠaddress	existing-unreviewed		0
pci	pci	pci	existing-unreviewed		0
pciController	pcicontroller	pcicontroller	existing-unreviewed		0
pde	pde	pde	existing-unreviewed		0
pdeAddr	pdeaddress	pdeaddress	existing-unreviewed		0
pdelen	pdelen	pdelen	existing-unreviewed		0
peer	peer	peer	existing-unreviewed		0
pendingButtons	pendingPogas	pendingPogas	existing-unreviewed		0
pendingMouseEvent	pendingPeleNotikums	pendingPeleNotikums	existing-unreviewed		0
pendingX	pendingx	pendingx	existing-unreviewed		0
pendingY	pendingy	pendingy	existing-unreviewed		0
phyaddr	phyaddr	phyaddr	existing-unreviewed		0
phymem	physicalAtmiņa	physicalAtmiņa	existing-unreviewed		0
physicalAddress	physicaladdress	physicaladdress	existing-unreviewed		0
pid	pid	pid	existing-unreviewed		0
pitFrequency	pitBiežums	pitBiežums	existing-unreviewed		0
pixelAddress	pixeladdress	pixeladdress	existing-unreviewed		0
pointer	kursors	kursors	pending-language-review	pointer	0
pollKeyboardScancode	pollKlaviatūrascancode	pollKlaviatūrascancode	existing-unreviewed		0
port	ports	ports	existing-unreviewed		0
portBase	portsbase	portsbase	existing-unreviewed		0
portInUse	portsIenākošāIzmantot	portsIenākošāIzmantot	existing-unreviewed		0
portnumber	portnumber	portnumber	existing-unreviewed		0
pos	novietojums	novietojums	existing-unreviewed		0
position	novietojums_2	novietojums_2	existing-unreviewed		0
posixStat	posixstat	posixstat	existing-unreviewed		0
posixUtsname	posixutsname	posixutsname	existing-unreviewed		0
prefetchable	prefetchcapable	prefetchcapable	existing-unreviewed		0
prev	previous	previous	existing-unreviewed		0
prevNode	previousnode	previousnode	existing-unreviewed		0
prevX	previousx	previousx	existing-unreviewed		0
prevY	previousy	previousy	existing-unreviewed		0
printESP	drukātesp	drukātesp	existing-unreviewed		0
printExceptionSelectorInfo	drukātexceptionselectorinfo	drukātexceptionselectorinfo	existing-unreviewed		0
printPageFaultInfo	drukātLapafaultinfo	drukātLapafaultinfo	existing-unreviewed		0
printreg	printreg	printreg	existing-unreviewed		0
proc2	proc2	proc2	existing-unreviewed		0
proc3	proc3	proc3	existing-unreviewed		0
proc4	proc4	proc4	existing-unreviewed		0
process	process	process	existing-unreviewed		0
processEntry	processieraksts	processieraksts	existing-unreviewed		0
processHelper	processhelper	processhelper	existing-unreviewed		0
processTable	processTabula	processTabula	existing-unreviewed		0
processes	procesi	procesi	existing-unreviewed		0
programBreak	programmabreak	programmabreak	existing-unreviewed		0
protocol	protocol	protocol	existing-unreviewed		0
protocolAddressSize	protocoladdressIzmērs	protocoladdressIzmērs	existing-unreviewed		0
providedLength	providedGarums	providedGarums	existing-unreviewed		0
provider	provider	provider	existing-unreviewed		0
ps2WaitLimit	ps2GaidītIerobežot	ps2GaidītIerobežot	existing-unreviewed		0
pt	pt	pt	existing-unreviewed		0
pte	pte	pte	existing-unreviewed		0
pteAddr	pteaddress	pteaddress	existing-unreviewed		0
ptr	kursors_2	kursors_2	pending-language-review	pointer	0
pushExecUint32	pushIzpildītunsignedinteger32	pushIzpildītunsignedinteger32	existing-unreviewed		0
queueKeyboardByte	queueKlaviatūrabyte	queueKlaviatūrabyte	existing-unreviewed		0
r	r	r	existing-unreviewed		0
r_addend	raddend	raddend	existing-unreviewed		0
r_info	rinfo	rinfo	existing-unreviewed		0
r_offset	roffset	roffset	existing-unreviewed		0
raw	raw	raw	existing-unreviewed		0
rawDataBackend	rawdatabackend	rawdatabackend	existing-unreviewed		0
readFile	lasītFails	lasītFails	existing-unreviewed		0
readPS2Data	lasītps2data	lasītps2data	existing-unreviewed		0
readStdin	lasītstdin	lasītstdin	existing-unreviewed		0
readVFSFile	lasītvfsFails	lasītvfsFails	existing-unreviewed		0
read_count	lasītcount	lasītcount	existing-unreviewed		0
receiver	receiver	receiver	existing-unreviewed		0
recvBufferDescr	recvbufferApraksts	recvbufferApraksts	existing-unreviewed		0
recvBufferDescrAddress	recvbufferAprakstsaddress	recvbufferAprakstsaddress	existing-unreviewed		0
recvBuffers	recvbuffer	recvbuffer	existing-unreviewed		0
recvBuffersDescrMemory	recvbufferAprakstsAtmiņa	recvbufferAprakstsAtmiņa	existing-unreviewed		0
refBytes	referenceBaiti	referenceBaiti	existing-unreviewed		0
refPtr	referenceKursors	referenceKursors	existing-unreviewed		0
refs	refs	refs	existing-unreviewed		0
regIndex	regSaturs	regSaturs	existing-unreviewed		0
registerAddressPort	registeraddressPorts	registeraddressPorts	existing-unreviewed		0
registerDataPort	registerdataPorts	registerdataPorts	existing-unreviewed		0
registeroffset	registeroffset	registeroffset	existing-unreviewed		0
registers	register	register	existing-unreviewed		0
regtype	regtype	regtype	existing-unreviewed		0
rel_text	relTeksts	relTeksts	existing-unreviewed		0
rel_text_len	relTekstslen	relTekstslen	existing-unreviewed		0
releaseOpenFile	releaseAtvērtFails	releaseAtvērtFails	existing-unreviewed		0
released	released	released	existing-unreviewed		0
reloadCR3	pārlādētcr3	pārlādētcr3	existing-unreviewed		0
relocation_text	relocationTeksts	relocationTeksts	existing-unreviewed		0
remaining	remaining	remaining	existing-unreviewed		0
remote	remote	remote	existing-unreviewed		0
remoteIP	remoteip	remoteip	existing-unreviewed		0
remotePort	remotePortsSkaitlis	remotePortsSkaitlis	existing-unreviewed		0
requested	requested	requested	existing-unreviewed		0
reserved	reserved	reserved	existing-unreviewed		0
reserved0	reserved0	reserved0	existing-unreviewed		0
reservedSectors	reservedsectors	reservedsectors	existing-unreviewed		0
resetPort	pārstatītPorts	pārstatītPorts	existing-unreviewed		0
restoreFpRegs	atjaunotfpregs	atjaunotfpregs	existing-unreviewed		0
result	result	result	existing-unreviewed		0
result1	result1	result1	existing-unreviewed		0
result2	result2	result2	existing-unreviewed		0
ret	ret	ret	existing-unreviewed		0
revision	revision	revision	existing-unreviewed		0
rightShift	palabishift	palabishift	existing-unreviewed		0
rootCluster	saknecluster	saknecluster	existing-unreviewed		0
rootDirEntries	sakneMapeieraksts	sakneMapeieraksts	existing-unreviewed		0
rootStart	sakneStartēt	sakneStartēt	existing-unreviewed		0
rt	rt	rt	existing-unreviewed		0
s	s	s	existing-unreviewed		0
sIfchr	sifchr	sifchr	existing-unreviewed		0
sIfdir	sifdir	sifdir	existing-unreviewed		0
sIfmt	sifmt	sifmt	existing-unreviewed		0
sIfreg	sifreg	sifreg	existing-unreviewed		0
sIfsock	sifsock	sifsock	existing-unreviewed		0
savedESP	savedesp	savedesp	existing-unreviewed		0
sc	sc	sc	existing-unreviewed		0
scanCode	skenētcode	skenētcode	existing-unreviewed		0
scanCodeToByte	skenētcodetobyte	skenētcodetobyte	existing-unreviewed		0
scancodeToByte	scancodetobyte	scancodetobyte	existing-unreviewed		0
sche	sche	sche	existing-unreviewed		0
sche_data	schedata	schedata	existing-unreviewed		0
scheduleStack	schedulestack	schedulestack	existing-unreviewed		0
scheduler	scheduler	scheduler	existing-unreviewed		0
schedulerDebug	schedulerAtkļūdot	schedulerAtkļūdot	existing-unreviewed		0
sectHeader	sectheader	sectheader	existing-unreviewed		0
sectHeaderSize	sectheaderIzmērs	sectheaderIzmērs	existing-unreviewed		0
sectName	sectNosaukums	sectNosaukums	existing-unreviewed		0
sectValue	sectVērtība	sectVērtība	existing-unreviewed		0
sector	sector	sector	existing-unreviewed		0
sectorCountPort	sectorcountPorts	sectorcountPorts	existing-unreviewed		0
sectorNum	sectorSkaitlis	sectorSkaitlis	existing-unreviewed		0
sectorOffset	sectoroffset	sectoroffset	existing-unreviewed		0
sectorPerTrack	sectorpertrack	sectorpertrack	existing-unreviewed		0
sectorsPerCluster	sectorspercluster	sectorspercluster	existing-unreviewed		0
seekCur	seekPašreizējais	seekPašreizējais	existing-unreviewed		0
seekEnd	seekBeigas	seekBeigas	existing-unreviewed		0
seekSet	seekkopa	seekkopa	existing-unreviewed		0
segmentNumber	segmentSkaitlis	segmentSkaitlis	existing-unreviewed		0
self	pats	pats	existing-unreviewed		0
self_uintptr	patsuintptr	patsuintptr	existing-unreviewed		0
sendBack	reply	reply	existing-unreviewed		0
sendBufferDescr	sūtītbufferApraksts	sūtītbufferApraksts	existing-unreviewed		0
sendBufferDescrAddress	sūtītbufferAprakstsaddress	sūtītbufferAprakstsaddress	existing-unreviewed		0
sendBuffers	sūtītbuffer	sūtītbuffer	existing-unreviewed		0
sendBuffersDescrMemory	sūtītbufferAprakstsAtmiņa	sūtītbufferAprakstsAtmiņa	existing-unreviewed		0
sendDataPointer	sūtītdataKursors	sūtītdataKursors	existing-unreviewed		0
sendDescriptor	sūtītdescriptor	sūtītdescriptor	existing-unreviewed		0
sendMouseCommand	sūtītPeleKomanda	sūtītPeleKomanda	existing-unreviewed		0
sequencerDataPort	sequencerdataPorts	sequencerdataPorts	existing-unreviewed		0
sequencerIndexPort	sequencerSatursPorts	sequencerSatursPorts	existing-unreviewed		0
serialLogByte	seriallogbyte	seriallogbyte	existing-unreviewed		0
serialReady	serialGatavs	serialGatavs	existing-unreviewed		0
setCR3	kopacr3	kopacr3	existing-unreviewed		0
setDS	kopads	kopads	existing-unreviewed		0
setGS	kopags	kopags	existing-unreviewed		0
setThreadExitLoopState	kopathreadIzietloopStāvoklis	kopathreadIzietloopStāvoklis	existing-unreviewed		0
setupExecStack	setupIzpildītstack	setupIzpildītstack	existing-unreviewed		0
sh	sh	sh	existing-unreviewed		0
sh_addr	shaddress	shaddress	existing-unreviewed		0
sh_addralign	shaddralign	shaddralign	existing-unreviewed		0
sh_entsize	shentsize	shentsize	existing-unreviewed		0
sh_flags	shKarogi	shKarogi	existing-unreviewed		0
sh_info	shinfo	shinfo	existing-unreviewed		0
sh_link	shSaite	shSaite	existing-unreviewed		0
sh_name	shNosaukums	shNosaukums	existing-unreviewed		0
sh_offset	shoffset	shoffset	existing-unreviewed		0
sh_size	shIzmērs	shIzmērs	existing-unreviewed		0
sh_type	shTips	shTips	existing-unreviewed		0
shift	shift	shift	existing-unreviewed		0
signature	signature	signature	existing-unreviewed		0
size	izmērs	izmērs	existing-unreviewed		0
sl	sl	sl	existing-unreviewed		0
sockDatagram	sockdatagram	sockdatagram	existing-unreviewed		0
socket	ligzda	ligzda	existing-unreviewed		0
socketAddress	ligzdaaddress	ligzdaaddress	existing-unreviewed		0
socketAddressIPv4	ligzdaaddressipv4	ligzdaaddressipv4	existing-unreviewed		0
socketBind	ligzdabind	ligzdabind	existing-unreviewed		0
socketCallArgument	ligzdacallargument	ligzdacallargument	existing-unreviewed		0
socketConnect	ligzdaSavienoties	ligzdaSavienoties	existing-unreviewed		0
socketForFD	ligzdaforfd	ligzdaforfd	existing-unreviewed		0
socketIndex	ligzdaSaturs	ligzdaSaturs	existing-unreviewed		0
socketPacket	ligzdapacket	ligzdapacket	existing-unreviewed		0
socketReceiveFrom	ligzdareceivefrom	ligzdareceivefrom	existing-unreviewed		0
socketSendTo	ligzdaSūtītto	ligzdaSūtītto	existing-unreviewed		0
socketType	ligzdaTips	ligzdaTips	existing-unreviewed		0
sockets	sockets	sockets	existing-unreviewed		0
softName	softNosaukums	softNosaukums	existing-unreviewed		0
source	avots	avots	existing-unreviewed		0
sourceAddress	avotsaddress	avotsaddress	existing-unreviewed		0
sourceLengthAddress	avotsGarumsaddress	avotsGarumsaddress	existing-unreviewed		0
src	avots_2	avots_2	existing-unreviewed		0
srcEntry	avotsieraksts	avotsieraksts	existing-unreviewed		0
srcIP	avotsipaddress	avotsipaddress	existing-unreviewed		0
srcIP_BE	avotsipaddressTīklsbyteorder	avotsipaddressTīklsbyteorder	existing-unreviewed		0
srcMAC	avotsmacaddress	avotsmacaddress	existing-unreviewed		0
srcMAC_BE	avotsmacbe	avotsmacbe	existing-unreviewed		0
srcPageDir	avotsLapaMape	avotsLapaMape	existing-unreviewed		0
srcPde	avotspde	avotspde	existing-unreviewed		0
srcPdeAddr	avotspdeaddress	avotspdeaddress	existing-unreviewed		0
srcPort	avotsPortsSkaitlis	avotsPortsSkaitlis	pending-language-review	source_port	0
srcPt	avotspt	avotspt	existing-unreviewed		0
srcptr	srcptr	srcptr	existing-unreviewed		0
ss	ss	ss	existing-unreviewed		0
ss0	ss0	ss0	existing-unreviewed		0
ss1	ss1	ss1	existing-unreviewed		0
ss2	ss2	ss2	existing-unreviewed		0
st	st	st	existing-unreviewed		0
st_info	stinfo	stinfo	existing-unreviewed		0
st_name	stNosaukums	stNosaukums	existing-unreviewed		0
st_other	stCiti	stCiti	existing-unreviewed		0
st_shndx	stshndx	stshndx	existing-unreviewed		0
st_size	stIzmērs	stIzmērs	existing-unreviewed		0
st_value	stVērtība	stVērtība	existing-unreviewed		0
stack	stack	stack	pending-language-review	stack	0
stackBytes	stackBaiti	stackBaiti	existing-unreviewed		0
stackPtr	stackKursors	stackKursors	existing-unreviewed		0
stack_addr	stackaddress	stackaddress	existing-unreviewed		0
stackbottom	stackbottom	stackbottom	existing-unreviewed		0
stacktop	stacktop	stacktop	existing-unreviewed		0
start	startēt	startēt	existing-unreviewed		0
startOffset	startētoffset	startētoffset	existing-unreviewed		0
start_cylinder	startētcylinder	startētcylinder	existing-unreviewed		0
start_head	startēthead	startēthead	existing-unreviewed		0
start_sector	startētsector	startētsector	existing-unreviewed		0
startingBit	startingbit	startingbit	existing-unreviewed		0
stat	stat	stat	existing-unreviewed		0
statAddr	stataddress	stataddress	existing-unreviewed		0
status	statuss	statuss	existing-unreviewed		0
statusAddr	statussaddress	statussaddress	existing-unreviewed		0
stderrFD	stderrfd	stderrfd	existing-unreviewed		0
stdinBuffer	stdinbuffer	stdinbuffer	existing-unreviewed		0
stdinFD	stdinfd	stdinfd	existing-unreviewed		0
stdinGetBlocking	stdingetblocking	stdingetblocking	existing-unreviewed		0
stdinRead	stdinLasīt	stdinLasīt	existing-unreviewed		0
stdinWrite	stdinRakstīt	stdinRakstīt	existing-unreviewed		0
stdoutFD	stdoutfd	stdoutfd	existing-unreviewed		0
stoppedThread	apturētsthread	apturētsthread	existing-unreviewed		0
str	str	str	existing-unreviewed		0
stringAddress	virkneaddress	virkneaddress	existing-unreviewed		0
stringHeader	virkneheader	virkneheader	existing-unreviewed		0
strtab	strtab	strtab	existing-unreviewed		0
subclass_id	subclassid	subclassid	existing-unreviewed		0
subnetMask	subnetMaska	subnetMaska	existing-unreviewed		0
swapUint16	maiņvietaunsignedinteger16	maiņvietaunsignedinteger16	existing-unreviewed		0
switchForced	switchforced	switchforced	existing-unreviewed		0
sysAccess	syspiekļūt	syspiekļūt	existing-unreviewed		0
sysBrk	sysbrk	sysbrk	existing-unreviewed		0
sysCall	syscall	syscall	existing-unreviewed		0
sysChdir	syschdir	syschdir	existing-unreviewed		0
sysClose	sysAizvērt	sysAizvērt	existing-unreviewed		0
sysDup	sysdup	sysdup	existing-unreviewed		0
sysDup2	sysdup2	sysdup2	existing-unreviewed		0
sysExecve	sysexecve	sysexecve	existing-unreviewed		0
sysExit	sysIziet	sysIziet	existing-unreviewed		0
sysFcntl	sysfcntl	sysfcntl	existing-unreviewed		0
sysFork	sysfork	sysfork	existing-unreviewed		0
sysFstat	sysfstat	sysfstat	existing-unreviewed		0
sysFsync	sysfsync	sysfsync	existing-unreviewed		0
sysGetcwd	sysgetcwd	sysgetcwd	existing-unreviewed		0
sysLseek	syslseek	syslseek	existing-unreviewed		0
sysOpen	sysAtvērt	sysAtvērt	existing-unreviewed		0
sysRead	sysLasīt	sysLasīt	existing-unreviewed		0
sysSocketCall	sysLigzdacall	sysLigzdacall	existing-unreviewed		0
sysStat	sysstat	sysstat	existing-unreviewed		0
sysUname	sysuname	sysuname	existing-unreviewed		0
sysWaitpid	syswaitpid	syswaitpid	existing-unreviewed		0
sysWrite	sysRakstīt	sysRakstīt	existing-unreviewed		0
syscallError	syscallKļūda	syscallKļūda	existing-unreviewed		0
syscallID	syscallid	syscallid	existing-unreviewed		0
systemcall	sistēmacall	sistēmacall	existing-unreviewed		0
table	tabula	tabula	existing-unreviewed		0
tableSize	tabulaIzmērs	tabulaIzmērs	existing-unreviewed		0
tail	tail	tail	existing-unreviewed		0
task	task	task	existing-unreviewed		0
taskA	taska	taska	existing-unreviewed		0
taskB	taskb	taskb	existing-unreviewed		0
taskC	taskc	taskc	existing-unreviewed		0
taskD	taskd	taskd	existing-unreviewed		0
taskD0	taskd0	taskd0	existing-unreviewed		0
taskD1	taskd1	taskd1	existing-unreviewed		0
taskManager	taskmanager	taskmanager	existing-unreviewed		0
tasks	uzdevumi	uzdevumi	existing-unreviewed		0
temp	temporary	temporary	existing-unreviewed		0
terminated	terminated	terminated	existing-unreviewed		0
text	teksts	teksts	existing-unreviewed		0
textPtr	tekstsKursors	tekstsKursors	existing-unreviewed		0
text_len	tekstslen	tekstslen	existing-unreviewed		0
text_mode_check_fb_move	tekstsRežīmscheckfbPārvietot	tekstsRežīmscheckfbPārvietot	existing-unreviewed		0
text_mode_disable_cursor	tekstsRežīmsIzslēgtcursor	tekstsRežīmsIzslēgtcursor	existing-unreviewed		0
text_mode_enable_cursor	tekstsRežīmsIeslēgtcursor	tekstsRežīmsIeslēgtcursor	existing-unreviewed		0
text_mode_error_writer	tekstsRežīmsKļūdawriter	tekstsRežīmsKļūdawriter	existing-unreviewed		0
text_mode_flush_screen	tekstsRežīmsflushscreen	tekstsRežīmsflushscreen	existing-unreviewed		0
text_mode_init	tekstsRežīmsinit	tekstsRežīmsinit	existing-unreviewed		0
text_mode_print	tekstsRežīmsDrukāt	tekstsRežīmsDrukāt	existing-unreviewed		0
text_mode_print_bytes	tekstsRežīmsDrukātBaiti	tekstsRežīmsDrukātBaiti	existing-unreviewed		0
text_mode_print_char	tekstsRežīmsDrukātchar	tekstsRežīmsDrukātchar	existing-unreviewed		0
text_mode_print_char_col	tekstsRežīmsDrukātcharcol	tekstsRežīmsDrukātcharcol	existing-unreviewed		0
text_mode_print_col	tekstsRežīmsDrukātcol	tekstsRežīmsDrukātcol	existing-unreviewed		0
text_mode_print_error	tekstsRežīmsDrukātKļūda	tekstsRežīmsDrukātKļūda	existing-unreviewed		0
text_mode_print_error_bytes	tekstsRežīmsDrukātKļūdaBaiti	tekstsRežīmsDrukātKļūdaBaiti	existing-unreviewed		0
text_mode_print_errorln	tekstsRežīmsDrukāterrorln	tekstsRežīmsDrukāterrorln	existing-unreviewed		0
text_mode_print_hex	tekstsRežīmsDrukātHeksa	tekstsRežīmsDrukātHeksa	existing-unreviewed		0
text_mode_print_hex16	tekstsRežīmsDrukātHeksa16	tekstsRežīmsDrukātHeksa16	existing-unreviewed		0
text_mode_print_hex32	tekstsRežīmsDrukātHeksa32	tekstsRežīmsDrukātHeksa32	existing-unreviewed		0
text_mode_print_hex64	tekstsRežīmsDrukātHeksa64	tekstsRežīmsDrukātHeksa64	existing-unreviewed		0
text_mode_print_hex_char	tekstsRežīmsDrukātHeksachar	tekstsRežīmsDrukātHeksachar	existing-unreviewed		0
text_mode_println	tekstsRežīmsprintln	tekstsRežīmsprintln	existing-unreviewed		0
text_mode_println_col	tekstsRežīmsprintlncol	tekstsRežīmsprintlncol	existing-unreviewed		0
text_mode_update_cursor	tekstsRežīmsAtjauninātcursor	tekstsRežīmsAtjauninātcursor	existing-unreviewed		0
text_mode_writer	tekstsRežīmswriter	tekstsRežīmswriter	existing-unreviewed		0
thr2	thr2	thr2	existing-unreviewed		0
thr3	thr3	thr3	existing-unreviewed		0
thr4	thr4	thr4	existing-unreviewed		0
thread	thread	thread	existing-unreviewed		0
threadExitLoop	threadIzietloop	threadIzietloop	existing-unreviewed		0
threadHelper	threadhelper	threadhelper	existing-unreviewed		0
threadPtr	threadKursors	threadKursors	existing-unreviewed		0
tickCount	tickcount	tickcount	existing-unreviewed		0
timeDelta	laiksdelta	laiksdelta	existing-unreviewed		0
timeToLive	laikstolive	laikstolive	existing-unreviewed		0
timer	timer	timer	existing-unreviewed		0
tls	tls	tls	existing-unreviewed		0
tmp	tmp	tmp	existing-unreviewed		0
tmpPtr	tmpKursors	tmpKursors	existing-unreviewed		0
tos	tos	tos	existing-unreviewed		0
totalLength	kopāGarums	kopāGarums	existing-unreviewed		0
totalSectorCount	kopāsectorcount	kopāsectorcount	existing-unreviewed		0
totalSectors	kopāsectors	kopāsectors	existing-unreviewed		0
trap	trap	trap	existing-unreviewed		0
tss	tss	tss	existing-unreviewed		0
tssIndex	tssSaturs	tssSaturs	existing-unreviewed		0
udp	udp	udp	existing-unreviewed		0
udpHandler	udphandler	udphandler	existing-unreviewed		0
udpHeaderSize	udpheaderIzmērs	udpheaderIzmērs	existing-unreviewed		0
udpProvider	udpprovider	udpprovider	existing-unreviewed		0
udp콘솔	udpconsole	udpconsole	existing-unreviewed		0
unused	unused	unused	existing-unreviewed		0
used	izmantots	izmantots	existing-unreviewed		0
usedBlocks	izmantotsBloks	izmantotsBloks	existing-unreviewed		0
user1addr	lietotājs1address	lietotājs1address	existing-unreviewed		0
user1data	lietotājs1data	lietotājs1data	existing-unreviewed		0
user1entry	lietotājs1ieraksts	lietotājs1ieraksts	existing-unreviewed		0
user1file	lietotājs1Fails	lietotājs1Fails	existing-unreviewed		0
user2addr	lietotājs2address	lietotājs2address	existing-unreviewed		0
user2data	lietotājs2data	lietotājs2data	existing-unreviewed		0
user2entry	lietotājs2ieraksts	lietotājs2ieraksts	existing-unreviewed		0
user2file	lietotājs2Fails	lietotājs2Fails	existing-unreviewed		0
user3addr	lietotājs3address	lietotājs3address	existing-unreviewed		0
user3data	lietotājs3data	lietotājs3data	existing-unreviewed		0
user3entry	lietotājs3ieraksts	lietotājs3ieraksts	existing-unreviewed		0
user3file	lietotājs3Fails	lietotājs3Fails	existing-unreviewed		0
userHeapBase	lietotājsheapbase	lietotājsheapbase	existing-unreviewed		0
userHeapLimit	lietotājsheapIerobežot	lietotājsheapIerobežot	existing-unreviewed		0
user_esp	lietotājsesp	lietotājsesp	existing-unreviewed		0
userhandler	userhandler	userhandler	existing-unreviewed		0
userproc_entry	userprocieraksts	userprocieraksts	existing-unreviewed		0
util	util	util	existing-unreviewed		0
util콘솔	utilconsole	utilconsole	existing-unreviewed		0
v	v	v	existing-unreviewed		0
vAddr	vaddress	vaddress	existing-unreviewed		0
value	vērtība	vērtība	existing-unreviewed		0
values	values	values	existing-unreviewed		0
version	versija	versija	existing-unreviewed		0
vga	vga	vga	existing-unreviewed		0
virtlen	virtlen	virtlen	existing-unreviewed		0
virtmem	virtuālaAtmiņa	virtuālaAtmiņa	existing-unreviewed		0
virtualAddr	virtuālaaddress	virtuālaaddress	existing-unreviewed		0
volumeId	tilpumsid	tilpumsid	existing-unreviewed		0
volumeLabel	tilpumsEtiķete	tilpumsEtiķete	existing-unreviewed		0
w	w	w	existing-unreviewed		0
wDate	wDatums	wDatums	existing-unreviewed		0
wTime	wLaiks	wLaiks	existing-unreviewed		0
waitPS2InputEmpty	gaidītps2IevadeTukšs	gaidītps2IevadeTukšs	existing-unreviewed		0
waitPS2OutputFull	gaidītps2IzvadePilns	gaidītps2IzvadePilns	existing-unreviewed		0
wdata	wdata	wdata	existing-unreviewed		0
whence	whence	whence	existing-unreviewed		0
widget	widget	widget	existing-unreviewed		0
width	platums	platums	existing-unreviewed		0
writePS2Command	rakstītps2Komanda	rakstītps2Komanda	existing-unreviewed		0
writePS2Data	rakstītps2data	rakstītps2data	existing-unreviewed		0
write_count	rakstītcount	rakstītcount	existing-unreviewed		0
x	x	x	existing-unreviewed		0
xPageDir	xLapaMape	xLapaMape	existing-unreviewed		0
xPos	xNovietojums	xNovietojums	existing-unreviewed		0
y	y	y	existing-unreviewed		0
yPageDir	yLapaMape	yLapaMape	existing-unreviewed		0
yPos	yNovietojums	yNovietojums	existing-unreviewed		0
값	vērtība_2	vērtība_2	existing-unreviewed		0
공용서술자테이블	shareddescriptorTabula	shareddescriptorTabula	existing-unreviewed		0
기준	base_2	base_2	existing-unreviewed		0
기준_낮은	baseKlusi_2	baseKlusi_2	existing-unreviewed		0
기준_높은	baseAugsta_2	baseAugsta_2	existing-unreviewed		0
기준_매우높은	baseveryAugsta	baseveryAugsta	existing-unreviewed		0
기준주소	baseaddress	baseaddress	existing-unreviewed		0
넷카드콘솔	tīklscardconsole	tīklscardconsole	existing-unreviewed		0
단말기	terminal	terminal	existing-unreviewed		0
마우스콘솔	peleconsole	peleconsole	existing-unreviewed		0
매개값	argumentVērtība	argumentVērtība	existing-unreviewed		0
멈추기	halt	halt	existing-unreviewed		0
목적	mērķis_3	mērķis_3	existing-unreviewed		0
유형	tips	tips	existing-unreviewed		0
이더넷콘솔	ethernetconsole	ethernetconsole	existing-unreviewed		0
인터럽트무시하기	pārtraukumsignore	pārtraukumsignore	existing-unreviewed		0
인터럽트예외처리기	pārtraukumsexceptionhandler	pārtraukumsexceptionhandler	existing-unreviewed		0
인터럽트예외처리기0x00	pārtraukumsexceptionhandler0x00	pārtraukumsexceptionhandler0x00	existing-unreviewed		0
인터럽트예외처리기0x01	pārtraukumsexceptionhandler0x01	pārtraukumsexceptionhandler0x01	existing-unreviewed		0
인터럽트예외처리기0x02	pārtraukumsexceptionhandler0x02	pārtraukumsexceptionhandler0x02	existing-unreviewed		0
인터럽트예외처리기0x03	pārtraukumsexceptionhandler0x03	pārtraukumsexceptionhandler0x03	existing-unreviewed		0
인터럽트예외처리기0x04	pārtraukumsexceptionhandler0x04	pārtraukumsexceptionhandler0x04	existing-unreviewed		0
인터럽트예외처리기0x05	pārtraukumsexceptionhandler0x05	pārtraukumsexceptionhandler0x05	existing-unreviewed		0
인터럽트예외처리기0x06	pārtraukumsexceptionhandler0x06	pārtraukumsexceptionhandler0x06	existing-unreviewed		0
인터럽트예외처리기0x07	pārtraukumsexceptionhandler0x07	pārtraukumsexceptionhandler0x07	existing-unreviewed		0
인터럽트예외처리기0x08	pārtraukumsexceptionhandler0x08	pārtraukumsexceptionhandler0x08	existing-unreviewed		0
인터럽트예외처리기0x09	pārtraukumsexceptionhandler0x09	pārtraukumsexceptionhandler0x09	existing-unreviewed		0
인터럽트예외처리기0x0A	pārtraukumsexceptionhandler0x0a	pārtraukumsexceptionhandler0x0a	existing-unreviewed		0
인터럽트예외처리기0x0B	pārtraukumsexceptionhandler0x0b	pārtraukumsexceptionhandler0x0b	existing-unreviewed		0
인터럽트예외처리기0x0C	pārtraukumsexceptionhandler0x0c	pārtraukumsexceptionhandler0x0c	existing-unreviewed		0
인터럽트예외처리기0x0D	pārtraukumsexceptionhandler0x0d	pārtraukumsexceptionhandler0x0d	existing-unreviewed		0
인터럽트예외처리기0x0E	pārtraukumsexceptionhandler0x0e	pārtraukumsexceptionhandler0x0e	existing-unreviewed		0
인터럽트예외처리기0x0F	pārtraukumsexceptionhandler0x0f	pārtraukumsexceptionhandler0x0f	existing-unreviewed		0
인터럽트예외처리기0x10	pārtraukumsexceptionhandler0x10	pārtraukumsexceptionhandler0x10	existing-unreviewed		0
인터럽트예외처리기0x11	pārtraukumsexceptionhandler0x11	pārtraukumsexceptionhandler0x11	existing-unreviewed		0
인터럽트예외처리기0x12	pārtraukumsexceptionhandler0x12	pārtraukumsexceptionhandler0x12	existing-unreviewed		0
인터럽트예외처리기0x13	pārtraukumsexceptionhandler0x13	pārtraukumsexceptionhandler0x13	existing-unreviewed		0
인터럽트요청처리0x00	pārtraukumsrequesthandler0x00	pārtraukumsrequesthandler0x00	existing-unreviewed		0
인터럽트요청처리0x01	pārtraukumsrequesthandler0x01	pārtraukumsrequesthandler0x01	existing-unreviewed		0
인터럽트요청처리0x02	pārtraukumsrequesthandler0x02	pārtraukumsrequesthandler0x02	existing-unreviewed		0
인터럽트요청처리0x03	pārtraukumsrequesthandler0x03	pārtraukumsrequesthandler0x03	existing-unreviewed		0
인터럽트요청처리0x04	pārtraukumsrequesthandler0x04	pārtraukumsrequesthandler0x04	existing-unreviewed		0
인터럽트요청처리0x05	pārtraukumsrequesthandler0x05	pārtraukumsrequesthandler0x05	existing-unreviewed		0
인터럽트요청처리0x06	pārtraukumsrequesthandler0x06	pārtraukumsrequesthandler0x06	existing-unreviewed		0
인터럽트요청처리0x07	pārtraukumsrequesthandler0x07	pārtraukumsrequesthandler0x07	existing-unreviewed		0
인터럽트요청처리0x08	pārtraukumsrequesthandler0x08	pārtraukumsrequesthandler0x08	existing-unreviewed		0
인터럽트요청처리0x09	pārtraukumsrequesthandler0x09	pārtraukumsrequesthandler0x09	existing-unreviewed		0
인터럽트요청처리0x0A	pārtraukumsrequesthandler0x0a	pārtraukumsrequesthandler0x0a	existing-unreviewed		0
인터럽트요청처리0x0B	pārtraukumsrequesthandler0x0b	pārtraukumsrequesthandler0x0b	existing-unreviewed		0
인터럽트요청처리0x0C	pārtraukumsrequesthandler0x0c	pārtraukumsrequesthandler0x0c	existing-unreviewed		0
인터럽트요청처리0x0D	pārtraukumsrequesthandler0x0d	pārtraukumsrequesthandler0x0d	existing-unreviewed		0
인터럽트요청처리0x0E	pārtraukumsrequesthandler0x0e	pārtraukumsrequesthandler0x0e	existing-unreviewed		0
인터럽트요청처리0x0F	pārtraukumsrequesthandler0x0f	pārtraukumsrequesthandler0x0f	existing-unreviewed		0
인터럽트요청처리0x80	pārtraukumsrequesthandler0x80	pārtraukumsrequesthandler0x80	existing-unreviewed		0
인터럽트요청처리0x81	pārtraukumsrequesthandler0x81	pārtraukumsrequesthandler0x81	existing-unreviewed		0
인터럽트요청처리0x82	pārtraukumsrequesthandler0x82	pārtraukumsrequesthandler0x82	existing-unreviewed		0
인터럽트처리기	pārtraukumshandler_2	pārtraukumshandler_2	existing-unreviewed		0
임시	temporary_2	temporary_2	existing-unreviewed		0
자료	data_2	data_2	existing-unreviewed		0
자신	pats_2	pats_2	existing-unreviewed		0
작업관리자	taskmanager_2	taskmanager_2	existing-unreviewed		0
작업콘솔	taskconsole	taskconsole	existing-unreviewed		0
조각설명자	segmentdescriptor	segmentdescriptor	existing-unreviewed		0
콘솔	console_2	console_2	existing-unreviewed		0
크기	izmērs_2	izmērs_2	existing-unreviewed		0
키보드콘솔	klaviatūraconsole	klaviatūraconsole	existing-unreviewed		0
표시들	karogi_2	karogi_2	existing-unreviewed		0
표시들_한도_높은	karogiIerobežotAugsta	karogiIerobežotAugsta	existing-unreviewed		0
한도	ierobežot_2	ierobežot_2	existing-unreviewed		0
한도_낮은	ierobežotKlusi_2	ierobežotKlusi_2	existing-unreviewed		0
