original	before	after	review_status	concept	changed_tokens
Activate	Aktiválás	Aktiválás	existing-unreviewed		0
ActivateAll	AktiválásÖsszes	AktiválásÖsszes	existing-unreviewed		0
Active	Aktív	Aktív	existing-unreviewed		0
ActiveInterruptManager	AktívMegszakításmanager	AktívMegszakításmanager	existing-unreviewed		0
ActiveMemoryManager	AktívMemóriamanager	AktívMemóriamanager	existing-unreviewed		0
Add	Hozzáadás	Hozzáadás	existing-unreviewed		0
AddDriver	Hozzáadásdriver	Hozzáadásdriver	existing-unreviewed		0
AddRunnableThread	Hozzáadásrunnablethread	Hozzáadásrunnablethread	existing-unreviewed		0
AddTask	HozzáadásFeladat	HozzáadásFeladat	existing-unreviewed		0
AddThread	Hozzáadásthread	Hozzáadásthread	existing-unreviewed		0
Address	Address	Address	existing-unreviewed		0
AlignedMalloc	Alignedmalloc	Alignedmalloc	existing-unreviewed		0
AlignmentCheck	Alignmentcheck	Alignmentcheck	existing-unreviewed		0
AllocateBlock	AllocateBlokk	AllocateBlokk	existing-unreviewed		0
AllocatePID	Allocatepid	Allocatepid	existing-unreviewed		0
AmountOfMemory	MennyiségofMemória	MennyiségofMemória	existing-unreviewed		0
ArrayToUint16	Tömbtounsignedinteger16	Tömbtounsignedinteger16	existing-unreviewed		0
ArrayToUint32	Tömbtounsignedinteger32	Tömbtounsignedinteger32	existing-unreviewed		0
ArrayToUint48	Tömbtounsignedinteger48	Tömbtounsignedinteger48	existing-unreviewed		0
ArrayToUint48_BE	Tömbtounsignedinteger48be	Tömbtounsignedinteger48be	existing-unreviewed		0
ArrayToUint64	Tömbtounsignedinteger64	Tömbtounsignedinteger64	existing-unreviewed		0
Atime	Atime	Atime	existing-unreviewed		0
AtimeNsec	Atimensec	Atimensec	existing-unreviewed		0
BLOCKS_PER_BYTE	Blokkperbyte	Blokkperbyte	existing-unreviewed		0
BLOCK_SIZE	BlokkMéret	BlokkMéret	existing-unreviewed		0
Backend	Backend	Backend	existing-unreviewed		0
BaseAddr	Baseaddress	Baseaddress	existing-unreviewed		0
Bind	Bind	Bind	existing-unreviewed		0
Blksize	Blksize	Blksize	existing-unreviewed		0
Blocked	Blocked	Blocked	existing-unreviewed		0
BlockedState	BlockedÁllapot	BlockedÁllapot	existing-unreviewed		0
Blocks	Blokk	Blokk	existing-unreviewed		0
BoundRangeExceeded	BoundTartományexceeded	BoundTartományexceeded	existing-unreviewed		0
BroadcastMacAddress	Broadcastmacaddress	Broadcastmacaddress	existing-unreviewed		0
BytesPerSector	Bájtpersector	Bájtpersector	existing-unreviewed		0
BytesToString	BájttoKarakterlánc	BájttoKarakterlánc	existing-unreviewed		0
Checksum	Checksum	Checksum	existing-unreviewed		0
Clear	Törlés	Törlés	existing-unreviewed		0
Clone	Clone	Clone	existing-unreviewed		0
CloneAddressSpaceCOW	CloneaddressSzóközcow	CloneaddressSzóközcow	existing-unreviewed		0
Connect	Kapcsolódás	Kapcsolódás	existing-unreviewed		0
ContainsCoordinate	Containscoordinate	Containscoordinate	existing-unreviewed		0
CopyPageFrameBlock	MásolásOldalKeretBlokk	MásolásOldalKeretBlokk	existing-unreviewed		0
CpuState	CpuÁllapot	CpuÁllapot	existing-unreviewed		0
Create	Create	Create	existing-unreviewed		0
CreateFromData	Createfromdata	Createfromdata	existing-unreviewed		0
CreateFromFunction	CreatefromFüggvény	CreatefromFüggvény	existing-unreviewed		0
CreatePtrFromFunction	CreateMutatófromFüggvény	CreateMutatófromFüggvény	existing-unreviewed		0
Cs	Cs	Cs	existing-unreviewed		0
Ctime	Ctime	Ctime	existing-unreviewed		0
CtimeNsec	Ctimensec	Ctimensec	existing-unreviewed		0
CurrentPID	Jelenlegipid	Jelenlegipid	existing-unreviewed		0
CurrentParentPID	Jelenlegiparentpid	Jelenlegiparentpid	existing-unreviewed		0
Data	Data	Data	compatibility		0
Deactivate	Deaktiválás	Deaktiválás	existing-unreviewed		0
Deactive	Deactive	Deactive	existing-unreviewed		0
Decrement	Decrement	Decrement	existing-unreviewed		0
Delete	Törlés_2	Törlés_2	existing-unreviewed		0
DescriptorPrivilegeLevel	Descriptorprivilegelevel	Descriptorprivilegelevel	existing-unreviewed		0
DescriptorType	DescriptorTípus	DescriptorTípus	existing-unreviewed		0
Destroy	Megsemmisítés	Megsemmisítés	existing-unreviewed		0
Dev	Eszköz	Eszköz	existing-unreviewed		0
DeviceHasFunctions	EszközHasDistrictFüggvények	EszközHasDistrictFüggvények	existing-unreviewed		0
DeviceNotAvailable	EszközNemElérhető	EszközNemElérhető	existing-unreviewed		0
Device_id	EszközAzonosító	EszközAzonosító	existing-unreviewed		0
DisableInt	LetiltvaEgész	LetiltvaEgész	existing-unreviewed		0
Disconnect	Bontás	Bontás	existing-unreviewed		0
DivideByZero	OsztásbyNulla	OsztásbyNulla	existing-unreviewed		0
DoHandleInterrupt	DoFogantyúMegszakítás	DoFogantyúMegszakítás	existing-unreviewed		0
DoubleFault	Duplafault	Duplafault	existing-unreviewed		0
Draw	Draw	Draw	existing-unreviewed		0
DriverManager	Drivermanager	Drivermanager	existing-unreviewed		0
Ds	Ds	Ds	existing-unreviewed		0
Dynamic	Dinamikus	Dinamikus	existing-unreviewed		0
E2BIG	E2Nagy	E2Nagy	existing-unreviewed		0
EACCES	Eacces	Eacces	existing-unreviewed		0
EADDRINUSE	Eaddrinuse	Eaddrinuse	existing-unreviewed		0
EAFNOSUPPORT	Eafnosupport	Eafnosupport	existing-unreviewed		0
EAGAIN	Eagain	Eagain	existing-unreviewed		0
EBADF	Ebadf	Ebadf	existing-unreviewed		0
EBUSY	Ebusy	Ebusy	existing-unreviewed		0
ECHILD	Echild	Echild	existing-unreviewed		0
EEXIST	Eexist	Eexist	existing-unreviewed		0
EFAULT	Efault	Efault	existing-unreviewed		0
EFBIG	Efbig	Efbig	existing-unreviewed		0
EINTR	Eintr	Eintr	existing-unreviewed		0
EINVAL	Einval	Einval	existing-unreviewed		0
EIO	Eio	Eio	existing-unreviewed		0
EISDIR	Eisdir	Eisdir	existing-unreviewed		0
EMFILE	Emfile	Emfile	existing-unreviewed		0
EMSGSIZE	Emsgsize	Emsgsize	existing-unreviewed		0
ENETUNREACH	Enetunreach	Enetunreach	existing-unreviewed		0
ENFILE	Enfile	Enfile	existing-unreviewed		0
ENODEV	Enodev	Enodev	existing-unreviewed		0
ENOENT	Enoent	Enoent	existing-unreviewed		0
ENOEXEC	Enoexec	Enoexec	existing-unreviewed		0
ENOMEM	Enomem	Enomem	existing-unreviewed		0
ENOSPC	Enospc	Enospc	existing-unreviewed		0
ENOSYS	Enosys	Enosys	existing-unreviewed		0
ENOTCONN	Enotconn	Enotconn	existing-unreviewed		0
ENOTDIR	Enotdir	Enotdir	existing-unreviewed		0
ENOTTY	Enotty	Enotty	existing-unreviewed		0
EOPNOTSUPP	Eopnotsupp	Eopnotsupp	existing-unreviewed		0
EPERM	Eperm	Eperm	existing-unreviewed		0
EPROTONOSUPPORT	Eprotonosupport	Eprotonosupport	existing-unreviewed		0
ERANGE	Erange	Erange	existing-unreviewed		0
EROFS	Erofs	Erofs	existing-unreviewed		0
ESPIPE	Espipe	Espipe	existing-unreviewed		0
ESRCH	Esrch	Esrch	existing-unreviewed		0
Eax	Eax	Eax	existing-unreviewed		0
Ebp	Ebp	Ebp	existing-unreviewed		0
Ebx	Ebx	Ebx	existing-unreviewed		0
Ecx	Ecx	Ecx	existing-unreviewed		0
Edi	Edi	Edi	existing-unreviewed		0
Edx	Edx	Edx	existing-unreviewed		0
Eflags	Eflags	Eflags	existing-unreviewed		0
Eip	Eip	Eip	existing-unreviewed		0
Elf	Elf	Elf	existing-unreviewed		0
Elf32Dyn	Elf32dyn	Elf32dyn	existing-unreviewed		0
Elf32Note	Elf32Megjegyzés	Elf32Megjegyzés	existing-unreviewed		0
Elf32Rel	Elf32rel	Elf32rel	existing-unreviewed		0
Elf32Rela	Elf32rela	Elf32rela	existing-unreviewed		0
Elf32Sym	Elf32sym	Elf32sym	existing-unreviewed		0
ElfHeader	Elfheader	Elfheader	existing-unreviewed		0
ElfProgramHeader	Elfprogramheader	Elfprogramheader	existing-unreviewed		0
ElfSectionHeader	Elfsectionheader	Elfsectionheader	existing-unreviewed		0
EnablePaging	Engedélyezvepaging	Engedélyezvepaging	existing-unreviewed		0
Enabled	Engedélyezve	Engedélyezve	existing-unreviewed		0
EntryNumber	BejegyzésSzám	BejegyzésSzám	existing-unreviewed		0
EqualBytes	EgyenlőBájt	EgyenlőBájt	existing-unreviewed		0
Es	Es	Es	existing-unreviewed		0
Esi	Esi	Esi	existing-unreviewed		0
Esp	Esp	Esp	existing-unreviewed		0
FPUBuffer	Fpubuffer	Fpubuffer	existing-unreviewed		0
FPUOffset	FpuEltolás	FpuEltolás	existing-unreviewed		0
Family	Family	Family	existing-unreviewed		0
FileName	FájlNév	FájlNév	existing-unreviewed		0
Fill	Fill	Fill	existing-unreviewed		0
FillRectangle	FillNégyzet	FillNégyzet	existing-unreviewed		0
First	First	First	existing-unreviewed		0
FirstFree	FirstSzabad	FirstSzabad	existing-unreviewed		0
FirstFreeSize	FirstSzabadMéret	FirstSzabadMéret	existing-unreviewed		0
Flags	Flagek	Flagek	existing-unreviewed		0
FloatingPointException	Lebegőpointexception	Lebegőpointexception	existing-unreviewed		0
Flush	Flush	Flush	existing-unreviewed		0
FlushTlsTable	FlushtlsTáblázat	FlushtlsTáblázat	existing-unreviewed		0
Focussable	Focussable	Focussable	existing-unreviewed		0
Free	Szabad	Szabad	existing-unreviewed		0
Fs	Fs	Fs	existing-unreviewed		0
GB	Gb	Gb	existing-unreviewed		0
GDT_ENTRIES	Gdtbejegyzés	Gdtbejegyzés	existing-unreviewed		0
GOT	Got	Got	existing-unreviewed		0
GPFException	Gpfexception	Gpfexception	existing-unreviewed		0
GatewayIP	Átjáróip	Átjáróip	existing-unreviewed		0
GdtAddressHigh	GdtaddressMagas	GdtaddressMagas	existing-unreviewed		0
GdtAddressLow	GdtaddressAlacsony	GdtaddressAlacsony	existing-unreviewed		0
GdtDescriptor	Gdtdescriptor	Gdtdescriptor	existing-unreviewed		0
GdtEntry	Gdtbejegyzés_2	Gdtbejegyzés_2	existing-unreviewed		0
GdtSize	GdtMéret	GdtMéret	existing-unreviewed		0
GetAt	Getat	Getat	existing-unreviewed		0
GetBackend	Getbackend	Getbackend	existing-unreviewed		0
GetBaseAddressRegister	Getbaseaddressregister	Getbaseaddressregister	existing-unreviewed		0
GetBitmaspSize	GetbitmaspMéret	GetbitmaspMéret	existing-unreviewed		0
GetBytesFromPtr	GetBájtfromMutató	GetBájtfromMutató	existing-unreviewed		0
GetCR0	Getcr0	Getcr0	existing-unreviewed		0
GetCR2	Getcr2	Getcr2	existing-unreviewed		0
GetCR3	Getcr3	Getcr3	existing-unreviewed		0
GetCR4	Getcr4	Getcr4	existing-unreviewed		0
GetColorIndex	GetSzínindex	GetSzínindex	existing-unreviewed		0
GetDeviceDescriptor	GetEszközdescriptor	GetEszközdescriptor	existing-unreviewed		0
GetDriver	Getdriver	Getdriver	existing-unreviewed		0
GetESP0	Getesp0	Getesp0	existing-unreviewed		0
GetEntry	Getbejegyzés	Getbejegyzés	existing-unreviewed		0
GetFileSize	GetFájlMéret	GetFájlMéret	existing-unreviewed		0
GetFocus	GetFókusz	GetFókusz	existing-unreviewed		0
GetFrameBufferSegment	GetKeretbuffersegment	GetKeretbuffersegment	existing-unreviewed		0
GetFuncPtrFromPtr	GetfuncMutatófromMutató	GetfuncMutatófromMutató	existing-unreviewed		0
GetFunctionName	GetFüggvényNév	GetFüggvényNév	existing-unreviewed		0
GetHandler	Gethandler	Gethandler	existing-unreviewed		0
GetIPAddress	Getipaddress	Getipaddress	existing-unreviewed		0
GetMACAddress	Getmacaddress	Getmacaddress	existing-unreviewed		0
GetMACFromCache	Getmacfromcache	Getmacfromcache	existing-unreviewed		0
GetNextReadyThread	GetKövetkezőKészthread	GetKövetkezőKészthread	existing-unreviewed		0
GetNodeAt	GetCsomópontat	GetCsomópontat	existing-unreviewed		0
GetProvider	Providerget	Providerget	existing-unreviewed		0
GetSS0	Getss0	Getss0	existing-unreviewed		0
GetStr	Getstr	Getstr	existing-unreviewed		0
GetUint32ArrayFromPtr	Getunsignedinteger32TömbfromMutató	Getunsignedinteger32TömbfromMutató	existing-unreviewed		0
GetUintptrArrayFromPtr	GetunsignedintegerMutatóTömbfromMutató	GetunsignedintegerMutatóTömbfromMutató	existing-unreviewed		0
GetValue	GetÉrték	GetÉrték	existing-unreviewed		0
GetValueInPageDir	GetÉrtékBeOldalKönyvtár	GetÉrtékBeOldalKönyvtár	existing-unreviewed		0
Gid	Gid	Gid	existing-unreviewed		0
Gs	Gs	Gs	existing-unreviewed		0
HandleException	Fogantyúexception	Fogantyúexception	existing-unreviewed		0
HandleFatalInterruptFrame	FogantyúfatalMegszakításKeret	FogantyúfatalMegszakításKeret	existing-unreviewed		0
HandleInterrupt	FogantyúMegszakítás	FogantyúMegszakítás	existing-unreviewed		0
HandleInterrupt1	FogantyúMegszakítás1	FogantyúMegszakítás1	existing-unreviewed		0
HandleUserDatagramProtocolMessage	FogantyúFelhasználódatagramprotocolÜzenet	FogantyúFelhasználódatagramprotocolÜzenet	existing-unreviewed		0
IDT_DESC_PRESENT	IdtdescriptorJelenvan	IdtdescriptorJelenvan	existing-unreviewed		0
IDT_INTERRUPT_GATE	IdtMegszakításgate	IdtMegszakításgate	existing-unreviewed		0
IDriver	IDriver	IDriver	existing-unreviewed		0
IEtherFrameHandler	IEthernetKerethandler	IEthernetKerethandler	existing-unreviewed		0
IInternetProtocolHandler	IInternetprotocolhandler	IInternetprotocolhandler	existing-unreviewed		0
IInterruptHandler	IMegszakításhandler	IMegszakításhandler	existing-unreviewed		0
IKeyboardEventHandler	IBillentyűzetEseményhandler	IBillentyűzetEseményhandler	existing-unreviewed		0
IMouseEventHandler	IEgérEseményhandler	IEgérEseményhandler	existing-unreviewed		0
IPCIControllerHandler	IpciVezérlőhandler	IpciVezérlőhandler	existing-unreviewed		0
IPCache	Ipcache	Ipcache	existing-unreviewed		0
IP_BE	IpHálózatbyteorder	IpHálózatbyteorder	existing-unreviewed		0
IRawDataHandler	IRawdatahandler	IRawdatahandler	existing-unreviewed		0
ITimerEventHandler	IIdőzítőEseményhandler	IIdőzítőEseményhandler	existing-unreviewed		0
IUserDatagramProtocolHandler	IFelhasználódatagramprotocolhandler	IFelhasználódatagramprotocolhandler	existing-unreviewed		0
IUserDatagramProtocolSocket	IFelhasználódatagramprotocolFoglalat	IFelhasználódatagramprotocolFoglalat	existing-unreviewed		0
IWidget	IElem	IElem	pending-language-review	widget	0
Identify	Identify	Identify	existing-unreviewed		0
Increment	Increment	Increment	existing-unreviewed		0
IndexOf	Indexof	Indexof	existing-unreviewed		0
Init	Init	Init	existing-unreviewed		0
InitDriver	Initdriver	Initdriver	existing-unreviewed		0
InitialThreadUserJump	InitialthreadFelhasználójump	InitialthreadFelhasználójump	existing-unreviewed		0
Ino	Ino	Ino	existing-unreviewed		0
Install	Telepítés	Telepítés	existing-unreviewed		0
Interrupt	Megszakítás	Megszakítás	existing-unreviewed		0
InterruptActive	MegszakításAktív	MegszakításAktív	existing-unreviewed		0
InterruptDeactive	Megszakításdeactive	Megszakításdeactive	existing-unreviewed		0
InterruptManager	Megszakításmanager	Megszakításmanager	existing-unreviewed		0
InterruptNumber	MegszakításSzám	MegszakításSzám	existing-unreviewed		0
InvalidOpcode	Érvénytelenopcode	Érvénytelenopcode	existing-unreviewed		0
InvalidTSS	Érvénytelentss	Érvénytelentss	existing-unreviewed		0
IsKernel	Iskernel	Iskernel	existing-unreviewed		0
IsPresent	IsJelenvan	IsJelenvan	existing-unreviewed		0
IsUserSpace	IsFelhasználóSzóköz	IsFelhasználóSzóköz	existing-unreviewed		0
KB	Kb	Kb	existing-unreviewed		0
KCS_INDEX	Kcsindex	Kcsindex	existing-unreviewed		0
KCS_SELECTOR	Kcsselector	Kcsselector	existing-unreviewed		0
KDS_INDEX	Kdsindex	Kdsindex	existing-unreviewed		0
KDS_SELECTOR	Kdsselector	Kdsselector	existing-unreviewed		0
KERNEL_HEAP_START	KernelheapIndítás	KernelheapIndítás	existing-unreviewed		0
KERNEL_VIRT_ADDR	Kernelvirtaddress	Kernelvirtaddress	existing-unreviewed		0
KGS_INDEX	Kgsindex	Kgsindex	existing-unreviewed		0
KGS_SELECTOR	Kgsselector	Kgsselector	existing-unreviewed		0
K핵심	KKernelEntry	KKernelEntry	compatibility		0
LIDT	Lidt	Lidt	existing-unreviewed		0
Last	Utolsó	Utolsó	existing-unreviewed		0
Len	Len	Len	compatibility		0
Limit	Korlátozás	Korlátozás	existing-unreviewed		0
Link	Hivatkozás	Hivatkozás	existing-unreviewed		0
LinkMap	Hivatkozásmap	Hivatkozásmap	existing-unreviewed		0
LinkedList	LinkedLista	LinkedLista	existing-unreviewed		0
Listen	Listen	Listen	existing-unreviewed		0
LoadElf	Terheléself	Terheléself	existing-unreviewed		0
MAC	Mac	Mac	existing-unreviewed		0
MAC0	Mac0	Mac0	existing-unreviewed		0
MAC1	Mac1	Mac1	existing-unreviewed		0
MAC2	Mac2	Mac2	existing-unreviewed		0
MAC3	Mac3	Mac3	existing-unreviewed		0
MAC4	Mac4	Mac4	existing-unreviewed		0
MAC5	Mac5	Mac5	existing-unreviewed		0
MACAddress0Port	Macaddress0port	Macaddress0port	existing-unreviewed		0
MACAddress2Port	Macaddress2port	Macaddress2port	existing-unreviewed		0
MACAddress4Port	Macaddress4port	Macaddress4port	existing-unreviewed		0
MACCache	Maccache	Maccache	existing-unreviewed		0
MAX_QUEUE_SIZE	MaximumqueueMéret	MaximumqueueMéret	existing-unreviewed		0
MB	Mb	Mb	existing-unreviewed		0
MBR	Mbr	Mbr	existing-unreviewed		0
MHex출력	MHexadecimalNyomtatás	MHexadecimalNyomtatás	existing-unreviewed		0
MHex출력XY	MHexadecimalNyomtatásxy	MHexadecimalNyomtatásxy	existing-unreviewed		0
MUint16출력	MUnsignedinteger16Nyomtatás	MUnsignedinteger16Nyomtatás	existing-unreviewed		0
MUint16출력XY	MUnsignedinteger16Nyomtatásxy	MUnsignedinteger16Nyomtatásxy	existing-unreviewed		0
MUint32출력	MUnsignedinteger32Nyomtatás	MUnsignedinteger32Nyomtatás	existing-unreviewed		0
MUint32출력XY	MUnsignedinteger32Nyomtatásxy	MUnsignedinteger32Nyomtatásxy	existing-unreviewed		0
MUint64출력	MUnsignedinteger64Nyomtatás	MUnsignedinteger64Nyomtatás	existing-unreviewed		0
MUint64출력XY	MUnsignedinteger64Nyomtatásxy	MUnsignedinteger64Nyomtatásxy	existing-unreviewed		0
Machine	Machine	Machine	existing-unreviewed		0
MachineCheck	Machinecheck	Machinecheck	existing-unreviewed		0
MakeRangePrivateWritable	MakeTartománySzemélyeswritable	MakeTartománySzemélyeswritable	existing-unreviewed		0
Malloc	Malloc	Malloc	pending-language-review	allocate_memory	0
MemCmp	Memcmp	Memcmp	existing-unreviewed		0
MemCpy	MemMásolás	MemMásolás	existing-unreviewed		0
MemMove	MemÁthelyezés	MemÁthelyezés	existing-unreviewed		0
MemSet	Memhalmaz	Memhalmaz	existing-unreviewed		0
MemoryOper	Memóriaoper	Memóriaoper	existing-unreviewed		0
Mode	Mód	Mód	existing-unreviewed		0
ModelToScreen	ModelltoKépernyő	Set_local_coordinates	pending-language-review	set_coordinates	5
Mtime	Mtime	Mtime	existing-unreviewed		0
MtimeNsec	Mtimensec	Mtimensec	existing-unreviewed		0
MyHandleInterrupt	MyFogantyúMegszakítás	MyFogantyúMegszakítás	existing-unreviewed		0
MyTest	MyTeszt	MyTeszt	existing-unreviewed		0
M긴급로그Hex8	MEmergencyloghexadecimal8	MEmergencyloghexadecimal8	existing-unreviewed		0
M긴급로그Uint32	MEmergencylogunsignedinteger32	MEmergencylogunsignedinteger32	existing-unreviewed		0
M긴급로그문자열	MEmergencylogKarakterlánc	MEmergencylogKarakterlánc	existing-unreviewed		0
M직렬로그초기화	MSorosloginit	MSorosloginit	existing-unreviewed		0
M출력	MNyomtatás	MNyomtatás	existing-unreviewed		0
M출력BytesXY	MNyomtatásBájtxy	MNyomtatásBájtxy	existing-unreviewed		0
M출력Hex	MNyomtatáshexadecimal	MNyomtatáshexadecimal	existing-unreviewed		0
M출력Uint16	MNyomtatásunsignedinteger16	MNyomtatásunsignedinteger16	existing-unreviewed		0
M출력Uint32	MNyomtatásunsignedinteger32	MNyomtatásunsignedinteger32	existing-unreviewed		0
M출력XY	MNyomtatásxy	MNyomtatásxy	existing-unreviewed		0
M테스트	M테스트	M테스트	existing-unreviewed		0
NMI	Nmi	Nmi	existing-unreviewed		0
New	Új	Új	existing-unreviewed		0
NewInterruptHandler	ÚjMegszakításhandler	ÚjMegszakításhandler	existing-unreviewed		0
Next	Következő	Következő	existing-unreviewed		0
Nlink	Nlink	Nlink	existing-unreviewed		0
Node	Csomópont	Csomópont	pending-language-review	list_node	0
Nodename	Nodename	Nodename	existing-unreviewed		0
OnEtherFrameReceived	EthernetKeretreceivewhen	EthernetKeretreceivewhen	existing-unreviewed		0
OnGetDriver	Begetdriver	Begetdriver	existing-unreviewed		0
OnInternetProtocolReceived	Internetprotocolreceivewhen	Internetprotocolreceivewhen	existing-unreviewed		0
OnKeyDown	BeBillentyűLe	BeBillentyűLe	existing-unreviewed		0
OnKeyUp	BeBillentyűFel	BeBillentyűFel	existing-unreviewed		0
OnMouseDown	BeEgérLe	BeEgérLe	existing-unreviewed		0
OnMouseMove	BeEgérÁthelyezés	BeEgérÁthelyezés	existing-unreviewed		0
OnMouseUp	BeEgérFel	BeEgérFel	existing-unreviewed		0
OnRawDataReceived	Berawdatareceive	Berawdatareceive	existing-unreviewed		0
OnTick	Betick	Betick	existing-unreviewed		0
Overflow	Overflow	Overflow	existing-unreviewed		0
P1LinkMap	PÉrték1Hivatkozásmap	PÉrték1Hivatkozásmap	existing-unreviewed		0
P2LinkMap	PÉrték2Hivatkozásmap	PÉrték2Hivatkozásmap	existing-unreviewed		0
P3LinkMap	PÉrték3Hivatkozásmap	PÉrték3Hivatkozásmap	existing-unreviewed		0
PAGE_COW	Oldalcow	Oldalcow	existing-unreviewed		0
PAGE_FRAME	OldalKeret	OldalKeret	existing-unreviewed		0
PAGE_PRESENT	OldalJelenvan	OldalJelenvan	existing-unreviewed		0
PAGE_USER	OldalFelhasználó	OldalFelhasználó	existing-unreviewed		0
PAGE_WRITABLE	Oldalwritable	Oldalwritable	existing-unreviewed		0
PAUSE_LOOP	FelfüggesztésHurok	FelfüggesztésHurok	existing-unreviewed		0
PICMasterCommandPort	PrimarypicParancsioport	PrimarypicParancsioport	existing-unreviewed		0
PICMasterDataPort	Primarypicdataioport	Primarypicdataioport	existing-unreviewed		0
PICSlaveCommandPort	SecondarypicParancsioport	SecondarypicParancsioport	existing-unreviewed		0
PICSlaveDataPort	Secondarypicdataioport	Secondarypicdataioport	existing-unreviewed		0
PRESENT	Jelenvan	Jelenvan	existing-unreviewed		0
PRIV_KERNEL	Privkernel	Privkernel	existing-unreviewed		0
PRIV_USER	PrivFelhasználó	PrivFelhasználó	existing-unreviewed		0
PROC_USER_HEAP_SIZE	ProcFelhasználóheapMéret	ProcFelhasználóheapMéret	existing-unreviewed		0
PageDirEntry	OldalKönyvtárbejegyzés	OldalKönyvtárbejegyzés	existing-unreviewed		0
PageDirectoryEntry	OldalKönyvtárbejegyzés_2	OldalKönyvtárbejegyzés_2	existing-unreviewed		0
PageFault	Oldalfault	Oldalfault	existing-unreviewed		0
PageFaultException	Oldalfaultexception	Oldalfaultexception	existing-unreviewed		0
PageRoundDown	OldalKerekítésLe	OldalKerekítésLe	existing-unreviewed		0
PageRoundUp	OldalKerekítésFel	OldalKerekítésFel	existing-unreviewed		0
PageTableEntry	OldalTáblázatbejegyzés	OldalTáblázatbejegyzés	existing-unreviewed		0
Paging	Paging	Paging	existing-unreviewed		0
ParentPid	Parentpid	Parentpid	existing-unreviewed		0
Parse	Parse	Parse	existing-unreviewed		0
Partition_id	PartitionAzonosító	PartitionAzonosító	existing-unreviewed		0
PhyMemTest	PhymemTeszt	PhymemTeszt	existing-unreviewed		0
PhysicalMemoryManager	PhysicalMemóriamanager	PhysicalMemóriamanager	existing-unreviewed		0
Pid	Pid	Pid	existing-unreviewed		0
Port	Port	Port	existing-unreviewed		0
PortBase	Portbase	Portbase	existing-unreviewed		0
PortInByte	PortBebyte	PortBebyte	existing-unreviewed		0
PortInDword	PortBedword	PortBedword	existing-unreviewed		0
PortInWord	PortBeszó	PortBeszó	existing-unreviewed		0
PortOutByte	PortKibyte	PortKibyte	existing-unreviewed		0
PortOutDword	PortKidword	PortKidword	existing-unreviewed		0
PortOutWord	PortKiszó	PortKiszó	existing-unreviewed		0
PortReadByte	PortOlvasásbyte	PortOlvasásbyte	existing-unreviewed		0
PortReadDword	PortOlvasásdword	PortOlvasásdword	existing-unreviewed		0
PortReadWord	PortOlvasásszó	PortOlvasásszó	existing-unreviewed		0
PortWriteByte	PortÍrásbyte	PortÍrásbyte	existing-unreviewed		0
PortWriteDword	PortÍrásdword	PortÍrásdword	existing-unreviewed		0
PortWriteWord	PortÍrásszó	PortÍrásszó	existing-unreviewed		0
Prev	Previous	Previous	existing-unreviewed		0
PrevTSS	Previoustss	Previoustss	existing-unreviewed		0
PrimaryPartition	Primarypartition	Primarypartition	existing-unreviewed		0
Print	Nyomtatás	Nyomtatás	existing-unreviewed		0
PrintBytes	NyomtatásBájt	NyomtatásBájt	existing-unreviewed		0
PrintStr	Nyomtatásstr	Nyomtatásstr	existing-unreviewed		0
PrintTLS	Nyomtatástls	Nyomtatástls	existing-unreviewed		0
PrintTest	NyomtatásTeszt	NyomtatásTeszt	existing-unreviewed		0
Process	Folyamat	Folyamat	existing-unreviewed		0
ProcessHelper	Folyamathelper	Folyamathelper	existing-unreviewed		0
ProcessPendingKeyboardEvents	FolyamatpendingBillentyűzetEsemények	FolyamatpendingBillentyűzetEsemények	existing-unreviewed		0
ProcessPendingMouseEvents	FolyamatpendingEgérEsemények	FolyamatpendingEgérEsemények	existing-unreviewed		0
PushAt	Pushat	Insert_at_index	pending-language-review	insert_at	1
PushBack	PushVissza	Append_to_list	pending-language-review	append	12
PushFront	PushElöl	Prepend_to_list	pending-language-review	prepend	5
PutPixel	Putpixel	Putpixel	existing-unreviewed		0
PutPixelRGB	Putpixelrgb	Putpixelrgb	existing-unreviewed		0
QUEUE_START_ADDR	QueueIndításaddress	QueueIndításaddress	existing-unreviewed		0
Rdev	Rdev	Rdev	existing-unreviewed		0
Read	Olvasás	Olvasás	existing-unreviewed		0
Read28	Olvasás28	Olvasás28	existing-unreviewed		0
ReadFile	OlvasásFájl	OlvasásFájl	pending-language-review	file_read	0
ReadPartitions	Olvasáspartition	Olvasáspartition	existing-unreviewed		0
Ready	Kész	Kész	existing-unreviewed		0
Receive	Receive	Receive	existing-unreviewed		0
Ref	Reference	Reference	existing-unreviewed		0
Release	Release	Release	existing-unreviewed		0
ReloadCR3	Újratöltéscr3	Újratöltéscr3	existing-unreviewed		0
Remove	Eltávolítás	Eltávolítás	existing-unreviewed		0
RemoveAt	Eltávolításat	Eltávolításat	existing-unreviewed		0
RemoveThread	Eltávolításthread	Eltávolításthread	existing-unreviewed		0
RemoveThreadAt	Eltávolításthreadat	Eltávolításthreadat	existing-unreviewed		0
RequestMacAddress	Requestmacaddress	Requestmacaddress	existing-unreviewed		0
Reset	Visszaállítás	Visszaállítás	existing-unreviewed		0
Resolve	Resolve	Resolve	existing-unreviewed		0
ResolveCopyOnWriteFault	ResolveMásolásBeÍrásfault	ResolveMásolásBeÍrásfault	existing-unreviewed		0
SCHEDULER_FREQUENCY	SchedulerGyakoriság	SchedulerGyakoriság	existing-unreviewed		0
SEG_BIG_MODE	SegNagymód	SegNagymód	existing-unreviewed		0
SEG_EXEC	SegFuttatás	SegFuttatás	existing-unreviewed		0
SEG_GRAN_4K_PAGE	Seggran4kOldal	Seggran4kOldal	existing-unreviewed		0
SEG_GRAN_BYTE	Seggranbyte	Seggranbyte	existing-unreviewed		0
SEG_KERNEL_CODE	Segkernelcode	Segkernelcode	existing-unreviewed		0
SEG_KERNEL_DATA	Segkerneldata	Segkerneldata	existing-unreviewed		0
SEG_KERNEL_GS	Segkernelgs	Segkernelgs	existing-unreviewed		0
SEG_NOEXEC	Segnoexec	Segnoexec	existing-unreviewed		0
SEG_NORMAL	SegNormál	SegNormál	existing-unreviewed		0
SEG_NORW	Segnorw	Segnorw	existing-unreviewed		0
SEG_R	Segr	Segr	existing-unreviewed		0
SEG_SYSTEM	SegRendszer	SegRendszer	existing-unreviewed		0
SEG_TASK_STATE	SegFeladatÁllapot	SegFeladatÁllapot	existing-unreviewed		0
SEG_USER_CODE	SegFelhasználócode	SegFelhasználócode	existing-unreviewed		0
SEG_USER_DATA	SegFelhasználódata	SegFelhasználódata	existing-unreviewed		0
SEG_USER_GS	SegFelhasználógs	SegFelhasználógs	existing-unreviewed		0
SEG_W	Segw	Segw	existing-unreviewed		0
SIMDFloatingPointException	SimdLebegőpointexception	SimdLebegőpointexception	existing-unreviewed		0
SIZE	Méret	Méret	existing-unreviewed		0
SYS_ACCESS	Syselérés	Syselérés	existing-unreviewed		0
SYS_BRK	Sysbrk	Sysbrk	existing-unreviewed		0
SYS_CHDIR	Syschdir	Syschdir	existing-unreviewed		0
SYS_CLOSE	SysBezárás	SysBezárás	existing-unreviewed		0
SYS_CREAT	Syscreat	Syscreat	existing-unreviewed		0
SYS_DUP	Sysdup	Sysdup	existing-unreviewed		0
SYS_DUP2	Sysdup2	Sysdup2	existing-unreviewed		0
SYS_EXECVE	Sysexecve	Sysexecve	existing-unreviewed		0
SYS_EXIT	SysKilépés	SysKilépés	existing-unreviewed		0
SYS_FCNTL	Sysfcntl	Sysfcntl	existing-unreviewed		0
SYS_FORK	Sysfork	Sysfork	existing-unreviewed		0
SYS_FSTAT	Sysfstat	Sysfstat	existing-unreviewed		0
SYS_FSYNC	Sysfsync	Sysfsync	existing-unreviewed		0
SYS_GETCWD	Sysgetcwd	Sysgetcwd	existing-unreviewed		0
SYS_GETEGID	Sysgetegid	Sysgetegid	existing-unreviewed		0
SYS_GETEUID	Sysgeteuid	Sysgeteuid	existing-unreviewed		0
SYS_GETGID	Sysgetgid	Sysgetgid	existing-unreviewed		0
SYS_GETPID	Sysgetpid	Sysgetpid	existing-unreviewed		0
SYS_GETPPID	Sysgetppid	Sysgetppid	existing-unreviewed		0
SYS_GETUID	Sysgetuid	Sysgetuid	existing-unreviewed		0
SYS_LSEEK	Syslseek	Syslseek	existing-unreviewed		0
SYS_LSTAT	Syslstat	Syslstat	existing-unreviewed		0
SYS_OPEN	SysMegnyitás	SysMegnyitás	existing-unreviewed		0
SYS_READ	SysOlvasás	SysOlvasás	existing-unreviewed		0
SYS_RT_EXIT	SysrtKilépés	SysrtKilépés	existing-unreviewed		0
SYS_SOCKETCALL	Syssocketcall	Syssocketcall	existing-unreviewed		0
SYS_STAT	Sysstat	Sysstat	existing-unreviewed		0
SYS_SYNC	Syssync	Syssync	existing-unreviewed		0
SYS_UNAME	Sysuname	Sysuname	existing-unreviewed		0
SYS_WAITPID	Syswaitpid	Syswaitpid	existing-unreviewed		0
SYS_WRITE	SysÍrás	SysÍrás	existing-unreviewed		0
Schedule	Schedule	Schedule	existing-unreviewed		0
Scheduler	Scheduler	Scheduler	existing-unreviewed		0
SchedulerData	Schedulerdata	Schedulerdata	existing-unreviewed		0
SegmentNotPresent	SegmentNemJelenvan	SegmentNemJelenvan	existing-unreviewed		0
SelectDrivers	Kijelölésdriver	Kijelölésdriver	existing-unreviewed		0
Send	Küldés	Küldés	existing-unreviewed		0
SendEchoRequest	EchorequestKüldés	EchorequestKüldés	existing-unreviewed		0
SendFrame	KeretKüldés	KeretKüldés	existing-unreviewed		0
SerialInit	Sorosinit	Sorosinit	existing-unreviewed		0
SerialWriteByte	SorosÍrásbyte	SorosÍrásbyte	existing-unreviewed		0
SetBackend	Halmazbackend	Halmazbackend	existing-unreviewed		0
SetBit	Halmazbit	Halmazbit	existing-unreviewed		0
SetBlockInPageDir	HalmazBlokkBeOldalKönyvtár	HalmazBlokkBeOldalKönyvtár	existing-unreviewed		0
SetBuffer	Halmazbuffer	Halmazbuffer	existing-unreviewed		0
SetByteAtAddr	Halmazbyteataddress	Halmazbyteataddress	existing-unreviewed		0
SetByteInPageDir	HalmazbyteBeOldalKönyvtár	HalmazbyteBeOldalKönyvtár	existing-unreviewed		0
SetCR3	Halmazcr3	Halmazcr3	existing-unreviewed		0
SetColor	HalmazSzín	HalmazSzín	existing-unreviewed		0
SetDescriptor	Halmazdescriptor	Halmazdescriptor	existing-unreviewed		0
SetHandleInterruptFuction	HalmazFogantyúMegszakításfuction	HalmazFogantyúMegszakításfuction	existing-unreviewed		0
SetHandler	Halmazhandler	Halmazhandler	existing-unreviewed		0
SetIPAddress	Halmazipaddress	Halmazipaddress	existing-unreviewed		0
SetInterruptDescriptorTableEntry	MegszakításdescriptorTáblázatbejegyzéshalmaz	MegszakításdescriptorTáblázatbejegyzéshalmaz	existing-unreviewed		0
SetInterruptManager	HalmazMegszakításmanager	HalmazMegszakításmanager	existing-unreviewed		0
SetInterruptNumber	HalmazMegszakításSzám	HalmazMegszakításSzám	existing-unreviewed		0
SetMode	Halmazmód	Halmazmód	existing-unreviewed		0
SetNodeAt	HalmazCsomópontat	HalmazCsomópontat	existing-unreviewed		0
SetStack	Halmazstack	Halmazstack	existing-unreviewed		0
SetTlsSegment	Halmaztlssegment	Halmaztlssegment	existing-unreviewed		0
SetUint32AtAddr	Halmazunsignedinteger32ataddress	Halmazunsignedinteger32ataddress	existing-unreviewed		0
SetUint32InPageDir	Halmazunsignedinteger32BeOldalKönyvtár	Halmazunsignedinteger32BeOldalKönyvtár	existing-unreviewed		0
SetUint8AtAddr	Halmazunsignedinteger8ataddress	Halmazunsignedinteger8ataddress	existing-unreviewed		0
SharedMemoryRegion	SharedMemóriaregion	SharedMemóriaregion	existing-unreviewed		0
Size	Méret_2	Méret_2	existing-unreviewed		0
Spawn	Spawn	Spawn	existing-unreviewed		0
Ss	Ss	Ss	existing-unreviewed		0
Stack	Stack	Stack	existing-unreviewed		0
StackSegmentFault	Stacksegmentfault	Stacksegmentfault	existing-unreviewed		0
Start_lba	Indításlba	Indításlba	existing-unreviewed		0
Started	Indítva	Indítva	existing-unreviewed		0
StdinPutByte	Stdinputbyte	Stdinputbyte	existing-unreviewed		0
StopCurrentThread	LeállításJelenlegithread	LeállításJelenlegithread	existing-unreviewed		0
Stopped	Leállítva	Leállítva	existing-unreviewed		0
SubnetMask	SubnetMaszk	SubnetMaszk	existing-unreviewed		0
SupportMode	Támogatásmód	Támogatásmód	existing-unreviewed		0
Sys_brk	Sysbrk_2	Sysbrk_2	existing-unreviewed		0
Sys_close	SysBezárás_2	SysBezárás_2	existing-unreviewed		0
Sys_exit	SysKilépés_2	SysKilépés_2	existing-unreviewed		0
Sys_getpid	Sysgetpid_2	Sysgetpid_2	existing-unreviewed		0
Sys_mousemove	Sysmousemove	Sysmousemove	existing-unreviewed		0
Sys_open	SysMegnyitás_2	SysMegnyitás_2	existing-unreviewed		0
Sys_printStr	SysNyomtatásstr	SysNyomtatásstr	existing-unreviewed		0
Sys_printUint32	SysNyomtatásunsignedinteger32	SysNyomtatásunsignedinteger32	existing-unreviewed		0
Sys_printf	Sysprintf	Sysprintf	existing-unreviewed		0
Sys_read	SysOlvasás_2	SysOlvasás_2	existing-unreviewed		0
Syscall	Syscall	Syscall	existing-unreviewed		0
Sysname	Sysname	Sysname	existing-unreviewed		0
TARPEtherFrameHandler	ArpethernetKerethandler	ArpethernetKerethandler	existing-unreviewed		0
TARPMessage	ArpÜzenet	ArpÜzenet	existing-unreviewed		0
TARPMessageBuffer	ArpÜzenetbuffer	ArpÜzenetbuffer	existing-unreviewed		0
TARPProvider	Arpprovider	Arpprovider	existing-unreviewed		0
TAdvancedTechnologyAttachment	THaladóTechnológiaattachment	THaladóTechnológiaattachment	existing-unreviewed		0
TArray	TTömb	TTömb	existing-unreviewed		0
TBaseAddressRegister	TBaseaddressregister	TBaseaddressregister	existing-unreviewed		0
TBiosParameterBlock32	TBiosparameterBlokk32	TBiosparameterBlokk32	pending-language-review	fat_parameters	0
TBufferDescriptor	TBufferdescriptor	TBufferdescriptor	existing-unreviewed		0
TCOWFrameManager	TcowKeretmanager	TcowKeretmanager	existing-unreviewed		0
TCPUState	TcpuÁllapot	TcpuÁllapot	existing-unreviewed		0
TDefaultKeyboardEventHandler	TAlapértelmezettBillentyűzetEseményhandler	TAlapértelmezettBillentyűzetEseményhandler	existing-unreviewed		0
TDefaultMouseEventHandler	TAlapértelmezettEgérEseményhandler	TAlapértelmezettEgérEseményhandler	existing-unreviewed		0
TDefaultPCIControllerHandler	TAlapértelmezettpciVezérlőhandler	TAlapértelmezettpciVezérlőhandler	existing-unreviewed		0
TDefaultTimerEventHandler	TAlapértelmezettIdőzítőEseményhandler	TAlapértelmezettIdőzítőEseményhandler	existing-unreviewed		0
TDirectoryEntryFat32	TKönyvtárbejegyzésfat32	TKönyvtárbejegyzésfat32	existing-unreviewed		0
TDriverManager	TDrivermanager	TDrivermanager	existing-unreviewed		0
TEtherFrameHandler	TEthernetKerethandler	TEthernetKerethandler	existing-unreviewed		0
TEtherFrameHeader	TEthernetKeretheader	TEthernetKeretheader	pending-language-review	ethernet_header	0
TEtherFrameHeaderBuffer	TEthernetKeretheaderbuffer	TEthernetKeretheaderbuffer	existing-unreviewed		0
TEtherFrameProvider	TEthernetKeretprovider	TEthernetKeretprovider	pending-language-review	ethernet_provider	0
TEtherFrameRawDataHandler	TEthernetKeretrawdatahandler	TEthernetKeretrawdatahandler	existing-unreviewed		0
TGateDescriptor	TGatedescriptor	TGatedescriptor	existing-unreviewed		0
THREAD_STACK_SIZE	ThreadstackMéret	ThreadstackMéret	existing-unreviewed		0
TICMPHandler	Icmphandler	Icmphandler	existing-unreviewed		0
TIPEtherFrameHandler	IpethernetKerethandler	IpethernetKerethandler	existing-unreviewed		0
TInitializationBlock	TInitializationBlokk	TInitializationBlokk	existing-unreviewed		0
TInternetControlMessageProtocol	TInternetVezérlésÜzenetprotocol	TInternetVezérlésÜzenetprotocol	pending-language-review	icmp	0
TInternetControlMessageProtocolMessage	TInternetVezérlésÜzenetprotocolÜzenet	TInternetVezérlésÜzenetprotocolÜzenet	existing-unreviewed		0
TInternetControlMessageProtocolMessageBuffer	TInternetVezérlésÜzenetprotocolÜzenetbuffer	TInternetVezérlésÜzenetprotocolÜzenetbuffer	existing-unreviewed		0
TInternetProtocolHandler	TInternetprotocolhandler	TInternetprotocolhandler	existing-unreviewed		0
TInternetProtocolProvider	TInternetprotocolprovider	TInternetprotocolprovider	pending-language-review	ip_provider	0
TInternetProtocolV4Message	TInternetprotocolv4Üzenet	TInternetprotocolv4Üzenet	existing-unreviewed		0
TInternetProtocolV4MessageBuffer	TInternetprotocolv4Üzenetbuffer	TInternetprotocolv4Üzenetbuffer	existing-unreviewed		0
TInterruptDescriptorTablePointer	TMegszakításdescriptorTáblázatMutató	TMegszakításdescriptorTáblázatMutató	existing-unreviewed		0
TInterruptHandler	TMegszakításhandler	TMegszakításhandler	existing-unreviewed		0
TInterruptManager	TMegszakításmanager	TMegszakításmanager	existing-unreviewed		0
TKeyboardDriver	TBillentyűzetdriver	TBillentyűzetdriver	existing-unreviewed		0
TLS_START	TlsIndítás	TlsIndítás	existing-unreviewed		0
TMSDOSPartitionTable	TmsdospartitionTáblázat	TmsdospartitionTáblázat	existing-unreviewed		0
TMasterBootRecord	TFőbootFelvétel	TFőbootFelvétel	pending-language-review	boot_record	0
TMemoryChunk	TMemóriachunk	TMemóriachunk	existing-unreviewed		0
TMemoryManager	TMemóriamanager	TMemóriamanager	existing-unreviewed		0
TMouseDriver	TEgérdriver	TEgérdriver	existing-unreviewed		0
TMyKeyboardEventHandler	TMyBillentyűzetEseményhandler	TMyBillentyűzetEseményhandler	existing-unreviewed		0
TMyMouseEventHandler	TMyEgérEseményhandler	TMyEgérEseményhandler	existing-unreviewed		0
TMyPCIControllerHandler	TMypciVezérlőhandler	TMypciVezérlőhandler	existing-unreviewed		0
TPartitionTableEntry	TPartitionTáblázatbejegyzés	TPartitionTáblázatbejegyzés	existing-unreviewed		0
TPeripheralComponentInterconnectController	TPeripheralcomponentinterconnectVezérlő	TPeripheralcomponentinterconnectVezérlő	existing-unreviewed		0
TPeripheralComponentInterconnectDeviceDescriptor	TPeripheralcomponentinterconnectEszközdescriptor	TPeripheralcomponentinterconnectEszközdescriptor	existing-unreviewed		0
TPort	TPort	TPort	existing-unreviewed		0
TPort16Bit	TPort16bit	TPort16bit	existing-unreviewed		0
TPort32Bit	TPort32bit	TPort32bit	existing-unreviewed		0
TPort8Bit	TPort8bit	TPort8bit	existing-unreviewed		0
TRawDataHandler	TRawdatahandler	TRawdatahandler	existing-unreviewed		0
TSSEntry	Tssbejegyzés	Tssbejegyzés	existing-unreviewed		0
TSyscall	TSyscall	TSyscall	existing-unreviewed		0
TTask	TFeladat	TFeladat	existing-unreviewed		0
TThread	TThread	TThread	existing-unreviewed		0
TThreadHelper	TThreadhelper	TThreadhelper	existing-unreviewed		0
TTimerDriver	TIdőzítődriver	TIdőzítődriver	existing-unreviewed		0
TUserDatagramProtocolHandler	TFelhasználódatagramprotocolhandler	TFelhasználódatagramprotocolhandler	existing-unreviewed		0
TUserDatagramProtocolHeader	TFelhasználódatagramprotocolheader	TFelhasználódatagramprotocolheader	pending-language-review	udp_header	0
TUserDatagramProtocolHeaderBuffer	TFelhasználódatagramprotocolheaderbuffer	TFelhasználódatagramprotocolheaderbuffer	existing-unreviewed		0
TUserDatagramProtocolProvider	TFelhasználódatagramprotocolprovider	TFelhasználódatagramprotocolprovider	existing-unreviewed		0
TUserDatagramProtocolSocket	TFelhasználódatagramprotocolFoglalat	TFelhasználódatagramprotocolFoglalat	pending-language-review	udp_socket	0
TVideoGraphicsArray	TMozgóképGrafikaTömb	TMozgóképGrafikaTömb	existing-unreviewed		0
TWidget	TElem	TElem	pending-language-review	widget	0
TWidgetMouseEventHandler	TElemEgérEseményhandler	TElemEgérEseményhandler	existing-unreviewed		0
Tamd_am79c973	Tamdam79c973	Tamdam79c973	existing-unreviewed		0
Test	Teszt	Teszt	existing-unreviewed		0
TestBit	Tesztbit	Tesztbit	existing-unreviewed		0
TestPrint	TesztNyomtatás	TesztNyomtatás	existing-unreviewed		0
Thread	Thread	Thread	existing-unreviewed		0
ThreadList	ThreadLista	ThreadLista	existing-unreviewed		0
ThreadState	ThreadÁllapot	ThreadÁllapot	existing-unreviewed		0
Threads	Threads	Threads	existing-unreviewed		0
TlsSegments	TlsDarabkák	TlsDarabkák	existing-unreviewed		0
TotalBlocks	ÖsszesenBlokk	ÖsszesenBlokk	existing-unreviewed		0
Type	Típus	Típus	existing-unreviewed		0
TypeTest	TípusTeszt	TípusTeszt	existing-unreviewed		0
T공용서술자테이블	TShareddescriptorTáblázat	TShareddescriptorTáblázat	existing-unreviewed		0
T공용서술자테이블_자료	TShareddescriptorTáblázatdata	TShareddescriptorTáblázatdata	existing-unreviewed		0
T작업관리자	TFeladatmanager	TFeladatmanager	existing-unreviewed		0
T조각설명자	TSegmentdescriptor	TSegmentdescriptor	existing-unreviewed		0
T콘솔	TKonzol	TKonzol	existing-unreviewed		0
T함수1	TFüggvény1	TFüggvény1	existing-unreviewed		0
UDESC_32SEG	Udesc32seg	Udesc32seg	existing-unreviewed		0
UDESC_CONTENTS	UdescTartalom	UdescTartalom	existing-unreviewed		0
UDESC_LIMIT_IN_PAGES	UdescKorlátozásBepages	UdescKorlátozásBepages	existing-unreviewed		0
UDESC_RX_ONLY	Udescrxonly	Udescrxonly	existing-unreviewed		0
UDESC_SEG_NOT_PRESENT	UdescsegNemJelenvan	UdescsegNemJelenvan	existing-unreviewed		0
UDESC_USABLE	Udescusable	Udescusable	existing-unreviewed		0
USER_STACK	Felhasználóstack	Felhasználóstack	existing-unreviewed		0
USER_STACK_SIZE	FelhasználóstackMéret	FelhasználóstackMéret	existing-unreviewed		0
USER_STACK_TOP	FelhasználóstackFent	FelhasználóstackFent	existing-unreviewed		0
Uid	Uid	Uid	existing-unreviewed		0
Uint16ToArray	Unsignedinteger16toTömb	Unsignedinteger16toTömb	existing-unreviewed		0
Uint16ToArray_BE	Unsignedinteger16toTömbbe	Unsignedinteger16toTömbbe	existing-unreviewed		0
Uint16_R	Unsignedinteger16r	Unsignedinteger16r	existing-unreviewed		0
Uint32ToArray	Unsignedinteger32toTömb	Unsignedinteger32toTömb	existing-unreviewed		0
Uint32_R	Unsignedinteger32r	Unsignedinteger32r	existing-unreviewed		0
Uint48ToArray	Unsignedinteger48toTömb	Unsignedinteger48toTömb	existing-unreviewed		0
Uint48ToArray_BE	Unsignedinteger48toTömbbe	Unsignedinteger48toTömbbe	existing-unreviewed		0
Uint48_R	Unsignedinteger48r	Unsignedinteger48r	existing-unreviewed		0
Uint64ToArray	Unsignedinteger64toTömb	Unsignedinteger64toTömb	existing-unreviewed		0
Uint64_R	Unsignedinteger64r	Unsignedinteger64r	existing-unreviewed		0
UnhandleInterrupt	UnhandleMegszakítás	UnhandleMegszakítás	existing-unreviewed		0
UnsetBit	Visszaállításbit	Toggle_allocation_bit	pending-language-review	toggle_bit	1
UsedBlocks	HasználtBlokk	HasználtBlokk	existing-unreviewed		0
UserDesc	Felhasználódescriptor	Felhasználódescriptor	existing-unreviewed		0
UserStack	Felhasználóstack_2	Felhasználóstack_2	existing-unreviewed		0
UserStackSize	FelhasználóstackMéret_2	FelhasználóstackMéret_2	existing-unreviewed		0
Vendor_id	GyártóAzonosító	GyártóAzonosító	existing-unreviewed		0
Version	Verzió	Verzió	existing-unreviewed		0
VirtTest	VirtTeszt	VirtTeszt	existing-unreviewed		0
Write	Írás	Írás	existing-unreviewed		0
Write28	Írás28	Írás28	existing-unreviewed		0
WriteRegisters	Írásregister	Írásregister	existing-unreviewed		0
X	X	X	existing-unreviewed		0
Y	Y	Y	existing-unreviewed		0
Zero	Nulla	Nulla	existing-unreviewed		0
ZeroBlockInPageDir	NullaBlokkBeOldalKönyvtár	NullaBlokkBeOldalKönyvtár	existing-unreviewed		0
a	a	a	existing-unreviewed		0
aTime	aIdő	aIdő	existing-unreviewed		0
access	elérés	elérés	existing-unreviewed		0
accessMode	elérésmód	elérésmód	existing-unreviewed		0
ack	ack	ack	existing-unreviewed		0
activeKeyboardDriver	aktívBillentyűzetdriver	aktívBillentyűzetdriver	existing-unreviewed		0
activeMouseDriver	aktívEgérdriver	aktívEgérdriver	existing-unreviewed		0
addr	address	address	existing-unreviewed		0
addrPtr	addressMutató	addressMutató	existing-unreviewed		0
address	address_2	address_2	existing-unreviewed		0
addressError	addressHiba	addressHiba	existing-unreviewed		0
afInet	afinet	afinet	existing-unreviewed		0
allocFD	allocatefd	allocatefd	existing-unreviewed		0
allocOpenFile	allocateMegnyitásFájl	allocateMegnyitásFájl	existing-unreviewed		0
allocProcess	allocateFolyamat	allocateFolyamat	existing-unreviewed		0
allocateSocket	allocateFoglalat	allocateFoglalat	existing-unreviewed		0
allocated	allocated	allocated	existing-unreviewed		0
amd_am79c973	amdam79c973	amdam79c973	existing-unreviewed		0
args	argumentumok	argumentumok	existing-unreviewed		0
argument	argument	argument	existing-unreviewed		0
argumentPointers	argumentpointers	argumentpointers	existing-unreviewed		0
arguments	argumentumok_2	argumentumok_2	existing-unreviewed		0
arp	arp	arp	existing-unreviewed		0
arpBuffer	arpbuffer	arpbuffer	existing-unreviewed		0
arpMesgSize	arpmesgMéret	arpmesgMéret	existing-unreviewed		0
arpProvider	arpprovider	arpprovider	existing-unreviewed		0
arp콘솔	arpKonzol	arpKonzol	existing-unreviewed		0
array	tömb	tömb	existing-unreviewed		0
ata	ata	ata	existing-unreviewed		0
ata0s	ata0s	ata0s	existing-unreviewed		0
attempts	attempts	attempts	existing-unreviewed		0
attr	attribútum	attribútum	existing-unreviewed		0
attributeControllerIndexPort	attribútumVezérlőindexport	attribútumVezérlőindexport	existing-unreviewed		0
attributeControllerReadPort	attribútumVezérlőOlvasásport	attribútumVezérlőOlvasásport	existing-unreviewed		0
attributeControllerResetPort	attribútumVezérlőVisszaállításport	attribútumVezérlőVisszaállításport	existing-unreviewed		0
attributeControllerWritePort	attribútumVezérlőÍrásport	attribútumVezérlőÍrásport	existing-unreviewed		0
attributes	attribútumok	attribútumok	existing-unreviewed		0
aux	aux	aux	existing-unreviewed		0
avail	elérhető	elérhető	existing-unreviewed		0
b	b	b	existing-unreviewed		0
backend	backend	backend	existing-unreviewed		0
backupFpRegs	backupfpregs	backupfpregs	existing-unreviewed		0
backupSector	backupsector	backupsector	existing-unreviewed		0
bar	sáv	sáv	existing-unreviewed		0
barNum	sávSzám	sávSzám	existing-unreviewed		0
bar_value	sávÉrték	sávÉrték	existing-unreviewed		0
base	base	base	existing-unreviewed		0
baseCode	basecode	basecode	existing-unreviewed		0
baseHigh	baseMagas	baseMagas	existing-unreviewed		0
baseLow	baseAlacsony	baseAlacsony	existing-unreviewed		0
baseMid	basemid	basemid	existing-unreviewed		0
base_addr_high	baseaddressMagas	baseaddressMagas	existing-unreviewed		0
base_addr_low	baseaddressAlacsony	baseaddressAlacsony	existing-unreviewed		0
bh	bh	bh	existing-unreviewed		0
bindEphemeral	bindephemeral	bindephemeral	existing-unreviewed		0
bindError	bindHiba	bindHiba	existing-unreviewed		0
bios	bios	bios	existing-unreviewed		0
bit	bit	bit	existing-unreviewed		0
bitmap	bitmap	bitmap	pending-language-review	bitmap	0
bootSignature	bootsignature	bootsignature	existing-unreviewed		0
bootable	bootable	bootable	existing-unreviewed		0
bootloader	bootloader	bootloader	existing-unreviewed		0
bound	bound	bound	existing-unreviewed		0
bpb	bpb	bpb	pending-language-review	fat_parameters	0
bpbBytes	bpbBájt	bpbBájt	existing-unreviewed		0
bpbPtr	bpbMutató	bpbMutató	existing-unreviewed		0
buf	buffer	buffer	existing-unreviewed		0
buf1	buffer1	buffer1	existing-unreviewed		0
buf2	buffer2	buffer2	existing-unreviewed		0
buf3	buffer3	buffer3	existing-unreviewed		0
buf4	buffer4	buffer4	existing-unreviewed		0
buf6	buffer6	buffer6	existing-unreviewed		0
buffer	buffer_2	buffer_2	existing-unreviewed		0
buffer1	buffer1_2	buffer1_2	existing-unreviewed		0
buffer2	buffer2_2	buffer2_2	existing-unreviewed		0
bufferAddr	bufferaddress	bufferaddress	existing-unreviewed		0
bufferAddress	bufferaddress_2	bufferaddress_2	existing-unreviewed		0
bufptr	bufferMutató	bufferMutató	existing-unreviewed		0
bus	bus	bus	existing-unreviewed		0
busControlRegisterDataPort	busVezérlésregisterdataport	busVezérlésregisterdataport	existing-unreviewed		0
button	gomb	gomb	existing-unreviewed		0
buttons	gomb_2	gomb_2	existing-unreviewed		0
bytesPerSector	bájtpersector	bájtpersector	existing-unreviewed		0
c	c	c	existing-unreviewed		0
cDate	cDátum	cDátum	existing-unreviewed		0
cTime	cIdő	cIdő	existing-unreviewed		0
cTimeTenth	cIdőtenth	cIdőtenth	existing-unreviewed		0
call	call	call	existing-unreviewed		0
candidate	candidate	candidate	existing-unreviewed		0
cap	cap	cap	existing-unreviewed		0
char	char	char	existing-unreviewed		0
checked	checked	checked	existing-unreviewed		0
checksum	checksum	checksum	existing-unreviewed		0
child	child	child	existing-unreviewed		0
childPID	childpid	childpid	existing-unreviewed		0
childPageDir	childOldalKönyvtár	childOldalKönyvtár	existing-unreviewed		0
chunk	chunk	chunk	existing-unreviewed		0
class_id	osztályAzonosító	osztályAzonosító	existing-unreviewed		0
closeAllProcessFDs	bezárásÖsszesFolyamatfds	bezárásÖsszesFolyamatfds	existing-unreviewed		0
closeOnExec	bezárásBeFuttatás	bezárásBeFuttatás	existing-unreviewed		0
closeProcessFD	bezárásFolyamatfd	bezárásFolyamatfd	existing-unreviewed		0
code	code	code	existing-unreviewed		0
code1Ptr	code1Mutató	code1Mutató	existing-unreviewed		0
code1ptr	code1Mutató_2	code1Mutató_2	existing-unreviewed		0
code2Ptr	code2Mutató	code2Mutató	existing-unreviewed		0
code3Ptr	code3Mutató	code3Mutató	existing-unreviewed		0
codeSegment	codesegment	codesegment	existing-unreviewed		0
colorIndex	színindex	színindex	existing-unreviewed		0
colordepth	színMélység	színMélység	existing-unreviewed		0
command	parancs	parancs	existing-unreviewed		0
commandPort	parancsport	parancsport	existing-unreviewed		0
commandport	parancsport_2	parancsport_2	existing-unreviewed		0
common	közös	közös	existing-unreviewed		0
connected	connected	connected	existing-unreviewed		0
console	konzol	konzol	existing-unreviewed		0
controlPort	vezérlésport	vezérlésport	existing-unreviewed		0
copyExecVector	másolásFuttatásvector	másolásFuttatásvector	existing-unreviewed		0
copyLength	másolásHossz	másolásHossz	existing-unreviewed		0
copyPageDir	másolásOldalKönyvtár	másolásOldalKönyvtár	existing-unreviewed		0
copyPath	másolásÚTVONAL	másolásÚTVONAL	existing-unreviewed		0
copySocketName	másolásFoglalatNév	másolásFoglalatNév	existing-unreviewed		0
copyUtsField	másolásutsmező	másolásutsmező	existing-unreviewed		0
count	számláló	számláló	existing-unreviewed		0
count2	számláló2	számláló2	existing-unreviewed		0
cowFrameManager	cowKeretmanager	cowKeretmanager	existing-unreviewed		0
cpu	cpu	cpu	existing-unreviewed		0
cpustate	cpuÁllapot	cpuÁllapot	existing-unreviewed		0
cr0	cr0	cr0	existing-unreviewed		0
cr3	cr3	cr3	existing-unreviewed		0
cr4	cr4	cr4	existing-unreviewed		0
crtcDataPort	crtcdataport	crtcdataport	existing-unreviewed		0
crtcIndexPort	crtcindexport	crtcindexport	existing-unreviewed		0
cs	cs	cs	existing-unreviewed		0
currentRecvBuffer	jelenlegirecvbuffer	jelenlegirecvbuffer	existing-unreviewed		0
currentSendBuffer	jelenlegiKüldésbuffer	jelenlegiKüldésbuffer	existing-unreviewed		0
currentTask	jelenlegiFeladat	jelenlegiFeladat	existing-unreviewed		0
currentThread	jelenlegithread	jelenlegithread	existing-unreviewed		0
currentThreadIndex	jelenlegithreadindex	jelenlegithreadindex	existing-unreviewed		0
cursorHeight	kurzorMagasság	kurzorMagasság	existing-unreviewed		0
cursorStart	kurzorIndítás	kurzorIndítás	existing-unreviewed		0
d_tag	dCímke	dCímke	existing-unreviewed		0
d_val_ptr	dvalMutató	dvalMutató	existing-unreviewed		0
data	data	data	existing-unreviewed		0
dataBuf	databuffer	databuffer	existing-unreviewed		0
dataBytes	dataBájt	dataBájt	existing-unreviewed		0
dataPointer	dataMutató	dataMutató	existing-unreviewed		0
dataPort	dataport	dataport	existing-unreviewed		0
dataStart	dataIndítás	dataIndítás	existing-unreviewed		0
databuffer	databuffer_2	databuffer_2	existing-unreviewed		0
dataport	dataport_2	dataport_2	existing-unreviewed		0
defaultKeyboardEventHandler	alapértelmezettBillentyűzetEseményhandler	alapértelmezettBillentyűzetEseményhandler	existing-unreviewed		0
desc	descriptor	descriptor	existing-unreviewed		0
description	leírás	leírás	existing-unreviewed		0
destination	cél	cél	existing-unreviewed		0
destinationAddress	céladdress	céladdress	existing-unreviewed		0
destinationLength	célHossz	célHossz	existing-unreviewed		0
dev	eszköz	eszköz	existing-unreviewed		0
device	eszköz_2	eszköz_2	existing-unreviewed		0
deviceDescriptor	eszközdescriptor	eszközdescriptor	existing-unreviewed		0
devicePort	eszközport	eszközport	existing-unreviewed		0
diff	diff	diff	existing-unreviewed		0
digits	digits	digits	existing-unreviewed		0
dirent	dirent	dirent	existing-unreviewed		0
direntBytes	direntBájt	direntBájt	existing-unreviewed		0
direntPtr	direntMutató	direntMutató	existing-unreviewed		0
discardProcess	eldobásFolyamat	eldobásFolyamat	existing-unreviewed		0
dispatchInterrupt	dispatchMegszakítás	dispatchMegszakítás	existing-unreviewed		0
divisor	divisor	divisor	existing-unreviewed		0
domain	tartomány	tartomány	existing-unreviewed		0
driveNumber	driveSzám	driveSzám	existing-unreviewed		0
driver	driver	driver	existing-unreviewed		0
driverManager	drivermanager	drivermanager	existing-unreviewed		0
drivercount	driverSzámláló	driverSzámláló	existing-unreviewed		0
drv	driver_2	driver_2	existing-unreviewed		0
ds	ds	ds	existing-unreviewed		0
ds_segment	dssegment	dssegment	existing-unreviewed		0
dst	cél_2	cél_2	existing-unreviewed		0
dstEntry	célbejegyzés	célbejegyzés	existing-unreviewed		0
dstIP	célipaddress	célipaddress	existing-unreviewed		0
dstIP_BE	célipaddressHálózatbyteorder	célipaddressHálózatbyteorder	existing-unreviewed		0
dstMAC	célmacaddress	célmacaddress	existing-unreviewed		0
dstMAC_BE	célmacbe	célmacbe	existing-unreviewed		0
dstPageDir	célOldalKönyvtár	célOldalKönyvtár	existing-unreviewed		0
dstPort	célportSzám	célportSzám	pending-language-review	destination_port	0
dstPt	célpt	célpt	existing-unreviewed		0
dstPtPtr	célptMutató	célptMutató	existing-unreviewed		0
dstPtr	célMutató	célMutató	existing-unreviewed		0
dstptr	célMutató_2	célMutató_2	existing-unreviewed		0
dynamic	dinamikus	dinamikus	existing-unreviewed		0
e	e	e	existing-unreviewed		0
e_ehsize	eehsize	eehsize	existing-unreviewed		0
e_entry	ebejegyzés	ebejegyzés	existing-unreviewed		0
e_flags	eFlagek	eFlagek	existing-unreviewed		0
e_ident	eident	eident	existing-unreviewed		0
e_machine	emachine	emachine	existing-unreviewed		0
e_phentsize	ephentsize	ephentsize	existing-unreviewed		0
e_phnum	ephnum	ephnum	existing-unreviewed		0
e_phoff	ephoff	ephoff	existing-unreviewed		0
e_shentsize	eshentsize	eshentsize	existing-unreviewed		0
e_shnum	eshnum	eshnum	existing-unreviewed		0
e_shoff	eshoff	eshoff	existing-unreviewed		0
e_shstrndx	eshstrndx	eshstrndx	existing-unreviewed		0
e_type	eTípus	eTípus	existing-unreviewed		0
e_version	eVerzió	eVerzió	existing-unreviewed		0
eax	eax	eax	existing-unreviewed		0
ebp	ebp	ebp	existing-unreviewed		0
ebx	ebx	ebx	existing-unreviewed		0
ecx	ecx	ecx	existing-unreviewed		0
edi	edi	edi	existing-unreviewed		0
edx	edx	edx	existing-unreviewed		0
efHandler	efhandler	efhandler	existing-unreviewed		0
eflags	eflags	eflags	existing-unreviewed		0
eip	eip	eip	existing-unreviewed		0
eipOffset	eipEltolás	eipEltolás	existing-unreviewed		0
elf	elf	elf	existing-unreviewed		0
elf0	elf0	elf0	existing-unreviewed		0
elf2	elf2	elf2	existing-unreviewed		0
elf3	elf3	elf3	existing-unreviewed		0
elf4	elf4	elf4	existing-unreviewed		0
elfHeader	elfheader	elfheader	existing-unreviewed		0
enabled	engedélyezve	engedélyezve	existing-unreviewed		0
end	végén	végén	existing-unreviewed		0
endOffset	végénEltolás	végénEltolás	existing-unreviewed		0
end_cylinder	végéncylinder	végéncylinder	existing-unreviewed		0
end_head	végénhead	végénhead	existing-unreviewed		0
end_sector	végénsector	végénsector	existing-unreviewed		0
ensureCurrentProcess	ensureJelenlegiFolyamat	ensureJelenlegiFolyamat	existing-unreviewed		0
entry	bejegyzés	bejegyzés	existing-unreviewed		0
entryPoint	bejegyzéspoint	bejegyzéspoint	existing-unreviewed		0
entrypoint	bejegyzéspoint_2	bejegyzéspoint_2	existing-unreviewed		0
environment	environment	environment	existing-unreviewed		0
environmentPointers	environmentpointers	environmentpointers	existing-unreviewed		0
err	hiba	hiba	existing-unreviewed		0
errorPort	hibaport	hibaport	existing-unreviewed		0
es	es	es	existing-unreviewed		0
esi	esi	esi	existing-unreviewed		0
esp	esp	esp	existing-unreviewed		0
esp0	esp0	esp0	existing-unreviewed		0
esp1	esp1	esp1	existing-unreviewed		0
esp2	esp2	esp2	existing-unreviewed		0
etherFrameProvider	ethernetKeretprovider	ethernetKeretprovider	pending-language-review	ethernet_provider	0
etherType	ethernetTípus	ethernetTípus	existing-unreviewed		0
etherType_BE	ethernetTípusbe	ethernetTípusbe	existing-unreviewed		0
etherframe	ethernetKeret	ethernetKeret	existing-unreviewed		0
etherframePayload	ethernetKeretpayload	ethernetKeretpayload	existing-unreviewed		0
except	except	except	existing-unreviewed		0
exceptionCR0	exceptioncr0	exceptioncr0	existing-unreviewed		0
exceptionCR2	exceptioncr2	exceptioncr2	existing-unreviewed		0
exceptionCR3	exceptioncr3	exceptioncr3	existing-unreviewed		0
exceptionFrameValue	exceptionKeretÉrték	exceptionKeretÉrték	existing-unreviewed		0
exceptionHasErrorCode	exceptionHasDistrictHibacode	exceptionHasDistrictHibacode	existing-unreviewed		0
exceptionName	exceptionNév	exceptionNév	existing-unreviewed		0
execVector	futtatásvector	futtatásvector	existing-unreviewed		0
exists	exists	exists	existing-unreviewed		0
exited	kilépett	kilépett	existing-unreviewed		0
ext	ext	ext	existing-unreviewed		0
extFlags	extFlagek	extFlagek	existing-unreviewed		0
extendedScanCode	extendedVizsgálatcode	extendedVizsgálatcode	existing-unreviewed		0
fDupFD	fdupfd	fdupfd	existing-unreviewed		0
fGetFD	fgetfd	fgetfd	existing-unreviewed		0
fGetFL	fgetfl	fgetfl	existing-unreviewed		0
fSetFD	fhalmazfd	fhalmazfd	existing-unreviewed		0
fSetFL	fhalmazfl	fhalmazfl	existing-unreviewed		0
fat	fat	fat	existing-unreviewed		0
fatCopies	fatMásolás	fatMásolás	existing-unreviewed		0
fatInfo	fatInfó	fatInfó	existing-unreviewed		0
fatOffsetInSectorForCurrentCluster	fatEltolásBesectorforJelenlegicluster	fatEltolásBesectorforJelenlegicluster	existing-unreviewed		0
fatSectorCount	fatsectorSzámláló	fatsectorSzámláló	existing-unreviewed		0
fatSectorForCurrentCluster	fatsectorforJelenlegicluster	fatsectorforJelenlegicluster	existing-unreviewed		0
fatSize	fatMéret	fatMéret	existing-unreviewed		0
fatStart	fatIndítás	fatIndítás	existing-unreviewed		0
fatTypeLabel	fatTípuscímke	fatTípuscímke	existing-unreviewed		0
fatVersion	fatVerzió	fatVerzió	existing-unreviewed		0
fatbuf	fatbuf	fatbuf	existing-unreviewed		0
fatbuffer	fatbuffer	fatbuffer	existing-unreviewed		0
faultAddr	faultaddress	faultaddress	existing-unreviewed		0
fb	fb	fb	existing-unreviewed		0
fbCurCol	fbJelenlegicol	fbJelenlegicol	existing-unreviewed		0
fbCurLine	fbJelenlegiSor	fbJelenlegiSor	existing-unreviewed		0
fbHeight	fbMagasság	fbMagasság	existing-unreviewed		0
fbPhysAddr	fbphysaddress	fbphysaddress	existing-unreviewed		0
fbWidth	fbSzélesség	fbSzélesség	existing-unreviewed		0
fd	fd	fd	existing-unreviewed		0
fdCloexec	fdcloexec	fdcloexec	existing-unreviewed		0
fdEntry	fdbejegyzés	fdbejegyzés	existing-unreviewed		0
fdFlags	fdFlagek	fdFlagek	existing-unreviewed		0
fdKindConsole	fdFajtaKonzol	fdFajtaKonzol	existing-unreviewed		0
fdKindFat	fdFajtafat	fdFajtafat	existing-unreviewed		0
fdKindNone	fdFajtaNincs	fdFajtaNincs	existing-unreviewed		0
fdKindRootDir	fdFajtaGyökérmappaKönyvtár	fdFajtaGyökérmappaKönyvtár	existing-unreviewed		0
fdKindSocket	fdFajtaFoglalat	fdFajtaFoglalat	existing-unreviewed		0
fdKindStdin	fdFajtastdin	fdFajtastdin	existing-unreviewed		0
fds	fds	fds	existing-unreviewed		0
filePtr	fájlMutató	fájlMutató	existing-unreviewed		0
fileSector	fájlsector	fájlsector	existing-unreviewed		0
fileSize	fájlMéret	fájlMéret	existing-unreviewed		0
filename	fájlnév	fájlnév	existing-unreviewed		0
fillPosixStat	fillposixstat	fillposixstat	existing-unreviewed		0
findProcess	keresésFolyamat	keresésFolyamat	existing-unreviewed		0
first	first	first	existing-unreviewed		0
firstClusterHi	firstclusterhi	firstclusterhi	existing-unreviewed		0
firstClusterLow	firstclusterAlacsony	firstclusterAlacsony	existing-unreviewed		0
firstFileCluster	firstFájlcluster	firstFájlcluster	existing-unreviewed		0
flags	flagek	flagek	existing-unreviewed		0
flags2	flagek2	flagek2	existing-unreviewed		0
flagsAndOffset	flagekÉSEltolás	flagekÉSEltolás	existing-unreviewed		0
flushIndex	flushindex	flushindex	existing-unreviewed		0
flushTlsTable	flushtlsTáblázat	flushtlsTáblázat	existing-unreviewed		0
flush_tss	flushtss	flushtss	existing-unreviewed		0
fn	fn	fn	existing-unreviewed		0
foo	foo	foo	existing-unreviewed		0
foundChild	foundchild	foundchild	existing-unreviewed		0
frame	keret	keret	existing-unreviewed		0
frameCount	keretSzámláló	keretSzámláló	existing-unreviewed		0
frameHeaderSize	keretheaderMéret	keretheaderMéret	existing-unreviewed		0
free	szabad	szabad	existing-unreviewed		0
freePort	szabadport	szabadport	existing-unreviewed		0
frequency	gyakoriság	gyakoriság	existing-unreviewed		0
fs	fs	fs	existing-unreviewed		0
func1Val	func1val	func1val	existing-unreviewed		0
func2Val	func2val	func2val	existing-unreviewed		0
func3Val	func3val	func3val	existing-unreviewed		0
func_addr	funcaddress	funcaddress	existing-unreviewed		0
func_bytes	funcBájt	funcBájt	existing-unreviewed		0
func_name	funcNév	funcNév	existing-unreviewed		0
func_value	funcÉrték	funcÉrték	existing-unreviewed		0
function	függvény	függvény	existing-unreviewed		0
fxrstor	fxrstor	fxrstor	existing-unreviewed		0
fxsave	fxsave	fxsave	existing-unreviewed		0
g	g	g	existing-unreviewed		0
g_320x200x256	g320x200x256	g320x200x256	existing-unreviewed		0
gate	gate	gate	existing-unreviewed		0
gateData	gatedata	gatedata	existing-unreviewed		0
gatewayIP	átjáróip	átjáróip	existing-unreviewed		0
gdt	gdt	gdt	existing-unreviewed		0
gdtDescriptor	gdtdescriptor	gdtdescriptor	existing-unreviewed		0
gdtEntry	gdtbejegyzés	gdtbejegyzés	existing-unreviewed		0
gdtTable	gdtTáblázat	gdtTáblázat	existing-unreviewed		0
gdtTableLen	gdtTáblázatlen	gdtTáblázatlen	existing-unreviewed		0
gdt_codeSegmentSelector	gdtcodesegmentselector	gdtcodesegmentselector	existing-unreviewed		0
gdt_func	gdtfunc	gdtfunc	existing-unreviewed		0
getCR2	getcr2	getcr2	existing-unreviewed		0
getCR3	getcr3	getcr3	existing-unreviewed		0
getDescriptor	getdescriptor	getdescriptor	existing-unreviewed		0
getESI	getesi	getesi	existing-unreviewed		0
getESP	getesp	getesp	existing-unreviewed		0
getGDT	getgdt	getgdt	existing-unreviewed		0
getGS	getgs	getgs	existing-unreviewed		0
getOpenFile	getMegnyitásFájl	getMegnyitásFájl	existing-unreviewed		0
getOpenFileFor	getMegnyitásFájlfor	getMegnyitásFájlfor	existing-unreviewed		0
getTLS	gettls	gettls	existing-unreviewed		0
globalDescriptorTable	globálisdescriptorTáblázat	globálisdescriptorTáblázat	existing-unreviewed		0
globalOffsetTable	globálisEltolásTáblázat	globálisEltolásTáblázat	existing-unreviewed		0
global_offset_table	globálisEltolásTáblázat_2	globálisEltolásTáblázat_2	existing-unreviewed		0
graphicsControllerDataPort	grafikaVezérlődataport	grafikaVezérlődataport	existing-unreviewed		0
graphicsControllerIndexPort	grafikaVezérlőindexport	grafikaVezérlőindexport	existing-unreviewed		0
grub_multiboot_memory_map_t	grubmultibootMemóriamapt	grubmultibootMemóriamapt	existing-unreviewed		0
gs	gs	gs	existing-unreviewed		0
gs_segment	gssegment	gssegment	existing-unreviewed		0
h	h	h	existing-unreviewed		0
haltAfterFatalException	haltUtánfatalexception	haltUtánfatalexception	existing-unreviewed		0
handleInterrupt	fogantyúMegszakítás	fogantyúMegszakítás	existing-unreviewed		0
handleKeyboardInterrupt	fogantyúBillentyűzetMegszakítás	fogantyúBillentyűzetMegszakítás	existing-unreviewed		0
handleMouseInterrupt	fogantyúEgérMegszakítás	fogantyúEgérMegszakítás	existing-unreviewed		0
handlePagingInterrupt	fogantyúpagingMegszakítás	fogantyúpagingMegszakítás	existing-unreviewed		0
handleUnhandledSyscall	fogantyúunhandledsyscall	fogantyúunhandledsyscall	existing-unreviewed		0
handler	handler	handler	existing-unreviewed		0
handlerAddressHighBits	handleraddressMagasbit	handleraddressMagasbit	existing-unreviewed		0
handlerAddressLowBits	handleraddressAlacsonybit	handleraddressAlacsonybit	existing-unreviewed		0
handlerRun	handlerFuttatás	handlerFuttatás	existing-unreviewed		0
handlers	handler_2	handler_2	existing-unreviewed		0
hardwareAddressSize	hardveraddressMéret	hardveraddressMéret	existing-unreviewed		0
hardwareInterruptOffset	hardverMegszakításEltolás	hardverMegszakításEltolás	existing-unreviewed		0
hardwareType	hardverTípus	hardverTípus	existing-unreviewed		0
hd	hd	hd	existing-unreviewed		0
head	head	head	existing-unreviewed		0
headCount	headSzámláló	headSzámláló	existing-unreviewed		0
headerLength	headerHossz	headerHossz	existing-unreviewed		0
headertype	headertype	headertype	existing-unreviewed		0
height	magasság	magasság	existing-unreviewed		0
hex	hexadecimális	hexadecimális	existing-unreviewed		0
hiddenSectors	rejtettsectors	rejtettsectors	existing-unreviewed		0
i	i	i	existing-unreviewed		0
iCount	iSzámláló	iSzámláló	existing-unreviewed		0
iDrivers	idriver	idriver	existing-unreviewed		0
iKeyboardEventHandler	iBillentyűzetEseményhandler	iBillentyűzetEseményhandler	existing-unreviewed		0
iMouseEventHandler	iEgérEseményhandler	iEgérEseményhandler	existing-unreviewed		0
iPCIControllerHandler	ipciVezérlőhandler	ipciVezérlőhandler	existing-unreviewed		0
iRawDataHandler	irawdatahandler	irawdatahandler	existing-unreviewed		0
iTimerEventHandler	iIdőzítőEseményhandler	iIdőzítőEseményhandler	existing-unreviewed		0
icmp	icmp	icmp	existing-unreviewed		0
icmpSize	icmpMéret	icmpMéret	existing-unreviewed		0
icmp콘솔	icmpKonzol	icmpKonzol	existing-unreviewed		0
id	azonosító	azonosító	existing-unreviewed		0
ident	ident	ident	existing-unreviewed		0
idtData	idtdata	idtdata	existing-unreviewed		0
idtPointer	idtMutató	idtMutató	existing-unreviewed		0
idx	idx	idx	existing-unreviewed		0
index	index	index	existing-unreviewed		0
initBlock	initBlokk	initBlokk	existing-unreviewed		0
initFileDescriptors	initFájldescriptor	initFájldescriptor	existing-unreviewed		0
initPIT	initpit	initpit	existing-unreviewed		0
initializeProcessFDs	initializeFolyamatfds	initializeFolyamatfds	existing-unreviewed		0
inode	inode	inode	existing-unreviewed		0
inputEventTask	bemenetEseményFeladat	bemenetEseményFeladat	existing-unreviewed		0
installIDT	telepítésidt	telepítésidt	existing-unreviewed		0
intNumber	egészSzám	egészSzám	existing-unreviewed		0
interface_id	fELÜLETAzonosító	fELÜLETAzonosító	existing-unreviewed		0
internetprotocolPayload	internetprotocolpayload	internetprotocolpayload	existing-unreviewed		0
interrupt	megszakítás	megszakítás	existing-unreviewed		0
interruptDebug	megszakításHibakeresés	megszakításHibakeresés	existing-unreviewed		0
interruptExitLoop	megszakításKilépésHurok	megszakításKilépésHurok	existing-unreviewed		0
interruptGateEntries	megszakításgatebejegyzés	megszakításgatebejegyzés	existing-unreviewed		0
interruptHandler	megszakításhandler	megszakításhandler	existing-unreviewed		0
interrupts	interrupts	interrupts	existing-unreviewed		0
iomap	iomap	iomap	existing-unreviewed		0
ip	ip	ip	existing-unreviewed		0
ipEtherFrameHandler	ipethernetKerethandler	ipethernetKerethandler	existing-unreviewed		0
ipHandler	iphandler	iphandler	existing-unreviewed		0
ipIdx	ipidx	ipidx	existing-unreviewed		0
ipProtocolUDP	ipprotocoludp	ipprotocoludp	existing-unreviewed		0
ipProvider	ipprovider	ipprovider	pending-language-review	ip_provider	0
ipSize	ipMéret	ipMéret	existing-unreviewed		0
ip_be	ipHálózatbyteorder	ipHálózatbyteorder	existing-unreviewed		0
ipmessage	internetprotocolÜzenet	internetprotocolÜzenet	existing-unreviewed		0
ipv4	ipv4	ipv4	existing-unreviewed		0
ip콘솔	ipKonzol	ipKonzol	existing-unreviewed		0
isKernel	iskernel	iskernel	existing-unreviewed		0
isRoot	isGyökérmappa	isGyökérmappa	existing-unreviewed		0
isRootPath	isGyökérmappaÚTVONAL	isGyökérmappaÚTVONAL	existing-unreviewed		0
isSharedPDE	issharedpde	issharedpde	existing-unreviewed		0
istOffset	istEltolás	istEltolás	existing-unreviewed		0
j	j	j	existing-unreviewed		0
jmp	jmp	jmp	existing-unreviewed		0
jmp_user	jmpFelhasználó	jmpFelhasználó	existing-unreviewed		0
jump_usermode_iret	jumpFelhasználóiüzemmódiret	jumpFelhasználóiüzemmódiret	existing-unreviewed		0
kPageDirEntry	kOldalKönyvtárbejegyzés	kOldalKönyvtárbejegyzés	existing-unreviewed		0
kernelESP	kernelesp	kernelesp	existing-unreviewed		0
kernelPageDirEntry	kernelOldalKönyvtárbejegyzés	kernelOldalKönyvtárbejegyzés	existing-unreviewed		0
kernelSS	kernelss	kernelss	existing-unreviewed		0
key	billentyű	billentyű	existing-unreviewed		0
keyboard	billentyűzet	billentyűzet	existing-unreviewed		0
keyboardDriver	billentyűzetdriver	billentyűzetdriver	existing-unreviewed		0
keyboardEventHandler	billentyűzetEseményhandler	billentyűzetEseményhandler	existing-unreviewed		0
keyboardQueue	billentyűzetqueue	billentyűzetqueue	existing-unreviewed		0
keyboardQueueRead	billentyűzetqueueOlvasás	billentyűzetqueueOlvasás	existing-unreviewed		0
keyboardQueueSize	billentyűzetqueueMéret	billentyűzetqueueMéret	existing-unreviewed		0
keyboardQueueWrite	billentyűzetqueueÍrás	billentyűzetqueueÍrás	existing-unreviewed		0
kind	fajta	fajta	existing-unreviewed		0
l	l	l	existing-unreviewed		0
last	utolsó	utolsó	existing-unreviewed		0
lbaHiPort	lbahiport	lbahiport	existing-unreviewed		0
lbaLowPort	lbaAlacsonyport	lbaAlacsonyport	existing-unreviewed		0
lbaMidPort	lbamidport	lbamidport	existing-unreviewed		0
ldt	ldt	ldt	existing-unreviewed		0
leftShift	balrashift	balrashift	existing-unreviewed		0
len	len	len	existing-unreviewed		0
len_ver	lenver	lenver	existing-unreviewed		0
length	hossz	hossz	existing-unreviewed		0
lengthAddress	hosszaddress	hosszaddress	existing-unreviewed		0
lengthInBytes	hosszBeBájt	hosszBeBájt	existing-unreviewed		0
length_high	hosszMagas	hosszMagas	existing-unreviewed		0
length_low	hosszAlacsony	hosszAlacsony	existing-unreviewed		0
lengths	lengths	lengths	existing-unreviewed		0
lib1Addr	lib1address	lib1address	existing-unreviewed		0
lib1Data	lib1data	lib1data	existing-unreviewed		0
lib1File	lib1Fájl	lib1Fájl	existing-unreviewed		0
lib1GOT	lib1got	lib1got	existing-unreviewed		0
lib1elf	lib1elf	lib1elf	existing-unreviewed		0
lib2Addr	lib2address	lib2address	existing-unreviewed		0
lib2Data	lib2data	lib2data	existing-unreviewed		0
lib2File	lib2Fájl	lib2Fájl	existing-unreviewed		0
lib2GOT	lib2got	lib2got	existing-unreviewed		0
lib2elf	lib2elf	lib2elf	existing-unreviewed		0
libLinkMap	libHivatkozásmap	libHivatkozásmap	existing-unreviewed		0
lidtaddr	lidtaddr	lidtaddr	existing-unreviewed		0
limit	korlátozás	korlátozás	existing-unreviewed		0
limitHighAndFlags	korlátozásMagasÉSFlagek	korlátozásMagasÉSFlagek	existing-unreviewed		0
limitLow	korlátozásAlacsony	korlátozásAlacsony	existing-unreviewed		0
linkMap	hivatkozásmap	hivatkozásmap	existing-unreviewed		0
linkMapAddr	hivatkozásmapaddress	hivatkozásmapaddress	existing-unreviewed		0
linkerAddr	linkeraddress	linkeraddress	existing-unreviewed		0
linkerData	linkerdata	linkerdata	existing-unreviewed		0
linkerEntry	linkerbejegyzés	linkerbejegyzés	existing-unreviewed		0
linkerFile	linkerFájl	linkerFájl	existing-unreviewed		0
list	lista	lista	existing-unreviewed		0
listening	listening	listening	existing-unreviewed		0
loader	loader	loader	existing-unreviewed		0
local	helyi	helyi	existing-unreviewed		0
localDatagramSocket	helyidatagramFoglalat	helyidatagramFoglalat	existing-unreviewed		0
localIP	helyiip	helyiip	existing-unreviewed		0
localPort	helyiportSzám	helyiportSzám	existing-unreviewed		0
localSockets	helyisockets	helyisockets	existing-unreviewed		0
logicalAddress	logikaiaddress	logikaiaddress	existing-unreviewed		0
macAddr	macaddress	macaddress	existing-unreviewed		0
macIdx	macidx	macidx	existing-unreviewed		0
magicnumber	magicnumber	magicnumber	existing-unreviewed		0
main	main	main	compatibility		0
mainThread	főthread	főthread	existing-unreviewed		0
makePagePrivateWritableCurrent	makeOldalSzemélyeswritableJelenlegi	makeOldalSzemélyeswritableJelenlegi	existing-unreviewed		0
makeRangePrivateWritableCurrent	makeTartománySzemélyeswritableJelenlegi	makeTartománySzemélyeswritableJelenlegi	existing-unreviewed		0
manager	manager	manager	existing-unreviewed		0
mask	maszk	maszk	existing-unreviewed		0
master	fő	fő	existing-unreviewed		0
matches	matches	matches	existing-unreviewed		0
maxBARs	maximumbars	maximumbars	existing-unreviewed		0
maxDatagramSize	maximumdatagramMéret	maximumdatagramMéret	existing-unreviewed		0
maxExecStringLength	maximumFuttatásKarakterláncHossz	maximumFuttatásKarakterláncHossz	existing-unreviewed		0
maxExecVectorEntries	maximumFuttatásvectorbejegyzés	maximumFuttatásvectorbejegyzés	existing-unreviewed		0
maxFD	maximumfd	maximumfd	existing-unreviewed		0
maxOpenFiles	maximumMegnyitásFÁJLOK	maximumMegnyitásFÁJLOK	existing-unreviewed		0
maxSocketPackets	maximumFoglalatcsomag	maximumFoglalatcsomag	existing-unreviewed		0
maxSockets	maximumsockets	maximumsockets	existing-unreviewed		0
maximumBlocks	maximumBlokk	maximumBlokk	existing-unreviewed		0
mediaType	adathordozóTípus	adathordozóTípus	existing-unreviewed		0
mem	mem	mem	existing-unreviewed		0
memoryArray	memóriaTömb	memóriaTömb	existing-unreviewed		0
memoryChunkSize	memóriachunkMéret	memóriachunkMéret	existing-unreviewed		0
memoryManager	memóriamanager	memóriamanager	existing-unreviewed		0
memoryOper	memóriaoper	memóriaoper	existing-unreviewed		0
memorySize	memóriaMéret	memóriaMéret	existing-unreviewed		0
memorymananger	memorymananger	memorymananger	existing-unreviewed		0
memorytest	memorytest	memorytest	existing-unreviewed		0
message	üzenet	üzenet	existing-unreviewed		0
micsPort	micsport	micsport	existing-unreviewed		0
minimum	minimum	minimum	existing-unreviewed		0
mode	mód	mód	existing-unreviewed		0
mouseDriver	egérdriver	egérdriver	existing-unreviewed		0
mouseEventHandler	egérEseményhandler	egérEseményhandler	existing-unreviewed		0
mouseVGA	egérvga	egérvga	existing-unreviewed		0
mouseWidget	egérElem	egérElem	existing-unreviewed		0
msdospart	msdospartition	msdospartition	existing-unreviewed		0
msg	msg	msg	existing-unreviewed		0
msgBuffer	msgbuffer	msgbuffer	existing-unreviewed		0
multiboot_memory_map	multibootMemóriamap	multibootMemóriamap	existing-unreviewed		0
multitasking	multitasking	multitasking	existing-unreviewed		0
myKeyboardEventHandler	myBillentyűzetEseményhandler	myBillentyűzetEseményhandler	existing-unreviewed		0
myPCIControllerHandler	mypciVezérlőhandler	mypciVezérlőhandler	existing-unreviewed		0
myfunction	myfunction	myfunction	existing-unreviewed		0
n	n	n	existing-unreviewed		0
n_descsz	ndescsz	ndescsz	existing-unreviewed		0
n_namesz	nnamesz	nnamesz	existing-unreviewed		0
n_type	nTípus	nTípus	existing-unreviewed		0
name	név	név	existing-unreviewed		0
nameLen	névlen	névlen	existing-unreviewed		0
netCard	hálózatKártya	hálózatKártya	existing-unreviewed		0
newButtons	újGomb	újGomb	existing-unreviewed		0
newFD	újfd	újfd	existing-unreviewed		0
newFrame	újKeret	újKeret	existing-unreviewed		0
newLink	újHivatkozás	újHivatkozás	existing-unreviewed		0
newNode	újCsomópont	újCsomópont	existing-unreviewed		0
newPtr	újMutató	újMutató	existing-unreviewed		0
next	következő	következő	existing-unreviewed		0
nextEphemeralPort	következőephemeralport	következőephemeralport	existing-unreviewed		0
nextFileCluster	következőFájlcluster	következőFájlcluster	existing-unreviewed		0
nextHopIP_BE	következőhopipaddressHálózatbyteorder	következőhopipaddressHálózatbyteorder	existing-unreviewed		0
nextNode	következőCsomópont	következőCsomópont	existing-unreviewed		0
nextProcessID	következőFolyamatAzonosító	következőFolyamatAzonosító	existing-unreviewed		0
nextThread	következőthread	következőthread	existing-unreviewed		0
nibble	nibble	nibble	existing-unreviewed		0
node	csomópont	csomópont	pending-language-review	list_node	0
nodeArray	csomópontTömb	csomópontTömb	existing-unreviewed		0
num	szám	szám	existing-unreviewed		0
numCacheEntries	számcachebejegyzés	számcachebejegyzés	existing-unreviewed		0
numDrivers	számdriver	számdriver	existing-unreviewed		0
numFunctions	számFüggvények	számFüggvények	existing-unreviewed		0
numRecvBuffers	számrecvbuffer	számrecvbuffer	existing-unreviewed		0
numSendBuffers	számKüldésbuffer	számKüldésbuffer	existing-unreviewed		0
numSockets	számsockets	számsockets	existing-unreviewed		0
numTasks	számFeladatok	számFeladatok	existing-unreviewed		0
oAppend	oappend	oappend	existing-unreviewed		0
oCreate	ocreate	ocreate	existing-unreviewed		0
oDirectory	oKönyvtár	oKönyvtár	existing-unreviewed		0
oReadOnly	oOlvasásonly	oOlvasásonly	existing-unreviewed		0
oReadWrite	oOlvasásÍrás	oOlvasásÍrás	existing-unreviewed		0
oTruncate	oCsonkítás	oCsonkítás	existing-unreviewed		0
oWriteOnly	oÍrásonly	oÍrásonly	existing-unreviewed		0
o_addr	oaddress	oaddress	existing-unreviewed		0
offset	eltolás	eltolás	existing-unreviewed		0
ok	ok	ok	existing-unreviewed		0
oldButtons	öregGomb	öregGomb	existing-unreviewed		0
oldCR3	öregcr3	öregcr3	existing-unreviewed		0
oldFD	öregfd	öregfd	existing-unreviewed		0
oldFrame	öregKeret	öregKeret	existing-unreviewed		0
oldGdt	öreggdt	öreggdt	existing-unreviewed		0
oldGdtAddr	öreggdtaddress	öreggdtaddress	existing-unreviewed		0
oldGdtLen	öreggdtlen	öreggdtlen	existing-unreviewed		0
openFileDescription	megnyitásFájlLeírás	megnyitásFájlLeírás	existing-unreviewed		0
openFileTable	megnyitásFájlTáblázat	megnyitásFájlTáblázat	existing-unreviewed		0
options	beállítások	beállítások	existing-unreviewed		0
orgValue	orgÉrték	orgÉrték	existing-unreviewed		0
p	p	p	existing-unreviewed		0
p1	p1	p1	existing-unreviewed		0
p2	p2	p2	existing-unreviewed		0
p_align	pIgazítás	pIgazítás	existing-unreviewed		0
p_backend	pbackend	pbackend	existing-unreviewed		0
p_data	pdata	pdata	existing-unreviewed		0
p_efHandler	pefhandler	pefhandler	existing-unreviewed		0
p_efProvider	pefprovider	pefprovider	existing-unreviewed		0
p_etherType	pethernetTípus	pethernetTípus	existing-unreviewed		0
p_filesz	pfilesz	pfilesz	existing-unreviewed		0
p_flags	pFlagek	pFlagek	existing-unreviewed		0
p_iHandler	pihandler	pihandler	existing-unreviewed		0
p_ipHandler	piphandler	piphandler	existing-unreviewed		0
p_ipProvider	pipprovider	pipprovider	existing-unreviewed		0
p_memsz	pmemsz	pmemsz	existing-unreviewed		0
p_offset	pEltolás	pEltolás	existing-unreviewed		0
p_paddr	ppaddr	ppaddr	existing-unreviewed		0
p_protocol	pprotocol	pprotocol	existing-unreviewed		0
p_provider	pprovider	pprovider	existing-unreviewed		0
p_str	pstr	pstr	existing-unreviewed		0
p_type	pTípus	pTípus	existing-unreviewed		0
p_udpHandler	pudphandler	pudphandler	existing-unreviewed		0
p_udpProvider	pudpprovider	pudpprovider	existing-unreviewed		0
p_vaddr	pvaddr	pvaddr	existing-unreviewed		0
packet	packet	packet	existing-unreviewed		0
packetStatus	packetÁllapot	packetÁllapot	existing-unreviewed		0
packets	csomag	csomag	existing-unreviewed		0
page	oldal	oldal	existing-unreviewed		0
pageDir	oldalKönyvtár	oldalKönyvtár	pending-language-review	page_directory	0
pageDirEntry	oldalKönyvtárbejegyzés	oldalKönyvtárbejegyzés	existing-unreviewed		0
pageTableEntry	oldalTáblázatbejegyzés	oldalTáblázatbejegyzés	existing-unreviewed		0
paging	paging	paging	existing-unreviewed		0
param	param	param	existing-unreviewed		0
params	paraméterek	paraméterek	existing-unreviewed		0
parent	parent	parent	existing-unreviewed		0
parentPID	parentpid	parentpid	existing-unreviewed		0
parentProcess	parentFolyamat	parentFolyamat	existing-unreviewed		0
partEntry	partbejegyzés	partbejegyzés	existing-unreviewed		0
partition	partition	partition	existing-unreviewed		0
partitionBytes	partitionBájt	partitionBájt	existing-unreviewed		0
partitionOffset	partitionEltolás	partitionEltolás	existing-unreviewed		0
path	úTVONAL	úTVONAL	existing-unreviewed		0
pathAddr	úTVONALaddress	úTVONALaddress	existing-unreviewed		0
pci	pci	pci	existing-unreviewed		0
pciController	pciVezérlő	pciVezérlő	existing-unreviewed		0
pde	pde	pde	existing-unreviewed		0
pdeAddr	pdeaddress	pdeaddress	existing-unreviewed		0
pdelen	pdelen	pdelen	existing-unreviewed		0
peer	peer	peer	existing-unreviewed		0
pendingButtons	pendingGomb	pendingGomb	existing-unreviewed		0
pendingMouseEvent	pendingEgérEsemény	pendingEgérEsemény	existing-unreviewed		0
pendingX	pendingx	pendingx	existing-unreviewed		0
pendingY	pendingy	pendingy	existing-unreviewed		0
phyaddr	phyaddr	phyaddr	existing-unreviewed		0
phymem	physicalMemória	physicalMemória	existing-unreviewed		0
physicalAddress	physicaladdress	physicaladdress	existing-unreviewed		0
pid	pid	pid	existing-unreviewed		0
pitFrequency	pitGyakoriság	pitGyakoriság	existing-unreviewed		0
pixelAddress	pixeladdress	pixeladdress	existing-unreviewed		0
pointer	mutató	mutató	pending-language-review	pointer	0
pollKeyboardScancode	pollBillentyűzetscancode	pollBillentyűzetscancode	existing-unreviewed		0
port	port	port	existing-unreviewed		0
portBase	portbase	portbase	existing-unreviewed		0
portInUse	portBeHasználat	portBeHasználat	existing-unreviewed		0
portnumber	portnumber	portnumber	existing-unreviewed		0
pos	pozíció	pozíció	existing-unreviewed		0
position	pozíció_2	pozíció_2	existing-unreviewed		0
posixStat	posixstat	posixstat	existing-unreviewed		0
posixUtsname	posixutsname	posixutsname	existing-unreviewed		0
prefetchable	prefetchcapable	prefetchcapable	existing-unreviewed		0
prev	previous	previous	existing-unreviewed		0
prevNode	previousCsomópont	previousCsomópont	existing-unreviewed		0
prevX	previousx	previousx	existing-unreviewed		0
prevY	previousy	previousy	existing-unreviewed		0
printESP	nyomtatásesp	nyomtatásesp	existing-unreviewed		0
printExceptionSelectorInfo	nyomtatásexceptionselectorInfó	nyomtatásexceptionselectorInfó	existing-unreviewed		0
printPageFaultInfo	nyomtatásOldalfaultInfó	nyomtatásOldalfaultInfó	existing-unreviewed		0
printreg	printreg	printreg	existing-unreviewed		0
proc2	proc2	proc2	existing-unreviewed		0
proc3	proc3	proc3	existing-unreviewed		0
proc4	proc4	proc4	existing-unreviewed		0
process	folyamat	folyamat	existing-unreviewed		0
processEntry	folyamatbejegyzés	folyamatbejegyzés	existing-unreviewed		0
processHelper	folyamathelper	folyamathelper	existing-unreviewed		0
processTable	folyamatTáblázat	folyamatTáblázat	existing-unreviewed		0
processes	folyamatok	folyamatok	existing-unreviewed		0
programBreak	programbreak	programbreak	existing-unreviewed		0
protocol	protocol	protocol	existing-unreviewed		0
protocolAddressSize	protocoladdressMéret	protocoladdressMéret	existing-unreviewed		0
providedLength	providedHossz	providedHossz	existing-unreviewed		0
provider	provider	provider	existing-unreviewed		0
ps2WaitLimit	ps2VárakozásKorlátozás	ps2VárakozásKorlátozás	existing-unreviewed		0
pt	pt	pt	existing-unreviewed		0
pte	pte	pte	existing-unreviewed		0
pteAddr	pteaddress	pteaddress	existing-unreviewed		0
ptr	mutató_2	mutató_2	pending-language-review	pointer	0
pushExecUint32	pushFuttatásunsignedinteger32	pushFuttatásunsignedinteger32	existing-unreviewed		0
queueKeyboardByte	queueBillentyűzetbyte	queueBillentyűzetbyte	existing-unreviewed		0
r	r	r	existing-unreviewed		0
r_addend	raddend	raddend	existing-unreviewed		0
r_info	rInfó	rInfó	existing-unreviewed		0
r_offset	rEltolás	rEltolás	existing-unreviewed		0
raw	raw	raw	existing-unreviewed		0
rawDataBackend	rawdatabackend	rawdatabackend	existing-unreviewed		0
readFile	olvasásFájl	olvasásFájl	existing-unreviewed		0
readPS2Data	olvasásps2data	olvasásps2data	existing-unreviewed		0
readStdin	olvasásstdin	olvasásstdin	existing-unreviewed		0
readVFSFile	olvasásvfsFájl	olvasásvfsFájl	existing-unreviewed		0
read_count	olvasásSzámláló	olvasásSzámláló	existing-unreviewed		0
receiver	receiver	receiver	existing-unreviewed		0
recvBufferDescr	recvbufferLeírás	recvbufferLeírás	existing-unreviewed		0
recvBufferDescrAddress	recvbufferLeírásaddress	recvbufferLeírásaddress	existing-unreviewed		0
recvBuffers	recvbuffer	recvbuffer	existing-unreviewed		0
recvBuffersDescrMemory	recvbufferLeírásMemória	recvbufferLeírásMemória	existing-unreviewed		0
refBytes	referenceBájt	referenceBájt	existing-unreviewed		0
refPtr	referenceMutató	referenceMutató	existing-unreviewed		0
refs	refs	refs	existing-unreviewed		0
regIndex	regindex	regindex	existing-unreviewed		0
registerAddressPort	registeraddressport	registeraddressport	existing-unreviewed		0
registerDataPort	registerdataport	registerdataport	existing-unreviewed		0
registeroffset	registeroffset	registeroffset	existing-unreviewed		0
registers	register	register	existing-unreviewed		0
regtype	regtype	regtype	existing-unreviewed		0
rel_text	relSzöveg	relSzöveg	existing-unreviewed		0
rel_text_len	relSzöveglen	relSzöveglen	existing-unreviewed		0
releaseOpenFile	releaseMegnyitásFájl	releaseMegnyitásFájl	existing-unreviewed		0
released	released	released	existing-unreviewed		0
reloadCR3	újratöltéscr3	újratöltéscr3	existing-unreviewed		0
relocation_text	relocationSzöveg	relocationSzöveg	existing-unreviewed		0
remaining	remaining	remaining	existing-unreviewed		0
remote	távoli	távoli	existing-unreviewed		0
remoteIP	távoliip	távoliip	existing-unreviewed		0
remotePort	távoliportSzám	távoliportSzám	existing-unreviewed		0
requested	requested	requested	existing-unreviewed		0
reserved	fenntartva	fenntartva	existing-unreviewed		0
reserved0	fenntartva0	fenntartva0	existing-unreviewed		0
reservedSectors	fenntartvasectors	fenntartvasectors	existing-unreviewed		0
resetPort	visszaállításport	visszaállításport	existing-unreviewed		0
restoreFpRegs	helyreállításfpregs	helyreállításfpregs	existing-unreviewed		0
result	result	result	existing-unreviewed		0
result1	result1	result1	existing-unreviewed		0
result2	result2	result2	existing-unreviewed		0
ret	ret	ret	existing-unreviewed		0
revision	revision	revision	existing-unreviewed		0
rightShift	jobbrashift	jobbrashift	existing-unreviewed		0
rootCluster	gyökérmappacluster	gyökérmappacluster	existing-unreviewed		0
rootDirEntries	gyökérmappaKönyvtárbejegyzés	gyökérmappaKönyvtárbejegyzés	existing-unreviewed		0
rootStart	gyökérmappaIndítás	gyökérmappaIndítás	existing-unreviewed		0
rt	rt	rt	existing-unreviewed		0
s	s	s	existing-unreviewed		0
sIfchr	sifchr	sifchr	existing-unreviewed		0
sIfdir	sifdir	sifdir	existing-unreviewed		0
sIfmt	sifmt	sifmt	existing-unreviewed		0
sIfreg	sifreg	sifreg	existing-unreviewed		0
sIfsock	sifsock	sifsock	existing-unreviewed		0
savedESP	mentettesp	mentettesp	existing-unreviewed		0
sc	sc	sc	existing-unreviewed		0
scanCode	vizsgálatcode	vizsgálatcode	existing-unreviewed		0
scanCodeToByte	vizsgálatcodetobyte	vizsgálatcodetobyte	existing-unreviewed		0
scancodeToByte	scancodetobyte	scancodetobyte	existing-unreviewed		0
sche	sche	sche	existing-unreviewed		0
sche_data	schedata	schedata	existing-unreviewed		0
scheduleStack	schedulestack	schedulestack	existing-unreviewed		0
scheduler	scheduler	scheduler	existing-unreviewed		0
schedulerDebug	schedulerHibakeresés	schedulerHibakeresés	existing-unreviewed		0
sectHeader	sectheader	sectheader	existing-unreviewed		0
sectHeaderSize	sectheaderMéret	sectheaderMéret	existing-unreviewed		0
sectName	sectNév	sectNév	existing-unreviewed		0
sectValue	sectÉrték	sectÉrték	existing-unreviewed		0
sector	sector	sector	existing-unreviewed		0
sectorCountPort	sectorSzámlálóport	sectorSzámlálóport	existing-unreviewed		0
sectorNum	sectorSzám	sectorSzám	existing-unreviewed		0
sectorOffset	sectorEltolás	sectorEltolás	existing-unreviewed		0
sectorPerTrack	sectorpertrack	sectorpertrack	existing-unreviewed		0
sectorsPerCluster	sectorspercluster	sectorspercluster	existing-unreviewed		0
seekCur	seekJelenlegi	seekJelenlegi	existing-unreviewed		0
seekEnd	seekVégén	seekVégén	existing-unreviewed		0
seekSet	seekhalmaz	seekhalmaz	existing-unreviewed		0
segmentNumber	segmentSzám	segmentSzám	existing-unreviewed		0
self	self	self	existing-unreviewed		0
self_uintptr	selfuintptr	selfuintptr	existing-unreviewed		0
sendBack	reply	reply	existing-unreviewed		0
sendBufferDescr	küldésbufferLeírás	küldésbufferLeírás	existing-unreviewed		0
sendBufferDescrAddress	küldésbufferLeírásaddress	küldésbufferLeírásaddress	existing-unreviewed		0
sendBuffers	küldésbuffer	küldésbuffer	existing-unreviewed		0
sendBuffersDescrMemory	küldésbufferLeírásMemória	küldésbufferLeírásMemória	existing-unreviewed		0
sendDataPointer	küldésdataMutató	küldésdataMutató	existing-unreviewed		0
sendDescriptor	küldésdescriptor	küldésdescriptor	existing-unreviewed		0
sendMouseCommand	küldésEgérParancs	küldésEgérParancs	existing-unreviewed		0
sequencerDataPort	sequencerdataport	sequencerdataport	existing-unreviewed		0
sequencerIndexPort	sequencerindexport	sequencerindexport	existing-unreviewed		0
serialLogByte	soroslogbyte	soroslogbyte	existing-unreviewed		0
serialReady	sorosKész	sorosKész	existing-unreviewed		0
setCR3	halmazcr3	halmazcr3	existing-unreviewed		0
setDS	halmazds	halmazds	existing-unreviewed		0
setGS	halmazgs	halmazgs	existing-unreviewed		0
setThreadExitLoopState	halmazthreadKilépésHurokÁllapot	halmazthreadKilépésHurokÁllapot	existing-unreviewed		0
setupExecStack	setupFuttatásstack	setupFuttatásstack	existing-unreviewed		0
sh	sh	sh	existing-unreviewed		0
sh_addr	shaddress	shaddress	existing-unreviewed		0
sh_addralign	shaddralign	shaddralign	existing-unreviewed		0
sh_entsize	shentsize	shentsize	existing-unreviewed		0
sh_flags	shFlagek	shFlagek	existing-unreviewed		0
sh_info	shInfó	shInfó	existing-unreviewed		0
sh_link	shHivatkozás	shHivatkozás	existing-unreviewed		0
sh_name	shNév	shNév	existing-unreviewed		0
sh_offset	shEltolás	shEltolás	existing-unreviewed		0
sh_size	shMéret	shMéret	existing-unreviewed		0
sh_type	shTípus	shTípus	existing-unreviewed		0
shift	shift	shift	existing-unreviewed		0
signature	signature	signature	existing-unreviewed		0
size	méret	méret	existing-unreviewed		0
sl	sl	sl	existing-unreviewed		0
sockDatagram	sockdatagram	sockdatagram	existing-unreviewed		0
socket	foglalat	foglalat	existing-unreviewed		0
socketAddress	foglalataddress	foglalataddress	existing-unreviewed		0
socketAddressIPv4	foglalataddressipv4	foglalataddressipv4	existing-unreviewed		0
socketBind	foglalatbind	foglalatbind	existing-unreviewed		0
socketCallArgument	foglalatcallargument	foglalatcallargument	existing-unreviewed		0
socketConnect	foglalatKapcsolódás	foglalatKapcsolódás	existing-unreviewed		0
socketForFD	foglalatforfd	foglalatforfd	existing-unreviewed		0
socketIndex	foglalatindex	foglalatindex	existing-unreviewed		0
socketPacket	foglalatpacket	foglalatpacket	existing-unreviewed		0
socketReceiveFrom	foglalatreceivefrom	foglalatreceivefrom	existing-unreviewed		0
socketSendTo	foglalatKüldésto	foglalatKüldésto	existing-unreviewed		0
socketType	foglalatTípus	foglalatTípus	existing-unreviewed		0
sockets	sockets	sockets	existing-unreviewed		0
softName	softNév	softNév	existing-unreviewed		0
source	forrás	forrás	existing-unreviewed		0
sourceAddress	forrásaddress	forrásaddress	existing-unreviewed		0
sourceLengthAddress	forrásHosszaddress	forrásHosszaddress	existing-unreviewed		0
src	forrás_2	forrás_2	existing-unreviewed		0
srcEntry	forrásbejegyzés	forrásbejegyzés	existing-unreviewed		0
srcIP	forrásipaddress	forrásipaddress	existing-unreviewed		0
srcIP_BE	forrásipaddressHálózatbyteorder	forrásipaddressHálózatbyteorder	existing-unreviewed		0
srcMAC	forrásmacaddress	forrásmacaddress	existing-unreviewed		0
srcMAC_BE	forrásmacbe	forrásmacbe	existing-unreviewed		0
srcPageDir	forrásOldalKönyvtár	forrásOldalKönyvtár	existing-unreviewed		0
srcPde	forráspde	forráspde	existing-unreviewed		0
srcPdeAddr	forráspdeaddress	forráspdeaddress	existing-unreviewed		0
srcPort	forrásportSzám	forrásportSzám	pending-language-review	source_port	0
srcPt	forráspt	forráspt	existing-unreviewed		0
srcptr	srcptr	srcptr	existing-unreviewed		0
ss	ss	ss	existing-unreviewed		0
ss0	ss0	ss0	existing-unreviewed		0
ss1	ss1	ss1	existing-unreviewed		0
ss2	ss2	ss2	existing-unreviewed		0
st	st	st	existing-unreviewed		0
st_info	stInfó	stInfó	existing-unreviewed		0
st_name	stNév	stNév	existing-unreviewed		0
st_other	stEgyéb	stEgyéb	existing-unreviewed		0
st_shndx	stshndx	stshndx	existing-unreviewed		0
st_size	stMéret	stMéret	existing-unreviewed		0
st_value	stÉrték	stÉrték	existing-unreviewed		0
stack	stack	stack	pending-language-review	stack	0
stackBytes	stackBájt	stackBájt	existing-unreviewed		0
stackPtr	stackMutató	stackMutató	existing-unreviewed		0
stack_addr	stackaddress	stackaddress	existing-unreviewed		0
stackbottom	stackbottom	stackbottom	existing-unreviewed		0
stacktop	stacktop	stacktop	existing-unreviewed		0
start	indítás	indítás	existing-unreviewed		0
startOffset	indításEltolás	indításEltolás	existing-unreviewed		0
start_cylinder	indításcylinder	indításcylinder	existing-unreviewed		0
start_head	indításhead	indításhead	existing-unreviewed		0
start_sector	indítássector	indítássector	existing-unreviewed		0
startingBit	startingbit	startingbit	existing-unreviewed		0
stat	stat	stat	existing-unreviewed		0
statAddr	stataddress	stataddress	existing-unreviewed		0
status	állapot	állapot	existing-unreviewed		0
statusAddr	állapotaddress	állapotaddress	existing-unreviewed		0
stderrFD	stderrfd	stderrfd	existing-unreviewed		0
stdinBuffer	stdinbuffer	stdinbuffer	existing-unreviewed		0
stdinFD	stdinfd	stdinfd	existing-unreviewed		0
stdinGetBlocking	stdingetblocking	stdingetblocking	existing-unreviewed		0
stdinRead	stdinOlvasás	stdinOlvasás	existing-unreviewed		0
stdinWrite	stdinÍrás	stdinÍrás	existing-unreviewed		0
stdoutFD	stdoutfd	stdoutfd	existing-unreviewed		0
stoppedThread	leállítvathread	leállítvathread	existing-unreviewed		0
str	str	str	existing-unreviewed		0
stringAddress	karakterláncaddress	karakterláncaddress	existing-unreviewed		0
stringHeader	karakterláncheader	karakterláncheader	existing-unreviewed		0
strtab	strtab	strtab	existing-unreviewed		0
subclass_id	subclassAzonosító	subclassAzonosító	existing-unreviewed		0
subnetMask	subnetMaszk	subnetMaszk	existing-unreviewed		0
swapUint16	cserehelyunsignedinteger16	cserehelyunsignedinteger16	existing-unreviewed		0
switchForced	switchforced	switchforced	existing-unreviewed		0
sysAccess	syselérés	syselérés	existing-unreviewed		0
sysBrk	sysbrk	sysbrk	existing-unreviewed		0
sysCall	syscall	syscall	existing-unreviewed		0
sysChdir	syschdir	syschdir	existing-unreviewed		0
sysClose	sysBezárás	sysBezárás	existing-unreviewed		0
sysDup	sysdup	sysdup	existing-unreviewed		0
sysDup2	sysdup2	sysdup2	existing-unreviewed		0
sysExecve	sysexecve	sysexecve	existing-unreviewed		0
sysExit	sysKilépés	sysKilépés	existing-unreviewed		0
sysFcntl	sysfcntl	sysfcntl	existing-unreviewed		0
sysFork	sysfork	sysfork	existing-unreviewed		0
sysFstat	sysfstat	sysfstat	existing-unreviewed		0
sysFsync	sysfsync	sysfsync	existing-unreviewed		0
sysGetcwd	sysgetcwd	sysgetcwd	existing-unreviewed		0
sysLseek	syslseek	syslseek	existing-unreviewed		0
sysOpen	sysMegnyitás	sysMegnyitás	existing-unreviewed		0
sysRead	sysOlvasás	sysOlvasás	existing-unreviewed		0
sysSocketCall	sysFoglalatcall	sysFoglalatcall	existing-unreviewed		0
sysStat	sysstat	sysstat	existing-unreviewed		0
sysUname	sysuname	sysuname	existing-unreviewed		0
sysWaitpid	syswaitpid	syswaitpid	existing-unreviewed		0
sysWrite	sysÍrás	sysÍrás	existing-unreviewed		0
syscallError	syscallHiba	syscallHiba	existing-unreviewed		0
syscallID	syscallAzonosító	syscallAzonosító	existing-unreviewed		0
systemcall	rendszercall	rendszercall	existing-unreviewed		0
table	táblázat	táblázat	existing-unreviewed		0
tableSize	táblázatMéret	táblázatMéret	existing-unreviewed		0
tail	tail	tail	existing-unreviewed		0
task	feladat	feladat	existing-unreviewed		0
taskA	feladata	feladata	existing-unreviewed		0
taskB	feladatb	feladatb	existing-unreviewed		0
taskC	feladatc	feladatc	existing-unreviewed		0
taskD	feladatd	feladatd	existing-unreviewed		0
taskD0	feladatd0	feladatd0	existing-unreviewed		0
taskD1	feladatd1	feladatd1	existing-unreviewed		0
taskManager	feladatmanager	feladatmanager	existing-unreviewed		0
tasks	feladatok	feladatok	existing-unreviewed		0
temp	temporary	temporary	existing-unreviewed		0
terminated	terminated	terminated	existing-unreviewed		0
text	szöveg	szöveg	existing-unreviewed		0
textPtr	szövegMutató	szövegMutató	existing-unreviewed		0
text_len	szöveglen	szöveglen	existing-unreviewed		0
text_mode_check_fb_move	szövegmódcheckfbÁthelyezés	szövegmódcheckfbÁthelyezés	existing-unreviewed		0
text_mode_disable_cursor	szövegmódLetiltvaKurzor	szövegmódLetiltvaKurzor	existing-unreviewed		0
text_mode_enable_cursor	szövegmódEngedélyezveKurzor	szövegmódEngedélyezveKurzor	existing-unreviewed		0
text_mode_error_writer	szövegmódHibawriter	szövegmódHibawriter	existing-unreviewed		0
text_mode_flush_screen	szövegmódflushKépernyő	szövegmódflushKépernyő	existing-unreviewed		0
text_mode_init	szövegmódinit	szövegmódinit	existing-unreviewed		0
text_mode_print	szövegmódNyomtatás	szövegmódNyomtatás	existing-unreviewed		0
text_mode_print_bytes	szövegmódNyomtatásBájt	szövegmódNyomtatásBájt	existing-unreviewed		0
text_mode_print_char	szövegmódNyomtatáschar	szövegmódNyomtatáschar	existing-unreviewed		0
text_mode_print_char_col	szövegmódNyomtatáscharcol	szövegmódNyomtatáscharcol	existing-unreviewed		0
text_mode_print_col	szövegmódNyomtatáscol	szövegmódNyomtatáscol	existing-unreviewed		0
text_mode_print_error	szövegmódNyomtatásHiba	szövegmódNyomtatásHiba	existing-unreviewed		0
text_mode_print_error_bytes	szövegmódNyomtatásHibaBájt	szövegmódNyomtatásHibaBájt	existing-unreviewed		0
text_mode_print_errorln	szövegmódNyomtatáserrorln	szövegmódNyomtatáserrorln	existing-unreviewed		0
text_mode_print_hex	szövegmódNyomtatásHexadecimális	szövegmódNyomtatásHexadecimális	existing-unreviewed		0
text_mode_print_hex16	szövegmódNyomtatásHexadecimális16	szövegmódNyomtatásHexadecimális16	existing-unreviewed		0
text_mode_print_hex32	szövegmódNyomtatásHexadecimális32	szövegmódNyomtatásHexadecimális32	existing-unreviewed		0
text_mode_print_hex64	szövegmódNyomtatásHexadecimális64	szövegmódNyomtatásHexadecimális64	existing-unreviewed		0
text_mode_print_hex_char	szövegmódNyomtatásHexadecimálischar	szövegmódNyomtatásHexadecimálischar	existing-unreviewed		0
text_mode_println	szövegmódprintln	szövegmódprintln	existing-unreviewed		0
text_mode_println_col	szövegmódprintlncol	szövegmódprintlncol	existing-unreviewed		0
text_mode_update_cursor	szövegmódFrissítésKurzor	szövegmódFrissítésKurzor	existing-unreviewed		0
text_mode_writer	szövegmódwriter	szövegmódwriter	existing-unreviewed		0
thr2	thr2	thr2	existing-unreviewed		0
thr3	thr3	thr3	existing-unreviewed		0
thr4	thr4	thr4	existing-unreviewed		0
thread	thread	thread	existing-unreviewed		0
threadExitLoop	threadKilépésHurok	threadKilépésHurok	existing-unreviewed		0
threadHelper	threadhelper	threadhelper	existing-unreviewed		0
threadPtr	threadMutató	threadMutató	existing-unreviewed		0
tickCount	tickSzámláló	tickSzámláló	existing-unreviewed		0
timeDelta	idődelta	idődelta	existing-unreviewed		0
timeToLive	időtolive	időtolive	existing-unreviewed		0
timer	időzítő	időzítő	existing-unreviewed		0
tls	tls	tls	existing-unreviewed		0
tmp	tmp	tmp	existing-unreviewed		0
tmpPtr	tmpMutató	tmpMutató	existing-unreviewed		0
tos	tos	tos	existing-unreviewed		0
totalLength	összesenHossz	összesenHossz	existing-unreviewed		0
totalSectorCount	összesensectorSzámláló	összesensectorSzámláló	existing-unreviewed		0
totalSectors	összesensectors	összesensectors	existing-unreviewed		0
trap	trap	trap	existing-unreviewed		0
tss	tss	tss	existing-unreviewed		0
tssIndex	tssindex	tssindex	existing-unreviewed		0
udp	udp	udp	existing-unreviewed		0
udpHandler	udphandler	udphandler	existing-unreviewed		0
udpHeaderSize	udpheaderMéret	udpheaderMéret	existing-unreviewed		0
udpProvider	udpprovider	udpprovider	existing-unreviewed		0
udp콘솔	udpKonzol	udpKonzol	existing-unreviewed		0
unused	szabad_2	szabad_2	existing-unreviewed		0
used	használt	használt	existing-unreviewed		0
usedBlocks	használtBlokk	használtBlokk	existing-unreviewed		0
user1addr	felhasználó1address	felhasználó1address	existing-unreviewed		0
user1data	felhasználó1data	felhasználó1data	existing-unreviewed		0
user1entry	felhasználó1bejegyzés	felhasználó1bejegyzés	existing-unreviewed		0
user1file	felhasználó1Fájl	felhasználó1Fájl	existing-unreviewed		0
user2addr	felhasználó2address	felhasználó2address	existing-unreviewed		0
user2data	felhasználó2data	felhasználó2data	existing-unreviewed		0
user2entry	felhasználó2bejegyzés	felhasználó2bejegyzés	existing-unreviewed		0
user2file	felhasználó2Fájl	felhasználó2Fájl	existing-unreviewed		0
user3addr	felhasználó3address	felhasználó3address	existing-unreviewed		0
user3data	felhasználó3data	felhasználó3data	existing-unreviewed		0
user3entry	felhasználó3bejegyzés	felhasználó3bejegyzés	existing-unreviewed		0
user3file	felhasználó3Fájl	felhasználó3Fájl	existing-unreviewed		0
userHeapBase	felhasználóheapbase	felhasználóheapbase	existing-unreviewed		0
userHeapLimit	felhasználóheapKorlátozás	felhasználóheapKorlátozás	existing-unreviewed		0
user_esp	felhasználóesp	felhasználóesp	existing-unreviewed		0
userhandler	userhandler	userhandler	existing-unreviewed		0
userproc_entry	userprocbejegyzés	userprocbejegyzés	existing-unreviewed		0
util	util	util	existing-unreviewed		0
util콘솔	utilKonzol	utilKonzol	existing-unreviewed		0
v	v	v	existing-unreviewed		0
vAddr	vaddress	vaddress	existing-unreviewed		0
value	érték	érték	existing-unreviewed		0
values	értékek	értékek	existing-unreviewed		0
version	verzió	verzió	existing-unreviewed		0
vga	vga	vga	existing-unreviewed		0
virtlen	virtlen	virtlen	existing-unreviewed		0
virtmem	virtualMemória	virtualMemória	existing-unreviewed		0
virtualAddr	virtualaddress	virtualaddress	existing-unreviewed		0
volumeId	hangerőAzonosító	hangerőAzonosító	existing-unreviewed		0
volumeLabel	hangerőcímke	hangerőcímke	existing-unreviewed		0
w	w	w	existing-unreviewed		0
wDate	wDátum	wDátum	existing-unreviewed		0
wTime	wIdő	wIdő	existing-unreviewed		0
waitPS2InputEmpty	várakozásps2BemenetÜres	várakozásps2BemenetÜres	existing-unreviewed		0
waitPS2OutputFull	várakozásps2KimenetTeljes	várakozásps2KimenetTeljes	existing-unreviewed		0
wdata	wdata	wdata	existing-unreviewed		0
whence	whence	whence	existing-unreviewed		0
widget	elem	elem	existing-unreviewed		0
width	szélesség	szélesség	existing-unreviewed		0
writePS2Command	írásps2Parancs	írásps2Parancs	existing-unreviewed		0
writePS2Data	írásps2data	írásps2data	existing-unreviewed		0
write_count	írásSzámláló	írásSzámláló	existing-unreviewed		0
x	x	x	existing-unreviewed		0
xPageDir	xOldalKönyvtár	xOldalKönyvtár	existing-unreviewed		0
xPos	xPozíció	xPozíció	existing-unreviewed		0
y	y	y	existing-unreviewed		0
yPageDir	yOldalKönyvtár	yOldalKönyvtár	existing-unreviewed		0
yPos	yPozíció	yPozíció	existing-unreviewed		0
값	érték_2	érték_2	existing-unreviewed		0
공용서술자테이블	shareddescriptorTáblázat	shareddescriptorTáblázat	existing-unreviewed		0
기준	base_2	base_2	existing-unreviewed		0
기준_낮은	baseAlacsony_2	baseAlacsony_2	existing-unreviewed		0
기준_높은	baseMagas_2	baseMagas_2	existing-unreviewed		0
기준_매우높은	baseveryMagas	baseveryMagas	existing-unreviewed		0
기준주소	baseaddress	baseaddress	existing-unreviewed		0
넷카드콘솔	hálózatKártyaKonzol	hálózatKártyaKonzol	existing-unreviewed		0
단말기	terminal	terminal	existing-unreviewed		0
마우스콘솔	egérKonzol	egérKonzol	existing-unreviewed		0
매개값	argumentÉrték	argumentÉrték	existing-unreviewed		0
멈추기	halt	halt	existing-unreviewed		0
목적	cél_3	cél_3	existing-unreviewed		0
유형	típus	típus	existing-unreviewed		0
이더넷콘솔	ethernetKonzol	ethernetKonzol	existing-unreviewed		0
인터럽트무시하기	megszakításignore	megszakításignore	existing-unreviewed		0
인터럽트예외처리기	megszakításexceptionhandler	megszakításexceptionhandler	existing-unreviewed		0
인터럽트예외처리기0x00	megszakításexceptionhandler0x00	megszakításexceptionhandler0x00	existing-unreviewed		0
인터럽트예외처리기0x01	megszakításexceptionhandler0x01	megszakításexceptionhandler0x01	existing-unreviewed		0
인터럽트예외처리기0x02	megszakításexceptionhandler0x02	megszakításexceptionhandler0x02	existing-unreviewed		0
인터럽트예외처리기0x03	megszakításexceptionhandler0x03	megszakításexceptionhandler0x03	existing-unreviewed		0
인터럽트예외처리기0x04	megszakításexceptionhandler0x04	megszakításexceptionhandler0x04	existing-unreviewed		0
인터럽트예외처리기0x05	megszakításexceptionhandler0x05	megszakításexceptionhandler0x05	existing-unreviewed		0
인터럽트예외처리기0x06	megszakításexceptionhandler0x06	megszakításexceptionhandler0x06	existing-unreviewed		0
인터럽트예외처리기0x07	megszakításexceptionhandler0x07	megszakításexceptionhandler0x07	existing-unreviewed		0
인터럽트예외처리기0x08	megszakításexceptionhandler0x08	megszakításexceptionhandler0x08	existing-unreviewed		0
인터럽트예외처리기0x09	megszakításexceptionhandler0x09	megszakításexceptionhandler0x09	existing-unreviewed		0
인터럽트예외처리기0x0A	megszakításexceptionhandler0x0a	megszakításexceptionhandler0x0a	existing-unreviewed		0
인터럽트예외처리기0x0B	megszakításexceptionhandler0x0b	megszakításexceptionhandler0x0b	existing-unreviewed		0
인터럽트예외처리기0x0C	megszakításexceptionhandler0x0c	megszakításexceptionhandler0x0c	existing-unreviewed		0
인터럽트예외처리기0x0D	megszakításexceptionhandler0x0d	megszakításexceptionhandler0x0d	existing-unreviewed		0
인터럽트예외처리기0x0E	megszakításexceptionhandler0x0e	megszakításexceptionhandler0x0e	existing-unreviewed		0
인터럽트예외처리기0x0F	megszakításexceptionhandler0x0f	megszakításexceptionhandler0x0f	existing-unreviewed		0
인터럽트예외처리기0x10	megszakításexceptionhandler0x10	megszakításexceptionhandler0x10	existing-unreviewed		0
인터럽트예외처리기0x11	megszakításexceptionhandler0x11	megszakításexceptionhandler0x11	existing-unreviewed		0
인터럽트예외처리기0x12	megszakításexceptionhandler0x12	megszakításexceptionhandler0x12	existing-unreviewed		0
인터럽트예외처리기0x13	megszakításexceptionhandler0x13	megszakításexceptionhandler0x13	existing-unreviewed		0
인터럽트요청처리0x00	megszakításrequesthandler0x00	megszakításrequesthandler0x00	existing-unreviewed		0
인터럽트요청처리0x01	megszakításrequesthandler0x01	megszakításrequesthandler0x01	existing-unreviewed		0
인터럽트요청처리0x02	megszakításrequesthandler0x02	megszakításrequesthandler0x02	existing-unreviewed		0
인터럽트요청처리0x03	megszakításrequesthandler0x03	megszakításrequesthandler0x03	existing-unreviewed		0
인터럽트요청처리0x04	megszakításrequesthandler0x04	megszakításrequesthandler0x04	existing-unreviewed		0
인터럽트요청처리0x05	megszakításrequesthandler0x05	megszakításrequesthandler0x05	existing-unreviewed		0
인터럽트요청처리0x06	megszakításrequesthandler0x06	megszakításrequesthandler0x06	existing-unreviewed		0
인터럽트요청처리0x07	megszakításrequesthandler0x07	megszakításrequesthandler0x07	existing-unreviewed		0
인터럽트요청처리0x08	megszakításrequesthandler0x08	megszakításrequesthandler0x08	existing-unreviewed		0
인터럽트요청처리0x09	megszakításrequesthandler0x09	megszakításrequesthandler0x09	existing-unreviewed		0
인터럽트요청처리0x0A	megszakításrequesthandler0x0a	megszakításrequesthandler0x0a	existing-unreviewed		0
인터럽트요청처리0x0B	megszakításrequesthandler0x0b	megszakításrequesthandler0x0b	existing-unreviewed		0
인터럽트요청처리0x0C	megszakításrequesthandler0x0c	megszakításrequesthandler0x0c	existing-unreviewed		0
인터럽트요청처리0x0D	megszakításrequesthandler0x0d	megszakításrequesthandler0x0d	existing-unreviewed		0
인터럽트요청처리0x0E	megszakításrequesthandler0x0e	megszakításrequesthandler0x0e	existing-unreviewed		0
인터럽트요청처리0x0F	megszakításrequesthandler0x0f	megszakításrequesthandler0x0f	existing-unreviewed		0
인터럽트요청처리0x80	megszakításrequesthandler0x80	megszakításrequesthandler0x80	existing-unreviewed		0
인터럽트요청처리0x81	megszakításrequesthandler0x81	megszakításrequesthandler0x81	existing-unreviewed		0
인터럽트요청처리0x82	megszakításrequesthandler0x82	megszakításrequesthandler0x82	existing-unreviewed		0
인터럽트처리기	megszakításhandler_2	megszakításhandler_2	existing-unreviewed		0
임시	temporary_2	temporary_2	existing-unreviewed		0
자료	data_2	data_2	existing-unreviewed		0
자신	self_2	self_2	existing-unreviewed		0
작업관리자	feladatmanager_2	feladatmanager_2	existing-unreviewed		0
작업콘솔	feladatKonzol	feladatKonzol	existing-unreviewed		0
조각설명자	segmentdescriptor	segmentdescriptor	existing-unreviewed		0
콘솔	konzol_2	konzol_2	existing-unreviewed		0
크기	méret_2	méret_2	existing-unreviewed		0
키보드콘솔	billentyűzetKonzol	billentyűzetKonzol	existing-unreviewed		0
표시들	flagek_2	flagek_2	existing-unreviewed		0
표시들_한도_높은	flagekKorlátozásMagas	flagekKorlátozásMagas	existing-unreviewed		0
한도	korlátozás_2	korlátozás_2	existing-unreviewed		0
한도_낮은	korlátozásAlacsony_2	korlátozásAlacsony_2	existing-unreviewed		0
