original	before	after	review_status	concept	changed_tokens
Activate	Otakäyttöön	Otakäyttöön	existing-unreviewed		0
ActivateAll	OtakäyttöönKaikki	OtakäyttöönKaikki	existing-unreviewed		0
Active	Aktiivinen	Aktiivinen	existing-unreviewed		0
ActiveInterruptManager	AktiivinenKeskeytysmanager	AktiivinenKeskeytysmanager	existing-unreviewed		0
ActiveMemoryManager	AktiivinenMuistimanager	AktiivinenMuistimanager	existing-unreviewed		0
Add	Lisää	Lisää	existing-unreviewed		0
AddDriver	Lisäädriver	Lisäädriver	existing-unreviewed		0
AddRunnableThread	Lisäärunnablethread	Lisäärunnablethread	existing-unreviewed		0
AddTask	LisääTehtävä	LisääTehtävä	existing-unreviewed		0
AddThread	Lisääthread	Lisääthread	existing-unreviewed		0
Address	Address	Address	existing-unreviewed		0
AlignedMalloc	Alignedmalloc	Alignedmalloc	existing-unreviewed		0
AlignmentCheck	Alignmentcheck	Alignmentcheck	existing-unreviewed		0
AllocateBlock	AllocateLohko	AllocateLohko	existing-unreviewed		0
AllocatePID	Allocatepid	Allocatepid	existing-unreviewed		0
AmountOfMemory	MääräofMuisti	MääräofMuisti	existing-unreviewed		0
ArrayToUint16	Taulukkotounsignedinteger16	Taulukkotounsignedinteger16	existing-unreviewed		0
ArrayToUint32	Taulukkotounsignedinteger32	Taulukkotounsignedinteger32	existing-unreviewed		0
ArrayToUint48	Taulukkotounsignedinteger48	Taulukkotounsignedinteger48	existing-unreviewed		0
ArrayToUint48_BE	Taulukkotounsignedinteger48be	Taulukkotounsignedinteger48be	existing-unreviewed		0
ArrayToUint64	Taulukkotounsignedinteger64	Taulukkotounsignedinteger64	existing-unreviewed		0
Atime	Atime	Atime	existing-unreviewed		0
AtimeNsec	Atimensec	Atimensec	existing-unreviewed		0
BLOCKS_PER_BYTE	Lohkoperbyte	Lohkoperbyte	existing-unreviewed		0
BLOCK_SIZE	LohkoKoko	LohkoKoko	existing-unreviewed		0
Backend	Backend	Backend	existing-unreviewed		0
BaseAddr	Baseaddress	Baseaddress	existing-unreviewed		0
Bind	Bind	Bind	existing-unreviewed		0
Blksize	Blksize	Blksize	existing-unreviewed		0
Blocked	Blocked	Blocked	existing-unreviewed		0
BlockedState	BlockedTila	BlockedTila	existing-unreviewed		0
Blocks	Lohko	Lohko	existing-unreviewed		0
BoundRangeExceeded	BoundAlueexceeded	BoundAlueexceeded	existing-unreviewed		0
BroadcastMacAddress	Broadcastmacaddress	Broadcastmacaddress	existing-unreviewed		0
BytesPerSector	Tavuapersector	Tavuapersector	existing-unreviewed		0
BytesToString	TavuatoMerkkijono	TavuatoMerkkijono	existing-unreviewed		0
Checksum	Checksum	Checksum	existing-unreviewed		0
Clear	Tyhjennä	Tyhjennä	existing-unreviewed		0
Clone	Clone	Clone	existing-unreviewed		0
CloneAddressSpaceCOW	CloneaddressVälicow	CloneaddressVälicow	existing-unreviewed		0
Connect	Yhdistä	Yhdistä	existing-unreviewed		0
ContainsCoordinate	Containscoordinate	Containscoordinate	existing-unreviewed		0
CopyPageFrameBlock	KopioiSivuKehysLohko	KopioiSivuKehysLohko	existing-unreviewed		0
CpuState	CpuTila	CpuTila	existing-unreviewed		0
Create	Luo	Luo	existing-unreviewed		0
CreateFromData	Luolähteestädata	Luolähteestädata	existing-unreviewed		0
CreateFromFunction	LuolähteestäFunktio	LuolähteestäFunktio	existing-unreviewed		0
CreatePtrFromFunction	LuoOsoitinlähteestäFunktio	LuoOsoitinlähteestäFunktio	existing-unreviewed		0
Cs	Cs	Cs	existing-unreviewed		0
Ctime	Ctime	Ctime	existing-unreviewed		0
CtimeNsec	Ctimensec	Ctimensec	existing-unreviewed		0
CurrentPID	Nykyinenpid	Nykyinenpid	existing-unreviewed		0
CurrentParentPID	Nykyinenvanhempipid	Nykyinenvanhempipid	existing-unreviewed		0
Data	Data	Data	compatibility		0
Deactivate	Poistakäytöstä	Poistakäytöstä	existing-unreviewed		0
Deactive	Deactive	Deactive	existing-unreviewed		0
Decrement	Decrement	Decrement	existing-unreviewed		0
Delete	Poista	Poista	existing-unreviewed		0
DescriptorPrivilegeLevel	Descriptorprivilegelevel	Descriptorprivilegelevel	existing-unreviewed		0
DescriptorType	DescriptorTyyppi	DescriptorTyyppi	existing-unreviewed		0
Destroy	Tuhoa	Tuhoa	existing-unreviewed		0
Dev	Laite	Laite	existing-unreviewed		0
DeviceHasFunctions	LaitehasFunktiot	LaitehasFunktiot	existing-unreviewed		0
DeviceNotAvailable	LaitenotKäytettävissä	LaitenotKäytettävissä	existing-unreviewed		0
Device_id	LaiteTUNNISTE	LaiteTUNNISTE	existing-unreviewed		0
DisableInt	PoistakäytöstäKokonaisluku	PoistakäytöstäKokonaisluku	existing-unreviewed		0
Disconnect	Katkaiseyhteys	Katkaiseyhteys	existing-unreviewed		0
DivideByZero	Dividebyzero	Dividebyzero	existing-unreviewed		0
DoHandleInterrupt	DoKahvaKeskeytys	DoKahvaKeskeytys	existing-unreviewed		0
DoubleFault	Liukulukufault	Liukulukufault	existing-unreviewed		0
Draw	Draw	Draw	existing-unreviewed		0
DriverManager	Drivermanager	Drivermanager	existing-unreviewed		0
Ds	Ds	Ds	existing-unreviewed		0
Dynamic	Dynaaminen	Dynaaminen	existing-unreviewed		0
E2BIG	E2big	E2big	existing-unreviewed		0
EACCES	Eacces	Eacces	existing-unreviewed		0
EADDRINUSE	Eaddrinuse	Eaddrinuse	existing-unreviewed		0
EAFNOSUPPORT	Eafnosupport	Eafnosupport	existing-unreviewed		0
EAGAIN	Eagain	Eagain	existing-unreviewed		0
EBADF	Ebadf	Ebadf	existing-unreviewed		0
EBUSY	Ebusy	Ebusy	existing-unreviewed		0
ECHILD	Echild	Echild	existing-unreviewed		0
EEXIST	Eexist	Eexist	existing-unreviewed		0
EFAULT	Efault	Efault	existing-unreviewed		0
EFBIG	Efbig	Efbig	existing-unreviewed		0
EINTR	Eintr	Eintr	existing-unreviewed		0
EINVAL	Einval	Einval	existing-unreviewed		0
EIO	Eio	Eio	existing-unreviewed		0
EISDIR	Eisdir	Eisdir	existing-unreviewed		0
EMFILE	Emfile	Emfile	existing-unreviewed		0
EMSGSIZE	Emsgsize	Emsgsize	existing-unreviewed		0
ENETUNREACH	Enetunreach	Enetunreach	existing-unreviewed		0
ENFILE	Enfile	Enfile	existing-unreviewed		0
ENODEV	Enodev	Enodev	existing-unreviewed		0
ENOENT	Enoent	Enoent	existing-unreviewed		0
ENOEXEC	Enoexec	Enoexec	existing-unreviewed		0
ENOMEM	Enomem	Enomem	existing-unreviewed		0
ENOSPC	Enospc	Enospc	existing-unreviewed		0
ENOSYS	Enosys	Enosys	existing-unreviewed		0
ENOTCONN	Enotconn	Enotconn	existing-unreviewed		0
ENOTDIR	Enotdir	Enotdir	existing-unreviewed		0
ENOTTY	Enotty	Enotty	existing-unreviewed		0
EOPNOTSUPP	Eopnotsupp	Eopnotsupp	existing-unreviewed		0
EPERM	Eperm	Eperm	existing-unreviewed		0
EPROTONOSUPPORT	Eprotonosupport	Eprotonosupport	existing-unreviewed		0
ERANGE	Erange	Erange	existing-unreviewed		0
EROFS	Erofs	Erofs	existing-unreviewed		0
ESPIPE	Espipe	Espipe	existing-unreviewed		0
ESRCH	Esrch	Esrch	existing-unreviewed		0
Eax	Eax	Eax	existing-unreviewed		0
Ebp	Ebp	Ebp	existing-unreviewed		0
Ebx	Ebx	Ebx	existing-unreviewed		0
Ecx	Ecx	Ecx	existing-unreviewed		0
Edi	Edi	Edi	existing-unreviewed		0
Edx	Edx	Edx	existing-unreviewed		0
Eflags	Eflags	Eflags	existing-unreviewed		0
Eip	Eip	Eip	existing-unreviewed		0
Elf	Elf	Elf	existing-unreviewed		0
Elf32Dyn	Elf32dyn	Elf32dyn	existing-unreviewed		0
Elf32Note	Elf32Huomautus	Elf32Huomautus	existing-unreviewed		0
Elf32Rel	Elf32rel	Elf32rel	existing-unreviewed		0
Elf32Rela	Elf32rela	Elf32rela	existing-unreviewed		0
Elf32Sym	Elf32sym	Elf32sym	existing-unreviewed		0
ElfHeader	Elfheader	Elfheader	existing-unreviewed		0
ElfProgramHeader	Elfohjelmaheader	Elfohjelmaheader	existing-unreviewed		0
ElfSectionHeader	Elfsectionheader	Elfsectionheader	existing-unreviewed		0
EnablePaging	Otakäyttöönpaging	Otakäyttöönpaging	existing-unreviewed		0
Enabled	Käytössä	Käytössä	existing-unreviewed		0
EntryNumber	HakusanaNumero	HakusanaNumero	existing-unreviewed		0
EqualBytes	Samankokoinentavua	Samankokoinentavua	existing-unreviewed		0
Es	Es	Es	existing-unreviewed		0
Esi	Esi	Esi	existing-unreviewed		0
Esp	Esp	Esp	existing-unreviewed		0
FPUBuffer	Fpubuffer	Fpubuffer	existing-unreviewed		0
FPUOffset	Fpuoffset	Fpuoffset	existing-unreviewed		0
Family	Family	Family	existing-unreviewed		0
FileName	TiedostoNimi	TiedostoNimi	existing-unreviewed		0
Fill	Fill	Fill	existing-unreviewed		0
FillRectangle	FillNeliö	FillNeliö	existing-unreviewed		0
First	First	First	existing-unreviewed		0
FirstFree	FirstVapaana	FirstVapaana	existing-unreviewed		0
FirstFreeSize	FirstVapaanaKoko	FirstVapaanaKoko	existing-unreviewed		0
Flags	Liput	Liput	existing-unreviewed		0
FloatingPointException	Kelluvapointexception	Kelluvapointexception	existing-unreviewed		0
Flush	Flush	Flush	existing-unreviewed		0
FlushTlsTable	FlushtlsTaulukko	FlushtlsTaulukko	existing-unreviewed		0
Focussable	Focussable	Focussable	existing-unreviewed		0
Free	Vapaana	Vapaana	existing-unreviewed		0
Fs	Fs	Fs	existing-unreviewed		0
GB	Gb	Gb	existing-unreviewed		0
GDT_ENTRIES	Gdthakusana	Gdthakusana	existing-unreviewed		0
GOT	Got	Got	existing-unreviewed		0
GPFException	Gpfexception	Gpfexception	existing-unreviewed		0
GatewayIP	Gatewayip	Gatewayip	existing-unreviewed		0
GdtAddressHigh	GdtaddressKorkea	GdtaddressKorkea	existing-unreviewed		0
GdtAddressLow	GdtaddressMatala	GdtaddressMatala	existing-unreviewed		0
GdtDescriptor	Gdtdescriptor	Gdtdescriptor	existing-unreviewed		0
GdtEntry	Gdthakusana_2	Gdthakusana_2	existing-unreviewed		0
GdtSize	GdtKoko	GdtKoko	existing-unreviewed		0
GetAt	Getat	Getat	existing-unreviewed		0
GetBackend	Getbackend	Getbackend	existing-unreviewed		0
GetBaseAddressRegister	Getbaseaddressregister	Getbaseaddressregister	existing-unreviewed		0
GetBitmaspSize	GetbitmaspKoko	GetbitmaspKoko	existing-unreviewed		0
GetBytesFromPtr	GettavualähteestäOsoitin	GettavualähteestäOsoitin	existing-unreviewed		0
GetCR0	Getcr0	Getcr0	existing-unreviewed		0
GetCR2	Getcr2	Getcr2	existing-unreviewed		0
GetCR3	Getcr3	Getcr3	existing-unreviewed		0
GetCR4	Getcr4	Getcr4	existing-unreviewed		0
GetColorIndex	GetVäriHakemisto	GetVäriHakemisto	existing-unreviewed		0
GetDeviceDescriptor	GetLaitedescriptor	GetLaitedescriptor	existing-unreviewed		0
GetDriver	Getdriver	Getdriver	existing-unreviewed		0
GetESP0	Getesp0	Getesp0	existing-unreviewed		0
GetEntry	Gethakusana	Gethakusana	existing-unreviewed		0
GetFileSize	GetTiedostoKoko	GetTiedostoKoko	existing-unreviewed		0
GetFocus	GetKohdistus	GetKohdistus	existing-unreviewed		0
GetFrameBufferSegment	GetKehysbuffersegment	GetKehysbuffersegment	existing-unreviewed		0
GetFuncPtrFromPtr	GetfuncOsoitinlähteestäOsoitin	GetfuncOsoitinlähteestäOsoitin	existing-unreviewed		0
GetFunctionName	GetFunktioNimi	GetFunktioNimi	existing-unreviewed		0
GetHandler	Gethandler	Gethandler	existing-unreviewed		0
GetIPAddress	Getipaddress	Getipaddress	existing-unreviewed		0
GetMACAddress	Getmacaddress	Getmacaddress	existing-unreviewed		0
GetMACFromCache	Getmaclähteestäcache	Getmaclähteestäcache	existing-unreviewed		0
GetNextReadyThread	GetSeuraavaValmisthread	GetSeuraavaValmisthread	existing-unreviewed		0
GetNodeAt	GetLaiteat	GetLaiteat	existing-unreviewed		0
GetProvider	Providerget	Providerget	existing-unreviewed		0
GetSS0	Getss0	Getss0	existing-unreviewed		0
GetStr	Getstr	Getstr	existing-unreviewed		0
GetUint32ArrayFromPtr	Getunsignedinteger32TaulukkolähteestäOsoitin	Getunsignedinteger32TaulukkolähteestäOsoitin	existing-unreviewed		0
GetUintptrArrayFromPtr	GetunsignedintegerOsoitinTaulukkolähteestäOsoitin	GetunsignedintegerOsoitinTaulukkolähteestäOsoitin	existing-unreviewed		0
GetValue	GetArvo	GetArvo	existing-unreviewed		0
GetValueInPageDir	GetArvoSaapuvaSivuKansio	GetArvoSaapuvaSivuKansio	existing-unreviewed		0
Gid	Gid	Gid	existing-unreviewed		0
Gs	Gs	Gs	existing-unreviewed		0
HandleException	Kahvaexception	Kahvaexception	existing-unreviewed		0
HandleFatalInterruptFrame	KahvafatalKeskeytysKehys	KahvafatalKeskeytysKehys	existing-unreviewed		0
HandleInterrupt	KahvaKeskeytys	KahvaKeskeytys	existing-unreviewed		0
HandleInterrupt1	KahvaKeskeytys1	KahvaKeskeytys1	existing-unreviewed		0
HandleUserDatagramProtocolMessage	KahvaKäyttäjädatagramprotocolViesti	KahvaKäyttäjädatagramprotocolViesti	existing-unreviewed		0
IDT_DESC_PRESENT	IdtdescriptorLiitetty	IdtdescriptorLiitetty	existing-unreviewed		0
IDT_INTERRUPT_GATE	IdtKeskeytysgate	IdtKeskeytysgate	existing-unreviewed		0
IDriver	IDriver	IDriver	existing-unreviewed		0
IEtherFrameHandler	IEthernetKehyshandler	IEthernetKehyshandler	existing-unreviewed		0
IInternetProtocolHandler	IInternetprotocolhandler	IInternetprotocolhandler	existing-unreviewed		0
IInterruptHandler	IKeskeytyshandler	IKeskeytyshandler	existing-unreviewed		0
IKeyboardEventHandler	INäppäimistöTapahtumahandler	INäppäimistöTapahtumahandler	existing-unreviewed		0
IMouseEventHandler	IHiiriTapahtumahandler	IHiiriTapahtumahandler	existing-unreviewed		0
IPCIControllerHandler	IpciOhjainhandler	IpciOhjainhandler	existing-unreviewed		0
IPCache	Ipcache	Ipcache	existing-unreviewed		0
IP_BE	IpVerkkobyteorder	IpVerkkobyteorder	existing-unreviewed		0
IRawDataHandler	IRawdatahandler	IRawdatahandler	existing-unreviewed		0
ITimerEventHandler	ITimerTapahtumahandler	ITimerTapahtumahandler	existing-unreviewed		0
IUserDatagramProtocolHandler	IKäyttäjädatagramprotocolhandler	IKäyttäjädatagramprotocolhandler	existing-unreviewed		0
IUserDatagramProtocolSocket	IKäyttäjädatagramprotocolPistoke	IKäyttäjädatagramprotocolPistoke	existing-unreviewed		0
IWidget	IIkkunaelementti	INäyttöelementti	project-proposal	widget	6
Identify	Identify	Identify	existing-unreviewed		0
Increment	Increment	Increment	existing-unreviewed		0
IndexOf	Hakemistoof	Hakemistoof	existing-unreviewed		0
Init	Init	Init	existing-unreviewed		0
InitDriver	Initdriver	Initdriver	existing-unreviewed		0
InitialThreadUserJump	InitialthreadKäyttäjäjump	InitialthreadKäyttäjäjump	existing-unreviewed		0
Ino	Ino	Ino	existing-unreviewed		0
Install	Asenna	Asenna	existing-unreviewed		0
Interrupt	Keskeytys	Keskeytys	existing-unreviewed		0
InterruptActive	KeskeytysAktiivinen	KeskeytysAktiivinen	existing-unreviewed		0
InterruptDeactive	Keskeytysdeactive	Keskeytysdeactive	existing-unreviewed		0
InterruptManager	Keskeytysmanager	Keskeytysmanager	existing-unreviewed		0
InterruptNumber	KeskeytysNumero	KeskeytysNumero	existing-unreviewed		0
InvalidOpcode	Epäkelpoopcode	Epäkelpoopcode	existing-unreviewed		0
InvalidTSS	Epäkelpotss	Epäkelpotss	existing-unreviewed		0
IsKernel	Iskernel	Iskernel	existing-unreviewed		0
IsPresent	IsLiitetty	IsLiitetty	existing-unreviewed		0
IsUserSpace	IsKäyttäjäVäli	IsKäyttäjäVäli	existing-unreviewed		0
KB	Kt	Kt	existing-unreviewed		0
KCS_INDEX	KcsHakemisto	KcsHakemisto	existing-unreviewed		0
KCS_SELECTOR	Kcsselector	Kcsselector	existing-unreviewed		0
KDS_INDEX	KdsHakemisto	KdsHakemisto	existing-unreviewed		0
KDS_SELECTOR	Kdsselector	Kdsselector	existing-unreviewed		0
KERNEL_HEAP_START	KernelheapKäynnistä	KernelheapKäynnistä	existing-unreviewed		0
KERNEL_VIRT_ADDR	Kernelvirtaddress	Kernelvirtaddress	existing-unreviewed		0
KGS_INDEX	KgsHakemisto	KgsHakemisto	existing-unreviewed		0
KGS_SELECTOR	Kgsselector	Kgsselector	existing-unreviewed		0
K핵심	KKernelEntry	KKernelEntry	compatibility		0
LIDT	Lidt	Lidt	existing-unreviewed		0
Last	Viimeinen	Viimeinen	existing-unreviewed		0
Len	Len	Len	compatibility		0
Limit	Rajoitus	Rajoitus	existing-unreviewed		0
Link	Linkki	Linkki	existing-unreviewed		0
LinkMap	Linkkimap	Linkkimap	existing-unreviewed		0
LinkedList	Linkedlistaa	Linkedlistaa	existing-unreviewed		0
Listen	Listen	Listen	existing-unreviewed		0
LoadElf	Kuormaelf	Kuormaelf	existing-unreviewed		0
MAC	Mac	Mac	existing-unreviewed		0
MAC0	Mac0	Mac0	existing-unreviewed		0
MAC1	Mac1	Mac1	existing-unreviewed		0
MAC2	Mac2	Mac2	existing-unreviewed		0
MAC3	Mac3	Mac3	existing-unreviewed		0
MAC4	Mac4	Mac4	existing-unreviewed		0
MAC5	Mac5	Mac5	existing-unreviewed		0
MACAddress0Port	Macaddress0Portti	Macaddress0Portti	existing-unreviewed		0
MACAddress2Port	Macaddress2Portti	Macaddress2Portti	existing-unreviewed		0
MACAddress4Port	Macaddress4Portti	Macaddress4Portti	existing-unreviewed		0
MACCache	Maccache	Maccache	existing-unreviewed		0
MAX_QUEUE_SIZE	MaksimiqueueKoko	MaksimiqueueKoko	existing-unreviewed		0
MB	Mt	Mt	existing-unreviewed		0
MBR	Mbr	Mbr	existing-unreviewed		0
MHex출력	MHexadecimalTulosta	MHexadecimalTulosta	existing-unreviewed		0
MHex출력XY	MHexadecimalTulostaxy	MHexadecimalTulostaxy	existing-unreviewed		0
MUint16출력	MUnsignedinteger16Tulosta	MUnsignedinteger16Tulosta	existing-unreviewed		0
MUint16출력XY	MUnsignedinteger16Tulostaxy	MUnsignedinteger16Tulostaxy	existing-unreviewed		0
MUint32출력	MUnsignedinteger32Tulosta	MUnsignedinteger32Tulosta	existing-unreviewed		0
MUint32출력XY	MUnsignedinteger32Tulostaxy	MUnsignedinteger32Tulostaxy	existing-unreviewed		0
MUint64출력	MUnsignedinteger64Tulosta	MUnsignedinteger64Tulosta	existing-unreviewed		0
MUint64출력XY	MUnsignedinteger64Tulostaxy	MUnsignedinteger64Tulostaxy	existing-unreviewed		0
Machine	Machine	Machine	existing-unreviewed		0
MachineCheck	Machinecheck	Machinecheck	existing-unreviewed		0
MakeRangePrivateWritable	MakeAlueYksityinenwritable	MakeAlueYksityinenwritable	existing-unreviewed		0
Malloc	Malloc	Varaa_muistia	project-proposal	allocate_memory	32
MemCmp	Memcmp	Memcmp	existing-unreviewed		0
MemCpy	MemKopioi	MemKopioi	existing-unreviewed		0
MemMove	MemSiirrä	MemSiirrä	existing-unreviewed		0
MemSet	Memaseta	Memaseta	existing-unreviewed		0
MemoryOper	Muistioper	Muistioper	existing-unreviewed		0
Mode	TILA	TILA	existing-unreviewed		0
ModelToScreen	MallitoNäyttö	Aseta_paikalliset_koordinaatit	project-proposal	set_coordinates	5
Mtime	Mtime	Mtime	existing-unreviewed		0
MtimeNsec	Mtimensec	Mtimensec	existing-unreviewed		0
MyHandleInterrupt	MyKahvaKeskeytys	MyKahvaKeskeytys	existing-unreviewed		0
MyTest	MyKokeile	MyKokeile	existing-unreviewed		0
M긴급로그Hex8	MEmergencyKäytälokiahexadecimal8	MEmergencyKäytälokiahexadecimal8	existing-unreviewed		0
M긴급로그Uint32	MEmergencyKäytälokiaunsignedinteger32	MEmergencyKäytälokiaunsignedinteger32	existing-unreviewed		0
M긴급로그문자열	MEmergencyKäytälokiaMerkkijono	MEmergencyKäytälokiaMerkkijono	existing-unreviewed		0
M직렬로그초기화	MSarjaKäytälokiainit	MSarjaKäytälokiainit	existing-unreviewed		0
M출력	MTulosta	MTulosta	existing-unreviewed		0
M출력BytesXY	MTulostatavuaxy	MTulostatavuaxy	existing-unreviewed		0
M출력Hex	MTulostahexadecimal	MTulostahexadecimal	existing-unreviewed		0
M출력Uint16	MTulostaunsignedinteger16	MTulostaunsignedinteger16	existing-unreviewed		0
M출력Uint32	MTulostaunsignedinteger32	MTulostaunsignedinteger32	existing-unreviewed		0
M출력XY	MTulostaxy	MTulostaxy	existing-unreviewed		0
M테스트	M테스트	M테스트	existing-unreviewed		0
NMI	Nmi	Nmi	existing-unreviewed		0
New	Uusi	Uusi	existing-unreviewed		0
NewInterruptHandler	UusiKeskeytyshandler	UusiKeskeytyshandler	existing-unreviewed		0
Next	Seuraava	Seuraava	existing-unreviewed		0
Nlink	Nlink	Nlink	existing-unreviewed		0
Node	Laite_2	TListasolmu	project-proposal	list_node	16
Nodename	Nodename	Nodename	existing-unreviewed		0
OnEtherFrameReceived	EthernetKehysreceivewhen	EthernetKehysreceivewhen	existing-unreviewed		0
OnGetDriver	Päällägetdriver	Päällägetdriver	existing-unreviewed		0
OnInternetProtocolReceived	Internetprotocolreceivewhen	Internetprotocolreceivewhen	existing-unreviewed		0
OnKeyDown	PäälläAvainAlas	PäälläAvainAlas	existing-unreviewed		0
OnKeyUp	PäälläAvainYlös	PäälläAvainYlös	existing-unreviewed		0
OnMouseDown	PäälläHiiriAlas	PäälläHiiriAlas	existing-unreviewed		0
OnMouseMove	PäälläHiiriSiirrä	PäälläHiiriSiirrä	existing-unreviewed		0
OnMouseUp	PäälläHiiriYlös	PäälläHiiriYlös	existing-unreviewed		0
OnRawDataReceived	Päällärawdatareceive	Päällärawdatareceive	existing-unreviewed		0
OnTick	Päällätick	Päällätick	existing-unreviewed		0
Overflow	Overflow	Overflow	existing-unreviewed		0
P1LinkMap	PArvo1Linkkimap	PArvo1Linkkimap	existing-unreviewed		0
P2LinkMap	PArvo2Linkkimap	PArvo2Linkkimap	existing-unreviewed		0
P3LinkMap	PArvo3Linkkimap	PArvo3Linkkimap	existing-unreviewed		0
PAGE_COW	Sivucow	Sivucow	existing-unreviewed		0
PAGE_FRAME	SivuKehys	SivuKehys	existing-unreviewed		0
PAGE_PRESENT	SivuLiitetty	SivuLiitetty	existing-unreviewed		0
PAGE_USER	SivuKäyttäjä	SivuKäyttäjä	existing-unreviewed		0
PAGE_WRITABLE	Sivuwritable	Sivuwritable	existing-unreviewed		0
PAUSE_LOOP	Keskeytäloop	Keskeytäloop	existing-unreviewed		0
PICMasterCommandPort	PrimarypicKomentoSiirräntäPortti	PrimarypicKomentoSiirräntäPortti	existing-unreviewed		0
PICMasterDataPort	PrimarypicdataSiirräntäPortti	PrimarypicdataSiirräntäPortti	existing-unreviewed		0
PICSlaveCommandPort	SecondarypicKomentoSiirräntäPortti	SecondarypicKomentoSiirräntäPortti	existing-unreviewed		0
PICSlaveDataPort	SecondarypicdataSiirräntäPortti	SecondarypicdataSiirräntäPortti	existing-unreviewed		0
PRESENT	Liitetty	Liitetty	existing-unreviewed		0
PRIV_KERNEL	Privkernel	Privkernel	existing-unreviewed		0
PRIV_USER	PrivKäyttäjä	PrivKäyttäjä	existing-unreviewed		0
PROC_USER_HEAP_SIZE	ProcKäyttäjäheapKoko	ProcKäyttäjäheapKoko	existing-unreviewed		0
PageDirEntry	SivuKansiohakusana	SivuKansiohakusana	existing-unreviewed		0
PageDirectoryEntry	SivuKansiohakusana_2	SivuKansiohakusana_2	existing-unreviewed		0
PageFault	Sivufault	Sivufault	existing-unreviewed		0
PageFaultException	Sivufaultexception	Sivufaultexception	existing-unreviewed		0
PageRoundDown	SivuroundAlas	SivuroundAlas	existing-unreviewed		0
PageRoundUp	SivuroundYlös	SivuroundYlös	existing-unreviewed		0
PageTableEntry	SivuTaulukkohakusana	SivuTaulukkohakusana	existing-unreviewed		0
Paging	Paging	Paging	existing-unreviewed		0
ParentPid	Vanhempipid	Vanhempipid	existing-unreviewed		0
Parse	Parse	Parse	existing-unreviewed		0
Partition_id	PartitionTUNNISTE	PartitionTUNNISTE	existing-unreviewed		0
PhyMemTest	PhymemKokeile	PhymemKokeile	existing-unreviewed		0
PhysicalMemoryManager	PhysicalMuistimanager	PhysicalMuistimanager	existing-unreviewed		0
Pid	Pid	Pid	existing-unreviewed		0
Port	Portti	Portti	existing-unreviewed		0
PortBase	Porttibase	Porttibase	existing-unreviewed		0
PortInByte	PorttiSaapuvabyte	PorttiSaapuvabyte	existing-unreviewed		0
PortInDword	PorttiSaapuvadword	PorttiSaapuvadword	existing-unreviewed		0
PortInWord	PorttiSaapuvasana	PorttiSaapuvasana	existing-unreviewed		0
PortOutByte	PorttiLähteväbyte	PorttiLähteväbyte	existing-unreviewed		0
PortOutDword	PorttiLähtevädword	PorttiLähtevädword	existing-unreviewed		0
PortOutWord	PorttiLähteväsana	PorttiLähteväsana	existing-unreviewed		0
PortReadByte	PorttiLukubyte	PorttiLukubyte	existing-unreviewed		0
PortReadDword	PorttiLukudword	PorttiLukudword	existing-unreviewed		0
PortReadWord	PorttiLukusana	PorttiLukusana	existing-unreviewed		0
PortWriteByte	PorttiKirjoitusbyte	PorttiKirjoitusbyte	existing-unreviewed		0
PortWriteDword	PorttiKirjoitusdword	PorttiKirjoitusdword	existing-unreviewed		0
PortWriteWord	PorttiKirjoitussana	PorttiKirjoitussana	existing-unreviewed		0
Prev	Previous	Previous	existing-unreviewed		0
PrevTSS	Previoustss	Previoustss	existing-unreviewed		0
PrimaryPartition	Primarypartition	Primarypartition	existing-unreviewed		0
Print	Tulosta	Tulosta	existing-unreviewed		0
PrintBytes	Tulostatavua	Tulostatavua	existing-unreviewed		0
PrintStr	Tulostastr	Tulostastr	existing-unreviewed		0
PrintTLS	Tulostatls	Tulostatls	existing-unreviewed		0
PrintTest	TulostaKokeile	TulostaKokeile	existing-unreviewed		0
Process	Prosessi	Prosessi	existing-unreviewed		0
ProcessHelper	Prosessihelper	Prosessihelper	existing-unreviewed		0
ProcessPendingKeyboardEvents	ProsessipendingNäppäimistöTapahtumat	ProsessipendingNäppäimistöTapahtumat	existing-unreviewed		0
ProcessPendingMouseEvents	ProsessipendingHiiriTapahtumat	ProsessipendingHiiriTapahtumat	existing-unreviewed		0
PushAt	Pushat	Lisää_indeksin_kohdalle	project-proposal	insert_at	1
PushBack	PushTakaisin	Lisää_listan_loppuun	project-proposal	append	12
PushFront	Pushetu	Lisää_listan_alkuun	project-proposal	prepend	5
PutPixel	Putpixel	Putpixel	existing-unreviewed		0
PutPixelRGB	Putpixelrgb	Putpixelrgb	existing-unreviewed		0
QUEUE_START_ADDR	QueueKäynnistäaddress	QueueKäynnistäaddress	existing-unreviewed		0
Rdev	Rdev	Rdev	existing-unreviewed		0
Read	Luku	Luku	existing-unreviewed		0
Read28	Luku28	Luku28	existing-unreviewed		0
ReadFile	LukuTiedosto	Lue_tiedosto	project-proposal	file_read	7
ReadPartitions	Lukupartition	Lukupartition	existing-unreviewed		0
Ready	Valmis	Valmis	existing-unreviewed		0
Receive	Receive	Receive	existing-unreviewed		0
Ref	Reference	Reference	existing-unreviewed		0
Release	Release	Release	existing-unreviewed		0
ReloadCR3	Lataauudelleencr3	Lataauudelleencr3	existing-unreviewed		0
Remove	Poista_2	Poista_2	existing-unreviewed		0
RemoveAt	Poistaat	Poistaat	existing-unreviewed		0
RemoveThread	Poistathread	Poistathread	existing-unreviewed		0
RemoveThreadAt	Poistathreadat	Poistathreadat	existing-unreviewed		0
RequestMacAddress	Requestmacaddress	Requestmacaddress	existing-unreviewed		0
Reset	Palauta	Palauta	existing-unreviewed		0
Resolve	Resolve	Resolve	existing-unreviewed		0
ResolveCopyOnWriteFault	ResolveKopioiPäälläKirjoitusfault	ResolveKopioiPäälläKirjoitusfault	existing-unreviewed		0
SCHEDULER_FREQUENCY	SchedulerToistumistiheys	SchedulerToistumistiheys	existing-unreviewed		0
SEG_BIG_MODE	SegbigTILA	SegbigTILA	existing-unreviewed		0
SEG_EXEC	SegSuoritus	SegSuoritus	existing-unreviewed		0
SEG_GRAN_4K_PAGE	Seggran4kSivu	Seggran4kSivu	existing-unreviewed		0
SEG_GRAN_BYTE	Seggranbyte	Seggranbyte	existing-unreviewed		0
SEG_KERNEL_CODE	Segkernelcode	Segkernelcode	existing-unreviewed		0
SEG_KERNEL_DATA	Segkerneldata	Segkerneldata	existing-unreviewed		0
SEG_KERNEL_GS	Segkernelgs	Segkernelgs	existing-unreviewed		0
SEG_NOEXEC	Segnoexec	Segnoexec	existing-unreviewed		0
SEG_NORMAL	SegNormaali	SegNormaali	existing-unreviewed		0
SEG_NORW	Segnorw	Segnorw	existing-unreviewed		0
SEG_R	Segr	Segr	existing-unreviewed		0
SEG_SYSTEM	SegJärjestelmä	SegJärjestelmä	existing-unreviewed		0
SEG_TASK_STATE	SegTehtäväTila	SegTehtäväTila	existing-unreviewed		0
SEG_USER_CODE	SegKäyttäjäcode	SegKäyttäjäcode	existing-unreviewed		0
SEG_USER_DATA	SegKäyttäjädata	SegKäyttäjädata	existing-unreviewed		0
SEG_USER_GS	SegKäyttäjägs	SegKäyttäjägs	existing-unreviewed		0
SEG_W	Segw	Segw	existing-unreviewed		0
SIMDFloatingPointException	SimdKelluvapointexception	SimdKelluvapointexception	existing-unreviewed		0
SIZE	Koko	Koko	existing-unreviewed		0
SYS_ACCESS	Syspääsy	Syspääsy	existing-unreviewed		0
SYS_BRK	Sysbrk	Sysbrk	existing-unreviewed		0
SYS_CHDIR	Syschdir	Syschdir	existing-unreviewed		0
SYS_CLOSE	SysSulje	SysSulje	existing-unreviewed		0
SYS_CREAT	Syscreat	Syscreat	existing-unreviewed		0
SYS_DUP	Sysdup	Sysdup	existing-unreviewed		0
SYS_DUP2	Sysdup2	Sysdup2	existing-unreviewed		0
SYS_EXECVE	Sysexecve	Sysexecve	existing-unreviewed		0
SYS_EXIT	SysSulje_2	SysSulje_2	existing-unreviewed		0
SYS_FCNTL	Sysfcntl	Sysfcntl	existing-unreviewed		0
SYS_FORK	Sysfork	Sysfork	existing-unreviewed		0
SYS_FSTAT	Sysfstat	Sysfstat	existing-unreviewed		0
SYS_FSYNC	Sysfsync	Sysfsync	existing-unreviewed		0
SYS_GETCWD	Sysgetcwd	Sysgetcwd	existing-unreviewed		0
SYS_GETEGID	Sysgetegid	Sysgetegid	existing-unreviewed		0
SYS_GETEUID	Sysgeteuid	Sysgeteuid	existing-unreviewed		0
SYS_GETGID	Sysgetgid	Sysgetgid	existing-unreviewed		0
SYS_GETPID	Sysgetpid	Sysgetpid	existing-unreviewed		0
SYS_GETPPID	Sysgetppid	Sysgetppid	existing-unreviewed		0
SYS_GETUID	Sysgetuid	Sysgetuid	existing-unreviewed		0
SYS_LSEEK	Syslseek	Syslseek	existing-unreviewed		0
SYS_LSTAT	Syslstat	Syslstat	existing-unreviewed		0
SYS_OPEN	SysAvaa	SysAvaa	existing-unreviewed		0
SYS_READ	SysLuku	SysLuku	existing-unreviewed		0
SYS_RT_EXIT	SysrtSulje	SysrtSulje	existing-unreviewed		0
SYS_SOCKETCALL	Syssocketcall	Syssocketcall	existing-unreviewed		0
SYS_STAT	Sysstat	Sysstat	existing-unreviewed		0
SYS_SYNC	Syssync	Syssync	existing-unreviewed		0
SYS_UNAME	Sysuname	Sysuname	existing-unreviewed		0
SYS_WAITPID	Syswaitpid	Syswaitpid	existing-unreviewed		0
SYS_WRITE	SysKirjoitus	SysKirjoitus	existing-unreviewed		0
Schedule	Schedule	Schedule	existing-unreviewed		0
Scheduler	Scheduler	Scheduler	existing-unreviewed		0
SchedulerData	Schedulerdata	Schedulerdata	existing-unreviewed		0
SegmentNotPresent	SegmentnotLiitetty	SegmentnotLiitetty	existing-unreviewed		0
SelectDrivers	Valitsedriver	Valitsedriver	existing-unreviewed		0
Send	Lähetä	Lähetä	existing-unreviewed		0
SendEchoRequest	EchorequestLähetä	EchorequestLähetä	existing-unreviewed		0
SendFrame	KehysLähetä	KehysLähetä	existing-unreviewed		0
SerialInit	Sarjainit	Sarjainit	existing-unreviewed		0
SerialWriteByte	SarjaKirjoitusbyte	SarjaKirjoitusbyte	existing-unreviewed		0
SetBackend	Asetabackend	Asetabackend	existing-unreviewed		0
SetBit	Asetabit	Asetabit	existing-unreviewed		0
SetBlockInPageDir	AsetaLohkoSaapuvaSivuKansio	AsetaLohkoSaapuvaSivuKansio	existing-unreviewed		0
SetBuffer	Asetabuffer	Asetabuffer	existing-unreviewed		0
SetByteAtAddr	Asetabyteataddress	Asetabyteataddress	existing-unreviewed		0
SetByteInPageDir	AsetabyteSaapuvaSivuKansio	AsetabyteSaapuvaSivuKansio	existing-unreviewed		0
SetCR3	Asetacr3	Asetacr3	existing-unreviewed		0
SetColor	AsetaVäri	AsetaVäri	existing-unreviewed		0
SetDescriptor	Asetadescriptor	Asetadescriptor	existing-unreviewed		0
SetHandleInterruptFuction	AsetaKahvaKeskeytysfuction	AsetaKahvaKeskeytysfuction	existing-unreviewed		0
SetHandler	Asetahandler	Asetahandler	existing-unreviewed		0
SetIPAddress	Asetaipaddress	Asetaipaddress	existing-unreviewed		0
SetInterruptDescriptorTableEntry	KeskeytysdescriptorTaulukkohakusanaaseta	KeskeytysdescriptorTaulukkohakusanaaseta	existing-unreviewed		0
SetInterruptManager	AsetaKeskeytysmanager	AsetaKeskeytysmanager	existing-unreviewed		0
SetInterruptNumber	AsetaKeskeytysNumero	AsetaKeskeytysNumero	existing-unreviewed		0
SetMode	AsetaTILA	AsetaTILA	existing-unreviewed		0
SetNodeAt	AsetaLaiteat	AsetaLaiteat	existing-unreviewed		0
SetStack	Asetastack	Asetastack	existing-unreviewed		0
SetTlsSegment	Asetatlssegment	Asetatlssegment	existing-unreviewed		0
SetUint32AtAddr	Asetaunsignedinteger32ataddress	Asetaunsignedinteger32ataddress	existing-unreviewed		0
SetUint32InPageDir	Asetaunsignedinteger32SaapuvaSivuKansio	Asetaunsignedinteger32SaapuvaSivuKansio	existing-unreviewed		0
SetUint8AtAddr	Asetaunsignedinteger8ataddress	Asetaunsignedinteger8ataddress	existing-unreviewed		0
SharedMemoryRegion	SharedMuistiregion	SharedMuistiregion	existing-unreviewed		0
Size	Koko_2	Koko_2	existing-unreviewed		0
Spawn	Spawn	Spawn	existing-unreviewed		0
Ss	Ss	Ss	existing-unreviewed		0
Stack	Stack	Stack	existing-unreviewed		0
StackSegmentFault	Stacksegmentfault	Stacksegmentfault	existing-unreviewed		0
Start_lba	Käynnistälba	Käynnistälba	existing-unreviewed		0
Started	Aloitettu	Aloitettu	existing-unreviewed		0
StdinPutByte	Stdinputbyte	Stdinputbyte	existing-unreviewed		0
StopCurrentThread	PysäytäNykyinenthread	PysäytäNykyinenthread	existing-unreviewed		0
Stopped	Pysäytetty	Pysäytetty	existing-unreviewed		0
SubnetMask	SubnetPeite	SubnetPeite	existing-unreviewed		0
SupportMode	TukiTILA	TukiTILA	existing-unreviewed		0
Sys_brk	Sysbrk_2	Sysbrk_2	existing-unreviewed		0
Sys_close	SysSulje_3	SysSulje_3	existing-unreviewed		0
Sys_exit	SysSulje_4	SysSulje_4	existing-unreviewed		0
Sys_getpid	Sysgetpid_2	Sysgetpid_2	existing-unreviewed		0
Sys_mousemove	Sysmousemove	Sysmousemove	existing-unreviewed		0
Sys_open	SysAvaa_2	SysAvaa_2	existing-unreviewed		0
Sys_printStr	SysTulostastr	SysTulostastr	existing-unreviewed		0
Sys_printUint32	SysTulostaunsignedinteger32	SysTulostaunsignedinteger32	existing-unreviewed		0
Sys_printf	Sysprintf	Sysprintf	existing-unreviewed		0
Sys_read	SysLuku_2	SysLuku_2	existing-unreviewed		0
Syscall	Syscall	Syscall	existing-unreviewed		0
Sysname	Sysname	Sysname	existing-unreviewed		0
TARPEtherFrameHandler	ArpethernetKehyshandler	ArpethernetKehyshandler	existing-unreviewed		0
TARPMessage	ArpViesti	ArpViesti	existing-unreviewed		0
TARPMessageBuffer	ArpViestibuffer	ArpViestibuffer	existing-unreviewed		0
TARPProvider	Arpprovider	Arpprovider	existing-unreviewed		0
TAdvancedTechnologyAttachment	TLisäasetuksetTekniikkaattachment	TLisäasetuksetTekniikkaattachment	existing-unreviewed		0
TArray	TTaulukko	TTaulukko	existing-unreviewed		0
TBaseAddressRegister	TBaseaddressregister	TBaseaddressregister	existing-unreviewed		0
TBiosParameterBlock32	TBiosparameterLohko32	TTiedostojärjestelmän_parametrit32	project-proposal	fat_parameters	11
TBufferDescriptor	TBufferdescriptor	TBufferdescriptor	existing-unreviewed		0
TCOWFrameManager	TcowKehysmanager	TcowKehysmanager	existing-unreviewed		0
TCPUState	TcpuTila	TcpuTila	existing-unreviewed		0
TDefaultKeyboardEventHandler	TOletusNäppäimistöTapahtumahandler	TOletusNäppäimistöTapahtumahandler	existing-unreviewed		0
TDefaultMouseEventHandler	TOletusHiiriTapahtumahandler	TOletusHiiriTapahtumahandler	existing-unreviewed		0
TDefaultPCIControllerHandler	TOletuspciOhjainhandler	TOletuspciOhjainhandler	existing-unreviewed		0
TDefaultTimerEventHandler	TOletustimerTapahtumahandler	TOletustimerTapahtumahandler	existing-unreviewed		0
TDirectoryEntryFat32	TKansiohakusanafat32	TKansiohakusanafat32	existing-unreviewed		0
TDriverManager	TDrivermanager	TDrivermanager	existing-unreviewed		0
TEtherFrameHandler	TEthernetKehyshandler	TEthernetKehyshandler	existing-unreviewed		0
TEtherFrameHeader	TEthernetKehysheader	TJaetun_siirtotien_verkkokehyksen_otsake	project-proposal	ethernet_header	8
TEtherFrameHeaderBuffer	TEthernetKehysheaderbuffer	TEthernetKehysheaderbuffer	existing-unreviewed		0
TEtherFrameProvider	TEthernetKehysprovider	TJaetun_siirtotien_verkkokehysten_tarjoaja	project-proposal	ethernet_provider	20
TEtherFrameRawDataHandler	TEthernetKehysrawdatahandler	TEthernetKehysrawdatahandler	existing-unreviewed		0
TGateDescriptor	TGatedescriptor	TGatedescriptor	existing-unreviewed		0
THREAD_STACK_SIZE	ThreadstackKoko	ThreadstackKoko	existing-unreviewed		0
TICMPHandler	Icmphandler	Icmphandler	existing-unreviewed		0
TIPEtherFrameHandler	IpethernetKehyshandler	IpethernetKehyshandler	existing-unreviewed		0
TInitializationBlock	TInitializationLohko	TInitializationLohko	existing-unreviewed		0
TInternetControlMessageProtocol	TInternetCtrlViestiprotocol	TVerkkojen_ohjausviestien_yhteyskäytäntö	project-proposal	icmp	5
TInternetControlMessageProtocolMessage	TInternetCtrlViestiprotocolViesti	TInternetCtrlViestiprotocolViesti	existing-unreviewed		0
TInternetControlMessageProtocolMessageBuffer	TInternetCtrlViestiprotocolViestibuffer	TInternetCtrlViestiprotocolViestibuffer	existing-unreviewed		0
TInternetProtocolHandler	TInternetprotocolhandler	TInternetprotocolhandler	existing-unreviewed		0
TInternetProtocolProvider	TInternetprotocolprovider	TVerkkojen_yhteyskäytännön_tarjoaja	project-proposal	ip_provider	14
TInternetProtocolV4Message	TInternetprotocolv4Viesti	TInternetprotocolv4Viesti	existing-unreviewed		0
TInternetProtocolV4MessageBuffer	TInternetprotocolv4Viestibuffer	TInternetprotocolv4Viestibuffer	existing-unreviewed		0
TInterruptDescriptorTablePointer	TKeskeytysdescriptorTaulukkoOsoitin	TKeskeytysdescriptorTaulukkoOsoitin	existing-unreviewed		0
TInterruptHandler	TKeskeytyshandler	TKeskeytyshandler	existing-unreviewed		0
TInterruptManager	TKeskeytysmanager	TKeskeytysmanager	existing-unreviewed		0
TKeyboardDriver	TNäppäimistödriver	TNäppäimistödriver	existing-unreviewed		0
TLS_START	TlsKäynnistä	TlsKäynnistä	existing-unreviewed		0
TMSDOSPartitionTable	TmsdospartitionTaulukko	TmsdospartitionTaulukko	existing-unreviewed		0
TMasterBootRecord	TMasterbootrecord	TPääkäynnistystietue	project-proposal	boot_record	3
TMemoryChunk	TMuistichunk	TMuistichunk	existing-unreviewed		0
TMemoryManager	TMuistimanager	TMuistimanager	existing-unreviewed		0
TMouseDriver	THiiridriver	THiiridriver	existing-unreviewed		0
TMyKeyboardEventHandler	TMyNäppäimistöTapahtumahandler	TMyNäppäimistöTapahtumahandler	existing-unreviewed		0
TMyMouseEventHandler	TMyHiiriTapahtumahandler	TMyHiiriTapahtumahandler	existing-unreviewed		0
TMyPCIControllerHandler	TMypciOhjainhandler	TMypciOhjainhandler	existing-unreviewed		0
TPartitionTableEntry	TPartitionTaulukkohakusana	TPartitionTaulukkohakusana	existing-unreviewed		0
TPeripheralComponentInterconnectController	TPeripheralcomponentinterconnectOhjain	TPeripheralcomponentinterconnectOhjain	existing-unreviewed		0
TPeripheralComponentInterconnectDeviceDescriptor	TPeripheralcomponentinterconnectLaitedescriptor	TPeripheralcomponentinterconnectLaitedescriptor	existing-unreviewed		0
TPort	TPortti	TPortti	existing-unreviewed		0
TPort16Bit	TPortti16bit	TPortti16bit	existing-unreviewed		0
TPort32Bit	TPortti32bit	TPortti32bit	existing-unreviewed		0
TPort8Bit	TPortti8bit	TPortti8bit	existing-unreviewed		0
TRawDataHandler	TRawdatahandler	TRawdatahandler	existing-unreviewed		0
TSSEntry	Tsshakusana	Tsshakusana	existing-unreviewed		0
TSyscall	TSyscall	TSyscall	existing-unreviewed		0
TTask	TTehtävä	TTehtävä	existing-unreviewed		0
TThread	TThread	TThread	existing-unreviewed		0
TThreadHelper	TThreadhelper	TThreadhelper	existing-unreviewed		0
TTimerDriver	TTimerdriver	TTimerdriver	existing-unreviewed		0
TUserDatagramProtocolHandler	TKäyttäjädatagramprotocolhandler	TKäyttäjädatagramprotocolhandler	existing-unreviewed		0
TUserDatagramProtocolHeader	TKäyttäjädatagramprotocolheader	TKäyttäjän_tietosähkeen_otsake	project-proposal	udp_header	5
TUserDatagramProtocolHeaderBuffer	TKäyttäjädatagramprotocolheaderbuffer	TKäyttäjädatagramprotocolheaderbuffer	existing-unreviewed		0
TUserDatagramProtocolProvider	TKäyttäjädatagramprotocolprovider	TKäyttäjädatagramprotocolprovider	existing-unreviewed		0
TUserDatagramProtocolSocket	TKäyttäjädatagramprotocolPistoke	TKäyttäjän_tietosähkeiden_päätepiste	project-proposal	udp_socket	17
TVideoGraphicsArray	TVideoGrafiikkaTaulukko	TVideoGrafiikkaTaulukko	existing-unreviewed		0
TWidget	TIkkunaelementti	TNäyttöelementti	project-proposal	widget	9
TWidgetMouseEventHandler	TIkkunaelementtiHiiriTapahtumahandler	TIkkunaelementtiHiiriTapahtumahandler	existing-unreviewed		0
Tamd_am79c973	Tamdam79c973	Tamdam79c973	existing-unreviewed		0
Test	Kokeile	Kokeile	existing-unreviewed		0
TestBit	Kokeilebit	Kokeilebit	existing-unreviewed		0
TestPrint	KokeileTulosta	KokeileTulosta	existing-unreviewed		0
Thread	Thread	Thread	existing-unreviewed		0
ThreadList	Threadlistaa	Threadlistaa	existing-unreviewed		0
ThreadState	ThreadTila	ThreadTila	existing-unreviewed		0
Threads	Threads	Threads	existing-unreviewed		0
TlsSegments	Tlssegments	Tlssegments	existing-unreviewed		0
TotalBlocks	YhteensäLohko	YhteensäLohko	existing-unreviewed		0
Type	Tyyppi	Tyyppi	existing-unreviewed		0
TypeTest	TyyppiKokeile	TyyppiKokeile	existing-unreviewed		0
T공용서술자테이블	TShareddescriptorTaulukko	TShareddescriptorTaulukko	existing-unreviewed		0
T공용서술자테이블_자료	TShareddescriptorTaulukkodata	TShareddescriptorTaulukkodata	existing-unreviewed		0
T작업관리자	TTehtävämanager	TTehtävämanager	existing-unreviewed		0
T조각설명자	TSegmentdescriptor	TSegmentdescriptor	existing-unreviewed		0
T콘솔	TKonsoli	TKonsoli	existing-unreviewed		0
T함수1	TFunktio1	TFunktio1	existing-unreviewed		0
UDESC_32SEG	Udesc32seg	Udesc32seg	existing-unreviewed		0
UDESC_CONTENTS	UdescSisältö	UdescSisältö	existing-unreviewed		0
UDESC_LIMIT_IN_PAGES	UdescRajoitusSaapuvapages	UdescRajoitusSaapuvapages	existing-unreviewed		0
UDESC_RX_ONLY	Udescrxonly	Udescrxonly	existing-unreviewed		0
UDESC_SEG_NOT_PRESENT	UdescsegnotLiitetty	UdescsegnotLiitetty	existing-unreviewed		0
UDESC_USABLE	Udescusable	Udescusable	existing-unreviewed		0
USER_STACK	Käyttäjästack	Käyttäjästack	existing-unreviewed		0
USER_STACK_SIZE	KäyttäjästackKoko	KäyttäjästackKoko	existing-unreviewed		0
USER_STACK_TOP	KäyttäjästackYlhäällä	KäyttäjästackYlhäällä	existing-unreviewed		0
Uid	Uid	Uid	existing-unreviewed		0
Uint16ToArray	Unsignedinteger16toTaulukko	Unsignedinteger16toTaulukko	existing-unreviewed		0
Uint16ToArray_BE	Unsignedinteger16toTaulukkobe	Unsignedinteger16toTaulukkobe	existing-unreviewed		0
Uint16_R	Unsignedinteger16r	Unsignedinteger16r	existing-unreviewed		0
Uint32ToArray	Unsignedinteger32toTaulukko	Unsignedinteger32toTaulukko	existing-unreviewed		0
Uint32_R	Unsignedinteger32r	Unsignedinteger32r	existing-unreviewed		0
Uint48ToArray	Unsignedinteger48toTaulukko	Unsignedinteger48toTaulukko	existing-unreviewed		0
Uint48ToArray_BE	Unsignedinteger48toTaulukkobe	Unsignedinteger48toTaulukkobe	existing-unreviewed		0
Uint48_R	Unsignedinteger48r	Unsignedinteger48r	existing-unreviewed		0
Uint64ToArray	Unsignedinteger64toTaulukko	Unsignedinteger64toTaulukko	existing-unreviewed		0
Uint64_R	Unsignedinteger64r	Unsignedinteger64r	existing-unreviewed		0
UnhandleInterrupt	UnhandleKeskeytys	UnhandleKeskeytys	existing-unreviewed		0
UnsetBit	Poistabit	Käännä_varausbitti	project-proposal	toggle_bit	1
UsedBlocks	KäyttöLohko	KäyttöLohko	existing-unreviewed		0
UserDesc	Käyttäjädescriptor	Käyttäjädescriptor	existing-unreviewed		0
UserStack	Käyttäjästack_2	Käyttäjästack_2	existing-unreviewed		0
UserStackSize	KäyttäjästackKoko_2	KäyttäjästackKoko_2	existing-unreviewed		0
Vendor_id	ValmistajaTUNNISTE	ValmistajaTUNNISTE	existing-unreviewed		0
Version	Versio	Versio	existing-unreviewed		0
VirtTest	VirtKokeile	VirtKokeile	existing-unreviewed		0
Write	Kirjoitus	Kirjoitus	existing-unreviewed		0
Write28	Kirjoitus28	Kirjoitus28	existing-unreviewed		0
WriteRegisters	Kirjoitusregister	Kirjoitusregister	existing-unreviewed		0
X	X	X	existing-unreviewed		0
Y	Y	Y	existing-unreviewed		0
Zero	Zero	Zero	existing-unreviewed		0
ZeroBlockInPageDir	ZeroLohkoSaapuvaSivuKansio	ZeroLohkoSaapuvaSivuKansio	existing-unreviewed		0
a	a	a	existing-unreviewed		0
aTime	aAika	aAika	existing-unreviewed		0
access	pääsy	pääsy	existing-unreviewed		0
accessMode	pääsyTILA	pääsyTILA	existing-unreviewed		0
ack	ack	ack	existing-unreviewed		0
activeKeyboardDriver	aktiivinenNäppäimistödriver	aktiivinenNäppäimistödriver	existing-unreviewed		0
activeMouseDriver	aktiivinenHiiridriver	aktiivinenHiiridriver	existing-unreviewed		0
addr	address	address	existing-unreviewed		0
addrPtr	addressOsoitin	addressOsoitin	existing-unreviewed		0
address	address_2	address_2	existing-unreviewed		0
addressError	addressVirhe	addressVirhe	existing-unreviewed		0
afInet	afinet	afinet	existing-unreviewed		0
allocFD	allocatefd	allocatefd	existing-unreviewed		0
allocOpenFile	allocateAvaaTiedosto	allocateAvaaTiedosto	existing-unreviewed		0
allocProcess	allocateProsessi	allocateProsessi	existing-unreviewed		0
allocateSocket	allocatePistoke	allocatePistoke	existing-unreviewed		0
allocated	allocated	allocated	existing-unreviewed		0
amd_am79c973	amdam79c973	amdam79c973	existing-unreviewed		0
args	parametrit	parametrit	existing-unreviewed		0
argument	argument	argument	existing-unreviewed		0
argumentPointers	argumentpointers	argumentpointers	existing-unreviewed		0
arguments	parametrit_2	parametrit_2	existing-unreviewed		0
arp	arp	arp	existing-unreviewed		0
arpBuffer	arpbuffer	arpbuffer	existing-unreviewed		0
arpMesgSize	arpmesgKoko	arpmesgKoko	existing-unreviewed		0
arpProvider	arpprovider	arpprovider	existing-unreviewed		0
arp콘솔	arpKonsoli	arpKonsoli	existing-unreviewed		0
array	taulukko	taulukko	existing-unreviewed		0
ata	ata	ata	existing-unreviewed		0
ata0s	ata0s	ata0s	existing-unreviewed		0
attempts	attempts	attempts	existing-unreviewed		0
attr	määre	määre	existing-unreviewed		0
attributeControllerIndexPort	määreOhjainHakemistoPortti	määreOhjainHakemistoPortti	existing-unreviewed		0
attributeControllerReadPort	määreOhjainLukuPortti	määreOhjainLukuPortti	existing-unreviewed		0
attributeControllerResetPort	määreOhjainPalautaPortti	määreOhjainPalautaPortti	existing-unreviewed		0
attributeControllerWritePort	määreOhjainKirjoitusPortti	määreOhjainKirjoitusPortti	existing-unreviewed		0
attributes	attribuutit	attribuutit	existing-unreviewed		0
aux	aux	aux	existing-unreviewed		0
avail	käytettävissä	käytettävissä	existing-unreviewed		0
b	b	b	existing-unreviewed		0
backend	backend	backend	existing-unreviewed		0
backupFpRegs	backupfpregs	backupfpregs	existing-unreviewed		0
backupSector	backupsector	backupsector	existing-unreviewed		0
bar	palkki	palkki	existing-unreviewed		0
barNum	palkkiNumero	palkkiNumero	existing-unreviewed		0
bar_value	palkkiArvo	palkkiArvo	existing-unreviewed		0
base	base	base	existing-unreviewed		0
baseCode	basecode	basecode	existing-unreviewed		0
baseHigh	baseKorkea	baseKorkea	existing-unreviewed		0
baseLow	baseMatala	baseMatala	existing-unreviewed		0
baseMid	basemid	basemid	existing-unreviewed		0
base_addr_high	baseaddressKorkea	baseaddressKorkea	existing-unreviewed		0
base_addr_low	baseaddressMatala	baseaddressMatala	existing-unreviewed		0
bh	bh	bh	existing-unreviewed		0
bindEphemeral	bindephemeral	bindephemeral	existing-unreviewed		0
bindError	bindVirhe	bindVirhe	existing-unreviewed		0
bios	bios	bios	existing-unreviewed		0
bit	bit	bit	existing-unreviewed		0
bitmap	bitmap	varausbittikartta	project-proposal	bitmap	2
bootSignature	bootsignature	bootsignature	existing-unreviewed		0
bootable	bootable	bootable	existing-unreviewed		0
bootloader	bootloader	bootloader	existing-unreviewed		0
bound	bound	bound	existing-unreviewed		0
bpb	bpb	tiedostojärjestelmän_parametrit	project-proposal	fat_parameters	16
bpbBytes	bpbtavua	bpbtavua	existing-unreviewed		0
bpbPtr	bpbOsoitin	bpbOsoitin	existing-unreviewed		0
buf	buffer	buffer	existing-unreviewed		0
buf1	buffer1	buffer1	existing-unreviewed		0
buf2	buffer2	buffer2	existing-unreviewed		0
buf3	buffer3	buffer3	existing-unreviewed		0
buf4	buffer4	buffer4	existing-unreviewed		0
buf6	buffer6	buffer6	existing-unreviewed		0
buffer	buffer_2	buffer_2	existing-unreviewed		0
buffer1	buffer1_2	buffer1_2	existing-unreviewed		0
buffer2	buffer2_2	buffer2_2	existing-unreviewed		0
bufferAddr	bufferaddress	bufferaddress	existing-unreviewed		0
bufferAddress	bufferaddress_2	bufferaddress_2	existing-unreviewed		0
bufptr	bufferOsoitin	bufferOsoitin	existing-unreviewed		0
bus	bus	bus	existing-unreviewed		0
busControlRegisterDataPort	busCtrlregisterdataPortti	busCtrlregisterdataPortti	existing-unreviewed		0
button	painike	painike	existing-unreviewed		0
buttons	painike_2	painike_2	existing-unreviewed		0
bytesPerSector	tavuapersector	tavuapersector	existing-unreviewed		0
c	c	c	existing-unreviewed		0
cDate	cPäiväys	cPäiväys	existing-unreviewed		0
cTime	cAika	cAika	existing-unreviewed		0
cTimeTenth	cAikatenth	cAikatenth	existing-unreviewed		0
call	call	call	existing-unreviewed		0
candidate	candidate	candidate	existing-unreviewed		0
cap	cap	cap	existing-unreviewed		0
char	char	char	existing-unreviewed		0
checked	checked	checked	existing-unreviewed		0
checksum	checksum	checksum	existing-unreviewed		0
child	lapsi	lapsi	existing-unreviewed		0
childPID	lapsipid	lapsipid	existing-unreviewed		0
childPageDir	lapsiSivuKansio	lapsiSivuKansio	existing-unreviewed		0
chunk	chunk	chunk	existing-unreviewed		0
class_id	luokkaTUNNISTE	luokkaTUNNISTE	existing-unreviewed		0
closeAllProcessFDs	suljeKaikkiProsessifds	suljeKaikkiProsessifds	existing-unreviewed		0
closeOnExec	suljePäälläSuoritus	suljePäälläSuoritus	existing-unreviewed		0
closeProcessFD	suljeProsessifd	suljeProsessifd	existing-unreviewed		0
code	code	code	existing-unreviewed		0
code1Ptr	code1Osoitin	code1Osoitin	existing-unreviewed		0
code1ptr	code1Osoitin_2	code1Osoitin_2	existing-unreviewed		0
code2Ptr	code2Osoitin	code2Osoitin	existing-unreviewed		0
code3Ptr	code3Osoitin	code3Osoitin	existing-unreviewed		0
codeSegment	codesegment	codesegment	existing-unreviewed		0
colorIndex	väriHakemisto	väriHakemisto	existing-unreviewed		0
colordepth	väridepth	väridepth	existing-unreviewed		0
command	komento	komento	existing-unreviewed		0
commandPort	komentoPortti	komentoPortti	existing-unreviewed		0
commandport	komentoPortti_2	komentoPortti_2	existing-unreviewed		0
common	yhteinen	yhteinen	existing-unreviewed		0
connected	connected	connected	existing-unreviewed		0
console	konsoli	konsoli	existing-unreviewed		0
controlPort	ctrlPortti	ctrlPortti	existing-unreviewed		0
copyExecVector	kopioiSuoritusvector	kopioiSuoritusvector	existing-unreviewed		0
copyLength	kopioiKesto	kopioiKesto	existing-unreviewed		0
copyPageDir	kopioiSivuKansio	kopioiSivuKansio	existing-unreviewed		0
copyPath	kopioiPolku	kopioiPolku	existing-unreviewed		0
copySocketName	kopioiPistokeNimi	kopioiPistokeNimi	existing-unreviewed		0
copyUtsField	kopioiutskenttä	kopioiutskenttä	existing-unreviewed		0
count	count	count	existing-unreviewed		0
count2	count2	count2	existing-unreviewed		0
cowFrameManager	cowKehysmanager	cowKehysmanager	existing-unreviewed		0
cpu	cpu	cpu	existing-unreviewed		0
cpustate	cpuTila	cpuTila	existing-unreviewed		0
cr0	cr0	cr0	existing-unreviewed		0
cr3	cr3	cr3	existing-unreviewed		0
cr4	cr4	cr4	existing-unreviewed		0
crtcDataPort	crtcdataPortti	crtcdataPortti	existing-unreviewed		0
crtcIndexPort	crtcHakemistoPortti	crtcHakemistoPortti	existing-unreviewed		0
cs	cs	cs	existing-unreviewed		0
currentRecvBuffer	nykyinenrecvbuffer	nykyinenrecvbuffer	existing-unreviewed		0
currentSendBuffer	nykyinenLähetäbuffer	nykyinenLähetäbuffer	existing-unreviewed		0
currentTask	nykyinenTehtävä	nykyinenTehtävä	existing-unreviewed		0
currentThread	nykyinenthread	nykyinenthread	existing-unreviewed		0
currentThreadIndex	nykyinenthreadHakemisto	nykyinenthreadHakemisto	existing-unreviewed		0
cursorHeight	kursoriKorkeus	kursoriKorkeus	existing-unreviewed		0
cursorStart	kursoriKäynnistä	kursoriKäynnistä	existing-unreviewed		0
d_tag	dTunniste	dTunniste	existing-unreviewed		0
d_val_ptr	dvalOsoitin	dvalOsoitin	existing-unreviewed		0
data	data	data	existing-unreviewed		0
dataBuf	databuffer	databuffer	existing-unreviewed		0
dataBytes	datatavua	datatavua	existing-unreviewed		0
dataPointer	dataOsoitin	dataOsoitin	existing-unreviewed		0
dataPort	dataPortti	dataPortti	existing-unreviewed		0
dataStart	dataKäynnistä	dataKäynnistä	existing-unreviewed		0
databuffer	databuffer_2	databuffer_2	existing-unreviewed		0
dataport	dataPortti_2	dataPortti_2	existing-unreviewed		0
defaultKeyboardEventHandler	oletusNäppäimistöTapahtumahandler	oletusNäppäimistöTapahtumahandler	existing-unreviewed		0
desc	descriptor	descriptor	existing-unreviewed		0
description	kuvaus	kuvaus	existing-unreviewed		0
destination	kohde	kohde	existing-unreviewed		0
destinationAddress	kohdeaddress	kohdeaddress	existing-unreviewed		0
destinationLength	kohdeKesto	kohdeKesto	existing-unreviewed		0
dev	laite	laite	existing-unreviewed		0
device	laite_2	laite_2	existing-unreviewed		0
deviceDescriptor	laitedescriptor	laitedescriptor	existing-unreviewed		0
devicePort	laitePortti	laitePortti	existing-unreviewed		0
diff	diff	diff	existing-unreviewed		0
digits	digits	digits	existing-unreviewed		0
dirent	dirent	dirent	existing-unreviewed		0
direntBytes	direnttavua	direnttavua	existing-unreviewed		0
direntPtr	direntOsoitin	direntOsoitin	existing-unreviewed		0
discardProcess	hylkääProsessi	hylkääProsessi	existing-unreviewed		0
dispatchInterrupt	dispatchKeskeytys	dispatchKeskeytys	existing-unreviewed		0
divisor	divisor	divisor	existing-unreviewed		0
domain	verkkoalue	verkkoalue	existing-unreviewed		0
driveNumber	driveNumero	driveNumero	existing-unreviewed		0
driver	driver	driver	existing-unreviewed		0
driverManager	drivermanager	drivermanager	existing-unreviewed		0
drivercount	drivercount	drivercount	existing-unreviewed		0
drv	driver_2	driver_2	existing-unreviewed		0
ds	ds	ds	existing-unreviewed		0
ds_segment	dssegment	dssegment	existing-unreviewed		0
dst	kohde_2	kohde_2	existing-unreviewed		0
dstEntry	kohdehakusana	kohdehakusana	existing-unreviewed		0
dstIP	kohdeipaddress	kohdeipaddress	existing-unreviewed		0
dstIP_BE	kohdeipaddressVerkkobyteorder	kohdeipaddressVerkkobyteorder	existing-unreviewed		0
dstMAC	kohdemacaddress	kohdemacaddress	existing-unreviewed		0
dstMAC_BE	kohdemacbe	kohdemacbe	existing-unreviewed		0
dstPageDir	kohdeSivuKansio	kohdeSivuKansio	existing-unreviewed		0
dstPort	kohdePorttiNumero	kohdeportin_numero	project-proposal	destination_port	9
dstPt	kohdept	kohdept	existing-unreviewed		0
dstPtPtr	kohdeptOsoitin	kohdeptOsoitin	existing-unreviewed		0
dstPtr	kohdeOsoitin	kohdeOsoitin	existing-unreviewed		0
dstptr	kohdeOsoitin_2	kohdeOsoitin_2	existing-unreviewed		0
dynamic	dynaaminen	dynaaminen	existing-unreviewed		0
e	e	e	existing-unreviewed		0
e_ehsize	eehsize	eehsize	existing-unreviewed		0
e_entry	ehakusana	ehakusana	existing-unreviewed		0
e_flags	eLiput	eLiput	existing-unreviewed		0
e_ident	eident	eident	existing-unreviewed		0
e_machine	emachine	emachine	existing-unreviewed		0
e_phentsize	ephentsize	ephentsize	existing-unreviewed		0
e_phnum	ephnum	ephnum	existing-unreviewed		0
e_phoff	ephoff	ephoff	existing-unreviewed		0
e_shentsize	eshentsize	eshentsize	existing-unreviewed		0
e_shnum	eshnum	eshnum	existing-unreviewed		0
e_shoff	eshoff	eshoff	existing-unreviewed		0
e_shstrndx	eshstrndx	eshstrndx	existing-unreviewed		0
e_type	eTyyppi	eTyyppi	existing-unreviewed		0
e_version	eVersio	eVersio	existing-unreviewed		0
eax	eax	eax	existing-unreviewed		0
ebp	ebp	ebp	existing-unreviewed		0
ebx	ebx	ebx	existing-unreviewed		0
ecx	ecx	ecx	existing-unreviewed		0
edi	edi	edi	existing-unreviewed		0
edx	edx	edx	existing-unreviewed		0
efHandler	efhandler	efhandler	existing-unreviewed		0
eflags	eflags	eflags	existing-unreviewed		0
eip	eip	eip	existing-unreviewed		0
eipOffset	eipoffset	eipoffset	existing-unreviewed		0
elf	elf	suoritettava_ja_linkitettävä_muoto	project-proposal	elf	6
elf0	elf0	elf0	existing-unreviewed		0
elf2	elf2	elf2	existing-unreviewed		0
elf3	elf3	elf3	existing-unreviewed		0
elf4	elf4	elf4	existing-unreviewed		0
elfHeader	elfheader	elfheader	existing-unreviewed		0
enabled	käytössä	käytössä	existing-unreviewed		0
end	loppuajankohta	loppuajankohta	existing-unreviewed		0
endOffset	loppuajankohtaoffset	loppuajankohtaoffset	existing-unreviewed		0
end_cylinder	loppuajankohtacylinder	loppuajankohtacylinder	existing-unreviewed		0
end_head	loppuajankohtahead	loppuajankohtahead	existing-unreviewed		0
end_sector	loppuajankohtasector	loppuajankohtasector	existing-unreviewed		0
ensureCurrentProcess	ensureNykyinenProsessi	ensureNykyinenProsessi	existing-unreviewed		0
entry	hakusana	hakusana	existing-unreviewed		0
entryPoint	hakusanapoint	hakusanapoint	existing-unreviewed		0
entrypoint	hakusanapoint_2	hakusanapoint_2	existing-unreviewed		0
environment	environment	environment	existing-unreviewed		0
environmentPointers	environmentpointers	environmentpointers	existing-unreviewed		0
err	virhe	virhe	existing-unreviewed		0
errorPort	virhePortti	virhePortti	existing-unreviewed		0
es	es	es	existing-unreviewed		0
esi	esi	esi	existing-unreviewed		0
esp	esp	esp	existing-unreviewed		0
esp0	esp0	esp0	existing-unreviewed		0
esp1	esp1	esp1	existing-unreviewed		0
esp2	esp2	esp2	existing-unreviewed		0
etherFrameProvider	ethernetKehysprovider	jaetun_siirtotien_verkkokehysten_tarjoaja	project-proposal	ethernet_provider	1
etherType	ethernetTyyppi	ethernetTyyppi	existing-unreviewed		0
etherType_BE	ethernetTyyppibe	ethernetTyyppibe	existing-unreviewed		0
etherframe	ethernetKehys	jaetun_siirtotien_verkkokehys	project-proposal	ethernet_frame	1
etherframePayload	ethernetKehyspayload	ethernetKehyspayload	existing-unreviewed		0
except	except	except	existing-unreviewed		0
exceptionCR0	exceptioncr0	exceptioncr0	existing-unreviewed		0
exceptionCR2	exceptioncr2	exceptioncr2	existing-unreviewed		0
exceptionCR3	exceptioncr3	exceptioncr3	existing-unreviewed		0
exceptionFrameValue	exceptionKehysArvo	exceptionKehysArvo	existing-unreviewed		0
exceptionHasErrorCode	exceptionhasVirhecode	exceptionhasVirhecode	existing-unreviewed		0
exceptionName	exceptionNimi	exceptionNimi	existing-unreviewed		0
execVector	suoritusvector	suoritusvector	existing-unreviewed		0
exists	exists	exists	existing-unreviewed		0
exited	exited	exited	existing-unreviewed		0
ext	ext	ext	existing-unreviewed		0
extFlags	extLiput	extLiput	existing-unreviewed		0
extendedScanCode	extendedKartoitacode	extendedKartoitacode	existing-unreviewed		0
fDupFD	fdupfd	fdupfd	existing-unreviewed		0
fGetFD	fgetfd	fgetfd	existing-unreviewed		0
fGetFL	fgetfl	fgetfl	existing-unreviewed		0
fSetFD	fasetafd	fasetafd	existing-unreviewed		0
fSetFL	fasetafl	fasetafl	existing-unreviewed		0
fat	fat	fat	existing-unreviewed		0
fatCopies	fatKopioi	fatKopioi	existing-unreviewed		0
fatInfo	fatTieto	fatTieto	existing-unreviewed		0
fatOffsetInSectorForCurrentCluster	fatoffsetSaapuvasectorforNykyinencluster	fatoffsetSaapuvasectorforNykyinencluster	existing-unreviewed		0
fatSectorCount	fatsectorcount	fatsectorcount	existing-unreviewed		0
fatSectorForCurrentCluster	fatsectorforNykyinencluster	fatsectorforNykyinencluster	existing-unreviewed		0
fatSize	fatKoko	fatKoko	existing-unreviewed		0
fatStart	fatKäynnistä	fatKäynnistä	existing-unreviewed		0
fatTypeLabel	fatTyyppiNimike	fatTyyppiNimike	existing-unreviewed		0
fatVersion	fatVersio	fatVersio	existing-unreviewed		0
fatbuf	fatbuf	fatbuf	existing-unreviewed		0
fatbuffer	fatbuffer	fatbuffer	existing-unreviewed		0
faultAddr	faultaddress	faultaddress	existing-unreviewed		0
fb	fb	fb	existing-unreviewed		0
fbCurCol	fbNykyinencol	fbNykyinencol	existing-unreviewed		0
fbCurLine	fbNykyinenRivi	fbNykyinenRivi	existing-unreviewed		0
fbHeight	fbKorkeus	fbKorkeus	existing-unreviewed		0
fbPhysAddr	fbphysaddress	fbphysaddress	existing-unreviewed		0
fbWidth	fbLeveys	fbLeveys	existing-unreviewed		0
fd	fd	fd	existing-unreviewed		0
fdCloexec	fdcloexec	fdcloexec	existing-unreviewed		0
fdEntry	fdhakusana	fdhakusana	existing-unreviewed		0
fdFlags	fdLiput	fdLiput	existing-unreviewed		0
fdKindConsole	fdLajiKonsoli	fdLajiKonsoli	existing-unreviewed		0
fdKindFat	fdLajifat	fdLajifat	existing-unreviewed		0
fdKindNone	fdLajiEimitään	fdLajiEimitään	existing-unreviewed		0
fdKindRootDir	fdLajiJuuriKansio	fdLajiJuuriKansio	existing-unreviewed		0
fdKindSocket	fdLajiPistoke	fdLajiPistoke	existing-unreviewed		0
fdKindStdin	fdLajistdin	fdLajistdin	existing-unreviewed		0
fds	fds	fds	existing-unreviewed		0
filePtr	tiedostoOsoitin	tiedostoOsoitin	existing-unreviewed		0
fileSector	tiedostosector	tiedostosector	existing-unreviewed		0
fileSize	tiedostoKoko	tiedostoKoko	existing-unreviewed		0
filename	tiedostonimi	tiedostonimi	existing-unreviewed		0
fillPosixStat	fillposixstat	fillposixstat	existing-unreviewed		0
findProcess	etsiProsessi	etsiProsessi	existing-unreviewed		0
first	first	first	existing-unreviewed		0
firstClusterHi	firstclusterhi	firstclusterhi	existing-unreviewed		0
firstClusterLow	firstclusterMatala	firstclusterMatala	existing-unreviewed		0
firstFileCluster	firstTiedostocluster	firstTiedostocluster	existing-unreviewed		0
flags	liput	liput	existing-unreviewed		0
flags2	liput2	liput2	existing-unreviewed		0
flagsAndOffset	liputandoffset	liputandoffset	existing-unreviewed		0
flushIndex	flushHakemisto	flushHakemisto	existing-unreviewed		0
flushTlsTable	flushtlsTaulukko	flushtlsTaulukko	existing-unreviewed		0
flush_tss	flushtss	flushtss	existing-unreviewed		0
fn	fn	fn	existing-unreviewed		0
foo	foo	foo	existing-unreviewed		0
foundChild	foundlapsi	foundlapsi	existing-unreviewed		0
frame	kehys	kehys	existing-unreviewed		0
frameCount	kehyscount	kehyscount	existing-unreviewed		0
frameHeaderSize	kehysheaderKoko	kehysheaderKoko	existing-unreviewed		0
free	vapaana	vapaana	existing-unreviewed		0
freePort	vapaanaPortti	vapaanaPortti	existing-unreviewed		0
frequency	toistumistiheys	toistumistiheys	existing-unreviewed		0
fs	fs	fs	existing-unreviewed		0
func1Val	func1val	func1val	existing-unreviewed		0
func2Val	func2val	func2val	existing-unreviewed		0
func3Val	func3val	func3val	existing-unreviewed		0
func_addr	funcaddress	funcaddress	existing-unreviewed		0
func_bytes	functavua	functavua	existing-unreviewed		0
func_name	funcNimi	funcNimi	existing-unreviewed		0
func_value	funcArvo	funcArvo	existing-unreviewed		0
function	funktio	funktio	existing-unreviewed		0
fxrstor	fxrstor	fxrstor	existing-unreviewed		0
fxsave	fxsave	fxsave	existing-unreviewed		0
g	g	g	existing-unreviewed		0
g_320x200x256	g320x200x256	g320x200x256	existing-unreviewed		0
gate	gate	gate	existing-unreviewed		0
gateData	gatedata	gatedata	existing-unreviewed		0
gatewayIP	gatewayip	gatewayip	existing-unreviewed		0
gdt	gdt	gdt	existing-unreviewed		0
gdtDescriptor	gdtdescriptor	gdtdescriptor	existing-unreviewed		0
gdtEntry	gdthakusana	gdthakusana	existing-unreviewed		0
gdtTable	gdtTaulukko	gdtTaulukko	existing-unreviewed		0
gdtTableLen	gdtTaulukkolen	gdtTaulukkolen	existing-unreviewed		0
gdt_codeSegmentSelector	gdtcodesegmentselector	gdtcodesegmentselector	existing-unreviewed		0
gdt_func	gdtfunc	gdtfunc	existing-unreviewed		0
getCR2	getcr2	getcr2	existing-unreviewed		0
getCR3	getcr3	getcr3	existing-unreviewed		0
getDescriptor	getdescriptor	getdescriptor	existing-unreviewed		0
getESI	getesi	getesi	existing-unreviewed		0
getESP	getesp	getesp	existing-unreviewed		0
getGDT	getgdt	getgdt	existing-unreviewed		0
getGS	getgs	getgs	existing-unreviewed		0
getOpenFile	getAvaaTiedosto	getAvaaTiedosto	existing-unreviewed		0
getOpenFileFor	getAvaaTiedostofor	getAvaaTiedostofor	existing-unreviewed		0
getTLS	gettls	gettls	existing-unreviewed		0
globalDescriptorTable	globaalissadescriptorTaulukko	globaalissadescriptorTaulukko	existing-unreviewed		0
globalOffsetTable	globaalissaoffsetTaulukko	globaalissaoffsetTaulukko	existing-unreviewed		0
global_offset_table	globaalissaoffsetTaulukko_2	globaalissaoffsetTaulukko_2	existing-unreviewed		0
graphicsControllerDataPort	grafiikkaOhjaindataPortti	grafiikkaOhjaindataPortti	existing-unreviewed		0
graphicsControllerIndexPort	grafiikkaOhjainHakemistoPortti	grafiikkaOhjainHakemistoPortti	existing-unreviewed		0
grub_multiboot_memory_map_t	grubmultibootMuistimapt	grubmultibootMuistimapt	existing-unreviewed		0
gs	gs	gs	existing-unreviewed		0
gs_segment	gssegment	gssegment	existing-unreviewed		0
h	h	h	existing-unreviewed		0
haltAfterFatalException	haltJälkeenfatalexception	haltJälkeenfatalexception	existing-unreviewed		0
handleInterrupt	kahvaKeskeytys	kahvaKeskeytys	existing-unreviewed		0
handleKeyboardInterrupt	kahvaNäppäimistöKeskeytys	kahvaNäppäimistöKeskeytys	existing-unreviewed		0
handleMouseInterrupt	kahvaHiiriKeskeytys	kahvaHiiriKeskeytys	existing-unreviewed		0
handlePagingInterrupt	kahvapagingKeskeytys	kahvapagingKeskeytys	existing-unreviewed		0
handleUnhandledSyscall	kahvaunhandledsyscall	kahvaunhandledsyscall	existing-unreviewed		0
handler	handler	handler	existing-unreviewed		0
handlerAddressHighBits	handleraddressKorkeabittiä	handleraddressKorkeabittiä	existing-unreviewed		0
handlerAddressLowBits	handleraddressMatalabittiä	handleraddressMatalabittiä	existing-unreviewed		0
handlerRun	handlerSuorita	handlerSuorita	existing-unreviewed		0
handlers	handler_2	handler_2	existing-unreviewed		0
hardwareAddressSize	laitteistoaddressKoko	laitteistoaddressKoko	existing-unreviewed		0
hardwareInterruptOffset	laitteistoKeskeytysoffset	laitteistoKeskeytysoffset	existing-unreviewed		0
hardwareType	laitteistoTyyppi	laitteistoTyyppi	existing-unreviewed		0
hd	hd	hd	existing-unreviewed		0
head	head	head	existing-unreviewed		0
headCount	headcount	headcount	existing-unreviewed		0
headerLength	headerKesto	headerKesto	existing-unreviewed		0
headertype	headertype	headertype	existing-unreviewed		0
height	korkeus	korkeus	existing-unreviewed		0
hex	heksa	heksa	existing-unreviewed		0
hiddenSectors	piilotettusectors	piilotettusectors	existing-unreviewed		0
i	i	i	existing-unreviewed		0
iCount	icount	icount	existing-unreviewed		0
iDrivers	idriver	idriver	existing-unreviewed		0
iKeyboardEventHandler	iNäppäimistöTapahtumahandler	iNäppäimistöTapahtumahandler	existing-unreviewed		0
iMouseEventHandler	iHiiriTapahtumahandler	iHiiriTapahtumahandler	existing-unreviewed		0
iPCIControllerHandler	ipciOhjainhandler	ipciOhjainhandler	existing-unreviewed		0
iRawDataHandler	irawdatahandler	irawdatahandler	existing-unreviewed		0
iTimerEventHandler	itimerTapahtumahandler	itimerTapahtumahandler	existing-unreviewed		0
icmp	icmp	verkkojen_ohjausviestien_yhteyskäytäntö	project-proposal	icmp	12
icmpSize	icmpKoko	icmpKoko	existing-unreviewed		0
icmp콘솔	icmpKonsoli	icmpKonsoli	existing-unreviewed		0
id	tUNNISTE	tUNNISTE	existing-unreviewed		0
ident	ident	ident	existing-unreviewed		0
idtData	idtdata	idtdata	existing-unreviewed		0
idtPointer	idtOsoitin	idtOsoitin	existing-unreviewed		0
idx	idx	idx	existing-unreviewed		0
index	hakemisto	hakemisto	existing-unreviewed		0
initBlock	initLohko	initLohko	existing-unreviewed		0
initFileDescriptors	initTiedostodescriptor	initTiedostodescriptor	existing-unreviewed		0
initPIT	initpit	initpit	existing-unreviewed		0
initializeProcessFDs	initializeProsessifds	initializeProsessifds	existing-unreviewed		0
inode	inode	inode	existing-unreviewed		0
inputEventTask	syöteTapahtumaTehtävä	syöteTapahtumaTehtävä	existing-unreviewed		0
installIDT	asennaidt	asennaidt	existing-unreviewed		0
intNumber	kokonaislukuNumero	kokonaislukuNumero	existing-unreviewed		0
interface_id	liitäntäTUNNISTE	liitäntäTUNNISTE	existing-unreviewed		0
internetprotocolPayload	internetprotocolpayload	internetprotocolpayload	existing-unreviewed		0
interrupt	keskeytys	keskeytys	existing-unreviewed		0
interruptDebug	keskeytysVirheenpaikannus	keskeytysVirheenpaikannus	existing-unreviewed		0
interruptExitLoop	keskeytysSuljeloop	keskeytysSuljeloop	existing-unreviewed		0
interruptGateEntries	keskeytysgatehakusana	keskeytysgatehakusana	existing-unreviewed		0
interruptHandler	keskeytyshandler	keskeytyshandler	existing-unreviewed		0
interrupts	interrupts	interrupts	existing-unreviewed		0
iomap	iomap	iomap	existing-unreviewed		0
ip	ip	ip	existing-unreviewed		0
ipEtherFrameHandler	ipethernetKehyshandler	ipethernetKehyshandler	existing-unreviewed		0
ipHandler	iphandler	iphandler	existing-unreviewed		0
ipIdx	ipidx	ipidx	existing-unreviewed		0
ipProtocolUDP	ipprotocoludp	ipprotocoludp	existing-unreviewed		0
ipProvider	ipprovider	verkkojen_yhteyskäytännön_tarjoaja	project-proposal	ip_provider	5
ipSize	ipKoko	ipKoko	existing-unreviewed		0
ip_be	ipVerkkobyteorder	ipVerkkobyteorder	existing-unreviewed		0
ipmessage	internetprotocolViesti	internetprotocolViesti	existing-unreviewed		0
ipv4	ipv4	verkkojen_yhdyskäytäntö_4	project-proposal	ipv4	1
ip콘솔	ipKonsoli	ipKonsoli	existing-unreviewed		0
isKernel	iskernel	iskernel	existing-unreviewed		0
isRoot	isJuuri	isJuuri	existing-unreviewed		0
isRootPath	isJuuriPolku	isJuuriPolku	existing-unreviewed		0
isSharedPDE	issharedpde	issharedpde	existing-unreviewed		0
istOffset	istoffset	istoffset	existing-unreviewed		0
j	j	j	existing-unreviewed		0
jmp	jmp	jmp	existing-unreviewed		0
jmp_user	jmpKäyttäjä	jmpKäyttäjä	existing-unreviewed		0
jump_usermode_iret	jumpusermodeiret	jumpusermodeiret	existing-unreviewed		0
kPageDirEntry	kSivuKansiohakusana	kSivuKansiohakusana	existing-unreviewed		0
kernelESP	kernelesp	kernelesp	existing-unreviewed		0
kernelPageDirEntry	kernelSivuKansiohakusana	kernelSivuKansiohakusana	existing-unreviewed		0
kernelSS	kernelss	kernelss	existing-unreviewed		0
key	avain	avain	existing-unreviewed		0
keyboard	näppäimistö	näppäimistö	existing-unreviewed		0
keyboardDriver	näppäimistödriver	näppäimistödriver	existing-unreviewed		0
keyboardEventHandler	näppäimistöTapahtumahandler	näppäimistöTapahtumahandler	existing-unreviewed		0
keyboardQueue	näppäimistöqueue	näppäimistöqueue	existing-unreviewed		0
keyboardQueueRead	näppäimistöqueueLuku	näppäimistöqueueLuku	existing-unreviewed		0
keyboardQueueSize	näppäimistöqueueKoko	näppäimistöqueueKoko	existing-unreviewed		0
keyboardQueueWrite	näppäimistöqueueKirjoitus	näppäimistöqueueKirjoitus	existing-unreviewed		0
kind	laji	laji	existing-unreviewed		0
l	l	l	existing-unreviewed		0
last	viimeinen	viimeinen	existing-unreviewed		0
lbaHiPort	lbahiPortti	lbahiPortti	existing-unreviewed		0
lbaLowPort	lbaMatalaPortti	lbaMatalaPortti	existing-unreviewed		0
lbaMidPort	lbamidPortti	lbamidPortti	existing-unreviewed		0
ldt	ldt	ldt	existing-unreviewed		0
leftShift	vasemmallaVaihto	vasemmallaVaihto	existing-unreviewed		0
len	len	len	existing-unreviewed		0
len_ver	lenver	lenver	existing-unreviewed		0
length	kesto	kesto	existing-unreviewed		0
lengthAddress	kestoaddress	kestoaddress	existing-unreviewed		0
lengthInBytes	kestoSaapuvatavua	kestoSaapuvatavua	existing-unreviewed		0
length_high	kestoKorkea	kestoKorkea	existing-unreviewed		0
length_low	kestoMatala	kestoMatala	existing-unreviewed		0
lengths	lengths	lengths	existing-unreviewed		0
lib1Addr	lib1address	lib1address	existing-unreviewed		0
lib1Data	lib1data	lib1data	existing-unreviewed		0
lib1File	lib1Tiedosto	lib1Tiedosto	existing-unreviewed		0
lib1GOT	lib1got	lib1got	existing-unreviewed		0
lib1elf	lib1elf	lib1elf	existing-unreviewed		0
lib2Addr	lib2address	lib2address	existing-unreviewed		0
lib2Data	lib2data	lib2data	existing-unreviewed		0
lib2File	lib2Tiedosto	lib2Tiedosto	existing-unreviewed		0
lib2GOT	lib2got	lib2got	existing-unreviewed		0
lib2elf	lib2elf	lib2elf	existing-unreviewed		0
libLinkMap	libLinkkimap	libLinkkimap	existing-unreviewed		0
lidtaddr	lidtaddr	lidtaddr	existing-unreviewed		0
limit	rajoitus	rajoitus	existing-unreviewed		0
limitHighAndFlags	rajoitusKorkeaandLiput	rajoitusKorkeaandLiput	existing-unreviewed		0
limitLow	rajoitusMatala	rajoitusMatala	existing-unreviewed		0
linkMap	linkkimap	linkkimap	existing-unreviewed		0
linkMapAddr	linkkimapaddress	linkkimapaddress	existing-unreviewed		0
linkerAddr	linkeraddress	linkeraddress	existing-unreviewed		0
linkerData	linkerdata	linkerdata	existing-unreviewed		0
linkerEntry	linkerhakusana	linkerhakusana	existing-unreviewed		0
linkerFile	linkerTiedosto	linkerTiedosto	existing-unreviewed		0
list	listaa	listaa	existing-unreviewed		0
listening	listening	listening	existing-unreviewed		0
loader	loader	loader	existing-unreviewed		0
local	paikallinen	paikallinen	existing-unreviewed		0
localDatagramSocket	paikallinendatagramPistoke	paikallinendatagramPistoke	existing-unreviewed		0
localIP	paikallinenip	paikallinenip	existing-unreviewed		0
localPort	paikallinenPorttiNumero	paikallinenPorttiNumero	existing-unreviewed		0
localSockets	paikallinensockets	paikallinensockets	existing-unreviewed		0
logicalAddress	logicaladdress	logicaladdress	existing-unreviewed		0
macAddr	macaddress	macaddress	existing-unreviewed		0
macIdx	macidx	macidx	existing-unreviewed		0
magicnumber	magicnumber	magicnumber	existing-unreviewed		0
main	main	main	compatibility		0
mainThread	pääthread	pääthread	existing-unreviewed		0
makePagePrivateWritableCurrent	makeSivuYksityinenwritableNykyinen	makeSivuYksityinenwritableNykyinen	existing-unreviewed		0
makeRangePrivateWritableCurrent	makeAlueYksityinenwritableNykyinen	makeAlueYksityinenwritableNykyinen	existing-unreviewed		0
manager	manager	manager	existing-unreviewed		0
mask	peite	peite	existing-unreviewed		0
master	master	master	existing-unreviewed		0
matches	matches	matches	existing-unreviewed		0
maxBARs	maksimibars	maksimibars	existing-unreviewed		0
maxDatagramSize	maksimidatagramKoko	maksimidatagramKoko	existing-unreviewed		0
maxExecStringLength	maksimiSuoritusMerkkijonoKesto	maksimiSuoritusMerkkijonoKesto	existing-unreviewed		0
maxExecVectorEntries	maksimiSuoritusvectorhakusana	maksimiSuoritusvectorhakusana	existing-unreviewed		0
maxFD	maksimifd	maksimifd	existing-unreviewed		0
maxOpenFiles	maksimiAvaaTiedostot	maksimiAvaaTiedostot	existing-unreviewed		0
maxSocketPackets	maksimiPistokepakettia	maksimiPistokepakettia	existing-unreviewed		0
maxSockets	maksimisockets	maksimisockets	existing-unreviewed		0
maximumBlocks	suurinLohko	suurinLohko	existing-unreviewed		0
mediaType	mediaTyyppi	mediaTyyppi	existing-unreviewed		0
mem	mem	mem	existing-unreviewed		0
memoryArray	muistiTaulukko	muistiTaulukko	existing-unreviewed		0
memoryChunkSize	muistichunkKoko	muistichunkKoko	existing-unreviewed		0
memoryManager	muistimanager	muistimanager	existing-unreviewed		0
memoryOper	muistioper	muistioper	existing-unreviewed		0
memorySize	muistiKoko	muistiKoko	existing-unreviewed		0
memorymananger	memorymananger	memorymananger	existing-unreviewed		0
memorytest	memorytest	memorytest	existing-unreviewed		0
message	viesti	viesti	existing-unreviewed		0
micsPort	micsPortti	micsPortti	existing-unreviewed		0
minimum	minimi	minimi	existing-unreviewed		0
mode	tILA	tILA	existing-unreviewed		0
mouseDriver	hiiridriver	hiiridriver	existing-unreviewed		0
mouseEventHandler	hiiriTapahtumahandler	hiiriTapahtumahandler	existing-unreviewed		0
mouseVGA	hiirivga	hiirivga	existing-unreviewed		0
mouseWidget	hiiriIkkunaelementti	hiiriIkkunaelementti	existing-unreviewed		0
msdospart	msdospartition	msdospartition	existing-unreviewed		0
msg	msg	msg	existing-unreviewed		0
msgBuffer	msgbuffer	msgbuffer	existing-unreviewed		0
multiboot_memory_map	multibootMuistimap	multibootMuistimap	existing-unreviewed		0
multitasking	multitasking	multitasking	existing-unreviewed		0
myKeyboardEventHandler	myNäppäimistöTapahtumahandler	myNäppäimistöTapahtumahandler	existing-unreviewed		0
myPCIControllerHandler	mypciOhjainhandler	mypciOhjainhandler	existing-unreviewed		0
myfunction	myfunction	myfunction	existing-unreviewed		0
n	n	n	existing-unreviewed		0
n_descsz	ndescsz	ndescsz	existing-unreviewed		0
n_namesz	nnamesz	nnamesz	existing-unreviewed		0
n_type	nTyyppi	nTyyppi	existing-unreviewed		0
name	nimi	nimi	existing-unreviewed		0
nameLen	nimilen	nimilen	existing-unreviewed		0
netCard	verkkoKortti	verkkoKortti	existing-unreviewed		0
newButtons	uusiPainike	uusiPainike	existing-unreviewed		0
newFD	uusifd	uusifd	existing-unreviewed		0
newFrame	uusiKehys	uusiKehys	existing-unreviewed		0
newLink	uusiLinkki	uusiLinkki	existing-unreviewed		0
newNode	uusiLaite	uusiLaite	existing-unreviewed		0
newPtr	uusiOsoitin	uusiOsoitin	existing-unreviewed		0
next	seuraava	seuraava	existing-unreviewed		0
nextEphemeralPort	seuraavaephemeralPortti	seuraavaephemeralPortti	existing-unreviewed		0
nextFileCluster	seuraavaTiedostocluster	seuraavaTiedostocluster	existing-unreviewed		0
nextHopIP_BE	seuraavahopipaddressVerkkobyteorder	seuraavahopipaddressVerkkobyteorder	existing-unreviewed		0
nextNode	seuraavaLaite	seuraavaLaite	existing-unreviewed		0
nextProcessID	seuraavaProsessiTUNNISTE	seuraavaProsessiTUNNISTE	existing-unreviewed		0
nextThread	seuraavathread	seuraavathread	existing-unreviewed		0
nibble	nibble	nibble	existing-unreviewed		0
node	laite_3	listasolmu	project-proposal	list_node	16
nodeArray	laiteTaulukko	laiteTaulukko	existing-unreviewed		0
num	numero	numero	existing-unreviewed		0
numCacheEntries	numerocachehakusana	numerocachehakusana	existing-unreviewed		0
numDrivers	numerodriver	numerodriver	existing-unreviewed		0
numFunctions	numeroFunktiot	numeroFunktiot	existing-unreviewed		0
numRecvBuffers	numerorecvbuffer	numerorecvbuffer	existing-unreviewed		0
numSendBuffers	numeroLähetäbuffer	numeroLähetäbuffer	existing-unreviewed		0
numSockets	numerosockets	numerosockets	existing-unreviewed		0
numTasks	numeroTehtävät	numeroTehtävät	existing-unreviewed		0
oAppend	oappend	oappend	existing-unreviewed		0
oCreate	oLuo	oLuo	existing-unreviewed		0
oDirectory	oKansio	oKansio	existing-unreviewed		0
oReadOnly	oLukuonly	oLukuonly	existing-unreviewed		0
oReadWrite	oLukuKirjoitus	oLukuKirjoitus	existing-unreviewed		0
oTruncate	otruncate	otruncate	existing-unreviewed		0
oWriteOnly	oKirjoitusonly	oKirjoitusonly	existing-unreviewed		0
o_addr	oaddress	oaddress	existing-unreviewed		0
offset	offset	offset	existing-unreviewed		0
ok	ok	ok	existing-unreviewed		0
oldButtons	oldPainike	oldPainike	existing-unreviewed		0
oldCR3	oldcr3	oldcr3	existing-unreviewed		0
oldFD	oldfd	oldfd	existing-unreviewed		0
oldFrame	oldKehys	oldKehys	existing-unreviewed		0
oldGdt	oldgdt	oldgdt	existing-unreviewed		0
oldGdtAddr	oldgdtaddress	oldgdtaddress	existing-unreviewed		0
oldGdtLen	oldgdtlen	oldgdtlen	existing-unreviewed		0
openFileDescription	avaaTiedostoKuvaus	avaaTiedostoKuvaus	existing-unreviewed		0
openFileTable	avaaTiedostoTaulukko	avaaTiedostoTaulukko	existing-unreviewed		0
options	valinnat	valinnat	existing-unreviewed		0
orgValue	orgArvo	orgArvo	existing-unreviewed		0
p	p	p	existing-unreviewed		0
p1	p1	p1	existing-unreviewed		0
p2	p2	p2	existing-unreviewed		0
p_align	pTasaus	pTasaus	existing-unreviewed		0
p_backend	pbackend	pbackend	existing-unreviewed		0
p_data	pdata	pdata	existing-unreviewed		0
p_efHandler	pefhandler	pefhandler	existing-unreviewed		0
p_efProvider	pefprovider	pefprovider	existing-unreviewed		0
p_etherType	pethernetTyyppi	pethernetTyyppi	existing-unreviewed		0
p_filesz	pfilesz	pfilesz	existing-unreviewed		0
p_flags	pLiput	pLiput	existing-unreviewed		0
p_iHandler	pihandler	pihandler	existing-unreviewed		0
p_ipHandler	piphandler	piphandler	existing-unreviewed		0
p_ipProvider	pipprovider	pipprovider	existing-unreviewed		0
p_memsz	pmemsz	pmemsz	existing-unreviewed		0
p_offset	poffset	poffset	existing-unreviewed		0
p_paddr	ppaddr	ppaddr	existing-unreviewed		0
p_protocol	pprotocol	pprotocol	existing-unreviewed		0
p_provider	pprovider	pprovider	existing-unreviewed		0
p_str	pstr	pstr	existing-unreviewed		0
p_type	pTyyppi	pTyyppi	existing-unreviewed		0
p_udpHandler	pudphandler	pudphandler	existing-unreviewed		0
p_udpProvider	pudpprovider	pudpprovider	existing-unreviewed		0
p_vaddr	pvaddr	pvaddr	existing-unreviewed		0
packet	packet	packet	existing-unreviewed		0
packetStatus	packetTila	packetTila	existing-unreviewed		0
packets	pakettia	pakettia	existing-unreviewed		0
page	sivu	sivu	existing-unreviewed		0
pageDir	sivuKansio	sivuhakemisto	project-proposal	page_directory	27
pageDirEntry	sivuKansiohakusana	sivuKansiohakusana	existing-unreviewed		0
pageTableEntry	sivuTaulukkohakusana	sivuTaulukkohakusana	existing-unreviewed		0
paging	paging	paging	existing-unreviewed		0
param	param	param	existing-unreviewed		0
params	parametrit_3	parametrit_3	existing-unreviewed		0
parent	vanhempi	vanhempi	existing-unreviewed		0
parentPID	vanhempipid	vanhempipid	existing-unreviewed		0
parentProcess	vanhempiProsessi	vanhempiProsessi	existing-unreviewed		0
partEntry	parthakusana	parthakusana	existing-unreviewed		0
partition	partition	partition	existing-unreviewed		0
partitionBytes	partitiontavua	partitiontavua	existing-unreviewed		0
partitionOffset	partitionoffset	partitionoffset	existing-unreviewed		0
path	polku	polku	existing-unreviewed		0
pathAddr	polkuaddress	polkuaddress	existing-unreviewed		0
pci	pci	pci	existing-unreviewed		0
pciController	pciOhjain	pciOhjain	existing-unreviewed		0
pde	pde	pde	existing-unreviewed		0
pdeAddr	pdeaddress	pdeaddress	existing-unreviewed		0
pdelen	pdelen	pdelen	existing-unreviewed		0
peer	peer	peer	existing-unreviewed		0
pendingButtons	pendingPainike	pendingPainike	existing-unreviewed		0
pendingMouseEvent	pendingHiiriTapahtuma	pendingHiiriTapahtuma	existing-unreviewed		0
pendingX	pendingx	pendingx	existing-unreviewed		0
pendingY	pendingy	pendingy	existing-unreviewed		0
phyaddr	phyaddr	phyaddr	existing-unreviewed		0
phymem	physicalMuisti	physicalMuisti	existing-unreviewed		0
physicalAddress	physicaladdress	physicaladdress	existing-unreviewed		0
pid	pid	pid	existing-unreviewed		0
pitFrequency	pitToistumistiheys	pitToistumistiheys	existing-unreviewed		0
pixelAddress	pixeladdress	pixeladdress	existing-unreviewed		0
pointer	osoitin	osoiteviite	project-proposal	pointer	39
pollKeyboardScancode	pollNäppäimistöscancode	pollNäppäimistöscancode	existing-unreviewed		0
port	portti	portti	existing-unreviewed		0
portBase	porttibase	porttibase	existing-unreviewed		0
portInUse	porttiSaapuvaKäytä	porttiSaapuvaKäytä	existing-unreviewed		0
portnumber	portnumber	portnumber	existing-unreviewed		0
pos	sijainti	sijainti	existing-unreviewed		0
position	sijainti_2	sijainti_2	existing-unreviewed		0
posixStat	posixstat	posixstat	existing-unreviewed		0
posixUtsname	posixutsname	posixutsname	existing-unreviewed		0
prefetchable	prefetchcapable	prefetchcapable	existing-unreviewed		0
prev	previous	previous	existing-unreviewed		0
prevNode	previousLaite	previousLaite	existing-unreviewed		0
prevX	previousx	previousx	existing-unreviewed		0
prevY	previousy	previousy	existing-unreviewed		0
printESP	tulostaesp	tulostaesp	existing-unreviewed		0
printExceptionSelectorInfo	tulostaexceptionselectorTieto	tulostaexceptionselectorTieto	existing-unreviewed		0
printPageFaultInfo	tulostaSivufaultTieto	tulostaSivufaultTieto	existing-unreviewed		0
printreg	printreg	printreg	existing-unreviewed		0
proc2	proc2	proc2	existing-unreviewed		0
proc3	proc3	proc3	existing-unreviewed		0
proc4	proc4	proc4	existing-unreviewed		0
process	prosessi	prosessi	existing-unreviewed		0
processEntry	prosessihakusana	prosessihakusana	existing-unreviewed		0
processHelper	prosessihelper	prosessihelper	existing-unreviewed		0
processTable	prosessiTaulukko	prosessiTaulukko	existing-unreviewed		0
processes	prosessit	prosessit	existing-unreviewed		0
programBreak	ohjelmabreak	ohjelmabreak	existing-unreviewed		0
protocol	protocol	protocol	existing-unreviewed		0
protocolAddressSize	protocoladdressKoko	protocoladdressKoko	existing-unreviewed		0
providedLength	providedKesto	providedKesto	existing-unreviewed		0
provider	provider	provider	existing-unreviewed		0
ps2WaitLimit	ps2OdotaRajoitus	ps2OdotaRajoitus	existing-unreviewed		0
pt	pt	pt	existing-unreviewed		0
pte	pte	pte	existing-unreviewed		0
pteAddr	pteaddress	pteaddress	existing-unreviewed		0
ptr	osoitin_2	osoiteviite_2	project-proposal	pointer	12
pushExecUint32	pushSuoritusunsignedinteger32	pushSuoritusunsignedinteger32	existing-unreviewed		0
queueKeyboardByte	queueNäppäimistöbyte	queueNäppäimistöbyte	existing-unreviewed		0
r	r	r	existing-unreviewed		0
r_addend	raddend	raddend	existing-unreviewed		0
r_info	rTieto	rTieto	existing-unreviewed		0
r_offset	roffset	roffset	existing-unreviewed		0
raw	raw	raw	existing-unreviewed		0
rawDataBackend	rawdatabackend	rawdatabackend	existing-unreviewed		0
readFile	lukuTiedosto	lukuTiedosto	existing-unreviewed		0
readPS2Data	lukups2data	lukups2data	existing-unreviewed		0
readStdin	lukustdin	lukustdin	existing-unreviewed		0
readVFSFile	lukuvfsTiedosto	lukuvfsTiedosto	existing-unreviewed		0
read_count	lukucount	lukucount	existing-unreviewed		0
receiver	receiver	receiver	existing-unreviewed		0
recvBufferDescr	recvbufferKuvaus	recvbufferKuvaus	existing-unreviewed		0
recvBufferDescrAddress	recvbufferKuvausaddress	recvbufferKuvausaddress	existing-unreviewed		0
recvBuffers	recvbuffer	recvbuffer	existing-unreviewed		0
recvBuffersDescrMemory	recvbufferKuvausMuisti	recvbufferKuvausMuisti	existing-unreviewed		0
refBytes	referencetavua	referencetavua	existing-unreviewed		0
refPtr	referenceOsoitin	referenceOsoitin	existing-unreviewed		0
refs	refs	refs	existing-unreviewed		0
regIndex	regHakemisto	regHakemisto	existing-unreviewed		0
registerAddressPort	registeraddressPortti	registeraddressPortti	existing-unreviewed		0
registerDataPort	registerdataPortti	registerdataPortti	existing-unreviewed		0
registeroffset	registeroffset	registeroffset	existing-unreviewed		0
registers	register	register	existing-unreviewed		0
regtype	regtype	regtype	existing-unreviewed		0
rel_text	relTeksti	relTeksti	existing-unreviewed		0
rel_text_len	relTekstilen	relTekstilen	existing-unreviewed		0
releaseOpenFile	releaseAvaaTiedosto	releaseAvaaTiedosto	existing-unreviewed		0
released	released	released	existing-unreviewed		0
reloadCR3	lataauudelleencr3	lataauudelleencr3	existing-unreviewed		0
relocation_text	relocationTeksti	relocationTeksti	existing-unreviewed		0
remaining	remaining	remaining	existing-unreviewed		0
remote	etä	etä	existing-unreviewed		0
remoteIP	etäip	etäip	existing-unreviewed		0
remotePort	etäPorttiNumero	etäPorttiNumero	existing-unreviewed		0
requested	requested	requested	existing-unreviewed		0
reserved	varattu	varattu	existing-unreviewed		0
reserved0	varattu0	varattu0	existing-unreviewed		0
reservedSectors	varattusectors	varattusectors	existing-unreviewed		0
resetPort	palautaPortti	palautaPortti	existing-unreviewed		0
restoreFpRegs	palautafpregs	palautafpregs	existing-unreviewed		0
result	tULOS	tULOS	existing-unreviewed		0
result1	tULOS1	tULOS1	existing-unreviewed		0
result2	tULOS2	tULOS2	existing-unreviewed		0
ret	ret	ret	existing-unreviewed		0
revision	revision	revision	existing-unreviewed		0
rightShift	oikeallaVaihto	oikeallaVaihto	existing-unreviewed		0
rootCluster	juuricluster	juuricluster	existing-unreviewed		0
rootDirEntries	juuriKansiohakusana	juuriKansiohakusana	existing-unreviewed		0
rootStart	juuriKäynnistä	juuriKäynnistä	existing-unreviewed		0
rt	rt	rt	existing-unreviewed		0
s	s	s	existing-unreviewed		0
sIfchr	sifchr	sifchr	existing-unreviewed		0
sIfdir	sifdir	sifdir	existing-unreviewed		0
sIfmt	sifmt	sifmt	existing-unreviewed		0
sIfreg	sifreg	sifreg	existing-unreviewed		0
sIfsock	sifsock	sifsock	existing-unreviewed		0
savedESP	tallennettuesp	tallennettuesp	existing-unreviewed		0
sc	sc	sc	existing-unreviewed		0
scanCode	kartoitacode	kartoitacode	existing-unreviewed		0
scanCodeToByte	kartoitacodetobyte	kartoitacodetobyte	existing-unreviewed		0
scancodeToByte	scancodetobyte	scancodetobyte	existing-unreviewed		0
sche	sche	sche	existing-unreviewed		0
sche_data	schedata	schedata	existing-unreviewed		0
scheduleStack	schedulestack	schedulestack	existing-unreviewed		0
scheduler	scheduler	scheduler	existing-unreviewed		0
schedulerDebug	schedulerVirheenpaikannus	schedulerVirheenpaikannus	existing-unreviewed		0
sectHeader	sectheader	sectheader	existing-unreviewed		0
sectHeaderSize	sectheaderKoko	sectheaderKoko	existing-unreviewed		0
sectName	sectNimi	sectNimi	existing-unreviewed		0
sectValue	sectArvo	sectArvo	existing-unreviewed		0
sector	sector	sector	existing-unreviewed		0
sectorCountPort	sectorcountPortti	sectorcountPortti	existing-unreviewed		0
sectorNum	sectorNumero	sectorNumero	existing-unreviewed		0
sectorOffset	sectoroffset	sectoroffset	existing-unreviewed		0
sectorPerTrack	sectorpertrack	sectorpertrack	existing-unreviewed		0
sectorsPerCluster	sectorspercluster	sectorspercluster	existing-unreviewed		0
seekCur	seekNykyinen	seekNykyinen	existing-unreviewed		0
seekEnd	seekLoppuajankohta	seekLoppuajankohta	existing-unreviewed		0
seekSet	seekaseta	seekaseta	existing-unreviewed		0
segmentNumber	segmentNumero	segmentNumero	existing-unreviewed		0
self	itse	itse	existing-unreviewed		0
self_uintptr	itseuintptr	itseuintptr	existing-unreviewed		0
sendBack	reply	reply	existing-unreviewed		0
sendBufferDescr	lähetäbufferKuvaus	lähetäbufferKuvaus	existing-unreviewed		0
sendBufferDescrAddress	lähetäbufferKuvausaddress	lähetäbufferKuvausaddress	existing-unreviewed		0
sendBuffers	lähetäbuffer	lähetäbuffer	existing-unreviewed		0
sendBuffersDescrMemory	lähetäbufferKuvausMuisti	lähetäbufferKuvausMuisti	existing-unreviewed		0
sendDataPointer	lähetädataOsoitin	lähetädataOsoitin	existing-unreviewed		0
sendDescriptor	lähetädescriptor	lähetädescriptor	existing-unreviewed		0
sendMouseCommand	lähetäHiiriKomento	lähetäHiiriKomento	existing-unreviewed		0
sequencerDataPort	sequencerdataPortti	sequencerdataPortti	existing-unreviewed		0
sequencerIndexPort	sequencerHakemistoPortti	sequencerHakemistoPortti	existing-unreviewed		0
serialLogByte	sarjaKäytälokiabyte	sarjaKäytälokiabyte	existing-unreviewed		0
serialReady	sarjaValmis	sarjaValmis	existing-unreviewed		0
setCR3	asetacr3	asetacr3	existing-unreviewed		0
setDS	asetads	asetads	existing-unreviewed		0
setGS	asetags	asetags	existing-unreviewed		0
setThreadExitLoopState	asetathreadSuljeloopTila	asetathreadSuljeloopTila	existing-unreviewed		0
setupExecStack	setupSuoritusstack	setupSuoritusstack	existing-unreviewed		0
sh	sh	sh	existing-unreviewed		0
sh_addr	shaddress	shaddress	existing-unreviewed		0
sh_addralign	shaddralign	shaddralign	existing-unreviewed		0
sh_entsize	shentsize	shentsize	existing-unreviewed		0
sh_flags	shLiput	shLiput	existing-unreviewed		0
sh_info	shTieto	shTieto	existing-unreviewed		0
sh_link	shLinkki	shLinkki	existing-unreviewed		0
sh_name	shNimi	shNimi	existing-unreviewed		0
sh_offset	shoffset	shoffset	existing-unreviewed		0
sh_size	shKoko	shKoko	existing-unreviewed		0
sh_type	shTyyppi	shTyyppi	existing-unreviewed		0
shift	vaihto	vaihto	existing-unreviewed		0
signature	signature	signature	existing-unreviewed		0
size	koko	koko	existing-unreviewed		0
sl	sl	sl	existing-unreviewed		0
sockDatagram	sockdatagram	sockdatagram	existing-unreviewed		0
socket	pistoke	pistoke	existing-unreviewed		0
socketAddress	pistokeaddress	pistokeaddress	existing-unreviewed		0
socketAddressIPv4	pistokeaddressipv4	pistokeaddressipv4	existing-unreviewed		0
socketBind	pistokebind	pistokebind	existing-unreviewed		0
socketCallArgument	pistokecallargument	pistokecallargument	existing-unreviewed		0
socketConnect	pistokeYhdistä	pistokeYhdistä	existing-unreviewed		0
socketForFD	pistokeforfd	pistokeforfd	existing-unreviewed		0
socketIndex	pistokeHakemisto	pistokeHakemisto	existing-unreviewed		0
socketPacket	pistokepacket	pistokepacket	existing-unreviewed		0
socketReceiveFrom	pistokereceivelähteestä	pistokereceivelähteestä	existing-unreviewed		0
socketSendTo	pistokeLähetäto	pistokeLähetäto	existing-unreviewed		0
socketType	pistokeTyyppi	pistokeTyyppi	existing-unreviewed		0
sockets	sockets	sockets	existing-unreviewed		0
softName	softNimi	softNimi	existing-unreviewed		0
source	lähde	lähde	existing-unreviewed		0
sourceAddress	lähdeaddress	lähdeaddress	existing-unreviewed		0
sourceLengthAddress	lähdeKestoaddress	lähdeKestoaddress	existing-unreviewed		0
src	lähde_2	lähde_2	existing-unreviewed		0
srcEntry	lähdehakusana	lähdehakusana	existing-unreviewed		0
srcIP	lähdeipaddress	lähdeipaddress	existing-unreviewed		0
srcIP_BE	lähdeipaddressVerkkobyteorder	lähdeipaddressVerkkobyteorder	existing-unreviewed		0
srcMAC	lähdemacaddress	lähdemacaddress	existing-unreviewed		0
srcMAC_BE	lähdemacbe	lähdemacbe	existing-unreviewed		0
srcPageDir	lähdeSivuKansio	lähdeSivuKansio	existing-unreviewed		0
srcPde	lähdepde	lähdepde	existing-unreviewed		0
srcPdeAddr	lähdepdeaddress	lähdepdeaddress	existing-unreviewed		0
srcPort	lähdePorttiNumero	lähdeportin_numero	project-proposal	source_port	9
srcPt	lähdept	lähdept	existing-unreviewed		0
srcptr	srcptr	srcptr	existing-unreviewed		0
ss	ss	ss	existing-unreviewed		0
ss0	ss0	ss0	existing-unreviewed		0
ss1	ss1	ss1	existing-unreviewed		0
ss2	ss2	ss2	existing-unreviewed		0
st	st	st	existing-unreviewed		0
st_info	stTieto	stTieto	existing-unreviewed		0
st_name	stNimi	stNimi	existing-unreviewed		0
st_other	stMuu	stMuu	existing-unreviewed		0
st_shndx	stshndx	stshndx	existing-unreviewed		0
st_size	stKoko	stKoko	existing-unreviewed		0
st_value	stArvo	stArvo	existing-unreviewed		0
stack	stack	pinomuisti	project-proposal	stack	18
stackBytes	stacktavua	stacktavua	existing-unreviewed		0
stackPtr	stackOsoitin	stackOsoitin	existing-unreviewed		0
stack_addr	stackaddress	stackaddress	existing-unreviewed		0
stackbottom	stackbottom	stackbottom	existing-unreviewed		0
stacktop	stacktop	stacktop	existing-unreviewed		0
start	käynnistä	käynnistä	existing-unreviewed		0
startOffset	käynnistäoffset	käynnistäoffset	existing-unreviewed		0
start_cylinder	käynnistäcylinder	käynnistäcylinder	existing-unreviewed		0
start_head	käynnistähead	käynnistähead	existing-unreviewed		0
start_sector	käynnistäsector	käynnistäsector	existing-unreviewed		0
startingBit	startingbit	startingbit	existing-unreviewed		0
stat	stat	stat	existing-unreviewed		0
statAddr	stataddress	stataddress	existing-unreviewed		0
status	tila	tila	existing-unreviewed		0
statusAddr	tilaaddress	tilaaddress	existing-unreviewed		0
stderrFD	stderrfd	stderrfd	existing-unreviewed		0
stdinBuffer	stdinbuffer	stdinbuffer	existing-unreviewed		0
stdinFD	stdinfd	stdinfd	existing-unreviewed		0
stdinGetBlocking	stdingetblocking	stdingetblocking	existing-unreviewed		0
stdinRead	stdinLuku	stdinLuku	existing-unreviewed		0
stdinWrite	stdinKirjoitus	stdinKirjoitus	existing-unreviewed		0
stdoutFD	stdoutfd	stdoutfd	existing-unreviewed		0
stoppedThread	pysäytettythread	pysäytettythread	existing-unreviewed		0
str	str	str	existing-unreviewed		0
stringAddress	merkkijonoaddress	merkkijonoaddress	existing-unreviewed		0
stringHeader	merkkijonoheader	merkkijonoheader	existing-unreviewed		0
strtab	strtab	strtab	existing-unreviewed		0
subclass_id	subclassTUNNISTE	subclassTUNNISTE	existing-unreviewed		0
subnetMask	subnetPeite	subnetPeite	existing-unreviewed		0
swapUint16	swapunsignedinteger16	swapunsignedinteger16	existing-unreviewed		0
switchForced	switchforced	switchforced	existing-unreviewed		0
sysAccess	syspääsy	syspääsy	existing-unreviewed		0
sysBrk	sysbrk	sysbrk	existing-unreviewed		0
sysCall	syscall	syscall	existing-unreviewed		0
sysChdir	syschdir	syschdir	existing-unreviewed		0
sysClose	sysSulje	sysSulje	existing-unreviewed		0
sysDup	sysdup	sysdup	existing-unreviewed		0
sysDup2	sysdup2	sysdup2	existing-unreviewed		0
sysExecve	sysexecve	sysexecve	existing-unreviewed		0
sysExit	sysSulje_2	sysSulje_2	existing-unreviewed		0
sysFcntl	sysfcntl	sysfcntl	existing-unreviewed		0
sysFork	sysfork	sysfork	existing-unreviewed		0
sysFstat	sysfstat	sysfstat	existing-unreviewed		0
sysFsync	sysfsync	sysfsync	existing-unreviewed		0
sysGetcwd	sysgetcwd	sysgetcwd	existing-unreviewed		0
sysLseek	syslseek	syslseek	existing-unreviewed		0
sysOpen	sysAvaa	sysAvaa	existing-unreviewed		0
sysRead	sysLuku	sysLuku	existing-unreviewed		0
sysSocketCall	sysPistokecall	sysPistokecall	existing-unreviewed		0
sysStat	sysstat	sysstat	existing-unreviewed		0
sysUname	sysuname	sysuname	existing-unreviewed		0
sysWaitpid	syswaitpid	syswaitpid	existing-unreviewed		0
sysWrite	sysKirjoitus	sysKirjoitus	existing-unreviewed		0
syscallError	syscallVirhe	syscallVirhe	existing-unreviewed		0
syscallID	syscallTUNNISTE	syscallTUNNISTE	existing-unreviewed		0
systemcall	järjestelmäcall	järjestelmäcall	existing-unreviewed		0
table	taulukko_2	taulukko_2	existing-unreviewed		0
tableSize	taulukkoKoko	taulukkoKoko	existing-unreviewed		0
tail	tail	tail	existing-unreviewed		0
task	tehtävä	tehtävä	existing-unreviewed		0
taskA	tehtäväa	tehtäväa	existing-unreviewed		0
taskB	tehtäväb	tehtäväb	existing-unreviewed		0
taskC	tehtäväc	tehtäväc	existing-unreviewed		0
taskD	tehtäväd	tehtäväd	existing-unreviewed		0
taskD0	tehtäväd0	tehtäväd0	existing-unreviewed		0
taskD1	tehtäväd1	tehtäväd1	existing-unreviewed		0
taskManager	tehtävämanager	tehtävämanager	existing-unreviewed		0
tasks	tehtävät	tehtävät	existing-unreviewed		0
temp	temporary	temporary	existing-unreviewed		0
terminated	terminated	terminated	existing-unreviewed		0
text	teksti	teksti	existing-unreviewed		0
textPtr	tekstiOsoitin	tekstiOsoitin	existing-unreviewed		0
text_len	tekstilen	tekstilen	existing-unreviewed		0
text_mode_check_fb_move	tekstiTILAcheckfbSiirrä	tekstiTILAcheckfbSiirrä	existing-unreviewed		0
text_mode_disable_cursor	tekstiTILAPoistakäytöstäKursori	tekstiTILAPoistakäytöstäKursori	existing-unreviewed		0
text_mode_enable_cursor	tekstiTILAOtakäyttöönKursori	tekstiTILAOtakäyttöönKursori	existing-unreviewed		0
text_mode_error_writer	tekstiTILAVirhewriter	tekstiTILAVirhewriter	existing-unreviewed		0
text_mode_flush_screen	tekstiTILAflushNäyttö	tekstiTILAflushNäyttö	existing-unreviewed		0
text_mode_init	tekstiTILAinit	tekstiTILAinit	existing-unreviewed		0
text_mode_print	tekstiTILATulosta	tekstiTILATulosta	existing-unreviewed		0
text_mode_print_bytes	tekstiTILATulostatavua	tekstiTILATulostatavua	existing-unreviewed		0
text_mode_print_char	tekstiTILATulostachar	tekstiTILATulostachar	existing-unreviewed		0
text_mode_print_char_col	tekstiTILATulostacharcol	tekstiTILATulostacharcol	existing-unreviewed		0
text_mode_print_col	tekstiTILATulostacol	tekstiTILATulostacol	existing-unreviewed		0
text_mode_print_error	tekstiTILATulostaVirhe	tekstiTILATulostaVirhe	existing-unreviewed		0
text_mode_print_error_bytes	tekstiTILATulostaVirhetavua	tekstiTILATulostaVirhetavua	existing-unreviewed		0
text_mode_print_errorln	tekstiTILATulostaerrorln	tekstiTILATulostaerrorln	existing-unreviewed		0
text_mode_print_hex	tekstiTILATulostaHeksa	tekstiTILATulostaHeksa	existing-unreviewed		0
text_mode_print_hex16	tekstiTILATulostaHeksa16	tekstiTILATulostaHeksa16	existing-unreviewed		0
text_mode_print_hex32	tekstiTILATulostaHeksa32	tekstiTILATulostaHeksa32	existing-unreviewed		0
text_mode_print_hex64	tekstiTILATulostaHeksa64	tekstiTILATulostaHeksa64	existing-unreviewed		0
text_mode_print_hex_char	tekstiTILATulostaHeksachar	tekstiTILATulostaHeksachar	existing-unreviewed		0
text_mode_println	tekstiTILAprintln	tekstiTILAprintln	existing-unreviewed		0
text_mode_println_col	tekstiTILAprintlncol	tekstiTILAprintlncol	existing-unreviewed		0
text_mode_update_cursor	tekstiTILAPäivitäKursori	tekstiTILAPäivitäKursori	existing-unreviewed		0
text_mode_writer	tekstiTILAwriter	tekstiTILAwriter	existing-unreviewed		0
thr2	thr2	thr2	existing-unreviewed		0
thr3	thr3	thr3	existing-unreviewed		0
thr4	thr4	thr4	existing-unreviewed		0
thread	thread	thread	existing-unreviewed		0
threadExitLoop	threadSuljeloop	threadSuljeloop	existing-unreviewed		0
threadHelper	threadhelper	threadhelper	existing-unreviewed		0
threadPtr	threadOsoitin	threadOsoitin	existing-unreviewed		0
tickCount	tickcount	tickcount	existing-unreviewed		0
timeDelta	aikadelta	aikadelta	existing-unreviewed		0
timeToLive	aikatolive	aikatolive	existing-unreviewed		0
timer	timer	timer	existing-unreviewed		0
tls	tls	tls	existing-unreviewed		0
tmp	tmp	tmp	existing-unreviewed		0
tmpPtr	tmpOsoitin	tmpOsoitin	existing-unreviewed		0
tos	tos	tos	existing-unreviewed		0
totalLength	yhteensäKesto	yhteensäKesto	existing-unreviewed		0
totalSectorCount	yhteensäsectorcount	yhteensäsectorcount	existing-unreviewed		0
totalSectors	yhteensäsectors	yhteensäsectors	existing-unreviewed		0
trap	trap	trap	existing-unreviewed		0
tss	tss	tss	existing-unreviewed		0
tssIndex	tssHakemisto	tssHakemisto	existing-unreviewed		0
udp	udp	käyttäjän_tietosähkeiden_yhteyskäytäntö	project-proposal	udp	1
udpHandler	udphandler	udphandler	existing-unreviewed		0
udpHeaderSize	udpheaderKoko	udpheaderKoko	existing-unreviewed		0
udpProvider	udpprovider	udpprovider	existing-unreviewed		0
udp콘솔	udpKonsoli	udpKonsoli	existing-unreviewed		0
unused	eikäytössä	eikäytössä	existing-unreviewed		0
used	käyttö	käyttö	existing-unreviewed		0
usedBlocks	käyttöLohko	käyttöLohko	existing-unreviewed		0
user1addr	käyttäjä1address	käyttäjä1address	existing-unreviewed		0
user1data	käyttäjä1data	käyttäjä1data	existing-unreviewed		0
user1entry	käyttäjä1hakusana	käyttäjä1hakusana	existing-unreviewed		0
user1file	käyttäjä1Tiedosto	käyttäjä1Tiedosto	existing-unreviewed		0
user2addr	käyttäjä2address	käyttäjä2address	existing-unreviewed		0
user2data	käyttäjä2data	käyttäjä2data	existing-unreviewed		0
user2entry	käyttäjä2hakusana	käyttäjä2hakusana	existing-unreviewed		0
user2file	käyttäjä2Tiedosto	käyttäjä2Tiedosto	existing-unreviewed		0
user3addr	käyttäjä3address	käyttäjä3address	existing-unreviewed		0
user3data	käyttäjä3data	käyttäjä3data	existing-unreviewed		0
user3entry	käyttäjä3hakusana	käyttäjä3hakusana	existing-unreviewed		0
user3file	käyttäjä3Tiedosto	käyttäjä3Tiedosto	existing-unreviewed		0
userHeapBase	käyttäjäheapbase	käyttäjäheapbase	existing-unreviewed		0
userHeapLimit	käyttäjäheapRajoitus	käyttäjäheapRajoitus	existing-unreviewed		0
user_esp	käyttäjäesp	käyttäjäesp	existing-unreviewed		0
userhandler	userhandler	userhandler	existing-unreviewed		0
userproc_entry	userprochakusana	userprochakusana	existing-unreviewed		0
util	util	util	existing-unreviewed		0
util콘솔	utilKonsoli	utilKonsoli	existing-unreviewed		0
v	v	v	existing-unreviewed		0
vAddr	vaddress	vaddress	existing-unreviewed		0
value	arvo	arvo	existing-unreviewed		0
values	arvot	arvot	existing-unreviewed		0
version	versio	versio	existing-unreviewed		0
vga	vga	vga	existing-unreviewed		0
virtlen	virtlen	virtlen	existing-unreviewed		0
virtmem	virtuaalinenMuisti	virtuaalinenMuisti	existing-unreviewed		0
virtualAddr	virtuaalinenaddress	virtuaalinenaddress	existing-unreviewed		0
volumeId	määräTUNNISTE	määräTUNNISTE	existing-unreviewed		0
volumeLabel	määräNimike	määräNimike	existing-unreviewed		0
w	w	w	existing-unreviewed		0
wDate	wPäiväys	wPäiväys	existing-unreviewed		0
wTime	wAika	wAika	existing-unreviewed		0
waitPS2InputEmpty	odotaps2SyöteTyhjä	odotaps2SyöteTyhjä	existing-unreviewed		0
waitPS2OutputFull	odotaps2TulosteTäysi	odotaps2TulosteTäysi	existing-unreviewed		0
wdata	wdata	wdata	existing-unreviewed		0
whence	whence	whence	existing-unreviewed		0
widget	ikkunaelementti	näyttöelementti	project-proposal	widget	6
width	leveys	leveys	existing-unreviewed		0
writePS2Command	kirjoitusps2Komento	kirjoitusps2Komento	existing-unreviewed		0
writePS2Data	kirjoitusps2data	kirjoitusps2data	existing-unreviewed		0
write_count	kirjoituscount	kirjoituscount	existing-unreviewed		0
x	x	x	existing-unreviewed		0
xPageDir	xSivuKansio	xSivuKansio	existing-unreviewed		0
xPos	xSijainti	xSijainti	existing-unreviewed		0
y	y	y	existing-unreviewed		0
yPageDir	ySivuKansio	ySivuKansio	existing-unreviewed		0
yPos	ySijainti	ySijainti	existing-unreviewed		0
값	arvo_2	arvo_2	existing-unreviewed		0
공용서술자테이블	shareddescriptorTaulukko	shareddescriptorTaulukko	existing-unreviewed		0
기준	base_2	base_2	existing-unreviewed		0
기준_낮은	baseMatala_2	baseMatala_2	existing-unreviewed		0
기준_높은	baseKorkea_2	baseKorkea_2	existing-unreviewed		0
기준_매우높은	baseveryKorkea	baseveryKorkea	existing-unreviewed		0
기준주소	baseaddress	baseaddress	existing-unreviewed		0
넷카드콘솔	verkkoKorttiKonsoli	verkkoKorttiKonsoli	existing-unreviewed		0
단말기	terminal	terminal	existing-unreviewed		0
마우스콘솔	hiiriKonsoli	hiiriKonsoli	existing-unreviewed		0
매개값	argumentArvo	argumentArvo	existing-unreviewed		0
멈추기	halt	halt	existing-unreviewed		0
목적	kohde_3	kohde_3	existing-unreviewed		0
유형	tyyppi	tyyppi	existing-unreviewed		0
이더넷콘솔	ethernetKonsoli	ethernetKonsoli	existing-unreviewed		0
인터럽트무시하기	keskeytysignore	keskeytysignore	existing-unreviewed		0
인터럽트예외처리기	keskeytysexceptionhandler	keskeytysexceptionhandler	existing-unreviewed		0
인터럽트예외처리기0x00	keskeytysexceptionhandler0x00	keskeytysexceptionhandler0x00	existing-unreviewed		0
인터럽트예외처리기0x01	keskeytysexceptionhandler0x01	keskeytysexceptionhandler0x01	existing-unreviewed		0
인터럽트예외처리기0x02	keskeytysexceptionhandler0x02	keskeytysexceptionhandler0x02	existing-unreviewed		0
인터럽트예외처리기0x03	keskeytysexceptionhandler0x03	keskeytysexceptionhandler0x03	existing-unreviewed		0
인터럽트예외처리기0x04	keskeytysexceptionhandler0x04	keskeytysexceptionhandler0x04	existing-unreviewed		0
인터럽트예외처리기0x05	keskeytysexceptionhandler0x05	keskeytysexceptionhandler0x05	existing-unreviewed		0
인터럽트예외처리기0x06	keskeytysexceptionhandler0x06	keskeytysexceptionhandler0x06	existing-unreviewed		0
인터럽트예외처리기0x07	keskeytysexceptionhandler0x07	keskeytysexceptionhandler0x07	existing-unreviewed		0
인터럽트예외처리기0x08	keskeytysexceptionhandler0x08	keskeytysexceptionhandler0x08	existing-unreviewed		0
인터럽트예외처리기0x09	keskeytysexceptionhandler0x09	keskeytysexceptionhandler0x09	existing-unreviewed		0
인터럽트예외처리기0x0A	keskeytysexceptionhandler0x0a	keskeytysexceptionhandler0x0a	existing-unreviewed		0
인터럽트예외처리기0x0B	keskeytysexceptionhandler0x0b	keskeytysexceptionhandler0x0b	existing-unreviewed		0
인터럽트예외처리기0x0C	keskeytysexceptionhandler0x0c	keskeytysexceptionhandler0x0c	existing-unreviewed		0
인터럽트예외처리기0x0D	keskeytysexceptionhandler0x0d	keskeytysexceptionhandler0x0d	existing-unreviewed		0
인터럽트예외처리기0x0E	keskeytysexceptionhandler0x0e	keskeytysexceptionhandler0x0e	existing-unreviewed		0
인터럽트예외처리기0x0F	keskeytysexceptionhandler0x0f	keskeytysexceptionhandler0x0f	existing-unreviewed		0
인터럽트예외처리기0x10	keskeytysexceptionhandler0x10	keskeytysexceptionhandler0x10	existing-unreviewed		0
인터럽트예외처리기0x11	keskeytysexceptionhandler0x11	keskeytysexceptionhandler0x11	existing-unreviewed		0
인터럽트예외처리기0x12	keskeytysexceptionhandler0x12	keskeytysexceptionhandler0x12	existing-unreviewed		0
인터럽트예외처리기0x13	keskeytysexceptionhandler0x13	keskeytysexceptionhandler0x13	existing-unreviewed		0
인터럽트요청처리0x00	keskeytysrequesthandler0x00	keskeytysrequesthandler0x00	existing-unreviewed		0
인터럽트요청처리0x01	keskeytysrequesthandler0x01	keskeytysrequesthandler0x01	existing-unreviewed		0
인터럽트요청처리0x02	keskeytysrequesthandler0x02	keskeytysrequesthandler0x02	existing-unreviewed		0
인터럽트요청처리0x03	keskeytysrequesthandler0x03	keskeytysrequesthandler0x03	existing-unreviewed		0
인터럽트요청처리0x04	keskeytysrequesthandler0x04	keskeytysrequesthandler0x04	existing-unreviewed		0
인터럽트요청처리0x05	keskeytysrequesthandler0x05	keskeytysrequesthandler0x05	existing-unreviewed		0
인터럽트요청처리0x06	keskeytysrequesthandler0x06	keskeytysrequesthandler0x06	existing-unreviewed		0
인터럽트요청처리0x07	keskeytysrequesthandler0x07	keskeytysrequesthandler0x07	existing-unreviewed		0
인터럽트요청처리0x08	keskeytysrequesthandler0x08	keskeytysrequesthandler0x08	existing-unreviewed		0
인터럽트요청처리0x09	keskeytysrequesthandler0x09	keskeytysrequesthandler0x09	existing-unreviewed		0
인터럽트요청처리0x0A	keskeytysrequesthandler0x0a	keskeytysrequesthandler0x0a	existing-unreviewed		0
인터럽트요청처리0x0B	keskeytysrequesthandler0x0b	keskeytysrequesthandler0x0b	existing-unreviewed		0
인터럽트요청처리0x0C	keskeytysrequesthandler0x0c	keskeytysrequesthandler0x0c	existing-unreviewed		0
인터럽트요청처리0x0D	keskeytysrequesthandler0x0d	keskeytysrequesthandler0x0d	existing-unreviewed		0
인터럽트요청처리0x0E	keskeytysrequesthandler0x0e	keskeytysrequesthandler0x0e	existing-unreviewed		0
인터럽트요청처리0x0F	keskeytysrequesthandler0x0f	keskeytysrequesthandler0x0f	existing-unreviewed		0
인터럽트요청처리0x80	keskeytysrequesthandler0x80	keskeytysrequesthandler0x80	existing-unreviewed		0
인터럽트요청처리0x81	keskeytysrequesthandler0x81	keskeytysrequesthandler0x81	existing-unreviewed		0
인터럽트요청처리0x82	keskeytysrequesthandler0x82	keskeytysrequesthandler0x82	existing-unreviewed		0
인터럽트처리기	keskeytyshandler_2	keskeytyshandler_2	existing-unreviewed		0
임시	temporary_2	temporary_2	existing-unreviewed		0
자료	data_2	data_2	existing-unreviewed		0
자신	itse_2	itse_2	existing-unreviewed		0
작업관리자	tehtävämanager_2	tehtävämanager_2	existing-unreviewed		0
작업콘솔	tehtäväKonsoli	tehtäväKonsoli	existing-unreviewed		0
조각설명자	segmentdescriptor	segmentdescriptor	existing-unreviewed		0
콘솔	konsoli_2	konsoli_2	existing-unreviewed		0
크기	koko_2	koko_2	existing-unreviewed		0
키보드콘솔	näppäimistöKonsoli	näppäimistöKonsoli	existing-unreviewed		0
표시들	liput_2	liput_2	existing-unreviewed		0
표시들_한도_높은	liputRajoitusKorkea	liputRajoitusKorkea	existing-unreviewed		0
한도	rajoitus_2	rajoitus_2	existing-unreviewed		0
한도_낮은	rajoitusMatala_2	rajoitusMatala_2	existing-unreviewed		0
