original	before	after	review_status	concept	changed_tokens
Activate	Активирај	Активирај	existing-unreviewed		0
ActivateAll	АктивирајСѐ	АктивирајСѐ	existing-unreviewed		0
Active	Активно	Активно	existing-unreviewed		0
ActiveInterruptManager	Активноinterruptmanager	Активноinterruptmanager	existing-unreviewed		0
ActiveMemoryManager	АктивноМеморијаmanager	АктивноМеморијаmanager	existing-unreviewed		0
Add	Додај	Додај	existing-unreviewed		0
AddDriver	Додајdriver	Додајdriver	existing-unreviewed		0
AddRunnableThread	Додајrunnablethread	Додајrunnablethread	existing-unreviewed		0
AddTask	Додајtask	Додајtask	existing-unreviewed		0
AddThread	Додајthread	Додајthread	existing-unreviewed		0
Address	Address	Address	existing-unreviewed		0
AlignedMalloc	Alignedmalloc	Alignedmalloc	existing-unreviewed		0
AlignmentCheck	Alignmentcheck	Alignmentcheck	existing-unreviewed		0
AllocateBlock	Allocateblock	Allocateblock	existing-unreviewed		0
AllocatePID	Allocatepid	Allocatepid	existing-unreviewed		0
AmountOfMemory	СуманаМеморија	СуманаМеморија	existing-unreviewed		0
ArrayToUint16	Построиtounsignedinteger16	Построиtounsignedinteger16	existing-unreviewed		0
ArrayToUint32	Построиtounsignedinteger32	Построиtounsignedinteger32	existing-unreviewed		0
ArrayToUint48	Построиtounsignedinteger48	Построиtounsignedinteger48	existing-unreviewed		0
ArrayToUint48_BE	Построиtounsignedinteger48be	Построиtounsignedinteger48be	existing-unreviewed		0
ArrayToUint64	Построиtounsignedinteger64	Построиtounsignedinteger64	existing-unreviewed		0
Atime	Atime	Atime	existing-unreviewed		0
AtimeNsec	Atimensec	Atimensec	existing-unreviewed		0
BLOCKS_PER_BYTE	Blockperbyte	Blockperbyte	existing-unreviewed		0
BLOCK_SIZE	BlockГолемина	BlockГолемина	existing-unreviewed		0
Backend	Backend	Backend	existing-unreviewed		0
BaseAddr	Baseaddress	Baseaddress	existing-unreviewed		0
Bind	Bind	Bind	existing-unreviewed		0
Blksize	Blksize	Blksize	existing-unreviewed		0
Blocked	Blocked	Blocked	existing-unreviewed		0
BlockedState	Blockedstate	Blockedstate	existing-unreviewed		0
Blocks	Block	Block	existing-unreviewed		0
BoundRangeExceeded	BoundОпсегexceeded	BoundОпсегexceeded	existing-unreviewed		0
BroadcastMacAddress	Broadcastmacaddress	Broadcastmacaddress	existing-unreviewed		0
BytesPerSector	Бајтиpersector	Бајтиpersector	existing-unreviewed		0
BytesToString	Бајтиtostring	Бајтиtostring	existing-unreviewed		0
Checksum	Checksum	Checksum	existing-unreviewed		0
Clear	Исчисти	Исчисти	existing-unreviewed		0
Clone	Clone	Clone	existing-unreviewed		0
CloneAddressSpaceCOW	Cloneaddressspacecow	Cloneaddressspacecow	existing-unreviewed		0
Connect	Врзисе	Врзисе	existing-unreviewed		0
ContainsCoordinate	Containscoordinate	Containscoordinate	existing-unreviewed		0
CopyPageFrameBlock	КопирајСтраницаРамкаblock	КопирајСтраницаРамкаblock	existing-unreviewed		0
CpuState	Cpustate	Cpustate	existing-unreviewed		0
Create	Create	Create	existing-unreviewed		0
CreateFromData	Createfromdata	Createfromdata	existing-unreviewed		0
CreateFromFunction	CreatefromФункција	CreatefromФункција	existing-unreviewed		0
CreatePtrFromFunction	CreateСтрелкаfromФункција	CreateСтрелкаfromФункција	existing-unreviewed		0
Cs	Cs	Cs	existing-unreviewed		0
Ctime	Ctime	Ctime	existing-unreviewed		0
CtimeNsec	Ctimensec	Ctimensec	existing-unreviewed		0
CurrentPID	Currentpid	Currentpid	existing-unreviewed		0
CurrentParentPID	Currentparentpid	Currentparentpid	existing-unreviewed		0
Data	Data	Data	compatibility		0
Deactivate	Деактивирај	Деактивирај	existing-unreviewed		0
Deactive	Deactive	Deactive	existing-unreviewed		0
Decrement	Decrement	Decrement	existing-unreviewed		0
Delete	Избриши	Избриши	existing-unreviewed		0
DescriptorPrivilegeLevel	Descriptorprivilegelevel	Descriptorprivilegelevel	existing-unreviewed		0
DescriptorType	DescriptorТип	DescriptorТип	existing-unreviewed		0
Destroy	Destroy	Destroy	existing-unreviewed		0
Dev	Уред	Уред	existing-unreviewed		0
DeviceHasFunctions	УредhasФункции	УредhasФункции	existing-unreviewed		0
DeviceNotAvailable	УредnotДостапно	УредnotДостапно	existing-unreviewed		0
Device_id	УредИд	УредИд	existing-unreviewed		0
DisableInt	Disableint	Disableint	existing-unreviewed		0
Disconnect	Одврзисе	Одврзисе	existing-unreviewed		0
DivideByZero	Dividebyzero	Dividebyzero	existing-unreviewed		0
DoHandleInterrupt	Dohandleinterrupt	Dohandleinterrupt	existing-unreviewed		0
DoubleFault	Doublefault	Doublefault	existing-unreviewed		0
Draw	Draw	Draw	existing-unreviewed		0
DriverManager	Drivermanager	Drivermanager	existing-unreviewed		0
Ds	Ds	Ds	existing-unreviewed		0
Dynamic	Dynamic	Dynamic	existing-unreviewed		0
E2BIG	E2big	E2big	existing-unreviewed		0
EACCES	Eacces	Eacces	existing-unreviewed		0
EADDRINUSE	Eaddrinuse	Eaddrinuse	existing-unreviewed		0
EAFNOSUPPORT	Eafnosupport	Eafnosupport	existing-unreviewed		0
EAGAIN	Eagain	Eagain	existing-unreviewed		0
EBADF	Ebadf	Ebadf	existing-unreviewed		0
EBUSY	Ebusy	Ebusy	existing-unreviewed		0
ECHILD	Echild	Echild	existing-unreviewed		0
EEXIST	Eexist	Eexist	existing-unreviewed		0
EFAULT	Efault	Efault	existing-unreviewed		0
EFBIG	Efbig	Efbig	existing-unreviewed		0
EINTR	Eintr	Eintr	existing-unreviewed		0
EINVAL	Einval	Einval	existing-unreviewed		0
EIO	Eio	Eio	existing-unreviewed		0
EISDIR	Eisdir	Eisdir	existing-unreviewed		0
EMFILE	Emfile	Emfile	existing-unreviewed		0
EMSGSIZE	Emsgsize	Emsgsize	existing-unreviewed		0
ENETUNREACH	Enetunreach	Enetunreach	existing-unreviewed		0
ENFILE	Enfile	Enfile	existing-unreviewed		0
ENODEV	Enodev	Enodev	existing-unreviewed		0
ENOENT	Enoent	Enoent	existing-unreviewed		0
ENOEXEC	Enoexec	Enoexec	existing-unreviewed		0
ENOMEM	Enomem	Enomem	existing-unreviewed		0
ENOSPC	Enospc	Enospc	existing-unreviewed		0
ENOSYS	Enosys	Enosys	existing-unreviewed		0
ENOTCONN	Enotconn	Enotconn	existing-unreviewed		0
ENOTDIR	Enotdir	Enotdir	existing-unreviewed		0
ENOTTY	Enotty	Enotty	existing-unreviewed		0
EOPNOTSUPP	Eopnotsupp	Eopnotsupp	existing-unreviewed		0
EPERM	Eperm	Eperm	existing-unreviewed		0
EPROTONOSUPPORT	Eprotonosupport	Eprotonosupport	existing-unreviewed		0
ERANGE	Erange	Erange	existing-unreviewed		0
EROFS	Erofs	Erofs	existing-unreviewed		0
ESPIPE	Espipe	Espipe	existing-unreviewed		0
ESRCH	Esrch	Esrch	existing-unreviewed		0
Eax	Eax	Eax	existing-unreviewed		0
Ebp	Ebp	Ebp	existing-unreviewed		0
Ebx	Ebx	Ebx	existing-unreviewed		0
Ecx	Ecx	Ecx	existing-unreviewed		0
Edi	Edi	Edi	existing-unreviewed		0
Edx	Edx	Edx	existing-unreviewed		0
Eflags	Eflags	Eflags	existing-unreviewed		0
Eip	Eip	Eip	existing-unreviewed		0
Elf	Elf	Elf	existing-unreviewed		0
Elf32Dyn	Elf32dyn	Elf32dyn	existing-unreviewed		0
Elf32Note	Elf32Белешка	Elf32Белешка	existing-unreviewed		0
Elf32Rel	Elf32rel	Elf32rel	existing-unreviewed		0
Elf32Rela	Elf32rela	Elf32rela	existing-unreviewed		0
Elf32Sym	Elf32sym	Elf32sym	existing-unreviewed		0
ElfHeader	Elfheader	Elfheader	existing-unreviewed		0
ElfProgramHeader	Elfпрограмаheader	Elfпрограмаheader	existing-unreviewed		0
ElfSectionHeader	Elfsectionheader	Elfsectionheader	existing-unreviewed		0
EnablePaging	Enablepaging	Enablepaging	existing-unreviewed		0
Enabled	Овозможено	Овозможено	existing-unreviewed		0
EntryNumber	Entrynumber	Entrynumber	existing-unreviewed		0
EqualBytes	Equalбајти	Equalбајти	existing-unreviewed		0
Es	Es	Es	existing-unreviewed		0
Esi	Esi	Esi	existing-unreviewed		0
Esp	Esp	Esp	existing-unreviewed		0
FPUBuffer	Fpubuffer	Fpubuffer	existing-unreviewed		0
FPUOffset	Fpuoffset	Fpuoffset	existing-unreviewed		0
Family	Family	Family	existing-unreviewed		0
FileName	ДатотекаИме	ДатотекаИме	existing-unreviewed		0
Fill	Fill	Fill	existing-unreviewed		0
FillRectangle	FillПравоаголник	FillПравоаголник	existing-unreviewed		0
First	First	First	existing-unreviewed		0
FirstFree	FirstСлободни	FirstСлободни	existing-unreviewed		0
FirstFreeSize	FirstСлободниГолемина	FirstСлободниГолемина	existing-unreviewed		0
Flags	Атрибути	Атрибути	existing-unreviewed		0
FloatingPointException	Floatingpointexception	Floatingpointexception	existing-unreviewed		0
Flush	Flush	Flush	existing-unreviewed		0
FlushTlsTable	FlushtlsТабела	FlushtlsТабела	existing-unreviewed		0
Focussable	Focussable	Focussable	existing-unreviewed		0
Free	Слободни	Слободни	existing-unreviewed		0
Fs	Fs	Fs	existing-unreviewed		0
GB	Gb	Gb	existing-unreviewed		0
GDT_ENTRIES	Gdtentry	Gdtentry	existing-unreviewed		0
GOT	Got	Got	existing-unreviewed		0
GPFException	Gpfexception	Gpfexception	existing-unreviewed		0
GatewayIP	Gatewayip	Gatewayip	existing-unreviewed		0
GdtAddressHigh	Gdtaddresshigh	Gdtaddresshigh	existing-unreviewed		0
GdtAddressLow	Gdtaddresslow	Gdtaddresslow	existing-unreviewed		0
GdtDescriptor	Gdtdescriptor	Gdtdescriptor	existing-unreviewed		0
GdtEntry	Gdtentry_2	Gdtentry_2	existing-unreviewed		0
GdtSize	GdtГолемина	GdtГолемина	existing-unreviewed		0
GetAt	Getat	Getat	existing-unreviewed		0
GetBackend	Getbackend	Getbackend	existing-unreviewed		0
GetBaseAddressRegister	Getbaseaddressregister	Getbaseaddressregister	existing-unreviewed		0
GetBitmaspSize	GetbitmaspГолемина	GetbitmaspГолемина	existing-unreviewed		0
GetBytesFromPtr	GetбајтиfromСтрелка	GetбајтиfromСтрелка	existing-unreviewed		0
GetCR0	Getcr0	Getcr0	existing-unreviewed		0
GetCR2	Getcr2	Getcr2	existing-unreviewed		0
GetCR3	Getcr3	Getcr3	existing-unreviewed		0
GetCR4	Getcr4	Getcr4	existing-unreviewed		0
GetColorIndex	GetБојаИндекс	GetБојаИндекс	existing-unreviewed		0
GetDeviceDescriptor	GetУредdescriptor	GetУредdescriptor	existing-unreviewed		0
GetDriver	Getdriver	Getdriver	existing-unreviewed		0
GetESP0	Getesp0	Getesp0	existing-unreviewed		0
GetEntry	Getentry	Getentry	existing-unreviewed		0
GetFileSize	GetДатотекаГолемина	GetДатотекаГолемина	existing-unreviewed		0
GetFocus	Getfocus	Getfocus	existing-unreviewed		0
GetFrameBufferSegment	GetРамкаbuffersegment	GetРамкаbuffersegment	existing-unreviewed		0
GetFuncPtrFromPtr	GetfuncСтрелкаfromСтрелка	GetfuncСтрелкаfromСтрелка	existing-unreviewed		0
GetFunctionName	GetФункцијаИме	GetФункцијаИме	existing-unreviewed		0
GetHandler	Gethandler	Gethandler	existing-unreviewed		0
GetIPAddress	Getipaddress	Getipaddress	existing-unreviewed		0
GetMACAddress	Getmacaddress	Getmacaddress	existing-unreviewed		0
GetMACFromCache	Getmacfromcache	Getmacfromcache	existing-unreviewed		0
GetNextReadyThread	GetСледнаПодготвеноthread	GetСледнаПодготвеноthread	existing-unreviewed		0
GetNodeAt	Getnodeat	Getnodeat	existing-unreviewed		0
GetProvider	Providerget	Providerget	existing-unreviewed		0
GetSS0	Getss0	Getss0	existing-unreviewed		0
GetStr	Getstr	Getstr	existing-unreviewed		0
GetUint32ArrayFromPtr	Getunsignedinteger32ПостроиfromСтрелка	Getunsignedinteger32ПостроиfromСтрелка	existing-unreviewed		0
GetUintptrArrayFromPtr	GetunsignedintegerСтрелкаПостроиfromСтрелка	GetunsignedintegerСтрелкаПостроиfromСтрелка	existing-unreviewed		0
GetValue	GetВредност	GetВредност	existing-unreviewed		0
GetValueInPageDir	GetВредноствоСтраницаДиректориум	GetВредноствоСтраницаДиректориум	existing-unreviewed		0
Gid	Gid	Gid	existing-unreviewed		0
Gs	Gs	Gs	existing-unreviewed		0
HandleException	Handleexception	Handleexception	existing-unreviewed		0
HandleFatalInterruptFrame	HandlefatalinterruptРамка	HandlefatalinterruptРамка	existing-unreviewed		0
HandleInterrupt	Handleinterrupt	Handleinterrupt	existing-unreviewed		0
HandleInterrupt1	Handleinterrupt1	Handleinterrupt1	existing-unreviewed		0
HandleUserDatagramProtocolMessage	HandleКорисникdatagramprotocolПорака	HandleКорисникdatagramprotocolПорака	existing-unreviewed		0
IDT_DESC_PRESENT	Idtdescriptorpresent	Idtdescriptorpresent	existing-unreviewed		0
IDT_INTERRUPT_GATE	Idtinterruptgate	Idtinterruptgate	existing-unreviewed		0
IDriver	IDriver	IDriver	existing-unreviewed		0
IEtherFrameHandler	IЕтернетРамкаhandler	IЕтернетРамкаhandler	existing-unreviewed		0
IInternetProtocolHandler	IИнтернетprotocolhandler	IИнтернетprotocolhandler	existing-unreviewed		0
IInterruptHandler	IInterrupthandler	IInterrupthandler	existing-unreviewed		0
IKeyboardEventHandler	IТастатураeventhandler	IТастатураeventhandler	existing-unreviewed		0
IMouseEventHandler	IГлушецeventhandler	IГлушецeventhandler	existing-unreviewed		0
IPCIControllerHandler	Ipcicontrollerhandler	Ipcicontrollerhandler	existing-unreviewed		0
IPCache	Ipcache	Ipcache	existing-unreviewed		0
IP_BE	IpМрежаbyteorder	IpМрежаbyteorder	existing-unreviewed		0
IRawDataHandler	IRawdatahandler	IRawdatahandler	existing-unreviewed		0
ITimerEventHandler	ITimereventhandler	ITimereventhandler	existing-unreviewed		0
IUserDatagramProtocolHandler	IКорисникdatagramprotocolhandler	IКорисникdatagramprotocolhandler	existing-unreviewed		0
IUserDatagramProtocolSocket	IКорисникdatagramprotocolsocket	IКорисникdatagramprotocolsocket	existing-unreviewed		0
IWidget	IWidget	IWidget	pending-language-review	widget	0
Identify	Identify	Identify	existing-unreviewed		0
Increment	Increment	Increment	existing-unreviewed		0
IndexOf	Индексна	Индексна	existing-unreviewed		0
Init	Init	Init	existing-unreviewed		0
InitDriver	Initdriver	Initdriver	existing-unreviewed		0
InitialThreadUserJump	InitialthreadКорисникjump	InitialthreadКорисникjump	existing-unreviewed		0
Ino	Ino	Ino	existing-unreviewed		0
Install	Инсталирај	Инсталирај	existing-unreviewed		0
Interrupt	Interrupt	Interrupt	existing-unreviewed		0
InterruptActive	Interruptактивно	Interruptактивно	existing-unreviewed		0
InterruptDeactive	Interruptdeactive	Interruptdeactive	existing-unreviewed		0
InterruptManager	Interruptmanager	Interruptmanager	existing-unreviewed		0
InterruptNumber	Interruptnumber	Interruptnumber	existing-unreviewed		0
InvalidOpcode	Невалидноopcode	Невалидноopcode	existing-unreviewed		0
InvalidTSS	Невалидноtss	Невалидноtss	existing-unreviewed		0
IsKernel	Iskernel	Iskernel	existing-unreviewed		0
IsPresent	Ispresent	Ispresent	existing-unreviewed		0
IsUserSpace	IsКорисникspace	IsКорисникspace	existing-unreviewed		0
KB	Kb	Kb	existing-unreviewed		0
KCS_INDEX	KcsИндекс	KcsИндекс	existing-unreviewed		0
KCS_SELECTOR	Kcsselector	Kcsselector	existing-unreviewed		0
KDS_INDEX	KdsИндекс	KdsИндекс	existing-unreviewed		0
KDS_SELECTOR	Kdsselector	Kdsselector	existing-unreviewed		0
KERNEL_HEAP_START	KernelheapПушти	KernelheapПушти	existing-unreviewed		0
KERNEL_VIRT_ADDR	Kernelvirtaddress	Kernelvirtaddress	existing-unreviewed		0
KGS_INDEX	KgsИндекс	KgsИндекс	existing-unreviewed		0
KGS_SELECTOR	Kgsselector	Kgsselector	existing-unreviewed		0
K핵심	KKernelEntry	KKernelEntry	compatibility		0
LIDT	Lidt	Lidt	existing-unreviewed		0
Last	Последно	Последно	existing-unreviewed		0
Len	Len	Len	compatibility		0
Limit	Limit	Limit	existing-unreviewed		0
Link	Врска	Врска	existing-unreviewed		0
LinkMap	Врскаmap	Врскаmap	existing-unreviewed		0
LinkedList	LinkedЛиста	LinkedЛиста	existing-unreviewed		0
Listen	Listen	Listen	existing-unreviewed		0
LoadElf	Искористеностelf	Искористеностelf	existing-unreviewed		0
MAC	Mac	Mac	existing-unreviewed		0
MAC0	Mac0	Mac0	existing-unreviewed		0
MAC1	Mac1	Mac1	existing-unreviewed		0
MAC2	Mac2	Mac2	existing-unreviewed		0
MAC3	Mac3	Mac3	existing-unreviewed		0
MAC4	Mac4	Mac4	existing-unreviewed		0
MAC5	Mac5	Mac5	existing-unreviewed		0
MACAddress0Port	Macaddress0Порта	Macaddress0Порта	existing-unreviewed		0
MACAddress2Port	Macaddress2Порта	Macaddress2Порта	existing-unreviewed		0
MACAddress4Port	Macaddress4Порта	Macaddress4Порта	existing-unreviewed		0
MACCache	Maccache	Maccache	existing-unreviewed		0
MAX_QUEUE_SIZE	MaxqueueГолемина	MaxqueueГолемина	existing-unreviewed		0
MB	Mb	Mb	existing-unreviewed		0
MBR	Mbr	Mbr	existing-unreviewed		0
MHex출력	MHexadecimalПечати	MHexadecimalПечати	existing-unreviewed		0
MHex출력XY	MHexadecimalПечатиxy	MHexadecimalПечатиxy	existing-unreviewed		0
MUint16출력	MUnsignedinteger16Печати	MUnsignedinteger16Печати	existing-unreviewed		0
MUint16출력XY	MUnsignedinteger16Печатиxy	MUnsignedinteger16Печатиxy	existing-unreviewed		0
MUint32출력	MUnsignedinteger32Печати	MUnsignedinteger32Печати	existing-unreviewed		0
MUint32출력XY	MUnsignedinteger32Печатиxy	MUnsignedinteger32Печатиxy	existing-unreviewed		0
MUint64출력	MUnsignedinteger64Печати	MUnsignedinteger64Печати	existing-unreviewed		0
MUint64출력XY	MUnsignedinteger64Печатиxy	MUnsignedinteger64Печатиxy	existing-unreviewed		0
Machine	Machine	Machine	existing-unreviewed		0
MachineCheck	Machinecheck	Machinecheck	existing-unreviewed		0
MakeRangePrivateWritable	MakeОпсегПриватноwritable	MakeОпсегПриватноwritable	existing-unreviewed		0
Malloc	Malloc	Malloc	pending-language-review	allocate_memory	0
MemCmp	Memcmp	Memcmp	existing-unreviewed		0
MemCpy	MemКопирај	MemКопирај	existing-unreviewed		0
MemMove	MemПомести	MemПомести	existing-unreviewed		0
MemSet	Memпостави	Memпостави	existing-unreviewed		0
MemoryOper	Меморијаoper	Меморијаoper	existing-unreviewed		0
Mode	Режим	Режим	existing-unreviewed		0
ModelToScreen	ModeltoЕкран	Set_local_coordinates	pending-language-review	set_coordinates	5
Mtime	Mtime	Mtime	existing-unreviewed		0
MtimeNsec	Mtimensec	Mtimensec	existing-unreviewed		0
MyHandleInterrupt	Myhandleinterrupt	Myhandleinterrupt	existing-unreviewed		0
MyTest	Mytest	Mytest	existing-unreviewed		0
M긴급로그Hex8	MEmergencyloghexadecimal8	MEmergencyloghexadecimal8	existing-unreviewed		0
M긴급로그Uint32	MEmergencylogunsignedinteger32	MEmergencylogunsignedinteger32	existing-unreviewed		0
M긴급로그문자열	MEmergencylogstring	MEmergencylogstring	existing-unreviewed		0
M직렬로그초기화	MSerialloginit	MSerialloginit	existing-unreviewed		0
M출력	MПечати	MПечати	existing-unreviewed		0
M출력BytesXY	MПечатибајтиxy	MПечатибајтиxy	existing-unreviewed		0
M출력Hex	MПечатиhexadecimal	MПечатиhexadecimal	existing-unreviewed		0
M출력Uint16	MПечатиunsignedinteger16	MПечатиunsignedinteger16	existing-unreviewed		0
M출력Uint32	MПечатиunsignedinteger32	MПечатиunsignedinteger32	existing-unreviewed		0
M출력XY	MПечатиxy	MПечатиxy	existing-unreviewed		0
M테스트	M테스트	M테스트	existing-unreviewed		0
NMI	Nmi	Nmi	existing-unreviewed		0
New	Нов	Нов	existing-unreviewed		0
NewInterruptHandler	Новinterrupthandler	Новinterrupthandler	existing-unreviewed		0
Next	Следна	Следна	existing-unreviewed		0
Nlink	Nlink	Nlink	existing-unreviewed		0
Node	Node	Node	pending-language-review	list_node	0
Nodename	Nodename	Nodename	existing-unreviewed		0
OnEtherFrameReceived	ЕтернетРамкаreceivewhen	ЕтернетРамкаreceivewhen	existing-unreviewed		0
OnGetDriver	Вклученоgetdriver	Вклученоgetdriver	existing-unreviewed		0
OnInternetProtocolReceived	Интернетprotocolreceivewhen	Интернетprotocolreceivewhen	existing-unreviewed		0
OnKeyDown	ВклученоkeyДолу	ВклученоkeyДолу	existing-unreviewed		0
OnKeyUp	ВклученоkeyГоре	ВклученоkeyГоре	existing-unreviewed		0
OnMouseDown	ВклученоГлушецДолу	ВклученоГлушецДолу	existing-unreviewed		0
OnMouseMove	ВклученоГлушецПомести	ВклученоГлушецПомести	existing-unreviewed		0
OnMouseUp	ВклученоГлушецГоре	ВклученоГлушецГоре	existing-unreviewed		0
OnRawDataReceived	Вклученоrawdatareceive	Вклученоrawdatareceive	existing-unreviewed		0
OnTick	Вклученоtick	Вклученоtick	existing-unreviewed		0
Overflow	Overflow	Overflow	existing-unreviewed		0
P1LinkMap	PВредност1Врскаmap	PВредност1Врскаmap	existing-unreviewed		0
P2LinkMap	PВредност2Врскаmap	PВредност2Врскаmap	existing-unreviewed		0
P3LinkMap	PВредност3Врскаmap	PВредност3Врскаmap	existing-unreviewed		0
PAGE_COW	Страницаcow	Страницаcow	existing-unreviewed		0
PAGE_FRAME	СтраницаРамка	СтраницаРамка	existing-unreviewed		0
PAGE_PRESENT	Страницаpresent	Страницаpresent	existing-unreviewed		0
PAGE_USER	СтраницаКорисник	СтраницаКорисник	existing-unreviewed		0
PAGE_WRITABLE	Страницаwritable	Страницаwritable	existing-unreviewed		0
PAUSE_LOOP	Pauseloop	Pauseloop	existing-unreviewed		0
PICMasterCommandPort	PrimarypicКомандаioПорта	PrimarypicКомандаioПорта	existing-unreviewed		0
PICMasterDataPort	PrimarypicdataioПорта	PrimarypicdataioПорта	existing-unreviewed		0
PICSlaveCommandPort	SecondarypicКомандаioПорта	SecondarypicКомандаioПорта	existing-unreviewed		0
PICSlaveDataPort	SecondarypicdataioПорта	SecondarypicdataioПорта	existing-unreviewed		0
PRESENT	Present	Present	existing-unreviewed		0
PRIV_KERNEL	Privkernel	Privkernel	existing-unreviewed		0
PRIV_USER	PrivКорисник	PrivКорисник	existing-unreviewed		0
PROC_USER_HEAP_SIZE	ProcКорисникheapГолемина	ProcКорисникheapГолемина	existing-unreviewed		0
PageDirEntry	СтраницаДиректориумentry	СтраницаДиректориумentry	existing-unreviewed		0
PageDirectoryEntry	СтраницаДиректориумentry_2	СтраницаДиректориумentry_2	existing-unreviewed		0
PageFault	Страницаfault	Страницаfault	existing-unreviewed		0
PageFaultException	Страницаfaultexception	Страницаfaultexception	existing-unreviewed		0
PageRoundDown	СтраницаЗаокружиДолу	СтраницаЗаокружиДолу	existing-unreviewed		0
PageRoundUp	СтраницаЗаокружиГоре	СтраницаЗаокружиГоре	existing-unreviewed		0
PageTableEntry	СтраницаТабелаentry	СтраницаТабелаentry	existing-unreviewed		0
Paging	Paging	Paging	existing-unreviewed		0
ParentPid	Parentpid	Parentpid	existing-unreviewed		0
Parse	Parse	Parse	existing-unreviewed		0
Partition_id	PartitionИд	PartitionИд	existing-unreviewed		0
PhyMemTest	Phymemtest	Phymemtest	existing-unreviewed		0
PhysicalMemoryManager	PhysicalМеморијаmanager	PhysicalМеморијаmanager	existing-unreviewed		0
Pid	Pid	Pid	existing-unreviewed		0
Port	Порта	Порта	existing-unreviewed		0
PortBase	Портаbase	Портаbase	existing-unreviewed		0
PortInByte	Портавоbyte	Портавоbyte	existing-unreviewed		0
PortInDword	Портавоdword	Портавоdword	existing-unreviewed		0
PortInWord	Портавозбор	Портавозбор	existing-unreviewed		0
PortOutByte	ПортаНамалиbyte	ПортаНамалиbyte	existing-unreviewed		0
PortOutDword	ПортаНамалиdword	ПортаНамалиdword	existing-unreviewed		0
PortOutWord	ПортаНамализбор	ПортаНамализбор	existing-unreviewed		0
PortReadByte	ПортаЧитајbyte	ПортаЧитајbyte	existing-unreviewed		0
PortReadDword	ПортаЧитајdword	ПортаЧитајdword	existing-unreviewed		0
PortReadWord	ПортаЧитајзбор	ПортаЧитајзбор	existing-unreviewed		0
PortWriteByte	ПортаЗапишиbyte	ПортаЗапишиbyte	existing-unreviewed		0
PortWriteDword	ПортаЗапишиdword	ПортаЗапишиdword	existing-unreviewed		0
PortWriteWord	ПортаЗапишизбор	ПортаЗапишизбор	existing-unreviewed		0
Prev	Previous	Previous	existing-unreviewed		0
PrevTSS	Previoustss	Previoustss	existing-unreviewed		0
PrimaryPartition	Primarypartition	Primarypartition	existing-unreviewed		0
Print	Печати	Печати	existing-unreviewed		0
PrintBytes	Печатибајти	Печатибајти	existing-unreviewed		0
PrintStr	Печатиstr	Печатиstr	existing-unreviewed		0
PrintTLS	Печатиtls	Печатиtls	existing-unreviewed		0
PrintTest	Печатиtest	Печатиtest	existing-unreviewed		0
Process	Процес	Процес	existing-unreviewed		0
ProcessHelper	Процесhelper	Процесhelper	existing-unreviewed		0
ProcessPendingKeyboardEvents	ПроцесpendingТастатураevents	ПроцесpendingТастатураevents	existing-unreviewed		0
ProcessPendingMouseEvents	ПроцесpendingГлушецevents	ПроцесpendingГлушецevents	existing-unreviewed		0
PushAt	Pushat	Insert_at_index	pending-language-review	insert_at	1
PushBack	PushНазад	Append_to_list	pending-language-review	append	12
PushFront	Pushfront	Prepend_to_list	pending-language-review	prepend	5
PutPixel	Putpixel	Putpixel	existing-unreviewed		0
PutPixelRGB	Putpixelrgb	Putpixelrgb	existing-unreviewed		0
QUEUE_START_ADDR	QueueПуштиaddress	QueueПуштиaddress	existing-unreviewed		0
Rdev	Rdev	Rdev	existing-unreviewed		0
Read	Читај	Читај	existing-unreviewed		0
Read28	Читај28	Читај28	existing-unreviewed		0
ReadFile	ЧитајДатотека	ЧитајДатотека	pending-language-review	file_read	0
ReadPartitions	Читајpartition	Читајpartition	existing-unreviewed		0
Ready	Подготвено	Подготвено	existing-unreviewed		0
Receive	Receive	Receive	existing-unreviewed		0
Ref	Reference	Reference	existing-unreviewed		0
Release	Release	Release	existing-unreviewed		0
ReloadCR3	Освежиcr3	Освежиcr3	existing-unreviewed		0
Remove	Отстрани	Отстрани	existing-unreviewed		0
RemoveAt	Отстраниat	Отстраниat	existing-unreviewed		0
RemoveThread	Отстраниthread	Отстраниthread	existing-unreviewed		0
RemoveThreadAt	Отстраниthreadat	Отстраниthreadat	existing-unreviewed		0
RequestMacAddress	Requestmacaddress	Requestmacaddress	existing-unreviewed		0
Reset	Ресетирај	Ресетирај	existing-unreviewed		0
Resolve	Resolve	Resolve	existing-unreviewed		0
ResolveCopyOnWriteFault	ResolveКопирајВклученоЗапишиfault	ResolveКопирајВклученоЗапишиfault	existing-unreviewed		0
SCHEDULER_FREQUENCY	Schedulerfrequency	Schedulerfrequency	existing-unreviewed		0
SEG_BIG_MODE	SegbigРежим	SegbigРежим	existing-unreviewed		0
SEG_EXEC	SegИзвршна	SegИзвршна	existing-unreviewed		0
SEG_GRAN_4K_PAGE	Seggran4kСтраница	Seggran4kСтраница	existing-unreviewed		0
SEG_GRAN_BYTE	Seggranbyte	Seggranbyte	existing-unreviewed		0
SEG_KERNEL_CODE	Segkernelcode	Segkernelcode	existing-unreviewed		0
SEG_KERNEL_DATA	Segkerneldata	Segkerneldata	existing-unreviewed		0
SEG_KERNEL_GS	Segkernelgs	Segkernelgs	existing-unreviewed		0
SEG_NOEXEC	Segnoexec	Segnoexec	existing-unreviewed		0
SEG_NORMAL	SegНормално	SegНормално	existing-unreviewed		0
SEG_NORW	Segnorw	Segnorw	existing-unreviewed		0
SEG_R	Segr	Segr	existing-unreviewed		0
SEG_SYSTEM	SegСистем	SegСистем	existing-unreviewed		0
SEG_TASK_STATE	Segtaskstate	Segtaskstate	existing-unreviewed		0
SEG_USER_CODE	SegКорисникcode	SegКорисникcode	existing-unreviewed		0
SEG_USER_DATA	SegКорисникdata	SegКорисникdata	existing-unreviewed		0
SEG_USER_GS	SegКорисникgs	SegКорисникgs	existing-unreviewed		0
SEG_W	Segw	Segw	existing-unreviewed		0
SIMDFloatingPointException	Simdfloatingpointexception	Simdfloatingpointexception	existing-unreviewed		0
SIZE	Големина	Големина	existing-unreviewed		0
SYS_ACCESS	Sysпристап	Sysпристап	existing-unreviewed		0
SYS_BRK	Sysbrk	Sysbrk	existing-unreviewed		0
SYS_CHDIR	Syschdir	Syschdir	existing-unreviewed		0
SYS_CLOSE	SysЗатвори	SysЗатвори	existing-unreviewed		0
SYS_CREAT	Syscreat	Syscreat	existing-unreviewed		0
SYS_DUP	Sysdup	Sysdup	existing-unreviewed		0
SYS_DUP2	Sysdup2	Sysdup2	existing-unreviewed		0
SYS_EXECVE	Sysexecve	Sysexecve	existing-unreviewed		0
SYS_EXIT	SysИзлез	SysИзлез	existing-unreviewed		0
SYS_FCNTL	Sysfcntl	Sysfcntl	existing-unreviewed		0
SYS_FORK	Sysfork	Sysfork	existing-unreviewed		0
SYS_FSTAT	Sysfstat	Sysfstat	existing-unreviewed		0
SYS_FSYNC	Sysfsync	Sysfsync	existing-unreviewed		0
SYS_GETCWD	Sysgetcwd	Sysgetcwd	existing-unreviewed		0
SYS_GETEGID	Sysgetegid	Sysgetegid	existing-unreviewed		0
SYS_GETEUID	Sysgeteuid	Sysgeteuid	existing-unreviewed		0
SYS_GETGID	Sysgetgid	Sysgetgid	existing-unreviewed		0
SYS_GETPID	Sysgetpid	Sysgetpid	existing-unreviewed		0
SYS_GETPPID	Sysgetppid	Sysgetppid	existing-unreviewed		0
SYS_GETUID	Sysgetuid	Sysgetuid	existing-unreviewed		0
SYS_LSEEK	Syslseek	Syslseek	existing-unreviewed		0
SYS_LSTAT	Syslstat	Syslstat	existing-unreviewed		0
SYS_OPEN	SysОтвори	SysОтвори	existing-unreviewed		0
SYS_READ	SysЧитај	SysЧитај	existing-unreviewed		0
SYS_RT_EXIT	SysrtИзлез	SysrtИзлез	existing-unreviewed		0
SYS_SOCKETCALL	Syssocketcall	Syssocketcall	existing-unreviewed		0
SYS_STAT	Sysstat	Sysstat	existing-unreviewed		0
SYS_SYNC	Syssync	Syssync	existing-unreviewed		0
SYS_UNAME	Sysuname	Sysuname	existing-unreviewed		0
SYS_WAITPID	Syswaitpid	Syswaitpid	existing-unreviewed		0
SYS_WRITE	SysЗапиши	SysЗапиши	existing-unreviewed		0
Schedule	Schedule	Schedule	existing-unreviewed		0
Scheduler	Scheduler	Scheduler	existing-unreviewed		0
SchedulerData	Schedulerdata	Schedulerdata	existing-unreviewed		0
SegmentNotPresent	Segmentnotpresent	Segmentnotpresent	existing-unreviewed		0
SelectDrivers	Selectdriver	Selectdriver	existing-unreviewed		0
Send	Испрати	Испрати	existing-unreviewed		0
SendEchoRequest	EchorequestИспрати	EchorequestИспрати	existing-unreviewed		0
SendFrame	РамкаИспрати	РамкаИспрати	existing-unreviewed		0
SerialInit	Serialinit	Serialinit	existing-unreviewed		0
SerialWriteByte	SerialЗапишиbyte	SerialЗапишиbyte	existing-unreviewed		0
SetBackend	Поставиbackend	Поставиbackend	existing-unreviewed		0
SetBit	Поставиbit	Поставиbit	existing-unreviewed		0
SetBlockInPageDir	ПоставиblockвоСтраницаДиректориум	ПоставиblockвоСтраницаДиректориум	existing-unreviewed		0
SetBuffer	Поставиbuffer	Поставиbuffer	existing-unreviewed		0
SetByteAtAddr	Поставиbyteataddress	Поставиbyteataddress	existing-unreviewed		0
SetByteInPageDir	ПоставиbyteвоСтраницаДиректориум	ПоставиbyteвоСтраницаДиректориум	existing-unreviewed		0
SetCR3	Поставиcr3	Поставиcr3	existing-unreviewed		0
SetColor	ПоставиБоја	ПоставиБоја	existing-unreviewed		0
SetDescriptor	Поставиdescriptor	Поставиdescriptor	existing-unreviewed		0
SetHandleInterruptFuction	Поставиhandleinterruptfuction	Поставиhandleinterruptfuction	existing-unreviewed		0
SetHandler	Поставиhandler	Поставиhandler	existing-unreviewed		0
SetIPAddress	Поставиipaddress	Поставиipaddress	existing-unreviewed		0
SetInterruptDescriptorTableEntry	InterruptdescriptorТабелаentryпостави	InterruptdescriptorТабелаentryпостави	existing-unreviewed		0
SetInterruptManager	Поставиinterruptmanager	Поставиinterruptmanager	existing-unreviewed		0
SetInterruptNumber	Поставиinterruptnumber	Поставиinterruptnumber	existing-unreviewed		0
SetMode	ПоставиРежим	ПоставиРежим	existing-unreviewed		0
SetNodeAt	Поставиnodeat	Поставиnodeat	existing-unreviewed		0
SetStack	Поставиstack	Поставиstack	existing-unreviewed		0
SetTlsSegment	Поставиtlssegment	Поставиtlssegment	existing-unreviewed		0
SetUint32AtAddr	Поставиunsignedinteger32ataddress	Поставиunsignedinteger32ataddress	existing-unreviewed		0
SetUint32InPageDir	Поставиunsignedinteger32воСтраницаДиректориум	Поставиunsignedinteger32воСтраницаДиректориум	existing-unreviewed		0
SetUint8AtAddr	Поставиunsignedinteger8ataddress	Поставиunsignedinteger8ataddress	existing-unreviewed		0
SharedMemoryRegion	SharedМеморијаregion	SharedМеморијаregion	existing-unreviewed		0
Size	Големина_2	Големина_2	existing-unreviewed		0
Spawn	Spawn	Spawn	existing-unreviewed		0
Ss	Ss	Ss	existing-unreviewed		0
Stack	Stack	Stack	existing-unreviewed		0
StackSegmentFault	Stacksegmentfault	Stacksegmentfault	existing-unreviewed		0
Start_lba	Пуштиlba	Пуштиlba	existing-unreviewed		0
Started	Работи	Работи	existing-unreviewed		0
StdinPutByte	Stdinputbyte	Stdinputbyte	existing-unreviewed		0
StopCurrentThread	Стопcurrentthread	Стопcurrentthread	existing-unreviewed		0
Stopped	Стопирано	Стопирано	existing-unreviewed		0
SubnetMask	SubnetМаска	SubnetМаска	existing-unreviewed		0
SupportMode	SupportРежим	SupportРежим	existing-unreviewed		0
Sys_brk	Sysbrk_2	Sysbrk_2	existing-unreviewed		0
Sys_close	SysЗатвори_2	SysЗатвори_2	existing-unreviewed		0
Sys_exit	SysИзлез_2	SysИзлез_2	existing-unreviewed		0
Sys_getpid	Sysgetpid_2	Sysgetpid_2	existing-unreviewed		0
Sys_mousemove	Sysmousemove	Sysmousemove	existing-unreviewed		0
Sys_open	SysОтвори_2	SysОтвори_2	existing-unreviewed		0
Sys_printStr	SysПечатиstr	SysПечатиstr	existing-unreviewed		0
Sys_printUint32	SysПечатиunsignedinteger32	SysПечатиunsignedinteger32	existing-unreviewed		0
Sys_printf	Sysprintf	Sysprintf	existing-unreviewed		0
Sys_read	SysЧитај_2	SysЧитај_2	existing-unreviewed		0
Syscall	Syscall	Syscall	existing-unreviewed		0
Sysname	Sysname	Sysname	existing-unreviewed		0
TARPEtherFrameHandler	ArpЕтернетРамкаhandler	ArpЕтернетРамкаhandler	existing-unreviewed		0
TARPMessage	ArpПорака	ArpПорака	existing-unreviewed		0
TARPMessageBuffer	ArpПоракаbuffer	ArpПоракаbuffer	existing-unreviewed		0
TARPProvider	Arpprovider	Arpprovider	existing-unreviewed		0
TAdvancedTechnologyAttachment	TНапредноtechnologyattachment	TНапредноtechnologyattachment	existing-unreviewed		0
TArray	TПострои	TПострои	existing-unreviewed		0
TBaseAddressRegister	TBaseaddressregister	TBaseaddressregister	existing-unreviewed		0
TBiosParameterBlock32	TBiosparameterblock32	TBiosparameterblock32	pending-language-review	fat_parameters	0
TBufferDescriptor	TBufferdescriptor	TBufferdescriptor	existing-unreviewed		0
TCOWFrameManager	TcowРамкаmanager	TcowРамкаmanager	existing-unreviewed		0
TCPUState	Tcpustate	Tcpustate	existing-unreviewed		0
TDefaultKeyboardEventHandler	TСтандардноТастатураeventhandler	TСтандардноТастатураeventhandler	existing-unreviewed		0
TDefaultMouseEventHandler	TСтандардноГлушецeventhandler	TСтандардноГлушецeventhandler	existing-unreviewed		0
TDefaultPCIControllerHandler	TСтандардноpcicontrollerhandler	TСтандардноpcicontrollerhandler	existing-unreviewed		0
TDefaultTimerEventHandler	TСтандардноtimereventhandler	TСтандардноtimereventhandler	existing-unreviewed		0
TDirectoryEntryFat32	TДиректориумentryfat32	TДиректориумentryfat32	existing-unreviewed		0
TDriverManager	TDrivermanager	TDrivermanager	existing-unreviewed		0
TEtherFrameHandler	TЕтернетРамкаhandler	TЕтернетРамкаhandler	existing-unreviewed		0
TEtherFrameHeader	TЕтернетРамкаheader	TЕтернетРамкаheader	pending-language-review	ethernet_header	0
TEtherFrameHeaderBuffer	TЕтернетРамкаheaderbuffer	TЕтернетРамкаheaderbuffer	existing-unreviewed		0
TEtherFrameProvider	TЕтернетРамкаprovider	TЕтернетРамкаprovider	pending-language-review	ethernet_provider	0
TEtherFrameRawDataHandler	TЕтернетРамкаrawdatahandler	TЕтернетРамкаrawdatahandler	existing-unreviewed		0
TGateDescriptor	TGatedescriptor	TGatedescriptor	existing-unreviewed		0
THREAD_STACK_SIZE	ThreadstackГолемина	ThreadstackГолемина	existing-unreviewed		0
TICMPHandler	Icmphandler	Icmphandler	existing-unreviewed		0
TIPEtherFrameHandler	IpЕтернетРамкаhandler	IpЕтернетРамкаhandler	existing-unreviewed		0
TInitializationBlock	TInitializationblock	TInitializationblock	existing-unreviewed		0
TInternetControlMessageProtocol	TИнтернетcontrolПоракаprotocol	TИнтернетcontrolПоракаprotocol	pending-language-review	icmp	0
TInternetControlMessageProtocolMessage	TИнтернетcontrolПоракаprotocolПорака	TИнтернетcontrolПоракаprotocolПорака	existing-unreviewed		0
TInternetControlMessageProtocolMessageBuffer	TИнтернетcontrolПоракаprotocolПоракаbuffer	TИнтернетcontrolПоракаprotocolПоракаbuffer	existing-unreviewed		0
TInternetProtocolHandler	TИнтернетprotocolhandler	TИнтернетprotocolhandler	existing-unreviewed		0
TInternetProtocolProvider	TИнтернетprotocolprovider	TИнтернетprotocolprovider	pending-language-review	ip_provider	0
TInternetProtocolV4Message	TИнтернетprotocolv4Порака	TИнтернетprotocolv4Порака	existing-unreviewed		0
TInternetProtocolV4MessageBuffer	TИнтернетprotocolv4Поракаbuffer	TИнтернетprotocolv4Поракаbuffer	existing-unreviewed		0
TInterruptDescriptorTablePointer	TInterruptdescriptorТабелаСтрелка	TInterruptdescriptorТабелаСтрелка	existing-unreviewed		0
TInterruptHandler	TInterrupthandler	TInterrupthandler	existing-unreviewed		0
TInterruptManager	TInterruptmanager	TInterruptmanager	existing-unreviewed		0
TKeyboardDriver	TТастатураdriver	TТастатураdriver	existing-unreviewed		0
TLS_START	TlsПушти	TlsПушти	existing-unreviewed		0
TMSDOSPartitionTable	TmsdospartitionТабела	TmsdospartitionТабела	existing-unreviewed		0
TMasterBootRecord	TMasterbootrecord	TMasterbootrecord	pending-language-review	boot_record	0
TMemoryChunk	TМеморијаchunk	TМеморијаchunk	existing-unreviewed		0
TMemoryManager	TМеморијаmanager	TМеморијаmanager	existing-unreviewed		0
TMouseDriver	TГлушецdriver	TГлушецdriver	existing-unreviewed		0
TMyKeyboardEventHandler	TMyТастатураeventhandler	TMyТастатураeventhandler	existing-unreviewed		0
TMyMouseEventHandler	TMyГлушецeventhandler	TMyГлушецeventhandler	existing-unreviewed		0
TMyPCIControllerHandler	TMypcicontrollerhandler	TMypcicontrollerhandler	existing-unreviewed		0
TPartitionTableEntry	TPartitionТабелаentry	TPartitionТабелаentry	existing-unreviewed		0
TPeripheralComponentInterconnectController	TPeripheralcomponentinterconnectcontroller	TPeripheralcomponentinterconnectcontroller	existing-unreviewed		0
TPeripheralComponentInterconnectDeviceDescriptor	TPeripheralcomponentinterconnectУредdescriptor	TPeripheralcomponentinterconnectУредdescriptor	existing-unreviewed		0
TPort	TПорта	TПорта	existing-unreviewed		0
TPort16Bit	TПорта16bit	TПорта16bit	existing-unreviewed		0
TPort32Bit	TПорта32bit	TПорта32bit	existing-unreviewed		0
TPort8Bit	TПорта8bit	TПорта8bit	existing-unreviewed		0
TRawDataHandler	TRawdatahandler	TRawdatahandler	existing-unreviewed		0
TSSEntry	Tssentry	Tssentry	existing-unreviewed		0
TSyscall	TSyscall	TSyscall	existing-unreviewed		0
TTask	TTask	TTask	existing-unreviewed		0
TThread	TThread	TThread	existing-unreviewed		0
TThreadHelper	TThreadhelper	TThreadhelper	existing-unreviewed		0
TTimerDriver	TTimerdriver	TTimerdriver	existing-unreviewed		0
TUserDatagramProtocolHandler	TКорисникdatagramprotocolhandler	TКорисникdatagramprotocolhandler	existing-unreviewed		0
TUserDatagramProtocolHeader	TКорисникdatagramprotocolheader	TКорисникdatagramprotocolheader	pending-language-review	udp_header	0
TUserDatagramProtocolHeaderBuffer	TКорисникdatagramprotocolheaderbuffer	TКорисникdatagramprotocolheaderbuffer	existing-unreviewed		0
TUserDatagramProtocolProvider	TКорисникdatagramprotocolprovider	TКорисникdatagramprotocolprovider	existing-unreviewed		0
TUserDatagramProtocolSocket	TКорисникdatagramprotocolsocket	TКорисникdatagramprotocolsocket	pending-language-review	udp_socket	0
TVideoGraphicsArray	TВидеоГрафикаПострои	TВидеоГрафикаПострои	existing-unreviewed		0
TWidget	TWidget	TWidget	pending-language-review	widget	0
TWidgetMouseEventHandler	TWidgetГлушецeventhandler	TWidgetГлушецeventhandler	existing-unreviewed		0
Tamd_am79c973	Tamdam79c973	Tamdam79c973	existing-unreviewed		0
Test	Test	Test	existing-unreviewed		0
TestBit	Testbit	Testbit	existing-unreviewed		0
TestPrint	TestПечати	TestПечати	existing-unreviewed		0
Thread	Thread	Thread	existing-unreviewed		0
ThreadList	ThreadЛиста	ThreadЛиста	existing-unreviewed		0
ThreadState	Threadstate	Threadstate	existing-unreviewed		0
Threads	Threads	Threads	existing-unreviewed		0
TlsSegments	Tlssegments	Tlssegments	existing-unreviewed		0
TotalBlocks	Вкупноblock	Вкупноblock	existing-unreviewed		0
Type	Тип	Тип	existing-unreviewed		0
TypeTest	Типtest	Типtest	existing-unreviewed		0
T공용서술자테이블	TShareddescriptorТабела	TShareddescriptorТабела	existing-unreviewed		0
T공용서술자테이블_자료	TShareddescriptorТабелаdata	TShareddescriptorТабелаdata	existing-unreviewed		0
T작업관리자	TTaskmanager	TTaskmanager	existing-unreviewed		0
T조각설명자	TSegmentdescriptor	TSegmentdescriptor	existing-unreviewed		0
T콘솔	TConsole	TConsole	existing-unreviewed		0
T함수1	TФункција1	TФункција1	existing-unreviewed		0
UDESC_32SEG	Udesc32seg	Udesc32seg	existing-unreviewed		0
UDESC_CONTENTS	UdescСодржини	UdescСодржини	existing-unreviewed		0
UDESC_LIMIT_IN_PAGES	UdesclimitвоСтрани	UdesclimitвоСтрани	existing-unreviewed		0
UDESC_RX_ONLY	Udescrxonly	Udescrxonly	existing-unreviewed		0
UDESC_SEG_NOT_PRESENT	Udescsegnotpresent	Udescsegnotpresent	existing-unreviewed		0
UDESC_USABLE	Udescusable	Udescusable	existing-unreviewed		0
USER_STACK	Корисникstack	Корисникstack	existing-unreviewed		0
USER_STACK_SIZE	КорисникstackГолемина	КорисникstackГолемина	existing-unreviewed		0
USER_STACK_TOP	КорисникstackГоре	КорисникstackГоре	existing-unreviewed		0
Uid	Uid	Uid	existing-unreviewed		0
Uint16ToArray	Unsignedinteger16toПострои	Unsignedinteger16toПострои	existing-unreviewed		0
Uint16ToArray_BE	Unsignedinteger16toПостроиbe	Unsignedinteger16toПостроиbe	existing-unreviewed		0
Uint16_R	Unsignedinteger16r	Unsignedinteger16r	existing-unreviewed		0
Uint32ToArray	Unsignedinteger32toПострои	Unsignedinteger32toПострои	existing-unreviewed		0
Uint32_R	Unsignedinteger32r	Unsignedinteger32r	existing-unreviewed		0
Uint48ToArray	Unsignedinteger48toПострои	Unsignedinteger48toПострои	existing-unreviewed		0
Uint48ToArray_BE	Unsignedinteger48toПостроиbe	Unsignedinteger48toПостроиbe	existing-unreviewed		0
Uint48_R	Unsignedinteger48r	Unsignedinteger48r	existing-unreviewed		0
Uint64ToArray	Unsignedinteger64toПострои	Unsignedinteger64toПострои	existing-unreviewed		0
Uint64_R	Unsignedinteger64r	Unsignedinteger64r	existing-unreviewed		0
UnhandleInterrupt	Unhandleinterrupt	Unhandleinterrupt	existing-unreviewed		0
UnsetBit	Одподесиbit	Toggle_allocation_bit	pending-language-review	toggle_bit	1
UsedBlocks	Искористеноblock	Искористеноblock	existing-unreviewed		0
UserDesc	Корисникdescriptor	Корисникdescriptor	existing-unreviewed		0
UserStack	Корисникstack_2	Корисникstack_2	existing-unreviewed		0
UserStackSize	КорисникstackГолемина_2	КорисникstackГолемина_2	existing-unreviewed		0
Vendor_id	VendorИд	VendorИд	existing-unreviewed		0
Version	Version	Version	existing-unreviewed		0
VirtTest	Virttest	Virttest	existing-unreviewed		0
Write	Запиши	Запиши	existing-unreviewed		0
Write28	Запиши28	Запиши28	existing-unreviewed		0
WriteRegisters	Запишиregister	Запишиregister	existing-unreviewed		0
X	X	X	existing-unreviewed		0
Y	Y	Y	existing-unreviewed		0
Zero	Zero	Zero	existing-unreviewed		0
ZeroBlockInPageDir	ZeroblockвоСтраницаДиректориум	ZeroblockвоСтраницаДиректориум	existing-unreviewed		0
a	a	a	existing-unreviewed		0
aTime	aВреме	aВреме	existing-unreviewed		0
access	пристап	пристап	existing-unreviewed		0
accessMode	пристапРежим	пристапРежим	existing-unreviewed		0
ack	ack	ack	existing-unreviewed		0
activeKeyboardDriver	активноТастатураdriver	активноТастатураdriver	existing-unreviewed		0
activeMouseDriver	активноГлушецdriver	активноГлушецdriver	existing-unreviewed		0
addr	address	address	existing-unreviewed		0
addrPtr	addressСтрелка	addressСтрелка	existing-unreviewed		0
address	address_2	address_2	existing-unreviewed		0
addressError	addressГрешка	addressГрешка	existing-unreviewed		0
afInet	afinet	afinet	existing-unreviewed		0
allocFD	allocatefd	allocatefd	existing-unreviewed		0
allocOpenFile	allocateОтвориДатотека	allocateОтвориДатотека	existing-unreviewed		0
allocProcess	allocateПроцес	allocateПроцес	existing-unreviewed		0
allocateSocket	allocatesocket	allocatesocket	existing-unreviewed		0
allocated	allocated	allocated	existing-unreviewed		0
amd_am79c973	amdam79c973	amdam79c973	existing-unreviewed		0
args	аргументи	аргументи	existing-unreviewed		0
argument	argument	argument	existing-unreviewed		0
argumentPointers	argumentpointers	argumentpointers	existing-unreviewed		0
arguments	аргументи_2	аргументи_2	existing-unreviewed		0
arp	arp	arp	existing-unreviewed		0
arpBuffer	arpbuffer	arpbuffer	existing-unreviewed		0
arpMesgSize	arpmesgГолемина	arpmesgГолемина	existing-unreviewed		0
arpProvider	arpprovider	arpprovider	existing-unreviewed		0
arp콘솔	arpconsole	arpconsole	existing-unreviewed		0
array	построи	построи	existing-unreviewed		0
ata	ata	ata	existing-unreviewed		0
ata0s	ata0s	ata0s	existing-unreviewed		0
attempts	attempts	attempts	existing-unreviewed		0
attr	атрибут	атрибут	existing-unreviewed		0
attributeControllerIndexPort	атрибутcontrollerИндексПорта	атрибутcontrollerИндексПорта	existing-unreviewed		0
attributeControllerReadPort	атрибутcontrollerЧитајПорта	атрибутcontrollerЧитајПорта	existing-unreviewed		0
attributeControllerResetPort	атрибутcontrollerРесетирајПорта	атрибутcontrollerРесетирајПорта	existing-unreviewed		0
attributeControllerWritePort	атрибутcontrollerЗапишиПорта	атрибутcontrollerЗапишиПорта	existing-unreviewed		0
attributes	attributes	attributes	existing-unreviewed		0
aux	aux	aux	existing-unreviewed		0
avail	достапно	достапно	existing-unreviewed		0
b	b	b	existing-unreviewed		0
backend	backend	backend	existing-unreviewed		0
backupFpRegs	backupfpregs	backupfpregs	existing-unreviewed		0
backupSector	backupsector	backupsector	existing-unreviewed		0
bar	лента	лента	existing-unreviewed		0
barNum	лентаnumber	лентаnumber	existing-unreviewed		0
bar_value	лентаВредност	лентаВредност	existing-unreviewed		0
base	base	base	existing-unreviewed		0
baseCode	basecode	basecode	existing-unreviewed		0
baseHigh	basehigh	basehigh	existing-unreviewed		0
baseLow	baselow	baselow	existing-unreviewed		0
baseMid	basemid	basemid	existing-unreviewed		0
base_addr_high	baseaddresshigh	baseaddresshigh	existing-unreviewed		0
base_addr_low	baseaddresslow	baseaddresslow	existing-unreviewed		0
bh	bh	bh	existing-unreviewed		0
bindEphemeral	bindephemeral	bindephemeral	existing-unreviewed		0
bindError	bindГрешка	bindГрешка	existing-unreviewed		0
bios	bios	bios	existing-unreviewed		0
bit	bit	bit	existing-unreviewed		0
bitmap	bitmap	bitmap	pending-language-review	bitmap	0
bootSignature	bootsignature	bootsignature	existing-unreviewed		0
bootable	bootable	bootable	existing-unreviewed		0
bootloader	bootloader	bootloader	existing-unreviewed		0
bound	bound	bound	existing-unreviewed		0
bpb	bpb	bpb	pending-language-review	fat_parameters	0
bpbBytes	bpbбајти	bpbбајти	existing-unreviewed		0
bpbPtr	bpbСтрелка	bpbСтрелка	existing-unreviewed		0
buf	buffer	buffer	existing-unreviewed		0
buf1	buffer1	buffer1	existing-unreviewed		0
buf2	buffer2	buffer2	existing-unreviewed		0
buf3	buffer3	buffer3	existing-unreviewed		0
buf4	buffer4	buffer4	existing-unreviewed		0
buf6	buffer6	buffer6	existing-unreviewed		0
buffer	buffer_2	buffer_2	existing-unreviewed		0
buffer1	buffer1_2	buffer1_2	existing-unreviewed		0
buffer2	buffer2_2	buffer2_2	existing-unreviewed		0
bufferAddr	bufferaddress	bufferaddress	existing-unreviewed		0
bufferAddress	bufferaddress_2	bufferaddress_2	existing-unreviewed		0
bufptr	bufferСтрелка	bufferСтрелка	existing-unreviewed		0
bus	bus	bus	existing-unreviewed		0
busControlRegisterDataPort	buscontrolregisterdataПорта	buscontrolregisterdataПорта	existing-unreviewed		0
button	button	button	existing-unreviewed		0
buttons	button_2	button_2	existing-unreviewed		0
bytesPerSector	бајтиpersector	бајтиpersector	existing-unreviewed		0
c	c	c	existing-unreviewed		0
cDate	cДатум	cДатум	existing-unreviewed		0
cTime	cВреме	cВреме	existing-unreviewed		0
cTimeTenth	cВремеtenth	cВремеtenth	existing-unreviewed		0
call	call	call	existing-unreviewed		0
candidate	candidate	candidate	existing-unreviewed		0
cap	cap	cap	existing-unreviewed		0
char	char	char	existing-unreviewed		0
checked	checked	checked	existing-unreviewed		0
checksum	checksum	checksum	existing-unreviewed		0
child	дете	дете	existing-unreviewed		0
childPID	детеpid	детеpid	existing-unreviewed		0
childPageDir	детеСтраницаДиректориум	детеСтраницаДиректориум	existing-unreviewed		0
chunk	chunk	chunk	existing-unreviewed		0
class_id	класаИд	класаИд	existing-unreviewed		0
closeAllProcessFDs	затвориСѐПроцесfds	затвориСѐПроцесfds	existing-unreviewed		0
closeOnExec	затвориВклученоИзвршна	затвориВклученоИзвршна	existing-unreviewed		0
closeProcessFD	затвориПроцесfd	затвориПроцесfd	existing-unreviewed		0
code	code	code	existing-unreviewed		0
code1Ptr	code1Стрелка	code1Стрелка	existing-unreviewed		0
code1ptr	code1Стрелка_2	code1Стрелка_2	existing-unreviewed		0
code2Ptr	code2Стрелка	code2Стрелка	existing-unreviewed		0
code3Ptr	code3Стрелка	code3Стрелка	existing-unreviewed		0
codeSegment	codesegment	codesegment	existing-unreviewed		0
colorIndex	бојаИндекс	бојаИндекс	existing-unreviewed		0
colordepth	бојаdepth	бојаdepth	existing-unreviewed		0
command	команда	команда	existing-unreviewed		0
commandPort	командаПорта	командаПорта	existing-unreviewed		0
commandport	командаПорта_2	командаПорта_2	existing-unreviewed		0
common	вообичаено	вообичаено	existing-unreviewed		0
connected	connected	connected	existing-unreviewed		0
console	console	console	existing-unreviewed		0
controlPort	controlПорта	controlПорта	existing-unreviewed		0
copyExecVector	копирајИзвршнаvector	копирајИзвршнаvector	existing-unreviewed		0
copyLength	копирајДолжина	копирајДолжина	existing-unreviewed		0
copyPageDir	копирајСтраницаДиректориум	копирајСтраницаДиректориум	existing-unreviewed		0
copyPath	копирајПАТЕКА	копирајПАТЕКА	existing-unreviewed		0
copySocketName	копирајsocketИме	копирајsocketИме	existing-unreviewed		0
copyUtsField	копирајutsfield	копирајutsfield	existing-unreviewed		0
count	count	count	existing-unreviewed		0
count2	count2	count2	existing-unreviewed		0
cowFrameManager	cowРамкаmanager	cowРамкаmanager	existing-unreviewed		0
cpu	cpu	cpu	existing-unreviewed		0
cpustate	cpustate	cpustate	existing-unreviewed		0
cr0	cr0	cr0	existing-unreviewed		0
cr3	cr3	cr3	existing-unreviewed		0
cr4	cr4	cr4	existing-unreviewed		0
crtcDataPort	crtcdataПорта	crtcdataПорта	existing-unreviewed		0
crtcIndexPort	crtcИндексПорта	crtcИндексПорта	existing-unreviewed		0
cs	cs	cs	existing-unreviewed		0
currentRecvBuffer	currentrecvbuffer	currentrecvbuffer	existing-unreviewed		0
currentSendBuffer	currentИспратиbuffer	currentИспратиbuffer	existing-unreviewed		0
currentTask	currenttask	currenttask	existing-unreviewed		0
currentThread	currentthread	currentthread	existing-unreviewed		0
currentThreadIndex	currentthreadИндекс	currentthreadИндекс	existing-unreviewed		0
cursorHeight	cursorВисина	cursorВисина	existing-unreviewed		0
cursorStart	cursorПушти	cursorПушти	existing-unreviewed		0
d_tag	dЕтикета	dЕтикета	existing-unreviewed		0
d_val_ptr	dvalСтрелка	dvalСтрелка	existing-unreviewed		0
data	data	data	existing-unreviewed		0
dataBuf	databuffer	databuffer	existing-unreviewed		0
dataBytes	dataбајти	dataбајти	existing-unreviewed		0
dataPointer	dataСтрелка	dataСтрелка	existing-unreviewed		0
dataPort	dataПорта	dataПорта	existing-unreviewed		0
dataStart	dataПушти	dataПушти	existing-unreviewed		0
databuffer	databuffer_2	databuffer_2	existing-unreviewed		0
dataport	dataПорта_2	dataПорта_2	existing-unreviewed		0
defaultKeyboardEventHandler	стандардноТастатураeventhandler	стандардноТастатураeventhandler	existing-unreviewed		0
desc	descriptor	descriptor	existing-unreviewed		0
description	опис	опис	existing-unreviewed		0
destination	одредиште	одредиште	existing-unreviewed		0
destinationAddress	одредиштеaddress	одредиштеaddress	existing-unreviewed		0
destinationLength	одредиштеДолжина	одредиштеДолжина	existing-unreviewed		0
dev	уред	уред	existing-unreviewed		0
device	уред_2	уред_2	existing-unreviewed		0
deviceDescriptor	уредdescriptor	уредdescriptor	existing-unreviewed		0
devicePort	уредПорта	уредПорта	existing-unreviewed		0
diff	diff	diff	existing-unreviewed		0
digits	digits	digits	existing-unreviewed		0
dirent	dirent	dirent	existing-unreviewed		0
direntBytes	direntбајти	direntбајти	existing-unreviewed		0
direntPtr	direntСтрелка	direntСтрелка	existing-unreviewed		0
discardProcess	discardПроцес	discardПроцес	existing-unreviewed		0
dispatchInterrupt	dispatchinterrupt	dispatchinterrupt	existing-unreviewed		0
divisor	divisor	divisor	existing-unreviewed		0
domain	домен	домен	existing-unreviewed		0
driveNumber	drivenumber	drivenumber	existing-unreviewed		0
driver	driver	driver	existing-unreviewed		0
driverManager	drivermanager	drivermanager	existing-unreviewed		0
drivercount	drivercount	drivercount	existing-unreviewed		0
drv	driver_2	driver_2	existing-unreviewed		0
ds	ds	ds	existing-unreviewed		0
ds_segment	dssegment	dssegment	existing-unreviewed		0
dst	одредиште_2	одредиште_2	existing-unreviewed		0
dstEntry	одредиштеentry	одредиштеentry	existing-unreviewed		0
dstIP	одредиштеipaddress	одредиштеipaddress	existing-unreviewed		0
dstIP_BE	одредиштеipaddressМрежаbyteorder	одредиштеipaddressМрежаbyteorder	existing-unreviewed		0
dstMAC	одредиштеmacaddress	одредиштеmacaddress	existing-unreviewed		0
dstMAC_BE	одредиштеmacbe	одредиштеmacbe	existing-unreviewed		0
dstPageDir	одредиштеСтраницаДиректориум	одредиштеСтраницаДиректориум	existing-unreviewed		0
dstPort	одредиштеПортаnumber	одредиштеПортаnumber	pending-language-review	destination_port	0
dstPt	одредиштеpt	одредиштеpt	existing-unreviewed		0
dstPtPtr	одредиштеptСтрелка	одредиштеptСтрелка	existing-unreviewed		0
dstPtr	одредиштеСтрелка	одредиштеСтрелка	existing-unreviewed		0
dstptr	одредиштеСтрелка_2	одредиштеСтрелка_2	existing-unreviewed		0
dynamic	dynamic	dynamic	existing-unreviewed		0
e	e	e	existing-unreviewed		0
e_ehsize	eehsize	eehsize	existing-unreviewed		0
e_entry	eentry	eentry	existing-unreviewed		0
e_flags	eАтрибути	eАтрибути	existing-unreviewed		0
e_ident	eident	eident	existing-unreviewed		0
e_machine	emachine	emachine	existing-unreviewed		0
e_phentsize	ephentsize	ephentsize	existing-unreviewed		0
e_phnum	ephnum	ephnum	existing-unreviewed		0
e_phoff	ephoff	ephoff	existing-unreviewed		0
e_shentsize	eshentsize	eshentsize	existing-unreviewed		0
e_shnum	eshnum	eshnum	existing-unreviewed		0
e_shoff	eshoff	eshoff	existing-unreviewed		0
e_shstrndx	eshstrndx	eshstrndx	existing-unreviewed		0
e_type	eТип	eТип	existing-unreviewed		0
e_version	eversion	eversion	existing-unreviewed		0
eax	eax	eax	existing-unreviewed		0
ebp	ebp	ebp	existing-unreviewed		0
ebx	ebx	ebx	existing-unreviewed		0
ecx	ecx	ecx	existing-unreviewed		0
edi	edi	edi	existing-unreviewed		0
edx	edx	edx	existing-unreviewed		0
efHandler	efhandler	efhandler	existing-unreviewed		0
eflags	eflags	eflags	existing-unreviewed		0
eip	eip	eip	existing-unreviewed		0
eipOffset	eipoffset	eipoffset	existing-unreviewed		0
elf	elf	elf	existing-unreviewed		0
elf0	elf0	elf0	existing-unreviewed		0
elf2	elf2	elf2	existing-unreviewed		0
elf3	elf3	elf3	existing-unreviewed		0
elf4	elf4	elf4	existing-unreviewed		0
elfHeader	elfheader	elfheader	existing-unreviewed		0
enabled	овозможено	овозможено	existing-unreviewed		0
end	end	end	existing-unreviewed		0
endOffset	endoffset	endoffset	existing-unreviewed		0
end_cylinder	endcylinder	endcylinder	existing-unreviewed		0
end_head	endhead	endhead	existing-unreviewed		0
end_sector	endsector	endsector	existing-unreviewed		0
ensureCurrentProcess	ensurecurrentПроцес	ensurecurrentПроцес	existing-unreviewed		0
entry	entry	entry	existing-unreviewed		0
entryPoint	entrypoint	entrypoint	existing-unreviewed		0
entrypoint	entrypoint_2	entrypoint_2	existing-unreviewed		0
environment	environment	environment	existing-unreviewed		0
environmentPointers	environmentpointers	environmentpointers	existing-unreviewed		0
err	err	err	existing-unreviewed		0
errorPort	грешкаПорта	грешкаПорта	existing-unreviewed		0
es	es	es	existing-unreviewed		0
esi	esi	esi	existing-unreviewed		0
esp	esp	esp	existing-unreviewed		0
esp0	esp0	esp0	existing-unreviewed		0
esp1	esp1	esp1	existing-unreviewed		0
esp2	esp2	esp2	existing-unreviewed		0
etherFrameProvider	етернетРамкаprovider	етернетРамкаprovider	pending-language-review	ethernet_provider	0
etherType	етернетТип	етернетТип	existing-unreviewed		0
etherType_BE	етернетТипbe	етернетТипbe	existing-unreviewed		0
etherframe	етернетРамка	етернетРамка	existing-unreviewed		0
etherframePayload	етернетРамкаpayload	етернетРамкаpayload	existing-unreviewed		0
except	except	except	existing-unreviewed		0
exceptionCR0	exceptioncr0	exceptioncr0	existing-unreviewed		0
exceptionCR2	exceptioncr2	exceptioncr2	existing-unreviewed		0
exceptionCR3	exceptioncr3	exceptioncr3	existing-unreviewed		0
exceptionFrameValue	exceptionРамкаВредност	exceptionРамкаВредност	existing-unreviewed		0
exceptionHasErrorCode	exceptionhasГрешкаcode	exceptionhasГрешкаcode	existing-unreviewed		0
exceptionName	exceptionИме	exceptionИме	existing-unreviewed		0
execVector	извршнаvector	извршнаvector	existing-unreviewed		0
exists	exists	exists	existing-unreviewed		0
exited	exited	exited	existing-unreviewed		0
ext	ext	ext	existing-unreviewed		0
extFlags	extАтрибути	extАтрибути	existing-unreviewed		0
extendedScanCode	extendedСкенирајcode	extendedСкенирајcode	existing-unreviewed		0
fDupFD	fdupfd	fdupfd	existing-unreviewed		0
fGetFD	fgetfd	fgetfd	existing-unreviewed		0
fGetFL	fgetfl	fgetfl	existing-unreviewed		0
fSetFD	fпоставиfd	fпоставиfd	existing-unreviewed		0
fSetFL	fпоставиfl	fпоставиfl	existing-unreviewed		0
fat	fat	fat	existing-unreviewed		0
fatCopies	fatКопирај	fatКопирај	existing-unreviewed		0
fatInfo	fatinfo	fatinfo	existing-unreviewed		0
fatOffsetInSectorForCurrentCluster	fatoffsetвоsectorforcurrentcluster	fatoffsetвоsectorforcurrentcluster	existing-unreviewed		0
fatSectorCount	fatsectorcount	fatsectorcount	existing-unreviewed		0
fatSectorForCurrentCluster	fatsectorforcurrentcluster	fatsectorforcurrentcluster	existing-unreviewed		0
fatSize	fatГолемина	fatГолемина	existing-unreviewed		0
fatStart	fatПушти	fatПушти	existing-unreviewed		0
fatTypeLabel	fatТипОзнака	fatТипОзнака	existing-unreviewed		0
fatVersion	fatversion	fatversion	existing-unreviewed		0
fatbuf	fatbuf	fatbuf	existing-unreviewed		0
fatbuffer	fatbuffer	fatbuffer	existing-unreviewed		0
faultAddr	faultaddress	faultaddress	existing-unreviewed		0
fb	fb	fb	existing-unreviewed		0
fbCurCol	fbcurrentcol	fbcurrentcol	existing-unreviewed		0
fbCurLine	fbcurrentline	fbcurrentline	existing-unreviewed		0
fbHeight	fbВисина	fbВисина	existing-unreviewed		0
fbPhysAddr	fbphysaddress	fbphysaddress	existing-unreviewed		0
fbWidth	fbШирина	fbШирина	existing-unreviewed		0
fd	fd	fd	existing-unreviewed		0
fdCloexec	fdcloexec	fdcloexec	existing-unreviewed		0
fdEntry	fdentry	fdentry	existing-unreviewed		0
fdFlags	fdАтрибути	fdАтрибути	existing-unreviewed		0
fdKindConsole	fdkindconsole	fdkindconsole	existing-unreviewed		0
fdKindFat	fdkindfat	fdkindfat	existing-unreviewed		0
fdKindNone	fdkindНишто	fdkindНишто	existing-unreviewed		0
fdKindRootDir	fdkindКоренДиректориум	fdkindКоренДиректориум	existing-unreviewed		0
fdKindSocket	fdkindsocket	fdkindsocket	existing-unreviewed		0
fdKindStdin	fdkindstdin	fdkindstdin	existing-unreviewed		0
fds	fds	fds	existing-unreviewed		0
filePtr	датотекаСтрелка	датотекаСтрелка	existing-unreviewed		0
fileSector	датотекаsector	датотекаsector	existing-unreviewed		0
fileSize	датотекаГолемина	датотекаГолемина	existing-unreviewed		0
filename	именадатотека	именадатотека	existing-unreviewed		0
fillPosixStat	fillposixstat	fillposixstat	existing-unreviewed		0
findProcess	пронајдиПроцес	пронајдиПроцес	existing-unreviewed		0
first	first	first	existing-unreviewed		0
firstClusterHi	firstclusterhi	firstclusterhi	existing-unreviewed		0
firstClusterLow	firstclusterlow	firstclusterlow	existing-unreviewed		0
firstFileCluster	firstДатотекаcluster	firstДатотекаcluster	existing-unreviewed		0
flags	атрибути	атрибути	existing-unreviewed		0
flags2	атрибути2	атрибути2	existing-unreviewed		0
flagsAndOffset	атрибутиandoffset	атрибутиandoffset	existing-unreviewed		0
flushIndex	flushИндекс	flushИндекс	existing-unreviewed		0
flushTlsTable	flushtlsТабела	flushtlsТабела	existing-unreviewed		0
flush_tss	flushtss	flushtss	existing-unreviewed		0
fn	fn	fn	existing-unreviewed		0
foo	foo	foo	existing-unreviewed		0
foundChild	foundдете	foundдете	existing-unreviewed		0
frame	рамка	рамка	existing-unreviewed		0
frameCount	рамкаcount	рамкаcount	existing-unreviewed		0
frameHeaderSize	рамкаheaderГолемина	рамкаheaderГолемина	existing-unreviewed		0
free	слободни	слободни	existing-unreviewed		0
freePort	слободниПорта	слободниПорта	existing-unreviewed		0
frequency	frequency	frequency	existing-unreviewed		0
fs	fs	fs	existing-unreviewed		0
func1Val	func1val	func1val	existing-unreviewed		0
func2Val	func2val	func2val	existing-unreviewed		0
func3Val	func3val	func3val	existing-unreviewed		0
func_addr	funcaddress	funcaddress	existing-unreviewed		0
func_bytes	funcбајти	funcбајти	existing-unreviewed		0
func_name	funcИме	funcИме	existing-unreviewed		0
func_value	funcВредност	funcВредност	existing-unreviewed		0
function	функција	функција	existing-unreviewed		0
fxrstor	fxrstor	fxrstor	existing-unreviewed		0
fxsave	fxsave	fxsave	existing-unreviewed		0
g	g	g	existing-unreviewed		0
g_320x200x256	g320x200x256	g320x200x256	existing-unreviewed		0
gate	gate	gate	existing-unreviewed		0
gateData	gatedata	gatedata	existing-unreviewed		0
gatewayIP	gatewayip	gatewayip	existing-unreviewed		0
gdt	gdt	gdt	existing-unreviewed		0
gdtDescriptor	gdtdescriptor	gdtdescriptor	existing-unreviewed		0
gdtEntry	gdtentry	gdtentry	existing-unreviewed		0
gdtTable	gdtТабела	gdtТабела	existing-unreviewed		0
gdtTableLen	gdtТабелаlen	gdtТабелаlen	existing-unreviewed		0
gdt_codeSegmentSelector	gdtcodesegmentselector	gdtcodesegmentselector	existing-unreviewed		0
gdt_func	gdtfunc	gdtfunc	existing-unreviewed		0
getCR2	getcr2	getcr2	existing-unreviewed		0
getCR3	getcr3	getcr3	existing-unreviewed		0
getDescriptor	getdescriptor	getdescriptor	existing-unreviewed		0
getESI	getesi	getesi	existing-unreviewed		0
getESP	getesp	getesp	existing-unreviewed		0
getGDT	getgdt	getgdt	existing-unreviewed		0
getGS	getgs	getgs	existing-unreviewed		0
getOpenFile	getОтвориДатотека	getОтвориДатотека	existing-unreviewed		0
getOpenFileFor	getОтвориДатотекаfor	getОтвориДатотекаfor	existing-unreviewed		0
getTLS	gettls	gettls	existing-unreviewed		0
globalDescriptorTable	глобалнаdescriptorТабела	глобалнаdescriptorТабела	existing-unreviewed		0
globalOffsetTable	глобалнаoffsetТабела	глобалнаoffsetТабела	existing-unreviewed		0
global_offset_table	глобалнаoffsetТабела_2	глобалнаoffsetТабела_2	existing-unreviewed		0
graphicsControllerDataPort	графикаcontrollerdataПорта	графикаcontrollerdataПорта	existing-unreviewed		0
graphicsControllerIndexPort	графикаcontrollerИндексПорта	графикаcontrollerИндексПорта	existing-unreviewed		0
grub_multiboot_memory_map_t	grubmultibootМеморијаmapt	grubmultibootМеморијаmapt	existing-unreviewed		0
gs	gs	gs	existing-unreviewed		0
gs_segment	gssegment	gssegment	existing-unreviewed		0
h	h	h	existing-unreviewed		0
haltAfterFatalException	haltafterfatalexception	haltafterfatalexception	existing-unreviewed		0
handleInterrupt	handleinterrupt	handleinterrupt	existing-unreviewed		0
handleKeyboardInterrupt	handleТастатураinterrupt	handleТастатураinterrupt	existing-unreviewed		0
handleMouseInterrupt	handleГлушецinterrupt	handleГлушецinterrupt	existing-unreviewed		0
handlePagingInterrupt	handlepaginginterrupt	handlepaginginterrupt	existing-unreviewed		0
handleUnhandledSyscall	handleunhandledsyscall	handleunhandledsyscall	existing-unreviewed		0
handler	handler	handler	existing-unreviewed		0
handlerAddressHighBits	handleraddresshighbits	handleraddresshighbits	existing-unreviewed		0
handlerAddressLowBits	handleraddresslowbits	handleraddresslowbits	existing-unreviewed		0
handlerRun	handlerИзврши	handlerИзврши	existing-unreviewed		0
handlers	handler_2	handler_2	existing-unreviewed		0
hardwareAddressSize	хардверaddressГолемина	хардверaddressГолемина	existing-unreviewed		0
hardwareInterruptOffset	хардверinterruptoffset	хардверinterruptoffset	existing-unreviewed		0
hardwareType	хардверТип	хардверТип	existing-unreviewed		0
hd	hd	hd	existing-unreviewed		0
head	head	head	existing-unreviewed		0
headCount	headcount	headcount	existing-unreviewed		0
headerLength	headerДолжина	headerДолжина	existing-unreviewed		0
headertype	headertype	headertype	existing-unreviewed		0
height	висина	висина	existing-unreviewed		0
hex	хекса	хекса	existing-unreviewed		0
hiddenSectors	hiddensectors	hiddensectors	existing-unreviewed		0
i	i	i	existing-unreviewed		0
iCount	icount	icount	existing-unreviewed		0
iDrivers	idriver	idriver	existing-unreviewed		0
iKeyboardEventHandler	iТастатураeventhandler	iТастатураeventhandler	existing-unreviewed		0
iMouseEventHandler	iГлушецeventhandler	iГлушецeventhandler	existing-unreviewed		0
iPCIControllerHandler	ipcicontrollerhandler	ipcicontrollerhandler	existing-unreviewed		0
iRawDataHandler	irawdatahandler	irawdatahandler	existing-unreviewed		0
iTimerEventHandler	itimereventhandler	itimereventhandler	existing-unreviewed		0
icmp	icmp	icmp	existing-unreviewed		0
icmpSize	icmpГолемина	icmpГолемина	existing-unreviewed		0
icmp콘솔	icmpconsole	icmpconsole	existing-unreviewed		0
id	ид	ид	existing-unreviewed		0
ident	ident	ident	existing-unreviewed		0
idtData	idtdata	idtdata	existing-unreviewed		0
idtPointer	idtСтрелка	idtСтрелка	existing-unreviewed		0
idx	idx	idx	existing-unreviewed		0
index	индекс	индекс	existing-unreviewed		0
initBlock	initblock	initblock	existing-unreviewed		0
initFileDescriptors	initДатотекаdescriptor	initДатотекаdescriptor	existing-unreviewed		0
initPIT	initpit	initpit	existing-unreviewed		0
initializeProcessFDs	initializeПроцесfds	initializeПроцесfds	existing-unreviewed		0
inode	inode	inode	existing-unreviewed		0
inputEventTask	внесeventtask	внесeventtask	existing-unreviewed		0
installIDT	инсталирајidt	инсталирајidt	existing-unreviewed		0
intNumber	intnumber	intnumber	existing-unreviewed		0
interface_id	иНТЕРФЕЈСИд	иНТЕРФЕЈСИд	existing-unreviewed		0
internetprotocolPayload	интернетprotocolpayload	интернетprotocolpayload	existing-unreviewed		0
interrupt	interrupt	interrupt	existing-unreviewed		0
interruptDebug	interruptdebug	interruptdebug	existing-unreviewed		0
interruptExitLoop	interruptИзлезloop	interruptИзлезloop	existing-unreviewed		0
interruptGateEntries	interruptgateentry	interruptgateentry	existing-unreviewed		0
interruptHandler	interrupthandler	interrupthandler	existing-unreviewed		0
interrupts	interrupts	interrupts	existing-unreviewed		0
iomap	iomap	iomap	existing-unreviewed		0
ip	ip	ip	existing-unreviewed		0
ipEtherFrameHandler	ipЕтернетРамкаhandler	ipЕтернетРамкаhandler	existing-unreviewed		0
ipHandler	iphandler	iphandler	existing-unreviewed		0
ipIdx	ipidx	ipidx	existing-unreviewed		0
ipProtocolUDP	ipprotocoludp	ipprotocoludp	existing-unreviewed		0
ipProvider	ipprovider	ipprovider	pending-language-review	ip_provider	0
ipSize	ipГолемина	ipГолемина	existing-unreviewed		0
ip_be	ipМрежаbyteorder	ipМрежаbyteorder	existing-unreviewed		0
ipmessage	интернетprotocolПорака	интернетprotocolПорака	existing-unreviewed		0
ipv4	ipv4	ipv4	existing-unreviewed		0
ip콘솔	ipconsole	ipconsole	existing-unreviewed		0
isKernel	iskernel	iskernel	existing-unreviewed		0
isRoot	isКорен	isКорен	existing-unreviewed		0
isRootPath	isКоренПАТЕКА	isКоренПАТЕКА	existing-unreviewed		0
isSharedPDE	issharedpde	issharedpde	existing-unreviewed		0
istOffset	istoffset	istoffset	existing-unreviewed		0
j	j	j	existing-unreviewed		0
jmp	jmp	jmp	existing-unreviewed		0
jmp_user	jmpКорисник	jmpКорисник	existing-unreviewed		0
jump_usermode_iret	jumpusermodeiret	jumpusermodeiret	existing-unreviewed		0
kPageDirEntry	kСтраницаДиректориумentry	kСтраницаДиректориумentry	existing-unreviewed		0
kernelESP	kernelesp	kernelesp	existing-unreviewed		0
kernelPageDirEntry	kernelСтраницаДиректориумentry	kernelСтраницаДиректориумentry	existing-unreviewed		0
kernelSS	kernelss	kernelss	existing-unreviewed		0
key	key	key	existing-unreviewed		0
keyboard	тастатура	тастатура	existing-unreviewed		0
keyboardDriver	тастатураdriver	тастатураdriver	existing-unreviewed		0
keyboardEventHandler	тастатураeventhandler	тастатураeventhandler	existing-unreviewed		0
keyboardQueue	тастатураqueue	тастатураqueue	existing-unreviewed		0
keyboardQueueRead	тастатураqueueЧитај	тастатураqueueЧитај	existing-unreviewed		0
keyboardQueueSize	тастатураqueueГолемина	тастатураqueueГолемина	existing-unreviewed		0
keyboardQueueWrite	тастатураqueueЗапиши	тастатураqueueЗапиши	existing-unreviewed		0
kind	kind	kind	existing-unreviewed		0
l	l	l	existing-unreviewed		0
last	последно	последно	existing-unreviewed		0
lbaHiPort	lbahiПорта	lbahiПорта	existing-unreviewed		0
lbaLowPort	lbalowПорта	lbalowПорта	existing-unreviewed		0
lbaMidPort	lbamidПорта	lbamidПорта	existing-unreviewed		0
ldt	ldt	ldt	existing-unreviewed		0
leftShift	левоshift	левоshift	existing-unreviewed		0
len	len	len	existing-unreviewed		0
len_ver	lenver	lenver	existing-unreviewed		0
length	должина	должина	existing-unreviewed		0
lengthAddress	должинаaddress	должинаaddress	existing-unreviewed		0
lengthInBytes	должинавобајти	должинавобајти	existing-unreviewed		0
length_high	должинаhigh	должинаhigh	existing-unreviewed		0
length_low	должинаlow	должинаlow	existing-unreviewed		0
lengths	lengths	lengths	existing-unreviewed		0
lib1Addr	lib1address	lib1address	existing-unreviewed		0
lib1Data	lib1data	lib1data	existing-unreviewed		0
lib1File	lib1Датотека	lib1Датотека	existing-unreviewed		0
lib1GOT	lib1got	lib1got	existing-unreviewed		0
lib1elf	lib1elf	lib1elf	existing-unreviewed		0
lib2Addr	lib2address	lib2address	existing-unreviewed		0
lib2Data	lib2data	lib2data	existing-unreviewed		0
lib2File	lib2Датотека	lib2Датотека	existing-unreviewed		0
lib2GOT	lib2got	lib2got	existing-unreviewed		0
lib2elf	lib2elf	lib2elf	existing-unreviewed		0
libLinkMap	libВрскаmap	libВрскаmap	existing-unreviewed		0
lidtaddr	lidtaddr	lidtaddr	existing-unreviewed		0
limit	limit	limit	existing-unreviewed		0
limitHighAndFlags	limithighandАтрибути	limithighandАтрибути	existing-unreviewed		0
limitLow	limitlow	limitlow	existing-unreviewed		0
linkMap	врскаmap	врскаmap	existing-unreviewed		0
linkMapAddr	врскаmapaddress	врскаmapaddress	existing-unreviewed		0
linkerAddr	linkeraddress	linkeraddress	existing-unreviewed		0
linkerData	linkerdata	linkerdata	existing-unreviewed		0
linkerEntry	linkerentry	linkerentry	existing-unreviewed		0
linkerFile	linkerДатотека	linkerДатотека	existing-unreviewed		0
list	листа	листа	existing-unreviewed		0
listening	listening	listening	existing-unreviewed		0
loader	loader	loader	existing-unreviewed		0
local	local	local	existing-unreviewed		0
localDatagramSocket	localdatagramsocket	localdatagramsocket	existing-unreviewed		0
localIP	localip	localip	existing-unreviewed		0
localPort	localПортаnumber	localПортаnumber	existing-unreviewed		0
localSockets	localsockets	localsockets	existing-unreviewed		0
logicalAddress	logicaladdress	logicaladdress	existing-unreviewed		0
macAddr	macaddress	macaddress	existing-unreviewed		0
macIdx	macidx	macidx	existing-unreviewed		0
magicnumber	magicnumber	magicnumber	existing-unreviewed		0
main	main	main	compatibility		0
mainThread	главенthread	главенthread	existing-unreviewed		0
makePagePrivateWritableCurrent	makeСтраницаПриватноwritablecurrent	makeСтраницаПриватноwritablecurrent	existing-unreviewed		0
makeRangePrivateWritableCurrent	makeОпсегПриватноwritablecurrent	makeОпсегПриватноwritablecurrent	existing-unreviewed		0
manager	manager	manager	existing-unreviewed		0
mask	маска	маска	existing-unreviewed		0
master	master	master	existing-unreviewed		0
matches	matches	matches	existing-unreviewed		0
maxBARs	maxbars	maxbars	existing-unreviewed		0
maxDatagramSize	maxdatagramГолемина	maxdatagramГолемина	existing-unreviewed		0
maxExecStringLength	maxИзвршнаstringДолжина	maxИзвршнаstringДолжина	existing-unreviewed		0
maxExecVectorEntries	maxИзвршнаvectorentry	maxИзвршнаvectorentry	existing-unreviewed		0
maxFD	maxfd	maxfd	existing-unreviewed		0
maxOpenFiles	maxОтвориfiles	maxОтвориfiles	existing-unreviewed		0
maxSocketPackets	maxsocketpackets	maxsocketpackets	existing-unreviewed		0
maxSockets	maxsockets	maxsockets	existing-unreviewed		0
maximumBlocks	maximumblock	maximumblock	existing-unreviewed		0
mediaType	медиумиТип	медиумиТип	existing-unreviewed		0
mem	mem	mem	existing-unreviewed		0
memoryArray	меморијаПострои	меморијаПострои	existing-unreviewed		0
memoryChunkSize	меморијаchunkГолемина	меморијаchunkГолемина	existing-unreviewed		0
memoryManager	меморијаmanager	меморијаmanager	existing-unreviewed		0
memoryOper	меморијаoper	меморијаoper	existing-unreviewed		0
memorySize	меморијаГолемина	меморијаГолемина	existing-unreviewed		0
memorymananger	memorymananger	memorymananger	existing-unreviewed		0
memorytest	memorytest	memorytest	existing-unreviewed		0
message	порака	порака	existing-unreviewed		0
micsPort	micsПорта	micsПорта	existing-unreviewed		0
minimum	minimum	minimum	existing-unreviewed		0
mode	режим	режим	existing-unreviewed		0
mouseDriver	глушецdriver	глушецdriver	existing-unreviewed		0
mouseEventHandler	глушецeventhandler	глушецeventhandler	existing-unreviewed		0
mouseVGA	глушецvga	глушецvga	existing-unreviewed		0
mouseWidget	глушецwidget	глушецwidget	existing-unreviewed		0
msdospart	msdospartition	msdospartition	existing-unreviewed		0
msg	msg	msg	existing-unreviewed		0
msgBuffer	msgbuffer	msgbuffer	existing-unreviewed		0
multiboot_memory_map	multibootМеморијаmap	multibootМеморијаmap	existing-unreviewed		0
multitasking	multitasking	multitasking	existing-unreviewed		0
myKeyboardEventHandler	myТастатураeventhandler	myТастатураeventhandler	existing-unreviewed		0
myPCIControllerHandler	mypcicontrollerhandler	mypcicontrollerhandler	existing-unreviewed		0
myfunction	myfunction	myfunction	existing-unreviewed		0
n	n	n	existing-unreviewed		0
n_descsz	ndescsz	ndescsz	existing-unreviewed		0
n_namesz	nnamesz	nnamesz	existing-unreviewed		0
n_type	nТип	nТип	existing-unreviewed		0
name	име	име	existing-unreviewed		0
nameLen	имеlen	имеlen	existing-unreviewed		0
netCard	мрежаКарти	мрежаКарти	existing-unreviewed		0
newButtons	новbutton	новbutton	existing-unreviewed		0
newFD	новfd	новfd	existing-unreviewed		0
newFrame	новРамка	новРамка	existing-unreviewed		0
newLink	новВрска	новВрска	existing-unreviewed		0
newNode	новnode	новnode	existing-unreviewed		0
newPtr	новСтрелка	новСтрелка	existing-unreviewed		0
next	следна	следна	existing-unreviewed		0
nextEphemeralPort	следнаephemeralПорта	следнаephemeralПорта	existing-unreviewed		0
nextFileCluster	следнаДатотекаcluster	следнаДатотекаcluster	existing-unreviewed		0
nextHopIP_BE	следнаhopipaddressМрежаbyteorder	следнаhopipaddressМрежаbyteorder	existing-unreviewed		0
nextNode	следнаnode	следнаnode	existing-unreviewed		0
nextProcessID	следнаПроцесИд	следнаПроцесИд	existing-unreviewed		0
nextThread	следнаthread	следнаthread	existing-unreviewed		0
nibble	nibble	nibble	existing-unreviewed		0
node	node	node	pending-language-review	list_node	0
nodeArray	nodeПострои	nodeПострои	existing-unreviewed		0
num	number	number	existing-unreviewed		0
numCacheEntries	numbercacheentry	numbercacheentry	existing-unreviewed		0
numDrivers	numberdriver	numberdriver	existing-unreviewed		0
numFunctions	numberФункции	numberФункции	existing-unreviewed		0
numRecvBuffers	numberrecvbuffer	numberrecvbuffer	existing-unreviewed		0
numSendBuffers	numberИспратиbuffer	numberИспратиbuffer	existing-unreviewed		0
numSockets	numbersockets	numbersockets	existing-unreviewed		0
numTasks	numberЗадачи	numberЗадачи	existing-unreviewed		0
oAppend	oappend	oappend	existing-unreviewed		0
oCreate	ocreate	ocreate	existing-unreviewed		0
oDirectory	oДиректориум	oДиректориум	existing-unreviewed		0
oReadOnly	oЧитајonly	oЧитајonly	existing-unreviewed		0
oReadWrite	oЧитајЗапиши	oЧитајЗапиши	existing-unreviewed		0
oTruncate	oСкрати	oСкрати	existing-unreviewed		0
oWriteOnly	oЗапишиonly	oЗапишиonly	existing-unreviewed		0
o_addr	oaddress	oaddress	existing-unreviewed		0
offset	offset	offset	existing-unreviewed		0
ok	воред	воред	existing-unreviewed		0
oldButtons	oldbutton	oldbutton	existing-unreviewed		0
oldCR3	oldcr3	oldcr3	existing-unreviewed		0
oldFD	oldfd	oldfd	existing-unreviewed		0
oldFrame	oldРамка	oldРамка	existing-unreviewed		0
oldGdt	oldgdt	oldgdt	existing-unreviewed		0
oldGdtAddr	oldgdtaddress	oldgdtaddress	existing-unreviewed		0
oldGdtLen	oldgdtlen	oldgdtlen	existing-unreviewed		0
openFileDescription	отвориДатотекаОпис	отвориДатотекаОпис	existing-unreviewed		0
openFileTable	отвориДатотекаТабела	отвориДатотекаТабела	existing-unreviewed		0
options	опции	опции	existing-unreviewed		0
orgValue	orgВредност	orgВредност	existing-unreviewed		0
p	p	p	existing-unreviewed		0
p1	p1	p1	existing-unreviewed		0
p2	p2	p2	existing-unreviewed		0
p_align	pПодреди	pПодреди	existing-unreviewed		0
p_backend	pbackend	pbackend	existing-unreviewed		0
p_data	pdata	pdata	existing-unreviewed		0
p_efHandler	pefhandler	pefhandler	existing-unreviewed		0
p_efProvider	pefprovider	pefprovider	existing-unreviewed		0
p_etherType	pЕтернетТип	pЕтернетТип	existing-unreviewed		0
p_filesz	pfilesz	pfilesz	existing-unreviewed		0
p_flags	pАтрибути	pАтрибути	existing-unreviewed		0
p_iHandler	pihandler	pihandler	existing-unreviewed		0
p_ipHandler	piphandler	piphandler	existing-unreviewed		0
p_ipProvider	pipprovider	pipprovider	existing-unreviewed		0
p_memsz	pmemsz	pmemsz	existing-unreviewed		0
p_offset	poffset	poffset	existing-unreviewed		0
p_paddr	ppaddr	ppaddr	existing-unreviewed		0
p_protocol	pprotocol	pprotocol	existing-unreviewed		0
p_provider	pprovider	pprovider	existing-unreviewed		0
p_str	pstr	pstr	existing-unreviewed		0
p_type	pТип	pТип	existing-unreviewed		0
p_udpHandler	pudphandler	pudphandler	existing-unreviewed		0
p_udpProvider	pudpprovider	pudpprovider	existing-unreviewed		0
p_vaddr	pvaddr	pvaddr	existing-unreviewed		0
packet	packet	packet	existing-unreviewed		0
packetStatus	packetСтатус	packetСтатус	existing-unreviewed		0
packets	packets	packets	existing-unreviewed		0
page	страница	страница	existing-unreviewed		0
pageDir	страницаДиректориум	страницаДиректориум	pending-language-review	page_directory	0
pageDirEntry	страницаДиректориумentry	страницаДиректориумentry	existing-unreviewed		0
pageTableEntry	страницаТабелаentry	страницаТабелаentry	existing-unreviewed		0
paging	paging	paging	existing-unreviewed		0
param	param	param	existing-unreviewed		0
params	params	params	existing-unreviewed		0
parent	parent	parent	existing-unreviewed		0
parentPID	parentpid	parentpid	existing-unreviewed		0
parentProcess	parentПроцес	parentПроцес	existing-unreviewed		0
partEntry	partentry	partentry	existing-unreviewed		0
partition	partition	partition	existing-unreviewed		0
partitionBytes	partitionбајти	partitionбајти	existing-unreviewed		0
partitionOffset	partitionoffset	partitionoffset	existing-unreviewed		0
path	пАТЕКА	пАТЕКА	existing-unreviewed		0
pathAddr	пАТЕКАaddress	пАТЕКАaddress	existing-unreviewed		0
pci	pci	pci	existing-unreviewed		0
pciController	pcicontroller	pcicontroller	existing-unreviewed		0
pde	pde	pde	existing-unreviewed		0
pdeAddr	pdeaddress	pdeaddress	existing-unreviewed		0
pdelen	pdelen	pdelen	existing-unreviewed		0
peer	peer	peer	existing-unreviewed		0
pendingButtons	pendingbutton	pendingbutton	existing-unreviewed		0
pendingMouseEvent	pendingГлушецevent	pendingГлушецevent	existing-unreviewed		0
pendingX	pendingx	pendingx	existing-unreviewed		0
pendingY	pendingy	pendingy	existing-unreviewed		0
phyaddr	phyaddr	phyaddr	existing-unreviewed		0
phymem	physicalМеморија	physicalМеморија	existing-unreviewed		0
physicalAddress	physicaladdress	physicaladdress	existing-unreviewed		0
pid	pid	pid	existing-unreviewed		0
pitFrequency	pitfrequency	pitfrequency	existing-unreviewed		0
pixelAddress	pixeladdress	pixeladdress	existing-unreviewed		0
pointer	стрелка	стрелка	pending-language-review	pointer	0
pollKeyboardScancode	pollТастатураscancode	pollТастатураscancode	existing-unreviewed		0
port	порта	порта	existing-unreviewed		0
portBase	портаbase	портаbase	existing-unreviewed		0
portInUse	портавоuse	портавоuse	existing-unreviewed		0
portnumber	portnumber	portnumber	existing-unreviewed		0
pos	позиција	позиција	existing-unreviewed		0
position	позиција_2	позиција_2	existing-unreviewed		0
posixStat	posixstat	posixstat	existing-unreviewed		0
posixUtsname	posixutsname	posixutsname	existing-unreviewed		0
prefetchable	prefetchcapable	prefetchcapable	existing-unreviewed		0
prev	previous	previous	existing-unreviewed		0
prevNode	previousnode	previousnode	existing-unreviewed		0
prevX	previousx	previousx	existing-unreviewed		0
prevY	previousy	previousy	existing-unreviewed		0
printESP	печатиesp	печатиesp	existing-unreviewed		0
printExceptionSelectorInfo	печатиexceptionselectorinfo	печатиexceptionselectorinfo	existing-unreviewed		0
printPageFaultInfo	печатиСтраницаfaultinfo	печатиСтраницаfaultinfo	existing-unreviewed		0
printreg	printreg	printreg	existing-unreviewed		0
proc2	proc2	proc2	existing-unreviewed		0
proc3	proc3	proc3	existing-unreviewed		0
proc4	proc4	proc4	existing-unreviewed		0
process	процес	процес	existing-unreviewed		0
processEntry	процесentry	процесentry	existing-unreviewed		0
processHelper	процесhelper	процесhelper	existing-unreviewed		0
processTable	процесТабела	процесТабела	existing-unreviewed		0
processes	процеси	процеси	existing-unreviewed		0
programBreak	програмаbreak	програмаbreak	existing-unreviewed		0
protocol	protocol	protocol	existing-unreviewed		0
protocolAddressSize	protocoladdressГолемина	protocoladdressГолемина	existing-unreviewed		0
providedLength	providedДолжина	providedДолжина	existing-unreviewed		0
provider	provider	provider	existing-unreviewed		0
ps2WaitLimit	ps2Чекајlimit	ps2Чекајlimit	existing-unreviewed		0
pt	pt	pt	existing-unreviewed		0
pte	pte	pte	existing-unreviewed		0
pteAddr	pteaddress	pteaddress	existing-unreviewed		0
ptr	стрелка_2	стрелка_2	pending-language-review	pointer	0
pushExecUint32	pushИзвршнаunsignedinteger32	pushИзвршнаunsignedinteger32	existing-unreviewed		0
queueKeyboardByte	queueТастатураbyte	queueТастатураbyte	existing-unreviewed		0
r	r	r	existing-unreviewed		0
r_addend	raddend	raddend	existing-unreviewed		0
r_info	rinfo	rinfo	existing-unreviewed		0
r_offset	roffset	roffset	existing-unreviewed		0
raw	raw	raw	existing-unreviewed		0
rawDataBackend	rawdatabackend	rawdatabackend	existing-unreviewed		0
readFile	читајДатотека	читајДатотека	existing-unreviewed		0
readPS2Data	читајps2data	читајps2data	existing-unreviewed		0
readStdin	читајstdin	читајstdin	existing-unreviewed		0
readVFSFile	читајvfsДатотека	читајvfsДатотека	existing-unreviewed		0
read_count	читајcount	читајcount	existing-unreviewed		0
receiver	receiver	receiver	existing-unreviewed		0
recvBufferDescr	recvbufferОпис	recvbufferОпис	existing-unreviewed		0
recvBufferDescrAddress	recvbufferОписaddress	recvbufferОписaddress	existing-unreviewed		0
recvBuffers	recvbuffer	recvbuffer	existing-unreviewed		0
recvBuffersDescrMemory	recvbufferОписМеморија	recvbufferОписМеморија	existing-unreviewed		0
refBytes	referenceбајти	referenceбајти	existing-unreviewed		0
refPtr	referenceСтрелка	referenceСтрелка	existing-unreviewed		0
refs	refs	refs	existing-unreviewed		0
regIndex	regИндекс	regИндекс	existing-unreviewed		0
registerAddressPort	registeraddressПорта	registeraddressПорта	existing-unreviewed		0
registerDataPort	registerdataПорта	registerdataПорта	existing-unreviewed		0
registeroffset	registeroffset	registeroffset	existing-unreviewed		0
registers	register	register	existing-unreviewed		0
regtype	regtype	regtype	existing-unreviewed		0
rel_text	relТекст	relТекст	existing-unreviewed		0
rel_text_len	relТекстlen	relТекстlen	existing-unreviewed		0
releaseOpenFile	releaseОтвориДатотека	releaseОтвориДатотека	existing-unreviewed		0
released	released	released	existing-unreviewed		0
reloadCR3	освежиcr3	освежиcr3	existing-unreviewed		0
relocation_text	relocationТекст	relocationТекст	existing-unreviewed		0
remaining	remaining	remaining	existing-unreviewed		0
remote	remote	remote	existing-unreviewed		0
remoteIP	remoteip	remoteip	existing-unreviewed		0
remotePort	remoteПортаnumber	remoteПортаnumber	existing-unreviewed		0
requested	requested	requested	existing-unreviewed		0
reserved	reserved	reserved	existing-unreviewed		0
reserved0	reserved0	reserved0	existing-unreviewed		0
reservedSectors	reservedsectors	reservedsectors	existing-unreviewed		0
resetPort	ресетирајПорта	ресетирајПорта	existing-unreviewed		0
restoreFpRegs	вратиfpregs	вратиfpregs	existing-unreviewed		0
result	result	result	existing-unreviewed		0
result1	result1	result1	existing-unreviewed		0
result2	result2	result2	existing-unreviewed		0
ret	ret	ret	existing-unreviewed		0
revision	revision	revision	existing-unreviewed		0
rightShift	десноshift	десноshift	existing-unreviewed		0
rootCluster	коренcluster	коренcluster	existing-unreviewed		0
rootDirEntries	коренДиректориумentry	коренДиректориумentry	existing-unreviewed		0
rootStart	коренПушти	коренПушти	existing-unreviewed		0
rt	rt	rt	existing-unreviewed		0
s	s	s	existing-unreviewed		0
sIfchr	sifchr	sifchr	existing-unreviewed		0
sIfdir	sifdir	sifdir	existing-unreviewed		0
sIfmt	sifmt	sifmt	existing-unreviewed		0
sIfreg	sifreg	sifreg	existing-unreviewed		0
sIfsock	sifsock	sifsock	existing-unreviewed		0
savedESP	savedesp	savedesp	existing-unreviewed		0
sc	sc	sc	existing-unreviewed		0
scanCode	скенирајcode	скенирајcode	existing-unreviewed		0
scanCodeToByte	скенирајcodetobyte	скенирајcodetobyte	existing-unreviewed		0
scancodeToByte	scancodetobyte	scancodetobyte	existing-unreviewed		0
sche	sche	sche	existing-unreviewed		0
sche_data	schedata	schedata	existing-unreviewed		0
scheduleStack	schedulestack	schedulestack	existing-unreviewed		0
scheduler	scheduler	scheduler	existing-unreviewed		0
schedulerDebug	schedulerdebug	schedulerdebug	existing-unreviewed		0
sectHeader	sectheader	sectheader	existing-unreviewed		0
sectHeaderSize	sectheaderГолемина	sectheaderГолемина	existing-unreviewed		0
sectName	sectИме	sectИме	existing-unreviewed		0
sectValue	sectВредност	sectВредност	existing-unreviewed		0
sector	sector	sector	existing-unreviewed		0
sectorCountPort	sectorcountПорта	sectorcountПорта	existing-unreviewed		0
sectorNum	sectornumber	sectornumber	existing-unreviewed		0
sectorOffset	sectoroffset	sectoroffset	existing-unreviewed		0
sectorPerTrack	sectorpertrack	sectorpertrack	existing-unreviewed		0
sectorsPerCluster	sectorspercluster	sectorspercluster	existing-unreviewed		0
seekCur	seekcurrent	seekcurrent	existing-unreviewed		0
seekEnd	seekend	seekend	existing-unreviewed		0
seekSet	seekпостави	seekпостави	existing-unreviewed		0
segmentNumber	segmentnumber	segmentnumber	existing-unreviewed		0
self	само	само	existing-unreviewed		0
self_uintptr	самоuintptr	самоuintptr	existing-unreviewed		0
sendBack	reply	reply	existing-unreviewed		0
sendBufferDescr	испратиbufferОпис	испратиbufferОпис	existing-unreviewed		0
sendBufferDescrAddress	испратиbufferОписaddress	испратиbufferОписaddress	existing-unreviewed		0
sendBuffers	испратиbuffer	испратиbuffer	existing-unreviewed		0
sendBuffersDescrMemory	испратиbufferОписМеморија	испратиbufferОписМеморија	existing-unreviewed		0
sendDataPointer	испратиdataСтрелка	испратиdataСтрелка	existing-unreviewed		0
sendDescriptor	испратиdescriptor	испратиdescriptor	existing-unreviewed		0
sendMouseCommand	испратиГлушецКоманда	испратиГлушецКоманда	existing-unreviewed		0
sequencerDataPort	sequencerdataПорта	sequencerdataПорта	existing-unreviewed		0
sequencerIndexPort	sequencerИндексПорта	sequencerИндексПорта	existing-unreviewed		0
serialLogByte	seriallogbyte	seriallogbyte	existing-unreviewed		0
serialReady	serialПодготвено	serialПодготвено	existing-unreviewed		0
setCR3	поставиcr3	поставиcr3	existing-unreviewed		0
setDS	поставиds	поставиds	existing-unreviewed		0
setGS	поставиgs	поставиgs	existing-unreviewed		0
setThreadExitLoopState	поставиthreadИзлезloopstate	поставиthreadИзлезloopstate	existing-unreviewed		0
setupExecStack	setupИзвршнаstack	setupИзвршнаstack	existing-unreviewed		0
sh	sh	sh	existing-unreviewed		0
sh_addr	shaddress	shaddress	existing-unreviewed		0
sh_addralign	shaddralign	shaddralign	existing-unreviewed		0
sh_entsize	shentsize	shentsize	existing-unreviewed		0
sh_flags	shАтрибути	shАтрибути	existing-unreviewed		0
sh_info	shinfo	shinfo	existing-unreviewed		0
sh_link	shВрска	shВрска	existing-unreviewed		0
sh_name	shИме	shИме	existing-unreviewed		0
sh_offset	shoffset	shoffset	existing-unreviewed		0
sh_size	shГолемина	shГолемина	existing-unreviewed		0
sh_type	shТип	shТип	existing-unreviewed		0
shift	shift	shift	existing-unreviewed		0
signature	signature	signature	existing-unreviewed		0
size	големина	големина	existing-unreviewed		0
sl	sl	sl	existing-unreviewed		0
sockDatagram	sockdatagram	sockdatagram	existing-unreviewed		0
socket	socket	socket	existing-unreviewed		0
socketAddress	socketaddress	socketaddress	existing-unreviewed		0
socketAddressIPv4	socketaddressipv4	socketaddressipv4	existing-unreviewed		0
socketBind	socketbind	socketbind	existing-unreviewed		0
socketCallArgument	socketcallargument	socketcallargument	existing-unreviewed		0
socketConnect	socketВрзисе	socketВрзисе	existing-unreviewed		0
socketForFD	socketforfd	socketforfd	existing-unreviewed		0
socketIndex	socketИндекс	socketИндекс	existing-unreviewed		0
socketPacket	socketpacket	socketpacket	existing-unreviewed		0
socketReceiveFrom	socketreceivefrom	socketreceivefrom	existing-unreviewed		0
socketSendTo	socketИспратиto	socketИспратиto	existing-unreviewed		0
socketType	socketТип	socketТип	existing-unreviewed		0
sockets	sockets	sockets	existing-unreviewed		0
softName	softИме	softИме	existing-unreviewed		0
source	извор	извор	existing-unreviewed		0
sourceAddress	изворaddress	изворaddress	existing-unreviewed		0
sourceLengthAddress	изворДолжинаaddress	изворДолжинаaddress	existing-unreviewed		0
src	извор_2	извор_2	existing-unreviewed		0
srcEntry	изворentry	изворentry	existing-unreviewed		0
srcIP	изворipaddress	изворipaddress	existing-unreviewed		0
srcIP_BE	изворipaddressМрежаbyteorder	изворipaddressМрежаbyteorder	existing-unreviewed		0
srcMAC	изворmacaddress	изворmacaddress	existing-unreviewed		0
srcMAC_BE	изворmacbe	изворmacbe	existing-unreviewed		0
srcPageDir	изворСтраницаДиректориум	изворСтраницаДиректориум	existing-unreviewed		0
srcPde	изворpde	изворpde	existing-unreviewed		0
srcPdeAddr	изворpdeaddress	изворpdeaddress	existing-unreviewed		0
srcPort	изворПортаnumber	изворПортаnumber	pending-language-review	source_port	0
srcPt	изворpt	изворpt	existing-unreviewed		0
srcptr	srcptr	srcptr	existing-unreviewed		0
ss	ss	ss	existing-unreviewed		0
ss0	ss0	ss0	existing-unreviewed		0
ss1	ss1	ss1	existing-unreviewed		0
ss2	ss2	ss2	existing-unreviewed		0
st	st	st	existing-unreviewed		0
st_info	stinfo	stinfo	existing-unreviewed		0
st_name	stИме	stИме	existing-unreviewed		0
st_other	stДруги	stДруги	existing-unreviewed		0
st_shndx	stshndx	stshndx	existing-unreviewed		0
st_size	stГолемина	stГолемина	existing-unreviewed		0
st_value	stВредност	stВредност	existing-unreviewed		0
stack	stack	stack	pending-language-review	stack	0
stackBytes	stackбајти	stackбајти	existing-unreviewed		0
stackPtr	stackСтрелка	stackСтрелка	existing-unreviewed		0
stack_addr	stackaddress	stackaddress	existing-unreviewed		0
stackbottom	stackbottom	stackbottom	existing-unreviewed		0
stacktop	stacktop	stacktop	existing-unreviewed		0
start	пушти	пушти	existing-unreviewed		0
startOffset	пуштиoffset	пуштиoffset	existing-unreviewed		0
start_cylinder	пуштиcylinder	пуштиcylinder	existing-unreviewed		0
start_head	пуштиhead	пуштиhead	existing-unreviewed		0
start_sector	пуштиsector	пуштиsector	existing-unreviewed		0
startingBit	startingbit	startingbit	existing-unreviewed		0
stat	stat	stat	existing-unreviewed		0
statAddr	stataddress	stataddress	existing-unreviewed		0
status	статус	статус	existing-unreviewed		0
statusAddr	статусaddress	статусaddress	existing-unreviewed		0
stderrFD	stderrfd	stderrfd	existing-unreviewed		0
stdinBuffer	stdinbuffer	stdinbuffer	existing-unreviewed		0
stdinFD	stdinfd	stdinfd	existing-unreviewed		0
stdinGetBlocking	stdingetblocking	stdingetblocking	existing-unreviewed		0
stdinRead	stdinЧитај	stdinЧитај	existing-unreviewed		0
stdinWrite	stdinЗапиши	stdinЗапиши	existing-unreviewed		0
stdoutFD	stdoutfd	stdoutfd	existing-unreviewed		0
stoppedThread	стопираноthread	стопираноthread	existing-unreviewed		0
str	str	str	existing-unreviewed		0
stringAddress	stringaddress	stringaddress	existing-unreviewed		0
stringHeader	stringheader	stringheader	existing-unreviewed		0
strtab	strtab	strtab	existing-unreviewed		0
subclass_id	subclassИд	subclassИд	existing-unreviewed		0
subnetMask	subnetМаска	subnetМаска	existing-unreviewed		0
swapUint16	swapunsignedinteger16	swapunsignedinteger16	existing-unreviewed		0
switchForced	switchforced	switchforced	existing-unreviewed		0
sysAccess	sysпристап	sysпристап	existing-unreviewed		0
sysBrk	sysbrk	sysbrk	existing-unreviewed		0
sysCall	syscall	syscall	existing-unreviewed		0
sysChdir	syschdir	syschdir	existing-unreviewed		0
sysClose	sysЗатвори	sysЗатвори	existing-unreviewed		0
sysDup	sysdup	sysdup	existing-unreviewed		0
sysDup2	sysdup2	sysdup2	existing-unreviewed		0
sysExecve	sysexecve	sysexecve	existing-unreviewed		0
sysExit	sysИзлез	sysИзлез	existing-unreviewed		0
sysFcntl	sysfcntl	sysfcntl	existing-unreviewed		0
sysFork	sysfork	sysfork	existing-unreviewed		0
sysFstat	sysfstat	sysfstat	existing-unreviewed		0
sysFsync	sysfsync	sysfsync	existing-unreviewed		0
sysGetcwd	sysgetcwd	sysgetcwd	existing-unreviewed		0
sysLseek	syslseek	syslseek	existing-unreviewed		0
sysOpen	sysОтвори	sysОтвори	existing-unreviewed		0
sysRead	sysЧитај	sysЧитај	existing-unreviewed		0
sysSocketCall	syssocketcall	syssocketcall	existing-unreviewed		0
sysStat	sysstat	sysstat	existing-unreviewed		0
sysUname	sysuname	sysuname	existing-unreviewed		0
sysWaitpid	syswaitpid	syswaitpid	existing-unreviewed		0
sysWrite	sysЗапиши	sysЗапиши	existing-unreviewed		0
syscallError	syscallГрешка	syscallГрешка	existing-unreviewed		0
syscallID	syscallИд	syscallИд	existing-unreviewed		0
systemcall	системcall	системcall	existing-unreviewed		0
table	табела	табела	existing-unreviewed		0
tableSize	табелаГолемина	табелаГолемина	existing-unreviewed		0
tail	tail	tail	existing-unreviewed		0
task	task	task	existing-unreviewed		0
taskA	taska	taska	existing-unreviewed		0
taskB	taskb	taskb	existing-unreviewed		0
taskC	taskc	taskc	existing-unreviewed		0
taskD	taskd	taskd	existing-unreviewed		0
taskD0	taskd0	taskd0	existing-unreviewed		0
taskD1	taskd1	taskd1	existing-unreviewed		0
taskManager	taskmanager	taskmanager	existing-unreviewed		0
tasks	задачи	задачи	existing-unreviewed		0
temp	temporary	temporary	existing-unreviewed		0
terminated	terminated	terminated	existing-unreviewed		0
text	текст	текст	existing-unreviewed		0
textPtr	текстСтрелка	текстСтрелка	existing-unreviewed		0
text_len	текстlen	текстlen	existing-unreviewed		0
text_mode_check_fb_move	текстРежимcheckfbПомести	текстРежимcheckfbПомести	existing-unreviewed		0
text_mode_disable_cursor	текстРежимdisablecursor	текстРежимdisablecursor	existing-unreviewed		0
text_mode_enable_cursor	текстРежимenablecursor	текстРежимenablecursor	existing-unreviewed		0
text_mode_error_writer	текстРежимГрешкаwriter	текстРежимГрешкаwriter	existing-unreviewed		0
text_mode_flush_screen	текстРежимflushЕкран	текстРежимflushЕкран	existing-unreviewed		0
text_mode_init	текстРежимinit	текстРежимinit	existing-unreviewed		0
text_mode_print	текстРежимПечати	текстРежимПечати	existing-unreviewed		0
text_mode_print_bytes	текстРежимПечатибајти	текстРежимПечатибајти	existing-unreviewed		0
text_mode_print_char	текстРежимПечатиchar	текстРежимПечатиchar	existing-unreviewed		0
text_mode_print_char_col	текстРежимПечатиcharcol	текстРежимПечатиcharcol	existing-unreviewed		0
text_mode_print_col	текстРежимПечатиcol	текстРежимПечатиcol	existing-unreviewed		0
text_mode_print_error	текстРежимПечатиГрешка	текстРежимПечатиГрешка	existing-unreviewed		0
text_mode_print_error_bytes	текстРежимПечатиГрешкабајти	текстРежимПечатиГрешкабајти	existing-unreviewed		0
text_mode_print_errorln	текстРежимПечатиerrorln	текстРежимПечатиerrorln	existing-unreviewed		0
text_mode_print_hex	текстРежимПечатиХекса	текстРежимПечатиХекса	existing-unreviewed		0
text_mode_print_hex16	текстРежимПечатиХекса16	текстРежимПечатиХекса16	existing-unreviewed		0
text_mode_print_hex32	текстРежимПечатиХекса32	текстРежимПечатиХекса32	existing-unreviewed		0
text_mode_print_hex64	текстРежимПечатиХекса64	текстРежимПечатиХекса64	existing-unreviewed		0
text_mode_print_hex_char	текстРежимПечатиХексаchar	текстРежимПечатиХексаchar	existing-unreviewed		0
text_mode_println	текстРежимprintln	текстРежимprintln	existing-unreviewed		0
text_mode_println_col	текстРежимprintlncol	текстРежимprintlncol	existing-unreviewed		0
text_mode_update_cursor	текстРежимАжурирајcursor	текстРежимАжурирајcursor	existing-unreviewed		0
text_mode_writer	текстРежимwriter	текстРежимwriter	existing-unreviewed		0
thr2	thr2	thr2	existing-unreviewed		0
thr3	thr3	thr3	existing-unreviewed		0
thr4	thr4	thr4	existing-unreviewed		0
thread	thread	thread	existing-unreviewed		0
threadExitLoop	threadИзлезloop	threadИзлезloop	existing-unreviewed		0
threadHelper	threadhelper	threadhelper	existing-unreviewed		0
threadPtr	threadСтрелка	threadСтрелка	existing-unreviewed		0
tickCount	tickcount	tickcount	existing-unreviewed		0
timeDelta	времеdelta	времеdelta	existing-unreviewed		0
timeToLive	времеtolive	времеtolive	existing-unreviewed		0
timer	timer	timer	existing-unreviewed		0
tls	tls	tls	existing-unreviewed		0
tmp	tmp	tmp	existing-unreviewed		0
tmpPtr	tmpСтрелка	tmpСтрелка	existing-unreviewed		0
tos	tos	tos	existing-unreviewed		0
totalLength	вкупноДолжина	вкупноДолжина	existing-unreviewed		0
totalSectorCount	вкупноsectorcount	вкупноsectorcount	existing-unreviewed		0
totalSectors	вкупноsectors	вкупноsectors	existing-unreviewed		0
trap	trap	trap	existing-unreviewed		0
tss	tss	tss	existing-unreviewed		0
tssIndex	tssИндекс	tssИндекс	existing-unreviewed		0
udp	udp	udp	existing-unreviewed		0
udpHandler	udphandler	udphandler	existing-unreviewed		0
udpHeaderSize	udpheaderГолемина	udpheaderГолемина	existing-unreviewed		0
udpProvider	udpprovider	udpprovider	existing-unreviewed		0
udp콘솔	udpconsole	udpconsole	existing-unreviewed		0
unused	unused	unused	existing-unreviewed		0
used	искористено	искористено	existing-unreviewed		0
usedBlocks	искористеноblock	искористеноblock	existing-unreviewed		0
user1addr	корисник1address	корисник1address	existing-unreviewed		0
user1data	корисник1data	корисник1data	existing-unreviewed		0
user1entry	корисник1entry	корисник1entry	existing-unreviewed		0
user1file	корисник1Датотека	корисник1Датотека	existing-unreviewed		0
user2addr	корисник2address	корисник2address	existing-unreviewed		0
user2data	корисник2data	корисник2data	existing-unreviewed		0
user2entry	корисник2entry	корисник2entry	existing-unreviewed		0
user2file	корисник2Датотека	корисник2Датотека	existing-unreviewed		0
user3addr	корисник3address	корисник3address	existing-unreviewed		0
user3data	корисник3data	корисник3data	existing-unreviewed		0
user3entry	корисник3entry	корисник3entry	existing-unreviewed		0
user3file	корисник3Датотека	корисник3Датотека	existing-unreviewed		0
userHeapBase	корисникheapbase	корисникheapbase	existing-unreviewed		0
userHeapLimit	корисникheaplimit	корисникheaplimit	existing-unreviewed		0
user_esp	корисникesp	корисникesp	existing-unreviewed		0
userhandler	userhandler	userhandler	existing-unreviewed		0
userproc_entry	userprocentry	userprocentry	existing-unreviewed		0
util	util	util	existing-unreviewed		0
util콘솔	utilconsole	utilconsole	existing-unreviewed		0
v	v	v	existing-unreviewed		0
vAddr	vaddress	vaddress	existing-unreviewed		0
value	вредност	вредност	existing-unreviewed		0
values	values	values	existing-unreviewed		0
version	version	version	existing-unreviewed		0
vga	vga	vga	existing-unreviewed		0
virtlen	virtlen	virtlen	existing-unreviewed		0
virtmem	виртуелноМеморија	виртуелноМеморија	existing-unreviewed		0
virtualAddr	виртуелноaddress	виртуелноaddress	existing-unreviewed		0
volumeId	волуменИд	волуменИд	existing-unreviewed		0
volumeLabel	волуменОзнака	волуменОзнака	existing-unreviewed		0
w	w	w	existing-unreviewed		0
wDate	wДатум	wДатум	existing-unreviewed		0
wTime	wВреме	wВреме	existing-unreviewed		0
waitPS2InputEmpty	чекајps2ВнесПразно	чекајps2ВнесПразно	existing-unreviewed		0
waitPS2OutputFull	чекајps2outputПолно	чекајps2outputПолно	existing-unreviewed		0
wdata	wdata	wdata	existing-unreviewed		0
whence	whence	whence	existing-unreviewed		0
widget	widget	widget	existing-unreviewed		0
width	ширина	ширина	existing-unreviewed		0
writePS2Command	запишиps2Команда	запишиps2Команда	existing-unreviewed		0
writePS2Data	запишиps2data	запишиps2data	existing-unreviewed		0
write_count	запишиcount	запишиcount	existing-unreviewed		0
x	x	x	existing-unreviewed		0
xPageDir	xСтраницаДиректориум	xСтраницаДиректориум	existing-unreviewed		0
xPos	xПозиција	xПозиција	existing-unreviewed		0
y	y	y	existing-unreviewed		0
yPageDir	yСтраницаДиректориум	yСтраницаДиректориум	existing-unreviewed		0
yPos	yПозиција	yПозиција	existing-unreviewed		0
값	вредност_2	вредност_2	existing-unreviewed		0
공용서술자테이블	shareddescriptorТабела	shareddescriptorТабела	existing-unreviewed		0
기준	base_2	base_2	existing-unreviewed		0
기준_낮은	baselow_2	baselow_2	existing-unreviewed		0
기준_높은	basehigh_2	basehigh_2	existing-unreviewed		0
기준_매우높은	baseveryhigh	baseveryhigh	existing-unreviewed		0
기준주소	baseaddress	baseaddress	existing-unreviewed		0
넷카드콘솔	мрежаКартиconsole	мрежаКартиconsole	existing-unreviewed		0
단말기	terminal	terminal	existing-unreviewed		0
마우스콘솔	глушецconsole	глушецconsole	existing-unreviewed		0
매개값	argumentВредност	argumentВредност	existing-unreviewed		0
멈추기	halt	halt	existing-unreviewed		0
목적	одредиште_3	одредиште_3	existing-unreviewed		0
유형	тип	тип	existing-unreviewed		0
이더넷콘솔	етернетconsole	етернетconsole	existing-unreviewed		0
인터럽트무시하기	interruptignore	interruptignore	existing-unreviewed		0
인터럽트예외처리기	interruptexceptionhandler	interruptexceptionhandler	existing-unreviewed		0
인터럽트예외처리기0x00	interruptexceptionhandler0x00	interruptexceptionhandler0x00	existing-unreviewed		0
인터럽트예외처리기0x01	interruptexceptionhandler0x01	interruptexceptionhandler0x01	existing-unreviewed		0
인터럽트예외처리기0x02	interruptexceptionhandler0x02	interruptexceptionhandler0x02	existing-unreviewed		0
인터럽트예외처리기0x03	interruptexceptionhandler0x03	interruptexceptionhandler0x03	existing-unreviewed		0
인터럽트예외처리기0x04	interruptexceptionhandler0x04	interruptexceptionhandler0x04	existing-unreviewed		0
인터럽트예외처리기0x05	interruptexceptionhandler0x05	interruptexceptionhandler0x05	existing-unreviewed		0
인터럽트예외처리기0x06	interruptexceptionhandler0x06	interruptexceptionhandler0x06	existing-unreviewed		0
인터럽트예외처리기0x07	interruptexceptionhandler0x07	interruptexceptionhandler0x07	existing-unreviewed		0
인터럽트예외처리기0x08	interruptexceptionhandler0x08	interruptexceptionhandler0x08	existing-unreviewed		0
인터럽트예외처리기0x09	interruptexceptionhandler0x09	interruptexceptionhandler0x09	existing-unreviewed		0
인터럽트예외처리기0x0A	interruptexceptionhandler0x0a	interruptexceptionhandler0x0a	existing-unreviewed		0
인터럽트예외처리기0x0B	interruptexceptionhandler0x0b	interruptexceptionhandler0x0b	existing-unreviewed		0
인터럽트예외처리기0x0C	interruptexceptionhandler0x0c	interruptexceptionhandler0x0c	existing-unreviewed		0
인터럽트예외처리기0x0D	interruptexceptionhandler0x0d	interruptexceptionhandler0x0d	existing-unreviewed		0
인터럽트예외처리기0x0E	interruptexceptionhandler0x0e	interruptexceptionhandler0x0e	existing-unreviewed		0
인터럽트예외처리기0x0F	interruptexceptionhandler0x0f	interruptexceptionhandler0x0f	existing-unreviewed		0
인터럽트예외처리기0x10	interruptexceptionhandler0x10	interruptexceptionhandler0x10	existing-unreviewed		0
인터럽트예외처리기0x11	interruptexceptionhandler0x11	interruptexceptionhandler0x11	existing-unreviewed		0
인터럽트예외처리기0x12	interruptexceptionhandler0x12	interruptexceptionhandler0x12	existing-unreviewed		0
인터럽트예외처리기0x13	interruptexceptionhandler0x13	interruptexceptionhandler0x13	existing-unreviewed		0
인터럽트요청처리0x00	interruptrequesthandler0x00	interruptrequesthandler0x00	existing-unreviewed		0
인터럽트요청처리0x01	interruptrequesthandler0x01	interruptrequesthandler0x01	existing-unreviewed		0
인터럽트요청처리0x02	interruptrequesthandler0x02	interruptrequesthandler0x02	existing-unreviewed		0
인터럽트요청처리0x03	interruptrequesthandler0x03	interruptrequesthandler0x03	existing-unreviewed		0
인터럽트요청처리0x04	interruptrequesthandler0x04	interruptrequesthandler0x04	existing-unreviewed		0
인터럽트요청처리0x05	interruptrequesthandler0x05	interruptrequesthandler0x05	existing-unreviewed		0
인터럽트요청처리0x06	interruptrequesthandler0x06	interruptrequesthandler0x06	existing-unreviewed		0
인터럽트요청처리0x07	interruptrequesthandler0x07	interruptrequesthandler0x07	existing-unreviewed		0
인터럽트요청처리0x08	interruptrequesthandler0x08	interruptrequesthandler0x08	existing-unreviewed		0
인터럽트요청처리0x09	interruptrequesthandler0x09	interruptrequesthandler0x09	existing-unreviewed		0
인터럽트요청처리0x0A	interruptrequesthandler0x0a	interruptrequesthandler0x0a	existing-unreviewed		0
인터럽트요청처리0x0B	interruptrequesthandler0x0b	interruptrequesthandler0x0b	existing-unreviewed		0
인터럽트요청처리0x0C	interruptrequesthandler0x0c	interruptrequesthandler0x0c	existing-unreviewed		0
인터럽트요청처리0x0D	interruptrequesthandler0x0d	interruptrequesthandler0x0d	existing-unreviewed		0
인터럽트요청처리0x0E	interruptrequesthandler0x0e	interruptrequesthandler0x0e	existing-unreviewed		0
인터럽트요청처리0x0F	interruptrequesthandler0x0f	interruptrequesthandler0x0f	existing-unreviewed		0
인터럽트요청처리0x80	interruptrequesthandler0x80	interruptrequesthandler0x80	existing-unreviewed		0
인터럽트요청처리0x81	interruptrequesthandler0x81	interruptrequesthandler0x81	existing-unreviewed		0
인터럽트요청처리0x82	interruptrequesthandler0x82	interruptrequesthandler0x82	existing-unreviewed		0
인터럽트처리기	interrupthandler_2	interrupthandler_2	existing-unreviewed		0
임시	temporary_2	temporary_2	existing-unreviewed		0
자료	data_2	data_2	existing-unreviewed		0
자신	само_2	само_2	existing-unreviewed		0
작업관리자	taskmanager_2	taskmanager_2	existing-unreviewed		0
작업콘솔	taskconsole	taskconsole	existing-unreviewed		0
조각설명자	segmentdescriptor	segmentdescriptor	existing-unreviewed		0
콘솔	console_2	console_2	existing-unreviewed		0
크기	големина_2	големина_2	existing-unreviewed		0
키보드콘솔	тастатураconsole	тастатураconsole	existing-unreviewed		0
표시들	атрибути_2	атрибути_2	existing-unreviewed		0
표시들_한도_높은	атрибутиlimithigh	атрибутиlimithigh	existing-unreviewed		0
한도	limit_2	limit_2	existing-unreviewed		0
한도_낮은	limitlow_2	limitlow_2	existing-unreviewed		0
