original	before	after	review_status	concept	changed_tokens
Activate	Włącz	Włącz	existing-unreviewed		0
ActivateAll	WłączWszystkie	WłączWszystkie	existing-unreviewed		0
Active	Aktywne	Aktywne	existing-unreviewed		0
ActiveInterruptManager	AktywnePrzerwaniemanager	AktywnePrzerwaniemanager	existing-unreviewed		0
ActiveMemoryManager	AktywnePamięćmanager	AktywnePamięćmanager	existing-unreviewed		0
Add	Dodaj	Dodaj	existing-unreviewed		0
AddDriver	Dodajdriver	Dodajdriver	existing-unreviewed		0
AddRunnableThread	Dodajrunnablethread	Dodajrunnablethread	existing-unreviewed		0
AddTask	DodajZadanie	DodajZadanie	existing-unreviewed		0
AddThread	Dodajthread	Dodajthread	existing-unreviewed		0
Address	Adres	Adres	existing-unreviewed		0
AlignedMalloc	Alignedmalloc	Alignedmalloc	existing-unreviewed		0
AlignmentCheck	Alignmentcheck	Alignmentcheck	existing-unreviewed		0
AllocateBlock	AllocateBlok	AllocateBlok	existing-unreviewed		0
AllocatePID	AllocateIdentyfikator	AllocateIdentyfikator	existing-unreviewed		0
AmountOfMemory	IlośćzPamięć	IlośćzPamięć	existing-unreviewed		0
ArrayToUint16	Tablicatounsignedinteger16	Tablicatounsignedinteger16	existing-unreviewed		0
ArrayToUint32	Tablicatounsignedinteger32	Tablicatounsignedinteger32	existing-unreviewed		0
ArrayToUint48	Tablicatounsignedinteger48	Tablicatounsignedinteger48	existing-unreviewed		0
ArrayToUint48_BE	Tablicatounsignedinteger48be	Tablicatounsignedinteger48be	existing-unreviewed		0
ArrayToUint64	Tablicatounsignedinteger64	Tablicatounsignedinteger64	existing-unreviewed		0
Atime	Atime	Atime	existing-unreviewed		0
AtimeNsec	Atimensec	Atimensec	existing-unreviewed		0
BLOCKS_PER_BYTE	Blokperbyte	Blokperbyte	existing-unreviewed		0
BLOCK_SIZE	BlokRozmiar	BlokRozmiar	existing-unreviewed		0
Backend	Backend	Backend	existing-unreviewed		0
BaseAddr	BaseAdres	BaseAdres	existing-unreviewed		0
Bind	Dowiąż	Dowiąż	existing-unreviewed		0
Blksize	Blksize	Blksize	existing-unreviewed		0
Blocked	Blocked	Blocked	existing-unreviewed		0
BlockedState	BlockedStan	BlockedStan	existing-unreviewed		0
Blocks	Blok	Blok	existing-unreviewed		0
BoundRangeExceeded	BoundZakresexceeded	BoundZakresexceeded	existing-unreviewed		0
BroadcastMacAddress	BroadcastmacAdres	BroadcastmacAdres	existing-unreviewed		0
BytesPerSector	Bajtypersector	Bajtypersector	existing-unreviewed		0
BytesToString	BajtytoCIĄG	BajtytoCIĄG	existing-unreviewed		0
Checksum	Sumakontrolna	Sumakontrolna	existing-unreviewed		0
Clear	Wyczyść	Wyczyść	existing-unreviewed		0
Clone	Clone	Clone	existing-unreviewed		0
CloneAddressSpaceCOW	CloneAdresSpacjacow	CloneAdresSpacjacow	existing-unreviewed		0
Connect	Połącz	Połącz	existing-unreviewed		0
ContainsCoordinate	Containscoordinate	Containscoordinate	existing-unreviewed		0
CopyPageFrameBlock	KopiujStronaRamkaBlok	KopiujStronaRamkaBlok	existing-unreviewed		0
CpuState	ProcesorStan	ProcesorStan	existing-unreviewed		0
Create	Create	Create	existing-unreviewed		0
CreateFromData	Createzdata	Createzdata	existing-unreviewed		0
CreateFromFunction	CreatezFunkcja	CreatezFunkcja	existing-unreviewed		0
CreatePtrFromFunction	CreateKursorzFunkcja	CreateKursorzFunkcja	existing-unreviewed		0
Cs	Cs	Cs	existing-unreviewed		0
Ctime	Ctime	Ctime	existing-unreviewed		0
CtimeNsec	Ctimensec	Ctimensec	existing-unreviewed		0
CurrentPID	BieżącyIdentyfikator	BieżącyIdentyfikator	existing-unreviewed		0
CurrentParentPID	BieżącyrodzicIdentyfikator	BieżącyrodzicIdentyfikator	existing-unreviewed		0
Data	Data	Data	compatibility		0
Deactivate	Wyłącz	Wyłącz	existing-unreviewed		0
Deactive	Deactive	Deactive	existing-unreviewed		0
Decrement	Decrement	Decrement	existing-unreviewed		0
Delete	Usuń	Usuń	existing-unreviewed		0
DescriptorPrivilegeLevel	Descriptorprivilegelevel	Descriptorprivilegelevel	existing-unreviewed		0
DescriptorType	DescriptorTyp	DescriptorTyp	existing-unreviewed		0
Destroy	Zniszcz	Zniszcz	existing-unreviewed		0
Dev	Urządzenie	Urządzenie	existing-unreviewed		0
DeviceHasFunctions	UrządzeniehasFunkcje	UrządzeniehasFunkcje	existing-unreviewed		0
DeviceNotAvailable	UrządzenienotDostępne	UrządzenienotDostępne	existing-unreviewed		0
Device_id	UrządzenieIdentyfikator	UrządzenieIdentyfikator	existing-unreviewed		0
DisableInt	WyłączCałkowity	WyłączCałkowity	existing-unreviewed		0
Disconnect	Rozłącz	Rozłącz	existing-unreviewed		0
DivideByZero	Dzieleniebyzero	Dzieleniebyzero	existing-unreviewed		0
DoHandleInterrupt	DoUchwytPrzerwanie	DoUchwytPrzerwanie	existing-unreviewed		0
DoubleFault	Podwójnejprecyzjifault	Podwójnejprecyzjifault	existing-unreviewed		0
Draw	Draw	Draw	existing-unreviewed		0
DriverManager	Drivermanager	Drivermanager	existing-unreviewed		0
Ds	Ds	Ds	existing-unreviewed		0
Dynamic	Dynamicznie	Dynamicznie	existing-unreviewed		0
E2BIG	E2big	E2big	existing-unreviewed		0
EACCES	Eacces	Eacces	existing-unreviewed		0
EADDRINUSE	Eaddrinuse	Eaddrinuse	existing-unreviewed		0
EAFNOSUPPORT	Eafnosupport	Eafnosupport	existing-unreviewed		0
EAGAIN	Eagain	Eagain	existing-unreviewed		0
EBADF	Ebadf	Ebadf	existing-unreviewed		0
EBUSY	Ebusy	Ebusy	existing-unreviewed		0
ECHILD	Echild	Echild	existing-unreviewed		0
EEXIST	Eexist	Eexist	existing-unreviewed		0
EFAULT	Efault	Efault	existing-unreviewed		0
EFBIG	Efbig	Efbig	existing-unreviewed		0
EINTR	Eintr	Eintr	existing-unreviewed		0
EINVAL	Einval	Einval	existing-unreviewed		0
EIO	Eio	Eio	existing-unreviewed		0
EISDIR	Eisdir	Eisdir	existing-unreviewed		0
EMFILE	Emfile	Emfile	existing-unreviewed		0
EMSGSIZE	Emsgsize	Emsgsize	existing-unreviewed		0
ENETUNREACH	Enetunreach	Enetunreach	existing-unreviewed		0
ENFILE	Enfile	Enfile	existing-unreviewed		0
ENODEV	Enodev	Enodev	existing-unreviewed		0
ENOENT	Enoent	Enoent	existing-unreviewed		0
ENOEXEC	Enoexec	Enoexec	existing-unreviewed		0
ENOMEM	Enomem	Enomem	existing-unreviewed		0
ENOSPC	Enospc	Enospc	existing-unreviewed		0
ENOSYS	Enosys	Enosys	existing-unreviewed		0
ENOTCONN	Enotconn	Enotconn	existing-unreviewed		0
ENOTDIR	Enotdir	Enotdir	existing-unreviewed		0
ENOTTY	Enotty	Enotty	existing-unreviewed		0
EOPNOTSUPP	Eopnotsupp	Eopnotsupp	existing-unreviewed		0
EPERM	Eperm	Eperm	existing-unreviewed		0
EPROTONOSUPPORT	Eprotonosupport	Eprotonosupport	existing-unreviewed		0
ERANGE	Erange	Erange	existing-unreviewed		0
EROFS	Erofs	Erofs	existing-unreviewed		0
ESPIPE	Espipe	Espipe	existing-unreviewed		0
ESRCH	Esrch	Esrch	existing-unreviewed		0
Eax	Eax	Eax	existing-unreviewed		0
Ebp	Ebp	Ebp	existing-unreviewed		0
Ebx	Ebx	Ebx	existing-unreviewed		0
Ecx	Ecx	Ecx	existing-unreviewed		0
Edi	Edi	Edi	existing-unreviewed		0
Edx	Edx	Edx	existing-unreviewed		0
Eflags	Eflags	Eflags	existing-unreviewed		0
Eip	Eip	Eip	existing-unreviewed		0
Elf	Elf	Elf	existing-unreviewed		0
Elf32Dyn	Elf32dyn	Elf32dyn	existing-unreviewed		0
Elf32Note	Elf32Uwaga	Elf32Uwaga	existing-unreviewed		0
Elf32Rel	Elf32rel	Elf32rel	existing-unreviewed		0
Elf32Rela	Elf32rela	Elf32rela	existing-unreviewed		0
Elf32Sym	Elf32sym	Elf32sym	existing-unreviewed		0
ElfHeader	Elfheader	Elfheader	existing-unreviewed		0
ElfProgramHeader	Elfprogramheader	Elfprogramheader	existing-unreviewed		0
ElfSectionHeader	Elfsectionheader	Elfsectionheader	existing-unreviewed		0
EnablePaging	Włączpaging	Włączpaging	existing-unreviewed		0
Enabled	Włączone	Włączone	existing-unreviewed		0
EntryNumber	WpisLiczba	WpisLiczba	existing-unreviewed		0
EqualBytes	OdpowiedniBajty	OdpowiedniBajty	existing-unreviewed		0
Es	Es	Es	existing-unreviewed		0
Esi	Esi	Esi	existing-unreviewed		0
Esp	Esp	Esp	existing-unreviewed		0
FPUBuffer	Fpubuffer	Fpubuffer	existing-unreviewed		0
FPUOffset	FpuPrzesunięcie	FpuPrzesunięcie	existing-unreviewed		0
Family	Family	Family	existing-unreviewed		0
FileName	PlikNazwa	PlikNazwa	existing-unreviewed		0
Fill	Fill	Fill	existing-unreviewed		0
FillRectangle	FillProstokąt	FillProstokąt	existing-unreviewed		0
First	First	First	existing-unreviewed		0
FirstFree	FirstWolne	FirstWolne	existing-unreviewed		0
FirstFreeSize	FirstWolneRozmiar	FirstWolneRozmiar	existing-unreviewed		0
Flags	Znaczniki	Znaczniki	existing-unreviewed		0
FloatingPointException	Zmiennapointexception	Zmiennapointexception	existing-unreviewed		0
Flush	Flush	Flush	existing-unreviewed		0
FlushTlsTable	FlushtlsTabela	FlushtlsTabela	existing-unreviewed		0
Focussable	Focussable	Focussable	existing-unreviewed		0
Free	Wolne	Wolne	existing-unreviewed		0
Fs	Fs	Fs	existing-unreviewed		0
GB	Gb	Gb	existing-unreviewed		0
GDT_ENTRIES	Gdtwpis	Gdtwpis	existing-unreviewed		0
GOT	Got	Got	existing-unreviewed		0
GPFException	Gpfexception	Gpfexception	existing-unreviewed		0
GatewayIP	Gatewayip	Gatewayip	existing-unreviewed		0
GdtAddressHigh	GdtAdresWysoki	GdtAdresWysoki	existing-unreviewed		0
GdtAddressLow	GdtAdresNiski	GdtAdresNiski	existing-unreviewed		0
GdtDescriptor	Gdtdescriptor	Gdtdescriptor	existing-unreviewed		0
GdtEntry	Gdtwpis_2	Gdtwpis_2	existing-unreviewed		0
GdtSize	GdtRozmiar	GdtRozmiar	existing-unreviewed		0
GetAt	Getat	Getat	existing-unreviewed		0
GetBackend	Getbackend	Getbackend	existing-unreviewed		0
GetBaseAddressRegister	GetbaseAdresregister	GetbaseAdresregister	existing-unreviewed		0
GetBitmaspSize	GetbitmaspRozmiar	GetbitmaspRozmiar	existing-unreviewed		0
GetBytesFromPtr	GetBajtyzKursor	GetBajtyzKursor	existing-unreviewed		0
GetCR0	Getcr0	Getcr0	existing-unreviewed		0
GetCR2	Getcr2	Getcr2	existing-unreviewed		0
GetCR3	Getcr3	Getcr3	existing-unreviewed		0
GetCR4	Getcr4	Getcr4	existing-unreviewed		0
GetColorIndex	GetKolorIndeks	GetKolorIndeks	existing-unreviewed		0
GetDeviceDescriptor	GetUrządzeniedescriptor	GetUrządzeniedescriptor	existing-unreviewed		0
GetDriver	Getdriver	Getdriver	existing-unreviewed		0
GetESP0	Getesp0	Getesp0	existing-unreviewed		0
GetEntry	Getwpis	Getwpis	existing-unreviewed		0
GetFileSize	GetPlikRozmiar	GetPlikRozmiar	existing-unreviewed		0
GetFocus	GetUaktywnianie	GetUaktywnianie	existing-unreviewed		0
GetFrameBufferSegment	GetRamkabuffersegment	GetRamkabuffersegment	existing-unreviewed		0
GetFuncPtrFromPtr	GetfuncKursorzKursor	GetfuncKursorzKursor	existing-unreviewed		0
GetFunctionName	GetFunkcjaNazwa	GetFunkcjaNazwa	existing-unreviewed		0
GetHandler	Gethandler	Gethandler	existing-unreviewed		0
GetIPAddress	GetipAdres	GetipAdres	existing-unreviewed		0
GetMACAddress	GetmacAdres	GetmacAdres	existing-unreviewed		0
GetMACFromCache	Getmaczcache	Getmaczcache	existing-unreviewed		0
GetNextReadyThread	GetNastępnyGotowythread	GetNastępnyGotowythread	existing-unreviewed		0
GetNodeAt	GetWęzełat	GetWęzełat	existing-unreviewed		0
GetProvider	Providerget	Providerget	existing-unreviewed		0
GetSS0	Getss0	Getss0	existing-unreviewed		0
GetStr	Getstr	Getstr	existing-unreviewed		0
GetUint32ArrayFromPtr	Getunsignedinteger32TablicazKursor	Getunsignedinteger32TablicazKursor	existing-unreviewed		0
GetUintptrArrayFromPtr	GetunsignedintegerKursorTablicazKursor	GetunsignedintegerKursorTablicazKursor	existing-unreviewed		0
GetValue	GetWartość	GetWartość	existing-unreviewed		0
GetValueInPageDir	GetWartośćWchodzącyStronaKatalog	GetWartośćWchodzącyStronaKatalog	existing-unreviewed		0
Gid	Gid	Gid	existing-unreviewed		0
Gs	Gs	Gs	existing-unreviewed		0
HandleException	Uchwytexception	Uchwytexception	existing-unreviewed		0
HandleFatalInterruptFrame	UchwytfatalPrzerwanieRamka	UchwytfatalPrzerwanieRamka	existing-unreviewed		0
HandleInterrupt	UchwytPrzerwanie	UchwytPrzerwanie	existing-unreviewed		0
HandleInterrupt1	UchwytPrzerwanie1	UchwytPrzerwanie1	existing-unreviewed		0
HandleUserDatagramProtocolMessage	UchwytUżytkownikdatagramprotocolWiadomość	UchwytUżytkownikdatagramprotocolWiadomość	existing-unreviewed		0
IDT_DESC_PRESENT	IdtdescriptorObecny	IdtdescriptorObecny	existing-unreviewed		0
IDT_INTERRUPT_GATE	IdtPrzerwaniegate	IdtPrzerwaniegate	existing-unreviewed		0
IDriver	IDriver	IDriver	existing-unreviewed		0
IEtherFrameHandler	IEthernetRamkahandler	IEthernetRamkahandler	existing-unreviewed		0
IInternetProtocolHandler	IInternetprotocolhandler	IInternetprotocolhandler	existing-unreviewed		0
IInterruptHandler	IPrzerwaniehandler	IPrzerwaniehandler	existing-unreviewed		0
IKeyboardEventHandler	IKlawiaturaWydarzeniehandler	IKlawiaturaWydarzeniehandler	existing-unreviewed		0
IMouseEventHandler	IMyszWydarzeniehandler	IMyszWydarzeniehandler	existing-unreviewed		0
IPCIControllerHandler	IpciKontrolerhandler	IpciKontrolerhandler	existing-unreviewed		0
IPCache	Ipcache	Ipcache	existing-unreviewed		0
IP_BE	IpSiećbyteorder	IpSiećbyteorder	existing-unreviewed		0
IRawDataHandler	IRawdatahandler	IRawdatahandler	existing-unreviewed		0
ITimerEventHandler	ILicznikWydarzeniehandler	ILicznikWydarzeniehandler	existing-unreviewed		0
IUserDatagramProtocolHandler	IUżytkownikdatagramprotocolhandler	IUżytkownikdatagramprotocolhandler	existing-unreviewed		0
IUserDatagramProtocolSocket	IUżytkownikdatagramprotocolGniazdo	IUżytkownikdatagramprotocolGniazdo	existing-unreviewed		0
IWidget	IWidżety	IElement_ekranu	project-proposal	widget	6
Identify	Identify	Identify	existing-unreviewed		0
Increment	Increment	Increment	existing-unreviewed		0
IndexOf	Indeksz	Indeksz	existing-unreviewed		0
Init	Init	Init	existing-unreviewed		0
InitDriver	Initdriver	Initdriver	existing-unreviewed		0
InitialThreadUserJump	InitialthreadUżytkownikjump	InitialthreadUżytkownikjump	existing-unreviewed		0
Ino	Ino	Ino	existing-unreviewed		0
Install	Instalacja	Instalacja	existing-unreviewed		0
Interrupt	Przerwanie	Przerwanie	existing-unreviewed		0
InterruptActive	PrzerwanieAktywne	PrzerwanieAktywne	existing-unreviewed		0
InterruptDeactive	Przerwaniedeactive	Przerwaniedeactive	existing-unreviewed		0
InterruptManager	Przerwaniemanager	Przerwaniemanager	existing-unreviewed		0
InterruptNumber	PrzerwanieLiczba	PrzerwanieLiczba	existing-unreviewed		0
InvalidOpcode	Niewłaściwyopcode	Niewłaściwyopcode	existing-unreviewed		0
InvalidTSS	Niewłaściwytss	Niewłaściwytss	existing-unreviewed		0
IsKernel	Iskernel	Iskernel	existing-unreviewed		0
IsPresent	IsObecny	IsObecny	existing-unreviewed		0
IsUserSpace	IsUżytkownikSpacja	IsUżytkownikSpacja	existing-unreviewed		0
KB	Kb	Kb	existing-unreviewed		0
KCS_INDEX	KcsIndeks	KcsIndeks	existing-unreviewed		0
KCS_SELECTOR	Kcsselector	Kcsselector	existing-unreviewed		0
KDS_INDEX	KdsIndeks	KdsIndeks	existing-unreviewed		0
KDS_SELECTOR	Kdsselector	Kdsselector	existing-unreviewed		0
KERNEL_HEAP_START	KernelheapUruchom	KernelheapUruchom	existing-unreviewed		0
KERNEL_VIRT_ADDR	KernelvirtAdres	KernelvirtAdres	existing-unreviewed		0
KGS_INDEX	KgsIndeks	KgsIndeks	existing-unreviewed		0
KGS_SELECTOR	Kgsselector	Kgsselector	existing-unreviewed		0
K핵심	KKernelEntry	KKernelEntry	compatibility		0
LIDT	Lidt	Lidt	existing-unreviewed		0
Last	Ostatni	Ostatni	existing-unreviewed		0
Len	Len	Len	compatibility		0
Limit	Limit	Limit	existing-unreviewed		0
Link	Odnośnik	Odnośnik	existing-unreviewed		0
LinkMap	Odnośnikmap	Odnośnikmap	existing-unreviewed		0
LinkedList	LinkedLista	LinkedLista	existing-unreviewed		0
Listen	Listen	Listen	existing-unreviewed		0
LoadElf	Obciążenieelf	Obciążenieelf	existing-unreviewed		0
MAC	Mac	Mac	existing-unreviewed		0
MAC0	Mac0	Mac0	existing-unreviewed		0
MAC1	Mac1	Mac1	existing-unreviewed		0
MAC2	Mac2	Mac2	existing-unreviewed		0
MAC3	Mac3	Mac3	existing-unreviewed		0
MAC4	Mac4	Mac4	existing-unreviewed		0
MAC5	Mac5	Mac5	existing-unreviewed		0
MACAddress0Port	MacAdres0port	MacAdres0port	existing-unreviewed		0
MACAddress2Port	MacAdres2port	MacAdres2port	existing-unreviewed		0
MACAddress4Port	MacAdres4port	MacAdres4port	existing-unreviewed		0
MACCache	Maccache	Maccache	existing-unreviewed		0
MAX_QUEUE_SIZE	MaksymalnaqueueRozmiar	MaksymalnaqueueRozmiar	existing-unreviewed		0
MB	Mbar	Mbar	existing-unreviewed		0
MBR	Mbr	Mbr	existing-unreviewed		0
MHex출력	MHexadecimalWydrukuj	MHexadecimalWydrukuj	existing-unreviewed		0
MHex출력XY	MHexadecimalWydrukujxy	MHexadecimalWydrukujxy	existing-unreviewed		0
MUint16출력	MUnsignedinteger16Wydrukuj	MUnsignedinteger16Wydrukuj	existing-unreviewed		0
MUint16출력XY	MUnsignedinteger16Wydrukujxy	MUnsignedinteger16Wydrukujxy	existing-unreviewed		0
MUint32출력	MUnsignedinteger32Wydrukuj	MUnsignedinteger32Wydrukuj	existing-unreviewed		0
MUint32출력XY	MUnsignedinteger32Wydrukujxy	MUnsignedinteger32Wydrukujxy	existing-unreviewed		0
MUint64출력	MUnsignedinteger64Wydrukuj	MUnsignedinteger64Wydrukuj	existing-unreviewed		0
MUint64출력XY	MUnsignedinteger64Wydrukujxy	MUnsignedinteger64Wydrukujxy	existing-unreviewed		0
Machine	Machine	Machine	existing-unreviewed		0
MachineCheck	Machinecheck	Machinecheck	existing-unreviewed		0
MakeRangePrivateWritable	MakeZakresPrywatnewritable	MakeZakresPrywatnewritable	existing-unreviewed		0
Malloc	Malloc	Przydziel_pamięć	project-proposal	allocate_memory	32
MemCmp	Memcmp	Memcmp	existing-unreviewed		0
MemCpy	MemKopiuj	MemKopiuj	existing-unreviewed		0
MemMove	MemPrzenoszenie	MemPrzenoszenie	existing-unreviewed		0
MemSet	Memzbiór	Memzbiór	existing-unreviewed		0
MemoryOper	Pamięćoper	Pamięćoper	existing-unreviewed		0
Mode	TRYB	TRYB	existing-unreviewed		0
ModelToScreen	ModeltoEkran	Ustaw_współrzędne_lokalne	project-proposal	set_coordinates	5
Mtime	Mtime	Mtime	existing-unreviewed		0
MtimeNsec	Mtimensec	Mtimensec	existing-unreviewed		0
MyHandleInterrupt	MyUchwytPrzerwanie	MyUchwytPrzerwanie	existing-unreviewed		0
MyTest	MyPrzetestuj	MyPrzetestuj	existing-unreviewed		0
M긴급로그Hex8	MEmergencyDziennikhexadecimal8	MEmergencyDziennikhexadecimal8	existing-unreviewed		0
M긴급로그Uint32	MEmergencyDziennikunsignedinteger32	MEmergencyDziennikunsignedinteger32	existing-unreviewed		0
M긴급로그문자열	MEmergencyDziennikCIĄG	MEmergencyDziennikCIĄG	existing-unreviewed		0
M직렬로그초기화	MSzeregowoDziennikinit	MSzeregowoDziennikinit	existing-unreviewed		0
M출력	MWydrukuj	MWydrukuj	existing-unreviewed		0
M출력BytesXY	MWydrukujBajtyxy	MWydrukujBajtyxy	existing-unreviewed		0
M출력Hex	MWydrukujhexadecimal	MWydrukujhexadecimal	existing-unreviewed		0
M출력Uint16	MWydrukujunsignedinteger16	MWydrukujunsignedinteger16	existing-unreviewed		0
M출력Uint32	MWydrukujunsignedinteger32	MWydrukujunsignedinteger32	existing-unreviewed		0
M출력XY	MWydrukujxy	MWydrukujxy	existing-unreviewed		0
M테스트	M테스트	M테스트	existing-unreviewed		0
NMI	Nmi	Nmi	existing-unreviewed		0
New	Nowy	Nowy	existing-unreviewed		0
NewInterruptHandler	NowyPrzerwaniehandler	NowyPrzerwaniehandler	existing-unreviewed		0
Next	Następny	Następny	existing-unreviewed		0
Nlink	Nlink	Nlink	existing-unreviewed		0
Node	Węzeł	TWęzeł_listy	project-proposal	list_node	16
Nodename	Nodename	Nodename	existing-unreviewed		0
OnEtherFrameReceived	EthernetRamkareceivewhen	EthernetRamkareceivewhen	existing-unreviewed		0
OnGetDriver	Włączgetdriver	Włączgetdriver	existing-unreviewed		0
OnInternetProtocolReceived	Internetprotocolreceivewhen	Internetprotocolreceivewhen	existing-unreviewed		0
OnKeyDown	WłączKluczWdół	WłączKluczWdół	existing-unreviewed		0
OnKeyUp	WłączKluczGóra	WłączKluczGóra	existing-unreviewed		0
OnMouseDown	WłączMyszWdół	WłączMyszWdół	existing-unreviewed		0
OnMouseMove	WłączMyszPrzenoszenie	WłączMyszPrzenoszenie	existing-unreviewed		0
OnMouseUp	WłączMyszGóra	WłączMyszGóra	existing-unreviewed		0
OnRawDataReceived	Włączrawdatareceive	Włączrawdatareceive	existing-unreviewed		0
OnTick	Włącztick	Włącztick	existing-unreviewed		0
Overflow	Overflow	Overflow	existing-unreviewed		0
P1LinkMap	PWartość1Odnośnikmap	PWartość1Odnośnikmap	existing-unreviewed		0
P2LinkMap	PWartość2Odnośnikmap	PWartość2Odnośnikmap	existing-unreviewed		0
P3LinkMap	PWartość3Odnośnikmap	PWartość3Odnośnikmap	existing-unreviewed		0
PAGE_COW	Stronacow	Stronacow	existing-unreviewed		0
PAGE_FRAME	StronaRamka	StronaRamka	existing-unreviewed		0
PAGE_PRESENT	StronaObecny	StronaObecny	existing-unreviewed		0
PAGE_USER	StronaUżytkownik	StronaUżytkownik	existing-unreviewed		0
PAGE_WRITABLE	Stronawritable	Stronawritable	existing-unreviewed		0
PAUSE_LOOP	Wstrzymajloop	Wstrzymajloop	existing-unreviewed		0
PICMasterCommandPort	PrimarypicPolecenieWEWYport	PrimarypicPolecenieWEWYport	existing-unreviewed		0
PICMasterDataPort	PrimarypicdataWEWYport	PrimarypicdataWEWYport	existing-unreviewed		0
PICSlaveCommandPort	SecondarypicPolecenieWEWYport	SecondarypicPolecenieWEWYport	existing-unreviewed		0
PICSlaveDataPort	SecondarypicdataWEWYport	SecondarypicdataWEWYport	existing-unreviewed		0
PRESENT	Obecny	Obecny	existing-unreviewed		0
PRIV_KERNEL	Privkernel	Privkernel	existing-unreviewed		0
PRIV_USER	PrivUżytkownik	PrivUżytkownik	existing-unreviewed		0
PROC_USER_HEAP_SIZE	ProcUżytkownikheapRozmiar	ProcUżytkownikheapRozmiar	existing-unreviewed		0
PageDirEntry	StronaKatalogwpis	StronaKatalogwpis	existing-unreviewed		0
PageDirectoryEntry	StronaKatalogwpis_2	StronaKatalogwpis_2	existing-unreviewed		0
PageFault	Stronafault	Stronafault	existing-unreviewed		0
PageFaultException	Stronafaultexception	Stronafaultexception	existing-unreviewed		0
PageRoundDown	StronaZaokrąglaWdół	StronaZaokrąglaWdół	existing-unreviewed		0
PageRoundUp	StronaZaokrąglaGóra	StronaZaokrąglaGóra	existing-unreviewed		0
PageTableEntry	StronaTabelawpis	StronaTabelawpis	existing-unreviewed		0
Paging	Paging	Paging	existing-unreviewed		0
ParentPid	RodzicIdentyfikator	RodzicIdentyfikator	existing-unreviewed		0
Parse	Parse	Parse	existing-unreviewed		0
Partition_id	PartitionIdentyfikator	PartitionIdentyfikator	existing-unreviewed		0
PhyMemTest	PhymemPrzetestuj	PhymemPrzetestuj	existing-unreviewed		0
PhysicalMemoryManager	PhysicalPamięćmanager	PhysicalPamięćmanager	existing-unreviewed		0
Pid	Identyfikator	Identyfikator	existing-unreviewed		0
Port	Port	Port	existing-unreviewed		0
PortBase	Portbase	Portbase	existing-unreviewed		0
PortInByte	PortWchodzącybyte	PortWchodzącybyte	existing-unreviewed		0
PortInDword	PortWchodzącydword	PortWchodzącydword	existing-unreviewed		0
PortInWord	PortWchodzącysłowo	PortWchodzącysłowo	existing-unreviewed		0
PortOutByte	PortWychodzącybyte	PortWychodzącybyte	existing-unreviewed		0
PortOutDword	PortWychodzącydword	PortWychodzącydword	existing-unreviewed		0
PortOutWord	PortWychodzącysłowo	PortWychodzącysłowo	existing-unreviewed		0
PortReadByte	PortOdczytbyte	PortOdczytbyte	existing-unreviewed		0
PortReadDword	PortOdczytdword	PortOdczytdword	existing-unreviewed		0
PortReadWord	PortOdczytsłowo	PortOdczytsłowo	existing-unreviewed		0
PortWriteByte	PortZapisbyte	PortZapisbyte	existing-unreviewed		0
PortWriteDword	PortZapisdword	PortZapisdword	existing-unreviewed		0
PortWriteWord	PortZapissłowo	PortZapissłowo	existing-unreviewed		0
Prev	Previous	Previous	existing-unreviewed		0
PrevTSS	Previoustss	Previoustss	existing-unreviewed		0
PrimaryPartition	Primarypartition	Primarypartition	existing-unreviewed		0
Print	Wydrukuj	Wydrukuj	existing-unreviewed		0
PrintBytes	WydrukujBajty	WydrukujBajty	existing-unreviewed		0
PrintStr	Wydrukujstr	Wydrukujstr	existing-unreviewed		0
PrintTLS	Wydrukujtls	Wydrukujtls	existing-unreviewed		0
PrintTest	WydrukujPrzetestuj	WydrukujPrzetestuj	existing-unreviewed		0
Process	Proces	Proces	existing-unreviewed		0
ProcessHelper	Proceshelper	Proceshelper	existing-unreviewed		0
ProcessPendingKeyboardEvents	ProcespendingKlawiaturaWydarzenia	ProcespendingKlawiaturaWydarzenia	existing-unreviewed		0
ProcessPendingMouseEvents	ProcespendingMyszWydarzenia	ProcespendingMyszWydarzenia	existing-unreviewed		0
PushAt	Pushat	Wstaw_pod_indeksem	project-proposal	insert_at	1
PushBack	PushWstecz	Dodaj_na_końcu_listy	project-proposal	append	12
PushFront	PushPrzód	Dodaj_na_początku_listy	project-proposal	prepend	5
PutPixel	Putpixel	Putpixel	existing-unreviewed		0
PutPixelRGB	Putpixelrgb	Putpixelrgb	existing-unreviewed		0
QUEUE_START_ADDR	QueueUruchomAdres	QueueUruchomAdres	existing-unreviewed		0
Rdev	Rdev	Rdev	existing-unreviewed		0
Read	Odczyt	Odczyt	existing-unreviewed		0
Read28	Odczyt28	Odczyt28	existing-unreviewed		0
ReadFile	OdczytPlik	Odczytaj_plik	project-proposal	file_read	7
ReadPartitions	Odczytpartition	Odczytpartition	existing-unreviewed		0
Ready	Gotowy	Gotowy	existing-unreviewed		0
Receive	Receive	Receive	existing-unreviewed		0
Ref	Reference	Reference	existing-unreviewed		0
Release	Release	Release	existing-unreviewed		0
ReloadCR3	Wczytajponowniecr3	Wczytajponowniecr3	existing-unreviewed		0
Remove	Usuń_2	Usuń_2	existing-unreviewed		0
RemoveAt	Usuńat	Usuńat	existing-unreviewed		0
RemoveThread	Usuńthread	Usuńthread	existing-unreviewed		0
RemoveThreadAt	Usuńthreadat	Usuńthreadat	existing-unreviewed		0
RequestMacAddress	RequestmacAdres	RequestmacAdres	existing-unreviewed		0
Reset	Wyzeruj	Wyzeruj	existing-unreviewed		0
Resolve	Resolve	Resolve	existing-unreviewed		0
ResolveCopyOnWriteFault	ResolveKopiujWłączZapisfault	ResolveKopiujWłączZapisfault	existing-unreviewed		0
SCHEDULER_FREQUENCY	Schedulerfrequency	Schedulerfrequency	existing-unreviewed		0
SEG_BIG_MODE	SegbigTRYB	SegbigTRYB	existing-unreviewed		0
SEG_EXEC	SegUruchomienie	SegUruchomienie	existing-unreviewed		0
SEG_GRAN_4K_PAGE	Seggran4kStrona	Seggran4kStrona	existing-unreviewed		0
SEG_GRAN_BYTE	Seggranbyte	Seggranbyte	existing-unreviewed		0
SEG_KERNEL_CODE	Segkernelcode	Segkernelcode	existing-unreviewed		0
SEG_KERNEL_DATA	Segkerneldata	Segkerneldata	existing-unreviewed		0
SEG_KERNEL_GS	Segkernelgs	Segkernelgs	existing-unreviewed		0
SEG_NOEXEC	Segnoexec	Segnoexec	existing-unreviewed		0
SEG_NORMAL	SegZwykły	SegZwykły	existing-unreviewed		0
SEG_NORW	Segnorw	Segnorw	existing-unreviewed		0
SEG_R	Segr	Segr	existing-unreviewed		0
SEG_SYSTEM	SegSystemowe	SegSystemowe	existing-unreviewed		0
SEG_TASK_STATE	SegZadanieStan	SegZadanieStan	existing-unreviewed		0
SEG_USER_CODE	SegUżytkownikcode	SegUżytkownikcode	existing-unreviewed		0
SEG_USER_DATA	SegUżytkownikdata	SegUżytkownikdata	existing-unreviewed		0
SEG_USER_GS	SegUżytkownikgs	SegUżytkownikgs	existing-unreviewed		0
SEG_W	Segw	Segw	existing-unreviewed		0
SIMDFloatingPointException	SimdZmiennapointexception	SimdZmiennapointexception	existing-unreviewed		0
SIZE	Rozmiar	Rozmiar	existing-unreviewed		0
SYS_ACCESS	Sysdostępu	Sysdostępu	existing-unreviewed		0
SYS_BRK	Sysbrk	Sysbrk	existing-unreviewed		0
SYS_CHDIR	Syschdir	Syschdir	existing-unreviewed		0
SYS_CLOSE	SysZamknij	SysZamknij	existing-unreviewed		0
SYS_CREAT	Syscreat	Syscreat	existing-unreviewed		0
SYS_DUP	Sysdup	Sysdup	existing-unreviewed		0
SYS_DUP2	Sysdup2	Sysdup2	existing-unreviewed		0
SYS_EXECVE	Sysexecve	Sysexecve	existing-unreviewed		0
SYS_EXIT	SysZakończ	SysZakończ	existing-unreviewed		0
SYS_FCNTL	Sysfcntl	Sysfcntl	existing-unreviewed		0
SYS_FORK	Sysfork	Sysfork	existing-unreviewed		0
SYS_FSTAT	Sysfstat	Sysfstat	existing-unreviewed		0
SYS_FSYNC	Sysfsync	Sysfsync	existing-unreviewed		0
SYS_GETCWD	Sysgetcwd	Sysgetcwd	existing-unreviewed		0
SYS_GETEGID	Sysgetegid	Sysgetegid	existing-unreviewed		0
SYS_GETEUID	Sysgeteuid	Sysgeteuid	existing-unreviewed		0
SYS_GETGID	Sysgetgid	Sysgetgid	existing-unreviewed		0
SYS_GETPID	Sysgetpid	Sysgetpid	existing-unreviewed		0
SYS_GETPPID	Sysgetppid	Sysgetppid	existing-unreviewed		0
SYS_GETUID	Sysgetuid	Sysgetuid	existing-unreviewed		0
SYS_LSEEK	Syslseek	Syslseek	existing-unreviewed		0
SYS_LSTAT	Syslstat	Syslstat	existing-unreviewed		0
SYS_OPEN	SysOtwórz	SysOtwórz	existing-unreviewed		0
SYS_READ	SysOdczyt	SysOdczyt	existing-unreviewed		0
SYS_RT_EXIT	SysrtZakończ	SysrtZakończ	existing-unreviewed		0
SYS_SOCKETCALL	Syssocketcall	Syssocketcall	existing-unreviewed		0
SYS_STAT	Sysstat	Sysstat	existing-unreviewed		0
SYS_SYNC	Syssync	Syssync	existing-unreviewed		0
SYS_UNAME	Sysuname	Sysuname	existing-unreviewed		0
SYS_WAITPID	Syswaitpid	Syswaitpid	existing-unreviewed		0
SYS_WRITE	SysZapis	SysZapis	existing-unreviewed		0
Schedule	Schedule	Schedule	existing-unreviewed		0
Scheduler	Scheduler	Scheduler	existing-unreviewed		0
SchedulerData	Schedulerdata	Schedulerdata	existing-unreviewed		0
SegmentNotPresent	SegmentnotObecny	SegmentnotObecny	existing-unreviewed		0
SelectDrivers	Zaznaczdriver	Zaznaczdriver	existing-unreviewed		0
Send	Wyślij	Wyślij	existing-unreviewed		0
SendEchoRequest	EchorequestWyślij	EchorequestWyślij	existing-unreviewed		0
SendFrame	RamkaWyślij	RamkaWyślij	existing-unreviewed		0
SerialInit	Szeregowoinit	Szeregowoinit	existing-unreviewed		0
SerialWriteByte	SzeregowoZapisbyte	SzeregowoZapisbyte	existing-unreviewed		0
SetBackend	Zbiórbackend	Zbiórbackend	existing-unreviewed		0
SetBit	Zbiórbit	Zbiórbit	existing-unreviewed		0
SetBlockInPageDir	ZbiórBlokWchodzącyStronaKatalog	ZbiórBlokWchodzącyStronaKatalog	existing-unreviewed		0
SetBuffer	Zbiórbuffer	Zbiórbuffer	existing-unreviewed		0
SetByteAtAddr	ZbiórbyteatAdres	ZbiórbyteatAdres	existing-unreviewed		0
SetByteInPageDir	ZbiórbyteWchodzącyStronaKatalog	ZbiórbyteWchodzącyStronaKatalog	existing-unreviewed		0
SetCR3	Zbiórcr3	Zbiórcr3	existing-unreviewed		0
SetColor	ZbiórKolor	ZbiórKolor	existing-unreviewed		0
SetDescriptor	Zbiórdescriptor	Zbiórdescriptor	existing-unreviewed		0
SetHandleInterruptFuction	ZbiórUchwytPrzerwaniefuction	ZbiórUchwytPrzerwaniefuction	existing-unreviewed		0
SetHandler	Zbiórhandler	Zbiórhandler	existing-unreviewed		0
SetIPAddress	ZbióripAdres	ZbióripAdres	existing-unreviewed		0
SetInterruptDescriptorTableEntry	PrzerwaniedescriptorTabelawpiszbiór	PrzerwaniedescriptorTabelawpiszbiór	existing-unreviewed		0
SetInterruptManager	ZbiórPrzerwaniemanager	ZbiórPrzerwaniemanager	existing-unreviewed		0
SetInterruptNumber	ZbiórPrzerwanieLiczba	ZbiórPrzerwanieLiczba	existing-unreviewed		0
SetMode	ZbiórTRYB	ZbiórTRYB	existing-unreviewed		0
SetNodeAt	ZbiórWęzełat	ZbiórWęzełat	existing-unreviewed		0
SetStack	Zbiórstack	Zbiórstack	existing-unreviewed		0
SetTlsSegment	Zbiórtlssegment	Zbiórtlssegment	existing-unreviewed		0
SetUint32AtAddr	Zbiórunsignedinteger32atAdres	Zbiórunsignedinteger32atAdres	existing-unreviewed		0
SetUint32InPageDir	Zbiórunsignedinteger32WchodzącyStronaKatalog	Zbiórunsignedinteger32WchodzącyStronaKatalog	existing-unreviewed		0
SetUint8AtAddr	Zbiórunsignedinteger8atAdres	Zbiórunsignedinteger8atAdres	existing-unreviewed		0
SharedMemoryRegion	SharedPamięćregion	SharedPamięćregion	existing-unreviewed		0
Size	Rozmiar_2	Rozmiar_2	existing-unreviewed		0
Spawn	Spawn	Spawn	existing-unreviewed		0
Ss	Ss	Ss	existing-unreviewed		0
Stack	Stack	Stack	existing-unreviewed		0
StackSegmentFault	Stacksegmentfault	Stacksegmentfault	existing-unreviewed		0
Start_lba	Uruchomlba	Uruchomlba	existing-unreviewed		0
Started	Uruchomiono	Uruchomiono	existing-unreviewed		0
StdinPutByte	Stdinputbyte	Stdinputbyte	existing-unreviewed		0
StopCurrentThread	ZatrzymajBieżącythread	ZatrzymajBieżącythread	existing-unreviewed		0
Stopped	Zatrzymany	Zatrzymany	existing-unreviewed		0
SubnetMask	SubnetMaska	SubnetMaska	existing-unreviewed		0
SupportMode	ObsługaTRYB	ObsługaTRYB	existing-unreviewed		0
Sys_brk	Sysbrk_2	Sysbrk_2	existing-unreviewed		0
Sys_close	SysZamknij_2	SysZamknij_2	existing-unreviewed		0
Sys_exit	SysZakończ_2	SysZakończ_2	existing-unreviewed		0
Sys_getpid	Sysgetpid_2	Sysgetpid_2	existing-unreviewed		0
Sys_mousemove	Sysmousemove	Sysmousemove	existing-unreviewed		0
Sys_open	SysOtwórz_2	SysOtwórz_2	existing-unreviewed		0
Sys_printStr	SysWydrukujstr	SysWydrukujstr	existing-unreviewed		0
Sys_printUint32	SysWydrukujunsignedinteger32	SysWydrukujunsignedinteger32	existing-unreviewed		0
Sys_printf	Sysprintf	Sysprintf	existing-unreviewed		0
Sys_read	SysOdczyt_2	SysOdczyt_2	existing-unreviewed		0
Syscall	Syscall	Syscall	existing-unreviewed		0
Sysname	Sysname	Sysname	existing-unreviewed		0
TARPEtherFrameHandler	ArpethernetRamkahandler	ArpethernetRamkahandler	existing-unreviewed		0
TARPMessage	ArpWiadomość	ArpWiadomość	existing-unreviewed		0
TARPMessageBuffer	ArpWiadomośćbuffer	ArpWiadomośćbuffer	existing-unreviewed		0
TARPProvider	Arpprovider	Arpprovider	existing-unreviewed		0
TAdvancedTechnologyAttachment	TZaawansowaneTechnologiaattachment	TZaawansowaneTechnologiaattachment	existing-unreviewed		0
TArray	TTablica	TTablica	existing-unreviewed		0
TBaseAddressRegister	TBaseAdresregister	TBaseAdresregister	existing-unreviewed		0
TBiosParameterBlock32	TBiosparameterBlok32	TParametry_systemu_plików32	project-proposal	fat_parameters	11
TBufferDescriptor	TBufferdescriptor	TBufferdescriptor	existing-unreviewed		0
TCOWFrameManager	TcowRamkamanager	TcowRamkamanager	existing-unreviewed		0
TCPUState	TcpuStan	TcpuStan	existing-unreviewed		0
TDefaultKeyboardEventHandler	TDomyślneKlawiaturaWydarzeniehandler	TDomyślneKlawiaturaWydarzeniehandler	existing-unreviewed		0
TDefaultMouseEventHandler	TDomyślneMyszWydarzeniehandler	TDomyślneMyszWydarzeniehandler	existing-unreviewed		0
TDefaultPCIControllerHandler	TDomyślnepciKontrolerhandler	TDomyślnepciKontrolerhandler	existing-unreviewed		0
TDefaultTimerEventHandler	TDomyślneLicznikWydarzeniehandler	TDomyślneLicznikWydarzeniehandler	existing-unreviewed		0
TDirectoryEntryFat32	TKatalogwpisfat32	TKatalogwpisfat32	existing-unreviewed		0
TDriverManager	TDrivermanager	TDrivermanager	existing-unreviewed		0
TEtherFrameHandler	TEthernetRamkahandler	TEthernetRamkahandler	existing-unreviewed		0
TEtherFrameHeader	TEthernetRamkaheader	TNagłówek_ramki_sieci_o_wspólnym_medium	project-proposal	ethernet_header	8
TEtherFrameHeaderBuffer	TEthernetRamkaheaderbuffer	TEthernetRamkaheaderbuffer	existing-unreviewed		0
TEtherFrameProvider	TEthernetRamkaprovider	TDostawca_ramek_sieci_o_wspólnym_medium	project-proposal	ethernet_provider	20
TEtherFrameRawDataHandler	TEthernetRamkarawdatahandler	TEthernetRamkarawdatahandler	existing-unreviewed		0
TGateDescriptor	TGatedescriptor	TGatedescriptor	existing-unreviewed		0
THREAD_STACK_SIZE	ThreadstackRozmiar	ThreadstackRozmiar	existing-unreviewed		0
TICMPHandler	Icmphandler	Icmphandler	existing-unreviewed		0
TIPEtherFrameHandler	IpethernetRamkahandler	IpethernetRamkahandler	existing-unreviewed		0
TInitializationBlock	TInitializationBlok	TInitializationBlok	existing-unreviewed		0
TInternetControlMessageProtocol	TInternetSterowanieWiadomośćprotocol	TProtokół_komunikatów_sterujących_połączonych_sieci	project-proposal	icmp	5
TInternetControlMessageProtocolMessage	TInternetSterowanieWiadomośćprotocolWiadomość	TInternetSterowanieWiadomośćprotocolWiadomość	existing-unreviewed		0
TInternetControlMessageProtocolMessageBuffer	TInternetSterowanieWiadomośćprotocolWiadomośćbuffer	TInternetSterowanieWiadomośćprotocolWiadomośćbuffer	existing-unreviewed		0
TInternetProtocolHandler	TInternetprotocolhandler	TInternetprotocolhandler	existing-unreviewed		0
TInternetProtocolProvider	TInternetprotocolprovider	TDostawca_protokołu_połączonych_sieci	project-proposal	ip_provider	14
TInternetProtocolV4Message	TInternetprotocolv4Wiadomość	TInternetprotocolv4Wiadomość	existing-unreviewed		0
TInternetProtocolV4MessageBuffer	TInternetprotocolv4Wiadomośćbuffer	TInternetprotocolv4Wiadomośćbuffer	existing-unreviewed		0
TInterruptDescriptorTablePointer	TPrzerwaniedescriptorTabelaKursor	TPrzerwaniedescriptorTabelaKursor	existing-unreviewed		0
TInterruptHandler	TPrzerwaniehandler	TPrzerwaniehandler	existing-unreviewed		0
TInterruptManager	TPrzerwaniemanager	TPrzerwaniemanager	existing-unreviewed		0
TKeyboardDriver	TKlawiaturadriver	TKlawiaturadriver	existing-unreviewed		0
TLS_START	TlsUruchom	TlsUruchom	existing-unreviewed		0
TMSDOSPartitionTable	TmsdospartitionTabela	TmsdospartitionTabela	existing-unreviewed		0
TMasterBootRecord	TGłównybootNagrywanie	TGłówny_rekord_rozruchowy	project-proposal	boot_record	3
TMemoryChunk	TPamięćchunk	TPamięćchunk	existing-unreviewed		0
TMemoryManager	TPamięćmanager	TPamięćmanager	existing-unreviewed		0
TMouseDriver	TMyszdriver	TMyszdriver	existing-unreviewed		0
TMyKeyboardEventHandler	TMyKlawiaturaWydarzeniehandler	TMyKlawiaturaWydarzeniehandler	existing-unreviewed		0
TMyMouseEventHandler	TMyMyszWydarzeniehandler	TMyMyszWydarzeniehandler	existing-unreviewed		0
TMyPCIControllerHandler	TMypciKontrolerhandler	TMypciKontrolerhandler	existing-unreviewed		0
TPartitionTableEntry	TPartitionTabelawpis	TPartitionTabelawpis	existing-unreviewed		0
TPeripheralComponentInterconnectController	TPeripheralcomponentinterconnectKontroler	TPeripheralcomponentinterconnectKontroler	existing-unreviewed		0
TPeripheralComponentInterconnectDeviceDescriptor	TPeripheralcomponentinterconnectUrządzeniedescriptor	TPeripheralcomponentinterconnectUrządzeniedescriptor	existing-unreviewed		0
TPort	TPort	TPort	existing-unreviewed		0
TPort16Bit	TPort16bit	TPort16bit	existing-unreviewed		0
TPort32Bit	TPort32bit	TPort32bit	existing-unreviewed		0
TPort8Bit	TPort8bit	TPort8bit	existing-unreviewed		0
TRawDataHandler	TRawdatahandler	TRawdatahandler	existing-unreviewed		0
TSSEntry	Tsswpis	Tsswpis	existing-unreviewed		0
TSyscall	TSyscall	TSyscall	existing-unreviewed		0
TTask	TZadanie	TZadanie	existing-unreviewed		0
TThread	TThread	TThread	existing-unreviewed		0
TThreadHelper	TThreadhelper	TThreadhelper	existing-unreviewed		0
TTimerDriver	TLicznikdriver	TLicznikdriver	existing-unreviewed		0
TUserDatagramProtocolHandler	TUżytkownikdatagramprotocolhandler	TUżytkownikdatagramprotocolhandler	existing-unreviewed		0
TUserDatagramProtocolHeader	TUżytkownikdatagramprotocolheader	TNagłówek_datagramu_użytkownika	project-proposal	udp_header	5
TUserDatagramProtocolHeaderBuffer	TUżytkownikdatagramprotocolheaderbuffer	TUżytkownikdatagramprotocolheaderbuffer	existing-unreviewed		0
TUserDatagramProtocolProvider	TUżytkownikdatagramprotocolprovider	TUżytkownikdatagramprotocolprovider	existing-unreviewed		0
TUserDatagramProtocolSocket	TUżytkownikdatagramprotocolGniazdo	TPunkt_końcowy_datagramów_użytkownika	project-proposal	udp_socket	17
TVideoGraphicsArray	TWideoGrafikaTablica	TWideoGrafikaTablica	existing-unreviewed		0
TWidget	TWidżety	TElement_ekranu	project-proposal	widget	9
TWidgetMouseEventHandler	TWidżetyMyszWydarzeniehandler	TWidżetyMyszWydarzeniehandler	existing-unreviewed		0
Tamd_am79c973	Tamdam79c973	Tamdam79c973	existing-unreviewed		0
Test	Przetestuj	Przetestuj	existing-unreviewed		0
TestBit	Przetestujbit	Przetestujbit	existing-unreviewed		0
TestPrint	PrzetestujWydrukuj	PrzetestujWydrukuj	existing-unreviewed		0
Thread	Thread	Thread	existing-unreviewed		0
ThreadList	ThreadLista	ThreadLista	existing-unreviewed		0
ThreadState	ThreadStan	ThreadStan	existing-unreviewed		0
Threads	Threads	Threads	existing-unreviewed		0
TlsSegments	TlsSegmenty	TlsSegmenty	existing-unreviewed		0
TotalBlocks	ŁącznieBlok	ŁącznieBlok	existing-unreviewed		0
Type	Typ	Typ	existing-unreviewed		0
TypeTest	TypPrzetestuj	TypPrzetestuj	existing-unreviewed		0
T공용서술자테이블	TShareddescriptorTabela	TShareddescriptorTabela	existing-unreviewed		0
T공용서술자테이블_자료	TShareddescriptorTabeladata	TShareddescriptorTabeladata	existing-unreviewed		0
T작업관리자	TZadaniemanager	TZadaniemanager	existing-unreviewed		0
T조각설명자	TSegmentdescriptor	TSegmentdescriptor	existing-unreviewed		0
T콘솔	TKonsola	TKonsola	existing-unreviewed		0
T함수1	TFunkcja1	TFunkcja1	existing-unreviewed		0
UDESC_32SEG	Udesc32seg	Udesc32seg	existing-unreviewed		0
UDESC_CONTENTS	UdescSpistreści	UdescSpistreści	existing-unreviewed		0
UDESC_LIMIT_IN_PAGES	UdesclimitWchodzącypages	UdesclimitWchodzącypages	existing-unreviewed		0
UDESC_RX_ONLY	Udescrxonly	Udescrxonly	existing-unreviewed		0
UDESC_SEG_NOT_PRESENT	UdescsegnotObecny	UdescsegnotObecny	existing-unreviewed		0
UDESC_USABLE	Udescusable	Udescusable	existing-unreviewed		0
USER_STACK	Użytkownikstack	Użytkownikstack	existing-unreviewed		0
USER_STACK_SIZE	UżytkownikstackRozmiar	UżytkownikstackRozmiar	existing-unreviewed		0
USER_STACK_TOP	UżytkownikstackGóra	UżytkownikstackGóra	existing-unreviewed		0
Uid	Użytkownik	Użytkownik	existing-unreviewed		0
Uint16ToArray	Unsignedinteger16toTablica	Unsignedinteger16toTablica	existing-unreviewed		0
Uint16ToArray_BE	Unsignedinteger16toTablicabe	Unsignedinteger16toTablicabe	existing-unreviewed		0
Uint16_R	Unsignedinteger16r	Unsignedinteger16r	existing-unreviewed		0
Uint32ToArray	Unsignedinteger32toTablica	Unsignedinteger32toTablica	existing-unreviewed		0
Uint32_R	Unsignedinteger32r	Unsignedinteger32r	existing-unreviewed		0
Uint48ToArray	Unsignedinteger48toTablica	Unsignedinteger48toTablica	existing-unreviewed		0
Uint48ToArray_BE	Unsignedinteger48toTablicabe	Unsignedinteger48toTablicabe	existing-unreviewed		0
Uint48_R	Unsignedinteger48r	Unsignedinteger48r	existing-unreviewed		0
Uint64ToArray	Unsignedinteger64toTablica	Unsignedinteger64toTablica	existing-unreviewed		0
Uint64_R	Unsignedinteger64r	Unsignedinteger64r	existing-unreviewed		0
UnhandleInterrupt	UnhandlePrzerwanie	UnhandlePrzerwanie	existing-unreviewed		0
UnsetBit	Nieustalonobit	Odwróć_bit_zajętości	project-proposal	toggle_bit	1
UsedBlocks	UżytychBlok	UżytychBlok	existing-unreviewed		0
UserDesc	Użytkownikdescriptor	Użytkownikdescriptor	existing-unreviewed		0
UserStack	Użytkownikstack_2	Użytkownikstack_2	existing-unreviewed		0
UserStackSize	UżytkownikstackRozmiar_2	UżytkownikstackRozmiar_2	existing-unreviewed		0
Vendor_id	DostawcaIdentyfikator	DostawcaIdentyfikator	existing-unreviewed		0
Version	Wersja	Wersja	existing-unreviewed		0
VirtTest	VirtPrzetestuj	VirtPrzetestuj	existing-unreviewed		0
Write	Zapis	Zapis	existing-unreviewed		0
Write28	Zapis28	Zapis28	existing-unreviewed		0
WriteRegisters	Zapisregister	Zapisregister	existing-unreviewed		0
X	X	X	existing-unreviewed		0
Y	Y	Y	existing-unreviewed		0
Zero	Zero	Zero	existing-unreviewed		0
ZeroBlockInPageDir	ZeroBlokWchodzącyStronaKatalog	ZeroBlokWchodzącyStronaKatalog	existing-unreviewed		0
a	a	a	existing-unreviewed		0
aTime	aCzas	aCzas	existing-unreviewed		0
access	dostępu	dostępu	existing-unreviewed		0
accessMode	dostępuTRYB	dostępuTRYB	existing-unreviewed		0
ack	ack	ack	existing-unreviewed		0
activeKeyboardDriver	aktywneKlawiaturadriver	aktywneKlawiaturadriver	existing-unreviewed		0
activeMouseDriver	aktywneMyszdriver	aktywneMyszdriver	existing-unreviewed		0
addr	adres	adres	existing-unreviewed		0
addrPtr	adresKursor	adresKursor	existing-unreviewed		0
address	adres_2	adres_2	existing-unreviewed		0
addressError	adresBłąd	adresBłąd	existing-unreviewed		0
afInet	afinet	afinet	existing-unreviewed		0
allocFD	allocateDP	allocateDP	existing-unreviewed		0
allocOpenFile	allocateOtwórzPlik	allocateOtwórzPlik	existing-unreviewed		0
allocProcess	allocateProces	allocateProces	existing-unreviewed		0
allocateSocket	allocateGniazdo	allocateGniazdo	existing-unreviewed		0
allocated	allocated	allocated	existing-unreviewed		0
amd_am79c973	amdam79c973	amdam79c973	existing-unreviewed		0
args	argumenty	argumenty	existing-unreviewed		0
argument	argument	argument	existing-unreviewed		0
argumentPointers	argumentpointers	argumentpointers	existing-unreviewed		0
arguments	argumenty_2	argumenty_2	existing-unreviewed		0
arp	arp	arp	existing-unreviewed		0
arpBuffer	arpbuffer	arpbuffer	existing-unreviewed		0
arpMesgSize	arpmesgRozmiar	arpmesgRozmiar	existing-unreviewed		0
arpProvider	arpprovider	arpprovider	existing-unreviewed		0
arp콘솔	arpKonsola	arpKonsola	existing-unreviewed		0
array	tablica	tablica	existing-unreviewed		0
ata	ata	ata	existing-unreviewed		0
ata0s	ata0s	ata0s	existing-unreviewed		0
attempts	attempts	attempts	existing-unreviewed		0
attr	atrybut	atrybut	existing-unreviewed		0
attributeControllerIndexPort	atrybutKontrolerIndeksport	atrybutKontrolerIndeksport	existing-unreviewed		0
attributeControllerReadPort	atrybutKontrolerOdczytport	atrybutKontrolerOdczytport	existing-unreviewed		0
attributeControllerResetPort	atrybutKontrolerWyzerujport	atrybutKontrolerWyzerujport	existing-unreviewed		0
attributeControllerWritePort	atrybutKontrolerZapisport	atrybutKontrolerZapisport	existing-unreviewed		0
attributes	atrybuty	atrybuty	existing-unreviewed		0
aux	aux	aux	existing-unreviewed		0
avail	dostępne	dostępne	existing-unreviewed		0
b	b	b	existing-unreviewed		0
backend	backend	backend	existing-unreviewed		0
backupFpRegs	backupfpregs	backupfpregs	existing-unreviewed		0
backupSector	backupsector	backupsector	existing-unreviewed		0
bar	pasek	pasek	existing-unreviewed		0
barNum	pasekLiczba	pasekLiczba	existing-unreviewed		0
bar_value	pasekWartość	pasekWartość	existing-unreviewed		0
base	base	base	existing-unreviewed		0
baseCode	basecode	basecode	existing-unreviewed		0
baseHigh	baseWysoki	baseWysoki	existing-unreviewed		0
baseLow	baseNiski	baseNiski	existing-unreviewed		0
baseMid	basemid	basemid	existing-unreviewed		0
base_addr_high	baseAdresWysoki	baseAdresWysoki	existing-unreviewed		0
base_addr_low	baseAdresNiski	baseAdresNiski	existing-unreviewed		0
bh	bh	bh	existing-unreviewed		0
bindEphemeral	dowiążephemeral	dowiążephemeral	existing-unreviewed		0
bindError	dowiążBłąd	dowiążBłąd	existing-unreviewed		0
bios	bios	bios	existing-unreviewed		0
bit	bit	bit	existing-unreviewed		0
bitmap	bitmap	mapa_zajętości	project-proposal	bitmap	2
bootSignature	bootsignature	bootsignature	existing-unreviewed		0
bootable	bootable	bootable	existing-unreviewed		0
bootloader	bootloader	bootloader	existing-unreviewed		0
bound	bound	bound	existing-unreviewed		0
bpb	bpb	parametry_systemu_plików	project-proposal	fat_parameters	16
bpbBytes	bpbBajty	bpbBajty	existing-unreviewed		0
bpbPtr	bpbKursor	bpbKursor	existing-unreviewed		0
buf	buffer	buffer	existing-unreviewed		0
buf1	buffer1	buffer1	existing-unreviewed		0
buf2	buffer2	buffer2	existing-unreviewed		0
buf3	buffer3	buffer3	existing-unreviewed		0
buf4	buffer4	buffer4	existing-unreviewed		0
buf6	buffer6	buffer6	existing-unreviewed		0
buffer	buffer_2	buffer_2	existing-unreviewed		0
buffer1	buffer1_2	buffer1_2	existing-unreviewed		0
buffer2	buffer2_2	buffer2_2	existing-unreviewed		0
bufferAddr	bufferAdres	bufferAdres	existing-unreviewed		0
bufferAddress	bufferAdres_2	bufferAdres_2	existing-unreviewed		0
bufptr	bufferKursor	bufferKursor	existing-unreviewed		0
bus	bus	bus	existing-unreviewed		0
busControlRegisterDataPort	busSterowanieregisterdataport	busSterowanieregisterdataport	existing-unreviewed		0
button	przycisk	przycisk	existing-unreviewed		0
buttons	przycisk_2	przycisk_2	existing-unreviewed		0
bytesPerSector	bajtypersector	bajtypersector	existing-unreviewed		0
c	c	c	existing-unreviewed		0
cDate	cData	cData	existing-unreviewed		0
cTime	cCzas	cCzas	existing-unreviewed		0
cTimeTenth	cCzastenth	cCzastenth	existing-unreviewed		0
call	call	call	existing-unreviewed		0
candidate	candidate	candidate	existing-unreviewed		0
cap	cap	cap	existing-unreviewed		0
char	char	char	existing-unreviewed		0
checked	checked	checked	existing-unreviewed		0
checksum	sumakontrolna	sumakontrolna	existing-unreviewed		0
child	dziecko	dziecko	existing-unreviewed		0
childPID	dzieckoIdentyfikator	dzieckoIdentyfikator	existing-unreviewed		0
childPageDir	dzieckoStronaKatalog	dzieckoStronaKatalog	existing-unreviewed		0
chunk	chunk	chunk	existing-unreviewed		0
class_id	klasaIdentyfikator	klasaIdentyfikator	existing-unreviewed		0
closeAllProcessFDs	zamknijWszystkieProcesfds	zamknijWszystkieProcesfds	existing-unreviewed		0
closeOnExec	zamknijWłączUruchomienie	zamknijWłączUruchomienie	existing-unreviewed		0
closeProcessFD	zamknijProcesDP	zamknijProcesDP	existing-unreviewed		0
code	code	code	existing-unreviewed		0
code1Ptr	code1Kursor	code1Kursor	existing-unreviewed		0
code1ptr	code1Kursor_2	code1Kursor_2	existing-unreviewed		0
code2Ptr	code2Kursor	code2Kursor	existing-unreviewed		0
code3Ptr	code3Kursor	code3Kursor	existing-unreviewed		0
codeSegment	codesegment	codesegment	existing-unreviewed		0
colorIndex	kolorIndeks	kolorIndeks	existing-unreviewed		0
colordepth	kolordepth	kolordepth	existing-unreviewed		0
command	polecenie	polecenie	existing-unreviewed		0
commandPort	polecenieport	polecenieport	existing-unreviewed		0
commandport	polecenieport_2	polecenieport_2	existing-unreviewed		0
common	zwykły	zwykły	existing-unreviewed		0
connected	connected	connected	existing-unreviewed		0
console	konsola	konsola	existing-unreviewed		0
controlPort	sterowanieport	sterowanieport	existing-unreviewed		0
copyExecVector	kopiujUruchomienievector	kopiujUruchomienievector	existing-unreviewed		0
copyLength	kopiujDługość	kopiujDługość	existing-unreviewed		0
copyPageDir	kopiujStronaKatalog	kopiujStronaKatalog	existing-unreviewed		0
copyPath	kopiujŚCIEŻKA	kopiujŚCIEŻKA	existing-unreviewed		0
copySocketName	kopiujGniazdoNazwa	kopiujGniazdoNazwa	existing-unreviewed		0
copyUtsField	kopiujutspole	kopiujutspole	existing-unreviewed		0
count	liczba	liczba	existing-unreviewed		0
count2	liczba2	liczba2	existing-unreviewed		0
cowFrameManager	cowRamkamanager	cowRamkamanager	existing-unreviewed		0
cpu	procesor	procesor	existing-unreviewed		0
cpustate	procesorStan	procesorStan	existing-unreviewed		0
cr0	cr0	cr0	existing-unreviewed		0
cr3	cr3	cr3	existing-unreviewed		0
cr4	cr4	cr4	existing-unreviewed		0
crtcDataPort	crtcdataport	crtcdataport	existing-unreviewed		0
crtcIndexPort	crtcIndeksport	crtcIndeksport	existing-unreviewed		0
cs	cs	cs	existing-unreviewed		0
currentRecvBuffer	bieżącyrecvbuffer	bieżącyrecvbuffer	existing-unreviewed		0
currentSendBuffer	bieżącyWyślijbuffer	bieżącyWyślijbuffer	existing-unreviewed		0
currentTask	bieżącyZadanie	bieżącyZadanie	existing-unreviewed		0
currentThread	bieżącythread	bieżącythread	existing-unreviewed		0
currentThreadIndex	bieżącythreadIndeks	bieżącythreadIndeks	existing-unreviewed		0
cursorHeight	kursorWysokość	kursorWysokość	existing-unreviewed		0
cursorStart	kursorUruchom	kursorUruchom	existing-unreviewed		0
d_tag	dZnacznik	dZnacznik	existing-unreviewed		0
d_val_ptr	dvalKursor	dvalKursor	existing-unreviewed		0
data	data	data	existing-unreviewed		0
dataBuf	databuffer	databuffer	existing-unreviewed		0
dataBytes	dataBajty	dataBajty	existing-unreviewed		0
dataPointer	dataKursor	dataKursor	existing-unreviewed		0
dataPort	dataport	dataport	existing-unreviewed		0
dataStart	dataUruchom	dataUruchom	existing-unreviewed		0
databuffer	databuffer_2	databuffer_2	existing-unreviewed		0
dataport	dataport_2	dataport_2	existing-unreviewed		0
defaultKeyboardEventHandler	domyślneKlawiaturaWydarzeniehandler	domyślneKlawiaturaWydarzeniehandler	existing-unreviewed		0
desc	descriptor	descriptor	existing-unreviewed		0
description	opis	opis	existing-unreviewed		0
destination	cel	cel	existing-unreviewed		0
destinationAddress	celAdres	celAdres	existing-unreviewed		0
destinationLength	celDługość	celDługość	existing-unreviewed		0
dev	urządzenie	urządzenie	existing-unreviewed		0
device	urządzenie_2	urządzenie_2	existing-unreviewed		0
deviceDescriptor	urządzeniedescriptor	urządzeniedescriptor	existing-unreviewed		0
devicePort	urządzenieport	urządzenieport	existing-unreviewed		0
diff	diff	diff	existing-unreviewed		0
digits	digits	digits	existing-unreviewed		0
dirent	dirent	dirent	existing-unreviewed		0
direntBytes	direntBajty	direntBajty	existing-unreviewed		0
direntPtr	direntKursor	direntKursor	existing-unreviewed		0
discardProcess	porzućProces	porzućProces	existing-unreviewed		0
dispatchInterrupt	dispatchPrzerwanie	dispatchPrzerwanie	existing-unreviewed		0
divisor	divisor	divisor	existing-unreviewed		0
domain	domena	domena	existing-unreviewed		0
driveNumber	driveLiczba	driveLiczba	existing-unreviewed		0
driver	driver	driver	existing-unreviewed		0
driverManager	drivermanager	drivermanager	existing-unreviewed		0
drivercount	driverLiczba	driverLiczba	existing-unreviewed		0
drv	driver_2	driver_2	existing-unreviewed		0
ds	ds	ds	existing-unreviewed		0
ds_segment	dssegment	dssegment	existing-unreviewed		0
dst	cel_2	cel_2	existing-unreviewed		0
dstEntry	celwpis	celwpis	existing-unreviewed		0
dstIP	celipAdres	celipAdres	existing-unreviewed		0
dstIP_BE	celipAdresSiećbyteorder	celipAdresSiećbyteorder	existing-unreviewed		0
dstMAC	celmacAdres	celmacAdres	existing-unreviewed		0
dstMAC_BE	celmacbe	celmacbe	existing-unreviewed		0
dstPageDir	celStronaKatalog	celStronaKatalog	existing-unreviewed		0
dstPort	celportLiczba	numer_portu_docelowego	project-proposal	destination_port	9
dstPt	celpt	celpt	existing-unreviewed		0
dstPtPtr	celptKursor	celptKursor	existing-unreviewed		0
dstPtr	celKursor	celKursor	existing-unreviewed		0
dstptr	celKursor_2	celKursor_2	existing-unreviewed		0
dynamic	dynamicznie	dynamicznie	existing-unreviewed		0
e	e	e	existing-unreviewed		0
e_ehsize	eehsize	eehsize	existing-unreviewed		0
e_entry	ewpis	ewpis	existing-unreviewed		0
e_flags	eZnaczniki	eZnaczniki	existing-unreviewed		0
e_ident	eident	eident	existing-unreviewed		0
e_machine	emachine	emachine	existing-unreviewed		0
e_phentsize	ephentsize	ephentsize	existing-unreviewed		0
e_phnum	ephnum	ephnum	existing-unreviewed		0
e_phoff	ephoff	ephoff	existing-unreviewed		0
e_shentsize	eshentsize	eshentsize	existing-unreviewed		0
e_shnum	eshnum	eshnum	existing-unreviewed		0
e_shoff	eshoff	eshoff	existing-unreviewed		0
e_shstrndx	eshstrndx	eshstrndx	existing-unreviewed		0
e_type	eTyp	eTyp	existing-unreviewed		0
e_version	eWersja	eWersja	existing-unreviewed		0
eax	eax	eax	existing-unreviewed		0
ebp	ebp	ebp	existing-unreviewed		0
ebx	ebx	ebx	existing-unreviewed		0
ecx	ecx	ecx	existing-unreviewed		0
edi	edi	edi	existing-unreviewed		0
edx	edx	edx	existing-unreviewed		0
efHandler	efhandler	efhandler	existing-unreviewed		0
eflags	eflags	eflags	existing-unreviewed		0
eip	eip	eip	existing-unreviewed		0
eipOffset	eipPrzesunięcie	eipPrzesunięcie	existing-unreviewed		0
elf	elf	format_wykonywalny_i_konsolidowalny	project-proposal	elf	6
elf0	elf0	elf0	existing-unreviewed		0
elf2	elf2	elf2	existing-unreviewed		0
elf3	elf3	elf3	existing-unreviewed		0
elf4	elf4	elf4	existing-unreviewed		0
elfHeader	elfheader	elfheader	existing-unreviewed		0
enabled	włączone	włączone	existing-unreviewed		0
end	koniec	koniec	existing-unreviewed		0
endOffset	koniecPrzesunięcie	koniecPrzesunięcie	existing-unreviewed		0
end_cylinder	konieccylinder	konieccylinder	existing-unreviewed		0
end_head	koniechead	koniechead	existing-unreviewed		0
end_sector	koniecsector	koniecsector	existing-unreviewed		0
ensureCurrentProcess	ensureBieżącyProces	ensureBieżącyProces	existing-unreviewed		0
entry	wpis	wpis	existing-unreviewed		0
entryPoint	wpispoint	wpispoint	existing-unreviewed		0
entrypoint	wpispoint_2	wpispoint_2	existing-unreviewed		0
environment	environment	environment	existing-unreviewed		0
environmentPointers	environmentpointers	environmentpointers	existing-unreviewed		0
err	błędy	błędy	existing-unreviewed		0
errorPort	błądport	błądport	existing-unreviewed		0
es	es	es	existing-unreviewed		0
esi	esi	esi	existing-unreviewed		0
esp	esp	esp	existing-unreviewed		0
esp0	esp0	esp0	existing-unreviewed		0
esp1	esp1	esp1	existing-unreviewed		0
esp2	esp2	esp2	existing-unreviewed		0
etherFrameProvider	ethernetRamkaprovider	dostawca_ramek_sieci_o_wspólnym_medium	project-proposal	ethernet_provider	1
etherType	ethernetTyp	ethernetTyp	existing-unreviewed		0
etherType_BE	ethernetTypbe	ethernetTypbe	existing-unreviewed		0
etherframe	ethernetRamka	ramka_sieci_o_wspólnym_medium	project-proposal	ethernet_frame	1
etherframePayload	ethernetRamkapayload	ethernetRamkapayload	existing-unreviewed		0
except	except	except	existing-unreviewed		0
exceptionCR0	exceptioncr0	exceptioncr0	existing-unreviewed		0
exceptionCR2	exceptioncr2	exceptioncr2	existing-unreviewed		0
exceptionCR3	exceptioncr3	exceptioncr3	existing-unreviewed		0
exceptionFrameValue	exceptionRamkaWartość	exceptionRamkaWartość	existing-unreviewed		0
exceptionHasErrorCode	exceptionhasBłądcode	exceptionhasBłądcode	existing-unreviewed		0
exceptionName	exceptionNazwa	exceptionNazwa	existing-unreviewed		0
execVector	uruchomienievector	uruchomienievector	existing-unreviewed		0
exists	exists	exists	existing-unreviewed		0
exited	zakończono	zakończono	existing-unreviewed		0
ext	ext	ext	existing-unreviewed		0
extFlags	extZnaczniki	extZnaczniki	existing-unreviewed		0
extendedScanCode	extendedSkanujcode	extendedSkanujcode	existing-unreviewed		0
fDupFD	fdupDP	fdupDP	existing-unreviewed		0
fGetFD	fgetDP	fgetDP	existing-unreviewed		0
fGetFL	fgetfl	fgetfl	existing-unreviewed		0
fSetFD	fzbiórDP	fzbiórDP	existing-unreviewed		0
fSetFL	fzbiórfl	fzbiórfl	existing-unreviewed		0
fat	fat	fat	existing-unreviewed		0
fatCopies	fatKopiuj	fatKopiuj	existing-unreviewed		0
fatInfo	fatInformacja	fatInformacja	existing-unreviewed		0
fatOffsetInSectorForCurrentCluster	fatPrzesunięcieWchodzącysectorforBieżącycluster	fatPrzesunięcieWchodzącysectorforBieżącycluster	existing-unreviewed		0
fatSectorCount	fatsectorLiczba	fatsectorLiczba	existing-unreviewed		0
fatSectorForCurrentCluster	fatsectorforBieżącycluster	fatsectorforBieżącycluster	existing-unreviewed		0
fatSize	fatRozmiar	fatRozmiar	existing-unreviewed		0
fatStart	fatUruchom	fatUruchom	existing-unreviewed		0
fatTypeLabel	fatTypetykieta	fatTypetykieta	existing-unreviewed		0
fatVersion	fatWersja	fatWersja	existing-unreviewed		0
fatbuf	fatbuf	fatbuf	existing-unreviewed		0
fatbuffer	fatbuffer	fatbuffer	existing-unreviewed		0
faultAddr	faultAdres	faultAdres	existing-unreviewed		0
fb	fb	fb	existing-unreviewed		0
fbCurCol	fbBieżącycol	fbBieżącycol	existing-unreviewed		0
fbCurLine	fbBieżącyWiersz	fbBieżącyWiersz	existing-unreviewed		0
fbHeight	fbWysokość	fbWysokość	existing-unreviewed		0
fbPhysAddr	fbphysAdres	fbphysAdres	existing-unreviewed		0
fbWidth	fbSzerokość	fbSzerokość	existing-unreviewed		0
fd	dP	dP	existing-unreviewed		0
fdCloexec	dPcloexec	dPcloexec	existing-unreviewed		0
fdEntry	dPwpis	dPwpis	existing-unreviewed		0
fdFlags	dPZnaczniki	dPZnaczniki	existing-unreviewed		0
fdKindConsole	dPRodzajKonsola	dPRodzajKonsola	existing-unreviewed		0
fdKindFat	dPRodzajfat	dPRodzajfat	existing-unreviewed		0
fdKindNone	dPRodzajBrak	dPRodzajBrak	existing-unreviewed		0
fdKindRootDir	dPRodzajElementgłównyKatalog	dPRodzajElementgłównyKatalog	existing-unreviewed		0
fdKindSocket	dPRodzajGniazdo	dPRodzajGniazdo	existing-unreviewed		0
fdKindStdin	dPRodzajstdin	dPRodzajstdin	existing-unreviewed		0
fds	fds	fds	existing-unreviewed		0
filePtr	plikKursor	plikKursor	existing-unreviewed		0
fileSector	pliksector	pliksector	existing-unreviewed		0
fileSize	plikRozmiar	plikRozmiar	existing-unreviewed		0
filename	nazwapliku	nazwapliku	existing-unreviewed		0
fillPosixStat	fillposixstat	fillposixstat	existing-unreviewed		0
findProcess	znajdźProces	znajdźProces	existing-unreviewed		0
first	first	first	existing-unreviewed		0
firstClusterHi	firstclusterhi	firstclusterhi	existing-unreviewed		0
firstClusterLow	firstclusterNiski	firstclusterNiski	existing-unreviewed		0
firstFileCluster	firstPlikcluster	firstPlikcluster	existing-unreviewed		0
flags	znaczniki	znaczniki	existing-unreviewed		0
flags2	znaczniki2	znaczniki2	existing-unreviewed		0
flagsAndOffset	znacznikiorazPrzesunięcie	znacznikiorazPrzesunięcie	existing-unreviewed		0
flushIndex	flushIndeks	flushIndeks	existing-unreviewed		0
flushTlsTable	flushtlsTabela	flushtlsTabela	existing-unreviewed		0
flush_tss	flushtss	flushtss	existing-unreviewed		0
fn	fn	fn	existing-unreviewed		0
foo	foo	foo	existing-unreviewed		0
foundChild	founddziecko	founddziecko	existing-unreviewed		0
frame	ramka	ramka	existing-unreviewed		0
frameCount	ramkaLiczba	ramkaLiczba	existing-unreviewed		0
frameHeaderSize	ramkaheaderRozmiar	ramkaheaderRozmiar	existing-unreviewed		0
free	wolne	wolne	existing-unreviewed		0
freePort	wolneport	wolneport	existing-unreviewed		0
frequency	frequency	frequency	existing-unreviewed		0
fs	fs	fs	existing-unreviewed		0
func1Val	func1val	func1val	existing-unreviewed		0
func2Val	func2val	func2val	existing-unreviewed		0
func3Val	func3val	func3val	existing-unreviewed		0
func_addr	funcAdres	funcAdres	existing-unreviewed		0
func_bytes	funcBajty	funcBajty	existing-unreviewed		0
func_name	funcNazwa	funcNazwa	existing-unreviewed		0
func_value	funcWartość	funcWartość	existing-unreviewed		0
function	funkcja	funkcja	existing-unreviewed		0
fxrstor	fxrstor	fxrstor	existing-unreviewed		0
fxsave	fxsave	fxsave	existing-unreviewed		0
g	g	g	existing-unreviewed		0
g_320x200x256	g320x200x256	g320x200x256	existing-unreviewed		0
gate	gate	gate	existing-unreviewed		0
gateData	gatedata	gatedata	existing-unreviewed		0
gatewayIP	gatewayip	gatewayip	existing-unreviewed		0
gdt	gdt	gdt	existing-unreviewed		0
gdtDescriptor	gdtdescriptor	gdtdescriptor	existing-unreviewed		0
gdtEntry	gdtwpis	gdtwpis	existing-unreviewed		0
gdtTable	gdtTabela	gdtTabela	existing-unreviewed		0
gdtTableLen	gdtTabelalen	gdtTabelalen	existing-unreviewed		0
gdt_codeSegmentSelector	gdtcodesegmentselector	gdtcodesegmentselector	existing-unreviewed		0
gdt_func	gdtfunc	gdtfunc	existing-unreviewed		0
getCR2	getcr2	getcr2	existing-unreviewed		0
getCR3	getcr3	getcr3	existing-unreviewed		0
getDescriptor	getdescriptor	getdescriptor	existing-unreviewed		0
getESI	getesi	getesi	existing-unreviewed		0
getESP	getesp	getesp	existing-unreviewed		0
getGDT	getgdt	getgdt	existing-unreviewed		0
getGS	getgs	getgs	existing-unreviewed		0
getOpenFile	getOtwórzPlik	getOtwórzPlik	existing-unreviewed		0
getOpenFileFor	getOtwórzPlikfor	getOtwórzPlikfor	existing-unreviewed		0
getTLS	gettls	gettls	existing-unreviewed		0
globalDescriptorTable	globalnydescriptorTabela	globalnydescriptorTabela	existing-unreviewed		0
globalOffsetTable	globalnyPrzesunięcieTabela	globalnyPrzesunięcieTabela	existing-unreviewed		0
global_offset_table	globalnyPrzesunięcieTabela_2	globalnyPrzesunięcieTabela_2	existing-unreviewed		0
graphicsControllerDataPort	grafikaKontrolerdataport	grafikaKontrolerdataport	existing-unreviewed		0
graphicsControllerIndexPort	grafikaKontrolerIndeksport	grafikaKontrolerIndeksport	existing-unreviewed		0
grub_multiboot_memory_map_t	grubmultibootPamięćmapt	grubmultibootPamięćmapt	existing-unreviewed		0
gs	gs	gs	existing-unreviewed		0
gs_segment	gssegment	gssegment	existing-unreviewed		0
h	h	h	existing-unreviewed		0
haltAfterFatalException	haltNajpierwkoniecwierszafatalexception	haltNajpierwkoniecwierszafatalexception	existing-unreviewed		0
handleInterrupt	uchwytPrzerwanie	uchwytPrzerwanie	existing-unreviewed		0
handleKeyboardInterrupt	uchwytKlawiaturaPrzerwanie	uchwytKlawiaturaPrzerwanie	existing-unreviewed		0
handleMouseInterrupt	uchwytMyszPrzerwanie	uchwytMyszPrzerwanie	existing-unreviewed		0
handlePagingInterrupt	uchwytpagingPrzerwanie	uchwytpagingPrzerwanie	existing-unreviewed		0
handleUnhandledSyscall	uchwytunhandledsyscall	uchwytunhandledsyscall	existing-unreviewed		0
handler	handler	handler	existing-unreviewed		0
handlerAddressHighBits	handlerAdresWysokib	handlerAdresWysokib	existing-unreviewed		0
handlerAddressLowBits	handlerAdresNiskib	handlerAdresNiskib	existing-unreviewed		0
handlerRun	handlerUruchom	handlerUruchom	existing-unreviewed		0
handlers	handler_2	handler_2	existing-unreviewed		0
hardwareAddressSize	sprzętAdresRozmiar	sprzętAdresRozmiar	existing-unreviewed		0
hardwareInterruptOffset	sprzętPrzerwaniePrzesunięcie	sprzętPrzerwaniePrzesunięcie	existing-unreviewed		0
hardwareType	sprzętTyp	sprzętTyp	existing-unreviewed		0
hd	hd	hd	existing-unreviewed		0
head	head	head	existing-unreviewed		0
headCount	headLiczba	headLiczba	existing-unreviewed		0
headerLength	headerDługość	headerDługość	existing-unreviewed		0
headertype	headertype	headertype	existing-unreviewed		0
height	wysokość	wysokość	existing-unreviewed		0
hex	szesnastkowo	szesnastkowo	existing-unreviewed		0
hiddenSectors	ukrytesectors	ukrytesectors	existing-unreviewed		0
i	i	i	existing-unreviewed		0
iCount	iLiczba	iLiczba	existing-unreviewed		0
iDrivers	idriver	idriver	existing-unreviewed		0
iKeyboardEventHandler	iKlawiaturaWydarzeniehandler	iKlawiaturaWydarzeniehandler	existing-unreviewed		0
iMouseEventHandler	iMyszWydarzeniehandler	iMyszWydarzeniehandler	existing-unreviewed		0
iPCIControllerHandler	ipciKontrolerhandler	ipciKontrolerhandler	existing-unreviewed		0
iRawDataHandler	irawdatahandler	irawdatahandler	existing-unreviewed		0
iTimerEventHandler	iLicznikWydarzeniehandler	iLicznikWydarzeniehandler	existing-unreviewed		0
icmp	icmp	protokół_komunikatów_sterujących_połączonych_sieci	project-proposal	icmp	12
icmpSize	icmpRozmiar	icmpRozmiar	existing-unreviewed		0
icmp콘솔	icmpKonsola	icmpKonsola	existing-unreviewed		0
id	identyfikator	identyfikator	existing-unreviewed		0
ident	ident	ident	existing-unreviewed		0
idtData	idtdata	idtdata	existing-unreviewed		0
idtPointer	idtKursor	idtKursor	existing-unreviewed		0
idx	idx	idx	existing-unreviewed		0
index	indeks	indeks	existing-unreviewed		0
initBlock	initBlok	initBlok	existing-unreviewed		0
initFileDescriptors	initPlikdescriptor	initPlikdescriptor	existing-unreviewed		0
initPIT	initpit	initpit	existing-unreviewed		0
initializeProcessFDs	initializeProcesfds	initializeProcesfds	existing-unreviewed		0
inode	iwęzeł	iwęzeł	existing-unreviewed		0
inputEventTask	wejścieWydarzenieZadanie	wejścieWydarzenieZadanie	existing-unreviewed		0
installIDT	instalacjaidt	instalacjaidt	existing-unreviewed		0
intNumber	całkowityLiczba	całkowityLiczba	existing-unreviewed		0
interface_id	interfejsIdentyfikator	interfejsIdentyfikator	existing-unreviewed		0
internetprotocolPayload	internetprotocolpayload	internetprotocolpayload	existing-unreviewed		0
interrupt	przerwanie	przerwanie	existing-unreviewed		0
interruptDebug	przerwanieDiagnozuj	przerwanieDiagnozuj	existing-unreviewed		0
interruptExitLoop	przerwanieZakończloop	przerwanieZakończloop	existing-unreviewed		0
interruptGateEntries	przerwaniegatewpis	przerwaniegatewpis	existing-unreviewed		0
interruptHandler	przerwaniehandler	przerwaniehandler	existing-unreviewed		0
interrupts	interrupts	interrupts	existing-unreviewed		0
iomap	iomap	iomap	existing-unreviewed		0
ip	ip	ip	existing-unreviewed		0
ipEtherFrameHandler	ipethernetRamkahandler	ipethernetRamkahandler	existing-unreviewed		0
ipHandler	iphandler	iphandler	existing-unreviewed		0
ipIdx	ipidx	ipidx	existing-unreviewed		0
ipProtocolUDP	ipprotocoludp	ipprotocoludp	existing-unreviewed		0
ipProvider	ipprovider	dostawca_protokołu_połączonych_sieci	project-proposal	ip_provider	5
ipSize	ipRozmiar	ipRozmiar	existing-unreviewed		0
ip_be	ipSiećbyteorder	ipSiećbyteorder	existing-unreviewed		0
ipmessage	internetprotocolWiadomość	internetprotocolWiadomość	existing-unreviewed		0
ipv4	ipv4	protokół_połączonych_sieci_4	project-proposal	ipv4	1
ip콘솔	ipKonsola	ipKonsola	existing-unreviewed		0
isKernel	iskernel	iskernel	existing-unreviewed		0
isRoot	isElementgłówny	isElementgłówny	existing-unreviewed		0
isRootPath	isElementgłównyŚCIEŻKA	isElementgłównyŚCIEŻKA	existing-unreviewed		0
isSharedPDE	issharedpde	issharedpde	existing-unreviewed		0
istOffset	istPrzesunięcie	istPrzesunięcie	existing-unreviewed		0
j	j	j	existing-unreviewed		0
jmp	jmp	jmp	existing-unreviewed		0
jmp_user	jmpUżytkownik	jmpUżytkownik	existing-unreviewed		0
jump_usermode_iret	jumpTrybużytkownikairet	jumpTrybużytkownikairet	existing-unreviewed		0
kPageDirEntry	kStronaKatalogwpis	kStronaKatalogwpis	existing-unreviewed		0
kernelESP	kernelesp	kernelesp	existing-unreviewed		0
kernelPageDirEntry	kernelStronaKatalogwpis	kernelStronaKatalogwpis	existing-unreviewed		0
kernelSS	kernelss	kernelss	existing-unreviewed		0
key	klucz	klucz	existing-unreviewed		0
keyboard	klawiatura	klawiatura	existing-unreviewed		0
keyboardDriver	klawiaturadriver	klawiaturadriver	existing-unreviewed		0
keyboardEventHandler	klawiaturaWydarzeniehandler	klawiaturaWydarzeniehandler	existing-unreviewed		0
keyboardQueue	klawiaturaqueue	klawiaturaqueue	existing-unreviewed		0
keyboardQueueRead	klawiaturaqueueOdczyt	klawiaturaqueueOdczyt	existing-unreviewed		0
keyboardQueueSize	klawiaturaqueueRozmiar	klawiaturaqueueRozmiar	existing-unreviewed		0
keyboardQueueWrite	klawiaturaqueueZapis	klawiaturaqueueZapis	existing-unreviewed		0
kind	rodzaj	rodzaj	existing-unreviewed		0
l	l	l	existing-unreviewed		0
last	ostatni	ostatni	existing-unreviewed		0
lbaHiPort	lbahiport	lbahiport	existing-unreviewed		0
lbaLowPort	lbaNiskiport	lbaNiskiport	existing-unreviewed		0
lbaMidPort	lbamidport	lbamidport	existing-unreviewed		0
ldt	ldt	ldt	existing-unreviewed		0
leftShift	lewoshift	lewoshift	existing-unreviewed		0
len	len	len	existing-unreviewed		0
len_ver	lenver	lenver	existing-unreviewed		0
length	długość	długość	existing-unreviewed		0
lengthAddress	długośćAdres	długośćAdres	existing-unreviewed		0
lengthInBytes	długośćWchodzącyBajty	długośćWchodzącyBajty	existing-unreviewed		0
length_high	długośćWysoki	długośćWysoki	existing-unreviewed		0
length_low	długośćNiski	długośćNiski	existing-unreviewed		0
lengths	lengths	lengths	existing-unreviewed		0
lib1Addr	lib1Adres	lib1Adres	existing-unreviewed		0
lib1Data	lib1data	lib1data	existing-unreviewed		0
lib1File	lib1Plik	lib1Plik	existing-unreviewed		0
lib1GOT	lib1got	lib1got	existing-unreviewed		0
lib1elf	lib1elf	lib1elf	existing-unreviewed		0
lib2Addr	lib2Adres	lib2Adres	existing-unreviewed		0
lib2Data	lib2data	lib2data	existing-unreviewed		0
lib2File	lib2Plik	lib2Plik	existing-unreviewed		0
lib2GOT	lib2got	lib2got	existing-unreviewed		0
lib2elf	lib2elf	lib2elf	existing-unreviewed		0
libLinkMap	libOdnośnikmap	libOdnośnikmap	existing-unreviewed		0
lidtaddr	lidtaddr	lidtaddr	existing-unreviewed		0
limit	limit	limit	existing-unreviewed		0
limitHighAndFlags	limitWysokiorazZnaczniki	limitWysokiorazZnaczniki	existing-unreviewed		0
limitLow	limitNiski	limitNiski	existing-unreviewed		0
linkMap	odnośnikmap	odnośnikmap	existing-unreviewed		0
linkMapAddr	odnośnikmapAdres	odnośnikmapAdres	existing-unreviewed		0
linkerAddr	linkerAdres	linkerAdres	existing-unreviewed		0
linkerData	linkerdata	linkerdata	existing-unreviewed		0
linkerEntry	linkerwpis	linkerwpis	existing-unreviewed		0
linkerFile	linkerPlik	linkerPlik	existing-unreviewed		0
list	lista	lista	existing-unreviewed		0
listening	listening	listening	existing-unreviewed		0
loader	loader	loader	existing-unreviewed		0
local	lokalny	lokalny	existing-unreviewed		0
localDatagramSocket	lokalnydatagramGniazdo	lokalnydatagramGniazdo	existing-unreviewed		0
localIP	lokalnyip	lokalnyip	existing-unreviewed		0
localPort	lokalnyportLiczba	lokalnyportLiczba	existing-unreviewed		0
localSockets	lokalnysockets	lokalnysockets	existing-unreviewed		0
logicalAddress	logiczneAdres	logiczneAdres	existing-unreviewed		0
macAddr	macAdres	macAdres	existing-unreviewed		0
macIdx	macidx	macidx	existing-unreviewed		0
magicnumber	magicnumber	magicnumber	existing-unreviewed		0
main	main	main	compatibility		0
mainThread	głównythread	głównythread	existing-unreviewed		0
makePagePrivateWritableCurrent	makeStronaPrywatnewritableBieżący	makeStronaPrywatnewritableBieżący	existing-unreviewed		0
makeRangePrivateWritableCurrent	makeZakresPrywatnewritableBieżący	makeZakresPrywatnewritableBieżący	existing-unreviewed		0
manager	manager	manager	existing-unreviewed		0
mask	maska	maska	existing-unreviewed		0
master	główny	główny	existing-unreviewed		0
matches	matches	matches	existing-unreviewed		0
maxBARs	maksymalnabars	maksymalnabars	existing-unreviewed		0
maxDatagramSize	maksymalnadatagramRozmiar	maksymalnadatagramRozmiar	existing-unreviewed		0
maxExecStringLength	maksymalnaUruchomienieCIĄGDługość	maksymalnaUruchomienieCIĄGDługość	existing-unreviewed		0
maxExecVectorEntries	maksymalnaUruchomienievectorwpis	maksymalnaUruchomienievectorwpis	existing-unreviewed		0
maxFD	maksymalnaDP	maksymalnaDP	existing-unreviewed		0
maxOpenFiles	maksymalnaOtwórzPLIKI	maksymalnaOtwórzPLIKI	existing-unreviewed		0
maxSocketPackets	maksymalnaGniazdopakietów	maksymalnaGniazdopakietów	existing-unreviewed		0
maxSockets	maksymalnasockets	maksymalnasockets	existing-unreviewed		0
maximumBlocks	maksimumBlok	maksimumBlok	existing-unreviewed		0
mediaType	nośnikiTyp	nośnikiTyp	existing-unreviewed		0
mem	mem	mem	existing-unreviewed		0
memoryArray	pamięćTablica	pamięćTablica	existing-unreviewed		0
memoryChunkSize	pamięćchunkRozmiar	pamięćchunkRozmiar	existing-unreviewed		0
memoryManager	pamięćmanager	pamięćmanager	existing-unreviewed		0
memoryOper	pamięćoper	pamięćoper	existing-unreviewed		0
memorySize	pamięćRozmiar	pamięćRozmiar	existing-unreviewed		0
memorymananger	memorymananger	memorymananger	existing-unreviewed		0
memorytest	memorytest	memorytest	existing-unreviewed		0
message	wiadomość	wiadomość	existing-unreviewed		0
micsPort	micsport	micsport	existing-unreviewed		0
minimum	minimum	minimum	existing-unreviewed		0
mode	tRYB	tRYB	existing-unreviewed		0
mouseDriver	myszdriver	myszdriver	existing-unreviewed		0
mouseEventHandler	myszWydarzeniehandler	myszWydarzeniehandler	existing-unreviewed		0
mouseVGA	myszvga	myszvga	existing-unreviewed		0
mouseWidget	myszWidżety	myszWidżety	existing-unreviewed		0
msdospart	msdospartition	msdospartition	existing-unreviewed		0
msg	msg	msg	existing-unreviewed		0
msgBuffer	msgbuffer	msgbuffer	existing-unreviewed		0
multiboot_memory_map	multibootPamięćmap	multibootPamięćmap	existing-unreviewed		0
multitasking	multitasking	multitasking	existing-unreviewed		0
myKeyboardEventHandler	myKlawiaturaWydarzeniehandler	myKlawiaturaWydarzeniehandler	existing-unreviewed		0
myPCIControllerHandler	mypciKontrolerhandler	mypciKontrolerhandler	existing-unreviewed		0
myfunction	myfunction	myfunction	existing-unreviewed		0
n	n	n	existing-unreviewed		0
n_descsz	ndescsz	ndescsz	existing-unreviewed		0
n_namesz	nnamesz	nnamesz	existing-unreviewed		0
n_type	nTyp	nTyp	existing-unreviewed		0
name	nazwa	nazwa	existing-unreviewed		0
nameLen	nazwalen	nazwalen	existing-unreviewed		0
netCard	siećKarciane	siećKarciane	existing-unreviewed		0
newButtons	nowyPrzycisk	nowyPrzycisk	existing-unreviewed		0
newFD	nowyDP	nowyDP	existing-unreviewed		0
newFrame	nowyRamka	nowyRamka	existing-unreviewed		0
newLink	nowyOdnośnik	nowyOdnośnik	existing-unreviewed		0
newNode	nowyWęzeł	nowyWęzeł	existing-unreviewed		0
newPtr	nowyKursor	nowyKursor	existing-unreviewed		0
next	następny	następny	existing-unreviewed		0
nextEphemeralPort	następnyephemeralport	następnyephemeralport	existing-unreviewed		0
nextFileCluster	następnyPlikcluster	następnyPlikcluster	existing-unreviewed		0
nextHopIP_BE	następnyhopipAdresSiećbyteorder	następnyhopipAdresSiećbyteorder	existing-unreviewed		0
nextNode	następnyWęzeł	następnyWęzeł	existing-unreviewed		0
nextProcessID	następnyProcesIdentyfikator	następnyProcesIdentyfikator	existing-unreviewed		0
nextThread	następnythread	następnythread	existing-unreviewed		0
nibble	nibble	nibble	existing-unreviewed		0
node	węzeł	węzeł_listy	project-proposal	list_node	16
nodeArray	węzełTablica	węzełTablica	existing-unreviewed		0
num	liczba_2	liczba_2	existing-unreviewed		0
numCacheEntries	liczbacachewpis	liczbacachewpis	existing-unreviewed		0
numDrivers	liczbadriver	liczbadriver	existing-unreviewed		0
numFunctions	liczbaFunkcje	liczbaFunkcje	existing-unreviewed		0
numRecvBuffers	liczbarecvbuffer	liczbarecvbuffer	existing-unreviewed		0
numSendBuffers	liczbaWyślijbuffer	liczbaWyślijbuffer	existing-unreviewed		0
numSockets	liczbasockets	liczbasockets	existing-unreviewed		0
numTasks	liczbaZadania	liczbaZadania	existing-unreviewed		0
oAppend	oappend	oappend	existing-unreviewed		0
oCreate	ocreate	ocreate	existing-unreviewed		0
oDirectory	oKatalog	oKatalog	existing-unreviewed		0
oReadOnly	oOdczytonly	oOdczytonly	existing-unreviewed		0
oReadWrite	oOdczytZapis	oOdczytZapis	existing-unreviewed		0
oTruncate	oObcina	oObcina	existing-unreviewed		0
oWriteOnly	oZapisonly	oZapisonly	existing-unreviewed		0
o_addr	oAdres	oAdres	existing-unreviewed		0
offset	przesunięcie	przesunięcie	existing-unreviewed		0
ok	ok	ok	existing-unreviewed		0
oldButtons	oldPrzycisk	oldPrzycisk	existing-unreviewed		0
oldCR3	oldcr3	oldcr3	existing-unreviewed		0
oldFD	oldDP	oldDP	existing-unreviewed		0
oldFrame	oldRamka	oldRamka	existing-unreviewed		0
oldGdt	oldgdt	oldgdt	existing-unreviewed		0
oldGdtAddr	oldgdtAdres	oldgdtAdres	existing-unreviewed		0
oldGdtLen	oldgdtlen	oldgdtlen	existing-unreviewed		0
openFileDescription	otwórzPlikOpis	otwórzPlikOpis	existing-unreviewed		0
openFileTable	otwórzPlikTabela	otwórzPlikTabela	existing-unreviewed		0
options	opcje	opcje	existing-unreviewed		0
orgValue	orgWartość	orgWartość	existing-unreviewed		0
p	p	p	existing-unreviewed		0
p1	p1	p1	existing-unreviewed		0
p2	p2	p2	existing-unreviewed		0
p_align	pWyrównanie	pWyrównanie	existing-unreviewed		0
p_backend	pbackend	pbackend	existing-unreviewed		0
p_data	pdata	pdata	existing-unreviewed		0
p_efHandler	pefhandler	pefhandler	existing-unreviewed		0
p_efProvider	pefprovider	pefprovider	existing-unreviewed		0
p_etherType	pethernetTyp	pethernetTyp	existing-unreviewed		0
p_filesz	pfilesz	pfilesz	existing-unreviewed		0
p_flags	pZnaczniki	pZnaczniki	existing-unreviewed		0
p_iHandler	pihandler	pihandler	existing-unreviewed		0
p_ipHandler	piphandler	piphandler	existing-unreviewed		0
p_ipProvider	pipprovider	pipprovider	existing-unreviewed		0
p_memsz	pmemsz	pmemsz	existing-unreviewed		0
p_offset	pPrzesunięcie	pPrzesunięcie	existing-unreviewed		0
p_paddr	ppaddr	ppaddr	existing-unreviewed		0
p_protocol	pprotocol	pprotocol	existing-unreviewed		0
p_provider	pprovider	pprovider	existing-unreviewed		0
p_str	pstr	pstr	existing-unreviewed		0
p_type	pTyp	pTyp	existing-unreviewed		0
p_udpHandler	pudphandler	pudphandler	existing-unreviewed		0
p_udpProvider	pudpprovider	pudpprovider	existing-unreviewed		0
p_vaddr	pvaddr	pvaddr	existing-unreviewed		0
packet	pAKIET	pAKIET	existing-unreviewed		0
packetStatus	pAKIETStan	pAKIETStan	existing-unreviewed		0
packets	pakietów	pakietów	existing-unreviewed		0
page	strona	strona	existing-unreviewed		0
pageDir	stronaKatalog	katalog_stron	project-proposal	page_directory	27
pageDirEntry	stronaKatalogwpis	stronaKatalogwpis	existing-unreviewed		0
pageTableEntry	stronaTabelawpis	stronaTabelawpis	existing-unreviewed		0
paging	paging	paging	existing-unreviewed		0
param	param	param	existing-unreviewed		0
params	parametry	parametry	existing-unreviewed		0
parent	rodzic	rodzic	existing-unreviewed		0
parentPID	rodzicIdentyfikator	rodzicIdentyfikator	existing-unreviewed		0
parentProcess	rodzicProces	rodzicProces	existing-unreviewed		0
partEntry	partwpis	partwpis	existing-unreviewed		0
partition	partition	partition	existing-unreviewed		0
partitionBytes	partitionBajty	partitionBajty	existing-unreviewed		0
partitionOffset	partitionPrzesunięcie	partitionPrzesunięcie	existing-unreviewed		0
path	śCIEŻKA	śCIEŻKA	existing-unreviewed		0
pathAddr	śCIEŻKAAdres	śCIEŻKAAdres	existing-unreviewed		0
pci	pci	pci	existing-unreviewed		0
pciController	pciKontroler	pciKontroler	existing-unreviewed		0
pde	pde	pde	existing-unreviewed		0
pdeAddr	pdeAdres	pdeAdres	existing-unreviewed		0
pdelen	pdelen	pdelen	existing-unreviewed		0
peer	peer	peer	existing-unreviewed		0
pendingButtons	pendingPrzycisk	pendingPrzycisk	existing-unreviewed		0
pendingMouseEvent	pendingMyszWydarzenie	pendingMyszWydarzenie	existing-unreviewed		0
pendingX	pendingx	pendingx	existing-unreviewed		0
pendingY	pendingy	pendingy	existing-unreviewed		0
phyaddr	phyaddr	phyaddr	existing-unreviewed		0
phymem	physicalPamięć	physicalPamięć	existing-unreviewed		0
physicalAddress	physicalAdres	physicalAdres	existing-unreviewed		0
pid	identyfikator_2	identyfikator_2	existing-unreviewed		0
pitFrequency	pitfrequency	pitfrequency	existing-unreviewed		0
pixelAddress	pixelAdres	pixelAdres	existing-unreviewed		0
pointer	kursor	odwołanie_do_adresu	project-proposal	pointer	39
pollKeyboardScancode	pollKlawiaturascancode	pollKlawiaturascancode	existing-unreviewed		0
port	port	port	existing-unreviewed		0
portBase	portbase	portbase	existing-unreviewed		0
portInUse	portWchodzącyUżyj	portWchodzącyUżyj	existing-unreviewed		0
portnumber	portnumber	portnumber	existing-unreviewed		0
pos	pozycja	pozycja	existing-unreviewed		0
position	pozycja_2	pozycja_2	existing-unreviewed		0
posixStat	posixstat	posixstat	existing-unreviewed		0
posixUtsname	posixutsname	posixutsname	existing-unreviewed		0
prefetchable	prefetchcapable	prefetchcapable	existing-unreviewed		0
prev	previous	previous	existing-unreviewed		0
prevNode	previousWęzeł	previousWęzeł	existing-unreviewed		0
prevX	previousx	previousx	existing-unreviewed		0
prevY	previousy	previousy	existing-unreviewed		0
printESP	wydrukujesp	wydrukujesp	existing-unreviewed		0
printExceptionSelectorInfo	wydrukujexceptionselectorInformacja	wydrukujexceptionselectorInformacja	existing-unreviewed		0
printPageFaultInfo	wydrukujStronafaultInformacja	wydrukujStronafaultInformacja	existing-unreviewed		0
printreg	printreg	printreg	existing-unreviewed		0
proc2	proc2	proc2	existing-unreviewed		0
proc3	proc3	proc3	existing-unreviewed		0
proc4	proc4	proc4	existing-unreviewed		0
process	proces	proces	existing-unreviewed		0
processEntry	proceswpis	proceswpis	existing-unreviewed		0
processHelper	proceshelper	proceshelper	existing-unreviewed		0
processTable	procesTabela	procesTabela	existing-unreviewed		0
processes	procesy	procesy	existing-unreviewed		0
programBreak	programbreak	programbreak	existing-unreviewed		0
protocol	protocol	protocol	existing-unreviewed		0
protocolAddressSize	protocolAdresRozmiar	protocolAdresRozmiar	existing-unreviewed		0
providedLength	providedDługość	providedDługość	existing-unreviewed		0
provider	provider	provider	existing-unreviewed		0
ps2WaitLimit	ps2Czekajlimit	ps2Czekajlimit	existing-unreviewed		0
pt	pt	pt	existing-unreviewed		0
pte	pte	pte	existing-unreviewed		0
pteAddr	pteAdres	pteAdres	existing-unreviewed		0
ptr	kursor_2	odwołanie_do_adresu_2	project-proposal	pointer	12
pushExecUint32	pushUruchomienieunsignedinteger32	pushUruchomienieunsignedinteger32	existing-unreviewed		0
queueKeyboardByte	queueKlawiaturabyte	queueKlawiaturabyte	existing-unreviewed		0
r	r	r	existing-unreviewed		0
r_addend	raddend	raddend	existing-unreviewed		0
r_info	rInformacja	rInformacja	existing-unreviewed		0
r_offset	rPrzesunięcie	rPrzesunięcie	existing-unreviewed		0
raw	raw	raw	existing-unreviewed		0
rawDataBackend	rawdatabackend	rawdatabackend	existing-unreviewed		0
readFile	odczytPlik	odczytPlik	existing-unreviewed		0
readPS2Data	odczytps2data	odczytps2data	existing-unreviewed		0
readStdin	odczytstdin	odczytstdin	existing-unreviewed		0
readVFSFile	odczytvfsPlik	odczytvfsPlik	existing-unreviewed		0
read_count	odczytLiczba	odczytLiczba	existing-unreviewed		0
receiver	receiver	receiver	existing-unreviewed		0
recvBufferDescr	recvbufferOpis	recvbufferOpis	existing-unreviewed		0
recvBufferDescrAddress	recvbufferOpisAdres	recvbufferOpisAdres	existing-unreviewed		0
recvBuffers	recvbuffer	recvbuffer	existing-unreviewed		0
recvBuffersDescrMemory	recvbufferOpisPamięć	recvbufferOpisPamięć	existing-unreviewed		0
refBytes	referenceBajty	referenceBajty	existing-unreviewed		0
refPtr	referenceKursor	referenceKursor	existing-unreviewed		0
refs	refs	refs	existing-unreviewed		0
regIndex	regIndeks	regIndeks	existing-unreviewed		0
registerAddressPort	registerAdresport	registerAdresport	existing-unreviewed		0
registerDataPort	registerdataport	registerdataport	existing-unreviewed		0
registeroffset	registeroffset	registeroffset	existing-unreviewed		0
registers	register	register	existing-unreviewed		0
regtype	regtype	regtype	existing-unreviewed		0
rel_text	relTekst	relTekst	existing-unreviewed		0
rel_text_len	relTekstlen	relTekstlen	existing-unreviewed		0
releaseOpenFile	releaseOtwórzPlik	releaseOtwórzPlik	existing-unreviewed		0
released	released	released	existing-unreviewed		0
reloadCR3	wczytajponowniecr3	wczytajponowniecr3	existing-unreviewed		0
relocation_text	relocationTekst	relocationTekst	existing-unreviewed		0
remaining	remaining	remaining	existing-unreviewed		0
remote	zdalne	zdalne	existing-unreviewed		0
remoteIP	zdalneip	zdalneip	existing-unreviewed		0
remotePort	zdalneportLiczba	zdalneportLiczba	existing-unreviewed		0
requested	requested	requested	existing-unreviewed		0
reserved	zastrzeżone	zastrzeżone	existing-unreviewed		0
reserved0	zastrzeżone0	zastrzeżone0	existing-unreviewed		0
reservedSectors	zastrzeżonesectors	zastrzeżonesectors	existing-unreviewed		0
resetPort	wyzerujport	wyzerujport	existing-unreviewed		0
restoreFpRegs	przywróćfpregs	przywróćfpregs	existing-unreviewed		0
result	wYNIK	wYNIK	existing-unreviewed		0
result1	wYNIK1	wYNIK1	existing-unreviewed		0
result2	wYNIK2	wYNIK2	existing-unreviewed		0
ret	ret	ret	existing-unreviewed		0
revision	revision	revision	existing-unreviewed		0
rightShift	prawoshift	prawoshift	existing-unreviewed		0
rootCluster	elementgłównycluster	elementgłównycluster	existing-unreviewed		0
rootDirEntries	elementgłównyKatalogwpis	elementgłównyKatalogwpis	existing-unreviewed		0
rootStart	elementgłównyUruchom	elementgłównyUruchom	existing-unreviewed		0
rt	rt	rt	existing-unreviewed		0
s	s	s	existing-unreviewed		0
sIfchr	sifchr	sifchr	existing-unreviewed		0
sIfdir	sifdir	sifdir	existing-unreviewed		0
sIfmt	sifmt	sifmt	existing-unreviewed		0
sIfreg	sifreg	sifreg	existing-unreviewed		0
sIfsock	sifsock	sifsock	existing-unreviewed		0
savedESP	zapisaneesp	zapisaneesp	existing-unreviewed		0
sc	sc	sc	existing-unreviewed		0
scanCode	skanujcode	skanujcode	existing-unreviewed		0
scanCodeToByte	skanujcodetobyte	skanujcodetobyte	existing-unreviewed		0
scancodeToByte	scancodetobyte	scancodetobyte	existing-unreviewed		0
sche	sche	sche	existing-unreviewed		0
sche_data	schedata	schedata	existing-unreviewed		0
scheduleStack	schedulestack	schedulestack	existing-unreviewed		0
scheduler	scheduler	scheduler	existing-unreviewed		0
schedulerDebug	schedulerDiagnozuj	schedulerDiagnozuj	existing-unreviewed		0
sectHeader	sectheader	sectheader	existing-unreviewed		0
sectHeaderSize	sectheaderRozmiar	sectheaderRozmiar	existing-unreviewed		0
sectName	sectNazwa	sectNazwa	existing-unreviewed		0
sectValue	sectWartość	sectWartość	existing-unreviewed		0
sector	sector	sector	existing-unreviewed		0
sectorCountPort	sectorLiczbaport	sectorLiczbaport	existing-unreviewed		0
sectorNum	sectorLiczba	sectorLiczba	existing-unreviewed		0
sectorOffset	sectorPrzesunięcie	sectorPrzesunięcie	existing-unreviewed		0
sectorPerTrack	sectorpertrack	sectorpertrack	existing-unreviewed		0
sectorsPerCluster	sectorspercluster	sectorspercluster	existing-unreviewed		0
seekCur	seekBieżący	seekBieżący	existing-unreviewed		0
seekEnd	seekKoniec	seekKoniec	existing-unreviewed		0
seekSet	seekzbiór	seekzbiór	existing-unreviewed		0
segmentNumber	segmentLiczba	segmentLiczba	existing-unreviewed		0
self	bieżący	bieżący	existing-unreviewed		0
self_uintptr	bieżącyuintptr	bieżącyuintptr	existing-unreviewed		0
sendBack	reply	reply	existing-unreviewed		0
sendBufferDescr	wyślijbufferOpis	wyślijbufferOpis	existing-unreviewed		0
sendBufferDescrAddress	wyślijbufferOpisAdres	wyślijbufferOpisAdres	existing-unreviewed		0
sendBuffers	wyślijbuffer	wyślijbuffer	existing-unreviewed		0
sendBuffersDescrMemory	wyślijbufferOpisPamięć	wyślijbufferOpisPamięć	existing-unreviewed		0
sendDataPointer	wyślijdataKursor	wyślijdataKursor	existing-unreviewed		0
sendDescriptor	wyślijdescriptor	wyślijdescriptor	existing-unreviewed		0
sendMouseCommand	wyślijMyszPolecenie	wyślijMyszPolecenie	existing-unreviewed		0
sequencerDataPort	sequencerdataport	sequencerdataport	existing-unreviewed		0
sequencerIndexPort	sequencerIndeksport	sequencerIndeksport	existing-unreviewed		0
serialLogByte	szeregowoDziennikbyte	szeregowoDziennikbyte	existing-unreviewed		0
serialReady	szeregowoGotowy	szeregowoGotowy	existing-unreviewed		0
setCR3	zbiórcr3	zbiórcr3	existing-unreviewed		0
setDS	zbiórds	zbiórds	existing-unreviewed		0
setGS	zbiórgs	zbiórgs	existing-unreviewed		0
setThreadExitLoopState	zbiórthreadZakończloopStan	zbiórthreadZakończloopStan	existing-unreviewed		0
setupExecStack	setupUruchomieniestack	setupUruchomieniestack	existing-unreviewed		0
sh	sh	sh	existing-unreviewed		0
sh_addr	shAdres	shAdres	existing-unreviewed		0
sh_addralign	shaddralign	shaddralign	existing-unreviewed		0
sh_entsize	shentsize	shentsize	existing-unreviewed		0
sh_flags	shZnaczniki	shZnaczniki	existing-unreviewed		0
sh_info	shInformacja	shInformacja	existing-unreviewed		0
sh_link	shOdnośnik	shOdnośnik	existing-unreviewed		0
sh_name	shNazwa	shNazwa	existing-unreviewed		0
sh_offset	shPrzesunięcie	shPrzesunięcie	existing-unreviewed		0
sh_size	shRozmiar	shRozmiar	existing-unreviewed		0
sh_type	shTyp	shTyp	existing-unreviewed		0
shift	shift	shift	existing-unreviewed		0
signature	signature	signature	existing-unreviewed		0
size	rozmiar	rozmiar	existing-unreviewed		0
sl	sl	sl	existing-unreviewed		0
sockDatagram	sockdatagram	sockdatagram	existing-unreviewed		0
socket	gniazdo	gniazdo	existing-unreviewed		0
socketAddress	gniazdoAdres	gniazdoAdres	existing-unreviewed		0
socketAddressIPv4	gniazdoAdresiOw4	gniazdoAdresiOw4	existing-unreviewed		0
socketBind	gniazdoDowiąż	gniazdoDowiąż	existing-unreviewed		0
socketCallArgument	gniazdocallargument	gniazdocallargument	existing-unreviewed		0
socketConnect	gniazdoPołącz	gniazdoPołącz	existing-unreviewed		0
socketForFD	gniazdoforDP	gniazdoforDP	existing-unreviewed		0
socketIndex	gniazdoIndeks	gniazdoIndeks	existing-unreviewed		0
socketPacket	gniazdoPAKIET	gniazdoPAKIET	existing-unreviewed		0
socketReceiveFrom	gniazdoreceivez	gniazdoreceivez	existing-unreviewed		0
socketSendTo	gniazdoWyślijto	gniazdoWyślijto	existing-unreviewed		0
socketType	gniazdoTyp	gniazdoTyp	existing-unreviewed		0
sockets	sockets	sockets	existing-unreviewed		0
softName	softNazwa	softNazwa	existing-unreviewed		0
source	źródło	źródło	existing-unreviewed		0
sourceAddress	źródłoAdres	źródłoAdres	existing-unreviewed		0
sourceLengthAddress	źródłoDługośćAdres	źródłoDługośćAdres	existing-unreviewed		0
src	źródło_2	źródło_2	existing-unreviewed		0
srcEntry	źródłowpis	źródłowpis	existing-unreviewed		0
srcIP	źródłoipAdres	źródłoipAdres	existing-unreviewed		0
srcIP_BE	źródłoipAdresSiećbyteorder	źródłoipAdresSiećbyteorder	existing-unreviewed		0
srcMAC	źródłomacAdres	źródłomacAdres	existing-unreviewed		0
srcMAC_BE	źródłomacbe	źródłomacbe	existing-unreviewed		0
srcPageDir	źródłoStronaKatalog	źródłoStronaKatalog	existing-unreviewed		0
srcPde	źródłopde	źródłopde	existing-unreviewed		0
srcPdeAddr	źródłopdeAdres	źródłopdeAdres	existing-unreviewed		0
srcPort	źródłoportLiczba	numer_portu_źródłowego	project-proposal	source_port	9
srcPt	źródłopt	źródłopt	existing-unreviewed		0
srcptr	srcptr	srcptr	existing-unreviewed		0
ss	ss	ss	existing-unreviewed		0
ss0	ss0	ss0	existing-unreviewed		0
ss1	ss1	ss1	existing-unreviewed		0
ss2	ss2	ss2	existing-unreviewed		0
st	st	st	existing-unreviewed		0
st_info	stInformacja	stInformacja	existing-unreviewed		0
st_name	stNazwa	stNazwa	existing-unreviewed		0
st_other	stInne	stInne	existing-unreviewed		0
st_shndx	stshndx	stshndx	existing-unreviewed		0
st_size	stRozmiar	stRozmiar	existing-unreviewed		0
st_value	stWartość	stWartość	existing-unreviewed		0
stack	stack	pamięć_stosu	project-proposal	stack	18
stackBytes	stackBajty	stackBajty	existing-unreviewed		0
stackPtr	stackKursor	stackKursor	existing-unreviewed		0
stack_addr	stackAdres	stackAdres	existing-unreviewed		0
stackbottom	stackbottom	stackbottom	existing-unreviewed		0
stacktop	stacktop	stacktop	existing-unreviewed		0
start	uruchom	uruchom	existing-unreviewed		0
startOffset	uruchomPrzesunięcie	uruchomPrzesunięcie	existing-unreviewed		0
start_cylinder	uruchomcylinder	uruchomcylinder	existing-unreviewed		0
start_head	uruchomhead	uruchomhead	existing-unreviewed		0
start_sector	uruchomsector	uruchomsector	existing-unreviewed		0
startingBit	startingbit	startingbit	existing-unreviewed		0
stat	stat	stat	existing-unreviewed		0
statAddr	statAdres	statAdres	existing-unreviewed		0
status	stan	stan	existing-unreviewed		0
statusAddr	stanAdres	stanAdres	existing-unreviewed		0
stderrFD	stderrDP	stderrDP	existing-unreviewed		0
stdinBuffer	stdinbuffer	stdinbuffer	existing-unreviewed		0
stdinFD	stdinDP	stdinDP	existing-unreviewed		0
stdinGetBlocking	stdingetblocking	stdingetblocking	existing-unreviewed		0
stdinRead	stdinOdczyt	stdinOdczyt	existing-unreviewed		0
stdinWrite	stdinZapis	stdinZapis	existing-unreviewed		0
stdoutFD	stdoutDP	stdoutDP	existing-unreviewed		0
stoppedThread	zatrzymanythread	zatrzymanythread	existing-unreviewed		0
str	str	str	existing-unreviewed		0
stringAddress	cIĄGAdres	cIĄGAdres	existing-unreviewed		0
stringHeader	cIĄGheader	cIĄGheader	existing-unreviewed		0
strtab	strtab	strtab	existing-unreviewed		0
subclass_id	subclassIdentyfikator	subclassIdentyfikator	existing-unreviewed		0
subnetMask	subnetMaska	subnetMaska	existing-unreviewed		0
swapUint16	przestrzeńwymianyunsignedinteger16	przestrzeńwymianyunsignedinteger16	existing-unreviewed		0
switchForced	switchforced	switchforced	existing-unreviewed		0
sysAccess	sysdostępu	sysdostępu	existing-unreviewed		0
sysBrk	sysbrk	sysbrk	existing-unreviewed		0
sysCall	syscall	syscall	existing-unreviewed		0
sysChdir	syschdir	syschdir	existing-unreviewed		0
sysClose	sysZamknij	sysZamknij	existing-unreviewed		0
sysDup	sysdup	sysdup	existing-unreviewed		0
sysDup2	sysdup2	sysdup2	existing-unreviewed		0
sysExecve	sysexecve	sysexecve	existing-unreviewed		0
sysExit	sysZakończ	sysZakończ	existing-unreviewed		0
sysFcntl	sysfcntl	sysfcntl	existing-unreviewed		0
sysFork	sysfork	sysfork	existing-unreviewed		0
sysFstat	sysfstat	sysfstat	existing-unreviewed		0
sysFsync	sysfsync	sysfsync	existing-unreviewed		0
sysGetcwd	sysgetcwd	sysgetcwd	existing-unreviewed		0
sysLseek	syslseek	syslseek	existing-unreviewed		0
sysOpen	sysOtwórz	sysOtwórz	existing-unreviewed		0
sysRead	sysOdczyt	sysOdczyt	existing-unreviewed		0
sysSocketCall	sysGniazdocall	sysGniazdocall	existing-unreviewed		0
sysStat	sysstat	sysstat	existing-unreviewed		0
sysUname	sysuname	sysuname	existing-unreviewed		0
sysWaitpid	syswaitpid	syswaitpid	existing-unreviewed		0
sysWrite	sysZapis	sysZapis	existing-unreviewed		0
syscallError	syscallBłąd	syscallBłąd	existing-unreviewed		0
syscallID	syscallIdentyfikator	syscallIdentyfikator	existing-unreviewed		0
systemcall	systemowecall	systemowecall	existing-unreviewed		0
table	tabela	tabela	existing-unreviewed		0
tableSize	tabelaRozmiar	tabelaRozmiar	existing-unreviewed		0
tail	tail	tail	existing-unreviewed		0
task	zadanie	zadanie	existing-unreviewed		0
taskA	zadaniea	zadaniea	existing-unreviewed		0
taskB	zadanieb	zadanieb	existing-unreviewed		0
taskC	zadaniec	zadaniec	existing-unreviewed		0
taskD	zadanied	zadanied	existing-unreviewed		0
taskD0	zadanied0	zadanied0	existing-unreviewed		0
taskD1	zadanied1	zadanied1	existing-unreviewed		0
taskManager	zadaniemanager	zadaniemanager	existing-unreviewed		0
tasks	zadania	zadania	existing-unreviewed		0
temp	temporary	temporary	existing-unreviewed		0
terminated	terminated	terminated	existing-unreviewed		0
text	tekst	tekst	existing-unreviewed		0
textPtr	tekstKursor	tekstKursor	existing-unreviewed		0
text_len	tekstlen	tekstlen	existing-unreviewed		0
text_mode_check_fb_move	tekstTRYBcheckfbPrzenoszenie	tekstTRYBcheckfbPrzenoszenie	existing-unreviewed		0
text_mode_disable_cursor	tekstTRYBWyłączKursor	tekstTRYBWyłączKursor	existing-unreviewed		0
text_mode_enable_cursor	tekstTRYBWłączKursor	tekstTRYBWłączKursor	existing-unreviewed		0
text_mode_error_writer	tekstTRYBBłądwriter	tekstTRYBBłądwriter	existing-unreviewed		0
text_mode_flush_screen	tekstTRYBflushEkran	tekstTRYBflushEkran	existing-unreviewed		0
text_mode_init	tekstTRYBinit	tekstTRYBinit	existing-unreviewed		0
text_mode_print	tekstTRYBWydrukuj	tekstTRYBWydrukuj	existing-unreviewed		0
text_mode_print_bytes	tekstTRYBWydrukujBajty	tekstTRYBWydrukujBajty	existing-unreviewed		0
text_mode_print_char	tekstTRYBWydrukujchar	tekstTRYBWydrukujchar	existing-unreviewed		0
text_mode_print_char_col	tekstTRYBWydrukujcharcol	tekstTRYBWydrukujcharcol	existing-unreviewed		0
text_mode_print_col	tekstTRYBWydrukujcol	tekstTRYBWydrukujcol	existing-unreviewed		0
text_mode_print_error	tekstTRYBWydrukujBłąd	tekstTRYBWydrukujBłąd	existing-unreviewed		0
text_mode_print_error_bytes	tekstTRYBWydrukujBłądBajty	tekstTRYBWydrukujBłądBajty	existing-unreviewed		0
text_mode_print_errorln	tekstTRYBWydrukujerrorln	tekstTRYBWydrukujerrorln	existing-unreviewed		0
text_mode_print_hex	tekstTRYBWydrukujSzesnastkowo	tekstTRYBWydrukujSzesnastkowo	existing-unreviewed		0
text_mode_print_hex16	tekstTRYBWydrukujSzesnastkowo16	tekstTRYBWydrukujSzesnastkowo16	existing-unreviewed		0
text_mode_print_hex32	tekstTRYBWydrukujSzesnastkowo32	tekstTRYBWydrukujSzesnastkowo32	existing-unreviewed		0
text_mode_print_hex64	tekstTRYBWydrukujSzesnastkowo64	tekstTRYBWydrukujSzesnastkowo64	existing-unreviewed		0
text_mode_print_hex_char	tekstTRYBWydrukujSzesnastkowochar	tekstTRYBWydrukujSzesnastkowochar	existing-unreviewed		0
text_mode_println	tekstTRYBprintln	tekstTRYBprintln	existing-unreviewed		0
text_mode_println_col	tekstTRYBprintlncol	tekstTRYBprintlncol	existing-unreviewed		0
text_mode_update_cursor	tekstTRYBUaktualnijKursor	tekstTRYBUaktualnijKursor	existing-unreviewed		0
text_mode_writer	tekstTRYBwriter	tekstTRYBwriter	existing-unreviewed		0
thr2	thr2	thr2	existing-unreviewed		0
thr3	thr3	thr3	existing-unreviewed		0
thr4	thr4	thr4	existing-unreviewed		0
thread	thread	thread	existing-unreviewed		0
threadExitLoop	threadZakończloop	threadZakończloop	existing-unreviewed		0
threadHelper	threadhelper	threadhelper	existing-unreviewed		0
threadPtr	threadKursor	threadKursor	existing-unreviewed		0
tickCount	tickLiczba	tickLiczba	existing-unreviewed		0
timeDelta	czasdelta	czasdelta	existing-unreviewed		0
timeToLive	czastolive	czastolive	existing-unreviewed		0
timer	licznik	licznik	existing-unreviewed		0
tls	tls	tls	existing-unreviewed		0
tmp	tmp	tmp	existing-unreviewed		0
tmpPtr	tmpKursor	tmpKursor	existing-unreviewed		0
tos	tos	tos	existing-unreviewed		0
totalLength	łącznieDługość	łącznieDługość	existing-unreviewed		0
totalSectorCount	łączniesectorLiczba	łączniesectorLiczba	existing-unreviewed		0
totalSectors	łączniesectors	łączniesectors	existing-unreviewed		0
trap	trap	trap	existing-unreviewed		0
tss	tss	tss	existing-unreviewed		0
tssIndex	tssIndeks	tssIndeks	existing-unreviewed		0
udp	udp	protokół_datagramów_użytkownika	project-proposal	udp	1
udpHandler	udphandler	udphandler	existing-unreviewed		0
udpHeaderSize	udpheaderRozmiar	udpheaderRozmiar	existing-unreviewed		0
udpProvider	udpprovider	udpprovider	existing-unreviewed		0
udp콘솔	udpKonsola	udpKonsola	existing-unreviewed		0
unused	wolne_2	wolne_2	existing-unreviewed		0
used	użytych	użytych	existing-unreviewed		0
usedBlocks	użytychBlok	użytychBlok	existing-unreviewed		0
user1addr	użytkownik1Adres	użytkownik1Adres	existing-unreviewed		0
user1data	użytkownik1data	użytkownik1data	existing-unreviewed		0
user1entry	użytkownik1wpis	użytkownik1wpis	existing-unreviewed		0
user1file	użytkownik1Plik	użytkownik1Plik	existing-unreviewed		0
user2addr	użytkownik2Adres	użytkownik2Adres	existing-unreviewed		0
user2data	użytkownik2data	użytkownik2data	existing-unreviewed		0
user2entry	użytkownik2wpis	użytkownik2wpis	existing-unreviewed		0
user2file	użytkownik2Plik	użytkownik2Plik	existing-unreviewed		0
user3addr	użytkownik3Adres	użytkownik3Adres	existing-unreviewed		0
user3data	użytkownik3data	użytkownik3data	existing-unreviewed		0
user3entry	użytkownik3wpis	użytkownik3wpis	existing-unreviewed		0
user3file	użytkownik3Plik	użytkownik3Plik	existing-unreviewed		0
userHeapBase	użytkownikheapbase	użytkownikheapbase	existing-unreviewed		0
userHeapLimit	użytkownikheaplimit	użytkownikheaplimit	existing-unreviewed		0
user_esp	użytkownikesp	użytkownikesp	existing-unreviewed		0
userhandler	userhandler	userhandler	existing-unreviewed		0
userproc_entry	userprocwpis	userprocwpis	existing-unreviewed		0
util	util	util	existing-unreviewed		0
util콘솔	utilKonsola	utilKonsola	existing-unreviewed		0
v	v	v	existing-unreviewed		0
vAddr	vAdres	vAdres	existing-unreviewed		0
value	wartość	wartość	existing-unreviewed		0
values	wartości	wartości	existing-unreviewed		0
version	wersja	wersja	existing-unreviewed		0
vga	vga	vga	existing-unreviewed		0
virtlen	virtlen	virtlen	existing-unreviewed		0
virtmem	wirtualnePamięć	wirtualnePamięć	existing-unreviewed		0
virtualAddr	wirtualneAdres	wirtualneAdres	existing-unreviewed		0
volumeId	głośnośćIdentyfikator	głośnośćIdentyfikator	existing-unreviewed		0
volumeLabel	głośnośćetykieta	głośnośćetykieta	existing-unreviewed		0
w	w	w	existing-unreviewed		0
wDate	wData	wData	existing-unreviewed		0
wTime	wCzas	wCzas	existing-unreviewed		0
waitPS2InputEmpty	czekajps2WejściePusty	czekajps2WejściePusty	existing-unreviewed		0
waitPS2OutputFull	czekajps2DanewyjściowePełne	czekajps2DanewyjściowePełne	existing-unreviewed		0
wdata	wdata	wdata	existing-unreviewed		0
whence	whence	whence	existing-unreviewed		0
widget	widżety	element_ekranu	project-proposal	widget	6
width	szerokość	szerokość	existing-unreviewed		0
writePS2Command	zapisps2Polecenie	zapisps2Polecenie	existing-unreviewed		0
writePS2Data	zapisps2data	zapisps2data	existing-unreviewed		0
write_count	zapisLiczba	zapisLiczba	existing-unreviewed		0
x	x	x	existing-unreviewed		0
xPageDir	xStronaKatalog	xStronaKatalog	existing-unreviewed		0
xPos	xPozycja	xPozycja	existing-unreviewed		0
y	y	y	existing-unreviewed		0
yPageDir	yStronaKatalog	yStronaKatalog	existing-unreviewed		0
yPos	yPozycja	yPozycja	existing-unreviewed		0
값	wartość_2	wartość_2	existing-unreviewed		0
공용서술자테이블	shareddescriptorTabela	shareddescriptorTabela	existing-unreviewed		0
기준	base_2	base_2	existing-unreviewed		0
기준_낮은	baseNiski_2	baseNiski_2	existing-unreviewed		0
기준_높은	baseWysoki_2	baseWysoki_2	existing-unreviewed		0
기준_매우높은	baseveryWysoki	baseveryWysoki	existing-unreviewed		0
기준주소	baseAdres	baseAdres	existing-unreviewed		0
넷카드콘솔	siećKarcianeKonsola	siećKarcianeKonsola	existing-unreviewed		0
단말기	terminal	terminal	existing-unreviewed		0
마우스콘솔	myszKonsola	myszKonsola	existing-unreviewed		0
매개값	argumentWartość	argumentWartość	existing-unreviewed		0
멈추기	halt	halt	existing-unreviewed		0
목적	cel_3	cel_3	existing-unreviewed		0
유형	typ	typ	existing-unreviewed		0
이더넷콘솔	ethernetKonsola	ethernetKonsola	existing-unreviewed		0
인터럽트무시하기	przerwanieignore	przerwanieignore	existing-unreviewed		0
인터럽트예외처리기	przerwanieexceptionhandler	przerwanieexceptionhandler	existing-unreviewed		0
인터럽트예외처리기0x00	przerwanieexceptionhandler0x00	przerwanieexceptionhandler0x00	existing-unreviewed		0
인터럽트예외처리기0x01	przerwanieexceptionhandler0x01	przerwanieexceptionhandler0x01	existing-unreviewed		0
인터럽트예외처리기0x02	przerwanieexceptionhandler0x02	przerwanieexceptionhandler0x02	existing-unreviewed		0
인터럽트예외처리기0x03	przerwanieexceptionhandler0x03	przerwanieexceptionhandler0x03	existing-unreviewed		0
인터럽트예외처리기0x04	przerwanieexceptionhandler0x04	przerwanieexceptionhandler0x04	existing-unreviewed		0
인터럽트예외처리기0x05	przerwanieexceptionhandler0x05	przerwanieexceptionhandler0x05	existing-unreviewed		0
인터럽트예외처리기0x06	przerwanieexceptionhandler0x06	przerwanieexceptionhandler0x06	existing-unreviewed		0
인터럽트예외처리기0x07	przerwanieexceptionhandler0x07	przerwanieexceptionhandler0x07	existing-unreviewed		0
인터럽트예외처리기0x08	przerwanieexceptionhandler0x08	przerwanieexceptionhandler0x08	existing-unreviewed		0
인터럽트예외처리기0x09	przerwanieexceptionhandler0x09	przerwanieexceptionhandler0x09	existing-unreviewed		0
인터럽트예외처리기0x0A	przerwanieexceptionhandler0x0a	przerwanieexceptionhandler0x0a	existing-unreviewed		0
인터럽트예외처리기0x0B	przerwanieexceptionhandler0x0b	przerwanieexceptionhandler0x0b	existing-unreviewed		0
인터럽트예외처리기0x0C	przerwanieexceptionhandler0x0c	przerwanieexceptionhandler0x0c	existing-unreviewed		0
인터럽트예외처리기0x0D	przerwanieexceptionhandler0x0d	przerwanieexceptionhandler0x0d	existing-unreviewed		0
인터럽트예외처리기0x0E	przerwanieexceptionhandler0x0e	przerwanieexceptionhandler0x0e	existing-unreviewed		0
인터럽트예외처리기0x0F	przerwanieexceptionhandler0x0f	przerwanieexceptionhandler0x0f	existing-unreviewed		0
인터럽트예외처리기0x10	przerwanieexceptionhandler0x10	przerwanieexceptionhandler0x10	existing-unreviewed		0
인터럽트예외처리기0x11	przerwanieexceptionhandler0x11	przerwanieexceptionhandler0x11	existing-unreviewed		0
인터럽트예외처리기0x12	przerwanieexceptionhandler0x12	przerwanieexceptionhandler0x12	existing-unreviewed		0
인터럽트예외처리기0x13	przerwanieexceptionhandler0x13	przerwanieexceptionhandler0x13	existing-unreviewed		0
인터럽트요청처리0x00	przerwanierequesthandler0x00	przerwanierequesthandler0x00	existing-unreviewed		0
인터럽트요청처리0x01	przerwanierequesthandler0x01	przerwanierequesthandler0x01	existing-unreviewed		0
인터럽트요청처리0x02	przerwanierequesthandler0x02	przerwanierequesthandler0x02	existing-unreviewed		0
인터럽트요청처리0x03	przerwanierequesthandler0x03	przerwanierequesthandler0x03	existing-unreviewed		0
인터럽트요청처리0x04	przerwanierequesthandler0x04	przerwanierequesthandler0x04	existing-unreviewed		0
인터럽트요청처리0x05	przerwanierequesthandler0x05	przerwanierequesthandler0x05	existing-unreviewed		0
인터럽트요청처리0x06	przerwanierequesthandler0x06	przerwanierequesthandler0x06	existing-unreviewed		0
인터럽트요청처리0x07	przerwanierequesthandler0x07	przerwanierequesthandler0x07	existing-unreviewed		0
인터럽트요청처리0x08	przerwanierequesthandler0x08	przerwanierequesthandler0x08	existing-unreviewed		0
인터럽트요청처리0x09	przerwanierequesthandler0x09	przerwanierequesthandler0x09	existing-unreviewed		0
인터럽트요청처리0x0A	przerwanierequesthandler0x0a	przerwanierequesthandler0x0a	existing-unreviewed		0
인터럽트요청처리0x0B	przerwanierequesthandler0x0b	przerwanierequesthandler0x0b	existing-unreviewed		0
인터럽트요청처리0x0C	przerwanierequesthandler0x0c	przerwanierequesthandler0x0c	existing-unreviewed		0
인터럽트요청처리0x0D	przerwanierequesthandler0x0d	przerwanierequesthandler0x0d	existing-unreviewed		0
인터럽트요청처리0x0E	przerwanierequesthandler0x0e	przerwanierequesthandler0x0e	existing-unreviewed		0
인터럽트요청처리0x0F	przerwanierequesthandler0x0f	przerwanierequesthandler0x0f	existing-unreviewed		0
인터럽트요청처리0x80	przerwanierequesthandler0x80	przerwanierequesthandler0x80	existing-unreviewed		0
인터럽트요청처리0x81	przerwanierequesthandler0x81	przerwanierequesthandler0x81	existing-unreviewed		0
인터럽트요청처리0x82	przerwanierequesthandler0x82	przerwanierequesthandler0x82	existing-unreviewed		0
인터럽트처리기	przerwaniehandler_2	przerwaniehandler_2	existing-unreviewed		0
임시	temporary_2	temporary_2	existing-unreviewed		0
자료	data_2	data_2	existing-unreviewed		0
자신	bieżący_2	bieżący_2	existing-unreviewed		0
작업관리자	zadaniemanager_2	zadaniemanager_2	existing-unreviewed		0
작업콘솔	zadanieKonsola	zadanieKonsola	existing-unreviewed		0
조각설명자	segmentdescriptor	segmentdescriptor	existing-unreviewed		0
콘솔	konsola_2	konsola_2	existing-unreviewed		0
크기	rozmiar_2	rozmiar_2	existing-unreviewed		0
키보드콘솔	klawiaturaKonsola	klawiaturaKonsola	existing-unreviewed		0
표시들	znaczniki_2	znaczniki_2	existing-unreviewed		0
표시들_한도_높은	znacznikilimitWysoki	znacznikilimitWysoki	existing-unreviewed		0
한도	limit_2	limit_2	existing-unreviewed		0
한도_낮은	limitNiski_2	limitNiski_2	existing-unreviewed		0
