original	before	after	review_status	concept	changed_tokens
Activate	Bật	Bật	existing-unreviewed		0
ActivateAll	BậtTấtcả	BậtTấtcả	existing-unreviewed		0
Active	Hoạtđộng	Hoạtđộng	existing-unreviewed		0
ActiveInterruptManager	HoạtđộngGiánđoạnmanager	HoạtđộngGiánđoạnmanager	existing-unreviewed		0
ActiveMemoryManager	HoạtđộngBộnhớmanager	HoạtđộngBộnhớmanager	existing-unreviewed		0
Add	Thêm	Thêm	existing-unreviewed		0
AddDriver	Thêmdriver	Thêmdriver	existing-unreviewed		0
AddRunnableThread	Thêmrunnablethread	Thêmrunnablethread	existing-unreviewed		0
AddTask	ThêmTácvụ	ThêmTácvụ	existing-unreviewed		0
AddThread	Thêmthread	Thêmthread	existing-unreviewed		0
Address	Address	Address	existing-unreviewed		0
AlignedMalloc	Alignedmalloc	Alignedmalloc	existing-unreviewed		0
AlignmentCheck	Alignmentcheck	Alignmentcheck	existing-unreviewed		0
AllocateBlock	AllocateTắcnghẽn	AllocateTắcnghẽn	existing-unreviewed		0
AllocatePID	Allocatepid	Allocatepid	existing-unreviewed		0
AmountOfMemory	SốtiềntrênBộnhớ	SốtiềntrênBộnhớ	existing-unreviewed		0
ArrayToUint16	Mảngtounsignedinteger16	Mảngtounsignedinteger16	existing-unreviewed		0
ArrayToUint32	Mảngtounsignedinteger32	Mảngtounsignedinteger32	existing-unreviewed		0
ArrayToUint48	Mảngtounsignedinteger48	Mảngtounsignedinteger48	existing-unreviewed		0
ArrayToUint48_BE	Mảngtounsignedinteger48be	Mảngtounsignedinteger48be	existing-unreviewed		0
ArrayToUint64	Mảngtounsignedinteger64	Mảngtounsignedinteger64	existing-unreviewed		0
Atime	Atime	Atime	existing-unreviewed		0
AtimeNsec	Atimensec	Atimensec	existing-unreviewed		0
BLOCKS_PER_BYTE	Tắcnghẽnperbyte	Tắcnghẽnperbyte	existing-unreviewed		0
BLOCK_SIZE	TắcnghẽnCỡ	TắcnghẽnCỡ	existing-unreviewed		0
Backend	Backend	Backend	existing-unreviewed		0
BaseAddr	Baseaddress	Baseaddress	existing-unreviewed		0
Bind	Bind	Bind	existing-unreviewed		0
Blksize	Blksize	Blksize	existing-unreviewed		0
Blocked	Blocked	Blocked	existing-unreviewed		0
BlockedState	BlockedTrạngthái	BlockedTrạngthái	existing-unreviewed		0
Blocks	Tắcnghẽn	Tắcnghẽn	existing-unreviewed		0
BoundRangeExceeded	BoundPhạmviexceeded	BoundPhạmviexceeded	existing-unreviewed		0
BroadcastMacAddress	Broadcastmacaddress	Broadcastmacaddress	existing-unreviewed		0
BytesPerSector	Bytepersector	Bytepersector	existing-unreviewed		0
BytesToString	BytetoCHUỖI	BytetoCHUỖI	existing-unreviewed		0
Checksum	Checksum	Checksum	existing-unreviewed		0
Clear	Xoá	Xoá	existing-unreviewed		0
Clone	Clone	Clone	existing-unreviewed		0
CloneAddressSpaceCOW	Cloneaddressspacecow	Cloneaddressspacecow	existing-unreviewed		0
Connect	Kếtnối	Kếtnối	existing-unreviewed		0
ContainsCoordinate	Containscoordinate	Containscoordinate	existing-unreviewed		0
CopyPageFrameBlock	SaochépTrangframeTắcnghẽn	SaochépTrangframeTắcnghẽn	existing-unreviewed		0
CpuState	CpuTrạngthái	CpuTrạngthái	existing-unreviewed		0
Create	Create	Create	existing-unreviewed		0
CreateFromData	Createfromdata	Createfromdata	existing-unreviewed		0
CreateFromFunction	CreatefromHàm	CreatefromHàm	existing-unreviewed		0
CreatePtrFromFunction	CreateContrỏfromHàm	CreateContrỏfromHàm	existing-unreviewed		0
Cs	Cs	Cs	existing-unreviewed		0
Ctime	Ctime	Ctime	existing-unreviewed		0
CtimeNsec	Ctimensec	Ctimensec	existing-unreviewed		0
CurrentPID	Hiệnhànhpid	Hiệnhànhpid	existing-unreviewed		0
CurrentParentPID	Hiệnhànhmẹpid	Hiệnhànhmẹpid	existing-unreviewed		0
Data	Data	Data	compatibility		0
Deactivate	Tắt	Tắt	existing-unreviewed		0
Deactive	Deactive	Deactive	existing-unreviewed		0
Decrement	Decrement	Decrement	existing-unreviewed		0
Delete	Xoá_2	Xoá_2	existing-unreviewed		0
DescriptorPrivilegeLevel	Descriptorprivilegelevel	Descriptorprivilegelevel	existing-unreviewed		0
DescriptorType	DescriptorKiểu	DescriptorKiểu	existing-unreviewed		0
Destroy	Huỷbỏ	Huỷbỏ	existing-unreviewed		0
Dev	Thiếtbị	Thiếtbị	existing-unreviewed		0
DeviceHasFunctions	ThiếtbịhasHàm	ThiếtbịhasHàm	existing-unreviewed		0
DeviceNotAvailable	ThiếtbịnotSẵnsàng	ThiếtbịnotSẵnsàng	existing-unreviewed		0
Device_id	ThiếtbịMãsố	ThiếtbịMãsố	existing-unreviewed		0
DisableInt	Vôhiệuhóaint	Vôhiệuhóaint	existing-unreviewed		0
Disconnect	Ngắtkếtnối	Ngắtkếtnối	existing-unreviewed		0
DivideByZero	Dividebyzero	Dividebyzero	existing-unreviewed		0
DoHandleInterrupt	DohandleGiánđoạn	DohandleGiánđoạn	existing-unreviewed		0
DoubleFault	Doublefault	Doublefault	existing-unreviewed		0
Draw	Draw	Draw	existing-unreviewed		0
DriverManager	Drivermanager	Drivermanager	existing-unreviewed		0
Ds	Ds	Ds	existing-unreviewed		0
Dynamic	Năngđộng	Năngđộng	existing-unreviewed		0
E2BIG	E2big	E2big	existing-unreviewed		0
EACCES	Eacces	Eacces	existing-unreviewed		0
EADDRINUSE	Eaddrinuse	Eaddrinuse	existing-unreviewed		0
EAFNOSUPPORT	Eafnosupport	Eafnosupport	existing-unreviewed		0
EAGAIN	Eagain	Eagain	existing-unreviewed		0
EBADF	Ebadf	Ebadf	existing-unreviewed		0
EBUSY	Ebusy	Ebusy	existing-unreviewed		0
ECHILD	Echild	Echild	existing-unreviewed		0
EEXIST	Eexist	Eexist	existing-unreviewed		0
EFAULT	Efault	Efault	existing-unreviewed		0
EFBIG	Efbig	Efbig	existing-unreviewed		0
EINTR	Eintr	Eintr	existing-unreviewed		0
EINVAL	Einval	Einval	existing-unreviewed		0
EIO	Eio	Eio	existing-unreviewed		0
EISDIR	Eisdir	Eisdir	existing-unreviewed		0
EMFILE	Emfile	Emfile	existing-unreviewed		0
EMSGSIZE	Emsgsize	Emsgsize	existing-unreviewed		0
ENETUNREACH	Enetunreach	Enetunreach	existing-unreviewed		0
ENFILE	Enfile	Enfile	existing-unreviewed		0
ENODEV	Enodev	Enodev	existing-unreviewed		0
ENOENT	Enoent	Enoent	existing-unreviewed		0
ENOEXEC	Enoexec	Enoexec	existing-unreviewed		0
ENOMEM	Enomem	Enomem	existing-unreviewed		0
ENOSPC	Enospc	Enospc	existing-unreviewed		0
ENOSYS	Enosys	Enosys	existing-unreviewed		0
ENOTCONN	Enotconn	Enotconn	existing-unreviewed		0
ENOTDIR	Enotdir	Enotdir	existing-unreviewed		0
ENOTTY	Enotty	Enotty	existing-unreviewed		0
EOPNOTSUPP	Eopnotsupp	Eopnotsupp	existing-unreviewed		0
EPERM	Eperm	Eperm	existing-unreviewed		0
EPROTONOSUPPORT	Eprotonosupport	Eprotonosupport	existing-unreviewed		0
ERANGE	Erange	Erange	existing-unreviewed		0
EROFS	Erofs	Erofs	existing-unreviewed		0
ESPIPE	Espipe	Espipe	existing-unreviewed		0
ESRCH	Esrch	Esrch	existing-unreviewed		0
Eax	Eax	Eax	existing-unreviewed		0
Ebp	Ebp	Ebp	existing-unreviewed		0
Ebx	Ebx	Ebx	existing-unreviewed		0
Ecx	Ecx	Ecx	existing-unreviewed		0
Edi	Edi	Edi	existing-unreviewed		0
Edx	Edx	Edx	existing-unreviewed		0
Eflags	Eflags	Eflags	existing-unreviewed		0
Eip	Eip	Eip	existing-unreviewed		0
Elf	Elf	Elf	existing-unreviewed		0
Elf32Dyn	Elf32dyn	Elf32dyn	existing-unreviewed		0
Elf32Note	Elf32Ghichú	Elf32Ghichú	existing-unreviewed		0
Elf32Rel	Elf32rel	Elf32rel	existing-unreviewed		0
Elf32Rela	Elf32rela	Elf32rela	existing-unreviewed		0
Elf32Sym	Elf32sym	Elf32sym	existing-unreviewed		0
ElfHeader	Elfheader	Elfheader	existing-unreviewed		0
ElfProgramHeader	Elfchươngtrìnhheader	Elfchươngtrìnhheader	existing-unreviewed		0
ElfSectionHeader	Elfsectionheader	Elfsectionheader	existing-unreviewed		0
EnablePaging	Enablepaging	Enablepaging	existing-unreviewed		0
Enabled	Bật_2	Bật_2	existing-unreviewed		0
EntryNumber	EntrySỐ	EntrySỐ	existing-unreviewed		0
EqualBytes	EqualByte	EqualByte	existing-unreviewed		0
Es	Es	Es	existing-unreviewed		0
Esi	Esi	Esi	existing-unreviewed		0
Esp	Esp	Esp	existing-unreviewed		0
FPUBuffer	Fpubuffer	Fpubuffer	existing-unreviewed		0
FPUOffset	Fpuoffset	Fpuoffset	existing-unreviewed		0
Family	Family	Family	existing-unreviewed		0
FileName	TậptinTên	TậptinTên	existing-unreviewed		0
Fill	Fill	Fill	existing-unreviewed		0
FillRectangle	FillChữnhật	FillChữnhật	existing-unreviewed		0
First	Đầu	Đầu	existing-unreviewed		0
FirstFree	ĐầuRảnh	ĐầuRảnh	existing-unreviewed		0
FirstFreeSize	ĐầuRảnhCỡ	ĐầuRảnhCỡ	existing-unreviewed		0
Flags	Cờ	Cờ	existing-unreviewed		0
FloatingPointException	Khôngcốđịnhpointexception	Khôngcốđịnhpointexception	existing-unreviewed		0
Flush	Flush	Flush	existing-unreviewed		0
FlushTlsTable	FlushtlsBảng	FlushtlsBảng	existing-unreviewed		0
Focussable	Focussable	Focussable	existing-unreviewed		0
Free	Rảnh	Rảnh	existing-unreviewed		0
Fs	Fs	Fs	existing-unreviewed		0
GB	Gb	Gb	existing-unreviewed		0
GDT_ENTRIES	Gdtentry	Gdtentry	existing-unreviewed		0
GOT	Got	Got	existing-unreviewed		0
GPFException	Gpfexception	Gpfexception	existing-unreviewed		0
GatewayIP	Gatewayip	Gatewayip	existing-unreviewed		0
GdtAddressHigh	GdtaddressCao	GdtaddressCao	existing-unreviewed		0
GdtAddressLow	GdtaddressThấp	GdtaddressThấp	existing-unreviewed		0
GdtDescriptor	Gdtdescriptor	Gdtdescriptor	existing-unreviewed		0
GdtEntry	Gdtentry_2	Gdtentry_2	existing-unreviewed		0
GdtSize	GdtCỡ	GdtCỡ	existing-unreviewed		0
GetAt	Getat	Getat	existing-unreviewed		0
GetBackend	Getbackend	Getbackend	existing-unreviewed		0
GetBaseAddressRegister	Getbaseaddressregister	Getbaseaddressregister	existing-unreviewed		0
GetBitmaspSize	GetbitmaspCỡ	GetbitmaspCỡ	existing-unreviewed		0
GetBytesFromPtr	GetBytefromContrỏ	GetBytefromContrỏ	existing-unreviewed		0
GetCR0	Getcr0	Getcr0	existing-unreviewed		0
GetCR2	Getcr2	Getcr2	existing-unreviewed		0
GetCR3	Getcr3	Getcr3	existing-unreviewed		0
GetCR4	Getcr4	Getcr4	existing-unreviewed		0
GetColorIndex	GetMàuChỉmục	GetMàuChỉmục	existing-unreviewed		0
GetDeviceDescriptor	GetThiếtbịdescriptor	GetThiếtbịdescriptor	existing-unreviewed		0
GetDriver	Getdriver	Getdriver	existing-unreviewed		0
GetESP0	Getesp0	Getesp0	existing-unreviewed		0
GetEntry	Getentry	Getentry	existing-unreviewed		0
GetFileSize	GetTậptinCỡ	GetTậptinCỡ	existing-unreviewed		0
GetFocus	Getfocus	Getfocus	existing-unreviewed		0
GetFrameBufferSegment	Getframebuffersegment	Getframebuffersegment	existing-unreviewed		0
GetFuncPtrFromPtr	GetfuncContrỏfromContrỏ	GetfuncContrỏfromContrỏ	existing-unreviewed		0
GetFunctionName	GetHàmTên	GetHàmTên	existing-unreviewed		0
GetHandler	Gethandler	Gethandler	existing-unreviewed		0
GetIPAddress	Getipaddress	Getipaddress	existing-unreviewed		0
GetMACAddress	Getmacaddress	Getmacaddress	existing-unreviewed		0
GetMACFromCache	Getmacfromcache	Getmacfromcache	existing-unreviewed		0
GetNextReadyThread	GetKếSẵnsàngthread	GetKếSẵnsàngthread	existing-unreviewed		0
GetNodeAt	Getnodeat	Getnodeat	existing-unreviewed		0
GetProvider	Providerget	Providerget	existing-unreviewed		0
GetSS0	Getss0	Getss0	existing-unreviewed		0
GetStr	Getstr	Getstr	existing-unreviewed		0
GetUint32ArrayFromPtr	Getunsignedinteger32MảngfromContrỏ	Getunsignedinteger32MảngfromContrỏ	existing-unreviewed		0
GetUintptrArrayFromPtr	GetunsignedintegerContrỏMảngfromContrỏ	GetunsignedintegerContrỏMảngfromContrỏ	existing-unreviewed		0
GetValue	GetGiátrị	GetGiátrị	existing-unreviewed		0
GetValueInPageDir	GetGiátrịVàoTrangThưmục	GetGiátrịVàoTrangThưmục	existing-unreviewed		0
Gid	Gid	Gid	existing-unreviewed		0
Gs	Gs	Gs	existing-unreviewed		0
HandleException	Handleexception	Handleexception	existing-unreviewed		0
HandleFatalInterruptFrame	HandlefatalGiánđoạnframe	HandlefatalGiánđoạnframe	existing-unreviewed		0
HandleInterrupt	HandleGiánđoạn	HandleGiánđoạn	existing-unreviewed		0
HandleInterrupt1	HandleGiánđoạn1	HandleGiánđoạn1	existing-unreviewed		0
HandleUserDatagramProtocolMessage	HandleNgườidùngdatagramprotocolthôngbáo	HandleNgườidùngdatagramprotocolthôngbáo	existing-unreviewed		0
IDT_DESC_PRESENT	IdtdescriptorCó	IdtdescriptorCó	existing-unreviewed		0
IDT_INTERRUPT_GATE	IdtGiánđoạngate	IdtGiánđoạngate	existing-unreviewed		0
IDriver	IDriver	IDriver	existing-unreviewed		0
IEtherFrameHandler	IEthernetframehandler	IEthernetframehandler	existing-unreviewed		0
IInternetProtocolHandler	IMạngprotocolhandler	IMạngprotocolhandler	existing-unreviewed		0
IInterruptHandler	IGiánđoạnhandler	IGiánđoạnhandler	existing-unreviewed		0
IKeyboardEventHandler	IBànphímSựkiệnhandler	IBànphímSựkiệnhandler	existing-unreviewed		0
IMouseEventHandler	IChuộtSựkiệnhandler	IChuộtSựkiệnhandler	existing-unreviewed		0
IPCIControllerHandler	Ipcicontrollerhandler	Ipcicontrollerhandler	existing-unreviewed		0
IPCache	Ipcache	Ipcache	existing-unreviewed		0
IP_BE	IpMạngbyteorder	IpMạngbyteorder	existing-unreviewed		0
IRawDataHandler	IRawdatahandler	IRawdatahandler	existing-unreviewed		0
ITimerEventHandler	ITimerSựkiệnhandler	ITimerSựkiệnhandler	existing-unreviewed		0
IUserDatagramProtocolHandler	INgườidùngdatagramprotocolhandler	INgườidùngdatagramprotocolhandler	existing-unreviewed		0
IUserDatagramProtocolSocket	INgườidùngdatagramprotocolsocket	INgườidùngdatagramprotocolsocket	existing-unreviewed		0
IWidget	IWidget	IThành_phần_màn_hình	project-proposal	widget	6
Identify	Identify	Identify	existing-unreviewed		0
Increment	Increment	Increment	existing-unreviewed		0
IndexOf	Chỉmụctrên	Chỉmụctrên	existing-unreviewed		0
Init	Init	Init	existing-unreviewed		0
InitDriver	Initdriver	Initdriver	existing-unreviewed		0
InitialThreadUserJump	InitialthreadNgườidùngjump	InitialthreadNgườidùngjump	existing-unreviewed		0
Ino	Ino	Ino	existing-unreviewed		0
Install	Càiđặt	Càiđặt	existing-unreviewed		0
Interrupt	Giánđoạn	Giánđoạn	existing-unreviewed		0
InterruptActive	GiánđoạnHoạtđộng	GiánđoạnHoạtđộng	existing-unreviewed		0
InterruptDeactive	Giánđoạndeactive	Giánđoạndeactive	existing-unreviewed		0
InterruptManager	Giánđoạnmanager	Giánđoạnmanager	existing-unreviewed		0
InterruptNumber	GiánđoạnSỐ	GiánđoạnSỐ	existing-unreviewed		0
InvalidOpcode	Khônghợplệopcode	Khônghợplệopcode	existing-unreviewed		0
InvalidTSS	Khônghợplệtss	Khônghợplệtss	existing-unreviewed		0
IsKernel	Iskernel	Iskernel	existing-unreviewed		0
IsPresent	IsCó	IsCó	existing-unreviewed		0
IsUserSpace	IsNgườidùngspace	IsNgườidùngspace	existing-unreviewed		0
KB	Kb	Kb	existing-unreviewed		0
KCS_INDEX	KcsChỉmục	KcsChỉmục	existing-unreviewed		0
KCS_SELECTOR	Kcsselector	Kcsselector	existing-unreviewed		0
KDS_INDEX	KdsChỉmục	KdsChỉmục	existing-unreviewed		0
KDS_SELECTOR	Kdsselector	Kdsselector	existing-unreviewed		0
KERNEL_HEAP_START	KernelheapChạy	KernelheapChạy	existing-unreviewed		0
KERNEL_VIRT_ADDR	Kernelvirtaddress	Kernelvirtaddress	existing-unreviewed		0
KGS_INDEX	KgsChỉmục	KgsChỉmục	existing-unreviewed		0
KGS_SELECTOR	Kgsselector	Kgsselector	existing-unreviewed		0
K핵심	KKernelEntry	KKernelEntry	compatibility		0
LIDT	Lidt	Lidt	existing-unreviewed		0
Last	Cuối	Cuối	existing-unreviewed		0
Len	Len	Len	compatibility		0
Limit	Giớihạn	Giớihạn	existing-unreviewed		0
Link	Liênkết	Liênkết	existing-unreviewed		0
LinkMap	Liênkếtmap	Liênkếtmap	existing-unreviewed		0
LinkedList	Linkedliệtkê	Linkedliệtkê	existing-unreviewed		0
Listen	Listen	Listen	existing-unreviewed		0
LoadElf	Trọngtảielf	Trọngtảielf	existing-unreviewed		0
MAC	Mac	Mac	existing-unreviewed		0
MAC0	Mac0	Mac0	existing-unreviewed		0
MAC1	Mac1	Mac1	existing-unreviewed		0
MAC2	Mac2	Mac2	existing-unreviewed		0
MAC3	Mac3	Mac3	existing-unreviewed		0
MAC4	Mac4	Mac4	existing-unreviewed		0
MAC5	Mac5	Mac5	existing-unreviewed		0
MACAddress0Port	Macaddress0Cổng	Macaddress0Cổng	existing-unreviewed		0
MACAddress2Port	Macaddress2Cổng	Macaddress2Cổng	existing-unreviewed		0
MACAddress4Port	Macaddress4Cổng	Macaddress4Cổng	existing-unreviewed		0
MACCache	Maccache	Maccache	existing-unreviewed		0
MAX_QUEUE_SIZE	MaxqueueCỡ	MaxqueueCỡ	existing-unreviewed		0
MB	Mb	Mb	existing-unreviewed		0
MBR	Mbr	Mbr	existing-unreviewed		0
MHex출력	MHexadecimalIn	MHexadecimalIn	existing-unreviewed		0
MHex출력XY	MHexadecimalInxy	MHexadecimalInxy	existing-unreviewed		0
MUint16출력	MUnsignedinteger16In	MUnsignedinteger16In	existing-unreviewed		0
MUint16출력XY	MUnsignedinteger16Inxy	MUnsignedinteger16Inxy	existing-unreviewed		0
MUint32출력	MUnsignedinteger32In	MUnsignedinteger32In	existing-unreviewed		0
MUint32출력XY	MUnsignedinteger32Inxy	MUnsignedinteger32Inxy	existing-unreviewed		0
MUint64출력	MUnsignedinteger64In	MUnsignedinteger64In	existing-unreviewed		0
MUint64출력XY	MUnsignedinteger64Inxy	MUnsignedinteger64Inxy	existing-unreviewed		0
Machine	Machine	Machine	existing-unreviewed		0
MachineCheck	Machinecheck	Machinecheck	existing-unreviewed		0
MakeRangePrivateWritable	MakePhạmviRiêngwritable	MakePhạmviRiêngwritable	existing-unreviewed		0
Malloc	Malloc	Cấp_phát_bộ_nhớ	project-proposal	allocate_memory	32
MemCmp	Memcmp	Memcmp	existing-unreviewed		0
MemCpy	MemSaochép	MemSaochép	existing-unreviewed		0
MemMove	MemDichuyển	MemDichuyển	existing-unreviewed		0
MemSet	MemĐặt	MemĐặt	existing-unreviewed		0
MemoryOper	Bộnhớoper	Bộnhớoper	existing-unreviewed		0
Mode	Chếđộ	Chếđộ	existing-unreviewed		0
ModelToScreen	MẫutoMànhình	Đặt_tọa_độ_cục_bộ	project-proposal	set_coordinates	5
Mtime	Mtime	Mtime	existing-unreviewed		0
MtimeNsec	Mtimensec	Mtimensec	existing-unreviewed		0
MyHandleInterrupt	MyhandleGiánđoạn	MyhandleGiánđoạn	existing-unreviewed		0
MyTest	MyThử	MyThử	existing-unreviewed		0
M긴급로그Hex8	MEmergencyloghexadecimal8	MEmergencyloghexadecimal8	existing-unreviewed		0
M긴급로그Uint32	MEmergencylogunsignedinteger32	MEmergencylogunsignedinteger32	existing-unreviewed		0
M긴급로그문자열	MEmergencylogCHUỖI	MEmergencylogCHUỖI	existing-unreviewed		0
M직렬로그초기화	MSốxêriloginit	MSốxêriloginit	existing-unreviewed		0
M출력	MIn	MIn	existing-unreviewed		0
M출력BytesXY	MInBytexy	MInBytexy	existing-unreviewed		0
M출력Hex	MInhexadecimal	MInhexadecimal	existing-unreviewed		0
M출력Uint16	MInunsignedinteger16	MInunsignedinteger16	existing-unreviewed		0
M출력Uint32	MInunsignedinteger32	MInunsignedinteger32	existing-unreviewed		0
M출력XY	MInxy	MInxy	existing-unreviewed		0
M테스트	M테스트	M테스트	existing-unreviewed		0
NMI	Nmi	Nmi	existing-unreviewed		0
New	Mới	Mới	existing-unreviewed		0
NewInterruptHandler	MớiGiánđoạnhandler	MớiGiánđoạnhandler	existing-unreviewed		0
Next	Kế	Kế	existing-unreviewed		0
Nlink	Nlink	Nlink	existing-unreviewed		0
Node	Node	TNút_danh_sách	project-proposal	list_node	16
Nodename	Nodename	Nodename	existing-unreviewed		0
OnEtherFrameReceived	Ethernetframereceivewhen	Ethernetframereceivewhen	existing-unreviewed		0
OnGetDriver	Bậtgetdriver	Bậtgetdriver	existing-unreviewed		0
OnInternetProtocolReceived	Mạngprotocolreceivewhen	Mạngprotocolreceivewhen	existing-unreviewed		0
OnKeyDown	Bậtkeydown	Bậtkeydown	existing-unreviewed		0
OnKeyUp	BậtkeyLên	BậtkeyLên	existing-unreviewed		0
OnMouseDown	BậtChuộtdown	BậtChuộtdown	existing-unreviewed		0
OnMouseMove	BậtChuộtDichuyển	BậtChuộtDichuyển	existing-unreviewed		0
OnMouseUp	BậtChuộtLên	BậtChuộtLên	existing-unreviewed		0
OnRawDataReceived	Bậtrawdatareceive	Bậtrawdatareceive	existing-unreviewed		0
OnTick	Bậttick	Bậttick	existing-unreviewed		0
Overflow	Overflow	Overflow	existing-unreviewed		0
P1LinkMap	PGiátrị1Liênkếtmap	PGiátrị1Liênkếtmap	existing-unreviewed		0
P2LinkMap	PGiátrị2Liênkếtmap	PGiátrị2Liênkếtmap	existing-unreviewed		0
P3LinkMap	PGiátrị3Liênkếtmap	PGiátrị3Liênkếtmap	existing-unreviewed		0
PAGE_COW	Trangcow	Trangcow	existing-unreviewed		0
PAGE_FRAME	Trangframe	Trangframe	existing-unreviewed		0
PAGE_PRESENT	TrangCó	TrangCó	existing-unreviewed		0
PAGE_USER	TrangNgườidùng	TrangNgườidùng	existing-unreviewed		0
PAGE_WRITABLE	Trangwritable	Trangwritable	existing-unreviewed		0
PAUSE_LOOP	TạmdừngVònglặp	TạmdừngVònglặp	existing-unreviewed		0
PICMasterCommandPort	PrimarypicLệnhioCổng	PrimarypicLệnhioCổng	existing-unreviewed		0
PICMasterDataPort	PrimarypicdataioCổng	PrimarypicdataioCổng	existing-unreviewed		0
PICSlaveCommandPort	SecondarypicLệnhioCổng	SecondarypicLệnhioCổng	existing-unreviewed		0
PICSlaveDataPort	SecondarypicdataioCổng	SecondarypicdataioCổng	existing-unreviewed		0
PRESENT	Có	Có	existing-unreviewed		0
PRIV_KERNEL	Privkernel	Privkernel	existing-unreviewed		0
PRIV_USER	PrivNgườidùng	PrivNgườidùng	existing-unreviewed		0
PROC_USER_HEAP_SIZE	ProcNgườidùngheapCỡ	ProcNgườidùngheapCỡ	existing-unreviewed		0
PageDirEntry	TrangThưmụcentry	TrangThưmụcentry	existing-unreviewed		0
PageDirectoryEntry	TrangThưmụcentry_2	TrangThưmụcentry_2	existing-unreviewed		0
PageFault	Trangfault	Trangfault	existing-unreviewed		0
PageFaultException	Trangfaultexception	Trangfaultexception	existing-unreviewed		0
PageRoundDown	TrangLàmtròndown	TrangLàmtròndown	existing-unreviewed		0
PageRoundUp	TrangLàmtrònLên	TrangLàmtrònLên	existing-unreviewed		0
PageTableEntry	TrangBảngentry	TrangBảngentry	existing-unreviewed		0
Paging	Paging	Paging	existing-unreviewed		0
ParentPid	Mẹpid	Mẹpid	existing-unreviewed		0
Parse	Parse	Parse	existing-unreviewed		0
Partition_id	PartitionMãsố	PartitionMãsố	existing-unreviewed		0
PhyMemTest	PhymemThử	PhymemThử	existing-unreviewed		0
PhysicalMemoryManager	PhysicalBộnhớmanager	PhysicalBộnhớmanager	existing-unreviewed		0
Pid	Pid	Pid	existing-unreviewed		0
Port	Cổng	Cổng	existing-unreviewed		0
PortBase	Cổngbase	Cổngbase	existing-unreviewed		0
PortInByte	CổngVàobyte	CổngVàobyte	existing-unreviewed		0
PortInDword	CổngVàodword	CổngVàodword	existing-unreviewed		0
PortInWord	CổngVàotừ	CổngVàotừ	existing-unreviewed		0
PortOutByte	CổngRabyte	CổngRabyte	existing-unreviewed		0
PortOutDword	CổngRadword	CổngRadword	existing-unreviewed		0
PortOutWord	CổngRatừ	CổngRatừ	existing-unreviewed		0
PortReadByte	CổngĐọcbyte	CổngĐọcbyte	existing-unreviewed		0
PortReadDword	CổngĐọcdword	CổngĐọcdword	existing-unreviewed		0
PortReadWord	CổngĐọctừ	CổngĐọctừ	existing-unreviewed		0
PortWriteByte	CổngGhibyte	CổngGhibyte	existing-unreviewed		0
PortWriteDword	CổngGhidword	CổngGhidword	existing-unreviewed		0
PortWriteWord	CổngGhitừ	CổngGhitừ	existing-unreviewed		0
Prev	Previous	Previous	existing-unreviewed		0
PrevTSS	Previoustss	Previoustss	existing-unreviewed		0
PrimaryPartition	Primarypartition	Primarypartition	existing-unreviewed		0
Print	In	In	existing-unreviewed		0
PrintBytes	InByte	InByte	existing-unreviewed		0
PrintStr	Instr	Instr	existing-unreviewed		0
PrintTLS	Intls	Intls	existing-unreviewed		0
PrintTest	InThử	InThử	existing-unreviewed		0
Process	Tiếntrình	Tiếntrình	existing-unreviewed		0
ProcessHelper	Tiếntrìnhhelper	Tiếntrìnhhelper	existing-unreviewed		0
ProcessPendingKeyboardEvents	TiếntrìnhpendingBànphímevents	TiếntrìnhpendingBànphímevents	existing-unreviewed		0
ProcessPendingMouseEvents	TiếntrìnhpendingChuộtevents	TiếntrìnhpendingChuộtevents	existing-unreviewed		0
PushAt	Pushat	Chèn_tại_chỉ_số	project-proposal	insert_at	1
PushBack	PushLùi	Thêm_vào_cuối_danh_sách	project-proposal	append	12
PushFront	PushTrước	Thêm_vào_đầu_danh_sách	project-proposal	prepend	5
PutPixel	Putpixel	Putpixel	existing-unreviewed		0
PutPixelRGB	Putpixelrgb	Putpixelrgb	existing-unreviewed		0
QUEUE_START_ADDR	QueueChạyaddress	QueueChạyaddress	existing-unreviewed		0
Rdev	Rdev	Rdev	existing-unreviewed		0
Read	Đọc	Đọc	existing-unreviewed		0
Read28	Đọc28	Đọc28	existing-unreviewed		0
ReadFile	ĐọcTậptin	Đọc_tệp	project-proposal	file_read	7
ReadPartitions	Đọcpartition	Đọcpartition	existing-unreviewed		0
Ready	Sẵnsàng	Sẵnsàng	existing-unreviewed		0
Receive	Receive	Receive	existing-unreviewed		0
Ref	Reference	Reference	existing-unreviewed		0
Release	Release	Release	existing-unreviewed		0
ReloadCR3	Nạplạicr3	Nạplạicr3	existing-unreviewed		0
Remove	Bỏ	Bỏ	existing-unreviewed		0
RemoveAt	Bỏat	Bỏat	existing-unreviewed		0
RemoveThread	Bỏthread	Bỏthread	existing-unreviewed		0
RemoveThreadAt	Bỏthreadat	Bỏthreadat	existing-unreviewed		0
RequestMacAddress	Requestmacaddress	Requestmacaddress	existing-unreviewed		0
Reset	Đặtlại	Đặtlại	existing-unreviewed		0
Resolve	Resolve	Resolve	existing-unreviewed		0
ResolveCopyOnWriteFault	ResolveSaochépBậtGhifault	ResolveSaochépBậtGhifault	existing-unreviewed		0
SCHEDULER_FREQUENCY	SchedulerĐộthườngxuyên	SchedulerĐộthườngxuyên	existing-unreviewed		0
SEG_BIG_MODE	SegbigChếđộ	SegbigChếđộ	existing-unreviewed		0
SEG_EXEC	SegChạy	SegChạy	existing-unreviewed		0
SEG_GRAN_4K_PAGE	Seggran4kTrang	Seggran4kTrang	existing-unreviewed		0
SEG_GRAN_BYTE	Seggranbyte	Seggranbyte	existing-unreviewed		0
SEG_KERNEL_CODE	Segkernelcode	Segkernelcode	existing-unreviewed		0
SEG_KERNEL_DATA	Segkerneldata	Segkerneldata	existing-unreviewed		0
SEG_KERNEL_GS	Segkernelgs	Segkernelgs	existing-unreviewed		0
SEG_NOEXEC	Segnoexec	Segnoexec	existing-unreviewed		0
SEG_NORMAL	SegBìnhthường	SegBìnhthường	existing-unreviewed		0
SEG_NORW	Segnorw	Segnorw	existing-unreviewed		0
SEG_R	Segr	Segr	existing-unreviewed		0
SEG_SYSTEM	SegHệthống	SegHệthống	existing-unreviewed		0
SEG_TASK_STATE	SegTácvụTrạngthái	SegTácvụTrạngthái	existing-unreviewed		0
SEG_USER_CODE	SegNgườidùngcode	SegNgườidùngcode	existing-unreviewed		0
SEG_USER_DATA	SegNgườidùngdata	SegNgườidùngdata	existing-unreviewed		0
SEG_USER_GS	SegNgườidùnggs	SegNgườidùnggs	existing-unreviewed		0
SEG_W	Segw	Segw	existing-unreviewed		0
SIMDFloatingPointException	Simdkhôngcốđịnhpointexception	Simdkhôngcốđịnhpointexception	existing-unreviewed		0
SIZE	Cỡ	Cỡ	existing-unreviewed		0
SYS_ACCESS	Systruycập	Systruycập	existing-unreviewed		0
SYS_BRK	Sysbrk	Sysbrk	existing-unreviewed		0
SYS_CHDIR	Syschdir	Syschdir	existing-unreviewed		0
SYS_CLOSE	SysĐóng	SysĐóng	existing-unreviewed		0
SYS_CREAT	Syscreat	Syscreat	existing-unreviewed		0
SYS_DUP	Sysdup	Sysdup	existing-unreviewed		0
SYS_DUP2	Sysdup2	Sysdup2	existing-unreviewed		0
SYS_EXECVE	Sysexecve	Sysexecve	existing-unreviewed		0
SYS_EXIT	SysThoát	SysThoát	existing-unreviewed		0
SYS_FCNTL	Sysfcntl	Sysfcntl	existing-unreviewed		0
SYS_FORK	Sysfork	Sysfork	existing-unreviewed		0
SYS_FSTAT	Sysfstat	Sysfstat	existing-unreviewed		0
SYS_FSYNC	Sysfsync	Sysfsync	existing-unreviewed		0
SYS_GETCWD	Sysgetcwd	Sysgetcwd	existing-unreviewed		0
SYS_GETEGID	Sysgetegid	Sysgetegid	existing-unreviewed		0
SYS_GETEUID	Sysgeteuid	Sysgeteuid	existing-unreviewed		0
SYS_GETGID	Sysgetgid	Sysgetgid	existing-unreviewed		0
SYS_GETPID	Sysgetpid	Sysgetpid	existing-unreviewed		0
SYS_GETPPID	Sysgetppid	Sysgetppid	existing-unreviewed		0
SYS_GETUID	Sysgetuid	Sysgetuid	existing-unreviewed		0
SYS_LSEEK	Syslseek	Syslseek	existing-unreviewed		0
SYS_LSTAT	Syslstat	Syslstat	existing-unreviewed		0
SYS_OPEN	SysMở	SysMở	existing-unreviewed		0
SYS_READ	SysĐọc	SysĐọc	existing-unreviewed		0
SYS_RT_EXIT	SysrtThoát	SysrtThoát	existing-unreviewed		0
SYS_SOCKETCALL	Syssocketcall	Syssocketcall	existing-unreviewed		0
SYS_STAT	Sysstat	Sysstat	existing-unreviewed		0
SYS_SYNC	Syssync	Syssync	existing-unreviewed		0
SYS_UNAME	Sysuname	Sysuname	existing-unreviewed		0
SYS_WAITPID	Syswaitpid	Syswaitpid	existing-unreviewed		0
SYS_WRITE	SysGhi	SysGhi	existing-unreviewed		0
Schedule	Schedule	Schedule	existing-unreviewed		0
Scheduler	Scheduler	Scheduler	existing-unreviewed		0
SchedulerData	Schedulerdata	Schedulerdata	existing-unreviewed		0
SegmentNotPresent	SegmentnotCó	SegmentnotCó	existing-unreviewed		0
SelectDrivers	Chọndriver	Chọndriver	existing-unreviewed		0
Send	Gởi	Gởi	existing-unreviewed		0
SendEchoRequest	EchorequestGởi	EchorequestGởi	existing-unreviewed		0
SendFrame	FrameGởi	FrameGởi	existing-unreviewed		0
SerialInit	Sốxêriinit	Sốxêriinit	existing-unreviewed		0
SerialWriteByte	SốxêriGhibyte	SốxêriGhibyte	existing-unreviewed		0
SetBackend	Đặtbackend	Đặtbackend	existing-unreviewed		0
SetBit	Đặtbit	Đặtbit	existing-unreviewed		0
SetBlockInPageDir	ĐặtTắcnghẽnVàoTrangThưmục	ĐặtTắcnghẽnVàoTrangThưmục	existing-unreviewed		0
SetBuffer	Đặtbuffer	Đặtbuffer	existing-unreviewed		0
SetByteAtAddr	Đặtbyteataddress	Đặtbyteataddress	existing-unreviewed		0
SetByteInPageDir	ĐặtbyteVàoTrangThưmục	ĐặtbyteVàoTrangThưmục	existing-unreviewed		0
SetCR3	Đặtcr3	Đặtcr3	existing-unreviewed		0
SetColor	ĐặtMàu	ĐặtMàu	existing-unreviewed		0
SetDescriptor	Đặtdescriptor	Đặtdescriptor	existing-unreviewed		0
SetHandleInterruptFuction	ĐặthandleGiánđoạnfuction	ĐặthandleGiánđoạnfuction	existing-unreviewed		0
SetHandler	Đặthandler	Đặthandler	existing-unreviewed		0
SetIPAddress	Đặtipaddress	Đặtipaddress	existing-unreviewed		0
SetInterruptDescriptorTableEntry	GiánđoạndescriptorBảngentryĐặt	GiánđoạndescriptorBảngentryĐặt	existing-unreviewed		0
SetInterruptManager	ĐặtGiánđoạnmanager	ĐặtGiánđoạnmanager	existing-unreviewed		0
SetInterruptNumber	ĐặtGiánđoạnSỐ	ĐặtGiánđoạnSỐ	existing-unreviewed		0
SetMode	ĐặtChếđộ	ĐặtChếđộ	existing-unreviewed		0
SetNodeAt	Đặtnodeat	Đặtnodeat	existing-unreviewed		0
SetStack	Đặtstack	Đặtstack	existing-unreviewed		0
SetTlsSegment	Đặttlssegment	Đặttlssegment	existing-unreviewed		0
SetUint32AtAddr	Đặtunsignedinteger32ataddress	Đặtunsignedinteger32ataddress	existing-unreviewed		0
SetUint32InPageDir	Đặtunsignedinteger32VàoTrangThưmục	Đặtunsignedinteger32VàoTrangThưmục	existing-unreviewed		0
SetUint8AtAddr	Đặtunsignedinteger8ataddress	Đặtunsignedinteger8ataddress	existing-unreviewed		0
SharedMemoryRegion	SharedBộnhớregion	SharedBộnhớregion	existing-unreviewed		0
Size	Cỡ_2	Cỡ_2	existing-unreviewed		0
Spawn	Spawn	Spawn	existing-unreviewed		0
Ss	Ss	Ss	existing-unreviewed		0
Stack	Stack	Stack	existing-unreviewed		0
StackSegmentFault	Stacksegmentfault	Stacksegmentfault	existing-unreviewed		0
Start_lba	Chạylba	Chạylba	existing-unreviewed		0
Started	Đãbắtđầu	Đãbắtđầu	existing-unreviewed		0
StdinPutByte	Stdinputbyte	Stdinputbyte	existing-unreviewed		0
StopCurrentThread	DừngHiệnhànhthread	DừngHiệnhànhthread	existing-unreviewed		0
Stopped	Bịdừng	Bịdừng	existing-unreviewed		0
SubnetMask	SubnetLọc	SubnetLọc	existing-unreviewed		0
SupportMode	HỗtrợChếđộ	HỗtrợChếđộ	existing-unreviewed		0
Sys_brk	Sysbrk_2	Sysbrk_2	existing-unreviewed		0
Sys_close	SysĐóng_2	SysĐóng_2	existing-unreviewed		0
Sys_exit	SysThoát_2	SysThoát_2	existing-unreviewed		0
Sys_getpid	Sysgetpid_2	Sysgetpid_2	existing-unreviewed		0
Sys_mousemove	Sysmousemove	Sysmousemove	existing-unreviewed		0
Sys_open	SysMở_2	SysMở_2	existing-unreviewed		0
Sys_printStr	SysInstr	SysInstr	existing-unreviewed		0
Sys_printUint32	SysInunsignedinteger32	SysInunsignedinteger32	existing-unreviewed		0
Sys_printf	Sysprintf	Sysprintf	existing-unreviewed		0
Sys_read	SysĐọc_2	SysĐọc_2	existing-unreviewed		0
Syscall	Syscall	Syscall	existing-unreviewed		0
Sysname	Sysname	Sysname	existing-unreviewed		0
TARPEtherFrameHandler	Arpethernetframehandler	Arpethernetframehandler	existing-unreviewed		0
TARPMessage	Arpthôngbáo	Arpthôngbáo	existing-unreviewed		0
TARPMessageBuffer	Arpthôngbáobuffer	Arpthôngbáobuffer	existing-unreviewed		0
TARPProvider	Arpprovider	Arpprovider	existing-unreviewed		0
TAdvancedTechnologyAttachment	TNângcaoCôngnghệattachment	TNângcaoCôngnghệattachment	existing-unreviewed		0
TArray	TMảng	TMảng	existing-unreviewed		0
TBaseAddressRegister	TBaseaddressregister	TBaseaddressregister	existing-unreviewed		0
TBiosParameterBlock32	TBiosparameterTắcnghẽn32	TTham_số_hệ_thống_tệp32	project-proposal	fat_parameters	11
TBufferDescriptor	TBufferdescriptor	TBufferdescriptor	existing-unreviewed		0
TCOWFrameManager	Tcowframemanager	Tcowframemanager	existing-unreviewed		0
TCPUState	TcpuTrạngthái	TcpuTrạngthái	existing-unreviewed		0
TDefaultKeyboardEventHandler	TMặcđịnhBànphímSựkiệnhandler	TMặcđịnhBànphímSựkiệnhandler	existing-unreviewed		0
TDefaultMouseEventHandler	TMặcđịnhChuộtSựkiệnhandler	TMặcđịnhChuộtSựkiệnhandler	existing-unreviewed		0
TDefaultPCIControllerHandler	TMặcđịnhpcicontrollerhandler	TMặcđịnhpcicontrollerhandler	existing-unreviewed		0
TDefaultTimerEventHandler	TMặcđịnhtimerSựkiệnhandler	TMặcđịnhtimerSựkiệnhandler	existing-unreviewed		0
TDirectoryEntryFat32	TThưmụcentryfat32	TThưmụcentryfat32	existing-unreviewed		0
TDriverManager	TDrivermanager	TDrivermanager	existing-unreviewed		0
TEtherFrameHandler	TEthernetframehandler	TEthernetframehandler	existing-unreviewed		0
TEtherFrameHeader	TEthernetframeheader	TĐầu_khung_mạng_dùng_chung_môi_trường_truyền	project-proposal	ethernet_header	8
TEtherFrameHeaderBuffer	TEthernetframeheaderbuffer	TEthernetframeheaderbuffer	existing-unreviewed		0
TEtherFrameProvider	TEthernetframeprovider	TBộ_cung_cấp_khung_mạng_dùng_chung_môi_trường_truyền	project-proposal	ethernet_provider	20
TEtherFrameRawDataHandler	TEthernetframerawdatahandler	TEthernetframerawdatahandler	existing-unreviewed		0
TGateDescriptor	TGatedescriptor	TGatedescriptor	existing-unreviewed		0
THREAD_STACK_SIZE	ThreadstackCỡ	ThreadstackCỡ	existing-unreviewed		0
TICMPHandler	Icmphandler	Icmphandler	existing-unreviewed		0
TIPEtherFrameHandler	Ipethernetframehandler	Ipethernetframehandler	existing-unreviewed		0
TInitializationBlock	TInitializationTắcnghẽn	TInitializationTắcnghẽn	existing-unreviewed		0
TInternetControlMessageProtocol	TMạngĐiềukhiểnthôngbáoprotocol	TGiao_thức_thông_điệp_điều_khiển_mạng_liên_kết	project-proposal	icmp	5
TInternetControlMessageProtocolMessage	TMạngĐiềukhiểnthôngbáoprotocolthôngbáo	TMạngĐiềukhiểnthôngbáoprotocolthôngbáo	existing-unreviewed		0
TInternetControlMessageProtocolMessageBuffer	TMạngĐiềukhiểnthôngbáoprotocolthôngbáobuffer	TMạngĐiềukhiểnthôngbáoprotocolthôngbáobuffer	existing-unreviewed		0
TInternetProtocolHandler	TMạngprotocolhandler	TMạngprotocolhandler	existing-unreviewed		0
TInternetProtocolProvider	TMạngprotocolprovider	TBộ_cung_cấp_giao_thức_mạng_liên_kết	project-proposal	ip_provider	14
TInternetProtocolV4Message	TMạngprotocolv4thôngbáo	TMạngprotocolv4thôngbáo	existing-unreviewed		0
TInternetProtocolV4MessageBuffer	TMạngprotocolv4thôngbáobuffer	TMạngprotocolv4thôngbáobuffer	existing-unreviewed		0
TInterruptDescriptorTablePointer	TGiánđoạndescriptorBảngContrỏ	TGiánđoạndescriptorBảngContrỏ	existing-unreviewed		0
TInterruptHandler	TGiánđoạnhandler	TGiánđoạnhandler	existing-unreviewed		0
TInterruptManager	TGiánđoạnmanager	TGiánđoạnmanager	existing-unreviewed		0
TKeyboardDriver	TBànphímdriver	TBànphímdriver	existing-unreviewed		0
TLS_START	TlsChạy	TlsChạy	existing-unreviewed		0
TMSDOSPartitionTable	TmsdospartitionBảng	TmsdospartitionBảng	existing-unreviewed		0
TMasterBootRecord	TMasterbootrecord	TBản_ghi_khởi_động_chính	project-proposal	boot_record	3
TMemoryChunk	TBộnhớchunk	TBộnhớchunk	existing-unreviewed		0
TMemoryManager	TBộnhớmanager	TBộnhớmanager	existing-unreviewed		0
TMouseDriver	TChuộtdriver	TChuộtdriver	existing-unreviewed		0
TMyKeyboardEventHandler	TMyBànphímSựkiệnhandler	TMyBànphímSựkiệnhandler	existing-unreviewed		0
TMyMouseEventHandler	TMyChuộtSựkiệnhandler	TMyChuộtSựkiệnhandler	existing-unreviewed		0
TMyPCIControllerHandler	TMypcicontrollerhandler	TMypcicontrollerhandler	existing-unreviewed		0
TPartitionTableEntry	TPartitionBảngentry	TPartitionBảngentry	existing-unreviewed		0
TPeripheralComponentInterconnectController	TPeripheralcomponentinterconnectcontroller	TPeripheralcomponentinterconnectcontroller	existing-unreviewed		0
TPeripheralComponentInterconnectDeviceDescriptor	TPeripheralcomponentinterconnectThiếtbịdescriptor	TPeripheralcomponentinterconnectThiếtbịdescriptor	existing-unreviewed		0
TPort	TCổng	TCổng	existing-unreviewed		0
TPort16Bit	TCổng16bit	TCổng16bit	existing-unreviewed		0
TPort32Bit	TCổng32bit	TCổng32bit	existing-unreviewed		0
TPort8Bit	TCổng8bit	TCổng8bit	existing-unreviewed		0
TRawDataHandler	TRawdatahandler	TRawdatahandler	existing-unreviewed		0
TSSEntry	Tssentry	Tssentry	existing-unreviewed		0
TSyscall	TSyscall	TSyscall	existing-unreviewed		0
TTask	TTácvụ	TTácvụ	existing-unreviewed		0
TThread	TThread	TThread	existing-unreviewed		0
TThreadHelper	TThreadhelper	TThreadhelper	existing-unreviewed		0
TTimerDriver	TTimerdriver	TTimerdriver	existing-unreviewed		0
TUserDatagramProtocolHandler	TNgườidùngdatagramprotocolhandler	TNgườidùngdatagramprotocolhandler	existing-unreviewed		0
TUserDatagramProtocolHeader	TNgườidùngdatagramprotocolheader	TĐầu_gói_tin_người_dùng	project-proposal	udp_header	5
TUserDatagramProtocolHeaderBuffer	TNgườidùngdatagramprotocolheaderbuffer	TNgườidùngdatagramprotocolheaderbuffer	existing-unreviewed		0
TUserDatagramProtocolProvider	TNgườidùngdatagramprotocolprovider	TNgườidùngdatagramprotocolprovider	existing-unreviewed		0
TUserDatagramProtocolSocket	TNgườidùngdatagramprotocolsocket	TĐiểm_cuối_gói_tin_người_dùng	project-proposal	udp_socket	17
TVideoGraphicsArray	TẢnhđộngĐồhoạMảng	TẢnhđộngĐồhoạMảng	existing-unreviewed		0
TWidget	TWidget	TThành_phần_màn_hình	project-proposal	widget	9
TWidgetMouseEventHandler	TWidgetChuộtSựkiệnhandler	TWidgetChuộtSựkiệnhandler	existing-unreviewed		0
Tamd_am79c973	Tamdam79c973	Tamdam79c973	existing-unreviewed		0
Test	Thử	Thử	existing-unreviewed		0
TestBit	Thửbit	Thửbit	existing-unreviewed		0
TestPrint	ThửIn	ThửIn	existing-unreviewed		0
Thread	Thread	Thread	existing-unreviewed		0
ThreadList	Threadliệtkê	Threadliệtkê	existing-unreviewed		0
ThreadState	ThreadTrạngthái	ThreadTrạngthái	existing-unreviewed		0
Threads	Threads	Threads	existing-unreviewed		0
TlsSegments	TlsĐoạn	TlsĐoạn	existing-unreviewed		0
TotalBlocks	TổngTắcnghẽn	TổngTắcnghẽn	existing-unreviewed		0
Type	Kiểu	Kiểu	existing-unreviewed		0
TypeTest	KiểuThử	KiểuThử	existing-unreviewed		0
T공용서술자테이블	TShareddescriptorBảng	TShareddescriptorBảng	existing-unreviewed		0
T공용서술자테이블_자료	TShareddescriptorBảngdata	TShareddescriptorBảngdata	existing-unreviewed		0
T작업관리자	TTácvụmanager	TTácvụmanager	existing-unreviewed		0
T조각설명자	TSegmentdescriptor	TSegmentdescriptor	existing-unreviewed		0
T콘솔	TConsole	TConsole	existing-unreviewed		0
T함수1	THàm1	THàm1	existing-unreviewed		0
UDESC_32SEG	Udesc32seg	Udesc32seg	existing-unreviewed		0
UDESC_CONTENTS	UdescMụclục	UdescMụclục	existing-unreviewed		0
UDESC_LIMIT_IN_PAGES	UdescGiớihạnVàoTrang	UdescGiớihạnVàoTrang	existing-unreviewed		0
UDESC_RX_ONLY	Udescrxonly	Udescrxonly	existing-unreviewed		0
UDESC_SEG_NOT_PRESENT	UdescsegnotCó	UdescsegnotCó	existing-unreviewed		0
UDESC_USABLE	Udescusable	Udescusable	existing-unreviewed		0
USER_STACK	Ngườidùngstack	Ngườidùngstack	existing-unreviewed		0
USER_STACK_SIZE	NgườidùngstackCỡ	NgườidùngstackCỡ	existing-unreviewed		0
USER_STACK_TOP	NgườidùngstackTrên	NgườidùngstackTrên	existing-unreviewed		0
Uid	Uid	Uid	existing-unreviewed		0
Uint16ToArray	Unsignedinteger16toMảng	Unsignedinteger16toMảng	existing-unreviewed		0
Uint16ToArray_BE	Unsignedinteger16toMảngbe	Unsignedinteger16toMảngbe	existing-unreviewed		0
Uint16_R	Unsignedinteger16r	Unsignedinteger16r	existing-unreviewed		0
Uint32ToArray	Unsignedinteger32toMảng	Unsignedinteger32toMảng	existing-unreviewed		0
Uint32_R	Unsignedinteger32r	Unsignedinteger32r	existing-unreviewed		0
Uint48ToArray	Unsignedinteger48toMảng	Unsignedinteger48toMảng	existing-unreviewed		0
Uint48ToArray_BE	Unsignedinteger48toMảngbe	Unsignedinteger48toMảngbe	existing-unreviewed		0
Uint48_R	Unsignedinteger48r	Unsignedinteger48r	existing-unreviewed		0
Uint64ToArray	Unsignedinteger64toMảng	Unsignedinteger64toMảng	existing-unreviewed		0
Uint64_R	Unsignedinteger64r	Unsignedinteger64r	existing-unreviewed		0
UnhandleInterrupt	UnhandleGiánđoạn	UnhandleGiánđoạn	existing-unreviewed		0
UnsetBit	Bỏđặtbit	Đảo_bit_cấp_phát	project-proposal	toggle_bit	1
UsedBlocks	DùngTắcnghẽn	DùngTắcnghẽn	existing-unreviewed		0
UserDesc	Ngườidùngdescriptor	Ngườidùngdescriptor	existing-unreviewed		0
UserStack	Ngườidùngstack_2	Ngườidùngstack_2	existing-unreviewed		0
UserStackSize	NgườidùngstackCỡ_2	NgườidùngstackCỡ_2	existing-unreviewed		0
Vendor_id	NhàsảnxuấtMãsố	NhàsảnxuấtMãsố	existing-unreviewed		0
Version	Phiênbản	Phiênbản	existing-unreviewed		0
VirtTest	VirtThử	VirtThử	existing-unreviewed		0
Write	Ghi	Ghi	existing-unreviewed		0
Write28	Ghi28	Ghi28	existing-unreviewed		0
WriteRegisters	Ghiregister	Ghiregister	existing-unreviewed		0
X	X	X	existing-unreviewed		0
Y	Y	Y	existing-unreviewed		0
Zero	Zero	Zero	existing-unreviewed		0
ZeroBlockInPageDir	ZeroTắcnghẽnVàoTrangThưmục	ZeroTắcnghẽnVàoTrangThưmục	existing-unreviewed		0
a	a	a	existing-unreviewed		0
aTime	aGiờ	aGiờ	existing-unreviewed		0
access	truycập	truycập	existing-unreviewed		0
accessMode	truycậpChếđộ	truycậpChếđộ	existing-unreviewed		0
ack	ack	ack	existing-unreviewed		0
activeKeyboardDriver	hoạtđộngBànphímdriver	hoạtđộngBànphímdriver	existing-unreviewed		0
activeMouseDriver	hoạtđộngChuộtdriver	hoạtđộngChuộtdriver	existing-unreviewed		0
addr	address	address	existing-unreviewed		0
addrPtr	addressContrỏ	addressContrỏ	existing-unreviewed		0
address	address_2	address_2	existing-unreviewed		0
addressError	addressLỗi	addressLỗi	existing-unreviewed		0
afInet	afinet	afinet	existing-unreviewed		0
allocFD	allocateTả	allocateTả	existing-unreviewed		0
allocOpenFile	allocateMởTậptin	allocateMởTậptin	existing-unreviewed		0
allocProcess	allocateTiếntrình	allocateTiếntrình	existing-unreviewed		0
allocateSocket	allocatesocket	allocatesocket	existing-unreviewed		0
allocated	allocated	allocated	existing-unreviewed		0
amd_am79c973	amdam79c973	amdam79c973	existing-unreviewed		0
args	đốisố	đốisố	existing-unreviewed		0
argument	argument	argument	existing-unreviewed		0
argumentPointers	argumentpointers	argumentpointers	existing-unreviewed		0
arguments	đốisố_2	đốisố_2	existing-unreviewed		0
arp	arp	arp	existing-unreviewed		0
arpBuffer	arpbuffer	arpbuffer	existing-unreviewed		0
arpMesgSize	arpmesgCỡ	arpmesgCỡ	existing-unreviewed		0
arpProvider	arpprovider	arpprovider	existing-unreviewed		0
arp콘솔	arpconsole	arpconsole	existing-unreviewed		0
array	mảng	mảng	existing-unreviewed		0
ata	ata	ata	existing-unreviewed		0
ata0s	ata0s	ata0s	existing-unreviewed		0
attempts	attempts	attempts	existing-unreviewed		0
attr	thuộctính	thuộctính	existing-unreviewed		0
attributeControllerIndexPort	thuộctínhcontrollerChỉmụcCổng	thuộctínhcontrollerChỉmụcCổng	existing-unreviewed		0
attributeControllerReadPort	thuộctínhcontrollerĐọcCổng	thuộctínhcontrollerĐọcCổng	existing-unreviewed		0
attributeControllerResetPort	thuộctínhcontrollerĐặtlạiCổng	thuộctínhcontrollerĐặtlạiCổng	existing-unreviewed		0
attributeControllerWritePort	thuộctínhcontrollerGhiCổng	thuộctínhcontrollerGhiCổng	existing-unreviewed		0
attributes	attributes	attributes	existing-unreviewed		0
aux	aux	aux	existing-unreviewed		0
avail	sẵnsàng	sẵnsàng	existing-unreviewed		0
b	b	b	existing-unreviewed		0
backend	backend	backend	existing-unreviewed		0
backupFpRegs	backupfpregs	backupfpregs	existing-unreviewed		0
backupSector	backupsector	backupsector	existing-unreviewed		0
bar	thanh	thanh	existing-unreviewed		0
barNum	thanhSỐ	thanhSỐ	existing-unreviewed		0
bar_value	thanhGiátrị	thanhGiátrị	existing-unreviewed		0
base	base	base	existing-unreviewed		0
baseCode	basecode	basecode	existing-unreviewed		0
baseHigh	baseCao	baseCao	existing-unreviewed		0
baseLow	baseThấp	baseThấp	existing-unreviewed		0
baseMid	basemid	basemid	existing-unreviewed		0
base_addr_high	baseaddressCao	baseaddressCao	existing-unreviewed		0
base_addr_low	baseaddressThấp	baseaddressThấp	existing-unreviewed		0
bh	bh	bh	existing-unreviewed		0
bindEphemeral	bindephemeral	bindephemeral	existing-unreviewed		0
bindError	bindLỗi	bindLỗi	existing-unreviewed		0
bios	bios	bios	existing-unreviewed		0
bit	bit	bit	existing-unreviewed		0
bitmap	bitmap	bản_đồ_cấp_phát	project-proposal	bitmap	2
bootSignature	bootsignature	bootsignature	existing-unreviewed		0
bootable	bootable	bootable	existing-unreviewed		0
bootloader	bootloader	bootloader	existing-unreviewed		0
bound	bound	bound	existing-unreviewed		0
bpb	bpb	tham_số_hệ_thống_tệp	project-proposal	fat_parameters	16
bpbBytes	bpbByte	bpbByte	existing-unreviewed		0
bpbPtr	bpbContrỏ	bpbContrỏ	existing-unreviewed		0
buf	buffer	buffer	existing-unreviewed		0
buf1	buffer1	buffer1	existing-unreviewed		0
buf2	buffer2	buffer2	existing-unreviewed		0
buf3	buffer3	buffer3	existing-unreviewed		0
buf4	buffer4	buffer4	existing-unreviewed		0
buf6	buffer6	buffer6	existing-unreviewed		0
buffer	buffer_2	buffer_2	existing-unreviewed		0
buffer1	buffer1_2	buffer1_2	existing-unreviewed		0
buffer2	buffer2_2	buffer2_2	existing-unreviewed		0
bufferAddr	bufferaddress	bufferaddress	existing-unreviewed		0
bufferAddress	bufferaddress_2	bufferaddress_2	existing-unreviewed		0
bufptr	bufferContrỏ	bufferContrỏ	existing-unreviewed		0
bus	bus	bus	existing-unreviewed		0
busControlRegisterDataPort	busĐiềukhiểnregisterdataCổng	busĐiềukhiểnregisterdataCổng	existing-unreviewed		0
button	nút	nút	existing-unreviewed		0
buttons	nút_2	nút_2	existing-unreviewed		0
bytesPerSector	bytepersector	bytepersector	existing-unreviewed		0
c	c	c	existing-unreviewed		0
cDate	cNgàytháng	cNgàytháng	existing-unreviewed		0
cTime	cGiờ	cGiờ	existing-unreviewed		0
cTimeTenth	cGiờtenth	cGiờtenth	existing-unreviewed		0
call	call	call	existing-unreviewed		0
candidate	candidate	candidate	existing-unreviewed		0
cap	cap	cap	existing-unreviewed		0
char	char	char	existing-unreviewed		0
checked	checked	checked	existing-unreviewed		0
checksum	checksum	checksum	existing-unreviewed		0
child	con	con	existing-unreviewed		0
childPID	conpid	conpid	existing-unreviewed		0
childPageDir	conTrangThưmục	conTrangThưmục	existing-unreviewed		0
chunk	chunk	chunk	existing-unreviewed		0
class_id	hạngMãsố	hạngMãsố	existing-unreviewed		0
closeAllProcessFDs	đóngTấtcảTiếntrìnhfds	đóngTấtcảTiếntrìnhfds	existing-unreviewed		0
closeOnExec	đóngBậtChạy	đóngBậtChạy	existing-unreviewed		0
closeProcessFD	đóngTiếntrìnhTả	đóngTiếntrìnhTả	existing-unreviewed		0
code	code	code	existing-unreviewed		0
code1Ptr	code1Contrỏ	code1Contrỏ	existing-unreviewed		0
code1ptr	code1Contrỏ_2	code1Contrỏ_2	existing-unreviewed		0
code2Ptr	code2Contrỏ	code2Contrỏ	existing-unreviewed		0
code3Ptr	code3Contrỏ	code3Contrỏ	existing-unreviewed		0
codeSegment	codesegment	codesegment	existing-unreviewed		0
colorIndex	màuChỉmục	màuChỉmục	existing-unreviewed		0
colordepth	màuChiềusâu	màuChiềusâu	existing-unreviewed		0
command	lệnh	lệnh	existing-unreviewed		0
commandPort	lệnhCổng	lệnhCổng	existing-unreviewed		0
commandport	lệnhCổng_2	lệnhCổng_2	existing-unreviewed		0
common	chung	chung	existing-unreviewed		0
connected	connected	connected	existing-unreviewed		0
console	console	console	existing-unreviewed		0
controlPort	điềukhiểnCổng	điềukhiểnCổng	existing-unreviewed		0
copyExecVector	saochépChạyvector	saochépChạyvector	existing-unreviewed		0
copyLength	saochépĐộdài	saochépĐộdài	existing-unreviewed		0
copyPageDir	saochépTrangThưmục	saochépTrangThưmục	existing-unreviewed		0
copyPath	saochépĐƯỜNGDẪN	saochépĐƯỜNGDẪN	existing-unreviewed		0
copySocketName	saochépsocketTên	saochépsocketTên	existing-unreviewed		0
copyUtsField	saochéputsfield	saochéputsfield	existing-unreviewed		0
count	sốlượng	sốlượng	existing-unreviewed		0
count2	sốlượng2	sốlượng2	existing-unreviewed		0
cowFrameManager	cowframemanager	cowframemanager	existing-unreviewed		0
cpu	cpu	cpu	existing-unreviewed		0
cpustate	cpuTrạngthái	cpuTrạngthái	existing-unreviewed		0
cr0	cr0	cr0	existing-unreviewed		0
cr3	cr3	cr3	existing-unreviewed		0
cr4	cr4	cr4	existing-unreviewed		0
crtcDataPort	crtcdataCổng	crtcdataCổng	existing-unreviewed		0
crtcIndexPort	crtcChỉmụcCổng	crtcChỉmụcCổng	existing-unreviewed		0
cs	cs	cs	existing-unreviewed		0
currentRecvBuffer	hiệnhànhrecvbuffer	hiệnhànhrecvbuffer	existing-unreviewed		0
currentSendBuffer	hiệnhànhGởibuffer	hiệnhànhGởibuffer	existing-unreviewed		0
currentTask	hiệnhànhTácvụ	hiệnhànhTácvụ	existing-unreviewed		0
currentThread	hiệnhànhthread	hiệnhànhthread	existing-unreviewed		0
currentThreadIndex	hiệnhànhthreadChỉmục	hiệnhànhthreadChỉmục	existing-unreviewed		0
cursorHeight	cursorĐộcao	cursorĐộcao	existing-unreviewed		0
cursorStart	cursorChạy	cursorChạy	existing-unreviewed		0
d_tag	dThẻ	dThẻ	existing-unreviewed		0
d_val_ptr	dvalContrỏ	dvalContrỏ	existing-unreviewed		0
data	data	data	existing-unreviewed		0
dataBuf	databuffer	databuffer	existing-unreviewed		0
dataBytes	dataByte	dataByte	existing-unreviewed		0
dataPointer	dataContrỏ	dataContrỏ	existing-unreviewed		0
dataPort	dataCổng	dataCổng	existing-unreviewed		0
dataStart	dataChạy	dataChạy	existing-unreviewed		0
databuffer	databuffer_2	databuffer_2	existing-unreviewed		0
dataport	dataCổng_2	dataCổng_2	existing-unreviewed		0
defaultKeyboardEventHandler	mặcđịnhBànphímSựkiệnhandler	mặcđịnhBànphímSựkiệnhandler	existing-unreviewed		0
desc	descriptor	descriptor	existing-unreviewed		0
description	môtả	môtả	existing-unreviewed		0
destination	destination	destination	existing-unreviewed		0
destinationAddress	destinationaddress	destinationaddress	existing-unreviewed		0
destinationLength	destinationĐộdài	destinationĐộdài	existing-unreviewed		0
dev	thiếtbị	thiếtbị	existing-unreviewed		0
device	thiếtbị_2	thiếtbị_2	existing-unreviewed		0
deviceDescriptor	thiếtbịdescriptor	thiếtbịdescriptor	existing-unreviewed		0
devicePort	thiếtbịCổng	thiếtbịCổng	existing-unreviewed		0
diff	diff	diff	existing-unreviewed		0
digits	digits	digits	existing-unreviewed		0
dirent	dirent	dirent	existing-unreviewed		0
direntBytes	direntByte	direntByte	existing-unreviewed		0
direntPtr	direntContrỏ	direntContrỏ	existing-unreviewed		0
discardProcess	discardTiếntrình	discardTiếntrình	existing-unreviewed		0
dispatchInterrupt	dispatchGiánđoạn	dispatchGiánđoạn	existing-unreviewed		0
divisor	divisor	divisor	existing-unreviewed		0
domain	miền	miền	existing-unreviewed		0
driveNumber	driveSỐ	driveSỐ	existing-unreviewed		0
driver	driver	driver	existing-unreviewed		0
driverManager	drivermanager	drivermanager	existing-unreviewed		0
drivercount	driverSốlượng	driverSốlượng	existing-unreviewed		0
drv	driver_2	driver_2	existing-unreviewed		0
ds	ds	ds	existing-unreviewed		0
ds_segment	dssegment	dssegment	existing-unreviewed		0
dst	destination_2	destination_2	existing-unreviewed		0
dstEntry	destinationentry	destinationentry	existing-unreviewed		0
dstIP	destinationipaddress	destinationipaddress	existing-unreviewed		0
dstIP_BE	destinationipaddressMạngbyteorder	destinationipaddressMạngbyteorder	existing-unreviewed		0
dstMAC	destinationmacaddress	destinationmacaddress	existing-unreviewed		0
dstMAC_BE	destinationmacbe	destinationmacbe	existing-unreviewed		0
dstPageDir	destinationTrangThưmục	destinationTrangThưmục	existing-unreviewed		0
dstPort	destinationCổngSỐ	số_cổng_đích	project-proposal	destination_port	9
dstPt	destinationpt	destinationpt	existing-unreviewed		0
dstPtPtr	destinationptContrỏ	destinationptContrỏ	existing-unreviewed		0
dstPtr	destinationContrỏ	destinationContrỏ	existing-unreviewed		0
dstptr	destinationContrỏ_2	destinationContrỏ_2	existing-unreviewed		0
dynamic	năngđộng	năngđộng	existing-unreviewed		0
e	e	e	existing-unreviewed		0
e_ehsize	eehsize	eehsize	existing-unreviewed		0
e_entry	eentry	eentry	existing-unreviewed		0
e_flags	eCờ	eCờ	existing-unreviewed		0
e_ident	eident	eident	existing-unreviewed		0
e_machine	emachine	emachine	existing-unreviewed		0
e_phentsize	ephentsize	ephentsize	existing-unreviewed		0
e_phnum	ephnum	ephnum	existing-unreviewed		0
e_phoff	ephoff	ephoff	existing-unreviewed		0
e_shentsize	eshentsize	eshentsize	existing-unreviewed		0
e_shnum	eshnum	eshnum	existing-unreviewed		0
e_shoff	eshoff	eshoff	existing-unreviewed		0
e_shstrndx	eshstrndx	eshstrndx	existing-unreviewed		0
e_type	eKiểu	eKiểu	existing-unreviewed		0
e_version	ePhiênbản	ePhiênbản	existing-unreviewed		0
eax	eax	eax	existing-unreviewed		0
ebp	ebp	ebp	existing-unreviewed		0
ebx	ebx	ebx	existing-unreviewed		0
ecx	ecx	ecx	existing-unreviewed		0
edi	edi	edi	existing-unreviewed		0
edx	edx	edx	existing-unreviewed		0
efHandler	efhandler	efhandler	existing-unreviewed		0
eflags	eflags	eflags	existing-unreviewed		0
eip	eip	eip	existing-unreviewed		0
eipOffset	eipoffset	eipoffset	existing-unreviewed		0
elf	elf	định_dạng_thực_thi_và_liên_kết	project-proposal	elf	6
elf0	elf0	elf0	existing-unreviewed		0
elf2	elf2	elf2	existing-unreviewed		0
elf3	elf3	elf3	existing-unreviewed		0
elf4	elf4	elf4	existing-unreviewed		0
elfHeader	elfheader	elfheader	existing-unreviewed		0
enabled	bật	bật	existing-unreviewed		0
end	kếtthúc	kếtthúc	existing-unreviewed		0
endOffset	kếtthúcoffset	kếtthúcoffset	existing-unreviewed		0
end_cylinder	kếtthúccylinder	kếtthúccylinder	existing-unreviewed		0
end_head	kếtthúchead	kếtthúchead	existing-unreviewed		0
end_sector	kếtthúcsector	kếtthúcsector	existing-unreviewed		0
ensureCurrentProcess	ensureHiệnhànhTiếntrình	ensureHiệnhànhTiếntrình	existing-unreviewed		0
entry	entry	entry	existing-unreviewed		0
entryPoint	entrypoint	entrypoint	existing-unreviewed		0
entrypoint	entrypoint_2	entrypoint_2	existing-unreviewed		0
environment	environment	environment	existing-unreviewed		0
environmentPointers	environmentpointers	environmentpointers	existing-unreviewed		0
err	lỗi	lỗi	existing-unreviewed		0
errorPort	lỗiCổng	lỗiCổng	existing-unreviewed		0
es	es	es	existing-unreviewed		0
esi	esi	esi	existing-unreviewed		0
esp	esp	esp	existing-unreviewed		0
esp0	esp0	esp0	existing-unreviewed		0
esp1	esp1	esp1	existing-unreviewed		0
esp2	esp2	esp2	existing-unreviewed		0
etherFrameProvider	ethernetframeprovider	bộ_cung_cấp_khung_mạng_dùng_chung_môi_trường_truyền	project-proposal	ethernet_provider	1
etherType	ethernetKiểu	ethernetKiểu	existing-unreviewed		0
etherType_BE	ethernetKiểube	ethernetKiểube	existing-unreviewed		0
etherframe	ethernetframe	khung_mạng_dùng_chung_môi_trường_truyền	project-proposal	ethernet_frame	1
etherframePayload	ethernetframepayload	ethernetframepayload	existing-unreviewed		0
except	except	except	existing-unreviewed		0
exceptionCR0	exceptioncr0	exceptioncr0	existing-unreviewed		0
exceptionCR2	exceptioncr2	exceptioncr2	existing-unreviewed		0
exceptionCR3	exceptioncr3	exceptioncr3	existing-unreviewed		0
exceptionFrameValue	exceptionframeGiátrị	exceptionframeGiátrị	existing-unreviewed		0
exceptionHasErrorCode	exceptionhasLỗicode	exceptionhasLỗicode	existing-unreviewed		0
exceptionName	exceptionTên	exceptionTên	existing-unreviewed		0
execVector	chạyvector	chạyvector	existing-unreviewed		0
exists	exists	exists	existing-unreviewed		0
exited	exited	exited	existing-unreviewed		0
ext	ext	ext	existing-unreviewed		0
extFlags	extCờ	extCờ	existing-unreviewed		0
extendedScanCode	extendedQuétcode	extendedQuétcode	existing-unreviewed		0
fDupFD	fdupTả	fdupTả	existing-unreviewed		0
fGetFD	fgetTả	fgetTả	existing-unreviewed		0
fGetFL	fgetfl	fgetfl	existing-unreviewed		0
fSetFD	fĐặtTả	fĐặtTả	existing-unreviewed		0
fSetFL	fĐặtfl	fĐặtfl	existing-unreviewed		0
fat	fat	fat	existing-unreviewed		0
fatCopies	fatSaochép	fatSaochép	existing-unreviewed		0
fatInfo	fatThôngtin	fatThôngtin	existing-unreviewed		0
fatOffsetInSectorForCurrentCluster	fatoffsetVàosectorforHiệnhànhcluster	fatoffsetVàosectorforHiệnhànhcluster	existing-unreviewed		0
fatSectorCount	fatsectorSốlượng	fatsectorSốlượng	existing-unreviewed		0
fatSectorForCurrentCluster	fatsectorforHiệnhànhcluster	fatsectorforHiệnhànhcluster	existing-unreviewed		0
fatSize	fatCỡ	fatCỡ	existing-unreviewed		0
fatStart	fatChạy	fatChạy	existing-unreviewed		0
fatTypeLabel	fatKiểuNhãn	fatKiểuNhãn	existing-unreviewed		0
fatVersion	fatPhiênbản	fatPhiênbản	existing-unreviewed		0
fatbuf	fatbuf	fatbuf	existing-unreviewed		0
fatbuffer	fatbuffer	fatbuffer	existing-unreviewed		0
faultAddr	faultaddress	faultaddress	existing-unreviewed		0
fb	fb	fb	existing-unreviewed		0
fbCurCol	fbHiệnhànhcol	fbHiệnhànhcol	existing-unreviewed		0
fbCurLine	fbHiệnhànhline	fbHiệnhànhline	existing-unreviewed		0
fbHeight	fbĐộcao	fbĐộcao	existing-unreviewed		0
fbPhysAddr	fbphysaddress	fbphysaddress	existing-unreviewed		0
fbWidth	fbĐộrộng	fbĐộrộng	existing-unreviewed		0
fd	tả	tả	existing-unreviewed		0
fdCloexec	tảcloexec	tảcloexec	existing-unreviewed		0
fdEntry	tảentry	tảentry	existing-unreviewed		0
fdFlags	tảCờ	tảCờ	existing-unreviewed		0
fdKindConsole	tảkindconsole	tảkindconsole	existing-unreviewed		0
fdKindFat	tảkindfat	tảkindfat	existing-unreviewed		0
fdKindNone	tảkindKhông	tảkindKhông	existing-unreviewed		0
fdKindRootDir	tảkindGốcThưmục	tảkindGốcThưmục	existing-unreviewed		0
fdKindSocket	tảkindsocket	tảkindsocket	existing-unreviewed		0
fdKindStdin	tảkindstdin	tảkindstdin	existing-unreviewed		0
fds	fds	fds	existing-unreviewed		0
filePtr	tậptinContrỏ	tậptinContrỏ	existing-unreviewed		0
fileSector	tậptinsector	tậptinsector	existing-unreviewed		0
fileSize	tậptinCỡ	tậptinCỡ	existing-unreviewed		0
filename	têntậptin	têntậptin	existing-unreviewed		0
fillPosixStat	fillposixstat	fillposixstat	existing-unreviewed		0
findProcess	tìmTiếntrình	tìmTiếntrình	existing-unreviewed		0
first	đầu	đầu	existing-unreviewed		0
firstClusterHi	đầuclusterhi	đầuclusterhi	existing-unreviewed		0
firstClusterLow	đầuclusterThấp	đầuclusterThấp	existing-unreviewed		0
firstFileCluster	đầuTậptincluster	đầuTậptincluster	existing-unreviewed		0
flags	cờ	cờ	existing-unreviewed		0
flags2	cờ2	cờ2	existing-unreviewed		0
flagsAndOffset	cờvàoffset	cờvàoffset	existing-unreviewed		0
flushIndex	flushChỉmục	flushChỉmục	existing-unreviewed		0
flushTlsTable	flushtlsBảng	flushtlsBảng	existing-unreviewed		0
flush_tss	flushtss	flushtss	existing-unreviewed		0
fn	fn	fn	existing-unreviewed		0
foo	foo	foo	existing-unreviewed		0
foundChild	foundcon	foundcon	existing-unreviewed		0
frame	frame	frame	existing-unreviewed		0
frameCount	frameSốlượng	frameSốlượng	existing-unreviewed		0
frameHeaderSize	frameheaderCỡ	frameheaderCỡ	existing-unreviewed		0
free	rảnh	rảnh	existing-unreviewed		0
freePort	rảnhCổng	rảnhCổng	existing-unreviewed		0
frequency	độthườngxuyên	độthườngxuyên	existing-unreviewed		0
fs	fs	fs	existing-unreviewed		0
func1Val	func1val	func1val	existing-unreviewed		0
func2Val	func2val	func2val	existing-unreviewed		0
func3Val	func3val	func3val	existing-unreviewed		0
func_addr	funcaddress	funcaddress	existing-unreviewed		0
func_bytes	funcByte	funcByte	existing-unreviewed		0
func_name	funcTên	funcTên	existing-unreviewed		0
func_value	funcGiátrị	funcGiátrị	existing-unreviewed		0
function	hàm	hàm	existing-unreviewed		0
fxrstor	fxrstor	fxrstor	existing-unreviewed		0
fxsave	fxsave	fxsave	existing-unreviewed		0
g	g	g	existing-unreviewed		0
g_320x200x256	g320x200x256	g320x200x256	existing-unreviewed		0
gate	gate	gate	existing-unreviewed		0
gateData	gatedata	gatedata	existing-unreviewed		0
gatewayIP	gatewayip	gatewayip	existing-unreviewed		0
gdt	gdt	gdt	existing-unreviewed		0
gdtDescriptor	gdtdescriptor	gdtdescriptor	existing-unreviewed		0
gdtEntry	gdtentry	gdtentry	existing-unreviewed		0
gdtTable	gdtBảng	gdtBảng	existing-unreviewed		0
gdtTableLen	gdtBảnglen	gdtBảnglen	existing-unreviewed		0
gdt_codeSegmentSelector	gdtcodesegmentselector	gdtcodesegmentselector	existing-unreviewed		0
gdt_func	gdtfunc	gdtfunc	existing-unreviewed		0
getCR2	getcr2	getcr2	existing-unreviewed		0
getCR3	getcr3	getcr3	existing-unreviewed		0
getDescriptor	getdescriptor	getdescriptor	existing-unreviewed		0
getESI	getesi	getesi	existing-unreviewed		0
getESP	getesp	getesp	existing-unreviewed		0
getGDT	getgdt	getgdt	existing-unreviewed		0
getGS	getgs	getgs	existing-unreviewed		0
getOpenFile	getMởTậptin	getMởTậptin	existing-unreviewed		0
getOpenFileFor	getMởTậptinfor	getMởTậptinfor	existing-unreviewed		0
getTLS	gettls	gettls	existing-unreviewed		0
globalDescriptorTable	toàncụcdescriptorBảng	toàncụcdescriptorBảng	existing-unreviewed		0
globalOffsetTable	toàncụcoffsetBảng	toàncụcoffsetBảng	existing-unreviewed		0
global_offset_table	toàncụcoffsetBảng_2	toàncụcoffsetBảng_2	existing-unreviewed		0
graphicsControllerDataPort	đồhoạcontrollerdataCổng	đồhoạcontrollerdataCổng	existing-unreviewed		0
graphicsControllerIndexPort	đồhoạcontrollerChỉmụcCổng	đồhoạcontrollerChỉmụcCổng	existing-unreviewed		0
grub_multiboot_memory_map_t	grubmultibootBộnhớmapt	grubmultibootBộnhớmapt	existing-unreviewed		0
gs	gs	gs	existing-unreviewed		0
gs_segment	gssegment	gssegment	existing-unreviewed		0
h	h	h	existing-unreviewed		0
haltAfterFatalException	haltafterfatalexception	haltafterfatalexception	existing-unreviewed		0
handleInterrupt	handleGiánđoạn	handleGiánđoạn	existing-unreviewed		0
handleKeyboardInterrupt	handleBànphímGiánđoạn	handleBànphímGiánđoạn	existing-unreviewed		0
handleMouseInterrupt	handleChuộtGiánđoạn	handleChuộtGiánđoạn	existing-unreviewed		0
handlePagingInterrupt	handlepagingGiánđoạn	handlepagingGiánđoạn	existing-unreviewed		0
handleUnhandledSyscall	handleunhandledsyscall	handleunhandledsyscall	existing-unreviewed		0
handler	handler	handler	existing-unreviewed		0
handlerAddressHighBits	handleraddressCaobit	handleraddressCaobit	existing-unreviewed		0
handlerAddressLowBits	handleraddressThấpbit	handleraddressThấpbit	existing-unreviewed		0
handlerRun	handlerChạy	handlerChạy	existing-unreviewed		0
handlers	handler_2	handler_2	existing-unreviewed		0
hardwareAddressSize	phầncứngaddressCỡ	phầncứngaddressCỡ	existing-unreviewed		0
hardwareInterruptOffset	phầncứngGiánđoạnoffset	phầncứngGiánđoạnoffset	existing-unreviewed		0
hardwareType	phầncứngKiểu	phầncứngKiểu	existing-unreviewed		0
hd	hd	hd	existing-unreviewed		0
head	head	head	existing-unreviewed		0
headCount	headSốlượng	headSốlượng	existing-unreviewed		0
headerLength	headerĐộdài	headerĐộdài	existing-unreviewed		0
headertype	headertype	headertype	existing-unreviewed		0
height	độcao	độcao	existing-unreviewed		0
hex	thậplục	thậplục	existing-unreviewed		0
hiddenSectors	ẩnsectors	ẩnsectors	existing-unreviewed		0
i	i	i	existing-unreviewed		0
iCount	iSốlượng	iSốlượng	existing-unreviewed		0
iDrivers	idriver	idriver	existing-unreviewed		0
iKeyboardEventHandler	iBànphímSựkiệnhandler	iBànphímSựkiệnhandler	existing-unreviewed		0
iMouseEventHandler	iChuộtSựkiệnhandler	iChuộtSựkiệnhandler	existing-unreviewed		0
iPCIControllerHandler	ipcicontrollerhandler	ipcicontrollerhandler	existing-unreviewed		0
iRawDataHandler	irawdatahandler	irawdatahandler	existing-unreviewed		0
iTimerEventHandler	itimerSựkiệnhandler	itimerSựkiệnhandler	existing-unreviewed		0
icmp	icmp	giao_thức_thông_điệp_điều_khiển_mạng_liên_kết	project-proposal	icmp	12
icmpSize	icmpCỡ	icmpCỡ	existing-unreviewed		0
icmp콘솔	icmpconsole	icmpconsole	existing-unreviewed		0
id	mãsố	mãsố	existing-unreviewed		0
ident	ident	ident	existing-unreviewed		0
idtData	idtdata	idtdata	existing-unreviewed		0
idtPointer	idtContrỏ	idtContrỏ	existing-unreviewed		0
idx	idx	idx	existing-unreviewed		0
index	chỉmục	chỉmục	existing-unreviewed		0
initBlock	initTắcnghẽn	initTắcnghẽn	existing-unreviewed		0
initFileDescriptors	initTậptindescriptor	initTậptindescriptor	existing-unreviewed		0
initPIT	initpit	initpit	existing-unreviewed		0
initializeProcessFDs	initializeTiếntrìnhfds	initializeTiếntrìnhfds	existing-unreviewed		0
inode	nútthôngtin	nútthôngtin	existing-unreviewed		0
inputEventTask	gõSựkiệnTácvụ	gõSựkiệnTácvụ	existing-unreviewed		0
installIDT	càiđặtidt	càiđặtidt	existing-unreviewed		0
intNumber	intSỐ	intSỐ	existing-unreviewed		0
interface_id	gIAODIỆNMãsố	gIAODIỆNMãsố	existing-unreviewed		0
internetprotocolPayload	mạngprotocolpayload	mạngprotocolpayload	existing-unreviewed		0
interrupt	giánđoạn	giánđoạn	existing-unreviewed		0
interruptDebug	giánđoạndebug	giánđoạndebug	existing-unreviewed		0
interruptExitLoop	giánđoạnThoátVònglặp	giánđoạnThoátVònglặp	existing-unreviewed		0
interruptGateEntries	giánđoạngateentry	giánđoạngateentry	existing-unreviewed		0
interruptHandler	giánđoạnhandler	giánđoạnhandler	existing-unreviewed		0
interrupts	interrupts	interrupts	existing-unreviewed		0
iomap	iomap	iomap	existing-unreviewed		0
ip	ip	ip	existing-unreviewed		0
ipEtherFrameHandler	ipethernetframehandler	ipethernetframehandler	existing-unreviewed		0
ipHandler	iphandler	iphandler	existing-unreviewed		0
ipIdx	ipidx	ipidx	existing-unreviewed		0
ipProtocolUDP	ipprotocoludp	ipprotocoludp	existing-unreviewed		0
ipProvider	ipprovider	bộ_cung_cấp_giao_thức_mạng_liên_kết	project-proposal	ip_provider	5
ipSize	ipCỡ	ipCỡ	existing-unreviewed		0
ip_be	ipMạngbyteorder	ipMạngbyteorder	existing-unreviewed		0
ipmessage	mạngprotocolthôngbáo	mạngprotocolthôngbáo	existing-unreviewed		0
ipv4	ipv4	giao_thức_mạng_liên_kết_4	project-proposal	ipv4	1
ip콘솔	ipconsole	ipconsole	existing-unreviewed		0
isKernel	iskernel	iskernel	existing-unreviewed		0
isRoot	isGốc	isGốc	existing-unreviewed		0
isRootPath	isGốcĐƯỜNGDẪN	isGốcĐƯỜNGDẪN	existing-unreviewed		0
isSharedPDE	issharedpde	issharedpde	existing-unreviewed		0
istOffset	istoffset	istoffset	existing-unreviewed		0
j	j	j	existing-unreviewed		0
jmp	jmp	jmp	existing-unreviewed		0
jmp_user	jmpNgườidùng	jmpNgườidùng	existing-unreviewed		0
jump_usermode_iret	jumpusermodeiret	jumpusermodeiret	existing-unreviewed		0
kPageDirEntry	kTrangThưmụcentry	kTrangThưmụcentry	existing-unreviewed		0
kernelESP	kernelesp	kernelesp	existing-unreviewed		0
kernelPageDirEntry	kernelTrangThưmụcentry	kernelTrangThưmụcentry	existing-unreviewed		0
kernelSS	kernelss	kernelss	existing-unreviewed		0
key	key	key	existing-unreviewed		0
keyboard	bànphím	bànphím	existing-unreviewed		0
keyboardDriver	bànphímdriver	bànphímdriver	existing-unreviewed		0
keyboardEventHandler	bànphímSựkiệnhandler	bànphímSựkiệnhandler	existing-unreviewed		0
keyboardQueue	bànphímqueue	bànphímqueue	existing-unreviewed		0
keyboardQueueRead	bànphímqueueĐọc	bànphímqueueĐọc	existing-unreviewed		0
keyboardQueueSize	bànphímqueueCỡ	bànphímqueueCỡ	existing-unreviewed		0
keyboardQueueWrite	bànphímqueueGhi	bànphímqueueGhi	existing-unreviewed		0
kind	kind	kind	existing-unreviewed		0
l	l	l	existing-unreviewed		0
last	cuối	cuối	existing-unreviewed		0
lbaHiPort	lbahiCổng	lbahiCổng	existing-unreviewed		0
lbaLowPort	lbaThấpCổng	lbaThấpCổng	existing-unreviewed		0
lbaMidPort	lbamidCổng	lbamidCổng	existing-unreviewed		0
ldt	ldt	ldt	existing-unreviewed		0
leftShift	tráishift	tráishift	existing-unreviewed		0
len	len	len	existing-unreviewed		0
len_ver	lenver	lenver	existing-unreviewed		0
length	độdài	độdài	existing-unreviewed		0
lengthAddress	độdàiaddress	độdàiaddress	existing-unreviewed		0
lengthInBytes	độdàiVàoByte	độdàiVàoByte	existing-unreviewed		0
length_high	độdàiCao	độdàiCao	existing-unreviewed		0
length_low	độdàiThấp	độdàiThấp	existing-unreviewed		0
lengths	lengths	lengths	existing-unreviewed		0
lib1Addr	lib1address	lib1address	existing-unreviewed		0
lib1Data	lib1data	lib1data	existing-unreviewed		0
lib1File	lib1Tậptin	lib1Tậptin	existing-unreviewed		0
lib1GOT	lib1got	lib1got	existing-unreviewed		0
lib1elf	lib1elf	lib1elf	existing-unreviewed		0
lib2Addr	lib2address	lib2address	existing-unreviewed		0
lib2Data	lib2data	lib2data	existing-unreviewed		0
lib2File	lib2Tậptin	lib2Tậptin	existing-unreviewed		0
lib2GOT	lib2got	lib2got	existing-unreviewed		0
lib2elf	lib2elf	lib2elf	existing-unreviewed		0
libLinkMap	libLiênkếtmap	libLiênkếtmap	existing-unreviewed		0
lidtaddr	lidtaddr	lidtaddr	existing-unreviewed		0
limit	giớihạn	giớihạn	existing-unreviewed		0
limitHighAndFlags	giớihạnCaovàCờ	giớihạnCaovàCờ	existing-unreviewed		0
limitLow	giớihạnThấp	giớihạnThấp	existing-unreviewed		0
linkMap	liênkếtmap	liênkếtmap	existing-unreviewed		0
linkMapAddr	liênkếtmapaddress	liênkếtmapaddress	existing-unreviewed		0
linkerAddr	linkeraddress	linkeraddress	existing-unreviewed		0
linkerData	linkerdata	linkerdata	existing-unreviewed		0
linkerEntry	linkerentry	linkerentry	existing-unreviewed		0
linkerFile	linkerTậptin	linkerTậptin	existing-unreviewed		0
list	liệtkê	liệtkê	existing-unreviewed		0
listening	listening	listening	existing-unreviewed		0
loader	loader	loader	existing-unreviewed		0
local	cụcbộ	cụcbộ	existing-unreviewed		0
localDatagramSocket	cụcbộdatagramsocket	cụcbộdatagramsocket	existing-unreviewed		0
localIP	cụcbộip	cụcbộip	existing-unreviewed		0
localPort	cụcbộCổngSỐ	cụcbộCổngSỐ	existing-unreviewed		0
localSockets	cụcbộsockets	cụcbộsockets	existing-unreviewed		0
logicalAddress	logicaladdress	logicaladdress	existing-unreviewed		0
macAddr	macaddress	macaddress	existing-unreviewed		0
macIdx	macidx	macidx	existing-unreviewed		0
magicnumber	magicnumber	magicnumber	existing-unreviewed		0
main	main	main	compatibility		0
mainThread	chínhthread	chínhthread	existing-unreviewed		0
makePagePrivateWritableCurrent	makeTrangRiêngwritableHiệnhành	makeTrangRiêngwritableHiệnhành	existing-unreviewed		0
makeRangePrivateWritableCurrent	makePhạmviRiêngwritableHiệnhành	makePhạmviRiêngwritableHiệnhành	existing-unreviewed		0
manager	manager	manager	existing-unreviewed		0
mask	lọc	lọc	existing-unreviewed		0
master	master	master	existing-unreviewed		0
matches	matches	matches	existing-unreviewed		0
maxBARs	maxbars	maxbars	existing-unreviewed		0
maxDatagramSize	maxdatagramCỡ	maxdatagramCỡ	existing-unreviewed		0
maxExecStringLength	maxChạyCHUỖIĐộdài	maxChạyCHUỖIĐộdài	existing-unreviewed		0
maxExecVectorEntries	maxChạyvectorentry	maxChạyvectorentry	existing-unreviewed		0
maxFD	maxTả	maxTả	existing-unreviewed		0
maxOpenFiles	maxMởfiles	maxMởfiles	existing-unreviewed		0
maxSocketPackets	maxsocketcácgói	maxsocketcácgói	existing-unreviewed		0
maxSockets	maxsockets	maxsockets	existing-unreviewed		0
maximumBlocks	tốiđaTắcnghẽn	tốiđaTắcnghẽn	existing-unreviewed		0
mediaType	vậtchứaKiểu	vậtchứaKiểu	existing-unreviewed		0
mem	mem	mem	existing-unreviewed		0
memoryArray	bộnhớMảng	bộnhớMảng	existing-unreviewed		0
memoryChunkSize	bộnhớchunkCỡ	bộnhớchunkCỡ	existing-unreviewed		0
memoryManager	bộnhớmanager	bộnhớmanager	existing-unreviewed		0
memoryOper	bộnhớoper	bộnhớoper	existing-unreviewed		0
memorySize	bộnhớCỡ	bộnhớCỡ	existing-unreviewed		0
memorymananger	memorymananger	memorymananger	existing-unreviewed		0
memorytest	memorytest	memorytest	existing-unreviewed		0
message	thôngbáo	thôngbáo	existing-unreviewed		0
micsPort	micsCổng	micsCổng	existing-unreviewed		0
minimum	tốithiểu	tốithiểu	existing-unreviewed		0
mode	chếđộ	chếđộ	existing-unreviewed		0
mouseDriver	chuộtdriver	chuộtdriver	existing-unreviewed		0
mouseEventHandler	chuộtSựkiệnhandler	chuộtSựkiệnhandler	existing-unreviewed		0
mouseVGA	chuộtvga	chuộtvga	existing-unreviewed		0
mouseWidget	chuộtwidget	chuộtwidget	existing-unreviewed		0
msdospart	msdospartition	msdospartition	existing-unreviewed		0
msg	msg	msg	existing-unreviewed		0
msgBuffer	msgbuffer	msgbuffer	existing-unreviewed		0
multiboot_memory_map	multibootBộnhớmap	multibootBộnhớmap	existing-unreviewed		0
multitasking	multitasking	multitasking	existing-unreviewed		0
myKeyboardEventHandler	myBànphímSựkiệnhandler	myBànphímSựkiệnhandler	existing-unreviewed		0
myPCIControllerHandler	mypcicontrollerhandler	mypcicontrollerhandler	existing-unreviewed		0
myfunction	myfunction	myfunction	existing-unreviewed		0
n	n	n	existing-unreviewed		0
n_descsz	ndescsz	ndescsz	existing-unreviewed		0
n_namesz	nnamesz	nnamesz	existing-unreviewed		0
n_type	nKiểu	nKiểu	existing-unreviewed		0
name	tên	tên	existing-unreviewed		0
nameLen	tênlen	tênlen	existing-unreviewed		0
netCard	mạngĐánhbài	mạngĐánhbài	existing-unreviewed		0
newButtons	mớiNút	mớiNút	existing-unreviewed		0
newFD	mớiTả	mớiTả	existing-unreviewed		0
newFrame	mớiframe	mớiframe	existing-unreviewed		0
newLink	mớiLiênkết	mớiLiênkết	existing-unreviewed		0
newNode	mớinode	mớinode	existing-unreviewed		0
newPtr	mớiContrỏ	mớiContrỏ	existing-unreviewed		0
next	kế	kế	existing-unreviewed		0
nextEphemeralPort	kếephemeralCổng	kếephemeralCổng	existing-unreviewed		0
nextFileCluster	kếTậptincluster	kếTậptincluster	existing-unreviewed		0
nextHopIP_BE	kếhopipaddressMạngbyteorder	kếhopipaddressMạngbyteorder	existing-unreviewed		0
nextNode	kếnode	kếnode	existing-unreviewed		0
nextProcessID	kếTiếntrìnhMãsố	kếTiếntrìnhMãsố	existing-unreviewed		0
nextThread	kếthread	kếthread	existing-unreviewed		0
nibble	nibble	nibble	existing-unreviewed		0
node	node	nút_danh_sách	project-proposal	list_node	16
nodeArray	nodeMảng	nodeMảng	existing-unreviewed		0
num	sỐ	sỐ	existing-unreviewed		0
numCacheEntries	sỐcacheentry	sỐcacheentry	existing-unreviewed		0
numDrivers	sỐdriver	sỐdriver	existing-unreviewed		0
numFunctions	sỐHàm	sỐHàm	existing-unreviewed		0
numRecvBuffers	sỐrecvbuffer	sỐrecvbuffer	existing-unreviewed		0
numSendBuffers	sỐGởibuffer	sỐGởibuffer	existing-unreviewed		0
numSockets	sỐsockets	sỐsockets	existing-unreviewed		0
numTasks	sỐTácvụ	sỐTácvụ	existing-unreviewed		0
oAppend	oappend	oappend	existing-unreviewed		0
oCreate	ocreate	ocreate	existing-unreviewed		0
oDirectory	oThưmục	oThưmục	existing-unreviewed		0
oReadOnly	oĐọconly	oĐọconly	existing-unreviewed		0
oReadWrite	oĐọcGhi	oĐọcGhi	existing-unreviewed		0
oTruncate	oCắt	oCắt	existing-unreviewed		0
oWriteOnly	oGhionly	oGhionly	existing-unreviewed		0
o_addr	oaddress	oaddress	existing-unreviewed		0
offset	offset	offset	existing-unreviewed		0
ok	đồngý	đồngý	existing-unreviewed		0
oldButtons	oldNút	oldNút	existing-unreviewed		0
oldCR3	oldcr3	oldcr3	existing-unreviewed		0
oldFD	oldTả	oldTả	existing-unreviewed		0
oldFrame	oldframe	oldframe	existing-unreviewed		0
oldGdt	oldgdt	oldgdt	existing-unreviewed		0
oldGdtAddr	oldgdtaddress	oldgdtaddress	existing-unreviewed		0
oldGdtLen	oldgdtlen	oldgdtlen	existing-unreviewed		0
openFileDescription	mởTậptinMôtả	mởTậptinMôtả	existing-unreviewed		0
openFileTable	mởTậptinBảng	mởTậptinBảng	existing-unreviewed		0
options	tùychọn	tùychọn	existing-unreviewed		0
orgValue	orgGiátrị	orgGiátrị	existing-unreviewed		0
p	p	p	existing-unreviewed		0
p1	p1	p1	existing-unreviewed		0
p2	p2	p2	existing-unreviewed		0
p_align	pCanhlề	pCanhlề	existing-unreviewed		0
p_backend	pbackend	pbackend	existing-unreviewed		0
p_data	pdata	pdata	existing-unreviewed		0
p_efHandler	pefhandler	pefhandler	existing-unreviewed		0
p_efProvider	pefprovider	pefprovider	existing-unreviewed		0
p_etherType	pethernetKiểu	pethernetKiểu	existing-unreviewed		0
p_filesz	pfilesz	pfilesz	existing-unreviewed		0
p_flags	pCờ	pCờ	existing-unreviewed		0
p_iHandler	pihandler	pihandler	existing-unreviewed		0
p_ipHandler	piphandler	piphandler	existing-unreviewed		0
p_ipProvider	pipprovider	pipprovider	existing-unreviewed		0
p_memsz	pmemsz	pmemsz	existing-unreviewed		0
p_offset	poffset	poffset	existing-unreviewed		0
p_paddr	ppaddr	ppaddr	existing-unreviewed		0
p_protocol	pprotocol	pprotocol	existing-unreviewed		0
p_provider	pprovider	pprovider	existing-unreviewed		0
p_str	pstr	pstr	existing-unreviewed		0
p_type	pKiểu	pKiểu	existing-unreviewed		0
p_udpHandler	pudphandler	pudphandler	existing-unreviewed		0
p_udpProvider	pudpprovider	pudpprovider	existing-unreviewed		0
p_vaddr	pvaddr	pvaddr	existing-unreviewed		0
packet	packet	packet	existing-unreviewed		0
packetStatus	packetTrạngthái	packetTrạngthái	existing-unreviewed		0
packets	cácgói	cácgói	existing-unreviewed		0
page	trang	trang	existing-unreviewed		0
pageDir	trangThưmục	thư_mục_trang	project-proposal	page_directory	27
pageDirEntry	trangThưmụcentry	trangThưmụcentry	existing-unreviewed		0
pageTableEntry	trangBảngentry	trangBảngentry	existing-unreviewed		0
paging	paging	paging	existing-unreviewed		0
param	param	param	existing-unreviewed		0
params	params	params	existing-unreviewed		0
parent	mẹ	mẹ	existing-unreviewed		0
parentPID	mẹpid	mẹpid	existing-unreviewed		0
parentProcess	mẹTiếntrình	mẹTiếntrình	existing-unreviewed		0
partEntry	partentry	partentry	existing-unreviewed		0
partition	partition	partition	existing-unreviewed		0
partitionBytes	partitionByte	partitionByte	existing-unreviewed		0
partitionOffset	partitionoffset	partitionoffset	existing-unreviewed		0
path	đƯỜNGDẪN	đƯỜNGDẪN	existing-unreviewed		0
pathAddr	đƯỜNGDẪNaddress	đƯỜNGDẪNaddress	existing-unreviewed		0
pci	pci	pci	existing-unreviewed		0
pciController	pcicontroller	pcicontroller	existing-unreviewed		0
pde	pde	pde	existing-unreviewed		0
pdeAddr	pdeaddress	pdeaddress	existing-unreviewed		0
pdelen	pdelen	pdelen	existing-unreviewed		0
peer	peer	peer	existing-unreviewed		0
pendingButtons	pendingNút	pendingNút	existing-unreviewed		0
pendingMouseEvent	pendingChuộtSựkiện	pendingChuộtSựkiện	existing-unreviewed		0
pendingX	pendingx	pendingx	existing-unreviewed		0
pendingY	pendingy	pendingy	existing-unreviewed		0
phyaddr	phyaddr	phyaddr	existing-unreviewed		0
phymem	physicalBộnhớ	physicalBộnhớ	existing-unreviewed		0
physicalAddress	physicaladdress	physicaladdress	existing-unreviewed		0
pid	pid	pid	existing-unreviewed		0
pitFrequency	pitĐộthườngxuyên	pitĐộthườngxuyên	existing-unreviewed		0
pixelAddress	pixeladdress	pixeladdress	existing-unreviewed		0
pointer	contrỏ	tham_chiếu_địa_chỉ	project-proposal	pointer	39
pollKeyboardScancode	pollBànphímscancode	pollBànphímscancode	existing-unreviewed		0
port	cổng	cổng	existing-unreviewed		0
portBase	cổngbase	cổngbase	existing-unreviewed		0
portInUse	cổngVàoDùng	cổngVàoDùng	existing-unreviewed		0
portnumber	portnumber	portnumber	existing-unreviewed		0
pos	vịtrí	vịtrí	existing-unreviewed		0
position	vịtrí_2	vịtrí_2	existing-unreviewed		0
posixStat	posixstat	posixstat	existing-unreviewed		0
posixUtsname	posixutsname	posixutsname	existing-unreviewed		0
prefetchable	prefetchcapable	prefetchcapable	existing-unreviewed		0
prev	previous	previous	existing-unreviewed		0
prevNode	previousnode	previousnode	existing-unreviewed		0
prevX	previousx	previousx	existing-unreviewed		0
prevY	previousy	previousy	existing-unreviewed		0
printESP	inesp	inesp	existing-unreviewed		0
printExceptionSelectorInfo	inexceptionselectorThôngtin	inexceptionselectorThôngtin	existing-unreviewed		0
printPageFaultInfo	inTrangfaultThôngtin	inTrangfaultThôngtin	existing-unreviewed		0
printreg	printreg	printreg	existing-unreviewed		0
proc2	proc2	proc2	existing-unreviewed		0
proc3	proc3	proc3	existing-unreviewed		0
proc4	proc4	proc4	existing-unreviewed		0
process	tiếntrình	tiếntrình	existing-unreviewed		0
processEntry	tiếntrìnhentry	tiếntrìnhentry	existing-unreviewed		0
processHelper	tiếntrìnhhelper	tiếntrìnhhelper	existing-unreviewed		0
processTable	tiếntrìnhBảng	tiếntrìnhBảng	existing-unreviewed		0
processes	tiếntrình_2	tiếntrình_2	existing-unreviewed		0
programBreak	chươngtrìnhbreak	chươngtrìnhbreak	existing-unreviewed		0
protocol	protocol	protocol	existing-unreviewed		0
protocolAddressSize	protocoladdressCỡ	protocoladdressCỡ	existing-unreviewed		0
providedLength	providedĐộdài	providedĐộdài	existing-unreviewed		0
provider	provider	provider	existing-unreviewed		0
ps2WaitLimit	ps2ChờGiớihạn	ps2ChờGiớihạn	existing-unreviewed		0
pt	pt	pt	existing-unreviewed		0
pte	pte	pte	existing-unreviewed		0
pteAddr	pteaddress	pteaddress	existing-unreviewed		0
ptr	contrỏ_2	tham_chiếu_địa_chỉ_2	project-proposal	pointer	12
pushExecUint32	pushChạyunsignedinteger32	pushChạyunsignedinteger32	existing-unreviewed		0
queueKeyboardByte	queueBànphímbyte	queueBànphímbyte	existing-unreviewed		0
r	r	r	existing-unreviewed		0
r_addend	raddend	raddend	existing-unreviewed		0
r_info	rThôngtin	rThôngtin	existing-unreviewed		0
r_offset	roffset	roffset	existing-unreviewed		0
raw	raw	raw	existing-unreviewed		0
rawDataBackend	rawdatabackend	rawdatabackend	existing-unreviewed		0
readFile	đọcTậptin	đọcTậptin	existing-unreviewed		0
readPS2Data	đọcps2data	đọcps2data	existing-unreviewed		0
readStdin	đọcstdin	đọcstdin	existing-unreviewed		0
readVFSFile	đọcvfsTậptin	đọcvfsTậptin	existing-unreviewed		0
read_count	đọcSốlượng	đọcSốlượng	existing-unreviewed		0
receiver	receiver	receiver	existing-unreviewed		0
recvBufferDescr	recvbufferMôtả	recvbufferMôtả	existing-unreviewed		0
recvBufferDescrAddress	recvbufferMôtảaddress	recvbufferMôtảaddress	existing-unreviewed		0
recvBuffers	recvbuffer	recvbuffer	existing-unreviewed		0
recvBuffersDescrMemory	recvbufferMôtảBộnhớ	recvbufferMôtảBộnhớ	existing-unreviewed		0
refBytes	referenceByte	referenceByte	existing-unreviewed		0
refPtr	referenceContrỏ	referenceContrỏ	existing-unreviewed		0
refs	refs	refs	existing-unreviewed		0
regIndex	regChỉmục	regChỉmục	existing-unreviewed		0
registerAddressPort	registeraddressCổng	registeraddressCổng	existing-unreviewed		0
registerDataPort	registerdataCổng	registerdataCổng	existing-unreviewed		0
registeroffset	registeroffset	registeroffset	existing-unreviewed		0
registers	register	register	existing-unreviewed		0
regtype	regtype	regtype	existing-unreviewed		0
rel_text	relNhãn	relNhãn	existing-unreviewed		0
rel_text_len	relNhãnlen	relNhãnlen	existing-unreviewed		0
releaseOpenFile	releaseMởTậptin	releaseMởTậptin	existing-unreviewed		0
released	released	released	existing-unreviewed		0
reloadCR3	nạplạicr3	nạplạicr3	existing-unreviewed		0
relocation_text	relocationNhãn	relocationNhãn	existing-unreviewed		0
remaining	remaining	remaining	existing-unreviewed		0
remote	từxa	từxa	existing-unreviewed		0
remoteIP	từxaip	từxaip	existing-unreviewed		0
remotePort	từxaCổngSỐ	từxaCổngSỐ	existing-unreviewed		0
requested	requested	requested	existing-unreviewed		0
reserved	reserved	reserved	existing-unreviewed		0
reserved0	reserved0	reserved0	existing-unreviewed		0
reservedSectors	reservedsectors	reservedsectors	existing-unreviewed		0
resetPort	đặtlạiCổng	đặtlạiCổng	existing-unreviewed		0
restoreFpRegs	khôiphụcfpregs	khôiphụcfpregs	existing-unreviewed		0
result	result	result	existing-unreviewed		0
result1	result1	result1	existing-unreviewed		0
result2	result2	result2	existing-unreviewed		0
ret	ret	ret	existing-unreviewed		0
revision	revision	revision	existing-unreviewed		0
rightShift	phảishift	phảishift	existing-unreviewed		0
rootCluster	gốccluster	gốccluster	existing-unreviewed		0
rootDirEntries	gốcThưmụcentry	gốcThưmụcentry	existing-unreviewed		0
rootStart	gốcChạy	gốcChạy	existing-unreviewed		0
rt	rt	rt	existing-unreviewed		0
s	s	s	existing-unreviewed		0
sIfchr	sifchr	sifchr	existing-unreviewed		0
sIfdir	sifdir	sifdir	existing-unreviewed		0
sIfmt	sifmt	sifmt	existing-unreviewed		0
sIfreg	sifreg	sifreg	existing-unreviewed		0
sIfsock	sifsock	sifsock	existing-unreviewed		0
savedESP	savedesp	savedesp	existing-unreviewed		0
sc	sc	sc	existing-unreviewed		0
scanCode	quétcode	quétcode	existing-unreviewed		0
scanCodeToByte	quétcodetobyte	quétcodetobyte	existing-unreviewed		0
scancodeToByte	scancodetobyte	scancodetobyte	existing-unreviewed		0
sche	sche	sche	existing-unreviewed		0
sche_data	schedata	schedata	existing-unreviewed		0
scheduleStack	schedulestack	schedulestack	existing-unreviewed		0
scheduler	scheduler	scheduler	existing-unreviewed		0
schedulerDebug	schedulerdebug	schedulerdebug	existing-unreviewed		0
sectHeader	sectheader	sectheader	existing-unreviewed		0
sectHeaderSize	sectheaderCỡ	sectheaderCỡ	existing-unreviewed		0
sectName	sectTên	sectTên	existing-unreviewed		0
sectValue	sectGiátrị	sectGiátrị	existing-unreviewed		0
sector	sector	sector	existing-unreviewed		0
sectorCountPort	sectorSốlượngCổng	sectorSốlượngCổng	existing-unreviewed		0
sectorNum	sectorSỐ	sectorSỐ	existing-unreviewed		0
sectorOffset	sectoroffset	sectoroffset	existing-unreviewed		0
sectorPerTrack	sectorpertrack	sectorpertrack	existing-unreviewed		0
sectorsPerCluster	sectorspercluster	sectorspercluster	existing-unreviewed		0
seekCur	seekHiệnhành	seekHiệnhành	existing-unreviewed		0
seekEnd	seekKếtthúc	seekKếtthúc	existing-unreviewed		0
seekSet	seekĐặt	seekĐặt	existing-unreviewed		0
segmentNumber	segmentSỐ	segmentSỐ	existing-unreviewed		0
self	mình	mình	existing-unreviewed		0
self_uintptr	mìnhuintptr	mìnhuintptr	existing-unreviewed		0
sendBack	reply	reply	existing-unreviewed		0
sendBufferDescr	gởibufferMôtả	gởibufferMôtả	existing-unreviewed		0
sendBufferDescrAddress	gởibufferMôtảaddress	gởibufferMôtảaddress	existing-unreviewed		0
sendBuffers	gởibuffer	gởibuffer	existing-unreviewed		0
sendBuffersDescrMemory	gởibufferMôtảBộnhớ	gởibufferMôtảBộnhớ	existing-unreviewed		0
sendDataPointer	gởidataContrỏ	gởidataContrỏ	existing-unreviewed		0
sendDescriptor	gởidescriptor	gởidescriptor	existing-unreviewed		0
sendMouseCommand	gởiChuộtLệnh	gởiChuộtLệnh	existing-unreviewed		0
sequencerDataPort	sequencerdataCổng	sequencerdataCổng	existing-unreviewed		0
sequencerIndexPort	sequencerChỉmụcCổng	sequencerChỉmụcCổng	existing-unreviewed		0
serialLogByte	sốxêrilogbyte	sốxêrilogbyte	existing-unreviewed		0
serialReady	sốxêriSẵnsàng	sốxêriSẵnsàng	existing-unreviewed		0
setCR3	đặtcr3	đặtcr3	existing-unreviewed		0
setDS	đặtds	đặtds	existing-unreviewed		0
setGS	đặtgs	đặtgs	existing-unreviewed		0
setThreadExitLoopState	đặtthreadThoátVònglặpTrạngthái	đặtthreadThoátVònglặpTrạngthái	existing-unreviewed		0
setupExecStack	setupChạystack	setupChạystack	existing-unreviewed		0
sh	sh	sh	existing-unreviewed		0
sh_addr	shaddress	shaddress	existing-unreviewed		0
sh_addralign	shaddralign	shaddralign	existing-unreviewed		0
sh_entsize	shentsize	shentsize	existing-unreviewed		0
sh_flags	shCờ	shCờ	existing-unreviewed		0
sh_info	shThôngtin	shThôngtin	existing-unreviewed		0
sh_link	shLiênkết	shLiênkết	existing-unreviewed		0
sh_name	shTên	shTên	existing-unreviewed		0
sh_offset	shoffset	shoffset	existing-unreviewed		0
sh_size	shCỡ	shCỡ	existing-unreviewed		0
sh_type	shKiểu	shKiểu	existing-unreviewed		0
shift	shift	shift	existing-unreviewed		0
signature	signature	signature	existing-unreviewed		0
size	cỡ	cỡ	existing-unreviewed		0
sl	sl	sl	existing-unreviewed		0
sockDatagram	sockdatagram	sockdatagram	existing-unreviewed		0
socket	socket	socket	existing-unreviewed		0
socketAddress	socketaddress	socketaddress	existing-unreviewed		0
socketAddressIPv4	socketaddressipv4	socketaddressipv4	existing-unreviewed		0
socketBind	socketbind	socketbind	existing-unreviewed		0
socketCallArgument	socketcallargument	socketcallargument	existing-unreviewed		0
socketConnect	socketKếtnối	socketKếtnối	existing-unreviewed		0
socketForFD	socketforTả	socketforTả	existing-unreviewed		0
socketIndex	socketChỉmục	socketChỉmục	existing-unreviewed		0
socketPacket	socketpacket	socketpacket	existing-unreviewed		0
socketReceiveFrom	socketreceivefrom	socketreceivefrom	existing-unreviewed		0
socketSendTo	socketGởito	socketGởito	existing-unreviewed		0
socketType	socketKiểu	socketKiểu	existing-unreviewed		0
sockets	sockets	sockets	existing-unreviewed		0
softName	softTên	softTên	existing-unreviewed		0
source	mãnguồn	mãnguồn	existing-unreviewed		0
sourceAddress	mãnguồnaddress	mãnguồnaddress	existing-unreviewed		0
sourceLengthAddress	mãnguồnĐộdàiaddress	mãnguồnĐộdàiaddress	existing-unreviewed		0
src	mãnguồn_2	mãnguồn_2	existing-unreviewed		0
srcEntry	mãnguồnentry	mãnguồnentry	existing-unreviewed		0
srcIP	mãnguồnipaddress	mãnguồnipaddress	existing-unreviewed		0
srcIP_BE	mãnguồnipaddressMạngbyteorder	mãnguồnipaddressMạngbyteorder	existing-unreviewed		0
srcMAC	mãnguồnmacaddress	mãnguồnmacaddress	existing-unreviewed		0
srcMAC_BE	mãnguồnmacbe	mãnguồnmacbe	existing-unreviewed		0
srcPageDir	mãnguồnTrangThưmục	mãnguồnTrangThưmục	existing-unreviewed		0
srcPde	mãnguồnpde	mãnguồnpde	existing-unreviewed		0
srcPdeAddr	mãnguồnpdeaddress	mãnguồnpdeaddress	existing-unreviewed		0
srcPort	mãnguồnCổngSỐ	số_cổng_nguồn	project-proposal	source_port	9
srcPt	mãnguồnpt	mãnguồnpt	existing-unreviewed		0
srcptr	srcptr	srcptr	existing-unreviewed		0
ss	ss	ss	existing-unreviewed		0
ss0	ss0	ss0	existing-unreviewed		0
ss1	ss1	ss1	existing-unreviewed		0
ss2	ss2	ss2	existing-unreviewed		0
st	st	st	existing-unreviewed		0
st_info	stThôngtin	stThôngtin	existing-unreviewed		0
st_name	stTên	stTên	existing-unreviewed		0
st_other	stKhác	stKhác	existing-unreviewed		0
st_shndx	stshndx	stshndx	existing-unreviewed		0
st_size	stCỡ	stCỡ	existing-unreviewed		0
st_value	stGiátrị	stGiátrị	existing-unreviewed		0
stack	stack	bộ_nhớ_ngăn_xếp	project-proposal	stack	18
stackBytes	stackByte	stackByte	existing-unreviewed		0
stackPtr	stackContrỏ	stackContrỏ	existing-unreviewed		0
stack_addr	stackaddress	stackaddress	existing-unreviewed		0
stackbottom	stackbottom	stackbottom	existing-unreviewed		0
stacktop	stacktop	stacktop	existing-unreviewed		0
start	chạy	chạy	existing-unreviewed		0
startOffset	chạyoffset	chạyoffset	existing-unreviewed		0
start_cylinder	chạycylinder	chạycylinder	existing-unreviewed		0
start_head	chạyhead	chạyhead	existing-unreviewed		0
start_sector	chạysector	chạysector	existing-unreviewed		0
startingBit	startingbit	startingbit	existing-unreviewed		0
stat	stat	stat	existing-unreviewed		0
statAddr	stataddress	stataddress	existing-unreviewed		0
status	trạngthái	trạngthái	existing-unreviewed		0
statusAddr	trạngtháiaddress	trạngtháiaddress	existing-unreviewed		0
stderrFD	stderrTả	stderrTả	existing-unreviewed		0
stdinBuffer	stdinbuffer	stdinbuffer	existing-unreviewed		0
stdinFD	stdinTả	stdinTả	existing-unreviewed		0
stdinGetBlocking	stdingetblocking	stdingetblocking	existing-unreviewed		0
stdinRead	stdinĐọc	stdinĐọc	existing-unreviewed		0
stdinWrite	stdinGhi	stdinGhi	existing-unreviewed		0
stdoutFD	stdoutTả	stdoutTả	existing-unreviewed		0
stoppedThread	bịdừngthread	bịdừngthread	existing-unreviewed		0
str	str	str	existing-unreviewed		0
stringAddress	cHUỖIaddress	cHUỖIaddress	existing-unreviewed		0
stringHeader	cHUỖIheader	cHUỖIheader	existing-unreviewed		0
strtab	strtab	strtab	existing-unreviewed		0
subclass_id	subclassMãsố	subclassMãsố	existing-unreviewed		0
subnetMask	subnetLọc	subnetLọc	existing-unreviewed		0
swapUint16	traođổiunsignedinteger16	traođổiunsignedinteger16	existing-unreviewed		0
switchForced	switchforced	switchforced	existing-unreviewed		0
sysAccess	systruycập	systruycập	existing-unreviewed		0
sysBrk	sysbrk	sysbrk	existing-unreviewed		0
sysCall	syscall	syscall	existing-unreviewed		0
sysChdir	syschdir	syschdir	existing-unreviewed		0
sysClose	sysĐóng	sysĐóng	existing-unreviewed		0
sysDup	sysdup	sysdup	existing-unreviewed		0
sysDup2	sysdup2	sysdup2	existing-unreviewed		0
sysExecve	sysexecve	sysexecve	existing-unreviewed		0
sysExit	sysThoát	sysThoát	existing-unreviewed		0
sysFcntl	sysfcntl	sysfcntl	existing-unreviewed		0
sysFork	sysfork	sysfork	existing-unreviewed		0
sysFstat	sysfstat	sysfstat	existing-unreviewed		0
sysFsync	sysfsync	sysfsync	existing-unreviewed		0
sysGetcwd	sysgetcwd	sysgetcwd	existing-unreviewed		0
sysLseek	syslseek	syslseek	existing-unreviewed		0
sysOpen	sysMở	sysMở	existing-unreviewed		0
sysRead	sysĐọc	sysĐọc	existing-unreviewed		0
sysSocketCall	syssocketcall	syssocketcall	existing-unreviewed		0
sysStat	sysstat	sysstat	existing-unreviewed		0
sysUname	sysuname	sysuname	existing-unreviewed		0
sysWaitpid	syswaitpid	syswaitpid	existing-unreviewed		0
sysWrite	sysGhi	sysGhi	existing-unreviewed		0
syscallError	syscallLỗi	syscallLỗi	existing-unreviewed		0
syscallID	syscallMãsố	syscallMãsố	existing-unreviewed		0
systemcall	hệthốngcall	hệthốngcall	existing-unreviewed		0
table	bảng	bảng	existing-unreviewed		0
tableSize	bảngCỡ	bảngCỡ	existing-unreviewed		0
tail	tail	tail	existing-unreviewed		0
task	tácvụ	tácvụ	existing-unreviewed		0
taskA	tácvụa	tácvụa	existing-unreviewed		0
taskB	tácvụb	tácvụb	existing-unreviewed		0
taskC	tácvục	tácvục	existing-unreviewed		0
taskD	tácvụd	tácvụd	existing-unreviewed		0
taskD0	tácvụd0	tácvụd0	existing-unreviewed		0
taskD1	tácvụd1	tácvụd1	existing-unreviewed		0
taskManager	tácvụmanager	tácvụmanager	existing-unreviewed		0
tasks	tácvụ_2	tácvụ_2	existing-unreviewed		0
temp	temporary	temporary	existing-unreviewed		0
terminated	terminated	terminated	existing-unreviewed		0
text	nhãn	nhãn	existing-unreviewed		0
textPtr	nhãnContrỏ	nhãnContrỏ	existing-unreviewed		0
text_len	nhãnlen	nhãnlen	existing-unreviewed		0
text_mode_check_fb_move	nhãnChếđộcheckfbDichuyển	nhãnChếđộcheckfbDichuyển	existing-unreviewed		0
text_mode_disable_cursor	nhãnChếđộVôhiệuhóacursor	nhãnChếđộVôhiệuhóacursor	existing-unreviewed		0
text_mode_enable_cursor	nhãnChếđộenablecursor	nhãnChếđộenablecursor	existing-unreviewed		0
text_mode_error_writer	nhãnChếđộLỗiwriter	nhãnChếđộLỗiwriter	existing-unreviewed		0
text_mode_flush_screen	nhãnChếđộflushMànhình	nhãnChếđộflushMànhình	existing-unreviewed		0
text_mode_init	nhãnChếđộinit	nhãnChếđộinit	existing-unreviewed		0
text_mode_print	nhãnChếđộIn	nhãnChếđộIn	existing-unreviewed		0
text_mode_print_bytes	nhãnChếđộInByte	nhãnChếđộInByte	existing-unreviewed		0
text_mode_print_char	nhãnChếđộInchar	nhãnChếđộInchar	existing-unreviewed		0
text_mode_print_char_col	nhãnChếđộIncharcol	nhãnChếđộIncharcol	existing-unreviewed		0
text_mode_print_col	nhãnChếđộIncol	nhãnChếđộIncol	existing-unreviewed		0
text_mode_print_error	nhãnChếđộInLỗi	nhãnChếđộInLỗi	existing-unreviewed		0
text_mode_print_error_bytes	nhãnChếđộInLỗiByte	nhãnChếđộInLỗiByte	existing-unreviewed		0
text_mode_print_errorln	nhãnChếđộInerrorln	nhãnChếđộInerrorln	existing-unreviewed		0
text_mode_print_hex	nhãnChếđộInThậplục	nhãnChếđộInThậplục	existing-unreviewed		0
text_mode_print_hex16	nhãnChếđộInThậplục16	nhãnChếđộInThậplục16	existing-unreviewed		0
text_mode_print_hex32	nhãnChếđộInThậplục32	nhãnChếđộInThậplục32	existing-unreviewed		0
text_mode_print_hex64	nhãnChếđộInThậplục64	nhãnChếđộInThậplục64	existing-unreviewed		0
text_mode_print_hex_char	nhãnChếđộInThậplụcchar	nhãnChếđộInThậplụcchar	existing-unreviewed		0
text_mode_println	nhãnChếđộprintln	nhãnChếđộprintln	existing-unreviewed		0
text_mode_println_col	nhãnChếđộprintlncol	nhãnChếđộprintlncol	existing-unreviewed		0
text_mode_update_cursor	nhãnChếđộCậpnhậtcursor	nhãnChếđộCậpnhậtcursor	existing-unreviewed		0
text_mode_writer	nhãnChếđộwriter	nhãnChếđộwriter	existing-unreviewed		0
thr2	thr2	thr2	existing-unreviewed		0
thr3	thr3	thr3	existing-unreviewed		0
thr4	thr4	thr4	existing-unreviewed		0
thread	thread	thread	existing-unreviewed		0
threadExitLoop	threadThoátVònglặp	threadThoátVònglặp	existing-unreviewed		0
threadHelper	threadhelper	threadhelper	existing-unreviewed		0
threadPtr	threadContrỏ	threadContrỏ	existing-unreviewed		0
tickCount	tickSốlượng	tickSốlượng	existing-unreviewed		0
timeDelta	giờdelta	giờdelta	existing-unreviewed		0
timeToLive	giờtolive	giờtolive	existing-unreviewed		0
timer	timer	timer	existing-unreviewed		0
tls	tls	tls	existing-unreviewed		0
tmp	tmp	tmp	existing-unreviewed		0
tmpPtr	tmpContrỏ	tmpContrỏ	existing-unreviewed		0
tos	tos	tos	existing-unreviewed		0
totalLength	tổngĐộdài	tổngĐộdài	existing-unreviewed		0
totalSectorCount	tổngsectorSốlượng	tổngsectorSốlượng	existing-unreviewed		0
totalSectors	tổngsectors	tổngsectors	existing-unreviewed		0
trap	trap	trap	existing-unreviewed		0
tss	tss	tss	existing-unreviewed		0
tssIndex	tssChỉmục	tssChỉmục	existing-unreviewed		0
udp	udp	giao_thức_gói_tin_người_dùng	project-proposal	udp	1
udpHandler	udphandler	udphandler	existing-unreviewed		0
udpHeaderSize	udpheaderCỡ	udpheaderCỡ	existing-unreviewed		0
udpProvider	udpprovider	udpprovider	existing-unreviewed		0
udp콘솔	udpconsole	udpconsole	existing-unreviewed		0
unused	unused	unused	existing-unreviewed		0
used	dùng	dùng	existing-unreviewed		0
usedBlocks	dùngTắcnghẽn	dùngTắcnghẽn	existing-unreviewed		0
user1addr	ngườidùng1address	ngườidùng1address	existing-unreviewed		0
user1data	ngườidùng1data	ngườidùng1data	existing-unreviewed		0
user1entry	ngườidùng1entry	ngườidùng1entry	existing-unreviewed		0
user1file	ngườidùng1Tậptin	ngườidùng1Tậptin	existing-unreviewed		0
user2addr	ngườidùng2address	ngườidùng2address	existing-unreviewed		0
user2data	ngườidùng2data	ngườidùng2data	existing-unreviewed		0
user2entry	ngườidùng2entry	ngườidùng2entry	existing-unreviewed		0
user2file	ngườidùng2Tậptin	ngườidùng2Tậptin	existing-unreviewed		0
user3addr	ngườidùng3address	ngườidùng3address	existing-unreviewed		0
user3data	ngườidùng3data	ngườidùng3data	existing-unreviewed		0
user3entry	ngườidùng3entry	ngườidùng3entry	existing-unreviewed		0
user3file	ngườidùng3Tậptin	ngườidùng3Tậptin	existing-unreviewed		0
userHeapBase	ngườidùngheapbase	ngườidùngheapbase	existing-unreviewed		0
userHeapLimit	ngườidùngheapGiớihạn	ngườidùngheapGiớihạn	existing-unreviewed		0
user_esp	ngườidùngesp	ngườidùngesp	existing-unreviewed		0
userhandler	userhandler	userhandler	existing-unreviewed		0
userproc_entry	userprocentry	userprocentry	existing-unreviewed		0
util	util	util	existing-unreviewed		0
util콘솔	utilconsole	utilconsole	existing-unreviewed		0
v	v	v	existing-unreviewed		0
vAddr	vaddress	vaddress	existing-unreviewed		0
value	giátrị	giátrị	existing-unreviewed		0
values	values	values	existing-unreviewed		0
version	phiênbản	phiênbản	existing-unreviewed		0
vga	vga	vga	existing-unreviewed		0
virtlen	virtlen	virtlen	existing-unreviewed		0
virtmem	ảoBộnhớ	ảoBộnhớ	existing-unreviewed		0
virtualAddr	ảoaddress	ảoaddress	existing-unreviewed		0
volumeId	ổđĩaMãsố	ổđĩaMãsố	existing-unreviewed		0
volumeLabel	ổđĩaNhãn	ổđĩaNhãn	existing-unreviewed		0
w	w	w	existing-unreviewed		0
wDate	wNgàytháng	wNgàytháng	existing-unreviewed		0
wTime	wGiờ	wGiờ	existing-unreviewed		0
waitPS2InputEmpty	chờps2GõRỗng	chờps2GõRỗng	existing-unreviewed		0
waitPS2OutputFull	chờps2KếtxuấtĐầy	chờps2KếtxuấtĐầy	existing-unreviewed		0
wdata	wdata	wdata	existing-unreviewed		0
whence	whence	whence	existing-unreviewed		0
widget	widget	thành_phần_màn_hình	project-proposal	widget	6
width	độrộng	độrộng	existing-unreviewed		0
writePS2Command	ghips2Lệnh	ghips2Lệnh	existing-unreviewed		0
writePS2Data	ghips2data	ghips2data	existing-unreviewed		0
write_count	ghiSốlượng	ghiSốlượng	existing-unreviewed		0
x	x	x	existing-unreviewed		0
xPageDir	xTrangThưmục	xTrangThưmục	existing-unreviewed		0
xPos	xVịtrí	xVịtrí	existing-unreviewed		0
y	y	y	existing-unreviewed		0
yPageDir	yTrangThưmục	yTrangThưmục	existing-unreviewed		0
yPos	yVịtrí	yVịtrí	existing-unreviewed		0
값	giátrị_2	giátrị_2	existing-unreviewed		0
공용서술자테이블	shareddescriptorBảng	shareddescriptorBảng	existing-unreviewed		0
기준	base_2	base_2	existing-unreviewed		0
기준_낮은	baseThấp_2	baseThấp_2	existing-unreviewed		0
기준_높은	baseCao_2	baseCao_2	existing-unreviewed		0
기준_매우높은	baseveryCao	baseveryCao	existing-unreviewed		0
기준주소	baseaddress	baseaddress	existing-unreviewed		0
넷카드콘솔	mạngĐánhbàiconsole	mạngĐánhbàiconsole	existing-unreviewed		0
단말기	terminal	terminal	existing-unreviewed		0
마우스콘솔	chuộtconsole	chuộtconsole	existing-unreviewed		0
매개값	argumentGiátrị	argumentGiátrị	existing-unreviewed		0
멈추기	halt	halt	existing-unreviewed		0
목적	destination_3	destination_3	existing-unreviewed		0
유형	kiểu	kiểu	existing-unreviewed		0
이더넷콘솔	ethernetconsole	ethernetconsole	existing-unreviewed		0
인터럽트무시하기	giánđoạnignore	giánđoạnignore	existing-unreviewed		0
인터럽트예외처리기	giánđoạnexceptionhandler	giánđoạnexceptionhandler	existing-unreviewed		0
인터럽트예외처리기0x00	giánđoạnexceptionhandler0x00	giánđoạnexceptionhandler0x00	existing-unreviewed		0
인터럽트예외처리기0x01	giánđoạnexceptionhandler0x01	giánđoạnexceptionhandler0x01	existing-unreviewed		0
인터럽트예외처리기0x02	giánđoạnexceptionhandler0x02	giánđoạnexceptionhandler0x02	existing-unreviewed		0
인터럽트예외처리기0x03	giánđoạnexceptionhandler0x03	giánđoạnexceptionhandler0x03	existing-unreviewed		0
인터럽트예외처리기0x04	giánđoạnexceptionhandler0x04	giánđoạnexceptionhandler0x04	existing-unreviewed		0
인터럽트예외처리기0x05	giánđoạnexceptionhandler0x05	giánđoạnexceptionhandler0x05	existing-unreviewed		0
인터럽트예외처리기0x06	giánđoạnexceptionhandler0x06	giánđoạnexceptionhandler0x06	existing-unreviewed		0
인터럽트예외처리기0x07	giánđoạnexceptionhandler0x07	giánđoạnexceptionhandler0x07	existing-unreviewed		0
인터럽트예외처리기0x08	giánđoạnexceptionhandler0x08	giánđoạnexceptionhandler0x08	existing-unreviewed		0
인터럽트예외처리기0x09	giánđoạnexceptionhandler0x09	giánđoạnexceptionhandler0x09	existing-unreviewed		0
인터럽트예외처리기0x0A	giánđoạnexceptionhandler0x0a	giánđoạnexceptionhandler0x0a	existing-unreviewed		0
인터럽트예외처리기0x0B	giánđoạnexceptionhandler0x0b	giánđoạnexceptionhandler0x0b	existing-unreviewed		0
인터럽트예외처리기0x0C	giánđoạnexceptionhandler0x0c	giánđoạnexceptionhandler0x0c	existing-unreviewed		0
인터럽트예외처리기0x0D	giánđoạnexceptionhandler0x0d	giánđoạnexceptionhandler0x0d	existing-unreviewed		0
인터럽트예외처리기0x0E	giánđoạnexceptionhandler0x0e	giánđoạnexceptionhandler0x0e	existing-unreviewed		0
인터럽트예외처리기0x0F	giánđoạnexceptionhandler0x0f	giánđoạnexceptionhandler0x0f	existing-unreviewed		0
인터럽트예외처리기0x10	giánđoạnexceptionhandler0x10	giánđoạnexceptionhandler0x10	existing-unreviewed		0
인터럽트예외처리기0x11	giánđoạnexceptionhandler0x11	giánđoạnexceptionhandler0x11	existing-unreviewed		0
인터럽트예외처리기0x12	giánđoạnexceptionhandler0x12	giánđoạnexceptionhandler0x12	existing-unreviewed		0
인터럽트예외처리기0x13	giánđoạnexceptionhandler0x13	giánđoạnexceptionhandler0x13	existing-unreviewed		0
인터럽트요청처리0x00	giánđoạnrequesthandler0x00	giánđoạnrequesthandler0x00	existing-unreviewed		0
인터럽트요청처리0x01	giánđoạnrequesthandler0x01	giánđoạnrequesthandler0x01	existing-unreviewed		0
인터럽트요청처리0x02	giánđoạnrequesthandler0x02	giánđoạnrequesthandler0x02	existing-unreviewed		0
인터럽트요청처리0x03	giánđoạnrequesthandler0x03	giánđoạnrequesthandler0x03	existing-unreviewed		0
인터럽트요청처리0x04	giánđoạnrequesthandler0x04	giánđoạnrequesthandler0x04	existing-unreviewed		0
인터럽트요청처리0x05	giánđoạnrequesthandler0x05	giánđoạnrequesthandler0x05	existing-unreviewed		0
인터럽트요청처리0x06	giánđoạnrequesthandler0x06	giánđoạnrequesthandler0x06	existing-unreviewed		0
인터럽트요청처리0x07	giánđoạnrequesthandler0x07	giánđoạnrequesthandler0x07	existing-unreviewed		0
인터럽트요청처리0x08	giánđoạnrequesthandler0x08	giánđoạnrequesthandler0x08	existing-unreviewed		0
인터럽트요청처리0x09	giánđoạnrequesthandler0x09	giánđoạnrequesthandler0x09	existing-unreviewed		0
인터럽트요청처리0x0A	giánđoạnrequesthandler0x0a	giánđoạnrequesthandler0x0a	existing-unreviewed		0
인터럽트요청처리0x0B	giánđoạnrequesthandler0x0b	giánđoạnrequesthandler0x0b	existing-unreviewed		0
인터럽트요청처리0x0C	giánđoạnrequesthandler0x0c	giánđoạnrequesthandler0x0c	existing-unreviewed		0
인터럽트요청처리0x0D	giánđoạnrequesthandler0x0d	giánđoạnrequesthandler0x0d	existing-unreviewed		0
인터럽트요청처리0x0E	giánđoạnrequesthandler0x0e	giánđoạnrequesthandler0x0e	existing-unreviewed		0
인터럽트요청처리0x0F	giánđoạnrequesthandler0x0f	giánđoạnrequesthandler0x0f	existing-unreviewed		0
인터럽트요청처리0x80	giánđoạnrequesthandler0x80	giánđoạnrequesthandler0x80	existing-unreviewed		0
인터럽트요청처리0x81	giánđoạnrequesthandler0x81	giánđoạnrequesthandler0x81	existing-unreviewed		0
인터럽트요청처리0x82	giánđoạnrequesthandler0x82	giánđoạnrequesthandler0x82	existing-unreviewed		0
인터럽트처리기	giánđoạnhandler_2	giánđoạnhandler_2	existing-unreviewed		0
임시	temporary_2	temporary_2	existing-unreviewed		0
자료	data_2	data_2	existing-unreviewed		0
자신	mình_2	mình_2	existing-unreviewed		0
작업관리자	tácvụmanager_2	tácvụmanager_2	existing-unreviewed		0
작업콘솔	tácvụconsole	tácvụconsole	existing-unreviewed		0
조각설명자	segmentdescriptor	segmentdescriptor	existing-unreviewed		0
콘솔	console_2	console_2	existing-unreviewed		0
크기	cỡ_2	cỡ_2	existing-unreviewed		0
키보드콘솔	bànphímconsole	bànphímconsole	existing-unreviewed		0
표시들	cờ_2	cờ_2	existing-unreviewed		0
표시들_한도_높은	cờGiớihạnCao	cờGiớihạnCao	existing-unreviewed		0
한도	giớihạn_2	giớihạn_2	existing-unreviewed		0
한도_낮은	giớihạnThấp_2	giớihạnThấp_2	existing-unreviewed		0
