original	before	after	review_status	concept	changed_tokens
Activate	Aktiver	Aktiver	existing-unreviewed		0
ActivateAll	AktiverAlle	AktiverAlle	existing-unreviewed		0
Active	Aktiv	Aktiv	existing-unreviewed		0
ActiveInterruptManager	AktivAvbruddmanager	AktivAvbruddmanager	existing-unreviewed		0
ActiveMemoryManager	AktivMinnemanager	AktivMinnemanager	existing-unreviewed		0
Add	Leggtil	Leggtil	existing-unreviewed		0
AddDriver	Leggtildriver	Leggtildriver	existing-unreviewed		0
AddRunnableThread	Leggtilrunnablethread	Leggtilrunnablethread	existing-unreviewed		0
AddTask	LeggtilOppgave	LeggtilOppgave	existing-unreviewed		0
AddThread	Leggtilthread	Leggtilthread	existing-unreviewed		0
Address	Address	Address	existing-unreviewed		0
AlignedMalloc	Alignedmalloc	Alignedmalloc	existing-unreviewed		0
AlignmentCheck	Alignmentcheck	Alignmentcheck	existing-unreviewed		0
AllocateBlock	AllocateBlokk	AllocateBlokk	existing-unreviewed		0
AllocatePID	Allocatepid	Allocatepid	existing-unreviewed		0
AmountOfMemory	BeløpavMinne	BeløpavMinne	existing-unreviewed		0
ArrayToUint16	Tabelltounsignedinteger16	Tabelltounsignedinteger16	existing-unreviewed		0
ArrayToUint32	Tabelltounsignedinteger32	Tabelltounsignedinteger32	existing-unreviewed		0
ArrayToUint48	Tabelltounsignedinteger48	Tabelltounsignedinteger48	existing-unreviewed		0
ArrayToUint48_BE	Tabelltounsignedinteger48be	Tabelltounsignedinteger48be	existing-unreviewed		0
ArrayToUint64	Tabelltounsignedinteger64	Tabelltounsignedinteger64	existing-unreviewed		0
Atime	Atime	Atime	existing-unreviewed		0
AtimeNsec	Atimensec	Atimensec	existing-unreviewed		0
BLOCKS_PER_BYTE	Blokkperbyte	Blokkperbyte	existing-unreviewed		0
BLOCK_SIZE	BlokkStørrelse	BlokkStørrelse	existing-unreviewed		0
Backend	Backend	Backend	existing-unreviewed		0
BaseAddr	Baseaddress	Baseaddress	existing-unreviewed		0
Bind	Bind	Bind	existing-unreviewed		0
Blksize	Blksize	Blksize	existing-unreviewed		0
Blocked	Blocked	Blocked	existing-unreviewed		0
BlockedState	BlockedStatus	BlockedStatus	existing-unreviewed		0
Blocks	Blokk	Blokk	existing-unreviewed		0
BoundRangeExceeded	BoundOmrådeexceeded	BoundOmrådeexceeded	existing-unreviewed		0
BroadcastMacAddress	Broadcastmacaddress	Broadcastmacaddress	existing-unreviewed		0
BytesPerSector	Bytepersector	Bytepersector	existing-unreviewed		0
BytesToString	BytetoStreng	BytetoStreng	existing-unreviewed		0
Checksum	Checksum	Checksum	existing-unreviewed		0
Clear	Tøm	Tøm	existing-unreviewed		0
Clone	Clone	Clone	existing-unreviewed		0
CloneAddressSpaceCOW	CloneaddressMellomromcow	CloneaddressMellomromcow	existing-unreviewed		0
Connect	Kobletil	Kobletil	existing-unreviewed		0
ContainsCoordinate	Containscoordinate	Containscoordinate	existing-unreviewed		0
CopyPageFrameBlock	KopierSideRammeBlokk	KopierSideRammeBlokk	existing-unreviewed		0
CpuState	CpuStatus	CpuStatus	existing-unreviewed		0
Create	Create	Create	existing-unreviewed		0
CreateFromData	Createfromdata	Createfromdata	existing-unreviewed		0
CreateFromFunction	CreatefromFunksjon	CreatefromFunksjon	existing-unreviewed		0
CreatePtrFromFunction	CreatePekerfromFunksjon	CreatePekerfromFunksjon	existing-unreviewed		0
Cs	Cs	Cs	existing-unreviewed		0
Ctime	Ctime	Ctime	existing-unreviewed		0
CtimeNsec	Ctimensec	Ctimensec	existing-unreviewed		0
CurrentPID	Gjeldendepid	Gjeldendepid	existing-unreviewed		0
CurrentParentPID	Gjeldendeopphavpid	Gjeldendeopphavpid	existing-unreviewed		0
Data	Data	Data	compatibility		0
Deactivate	Deaktiver	Deaktiver	existing-unreviewed		0
Deactive	Deactive	Deactive	existing-unreviewed		0
Decrement	Decrement	Decrement	existing-unreviewed		0
Delete	Slett	Slett	existing-unreviewed		0
DescriptorPrivilegeLevel	Descriptorprivilegelevel	Descriptorprivilegelevel	existing-unreviewed		0
DescriptorType	DescriptorFiltype	DescriptorFiltype	existing-unreviewed		0
Destroy	Ødelegg	Ødelegg	existing-unreviewed		0
Dev	Enhet	Enhet	existing-unreviewed		0
DeviceHasFunctions	EnhethasFunksjoner	EnhethasFunksjoner	existing-unreviewed		0
DeviceNotAvailable	EnhetnotTilgjengelig	EnhetnotTilgjengelig	existing-unreviewed		0
Device_id	Enhetid	Enhetid	existing-unreviewed		0
DisableInt	Slåavint	Slåavint	existing-unreviewed		0
Disconnect	Koblefra	Koblefra	existing-unreviewed		0
DivideByZero	Dividebyzero	Dividebyzero	existing-unreviewed		0
DoHandleInterrupt	DoHåndtakAvbrudd	DoHåndtakAvbrudd	existing-unreviewed		0
DoubleFault	Dobbelfault	Dobbelfault	existing-unreviewed		0
Draw	Draw	Draw	existing-unreviewed		0
DriverManager	Drivermanager	Drivermanager	existing-unreviewed		0
Ds	Ds	Ds	existing-unreviewed		0
Dynamic	Dynamisk	Dynamisk	existing-unreviewed		0
E2BIG	E2Stor	E2Stor	existing-unreviewed		0
EACCES	Eacces	Eacces	existing-unreviewed		0
EADDRINUSE	Eaddrinuse	Eaddrinuse	existing-unreviewed		0
EAFNOSUPPORT	Eafnosupport	Eafnosupport	existing-unreviewed		0
EAGAIN	Eagain	Eagain	existing-unreviewed		0
EBADF	Ebadf	Ebadf	existing-unreviewed		0
EBUSY	Ebusy	Ebusy	existing-unreviewed		0
ECHILD	Echild	Echild	existing-unreviewed		0
EEXIST	Eexist	Eexist	existing-unreviewed		0
EFAULT	Efault	Efault	existing-unreviewed		0
EFBIG	Efbig	Efbig	existing-unreviewed		0
EINTR	Eintr	Eintr	existing-unreviewed		0
EINVAL	Einval	Einval	existing-unreviewed		0
EIO	Eio	Eio	existing-unreviewed		0
EISDIR	Eisdir	Eisdir	existing-unreviewed		0
EMFILE	Emfile	Emfile	existing-unreviewed		0
EMSGSIZE	Emsgsize	Emsgsize	existing-unreviewed		0
ENETUNREACH	Enetunreach	Enetunreach	existing-unreviewed		0
ENFILE	Enfile	Enfile	existing-unreviewed		0
ENODEV	Enodev	Enodev	existing-unreviewed		0
ENOENT	Enoent	Enoent	existing-unreviewed		0
ENOEXEC	Enoexec	Enoexec	existing-unreviewed		0
ENOMEM	Enomem	Enomem	existing-unreviewed		0
ENOSPC	Enospc	Enospc	existing-unreviewed		0
ENOSYS	Enosys	Enosys	existing-unreviewed		0
ENOTCONN	Enotconn	Enotconn	existing-unreviewed		0
ENOTDIR	Enotdir	Enotdir	existing-unreviewed		0
ENOTTY	Enotty	Enotty	existing-unreviewed		0
EOPNOTSUPP	Eopnotsupp	Eopnotsupp	existing-unreviewed		0
EPERM	Eperm	Eperm	existing-unreviewed		0
EPROTONOSUPPORT	Eprotonosupport	Eprotonosupport	existing-unreviewed		0
ERANGE	Erange	Erange	existing-unreviewed		0
EROFS	Erofs	Erofs	existing-unreviewed		0
ESPIPE	Espipe	Espipe	existing-unreviewed		0
ESRCH	Esrch	Esrch	existing-unreviewed		0
Eax	Eax	Eax	existing-unreviewed		0
Ebp	Ebp	Ebp	existing-unreviewed		0
Ebx	Ebx	Ebx	existing-unreviewed		0
Ecx	Ecx	Ecx	existing-unreviewed		0
Edi	Edi	Edi	existing-unreviewed		0
Edx	Edx	Edx	existing-unreviewed		0
Eflags	Eflags	Eflags	existing-unreviewed		0
Eip	Eip	Eip	existing-unreviewed		0
Elf	Elf	Elf	existing-unreviewed		0
Elf32Dyn	Elf32dyn	Elf32dyn	existing-unreviewed		0
Elf32Note	Elf32Merknad	Elf32Merknad	existing-unreviewed		0
Elf32Rel	Elf32rel	Elf32rel	existing-unreviewed		0
Elf32Rela	Elf32rela	Elf32rela	existing-unreviewed		0
Elf32Sym	Elf32sym	Elf32sym	existing-unreviewed		0
ElfHeader	ElfTopptekst	ElfTopptekst	existing-unreviewed		0
ElfProgramHeader	ElfprogramTopptekst	ElfprogramTopptekst	existing-unreviewed		0
ElfSectionHeader	ElfsectionTopptekst	ElfsectionTopptekst	existing-unreviewed		0
EnablePaging	Slåpåpaging	Slåpåpaging	existing-unreviewed		0
Enabled	Aktivert	Aktivert	existing-unreviewed		0
EntryNumber	EntryTall	EntryTall	existing-unreviewed		0
EqualBytes	LikByte	LikByte	existing-unreviewed		0
Es	Es	Es	existing-unreviewed		0
Esi	Esi	Esi	existing-unreviewed		0
Esp	Esp	Esp	existing-unreviewed		0
FPUBuffer	Fpubuffer	Fpubuffer	existing-unreviewed		0
FPUOffset	FpuAvstand	FpuAvstand	existing-unreviewed		0
Family	Family	Family	existing-unreviewed		0
FileName	FilNavn	FilNavn	existing-unreviewed		0
Fill	Fill	Fill	existing-unreviewed		0
FillRectangle	FillRektangel	FillRektangel	existing-unreviewed		0
First	First	First	existing-unreviewed		0
FirstFree	FirstLedig	FirstLedig	existing-unreviewed		0
FirstFreeSize	FirstLedigStørrelse	FirstLedigStørrelse	existing-unreviewed		0
Flags	Flagg	Flagg	existing-unreviewed		0
FloatingPointException	Flytendepointexception	Flytendepointexception	existing-unreviewed		0
Flush	Flush	Flush	existing-unreviewed		0
FlushTlsTable	FlushtlsTabell	FlushtlsTabell	existing-unreviewed		0
Focussable	Focussable	Focussable	existing-unreviewed		0
Free	Ledig	Ledig	existing-unreviewed		0
Fs	Fs	Fs	existing-unreviewed		0
GB	Gb	Gb	existing-unreviewed		0
GDT_ENTRIES	Gdtentry	Gdtentry	existing-unreviewed		0
GOT	Got	Got	existing-unreviewed		0
GPFException	Gpfexception	Gpfexception	existing-unreviewed		0
GatewayIP	Gatewayip	Gatewayip	existing-unreviewed		0
GdtAddressHigh	GdtaddressHøy	GdtaddressHøy	existing-unreviewed		0
GdtAddressLow	GdtaddressLav	GdtaddressLav	existing-unreviewed		0
GdtDescriptor	Gdtdescriptor	Gdtdescriptor	existing-unreviewed		0
GdtEntry	Gdtentry_2	Gdtentry_2	existing-unreviewed		0
GdtSize	GdtStørrelse	GdtStørrelse	existing-unreviewed		0
GetAt	Getat	Getat	existing-unreviewed		0
GetBackend	Getbackend	Getbackend	existing-unreviewed		0
GetBaseAddressRegister	Getbaseaddressregister	Getbaseaddressregister	existing-unreviewed		0
GetBitmaspSize	GetbitmaspStørrelse	GetbitmaspStørrelse	existing-unreviewed		0
GetBytesFromPtr	GetBytefromPeker	GetBytefromPeker	existing-unreviewed		0
GetCR0	Getcr0	Getcr0	existing-unreviewed		0
GetCR2	Getcr2	Getcr2	existing-unreviewed		0
GetCR3	Getcr3	Getcr3	existing-unreviewed		0
GetCR4	Getcr4	Getcr4	existing-unreviewed		0
GetColorIndex	GetFargeIndeks	GetFargeIndeks	existing-unreviewed		0
GetDeviceDescriptor	GetEnhetdescriptor	GetEnhetdescriptor	existing-unreviewed		0
GetDriver	Getdriver	Getdriver	existing-unreviewed		0
GetESP0	Getesp0	Getesp0	existing-unreviewed		0
GetEntry	Getentry	Getentry	existing-unreviewed		0
GetFileSize	GetFilStørrelse	GetFilStørrelse	existing-unreviewed		0
GetFocus	GetFokus	GetFokus	existing-unreviewed		0
GetFrameBufferSegment	GetRammebuffersegment	GetRammebuffersegment	existing-unreviewed		0
GetFuncPtrFromPtr	GetfuncPekerfromPeker	GetfuncPekerfromPeker	existing-unreviewed		0
GetFunctionName	GetFunksjonNavn	GetFunksjonNavn	existing-unreviewed		0
GetHandler	Gethandler	Gethandler	existing-unreviewed		0
GetIPAddress	Getipaddress	Getipaddress	existing-unreviewed		0
GetMACAddress	Getmacaddress	Getmacaddress	existing-unreviewed		0
GetMACFromCache	Getmacfromcache	Getmacfromcache	existing-unreviewed		0
GetNextReadyThread	GetNesteKlarthread	GetNesteKlarthread	existing-unreviewed		0
GetNodeAt	Getnodeat	Getnodeat	existing-unreviewed		0
GetProvider	Providerget	Providerget	existing-unreviewed		0
GetSS0	Getss0	Getss0	existing-unreviewed		0
GetStr	Getstr	Getstr	existing-unreviewed		0
GetUint32ArrayFromPtr	Getunsignedinteger32TabellfromPeker	Getunsignedinteger32TabellfromPeker	existing-unreviewed		0
GetUintptrArrayFromPtr	GetunsignedintegerPekerTabellfromPeker	GetunsignedintegerPekerTabellfromPeker	existing-unreviewed		0
GetValue	GetVerdi	GetVerdi	existing-unreviewed		0
GetValueInPageDir	GetVerdiInnSideKatalog	GetVerdiInnSideKatalog	existing-unreviewed		0
Gid	Gid	Gid	existing-unreviewed		0
Gs	Gs	Gs	existing-unreviewed		0
HandleException	Håndtakexception	Håndtakexception	existing-unreviewed		0
HandleFatalInterruptFrame	HåndtakfatalAvbruddRamme	HåndtakfatalAvbruddRamme	existing-unreviewed		0
HandleInterrupt	HåndtakAvbrudd	HåndtakAvbrudd	existing-unreviewed		0
HandleInterrupt1	HåndtakAvbrudd1	HåndtakAvbrudd1	existing-unreviewed		0
HandleUserDatagramProtocolMessage	HåndtakBrukerdatagramprotocolMelding	HåndtakBrukerdatagramprotocolMelding	existing-unreviewed		0
IDT_DESC_PRESENT	IdtdescriptorTilstede	IdtdescriptorTilstede	existing-unreviewed		0
IDT_INTERRUPT_GATE	IdtAvbruddgate	IdtAvbruddgate	existing-unreviewed		0
IDriver	IDriver	IDriver	existing-unreviewed		0
IEtherFrameHandler	IEthernetRammehandler	IEthernetRammehandler	existing-unreviewed		0
IInternetProtocolHandler	IInternettprotocolhandler	IInternettprotocolhandler	existing-unreviewed		0
IInterruptHandler	IAvbruddhandler	IAvbruddhandler	existing-unreviewed		0
IKeyboardEventHandler	ITastaturHendelsehandler	ITastaturHendelsehandler	existing-unreviewed		0
IMouseEventHandler	IMusHendelsehandler	IMusHendelsehandler	existing-unreviewed		0
IPCIControllerHandler	Ipcicontrollerhandler	Ipcicontrollerhandler	existing-unreviewed		0
IPCache	Ipcache	Ipcache	existing-unreviewed		0
IP_BE	IpNettverkbyteorder	IpNettverkbyteorder	existing-unreviewed		0
IRawDataHandler	IRawdatahandler	IRawdatahandler	existing-unreviewed		0
ITimerEventHandler	INedtellingHendelsehandler	INedtellingHendelsehandler	existing-unreviewed		0
IUserDatagramProtocolHandler	IBrukerdatagramprotocolhandler	IBrukerdatagramprotocolhandler	existing-unreviewed		0
IUserDatagramProtocolSocket	IBrukerdatagramprotocolsokkel	IBrukerdatagramprotocolsokkel	existing-unreviewed		0
IWidget	IWidget	IWidget	pending-language-review	widget	0
Identify	Identify	Identify	existing-unreviewed		0
Increment	Increment	Increment	existing-unreviewed		0
IndexOf	Indeksav	Indeksav	existing-unreviewed		0
Init	Init	Init	existing-unreviewed		0
InitDriver	Initdriver	Initdriver	existing-unreviewed		0
InitialThreadUserJump	InitialthreadBrukerjump	InitialthreadBrukerjump	existing-unreviewed		0
Ino	Ino	Ino	existing-unreviewed		0
Install	Installer	Installer	existing-unreviewed		0
Interrupt	Avbrudd	Avbrudd	existing-unreviewed		0
InterruptActive	AvbruddAktiv	AvbruddAktiv	existing-unreviewed		0
InterruptDeactive	Avbrudddeactive	Avbrudddeactive	existing-unreviewed		0
InterruptManager	Avbruddmanager	Avbruddmanager	existing-unreviewed		0
InterruptNumber	AvbruddTall	AvbruddTall	existing-unreviewed		0
InvalidOpcode	Ugyldigopcode	Ugyldigopcode	existing-unreviewed		0
InvalidTSS	Ugyldigtss	Ugyldigtss	existing-unreviewed		0
IsKernel	Iskernel	Iskernel	existing-unreviewed		0
IsPresent	IsTilstede	IsTilstede	existing-unreviewed		0
IsUserSpace	IsBrukerMellomrom	IsBrukerMellomrom	existing-unreviewed		0
KB	Kb	Kb	existing-unreviewed		0
KCS_INDEX	KcsIndeks	KcsIndeks	existing-unreviewed		0
KCS_SELECTOR	Kcsselector	Kcsselector	existing-unreviewed		0
KDS_INDEX	KdsIndeks	KdsIndeks	existing-unreviewed		0
KDS_SELECTOR	Kdsselector	Kdsselector	existing-unreviewed		0
KERNEL_HEAP_START	Kernelheapstart	Kernelheapstart	existing-unreviewed		0
KERNEL_VIRT_ADDR	Kernelvirtaddress	Kernelvirtaddress	existing-unreviewed		0
KGS_INDEX	KgsIndeks	KgsIndeks	existing-unreviewed		0
KGS_SELECTOR	Kgsselector	Kgsselector	existing-unreviewed		0
K핵심	KKernelEntry	KKernelEntry	compatibility		0
LIDT	Lidt	Lidt	existing-unreviewed		0
Last	Siste	Siste	existing-unreviewed		0
Len	Len	Len	compatibility		0
Limit	Grense	Grense	existing-unreviewed		0
Link	Lenke	Lenke	existing-unreviewed		0
LinkMap	Lenkemap	Lenkemap	existing-unreviewed		0
LinkedList	LinkedListe	LinkedListe	existing-unreviewed		0
Listen	Listen	Listen	existing-unreviewed		0
LoadElf	Belastningelf	Belastningelf	existing-unreviewed		0
MAC	Mac	Mac	existing-unreviewed		0
MAC0	Mac0	Mac0	existing-unreviewed		0
MAC1	Mac1	Mac1	existing-unreviewed		0
MAC2	Mac2	Mac2	existing-unreviewed		0
MAC3	Mac3	Mac3	existing-unreviewed		0
MAC4	Mac4	Mac4	existing-unreviewed		0
MAC5	Mac5	Mac5	existing-unreviewed		0
MACAddress0Port	Macaddress0port	Macaddress0port	existing-unreviewed		0
MACAddress2Port	Macaddress2port	Macaddress2port	existing-unreviewed		0
MACAddress4Port	Macaddress4port	Macaddress4port	existing-unreviewed		0
MACCache	Maccache	Maccache	existing-unreviewed		0
MAX_QUEUE_SIZE	MaksqueueStørrelse	MaksqueueStørrelse	existing-unreviewed		0
MB	Mb	Mb	existing-unreviewed		0
MBR	Mbr	Mbr	existing-unreviewed		0
MHex출력	MHexadecimalSkrivut	MHexadecimalSkrivut	existing-unreviewed		0
MHex출력XY	MHexadecimalSkrivutxy	MHexadecimalSkrivutxy	existing-unreviewed		0
MUint16출력	MUnsignedinteger16Skrivut	MUnsignedinteger16Skrivut	existing-unreviewed		0
MUint16출력XY	MUnsignedinteger16Skrivutxy	MUnsignedinteger16Skrivutxy	existing-unreviewed		0
MUint32출력	MUnsignedinteger32Skrivut	MUnsignedinteger32Skrivut	existing-unreviewed		0
MUint32출력XY	MUnsignedinteger32Skrivutxy	MUnsignedinteger32Skrivutxy	existing-unreviewed		0
MUint64출력	MUnsignedinteger64Skrivut	MUnsignedinteger64Skrivut	existing-unreviewed		0
MUint64출력XY	MUnsignedinteger64Skrivutxy	MUnsignedinteger64Skrivutxy	existing-unreviewed		0
Machine	Machine	Machine	existing-unreviewed		0
MachineCheck	Machinecheck	Machinecheck	existing-unreviewed		0
MakeRangePrivateWritable	MakeOmrådePrivatwritable	MakeOmrådePrivatwritable	existing-unreviewed		0
Malloc	Malloc	Malloc	pending-language-review	allocate_memory	0
MemCmp	Memcmp	Memcmp	existing-unreviewed		0
MemCpy	MemKopier	MemKopier	existing-unreviewed		0
MemMove	MemFlytt	MemFlytt	existing-unreviewed		0
MemSet	MemSett	MemSett	existing-unreviewed		0
MemoryOper	Minneoper	Minneoper	existing-unreviewed		0
Mode	Modus	Modus	existing-unreviewed		0
ModelToScreen	ModelltoSkjerm	Set_local_coordinates	pending-language-review	set_coordinates	5
Mtime	Mtime	Mtime	existing-unreviewed		0
MtimeNsec	Mtimensec	Mtimensec	existing-unreviewed		0
MyHandleInterrupt	MyHåndtakAvbrudd	MyHåndtakAvbrudd	existing-unreviewed		0
MyTest	Mytest	Mytest	existing-unreviewed		0
M긴급로그Hex8	MEmergencyLogghexadecimal8	MEmergencyLogghexadecimal8	existing-unreviewed		0
M긴급로그Uint32	MEmergencyLoggunsignedinteger32	MEmergencyLoggunsignedinteger32	existing-unreviewed		0
M긴급로그문자열	MEmergencyLoggStreng	MEmergencyLoggStreng	existing-unreviewed		0
M직렬로그초기화	MSerienummerLogginit	MSerienummerLogginit	existing-unreviewed		0
M출력	MSkrivut	MSkrivut	existing-unreviewed		0
M출력BytesXY	MSkrivutBytexy	MSkrivutBytexy	existing-unreviewed		0
M출력Hex	MSkrivuthexadecimal	MSkrivuthexadecimal	existing-unreviewed		0
M출력Uint16	MSkrivutunsignedinteger16	MSkrivutunsignedinteger16	existing-unreviewed		0
M출력Uint32	MSkrivutunsignedinteger32	MSkrivutunsignedinteger32	existing-unreviewed		0
M출력XY	MSkrivutxy	MSkrivutxy	existing-unreviewed		0
M테스트	M테스트	M테스트	existing-unreviewed		0
NMI	Nmi	Nmi	existing-unreviewed		0
New	Ny	Ny	existing-unreviewed		0
NewInterruptHandler	NyAvbruddhandler	NyAvbruddhandler	existing-unreviewed		0
Next	Neste	Neste	existing-unreviewed		0
Nlink	Nlink	Nlink	existing-unreviewed		0
Node	Node	Node	pending-language-review	list_node	0
Nodename	Nodename	Nodename	existing-unreviewed		0
OnEtherFrameReceived	EthernetRammereceivewhen	EthernetRammereceivewhen	existing-unreviewed		0
OnGetDriver	Pågetdriver	Pågetdriver	existing-unreviewed		0
OnInternetProtocolReceived	Internettprotocolreceivewhen	Internettprotocolreceivewhen	existing-unreviewed		0
OnKeyDown	PåNøkkelNed	PåNøkkelNed	existing-unreviewed		0
OnKeyUp	PåNøkkelOpp	PåNøkkelOpp	existing-unreviewed		0
OnMouseDown	PåMusNed	PåMusNed	existing-unreviewed		0
OnMouseMove	PåMusFlytt	PåMusFlytt	existing-unreviewed		0
OnMouseUp	PåMusOpp	PåMusOpp	existing-unreviewed		0
OnRawDataReceived	Pårawdatareceive	Pårawdatareceive	existing-unreviewed		0
OnTick	Påtick	Påtick	existing-unreviewed		0
Overflow	Overflow	Overflow	existing-unreviewed		0
P1LinkMap	PVerdi1Lenkemap	PVerdi1Lenkemap	existing-unreviewed		0
P2LinkMap	PVerdi2Lenkemap	PVerdi2Lenkemap	existing-unreviewed		0
P3LinkMap	PVerdi3Lenkemap	PVerdi3Lenkemap	existing-unreviewed		0
PAGE_COW	Sidecow	Sidecow	existing-unreviewed		0
PAGE_FRAME	SideRamme	SideRamme	existing-unreviewed		0
PAGE_PRESENT	SideTilstede	SideTilstede	existing-unreviewed		0
PAGE_USER	SideBruker	SideBruker	existing-unreviewed		0
PAGE_WRITABLE	Sidewritable	Sidewritable	existing-unreviewed		0
PAUSE_LOOP	PauseLøkke	PauseLøkke	existing-unreviewed		0
PICMasterCommandPort	PrimarypicKommandoioport	PrimarypicKommandoioport	existing-unreviewed		0
PICMasterDataPort	Primarypicdataioport	Primarypicdataioport	existing-unreviewed		0
PICSlaveCommandPort	SecondarypicKommandoioport	SecondarypicKommandoioport	existing-unreviewed		0
PICSlaveDataPort	Secondarypicdataioport	Secondarypicdataioport	existing-unreviewed		0
PRESENT	Tilstede	Tilstede	existing-unreviewed		0
PRIV_KERNEL	Privkernel	Privkernel	existing-unreviewed		0
PRIV_USER	PrivBruker	PrivBruker	existing-unreviewed		0
PROC_USER_HEAP_SIZE	ProcBrukerheapStørrelse	ProcBrukerheapStørrelse	existing-unreviewed		0
PageDirEntry	SideKatalogentry	SideKatalogentry	existing-unreviewed		0
PageDirectoryEntry	SideKatalogentry_2	SideKatalogentry_2	existing-unreviewed		0
PageFault	Sidefault	Sidefault	existing-unreviewed		0
PageFaultException	Sidefaultexception	Sidefaultexception	existing-unreviewed		0
PageRoundDown	SideRundavNed	SideRundavNed	existing-unreviewed		0
PageRoundUp	SideRundavOpp	SideRundavOpp	existing-unreviewed		0
PageTableEntry	SideTabellentry	SideTabellentry	existing-unreviewed		0
Paging	Paging	Paging	existing-unreviewed		0
ParentPid	Opphavpid	Opphavpid	existing-unreviewed		0
Parse	Parse	Parse	existing-unreviewed		0
Partition_id	Partitionid	Partitionid	existing-unreviewed		0
PhyMemTest	Phymemtest	Phymemtest	existing-unreviewed		0
PhysicalMemoryManager	PhysicalMinnemanager	PhysicalMinnemanager	existing-unreviewed		0
Pid	Pid	Pid	existing-unreviewed		0
Port	Port	Port	existing-unreviewed		0
PortBase	Portbase	Portbase	existing-unreviewed		0
PortInByte	PortInnbyte	PortInnbyte	existing-unreviewed		0
PortInDword	PortInndword	PortInndword	existing-unreviewed		0
PortInWord	PortInnord	PortInnord	existing-unreviewed		0
PortOutByte	PortUtbyte	PortUtbyte	existing-unreviewed		0
PortOutDword	PortUtdword	PortUtdword	existing-unreviewed		0
PortOutWord	PortUtord	PortUtord	existing-unreviewed		0
PortReadByte	PortLesbyte	PortLesbyte	existing-unreviewed		0
PortReadDword	PortLesdword	PortLesdword	existing-unreviewed		0
PortReadWord	PortLesord	PortLesord	existing-unreviewed		0
PortWriteByte	PortSkrivbyte	PortSkrivbyte	existing-unreviewed		0
PortWriteDword	PortSkrivdword	PortSkrivdword	existing-unreviewed		0
PortWriteWord	PortSkrivord	PortSkrivord	existing-unreviewed		0
Prev	Previous	Previous	existing-unreviewed		0
PrevTSS	Previoustss	Previoustss	existing-unreviewed		0
PrimaryPartition	Primarypartition	Primarypartition	existing-unreviewed		0
Print	Skrivut	Skrivut	existing-unreviewed		0
PrintBytes	SkrivutByte	SkrivutByte	existing-unreviewed		0
PrintStr	Skrivutstr	Skrivutstr	existing-unreviewed		0
PrintTLS	Skrivuttls	Skrivuttls	existing-unreviewed		0
PrintTest	Skrivuttest	Skrivuttest	existing-unreviewed		0
Process	Prosess	Prosess	existing-unreviewed		0
ProcessHelper	Prosesshelper	Prosesshelper	existing-unreviewed		0
ProcessPendingKeyboardEvents	ProsesspendingTastaturevents	ProsesspendingTastaturevents	existing-unreviewed		0
ProcessPendingMouseEvents	ProsesspendingMusevents	ProsesspendingMusevents	existing-unreviewed		0
PushAt	Pushat	Insert_at_index	pending-language-review	insert_at	1
PushBack	PushTilbake	Append_to_list	pending-language-review	append	12
PushFront	Pushfront	Prepend_to_list	pending-language-review	prepend	5
PutPixel	Putpixel	Putpixel	existing-unreviewed		0
PutPixelRGB	Putpixelrgb	Putpixelrgb	existing-unreviewed		0
QUEUE_START_ADDR	Queuestartaddress	Queuestartaddress	existing-unreviewed		0
Rdev	Rdev	Rdev	existing-unreviewed		0
Read	Les	Les	existing-unreviewed		0
Read28	Les28	Les28	existing-unreviewed		0
ReadFile	LesFil	LesFil	pending-language-review	file_read	0
ReadPartitions	Lespartition	Lespartition	existing-unreviewed		0
Ready	Klar	Klar	existing-unreviewed		0
Receive	Receive	Receive	existing-unreviewed		0
Ref	Reference	Reference	existing-unreviewed		0
Release	Release	Release	existing-unreviewed		0
ReloadCR3	Lastpånyttcr3	Lastpånyttcr3	existing-unreviewed		0
Remove	Fjern	Fjern	existing-unreviewed		0
RemoveAt	Fjernat	Fjernat	existing-unreviewed		0
RemoveThread	Fjernthread	Fjernthread	existing-unreviewed		0
RemoveThreadAt	Fjernthreadat	Fjernthreadat	existing-unreviewed		0
RequestMacAddress	Requestmacaddress	Requestmacaddress	existing-unreviewed		0
Reset	Nullstill	Nullstill	existing-unreviewed		0
Resolve	Resolve	Resolve	existing-unreviewed		0
ResolveCopyOnWriteFault	ResolveKopierPåSkrivfault	ResolveKopierPåSkrivfault	existing-unreviewed		0
SCHEDULER_FREQUENCY	SchedulerFrekvens	SchedulerFrekvens	existing-unreviewed		0
SEG_BIG_MODE	SegStormodus	SegStormodus	existing-unreviewed		0
SEG_EXEC	SegKjørbar	SegKjørbar	existing-unreviewed		0
SEG_GRAN_4K_PAGE	Seggran4kSide	Seggran4kSide	existing-unreviewed		0
SEG_GRAN_BYTE	Seggranbyte	Seggranbyte	existing-unreviewed		0
SEG_KERNEL_CODE	Segkernelcode	Segkernelcode	existing-unreviewed		0
SEG_KERNEL_DATA	Segkerneldata	Segkerneldata	existing-unreviewed		0
SEG_KERNEL_GS	Segkernelgs	Segkernelgs	existing-unreviewed		0
SEG_NOEXEC	Segnoexec	Segnoexec	existing-unreviewed		0
SEG_NORMAL	Segnormal	Segnormal	existing-unreviewed		0
SEG_NORW	Segnorw	Segnorw	existing-unreviewed		0
SEG_R	Segr	Segr	existing-unreviewed		0
SEG_SYSTEM	Segsystem	Segsystem	existing-unreviewed		0
SEG_TASK_STATE	SegOppgaveStatus	SegOppgaveStatus	existing-unreviewed		0
SEG_USER_CODE	SegBrukercode	SegBrukercode	existing-unreviewed		0
SEG_USER_DATA	SegBrukerdata	SegBrukerdata	existing-unreviewed		0
SEG_USER_GS	SegBrukergs	SegBrukergs	existing-unreviewed		0
SEG_W	Segw	Segw	existing-unreviewed		0
SIMDFloatingPointException	Simdflytendepointexception	Simdflytendepointexception	existing-unreviewed		0
SIZE	Størrelse	Størrelse	existing-unreviewed		0
SYS_ACCESS	Systilgang	Systilgang	existing-unreviewed		0
SYS_BRK	Sysbrk	Sysbrk	existing-unreviewed		0
SYS_CHDIR	Syschdir	Syschdir	existing-unreviewed		0
SYS_CLOSE	SysLukk	SysLukk	existing-unreviewed		0
SYS_CREAT	Syscreat	Syscreat	existing-unreviewed		0
SYS_DUP	Sysdup	Sysdup	existing-unreviewed		0
SYS_DUP2	Sysdup2	Sysdup2	existing-unreviewed		0
SYS_EXECVE	Sysexecve	Sysexecve	existing-unreviewed		0
SYS_EXIT	SysAvslutt	SysAvslutt	existing-unreviewed		0
SYS_FCNTL	Sysfcntl	Sysfcntl	existing-unreviewed		0
SYS_FORK	Sysfork	Sysfork	existing-unreviewed		0
SYS_FSTAT	Sysfstat	Sysfstat	existing-unreviewed		0
SYS_FSYNC	Sysfsync	Sysfsync	existing-unreviewed		0
SYS_GETCWD	Sysgetcwd	Sysgetcwd	existing-unreviewed		0
SYS_GETEGID	Sysgetegid	Sysgetegid	existing-unreviewed		0
SYS_GETEUID	Sysgeteuid	Sysgeteuid	existing-unreviewed		0
SYS_GETGID	Sysgetgid	Sysgetgid	existing-unreviewed		0
SYS_GETPID	Sysgetpid	Sysgetpid	existing-unreviewed		0
SYS_GETPPID	Sysgetppid	Sysgetppid	existing-unreviewed		0
SYS_GETUID	Sysgetuid	Sysgetuid	existing-unreviewed		0
SYS_LSEEK	Syslseek	Syslseek	existing-unreviewed		0
SYS_LSTAT	Syslstat	Syslstat	existing-unreviewed		0
SYS_OPEN	SysÅpne	SysÅpne	existing-unreviewed		0
SYS_READ	SysLes	SysLes	existing-unreviewed		0
SYS_RT_EXIT	SysrtAvslutt	SysrtAvslutt	existing-unreviewed		0
SYS_SOCKETCALL	Syssocketcall	Syssocketcall	existing-unreviewed		0
SYS_STAT	Sysstat	Sysstat	existing-unreviewed		0
SYS_SYNC	Syssync	Syssync	existing-unreviewed		0
SYS_UNAME	Sysuname	Sysuname	existing-unreviewed		0
SYS_WAITPID	Syswaitpid	Syswaitpid	existing-unreviewed		0
SYS_WRITE	SysSkriv	SysSkriv	existing-unreviewed		0
Schedule	Schedule	Schedule	existing-unreviewed		0
Scheduler	Scheduler	Scheduler	existing-unreviewed		0
SchedulerData	Schedulerdata	Schedulerdata	existing-unreviewed		0
SegmentNotPresent	SegmentnotTilstede	SegmentnotTilstede	existing-unreviewed		0
SelectDrivers	Velgdriver	Velgdriver	existing-unreviewed		0
Send	Send	Send	existing-unreviewed		0
SendEchoRequest	Echorequestsend	Echorequestsend	existing-unreviewed		0
SendFrame	Rammesend	Rammesend	existing-unreviewed		0
SerialInit	Serienummerinit	Serienummerinit	existing-unreviewed		0
SerialWriteByte	SerienummerSkrivbyte	SerienummerSkrivbyte	existing-unreviewed		0
SetBackend	Settbackend	Settbackend	existing-unreviewed		0
SetBit	Settbit	Settbit	existing-unreviewed		0
SetBlockInPageDir	SettBlokkInnSideKatalog	SettBlokkInnSideKatalog	existing-unreviewed		0
SetBuffer	Settbuffer	Settbuffer	existing-unreviewed		0
SetByteAtAddr	Settbyteataddress	Settbyteataddress	existing-unreviewed		0
SetByteInPageDir	SettbyteInnSideKatalog	SettbyteInnSideKatalog	existing-unreviewed		0
SetCR3	Settcr3	Settcr3	existing-unreviewed		0
SetColor	SettFarge	SettFarge	existing-unreviewed		0
SetDescriptor	Settdescriptor	Settdescriptor	existing-unreviewed		0
SetHandleInterruptFuction	SettHåndtakAvbruddfuction	SettHåndtakAvbruddfuction	existing-unreviewed		0
SetHandler	Setthandler	Setthandler	existing-unreviewed		0
SetIPAddress	Settipaddress	Settipaddress	existing-unreviewed		0
SetInterruptDescriptorTableEntry	AvbrudddescriptorTabellentrySett	AvbrudddescriptorTabellentrySett	existing-unreviewed		0
SetInterruptManager	SettAvbruddmanager	SettAvbruddmanager	existing-unreviewed		0
SetInterruptNumber	SettAvbruddTall	SettAvbruddTall	existing-unreviewed		0
SetMode	Settmodus	Settmodus	existing-unreviewed		0
SetNodeAt	Settnodeat	Settnodeat	existing-unreviewed		0
SetStack	Settstack	Settstack	existing-unreviewed		0
SetTlsSegment	Setttlssegment	Setttlssegment	existing-unreviewed		0
SetUint32AtAddr	Settunsignedinteger32ataddress	Settunsignedinteger32ataddress	existing-unreviewed		0
SetUint32InPageDir	Settunsignedinteger32InnSideKatalog	Settunsignedinteger32InnSideKatalog	existing-unreviewed		0
SetUint8AtAddr	Settunsignedinteger8ataddress	Settunsignedinteger8ataddress	existing-unreviewed		0
SharedMemoryRegion	SharedMinneregion	SharedMinneregion	existing-unreviewed		0
Size	Størrelse_2	Størrelse_2	existing-unreviewed		0
Spawn	Spawn	Spawn	existing-unreviewed		0
Ss	Ss	Ss	existing-unreviewed		0
Stack	Stack	Stack	existing-unreviewed		0
StackSegmentFault	Stacksegmentfault	Stacksegmentfault	existing-unreviewed		0
Start_lba	Startlba	Startlba	existing-unreviewed		0
Started	Startet	Startet	existing-unreviewed		0
StdinPutByte	Stdinputbyte	Stdinputbyte	existing-unreviewed		0
StopCurrentThread	StoppGjeldendethread	StoppGjeldendethread	existing-unreviewed		0
Stopped	Stoppet	Stoppet	existing-unreviewed		0
SubnetMask	SubnetMaske	SubnetMaske	existing-unreviewed		0
SupportMode	Støttemodus	Støttemodus	existing-unreviewed		0
Sys_brk	Sysbrk_2	Sysbrk_2	existing-unreviewed		0
Sys_close	SysLukk_2	SysLukk_2	existing-unreviewed		0
Sys_exit	SysAvslutt_2	SysAvslutt_2	existing-unreviewed		0
Sys_getpid	Sysgetpid_2	Sysgetpid_2	existing-unreviewed		0
Sys_mousemove	Sysmousemove	Sysmousemove	existing-unreviewed		0
Sys_open	SysÅpne_2	SysÅpne_2	existing-unreviewed		0
Sys_printStr	SysSkrivutstr	SysSkrivutstr	existing-unreviewed		0
Sys_printUint32	SysSkrivutunsignedinteger32	SysSkrivutunsignedinteger32	existing-unreviewed		0
Sys_printf	Sysprintf	Sysprintf	existing-unreviewed		0
Sys_read	SysLes_2	SysLes_2	existing-unreviewed		0
Syscall	Syscall	Syscall	existing-unreviewed		0
Sysname	Sysname	Sysname	existing-unreviewed		0
TARPEtherFrameHandler	ArpethernetRammehandler	ArpethernetRammehandler	existing-unreviewed		0
TARPMessage	ArpMelding	ArpMelding	existing-unreviewed		0
TARPMessageBuffer	ArpMeldingbuffer	ArpMeldingbuffer	existing-unreviewed		0
TARPProvider	Arpprovider	Arpprovider	existing-unreviewed		0
TAdvancedTechnologyAttachment	TAvansertTeknologiattachment	TAvansertTeknologiattachment	existing-unreviewed		0
TArray	TTabell	TTabell	existing-unreviewed		0
TBaseAddressRegister	TBaseaddressregister	TBaseaddressregister	existing-unreviewed		0
TBiosParameterBlock32	TBiosparameterBlokk32	TBiosparameterBlokk32	pending-language-review	fat_parameters	0
TBufferDescriptor	TBufferdescriptor	TBufferdescriptor	existing-unreviewed		0
TCOWFrameManager	TcowRammemanager	TcowRammemanager	existing-unreviewed		0
TCPUState	TcpuStatus	TcpuStatus	existing-unreviewed		0
TDefaultKeyboardEventHandler	TStandardTastaturHendelsehandler	TStandardTastaturHendelsehandler	existing-unreviewed		0
TDefaultMouseEventHandler	TStandardMusHendelsehandler	TStandardMusHendelsehandler	existing-unreviewed		0
TDefaultPCIControllerHandler	TStandardpcicontrollerhandler	TStandardpcicontrollerhandler	existing-unreviewed		0
TDefaultTimerEventHandler	TStandardNedtellingHendelsehandler	TStandardNedtellingHendelsehandler	existing-unreviewed		0
TDirectoryEntryFat32	TKatalogentryfat32	TKatalogentryfat32	existing-unreviewed		0
TDriverManager	TDrivermanager	TDrivermanager	existing-unreviewed		0
TEtherFrameHandler	TEthernetRammehandler	TEthernetRammehandler	existing-unreviewed		0
TEtherFrameHeader	TEthernetRammeTopptekst	TEthernetRammeTopptekst	pending-language-review	ethernet_header	0
TEtherFrameHeaderBuffer	TEthernetRammeTopptekstbuffer	TEthernetRammeTopptekstbuffer	existing-unreviewed		0
TEtherFrameProvider	TEthernetRammeprovider	TEthernetRammeprovider	pending-language-review	ethernet_provider	0
TEtherFrameRawDataHandler	TEthernetRammerawdatahandler	TEthernetRammerawdatahandler	existing-unreviewed		0
TGateDescriptor	TGatedescriptor	TGatedescriptor	existing-unreviewed		0
THREAD_STACK_SIZE	ThreadstackStørrelse	ThreadstackStørrelse	existing-unreviewed		0
TICMPHandler	Icmphandler	Icmphandler	existing-unreviewed		0
TIPEtherFrameHandler	IpethernetRammehandler	IpethernetRammehandler	existing-unreviewed		0
TInitializationBlock	TInitializationBlokk	TInitializationBlokk	existing-unreviewed		0
TInternetControlMessageProtocol	TInternettKontrollMeldingprotocol	TInternettKontrollMeldingprotocol	pending-language-review	icmp	0
TInternetControlMessageProtocolMessage	TInternettKontrollMeldingprotocolMelding	TInternettKontrollMeldingprotocolMelding	existing-unreviewed		0
TInternetControlMessageProtocolMessageBuffer	TInternettKontrollMeldingprotocolMeldingbuffer	TInternettKontrollMeldingprotocolMeldingbuffer	existing-unreviewed		0
TInternetProtocolHandler	TInternettprotocolhandler	TInternettprotocolhandler	existing-unreviewed		0
TInternetProtocolProvider	TInternettprotocolprovider	TInternettprotocolprovider	pending-language-review	ip_provider	0
TInternetProtocolV4Message	TInternettprotocolv4Melding	TInternettprotocolv4Melding	existing-unreviewed		0
TInternetProtocolV4MessageBuffer	TInternettprotocolv4Meldingbuffer	TInternettprotocolv4Meldingbuffer	existing-unreviewed		0
TInterruptDescriptorTablePointer	TAvbrudddescriptorTabellPeker	TAvbrudddescriptorTabellPeker	existing-unreviewed		0
TInterruptHandler	TAvbruddhandler	TAvbruddhandler	existing-unreviewed		0
TInterruptManager	TAvbruddmanager	TAvbruddmanager	existing-unreviewed		0
TKeyboardDriver	TTastaturdriver	TTastaturdriver	existing-unreviewed		0
TLS_START	Tlsstart	Tlsstart	existing-unreviewed		0
TMSDOSPartitionTable	TmsdospartitionTabell	TmsdospartitionTabell	existing-unreviewed		0
TMasterBootRecord	THovedinnstillingbootTaopp	THovedinnstillingbootTaopp	pending-language-review	boot_record	0
TMemoryChunk	TMinnechunk	TMinnechunk	existing-unreviewed		0
TMemoryManager	TMinnemanager	TMinnemanager	existing-unreviewed		0
TMouseDriver	TMusdriver	TMusdriver	existing-unreviewed		0
TMyKeyboardEventHandler	TMyTastaturHendelsehandler	TMyTastaturHendelsehandler	existing-unreviewed		0
TMyMouseEventHandler	TMyMusHendelsehandler	TMyMusHendelsehandler	existing-unreviewed		0
TMyPCIControllerHandler	TMypcicontrollerhandler	TMypcicontrollerhandler	existing-unreviewed		0
TPartitionTableEntry	TPartitionTabellentry	TPartitionTabellentry	existing-unreviewed		0
TPeripheralComponentInterconnectController	TPeripheralcomponentinterconnectcontroller	TPeripheralcomponentinterconnectcontroller	existing-unreviewed		0
TPeripheralComponentInterconnectDeviceDescriptor	TPeripheralcomponentinterconnectEnhetdescriptor	TPeripheralcomponentinterconnectEnhetdescriptor	existing-unreviewed		0
TPort	TPort	TPort	existing-unreviewed		0
TPort16Bit	TPort16bit	TPort16bit	existing-unreviewed		0
TPort32Bit	TPort32bit	TPort32bit	existing-unreviewed		0
TPort8Bit	TPort8bit	TPort8bit	existing-unreviewed		0
TRawDataHandler	TRawdatahandler	TRawdatahandler	existing-unreviewed		0
TSSEntry	Tssentry	Tssentry	existing-unreviewed		0
TSyscall	TSyscall	TSyscall	existing-unreviewed		0
TTask	TOppgave	TOppgave	existing-unreviewed		0
TThread	TThread	TThread	existing-unreviewed		0
TThreadHelper	TThreadhelper	TThreadhelper	existing-unreviewed		0
TTimerDriver	TNedtellingdriver	TNedtellingdriver	existing-unreviewed		0
TUserDatagramProtocolHandler	TBrukerdatagramprotocolhandler	TBrukerdatagramprotocolhandler	existing-unreviewed		0
TUserDatagramProtocolHeader	TBrukerdatagramprotocolTopptekst	TBrukerdatagramprotocolTopptekst	pending-language-review	udp_header	0
TUserDatagramProtocolHeaderBuffer	TBrukerdatagramprotocolTopptekstbuffer	TBrukerdatagramprotocolTopptekstbuffer	existing-unreviewed		0
TUserDatagramProtocolProvider	TBrukerdatagramprotocolprovider	TBrukerdatagramprotocolprovider	existing-unreviewed		0
TUserDatagramProtocolSocket	TBrukerdatagramprotocolsokkel	TBrukerdatagramprotocolsokkel	pending-language-review	udp_socket	0
TVideoGraphicsArray	TVideoGrafikkTabell	TVideoGrafikkTabell	existing-unreviewed		0
TWidget	TWidget	TWidget	pending-language-review	widget	0
TWidgetMouseEventHandler	TWidgetMusHendelsehandler	TWidgetMusHendelsehandler	existing-unreviewed		0
Tamd_am79c973	Tamdam79c973	Tamdam79c973	existing-unreviewed		0
Test	Test	Test	existing-unreviewed		0
TestBit	Testbit	Testbit	existing-unreviewed		0
TestPrint	TestSkrivut	TestSkrivut	existing-unreviewed		0
Thread	Thread	Thread	existing-unreviewed		0
ThreadList	ThreadListe	ThreadListe	existing-unreviewed		0
ThreadState	ThreadStatus	ThreadStatus	existing-unreviewed		0
Threads	Threads	Threads	existing-unreviewed		0
TlsSegments	TlsSegmenter	TlsSegmenter	existing-unreviewed		0
TotalBlocks	TotaltBlokk	TotaltBlokk	existing-unreviewed		0
Type	Filtype	Filtype	existing-unreviewed		0
TypeTest	Filtypetest	Filtypetest	existing-unreviewed		0
T공용서술자테이블	TShareddescriptorTabell	TShareddescriptorTabell	existing-unreviewed		0
T공용서술자테이블_자료	TShareddescriptorTabelldata	TShareddescriptorTabelldata	existing-unreviewed		0
T작업관리자	TOppgavemanager	TOppgavemanager	existing-unreviewed		0
T조각설명자	TSegmentdescriptor	TSegmentdescriptor	existing-unreviewed		0
T콘솔	TConsole	TConsole	existing-unreviewed		0
T함수1	TFunksjon1	TFunksjon1	existing-unreviewed		0
UDESC_32SEG	Udesc32seg	Udesc32seg	existing-unreviewed		0
UDESC_CONTENTS	UdescInnhold	UdescInnhold	existing-unreviewed		0
UDESC_LIMIT_IN_PAGES	UdescGrenseInnpages	UdescGrenseInnpages	existing-unreviewed		0
UDESC_RX_ONLY	Udescrxonly	Udescrxonly	existing-unreviewed		0
UDESC_SEG_NOT_PRESENT	UdescsegnotTilstede	UdescsegnotTilstede	existing-unreviewed		0
UDESC_USABLE	Udescusable	Udescusable	existing-unreviewed		0
USER_STACK	Brukerstack	Brukerstack	existing-unreviewed		0
USER_STACK_SIZE	BrukerstackStørrelse	BrukerstackStørrelse	existing-unreviewed		0
USER_STACK_TOP	BrukerstackOppe	BrukerstackOppe	existing-unreviewed		0
Uid	Uid	Uid	existing-unreviewed		0
Uint16ToArray	Unsignedinteger16toTabell	Unsignedinteger16toTabell	existing-unreviewed		0
Uint16ToArray_BE	Unsignedinteger16toTabellbe	Unsignedinteger16toTabellbe	existing-unreviewed		0
Uint16_R	Unsignedinteger16r	Unsignedinteger16r	existing-unreviewed		0
Uint32ToArray	Unsignedinteger32toTabell	Unsignedinteger32toTabell	existing-unreviewed		0
Uint32_R	Unsignedinteger32r	Unsignedinteger32r	existing-unreviewed		0
Uint48ToArray	Unsignedinteger48toTabell	Unsignedinteger48toTabell	existing-unreviewed		0
Uint48ToArray_BE	Unsignedinteger48toTabellbe	Unsignedinteger48toTabellbe	existing-unreviewed		0
Uint48_R	Unsignedinteger48r	Unsignedinteger48r	existing-unreviewed		0
Uint64ToArray	Unsignedinteger64toTabell	Unsignedinteger64toTabell	existing-unreviewed		0
Uint64_R	Unsignedinteger64r	Unsignedinteger64r	existing-unreviewed		0
UnhandleInterrupt	UnhandleAvbrudd	UnhandleAvbrudd	existing-unreviewed		0
UnsetBit	Ikkesattbit	Toggle_allocation_bit	pending-language-review	toggle_bit	1
UsedBlocks	BruktBlokk	BruktBlokk	existing-unreviewed		0
UserDesc	Brukerdescriptor	Brukerdescriptor	existing-unreviewed		0
UserStack	Brukerstack_2	Brukerstack_2	existing-unreviewed		0
UserStackSize	BrukerstackStørrelse_2	BrukerstackStørrelse_2	existing-unreviewed		0
Vendor_id	Leverandørid	Leverandørid	existing-unreviewed		0
Version	Versjon	Versjon	existing-unreviewed		0
VirtTest	Virttest	Virttest	existing-unreviewed		0
Write	Skriv	Skriv	existing-unreviewed		0
Write28	Skriv28	Skriv28	existing-unreviewed		0
WriteRegisters	Skrivregister	Skrivregister	existing-unreviewed		0
X	X	X	existing-unreviewed		0
Y	Y	Y	existing-unreviewed		0
Zero	Zero	Zero	existing-unreviewed		0
ZeroBlockInPageDir	ZeroBlokkInnSideKatalog	ZeroBlokkInnSideKatalog	existing-unreviewed		0
a	a	a	existing-unreviewed		0
aTime	aTid	aTid	existing-unreviewed		0
access	tilgang	tilgang	existing-unreviewed		0
accessMode	tilgangmodus	tilgangmodus	existing-unreviewed		0
ack	ack	ack	existing-unreviewed		0
activeKeyboardDriver	aktivTastaturdriver	aktivTastaturdriver	existing-unreviewed		0
activeMouseDriver	aktivMusdriver	aktivMusdriver	existing-unreviewed		0
addr	address	address	existing-unreviewed		0
addrPtr	addressPeker	addressPeker	existing-unreviewed		0
address	address_2	address_2	existing-unreviewed		0
addressError	addressFeil	addressFeil	existing-unreviewed		0
afInet	afinet	afinet	existing-unreviewed		0
allocFD	allocatefd	allocatefd	existing-unreviewed		0
allocOpenFile	allocateÅpneFil	allocateÅpneFil	existing-unreviewed		0
allocProcess	allocateProsess	allocateProsess	existing-unreviewed		0
allocateSocket	allocatesokkel	allocatesokkel	existing-unreviewed		0
allocated	allocated	allocated	existing-unreviewed		0
amd_am79c973	amdam79c973	amdam79c973	existing-unreviewed		0
args	argumenter	argumenter	existing-unreviewed		0
argument	argument	argument	existing-unreviewed		0
argumentPointers	argumentpointers	argumentpointers	existing-unreviewed		0
arguments	argumenter_2	argumenter_2	existing-unreviewed		0
arp	arp	arp	existing-unreviewed		0
arpBuffer	arpbuffer	arpbuffer	existing-unreviewed		0
arpMesgSize	arpmesgStørrelse	arpmesgStørrelse	existing-unreviewed		0
arpProvider	arpprovider	arpprovider	existing-unreviewed		0
arp콘솔	arpconsole	arpconsole	existing-unreviewed		0
array	tabell	tabell	existing-unreviewed		0
ata	ata	ata	existing-unreviewed		0
ata0s	ata0s	ata0s	existing-unreviewed		0
attempts	attempts	attempts	existing-unreviewed		0
attr	egenskap	egenskap	existing-unreviewed		0
attributeControllerIndexPort	egenskapcontrollerIndeksport	egenskapcontrollerIndeksport	existing-unreviewed		0
attributeControllerReadPort	egenskapcontrollerLesport	egenskapcontrollerLesport	existing-unreviewed		0
attributeControllerResetPort	egenskapcontrollerNullstillport	egenskapcontrollerNullstillport	existing-unreviewed		0
attributeControllerWritePort	egenskapcontrollerSkrivport	egenskapcontrollerSkrivport	existing-unreviewed		0
attributes	egenskaper	egenskaper	existing-unreviewed		0
aux	aux	aux	existing-unreviewed		0
avail	tilgjengelig	tilgjengelig	existing-unreviewed		0
b	b	b	existing-unreviewed		0
backend	backend	backend	existing-unreviewed		0
backupFpRegs	backupfpregs	backupfpregs	existing-unreviewed		0
backupSector	backupsector	backupsector	existing-unreviewed		0
bar	linje	linje	existing-unreviewed		0
barNum	linjeTall	linjeTall	existing-unreviewed		0
bar_value	linjeVerdi	linjeVerdi	existing-unreviewed		0
base	base	base	existing-unreviewed		0
baseCode	basecode	basecode	existing-unreviewed		0
baseHigh	baseHøy	baseHøy	existing-unreviewed		0
baseLow	baseLav	baseLav	existing-unreviewed		0
baseMid	basemid	basemid	existing-unreviewed		0
base_addr_high	baseaddressHøy	baseaddressHøy	existing-unreviewed		0
base_addr_low	baseaddressLav	baseaddressLav	existing-unreviewed		0
bh	bh	bh	existing-unreviewed		0
bindEphemeral	bindephemeral	bindephemeral	existing-unreviewed		0
bindError	bindFeil	bindFeil	existing-unreviewed		0
bios	bios	bios	existing-unreviewed		0
bit	bit	bit	existing-unreviewed		0
bitmap	bitmap	bitmap	pending-language-review	bitmap	0
bootSignature	bootsignature	bootsignature	existing-unreviewed		0
bootable	bootable	bootable	existing-unreviewed		0
bootloader	bootloader	bootloader	existing-unreviewed		0
bound	bound	bound	existing-unreviewed		0
bpb	bpb	bpb	pending-language-review	fat_parameters	0
bpbBytes	bpbByte	bpbByte	existing-unreviewed		0
bpbPtr	bpbPeker	bpbPeker	existing-unreviewed		0
buf	buffer	buffer	existing-unreviewed		0
buf1	buffer1	buffer1	existing-unreviewed		0
buf2	buffer2	buffer2	existing-unreviewed		0
buf3	buffer3	buffer3	existing-unreviewed		0
buf4	buffer4	buffer4	existing-unreviewed		0
buf6	buffer6	buffer6	existing-unreviewed		0
buffer	buffer_2	buffer_2	existing-unreviewed		0
buffer1	buffer1_2	buffer1_2	existing-unreviewed		0
buffer2	buffer2_2	buffer2_2	existing-unreviewed		0
bufferAddr	bufferaddress	bufferaddress	existing-unreviewed		0
bufferAddress	bufferaddress_2	bufferaddress_2	existing-unreviewed		0
bufptr	bufferPeker	bufferPeker	existing-unreviewed		0
bus	bus	bus	existing-unreviewed		0
busControlRegisterDataPort	busKontrollregisterdataport	busKontrollregisterdataport	existing-unreviewed		0
button	knapp	knapp	existing-unreviewed		0
buttons	knapp_2	knapp_2	existing-unreviewed		0
bytesPerSector	bytepersector	bytepersector	existing-unreviewed		0
c	c	c	existing-unreviewed		0
cDate	cDato	cDato	existing-unreviewed		0
cTime	cTid	cTid	existing-unreviewed		0
cTimeTenth	cTidtenth	cTidtenth	existing-unreviewed		0
call	call	call	existing-unreviewed		0
candidate	candidate	candidate	existing-unreviewed		0
cap	cap	cap	existing-unreviewed		0
char	char	char	existing-unreviewed		0
checked	checked	checked	existing-unreviewed		0
checksum	checksum	checksum	existing-unreviewed		0
child	barn	barn	existing-unreviewed		0
childPID	barnpid	barnpid	existing-unreviewed		0
childPageDir	barnSideKatalog	barnSideKatalog	existing-unreviewed		0
chunk	chunk	chunk	existing-unreviewed		0
class_id	klasseid	klasseid	existing-unreviewed		0
closeAllProcessFDs	lukkAlleProsessfds	lukkAlleProsessfds	existing-unreviewed		0
closeOnExec	lukkPåKjørbar	lukkPåKjørbar	existing-unreviewed		0
closeProcessFD	lukkProsessfd	lukkProsessfd	existing-unreviewed		0
code	code	code	existing-unreviewed		0
code1Ptr	code1Peker	code1Peker	existing-unreviewed		0
code1ptr	code1Peker_2	code1Peker_2	existing-unreviewed		0
code2Ptr	code2Peker	code2Peker	existing-unreviewed		0
code3Ptr	code3Peker	code3Peker	existing-unreviewed		0
codeSegment	codesegment	codesegment	existing-unreviewed		0
colorIndex	fargeIndeks	fargeIndeks	existing-unreviewed		0
colordepth	fargeDybde	fargeDybde	existing-unreviewed		0
command	kommando	kommando	existing-unreviewed		0
commandPort	kommandoport	kommandoport	existing-unreviewed		0
commandport	kommandoport_2	kommandoport_2	existing-unreviewed		0
common	vanlig	vanlig	existing-unreviewed		0
connected	connected	connected	existing-unreviewed		0
console	console	console	existing-unreviewed		0
controlPort	kontrollport	kontrollport	existing-unreviewed		0
copyExecVector	kopierKjørbarvector	kopierKjørbarvector	existing-unreviewed		0
copyLength	kopierLengde	kopierLengde	existing-unreviewed		0
copyPageDir	kopierSideKatalog	kopierSideKatalog	existing-unreviewed		0
copyPath	kopierSTI	kopierSTI	existing-unreviewed		0
copySocketName	kopiersokkelNavn	kopiersokkelNavn	existing-unreviewed		0
copyUtsField	kopierutsfelt	kopierutsfelt	existing-unreviewed		0
count	antall	antall	existing-unreviewed		0
count2	antall2	antall2	existing-unreviewed		0
cowFrameManager	cowRammemanager	cowRammemanager	existing-unreviewed		0
cpu	cpu	cpu	existing-unreviewed		0
cpustate	cpuStatus	cpuStatus	existing-unreviewed		0
cr0	cr0	cr0	existing-unreviewed		0
cr3	cr3	cr3	existing-unreviewed		0
cr4	cr4	cr4	existing-unreviewed		0
crtcDataPort	crtcdataport	crtcdataport	existing-unreviewed		0
crtcIndexPort	crtcIndeksport	crtcIndeksport	existing-unreviewed		0
cs	cs	cs	existing-unreviewed		0
currentRecvBuffer	gjeldenderecvbuffer	gjeldenderecvbuffer	existing-unreviewed		0
currentSendBuffer	gjeldendesendbuffer	gjeldendesendbuffer	existing-unreviewed		0
currentTask	gjeldendeOppgave	gjeldendeOppgave	existing-unreviewed		0
currentThread	gjeldendethread	gjeldendethread	existing-unreviewed		0
currentThreadIndex	gjeldendethreadIndeks	gjeldendethreadIndeks	existing-unreviewed		0
cursorHeight	pekerHøyde	pekerHøyde	existing-unreviewed		0
cursorStart	pekerstart	pekerstart	existing-unreviewed		0
d_tag	dMerke	dMerke	existing-unreviewed		0
d_val_ptr	dvalPeker	dvalPeker	existing-unreviewed		0
data	data	data	existing-unreviewed		0
dataBuf	databuffer	databuffer	existing-unreviewed		0
dataBytes	dataByte	dataByte	existing-unreviewed		0
dataPointer	dataPeker	dataPeker	existing-unreviewed		0
dataPort	dataport	dataport	existing-unreviewed		0
dataStart	datastart	datastart	existing-unreviewed		0
databuffer	databuffer_2	databuffer_2	existing-unreviewed		0
dataport	dataport_2	dataport_2	existing-unreviewed		0
defaultKeyboardEventHandler	standardTastaturHendelsehandler	standardTastaturHendelsehandler	existing-unreviewed		0
desc	descriptor	descriptor	existing-unreviewed		0
description	beskrivelse	beskrivelse	existing-unreviewed		0
destination	mål	mål	existing-unreviewed		0
destinationAddress	måladdress	måladdress	existing-unreviewed		0
destinationLength	målLengde	målLengde	existing-unreviewed		0
dev	enhet	enhet	existing-unreviewed		0
device	enhet_2	enhet_2	existing-unreviewed		0
deviceDescriptor	enhetdescriptor	enhetdescriptor	existing-unreviewed		0
devicePort	enhetport	enhetport	existing-unreviewed		0
diff	diff	diff	existing-unreviewed		0
digits	digits	digits	existing-unreviewed		0
dirent	dirent	dirent	existing-unreviewed		0
direntBytes	direntByte	direntByte	existing-unreviewed		0
direntPtr	direntPeker	direntPeker	existing-unreviewed		0
discardProcess	forkastProsess	forkastProsess	existing-unreviewed		0
dispatchInterrupt	dispatchAvbrudd	dispatchAvbrudd	existing-unreviewed		0
divisor	divisor	divisor	existing-unreviewed		0
domain	domene	domene	existing-unreviewed		0
driveNumber	driveTall	driveTall	existing-unreviewed		0
driver	driver	driver	existing-unreviewed		0
driverManager	drivermanager	drivermanager	existing-unreviewed		0
drivercount	driverAntall	driverAntall	existing-unreviewed		0
drv	driver_2	driver_2	existing-unreviewed		0
ds	ds	ds	existing-unreviewed		0
ds_segment	dssegment	dssegment	existing-unreviewed		0
dst	mål_2	mål_2	existing-unreviewed		0
dstEntry	målentry	målentry	existing-unreviewed		0
dstIP	målipaddress	målipaddress	existing-unreviewed		0
dstIP_BE	målipaddressNettverkbyteorder	målipaddressNettverkbyteorder	existing-unreviewed		0
dstMAC	målmacaddress	målmacaddress	existing-unreviewed		0
dstMAC_BE	målmacbe	målmacbe	existing-unreviewed		0
dstPageDir	målSideKatalog	målSideKatalog	existing-unreviewed		0
dstPort	målportTall	målportTall	pending-language-review	destination_port	0
dstPt	målpt	målpt	existing-unreviewed		0
dstPtPtr	målptPeker	målptPeker	existing-unreviewed		0
dstPtr	målPeker	målPeker	existing-unreviewed		0
dstptr	målPeker_2	målPeker_2	existing-unreviewed		0
dynamic	dynamisk	dynamisk	existing-unreviewed		0
e	e	e	existing-unreviewed		0
e_ehsize	eehsize	eehsize	existing-unreviewed		0
e_entry	eentry	eentry	existing-unreviewed		0
e_flags	eFlagg	eFlagg	existing-unreviewed		0
e_ident	eident	eident	existing-unreviewed		0
e_machine	emachine	emachine	existing-unreviewed		0
e_phentsize	ephentsize	ephentsize	existing-unreviewed		0
e_phnum	ephnum	ephnum	existing-unreviewed		0
e_phoff	ephoff	ephoff	existing-unreviewed		0
e_shentsize	eshentsize	eshentsize	existing-unreviewed		0
e_shnum	eshnum	eshnum	existing-unreviewed		0
e_shoff	eshoff	eshoff	existing-unreviewed		0
e_shstrndx	eshstrndx	eshstrndx	existing-unreviewed		0
e_type	eFiltype	eFiltype	existing-unreviewed		0
e_version	eVersjon	eVersjon	existing-unreviewed		0
eax	eax	eax	existing-unreviewed		0
ebp	ebp	ebp	existing-unreviewed		0
ebx	ebx	ebx	existing-unreviewed		0
ecx	ecx	ecx	existing-unreviewed		0
edi	edi	edi	existing-unreviewed		0
edx	edx	edx	existing-unreviewed		0
efHandler	efhandler	efhandler	existing-unreviewed		0
eflags	eflags	eflags	existing-unreviewed		0
eip	eip	eip	existing-unreviewed		0
eipOffset	eipAvstand	eipAvstand	existing-unreviewed		0
elf	elf	elf	existing-unreviewed		0
elf0	elf0	elf0	existing-unreviewed		0
elf2	elf2	elf2	existing-unreviewed		0
elf3	elf3	elf3	existing-unreviewed		0
elf4	elf4	elf4	existing-unreviewed		0
elfHeader	elfTopptekst	elfTopptekst	existing-unreviewed		0
enabled	aktivert	aktivert	existing-unreviewed		0
end	slutt	slutt	existing-unreviewed		0
endOffset	sluttAvstand	sluttAvstand	existing-unreviewed		0
end_cylinder	sluttcylinder	sluttcylinder	existing-unreviewed		0
end_head	slutthead	slutthead	existing-unreviewed		0
end_sector	sluttsector	sluttsector	existing-unreviewed		0
ensureCurrentProcess	ensureGjeldendeProsess	ensureGjeldendeProsess	existing-unreviewed		0
entry	entry	entry	existing-unreviewed		0
entryPoint	entrypoint	entrypoint	existing-unreviewed		0
entrypoint	entrypoint_2	entrypoint_2	existing-unreviewed		0
environment	environment	environment	existing-unreviewed		0
environmentPointers	environmentpointers	environmentpointers	existing-unreviewed		0
err	err	err	existing-unreviewed		0
errorPort	feilport	feilport	existing-unreviewed		0
es	es	es	existing-unreviewed		0
esi	esi	esi	existing-unreviewed		0
esp	esp	esp	existing-unreviewed		0
esp0	esp0	esp0	existing-unreviewed		0
esp1	esp1	esp1	existing-unreviewed		0
esp2	esp2	esp2	existing-unreviewed		0
etherFrameProvider	ethernetRammeprovider	ethernetRammeprovider	pending-language-review	ethernet_provider	0
etherType	ethernetFiltype	ethernetFiltype	existing-unreviewed		0
etherType_BE	ethernetFiltypebe	ethernetFiltypebe	existing-unreviewed		0
etherframe	ethernetRamme	ethernetRamme	existing-unreviewed		0
etherframePayload	ethernetRammepayload	ethernetRammepayload	existing-unreviewed		0
except	except	except	existing-unreviewed		0
exceptionCR0	exceptioncr0	exceptioncr0	existing-unreviewed		0
exceptionCR2	exceptioncr2	exceptioncr2	existing-unreviewed		0
exceptionCR3	exceptioncr3	exceptioncr3	existing-unreviewed		0
exceptionFrameValue	exceptionRammeVerdi	exceptionRammeVerdi	existing-unreviewed		0
exceptionHasErrorCode	exceptionhasFeilcode	exceptionhasFeilcode	existing-unreviewed		0
exceptionName	exceptionNavn	exceptionNavn	existing-unreviewed		0
execVector	kjørbarvector	kjørbarvector	existing-unreviewed		0
exists	exists	exists	existing-unreviewed		0
exited	avsluttet	avsluttet	existing-unreviewed		0
ext	ext	ext	existing-unreviewed		0
extFlags	extFlagg	extFlagg	existing-unreviewed		0
extendedScanCode	extendedSøkcode	extendedSøkcode	existing-unreviewed		0
fDupFD	fdupfd	fdupfd	existing-unreviewed		0
fGetFD	fgetfd	fgetfd	existing-unreviewed		0
fGetFL	fgetfl	fgetfl	existing-unreviewed		0
fSetFD	fSettfd	fSettfd	existing-unreviewed		0
fSetFL	fSettfl	fSettfl	existing-unreviewed		0
fat	fat	fat	existing-unreviewed		0
fatCopies	fatKopier	fatKopier	existing-unreviewed		0
fatInfo	fatinfo	fatinfo	existing-unreviewed		0
fatOffsetInSectorForCurrentCluster	fatAvstandInnsectorforGjeldendecluster	fatAvstandInnsectorforGjeldendecluster	existing-unreviewed		0
fatSectorCount	fatsectorAntall	fatsectorAntall	existing-unreviewed		0
fatSectorForCurrentCluster	fatsectorforGjeldendecluster	fatsectorforGjeldendecluster	existing-unreviewed		0
fatSize	fatStørrelse	fatStørrelse	existing-unreviewed		0
fatStart	fatstart	fatstart	existing-unreviewed		0
fatTypeLabel	fatFiltypeEtikett	fatFiltypeEtikett	existing-unreviewed		0
fatVersion	fatVersjon	fatVersjon	existing-unreviewed		0
fatbuf	fatbuf	fatbuf	existing-unreviewed		0
fatbuffer	fatbuffer	fatbuffer	existing-unreviewed		0
faultAddr	faultaddress	faultaddress	existing-unreviewed		0
fb	fb	fb	existing-unreviewed		0
fbCurCol	fbGjeldendecol	fbGjeldendecol	existing-unreviewed		0
fbCurLine	fbGjeldendeLinje	fbGjeldendeLinje	existing-unreviewed		0
fbHeight	fbHøyde	fbHøyde	existing-unreviewed		0
fbPhysAddr	fbphysaddress	fbphysaddress	existing-unreviewed		0
fbWidth	fbBredde	fbBredde	existing-unreviewed		0
fd	fd	fd	existing-unreviewed		0
fdCloexec	fdcloexec	fdcloexec	existing-unreviewed		0
fdEntry	fdentry	fdentry	existing-unreviewed		0
fdFlags	fdFlagg	fdFlagg	existing-unreviewed		0
fdKindConsole	fdSlagconsole	fdSlagconsole	existing-unreviewed		0
fdKindFat	fdSlagfat	fdSlagfat	existing-unreviewed		0
fdKindNone	fdSlagIngen	fdSlagIngen	existing-unreviewed		0
fdKindRootDir	fdSlagRotKatalog	fdSlagRotKatalog	existing-unreviewed		0
fdKindSocket	fdSlagsokkel	fdSlagsokkel	existing-unreviewed		0
fdKindStdin	fdSlagstdin	fdSlagstdin	existing-unreviewed		0
fds	fds	fds	existing-unreviewed		0
filePtr	filPeker	filPeker	existing-unreviewed		0
fileSector	filsector	filsector	existing-unreviewed		0
fileSize	filStørrelse	filStørrelse	existing-unreviewed		0
filename	filnavn	filnavn	existing-unreviewed		0
fillPosixStat	fillposixstat	fillposixstat	existing-unreviewed		0
findProcess	finnProsess	finnProsess	existing-unreviewed		0
first	first	first	existing-unreviewed		0
firstClusterHi	firstclusterhi	firstclusterhi	existing-unreviewed		0
firstClusterLow	firstclusterLav	firstclusterLav	existing-unreviewed		0
firstFileCluster	firstFilcluster	firstFilcluster	existing-unreviewed		0
flags	flagg	flagg	existing-unreviewed		0
flags2	flagg2	flagg2	existing-unreviewed		0
flagsAndOffset	flaggogAvstand	flaggogAvstand	existing-unreviewed		0
flushIndex	flushIndeks	flushIndeks	existing-unreviewed		0
flushTlsTable	flushtlsTabell	flushtlsTabell	existing-unreviewed		0
flush_tss	flushtss	flushtss	existing-unreviewed		0
fn	fn	fn	existing-unreviewed		0
foo	foo	foo	existing-unreviewed		0
foundChild	foundbarn	foundbarn	existing-unreviewed		0
frame	ramme	ramme	existing-unreviewed		0
frameCount	rammeAntall	rammeAntall	existing-unreviewed		0
frameHeaderSize	rammeTopptekstStørrelse	rammeTopptekstStørrelse	existing-unreviewed		0
free	ledig	ledig	existing-unreviewed		0
freePort	ledigport	ledigport	existing-unreviewed		0
frequency	frekvens	frekvens	existing-unreviewed		0
fs	fs	fs	existing-unreviewed		0
func1Val	func1val	func1val	existing-unreviewed		0
func2Val	func2val	func2val	existing-unreviewed		0
func3Val	func3val	func3val	existing-unreviewed		0
func_addr	funcaddress	funcaddress	existing-unreviewed		0
func_bytes	funcByte	funcByte	existing-unreviewed		0
func_name	funcNavn	funcNavn	existing-unreviewed		0
func_value	funcVerdi	funcVerdi	existing-unreviewed		0
function	funksjon	funksjon	existing-unreviewed		0
fxrstor	fxrstor	fxrstor	existing-unreviewed		0
fxsave	fxsave	fxsave	existing-unreviewed		0
g	g	g	existing-unreviewed		0
g_320x200x256	g320x200x256	g320x200x256	existing-unreviewed		0
gate	gate	gate	existing-unreviewed		0
gateData	gatedata	gatedata	existing-unreviewed		0
gatewayIP	gatewayip	gatewayip	existing-unreviewed		0
gdt	gdt	gdt	existing-unreviewed		0
gdtDescriptor	gdtdescriptor	gdtdescriptor	existing-unreviewed		0
gdtEntry	gdtentry	gdtentry	existing-unreviewed		0
gdtTable	gdtTabell	gdtTabell	existing-unreviewed		0
gdtTableLen	gdtTabelllen	gdtTabelllen	existing-unreviewed		0
gdt_codeSegmentSelector	gdtcodesegmentselector	gdtcodesegmentselector	existing-unreviewed		0
gdt_func	gdtfunc	gdtfunc	existing-unreviewed		0
getCR2	getcr2	getcr2	existing-unreviewed		0
getCR3	getcr3	getcr3	existing-unreviewed		0
getDescriptor	getdescriptor	getdescriptor	existing-unreviewed		0
getESI	getesi	getesi	existing-unreviewed		0
getESP	getesp	getesp	existing-unreviewed		0
getGDT	getgdt	getgdt	existing-unreviewed		0
getGS	getgs	getgs	existing-unreviewed		0
getOpenFile	getÅpneFil	getÅpneFil	existing-unreviewed		0
getOpenFileFor	getÅpneFilfor	getÅpneFilfor	existing-unreviewed		0
getTLS	gettls	gettls	existing-unreviewed		0
globalDescriptorTable	globaldescriptorTabell	globaldescriptorTabell	existing-unreviewed		0
globalOffsetTable	globalAvstandTabell	globalAvstandTabell	existing-unreviewed		0
global_offset_table	globalAvstandTabell_2	globalAvstandTabell_2	existing-unreviewed		0
graphicsControllerDataPort	grafikkcontrollerdataport	grafikkcontrollerdataport	existing-unreviewed		0
graphicsControllerIndexPort	grafikkcontrollerIndeksport	grafikkcontrollerIndeksport	existing-unreviewed		0
grub_multiboot_memory_map_t	grubmultibootMinnemapt	grubmultibootMinnemapt	existing-unreviewed		0
gs	gs	gs	existing-unreviewed		0
gs_segment	gssegment	gssegment	existing-unreviewed		0
h	h	h	existing-unreviewed		0
haltAfterFatalException	haltEtterfatalexception	haltEtterfatalexception	existing-unreviewed		0
handleInterrupt	håndtakAvbrudd	håndtakAvbrudd	existing-unreviewed		0
handleKeyboardInterrupt	håndtakTastaturAvbrudd	håndtakTastaturAvbrudd	existing-unreviewed		0
handleMouseInterrupt	håndtakMusAvbrudd	håndtakMusAvbrudd	existing-unreviewed		0
handlePagingInterrupt	håndtakpagingAvbrudd	håndtakpagingAvbrudd	existing-unreviewed		0
handleUnhandledSyscall	håndtakunhandledsyscall	håndtakunhandledsyscall	existing-unreviewed		0
handler	handler	handler	existing-unreviewed		0
handlerAddressHighBits	handleraddressHøybit	handleraddressHøybit	existing-unreviewed		0
handlerAddressLowBits	handleraddressLavbit	handleraddressLavbit	existing-unreviewed		0
handlerRun	handlerKjør	handlerKjør	existing-unreviewed		0
handlers	handler_2	handler_2	existing-unreviewed		0
hardwareAddressSize	maskinvareaddressStørrelse	maskinvareaddressStørrelse	existing-unreviewed		0
hardwareInterruptOffset	maskinvareAvbruddAvstand	maskinvareAvbruddAvstand	existing-unreviewed		0
hardwareType	maskinvareFiltype	maskinvareFiltype	existing-unreviewed		0
hd	hd	hd	existing-unreviewed		0
head	head	head	existing-unreviewed		0
headCount	headAntall	headAntall	existing-unreviewed		0
headerLength	topptekstLengde	topptekstLengde	existing-unreviewed		0
headertype	headertype	headertype	existing-unreviewed		0
height	høyde	høyde	existing-unreviewed		0
hex	heksadesimal	heksadesimal	existing-unreviewed		0
hiddenSectors	skjultsectors	skjultsectors	existing-unreviewed		0
i	i	i	existing-unreviewed		0
iCount	iAntall	iAntall	existing-unreviewed		0
iDrivers	idriver	idriver	existing-unreviewed		0
iKeyboardEventHandler	iTastaturHendelsehandler	iTastaturHendelsehandler	existing-unreviewed		0
iMouseEventHandler	iMusHendelsehandler	iMusHendelsehandler	existing-unreviewed		0
iPCIControllerHandler	ipcicontrollerhandler	ipcicontrollerhandler	existing-unreviewed		0
iRawDataHandler	irawdatahandler	irawdatahandler	existing-unreviewed		0
iTimerEventHandler	iNedtellingHendelsehandler	iNedtellingHendelsehandler	existing-unreviewed		0
icmp	icmp	icmp	existing-unreviewed		0
icmpSize	icmpStørrelse	icmpStørrelse	existing-unreviewed		0
icmp콘솔	icmpconsole	icmpconsole	existing-unreviewed		0
id	id	id	existing-unreviewed		0
ident	ident	ident	existing-unreviewed		0
idtData	idtdata	idtdata	existing-unreviewed		0
idtPointer	idtPeker	idtPeker	existing-unreviewed		0
idx	idx	idx	existing-unreviewed		0
index	indeks	indeks	existing-unreviewed		0
initBlock	initBlokk	initBlokk	existing-unreviewed		0
initFileDescriptors	initFildescriptor	initFildescriptor	existing-unreviewed		0
initPIT	initpit	initpit	existing-unreviewed		0
initializeProcessFDs	initializeProsessfds	initializeProsessfds	existing-unreviewed		0
inode	inode	inode	existing-unreviewed		0
inputEventTask	inndataHendelseOppgave	inndataHendelseOppgave	existing-unreviewed		0
installIDT	installeridt	installeridt	existing-unreviewed		0
intNumber	intTall	intTall	existing-unreviewed		0
interface_id	gRENSESNITTid	gRENSESNITTid	existing-unreviewed		0
internetprotocolPayload	internettprotocolpayload	internettprotocolpayload	existing-unreviewed		0
interrupt	avbrudd	avbrudd	existing-unreviewed		0
interruptDebug	avbruddFeilsøk	avbruddFeilsøk	existing-unreviewed		0
interruptExitLoop	avbruddAvsluttLøkke	avbruddAvsluttLøkke	existing-unreviewed		0
interruptGateEntries	avbruddgateentry	avbruddgateentry	existing-unreviewed		0
interruptHandler	avbruddhandler	avbruddhandler	existing-unreviewed		0
interrupts	interrupts	interrupts	existing-unreviewed		0
iomap	iomap	iomap	existing-unreviewed		0
ip	ip	ip	existing-unreviewed		0
ipEtherFrameHandler	ipethernetRammehandler	ipethernetRammehandler	existing-unreviewed		0
ipHandler	iphandler	iphandler	existing-unreviewed		0
ipIdx	ipidx	ipidx	existing-unreviewed		0
ipProtocolUDP	ipprotocoludp	ipprotocoludp	existing-unreviewed		0
ipProvider	ipprovider	ipprovider	pending-language-review	ip_provider	0
ipSize	ipStørrelse	ipStørrelse	existing-unreviewed		0
ip_be	ipNettverkbyteorder	ipNettverkbyteorder	existing-unreviewed		0
ipmessage	internettprotocolMelding	internettprotocolMelding	existing-unreviewed		0
ipv4	ipv4	ipv4	existing-unreviewed		0
ip콘솔	ipconsole	ipconsole	existing-unreviewed		0
isKernel	iskernel	iskernel	existing-unreviewed		0
isRoot	isRot	isRot	existing-unreviewed		0
isRootPath	isRotSTI	isRotSTI	existing-unreviewed		0
isSharedPDE	issharedpde	issharedpde	existing-unreviewed		0
istOffset	istAvstand	istAvstand	existing-unreviewed		0
j	j	j	existing-unreviewed		0
jmp	jmp	jmp	existing-unreviewed		0
jmp_user	jmpBruker	jmpBruker	existing-unreviewed		0
jump_usermode_iret	jumpusermodeiret	jumpusermodeiret	existing-unreviewed		0
kPageDirEntry	kSideKatalogentry	kSideKatalogentry	existing-unreviewed		0
kernelESP	kernelesp	kernelesp	existing-unreviewed		0
kernelPageDirEntry	kernelSideKatalogentry	kernelSideKatalogentry	existing-unreviewed		0
kernelSS	kernelss	kernelss	existing-unreviewed		0
key	nøkkel	nøkkel	existing-unreviewed		0
keyboard	tastatur	tastatur	existing-unreviewed		0
keyboardDriver	tastaturdriver	tastaturdriver	existing-unreviewed		0
keyboardEventHandler	tastaturHendelsehandler	tastaturHendelsehandler	existing-unreviewed		0
keyboardQueue	tastaturqueue	tastaturqueue	existing-unreviewed		0
keyboardQueueRead	tastaturqueueLes	tastaturqueueLes	existing-unreviewed		0
keyboardQueueSize	tastaturqueueStørrelse	tastaturqueueStørrelse	existing-unreviewed		0
keyboardQueueWrite	tastaturqueueSkriv	tastaturqueueSkriv	existing-unreviewed		0
kind	slag	slag	existing-unreviewed		0
l	l	l	existing-unreviewed		0
last	siste	siste	existing-unreviewed		0
lbaHiPort	lbahiport	lbahiport	existing-unreviewed		0
lbaLowPort	lbaLavport	lbaLavport	existing-unreviewed		0
lbaMidPort	lbamidport	lbamidport	existing-unreviewed		0
ldt	ldt	ldt	existing-unreviewed		0
leftShift	venstreshift	venstreshift	existing-unreviewed		0
len	len	len	existing-unreviewed		0
len_ver	lenver	lenver	existing-unreviewed		0
length	lengde	lengde	existing-unreviewed		0
lengthAddress	lengdeaddress	lengdeaddress	existing-unreviewed		0
lengthInBytes	lengdeInnByte	lengdeInnByte	existing-unreviewed		0
length_high	lengdeHøy	lengdeHøy	existing-unreviewed		0
length_low	lengdeLav	lengdeLav	existing-unreviewed		0
lengths	lengths	lengths	existing-unreviewed		0
lib1Addr	lib1address	lib1address	existing-unreviewed		0
lib1Data	lib1data	lib1data	existing-unreviewed		0
lib1File	lib1Fil	lib1Fil	existing-unreviewed		0
lib1GOT	lib1got	lib1got	existing-unreviewed		0
lib1elf	lib1elf	lib1elf	existing-unreviewed		0
lib2Addr	lib2address	lib2address	existing-unreviewed		0
lib2Data	lib2data	lib2data	existing-unreviewed		0
lib2File	lib2Fil	lib2Fil	existing-unreviewed		0
lib2GOT	lib2got	lib2got	existing-unreviewed		0
lib2elf	lib2elf	lib2elf	existing-unreviewed		0
libLinkMap	libLenkemap	libLenkemap	existing-unreviewed		0
lidtaddr	lidtaddr	lidtaddr	existing-unreviewed		0
limit	grense	grense	existing-unreviewed		0
limitHighAndFlags	grenseHøyogFlagg	grenseHøyogFlagg	existing-unreviewed		0
limitLow	grenseLav	grenseLav	existing-unreviewed		0
linkMap	lenkemap	lenkemap	existing-unreviewed		0
linkMapAddr	lenkemapaddress	lenkemapaddress	existing-unreviewed		0
linkerAddr	linkeraddress	linkeraddress	existing-unreviewed		0
linkerData	linkerdata	linkerdata	existing-unreviewed		0
linkerEntry	linkerentry	linkerentry	existing-unreviewed		0
linkerFile	linkerFil	linkerFil	existing-unreviewed		0
list	liste	liste	existing-unreviewed		0
listening	listening	listening	existing-unreviewed		0
loader	loader	loader	existing-unreviewed		0
local	lokal	lokal	existing-unreviewed		0
localDatagramSocket	lokaldatagramsokkel	lokaldatagramsokkel	existing-unreviewed		0
localIP	lokalip	lokalip	existing-unreviewed		0
localPort	lokalportTall	lokalportTall	existing-unreviewed		0
localSockets	lokalsockets	lokalsockets	existing-unreviewed		0
logicalAddress	logicaladdress	logicaladdress	existing-unreviewed		0
macAddr	macaddress	macaddress	existing-unreviewed		0
macIdx	macidx	macidx	existing-unreviewed		0
magicnumber	magicnumber	magicnumber	existing-unreviewed		0
main	main	main	compatibility		0
mainThread	hovedthread	hovedthread	existing-unreviewed		0
makePagePrivateWritableCurrent	makeSidePrivatwritableGjeldende	makeSidePrivatwritableGjeldende	existing-unreviewed		0
makeRangePrivateWritableCurrent	makeOmrådePrivatwritableGjeldende	makeOmrådePrivatwritableGjeldende	existing-unreviewed		0
manager	manager	manager	existing-unreviewed		0
mask	maske	maske	existing-unreviewed		0
master	hovedinnstilling	hovedinnstilling	existing-unreviewed		0
matches	matches	matches	existing-unreviewed		0
maxBARs	maksbars	maksbars	existing-unreviewed		0
maxDatagramSize	maksdatagramStørrelse	maksdatagramStørrelse	existing-unreviewed		0
maxExecStringLength	maksKjørbarStrengLengde	maksKjørbarStrengLengde	existing-unreviewed		0
maxExecVectorEntries	maksKjørbarvectorentry	maksKjørbarvectorentry	existing-unreviewed		0
maxFD	maksfd	maksfd	existing-unreviewed		0
maxOpenFiles	maksÅpneFILER	maksÅpneFILER	existing-unreviewed		0
maxSocketPackets	makssokkelpakker	makssokkelpakker	existing-unreviewed		0
maxSockets	makssockets	makssockets	existing-unreviewed		0
maximumBlocks	maksimumBlokk	maksimumBlokk	existing-unreviewed		0
mediaType	medierFiltype	medierFiltype	existing-unreviewed		0
mem	mem	mem	existing-unreviewed		0
memoryArray	minneTabell	minneTabell	existing-unreviewed		0
memoryChunkSize	minnechunkStørrelse	minnechunkStørrelse	existing-unreviewed		0
memoryManager	minnemanager	minnemanager	existing-unreviewed		0
memoryOper	minneoper	minneoper	existing-unreviewed		0
memorySize	minneStørrelse	minneStørrelse	existing-unreviewed		0
memorymananger	memorymananger	memorymananger	existing-unreviewed		0
memorytest	memorytest	memorytest	existing-unreviewed		0
message	melding	melding	existing-unreviewed		0
micsPort	micsport	micsport	existing-unreviewed		0
minimum	minimum	minimum	existing-unreviewed		0
mode	modus	modus	existing-unreviewed		0
mouseDriver	musdriver	musdriver	existing-unreviewed		0
mouseEventHandler	musHendelsehandler	musHendelsehandler	existing-unreviewed		0
mouseVGA	musvga	musvga	existing-unreviewed		0
mouseWidget	muswidget	muswidget	existing-unreviewed		0
msdospart	msdospartition	msdospartition	existing-unreviewed		0
msg	msg	msg	existing-unreviewed		0
msgBuffer	msgbuffer	msgbuffer	existing-unreviewed		0
multiboot_memory_map	multibootMinnemap	multibootMinnemap	existing-unreviewed		0
multitasking	multitasking	multitasking	existing-unreviewed		0
myKeyboardEventHandler	myTastaturHendelsehandler	myTastaturHendelsehandler	existing-unreviewed		0
myPCIControllerHandler	mypcicontrollerhandler	mypcicontrollerhandler	existing-unreviewed		0
myfunction	myfunction	myfunction	existing-unreviewed		0
n	n	n	existing-unreviewed		0
n_descsz	ndescsz	ndescsz	existing-unreviewed		0
n_namesz	nnamesz	nnamesz	existing-unreviewed		0
n_type	nFiltype	nFiltype	existing-unreviewed		0
name	navn	navn	existing-unreviewed		0
nameLen	navnlen	navnlen	existing-unreviewed		0
netCard	nettverkKort	nettverkKort	existing-unreviewed		0
newButtons	nyKnapp	nyKnapp	existing-unreviewed		0
newFD	nyfd	nyfd	existing-unreviewed		0
newFrame	nyRamme	nyRamme	existing-unreviewed		0
newLink	nyLenke	nyLenke	existing-unreviewed		0
newNode	nynode	nynode	existing-unreviewed		0
newPtr	nyPeker	nyPeker	existing-unreviewed		0
next	neste	neste	existing-unreviewed		0
nextEphemeralPort	nesteephemeralport	nesteephemeralport	existing-unreviewed		0
nextFileCluster	nesteFilcluster	nesteFilcluster	existing-unreviewed		0
nextHopIP_BE	nestehopipaddressNettverkbyteorder	nestehopipaddressNettverkbyteorder	existing-unreviewed		0
nextNode	nestenode	nestenode	existing-unreviewed		0
nextProcessID	nesteProsessid	nesteProsessid	existing-unreviewed		0
nextThread	nestethread	nestethread	existing-unreviewed		0
nibble	nibble	nibble	existing-unreviewed		0
node	node	node	pending-language-review	list_node	0
nodeArray	nodeTabell	nodeTabell	existing-unreviewed		0
num	tall	tall	existing-unreviewed		0
numCacheEntries	tallcacheentry	tallcacheentry	existing-unreviewed		0
numDrivers	talldriver	talldriver	existing-unreviewed		0
numFunctions	tallFunksjoner	tallFunksjoner	existing-unreviewed		0
numRecvBuffers	tallrecvbuffer	tallrecvbuffer	existing-unreviewed		0
numSendBuffers	tallsendbuffer	tallsendbuffer	existing-unreviewed		0
numSockets	tallsockets	tallsockets	existing-unreviewed		0
numTasks	tallOppgaver	tallOppgaver	existing-unreviewed		0
oAppend	oappend	oappend	existing-unreviewed		0
oCreate	ocreate	ocreate	existing-unreviewed		0
oDirectory	oKatalog	oKatalog	existing-unreviewed		0
oReadOnly	oLesonly	oLesonly	existing-unreviewed		0
oReadWrite	oLesSkriv	oLesSkriv	existing-unreviewed		0
oTruncate	oAvkort	oAvkort	existing-unreviewed		0
oWriteOnly	oSkrivonly	oSkrivonly	existing-unreviewed		0
o_addr	oaddress	oaddress	existing-unreviewed		0
offset	avstand	avstand	existing-unreviewed		0
ok	ok	ok	existing-unreviewed		0
oldButtons	gammelKnapp	gammelKnapp	existing-unreviewed		0
oldCR3	gammelcr3	gammelcr3	existing-unreviewed		0
oldFD	gammelfd	gammelfd	existing-unreviewed		0
oldFrame	gammelRamme	gammelRamme	existing-unreviewed		0
oldGdt	gammelgdt	gammelgdt	existing-unreviewed		0
oldGdtAddr	gammelgdtaddress	gammelgdtaddress	existing-unreviewed		0
oldGdtLen	gammelgdtlen	gammelgdtlen	existing-unreviewed		0
openFileDescription	åpneFilBeskrivelse	åpneFilBeskrivelse	existing-unreviewed		0
openFileTable	åpneFilTabell	åpneFilTabell	existing-unreviewed		0
options	alternativer	alternativer	existing-unreviewed		0
orgValue	orgVerdi	orgVerdi	existing-unreviewed		0
p	p	p	existing-unreviewed		0
p1	p1	p1	existing-unreviewed		0
p2	p2	p2	existing-unreviewed		0
p_align	pJuster	pJuster	existing-unreviewed		0
p_backend	pbackend	pbackend	existing-unreviewed		0
p_data	pdata	pdata	existing-unreviewed		0
p_efHandler	pefhandler	pefhandler	existing-unreviewed		0
p_efProvider	pefprovider	pefprovider	existing-unreviewed		0
p_etherType	pethernetFiltype	pethernetFiltype	existing-unreviewed		0
p_filesz	pfilesz	pfilesz	existing-unreviewed		0
p_flags	pFlagg	pFlagg	existing-unreviewed		0
p_iHandler	pihandler	pihandler	existing-unreviewed		0
p_ipHandler	piphandler	piphandler	existing-unreviewed		0
p_ipProvider	pipprovider	pipprovider	existing-unreviewed		0
p_memsz	pmemsz	pmemsz	existing-unreviewed		0
p_offset	pAvstand	pAvstand	existing-unreviewed		0
p_paddr	ppaddr	ppaddr	existing-unreviewed		0
p_protocol	pprotocol	pprotocol	existing-unreviewed		0
p_provider	pprovider	pprovider	existing-unreviewed		0
p_str	pstr	pstr	existing-unreviewed		0
p_type	pFiltype	pFiltype	existing-unreviewed		0
p_udpHandler	pudphandler	pudphandler	existing-unreviewed		0
p_udpProvider	pudpprovider	pudpprovider	existing-unreviewed		0
p_vaddr	pvaddr	pvaddr	existing-unreviewed		0
packet	packet	packet	existing-unreviewed		0
packetStatus	packetstatus	packetstatus	existing-unreviewed		0
packets	pakker	pakker	existing-unreviewed		0
page	side	side	existing-unreviewed		0
pageDir	sideKatalog	sideKatalog	pending-language-review	page_directory	0
pageDirEntry	sideKatalogentry	sideKatalogentry	existing-unreviewed		0
pageTableEntry	sideTabellentry	sideTabellentry	existing-unreviewed		0
paging	paging	paging	existing-unreviewed		0
param	param	param	existing-unreviewed		0
params	parametre	parametre	existing-unreviewed		0
parent	opphav	opphav	existing-unreviewed		0
parentPID	opphavpid	opphavpid	existing-unreviewed		0
parentProcess	opphavProsess	opphavProsess	existing-unreviewed		0
partEntry	partentry	partentry	existing-unreviewed		0
partition	partition	partition	existing-unreviewed		0
partitionBytes	partitionByte	partitionByte	existing-unreviewed		0
partitionOffset	partitionAvstand	partitionAvstand	existing-unreviewed		0
path	sTI	sTI	existing-unreviewed		0
pathAddr	sTIaddress	sTIaddress	existing-unreviewed		0
pci	pci	pci	existing-unreviewed		0
pciController	pcicontroller	pcicontroller	existing-unreviewed		0
pde	pde	pde	existing-unreviewed		0
pdeAddr	pdeaddress	pdeaddress	existing-unreviewed		0
pdelen	pdelen	pdelen	existing-unreviewed		0
peer	peer	peer	existing-unreviewed		0
pendingButtons	pendingKnapp	pendingKnapp	existing-unreviewed		0
pendingMouseEvent	pendingMusHendelse	pendingMusHendelse	existing-unreviewed		0
pendingX	pendingx	pendingx	existing-unreviewed		0
pendingY	pendingy	pendingy	existing-unreviewed		0
phyaddr	phyaddr	phyaddr	existing-unreviewed		0
phymem	physicalMinne	physicalMinne	existing-unreviewed		0
physicalAddress	physicaladdress	physicaladdress	existing-unreviewed		0
pid	pid	pid	existing-unreviewed		0
pitFrequency	pitFrekvens	pitFrekvens	existing-unreviewed		0
pixelAddress	pixeladdress	pixeladdress	existing-unreviewed		0
pointer	peker	peker	pending-language-review	pointer	0
pollKeyboardScancode	pollTastaturscancode	pollTastaturscancode	existing-unreviewed		0
port	port	port	existing-unreviewed		0
portBase	portbase	portbase	existing-unreviewed		0
portInUse	portInnBruk	portInnBruk	existing-unreviewed		0
portnumber	portnumber	portnumber	existing-unreviewed		0
pos	posisjon	posisjon	existing-unreviewed		0
position	posisjon_2	posisjon_2	existing-unreviewed		0
posixStat	posixstat	posixstat	existing-unreviewed		0
posixUtsname	posixutsname	posixutsname	existing-unreviewed		0
prefetchable	prefetchcapable	prefetchcapable	existing-unreviewed		0
prev	previous	previous	existing-unreviewed		0
prevNode	previousnode	previousnode	existing-unreviewed		0
prevX	previousx	previousx	existing-unreviewed		0
prevY	previousy	previousy	existing-unreviewed		0
printESP	skrivutesp	skrivutesp	existing-unreviewed		0
printExceptionSelectorInfo	skrivutexceptionselectorinfo	skrivutexceptionselectorinfo	existing-unreviewed		0
printPageFaultInfo	skrivutSidefaultinfo	skrivutSidefaultinfo	existing-unreviewed		0
printreg	printreg	printreg	existing-unreviewed		0
proc2	proc2	proc2	existing-unreviewed		0
proc3	proc3	proc3	existing-unreviewed		0
proc4	proc4	proc4	existing-unreviewed		0
process	prosess	prosess	existing-unreviewed		0
processEntry	prosessentry	prosessentry	existing-unreviewed		0
processHelper	prosesshelper	prosesshelper	existing-unreviewed		0
processTable	prosessTabell	prosessTabell	existing-unreviewed		0
processes	prosesser	prosesser	existing-unreviewed		0
programBreak	programbreak	programbreak	existing-unreviewed		0
protocol	protocol	protocol	existing-unreviewed		0
protocolAddressSize	protocoladdressStørrelse	protocoladdressStørrelse	existing-unreviewed		0
providedLength	providedLengde	providedLengde	existing-unreviewed		0
provider	provider	provider	existing-unreviewed		0
ps2WaitLimit	ps2VentGrense	ps2VentGrense	existing-unreviewed		0
pt	pt	pt	existing-unreviewed		0
pte	pte	pte	existing-unreviewed		0
pteAddr	pteaddress	pteaddress	existing-unreviewed		0
ptr	peker_2	peker_2	pending-language-review	pointer	0
pushExecUint32	pushKjørbarunsignedinteger32	pushKjørbarunsignedinteger32	existing-unreviewed		0
queueKeyboardByte	queueTastaturbyte	queueTastaturbyte	existing-unreviewed		0
r	r	r	existing-unreviewed		0
r_addend	raddend	raddend	existing-unreviewed		0
r_info	rinfo	rinfo	existing-unreviewed		0
r_offset	rAvstand	rAvstand	existing-unreviewed		0
raw	raw	raw	existing-unreviewed		0
rawDataBackend	rawdatabackend	rawdatabackend	existing-unreviewed		0
readFile	lesFil	lesFil	existing-unreviewed		0
readPS2Data	lesps2data	lesps2data	existing-unreviewed		0
readStdin	lesstdin	lesstdin	existing-unreviewed		0
readVFSFile	lesvfsFil	lesvfsFil	existing-unreviewed		0
read_count	lesAntall	lesAntall	existing-unreviewed		0
receiver	receiver	receiver	existing-unreviewed		0
recvBufferDescr	recvbufferBeskrivelse	recvbufferBeskrivelse	existing-unreviewed		0
recvBufferDescrAddress	recvbufferBeskrivelseaddress	recvbufferBeskrivelseaddress	existing-unreviewed		0
recvBuffers	recvbuffer	recvbuffer	existing-unreviewed		0
recvBuffersDescrMemory	recvbufferBeskrivelseMinne	recvbufferBeskrivelseMinne	existing-unreviewed		0
refBytes	referenceByte	referenceByte	existing-unreviewed		0
refPtr	referencePeker	referencePeker	existing-unreviewed		0
refs	refs	refs	existing-unreviewed		0
regIndex	regIndeks	regIndeks	existing-unreviewed		0
registerAddressPort	registeraddressport	registeraddressport	existing-unreviewed		0
registerDataPort	registerdataport	registerdataport	existing-unreviewed		0
registeroffset	registeroffset	registeroffset	existing-unreviewed		0
registers	register	register	existing-unreviewed		0
regtype	regtype	regtype	existing-unreviewed		0
rel_text	relTekst	relTekst	existing-unreviewed		0
rel_text_len	relTekstlen	relTekstlen	existing-unreviewed		0
releaseOpenFile	releaseÅpneFil	releaseÅpneFil	existing-unreviewed		0
released	released	released	existing-unreviewed		0
reloadCR3	lastpånyttcr3	lastpånyttcr3	existing-unreviewed		0
relocation_text	relocationTekst	relocationTekst	existing-unreviewed		0
remaining	remaining	remaining	existing-unreviewed		0
remote	remote	remote	existing-unreviewed		0
remoteIP	remoteip	remoteip	existing-unreviewed		0
remotePort	remoteportTall	remoteportTall	existing-unreviewed		0
requested	requested	requested	existing-unreviewed		0
reserved	reserved	reserved	existing-unreviewed		0
reserved0	reserved0	reserved0	existing-unreviewed		0
reservedSectors	reservedsectors	reservedsectors	existing-unreviewed		0
resetPort	nullstillport	nullstillport	existing-unreviewed		0
restoreFpRegs	gjenopprettfpregs	gjenopprettfpregs	existing-unreviewed		0
result	result	result	existing-unreviewed		0
result1	result1	result1	existing-unreviewed		0
result2	result2	result2	existing-unreviewed		0
ret	ret	ret	existing-unreviewed		0
revision	revision	revision	existing-unreviewed		0
rightShift	høyreshift	høyreshift	existing-unreviewed		0
rootCluster	rotcluster	rotcluster	existing-unreviewed		0
rootDirEntries	rotKatalogentry	rotKatalogentry	existing-unreviewed		0
rootStart	rotstart	rotstart	existing-unreviewed		0
rt	rt	rt	existing-unreviewed		0
s	s	s	existing-unreviewed		0
sIfchr	sifchr	sifchr	existing-unreviewed		0
sIfdir	sifdir	sifdir	existing-unreviewed		0
sIfmt	sifmt	sifmt	existing-unreviewed		0
sIfreg	sifreg	sifreg	existing-unreviewed		0
sIfsock	sifsock	sifsock	existing-unreviewed		0
savedESP	savedesp	savedesp	existing-unreviewed		0
sc	sc	sc	existing-unreviewed		0
scanCode	søkcode	søkcode	existing-unreviewed		0
scanCodeToByte	søkcodetobyte	søkcodetobyte	existing-unreviewed		0
scancodeToByte	scancodetobyte	scancodetobyte	existing-unreviewed		0
sche	sche	sche	existing-unreviewed		0
sche_data	schedata	schedata	existing-unreviewed		0
scheduleStack	schedulestack	schedulestack	existing-unreviewed		0
scheduler	scheduler	scheduler	existing-unreviewed		0
schedulerDebug	schedulerFeilsøk	schedulerFeilsøk	existing-unreviewed		0
sectHeader	sectTopptekst	sectTopptekst	existing-unreviewed		0
sectHeaderSize	sectTopptekstStørrelse	sectTopptekstStørrelse	existing-unreviewed		0
sectName	sectNavn	sectNavn	existing-unreviewed		0
sectValue	sectVerdi	sectVerdi	existing-unreviewed		0
sector	sector	sector	existing-unreviewed		0
sectorCountPort	sectorAntallport	sectorAntallport	existing-unreviewed		0
sectorNum	sectorTall	sectorTall	existing-unreviewed		0
sectorOffset	sectorAvstand	sectorAvstand	existing-unreviewed		0
sectorPerTrack	sectorpertrack	sectorpertrack	existing-unreviewed		0
sectorsPerCluster	sectorspercluster	sectorspercluster	existing-unreviewed		0
seekCur	seekGjeldende	seekGjeldende	existing-unreviewed		0
seekEnd	seekSlutt	seekSlutt	existing-unreviewed		0
seekSet	seekSett	seekSett	existing-unreviewed		0
segmentNumber	segmentTall	segmentTall	existing-unreviewed		0
self	selv	selv	existing-unreviewed		0
self_uintptr	selvuintptr	selvuintptr	existing-unreviewed		0
sendBack	reply	reply	existing-unreviewed		0
sendBufferDescr	sendbufferBeskrivelse	sendbufferBeskrivelse	existing-unreviewed		0
sendBufferDescrAddress	sendbufferBeskrivelseaddress	sendbufferBeskrivelseaddress	existing-unreviewed		0
sendBuffers	sendbuffer	sendbuffer	existing-unreviewed		0
sendBuffersDescrMemory	sendbufferBeskrivelseMinne	sendbufferBeskrivelseMinne	existing-unreviewed		0
sendDataPointer	senddataPeker	senddataPeker	existing-unreviewed		0
sendDescriptor	senddescriptor	senddescriptor	existing-unreviewed		0
sendMouseCommand	sendMusKommando	sendMusKommando	existing-unreviewed		0
sequencerDataPort	sequencerdataport	sequencerdataport	existing-unreviewed		0
sequencerIndexPort	sequencerIndeksport	sequencerIndeksport	existing-unreviewed		0
serialLogByte	serienummerLoggbyte	serienummerLoggbyte	existing-unreviewed		0
serialReady	serienummerKlar	serienummerKlar	existing-unreviewed		0
setCR3	settcr3	settcr3	existing-unreviewed		0
setDS	settds	settds	existing-unreviewed		0
setGS	settgs	settgs	existing-unreviewed		0
setThreadExitLoopState	settthreadAvsluttLøkkeStatus	settthreadAvsluttLøkkeStatus	existing-unreviewed		0
setupExecStack	setupKjørbarstack	setupKjørbarstack	existing-unreviewed		0
sh	sh	sh	existing-unreviewed		0
sh_addr	shaddress	shaddress	existing-unreviewed		0
sh_addralign	shaddralign	shaddralign	existing-unreviewed		0
sh_entsize	shentsize	shentsize	existing-unreviewed		0
sh_flags	shFlagg	shFlagg	existing-unreviewed		0
sh_info	shinfo	shinfo	existing-unreviewed		0
sh_link	shLenke	shLenke	existing-unreviewed		0
sh_name	shNavn	shNavn	existing-unreviewed		0
sh_offset	shAvstand	shAvstand	existing-unreviewed		0
sh_size	shStørrelse	shStørrelse	existing-unreviewed		0
sh_type	shFiltype	shFiltype	existing-unreviewed		0
shift	shift	shift	existing-unreviewed		0
signature	signature	signature	existing-unreviewed		0
size	størrelse	størrelse	existing-unreviewed		0
sl	sl	sl	existing-unreviewed		0
sockDatagram	sockdatagram	sockdatagram	existing-unreviewed		0
socket	sokkel	sokkel	existing-unreviewed		0
socketAddress	sokkeladdress	sokkeladdress	existing-unreviewed		0
socketAddressIPv4	sokkeladdressipv4	sokkeladdressipv4	existing-unreviewed		0
socketBind	sokkelbind	sokkelbind	existing-unreviewed		0
socketCallArgument	sokkelcallargument	sokkelcallargument	existing-unreviewed		0
socketConnect	sokkelKobletil	sokkelKobletil	existing-unreviewed		0
socketForFD	sokkelforfd	sokkelforfd	existing-unreviewed		0
socketIndex	sokkelIndeks	sokkelIndeks	existing-unreviewed		0
socketPacket	sokkelpacket	sokkelpacket	existing-unreviewed		0
socketReceiveFrom	sokkelreceivefrom	sokkelreceivefrom	existing-unreviewed		0
socketSendTo	sokkelsendto	sokkelsendto	existing-unreviewed		0
socketType	sokkelFiltype	sokkelFiltype	existing-unreviewed		0
sockets	sockets	sockets	existing-unreviewed		0
softName	softNavn	softNavn	existing-unreviewed		0
source	kilde	kilde	existing-unreviewed		0
sourceAddress	kildeaddress	kildeaddress	existing-unreviewed		0
sourceLengthAddress	kildeLengdeaddress	kildeLengdeaddress	existing-unreviewed		0
src	kilde_2	kilde_2	existing-unreviewed		0
srcEntry	kildeentry	kildeentry	existing-unreviewed		0
srcIP	kildeipaddress	kildeipaddress	existing-unreviewed		0
srcIP_BE	kildeipaddressNettverkbyteorder	kildeipaddressNettverkbyteorder	existing-unreviewed		0
srcMAC	kildemacaddress	kildemacaddress	existing-unreviewed		0
srcMAC_BE	kildemacbe	kildemacbe	existing-unreviewed		0
srcPageDir	kildeSideKatalog	kildeSideKatalog	existing-unreviewed		0
srcPde	kildepde	kildepde	existing-unreviewed		0
srcPdeAddr	kildepdeaddress	kildepdeaddress	existing-unreviewed		0
srcPort	kildeportTall	kildeportTall	pending-language-review	source_port	0
srcPt	kildept	kildept	existing-unreviewed		0
srcptr	srcptr	srcptr	existing-unreviewed		0
ss	ss	ss	existing-unreviewed		0
ss0	ss0	ss0	existing-unreviewed		0
ss1	ss1	ss1	existing-unreviewed		0
ss2	ss2	ss2	existing-unreviewed		0
st	st	st	existing-unreviewed		0
st_info	stinfo	stinfo	existing-unreviewed		0
st_name	stNavn	stNavn	existing-unreviewed		0
st_other	stAndre	stAndre	existing-unreviewed		0
st_shndx	stshndx	stshndx	existing-unreviewed		0
st_size	stStørrelse	stStørrelse	existing-unreviewed		0
st_value	stVerdi	stVerdi	existing-unreviewed		0
stack	stack	stack	pending-language-review	stack	0
stackBytes	stackByte	stackByte	existing-unreviewed		0
stackPtr	stackPeker	stackPeker	existing-unreviewed		0
stack_addr	stackaddress	stackaddress	existing-unreviewed		0
stackbottom	stackbottom	stackbottom	existing-unreviewed		0
stacktop	stacktop	stacktop	existing-unreviewed		0
start	start	start	existing-unreviewed		0
startOffset	startAvstand	startAvstand	existing-unreviewed		0
start_cylinder	startcylinder	startcylinder	existing-unreviewed		0
start_head	starthead	starthead	existing-unreviewed		0
start_sector	startsector	startsector	existing-unreviewed		0
startingBit	startingbit	startingbit	existing-unreviewed		0
stat	stat	stat	existing-unreviewed		0
statAddr	stataddress	stataddress	existing-unreviewed		0
status	status	status	existing-unreviewed		0
statusAddr	statusaddress	statusaddress	existing-unreviewed		0
stderrFD	stderrfd	stderrfd	existing-unreviewed		0
stdinBuffer	stdinbuffer	stdinbuffer	existing-unreviewed		0
stdinFD	stdinfd	stdinfd	existing-unreviewed		0
stdinGetBlocking	stdingetblocking	stdingetblocking	existing-unreviewed		0
stdinRead	stdinLes	stdinLes	existing-unreviewed		0
stdinWrite	stdinSkriv	stdinSkriv	existing-unreviewed		0
stdoutFD	stdoutfd	stdoutfd	existing-unreviewed		0
stoppedThread	stoppetthread	stoppetthread	existing-unreviewed		0
str	str	str	existing-unreviewed		0
stringAddress	strengaddress	strengaddress	existing-unreviewed		0
stringHeader	strengTopptekst	strengTopptekst	existing-unreviewed		0
strtab	strtab	strtab	existing-unreviewed		0
subclass_id	subclassid	subclassid	existing-unreviewed		0
subnetMask	subnetMaske	subnetMaske	existing-unreviewed		0
swapUint16	swapunsignedinteger16	swapunsignedinteger16	existing-unreviewed		0
switchForced	switchforced	switchforced	existing-unreviewed		0
sysAccess	systilgang	systilgang	existing-unreviewed		0
sysBrk	sysbrk	sysbrk	existing-unreviewed		0
sysCall	syscall	syscall	existing-unreviewed		0
sysChdir	syschdir	syschdir	existing-unreviewed		0
sysClose	sysLukk	sysLukk	existing-unreviewed		0
sysDup	sysdup	sysdup	existing-unreviewed		0
sysDup2	sysdup2	sysdup2	existing-unreviewed		0
sysExecve	sysexecve	sysexecve	existing-unreviewed		0
sysExit	sysAvslutt	sysAvslutt	existing-unreviewed		0
sysFcntl	sysfcntl	sysfcntl	existing-unreviewed		0
sysFork	sysfork	sysfork	existing-unreviewed		0
sysFstat	sysfstat	sysfstat	existing-unreviewed		0
sysFsync	sysfsync	sysfsync	existing-unreviewed		0
sysGetcwd	sysgetcwd	sysgetcwd	existing-unreviewed		0
sysLseek	syslseek	syslseek	existing-unreviewed		0
sysOpen	sysÅpne	sysÅpne	existing-unreviewed		0
sysRead	sysLes	sysLes	existing-unreviewed		0
sysSocketCall	syssokkelcall	syssokkelcall	existing-unreviewed		0
sysStat	sysstat	sysstat	existing-unreviewed		0
sysUname	sysuname	sysuname	existing-unreviewed		0
sysWaitpid	syswaitpid	syswaitpid	existing-unreviewed		0
sysWrite	sysSkriv	sysSkriv	existing-unreviewed		0
syscallError	syscallFeil	syscallFeil	existing-unreviewed		0
syscallID	syscallid	syscallid	existing-unreviewed		0
systemcall	systemcall	systemcall	existing-unreviewed		0
table	tabell_2	tabell_2	existing-unreviewed		0
tableSize	tabellStørrelse	tabellStørrelse	existing-unreviewed		0
tail	tail	tail	existing-unreviewed		0
task	oppgave	oppgave	existing-unreviewed		0
taskA	oppgavea	oppgavea	existing-unreviewed		0
taskB	oppgaveb	oppgaveb	existing-unreviewed		0
taskC	oppgavec	oppgavec	existing-unreviewed		0
taskD	oppgaved	oppgaved	existing-unreviewed		0
taskD0	oppgaved0	oppgaved0	existing-unreviewed		0
taskD1	oppgaved1	oppgaved1	existing-unreviewed		0
taskManager	oppgavemanager	oppgavemanager	existing-unreviewed		0
tasks	oppgaver	oppgaver	existing-unreviewed		0
temp	temporary	temporary	existing-unreviewed		0
terminated	terminated	terminated	existing-unreviewed		0
text	tekst	tekst	existing-unreviewed		0
textPtr	tekstPeker	tekstPeker	existing-unreviewed		0
text_len	tekstlen	tekstlen	existing-unreviewed		0
text_mode_check_fb_move	tekstmoduscheckfbFlytt	tekstmoduscheckfbFlytt	existing-unreviewed		0
text_mode_disable_cursor	tekstmodusSlåavPeker	tekstmodusSlåavPeker	existing-unreviewed		0
text_mode_enable_cursor	tekstmodusSlåpåPeker	tekstmodusSlåpåPeker	existing-unreviewed		0
text_mode_error_writer	tekstmodusFeilwriter	tekstmodusFeilwriter	existing-unreviewed		0
text_mode_flush_screen	tekstmodusflushSkjerm	tekstmodusflushSkjerm	existing-unreviewed		0
text_mode_init	tekstmodusinit	tekstmodusinit	existing-unreviewed		0
text_mode_print	tekstmodusSkrivut	tekstmodusSkrivut	existing-unreviewed		0
text_mode_print_bytes	tekstmodusSkrivutByte	tekstmodusSkrivutByte	existing-unreviewed		0
text_mode_print_char	tekstmodusSkrivutchar	tekstmodusSkrivutchar	existing-unreviewed		0
text_mode_print_char_col	tekstmodusSkrivutcharcol	tekstmodusSkrivutcharcol	existing-unreviewed		0
text_mode_print_col	tekstmodusSkrivutcol	tekstmodusSkrivutcol	existing-unreviewed		0
text_mode_print_error	tekstmodusSkrivutFeil	tekstmodusSkrivutFeil	existing-unreviewed		0
text_mode_print_error_bytes	tekstmodusSkrivutFeilByte	tekstmodusSkrivutFeilByte	existing-unreviewed		0
text_mode_print_errorln	tekstmodusSkrivuterrorln	tekstmodusSkrivuterrorln	existing-unreviewed		0
text_mode_print_hex	tekstmodusSkrivutHeksadesimal	tekstmodusSkrivutHeksadesimal	existing-unreviewed		0
text_mode_print_hex16	tekstmodusSkrivutHeksadesimal16	tekstmodusSkrivutHeksadesimal16	existing-unreviewed		0
text_mode_print_hex32	tekstmodusSkrivutHeksadesimal32	tekstmodusSkrivutHeksadesimal32	existing-unreviewed		0
text_mode_print_hex64	tekstmodusSkrivutHeksadesimal64	tekstmodusSkrivutHeksadesimal64	existing-unreviewed		0
text_mode_print_hex_char	tekstmodusSkrivutHeksadesimalchar	tekstmodusSkrivutHeksadesimalchar	existing-unreviewed		0
text_mode_println	tekstmodusprintln	tekstmodusprintln	existing-unreviewed		0
text_mode_println_col	tekstmodusprintlncol	tekstmodusprintlncol	existing-unreviewed		0
text_mode_update_cursor	tekstmodusOppdaterPeker	tekstmodusOppdaterPeker	existing-unreviewed		0
text_mode_writer	tekstmoduswriter	tekstmoduswriter	existing-unreviewed		0
thr2	thr2	thr2	existing-unreviewed		0
thr3	thr3	thr3	existing-unreviewed		0
thr4	thr4	thr4	existing-unreviewed		0
thread	thread	thread	existing-unreviewed		0
threadExitLoop	threadAvsluttLøkke	threadAvsluttLøkke	existing-unreviewed		0
threadHelper	threadhelper	threadhelper	existing-unreviewed		0
threadPtr	threadPeker	threadPeker	existing-unreviewed		0
tickCount	tickAntall	tickAntall	existing-unreviewed		0
timeDelta	tiddelta	tiddelta	existing-unreviewed		0
timeToLive	tidtolive	tidtolive	existing-unreviewed		0
timer	nedtelling	nedtelling	existing-unreviewed		0
tls	tls	tls	existing-unreviewed		0
tmp	tmp	tmp	existing-unreviewed		0
tmpPtr	tmpPeker	tmpPeker	existing-unreviewed		0
tos	tos	tos	existing-unreviewed		0
totalLength	totaltLengde	totaltLengde	existing-unreviewed		0
totalSectorCount	totaltsectorAntall	totaltsectorAntall	existing-unreviewed		0
totalSectors	totaltsectors	totaltsectors	existing-unreviewed		0
trap	trap	trap	existing-unreviewed		0
tss	tss	tss	existing-unreviewed		0
tssIndex	tssIndeks	tssIndeks	existing-unreviewed		0
udp	udp	udp	existing-unreviewed		0
udpHandler	udphandler	udphandler	existing-unreviewed		0
udpHeaderSize	udpTopptekstStørrelse	udpTopptekstStørrelse	existing-unreviewed		0
udpProvider	udpprovider	udpprovider	existing-unreviewed		0
udp콘솔	udpconsole	udpconsole	existing-unreviewed		0
unused	ikkebrukt	ikkebrukt	existing-unreviewed		0
used	brukt	brukt	existing-unreviewed		0
usedBlocks	bruktBlokk	bruktBlokk	existing-unreviewed		0
user1addr	bruker1address	bruker1address	existing-unreviewed		0
user1data	bruker1data	bruker1data	existing-unreviewed		0
user1entry	bruker1entry	bruker1entry	existing-unreviewed		0
user1file	bruker1Fil	bruker1Fil	existing-unreviewed		0
user2addr	bruker2address	bruker2address	existing-unreviewed		0
user2data	bruker2data	bruker2data	existing-unreviewed		0
user2entry	bruker2entry	bruker2entry	existing-unreviewed		0
user2file	bruker2Fil	bruker2Fil	existing-unreviewed		0
user3addr	bruker3address	bruker3address	existing-unreviewed		0
user3data	bruker3data	bruker3data	existing-unreviewed		0
user3entry	bruker3entry	bruker3entry	existing-unreviewed		0
user3file	bruker3Fil	bruker3Fil	existing-unreviewed		0
userHeapBase	brukerheapbase	brukerheapbase	existing-unreviewed		0
userHeapLimit	brukerheapGrense	brukerheapGrense	existing-unreviewed		0
user_esp	brukeresp	brukeresp	existing-unreviewed		0
userhandler	userhandler	userhandler	existing-unreviewed		0
userproc_entry	userprocentry	userprocentry	existing-unreviewed		0
util	util	util	existing-unreviewed		0
util콘솔	utilconsole	utilconsole	existing-unreviewed		0
v	v	v	existing-unreviewed		0
vAddr	vaddress	vaddress	existing-unreviewed		0
value	verdi	verdi	existing-unreviewed		0
values	vardier	vardier	existing-unreviewed		0
version	versjon	versjon	existing-unreviewed		0
vga	vga	vga	existing-unreviewed		0
virtlen	virtlen	virtlen	existing-unreviewed		0
virtmem	virtuellMinne	virtuellMinne	existing-unreviewed		0
virtualAddr	virtuelladdress	virtuelladdress	existing-unreviewed		0
volumeId	volumid	volumid	existing-unreviewed		0
volumeLabel	volumEtikett	volumEtikett	existing-unreviewed		0
w	w	w	existing-unreviewed		0
wDate	wDato	wDato	existing-unreviewed		0
wTime	wTid	wTid	existing-unreviewed		0
waitPS2InputEmpty	ventps2InndataTom	ventps2InndataTom	existing-unreviewed		0
waitPS2OutputFull	ventps2Utdatafull	ventps2Utdatafull	existing-unreviewed		0
wdata	wdata	wdata	existing-unreviewed		0
whence	whence	whence	existing-unreviewed		0
widget	widget	widget	existing-unreviewed		0
width	bredde	bredde	existing-unreviewed		0
writePS2Command	skrivps2Kommando	skrivps2Kommando	existing-unreviewed		0
writePS2Data	skrivps2data	skrivps2data	existing-unreviewed		0
write_count	skrivAntall	skrivAntall	existing-unreviewed		0
x	x	x	existing-unreviewed		0
xPageDir	xSideKatalog	xSideKatalog	existing-unreviewed		0
xPos	xPosisjon	xPosisjon	existing-unreviewed		0
y	y	y	existing-unreviewed		0
yPageDir	ySideKatalog	ySideKatalog	existing-unreviewed		0
yPos	yPosisjon	yPosisjon	existing-unreviewed		0
값	verdi_2	verdi_2	existing-unreviewed		0
공용서술자테이블	shareddescriptorTabell	shareddescriptorTabell	existing-unreviewed		0
기준	base_2	base_2	existing-unreviewed		0
기준_낮은	baseLav_2	baseLav_2	existing-unreviewed		0
기준_높은	baseHøy_2	baseHøy_2	existing-unreviewed		0
기준_매우높은	baseveryHøy	baseveryHøy	existing-unreviewed		0
기준주소	baseaddress	baseaddress	existing-unreviewed		0
넷카드콘솔	nettverkKortconsole	nettverkKortconsole	existing-unreviewed		0
단말기	terminal	terminal	existing-unreviewed		0
마우스콘솔	musconsole	musconsole	existing-unreviewed		0
매개값	argumentVerdi	argumentVerdi	existing-unreviewed		0
멈추기	halt	halt	existing-unreviewed		0
목적	mål_3	mål_3	existing-unreviewed		0
유형	filtype	filtype	existing-unreviewed		0
이더넷콘솔	ethernetconsole	ethernetconsole	existing-unreviewed		0
인터럽트무시하기	avbruddignore	avbruddignore	existing-unreviewed		0
인터럽트예외처리기	avbruddexceptionhandler	avbruddexceptionhandler	existing-unreviewed		0
인터럽트예외처리기0x00	avbruddexceptionhandler0x00	avbruddexceptionhandler0x00	existing-unreviewed		0
인터럽트예외처리기0x01	avbruddexceptionhandler0x01	avbruddexceptionhandler0x01	existing-unreviewed		0
인터럽트예외처리기0x02	avbruddexceptionhandler0x02	avbruddexceptionhandler0x02	existing-unreviewed		0
인터럽트예외처리기0x03	avbruddexceptionhandler0x03	avbruddexceptionhandler0x03	existing-unreviewed		0
인터럽트예외처리기0x04	avbruddexceptionhandler0x04	avbruddexceptionhandler0x04	existing-unreviewed		0
인터럽트예외처리기0x05	avbruddexceptionhandler0x05	avbruddexceptionhandler0x05	existing-unreviewed		0
인터럽트예외처리기0x06	avbruddexceptionhandler0x06	avbruddexceptionhandler0x06	existing-unreviewed		0
인터럽트예외처리기0x07	avbruddexceptionhandler0x07	avbruddexceptionhandler0x07	existing-unreviewed		0
인터럽트예외처리기0x08	avbruddexceptionhandler0x08	avbruddexceptionhandler0x08	existing-unreviewed		0
인터럽트예외처리기0x09	avbruddexceptionhandler0x09	avbruddexceptionhandler0x09	existing-unreviewed		0
인터럽트예외처리기0x0A	avbruddexceptionhandler0x0a	avbruddexceptionhandler0x0a	existing-unreviewed		0
인터럽트예외처리기0x0B	avbruddexceptionhandler0x0b	avbruddexceptionhandler0x0b	existing-unreviewed		0
인터럽트예외처리기0x0C	avbruddexceptionhandler0x0c	avbruddexceptionhandler0x0c	existing-unreviewed		0
인터럽트예외처리기0x0D	avbruddexceptionhandler0x0d	avbruddexceptionhandler0x0d	existing-unreviewed		0
인터럽트예외처리기0x0E	avbruddexceptionhandler0x0e	avbruddexceptionhandler0x0e	existing-unreviewed		0
인터럽트예외처리기0x0F	avbruddexceptionhandler0x0f	avbruddexceptionhandler0x0f	existing-unreviewed		0
인터럽트예외처리기0x10	avbruddexceptionhandler0x10	avbruddexceptionhandler0x10	existing-unreviewed		0
인터럽트예외처리기0x11	avbruddexceptionhandler0x11	avbruddexceptionhandler0x11	existing-unreviewed		0
인터럽트예외처리기0x12	avbruddexceptionhandler0x12	avbruddexceptionhandler0x12	existing-unreviewed		0
인터럽트예외처리기0x13	avbruddexceptionhandler0x13	avbruddexceptionhandler0x13	existing-unreviewed		0
인터럽트요청처리0x00	avbruddrequesthandler0x00	avbruddrequesthandler0x00	existing-unreviewed		0
인터럽트요청처리0x01	avbruddrequesthandler0x01	avbruddrequesthandler0x01	existing-unreviewed		0
인터럽트요청처리0x02	avbruddrequesthandler0x02	avbruddrequesthandler0x02	existing-unreviewed		0
인터럽트요청처리0x03	avbruddrequesthandler0x03	avbruddrequesthandler0x03	existing-unreviewed		0
인터럽트요청처리0x04	avbruddrequesthandler0x04	avbruddrequesthandler0x04	existing-unreviewed		0
인터럽트요청처리0x05	avbruddrequesthandler0x05	avbruddrequesthandler0x05	existing-unreviewed		0
인터럽트요청처리0x06	avbruddrequesthandler0x06	avbruddrequesthandler0x06	existing-unreviewed		0
인터럽트요청처리0x07	avbruddrequesthandler0x07	avbruddrequesthandler0x07	existing-unreviewed		0
인터럽트요청처리0x08	avbruddrequesthandler0x08	avbruddrequesthandler0x08	existing-unreviewed		0
인터럽트요청처리0x09	avbruddrequesthandler0x09	avbruddrequesthandler0x09	existing-unreviewed		0
인터럽트요청처리0x0A	avbruddrequesthandler0x0a	avbruddrequesthandler0x0a	existing-unreviewed		0
인터럽트요청처리0x0B	avbruddrequesthandler0x0b	avbruddrequesthandler0x0b	existing-unreviewed		0
인터럽트요청처리0x0C	avbruddrequesthandler0x0c	avbruddrequesthandler0x0c	existing-unreviewed		0
인터럽트요청처리0x0D	avbruddrequesthandler0x0d	avbruddrequesthandler0x0d	existing-unreviewed		0
인터럽트요청처리0x0E	avbruddrequesthandler0x0e	avbruddrequesthandler0x0e	existing-unreviewed		0
인터럽트요청처리0x0F	avbruddrequesthandler0x0f	avbruddrequesthandler0x0f	existing-unreviewed		0
인터럽트요청처리0x80	avbruddrequesthandler0x80	avbruddrequesthandler0x80	existing-unreviewed		0
인터럽트요청처리0x81	avbruddrequesthandler0x81	avbruddrequesthandler0x81	existing-unreviewed		0
인터럽트요청처리0x82	avbruddrequesthandler0x82	avbruddrequesthandler0x82	existing-unreviewed		0
인터럽트처리기	avbruddhandler_2	avbruddhandler_2	existing-unreviewed		0
임시	temporary_2	temporary_2	existing-unreviewed		0
자료	data_2	data_2	existing-unreviewed		0
자신	selv_2	selv_2	existing-unreviewed		0
작업관리자	oppgavemanager_2	oppgavemanager_2	existing-unreviewed		0
작업콘솔	oppgaveconsole	oppgaveconsole	existing-unreviewed		0
조각설명자	segmentdescriptor	segmentdescriptor	existing-unreviewed		0
콘솔	console_2	console_2	existing-unreviewed		0
크기	størrelse_2	størrelse_2	existing-unreviewed		0
키보드콘솔	tastaturconsole	tastaturconsole	existing-unreviewed		0
표시들	flagg_2	flagg_2	existing-unreviewed		0
표시들_한도_높은	flaggGrenseHøy	flaggGrenseHøy	existing-unreviewed		0
한도	grense_2	grense_2	existing-unreviewed		0
한도_낮은	grenseLav_2	grenseLav_2	existing-unreviewed		0
