original	before	after	review_status	concept	changed_tokens
Activate	Activer	Activer	existing-unreviewed		0
ActivateAll	ActiverTout	ActiverTout	existing-unreviewed		0
Active	Actif	Actif	existing-unreviewed		0
ActiveInterruptManager	Actifinterruptiongestionnaire	Actifinterruptiongestionnaire	existing-unreviewed		0
ActiveMemoryManager	Actifmémoiregestionnaire	Actifmémoiregestionnaire	existing-unreviewed		0
Add	Ajouter	Ajouter	existing-unreviewed		0
AddDriver	Ajouterpilote	Ajouterpilote	existing-unreviewed		0
AddRunnableThread	AjouterrunnablefilExécution	AjouterrunnablefilExécution	existing-unreviewed		0
AddTask	Ajoutertâche	Ajoutertâche	existing-unreviewed		0
AddThread	AjouterfilExécution	AjouterfilExécution	existing-unreviewed		0
Address	Address	Address	existing-unreviewed		0
AlignedMalloc	Alignedmalloc	Alignedmalloc	existing-unreviewed		0
AlignmentCheck	Alignmentcheck	Alignmentcheck	existing-unreviewed		0
AllocateBlock	AllocateBloc	AllocateBloc	existing-unreviewed		0
AllocatePID	Allocatepid	Allocatepid	existing-unreviewed		0
AmountOfMemory	Quantitésurmémoire	Quantitésurmémoire	existing-unreviewed		0
ArrayToUint16	Tableautounsignedinteger16	Tableautounsignedinteger16	existing-unreviewed		0
ArrayToUint32	Tableautounsignedinteger32	Tableautounsignedinteger32	existing-unreviewed		0
ArrayToUint48	Tableautounsignedinteger48	Tableautounsignedinteger48	existing-unreviewed		0
ArrayToUint48_BE	Tableautounsignedinteger48be	Tableautounsignedinteger48be	existing-unreviewed		0
ArrayToUint64	Tableautounsignedinteger64	Tableautounsignedinteger64	existing-unreviewed		0
Atime	Atime	Atime	existing-unreviewed		0
AtimeNsec	Atimensec	Atimensec	existing-unreviewed		0
BLOCKS_PER_BYTE	Blocperoctet	Blocperoctet	existing-unreviewed		0
BLOCK_SIZE	BlocTaille	BlocTaille	existing-unreviewed		0
Backend	Backend	Backend	existing-unreviewed		0
BaseAddr	Baseaddress	Baseaddress	existing-unreviewed		0
Bind	Relier	Relier	existing-unreviewed		0
Blksize	Blksize	Blksize	existing-unreviewed		0
Blocked	Blocked	Blocked	existing-unreviewed		0
BlockedState	BlockedÉtat	BlockedÉtat	existing-unreviewed		0
Blocks	Bloc	Bloc	existing-unreviewed		0
BoundRangeExceeded	BoundIntervalleexceeded	BoundIntervalleexceeded	existing-unreviewed		0
BroadcastMacAddress	Broadcastmacaddress	Broadcastmacaddress	existing-unreviewed		0
BytesPerSector	Octetspersector	Octetspersector	existing-unreviewed		0
BytesToString	OctetstoChaîne	OctetstoChaîne	existing-unreviewed		0
Checksum	Checksum	Checksum	existing-unreviewed		0
Clear	Effacer	Effacer	existing-unreviewed		0
Clone	Clone	Clone	existing-unreviewed		0
CloneAddressSpaceCOW	CloneaddressEspacecow	CloneaddressEspacecow	existing-unreviewed		0
Connect	Connecter	Connecter	existing-unreviewed		0
ContainsCoordinate	Containscoordinate	Containscoordinate	existing-unreviewed		0
CopyPageFrameBlock	CopierpagetrameBloc	CopierpagetrameBloc	existing-unreviewed		0
CpuState	ProcesseurÉtat	ProcesseurÉtat	existing-unreviewed		0
Create	Créer	Créer	existing-unreviewed		0
CreateFromData	Créerdedonnées	Créerdedonnées	existing-unreviewed		0
CreateFromFunction	CréerdeFonction	CréerdeFonction	existing-unreviewed		0
CreatePtrFromFunction	CréerPointeurdeFonction	CréerPointeurdeFonction	existing-unreviewed		0
Cs	Cs	Cs	existing-unreviewed		0
Ctime	Ctime	Ctime	existing-unreviewed		0
CtimeNsec	Ctimensec	Ctimensec	existing-unreviewed		0
CurrentPID	Courantepid	Courantepid	existing-unreviewed		0
CurrentParentPID	Couranteparentpid	Couranteparentpid	existing-unreviewed		0
Data	Data	Data	compatibility		0
Deactivate	Désactiver	Désactiver	existing-unreviewed		0
Deactive	Deactive	Deactive	existing-unreviewed		0
Decrement	Decrement	Decrement	existing-unreviewed		0
Delete	Supprimer	Supprimer	existing-unreviewed		0
DescriptorPrivilegeLevel	Descriptorprivilegelevel	Descriptorprivilegelevel	existing-unreviewed		0
DescriptorType	Descriptortype	Descriptortype	existing-unreviewed		0
Destroy	Détruire	Détruire	existing-unreviewed		0
Dev	Périphérique	Périphérique	existing-unreviewed		0
DeviceHasFunctions	PériphériquehasFonctions	PériphériquehasFonctions	existing-unreviewed		0
DeviceNotAvailable	PériphériqueNonDisponible	PériphériqueNonDisponible	existing-unreviewed		0
Device_id	PériphériqueIdentifiant	PériphériqueIdentifiant	existing-unreviewed		0
DisableInt	Désactiverint	Désactiverint	existing-unreviewed		0
Disconnect	Déconnecter	Déconnecter	existing-unreviewed		0
DivideByZero	DivisionbyZéro	DivisionbyZéro	existing-unreviewed		0
DoHandleInterrupt	DoPoignéeinterruption	DoPoignéeinterruption	existing-unreviewed		0
DoubleFault	Doubledéfaut	Doubledéfaut	existing-unreviewed		0
Draw	Draw	Draw	existing-unreviewed		0
DriverManager	Pilotegestionnaire	Pilotegestionnaire	existing-unreviewed		0
Ds	Ds	Ds	existing-unreviewed		0
Dynamic	Dynamique	Dynamique	existing-unreviewed		0
E2BIG	E2Élevé	E2Élevé	existing-unreviewed		0
EACCES	Eacces	Eacces	existing-unreviewed		0
EADDRINUSE	Eaddrinuse	Eaddrinuse	existing-unreviewed		0
EAFNOSUPPORT	Eafnosupport	Eafnosupport	existing-unreviewed		0
EAGAIN	Eagain	Eagain	existing-unreviewed		0
EBADF	Ebadf	Ebadf	existing-unreviewed		0
EBUSY	Ebusy	Ebusy	existing-unreviewed		0
ECHILD	Echild	Echild	existing-unreviewed		0
EEXIST	Eexist	Eexist	existing-unreviewed		0
EFAULT	Efault	Efault	existing-unreviewed		0
EFBIG	Efbig	Efbig	existing-unreviewed		0
EINTR	Eintr	Eintr	existing-unreviewed		0
EINVAL	Einval	Einval	existing-unreviewed		0
EIO	Eio	Eio	existing-unreviewed		0
EISDIR	Eisdir	Eisdir	existing-unreviewed		0
EMFILE	Emfile	Emfile	existing-unreviewed		0
EMSGSIZE	Emsgsize	Emsgsize	existing-unreviewed		0
ENETUNREACH	Enetunreach	Enetunreach	existing-unreviewed		0
ENFILE	Enfile	Enfile	existing-unreviewed		0
ENODEV	Enodev	Enodev	existing-unreviewed		0
ENOENT	Enoent	Enoent	existing-unreviewed		0
ENOEXEC	Enoexec	Enoexec	existing-unreviewed		0
ENOMEM	Enomem	Enomem	existing-unreviewed		0
ENOSPC	Enospc	Enospc	existing-unreviewed		0
ENOSYS	Enosys	Enosys	existing-unreviewed		0
ENOTCONN	Enotconn	Enotconn	existing-unreviewed		0
ENOTDIR	Enotdir	Enotdir	existing-unreviewed		0
ENOTTY	Enotty	Enotty	existing-unreviewed		0
EOPNOTSUPP	Eopnotsupp	Eopnotsupp	existing-unreviewed		0
EPERM	Eperm	Eperm	existing-unreviewed		0
EPROTONOSUPPORT	Eprotonosupport	Eprotonosupport	existing-unreviewed		0
ERANGE	Erange	Erange	existing-unreviewed		0
EROFS	Erofs	Erofs	existing-unreviewed		0
ESPIPE	Espipe	Espipe	existing-unreviewed		0
ESRCH	Esrch	Esrch	existing-unreviewed		0
Eax	Eax	Eax	existing-unreviewed		0
Ebp	Ebp	Ebp	existing-unreviewed		0
Ebx	Ebx	Ebx	existing-unreviewed		0
Ecx	Ecx	Ecx	existing-unreviewed		0
Edi	Edi	Edi	existing-unreviewed		0
Edx	Edx	Edx	existing-unreviewed		0
Eflags	Eflags	Eflags	existing-unreviewed		0
Eip	Eip	Eip	existing-unreviewed		0
Elf	Elf	Elf	existing-unreviewed		0
Elf32Dyn	Elf32dyn	Elf32dyn	existing-unreviewed		0
Elf32Note	Elf32note	Elf32note	existing-unreviewed		0
Elf32Rel	Elf32rel	Elf32rel	existing-unreviewed		0
Elf32Rela	Elf32rela	Elf32rela	existing-unreviewed		0
Elf32Sym	Elf32sym	Elf32sym	existing-unreviewed		0
ElfHeader	ElfenTête	ElfenTête	existing-unreviewed		0
ElfProgramHeader	ElfprogrammeenTête	ElfprogrammeenTête	existing-unreviewed		0
ElfSectionHeader	ElfsectionenTête	ElfsectionenTête	existing-unreviewed		0
EnablePaging	Activerpagination	Activerpagination	existing-unreviewed		0
Enabled	Activé	Activé	existing-unreviewed		0
EntryNumber	ÉlémentNombre	ÉlémentNombre	existing-unreviewed		0
EqualBytes	ÉgalOctets	ÉgalOctets	existing-unreviewed		0
Es	Es	Es	existing-unreviewed		0
Esi	Esi	Esi	existing-unreviewed		0
Esp	Esp	Esp	existing-unreviewed		0
FPUBuffer	Fpubuffer	Fpubuffer	existing-unreviewed		0
FPUOffset	FpuDécalage	FpuDécalage	existing-unreviewed		0
Family	Family	Family	existing-unreviewed		0
FileName	FichierNom	FichierNom	existing-unreviewed		0
Fill	Fill	Fill	existing-unreviewed		0
FillRectangle	Fillrectangle	Fillrectangle	existing-unreviewed		0
First	First	First	existing-unreviewed		0
FirstFree	FirstLibre	FirstLibre	existing-unreviewed		0
FirstFreeSize	FirstLibreTaille	FirstLibreTaille	existing-unreviewed		0
Flags	Attributs	Attributs	existing-unreviewed		0
FloatingPointException	Flottantepointexception	Flottantepointexception	existing-unreviewed		0
Flush	Flush	Flush	existing-unreviewed		0
FlushTlsTable	FlushtlsTableau	FlushtlsTableau	existing-unreviewed		0
Focussable	Focussable	Focussable	existing-unreviewed		0
Free	Libre	Libre	existing-unreviewed		0
Fs	Fs	Fs	existing-unreviewed		0
GB	Go	Go	existing-unreviewed		0
GDT_ENTRIES	Gdtélément	Gdtélément	existing-unreviewed		0
GOT	Got	Got	existing-unreviewed		0
GPFException	Gpfexception	Gpfexception	existing-unreviewed		0
GatewayIP	Gatewayip	Gatewayip	existing-unreviewed		0
GdtAddressHigh	GdtaddressÉlevée	GdtaddressÉlevée	existing-unreviewed		0
GdtAddressLow	GdtaddressBasse	GdtaddressBasse	existing-unreviewed		0
GdtDescriptor	Gdtdescriptor	Gdtdescriptor	existing-unreviewed		0
GdtEntry	Gdtélément_2	Gdtélément_2	existing-unreviewed		0
GdtSize	GdtTaille	GdtTaille	existing-unreviewed		0
GetAt	Getat	Getat	existing-unreviewed		0
GetBackend	Getbackend	Getbackend	existing-unreviewed		0
GetBaseAddressRegister	Getbaseaddressregistre	Getbaseaddressregistre	existing-unreviewed		0
GetBitmaspSize	GetbitmaspTaille	GetbitmaspTaille	existing-unreviewed		0
GetBytesFromPtr	GetOctetsdePointeur	GetOctetsdePointeur	existing-unreviewed		0
GetCR0	Getcr0	Getcr0	existing-unreviewed		0
GetCR2	Getcr2	Getcr2	existing-unreviewed		0
GetCR3	Getcr3	Getcr3	existing-unreviewed		0
GetCR4	Getcr4	Getcr4	existing-unreviewed		0
GetColorIndex	GetCouleurindex	GetCouleurindex	existing-unreviewed		0
GetDeviceDescriptor	GetPériphériquedescriptor	GetPériphériquedescriptor	existing-unreviewed		0
GetDriver	Getpilote	Getpilote	existing-unreviewed		0
GetESP0	Getesp0	Getesp0	existing-unreviewed		0
GetEntry	Getélément	Getélément	existing-unreviewed		0
GetFileSize	GetfichierTaille	GetfichierTaille	existing-unreviewed		0
GetFocus	GetFocalisation	GetFocalisation	existing-unreviewed		0
GetFrameBufferSegment	Gettramebuffersegment	Gettramebuffersegment	existing-unreviewed		0
GetFuncPtrFromPtr	GetfuncPointeurdePointeur	GetfuncPointeurdePointeur	existing-unreviewed		0
GetFunctionName	GetFonctionNom	GetFonctionNom	existing-unreviewed		0
GetHandler	Gethandler	Gethandler	existing-unreviewed		0
GetIPAddress	Getipaddress	Getipaddress	existing-unreviewed		0
GetMACAddress	Getmacaddress	Getmacaddress	existing-unreviewed		0
GetMACFromCache	Getmacdecache	Getmacdecache	existing-unreviewed		0
GetNextReadyThread	GetSuivantPrêtfilExécution	GetSuivantPrêtfilExécution	existing-unreviewed		0
GetNodeAt	GetNœudat	GetNœudat	existing-unreviewed		0
GetProvider	Providerget	Providerget	existing-unreviewed		0
GetSS0	Getss0	Getss0	existing-unreviewed		0
GetStr	Getstr	Getstr	existing-unreviewed		0
GetUint32ArrayFromPtr	Getunsignedinteger32tableaudePointeur	Getunsignedinteger32tableaudePointeur	existing-unreviewed		0
GetUintptrArrayFromPtr	GetunsignedintegerPointeurtableaudePointeur	GetunsignedintegerPointeurtableaudePointeur	existing-unreviewed		0
GetValue	GetValeur	GetValeur	existing-unreviewed		0
GetValueInPageDir	GetValeurEntrantepagerépertoire	GetValeurEntrantepagerépertoire	existing-unreviewed		0
Gid	Gid	Gid	existing-unreviewed		0
Gs	Gs	Gs	existing-unreviewed		0
HandleException	Poignéeexception	Poignéeexception	existing-unreviewed		0
HandleFatalInterruptFrame	Poignéefatalinterruptiontrame	Poignéefatalinterruptiontrame	existing-unreviewed		0
HandleInterrupt	Poignéeinterruption	Poignéeinterruption	existing-unreviewed		0
HandleInterrupt1	Poignéeinterruption1	Poignéeinterruption1	existing-unreviewed		0
HandleUserDatagramProtocolMessage	Poignéeutilisateurdatagramprotocolmessage	Poignéeutilisateurdatagramprotocolmessage	existing-unreviewed		0
IDT_DESC_PRESENT	IdtdescriptorPrésente	IdtdescriptorPrésente	existing-unreviewed		0
IDT_INTERRUPT_GATE	Idtinterruptionporte	Idtinterruptionporte	existing-unreviewed		0
IDriver	IPilote	IPilote	existing-unreviewed		0
IEtherFrameHandler	IEthernettramehandler	IEthernettramehandler	existing-unreviewed		0
IInternetProtocolHandler	IInternetprotocolhandler	IInternetprotocolhandler	existing-unreviewed		0
IInterruptHandler	IInterruptionhandler	IInterruptionhandler	existing-unreviewed		0
IKeyboardEventHandler	IClavierévénementhandler	IClavierévénementhandler	existing-unreviewed		0
IMouseEventHandler	ISourisévénementhandler	ISourisévénementhandler	existing-unreviewed		0
IPCIControllerHandler	Ipcicontrôleurhandler	Ipcicontrôleurhandler	existing-unreviewed		0
IPCache	Ipcache	Ipcache	existing-unreviewed		0
IP_BE	Ipréseauoctetorder	Ipréseauoctetorder	existing-unreviewed		0
IRawDataHandler	IRawdonnéeshandler	IRawdonnéeshandler	existing-unreviewed		0
ITimerEventHandler	IMinuterieévénementhandler	IMinuterieévénementhandler	existing-unreviewed		0
IUserDatagramProtocolHandler	IUtilisateurdatagramprotocolhandler	IUtilisateurdatagramprotocolhandler	existing-unreviewed		0
IUserDatagramProtocolSocket	IUtilisateurdatagramprotocolpriseRéseau	IUtilisateurdatagramprotocolpriseRéseau	existing-unreviewed		0
IWidget	IComposant	IÉlément_graphique	project-proposal	widget	6
Identify	Identify	Identify	existing-unreviewed		0
Increment	Increment	Increment	existing-unreviewed		0
IndexOf	Indexsur	Indexsur	existing-unreviewed		0
Init	Init	Init	existing-unreviewed		0
InitDriver	Initpilote	Initpilote	existing-unreviewed		0
InitialThreadUserJump	InitialfilExécutionutilisateurjump	InitialfilExécutionutilisateurjump	existing-unreviewed		0
Ino	Ino	Ino	existing-unreviewed		0
Install	Installer	Installer	existing-unreviewed		0
Interrupt	Interruption	Interruption	existing-unreviewed		0
InterruptActive	InterruptionActif	InterruptionActif	existing-unreviewed		0
InterruptDeactive	Interruptiondeactive	Interruptiondeactive	existing-unreviewed		0
InterruptManager	Interruptiongestionnaire	Interruptiongestionnaire	existing-unreviewed		0
InterruptNumber	InterruptionNombre	InterruptionNombre	existing-unreviewed		0
InvalidOpcode	Nonvalideopcode	Nonvalideopcode	existing-unreviewed		0
InvalidTSS	Nonvalidetss	Nonvalidetss	existing-unreviewed		0
IsKernel	Isnoyau	Isnoyau	existing-unreviewed		0
IsPresent	IsPrésente	IsPrésente	existing-unreviewed		0
IsUserSpace	IsutilisateurEspace	IsutilisateurEspace	existing-unreviewed		0
KB	Ko	Ko	existing-unreviewed		0
KCS_INDEX	Kcsindex	Kcsindex	existing-unreviewed		0
KCS_SELECTOR	Kcsselector	Kcsselector	existing-unreviewed		0
KDS_INDEX	Kdsindex	Kdsindex	existing-unreviewed		0
KDS_SELECTOR	Kdsselector	Kdsselector	existing-unreviewed		0
KERNEL_HEAP_START	NoyauheapDémarrer	NoyauheapDémarrer	existing-unreviewed		0
KERNEL_VIRT_ADDR	Noyauvirtaddress	Noyauvirtaddress	existing-unreviewed		0
KGS_INDEX	Kgsindex	Kgsindex	existing-unreviewed		0
KGS_SELECTOR	Kgsselector	Kgsselector	existing-unreviewed		0
K핵심	KKernelEntry	KKernelEntry	compatibility		0
LIDT	Lidt	Lidt	existing-unreviewed		0
Last	Dernière	Dernière	existing-unreviewed		0
Len	Len	Len	compatibility		0
Limit	Limite	Limite	existing-unreviewed		0
Link	Lien	Lien	existing-unreviewed		0
LinkMap	Liencarte	Liencarte	existing-unreviewed		0
LinkedList	Linkedliste	Linkedliste	existing-unreviewed		0
Listen	Listen	Listen	existing-unreviewed		0
LoadElf	Chargerelf	Chargerelf	existing-unreviewed		0
MAC	Mac	Mac	existing-unreviewed		0
MAC0	Mac0	Mac0	existing-unreviewed		0
MAC1	Mac1	Mac1	existing-unreviewed		0
MAC2	Mac2	Mac2	existing-unreviewed		0
MAC3	Mac3	Mac3	existing-unreviewed		0
MAC4	Mac4	Mac4	existing-unreviewed		0
MAC5	Mac5	Mac5	existing-unreviewed		0
MACAddress0Port	Macaddress0port	Macaddress0port	existing-unreviewed		0
MACAddress2Port	Macaddress2port	Macaddress2port	existing-unreviewed		0
MACAddress4Port	Macaddress4port	Macaddress4port	existing-unreviewed		0
MACCache	Maccache	Maccache	existing-unreviewed		0
MAX_QUEUE_SIZE	MaxfileAttenteTaille	MaxfileAttenteTaille	existing-unreviewed		0
MB	Mo	Mo	existing-unreviewed		0
MBR	Mbr	Mbr	existing-unreviewed		0
MHex출력	MHexadecimalImprimer	MHexadecimalImprimer	existing-unreviewed		0
MHex출력XY	MHexadecimalImprimerxy	MHexadecimalImprimerxy	existing-unreviewed		0
MUint16출력	MUnsignedinteger16Imprimer	MUnsignedinteger16Imprimer	existing-unreviewed		0
MUint16출력XY	MUnsignedinteger16Imprimerxy	MUnsignedinteger16Imprimerxy	existing-unreviewed		0
MUint32출력	MUnsignedinteger32Imprimer	MUnsignedinteger32Imprimer	existing-unreviewed		0
MUint32출력XY	MUnsignedinteger32Imprimerxy	MUnsignedinteger32Imprimerxy	existing-unreviewed		0
MUint64출력	MUnsignedinteger64Imprimer	MUnsignedinteger64Imprimer	existing-unreviewed		0
MUint64출력XY	MUnsignedinteger64Imprimerxy	MUnsignedinteger64Imprimerxy	existing-unreviewed		0
Machine	Machine	Machine	existing-unreviewed		0
MachineCheck	Machinecheck	Machinecheck	existing-unreviewed		0
MakeRangePrivateWritable	MakeIntervallePrivéwritable	MakeIntervallePrivéwritable	existing-unreviewed		0
Malloc	Malloc	Allouer_la_mémoire	project-proposal	allocate_memory	32
MemCmp	Memcmp	Memcmp	existing-unreviewed		0
MemCpy	Memcopier	Memcopier	existing-unreviewed		0
MemMove	MemDéplacer	MemDéplacer	existing-unreviewed		0
MemSet	Memensemble	Memensemble	existing-unreviewed		0
MemoryOper	Mémoireoper	Mémoireoper	existing-unreviewed		0
Mode	Mode	Mode	existing-unreviewed		0
ModelToScreen	ModèletoÉcran	Définir_les_coordonnées_locales	project-proposal	set_coordinates	5
Mtime	Mtime	Mtime	existing-unreviewed		0
MtimeNsec	Mtimensec	Mtimensec	existing-unreviewed		0
MyHandleInterrupt	MyPoignéeinterruption	MyPoignéeinterruption	existing-unreviewed		0
MyTest	MyTester	MyTester	existing-unreviewed		0
M긴급로그Hex8	MEmergencyJournalhexadecimal8	MEmergencyJournalhexadecimal8	existing-unreviewed		0
M긴급로그Uint32	MEmergencyJournalunsignedinteger32	MEmergencyJournalunsignedinteger32	existing-unreviewed		0
M긴급로그문자열	MEmergencyJournalChaîne	MEmergencyJournalChaîne	existing-unreviewed		0
M직렬로그초기화	MSérieJournalinit	MSérieJournalinit	existing-unreviewed		0
M출력	MImprimer	MImprimer	existing-unreviewed		0
M출력BytesXY	MImprimerOctetsxy	MImprimerOctetsxy	existing-unreviewed		0
M출력Hex	MImprimerhexadecimal	MImprimerhexadecimal	existing-unreviewed		0
M출력Uint16	MImprimerunsignedinteger16	MImprimerunsignedinteger16	existing-unreviewed		0
M출력Uint32	MImprimerunsignedinteger32	MImprimerunsignedinteger32	existing-unreviewed		0
M출력XY	MImprimerxy	MImprimerxy	existing-unreviewed		0
M테스트	M테스트	M테스트	existing-unreviewed		0
NMI	Nmi	Nmi	existing-unreviewed		0
New	Nouveau	Nouveau	existing-unreviewed		0
NewInterruptHandler	Nouveauinterruptionhandler	Nouveauinterruptionhandler	existing-unreviewed		0
Next	Suivant	Suivant	existing-unreviewed		0
Nlink	Nlink	Nlink	existing-unreviewed		0
Node	Nœud	TMaillon_de_liste	project-proposal	list_node	16
Nodename	Nodename	Nodename	existing-unreviewed		0
OnEtherFrameReceived	Ethernettramereceivewhen	Ethernettramereceivewhen	existing-unreviewed		0
OnGetDriver	Surgetpilote	Surgetpilote	existing-unreviewed		0
OnInternetProtocolReceived	Internetprotocolreceivewhen	Internetprotocolreceivewhen	existing-unreviewed		0
OnKeyDown	SurCléVerslebas	SurCléVerslebas	existing-unreviewed		0
OnKeyUp	SurCléHaut	SurCléHaut	existing-unreviewed		0
OnMouseDown	SursourisVerslebas	SursourisVerslebas	existing-unreviewed		0
OnMouseMove	SursourisDéplacer	SursourisDéplacer	existing-unreviewed		0
OnMouseUp	SursourisHaut	SursourisHaut	existing-unreviewed		0
OnRawDataReceived	Surrawdonnéesreceive	Surrawdonnéesreceive	existing-unreviewed		0
OnTick	Surtick	Surtick	existing-unreviewed		0
Overflow	Overflow	Overflow	existing-unreviewed		0
P1LinkMap	PValeur1liencarte	PValeur1liencarte	existing-unreviewed		0
P2LinkMap	PValeur2liencarte	PValeur2liencarte	existing-unreviewed		0
P3LinkMap	PValeur3liencarte	PValeur3liencarte	existing-unreviewed		0
PAGE_COW	Pagecow	Pagecow	existing-unreviewed		0
PAGE_FRAME	Pagetrame	Pagetrame	existing-unreviewed		0
PAGE_PRESENT	PagePrésente	PagePrésente	existing-unreviewed		0
PAGE_USER	Pageutilisateur	Pageutilisateur	existing-unreviewed		0
PAGE_WRITABLE	Pagewritable	Pagewritable	existing-unreviewed		0
PAUSE_LOOP	SuspendreBoucles	SuspendreBoucles	existing-unreviewed		0
PICMasterCommandPort	PrimarypicCommandeESport	PrimarypicCommandeESport	existing-unreviewed		0
PICMasterDataPort	PrimarypicdonnéesESport	PrimarypicdonnéesESport	existing-unreviewed		0
PICSlaveCommandPort	SecondarypicCommandeESport	SecondarypicCommandeESport	existing-unreviewed		0
PICSlaveDataPort	SecondarypicdonnéesESport	SecondarypicdonnéesESport	existing-unreviewed		0
PRESENT	Présente	Présente	existing-unreviewed		0
PRIV_KERNEL	Privnoyau	Privnoyau	existing-unreviewed		0
PRIV_USER	Privutilisateur	Privutilisateur	existing-unreviewed		0
PROC_USER_HEAP_SIZE	ProcutilisateurheapTaille	ProcutilisateurheapTaille	existing-unreviewed		0
PageDirEntry	Pagerépertoireélément	Pagerépertoireélément	existing-unreviewed		0
PageDirectoryEntry	Pagerépertoireélément_2	Pagerépertoireélément_2	existing-unreviewed		0
PageFault	Pagedéfaut	Pagedéfaut	existing-unreviewed		0
PageFaultException	Pagedéfautexception	Pagedéfautexception	existing-unreviewed		0
PageRoundDown	PageArrondiVerslebas	PageArrondiVerslebas	existing-unreviewed		0
PageRoundUp	PageArrondiHaut	PageArrondiHaut	existing-unreviewed		0
PageTableEntry	PageTableauélément	PageTableauélément	existing-unreviewed		0
Paging	Pagination	Pagination	existing-unreviewed		0
ParentPid	Parentpid	Parentpid	existing-unreviewed		0
Parse	Parse	Parse	existing-unreviewed		0
Partition_id	PartitionIdentifiant	PartitionIdentifiant	existing-unreviewed		0
PhyMemTest	PhymemTester	PhymemTester	existing-unreviewed		0
PhysicalMemoryManager	Physiquemémoiregestionnaire	Physiquemémoiregestionnaire	existing-unreviewed		0
Pid	Pid	Pid	existing-unreviewed		0
Port	Port	Port	existing-unreviewed		0
PortBase	Portbase	Portbase	existing-unreviewed		0
PortInByte	PortEntranteoctet	PortEntranteoctet	existing-unreviewed		0
PortInDword	PortEntrantedword	PortEntrantedword	existing-unreviewed		0
PortInWord	PortEntrantemot	PortEntrantemot	existing-unreviewed		0
PortOutByte	PortSortanteoctet	PortSortanteoctet	existing-unreviewed		0
PortOutDword	PortSortantedword	PortSortantedword	existing-unreviewed		0
PortOutWord	PortSortantemot	PortSortantemot	existing-unreviewed		0
PortReadByte	Portlireoctet	Portlireoctet	existing-unreviewed		0
PortReadDword	Portliredword	Portliredword	existing-unreviewed		0
PortReadWord	Portliremot	Portliremot	existing-unreviewed		0
PortWriteByte	Portécrireoctet	Portécrireoctet	existing-unreviewed		0
PortWriteDword	Portécriredword	Portécriredword	existing-unreviewed		0
PortWriteWord	Portécriremot	Portécriremot	existing-unreviewed		0
Prev	Previous	Previous	existing-unreviewed		0
PrevTSS	Previoustss	Previoustss	existing-unreviewed		0
PrimaryPartition	Primarypartition	Primarypartition	existing-unreviewed		0
Print	Imprimer	Imprimer	existing-unreviewed		0
PrintBytes	ImprimerOctets	ImprimerOctets	existing-unreviewed		0
PrintStr	Imprimerstr	Imprimerstr	existing-unreviewed		0
PrintTLS	Imprimertls	Imprimertls	existing-unreviewed		0
PrintTest	ImprimerTester	ImprimerTester	existing-unreviewed		0
Process	Processus	Processus	existing-unreviewed		0
ProcessHelper	Processushelper	Processushelper	existing-unreviewed		0
ProcessPendingKeyboardEvents	Processusattenteclavierévénements	Processusattenteclavierévénements	existing-unreviewed		0
ProcessPendingMouseEvents	Processusattentesourisévénements	Processusattentesourisévénements	existing-unreviewed		0
PushAt	Pushat	Insérer_à_la_position	project-proposal	insert_at	1
PushBack	PushPrécédent	Ajouter_en_fin_de_liste	project-proposal	append	12
PushFront	PushAvant	Ajouter_en_tête_de_liste	project-proposal	prepend	5
PutPixel	Putpixel	Putpixel	existing-unreviewed		0
PutPixelRGB	PutpixelRVB	PutpixelRVB	existing-unreviewed		0
QUEUE_START_ADDR	FileAttenteDémarreraddress	FileAttenteDémarreraddress	existing-unreviewed		0
Rdev	Rdev	Rdev	existing-unreviewed		0
Read	Lire	Lire	existing-unreviewed		0
Read28	Lire28	Lire28	existing-unreviewed		0
ReadFile	Lirefichier	Lire_le_fichier	project-proposal	file_read	7
ReadPartitions	Lirepartition	Lirepartition	existing-unreviewed		0
Ready	Prêt	Prêt	existing-unreviewed		0
Receive	Receive	Receive	existing-unreviewed		0
Ref	Reference	Reference	existing-unreviewed		0
Release	Release	Release	existing-unreviewed		0
ReloadCR3	Rechargercr3	Rechargercr3	existing-unreviewed		0
Remove	Supprimer_2	Supprimer_2	existing-unreviewed		0
RemoveAt	Supprimerat	Supprimerat	existing-unreviewed		0
RemoveThread	SupprimerfilExécution	SupprimerfilExécution	existing-unreviewed		0
RemoveThreadAt	SupprimerfilExécutionat	SupprimerfilExécutionat	existing-unreviewed		0
RequestMacAddress	Requestmacaddress	Requestmacaddress	existing-unreviewed		0
Reset	Réinitialiser	Réinitialiser	existing-unreviewed		0
Resolve	Résoudre	Résoudre	existing-unreviewed		0
ResolveCopyOnWriteFault	Résoudrecopiersurécriredéfaut	Résoudrecopiersurécriredéfaut	existing-unreviewed		0
SCHEDULER_FREQUENCY	OrdonnanceurFréquence	OrdonnanceurFréquence	existing-unreviewed		0
SEG_BIG_MODE	SegÉlevémode	SegÉlevémode	existing-unreviewed		0
SEG_EXEC	SegExécution	SegExécution	existing-unreviewed		0
SEG_GRAN_4K_PAGE	Seggran4kpage	Seggran4kpage	existing-unreviewed		0
SEG_GRAN_BYTE	Seggranoctet	Seggranoctet	existing-unreviewed		0
SEG_KERNEL_CODE	Segnoyaucode	Segnoyaucode	existing-unreviewed		0
SEG_KERNEL_DATA	Segnoyaudonnées	Segnoyaudonnées	existing-unreviewed		0
SEG_KERNEL_GS	Segnoyaugs	Segnoyaugs	existing-unreviewed		0
SEG_NOEXEC	Segnoexec	Segnoexec	existing-unreviewed		0
SEG_NORMAL	SegNormale	SegNormale	existing-unreviewed		0
SEG_NORW	Segnorw	Segnorw	existing-unreviewed		0
SEG_R	Segr	Segr	existing-unreviewed		0
SEG_SYSTEM	Segsystème	Segsystème	existing-unreviewed		0
SEG_TASK_STATE	SegtâcheÉtat	SegtâcheÉtat	existing-unreviewed		0
SEG_USER_CODE	Segutilisateurcode	Segutilisateurcode	existing-unreviewed		0
SEG_USER_DATA	Segutilisateurdonnées	Segutilisateurdonnées	existing-unreviewed		0
SEG_USER_GS	Segutilisateurgs	Segutilisateurgs	existing-unreviewed		0
SEG_W	Segw	Segw	existing-unreviewed		0
SIMDFloatingPointException	SimdFlottantepointexception	SimdFlottantepointexception	existing-unreviewed		0
SIZE	Taille	Taille	existing-unreviewed		0
SYS_ACCESS	Sysaccès	Sysaccès	existing-unreviewed		0
SYS_BRK	Sysbrk	Sysbrk	existing-unreviewed		0
SYS_CHDIR	Syschdir	Syschdir	existing-unreviewed		0
SYS_CLOSE	Sysfermer	Sysfermer	existing-unreviewed		0
SYS_CREAT	Syscreat	Syscreat	existing-unreviewed		0
SYS_DUP	Sysdup	Sysdup	existing-unreviewed		0
SYS_DUP2	Sysdup2	Sysdup2	existing-unreviewed		0
SYS_EXECVE	Sysexecve	Sysexecve	existing-unreviewed		0
SYS_EXIT	SysQuitter	SysQuitter	existing-unreviewed		0
SYS_FCNTL	Sysfcntl	Sysfcntl	existing-unreviewed		0
SYS_FORK	Sysfork	Sysfork	existing-unreviewed		0
SYS_FSTAT	Sysfstat	Sysfstat	existing-unreviewed		0
SYS_FSYNC	Sysfsync	Sysfsync	existing-unreviewed		0
SYS_GETCWD	Sysgetcwd	Sysgetcwd	existing-unreviewed		0
SYS_GETEGID	Sysgetegid	Sysgetegid	existing-unreviewed		0
SYS_GETEUID	Sysgeteuid	Sysgeteuid	existing-unreviewed		0
SYS_GETGID	Sysgetgid	Sysgetgid	existing-unreviewed		0
SYS_GETPID	Sysgetpid	Sysgetpid	existing-unreviewed		0
SYS_GETPPID	Sysgetppid	Sysgetppid	existing-unreviewed		0
SYS_GETUID	Sysgetuid	Sysgetuid	existing-unreviewed		0
SYS_LSEEK	Syslseek	Syslseek	existing-unreviewed		0
SYS_LSTAT	Syslstat	Syslstat	existing-unreviewed		0
SYS_OPEN	Sysouvrir	Sysouvrir	existing-unreviewed		0
SYS_READ	Syslire	Syslire	existing-unreviewed		0
SYS_RT_EXIT	SysrtQuitter	SysrtQuitter	existing-unreviewed		0
SYS_SOCKETCALL	Syssocketcall	Syssocketcall	existing-unreviewed		0
SYS_STAT	Sysstat	Sysstat	existing-unreviewed		0
SYS_SYNC	Syssync	Syssync	existing-unreviewed		0
SYS_UNAME	Sysuname	Sysuname	existing-unreviewed		0
SYS_WAITPID	Syswaitpid	Syswaitpid	existing-unreviewed		0
SYS_WRITE	Sysécrire	Sysécrire	existing-unreviewed		0
Schedule	Schedule	Schedule	existing-unreviewed		0
Scheduler	Ordonnanceur	Ordonnanceur	existing-unreviewed		0
SchedulerData	Ordonnanceurdonnées	Ordonnanceurdonnées	existing-unreviewed		0
SegmentNotPresent	SegmentNonPrésente	SegmentNonPrésente	existing-unreviewed		0
SelectDrivers	Sélectionnerpilote	Sélectionnerpilote	existing-unreviewed		0
Send	Envoyer	Envoyer	existing-unreviewed		0
SendEchoRequest	EchorequestEnvoyer	EchorequestEnvoyer	existing-unreviewed		0
SendFrame	TrameEnvoyer	TrameEnvoyer	existing-unreviewed		0
SerialInit	Sérieinit	Sérieinit	existing-unreviewed		0
SerialWriteByte	Sérieécrireoctet	Sérieécrireoctet	existing-unreviewed		0
SetBackend	Ensemblebackend	Ensemblebackend	existing-unreviewed		0
SetBit	Ensemblebit	Ensemblebit	existing-unreviewed		0
SetBlockInPageDir	EnsembleBlocEntrantepagerépertoire	EnsembleBlocEntrantepagerépertoire	existing-unreviewed		0
SetBuffer	Ensemblebuffer	Ensemblebuffer	existing-unreviewed		0
SetByteAtAddr	Ensembleoctetataddress	Ensembleoctetataddress	existing-unreviewed		0
SetByteInPageDir	EnsembleoctetEntrantepagerépertoire	EnsembleoctetEntrantepagerépertoire	existing-unreviewed		0
SetCR3	Ensemblecr3	Ensemblecr3	existing-unreviewed		0
SetColor	EnsembleCouleur	EnsembleCouleur	existing-unreviewed		0
SetDescriptor	Ensembledescriptor	Ensembledescriptor	existing-unreviewed		0
SetHandleInterruptFuction	EnsemblePoignéeinterruptionfuction	EnsemblePoignéeinterruptionfuction	existing-unreviewed		0
SetHandler	Ensemblehandler	Ensemblehandler	existing-unreviewed		0
SetIPAddress	Ensembleipaddress	Ensembleipaddress	existing-unreviewed		0
SetInterruptDescriptorTableEntry	InterruptiondescriptorTableauélémentensemble	InterruptiondescriptorTableauélémentensemble	existing-unreviewed		0
SetInterruptManager	Ensembleinterruptiongestionnaire	Ensembleinterruptiongestionnaire	existing-unreviewed		0
SetInterruptNumber	EnsembleinterruptionNombre	EnsembleinterruptionNombre	existing-unreviewed		0
SetMode	Ensemblemode	Ensemblemode	existing-unreviewed		0
SetNodeAt	EnsembleNœudat	EnsembleNœudat	existing-unreviewed		0
SetStack	Ensemblestack	Ensemblestack	existing-unreviewed		0
SetTlsSegment	Ensembletlssegment	Ensembletlssegment	existing-unreviewed		0
SetUint32AtAddr	Ensembleunsignedinteger32ataddress	Ensembleunsignedinteger32ataddress	existing-unreviewed		0
SetUint32InPageDir	Ensembleunsignedinteger32Entrantepagerépertoire	Ensembleunsignedinteger32Entrantepagerépertoire	existing-unreviewed		0
SetUint8AtAddr	Ensembleunsignedinteger8ataddress	Ensembleunsignedinteger8ataddress	existing-unreviewed		0
SharedMemoryRegion	Sharedmémoireregion	Sharedmémoireregion	existing-unreviewed		0
Size	Taille_2	Taille_2	existing-unreviewed		0
Spawn	Spawn	Spawn	existing-unreviewed		0
Ss	Ss	Ss	existing-unreviewed		0
Stack	Stack	Stack	existing-unreviewed		0
StackSegmentFault	Stacksegmentdéfaut	Stacksegmentdéfaut	existing-unreviewed		0
Start_lba	Démarrerlba	Démarrerlba	existing-unreviewed		0
Started	Démarré	Démarré	existing-unreviewed		0
StdinPutByte	Stdinputoctet	Stdinputoctet	existing-unreviewed		0
StopCurrentThread	ArrêterCourantefilExécution	ArrêterCourantefilExécution	existing-unreviewed		0
Stopped	Stoppé	Stoppé	existing-unreviewed		0
SubnetMask	SubnetMasque	SubnetMasque	existing-unreviewed		0
SupportMode	Priseenchargemode	Priseenchargemode	existing-unreviewed		0
Sys_brk	Sysbrk_2	Sysbrk_2	existing-unreviewed		0
Sys_close	Sysfermer_2	Sysfermer_2	existing-unreviewed		0
Sys_exit	SysQuitter_2	SysQuitter_2	existing-unreviewed		0
Sys_getpid	Sysgetpid_2	Sysgetpid_2	existing-unreviewed		0
Sys_mousemove	Sysmousemove	Sysmousemove	existing-unreviewed		0
Sys_open	Sysouvrir_2	Sysouvrir_2	existing-unreviewed		0
Sys_printStr	SysImprimerstr	SysImprimerstr	existing-unreviewed		0
Sys_printUint32	SysImprimerunsignedinteger32	SysImprimerunsignedinteger32	existing-unreviewed		0
Sys_printf	Sysprintf	Sysprintf	existing-unreviewed		0
Sys_read	Syslire_2	Syslire_2	existing-unreviewed		0
Syscall	Syscall	Syscall	existing-unreviewed		0
Sysname	Sysname	Sysname	existing-unreviewed		0
TARPEtherFrameHandler	Arpethernettramehandler	Arpethernettramehandler	existing-unreviewed		0
TARPMessage	Arpmessage	Arpmessage	existing-unreviewed		0
TARPMessageBuffer	Arpmessagebuffer	Arpmessagebuffer	existing-unreviewed		0
TARPProvider	Arpprovider	Arpprovider	existing-unreviewed		0
TAdvancedTechnologyAttachment	TAvancéTechnologieattachment	TAvancéTechnologieattachment	existing-unreviewed		0
TArray	TTableau	TTableau	existing-unreviewed		0
TBaseAddressRegister	TBaseaddressregistre	TBaseaddressregistre	existing-unreviewed		0
TBiosParameterBlock32	TBiosparameterBloc32	TParamètres_du_système_de_fichiers32	project-proposal	fat_parameters	11
TBufferDescriptor	TBufferdescriptor	TBufferdescriptor	existing-unreviewed		0
TCOWFrameManager	Tcowtramegestionnaire	Tcowtramegestionnaire	existing-unreviewed		0
TCPUState	TcpuÉtat	TcpuÉtat	existing-unreviewed		0
TDefaultKeyboardEventHandler	TPardéfautclavierévénementhandler	TPardéfautclavierévénementhandler	existing-unreviewed		0
TDefaultMouseEventHandler	TPardéfautsourisévénementhandler	TPardéfautsourisévénementhandler	existing-unreviewed		0
TDefaultPCIControllerHandler	TPardéfautpcicontrôleurhandler	TPardéfautpcicontrôleurhandler	existing-unreviewed		0
TDefaultTimerEventHandler	TPardéfautminuterieévénementhandler	TPardéfautminuterieévénementhandler	existing-unreviewed		0
TDirectoryEntryFat32	TRépertoireélémentfat32	TRépertoireélémentfat32	existing-unreviewed		0
TDriverManager	TPilotegestionnaire	TPilotegestionnaire	existing-unreviewed		0
TEtherFrameHandler	TEthernettramehandler	TEthernettramehandler	existing-unreviewed		0
TEtherFrameHeader	TEthernettrameenTête	TEntête_de_trame_du_réseau_à_support_partagé	project-proposal	ethernet_header	8
TEtherFrameHeaderBuffer	TEthernettrameenTêtebuffer	TEthernettrameenTêtebuffer	existing-unreviewed		0
TEtherFrameProvider	TEthernettrameprovider	TFournisseur_de_trames_du_réseau_à_support_partagé	project-proposal	ethernet_provider	20
TEtherFrameRawDataHandler	TEthernettramerawdonnéeshandler	TEthernettramerawdonnéeshandler	existing-unreviewed		0
TGateDescriptor	TPortedescriptor	TPortedescriptor	existing-unreviewed		0
THREAD_STACK_SIZE	FilExécutionstackTaille	FilExécutionstackTaille	existing-unreviewed		0
TICMPHandler	Icmphandler	Icmphandler	existing-unreviewed		0
TIPEtherFrameHandler	Ipethernettramehandler	Ipethernettramehandler	existing-unreviewed		0
TInitializationBlock	TInitializationBloc	TInitializationBloc	existing-unreviewed		0
TInternetControlMessageProtocol	TInternetCtrlmessageprotocol	TProtocole_des_messages_de_contrôle_du_réseau_interconnecté	project-proposal	icmp	5
TInternetControlMessageProtocolMessage	TInternetCtrlmessageprotocolmessage	TInternetCtrlmessageprotocolmessage	existing-unreviewed		0
TInternetControlMessageProtocolMessageBuffer	TInternetCtrlmessageprotocolmessagebuffer	TInternetCtrlmessageprotocolmessagebuffer	existing-unreviewed		0
TInternetProtocolHandler	TInternetprotocolhandler	TInternetprotocolhandler	existing-unreviewed		0
TInternetProtocolProvider	TInternetprotocolprovider	TFournisseur_du_protocole_du_réseau_interconnecté	project-proposal	ip_provider	14
TInternetProtocolV4Message	TInternetprotocolv4message	TInternetprotocolv4message	existing-unreviewed		0
TInternetProtocolV4MessageBuffer	TInternetprotocolv4messagebuffer	TInternetprotocolv4messagebuffer	existing-unreviewed		0
TInterruptDescriptorTablePointer	TInterruptiondescriptorTableauPointeur	TInterruptiondescriptorTableauPointeur	existing-unreviewed		0
TInterruptHandler	TInterruptionhandler	TInterruptionhandler	existing-unreviewed		0
TInterruptManager	TInterruptiongestionnaire	TInterruptiongestionnaire	existing-unreviewed		0
TKeyboardDriver	TClavierpilote	TClavierpilote	existing-unreviewed		0
TLS_START	TlsDémarrer	TlsDémarrer	existing-unreviewed		0
TMSDOSPartitionTable	TmsdospartitionTableau	TmsdospartitionTableau	existing-unreviewed		0
TMasterBootRecord	TMaîtrebootEnregistrement	TEnregistrement_principal_de_démarrage	project-proposal	boot_record	3
TMemoryChunk	TMémoirechunk	TMémoirechunk	existing-unreviewed		0
TMemoryManager	TMémoiregestionnaire	TMémoiregestionnaire	existing-unreviewed		0
TMouseDriver	TSourispilote	TSourispilote	existing-unreviewed		0
TMyKeyboardEventHandler	TMyclavierévénementhandler	TMyclavierévénementhandler	existing-unreviewed		0
TMyMouseEventHandler	TMysourisévénementhandler	TMysourisévénementhandler	existing-unreviewed		0
TMyPCIControllerHandler	TMypcicontrôleurhandler	TMypcicontrôleurhandler	existing-unreviewed		0
TPartitionTableEntry	TPartitionTableauélément	TPartitionTableauélément	existing-unreviewed		0
TPeripheralComponentInterconnectController	TPeripheralcomponentinterconnectcontrôleur	TPeripheralcomponentinterconnectcontrôleur	existing-unreviewed		0
TPeripheralComponentInterconnectDeviceDescriptor	TPeripheralcomponentinterconnectPériphériquedescriptor	TPeripheralcomponentinterconnectPériphériquedescriptor	existing-unreviewed		0
TPort	TPort	TPort	existing-unreviewed		0
TPort16Bit	TPort16bit	TPort16bit	existing-unreviewed		0
TPort32Bit	TPort32bit	TPort32bit	existing-unreviewed		0
TPort8Bit	TPort8bit	TPort8bit	existing-unreviewed		0
TRawDataHandler	TRawdonnéeshandler	TRawdonnéeshandler	existing-unreviewed		0
TSSEntry	Tssélément	Tssélément	existing-unreviewed		0
TSyscall	TSyscall	TSyscall	existing-unreviewed		0
TTask	TTâche	TTâche	existing-unreviewed		0
TThread	TFilExécution	TFilExécution	existing-unreviewed		0
TThreadHelper	TFilExécutionhelper	TFilExécutionhelper	existing-unreviewed		0
TTimerDriver	TMinuteriepilote	TMinuteriepilote	existing-unreviewed		0
TUserDatagramProtocolHandler	TUtilisateurdatagramprotocolhandler	TUtilisateurdatagramprotocolhandler	existing-unreviewed		0
TUserDatagramProtocolHeader	TUtilisateurdatagramprotocolenTête	TEntête_des_datagrammes_utilisateur	project-proposal	udp_header	5
TUserDatagramProtocolHeaderBuffer	TUtilisateurdatagramprotocolenTêtebuffer	TUtilisateurdatagramprotocolenTêtebuffer	existing-unreviewed		0
TUserDatagramProtocolProvider	TUtilisateurdatagramprotocolprovider	TUtilisateurdatagramprotocolprovider	existing-unreviewed		0
TUserDatagramProtocolSocket	TUtilisateurdatagramprotocolpriseRéseau	TPoint_de_communication_des_datagrammes_utilisateur	project-proposal	udp_socket	17
TVideoGraphicsArray	TVidéoAffichagetableau	TVidéoAffichagetableau	existing-unreviewed		0
TWidget	TComposant	TÉlément_graphique	project-proposal	widget	9
TWidgetMouseEventHandler	TComposantsourisévénementhandler	TComposantsourisévénementhandler	existing-unreviewed		0
Tamd_am79c973	Tamdam79c973	Tamdam79c973	existing-unreviewed		0
Test	Tester	Tester	existing-unreviewed		0
TestBit	Testerbit	Testerbit	existing-unreviewed		0
TestPrint	TesterImprimer	TesterImprimer	existing-unreviewed		0
Thread	FilExécution	FilExécution	existing-unreviewed		0
ThreadList	FilExécutionliste	FilExécutionliste	existing-unreviewed		0
ThreadState	FilExécutionÉtat	FilExécutionÉtat	existing-unreviewed		0
Threads	Threads	Threads	existing-unreviewed		0
TlsSegments	Tlssegments	Tlssegments	existing-unreviewed		0
TotalBlocks	TotalBloc	TotalBloc	existing-unreviewed		0
Type	TypeValeur	TypeValeur	existing-unreviewed		0
TypeTest	TypeTester	TypeTester	existing-unreviewed		0
T공용서술자테이블	TShareddescriptorTableau	TShareddescriptorTableau	existing-unreviewed		0
T공용서술자테이블_자료	TShareddescriptorTableaudonnées	TShareddescriptorTableaudonnées	existing-unreviewed		0
T작업관리자	TTâchegestionnaire	TTâchegestionnaire	existing-unreviewed		0
T조각설명자	TSegmentdescriptor	TSegmentdescriptor	existing-unreviewed		0
T콘솔	TConsole	TConsole	existing-unreviewed		0
T함수1	TFonction1	TFonction1	existing-unreviewed		0
UDESC_32SEG	Udesc32seg	Udesc32seg	existing-unreviewed		0
UDESC_CONTENTS	UdescSommaire	UdescSommaire	existing-unreviewed		0
UDESC_LIMIT_IN_PAGES	UdescLimiteEntrantepages	UdescLimiteEntrantepages	existing-unreviewed		0
UDESC_RX_ONLY	Udescrxseulement	Udescrxseulement	existing-unreviewed		0
UDESC_SEG_NOT_PRESENT	UdescsegNonPrésente	UdescsegNonPrésente	existing-unreviewed		0
UDESC_USABLE	Udescusable	Udescusable	existing-unreviewed		0
USER_STACK	Utilisateurstack	Utilisateurstack	existing-unreviewed		0
USER_STACK_SIZE	UtilisateurstackTaille	UtilisateurstackTaille	existing-unreviewed		0
USER_STACK_TOP	UtilisateurstackHaut	UtilisateurstackHaut	existing-unreviewed		0
Uid	Uid	Uid	existing-unreviewed		0
Uint16ToArray	Unsignedinteger16totableau	Unsignedinteger16totableau	existing-unreviewed		0
Uint16ToArray_BE	Unsignedinteger16totableaube	Unsignedinteger16totableaube	existing-unreviewed		0
Uint16_R	Unsignedinteger16r	Unsignedinteger16r	existing-unreviewed		0
Uint32ToArray	Unsignedinteger32totableau	Unsignedinteger32totableau	existing-unreviewed		0
Uint32_R	Unsignedinteger32r	Unsignedinteger32r	existing-unreviewed		0
Uint48ToArray	Unsignedinteger48totableau	Unsignedinteger48totableau	existing-unreviewed		0
Uint48ToArray_BE	Unsignedinteger48totableaube	Unsignedinteger48totableaube	existing-unreviewed		0
Uint48_R	Unsignedinteger48r	Unsignedinteger48r	existing-unreviewed		0
Uint64ToArray	Unsignedinteger64totableau	Unsignedinteger64totableau	existing-unreviewed		0
Uint64_R	Unsignedinteger64r	Unsignedinteger64r	existing-unreviewed		0
UnhandleInterrupt	Unhandleinterruption	Unhandleinterruption	existing-unreviewed		0
UnsetBit	Indéfinibit	Inverser_le_bit_de_réservation	project-proposal	toggle_bit	1
UsedBlocks	UtiliséBloc	UtiliséBloc	existing-unreviewed		0
UserDesc	Utilisateurdescriptor	Utilisateurdescriptor	existing-unreviewed		0
UserStack	Utilisateurstack_2	Utilisateurstack_2	existing-unreviewed		0
UserStackSize	UtilisateurstackTaille_2	UtilisateurstackTaille_2	existing-unreviewed		0
Vendor_id	MarqueIdentifiant	MarqueIdentifiant	existing-unreviewed		0
Version	Version	Version	existing-unreviewed		0
VirtTest	VirtTester	VirtTester	existing-unreviewed		0
Write	Écrire	Écrire	existing-unreviewed		0
Write28	Écrire28	Écrire28	existing-unreviewed		0
WriteRegisters	Écrireregistre	Écrireregistre	existing-unreviewed		0
X	X	X	existing-unreviewed		0
Y	Y	Y	existing-unreviewed		0
Zero	Zéro	Zéro	existing-unreviewed		0
ZeroBlockInPageDir	ZéroBlocEntrantepagerépertoire	ZéroBlocEntrantepagerépertoire	existing-unreviewed		0
a	a	a	existing-unreviewed		0
aTime	aHeure	aHeure	existing-unreviewed		0
access	accès	accès	existing-unreviewed		0
accessMode	accèsmode	accèsmode	existing-unreviewed		0
ack	ack	ack	existing-unreviewed		0
activeKeyboardDriver	actifclavierpilote	actifclavierpilote	existing-unreviewed		0
activeMouseDriver	actifsourispilote	actifsourispilote	existing-unreviewed		0
addr	address	address	existing-unreviewed		0
addrPtr	addressPointeur	addressPointeur	existing-unreviewed		0
address	address_2	address_2	existing-unreviewed		0
addressError	addressErreur	addressErreur	existing-unreviewed		0
afInet	afinet	afinet	existing-unreviewed		0
allocFD	allocatefd	allocatefd	existing-unreviewed		0
allocOpenFile	allocateouvrirfichier	allocateouvrirfichier	existing-unreviewed		0
allocProcess	allocateprocessus	allocateprocessus	existing-unreviewed		0
allocateSocket	allocatepriseRéseau	allocatepriseRéseau	existing-unreviewed		0
allocated	allocated	allocated	existing-unreviewed		0
amd_am79c973	amdam79c973	amdam79c973	existing-unreviewed		0
args	arguments	arguments	existing-unreviewed		0
argument	argument	argument	existing-unreviewed		0
argumentPointers	argumentpointers	argumentpointers	existing-unreviewed		0
arguments	arguments_2	arguments_2	existing-unreviewed		0
arp	arp	arp	existing-unreviewed		0
arpBuffer	arpbuffer	arpbuffer	existing-unreviewed		0
arpMesgSize	arpmesgTaille	arpmesgTaille	existing-unreviewed		0
arpProvider	arpprovider	arpprovider	existing-unreviewed		0
arp콘솔	arpconsole	arpconsole	existing-unreviewed		0
array	tableau	tableau	existing-unreviewed		0
ata	ata	ata	existing-unreviewed		0
ata0s	ata0s	ata0s	existing-unreviewed		0
attempts	attempts	attempts	existing-unreviewed		0
attr	attribut	attribut	existing-unreviewed		0
attributeControllerIndexPort	attributcontrôleurindexport	attributcontrôleurindexport	existing-unreviewed		0
attributeControllerReadPort	attributcontrôleurlireport	attributcontrôleurlireport	existing-unreviewed		0
attributeControllerResetPort	attributcontrôleurRéinitialiserport	attributcontrôleurRéinitialiserport	existing-unreviewed		0
attributeControllerWritePort	attributcontrôleurécrireport	attributcontrôleurécrireport	existing-unreviewed		0
attributes	attributs	attributs	existing-unreviewed		0
aux	aux	aux	existing-unreviewed		0
avail	disponible	disponible	existing-unreviewed		0
b	b	b	existing-unreviewed		0
backend	backend	backend	existing-unreviewed		0
backupFpRegs	backupfpregs	backupfpregs	existing-unreviewed		0
backupSector	backupsector	backupsector	existing-unreviewed		0
bar	barre	barre	existing-unreviewed		0
barNum	barreNombre	barreNombre	existing-unreviewed		0
bar_value	barreValeur	barreValeur	existing-unreviewed		0
base	base	base	existing-unreviewed		0
baseCode	basecode	basecode	existing-unreviewed		0
baseHigh	baseÉlevée	baseÉlevée	existing-unreviewed		0
baseLow	baseBasse	baseBasse	existing-unreviewed		0
baseMid	basemid	basemid	existing-unreviewed		0
base_addr_high	baseaddressÉlevée	baseaddressÉlevée	existing-unreviewed		0
base_addr_low	baseaddressBasse	baseaddressBasse	existing-unreviewed		0
bh	bh	bh	existing-unreviewed		0
bindEphemeral	relierephemeral	relierephemeral	existing-unreviewed		0
bindError	relierErreur	relierErreur	existing-unreviewed		0
bios	bios	bios	existing-unreviewed		0
bit	bit	bit	existing-unreviewed		0
bitmap	bitmap	carte_des_allocations	project-proposal	bitmap	2
bootSignature	bootsignature	bootsignature	existing-unreviewed		0
bootable	bootable	bootable	existing-unreviewed		0
bootloader	bootloader	bootloader	existing-unreviewed		0
bound	bound	bound	existing-unreviewed		0
bpb	bpb	paramètres_du_système_de_fichiers	project-proposal	fat_parameters	16
bpbBytes	bpbOctets	bpbOctets	existing-unreviewed		0
bpbPtr	bpbPointeur	bpbPointeur	existing-unreviewed		0
buf	buffer	buffer	existing-unreviewed		0
buf1	buffer1	buffer1	existing-unreviewed		0
buf2	buffer2	buffer2	existing-unreviewed		0
buf3	buffer3	buffer3	existing-unreviewed		0
buf4	buffer4	buffer4	existing-unreviewed		0
buf6	buffer6	buffer6	existing-unreviewed		0
buffer	buffer_2	buffer_2	existing-unreviewed		0
buffer1	buffer1_2	buffer1_2	existing-unreviewed		0
buffer2	buffer2_2	buffer2_2	existing-unreviewed		0
bufferAddr	bufferaddress	bufferaddress	existing-unreviewed		0
bufferAddress	bufferaddress_2	bufferaddress_2	existing-unreviewed		0
bufptr	bufferPointeur	bufferPointeur	existing-unreviewed		0
bus	bus	bus	existing-unreviewed		0
busControlRegisterDataPort	busCtrlregistredonnéesport	busCtrlregistredonnéesport	existing-unreviewed		0
button	bouton	bouton	existing-unreviewed		0
buttons	bouton_2	bouton_2	existing-unreviewed		0
bytesPerSector	octetspersector	octetspersector	existing-unreviewed		0
c	c	c	existing-unreviewed		0
cDate	cdate	cdate	existing-unreviewed		0
cTime	cHeure	cHeure	existing-unreviewed		0
cTimeTenth	cHeuretenth	cHeuretenth	existing-unreviewed		0
call	appel	appel	existing-unreviewed		0
candidate	candidate	candidate	existing-unreviewed		0
cap	cap	cap	existing-unreviewed		0
char	char	char	existing-unreviewed		0
checked	checked	checked	existing-unreviewed		0
checksum	checksum	checksum	existing-unreviewed		0
child	enfant	enfant	existing-unreviewed		0
childPID	enfantpid	enfantpid	existing-unreviewed		0
childPageDir	enfantpagerépertoire	enfantpagerépertoire	existing-unreviewed		0
chunk	chunk	chunk	existing-unreviewed		0
class_id	classeIdentifiant	classeIdentifiant	existing-unreviewed		0
closeAllProcessFDs	fermerToutprocessusfds	fermerToutprocessusfds	existing-unreviewed		0
closeOnExec	fermersurExécution	fermersurExécution	existing-unreviewed		0
closeProcessFD	fermerprocessusfd	fermerprocessusfd	existing-unreviewed		0
code	code	code	existing-unreviewed		0
code1Ptr	code1Pointeur	code1Pointeur	existing-unreviewed		0
code1ptr	code1Pointeur_2	code1Pointeur_2	existing-unreviewed		0
code2Ptr	code2Pointeur	code2Pointeur	existing-unreviewed		0
code3Ptr	code3Pointeur	code3Pointeur	existing-unreviewed		0
codeSegment	codesegment	codesegment	existing-unreviewed		0
colorIndex	couleurindex	couleurindex	existing-unreviewed		0
colordepth	couleurProfondeur	couleurProfondeur	existing-unreviewed		0
command	commande	commande	existing-unreviewed		0
commandPort	commandeport	commandeport	existing-unreviewed		0
commandport	commandeport_2	commandeport_2	existing-unreviewed		0
common	commun	commun	existing-unreviewed		0
connected	connected	connected	existing-unreviewed		0
console	console	console	existing-unreviewed		0
controlPort	ctrlport	ctrlport	existing-unreviewed		0
copyExecVector	copierExécutionvector	copierExécutionvector	existing-unreviewed		0
copyLength	copierDurée	copierDurée	existing-unreviewed		0
copyPageDir	copierpagerépertoire	copierpagerépertoire	existing-unreviewed		0
copyPath	copierCHEMIN	copierCHEMIN	existing-unreviewed		0
copySocketName	copierpriseRéseauNom	copierpriseRéseauNom	existing-unreviewed		0
copyUtsField	copierutschamp	copierutschamp	existing-unreviewed		0
count	nombre	nombre	existing-unreviewed		0
count2	nombre2	nombre2	existing-unreviewed		0
cowFrameManager	cowtramegestionnaire	cowtramegestionnaire	existing-unreviewed		0
cpu	processeur	processeur	existing-unreviewed		0
cpustate	processeurÉtat	processeurÉtat	existing-unreviewed		0
cr0	cr0	cr0	existing-unreviewed		0
cr3	cr3	cr3	existing-unreviewed		0
cr4	cr4	cr4	existing-unreviewed		0
crtcDataPort	crtcdonnéesport	crtcdonnéesport	existing-unreviewed		0
crtcIndexPort	crtcindexport	crtcindexport	existing-unreviewed		0
cs	cs	cs	existing-unreviewed		0
currentRecvBuffer	couranterecvbuffer	couranterecvbuffer	existing-unreviewed		0
currentSendBuffer	couranteEnvoyerbuffer	couranteEnvoyerbuffer	existing-unreviewed		0
currentTask	courantetâche	courantetâche	existing-unreviewed		0
currentThread	courantefilExécution	courantefilExécution	existing-unreviewed		0
currentThreadIndex	courantefilExécutionindex	courantefilExécutionindex	existing-unreviewed		0
cursorHeight	curseurHauteur	curseurHauteur	existing-unreviewed		0
cursorStart	curseurDémarrer	curseurDémarrer	existing-unreviewed		0
d_tag	dÉtiquette	dÉtiquette	existing-unreviewed		0
d_val_ptr	dvalPointeur	dvalPointeur	existing-unreviewed		0
data	données	données	existing-unreviewed		0
dataBuf	donnéesbuffer	donnéesbuffer	existing-unreviewed		0
dataBytes	donnéesOctets	donnéesOctets	existing-unreviewed		0
dataPointer	donnéesPointeur	donnéesPointeur	existing-unreviewed		0
dataPort	donnéesport	donnéesport	existing-unreviewed		0
dataStart	donnéesDémarrer	donnéesDémarrer	existing-unreviewed		0
databuffer	donnéesbuffer_2	donnéesbuffer_2	existing-unreviewed		0
dataport	donnéesport_2	donnéesport_2	existing-unreviewed		0
defaultKeyboardEventHandler	pardéfautclavierévénementhandler	pardéfautclavierévénementhandler	existing-unreviewed		0
desc	descriptor	descriptor	existing-unreviewed		0
description	description	description	existing-unreviewed		0
destination	destination	destination	existing-unreviewed		0
destinationAddress	destinationaddress	destinationaddress	existing-unreviewed		0
destinationLength	destinationDurée	destinationDurée	existing-unreviewed		0
dev	périphérique	périphérique	existing-unreviewed		0
device	périphérique_2	périphérique_2	existing-unreviewed		0
deviceDescriptor	périphériquedescriptor	périphériquedescriptor	existing-unreviewed		0
devicePort	périphériqueport	périphériqueport	existing-unreviewed		0
diff	diff	diff	existing-unreviewed		0
digits	digits	digits	existing-unreviewed		0
dirent	dirent	dirent	existing-unreviewed		0
direntBytes	direntOctets	direntOctets	existing-unreviewed		0
direntPtr	direntPointeur	direntPointeur	existing-unreviewed		0
discardProcess	abandonnerprocessus	abandonnerprocessus	existing-unreviewed		0
dispatchInterrupt	dispatchinterruption	dispatchinterruption	existing-unreviewed		0
divisor	divisor	divisor	existing-unreviewed		0
domain	domaine	domaine	existing-unreviewed		0
driveNumber	driveNombre	driveNombre	existing-unreviewed		0
driver	pilote	pilote	existing-unreviewed		0
driverManager	pilotegestionnaire	pilotegestionnaire	existing-unreviewed		0
drivercount	piloteNombre	piloteNombre	existing-unreviewed		0
drv	pilote_2	pilote_2	existing-unreviewed		0
ds	ds	ds	existing-unreviewed		0
ds_segment	dssegment	dssegment	existing-unreviewed		0
dst	destination_2	destination_2	existing-unreviewed		0
dstEntry	destinationélément	destinationélément	existing-unreviewed		0
dstIP	destinationipaddress	destinationipaddress	existing-unreviewed		0
dstIP_BE	destinationipaddressréseauoctetorder	destinationipaddressréseauoctetorder	existing-unreviewed		0
dstMAC	destinationmacaddress	destinationmacaddress	existing-unreviewed		0
dstMAC_BE	destinationmacbe	destinationmacbe	existing-unreviewed		0
dstPageDir	destinationpagerépertoire	destinationpagerépertoire	existing-unreviewed		0
dstPort	destinationportNombre	numéro_du_port_destination	project-proposal	destination_port	9
dstPt	destinationpt	destinationpt	existing-unreviewed		0
dstPtPtr	destinationptPointeur	destinationptPointeur	existing-unreviewed		0
dstPtr	destinationPointeur	destinationPointeur	existing-unreviewed		0
dstptr	destinationPointeur_2	destinationPointeur_2	existing-unreviewed		0
dynamic	dynamique	dynamique	existing-unreviewed		0
e	e	e	existing-unreviewed		0
e_ehsize	eehsize	eehsize	existing-unreviewed		0
e_entry	eélément	eélément	existing-unreviewed		0
e_flags	eAttributs	eAttributs	existing-unreviewed		0
e_ident	eident	eident	existing-unreviewed		0
e_machine	emachine	emachine	existing-unreviewed		0
e_phentsize	ephentsize	ephentsize	existing-unreviewed		0
e_phnum	ephnum	ephnum	existing-unreviewed		0
e_phoff	ephoff	ephoff	existing-unreviewed		0
e_shentsize	eshentsize	eshentsize	existing-unreviewed		0
e_shnum	eshnum	eshnum	existing-unreviewed		0
e_shoff	eshoff	eshoff	existing-unreviewed		0
e_shstrndx	eshstrndx	eshstrndx	existing-unreviewed		0
e_type	etype	etype	existing-unreviewed		0
e_version	eversion	eversion	existing-unreviewed		0
eax	eax	eax	existing-unreviewed		0
ebp	ebp	ebp	existing-unreviewed		0
ebx	ebx	ebx	existing-unreviewed		0
ecx	ecx	ecx	existing-unreviewed		0
edi	edi	edi	existing-unreviewed		0
edx	edx	edx	existing-unreviewed		0
efHandler	efhandler	efhandler	existing-unreviewed		0
eflags	eflags	eflags	existing-unreviewed		0
eip	eip	eip	existing-unreviewed		0
eipOffset	eipDécalage	eipDécalage	existing-unreviewed		0
elf	elf	format_exécutable_et_liable	project-proposal	elf	6
elf0	elf0	elf0	existing-unreviewed		0
elf2	elf2	elf2	existing-unreviewed		0
elf3	elf3	elf3	existing-unreviewed		0
elf4	elf4	elf4	existing-unreviewed		0
elfHeader	elfenTête	elfenTête	existing-unreviewed		0
enabled	activé	activé	existing-unreviewed		0
end	fin	fin	existing-unreviewed		0
endOffset	finDécalage	finDécalage	existing-unreviewed		0
end_cylinder	fincylinder	fincylinder	existing-unreviewed		0
end_head	finhead	finhead	existing-unreviewed		0
end_sector	finsector	finsector	existing-unreviewed		0
ensureCurrentProcess	ensureCouranteprocessus	ensureCouranteprocessus	existing-unreviewed		0
entry	élément	élément	existing-unreviewed		0
entryPoint	élémentpoint	élémentpoint	existing-unreviewed		0
entrypoint	élémentpoint_2	élémentpoint_2	existing-unreviewed		0
environment	environment	environment	existing-unreviewed		0
environmentPointers	environmentpointers	environmentpointers	existing-unreviewed		0
err	err	err	existing-unreviewed		0
errorPort	erreurport	erreurport	existing-unreviewed		0
es	es	es	existing-unreviewed		0
esi	esi	esi	existing-unreviewed		0
esp	esp	esp	existing-unreviewed		0
esp0	esp0	esp0	existing-unreviewed		0
esp1	esp1	esp1	existing-unreviewed		0
esp2	esp2	esp2	existing-unreviewed		0
etherFrameProvider	ethernettrameprovider	fournisseur_de_trames_du_réseau_à_support_partagé	project-proposal	ethernet_provider	1
etherType	ethernettype	ethernettype	existing-unreviewed		0
etherType_BE	ethernettypebe	ethernettypebe	existing-unreviewed		0
etherframe	ethernettrame	trame_du_réseau_à_support_partagé	project-proposal	ethernet_frame	1
etherframePayload	ethernettramepayload	ethernettramepayload	existing-unreviewed		0
except	except	except	existing-unreviewed		0
exceptionCR0	exceptioncr0	exceptioncr0	existing-unreviewed		0
exceptionCR2	exceptioncr2	exceptioncr2	existing-unreviewed		0
exceptionCR3	exceptioncr3	exceptioncr3	existing-unreviewed		0
exceptionFrameValue	exceptiontrameValeur	exceptiontrameValeur	existing-unreviewed		0
exceptionHasErrorCode	exceptionhasErreurcode	exceptionhasErreurcode	existing-unreviewed		0
exceptionName	exceptionNom	exceptionNom	existing-unreviewed		0
execVector	exécutionvector	exécutionvector	existing-unreviewed		0
exists	exists	exists	existing-unreviewed		0
exited	fermé	fermé	existing-unreviewed		0
ext	ext	ext	existing-unreviewed		0
extFlags	extAttributs	extAttributs	existing-unreviewed		0
extendedScanCode	extendedAnalysercode	extendedAnalysercode	existing-unreviewed		0
fDupFD	fdupfd	fdupfd	existing-unreviewed		0
fGetFD	fgetfd	fgetfd	existing-unreviewed		0
fGetFL	fgetfl	fgetfl	existing-unreviewed		0
fSetFD	fensemblefd	fensemblefd	existing-unreviewed		0
fSetFL	fensemblefl	fensemblefl	existing-unreviewed		0
fat	fat	fat	existing-unreviewed		0
fatCopies	fatcopier	fatcopier	existing-unreviewed		0
fatInfo	fatinfo	fatinfo	existing-unreviewed		0
fatOffsetInSectorForCurrentCluster	fatDécalageEntrantesectorforCourantecluster	fatDécalageEntrantesectorforCourantecluster	existing-unreviewed		0
fatSectorCount	fatsectorNombre	fatsectorNombre	existing-unreviewed		0
fatSectorForCurrentCluster	fatsectorforCourantecluster	fatsectorforCourantecluster	existing-unreviewed		0
fatSize	fatTaille	fatTaille	existing-unreviewed		0
fatStart	fatDémarrer	fatDémarrer	existing-unreviewed		0
fatTypeLabel	fattypeétiquette	fattypeétiquette	existing-unreviewed		0
fatVersion	fatversion	fatversion	existing-unreviewed		0
fatbuf	fatbuf	fatbuf	existing-unreviewed		0
fatbuffer	fatbuffer	fatbuffer	existing-unreviewed		0
faultAddr	défautaddress	défautaddress	existing-unreviewed		0
fb	fb	fb	existing-unreviewed		0
fbCurCol	fbCourantecol	fbCourantecol	existing-unreviewed		0
fbCurLine	fbCouranteLigne	fbCouranteLigne	existing-unreviewed		0
fbHeight	fbHauteur	fbHauteur	existing-unreviewed		0
fbPhysAddr	fbphysaddress	fbphysaddress	existing-unreviewed		0
fbWidth	fbLargeur	fbLargeur	existing-unreviewed		0
fd	fd	fd	existing-unreviewed		0
fdCloexec	fdcloexec	fdcloexec	existing-unreviewed		0
fdEntry	fdélément	fdélément	existing-unreviewed		0
fdFlags	fdAttributs	fdAttributs	existing-unreviewed		0
fdKindConsole	fdTypeconsole	fdTypeconsole	existing-unreviewed		0
fdKindFat	fdTypefat	fdTypefat	existing-unreviewed		0
fdKindNone	fdTypeAucun	fdTypeAucun	existing-unreviewed		0
fdKindRootDir	fdTypeRacinerépertoire	fdTypeRacinerépertoire	existing-unreviewed		0
fdKindSocket	fdTypepriseRéseau	fdTypepriseRéseau	existing-unreviewed		0
fdKindStdin	fdTypestdin	fdTypestdin	existing-unreviewed		0
fds	fds	fds	existing-unreviewed		0
filePtr	fichierPointeur	fichierPointeur	existing-unreviewed		0
fileSector	fichiersector	fichiersector	existing-unreviewed		0
fileSize	fichierTaille	fichierTaille	existing-unreviewed		0
filename	nomdefichier	nomdefichier	existing-unreviewed		0
fillPosixStat	fillposixstat	fillposixstat	existing-unreviewed		0
findProcess	rechercherprocessus	rechercherprocessus	existing-unreviewed		0
first	first	first	existing-unreviewed		0
firstClusterHi	firstclusterhi	firstclusterhi	existing-unreviewed		0
firstClusterLow	firstclusterBasse	firstclusterBasse	existing-unreviewed		0
firstFileCluster	firstfichiercluster	firstfichiercluster	existing-unreviewed		0
flags	attributs_2	attributs_2	existing-unreviewed		0
flags2	attributs2	attributs2	existing-unreviewed		0
flagsAndOffset	attributsetDécalage	attributsetDécalage	existing-unreviewed		0
flushIndex	flushindex	flushindex	existing-unreviewed		0
flushTlsTable	flushtlsTableau	flushtlsTableau	existing-unreviewed		0
flush_tss	flushtss	flushtss	existing-unreviewed		0
fn	fn	fn	existing-unreviewed		0
foo	foo	foo	existing-unreviewed		0
foundChild	foundenfant	foundenfant	existing-unreviewed		0
frame	trame	trame	existing-unreviewed		0
frameCount	trameNombre	trameNombre	existing-unreviewed		0
frameHeaderSize	trameenTêteTaille	trameenTêteTaille	existing-unreviewed		0
free	libre	libre	existing-unreviewed		0
freePort	libreport	libreport	existing-unreviewed		0
frequency	fréquence	fréquence	existing-unreviewed		0
fs	fs	fs	existing-unreviewed		0
func1Val	func1val	func1val	existing-unreviewed		0
func2Val	func2val	func2val	existing-unreviewed		0
func3Val	func3val	func3val	existing-unreviewed		0
func_addr	funcaddress	funcaddress	existing-unreviewed		0
func_bytes	funcOctets	funcOctets	existing-unreviewed		0
func_name	funcNom	funcNom	existing-unreviewed		0
func_value	funcValeur	funcValeur	existing-unreviewed		0
function	fonction	fonction	existing-unreviewed		0
fxrstor	fxrstor	fxrstor	existing-unreviewed		0
fxsave	fxsave	fxsave	existing-unreviewed		0
g	g	g	existing-unreviewed		0
g_320x200x256	g320x200x256	g320x200x256	existing-unreviewed		0
gate	porte	porte	existing-unreviewed		0
gateData	portedonnées	portedonnées	existing-unreviewed		0
gatewayIP	gatewayip	gatewayip	existing-unreviewed		0
gdt	gdt	gdt	existing-unreviewed		0
gdtDescriptor	gdtdescriptor	gdtdescriptor	existing-unreviewed		0
gdtEntry	gdtélément	gdtélément	existing-unreviewed		0
gdtTable	gdtTableau	gdtTableau	existing-unreviewed		0
gdtTableLen	gdtTableaulen	gdtTableaulen	existing-unreviewed		0
gdt_codeSegmentSelector	gdtcodesegmentselector	gdtcodesegmentselector	existing-unreviewed		0
gdt_func	gdtfunc	gdtfunc	existing-unreviewed		0
getCR2	getcr2	getcr2	existing-unreviewed		0
getCR3	getcr3	getcr3	existing-unreviewed		0
getDescriptor	getdescriptor	getdescriptor	existing-unreviewed		0
getESI	getesi	getesi	existing-unreviewed		0
getESP	getesp	getesp	existing-unreviewed		0
getGDT	getgdt	getgdt	existing-unreviewed		0
getGS	getgs	getgs	existing-unreviewed		0
getOpenFile	getouvrirfichier	getouvrirfichier	existing-unreviewed		0
getOpenFileFor	getouvrirfichierfor	getouvrirfichierfor	existing-unreviewed		0
getTLS	gettls	gettls	existing-unreviewed		0
globalDescriptorTable	globaldescriptorTableau	globaldescriptorTableau	existing-unreviewed		0
globalOffsetTable	globalDécalageTableau	globalDécalageTableau	existing-unreviewed		0
global_offset_table	globalDécalageTableau_2	globalDécalageTableau_2	existing-unreviewed		0
graphicsControllerDataPort	affichagecontrôleurdonnéesport	affichagecontrôleurdonnéesport	existing-unreviewed		0
graphicsControllerIndexPort	affichagecontrôleurindexport	affichagecontrôleurindexport	existing-unreviewed		0
grub_multiboot_memory_map_t	grubmultibootmémoirecartet	grubmultibootmémoirecartet	existing-unreviewed		0
gs	gs	gs	existing-unreviewed		0
gs_segment	gssegment	gssegment	existing-unreviewed		0
h	h	h	existing-unreviewed		0
haltAfterFatalException	haltAprèsfatalexception	haltAprèsfatalexception	existing-unreviewed		0
handleInterrupt	poignéeinterruption	poignéeinterruption	existing-unreviewed		0
handleKeyboardInterrupt	poignéeclavierinterruption	poignéeclavierinterruption	existing-unreviewed		0
handleMouseInterrupt	poignéesourisinterruption	poignéesourisinterruption	existing-unreviewed		0
handlePagingInterrupt	poignéepaginationinterruption	poignéepaginationinterruption	existing-unreviewed		0
handleUnhandledSyscall	poignéeunhandledsyscall	poignéeunhandledsyscall	existing-unreviewed		0
handler	handler	handler	existing-unreviewed		0
handlerAddressHighBits	handleraddressÉlevéebits	handleraddressÉlevéebits	existing-unreviewed		0
handlerAddressLowBits	handleraddressBassebits	handleraddressBassebits	existing-unreviewed		0
handlerRun	handlerDémarrer	handlerDémarrer	existing-unreviewed		0
handlers	handler_2	handler_2	existing-unreviewed		0
hardwareAddressSize	matérieladdressTaille	matérieladdressTaille	existing-unreviewed		0
hardwareInterruptOffset	matérielinterruptionDécalage	matérielinterruptionDécalage	existing-unreviewed		0
hardwareType	matérieltype	matérieltype	existing-unreviewed		0
hd	hd	hd	existing-unreviewed		0
head	head	head	existing-unreviewed		0
headCount	headNombre	headNombre	existing-unreviewed		0
headerLength	enTêteDurée	enTêteDurée	existing-unreviewed		0
headertype	headertype	headertype	existing-unreviewed		0
height	hauteur	hauteur	existing-unreviewed		0
hex	hex	hex	existing-unreviewed		0
hiddenSectors	masquésectors	masquésectors	existing-unreviewed		0
i	i	i	existing-unreviewed		0
iCount	iNombre	iNombre	existing-unreviewed		0
iDrivers	ipilote	ipilote	existing-unreviewed		0
iKeyboardEventHandler	iclavierévénementhandler	iclavierévénementhandler	existing-unreviewed		0
iMouseEventHandler	isourisévénementhandler	isourisévénementhandler	existing-unreviewed		0
iPCIControllerHandler	ipcicontrôleurhandler	ipcicontrôleurhandler	existing-unreviewed		0
iRawDataHandler	irawdonnéeshandler	irawdonnéeshandler	existing-unreviewed		0
iTimerEventHandler	iminuterieévénementhandler	iminuterieévénementhandler	existing-unreviewed		0
icmp	icmp	protocole_des_messages_de_contrôle_du_réseau_interconnecté	project-proposal	icmp	12
icmpSize	icmpTaille	icmpTaille	existing-unreviewed		0
icmp콘솔	icmpconsole	icmpconsole	existing-unreviewed		0
id	identifiant	identifiant	existing-unreviewed		0
ident	ident	ident	existing-unreviewed		0
idtData	idtdonnées	idtdonnées	existing-unreviewed		0
idtPointer	idtPointeur	idtPointeur	existing-unreviewed		0
idx	idx	idx	existing-unreviewed		0
index	index	index	existing-unreviewed		0
initBlock	initBloc	initBloc	existing-unreviewed		0
initFileDescriptors	initfichierdescriptor	initfichierdescriptor	existing-unreviewed		0
initPIT	initpit	initpit	existing-unreviewed		0
initializeProcessFDs	initializeprocessusfds	initializeprocessusfds	existing-unreviewed		0
inode	inœud	inœud	existing-unreviewed		0
inputEventTask	entréeévénementtâche	entréeévénementtâche	existing-unreviewed		0
installIDT	installeridt	installeridt	existing-unreviewed		0
intNumber	intNombre	intNombre	existing-unreviewed		0
interface_id	interfaceIdentifiant	interfaceIdentifiant	existing-unreviewed		0
internetprotocolPayload	internetprotocolpayload	internetprotocolpayload	existing-unreviewed		0
interrupt	interruption	interruption	existing-unreviewed		0
interruptDebug	interruptionDéboguer	interruptionDéboguer	existing-unreviewed		0
interruptExitLoop	interruptionQuitterBoucles	interruptionQuitterBoucles	existing-unreviewed		0
interruptGateEntries	interruptionporteélément	interruptionporteélément	existing-unreviewed		0
interruptHandler	interruptionhandler	interruptionhandler	existing-unreviewed		0
interrupts	interrupts	interrupts	existing-unreviewed		0
iomap	iomap	iomap	existing-unreviewed		0
ip	ip	ip	existing-unreviewed		0
ipEtherFrameHandler	ipethernettramehandler	ipethernettramehandler	existing-unreviewed		0
ipHandler	iphandler	iphandler	existing-unreviewed		0
ipIdx	ipidx	ipidx	existing-unreviewed		0
ipProtocolUDP	ipprotocoludp	ipprotocoludp	existing-unreviewed		0
ipProvider	ipprovider	fournisseur_du_protocole_du_réseau_interconnecté	project-proposal	ip_provider	5
ipSize	ipTaille	ipTaille	existing-unreviewed		0
ip_be	ipréseauoctetorder	ipréseauoctetorder	existing-unreviewed		0
ipmessage	internetprotocolmessage	internetprotocolmessage	existing-unreviewed		0
ipv4	ipv4	protocole_du_réseau_interconnecté_4	project-proposal	ipv4	1
ip콘솔	ipconsole	ipconsole	existing-unreviewed		0
isKernel	isnoyau	isnoyau	existing-unreviewed		0
isRoot	isRacine	isRacine	existing-unreviewed		0
isRootPath	isRacineCHEMIN	isRacineCHEMIN	existing-unreviewed		0
isSharedPDE	issharedpde	issharedpde	existing-unreviewed		0
istOffset	istDécalage	istDécalage	existing-unreviewed		0
j	j	j	existing-unreviewed		0
jmp	jmp	jmp	existing-unreviewed		0
jmp_user	jmputilisateur	jmputilisateur	existing-unreviewed		0
jump_usermode_iret	jumpModeutilisateuriret	jumpModeutilisateuriret	existing-unreviewed		0
kPageDirEntry	kpagerépertoireélément	kpagerépertoireélément	existing-unreviewed		0
kernelESP	noyauesp	noyauesp	existing-unreviewed		0
kernelPageDirEntry	noyaupagerépertoireélément	noyaupagerépertoireélément	existing-unreviewed		0
kernelSS	noyauss	noyauss	existing-unreviewed		0
key	clé	clé	existing-unreviewed		0
keyboard	clavier	clavier	existing-unreviewed		0
keyboardDriver	clavierpilote	clavierpilote	existing-unreviewed		0
keyboardEventHandler	clavierévénementhandler	clavierévénementhandler	existing-unreviewed		0
keyboardQueue	clavierfileAttente	clavierfileAttente	existing-unreviewed		0
keyboardQueueRead	clavierfileAttentelire	clavierfileAttentelire	existing-unreviewed		0
keyboardQueueSize	clavierfileAttenteTaille	clavierfileAttenteTaille	existing-unreviewed		0
keyboardQueueWrite	clavierfileAttenteécrire	clavierfileAttenteécrire	existing-unreviewed		0
kind	typeValeur	typeValeur	existing-unreviewed		0
l	l	l	existing-unreviewed		0
last	dernière	dernière	existing-unreviewed		0
lbaHiPort	lbahiport	lbahiport	existing-unreviewed		0
lbaLowPort	lbaBasseport	lbaBasseport	existing-unreviewed		0
lbaMidPort	lbamidport	lbamidport	existing-unreviewed		0
ldt	ldt	ldt	existing-unreviewed		0
leftShift	gaucheMaj	gaucheMaj	existing-unreviewed		0
len	len	len	existing-unreviewed		0
len_ver	lenver	lenver	existing-unreviewed		0
length	durée	durée	existing-unreviewed		0
lengthAddress	duréeaddress	duréeaddress	existing-unreviewed		0
lengthInBytes	duréeEntranteOctets	duréeEntranteOctets	existing-unreviewed		0
length_high	duréeÉlevée	duréeÉlevée	existing-unreviewed		0
length_low	duréeBasse	duréeBasse	existing-unreviewed		0
lengths	lengths	lengths	existing-unreviewed		0
lib1Addr	lib1address	lib1address	existing-unreviewed		0
lib1Data	lib1données	lib1données	existing-unreviewed		0
lib1File	lib1fichier	lib1fichier	existing-unreviewed		0
lib1GOT	lib1got	lib1got	existing-unreviewed		0
lib1elf	lib1elf	lib1elf	existing-unreviewed		0
lib2Addr	lib2address	lib2address	existing-unreviewed		0
lib2Data	lib2données	lib2données	existing-unreviewed		0
lib2File	lib2fichier	lib2fichier	existing-unreviewed		0
lib2GOT	lib2got	lib2got	existing-unreviewed		0
lib2elf	lib2elf	lib2elf	existing-unreviewed		0
libLinkMap	libliencarte	libliencarte	existing-unreviewed		0
lidtaddr	lidtaddr	lidtaddr	existing-unreviewed		0
limit	limite	limite	existing-unreviewed		0
limitHighAndFlags	limiteÉlevéeetAttributs	limiteÉlevéeetAttributs	existing-unreviewed		0
limitLow	limiteBasse	limiteBasse	existing-unreviewed		0
linkMap	liencarte	liencarte	existing-unreviewed		0
linkMapAddr	liencarteaddress	liencarteaddress	existing-unreviewed		0
linkerAddr	linkeraddress	linkeraddress	existing-unreviewed		0
linkerData	linkerdonnées	linkerdonnées	existing-unreviewed		0
linkerEntry	linkerélément	linkerélément	existing-unreviewed		0
linkerFile	linkerfichier	linkerfichier	existing-unreviewed		0
list	liste	liste	existing-unreviewed		0
listening	listening	listening	existing-unreviewed		0
loader	loader	loader	existing-unreviewed		0
local	locale	locale	existing-unreviewed		0
localDatagramSocket	localedatagrampriseRéseau	localedatagrampriseRéseau	existing-unreviewed		0
localIP	localeip	localeip	existing-unreviewed		0
localPort	localeportNombre	localeportNombre	existing-unreviewed		0
localSockets	localesockets	localesockets	existing-unreviewed		0
logicalAddress	logiqueaddress	logiqueaddress	existing-unreviewed		0
macAddr	macaddress	macaddress	existing-unreviewed		0
macIdx	macidx	macidx	existing-unreviewed		0
magicnumber	magicnumber	magicnumber	existing-unreviewed		0
main	main	main	compatibility		0
mainThread	principalfilExécution	principalfilExécution	existing-unreviewed		0
makePagePrivateWritableCurrent	makepagePrivéwritableCourante	makepagePrivéwritableCourante	existing-unreviewed		0
makeRangePrivateWritableCurrent	makeIntervallePrivéwritableCourante	makeIntervallePrivéwritableCourante	existing-unreviewed		0
manager	gestionnaire	gestionnaire	existing-unreviewed		0
mask	masque	masque	existing-unreviewed		0
master	maître	maître	existing-unreviewed		0
matches	matches	matches	existing-unreviewed		0
maxBARs	maxbars	maxbars	existing-unreviewed		0
maxDatagramSize	maxdatagramTaille	maxdatagramTaille	existing-unreviewed		0
maxExecStringLength	maxExécutionChaîneDurée	maxExécutionChaîneDurée	existing-unreviewed		0
maxExecVectorEntries	maxExécutionvectorélément	maxExécutionvectorélément	existing-unreviewed		0
maxFD	maxfd	maxfd	existing-unreviewed		0
maxOpenFiles	maxouvrirFICHIERS	maxouvrirFICHIERS	existing-unreviewed		0
maxSocketPackets	maxpriseRéseaupaquets	maxpriseRéseaupaquets	existing-unreviewed		0
maxSockets	maxsockets	maxsockets	existing-unreviewed		0
maximumBlocks	maximumBloc	maximumBloc	existing-unreviewed		0
mediaType	supportstype	supportstype	existing-unreviewed		0
mem	mem	mem	existing-unreviewed		0
memoryArray	mémoiretableau	mémoiretableau	existing-unreviewed		0
memoryChunkSize	mémoirechunkTaille	mémoirechunkTaille	existing-unreviewed		0
memoryManager	mémoiregestionnaire	mémoiregestionnaire	existing-unreviewed		0
memoryOper	mémoireoper	mémoireoper	existing-unreviewed		0
memorySize	mémoireTaille	mémoireTaille	existing-unreviewed		0
memorymananger	memorymananger	memorymananger	existing-unreviewed		0
memorytest	memorytest	memorytest	existing-unreviewed		0
message	message	message	existing-unreviewed		0
micsPort	micsport	micsport	existing-unreviewed		0
minimum	minimum	minimum	existing-unreviewed		0
mode	mode	mode	existing-unreviewed		0
mouseDriver	sourispilote	sourispilote	existing-unreviewed		0
mouseEventHandler	sourisévénementhandler	sourisévénementhandler	existing-unreviewed		0
mouseVGA	sourisvga	sourisvga	existing-unreviewed		0
mouseWidget	souriscomposant	souriscomposant	existing-unreviewed		0
msdospart	msdospartition	msdospartition	existing-unreviewed		0
msg	msg	msg	existing-unreviewed		0
msgBuffer	msgbuffer	msgbuffer	existing-unreviewed		0
multiboot_memory_map	multibootmémoirecarte	multibootmémoirecarte	existing-unreviewed		0
multitasking	multiplegestionTâches	multiplegestionTâches	existing-unreviewed		0
myKeyboardEventHandler	myclavierévénementhandler	myclavierévénementhandler	existing-unreviewed		0
myPCIControllerHandler	mypcicontrôleurhandler	mypcicontrôleurhandler	existing-unreviewed		0
myfunction	myfunction	myfunction	existing-unreviewed		0
n	n	n	existing-unreviewed		0
n_descsz	ndescsz	ndescsz	existing-unreviewed		0
n_namesz	nnamesz	nnamesz	existing-unreviewed		0
n_type	ntype	ntype	existing-unreviewed		0
name	nom	nom	existing-unreviewed		0
nameLen	nomlen	nomlen	existing-unreviewed		0
netCard	réseauCartes	réseauCartes	existing-unreviewed		0
newButtons	nouveauBouton	nouveauBouton	existing-unreviewed		0
newFD	nouveaufd	nouveaufd	existing-unreviewed		0
newFrame	nouveautrame	nouveautrame	existing-unreviewed		0
newLink	nouveaulien	nouveaulien	existing-unreviewed		0
newNode	nouveauNœud	nouveauNœud	existing-unreviewed		0
newPtr	nouveauPointeur	nouveauPointeur	existing-unreviewed		0
next	suivant	suivant	existing-unreviewed		0
nextEphemeralPort	suivantephemeralport	suivantephemeralport	existing-unreviewed		0
nextFileCluster	suivantfichiercluster	suivantfichiercluster	existing-unreviewed		0
nextHopIP_BE	suivanthopipaddressréseauoctetorder	suivanthopipaddressréseauoctetorder	existing-unreviewed		0
nextNode	suivantNœud	suivantNœud	existing-unreviewed		0
nextProcessID	suivantprocessusIdentifiant	suivantprocessusIdentifiant	existing-unreviewed		0
nextThread	suivantfilExécution	suivantfilExécution	existing-unreviewed		0
nibble	nibble	nibble	existing-unreviewed		0
node	nœud	maillon_de_liste	project-proposal	list_node	16
nodeArray	nœudtableau	nœudtableau	existing-unreviewed		0
num	nombre_2	nombre_2	existing-unreviewed		0
numCacheEntries	nombrecacheélément	nombrecacheélément	existing-unreviewed		0
numDrivers	nombrepilote	nombrepilote	existing-unreviewed		0
numFunctions	nombreFonctions	nombreFonctions	existing-unreviewed		0
numRecvBuffers	nombrerecvbuffer	nombrerecvbuffer	existing-unreviewed		0
numSendBuffers	nombreEnvoyerbuffer	nombreEnvoyerbuffer	existing-unreviewed		0
numSockets	nombresockets	nombresockets	existing-unreviewed		0
numTasks	nombreTâches	nombreTâches	existing-unreviewed		0
oAppend	oappend	oappend	existing-unreviewed		0
oCreate	ocréer	ocréer	existing-unreviewed		0
oDirectory	orépertoire	orépertoire	existing-unreviewed		0
oReadOnly	olireseulement	olireseulement	existing-unreviewed		0
oReadWrite	olireécrire	olireécrire	existing-unreviewed		0
oTruncate	oTronquelavaleur	oTronquelavaleur	existing-unreviewed		0
oWriteOnly	oécrireseulement	oécrireseulement	existing-unreviewed		0
o_addr	oaddress	oaddress	existing-unreviewed		0
offset	décalage	décalage	existing-unreviewed		0
ok	valider	valider	existing-unreviewed		0
oldButtons	vieuxBouton	vieuxBouton	existing-unreviewed		0
oldCR3	vieuxcr3	vieuxcr3	existing-unreviewed		0
oldFD	vieuxfd	vieuxfd	existing-unreviewed		0
oldFrame	vieuxtrame	vieuxtrame	existing-unreviewed		0
oldGdt	vieuxgdt	vieuxgdt	existing-unreviewed		0
oldGdtAddr	vieuxgdtaddress	vieuxgdtaddress	existing-unreviewed		0
oldGdtLen	vieuxgdtlen	vieuxgdtlen	existing-unreviewed		0
openFileDescription	ouvrirfichierdescription	ouvrirfichierdescription	existing-unreviewed		0
openFileTable	ouvrirfichierTableau	ouvrirfichierTableau	existing-unreviewed		0
options	options	options	existing-unreviewed		0
orgValue	orgValeur	orgValeur	existing-unreviewed		0
p	p	p	existing-unreviewed		0
p1	p1	p1	existing-unreviewed		0
p2	p2	p2	existing-unreviewed		0
p_align	pAligner	pAligner	existing-unreviewed		0
p_backend	pbackend	pbackend	existing-unreviewed		0
p_data	pdonnées	pdonnées	existing-unreviewed		0
p_efHandler	pefhandler	pefhandler	existing-unreviewed		0
p_efProvider	pefprovider	pefprovider	existing-unreviewed		0
p_etherType	pethernettype	pethernettype	existing-unreviewed		0
p_filesz	pfilesz	pfilesz	existing-unreviewed		0
p_flags	pAttributs	pAttributs	existing-unreviewed		0
p_iHandler	pihandler	pihandler	existing-unreviewed		0
p_ipHandler	piphandler	piphandler	existing-unreviewed		0
p_ipProvider	pipprovider	pipprovider	existing-unreviewed		0
p_memsz	pmemsz	pmemsz	existing-unreviewed		0
p_offset	pDécalage	pDécalage	existing-unreviewed		0
p_paddr	ppaddr	ppaddr	existing-unreviewed		0
p_protocol	pprotocol	pprotocol	existing-unreviewed		0
p_provider	pprovider	pprovider	existing-unreviewed		0
p_str	pstr	pstr	existing-unreviewed		0
p_type	ptype	ptype	existing-unreviewed		0
p_udpHandler	pudphandler	pudphandler	existing-unreviewed		0
p_udpProvider	pudpprovider	pudpprovider	existing-unreviewed		0
p_vaddr	pvaddr	pvaddr	existing-unreviewed		0
packet	packet	packet	existing-unreviewed		0
packetStatus	packetÉtat	packetÉtat	existing-unreviewed		0
packets	paquets	paquets	existing-unreviewed		0
page	page	page	existing-unreviewed		0
pageDir	pagerépertoire	répertoire_de_pages	project-proposal	page_directory	27
pageDirEntry	pagerépertoireélément	pagerépertoireélément	existing-unreviewed		0
pageTableEntry	pageTableauélément	pageTableauélément	existing-unreviewed		0
paging	pagination	pagination	existing-unreviewed		0
param	param	param	existing-unreviewed		0
params	paramètres	paramètres	existing-unreviewed		0
parent	parent	parent	existing-unreviewed		0
parentPID	parentpid	parentpid	existing-unreviewed		0
parentProcess	parentprocessus	parentprocessus	existing-unreviewed		0
partEntry	partélément	partélément	existing-unreviewed		0
partition	partition	partition	existing-unreviewed		0
partitionBytes	partitionOctets	partitionOctets	existing-unreviewed		0
partitionOffset	partitionDécalage	partitionDécalage	existing-unreviewed		0
path	cHEMIN	cHEMIN	existing-unreviewed		0
pathAddr	cHEMINaddress	cHEMINaddress	existing-unreviewed		0
pci	pci	pci	existing-unreviewed		0
pciController	pcicontrôleur	pcicontrôleur	existing-unreviewed		0
pde	pde	pde	existing-unreviewed		0
pdeAddr	pdeaddress	pdeaddress	existing-unreviewed		0
pdelen	pdelen	pdelen	existing-unreviewed		0
peer	peer	peer	existing-unreviewed		0
pendingButtons	attenteBouton	attenteBouton	existing-unreviewed		0
pendingMouseEvent	attentesourisévénement	attentesourisévénement	existing-unreviewed		0
pendingX	attentex	attentex	existing-unreviewed		0
pendingY	attentey	attentey	existing-unreviewed		0
phyaddr	phyaddr	phyaddr	existing-unreviewed		0
phymem	physiquemémoire	physiquemémoire	existing-unreviewed		0
physicalAddress	physiqueaddress	physiqueaddress	existing-unreviewed		0
pid	pid	pid	existing-unreviewed		0
pitFrequency	pitFréquence	pitFréquence	existing-unreviewed		0
pixelAddress	pixeladdress	pixeladdress	existing-unreviewed		0
pointer	pointeur	référence_mémoire	project-proposal	pointer	39
pollKeyboardScancode	pollclavierscancode	pollclavierscancode	existing-unreviewed		0
port	port	port	existing-unreviewed		0
portBase	portbase	portbase	existing-unreviewed		0
portInUse	portEntranteUtiliser	portEntranteUtiliser	existing-unreviewed		0
portnumber	portnumber	portnumber	existing-unreviewed		0
pos	position	position	existing-unreviewed		0
position	position_2	position_2	existing-unreviewed		0
posixStat	posixstat	posixstat	existing-unreviewed		0
posixUtsname	posixutsname	posixutsname	existing-unreviewed		0
prefetchable	prefetchcapable	prefetchcapable	existing-unreviewed		0
prev	previous	previous	existing-unreviewed		0
prevNode	previousNœud	previousNœud	existing-unreviewed		0
prevX	previousx	previousx	existing-unreviewed		0
prevY	previousy	previousy	existing-unreviewed		0
printESP	imprimeresp	imprimeresp	existing-unreviewed		0
printExceptionSelectorInfo	imprimerexceptionselectorinfo	imprimerexceptionselectorinfo	existing-unreviewed		0
printPageFaultInfo	imprimerpagedéfautinfo	imprimerpagedéfautinfo	existing-unreviewed		0
printreg	printreg	printreg	existing-unreviewed		0
proc2	proc2	proc2	existing-unreviewed		0
proc3	proc3	proc3	existing-unreviewed		0
proc4	proc4	proc4	existing-unreviewed		0
process	processus	processus	existing-unreviewed		0
processEntry	processusélément	processusélément	existing-unreviewed		0
processHelper	processushelper	processushelper	existing-unreviewed		0
processTable	processusTableau	processusTableau	existing-unreviewed		0
processes	processus_2	processus_2	existing-unreviewed		0
programBreak	programmebreak	programmebreak	existing-unreviewed		0
protocol	protocol	protocol	existing-unreviewed		0
protocolAddressSize	protocoladdressTaille	protocoladdressTaille	existing-unreviewed		0
providedLength	providedDurée	providedDurée	existing-unreviewed		0
provider	provider	provider	existing-unreviewed		0
ps2WaitLimit	ps2AttendreLimite	ps2AttendreLimite	existing-unreviewed		0
pt	pt	pt	existing-unreviewed		0
pte	pte	pte	existing-unreviewed		0
pteAddr	pteaddress	pteaddress	existing-unreviewed		0
ptr	pointeur_2	référence_mémoire_2	project-proposal	pointer	12
pushExecUint32	pushExécutionunsignedinteger32	pushExécutionunsignedinteger32	existing-unreviewed		0
queueKeyboardByte	fileAttenteclavieroctet	fileAttenteclavieroctet	existing-unreviewed		0
r	r	r	existing-unreviewed		0
r_addend	raddend	raddend	existing-unreviewed		0
r_info	rinfo	rinfo	existing-unreviewed		0
r_offset	rDécalage	rDécalage	existing-unreviewed		0
raw	raw	raw	existing-unreviewed		0
rawDataBackend	rawdonnéesbackend	rawdonnéesbackend	existing-unreviewed		0
readFile	lirefichier	lirefichier	existing-unreviewed		0
readPS2Data	lireps2données	lireps2données	existing-unreviewed		0
readStdin	lirestdin	lirestdin	existing-unreviewed		0
readVFSFile	lirevfsfichier	lirevfsfichier	existing-unreviewed		0
read_count	lireNombre	lireNombre	existing-unreviewed		0
receiver	receiver	receiver	existing-unreviewed		0
recvBufferDescr	recvbufferdescription	recvbufferdescription	existing-unreviewed		0
recvBufferDescrAddress	recvbufferdescriptionaddress	recvbufferdescriptionaddress	existing-unreviewed		0
recvBuffers	recvbuffer	recvbuffer	existing-unreviewed		0
recvBuffersDescrMemory	recvbufferdescriptionmémoire	recvbufferdescriptionmémoire	existing-unreviewed		0
refBytes	referenceOctets	referenceOctets	existing-unreviewed		0
refPtr	referencePointeur	referencePointeur	existing-unreviewed		0
refs	refs	refs	existing-unreviewed		0
regIndex	regindex	regindex	existing-unreviewed		0
registerAddressPort	registreaddressport	registreaddressport	existing-unreviewed		0
registerDataPort	registredonnéesport	registredonnéesport	existing-unreviewed		0
registeroffset	registeroffset	registeroffset	existing-unreviewed		0
registers	registre	registre	existing-unreviewed		0
regtype	regtype	regtype	existing-unreviewed		0
rel_text	reltexte	reltexte	existing-unreviewed		0
rel_text_len	reltextelen	reltextelen	existing-unreviewed		0
releaseOpenFile	releaseouvrirfichier	releaseouvrirfichier	existing-unreviewed		0
released	released	released	existing-unreviewed		0
reloadCR3	rechargercr3	rechargercr3	existing-unreviewed		0
relocation_text	relocationtexte	relocationtexte	existing-unreviewed		0
remaining	remaining	remaining	existing-unreviewed		0
remote	distant	distant	existing-unreviewed		0
remoteIP	distantip	distantip	existing-unreviewed		0
remotePort	distantportNombre	distantportNombre	existing-unreviewed		0
requested	requested	requested	existing-unreviewed		0
reserved	réservé	réservé	existing-unreviewed		0
reserved0	réservé0	réservé0	existing-unreviewed		0
reservedSectors	réservésectors	réservésectors	existing-unreviewed		0
resetPort	réinitialiserport	réinitialiserport	existing-unreviewed		0
restoreFpRegs	restaurerfpregs	restaurerfpregs	existing-unreviewed		0
result	rÉSULTAT	rÉSULTAT	existing-unreviewed		0
result1	rÉSULTAT1	rÉSULTAT1	existing-unreviewed		0
result2	rÉSULTAT2	rÉSULTAT2	existing-unreviewed		0
ret	ret	ret	existing-unreviewed		0
revision	revision	revision	existing-unreviewed		0
rightShift	droiteMaj	droiteMaj	existing-unreviewed		0
rootCluster	racinecluster	racinecluster	existing-unreviewed		0
rootDirEntries	racinerépertoireélément	racinerépertoireélément	existing-unreviewed		0
rootStart	racineDémarrer	racineDémarrer	existing-unreviewed		0
rt	rt	rt	existing-unreviewed		0
s	s	s	existing-unreviewed		0
sIfchr	sifchr	sifchr	existing-unreviewed		0
sIfdir	sifdir	sifdir	existing-unreviewed		0
sIfmt	sifmt	sifmt	existing-unreviewed		0
sIfreg	sifreg	sifreg	existing-unreviewed		0
sIfsock	sifsock	sifsock	existing-unreviewed		0
savedESP	sauvegardéesp	sauvegardéesp	existing-unreviewed		0
sc	sc	sc	existing-unreviewed		0
scanCode	analysercode	analysercode	existing-unreviewed		0
scanCodeToByte	analysercodetooctet	analysercodetooctet	existing-unreviewed		0
scancodeToByte	scancodetooctet	scancodetooctet	existing-unreviewed		0
sche	sche	sche	existing-unreviewed		0
sche_data	schedonnées	schedonnées	existing-unreviewed		0
scheduleStack	schedulestack	schedulestack	existing-unreviewed		0
scheduler	ordonnanceur	ordonnanceur	existing-unreviewed		0
schedulerDebug	ordonnanceurDéboguer	ordonnanceurDéboguer	existing-unreviewed		0
sectHeader	sectenTête	sectenTête	existing-unreviewed		0
sectHeaderSize	sectenTêteTaille	sectenTêteTaille	existing-unreviewed		0
sectName	sectNom	sectNom	existing-unreviewed		0
sectValue	sectValeur	sectValeur	existing-unreviewed		0
sector	sector	sector	existing-unreviewed		0
sectorCountPort	sectorNombreport	sectorNombreport	existing-unreviewed		0
sectorNum	sectorNombre	sectorNombre	existing-unreviewed		0
sectorOffset	sectorDécalage	sectorDécalage	existing-unreviewed		0
sectorPerTrack	sectorpertrack	sectorpertrack	existing-unreviewed		0
sectorsPerCluster	sectorspercluster	sectorspercluster	existing-unreviewed		0
seekCur	seekCourante	seekCourante	existing-unreviewed		0
seekEnd	seekFin	seekFin	existing-unreviewed		0
seekSet	seekensemble	seekensemble	existing-unreviewed		0
segmentNumber	segmentNombre	segmentNombre	existing-unreviewed		0
self	self	self	existing-unreviewed		0
self_uintptr	selfuintptr	selfuintptr	existing-unreviewed		0
sendBack	reply	reply	existing-unreviewed		0
sendBufferDescr	envoyerbufferdescription	envoyerbufferdescription	existing-unreviewed		0
sendBufferDescrAddress	envoyerbufferdescriptionaddress	envoyerbufferdescriptionaddress	existing-unreviewed		0
sendBuffers	envoyerbuffer	envoyerbuffer	existing-unreviewed		0
sendBuffersDescrMemory	envoyerbufferdescriptionmémoire	envoyerbufferdescriptionmémoire	existing-unreviewed		0
sendDataPointer	envoyerdonnéesPointeur	envoyerdonnéesPointeur	existing-unreviewed		0
sendDescriptor	envoyerdescriptor	envoyerdescriptor	existing-unreviewed		0
sendMouseCommand	envoyersourisCommande	envoyersourisCommande	existing-unreviewed		0
sequencerDataPort	sequencerdonnéesport	sequencerdonnéesport	existing-unreviewed		0
sequencerIndexPort	sequencerindexport	sequencerindexport	existing-unreviewed		0
serialLogByte	sérieJournaloctet	sérieJournaloctet	existing-unreviewed		0
serialReady	sériePrêt	sériePrêt	existing-unreviewed		0
setCR3	ensemblecr3	ensemblecr3	existing-unreviewed		0
setDS	ensembleds	ensembleds	existing-unreviewed		0
setGS	ensemblegs	ensemblegs	existing-unreviewed		0
setThreadExitLoopState	ensemblefilExécutionQuitterBouclesÉtat	ensemblefilExécutionQuitterBouclesÉtat	existing-unreviewed		0
setupExecStack	setupExécutionstack	setupExécutionstack	existing-unreviewed		0
sh	sh	sh	existing-unreviewed		0
sh_addr	shaddress	shaddress	existing-unreviewed		0
sh_addralign	shaddralign	shaddralign	existing-unreviewed		0
sh_entsize	shentsize	shentsize	existing-unreviewed		0
sh_flags	shAttributs	shAttributs	existing-unreviewed		0
sh_info	shinfo	shinfo	existing-unreviewed		0
sh_link	shlien	shlien	existing-unreviewed		0
sh_name	shNom	shNom	existing-unreviewed		0
sh_offset	shDécalage	shDécalage	existing-unreviewed		0
sh_size	shTaille	shTaille	existing-unreviewed		0
sh_type	shtype	shtype	existing-unreviewed		0
shift	maj	maj	existing-unreviewed		0
signature	signature	signature	existing-unreviewed		0
size	taille	taille	existing-unreviewed		0
sl	sl	sl	existing-unreviewed		0
sockDatagram	sockdatagram	sockdatagram	existing-unreviewed		0
socket	priseRéseau	priseRéseau	existing-unreviewed		0
socketAddress	priseRéseauaddress	priseRéseauaddress	existing-unreviewed		0
socketAddressIPv4	priseRéseauaddressiValeur4	priseRéseauaddressiValeur4	existing-unreviewed		0
socketBind	priseRéseauRelier	priseRéseauRelier	existing-unreviewed		0
socketCallArgument	priseRéseauappelargument	priseRéseauappelargument	existing-unreviewed		0
socketConnect	priseRéseauConnecter	priseRéseauConnecter	existing-unreviewed		0
socketForFD	priseRéseauforfd	priseRéseauforfd	existing-unreviewed		0
socketIndex	priseRéseauindex	priseRéseauindex	existing-unreviewed		0
socketPacket	priseRéseaupacket	priseRéseaupacket	existing-unreviewed		0
socketReceiveFrom	priseRéseaureceivede	priseRéseaureceivede	existing-unreviewed		0
socketSendTo	priseRéseauEnvoyerto	priseRéseauEnvoyerto	existing-unreviewed		0
socketType	priseRéseautype	priseRéseautype	existing-unreviewed		0
sockets	sockets	sockets	existing-unreviewed		0
softName	softNom	softNom	existing-unreviewed		0
source	source	source	existing-unreviewed		0
sourceAddress	sourceaddress	sourceaddress	existing-unreviewed		0
sourceLengthAddress	sourceDuréeaddress	sourceDuréeaddress	existing-unreviewed		0
src	source_2	source_2	existing-unreviewed		0
srcEntry	sourceélément	sourceélément	existing-unreviewed		0
srcIP	sourceipaddress	sourceipaddress	existing-unreviewed		0
srcIP_BE	sourceipaddressréseauoctetorder	sourceipaddressréseauoctetorder	existing-unreviewed		0
srcMAC	sourcemacaddress	sourcemacaddress	existing-unreviewed		0
srcMAC_BE	sourcemacbe	sourcemacbe	existing-unreviewed		0
srcPageDir	sourcepagerépertoire	sourcepagerépertoire	existing-unreviewed		0
srcPde	sourcepde	sourcepde	existing-unreviewed		0
srcPdeAddr	sourcepdeaddress	sourcepdeaddress	existing-unreviewed		0
srcPort	sourceportNombre	numéro_du_port_source	project-proposal	source_port	9
srcPt	sourcept	sourcept	existing-unreviewed		0
srcptr	srcptr	srcptr	existing-unreviewed		0
ss	ss	ss	existing-unreviewed		0
ss0	ss0	ss0	existing-unreviewed		0
ss1	ss1	ss1	existing-unreviewed		0
ss2	ss2	ss2	existing-unreviewed		0
st	st	st	existing-unreviewed		0
st_info	stinfo	stinfo	existing-unreviewed		0
st_name	stNom	stNom	existing-unreviewed		0
st_other	stAutre	stAutre	existing-unreviewed		0
st_shndx	stshndx	stshndx	existing-unreviewed		0
st_size	stTaille	stTaille	existing-unreviewed		0
st_value	stValeur	stValeur	existing-unreviewed		0
stack	stack	mémoire_de_pile	project-proposal	stack	18
stackBytes	stackOctets	stackOctets	existing-unreviewed		0
stackPtr	stackPointeur	stackPointeur	existing-unreviewed		0
stack_addr	stackaddress	stackaddress	existing-unreviewed		0
stackbottom	stackbottom	stackbottom	existing-unreviewed		0
stacktop	stacktop	stacktop	existing-unreviewed		0
start	démarrer	démarrer	existing-unreviewed		0
startOffset	démarrerDécalage	démarrerDécalage	existing-unreviewed		0
start_cylinder	démarrercylinder	démarrercylinder	existing-unreviewed		0
start_head	démarrerhead	démarrerhead	existing-unreviewed		0
start_sector	démarrersector	démarrersector	existing-unreviewed		0
startingBit	startingbit	startingbit	existing-unreviewed		0
stat	stat	stat	existing-unreviewed		0
statAddr	stataddress	stataddress	existing-unreviewed		0
status	état	état	existing-unreviewed		0
statusAddr	étataddress	étataddress	existing-unreviewed		0
stderrFD	stderrfd	stderrfd	existing-unreviewed		0
stdinBuffer	stdinbuffer	stdinbuffer	existing-unreviewed		0
stdinFD	stdinfd	stdinfd	existing-unreviewed		0
stdinGetBlocking	stdingetblocking	stdingetblocking	existing-unreviewed		0
stdinRead	stdinlire	stdinlire	existing-unreviewed		0
stdinWrite	stdinécrire	stdinécrire	existing-unreviewed		0
stdoutFD	stdoutfd	stdoutfd	existing-unreviewed		0
stoppedThread	stoppéfilExécution	stoppéfilExécution	existing-unreviewed		0
str	str	str	existing-unreviewed		0
stringAddress	chaîneaddress	chaîneaddress	existing-unreviewed		0
stringHeader	chaîneenTête	chaîneenTête	existing-unreviewed		0
strtab	strtab	strtab	existing-unreviewed		0
subclass_id	subclassIdentifiant	subclassIdentifiant	existing-unreviewed		0
subnetMask	subnetMasque	subnetMasque	existing-unreviewed		0
swapUint16	swapunsignedinteger16	swapunsignedinteger16	existing-unreviewed		0
switchForced	switchforced	switchforced	existing-unreviewed		0
sysAccess	sysaccès	sysaccès	existing-unreviewed		0
sysBrk	sysbrk	sysbrk	existing-unreviewed		0
sysCall	sysappel	sysappel	existing-unreviewed		0
sysChdir	syschdir	syschdir	existing-unreviewed		0
sysClose	sysfermer	sysfermer	existing-unreviewed		0
sysDup	sysdup	sysdup	existing-unreviewed		0
sysDup2	sysdup2	sysdup2	existing-unreviewed		0
sysExecve	sysexecve	sysexecve	existing-unreviewed		0
sysExit	sysQuitter	sysQuitter	existing-unreviewed		0
sysFcntl	sysfcntl	sysfcntl	existing-unreviewed		0
sysFork	sysfork	sysfork	existing-unreviewed		0
sysFstat	sysfstat	sysfstat	existing-unreviewed		0
sysFsync	sysfsync	sysfsync	existing-unreviewed		0
sysGetcwd	sysgetcwd	sysgetcwd	existing-unreviewed		0
sysLseek	syslseek	syslseek	existing-unreviewed		0
sysOpen	sysouvrir	sysouvrir	existing-unreviewed		0
sysRead	syslire	syslire	existing-unreviewed		0
sysSocketCall	syspriseRéseauappel	syspriseRéseauappel	existing-unreviewed		0
sysStat	sysstat	sysstat	existing-unreviewed		0
sysUname	sysuname	sysuname	existing-unreviewed		0
sysWaitpid	syswaitpid	syswaitpid	existing-unreviewed		0
sysWrite	sysécrire	sysécrire	existing-unreviewed		0
syscallError	syscallErreur	syscallErreur	existing-unreviewed		0
syscallID	syscallIdentifiant	syscallIdentifiant	existing-unreviewed		0
systemcall	systèmeappel	systèmeappel	existing-unreviewed		0
table	tableau_2	tableau_2	existing-unreviewed		0
tableSize	tableauTaille	tableauTaille	existing-unreviewed		0
tail	tail	tail	existing-unreviewed		0
task	tâche	tâche	existing-unreviewed		0
taskA	tâchea	tâchea	existing-unreviewed		0
taskB	tâcheb	tâcheb	existing-unreviewed		0
taskC	tâchec	tâchec	existing-unreviewed		0
taskD	tâched	tâched	existing-unreviewed		0
taskD0	tâched0	tâched0	existing-unreviewed		0
taskD1	tâched1	tâched1	existing-unreviewed		0
taskManager	tâchegestionnaire	tâchegestionnaire	existing-unreviewed		0
tasks	tâches	tâches	existing-unreviewed		0
temp	temporary	temporary	existing-unreviewed		0
terminated	terminated	terminated	existing-unreviewed		0
text	texte	texte	existing-unreviewed		0
textPtr	textePointeur	textePointeur	existing-unreviewed		0
text_len	textelen	textelen	existing-unreviewed		0
text_mode_check_fb_move	textemodecheckfbDéplacer	textemodecheckfbDéplacer	existing-unreviewed		0
text_mode_disable_cursor	textemodeDésactiverCurseur	textemodeDésactiverCurseur	existing-unreviewed		0
text_mode_enable_cursor	textemodeActiverCurseur	textemodeActiverCurseur	existing-unreviewed		0
text_mode_error_writer	textemodeErreurwriter	textemodeErreurwriter	existing-unreviewed		0
text_mode_flush_screen	textemodeflushÉcran	textemodeflushÉcran	existing-unreviewed		0
text_mode_init	textemodeinit	textemodeinit	existing-unreviewed		0
text_mode_print	textemodeImprimer	textemodeImprimer	existing-unreviewed		0
text_mode_print_bytes	textemodeImprimerOctets	textemodeImprimerOctets	existing-unreviewed		0
text_mode_print_char	textemodeImprimerchar	textemodeImprimerchar	existing-unreviewed		0
text_mode_print_char_col	textemodeImprimercharcol	textemodeImprimercharcol	existing-unreviewed		0
text_mode_print_col	textemodeImprimercol	textemodeImprimercol	existing-unreviewed		0
text_mode_print_error	textemodeImprimerErreur	textemodeImprimerErreur	existing-unreviewed		0
text_mode_print_error_bytes	textemodeImprimerErreurOctets	textemodeImprimerErreurOctets	existing-unreviewed		0
text_mode_print_errorln	textemodeImprimererrorln	textemodeImprimererrorln	existing-unreviewed		0
text_mode_print_hex	textemodeImprimerhex	textemodeImprimerhex	existing-unreviewed		0
text_mode_print_hex16	textemodeImprimerhex16	textemodeImprimerhex16	existing-unreviewed		0
text_mode_print_hex32	textemodeImprimerhex32	textemodeImprimerhex32	existing-unreviewed		0
text_mode_print_hex64	textemodeImprimerhex64	textemodeImprimerhex64	existing-unreviewed		0
text_mode_print_hex_char	textemodeImprimerhexchar	textemodeImprimerhexchar	existing-unreviewed		0
text_mode_println	textemodeprintln	textemodeprintln	existing-unreviewed		0
text_mode_println_col	textemodeprintlncol	textemodeprintlncol	existing-unreviewed		0
text_mode_update_cursor	textemodeMettreàjourCurseur	textemodeMettreàjourCurseur	existing-unreviewed		0
text_mode_writer	textemodewriter	textemodewriter	existing-unreviewed		0
thr2	thr2	thr2	existing-unreviewed		0
thr3	thr3	thr3	existing-unreviewed		0
thr4	thr4	thr4	existing-unreviewed		0
thread	filExécution	filExécution	existing-unreviewed		0
threadExitLoop	filExécutionQuitterBoucles	filExécutionQuitterBoucles	existing-unreviewed		0
threadHelper	filExécutionhelper	filExécutionhelper	existing-unreviewed		0
threadPtr	filExécutionPointeur	filExécutionPointeur	existing-unreviewed		0
tickCount	tickNombre	tickNombre	existing-unreviewed		0
timeDelta	heuredelta	heuredelta	existing-unreviewed		0
timeToLive	heuretolive	heuretolive	existing-unreviewed		0
timer	minuterie	minuterie	existing-unreviewed		0
tls	tls	tls	existing-unreviewed		0
tmp	tmp	tmp	existing-unreviewed		0
tmpPtr	tmpPointeur	tmpPointeur	existing-unreviewed		0
tos	tos	tos	existing-unreviewed		0
totalLength	totalDurée	totalDurée	existing-unreviewed		0
totalSectorCount	totalsectorNombre	totalsectorNombre	existing-unreviewed		0
totalSectors	totalsectors	totalsectors	existing-unreviewed		0
trap	trap	trap	existing-unreviewed		0
tss	tss	tss	existing-unreviewed		0
tssIndex	tssindex	tssindex	existing-unreviewed		0
udp	udp	protocole_des_datagrammes_utilisateur	project-proposal	udp	1
udpHandler	udphandler	udphandler	existing-unreviewed		0
udpHeaderSize	udpenTêteTaille	udpenTêteTaille	existing-unreviewed		0
udpProvider	udpprovider	udpprovider	existing-unreviewed		0
udp콘솔	udpconsole	udpconsole	existing-unreviewed		0
unused	inutilisé	inutilisé	existing-unreviewed		0
used	utilisé	utilisé	existing-unreviewed		0
usedBlocks	utiliséBloc	utiliséBloc	existing-unreviewed		0
user1addr	utilisateur1address	utilisateur1address	existing-unreviewed		0
user1data	utilisateur1données	utilisateur1données	existing-unreviewed		0
user1entry	utilisateur1élément	utilisateur1élément	existing-unreviewed		0
user1file	utilisateur1fichier	utilisateur1fichier	existing-unreviewed		0
user2addr	utilisateur2address	utilisateur2address	existing-unreviewed		0
user2data	utilisateur2données	utilisateur2données	existing-unreviewed		0
user2entry	utilisateur2élément	utilisateur2élément	existing-unreviewed		0
user2file	utilisateur2fichier	utilisateur2fichier	existing-unreviewed		0
user3addr	utilisateur3address	utilisateur3address	existing-unreviewed		0
user3data	utilisateur3données	utilisateur3données	existing-unreviewed		0
user3entry	utilisateur3élément	utilisateur3élément	existing-unreviewed		0
user3file	utilisateur3fichier	utilisateur3fichier	existing-unreviewed		0
userHeapBase	utilisateurheapbase	utilisateurheapbase	existing-unreviewed		0
userHeapLimit	utilisateurheapLimite	utilisateurheapLimite	existing-unreviewed		0
user_esp	utilisateuresp	utilisateuresp	existing-unreviewed		0
userhandler	userhandler	userhandler	existing-unreviewed		0
userproc_entry	userprocélément	userprocélément	existing-unreviewed		0
util	utilitaire	utilitaire	existing-unreviewed		0
util콘솔	utilitaireconsole	utilitaireconsole	existing-unreviewed		0
v	v	v	existing-unreviewed		0
vAddr	vaddress	vaddress	existing-unreviewed		0
value	valeur	valeur	existing-unreviewed		0
values	valeurs	valeurs	existing-unreviewed		0
version	version	version	existing-unreviewed		0
vga	vga	vga	existing-unreviewed		0
virtlen	virtlen	virtlen	existing-unreviewed		0
virtmem	virtuelmémoire	virtuelmémoire	existing-unreviewed		0
virtualAddr	virtueladdress	virtueladdress	existing-unreviewed		0
volumeId	volumeIdentifiant	volumeIdentifiant	existing-unreviewed		0
volumeLabel	volumeétiquette	volumeétiquette	existing-unreviewed		0
w	w	w	existing-unreviewed		0
wDate	wdate	wdate	existing-unreviewed		0
wTime	wHeure	wHeure	existing-unreviewed		0
waitPS2InputEmpty	attendreps2EntréeVide	attendreps2EntréeVide	existing-unreviewed		0
waitPS2OutputFull	attendreps2SortieImportant	attendreps2SortieImportant	existing-unreviewed		0
wdata	wdata	wdata	existing-unreviewed		0
whence	whence	whence	existing-unreviewed		0
widget	composant	élément_graphique	project-proposal	widget	6
width	largeur	largeur	existing-unreviewed		0
writePS2Command	écrireps2Commande	écrireps2Commande	existing-unreviewed		0
writePS2Data	écrireps2données	écrireps2données	existing-unreviewed		0
write_count	écrireNombre	écrireNombre	existing-unreviewed		0
x	x	x	existing-unreviewed		0
xPageDir	xpagerépertoire	xpagerépertoire	existing-unreviewed		0
xPos	xposition	xposition	existing-unreviewed		0
y	y	y	existing-unreviewed		0
yPageDir	ypagerépertoire	ypagerépertoire	existing-unreviewed		0
yPos	yposition	yposition	existing-unreviewed		0
값	valeur_2	valeur_2	existing-unreviewed		0
공용서술자테이블	shareddescriptorTableau	shareddescriptorTableau	existing-unreviewed		0
기준	base_2	base_2	existing-unreviewed		0
기준_낮은	baseBasse_2	baseBasse_2	existing-unreviewed		0
기준_높은	baseÉlevée_2	baseÉlevée_2	existing-unreviewed		0
기준_매우높은	baseveryÉlevée	baseveryÉlevée	existing-unreviewed		0
기준주소	baseaddress	baseaddress	existing-unreviewed		0
넷카드콘솔	réseauCartesconsole	réseauCartesconsole	existing-unreviewed		0
단말기	terminal	terminal	existing-unreviewed		0
마우스콘솔	sourisconsole	sourisconsole	existing-unreviewed		0
매개값	argumentValeur	argumentValeur	existing-unreviewed		0
멈추기	halt	halt	existing-unreviewed		0
목적	destination_3	destination_3	existing-unreviewed		0
유형	typeValeur_2	typeValeur_2	existing-unreviewed		0
이더넷콘솔	ethernetconsole	ethernetconsole	existing-unreviewed		0
인터럽트무시하기	interruptionignore	interruptionignore	existing-unreviewed		0
인터럽트예외처리기	interruptionexceptionhandler	interruptionexceptionhandler	existing-unreviewed		0
인터럽트예외처리기0x00	interruptionexceptionhandler0x00	interruptionexceptionhandler0x00	existing-unreviewed		0
인터럽트예외처리기0x01	interruptionexceptionhandler0x01	interruptionexceptionhandler0x01	existing-unreviewed		0
인터럽트예외처리기0x02	interruptionexceptionhandler0x02	interruptionexceptionhandler0x02	existing-unreviewed		0
인터럽트예외처리기0x03	interruptionexceptionhandler0x03	interruptionexceptionhandler0x03	existing-unreviewed		0
인터럽트예외처리기0x04	interruptionexceptionhandler0x04	interruptionexceptionhandler0x04	existing-unreviewed		0
인터럽트예외처리기0x05	interruptionexceptionhandler0x05	interruptionexceptionhandler0x05	existing-unreviewed		0
인터럽트예외처리기0x06	interruptionexceptionhandler0x06	interruptionexceptionhandler0x06	existing-unreviewed		0
인터럽트예외처리기0x07	interruptionexceptionhandler0x07	interruptionexceptionhandler0x07	existing-unreviewed		0
인터럽트예외처리기0x08	interruptionexceptionhandler0x08	interruptionexceptionhandler0x08	existing-unreviewed		0
인터럽트예외처리기0x09	interruptionexceptionhandler0x09	interruptionexceptionhandler0x09	existing-unreviewed		0
인터럽트예외처리기0x0A	interruptionexceptionhandler0x0a	interruptionexceptionhandler0x0a	existing-unreviewed		0
인터럽트예외처리기0x0B	interruptionexceptionhandler0x0b	interruptionexceptionhandler0x0b	existing-unreviewed		0
인터럽트예외처리기0x0C	interruptionexceptionhandler0x0c	interruptionexceptionhandler0x0c	existing-unreviewed		0
인터럽트예외처리기0x0D	interruptionexceptionhandler0x0d	interruptionexceptionhandler0x0d	existing-unreviewed		0
인터럽트예외처리기0x0E	interruptionexceptionhandler0x0e	interruptionexceptionhandler0x0e	existing-unreviewed		0
인터럽트예외처리기0x0F	interruptionexceptionhandler0x0f	interruptionexceptionhandler0x0f	existing-unreviewed		0
인터럽트예외처리기0x10	interruptionexceptionhandler0x10	interruptionexceptionhandler0x10	existing-unreviewed		0
인터럽트예외처리기0x11	interruptionexceptionhandler0x11	interruptionexceptionhandler0x11	existing-unreviewed		0
인터럽트예외처리기0x12	interruptionexceptionhandler0x12	interruptionexceptionhandler0x12	existing-unreviewed		0
인터럽트예외처리기0x13	interruptionexceptionhandler0x13	interruptionexceptionhandler0x13	existing-unreviewed		0
인터럽트요청처리0x00	interruptionrequesthandler0x00	interruptionrequesthandler0x00	existing-unreviewed		0
인터럽트요청처리0x01	interruptionrequesthandler0x01	interruptionrequesthandler0x01	existing-unreviewed		0
인터럽트요청처리0x02	interruptionrequesthandler0x02	interruptionrequesthandler0x02	existing-unreviewed		0
인터럽트요청처리0x03	interruptionrequesthandler0x03	interruptionrequesthandler0x03	existing-unreviewed		0
인터럽트요청처리0x04	interruptionrequesthandler0x04	interruptionrequesthandler0x04	existing-unreviewed		0
인터럽트요청처리0x05	interruptionrequesthandler0x05	interruptionrequesthandler0x05	existing-unreviewed		0
인터럽트요청처리0x06	interruptionrequesthandler0x06	interruptionrequesthandler0x06	existing-unreviewed		0
인터럽트요청처리0x07	interruptionrequesthandler0x07	interruptionrequesthandler0x07	existing-unreviewed		0
인터럽트요청처리0x08	interruptionrequesthandler0x08	interruptionrequesthandler0x08	existing-unreviewed		0
인터럽트요청처리0x09	interruptionrequesthandler0x09	interruptionrequesthandler0x09	existing-unreviewed		0
인터럽트요청처리0x0A	interruptionrequesthandler0x0a	interruptionrequesthandler0x0a	existing-unreviewed		0
인터럽트요청처리0x0B	interruptionrequesthandler0x0b	interruptionrequesthandler0x0b	existing-unreviewed		0
인터럽트요청처리0x0C	interruptionrequesthandler0x0c	interruptionrequesthandler0x0c	existing-unreviewed		0
인터럽트요청처리0x0D	interruptionrequesthandler0x0d	interruptionrequesthandler0x0d	existing-unreviewed		0
인터럽트요청처리0x0E	interruptionrequesthandler0x0e	interruptionrequesthandler0x0e	existing-unreviewed		0
인터럽트요청처리0x0F	interruptionrequesthandler0x0f	interruptionrequesthandler0x0f	existing-unreviewed		0
인터럽트요청처리0x80	interruptionrequesthandler0x80	interruptionrequesthandler0x80	existing-unreviewed		0
인터럽트요청처리0x81	interruptionrequesthandler0x81	interruptionrequesthandler0x81	existing-unreviewed		0
인터럽트요청처리0x82	interruptionrequesthandler0x82	interruptionrequesthandler0x82	existing-unreviewed		0
인터럽트처리기	interruptionhandler_2	interruptionhandler_2	existing-unreviewed		0
임시	temporary_2	temporary_2	existing-unreviewed		0
자료	données_2	données_2	existing-unreviewed		0
자신	self_2	self_2	existing-unreviewed		0
작업관리자	tâchegestionnaire_2	tâchegestionnaire_2	existing-unreviewed		0
작업콘솔	tâcheconsole	tâcheconsole	existing-unreviewed		0
조각설명자	segmentdescriptor	segmentdescriptor	existing-unreviewed		0
콘솔	console_2	console_2	existing-unreviewed		0
크기	taille_2	taille_2	existing-unreviewed		0
키보드콘솔	clavierconsole	clavierconsole	existing-unreviewed		0
표시들	attributs_3	attributs_3	existing-unreviewed		0
표시들_한도_높은	attributsLimiteÉlevée	attributsLimiteÉlevée	existing-unreviewed		0
한도	limite_2	limite_2	existing-unreviewed		0
한도_낮은	limiteBasse_2	limiteBasse_2	existing-unreviewed		0
