original	before	after	review_status	concept	changed_tokens
Activate	Įjungti	Įjungti	existing-unreviewed		0
ActivateAll	ĮjungtiVisi	ĮjungtiVisi	existing-unreviewed		0
Active	Aktyvus	Aktyvus	existing-unreviewed		0
ActiveInterruptManager	AktyvusPertraukimasmanager	AktyvusPertraukimasmanager	existing-unreviewed		0
ActiveMemoryManager	AktyvusAtmintismanager	AktyvusAtmintismanager	existing-unreviewed		0
Add	Pridėti	Pridėti	existing-unreviewed		0
AddDriver	Pridėtidriver	Pridėtidriver	existing-unreviewed		0
AddRunnableThread	Pridėtirunnablethread	Pridėtirunnablethread	existing-unreviewed		0
AddTask	PridėtiUžduotis	PridėtiUžduotis	existing-unreviewed		0
AddThread	Pridėtithread	Pridėtithread	existing-unreviewed		0
Address	Address	Address	existing-unreviewed		0
AlignedMalloc	Alignedmalloc	Alignedmalloc	existing-unreviewed		0
AlignmentCheck	Alignmentcheck	Alignmentcheck	existing-unreviewed		0
AllocateBlock	AllocateBlokas	AllocateBlokas	existing-unreviewed		0
AllocatePID	Allocatepid	Allocatepid	existing-unreviewed		0
AmountOfMemory	KiekisišAtmintis	KiekisišAtmintis	existing-unreviewed		0
ArrayToUint16	Masyvastounsignedinteger16	Masyvastounsignedinteger16	existing-unreviewed		0
ArrayToUint32	Masyvastounsignedinteger32	Masyvastounsignedinteger32	existing-unreviewed		0
ArrayToUint48	Masyvastounsignedinteger48	Masyvastounsignedinteger48	existing-unreviewed		0
ArrayToUint48_BE	Masyvastounsignedinteger48be	Masyvastounsignedinteger48be	existing-unreviewed		0
ArrayToUint64	Masyvastounsignedinteger64	Masyvastounsignedinteger64	existing-unreviewed		0
Atime	Atime	Atime	existing-unreviewed		0
AtimeNsec	Atimensec	Atimensec	existing-unreviewed		0
BLOCKS_PER_BYTE	Blokasperbyte	Blokasperbyte	existing-unreviewed		0
BLOCK_SIZE	BlokasDydis	BlokasDydis	existing-unreviewed		0
Backend	Backend	Backend	existing-unreviewed		0
BaseAddr	Baseaddress	Baseaddress	existing-unreviewed		0
Bind	Bind	Bind	existing-unreviewed		0
Blksize	Blksize	Blksize	existing-unreviewed		0
Blocked	Blocked	Blocked	existing-unreviewed		0
BlockedState	BlockedBūsena	BlockedBūsena	existing-unreviewed		0
Blocks	Blokas	Blokas	existing-unreviewed		0
BoundRangeExceeded	BoundSritisexceeded	BoundSritisexceeded	existing-unreviewed		0
BroadcastMacAddress	Broadcastmacaddress	Broadcastmacaddress	existing-unreviewed		0
BytesPerSector	Baitųpersector	Baitųpersector	existing-unreviewed		0
BytesToString	BaitųtoEilutė	BaitųtoEilutė	existing-unreviewed		0
Checksum	Kontrolinėsuma	Kontrolinėsuma	existing-unreviewed		0
Clear	Išvalyti	Išvalyti	existing-unreviewed		0
Clone	Clone	Clone	existing-unreviewed		0
CloneAddressSpaceCOW	CloneaddressTarpascow	CloneaddressTarpascow	existing-unreviewed		0
Connect	Prisijungti	Prisijungti	existing-unreviewed		0
ContainsCoordinate	Containscoordinate	Containscoordinate	existing-unreviewed		0
CopyPageFrameBlock	KopijuotiPuslapisKadrasBlokas	KopijuotiPuslapisKadrasBlokas	existing-unreviewed		0
CpuState	CpuBūsena	CpuBūsena	existing-unreviewed		0
Create	Create	Create	existing-unreviewed		0
CreateFromData	Createfromdata	Createfromdata	existing-unreviewed		0
CreateFromFunction	CreatefromFunkcija	CreatefromFunkcija	existing-unreviewed		0
CreatePtrFromFunction	CreateRodyklėfromFunkcija	CreateRodyklėfromFunkcija	existing-unreviewed		0
Cs	Cs	Cs	existing-unreviewed		0
Ctime	Ctime	Ctime	existing-unreviewed		0
CtimeNsec	Ctimensec	Ctimensec	existing-unreviewed		0
CurrentPID	Dabartinispid	Dabartinispid	existing-unreviewed		0
CurrentParentPID	Dabartinisparentpid	Dabartinisparentpid	existing-unreviewed		0
Data	Data	Data	compatibility		0
Deactivate	Išjungti	Išjungti	existing-unreviewed		0
Deactive	Deactive	Deactive	existing-unreviewed		0
Decrement	Decrement	Decrement	existing-unreviewed		0
Delete	Ištrinti	Ištrinti	existing-unreviewed		0
DescriptorPrivilegeLevel	Descriptorprivilegelevel	Descriptorprivilegelevel	existing-unreviewed		0
DescriptorType	DescriptorTipas	DescriptorTipas	existing-unreviewed		0
Destroy	Sunaikinti	Sunaikinti	existing-unreviewed		0
Dev	Įrenginys	Įrenginys	existing-unreviewed		0
DeviceHasFunctions	ĮrenginyshasFunkcijos	ĮrenginyshasFunkcijos	existing-unreviewed		0
DeviceNotAvailable	ĮrenginysnotPrieinama	ĮrenginysnotPrieinama	existing-unreviewed		0
Device_id	Įrenginysid	Įrenginysid	existing-unreviewed		0
DisableInt	Išjungtiint	Išjungtiint	existing-unreviewed		0
Disconnect	Atsijungti	Atsijungti	existing-unreviewed		0
DivideByZero	DalybabyNulis	DalybabyNulis	existing-unreviewed		0
DoHandleInterrupt	DoPozicijaPertraukimas	DoPozicijaPertraukimas	existing-unreviewed		0
DoubleFault	Dvigubafault	Dvigubafault	existing-unreviewed		0
Draw	Draw	Draw	existing-unreviewed		0
DriverManager	Drivermanager	Drivermanager	existing-unreviewed		0
Ds	Ds	Ds	existing-unreviewed		0
Dynamic	Dinaminis	Dinaminis	existing-unreviewed		0
E2BIG	E2big	E2big	existing-unreviewed		0
EACCES	Eacces	Eacces	existing-unreviewed		0
EADDRINUSE	Eaddrinuse	Eaddrinuse	existing-unreviewed		0
EAFNOSUPPORT	Eafnosupport	Eafnosupport	existing-unreviewed		0
EAGAIN	Eagain	Eagain	existing-unreviewed		0
EBADF	Ebadf	Ebadf	existing-unreviewed		0
EBUSY	Ebusy	Ebusy	existing-unreviewed		0
ECHILD	Echild	Echild	existing-unreviewed		0
EEXIST	Eexist	Eexist	existing-unreviewed		0
EFAULT	Efault	Efault	existing-unreviewed		0
EFBIG	Efbig	Efbig	existing-unreviewed		0
EINTR	Eintr	Eintr	existing-unreviewed		0
EINVAL	Einval	Einval	existing-unreviewed		0
EIO	Eio	Eio	existing-unreviewed		0
EISDIR	Eisdir	Eisdir	existing-unreviewed		0
EMFILE	Emfile	Emfile	existing-unreviewed		0
EMSGSIZE	Emsgsize	Emsgsize	existing-unreviewed		0
ENETUNREACH	Enetunreach	Enetunreach	existing-unreviewed		0
ENFILE	Enfile	Enfile	existing-unreviewed		0
ENODEV	Enodev	Enodev	existing-unreviewed		0
ENOENT	Enoent	Enoent	existing-unreviewed		0
ENOEXEC	Enoexec	Enoexec	existing-unreviewed		0
ENOMEM	Enomem	Enomem	existing-unreviewed		0
ENOSPC	Enospc	Enospc	existing-unreviewed		0
ENOSYS	Enosys	Enosys	existing-unreviewed		0
ENOTCONN	Enotconn	Enotconn	existing-unreviewed		0
ENOTDIR	Enotdir	Enotdir	existing-unreviewed		0
ENOTTY	Enotty	Enotty	existing-unreviewed		0
EOPNOTSUPP	Eopnotsupp	Eopnotsupp	existing-unreviewed		0
EPERM	Eperm	Eperm	existing-unreviewed		0
EPROTONOSUPPORT	Eprotonosupport	Eprotonosupport	existing-unreviewed		0
ERANGE	Erange	Erange	existing-unreviewed		0
EROFS	Erofs	Erofs	existing-unreviewed		0
ESPIPE	Espipe	Espipe	existing-unreviewed		0
ESRCH	Esrch	Esrch	existing-unreviewed		0
Eax	Eax	Eax	existing-unreviewed		0
Ebp	Ebp	Ebp	existing-unreviewed		0
Ebx	Ebx	Ebx	existing-unreviewed		0
Ecx	Ecx	Ecx	existing-unreviewed		0
Edi	Edi	Edi	existing-unreviewed		0
Edx	Edx	Edx	existing-unreviewed		0
Eflags	Eflags	Eflags	existing-unreviewed		0
Eip	Eip	Eip	existing-unreviewed		0
Elf	Elf	Elf	existing-unreviewed		0
Elf32Dyn	Elf32dyn	Elf32dyn	existing-unreviewed		0
Elf32Note	Elf32Pastaba	Elf32Pastaba	existing-unreviewed		0
Elf32Rel	Elf32rel	Elf32rel	existing-unreviewed		0
Elf32Rela	Elf32rela	Elf32rela	existing-unreviewed		0
Elf32Sym	Elf32sym	Elf32sym	existing-unreviewed		0
ElfHeader	Elfheader	Elfheader	existing-unreviewed		0
ElfProgramHeader	Elfprogramaheader	Elfprogramaheader	existing-unreviewed		0
ElfSectionHeader	Elfsectionheader	Elfsectionheader	existing-unreviewed		0
EnablePaging	Įjungtipaging	Įjungtipaging	existing-unreviewed		0
Enabled	Įjungta	Įjungta	existing-unreviewed		0
EntryNumber	ĮrašasSkaičius	ĮrašasSkaičius	existing-unreviewed		0
EqualBytes	SuvienodintiBaitų	SuvienodintiBaitų	existing-unreviewed		0
Es	Es	Es	existing-unreviewed		0
Esi	Esi	Esi	existing-unreviewed		0
Esp	Esp	Esp	existing-unreviewed		0
FPUBuffer	Fpubuffer	Fpubuffer	existing-unreviewed		0
FPUOffset	Fpuoffset	Fpuoffset	existing-unreviewed		0
Family	Family	Family	existing-unreviewed		0
FileName	FailasPavadinimas	FailasPavadinimas	existing-unreviewed		0
Fill	Fill	Fill	existing-unreviewed		0
FillRectangle	FillStačiakampis	FillStačiakampis	existing-unreviewed		0
First	First	First	existing-unreviewed		0
FirstFree	FirstLaisva	FirstLaisva	existing-unreviewed		0
FirstFreeSize	FirstLaisvaDydis	FirstLaisvaDydis	existing-unreviewed		0
Flags	Parametrai	Parametrai	existing-unreviewed		0
FloatingPointException	Slankuspointexception	Slankuspointexception	existing-unreviewed		0
Flush	Flush	Flush	existing-unreviewed		0
FlushTlsTable	FlushtlsLentelė	FlushtlsLentelė	existing-unreviewed		0
Focussable	Focussable	Focussable	existing-unreviewed		0
Free	Laisva	Laisva	existing-unreviewed		0
Fs	Fs	Fs	existing-unreviewed		0
GB	Gb	Gb	existing-unreviewed		0
GDT_ENTRIES	Gdtįrašas	Gdtįrašas	existing-unreviewed		0
GOT	Got	Got	existing-unreviewed		0
GPFException	Gpfexception	Gpfexception	existing-unreviewed		0
GatewayIP	Gatewayip	Gatewayip	existing-unreviewed		0
GdtAddressHigh	GdtaddressAukštas	GdtaddressAukštas	existing-unreviewed		0
GdtAddressLow	GdtaddressŽemas	GdtaddressŽemas	existing-unreviewed		0
GdtDescriptor	Gdtdescriptor	Gdtdescriptor	existing-unreviewed		0
GdtEntry	Gdtįrašas_2	Gdtįrašas_2	existing-unreviewed		0
GdtSize	GdtDydis	GdtDydis	existing-unreviewed		0
GetAt	Getat	Getat	existing-unreviewed		0
GetBackend	Getbackend	Getbackend	existing-unreviewed		0
GetBaseAddressRegister	Getbaseaddressregister	Getbaseaddressregister	existing-unreviewed		0
GetBitmaspSize	GetbitmaspDydis	GetbitmaspDydis	existing-unreviewed		0
GetBytesFromPtr	GetBaitųfromRodyklė	GetBaitųfromRodyklė	existing-unreviewed		0
GetCR0	Getcr0	Getcr0	existing-unreviewed		0
GetCR2	Getcr2	Getcr2	existing-unreviewed		0
GetCR3	Getcr3	Getcr3	existing-unreviewed		0
GetCR4	Getcr4	Getcr4	existing-unreviewed		0
GetColorIndex	GetSpalvaRodyklė	GetSpalvaRodyklė	existing-unreviewed		0
GetDeviceDescriptor	GetĮrenginysdescriptor	GetĮrenginysdescriptor	existing-unreviewed		0
GetDriver	Getdriver	Getdriver	existing-unreviewed		0
GetESP0	Getesp0	Getesp0	existing-unreviewed		0
GetEntry	Getįrašas	Getįrašas	existing-unreviewed		0
GetFileSize	GetFailasDydis	GetFailasDydis	existing-unreviewed		0
GetFocus	GetFokusavimas	GetFokusavimas	existing-unreviewed		0
GetFrameBufferSegment	GetKadrasbuffersegment	GetKadrasbuffersegment	existing-unreviewed		0
GetFuncPtrFromPtr	GetfuncRodyklėfromRodyklė	GetfuncRodyklėfromRodyklė	existing-unreviewed		0
GetFunctionName	GetFunkcijaPavadinimas	GetFunkcijaPavadinimas	existing-unreviewed		0
GetHandler	Gethandler	Gethandler	existing-unreviewed		0
GetIPAddress	Getipaddress	Getipaddress	existing-unreviewed		0
GetMACAddress	Getmacaddress	Getmacaddress	existing-unreviewed		0
GetMACFromCache	Getmacfromcache	Getmacfromcache	existing-unreviewed		0
GetNextReadyThread	GetKitasPasiruošęsthread	GetKitasPasiruošęsthread	existing-unreviewed		0
GetNodeAt	GetMazgasat	GetMazgasat	existing-unreviewed		0
GetProvider	Providerget	Providerget	existing-unreviewed		0
GetSS0	Getss0	Getss0	existing-unreviewed		0
GetStr	Getstr	Getstr	existing-unreviewed		0
GetUint32ArrayFromPtr	Getunsignedinteger32MasyvasfromRodyklė	Getunsignedinteger32MasyvasfromRodyklė	existing-unreviewed		0
GetUintptrArrayFromPtr	GetunsignedintegerRodyklėMasyvasfromRodyklė	GetunsignedintegerRodyklėMasyvasfromRodyklė	existing-unreviewed		0
GetValue	GetReikšmė	GetReikšmė	existing-unreviewed		0
GetValueInPageDir	GetReikšmėĮPuslapiskatalogas	GetReikšmėĮPuslapiskatalogas	existing-unreviewed		0
Gid	Gid	Gid	existing-unreviewed		0
Gs	Gs	Gs	existing-unreviewed		0
HandleException	Pozicijaexception	Pozicijaexception	existing-unreviewed		0
HandleFatalInterruptFrame	PozicijafatalPertraukimasKadras	PozicijafatalPertraukimasKadras	existing-unreviewed		0
HandleInterrupt	PozicijaPertraukimas	PozicijaPertraukimas	existing-unreviewed		0
HandleInterrupt1	PozicijaPertraukimas1	PozicijaPertraukimas1	existing-unreviewed		0
HandleUserDatagramProtocolMessage	PozicijaNaudotojasdatagramprotocolPranešimas	PozicijaNaudotojasdatagramprotocolPranešimas	existing-unreviewed		0
IDT_DESC_PRESENT	IdtdescriptorYra	IdtdescriptorYra	existing-unreviewed		0
IDT_INTERRUPT_GATE	IdtPertraukimasgate	IdtPertraukimasgate	existing-unreviewed		0
IDriver	IDriver	IDriver	existing-unreviewed		0
IEtherFrameHandler	ILaidinisKadrashandler	ILaidinisKadrashandler	existing-unreviewed		0
IInternetProtocolHandler	IInternetasprotocolhandler	IInternetasprotocolhandler	existing-unreviewed		0
IInterruptHandler	IPertraukimashandler	IPertraukimashandler	existing-unreviewed		0
IKeyboardEventHandler	IKlaviatūraĮvykishandler	IKlaviatūraĮvykishandler	existing-unreviewed		0
IMouseEventHandler	IPelėĮvykishandler	IPelėĮvykishandler	existing-unreviewed		0
IPCIControllerHandler	Ipcicontrollerhandler	Ipcicontrollerhandler	existing-unreviewed		0
IPCache	Ipcache	Ipcache	existing-unreviewed		0
IP_BE	IpTinklasbyteorder	IpTinklasbyteorder	existing-unreviewed		0
IRawDataHandler	IRawdatahandler	IRawdatahandler	existing-unreviewed		0
ITimerEventHandler	ILaikmatisĮvykishandler	ILaikmatisĮvykishandler	existing-unreviewed		0
IUserDatagramProtocolHandler	INaudotojasdatagramprotocolhandler	INaudotojasdatagramprotocolhandler	existing-unreviewed		0
IUserDatagramProtocolSocket	INaudotojasdatagramprotocolLizdas	INaudotojasdatagramprotocolLizdas	existing-unreviewed		0
IWidget	IValdiklis	IValdiklis	pending-language-review	widget	0
Identify	Identify	Identify	existing-unreviewed		0
Increment	Increment	Increment	existing-unreviewed		0
IndexOf	Rodyklėiš	Rodyklėiš	existing-unreviewed		0
Init	Init	Init	existing-unreviewed		0
InitDriver	Initdriver	Initdriver	existing-unreviewed		0
InitialThreadUserJump	InitialthreadNaudotojasjump	InitialthreadNaudotojasjump	existing-unreviewed		0
Ino	Ino	Ino	existing-unreviewed		0
Install	Įdiegti	Įdiegti	existing-unreviewed		0
Interrupt	Pertraukimas	Pertraukimas	existing-unreviewed		0
InterruptActive	PertraukimasAktyvus	PertraukimasAktyvus	existing-unreviewed		0
InterruptDeactive	Pertraukimasdeactive	Pertraukimasdeactive	existing-unreviewed		0
InterruptManager	Pertraukimasmanager	Pertraukimasmanager	existing-unreviewed		0
InterruptNumber	PertraukimasSkaičius	PertraukimasSkaičius	existing-unreviewed		0
InvalidOpcode	Klaidingaopcode	Klaidingaopcode	existing-unreviewed		0
InvalidTSS	Klaidingatss	Klaidingatss	existing-unreviewed		0
IsKernel	Iskernel	Iskernel	existing-unreviewed		0
IsPresent	IsYra	IsYra	existing-unreviewed		0
IsUserSpace	IsNaudotojasTarpas	IsNaudotojasTarpas	existing-unreviewed		0
KB	Kb	Kb	existing-unreviewed		0
KCS_INDEX	KcsRodyklė	KcsRodyklė	existing-unreviewed		0
KCS_SELECTOR	Kcsselector	Kcsselector	existing-unreviewed		0
KDS_INDEX	KdsRodyklė	KdsRodyklė	existing-unreviewed		0
KDS_SELECTOR	Kdsselector	Kdsselector	existing-unreviewed		0
KERNEL_HEAP_START	KernelheapPaleisti	KernelheapPaleisti	existing-unreviewed		0
KERNEL_VIRT_ADDR	Kernelvirtaddress	Kernelvirtaddress	existing-unreviewed		0
KGS_INDEX	KgsRodyklė	KgsRodyklė	existing-unreviewed		0
KGS_SELECTOR	Kgsselector	Kgsselector	existing-unreviewed		0
K핵심	KKernelEntry	KKernelEntry	compatibility		0
LIDT	Lidt	Lidt	existing-unreviewed		0
Last	Paskutinis	Paskutinis	existing-unreviewed		0
Len	Len	Len	compatibility		0
Limit	Riba	Riba	existing-unreviewed		0
Link	Nuoroda	Nuoroda	existing-unreviewed		0
LinkMap	Nuorodamap	Nuorodamap	existing-unreviewed		0
LinkedList	LinkedSąrašas	LinkedSąrašas	existing-unreviewed		0
Listen	Listen	Listen	existing-unreviewed		0
LoadElf	Apkrovaelf	Apkrovaelf	existing-unreviewed		0
MAC	Mac	Mac	existing-unreviewed		0
MAC0	Mac0	Mac0	existing-unreviewed		0
MAC1	Mac1	Mac1	existing-unreviewed		0
MAC2	Mac2	Mac2	existing-unreviewed		0
MAC3	Mac3	Mac3	existing-unreviewed		0
MAC4	Mac4	Mac4	existing-unreviewed		0
MAC5	Mac5	Mac5	existing-unreviewed		0
MACAddress0Port	Macaddress0Prievadas	Macaddress0Prievadas	existing-unreviewed		0
MACAddress2Port	Macaddress2Prievadas	Macaddress2Prievadas	existing-unreviewed		0
MACAddress4Port	Macaddress4Prievadas	Macaddress4Prievadas	existing-unreviewed		0
MACCache	Maccache	Maccache	existing-unreviewed		0
MAX_QUEUE_SIZE	MaksqueueDydis	MaksqueueDydis	existing-unreviewed		0
MB	Mb	Mb	existing-unreviewed		0
MBR	Mbr	Mbr	existing-unreviewed		0
MHex출력	MHexadecimalSpausdinti	MHexadecimalSpausdinti	existing-unreviewed		0
MHex출력XY	MHexadecimalSpausdintixy	MHexadecimalSpausdintixy	existing-unreviewed		0
MUint16출력	MUnsignedinteger16Spausdinti	MUnsignedinteger16Spausdinti	existing-unreviewed		0
MUint16출력XY	MUnsignedinteger16Spausdintixy	MUnsignedinteger16Spausdintixy	existing-unreviewed		0
MUint32출력	MUnsignedinteger32Spausdinti	MUnsignedinteger32Spausdinti	existing-unreviewed		0
MUint32출력XY	MUnsignedinteger32Spausdintixy	MUnsignedinteger32Spausdintixy	existing-unreviewed		0
MUint64출력	MUnsignedinteger64Spausdinti	MUnsignedinteger64Spausdinti	existing-unreviewed		0
MUint64출력XY	MUnsignedinteger64Spausdintixy	MUnsignedinteger64Spausdintixy	existing-unreviewed		0
Machine	Machine	Machine	existing-unreviewed		0
MachineCheck	Machinecheck	Machinecheck	existing-unreviewed		0
MakeRangePrivateWritable	MakeSritisPrivatuswritable	MakeSritisPrivatuswritable	existing-unreviewed		0
Malloc	Malloc	Malloc	pending-language-review	allocate_memory	0
MemCmp	Memcmp	Memcmp	existing-unreviewed		0
MemCpy	MemKopijuoti	MemKopijuoti	existing-unreviewed		0
MemMove	MemPerkelti	MemPerkelti	existing-unreviewed		0
MemSet	Memnustatyta	Memnustatyta	existing-unreviewed		0
MemoryOper	Atmintisoper	Atmintisoper	existing-unreviewed		0
Mode	REŽIMAS	REŽIMAS	existing-unreviewed		0
ModelToScreen	ModelistoEkranas	Set_local_coordinates	pending-language-review	set_coordinates	5
Mtime	Mtime	Mtime	existing-unreviewed		0
MtimeNsec	Mtimensec	Mtimensec	existing-unreviewed		0
MyHandleInterrupt	MyPozicijaPertraukimas	MyPozicijaPertraukimas	existing-unreviewed		0
MyTest	MyTestas	MyTestas	existing-unreviewed		0
M긴급로그Hex8	MEmergencyŽurnalashexadecimal8	MEmergencyŽurnalashexadecimal8	existing-unreviewed		0
M긴급로그Uint32	MEmergencyŽurnalasunsignedinteger32	MEmergencyŽurnalasunsignedinteger32	existing-unreviewed		0
M긴급로그문자열	MEmergencyŽurnalasEilutė	MEmergencyŽurnalasEilutė	existing-unreviewed		0
M직렬로그초기화	MSerijinisŽurnalasinit	MSerijinisŽurnalasinit	existing-unreviewed		0
M출력	MSpausdinti	MSpausdinti	existing-unreviewed		0
M출력BytesXY	MSpausdintiBaitųxy	MSpausdintiBaitųxy	existing-unreviewed		0
M출력Hex	MSpausdintihexadecimal	MSpausdintihexadecimal	existing-unreviewed		0
M출력Uint16	MSpausdintiunsignedinteger16	MSpausdintiunsignedinteger16	existing-unreviewed		0
M출력Uint32	MSpausdintiunsignedinteger32	MSpausdintiunsignedinteger32	existing-unreviewed		0
M출력XY	MSpausdintixy	MSpausdintixy	existing-unreviewed		0
M테스트	M테스트	M테스트	existing-unreviewed		0
NMI	Nmi	Nmi	existing-unreviewed		0
New	Naujas	Naujas	existing-unreviewed		0
NewInterruptHandler	NaujasPertraukimashandler	NaujasPertraukimashandler	existing-unreviewed		0
Next	Kitas	Kitas	existing-unreviewed		0
Nlink	Nlink	Nlink	existing-unreviewed		0
Node	Mazgas	Mazgas	pending-language-review	list_node	0
Nodename	Nodename	Nodename	existing-unreviewed		0
OnEtherFrameReceived	LaidinisKadrasreceivewhen	LaidinisKadrasreceivewhen	existing-unreviewed		0
OnGetDriver	Įjungtagetdriver	Įjungtagetdriver	existing-unreviewed		0
OnInternetProtocolReceived	Internetasprotocolreceivewhen	Internetasprotocolreceivewhen	existing-unreviewed		0
OnKeyDown	ĮjungtaRaktasŽemyn	ĮjungtaRaktasŽemyn	existing-unreviewed		0
OnKeyUp	ĮjungtaRaktasAukštyn	ĮjungtaRaktasAukštyn	existing-unreviewed		0
OnMouseDown	ĮjungtaPelėŽemyn	ĮjungtaPelėŽemyn	existing-unreviewed		0
OnMouseMove	ĮjungtaPelėPerkelti	ĮjungtaPelėPerkelti	existing-unreviewed		0
OnMouseUp	ĮjungtaPelėAukštyn	ĮjungtaPelėAukštyn	existing-unreviewed		0
OnRawDataReceived	Įjungtarawdatareceive	Įjungtarawdatareceive	existing-unreviewed		0
OnTick	Įjungtatick	Įjungtatick	existing-unreviewed		0
Overflow	Overflow	Overflow	existing-unreviewed		0
P1LinkMap	PReikšmė1Nuorodamap	PReikšmė1Nuorodamap	existing-unreviewed		0
P2LinkMap	PReikšmė2Nuorodamap	PReikšmė2Nuorodamap	existing-unreviewed		0
P3LinkMap	PReikšmė3Nuorodamap	PReikšmė3Nuorodamap	existing-unreviewed		0
PAGE_COW	Puslapiscow	Puslapiscow	existing-unreviewed		0
PAGE_FRAME	PuslapisKadras	PuslapisKadras	existing-unreviewed		0
PAGE_PRESENT	PuslapisYra	PuslapisYra	existing-unreviewed		0
PAGE_USER	PuslapisNaudotojas	PuslapisNaudotojas	existing-unreviewed		0
PAGE_WRITABLE	Puslapiswritable	Puslapiswritable	existing-unreviewed		0
PAUSE_LOOP	Pristabdytiloop	Pristabdytiloop	existing-unreviewed		0
PICMasterCommandPort	PrimarypicKomandaioPrievadas	PrimarypicKomandaioPrievadas	existing-unreviewed		0
PICMasterDataPort	PrimarypicdataioPrievadas	PrimarypicdataioPrievadas	existing-unreviewed		0
PICSlaveCommandPort	SecondarypicKomandaioPrievadas	SecondarypicKomandaioPrievadas	existing-unreviewed		0
PICSlaveDataPort	SecondarypicdataioPrievadas	SecondarypicdataioPrievadas	existing-unreviewed		0
PRESENT	Yra	Yra	existing-unreviewed		0
PRIV_KERNEL	Privkernel	Privkernel	existing-unreviewed		0
PRIV_USER	PrivNaudotojas	PrivNaudotojas	existing-unreviewed		0
PROC_USER_HEAP_SIZE	ProcNaudotojasheapDydis	ProcNaudotojasheapDydis	existing-unreviewed		0
PageDirEntry	Puslapiskatalogasįrašas	Puslapiskatalogasįrašas	existing-unreviewed		0
PageDirectoryEntry	Puslapiskatalogasįrašas_2	Puslapiskatalogasįrašas_2	existing-unreviewed		0
PageFault	Puslapisfault	Puslapisfault	existing-unreviewed		0
PageFaultException	Puslapisfaultexception	Puslapisfaultexception	existing-unreviewed		0
PageRoundDown	PuslapisApvalintiŽemyn	PuslapisApvalintiŽemyn	existing-unreviewed		0
PageRoundUp	PuslapisApvalintiAukštyn	PuslapisApvalintiAukštyn	existing-unreviewed		0
PageTableEntry	PuslapisLentelėįrašas	PuslapisLentelėįrašas	existing-unreviewed		0
Paging	Paging	Paging	existing-unreviewed		0
ParentPid	Parentpid	Parentpid	existing-unreviewed		0
Parse	Parse	Parse	existing-unreviewed		0
Partition_id	Partitionid	Partitionid	existing-unreviewed		0
PhyMemTest	PhymemTestas	PhymemTestas	existing-unreviewed		0
PhysicalMemoryManager	PhysicalAtmintismanager	PhysicalAtmintismanager	existing-unreviewed		0
Pid	Pid	Pid	existing-unreviewed		0
Port	Prievadas	Prievadas	existing-unreviewed		0
PortBase	Prievadasbase	Prievadasbase	existing-unreviewed		0
PortInByte	PrievadasĮbyte	PrievadasĮbyte	existing-unreviewed		0
PortInDword	PrievadasĮdword	PrievadasĮdword	existing-unreviewed		0
PortInWord	PrievadasĮžodis	PrievadasĮžodis	existing-unreviewed		0
PortOutByte	PrievadasIšbyte	PrievadasIšbyte	existing-unreviewed		0
PortOutDword	PrievadasIšdword	PrievadasIšdword	existing-unreviewed		0
PortOutWord	PrievadasIšžodis	PrievadasIšžodis	existing-unreviewed		0
PortReadByte	PrievadasSkaitymasbyte	PrievadasSkaitymasbyte	existing-unreviewed		0
PortReadDword	PrievadasSkaitymasdword	PrievadasSkaitymasdword	existing-unreviewed		0
PortReadWord	PrievadasSkaitymasžodis	PrievadasSkaitymasžodis	existing-unreviewed		0
PortWriteByte	PrievadasRašymasbyte	PrievadasRašymasbyte	existing-unreviewed		0
PortWriteDword	PrievadasRašymasdword	PrievadasRašymasdword	existing-unreviewed		0
PortWriteWord	PrievadasRašymasžodis	PrievadasRašymasžodis	existing-unreviewed		0
Prev	Previous	Previous	existing-unreviewed		0
PrevTSS	Previoustss	Previoustss	existing-unreviewed		0
PrimaryPartition	Primarypartition	Primarypartition	existing-unreviewed		0
Print	Spausdinti	Spausdinti	existing-unreviewed		0
PrintBytes	SpausdintiBaitų	SpausdintiBaitų	existing-unreviewed		0
PrintStr	Spausdintistr	Spausdintistr	existing-unreviewed		0
PrintTLS	Spausdintitls	Spausdintitls	existing-unreviewed		0
PrintTest	SpausdintiTestas	SpausdintiTestas	existing-unreviewed		0
Process	Procesas	Procesas	existing-unreviewed		0
ProcessHelper	Procesashelper	Procesashelper	existing-unreviewed		0
ProcessPendingKeyboardEvents	ProcesaspendingKlaviatūraĮvykiai	ProcesaspendingKlaviatūraĮvykiai	existing-unreviewed		0
ProcessPendingMouseEvents	ProcesaspendingPelėĮvykiai	ProcesaspendingPelėĮvykiai	existing-unreviewed		0
PushAt	Pushat	Insert_at_index	pending-language-review	insert_at	1
PushBack	PushAtgal	Append_to_list	pending-language-review	append	12
PushFront	PushPriekis	Prepend_to_list	pending-language-review	prepend	5
PutPixel	Putpixel	Putpixel	existing-unreviewed		0
PutPixelRGB	Putpixelrgb	Putpixelrgb	existing-unreviewed		0
QUEUE_START_ADDR	QueuePaleistiaddress	QueuePaleistiaddress	existing-unreviewed		0
Rdev	Rdev	Rdev	existing-unreviewed		0
Read	Skaitymas	Skaitymas	existing-unreviewed		0
Read28	Skaitymas28	Skaitymas28	existing-unreviewed		0
ReadFile	SkaitymasFailas	SkaitymasFailas	pending-language-review	file_read	0
ReadPartitions	Skaitymaspartition	Skaitymaspartition	existing-unreviewed		0
Ready	Pasiruošęs	Pasiruošęs	existing-unreviewed		0
Receive	Receive	Receive	existing-unreviewed		0
Ref	Reference	Reference	existing-unreviewed		0
Release	Release	Release	existing-unreviewed		0
ReloadCR3	Įkeltiišnaujocr3	Įkeltiišnaujocr3	existing-unreviewed		0
Remove	Pašalinti	Pašalinti	existing-unreviewed		0
RemoveAt	Pašalintiat	Pašalintiat	existing-unreviewed		0
RemoveThread	Pašalintithread	Pašalintithread	existing-unreviewed		0
RemoveThreadAt	Pašalintithreadat	Pašalintithreadat	existing-unreviewed		0
RequestMacAddress	Requestmacaddress	Requestmacaddress	existing-unreviewed		0
Reset	Atstatyti	Atstatyti	existing-unreviewed		0
Resolve	Resolve	Resolve	existing-unreviewed		0
ResolveCopyOnWriteFault	ResolveKopijuotiĮjungtaRašymasfault	ResolveKopijuotiĮjungtaRašymasfault	existing-unreviewed		0
SCHEDULER_FREQUENCY	SchedulerDažnumas	SchedulerDažnumas	existing-unreviewed		0
SEG_BIG_MODE	SegbigREŽIMAS	SegbigREŽIMAS	existing-unreviewed		0
SEG_EXEC	SegVykdyti	SegVykdyti	existing-unreviewed		0
SEG_GRAN_4K_PAGE	Seggran4kPuslapis	Seggran4kPuslapis	existing-unreviewed		0
SEG_GRAN_BYTE	Seggranbyte	Seggranbyte	existing-unreviewed		0
SEG_KERNEL_CODE	Segkernelcode	Segkernelcode	existing-unreviewed		0
SEG_KERNEL_DATA	Segkerneldata	Segkerneldata	existing-unreviewed		0
SEG_KERNEL_GS	Segkernelgs	Segkernelgs	existing-unreviewed		0
SEG_NOEXEC	Segnoexec	Segnoexec	existing-unreviewed		0
SEG_NORMAL	SegNormalus	SegNormalus	existing-unreviewed		0
SEG_NORW	Segnorw	Segnorw	existing-unreviewed		0
SEG_R	Segr	Segr	existing-unreviewed		0
SEG_SYSTEM	SegSistema	SegSistema	existing-unreviewed		0
SEG_TASK_STATE	SegUžduotisBūsena	SegUžduotisBūsena	existing-unreviewed		0
SEG_USER_CODE	SegNaudotojascode	SegNaudotojascode	existing-unreviewed		0
SEG_USER_DATA	SegNaudotojasdata	SegNaudotojasdata	existing-unreviewed		0
SEG_USER_GS	SegNaudotojasgs	SegNaudotojasgs	existing-unreviewed		0
SEG_W	Segw	Segw	existing-unreviewed		0
SIMDFloatingPointException	SimdSlankuspointexception	SimdSlankuspointexception	existing-unreviewed		0
SIZE	Dydis	Dydis	existing-unreviewed		0
SYS_ACCESS	Sysprieiti	Sysprieiti	existing-unreviewed		0
SYS_BRK	Sysbrk	Sysbrk	existing-unreviewed		0
SYS_CHDIR	Syschdir	Syschdir	existing-unreviewed		0
SYS_CLOSE	SysUžverti	SysUžverti	existing-unreviewed		0
SYS_CREAT	Syscreat	Syscreat	existing-unreviewed		0
SYS_DUP	Sysdup	Sysdup	existing-unreviewed		0
SYS_DUP2	Sysdup2	Sysdup2	existing-unreviewed		0
SYS_EXECVE	Sysexecve	Sysexecve	existing-unreviewed		0
SYS_EXIT	SysIšeiti	SysIšeiti	existing-unreviewed		0
SYS_FCNTL	Sysfcntl	Sysfcntl	existing-unreviewed		0
SYS_FORK	Sysfork	Sysfork	existing-unreviewed		0
SYS_FSTAT	Sysfstat	Sysfstat	existing-unreviewed		0
SYS_FSYNC	Sysfsync	Sysfsync	existing-unreviewed		0
SYS_GETCWD	Sysgetcwd	Sysgetcwd	existing-unreviewed		0
SYS_GETEGID	Sysgetegid	Sysgetegid	existing-unreviewed		0
SYS_GETEUID	Sysgeteuid	Sysgeteuid	existing-unreviewed		0
SYS_GETGID	Sysgetgid	Sysgetgid	existing-unreviewed		0
SYS_GETPID	Sysgetpid	Sysgetpid	existing-unreviewed		0
SYS_GETPPID	Sysgetppid	Sysgetppid	existing-unreviewed		0
SYS_GETUID	Sysgetuid	Sysgetuid	existing-unreviewed		0
SYS_LSEEK	Syslseek	Syslseek	existing-unreviewed		0
SYS_LSTAT	Syslstat	Syslstat	existing-unreviewed		0
SYS_OPEN	SysAtverti	SysAtverti	existing-unreviewed		0
SYS_READ	SysSkaitymas	SysSkaitymas	existing-unreviewed		0
SYS_RT_EXIT	SysrtIšeiti	SysrtIšeiti	existing-unreviewed		0
SYS_SOCKETCALL	Syssocketcall	Syssocketcall	existing-unreviewed		0
SYS_STAT	Sysstat	Sysstat	existing-unreviewed		0
SYS_SYNC	Syssync	Syssync	existing-unreviewed		0
SYS_UNAME	Sysuname	Sysuname	existing-unreviewed		0
SYS_WAITPID	Syswaitpid	Syswaitpid	existing-unreviewed		0
SYS_WRITE	SysRašymas	SysRašymas	existing-unreviewed		0
Schedule	Schedule	Schedule	existing-unreviewed		0
Scheduler	Scheduler	Scheduler	existing-unreviewed		0
SchedulerData	Schedulerdata	Schedulerdata	existing-unreviewed		0
SegmentNotPresent	SegmentnotYra	SegmentnotYra	existing-unreviewed		0
SelectDrivers	Žymėtidriver	Žymėtidriver	existing-unreviewed		0
Send	Siųsti	Siųsti	existing-unreviewed		0
SendEchoRequest	EchorequestSiųsti	EchorequestSiųsti	existing-unreviewed		0
SendFrame	KadrasSiųsti	KadrasSiųsti	existing-unreviewed		0
SerialInit	Serijinisinit	Serijinisinit	existing-unreviewed		0
SerialWriteByte	SerijinisRašymasbyte	SerijinisRašymasbyte	existing-unreviewed		0
SetBackend	Nustatytabackend	Nustatytabackend	existing-unreviewed		0
SetBit	Nustatytabit	Nustatytabit	existing-unreviewed		0
SetBlockInPageDir	NustatytaBlokasĮPuslapiskatalogas	NustatytaBlokasĮPuslapiskatalogas	existing-unreviewed		0
SetBuffer	Nustatytabuffer	Nustatytabuffer	existing-unreviewed		0
SetByteAtAddr	Nustatytabyteataddress	Nustatytabyteataddress	existing-unreviewed		0
SetByteInPageDir	NustatytabyteĮPuslapiskatalogas	NustatytabyteĮPuslapiskatalogas	existing-unreviewed		0
SetCR3	Nustatytacr3	Nustatytacr3	existing-unreviewed		0
SetColor	NustatytaSpalva	NustatytaSpalva	existing-unreviewed		0
SetDescriptor	Nustatytadescriptor	Nustatytadescriptor	existing-unreviewed		0
SetHandleInterruptFuction	NustatytaPozicijaPertraukimasfuction	NustatytaPozicijaPertraukimasfuction	existing-unreviewed		0
SetHandler	Nustatytahandler	Nustatytahandler	existing-unreviewed		0
SetIPAddress	Nustatytaipaddress	Nustatytaipaddress	existing-unreviewed		0
SetInterruptDescriptorTableEntry	PertraukimasdescriptorLentelėįrašasnustatyta	PertraukimasdescriptorLentelėįrašasnustatyta	existing-unreviewed		0
SetInterruptManager	NustatytaPertraukimasmanager	NustatytaPertraukimasmanager	existing-unreviewed		0
SetInterruptNumber	NustatytaPertraukimasSkaičius	NustatytaPertraukimasSkaičius	existing-unreviewed		0
SetMode	NustatytaREŽIMAS	NustatytaREŽIMAS	existing-unreviewed		0
SetNodeAt	NustatytaMazgasat	NustatytaMazgasat	existing-unreviewed		0
SetStack	Nustatytastack	Nustatytastack	existing-unreviewed		0
SetTlsSegment	Nustatytatlssegment	Nustatytatlssegment	existing-unreviewed		0
SetUint32AtAddr	Nustatytaunsignedinteger32ataddress	Nustatytaunsignedinteger32ataddress	existing-unreviewed		0
SetUint32InPageDir	Nustatytaunsignedinteger32ĮPuslapiskatalogas	Nustatytaunsignedinteger32ĮPuslapiskatalogas	existing-unreviewed		0
SetUint8AtAddr	Nustatytaunsignedinteger8ataddress	Nustatytaunsignedinteger8ataddress	existing-unreviewed		0
SharedMemoryRegion	SharedAtmintisregion	SharedAtmintisregion	existing-unreviewed		0
Size	Dydis_2	Dydis_2	existing-unreviewed		0
Spawn	Spawn	Spawn	existing-unreviewed		0
Ss	Ss	Ss	existing-unreviewed		0
Stack	Stack	Stack	existing-unreviewed		0
StackSegmentFault	Stacksegmentfault	Stacksegmentfault	existing-unreviewed		0
Start_lba	Paleistilba	Paleistilba	existing-unreviewed		0
Started	Paleista	Paleista	existing-unreviewed		0
StdinPutByte	Stdinputbyte	Stdinputbyte	existing-unreviewed		0
StopCurrentThread	SustabdytiDabartinisthread	SustabdytiDabartinisthread	existing-unreviewed		0
Stopped	Sustabdyta	Sustabdyta	existing-unreviewed		0
SubnetMask	SubnetKaukė	SubnetKaukė	existing-unreviewed		0
SupportMode	PalaikymasREŽIMAS	PalaikymasREŽIMAS	existing-unreviewed		0
Sys_brk	Sysbrk_2	Sysbrk_2	existing-unreviewed		0
Sys_close	SysUžverti_2	SysUžverti_2	existing-unreviewed		0
Sys_exit	SysIšeiti_2	SysIšeiti_2	existing-unreviewed		0
Sys_getpid	Sysgetpid_2	Sysgetpid_2	existing-unreviewed		0
Sys_mousemove	Sysmousemove	Sysmousemove	existing-unreviewed		0
Sys_open	SysAtverti_2	SysAtverti_2	existing-unreviewed		0
Sys_printStr	SysSpausdintistr	SysSpausdintistr	existing-unreviewed		0
Sys_printUint32	SysSpausdintiunsignedinteger32	SysSpausdintiunsignedinteger32	existing-unreviewed		0
Sys_printf	Sysprintf	Sysprintf	existing-unreviewed		0
Sys_read	SysSkaitymas_2	SysSkaitymas_2	existing-unreviewed		0
Syscall	Syscall	Syscall	existing-unreviewed		0
Sysname	Sysname	Sysname	existing-unreviewed		0
TARPEtherFrameHandler	ArpLaidinisKadrashandler	ArpLaidinisKadrashandler	existing-unreviewed		0
TARPMessage	ArpPranešimas	ArpPranešimas	existing-unreviewed		0
TARPMessageBuffer	ArpPranešimasbuffer	ArpPranešimasbuffer	existing-unreviewed		0
TARPProvider	Arpprovider	Arpprovider	existing-unreviewed		0
TAdvancedTechnologyAttachment	TIšsamiauTechnologijaattachment	TIšsamiauTechnologijaattachment	existing-unreviewed		0
TArray	TMasyvas	TMasyvas	existing-unreviewed		0
TBaseAddressRegister	TBaseaddressregister	TBaseaddressregister	existing-unreviewed		0
TBiosParameterBlock32	TBiosparameterBlokas32	TBiosparameterBlokas32	pending-language-review	fat_parameters	0
TBufferDescriptor	TBufferdescriptor	TBufferdescriptor	existing-unreviewed		0
TCOWFrameManager	TcowKadrasmanager	TcowKadrasmanager	existing-unreviewed		0
TCPUState	TcpuBūsena	TcpuBūsena	existing-unreviewed		0
TDefaultKeyboardEventHandler	TNumatytasisKlaviatūraĮvykishandler	TNumatytasisKlaviatūraĮvykishandler	existing-unreviewed		0
TDefaultMouseEventHandler	TNumatytasisPelėĮvykishandler	TNumatytasisPelėĮvykishandler	existing-unreviewed		0
TDefaultPCIControllerHandler	TNumatytasispcicontrollerhandler	TNumatytasispcicontrollerhandler	existing-unreviewed		0
TDefaultTimerEventHandler	TNumatytasisLaikmatisĮvykishandler	TNumatytasisLaikmatisĮvykishandler	existing-unreviewed		0
TDirectoryEntryFat32	TKatalogasįrašasfat32	TKatalogasįrašasfat32	existing-unreviewed		0
TDriverManager	TDrivermanager	TDrivermanager	existing-unreviewed		0
TEtherFrameHandler	TLaidinisKadrashandler	TLaidinisKadrashandler	existing-unreviewed		0
TEtherFrameHeader	TLaidinisKadrasheader	TLaidinisKadrasheader	pending-language-review	ethernet_header	0
TEtherFrameHeaderBuffer	TLaidinisKadrasheaderbuffer	TLaidinisKadrasheaderbuffer	existing-unreviewed		0
TEtherFrameProvider	TLaidinisKadrasprovider	TLaidinisKadrasprovider	pending-language-review	ethernet_provider	0
TEtherFrameRawDataHandler	TLaidinisKadrasrawdatahandler	TLaidinisKadrasrawdatahandler	existing-unreviewed		0
TGateDescriptor	TGatedescriptor	TGatedescriptor	existing-unreviewed		0
THREAD_STACK_SIZE	ThreadstackDydis	ThreadstackDydis	existing-unreviewed		0
TICMPHandler	Icmphandler	Icmphandler	existing-unreviewed		0
TIPEtherFrameHandler	IpLaidinisKadrashandler	IpLaidinisKadrashandler	existing-unreviewed		0
TInitializationBlock	TInitializationBlokas	TInitializationBlokas	existing-unreviewed		0
TInternetControlMessageProtocol	TInternetasValdymasPranešimasprotocol	TInternetasValdymasPranešimasprotocol	pending-language-review	icmp	0
TInternetControlMessageProtocolMessage	TInternetasValdymasPranešimasprotocolPranešimas	TInternetasValdymasPranešimasprotocolPranešimas	existing-unreviewed		0
TInternetControlMessageProtocolMessageBuffer	TInternetasValdymasPranešimasprotocolPranešimasbuffer	TInternetasValdymasPranešimasprotocolPranešimasbuffer	existing-unreviewed		0
TInternetProtocolHandler	TInternetasprotocolhandler	TInternetasprotocolhandler	existing-unreviewed		0
TInternetProtocolProvider	TInternetasprotocolprovider	TInternetasprotocolprovider	pending-language-review	ip_provider	0
TInternetProtocolV4Message	TInternetasprotocolv4Pranešimas	TInternetasprotocolv4Pranešimas	existing-unreviewed		0
TInternetProtocolV4MessageBuffer	TInternetasprotocolv4Pranešimasbuffer	TInternetasprotocolv4Pranešimasbuffer	existing-unreviewed		0
TInterruptDescriptorTablePointer	TPertraukimasdescriptorLentelėRodyklė	TPertraukimasdescriptorLentelėRodyklė	existing-unreviewed		0
TInterruptHandler	TPertraukimashandler	TPertraukimashandler	existing-unreviewed		0
TInterruptManager	TPertraukimasmanager	TPertraukimasmanager	existing-unreviewed		0
TKeyboardDriver	TKlaviatūradriver	TKlaviatūradriver	existing-unreviewed		0
TLS_START	TlsPaleisti	TlsPaleisti	existing-unreviewed		0
TMSDOSPartitionTable	TmsdospartitionLentelė	TmsdospartitionLentelė	existing-unreviewed		0
TMasterBootRecord	TPagrindinisbootĮrašinėti	TPagrindinisbootĮrašinėti	pending-language-review	boot_record	0
TMemoryChunk	TAtmintischunk	TAtmintischunk	existing-unreviewed		0
TMemoryManager	TAtmintismanager	TAtmintismanager	existing-unreviewed		0
TMouseDriver	TPelėdriver	TPelėdriver	existing-unreviewed		0
TMyKeyboardEventHandler	TMyKlaviatūraĮvykishandler	TMyKlaviatūraĮvykishandler	existing-unreviewed		0
TMyMouseEventHandler	TMyPelėĮvykishandler	TMyPelėĮvykishandler	existing-unreviewed		0
TMyPCIControllerHandler	TMypcicontrollerhandler	TMypcicontrollerhandler	existing-unreviewed		0
TPartitionTableEntry	TPartitionLentelėįrašas	TPartitionLentelėįrašas	existing-unreviewed		0
TPeripheralComponentInterconnectController	TPeripheralcomponentinterconnectcontroller	TPeripheralcomponentinterconnectcontroller	existing-unreviewed		0
TPeripheralComponentInterconnectDeviceDescriptor	TPeripheralcomponentinterconnectĮrenginysdescriptor	TPeripheralcomponentinterconnectĮrenginysdescriptor	existing-unreviewed		0
TPort	TPrievadas	TPrievadas	existing-unreviewed		0
TPort16Bit	TPrievadas16bit	TPrievadas16bit	existing-unreviewed		0
TPort32Bit	TPrievadas32bit	TPrievadas32bit	existing-unreviewed		0
TPort8Bit	TPrievadas8bit	TPrievadas8bit	existing-unreviewed		0
TRawDataHandler	TRawdatahandler	TRawdatahandler	existing-unreviewed		0
TSSEntry	Tssįrašas	Tssįrašas	existing-unreviewed		0
TSyscall	TSyscall	TSyscall	existing-unreviewed		0
TTask	TUžduotis	TUžduotis	existing-unreviewed		0
TThread	TThread	TThread	existing-unreviewed		0
TThreadHelper	TThreadhelper	TThreadhelper	existing-unreviewed		0
TTimerDriver	TLaikmatisdriver	TLaikmatisdriver	existing-unreviewed		0
TUserDatagramProtocolHandler	TNaudotojasdatagramprotocolhandler	TNaudotojasdatagramprotocolhandler	existing-unreviewed		0
TUserDatagramProtocolHeader	TNaudotojasdatagramprotocolheader	TNaudotojasdatagramprotocolheader	pending-language-review	udp_header	0
TUserDatagramProtocolHeaderBuffer	TNaudotojasdatagramprotocolheaderbuffer	TNaudotojasdatagramprotocolheaderbuffer	existing-unreviewed		0
TUserDatagramProtocolProvider	TNaudotojasdatagramprotocolprovider	TNaudotojasdatagramprotocolprovider	existing-unreviewed		0
TUserDatagramProtocolSocket	TNaudotojasdatagramprotocolLizdas	TNaudotojasdatagramprotocolLizdas	pending-language-review	udp_socket	0
TVideoGraphicsArray	TVaizdoįrašaiGrafikaMasyvas	TVaizdoįrašaiGrafikaMasyvas	existing-unreviewed		0
TWidget	TValdiklis	TValdiklis	pending-language-review	widget	0
TWidgetMouseEventHandler	TValdiklisPelėĮvykishandler	TValdiklisPelėĮvykishandler	existing-unreviewed		0
Tamd_am79c973	Tamdam79c973	Tamdam79c973	existing-unreviewed		0
Test	Testas	Testas	existing-unreviewed		0
TestBit	Testasbit	Testasbit	existing-unreviewed		0
TestPrint	TestasSpausdinti	TestasSpausdinti	existing-unreviewed		0
Thread	Thread	Thread	existing-unreviewed		0
ThreadList	ThreadSąrašas	ThreadSąrašas	existing-unreviewed		0
ThreadState	ThreadBūsena	ThreadBūsena	existing-unreviewed		0
Threads	Threads	Threads	existing-unreviewed		0
TlsSegments	Tlssegments	Tlssegments	existing-unreviewed		0
TotalBlocks	IšvisoBlokas	IšvisoBlokas	existing-unreviewed		0
Type	Tipas	Tipas	existing-unreviewed		0
TypeTest	TipasTestas	TipasTestas	existing-unreviewed		0
T공용서술자테이블	TShareddescriptorLentelė	TShareddescriptorLentelė	existing-unreviewed		0
T공용서술자테이블_자료	TShareddescriptorLentelėdata	TShareddescriptorLentelėdata	existing-unreviewed		0
T작업관리자	TUžduotismanager	TUžduotismanager	existing-unreviewed		0
T조각설명자	TSegmentdescriptor	TSegmentdescriptor	existing-unreviewed		0
T콘솔	TConsole	TConsole	existing-unreviewed		0
T함수1	TFunkcija1	TFunkcija1	existing-unreviewed		0
UDESC_32SEG	Udesc32seg	Udesc32seg	existing-unreviewed		0
UDESC_CONTENTS	UdescTurinys	UdescTurinys	existing-unreviewed		0
UDESC_LIMIT_IN_PAGES	UdescRibaĮpages	UdescRibaĮpages	existing-unreviewed		0
UDESC_RX_ONLY	Udescrxonly	Udescrxonly	existing-unreviewed		0
UDESC_SEG_NOT_PRESENT	UdescsegnotYra	UdescsegnotYra	existing-unreviewed		0
UDESC_USABLE	Udescusable	Udescusable	existing-unreviewed		0
USER_STACK	Naudotojasstack	Naudotojasstack	existing-unreviewed		0
USER_STACK_SIZE	NaudotojasstackDydis	NaudotojasstackDydis	existing-unreviewed		0
USER_STACK_TOP	NaudotojasstackViršuje	NaudotojasstackViršuje	existing-unreviewed		0
Uid	Uid	Uid	existing-unreviewed		0
Uint16ToArray	Unsignedinteger16toMasyvas	Unsignedinteger16toMasyvas	existing-unreviewed		0
Uint16ToArray_BE	Unsignedinteger16toMasyvasbe	Unsignedinteger16toMasyvasbe	existing-unreviewed		0
Uint16_R	Unsignedinteger16r	Unsignedinteger16r	existing-unreviewed		0
Uint32ToArray	Unsignedinteger32toMasyvas	Unsignedinteger32toMasyvas	existing-unreviewed		0
Uint32_R	Unsignedinteger32r	Unsignedinteger32r	existing-unreviewed		0
Uint48ToArray	Unsignedinteger48toMasyvas	Unsignedinteger48toMasyvas	existing-unreviewed		0
Uint48ToArray_BE	Unsignedinteger48toMasyvasbe	Unsignedinteger48toMasyvasbe	existing-unreviewed		0
Uint48_R	Unsignedinteger48r	Unsignedinteger48r	existing-unreviewed		0
Uint64ToArray	Unsignedinteger64toMasyvas	Unsignedinteger64toMasyvas	existing-unreviewed		0
Uint64_R	Unsignedinteger64r	Unsignedinteger64r	existing-unreviewed		0
UnhandleInterrupt	UnhandlePertraukimas	UnhandlePertraukimas	existing-unreviewed		0
UnsetBit	Atšauktibit	Toggle_allocation_bit	pending-language-review	toggle_bit	1
UsedBlocks	NaudojamaBlokas	NaudojamaBlokas	existing-unreviewed		0
UserDesc	Naudotojasdescriptor	Naudotojasdescriptor	existing-unreviewed		0
UserStack	Naudotojasstack_2	Naudotojasstack_2	existing-unreviewed		0
UserStackSize	NaudotojasstackDydis_2	NaudotojasstackDydis_2	existing-unreviewed		0
Vendor_id	Gamintojasid	Gamintojasid	existing-unreviewed		0
Version	Versija	Versija	existing-unreviewed		0
VirtTest	VirtTestas	VirtTestas	existing-unreviewed		0
Write	Rašymas	Rašymas	existing-unreviewed		0
Write28	Rašymas28	Rašymas28	existing-unreviewed		0
WriteRegisters	Rašymasregister	Rašymasregister	existing-unreviewed		0
X	X	X	existing-unreviewed		0
Y	Y	Y	existing-unreviewed		0
Zero	Nulis	Nulis	existing-unreviewed		0
ZeroBlockInPageDir	NulisBlokasĮPuslapiskatalogas	NulisBlokasĮPuslapiskatalogas	existing-unreviewed		0
a	a	a	existing-unreviewed		0
aTime	aLaikas	aLaikas	existing-unreviewed		0
access	prieiti	prieiti	existing-unreviewed		0
accessMode	prieitiREŽIMAS	prieitiREŽIMAS	existing-unreviewed		0
ack	ack	ack	existing-unreviewed		0
activeKeyboardDriver	aktyvusKlaviatūradriver	aktyvusKlaviatūradriver	existing-unreviewed		0
activeMouseDriver	aktyvusPelėdriver	aktyvusPelėdriver	existing-unreviewed		0
addr	address	address	existing-unreviewed		0
addrPtr	addressRodyklė	addressRodyklė	existing-unreviewed		0
address	address_2	address_2	existing-unreviewed		0
addressError	addressKlaida	addressKlaida	existing-unreviewed		0
afInet	afinet	afinet	existing-unreviewed		0
allocFD	allocateFA	allocateFA	existing-unreviewed		0
allocOpenFile	allocateAtvertiFailas	allocateAtvertiFailas	existing-unreviewed		0
allocProcess	allocateProcesas	allocateProcesas	existing-unreviewed		0
allocateSocket	allocateLizdas	allocateLizdas	existing-unreviewed		0
allocated	allocated	allocated	existing-unreviewed		0
amd_am79c973	amdam79c973	amdam79c973	existing-unreviewed		0
args	argumentai	argumentai	existing-unreviewed		0
argument	argument	argument	existing-unreviewed		0
argumentPointers	argumentpointers	argumentpointers	existing-unreviewed		0
arguments	argumentai_2	argumentai_2	existing-unreviewed		0
arp	arp	arp	existing-unreviewed		0
arpBuffer	arpbuffer	arpbuffer	existing-unreviewed		0
arpMesgSize	arpmesgDydis	arpmesgDydis	existing-unreviewed		0
arpProvider	arpprovider	arpprovider	existing-unreviewed		0
arp콘솔	arpconsole	arpconsole	existing-unreviewed		0
array	masyvas	masyvas	existing-unreviewed		0
ata	ata	ata	existing-unreviewed		0
ata0s	ata0s	ata0s	existing-unreviewed		0
attempts	attempts	attempts	existing-unreviewed		0
attr	atributas	atributas	existing-unreviewed		0
attributeControllerIndexPort	atributascontrollerRodyklėPrievadas	atributascontrollerRodyklėPrievadas	existing-unreviewed		0
attributeControllerReadPort	atributascontrollerSkaitymasPrievadas	atributascontrollerSkaitymasPrievadas	existing-unreviewed		0
attributeControllerResetPort	atributascontrollerAtstatytiPrievadas	atributascontrollerAtstatytiPrievadas	existing-unreviewed		0
attributeControllerWritePort	atributascontrollerRašymasPrievadas	atributascontrollerRašymasPrievadas	existing-unreviewed		0
attributes	požymiai	požymiai	existing-unreviewed		0
aux	aux	aux	existing-unreviewed		0
avail	prieinama	prieinama	existing-unreviewed		0
b	b	b	existing-unreviewed		0
backend	backend	backend	existing-unreviewed		0
backupFpRegs	backupfpregs	backupfpregs	existing-unreviewed		0
backupSector	backupsector	backupsector	existing-unreviewed		0
bar	juosta	juosta	existing-unreviewed		0
barNum	juostaSkaičius	juostaSkaičius	existing-unreviewed		0
bar_value	juostaReikšmė	juostaReikšmė	existing-unreviewed		0
base	base	base	existing-unreviewed		0
baseCode	basecode	basecode	existing-unreviewed		0
baseHigh	baseAukštas	baseAukštas	existing-unreviewed		0
baseLow	baseŽemas	baseŽemas	existing-unreviewed		0
baseMid	basemid	basemid	existing-unreviewed		0
base_addr_high	baseaddressAukštas	baseaddressAukštas	existing-unreviewed		0
base_addr_low	baseaddressŽemas	baseaddressŽemas	existing-unreviewed		0
bh	bh	bh	existing-unreviewed		0
bindEphemeral	bindephemeral	bindephemeral	existing-unreviewed		0
bindError	bindKlaida	bindKlaida	existing-unreviewed		0
bios	bios	bios	existing-unreviewed		0
bit	bit	bit	existing-unreviewed		0
bitmap	bitmap	bitmap	pending-language-review	bitmap	0
bootSignature	bootsignature	bootsignature	existing-unreviewed		0
bootable	bootable	bootable	existing-unreviewed		0
bootloader	bootloader	bootloader	existing-unreviewed		0
bound	bound	bound	existing-unreviewed		0
bpb	bpb	bpb	pending-language-review	fat_parameters	0
bpbBytes	bpbBaitų	bpbBaitų	existing-unreviewed		0
bpbPtr	bpbRodyklė	bpbRodyklė	existing-unreviewed		0
buf	buffer	buffer	existing-unreviewed		0
buf1	buffer1	buffer1	existing-unreviewed		0
buf2	buffer2	buffer2	existing-unreviewed		0
buf3	buffer3	buffer3	existing-unreviewed		0
buf4	buffer4	buffer4	existing-unreviewed		0
buf6	buffer6	buffer6	existing-unreviewed		0
buffer	buffer_2	buffer_2	existing-unreviewed		0
buffer1	buffer1_2	buffer1_2	existing-unreviewed		0
buffer2	buffer2_2	buffer2_2	existing-unreviewed		0
bufferAddr	bufferaddress	bufferaddress	existing-unreviewed		0
bufferAddress	bufferaddress_2	bufferaddress_2	existing-unreviewed		0
bufptr	bufferRodyklė	bufferRodyklė	existing-unreviewed		0
bus	bus	bus	existing-unreviewed		0
busControlRegisterDataPort	busValdymasregisterdataPrievadas	busValdymasregisterdataPrievadas	existing-unreviewed		0
button	mygtukas	mygtukas	existing-unreviewed		0
buttons	mygtukas_2	mygtukas_2	existing-unreviewed		0
bytesPerSector	baitųpersector	baitųpersector	existing-unreviewed		0
c	c	c	existing-unreviewed		0
cDate	cData	cData	existing-unreviewed		0
cTime	cLaikas	cLaikas	existing-unreviewed		0
cTimeTenth	cLaikastenth	cLaikastenth	existing-unreviewed		0
call	call	call	existing-unreviewed		0
candidate	candidate	candidate	existing-unreviewed		0
cap	cap	cap	existing-unreviewed		0
char	char	char	existing-unreviewed		0
checked	checked	checked	existing-unreviewed		0
checksum	kontrolinėsuma	kontrolinėsuma	existing-unreviewed		0
child	child	child	existing-unreviewed		0
childPID	childpid	childpid	existing-unreviewed		0
childPageDir	childPuslapiskatalogas	childPuslapiskatalogas	existing-unreviewed		0
chunk	chunk	chunk	existing-unreviewed		0
class_id	klasėid	klasėid	existing-unreviewed		0
closeAllProcessFDs	užvertiVisiProcesasfds	užvertiVisiProcesasfds	existing-unreviewed		0
closeOnExec	užvertiĮjungtaVykdyti	užvertiĮjungtaVykdyti	existing-unreviewed		0
closeProcessFD	užvertiProcesasFA	užvertiProcesasFA	existing-unreviewed		0
code	code	code	existing-unreviewed		0
code1Ptr	code1Rodyklė	code1Rodyklė	existing-unreviewed		0
code1ptr	code1Rodyklė_2	code1Rodyklė_2	existing-unreviewed		0
code2Ptr	code2Rodyklė	code2Rodyklė	existing-unreviewed		0
code3Ptr	code3Rodyklė	code3Rodyklė	existing-unreviewed		0
codeSegment	codesegment	codesegment	existing-unreviewed		0
colorIndex	spalvaRodyklė	spalvaRodyklė	existing-unreviewed		0
colordepth	spalvadepth	spalvadepth	existing-unreviewed		0
command	komanda	komanda	existing-unreviewed		0
commandPort	komandaPrievadas	komandaPrievadas	existing-unreviewed		0
commandport	komandaPrievadas_2	komandaPrievadas_2	existing-unreviewed		0
common	bendrinis	bendrinis	existing-unreviewed		0
connected	connected	connected	existing-unreviewed		0
console	console	console	existing-unreviewed		0
controlPort	valdymasPrievadas	valdymasPrievadas	existing-unreviewed		0
copyExecVector	kopijuotiVykdytivector	kopijuotiVykdytivector	existing-unreviewed		0
copyLength	kopijuotiTrukmė	kopijuotiTrukmė	existing-unreviewed		0
copyPageDir	kopijuotiPuslapiskatalogas	kopijuotiPuslapiskatalogas	existing-unreviewed		0
copyPath	kopijuotiKELIAS	kopijuotiKELIAS	existing-unreviewed		0
copySocketName	kopijuotiLizdasPavadinimas	kopijuotiLizdasPavadinimas	existing-unreviewed		0
copyUtsField	kopijuotiutslaukas	kopijuotiutslaukas	existing-unreviewed		0
count	count	count	existing-unreviewed		0
count2	count2	count2	existing-unreviewed		0
cowFrameManager	cowKadrasmanager	cowKadrasmanager	existing-unreviewed		0
cpu	cpu	cpu	existing-unreviewed		0
cpustate	cpuBūsena	cpuBūsena	existing-unreviewed		0
cr0	cr0	cr0	existing-unreviewed		0
cr3	cr3	cr3	existing-unreviewed		0
cr4	cr4	cr4	existing-unreviewed		0
crtcDataPort	crtcdataPrievadas	crtcdataPrievadas	existing-unreviewed		0
crtcIndexPort	crtcRodyklėPrievadas	crtcRodyklėPrievadas	existing-unreviewed		0
cs	cs	cs	existing-unreviewed		0
currentRecvBuffer	dabartinisrecvbuffer	dabartinisrecvbuffer	existing-unreviewed		0
currentSendBuffer	dabartinisSiųstibuffer	dabartinisSiųstibuffer	existing-unreviewed		0
currentTask	dabartinisUžduotis	dabartinisUžduotis	existing-unreviewed		0
currentThread	dabartinisthread	dabartinisthread	existing-unreviewed		0
currentThreadIndex	dabartinisthreadRodyklė	dabartinisthreadRodyklė	existing-unreviewed		0
cursorHeight	žymeklisAukštis	žymeklisAukštis	existing-unreviewed		0
cursorStart	žymeklisPaleisti	žymeklisPaleisti	existing-unreviewed		0
d_tag	dŽymė	dŽymė	existing-unreviewed		0
d_val_ptr	dvalRodyklė	dvalRodyklė	existing-unreviewed		0
data	data	data	existing-unreviewed		0
dataBuf	databuffer	databuffer	existing-unreviewed		0
dataBytes	dataBaitų	dataBaitų	existing-unreviewed		0
dataPointer	dataRodyklė	dataRodyklė	existing-unreviewed		0
dataPort	dataPrievadas	dataPrievadas	existing-unreviewed		0
dataStart	dataPaleisti	dataPaleisti	existing-unreviewed		0
databuffer	databuffer_2	databuffer_2	existing-unreviewed		0
dataport	dataPrievadas_2	dataPrievadas_2	existing-unreviewed		0
defaultKeyboardEventHandler	numatytasisKlaviatūraĮvykishandler	numatytasisKlaviatūraĮvykishandler	existing-unreviewed		0
desc	descriptor	descriptor	existing-unreviewed		0
description	aprašymas	aprašymas	existing-unreviewed		0
destination	tikslas	tikslas	existing-unreviewed		0
destinationAddress	tikslasaddress	tikslasaddress	existing-unreviewed		0
destinationLength	tikslasTrukmė	tikslasTrukmė	existing-unreviewed		0
dev	įrenginys	įrenginys	existing-unreviewed		0
device	įrenginys_2	įrenginys_2	existing-unreviewed		0
deviceDescriptor	įrenginysdescriptor	įrenginysdescriptor	existing-unreviewed		0
devicePort	įrenginysPrievadas	įrenginysPrievadas	existing-unreviewed		0
diff	diff	diff	existing-unreviewed		0
digits	digits	digits	existing-unreviewed		0
dirent	dirent	dirent	existing-unreviewed		0
direntBytes	direntBaitų	direntBaitų	existing-unreviewed		0
direntPtr	direntRodyklė	direntRodyklė	existing-unreviewed		0
discardProcess	išmestiProcesas	išmestiProcesas	existing-unreviewed		0
dispatchInterrupt	dispatchPertraukimas	dispatchPertraukimas	existing-unreviewed		0
divisor	divisor	divisor	existing-unreviewed		0
domain	domenas	domenas	existing-unreviewed		0
driveNumber	driveSkaičius	driveSkaičius	existing-unreviewed		0
driver	driver	driver	existing-unreviewed		0
driverManager	drivermanager	drivermanager	existing-unreviewed		0
drivercount	drivercount	drivercount	existing-unreviewed		0
drv	driver_2	driver_2	existing-unreviewed		0
ds	ds	ds	existing-unreviewed		0
ds_segment	dssegment	dssegment	existing-unreviewed		0
dst	tikslas_2	tikslas_2	existing-unreviewed		0
dstEntry	tikslasįrašas	tikslasįrašas	existing-unreviewed		0
dstIP	tikslasipaddress	tikslasipaddress	existing-unreviewed		0
dstIP_BE	tikslasipaddressTinklasbyteorder	tikslasipaddressTinklasbyteorder	existing-unreviewed		0
dstMAC	tikslasmacaddress	tikslasmacaddress	existing-unreviewed		0
dstMAC_BE	tikslasmacbe	tikslasmacbe	existing-unreviewed		0
dstPageDir	tikslasPuslapiskatalogas	tikslasPuslapiskatalogas	existing-unreviewed		0
dstPort	tikslasPrievadasSkaičius	tikslasPrievadasSkaičius	pending-language-review	destination_port	0
dstPt	tikslaspt	tikslaspt	existing-unreviewed		0
dstPtPtr	tikslasptRodyklė	tikslasptRodyklė	existing-unreviewed		0
dstPtr	tikslasRodyklė	tikslasRodyklė	existing-unreviewed		0
dstptr	tikslasRodyklė_2	tikslasRodyklė_2	existing-unreviewed		0
dynamic	dinaminis	dinaminis	existing-unreviewed		0
e	e	e	existing-unreviewed		0
e_ehsize	eehsize	eehsize	existing-unreviewed		0
e_entry	eįrašas	eįrašas	existing-unreviewed		0
e_flags	eParametrai	eParametrai	existing-unreviewed		0
e_ident	eident	eident	existing-unreviewed		0
e_machine	emachine	emachine	existing-unreviewed		0
e_phentsize	ephentsize	ephentsize	existing-unreviewed		0
e_phnum	ephnum	ephnum	existing-unreviewed		0
e_phoff	ephoff	ephoff	existing-unreviewed		0
e_shentsize	eshentsize	eshentsize	existing-unreviewed		0
e_shnum	eshnum	eshnum	existing-unreviewed		0
e_shoff	eshoff	eshoff	existing-unreviewed		0
e_shstrndx	eshstrndx	eshstrndx	existing-unreviewed		0
e_type	eTipas	eTipas	existing-unreviewed		0
e_version	eVersija	eVersija	existing-unreviewed		0
eax	eax	eax	existing-unreviewed		0
ebp	ebp	ebp	existing-unreviewed		0
ebx	ebx	ebx	existing-unreviewed		0
ecx	ecx	ecx	existing-unreviewed		0
edi	edi	edi	existing-unreviewed		0
edx	edx	edx	existing-unreviewed		0
efHandler	efhandler	efhandler	existing-unreviewed		0
eflags	eflags	eflags	existing-unreviewed		0
eip	eip	eip	existing-unreviewed		0
eipOffset	eipoffset	eipoffset	existing-unreviewed		0
elf	elf	elf	existing-unreviewed		0
elf0	elf0	elf0	existing-unreviewed		0
elf2	elf2	elf2	existing-unreviewed		0
elf3	elf3	elf3	existing-unreviewed		0
elf4	elf4	elf4	existing-unreviewed		0
elfHeader	elfheader	elfheader	existing-unreviewed		0
enabled	įjungta	įjungta	existing-unreviewed		0
end	pab	pab	existing-unreviewed		0
endOffset	paboffset	paboffset	existing-unreviewed		0
end_cylinder	pabcylinder	pabcylinder	existing-unreviewed		0
end_head	pabhead	pabhead	existing-unreviewed		0
end_sector	pabsector	pabsector	existing-unreviewed		0
ensureCurrentProcess	ensureDabartinisProcesas	ensureDabartinisProcesas	existing-unreviewed		0
entry	įrašas	įrašas	existing-unreviewed		0
entryPoint	įrašaspoint	įrašaspoint	existing-unreviewed		0
entrypoint	įrašaspoint_2	įrašaspoint_2	existing-unreviewed		0
environment	environment	environment	existing-unreviewed		0
environmentPointers	environmentpointers	environmentpointers	existing-unreviewed		0
err	klaidos	klaidos	existing-unreviewed		0
errorPort	klaidaPrievadas	klaidaPrievadas	existing-unreviewed		0
es	es	es	existing-unreviewed		0
esi	esi	esi	existing-unreviewed		0
esp	esp	esp	existing-unreviewed		0
esp0	esp0	esp0	existing-unreviewed		0
esp1	esp1	esp1	existing-unreviewed		0
esp2	esp2	esp2	existing-unreviewed		0
etherFrameProvider	laidinisKadrasprovider	laidinisKadrasprovider	pending-language-review	ethernet_provider	0
etherType	laidinisTipas	laidinisTipas	existing-unreviewed		0
etherType_BE	laidinisTipasbe	laidinisTipasbe	existing-unreviewed		0
etherframe	laidinisKadras	laidinisKadras	existing-unreviewed		0
etherframePayload	laidinisKadraspayload	laidinisKadraspayload	existing-unreviewed		0
except	except	except	existing-unreviewed		0
exceptionCR0	exceptioncr0	exceptioncr0	existing-unreviewed		0
exceptionCR2	exceptioncr2	exceptioncr2	existing-unreviewed		0
exceptionCR3	exceptioncr3	exceptioncr3	existing-unreviewed		0
exceptionFrameValue	exceptionKadrasReikšmė	exceptionKadrasReikšmė	existing-unreviewed		0
exceptionHasErrorCode	exceptionhasKlaidacode	exceptionhasKlaidacode	existing-unreviewed		0
exceptionName	exceptionPavadinimas	exceptionPavadinimas	existing-unreviewed		0
execVector	vykdytivector	vykdytivector	existing-unreviewed		0
exists	exists	exists	existing-unreviewed		0
exited	išėjo	išėjo	existing-unreviewed		0
ext	ext	ext	existing-unreviewed		0
extFlags	extParametrai	extParametrai	existing-unreviewed		0
extendedScanCode	extendedSkaityticode	extendedSkaityticode	existing-unreviewed		0
fDupFD	fdupFA	fdupFA	existing-unreviewed		0
fGetFD	fgetFA	fgetFA	existing-unreviewed		0
fGetFL	fgetfl	fgetfl	existing-unreviewed		0
fSetFD	fnustatytaFA	fnustatytaFA	existing-unreviewed		0
fSetFL	fnustatytafl	fnustatytafl	existing-unreviewed		0
fat	fat	fat	existing-unreviewed		0
fatCopies	fatKopijuoti	fatKopijuoti	existing-unreviewed		0
fatInfo	fatInformacija	fatInformacija	existing-unreviewed		0
fatOffsetInSectorForCurrentCluster	fatoffsetĮsectorforDabartiniscluster	fatoffsetĮsectorforDabartiniscluster	existing-unreviewed		0
fatSectorCount	fatsectorcount	fatsectorcount	existing-unreviewed		0
fatSectorForCurrentCluster	fatsectorforDabartiniscluster	fatsectorforDabartiniscluster	existing-unreviewed		0
fatSize	fatDydis	fatDydis	existing-unreviewed		0
fatStart	fatPaleisti	fatPaleisti	existing-unreviewed		0
fatTypeLabel	fatTipasUžrašas	fatTipasUžrašas	existing-unreviewed		0
fatVersion	fatVersija	fatVersija	existing-unreviewed		0
fatbuf	fatbuf	fatbuf	existing-unreviewed		0
fatbuffer	fatbuffer	fatbuffer	existing-unreviewed		0
faultAddr	faultaddress	faultaddress	existing-unreviewed		0
fb	fb	fb	existing-unreviewed		0
fbCurCol	fbDabartiniscol	fbDabartiniscol	existing-unreviewed		0
fbCurLine	fbDabartinisEilutė	fbDabartinisEilutė	existing-unreviewed		0
fbHeight	fbAukštis	fbAukštis	existing-unreviewed		0
fbPhysAddr	fbphysaddress	fbphysaddress	existing-unreviewed		0
fbWidth	fbPlotis	fbPlotis	existing-unreviewed		0
fd	fA	fA	existing-unreviewed		0
fdCloexec	fAcloexec	fAcloexec	existing-unreviewed		0
fdEntry	fAįrašas	fAįrašas	existing-unreviewed		0
fdFlags	fAParametrai	fAParametrai	existing-unreviewed		0
fdKindConsole	fARūšisconsole	fARūšisconsole	existing-unreviewed		0
fdKindFat	fARūšisfat	fARūšisfat	existing-unreviewed		0
fdKindNone	fARūšisJoks	fARūšisJoks	existing-unreviewed		0
fdKindRootDir	fARūšisŠakniskatalogas	fARūšisŠakniskatalogas	existing-unreviewed		0
fdKindSocket	fARūšisLizdas	fARūšisLizdas	existing-unreviewed		0
fdKindStdin	fARūšisstdin	fARūšisstdin	existing-unreviewed		0
fds	fds	fds	existing-unreviewed		0
filePtr	failasRodyklė	failasRodyklė	existing-unreviewed		0
fileSector	failassector	failassector	existing-unreviewed		0
fileSize	failasDydis	failasDydis	existing-unreviewed		0
filename	failopavadinimas	failopavadinimas	existing-unreviewed		0
fillPosixStat	fillposixstat	fillposixstat	existing-unreviewed		0
findProcess	ieškotiProcesas	ieškotiProcesas	existing-unreviewed		0
first	first	first	existing-unreviewed		0
firstClusterHi	firstclusterhi	firstclusterhi	existing-unreviewed		0
firstClusterLow	firstclusterŽemas	firstclusterŽemas	existing-unreviewed		0
firstFileCluster	firstFailascluster	firstFailascluster	existing-unreviewed		0
flags	parametrai	parametrai	existing-unreviewed		0
flags2	parametrai2	parametrai2	existing-unreviewed		0
flagsAndOffset	parametraiiroffset	parametraiiroffset	existing-unreviewed		0
flushIndex	flushRodyklė	flushRodyklė	existing-unreviewed		0
flushTlsTable	flushtlsLentelė	flushtlsLentelė	existing-unreviewed		0
flush_tss	flushtss	flushtss	existing-unreviewed		0
fn	fn	fn	existing-unreviewed		0
foo	foo	foo	existing-unreviewed		0
foundChild	foundchild	foundchild	existing-unreviewed		0
frame	kadras	kadras	existing-unreviewed		0
frameCount	kadrascount	kadrascount	existing-unreviewed		0
frameHeaderSize	kadrasheaderDydis	kadrasheaderDydis	existing-unreviewed		0
free	laisva	laisva	existing-unreviewed		0
freePort	laisvaPrievadas	laisvaPrievadas	existing-unreviewed		0
frequency	dažnumas	dažnumas	existing-unreviewed		0
fs	fs	fs	existing-unreviewed		0
func1Val	func1val	func1val	existing-unreviewed		0
func2Val	func2val	func2val	existing-unreviewed		0
func3Val	func3val	func3val	existing-unreviewed		0
func_addr	funcaddress	funcaddress	existing-unreviewed		0
func_bytes	funcBaitų	funcBaitų	existing-unreviewed		0
func_name	funcPavadinimas	funcPavadinimas	existing-unreviewed		0
func_value	funcReikšmė	funcReikšmė	existing-unreviewed		0
function	funkcija	funkcija	existing-unreviewed		0
fxrstor	fxrstor	fxrstor	existing-unreviewed		0
fxsave	fxsave	fxsave	existing-unreviewed		0
g	g	g	existing-unreviewed		0
g_320x200x256	g320x200x256	g320x200x256	existing-unreviewed		0
gate	gate	gate	existing-unreviewed		0
gateData	gatedata	gatedata	existing-unreviewed		0
gatewayIP	gatewayip	gatewayip	existing-unreviewed		0
gdt	gdt	gdt	existing-unreviewed		0
gdtDescriptor	gdtdescriptor	gdtdescriptor	existing-unreviewed		0
gdtEntry	gdtįrašas	gdtįrašas	existing-unreviewed		0
gdtTable	gdtLentelė	gdtLentelė	existing-unreviewed		0
gdtTableLen	gdtLentelėlen	gdtLentelėlen	existing-unreviewed		0
gdt_codeSegmentSelector	gdtcodesegmentselector	gdtcodesegmentselector	existing-unreviewed		0
gdt_func	gdtfunc	gdtfunc	existing-unreviewed		0
getCR2	getcr2	getcr2	existing-unreviewed		0
getCR3	getcr3	getcr3	existing-unreviewed		0
getDescriptor	getdescriptor	getdescriptor	existing-unreviewed		0
getESI	getesi	getesi	existing-unreviewed		0
getESP	getesp	getesp	existing-unreviewed		0
getGDT	getgdt	getgdt	existing-unreviewed		0
getGS	getgs	getgs	existing-unreviewed		0
getOpenFile	getAtvertiFailas	getAtvertiFailas	existing-unreviewed		0
getOpenFileFor	getAtvertiFailasfor	getAtvertiFailasfor	existing-unreviewed		0
getTLS	gettls	gettls	existing-unreviewed		0
globalDescriptorTable	visuotinėdescriptorLentelė	visuotinėdescriptorLentelė	existing-unreviewed		0
globalOffsetTable	visuotinėoffsetLentelė	visuotinėoffsetLentelė	existing-unreviewed		0
global_offset_table	visuotinėoffsetLentelė_2	visuotinėoffsetLentelė_2	existing-unreviewed		0
graphicsControllerDataPort	grafikacontrollerdataPrievadas	grafikacontrollerdataPrievadas	existing-unreviewed		0
graphicsControllerIndexPort	grafikacontrollerRodyklėPrievadas	grafikacontrollerRodyklėPrievadas	existing-unreviewed		0
grub_multiboot_memory_map_t	grubmultibootAtmintismapt	grubmultibootAtmintismapt	existing-unreviewed		0
gs	gs	gs	existing-unreviewed		0
gs_segment	gssegment	gssegment	existing-unreviewed		0
h	h	h	existing-unreviewed		0
haltAfterFatalException	haltafterfatalexception	haltafterfatalexception	existing-unreviewed		0
handleInterrupt	pozicijaPertraukimas	pozicijaPertraukimas	existing-unreviewed		0
handleKeyboardInterrupt	pozicijaKlaviatūraPertraukimas	pozicijaKlaviatūraPertraukimas	existing-unreviewed		0
handleMouseInterrupt	pozicijaPelėPertraukimas	pozicijaPelėPertraukimas	existing-unreviewed		0
handlePagingInterrupt	pozicijapagingPertraukimas	pozicijapagingPertraukimas	existing-unreviewed		0
handleUnhandledSyscall	pozicijaunhandledsyscall	pozicijaunhandledsyscall	existing-unreviewed		0
handler	handler	handler	existing-unreviewed		0
handlerAddressHighBits	handleraddressAukštasbitų	handleraddressAukštasbitų	existing-unreviewed		0
handlerAddressLowBits	handleraddressŽemasbitų	handleraddressŽemasbitų	existing-unreviewed		0
handlerRun	handlerPaleisti	handlerPaleisti	existing-unreviewed		0
handlers	handler_2	handler_2	existing-unreviewed		0
hardwareAddressSize	aparatinėįrangaaddressDydis	aparatinėįrangaaddressDydis	existing-unreviewed		0
hardwareInterruptOffset	aparatinėįrangaPertraukimasoffset	aparatinėįrangaPertraukimasoffset	existing-unreviewed		0
hardwareType	aparatinėįrangaTipas	aparatinėįrangaTipas	existing-unreviewed		0
hd	hd	hd	existing-unreviewed		0
head	head	head	existing-unreviewed		0
headCount	headcount	headcount	existing-unreviewed		0
headerLength	headerTrukmė	headerTrukmė	existing-unreviewed		0
headertype	headertype	headertype	existing-unreviewed		0
height	aukštis	aukštis	existing-unreviewed		0
hex	šešioliktainis	šešioliktainis	existing-unreviewed		0
hiddenSectors	paslėptassectors	paslėptassectors	existing-unreviewed		0
i	i	i	existing-unreviewed		0
iCount	icount	icount	existing-unreviewed		0
iDrivers	idriver	idriver	existing-unreviewed		0
iKeyboardEventHandler	iKlaviatūraĮvykishandler	iKlaviatūraĮvykishandler	existing-unreviewed		0
iMouseEventHandler	iPelėĮvykishandler	iPelėĮvykishandler	existing-unreviewed		0
iPCIControllerHandler	ipcicontrollerhandler	ipcicontrollerhandler	existing-unreviewed		0
iRawDataHandler	irawdatahandler	irawdatahandler	existing-unreviewed		0
iTimerEventHandler	iLaikmatisĮvykishandler	iLaikmatisĮvykishandler	existing-unreviewed		0
icmp	icmp	icmp	existing-unreviewed		0
icmpSize	icmpDydis	icmpDydis	existing-unreviewed		0
icmp콘솔	icmpconsole	icmpconsole	existing-unreviewed		0
id	id	id	existing-unreviewed		0
ident	ident	ident	existing-unreviewed		0
idtData	idtdata	idtdata	existing-unreviewed		0
idtPointer	idtRodyklė	idtRodyklė	existing-unreviewed		0
idx	idx	idx	existing-unreviewed		0
index	rodyklė	rodyklė	existing-unreviewed		0
initBlock	initBlokas	initBlokas	existing-unreviewed		0
initFileDescriptors	initFailasdescriptor	initFailasdescriptor	existing-unreviewed		0
initPIT	initpit	initpit	existing-unreviewed		0
initializeProcessFDs	initializeProcesasfds	initializeProcesasfds	existing-unreviewed		0
inode	inodas	inodas	existing-unreviewed		0
inputEventTask	įvestisĮvykisUžduotis	įvestisĮvykisUžduotis	existing-unreviewed		0
installIDT	įdiegtiidt	įdiegtiidt	existing-unreviewed		0
intNumber	intSkaičius	intSkaičius	existing-unreviewed		0
interface_id	sĄSAJAid	sĄSAJAid	existing-unreviewed		0
internetprotocolPayload	internetasprotocolpayload	internetasprotocolpayload	existing-unreviewed		0
interrupt	pertraukimas	pertraukimas	existing-unreviewed		0
interruptDebug	pertraukimasDerinti	pertraukimasDerinti	existing-unreviewed		0
interruptExitLoop	pertraukimasIšeitiloop	pertraukimasIšeitiloop	existing-unreviewed		0
interruptGateEntries	pertraukimasgateįrašas	pertraukimasgateįrašas	existing-unreviewed		0
interruptHandler	pertraukimashandler	pertraukimashandler	existing-unreviewed		0
interrupts	interrupts	interrupts	existing-unreviewed		0
iomap	iomap	iomap	existing-unreviewed		0
ip	ip	ip	existing-unreviewed		0
ipEtherFrameHandler	ipLaidinisKadrashandler	ipLaidinisKadrashandler	existing-unreviewed		0
ipHandler	iphandler	iphandler	existing-unreviewed		0
ipIdx	ipidx	ipidx	existing-unreviewed		0
ipProtocolUDP	ipprotocoludp	ipprotocoludp	existing-unreviewed		0
ipProvider	ipprovider	ipprovider	pending-language-review	ip_provider	0
ipSize	ipDydis	ipDydis	existing-unreviewed		0
ip_be	ipTinklasbyteorder	ipTinklasbyteorder	existing-unreviewed		0
ipmessage	internetasprotocolPranešimas	internetasprotocolPranešimas	existing-unreviewed		0
ipv4	ipv4	ipv4	existing-unreviewed		0
ip콘솔	ipconsole	ipconsole	existing-unreviewed		0
isKernel	iskernel	iskernel	existing-unreviewed		0
isRoot	isŠaknis	isŠaknis	existing-unreviewed		0
isRootPath	isŠaknisKELIAS	isŠaknisKELIAS	existing-unreviewed		0
isSharedPDE	issharedpde	issharedpde	existing-unreviewed		0
istOffset	istoffset	istoffset	existing-unreviewed		0
j	j	j	existing-unreviewed		0
jmp	jmp	jmp	existing-unreviewed		0
jmp_user	jmpNaudotojas	jmpNaudotojas	existing-unreviewed		0
jump_usermode_iret	jumpusermodeiret	jumpusermodeiret	existing-unreviewed		0
kPageDirEntry	kPuslapiskatalogasįrašas	kPuslapiskatalogasįrašas	existing-unreviewed		0
kernelESP	kernelesp	kernelesp	existing-unreviewed		0
kernelPageDirEntry	kernelPuslapiskatalogasįrašas	kernelPuslapiskatalogasįrašas	existing-unreviewed		0
kernelSS	kernelss	kernelss	existing-unreviewed		0
key	raktas	raktas	existing-unreviewed		0
keyboard	klaviatūra	klaviatūra	existing-unreviewed		0
keyboardDriver	klaviatūradriver	klaviatūradriver	existing-unreviewed		0
keyboardEventHandler	klaviatūraĮvykishandler	klaviatūraĮvykishandler	existing-unreviewed		0
keyboardQueue	klaviatūraqueue	klaviatūraqueue	existing-unreviewed		0
keyboardQueueRead	klaviatūraqueueSkaitymas	klaviatūraqueueSkaitymas	existing-unreviewed		0
keyboardQueueSize	klaviatūraqueueDydis	klaviatūraqueueDydis	existing-unreviewed		0
keyboardQueueWrite	klaviatūraqueueRašymas	klaviatūraqueueRašymas	existing-unreviewed		0
kind	rūšis	rūšis	existing-unreviewed		0
l	l	l	existing-unreviewed		0
last	paskutinis	paskutinis	existing-unreviewed		0
lbaHiPort	lbahiPrievadas	lbahiPrievadas	existing-unreviewed		0
lbaLowPort	lbaŽemasPrievadas	lbaŽemasPrievadas	existing-unreviewed		0
lbaMidPort	lbamidPrievadas	lbamidPrievadas	existing-unreviewed		0
ldt	ldt	ldt	existing-unreviewed		0
leftShift	kairėjeLyg2	kairėjeLyg2	existing-unreviewed		0
len	len	len	existing-unreviewed		0
len_ver	lenver	lenver	existing-unreviewed		0
length	trukmė	trukmė	existing-unreviewed		0
lengthAddress	trukmėaddress	trukmėaddress	existing-unreviewed		0
lengthInBytes	trukmėĮBaitų	trukmėĮBaitų	existing-unreviewed		0
length_high	trukmėAukštas	trukmėAukštas	existing-unreviewed		0
length_low	trukmėŽemas	trukmėŽemas	existing-unreviewed		0
lengths	lengths	lengths	existing-unreviewed		0
lib1Addr	lib1address	lib1address	existing-unreviewed		0
lib1Data	lib1data	lib1data	existing-unreviewed		0
lib1File	lib1Failas	lib1Failas	existing-unreviewed		0
lib1GOT	lib1got	lib1got	existing-unreviewed		0
lib1elf	lib1elf	lib1elf	existing-unreviewed		0
lib2Addr	lib2address	lib2address	existing-unreviewed		0
lib2Data	lib2data	lib2data	existing-unreviewed		0
lib2File	lib2Failas	lib2Failas	existing-unreviewed		0
lib2GOT	lib2got	lib2got	existing-unreviewed		0
lib2elf	lib2elf	lib2elf	existing-unreviewed		0
libLinkMap	libNuorodamap	libNuorodamap	existing-unreviewed		0
lidtaddr	lidtaddr	lidtaddr	existing-unreviewed		0
limit	riba	riba	existing-unreviewed		0
limitHighAndFlags	ribaAukštasirParametrai	ribaAukštasirParametrai	existing-unreviewed		0
limitLow	ribaŽemas	ribaŽemas	existing-unreviewed		0
linkMap	nuorodamap	nuorodamap	existing-unreviewed		0
linkMapAddr	nuorodamapaddress	nuorodamapaddress	existing-unreviewed		0
linkerAddr	linkeraddress	linkeraddress	existing-unreviewed		0
linkerData	linkerdata	linkerdata	existing-unreviewed		0
linkerEntry	linkerįrašas	linkerįrašas	existing-unreviewed		0
linkerFile	linkerFailas	linkerFailas	existing-unreviewed		0
list	sąrašas	sąrašas	existing-unreviewed		0
listening	listening	listening	existing-unreviewed		0
loader	loader	loader	existing-unreviewed		0
local	vietinis	vietinis	existing-unreviewed		0
localDatagramSocket	vietinisdatagramLizdas	vietinisdatagramLizdas	existing-unreviewed		0
localIP	vietinisip	vietinisip	existing-unreviewed		0
localPort	vietinisPrievadasSkaičius	vietinisPrievadasSkaičius	existing-unreviewed		0
localSockets	vietinissockets	vietinissockets	existing-unreviewed		0
logicalAddress	loginėsaddress	loginėsaddress	existing-unreviewed		0
macAddr	macaddress	macaddress	existing-unreviewed		0
macIdx	macidx	macidx	existing-unreviewed		0
magicnumber	magicnumber	magicnumber	existing-unreviewed		0
main	main	main	compatibility		0
mainThread	pagrindinisthread	pagrindinisthread	existing-unreviewed		0
makePagePrivateWritableCurrent	makePuslapisPrivatuswritableDabartinis	makePuslapisPrivatuswritableDabartinis	existing-unreviewed		0
makeRangePrivateWritableCurrent	makeSritisPrivatuswritableDabartinis	makeSritisPrivatuswritableDabartinis	existing-unreviewed		0
manager	manager	manager	existing-unreviewed		0
mask	kaukė	kaukė	existing-unreviewed		0
master	pagrindinis	pagrindinis	existing-unreviewed		0
matches	matches	matches	existing-unreviewed		0
maxBARs	maksbars	maksbars	existing-unreviewed		0
maxDatagramSize	maksdatagramDydis	maksdatagramDydis	existing-unreviewed		0
maxExecStringLength	maksVykdytiEilutėTrukmė	maksVykdytiEilutėTrukmė	existing-unreviewed		0
maxExecVectorEntries	maksVykdytivectorįrašas	maksVykdytivectorįrašas	existing-unreviewed		0
maxFD	maksFA	maksFA	existing-unreviewed		0
maxOpenFiles	maksAtvertiFAILAI	maksAtvertiFAILAI	existing-unreviewed		0
maxSocketPackets	maksLizdaspaketų	maksLizdaspaketų	existing-unreviewed		0
maxSockets	makssockets	makssockets	existing-unreviewed		0
maximumBlocks	maksimumasBlokas	maksimumasBlokas	existing-unreviewed		0
mediaType	laikmenosTipas	laikmenosTipas	existing-unreviewed		0
mem	mem	mem	existing-unreviewed		0
memoryArray	atmintisMasyvas	atmintisMasyvas	existing-unreviewed		0
memoryChunkSize	atmintischunkDydis	atmintischunkDydis	existing-unreviewed		0
memoryManager	atmintismanager	atmintismanager	existing-unreviewed		0
memoryOper	atmintisoper	atmintisoper	existing-unreviewed		0
memorySize	atmintisDydis	atmintisDydis	existing-unreviewed		0
memorymananger	memorymananger	memorymananger	existing-unreviewed		0
memorytest	memorytest	memorytest	existing-unreviewed		0
message	pranešimas	pranešimas	existing-unreviewed		0
micsPort	micsPrievadas	micsPrievadas	existing-unreviewed		0
minimum	minimumas	minimumas	existing-unreviewed		0
mode	rEŽIMAS	rEŽIMAS	existing-unreviewed		0
mouseDriver	pelėdriver	pelėdriver	existing-unreviewed		0
mouseEventHandler	pelėĮvykishandler	pelėĮvykishandler	existing-unreviewed		0
mouseVGA	pelėvga	pelėvga	existing-unreviewed		0
mouseWidget	pelėValdiklis	pelėValdiklis	existing-unreviewed		0
msdospart	msdospartition	msdospartition	existing-unreviewed		0
msg	msg	msg	existing-unreviewed		0
msgBuffer	msgbuffer	msgbuffer	existing-unreviewed		0
multiboot_memory_map	multibootAtmintismap	multibootAtmintismap	existing-unreviewed		0
multitasking	multitasking	multitasking	existing-unreviewed		0
myKeyboardEventHandler	myKlaviatūraĮvykishandler	myKlaviatūraĮvykishandler	existing-unreviewed		0
myPCIControllerHandler	mypcicontrollerhandler	mypcicontrollerhandler	existing-unreviewed		0
myfunction	myfunction	myfunction	existing-unreviewed		0
n	n	n	existing-unreviewed		0
n_descsz	ndescsz	ndescsz	existing-unreviewed		0
n_namesz	nnamesz	nnamesz	existing-unreviewed		0
n_type	nTipas	nTipas	existing-unreviewed		0
name	pavadinimas	pavadinimas	existing-unreviewed		0
nameLen	pavadinimaslen	pavadinimaslen	existing-unreviewed		0
netCard	tinklasKortų	tinklasKortų	existing-unreviewed		0
newButtons	naujasMygtukas	naujasMygtukas	existing-unreviewed		0
newFD	naujasFA	naujasFA	existing-unreviewed		0
newFrame	naujasKadras	naujasKadras	existing-unreviewed		0
newLink	naujasNuoroda	naujasNuoroda	existing-unreviewed		0
newNode	naujasMazgas	naujasMazgas	existing-unreviewed		0
newPtr	naujasRodyklė	naujasRodyklė	existing-unreviewed		0
next	kitas	kitas	existing-unreviewed		0
nextEphemeralPort	kitasephemeralPrievadas	kitasephemeralPrievadas	existing-unreviewed		0
nextFileCluster	kitasFailascluster	kitasFailascluster	existing-unreviewed		0
nextHopIP_BE	kitashopipaddressTinklasbyteorder	kitashopipaddressTinklasbyteorder	existing-unreviewed		0
nextNode	kitasMazgas	kitasMazgas	existing-unreviewed		0
nextProcessID	kitasProcesasid	kitasProcesasid	existing-unreviewed		0
nextThread	kitasthread	kitasthread	existing-unreviewed		0
nibble	nibble	nibble	existing-unreviewed		0
node	mazgas	mazgas	pending-language-review	list_node	0
nodeArray	mazgasMasyvas	mazgasMasyvas	existing-unreviewed		0
num	skaičius	skaičius	existing-unreviewed		0
numCacheEntries	skaičiuscacheįrašas	skaičiuscacheįrašas	existing-unreviewed		0
numDrivers	skaičiusdriver	skaičiusdriver	existing-unreviewed		0
numFunctions	skaičiusFunkcijos	skaičiusFunkcijos	existing-unreviewed		0
numRecvBuffers	skaičiusrecvbuffer	skaičiusrecvbuffer	existing-unreviewed		0
numSendBuffers	skaičiusSiųstibuffer	skaičiusSiųstibuffer	existing-unreviewed		0
numSockets	skaičiussockets	skaičiussockets	existing-unreviewed		0
numTasks	skaičiusUžduotys	skaičiusUžduotys	existing-unreviewed		0
oAppend	oappend	oappend	existing-unreviewed		0
oCreate	ocreate	ocreate	existing-unreviewed		0
oDirectory	okatalogas	okatalogas	existing-unreviewed		0
oReadOnly	oSkaitymasonly	oSkaitymasonly	existing-unreviewed		0
oReadWrite	oSkaitymasRašymas	oSkaitymasRašymas	existing-unreviewed		0
oTruncate	oAtmest	oAtmest	existing-unreviewed		0
oWriteOnly	oRašymasonly	oRašymasonly	existing-unreviewed		0
o_addr	oaddress	oaddress	existing-unreviewed		0
offset	offset	offset	existing-unreviewed		0
ok	gerai	gerai	existing-unreviewed		0
oldButtons	oldMygtukas	oldMygtukas	existing-unreviewed		0
oldCR3	oldcr3	oldcr3	existing-unreviewed		0
oldFD	oldFA	oldFA	existing-unreviewed		0
oldFrame	oldKadras	oldKadras	existing-unreviewed		0
oldGdt	oldgdt	oldgdt	existing-unreviewed		0
oldGdtAddr	oldgdtaddress	oldgdtaddress	existing-unreviewed		0
oldGdtLen	oldgdtlen	oldgdtlen	existing-unreviewed		0
openFileDescription	atvertiFailasAprašymas	atvertiFailasAprašymas	existing-unreviewed		0
openFileTable	atvertiFailasLentelė	atvertiFailasLentelė	existing-unreviewed		0
options	parinktys	parinktys	existing-unreviewed		0
orgValue	orgReikšmė	orgReikšmė	existing-unreviewed		0
p	p	p	existing-unreviewed		0
p1	p1	p1	existing-unreviewed		0
p2	p2	p2	existing-unreviewed		0
p_align	pLygiuotė	pLygiuotė	existing-unreviewed		0
p_backend	pbackend	pbackend	existing-unreviewed		0
p_data	pdata	pdata	existing-unreviewed		0
p_efHandler	pefhandler	pefhandler	existing-unreviewed		0
p_efProvider	pefprovider	pefprovider	existing-unreviewed		0
p_etherType	pLaidinisTipas	pLaidinisTipas	existing-unreviewed		0
p_filesz	pfilesz	pfilesz	existing-unreviewed		0
p_flags	pParametrai	pParametrai	existing-unreviewed		0
p_iHandler	pihandler	pihandler	existing-unreviewed		0
p_ipHandler	piphandler	piphandler	existing-unreviewed		0
p_ipProvider	pipprovider	pipprovider	existing-unreviewed		0
p_memsz	pmemsz	pmemsz	existing-unreviewed		0
p_offset	poffset	poffset	existing-unreviewed		0
p_paddr	ppaddr	ppaddr	existing-unreviewed		0
p_protocol	pprotocol	pprotocol	existing-unreviewed		0
p_provider	pprovider	pprovider	existing-unreviewed		0
p_str	pstr	pstr	existing-unreviewed		0
p_type	pTipas	pTipas	existing-unreviewed		0
p_udpHandler	pudphandler	pudphandler	existing-unreviewed		0
p_udpProvider	pudpprovider	pudpprovider	existing-unreviewed		0
p_vaddr	pvaddr	pvaddr	existing-unreviewed		0
packet	packet	packet	existing-unreviewed		0
packetStatus	packetBūsena	packetBūsena	existing-unreviewed		0
packets	paketų	paketų	existing-unreviewed		0
page	puslapis	puslapis	existing-unreviewed		0
pageDir	puslapiskatalogas	puslapiskatalogas	pending-language-review	page_directory	0
pageDirEntry	puslapiskatalogasįrašas	puslapiskatalogasįrašas	existing-unreviewed		0
pageTableEntry	puslapisLentelėįrašas	puslapisLentelėįrašas	existing-unreviewed		0
paging	paging	paging	existing-unreviewed		0
param	param	param	existing-unreviewed		0
params	parametrai_2	parametrai_2	existing-unreviewed		0
parent	parent	parent	existing-unreviewed		0
parentPID	parentpid	parentpid	existing-unreviewed		0
parentProcess	parentProcesas	parentProcesas	existing-unreviewed		0
partEntry	partįrašas	partįrašas	existing-unreviewed		0
partition	partition	partition	existing-unreviewed		0
partitionBytes	partitionBaitų	partitionBaitų	existing-unreviewed		0
partitionOffset	partitionoffset	partitionoffset	existing-unreviewed		0
path	kELIAS	kELIAS	existing-unreviewed		0
pathAddr	kELIASaddress	kELIASaddress	existing-unreviewed		0
pci	pci	pci	existing-unreviewed		0
pciController	pcicontroller	pcicontroller	existing-unreviewed		0
pde	pde	pde	existing-unreviewed		0
pdeAddr	pdeaddress	pdeaddress	existing-unreviewed		0
pdelen	pdelen	pdelen	existing-unreviewed		0
peer	peer	peer	existing-unreviewed		0
pendingButtons	pendingMygtukas	pendingMygtukas	existing-unreviewed		0
pendingMouseEvent	pendingPelėĮvykis	pendingPelėĮvykis	existing-unreviewed		0
pendingX	pendingx	pendingx	existing-unreviewed		0
pendingY	pendingy	pendingy	existing-unreviewed		0
phyaddr	phyaddr	phyaddr	existing-unreviewed		0
phymem	physicalAtmintis	physicalAtmintis	existing-unreviewed		0
physicalAddress	physicaladdress	physicaladdress	existing-unreviewed		0
pid	pid	pid	existing-unreviewed		0
pitFrequency	pitDažnumas	pitDažnumas	existing-unreviewed		0
pixelAddress	pixeladdress	pixeladdress	existing-unreviewed		0
pointer	rodyklė_2	rodyklė_2	pending-language-review	pointer	0
pollKeyboardScancode	pollKlaviatūrascancode	pollKlaviatūrascancode	existing-unreviewed		0
port	prievadas	prievadas	existing-unreviewed		0
portBase	prievadasbase	prievadasbase	existing-unreviewed		0
portInUse	prievadasĮNaudoti	prievadasĮNaudoti	existing-unreviewed		0
portnumber	portnumber	portnumber	existing-unreviewed		0
pos	pozicija	pozicija	existing-unreviewed		0
position	pozicija_2	pozicija_2	existing-unreviewed		0
posixStat	posixstat	posixstat	existing-unreviewed		0
posixUtsname	posixutsname	posixutsname	existing-unreviewed		0
prefetchable	prefetchcapable	prefetchcapable	existing-unreviewed		0
prev	previous	previous	existing-unreviewed		0
prevNode	previousMazgas	previousMazgas	existing-unreviewed		0
prevX	previousx	previousx	existing-unreviewed		0
prevY	previousy	previousy	existing-unreviewed		0
printESP	spausdintiesp	spausdintiesp	existing-unreviewed		0
printExceptionSelectorInfo	spausdintiexceptionselectorInformacija	spausdintiexceptionselectorInformacija	existing-unreviewed		0
printPageFaultInfo	spausdintiPuslapisfaultInformacija	spausdintiPuslapisfaultInformacija	existing-unreviewed		0
printreg	printreg	printreg	existing-unreviewed		0
proc2	proc2	proc2	existing-unreviewed		0
proc3	proc3	proc3	existing-unreviewed		0
proc4	proc4	proc4	existing-unreviewed		0
process	procesas	procesas	existing-unreviewed		0
processEntry	procesasįrašas	procesasįrašas	existing-unreviewed		0
processHelper	procesashelper	procesashelper	existing-unreviewed		0
processTable	procesasLentelė	procesasLentelė	existing-unreviewed		0
processes	procesai	procesai	existing-unreviewed		0
programBreak	programabreak	programabreak	existing-unreviewed		0
protocol	protocol	protocol	existing-unreviewed		0
protocolAddressSize	protocoladdressDydis	protocoladdressDydis	existing-unreviewed		0
providedLength	providedTrukmė	providedTrukmė	existing-unreviewed		0
provider	provider	provider	existing-unreviewed		0
ps2WaitLimit	ps2LauktiRiba	ps2LauktiRiba	existing-unreviewed		0
pt	pt	pt	existing-unreviewed		0
pte	pte	pte	existing-unreviewed		0
pteAddr	pteaddress	pteaddress	existing-unreviewed		0
ptr	rodyklė_3	rodyklė_3	pending-language-review	pointer	0
pushExecUint32	pushVykdytiunsignedinteger32	pushVykdytiunsignedinteger32	existing-unreviewed		0
queueKeyboardByte	queueKlaviatūrabyte	queueKlaviatūrabyte	existing-unreviewed		0
r	r	r	existing-unreviewed		0
r_addend	raddend	raddend	existing-unreviewed		0
r_info	rInformacija	rInformacija	existing-unreviewed		0
r_offset	roffset	roffset	existing-unreviewed		0
raw	raw	raw	existing-unreviewed		0
rawDataBackend	rawdatabackend	rawdatabackend	existing-unreviewed		0
readFile	skaitymasFailas	skaitymasFailas	existing-unreviewed		0
readPS2Data	skaitymasps2data	skaitymasps2data	existing-unreviewed		0
readStdin	skaitymasstdin	skaitymasstdin	existing-unreviewed		0
readVFSFile	skaitymasvfsFailas	skaitymasvfsFailas	existing-unreviewed		0
read_count	skaitymascount	skaitymascount	existing-unreviewed		0
receiver	receiver	receiver	existing-unreviewed		0
recvBufferDescr	recvbufferAprašymas	recvbufferAprašymas	existing-unreviewed		0
recvBufferDescrAddress	recvbufferAprašymasaddress	recvbufferAprašymasaddress	existing-unreviewed		0
recvBuffers	recvbuffer	recvbuffer	existing-unreviewed		0
recvBuffersDescrMemory	recvbufferAprašymasAtmintis	recvbufferAprašymasAtmintis	existing-unreviewed		0
refBytes	referenceBaitų	referenceBaitų	existing-unreviewed		0
refPtr	referenceRodyklė	referenceRodyklė	existing-unreviewed		0
refs	refs	refs	existing-unreviewed		0
regIndex	regRodyklė	regRodyklė	existing-unreviewed		0
registerAddressPort	registeraddressPrievadas	registeraddressPrievadas	existing-unreviewed		0
registerDataPort	registerdataPrievadas	registerdataPrievadas	existing-unreviewed		0
registeroffset	registeroffset	registeroffset	existing-unreviewed		0
registers	register	register	existing-unreviewed		0
regtype	regtype	regtype	existing-unreviewed		0
rel_text	relTekstas	relTekstas	existing-unreviewed		0
rel_text_len	relTekstaslen	relTekstaslen	existing-unreviewed		0
releaseOpenFile	releaseAtvertiFailas	releaseAtvertiFailas	existing-unreviewed		0
released	released	released	existing-unreviewed		0
reloadCR3	įkeltiišnaujocr3	įkeltiišnaujocr3	existing-unreviewed		0
relocation_text	relocationTekstas	relocationTekstas	existing-unreviewed		0
remaining	remaining	remaining	existing-unreviewed		0
remote	nutolęs	nutolęs	existing-unreviewed		0
remoteIP	nutolęsip	nutolęsip	existing-unreviewed		0
remotePort	nutolęsPrievadasSkaičius	nutolęsPrievadasSkaičius	existing-unreviewed		0
requested	requested	requested	existing-unreviewed		0
reserved	reserved	reserved	existing-unreviewed		0
reserved0	reserved0	reserved0	existing-unreviewed		0
reservedSectors	reservedsectors	reservedsectors	existing-unreviewed		0
resetPort	atstatytiPrievadas	atstatytiPrievadas	existing-unreviewed		0
restoreFpRegs	atstatytifpregs	atstatytifpregs	existing-unreviewed		0
result	rEZULTATAS	rEZULTATAS	existing-unreviewed		0
result1	rEZULTATAS1	rEZULTATAS1	existing-unreviewed		0
result2	rEZULTATAS2	rEZULTATAS2	existing-unreviewed		0
ret	ret	ret	existing-unreviewed		0
revision	revision	revision	existing-unreviewed		0
rightShift	dešinėLyg2	dešinėLyg2	existing-unreviewed		0
rootCluster	šakniscluster	šakniscluster	existing-unreviewed		0
rootDirEntries	šakniskatalogasįrašas	šakniskatalogasįrašas	existing-unreviewed		0
rootStart	šaknisPaleisti	šaknisPaleisti	existing-unreviewed		0
rt	rt	rt	existing-unreviewed		0
s	s	s	existing-unreviewed		0
sIfchr	sifchr	sifchr	existing-unreviewed		0
sIfdir	sifdir	sifdir	existing-unreviewed		0
sIfmt	sifmt	sifmt	existing-unreviewed		0
sIfreg	sifreg	sifreg	existing-unreviewed		0
sIfsock	sifsock	sifsock	existing-unreviewed		0
savedESP	savedesp	savedesp	existing-unreviewed		0
sc	sc	sc	existing-unreviewed		0
scanCode	skaityticode	skaityticode	existing-unreviewed		0
scanCodeToByte	skaityticodetobyte	skaityticodetobyte	existing-unreviewed		0
scancodeToByte	scancodetobyte	scancodetobyte	existing-unreviewed		0
sche	sche	sche	existing-unreviewed		0
sche_data	schedata	schedata	existing-unreviewed		0
scheduleStack	schedulestack	schedulestack	existing-unreviewed		0
scheduler	scheduler	scheduler	existing-unreviewed		0
schedulerDebug	schedulerDerinti	schedulerDerinti	existing-unreviewed		0
sectHeader	sectheader	sectheader	existing-unreviewed		0
sectHeaderSize	sectheaderDydis	sectheaderDydis	existing-unreviewed		0
sectName	sectPavadinimas	sectPavadinimas	existing-unreviewed		0
sectValue	sectReikšmė	sectReikšmė	existing-unreviewed		0
sector	sector	sector	existing-unreviewed		0
sectorCountPort	sectorcountPrievadas	sectorcountPrievadas	existing-unreviewed		0
sectorNum	sectorSkaičius	sectorSkaičius	existing-unreviewed		0
sectorOffset	sectoroffset	sectoroffset	existing-unreviewed		0
sectorPerTrack	sectorpertrack	sectorpertrack	existing-unreviewed		0
sectorsPerCluster	sectorspercluster	sectorspercluster	existing-unreviewed		0
seekCur	seekDabartinis	seekDabartinis	existing-unreviewed		0
seekEnd	seekPab	seekPab	existing-unreviewed		0
seekSet	seeknustatyta	seeknustatyta	existing-unreviewed		0
segmentNumber	segmentSkaičius	segmentSkaičius	existing-unreviewed		0
self	self	self	existing-unreviewed		0
self_uintptr	selfuintptr	selfuintptr	existing-unreviewed		0
sendBack	reply	reply	existing-unreviewed		0
sendBufferDescr	siųstibufferAprašymas	siųstibufferAprašymas	existing-unreviewed		0
sendBufferDescrAddress	siųstibufferAprašymasaddress	siųstibufferAprašymasaddress	existing-unreviewed		0
sendBuffers	siųstibuffer	siųstibuffer	existing-unreviewed		0
sendBuffersDescrMemory	siųstibufferAprašymasAtmintis	siųstibufferAprašymasAtmintis	existing-unreviewed		0
sendDataPointer	siųstidataRodyklė	siųstidataRodyklė	existing-unreviewed		0
sendDescriptor	siųstidescriptor	siųstidescriptor	existing-unreviewed		0
sendMouseCommand	siųstiPelėKomanda	siųstiPelėKomanda	existing-unreviewed		0
sequencerDataPort	sequencerdataPrievadas	sequencerdataPrievadas	existing-unreviewed		0
sequencerIndexPort	sequencerRodyklėPrievadas	sequencerRodyklėPrievadas	existing-unreviewed		0
serialLogByte	serijinisŽurnalasbyte	serijinisŽurnalasbyte	existing-unreviewed		0
serialReady	serijinisPasiruošęs	serijinisPasiruošęs	existing-unreviewed		0
setCR3	nustatytacr3	nustatytacr3	existing-unreviewed		0
setDS	nustatytads	nustatytads	existing-unreviewed		0
setGS	nustatytags	nustatytags	existing-unreviewed		0
setThreadExitLoopState	nustatytathreadIšeitiloopBūsena	nustatytathreadIšeitiloopBūsena	existing-unreviewed		0
setupExecStack	setupVykdytistack	setupVykdytistack	existing-unreviewed		0
sh	sh	sh	existing-unreviewed		0
sh_addr	shaddress	shaddress	existing-unreviewed		0
sh_addralign	shaddralign	shaddralign	existing-unreviewed		0
sh_entsize	shentsize	shentsize	existing-unreviewed		0
sh_flags	shParametrai	shParametrai	existing-unreviewed		0
sh_info	shInformacija	shInformacija	existing-unreviewed		0
sh_link	shNuoroda	shNuoroda	existing-unreviewed		0
sh_name	shPavadinimas	shPavadinimas	existing-unreviewed		0
sh_offset	shoffset	shoffset	existing-unreviewed		0
sh_size	shDydis	shDydis	existing-unreviewed		0
sh_type	shTipas	shTipas	existing-unreviewed		0
shift	lyg2	lyg2	existing-unreviewed		0
signature	signature	signature	existing-unreviewed		0
size	dydis	dydis	existing-unreviewed		0
sl	sl	sl	existing-unreviewed		0
sockDatagram	sockdatagram	sockdatagram	existing-unreviewed		0
socket	lizdas	lizdas	existing-unreviewed		0
socketAddress	lizdasaddress	lizdasaddress	existing-unreviewed		0
socketAddressIPv4	lizdasaddressiEv4	lizdasaddressiEv4	existing-unreviewed		0
socketBind	lizdasbind	lizdasbind	existing-unreviewed		0
socketCallArgument	lizdascallargument	lizdascallargument	existing-unreviewed		0
socketConnect	lizdasPrisijungti	lizdasPrisijungti	existing-unreviewed		0
socketForFD	lizdasforFA	lizdasforFA	existing-unreviewed		0
socketIndex	lizdasRodyklė	lizdasRodyklė	existing-unreviewed		0
socketPacket	lizdaspacket	lizdaspacket	existing-unreviewed		0
socketReceiveFrom	lizdasreceivefrom	lizdasreceivefrom	existing-unreviewed		0
socketSendTo	lizdasSiųstito	lizdasSiųstito	existing-unreviewed		0
socketType	lizdasTipas	lizdasTipas	existing-unreviewed		0
sockets	sockets	sockets	existing-unreviewed		0
softName	softPavadinimas	softPavadinimas	existing-unreviewed		0
source	šaltinis	šaltinis	existing-unreviewed		0
sourceAddress	šaltinisaddress	šaltinisaddress	existing-unreviewed		0
sourceLengthAddress	šaltinisTrukmėaddress	šaltinisTrukmėaddress	existing-unreviewed		0
src	šaltinis_2	šaltinis_2	existing-unreviewed		0
srcEntry	šaltinisįrašas	šaltinisįrašas	existing-unreviewed		0
srcIP	šaltinisipaddress	šaltinisipaddress	existing-unreviewed		0
srcIP_BE	šaltinisipaddressTinklasbyteorder	šaltinisipaddressTinklasbyteorder	existing-unreviewed		0
srcMAC	šaltinismacaddress	šaltinismacaddress	existing-unreviewed		0
srcMAC_BE	šaltinismacbe	šaltinismacbe	existing-unreviewed		0
srcPageDir	šaltinisPuslapiskatalogas	šaltinisPuslapiskatalogas	existing-unreviewed		0
srcPde	šaltinispde	šaltinispde	existing-unreviewed		0
srcPdeAddr	šaltinispdeaddress	šaltinispdeaddress	existing-unreviewed		0
srcPort	šaltinisPrievadasSkaičius	šaltinisPrievadasSkaičius	pending-language-review	source_port	0
srcPt	šaltinispt	šaltinispt	existing-unreviewed		0
srcptr	srcptr	srcptr	existing-unreviewed		0
ss	ss	ss	existing-unreviewed		0
ss0	ss0	ss0	existing-unreviewed		0
ss1	ss1	ss1	existing-unreviewed		0
ss2	ss2	ss2	existing-unreviewed		0
st	st	st	existing-unreviewed		0
st_info	stInformacija	stInformacija	existing-unreviewed		0
st_name	stPavadinimas	stPavadinimas	existing-unreviewed		0
st_other	stKita	stKita	existing-unreviewed		0
st_shndx	stshndx	stshndx	existing-unreviewed		0
st_size	stDydis	stDydis	existing-unreviewed		0
st_value	stReikšmė	stReikšmė	existing-unreviewed		0
stack	stack	stack	pending-language-review	stack	0
stackBytes	stackBaitų	stackBaitų	existing-unreviewed		0
stackPtr	stackRodyklė	stackRodyklė	existing-unreviewed		0
stack_addr	stackaddress	stackaddress	existing-unreviewed		0
stackbottom	stackbottom	stackbottom	existing-unreviewed		0
stacktop	stacktop	stacktop	existing-unreviewed		0
start	paleisti	paleisti	existing-unreviewed		0
startOffset	paleistioffset	paleistioffset	existing-unreviewed		0
start_cylinder	paleisticylinder	paleisticylinder	existing-unreviewed		0
start_head	paleistihead	paleistihead	existing-unreviewed		0
start_sector	paleistisector	paleistisector	existing-unreviewed		0
startingBit	startingbit	startingbit	existing-unreviewed		0
stat	stat	stat	existing-unreviewed		0
statAddr	stataddress	stataddress	existing-unreviewed		0
status	būsena	būsena	existing-unreviewed		0
statusAddr	būsenaaddress	būsenaaddress	existing-unreviewed		0
stderrFD	stderrFA	stderrFA	existing-unreviewed		0
stdinBuffer	stdinbuffer	stdinbuffer	existing-unreviewed		0
stdinFD	stdinFA	stdinFA	existing-unreviewed		0
stdinGetBlocking	stdingetblocking	stdingetblocking	existing-unreviewed		0
stdinRead	stdinSkaitymas	stdinSkaitymas	existing-unreviewed		0
stdinWrite	stdinRašymas	stdinRašymas	existing-unreviewed		0
stdoutFD	stdoutFA	stdoutFA	existing-unreviewed		0
stoppedThread	sustabdytathread	sustabdytathread	existing-unreviewed		0
str	str	str	existing-unreviewed		0
stringAddress	eilutėaddress	eilutėaddress	existing-unreviewed		0
stringHeader	eilutėheader	eilutėheader	existing-unreviewed		0
strtab	strtab	strtab	existing-unreviewed		0
subclass_id	subclassid	subclassid	existing-unreviewed		0
subnetMask	subnetKaukė	subnetKaukė	existing-unreviewed		0
swapUint16	swapunsignedinteger16	swapunsignedinteger16	existing-unreviewed		0
switchForced	switchforced	switchforced	existing-unreviewed		0
sysAccess	sysprieiti	sysprieiti	existing-unreviewed		0
sysBrk	sysbrk	sysbrk	existing-unreviewed		0
sysCall	syscall	syscall	existing-unreviewed		0
sysChdir	syschdir	syschdir	existing-unreviewed		0
sysClose	sysUžverti	sysUžverti	existing-unreviewed		0
sysDup	sysdup	sysdup	existing-unreviewed		0
sysDup2	sysdup2	sysdup2	existing-unreviewed		0
sysExecve	sysexecve	sysexecve	existing-unreviewed		0
sysExit	sysIšeiti	sysIšeiti	existing-unreviewed		0
sysFcntl	sysfcntl	sysfcntl	existing-unreviewed		0
sysFork	sysfork	sysfork	existing-unreviewed		0
sysFstat	sysfstat	sysfstat	existing-unreviewed		0
sysFsync	sysfsync	sysfsync	existing-unreviewed		0
sysGetcwd	sysgetcwd	sysgetcwd	existing-unreviewed		0
sysLseek	syslseek	syslseek	existing-unreviewed		0
sysOpen	sysAtverti	sysAtverti	existing-unreviewed		0
sysRead	sysSkaitymas	sysSkaitymas	existing-unreviewed		0
sysSocketCall	sysLizdascall	sysLizdascall	existing-unreviewed		0
sysStat	sysstat	sysstat	existing-unreviewed		0
sysUname	sysuname	sysuname	existing-unreviewed		0
sysWaitpid	syswaitpid	syswaitpid	existing-unreviewed		0
sysWrite	sysRašymas	sysRašymas	existing-unreviewed		0
syscallError	syscallKlaida	syscallKlaida	existing-unreviewed		0
syscallID	syscallid	syscallid	existing-unreviewed		0
systemcall	sistemacall	sistemacall	existing-unreviewed		0
table	lentelė	lentelė	existing-unreviewed		0
tableSize	lentelėDydis	lentelėDydis	existing-unreviewed		0
tail	tail	tail	existing-unreviewed		0
task	užduotis	užduotis	existing-unreviewed		0
taskA	užduotisa	užduotisa	existing-unreviewed		0
taskB	užduotisb	užduotisb	existing-unreviewed		0
taskC	užduotisc	užduotisc	existing-unreviewed		0
taskD	užduotisd	užduotisd	existing-unreviewed		0
taskD0	užduotisd0	užduotisd0	existing-unreviewed		0
taskD1	užduotisd1	užduotisd1	existing-unreviewed		0
taskManager	užduotismanager	užduotismanager	existing-unreviewed		0
tasks	užduotys	užduotys	existing-unreviewed		0
temp	temporary	temporary	existing-unreviewed		0
terminated	terminated	terminated	existing-unreviewed		0
text	tekstas	tekstas	existing-unreviewed		0
textPtr	tekstasRodyklė	tekstasRodyklė	existing-unreviewed		0
text_len	tekstaslen	tekstaslen	existing-unreviewed		0
text_mode_check_fb_move	tekstasREŽIMAScheckfbPerkelti	tekstasREŽIMAScheckfbPerkelti	existing-unreviewed		0
text_mode_disable_cursor	tekstasREŽIMASIšjungtiŽymeklis	tekstasREŽIMASIšjungtiŽymeklis	existing-unreviewed		0
text_mode_enable_cursor	tekstasREŽIMASĮjungtiŽymeklis	tekstasREŽIMASĮjungtiŽymeklis	existing-unreviewed		0
text_mode_error_writer	tekstasREŽIMASKlaidawriter	tekstasREŽIMASKlaidawriter	existing-unreviewed		0
text_mode_flush_screen	tekstasREŽIMASflushEkranas	tekstasREŽIMASflushEkranas	existing-unreviewed		0
text_mode_init	tekstasREŽIMASinit	tekstasREŽIMASinit	existing-unreviewed		0
text_mode_print	tekstasREŽIMASSpausdinti	tekstasREŽIMASSpausdinti	existing-unreviewed		0
text_mode_print_bytes	tekstasREŽIMASSpausdintiBaitų	tekstasREŽIMASSpausdintiBaitų	existing-unreviewed		0
text_mode_print_char	tekstasREŽIMASSpausdintichar	tekstasREŽIMASSpausdintichar	existing-unreviewed		0
text_mode_print_char_col	tekstasREŽIMASSpausdinticharcol	tekstasREŽIMASSpausdinticharcol	existing-unreviewed		0
text_mode_print_col	tekstasREŽIMASSpausdinticol	tekstasREŽIMASSpausdinticol	existing-unreviewed		0
text_mode_print_error	tekstasREŽIMASSpausdintiKlaida	tekstasREŽIMASSpausdintiKlaida	existing-unreviewed		0
text_mode_print_error_bytes	tekstasREŽIMASSpausdintiKlaidaBaitų	tekstasREŽIMASSpausdintiKlaidaBaitų	existing-unreviewed		0
text_mode_print_errorln	tekstasREŽIMASSpausdintierrorln	tekstasREŽIMASSpausdintierrorln	existing-unreviewed		0
text_mode_print_hex	tekstasREŽIMASSpausdintiŠešioliktainis	tekstasREŽIMASSpausdintiŠešioliktainis	existing-unreviewed		0
text_mode_print_hex16	tekstasREŽIMASSpausdintiŠešioliktainis16	tekstasREŽIMASSpausdintiŠešioliktainis16	existing-unreviewed		0
text_mode_print_hex32	tekstasREŽIMASSpausdintiŠešioliktainis32	tekstasREŽIMASSpausdintiŠešioliktainis32	existing-unreviewed		0
text_mode_print_hex64	tekstasREŽIMASSpausdintiŠešioliktainis64	tekstasREŽIMASSpausdintiŠešioliktainis64	existing-unreviewed		0
text_mode_print_hex_char	tekstasREŽIMASSpausdintiŠešioliktainischar	tekstasREŽIMASSpausdintiŠešioliktainischar	existing-unreviewed		0
text_mode_println	tekstasREŽIMASprintln	tekstasREŽIMASprintln	existing-unreviewed		0
text_mode_println_col	tekstasREŽIMASprintlncol	tekstasREŽIMASprintlncol	existing-unreviewed		0
text_mode_update_cursor	tekstasREŽIMASAtnaujintiŽymeklis	tekstasREŽIMASAtnaujintiŽymeklis	existing-unreviewed		0
text_mode_writer	tekstasREŽIMASwriter	tekstasREŽIMASwriter	existing-unreviewed		0
thr2	thr2	thr2	existing-unreviewed		0
thr3	thr3	thr3	existing-unreviewed		0
thr4	thr4	thr4	existing-unreviewed		0
thread	thread	thread	existing-unreviewed		0
threadExitLoop	threadIšeitiloop	threadIšeitiloop	existing-unreviewed		0
threadHelper	threadhelper	threadhelper	existing-unreviewed		0
threadPtr	threadRodyklė	threadRodyklė	existing-unreviewed		0
tickCount	tickcount	tickcount	existing-unreviewed		0
timeDelta	laikasDeltosvalstija	laikasDeltosvalstija	existing-unreviewed		0
timeToLive	laikastolive	laikastolive	existing-unreviewed		0
timer	laikmatis	laikmatis	existing-unreviewed		0
tls	tls	tls	existing-unreviewed		0
tmp	tmp	tmp	existing-unreviewed		0
tmpPtr	tmpRodyklė	tmpRodyklė	existing-unreviewed		0
tos	tos	tos	existing-unreviewed		0
totalLength	išvisoTrukmė	išvisoTrukmė	existing-unreviewed		0
totalSectorCount	išvisosectorcount	išvisosectorcount	existing-unreviewed		0
totalSectors	išvisosectors	išvisosectors	existing-unreviewed		0
trap	trap	trap	existing-unreviewed		0
tss	tss	tss	existing-unreviewed		0
tssIndex	tssRodyklė	tssRodyklė	existing-unreviewed		0
udp	udp	udp	existing-unreviewed		0
udpHandler	udphandler	udphandler	existing-unreviewed		0
udpHeaderSize	udpheaderDydis	udpheaderDydis	existing-unreviewed		0
udpProvider	udpprovider	udpprovider	existing-unreviewed		0
udp콘솔	udpconsole	udpconsole	existing-unreviewed		0
unused	nenaudojama	nenaudojama	existing-unreviewed		0
used	naudojama	naudojama	existing-unreviewed		0
usedBlocks	naudojamaBlokas	naudojamaBlokas	existing-unreviewed		0
user1addr	naudotojas1address	naudotojas1address	existing-unreviewed		0
user1data	naudotojas1data	naudotojas1data	existing-unreviewed		0
user1entry	naudotojas1įrašas	naudotojas1įrašas	existing-unreviewed		0
user1file	naudotojas1Failas	naudotojas1Failas	existing-unreviewed		0
user2addr	naudotojas2address	naudotojas2address	existing-unreviewed		0
user2data	naudotojas2data	naudotojas2data	existing-unreviewed		0
user2entry	naudotojas2įrašas	naudotojas2įrašas	existing-unreviewed		0
user2file	naudotojas2Failas	naudotojas2Failas	existing-unreviewed		0
user3addr	naudotojas3address	naudotojas3address	existing-unreviewed		0
user3data	naudotojas3data	naudotojas3data	existing-unreviewed		0
user3entry	naudotojas3įrašas	naudotojas3įrašas	existing-unreviewed		0
user3file	naudotojas3Failas	naudotojas3Failas	existing-unreviewed		0
userHeapBase	naudotojasheapbase	naudotojasheapbase	existing-unreviewed		0
userHeapLimit	naudotojasheapRiba	naudotojasheapRiba	existing-unreviewed		0
user_esp	naudotojasesp	naudotojasesp	existing-unreviewed		0
userhandler	userhandler	userhandler	existing-unreviewed		0
userproc_entry	userprocįrašas	userprocįrašas	existing-unreviewed		0
util	util	util	existing-unreviewed		0
util콘솔	utilconsole	utilconsole	existing-unreviewed		0
v	v	v	existing-unreviewed		0
vAddr	vaddress	vaddress	existing-unreviewed		0
value	reikšmė	reikšmė	existing-unreviewed		0
values	reikšmės	reikšmės	existing-unreviewed		0
version	versija	versija	existing-unreviewed		0
vga	vga	vga	existing-unreviewed		0
virtlen	virtlen	virtlen	existing-unreviewed		0
virtmem	virtualiAtmintis	virtualiAtmintis	existing-unreviewed		0
virtualAddr	virtualiaddress	virtualiaddress	existing-unreviewed		0
volumeId	garsisid	garsisid	existing-unreviewed		0
volumeLabel	garsisUžrašas	garsisUžrašas	existing-unreviewed		0
w	w	w	existing-unreviewed		0
wDate	wData	wData	existing-unreviewed		0
wTime	wLaikas	wLaikas	existing-unreviewed		0
waitPS2InputEmpty	lauktips2ĮvestisTuščia	lauktips2ĮvestisTuščia	existing-unreviewed		0
waitPS2OutputFull	lauktips2IšvestisPilna	lauktips2IšvestisPilna	existing-unreviewed		0
wdata	wdata	wdata	existing-unreviewed		0
whence	whence	whence	existing-unreviewed		0
widget	valdiklis	valdiklis	existing-unreviewed		0
width	plotis	plotis	existing-unreviewed		0
writePS2Command	rašymasps2Komanda	rašymasps2Komanda	existing-unreviewed		0
writePS2Data	rašymasps2data	rašymasps2data	existing-unreviewed		0
write_count	rašymascount	rašymascount	existing-unreviewed		0
x	x	x	existing-unreviewed		0
xPageDir	xPuslapiskatalogas	xPuslapiskatalogas	existing-unreviewed		0
xPos	xPozicija	xPozicija	existing-unreviewed		0
y	y	y	existing-unreviewed		0
yPageDir	yPuslapiskatalogas	yPuslapiskatalogas	existing-unreviewed		0
yPos	yPozicija	yPozicija	existing-unreviewed		0
값	reikšmė_2	reikšmė_2	existing-unreviewed		0
공용서술자테이블	shareddescriptorLentelė	shareddescriptorLentelė	existing-unreviewed		0
기준	base_2	base_2	existing-unreviewed		0
기준_낮은	baseŽemas_2	baseŽemas_2	existing-unreviewed		0
기준_높은	baseAukštas_2	baseAukštas_2	existing-unreviewed		0
기준_매우높은	baseveryAukštas	baseveryAukštas	existing-unreviewed		0
기준주소	baseaddress	baseaddress	existing-unreviewed		0
넷카드콘솔	tinklasKortųconsole	tinklasKortųconsole	existing-unreviewed		0
단말기	terminal	terminal	existing-unreviewed		0
마우스콘솔	pelėconsole	pelėconsole	existing-unreviewed		0
매개값	argumentReikšmė	argumentReikšmė	existing-unreviewed		0
멈추기	halt	halt	existing-unreviewed		0
목적	tikslas_3	tikslas_3	existing-unreviewed		0
유형	tipas	tipas	existing-unreviewed		0
이더넷콘솔	laidinisconsole	laidinisconsole	existing-unreviewed		0
인터럽트무시하기	pertraukimasignore	pertraukimasignore	existing-unreviewed		0
인터럽트예외처리기	pertraukimasexceptionhandler	pertraukimasexceptionhandler	existing-unreviewed		0
인터럽트예외처리기0x00	pertraukimasexceptionhandler0x00	pertraukimasexceptionhandler0x00	existing-unreviewed		0
인터럽트예외처리기0x01	pertraukimasexceptionhandler0x01	pertraukimasexceptionhandler0x01	existing-unreviewed		0
인터럽트예외처리기0x02	pertraukimasexceptionhandler0x02	pertraukimasexceptionhandler0x02	existing-unreviewed		0
인터럽트예외처리기0x03	pertraukimasexceptionhandler0x03	pertraukimasexceptionhandler0x03	existing-unreviewed		0
인터럽트예외처리기0x04	pertraukimasexceptionhandler0x04	pertraukimasexceptionhandler0x04	existing-unreviewed		0
인터럽트예외처리기0x05	pertraukimasexceptionhandler0x05	pertraukimasexceptionhandler0x05	existing-unreviewed		0
인터럽트예외처리기0x06	pertraukimasexceptionhandler0x06	pertraukimasexceptionhandler0x06	existing-unreviewed		0
인터럽트예외처리기0x07	pertraukimasexceptionhandler0x07	pertraukimasexceptionhandler0x07	existing-unreviewed		0
인터럽트예외처리기0x08	pertraukimasexceptionhandler0x08	pertraukimasexceptionhandler0x08	existing-unreviewed		0
인터럽트예외처리기0x09	pertraukimasexceptionhandler0x09	pertraukimasexceptionhandler0x09	existing-unreviewed		0
인터럽트예외처리기0x0A	pertraukimasexceptionhandler0x0a	pertraukimasexceptionhandler0x0a	existing-unreviewed		0
인터럽트예외처리기0x0B	pertraukimasexceptionhandler0x0b	pertraukimasexceptionhandler0x0b	existing-unreviewed		0
인터럽트예외처리기0x0C	pertraukimasexceptionhandler0x0c	pertraukimasexceptionhandler0x0c	existing-unreviewed		0
인터럽트예외처리기0x0D	pertraukimasexceptionhandler0x0d	pertraukimasexceptionhandler0x0d	existing-unreviewed		0
인터럽트예외처리기0x0E	pertraukimasexceptionhandler0x0e	pertraukimasexceptionhandler0x0e	existing-unreviewed		0
인터럽트예외처리기0x0F	pertraukimasexceptionhandler0x0f	pertraukimasexceptionhandler0x0f	existing-unreviewed		0
인터럽트예외처리기0x10	pertraukimasexceptionhandler0x10	pertraukimasexceptionhandler0x10	existing-unreviewed		0
인터럽트예외처리기0x11	pertraukimasexceptionhandler0x11	pertraukimasexceptionhandler0x11	existing-unreviewed		0
인터럽트예외처리기0x12	pertraukimasexceptionhandler0x12	pertraukimasexceptionhandler0x12	existing-unreviewed		0
인터럽트예외처리기0x13	pertraukimasexceptionhandler0x13	pertraukimasexceptionhandler0x13	existing-unreviewed		0
인터럽트요청처리0x00	pertraukimasrequesthandler0x00	pertraukimasrequesthandler0x00	existing-unreviewed		0
인터럽트요청처리0x01	pertraukimasrequesthandler0x01	pertraukimasrequesthandler0x01	existing-unreviewed		0
인터럽트요청처리0x02	pertraukimasrequesthandler0x02	pertraukimasrequesthandler0x02	existing-unreviewed		0
인터럽트요청처리0x03	pertraukimasrequesthandler0x03	pertraukimasrequesthandler0x03	existing-unreviewed		0
인터럽트요청처리0x04	pertraukimasrequesthandler0x04	pertraukimasrequesthandler0x04	existing-unreviewed		0
인터럽트요청처리0x05	pertraukimasrequesthandler0x05	pertraukimasrequesthandler0x05	existing-unreviewed		0
인터럽트요청처리0x06	pertraukimasrequesthandler0x06	pertraukimasrequesthandler0x06	existing-unreviewed		0
인터럽트요청처리0x07	pertraukimasrequesthandler0x07	pertraukimasrequesthandler0x07	existing-unreviewed		0
인터럽트요청처리0x08	pertraukimasrequesthandler0x08	pertraukimasrequesthandler0x08	existing-unreviewed		0
인터럽트요청처리0x09	pertraukimasrequesthandler0x09	pertraukimasrequesthandler0x09	existing-unreviewed		0
인터럽트요청처리0x0A	pertraukimasrequesthandler0x0a	pertraukimasrequesthandler0x0a	existing-unreviewed		0
인터럽트요청처리0x0B	pertraukimasrequesthandler0x0b	pertraukimasrequesthandler0x0b	existing-unreviewed		0
인터럽트요청처리0x0C	pertraukimasrequesthandler0x0c	pertraukimasrequesthandler0x0c	existing-unreviewed		0
인터럽트요청처리0x0D	pertraukimasrequesthandler0x0d	pertraukimasrequesthandler0x0d	existing-unreviewed		0
인터럽트요청처리0x0E	pertraukimasrequesthandler0x0e	pertraukimasrequesthandler0x0e	existing-unreviewed		0
인터럽트요청처리0x0F	pertraukimasrequesthandler0x0f	pertraukimasrequesthandler0x0f	existing-unreviewed		0
인터럽트요청처리0x80	pertraukimasrequesthandler0x80	pertraukimasrequesthandler0x80	existing-unreviewed		0
인터럽트요청처리0x81	pertraukimasrequesthandler0x81	pertraukimasrequesthandler0x81	existing-unreviewed		0
인터럽트요청처리0x82	pertraukimasrequesthandler0x82	pertraukimasrequesthandler0x82	existing-unreviewed		0
인터럽트처리기	pertraukimashandler_2	pertraukimashandler_2	existing-unreviewed		0
임시	temporary_2	temporary_2	existing-unreviewed		0
자료	data_2	data_2	existing-unreviewed		0
자신	self_2	self_2	existing-unreviewed		0
작업관리자	užduotismanager_2	užduotismanager_2	existing-unreviewed		0
작업콘솔	užduotisconsole	užduotisconsole	existing-unreviewed		0
조각설명자	segmentdescriptor	segmentdescriptor	existing-unreviewed		0
콘솔	console_2	console_2	existing-unreviewed		0
크기	dydis_2	dydis_2	existing-unreviewed		0
키보드콘솔	klaviatūraconsole	klaviatūraconsole	existing-unreviewed		0
표시들	parametrai_3	parametrai_3	existing-unreviewed		0
표시들_한도_높은	parametraiRibaAukštas	parametraiRibaAukštas	existing-unreviewed		0
한도	riba_2	riba_2	existing-unreviewed		0
한도_낮은	ribaŽemas_2	ribaŽemas_2	existing-unreviewed		0
