original	before	after	review_status	concept	changed_tokens
Activate	Omogoči	Omogoči	existing-unreviewed		0
ActivateAll	OmogočiVse	OmogočiVse	existing-unreviewed		0
Active	Dejaven	Dejaven	existing-unreviewed		0
ActiveInterruptManager	DejavenPrekinitevmanager	DejavenPrekinitevmanager	existing-unreviewed		0
ActiveMemoryManager	DejavenPomnilnikmanager	DejavenPomnilnikmanager	existing-unreviewed		0
Add	Dodaj	Dodaj	existing-unreviewed		0
AddDriver	Dodajdriver	Dodajdriver	existing-unreviewed		0
AddRunnableThread	Dodajrunnablethread	Dodajrunnablethread	existing-unreviewed		0
AddTask	DodajNaloga	DodajNaloga	existing-unreviewed		0
AddThread	Dodajthread	Dodajthread	existing-unreviewed		0
Address	Address	Address	existing-unreviewed		0
AlignedMalloc	Alignedmalloc	Alignedmalloc	existing-unreviewed		0
AlignmentCheck	Alignmentcheck	Alignmentcheck	existing-unreviewed		0
AllocateBlock	AllocateBlok	AllocateBlok	existing-unreviewed		0
AllocatePID	Allocatepid	Allocatepid	existing-unreviewed		0
AmountOfMemory	KoličinaodPomnilnik	KoličinaodPomnilnik	existing-unreviewed		0
ArrayToUint16	Poljetounsignedinteger16	Poljetounsignedinteger16	existing-unreviewed		0
ArrayToUint32	Poljetounsignedinteger32	Poljetounsignedinteger32	existing-unreviewed		0
ArrayToUint48	Poljetounsignedinteger48	Poljetounsignedinteger48	existing-unreviewed		0
ArrayToUint48_BE	Poljetounsignedinteger48be	Poljetounsignedinteger48be	existing-unreviewed		0
ArrayToUint64	Poljetounsignedinteger64	Poljetounsignedinteger64	existing-unreviewed		0
Atime	Atime	Atime	existing-unreviewed		0
AtimeNsec	Atimensec	Atimensec	existing-unreviewed		0
BLOCKS_PER_BYTE	Blokperbyte	Blokperbyte	existing-unreviewed		0
BLOCK_SIZE	BlokVelikost	BlokVelikost	existing-unreviewed		0
Backend	Backend	Backend	existing-unreviewed		0
BaseAddr	Baseaddress	Baseaddress	existing-unreviewed		0
Bind	Bind	Bind	existing-unreviewed		0
Blksize	Blksize	Blksize	existing-unreviewed		0
Blocked	Blocked	Blocked	existing-unreviewed		0
BlockedState	BlockedStanje	BlockedStanje	existing-unreviewed		0
Blocks	Blok	Blok	existing-unreviewed		0
BoundRangeExceeded	BoundObmočjeexceeded	BoundObmočjeexceeded	existing-unreviewed		0
BroadcastMacAddress	Broadcastmacaddress	Broadcastmacaddress	existing-unreviewed		0
BytesPerSector	Bajtovpersector	Bajtovpersector	existing-unreviewed		0
BytesToString	BajtovtoNiz	BajtovtoNiz	existing-unreviewed		0
Checksum	Checksum	Checksum	existing-unreviewed		0
Clear	Počisti	Počisti	existing-unreviewed		0
Clone	Clone	Clone	existing-unreviewed		0
CloneAddressSpaceCOW	CloneaddressPresledekcow	CloneaddressPresledekcow	existing-unreviewed		0
Connect	Poveži	Poveži	existing-unreviewed		0
ContainsCoordinate	Containscoordinate	Containscoordinate	existing-unreviewed		0
CopyPageFrameBlock	KopirajStranOkvirBlok	KopirajStranOkvirBlok	existing-unreviewed		0
CpuState	CPEStanje	CPEStanje	existing-unreviewed		0
Create	Create	Create	existing-unreviewed		0
CreateFromData	Createfromdata	Createfromdata	existing-unreviewed		0
CreateFromFunction	CreatefromFunkcija	CreatefromFunkcija	existing-unreviewed		0
CreatePtrFromFunction	CreateKazalnikfromFunkcija	CreateKazalnikfromFunkcija	existing-unreviewed		0
Cs	Cs	Cs	existing-unreviewed		0
Ctime	Ctime	Ctime	existing-unreviewed		0
CtimeNsec	Ctimensec	Ctimensec	existing-unreviewed		0
CurrentPID	Currentpid	Currentpid	existing-unreviewed		0
CurrentParentPID	Currentnadrejenipredmetpid	Currentnadrejenipredmetpid	existing-unreviewed		0
Data	Data	Data	compatibility		0
Deactivate	Onemogoči	Onemogoči	existing-unreviewed		0
Deactive	Deactive	Deactive	existing-unreviewed		0
Decrement	Decrement	Decrement	existing-unreviewed		0
Delete	Izbriši	Izbriši	existing-unreviewed		0
DescriptorPrivilegeLevel	Descriptorprivilegelevel	Descriptorprivilegelevel	existing-unreviewed		0
DescriptorType	DescriptorVrsta	DescriptorVrsta	existing-unreviewed		0
Destroy	Uniči	Uniči	existing-unreviewed		0
Dev	Naprava	Naprava	existing-unreviewed		0
DeviceHasFunctions	NapravahasFunkcije	NapravahasFunkcije	existing-unreviewed		0
DeviceNotAvailable	NapravanotRazpoložljivo	NapravanotRazpoložljivo	existing-unreviewed		0
Device_id	Napravaid	Napravaid	existing-unreviewed		0
DisableInt	OnemogočiŠtevilo	OnemogočiŠtevilo	existing-unreviewed		0
Disconnect	Prekinipovezavo	Prekinipovezavo	existing-unreviewed		0
DivideByZero	Dividebyzero	Dividebyzero	existing-unreviewed		0
DoHandleInterrupt	DoRočicaPrekinitev	DoRočicaPrekinitev	existing-unreviewed		0
DoubleFault	Dvojnofault	Dvojnofault	existing-unreviewed		0
Draw	Draw	Draw	existing-unreviewed		0
DriverManager	Drivermanager	Drivermanager	existing-unreviewed		0
Ds	Ds	Ds	existing-unreviewed		0
Dynamic	Dinamično	Dinamično	existing-unreviewed		0
E2BIG	E2big	E2big	existing-unreviewed		0
EACCES	Eacces	Eacces	existing-unreviewed		0
EADDRINUSE	Eaddrinuse	Eaddrinuse	existing-unreviewed		0
EAFNOSUPPORT	Eafnosupport	Eafnosupport	existing-unreviewed		0
EAGAIN	Eagain	Eagain	existing-unreviewed		0
EBADF	Ebadf	Ebadf	existing-unreviewed		0
EBUSY	Ebusy	Ebusy	existing-unreviewed		0
ECHILD	Echild	Echild	existing-unreviewed		0
EEXIST	Eexist	Eexist	existing-unreviewed		0
EFAULT	Efault	Efault	existing-unreviewed		0
EFBIG	Efbig	Efbig	existing-unreviewed		0
EINTR	Eintr	Eintr	existing-unreviewed		0
EINVAL	Einval	Einval	existing-unreviewed		0
EIO	Eio	Eio	existing-unreviewed		0
EISDIR	Eisdir	Eisdir	existing-unreviewed		0
EMFILE	Emfile	Emfile	existing-unreviewed		0
EMSGSIZE	Emsgsize	Emsgsize	existing-unreviewed		0
ENETUNREACH	Enetunreach	Enetunreach	existing-unreviewed		0
ENFILE	Enfile	Enfile	existing-unreviewed		0
ENODEV	Enodev	Enodev	existing-unreviewed		0
ENOENT	Enoent	Enoent	existing-unreviewed		0
ENOEXEC	Enoexec	Enoexec	existing-unreviewed		0
ENOMEM	Enomem	Enomem	existing-unreviewed		0
ENOSPC	Enospc	Enospc	existing-unreviewed		0
ENOSYS	Enosys	Enosys	existing-unreviewed		0
ENOTCONN	Enotconn	Enotconn	existing-unreviewed		0
ENOTDIR	Enotdir	Enotdir	existing-unreviewed		0
ENOTTY	Enotty	Enotty	existing-unreviewed		0
EOPNOTSUPP	Eopnotsupp	Eopnotsupp	existing-unreviewed		0
EPERM	Eperm	Eperm	existing-unreviewed		0
EPROTONOSUPPORT	Eprotonosupport	Eprotonosupport	existing-unreviewed		0
ERANGE	Erange	Erange	existing-unreviewed		0
EROFS	Erofs	Erofs	existing-unreviewed		0
ESPIPE	Espipe	Espipe	existing-unreviewed		0
ESRCH	Esrch	Esrch	existing-unreviewed		0
Eax	Eax	Eax	existing-unreviewed		0
Ebp	Ebp	Ebp	existing-unreviewed		0
Ebx	Ebx	Ebx	existing-unreviewed		0
Ecx	Ecx	Ecx	existing-unreviewed		0
Edi	Edi	Edi	existing-unreviewed		0
Edx	Edx	Edx	existing-unreviewed		0
Eflags	Eflags	Eflags	existing-unreviewed		0
Eip	Eip	Eip	existing-unreviewed		0
Elf	Elf	Elf	existing-unreviewed		0
Elf32Dyn	Elf32dyn	Elf32dyn	existing-unreviewed		0
Elf32Note	Elf32Opomba	Elf32Opomba	existing-unreviewed		0
Elf32Rel	Elf32rel	Elf32rel	existing-unreviewed		0
Elf32Rela	Elf32rela	Elf32rela	existing-unreviewed		0
Elf32Sym	Elf32sym	Elf32sym	existing-unreviewed		0
ElfHeader	Elfheader	Elfheader	existing-unreviewed		0
ElfProgramHeader	Elfprogramheader	Elfprogramheader	existing-unreviewed		0
ElfSectionHeader	Elfsectionheader	Elfsectionheader	existing-unreviewed		0
EnablePaging	Omogočipaging	Omogočipaging	existing-unreviewed		0
Enabled	Omogočeno	Omogočeno	existing-unreviewed		0
EntryNumber	VnosŠtevilka	VnosŠtevilka	existing-unreviewed		0
EqualBytes	EqualBajtov	EqualBajtov	existing-unreviewed		0
Es	Es	Es	existing-unreviewed		0
Esi	Esi	Esi	existing-unreviewed		0
Esp	Esp	Esp	existing-unreviewed		0
FPUBuffer	Fpubuffer	Fpubuffer	existing-unreviewed		0
FPUOffset	Fpuoffset	Fpuoffset	existing-unreviewed		0
Family	Family	Family	existing-unreviewed		0
FileName	DatotekaIme	DatotekaIme	existing-unreviewed		0
Fill	Fill	Fill	existing-unreviewed		0
FillRectangle	FillPravokotnik	FillPravokotnik	existing-unreviewed		0
First	Prvi	Prvi	existing-unreviewed		0
FirstFree	PrviProsto	PrviProsto	existing-unreviewed		0
FirstFreeSize	PrviProstoVelikost	PrviProstoVelikost	existing-unreviewed		0
Flags	Zastavice	Zastavice	existing-unreviewed		0
FloatingPointException	Floatingpointexception	Floatingpointexception	existing-unreviewed		0
Flush	Flush	Flush	existing-unreviewed		0
FlushTlsTable	FlushtlsPreglednica	FlushtlsPreglednica	existing-unreviewed		0
Focussable	Focussable	Focussable	existing-unreviewed		0
Free	Prosto	Prosto	existing-unreviewed		0
Fs	Fs	Fs	existing-unreviewed		0
GB	Gb	Gb	existing-unreviewed		0
GDT_ENTRIES	Gdtvnos	Gdtvnos	existing-unreviewed		0
GOT	Got	Got	existing-unreviewed		0
GPFException	Gpfexception	Gpfexception	existing-unreviewed		0
GatewayIP	Gatewayip	Gatewayip	existing-unreviewed		0
GdtAddressHigh	GdtaddressVisoko	GdtaddressVisoko	existing-unreviewed		0
GdtAddressLow	GdtaddressNizko	GdtaddressNizko	existing-unreviewed		0
GdtDescriptor	Gdtdescriptor	Gdtdescriptor	existing-unreviewed		0
GdtEntry	Gdtvnos_2	Gdtvnos_2	existing-unreviewed		0
GdtSize	GdtVelikost	GdtVelikost	existing-unreviewed		0
GetAt	Getat	Getat	existing-unreviewed		0
GetBackend	Getbackend	Getbackend	existing-unreviewed		0
GetBaseAddressRegister	Getbaseaddressregister	Getbaseaddressregister	existing-unreviewed		0
GetBitmaspSize	GetbitmaspVelikost	GetbitmaspVelikost	existing-unreviewed		0
GetBytesFromPtr	GetBajtovfromKazalnik	GetBajtovfromKazalnik	existing-unreviewed		0
GetCR0	Getcr0	Getcr0	existing-unreviewed		0
GetCR2	Getcr2	Getcr2	existing-unreviewed		0
GetCR3	Getcr3	Getcr3	existing-unreviewed		0
GetCR4	Getcr4	Getcr4	existing-unreviewed		0
GetColorIndex	GetBarvaKazalo	GetBarvaKazalo	existing-unreviewed		0
GetDeviceDescriptor	GetNapravadescriptor	GetNapravadescriptor	existing-unreviewed		0
GetDriver	Getdriver	Getdriver	existing-unreviewed		0
GetESP0	Getesp0	Getesp0	existing-unreviewed		0
GetEntry	Getvnos	Getvnos	existing-unreviewed		0
GetFileSize	GetDatotekaVelikost	GetDatotekaVelikost	existing-unreviewed		0
GetFocus	GetŽarišče	GetŽarišče	existing-unreviewed		0
GetFrameBufferSegment	GetOkvirbuffersegment	GetOkvirbuffersegment	existing-unreviewed		0
GetFuncPtrFromPtr	GetfuncKazalnikfromKazalnik	GetfuncKazalnikfromKazalnik	existing-unreviewed		0
GetFunctionName	GetFunkcijaIme	GetFunkcijaIme	existing-unreviewed		0
GetHandler	Gethandler	Gethandler	existing-unreviewed		0
GetIPAddress	Getipaddress	Getipaddress	existing-unreviewed		0
GetMACAddress	Getmacaddress	Getmacaddress	existing-unreviewed		0
GetMACFromCache	Getmacfromcache	Getmacfromcache	existing-unreviewed		0
GetNextReadyThread	GetNaslednjePripravljenthread	GetNaslednjePripravljenthread	existing-unreviewed		0
GetNodeAt	Getnodeat	Getnodeat	existing-unreviewed		0
GetProvider	Providerget	Providerget	existing-unreviewed		0
GetSS0	Getss0	Getss0	existing-unreviewed		0
GetStr	Getstr	Getstr	existing-unreviewed		0
GetUint32ArrayFromPtr	Getunsignedinteger32PoljefromKazalnik	Getunsignedinteger32PoljefromKazalnik	existing-unreviewed		0
GetUintptrArrayFromPtr	GetunsignedintegerKazalnikPoljefromKazalnik	GetunsignedintegerKazalnikPoljefromKazalnik	existing-unreviewed		0
GetValue	GetVrednost	GetVrednost	existing-unreviewed		0
GetValueInPageDir	GetVrednostVhodnoStranMapa	GetVrednostVhodnoStranMapa	existing-unreviewed		0
Gid	Gid	Gid	existing-unreviewed		0
Gs	Gs	Gs	existing-unreviewed		0
HandleException	Ročicaexception	Ročicaexception	existing-unreviewed		0
HandleFatalInterruptFrame	RočicafatalPrekinitevOkvir	RočicafatalPrekinitevOkvir	existing-unreviewed		0
HandleInterrupt	RočicaPrekinitev	RočicaPrekinitev	existing-unreviewed		0
HandleInterrupt1	RočicaPrekinitev1	RočicaPrekinitev1	existing-unreviewed		0
HandleUserDatagramProtocolMessage	RočicaUporabnikdatagramprotocolSporočilo	RočicaUporabnikdatagramprotocolSporočilo	existing-unreviewed		0
IDT_DESC_PRESENT	IdtdescriptorPrisotnost	IdtdescriptorPrisotnost	existing-unreviewed		0
IDT_INTERRUPT_GATE	IdtPrekinitevgate	IdtPrekinitevgate	existing-unreviewed		0
IDriver	IDriver	IDriver	existing-unreviewed		0
IEtherFrameHandler	IEthernetOkvirhandler	IEthernetOkvirhandler	existing-unreviewed		0
IInternetProtocolHandler	ISpletprotocolhandler	ISpletprotocolhandler	existing-unreviewed		0
IInterruptHandler	IPrekinitevhandler	IPrekinitevhandler	existing-unreviewed		0
IKeyboardEventHandler	ITipkovnicaeventhandler	ITipkovnicaeventhandler	existing-unreviewed		0
IMouseEventHandler	IMiškaeventhandler	IMiškaeventhandler	existing-unreviewed		0
IPCIControllerHandler	Ipcicontrollerhandler	Ipcicontrollerhandler	existing-unreviewed		0
IPCache	Ipcache	Ipcache	existing-unreviewed		0
IP_BE	IpOmrežjebyteorder	IpOmrežjebyteorder	existing-unreviewed		0
IRawDataHandler	IRawdatahandler	IRawdatahandler	existing-unreviewed		0
ITimerEventHandler	IOdštevalnikčasaeventhandler	IOdštevalnikčasaeventhandler	existing-unreviewed		0
IUserDatagramProtocolHandler	IUporabnikdatagramprotocolhandler	IUporabnikdatagramprotocolhandler	existing-unreviewed		0
IUserDatagramProtocolSocket	IUporabnikdatagramprotocolVti	IUporabnikdatagramprotocolVti	existing-unreviewed		0
IWidget	IGradniki	IGradniki	pending-language-review	widget	0
Identify	Identify	Identify	existing-unreviewed		0
Increment	Increment	Increment	existing-unreviewed		0
IndexOf	Kazalood	Kazalood	existing-unreviewed		0
Init	Init	Init	existing-unreviewed		0
InitDriver	Initdriver	Initdriver	existing-unreviewed		0
InitialThreadUserJump	InitialthreadUporabnikjump	InitialthreadUporabnikjump	existing-unreviewed		0
Ino	Ino	Ino	existing-unreviewed		0
Install	Namesti	Namesti	existing-unreviewed		0
Interrupt	Prekinitev	Prekinitev	existing-unreviewed		0
InterruptActive	PrekinitevDejaven	PrekinitevDejaven	existing-unreviewed		0
InterruptDeactive	Prekinitevdeactive	Prekinitevdeactive	existing-unreviewed		0
InterruptManager	Prekinitevmanager	Prekinitevmanager	existing-unreviewed		0
InterruptNumber	PrekinitevŠtevilka	PrekinitevŠtevilka	existing-unreviewed		0
InvalidOpcode	Neveljavnoopcode	Neveljavnoopcode	existing-unreviewed		0
InvalidTSS	Neveljavnotss	Neveljavnotss	existing-unreviewed		0
IsKernel	Iskernel	Iskernel	existing-unreviewed		0
IsPresent	IsPrisotnost	IsPrisotnost	existing-unreviewed		0
IsUserSpace	IsUporabnikPresledek	IsUporabnikPresledek	existing-unreviewed		0
KB	Kb	Kb	existing-unreviewed		0
KCS_INDEX	KcsKazalo	KcsKazalo	existing-unreviewed		0
KCS_SELECTOR	Kcsselector	Kcsselector	existing-unreviewed		0
KDS_INDEX	KdsKazalo	KdsKazalo	existing-unreviewed		0
KDS_SELECTOR	Kdsselector	Kdsselector	existing-unreviewed		0
KERNEL_HEAP_START	KernelheapZačni	KernelheapZačni	existing-unreviewed		0
KERNEL_VIRT_ADDR	Kernelvirtaddress	Kernelvirtaddress	existing-unreviewed		0
KGS_INDEX	KgsKazalo	KgsKazalo	existing-unreviewed		0
KGS_SELECTOR	Kgsselector	Kgsselector	existing-unreviewed		0
K핵심	KKernelEntry	KKernelEntry	compatibility		0
LIDT	Lidt	Lidt	existing-unreviewed		0
Last	Zadnji	Zadnji	existing-unreviewed		0
Len	Len	Len	compatibility		0
Limit	Limit	Limit	existing-unreviewed		0
Link	Povezava	Povezava	existing-unreviewed		0
LinkMap	Povezavamap	Povezavamap	existing-unreviewed		0
LinkedList	LinkedSeznam	LinkedSeznam	existing-unreviewed		0
Listen	Listen	Listen	existing-unreviewed		0
LoadElf	Obremenjenostelf	Obremenjenostelf	existing-unreviewed		0
MAC	Mac	Mac	existing-unreviewed		0
MAC0	Mac0	Mac0	existing-unreviewed		0
MAC1	Mac1	Mac1	existing-unreviewed		0
MAC2	Mac2	Mac2	existing-unreviewed		0
MAC3	Mac3	Mac3	existing-unreviewed		0
MAC4	Mac4	Mac4	existing-unreviewed		0
MAC5	Mac5	Mac5	existing-unreviewed		0
MACAddress0Port	Macaddress0Vrata	Macaddress0Vrata	existing-unreviewed		0
MACAddress2Port	Macaddress2Vrata	Macaddress2Vrata	existing-unreviewed		0
MACAddress4Port	Macaddress4Vrata	Macaddress4Vrata	existing-unreviewed		0
MACCache	Maccache	Maccache	existing-unreviewed		0
MAX_QUEUE_SIZE	MaxqueueVelikost	MaxqueueVelikost	existing-unreviewed		0
MB	Mb	Mb	existing-unreviewed		0
MBR	Mbr	Mbr	existing-unreviewed		0
MHex출력	MHexadecimalNatisni	MHexadecimalNatisni	existing-unreviewed		0
MHex출력XY	MHexadecimalNatisnixy	MHexadecimalNatisnixy	existing-unreviewed		0
MUint16출력	MUnsignedinteger16Natisni	MUnsignedinteger16Natisni	existing-unreviewed		0
MUint16출력XY	MUnsignedinteger16Natisnixy	MUnsignedinteger16Natisnixy	existing-unreviewed		0
MUint32출력	MUnsignedinteger32Natisni	MUnsignedinteger32Natisni	existing-unreviewed		0
MUint32출력XY	MUnsignedinteger32Natisnixy	MUnsignedinteger32Natisnixy	existing-unreviewed		0
MUint64출력	MUnsignedinteger64Natisni	MUnsignedinteger64Natisni	existing-unreviewed		0
MUint64출력XY	MUnsignedinteger64Natisnixy	MUnsignedinteger64Natisnixy	existing-unreviewed		0
Machine	Machine	Machine	existing-unreviewed		0
MachineCheck	Machinecheck	Machinecheck	existing-unreviewed		0
MakeRangePrivateWritable	MakeObmočjeZasebnowritable	MakeObmočjeZasebnowritable	existing-unreviewed		0
Malloc	Malloc	Malloc	pending-language-review	allocate_memory	0
MemCmp	Memcmp	Memcmp	existing-unreviewed		0
MemCpy	MemKopiraj	MemKopiraj	existing-unreviewed		0
MemMove	MemPremakni	MemPremakni	existing-unreviewed		0
MemSet	Memmnožica	Memmnožica	existing-unreviewed		0
MemoryOper	Pomnilnikoper	Pomnilnikoper	existing-unreviewed		0
Mode	NAČIN	NAČIN	existing-unreviewed		0
ModelToScreen	Modeltoscreen	Set_local_coordinates	pending-language-review	set_coordinates	5
Mtime	Mtime	Mtime	existing-unreviewed		0
MtimeNsec	Mtimensec	Mtimensec	existing-unreviewed		0
MyHandleInterrupt	MyRočicaPrekinitev	MyRočicaPrekinitev	existing-unreviewed		0
MyTest	MyPreizkus	MyPreizkus	existing-unreviewed		0
M긴급로그Hex8	MEmergencyloghexadecimal8	MEmergencyloghexadecimal8	existing-unreviewed		0
M긴급로그Uint32	MEmergencylogunsignedinteger32	MEmergencylogunsignedinteger32	existing-unreviewed		0
M긴급로그문자열	MEmergencylogNiz	MEmergencylogNiz	existing-unreviewed		0
M직렬로그초기화	MZaporednaštevilkaloginit	MZaporednaštevilkaloginit	existing-unreviewed		0
M출력	MNatisni	MNatisni	existing-unreviewed		0
M출력BytesXY	MNatisniBajtovxy	MNatisniBajtovxy	existing-unreviewed		0
M출력Hex	MNatisnihexadecimal	MNatisnihexadecimal	existing-unreviewed		0
M출력Uint16	MNatisniunsignedinteger16	MNatisniunsignedinteger16	existing-unreviewed		0
M출력Uint32	MNatisniunsignedinteger32	MNatisniunsignedinteger32	existing-unreviewed		0
M출력XY	MNatisnixy	MNatisnixy	existing-unreviewed		0
M테스트	M테스트	M테스트	existing-unreviewed		0
NMI	Nmi	Nmi	existing-unreviewed		0
New	Nova	Nova	existing-unreviewed		0
NewInterruptHandler	NovaPrekinitevhandler	NovaPrekinitevhandler	existing-unreviewed		0
Next	Naslednje	Naslednje	existing-unreviewed		0
Nlink	Nlink	Nlink	existing-unreviewed		0
Node	Node	Node	pending-language-review	list_node	0
Nodename	Nodename	Nodename	existing-unreviewed		0
OnEtherFrameReceived	EthernetOkvirreceivewhen	EthernetOkvirreceivewhen	existing-unreviewed		0
OnGetDriver	Vključenogetdriver	Vključenogetdriver	existing-unreviewed		0
OnInternetProtocolReceived	Spletprotocolreceivewhen	Spletprotocolreceivewhen	existing-unreviewed		0
OnKeyDown	VključenoKljučDol	VključenoKljučDol	existing-unreviewed		0
OnKeyUp	VključenoKljučGor	VključenoKljučGor	existing-unreviewed		0
OnMouseDown	VključenoMiškaDol	VključenoMiškaDol	existing-unreviewed		0
OnMouseMove	VključenoMiškaPremakni	VključenoMiškaPremakni	existing-unreviewed		0
OnMouseUp	VključenoMiškaGor	VključenoMiškaGor	existing-unreviewed		0
OnRawDataReceived	Vključenorawdatareceive	Vključenorawdatareceive	existing-unreviewed		0
OnTick	Vključenotick	Vključenotick	existing-unreviewed		0
Overflow	Overflow	Overflow	existing-unreviewed		0
P1LinkMap	PVrednost1Povezavamap	PVrednost1Povezavamap	existing-unreviewed		0
P2LinkMap	PVrednost2Povezavamap	PVrednost2Povezavamap	existing-unreviewed		0
P3LinkMap	PVrednost3Povezavamap	PVrednost3Povezavamap	existing-unreviewed		0
PAGE_COW	Strancow	Strancow	existing-unreviewed		0
PAGE_FRAME	StranOkvir	StranOkvir	existing-unreviewed		0
PAGE_PRESENT	StranPrisotnost	StranPrisotnost	existing-unreviewed		0
PAGE_USER	StranUporabnik	StranUporabnik	existing-unreviewed		0
PAGE_WRITABLE	Stranwritable	Stranwritable	existing-unreviewed		0
PAUSE_LOOP	Premorloop	Premorloop	existing-unreviewed		0
PICMasterCommandPort	PrimarypicUkazVIVrata	PrimarypicUkazVIVrata	existing-unreviewed		0
PICMasterDataPort	PrimarypicdataVIVrata	PrimarypicdataVIVrata	existing-unreviewed		0
PICSlaveCommandPort	SecondarypicUkazVIVrata	SecondarypicUkazVIVrata	existing-unreviewed		0
PICSlaveDataPort	SecondarypicdataVIVrata	SecondarypicdataVIVrata	existing-unreviewed		0
PRESENT	Prisotnost	Prisotnost	existing-unreviewed		0
PRIV_KERNEL	Privkernel	Privkernel	existing-unreviewed		0
PRIV_USER	PrivUporabnik	PrivUporabnik	existing-unreviewed		0
PROC_USER_HEAP_SIZE	ProcUporabnikheapVelikost	ProcUporabnikheapVelikost	existing-unreviewed		0
PageDirEntry	StranMapavnos	StranMapavnos	existing-unreviewed		0
PageDirectoryEntry	StranMapavnos_2	StranMapavnos_2	existing-unreviewed		0
PageFault	Stranfault	Stranfault	existing-unreviewed		0
PageFaultException	Stranfaultexception	Stranfaultexception	existing-unreviewed		0
PageRoundDown	StranNajbližjecelošteviloštevilaxDol	StranNajbližjecelošteviloštevilaxDol	existing-unreviewed		0
PageRoundUp	StranNajbližjecelošteviloštevilaxGor	StranNajbližjecelošteviloštevilaxGor	existing-unreviewed		0
PageTableEntry	StranPreglednicavnos	StranPreglednicavnos	existing-unreviewed		0
Paging	Paging	Paging	existing-unreviewed		0
ParentPid	Nadrejenipredmetpid	Nadrejenipredmetpid	existing-unreviewed		0
Parse	Parse	Parse	existing-unreviewed		0
Partition_id	Partitionid	Partitionid	existing-unreviewed		0
PhyMemTest	PhymemPreizkus	PhymemPreizkus	existing-unreviewed		0
PhysicalMemoryManager	PhysicalPomnilnikmanager	PhysicalPomnilnikmanager	existing-unreviewed		0
Pid	Pid	Pid	existing-unreviewed		0
Port	Vrata	Vrata	existing-unreviewed		0
PortBase	Vratabase	Vratabase	existing-unreviewed		0
PortInByte	VrataVhodnobyte	VrataVhodnobyte	existing-unreviewed		0
PortInDword	VrataVhodnodword	VrataVhodnodword	existing-unreviewed		0
PortInWord	VrataVhodnobeseda	VrataVhodnobeseda	existing-unreviewed		0
PortOutByte	VrataIzhodnobyte	VrataIzhodnobyte	existing-unreviewed		0
PortOutDword	VrataIzhodnodword	VrataIzhodnodword	existing-unreviewed		0
PortOutWord	VrataIzhodnobeseda	VrataIzhodnobeseda	existing-unreviewed		0
PortReadByte	VrataBranjebyte	VrataBranjebyte	existing-unreviewed		0
PortReadDword	VrataBranjedword	VrataBranjedword	existing-unreviewed		0
PortReadWord	VrataBranjebeseda	VrataBranjebeseda	existing-unreviewed		0
PortWriteByte	VrataPisanjebyte	VrataPisanjebyte	existing-unreviewed		0
PortWriteDword	VrataPisanjedword	VrataPisanjedword	existing-unreviewed		0
PortWriteWord	VrataPisanjebeseda	VrataPisanjebeseda	existing-unreviewed		0
Prev	Previous	Previous	existing-unreviewed		0
PrevTSS	Previoustss	Previoustss	existing-unreviewed		0
PrimaryPartition	Primarypartition	Primarypartition	existing-unreviewed		0
Print	Natisni	Natisni	existing-unreviewed		0
PrintBytes	NatisniBajtov	NatisniBajtov	existing-unreviewed		0
PrintStr	Natisnistr	Natisnistr	existing-unreviewed		0
PrintTLS	Natisnitls	Natisnitls	existing-unreviewed		0
PrintTest	NatisniPreizkus	NatisniPreizkus	existing-unreviewed		0
Process	Opravilo	Opravilo	existing-unreviewed		0
ProcessHelper	Opravilohelper	Opravilohelper	existing-unreviewed		0
ProcessPendingKeyboardEvents	OpravilopendingTipkovnicaDogodki	OpravilopendingTipkovnicaDogodki	existing-unreviewed		0
ProcessPendingMouseEvents	OpravilopendingMiškaDogodki	OpravilopendingMiškaDogodki	existing-unreviewed		0
PushAt	Pushat	Insert_at_index	pending-language-review	insert_at	1
PushBack	PushNazaj	Append_to_list	pending-language-review	append	12
PushFront	PushSpredaj	Prepend_to_list	pending-language-review	prepend	5
PutPixel	Putpixel	Putpixel	existing-unreviewed		0
PutPixelRGB	Putpixelrgb	Putpixelrgb	existing-unreviewed		0
QUEUE_START_ADDR	QueueZačniaddress	QueueZačniaddress	existing-unreviewed		0
Rdev	Rdev	Rdev	existing-unreviewed		0
Read	Branje	Branje	existing-unreviewed		0
Read28	Branje28	Branje28	existing-unreviewed		0
ReadFile	BranjeDatoteka	BranjeDatoteka	pending-language-review	file_read	0
ReadPartitions	Branjepartition	Branjepartition	existing-unreviewed		0
Ready	Pripravljen	Pripravljen	existing-unreviewed		0
Receive	Receive	Receive	existing-unreviewed		0
Ref	Reference	Reference	existing-unreviewed		0
Release	Release	Release	existing-unreviewed		0
ReloadCR3	Ponovnonaložicr3	Ponovnonaložicr3	existing-unreviewed		0
Remove	Odstrani	Odstrani	existing-unreviewed		0
RemoveAt	Odstraniat	Odstraniat	existing-unreviewed		0
RemoveThread	Odstranithread	Odstranithread	existing-unreviewed		0
RemoveThreadAt	Odstranithreadat	Odstranithreadat	existing-unreviewed		0
RequestMacAddress	Requestmacaddress	Requestmacaddress	existing-unreviewed		0
Reset	Ponastavi	Ponastavi	existing-unreviewed		0
Resolve	Resolve	Resolve	existing-unreviewed		0
ResolveCopyOnWriteFault	ResolveKopirajVključenoPisanjefault	ResolveKopirajVključenoPisanjefault	existing-unreviewed		0
SCHEDULER_FREQUENCY	Schedulerfrequency	Schedulerfrequency	existing-unreviewed		0
SEG_BIG_MODE	SegbigNAČIN	SegbigNAČIN	existing-unreviewed		0
SEG_EXEC	SegIzvedljivo	SegIzvedljivo	existing-unreviewed		0
SEG_GRAN_4K_PAGE	Seggran4kStran	Seggran4kStran	existing-unreviewed		0
SEG_GRAN_BYTE	Seggranbyte	Seggranbyte	existing-unreviewed		0
SEG_KERNEL_CODE	Segkernelcode	Segkernelcode	existing-unreviewed		0
SEG_KERNEL_DATA	Segkerneldata	Segkerneldata	existing-unreviewed		0
SEG_KERNEL_GS	Segkernelgs	Segkernelgs	existing-unreviewed		0
SEG_NOEXEC	Segnoexec	Segnoexec	existing-unreviewed		0
SEG_NORMAL	SegObičajno	SegObičajno	existing-unreviewed		0
SEG_NORW	Segnorw	Segnorw	existing-unreviewed		0
SEG_R	Segr	Segr	existing-unreviewed		0
SEG_SYSTEM	SegSistem	SegSistem	existing-unreviewed		0
SEG_TASK_STATE	SegNalogaStanje	SegNalogaStanje	existing-unreviewed		0
SEG_USER_CODE	SegUporabnikcode	SegUporabnikcode	existing-unreviewed		0
SEG_USER_DATA	SegUporabnikdata	SegUporabnikdata	existing-unreviewed		0
SEG_USER_GS	SegUporabnikgs	SegUporabnikgs	existing-unreviewed		0
SEG_W	Segw	Segw	existing-unreviewed		0
SIMDFloatingPointException	Simdfloatingpointexception	Simdfloatingpointexception	existing-unreviewed		0
SIZE	Velikost	Velikost	existing-unreviewed		0
SYS_ACCESS	Sysdostop	Sysdostop	existing-unreviewed		0
SYS_BRK	Sysbrk	Sysbrk	existing-unreviewed		0
SYS_CHDIR	Syschdir	Syschdir	existing-unreviewed		0
SYS_CLOSE	SysZapri	SysZapri	existing-unreviewed		0
SYS_CREAT	Syscreat	Syscreat	existing-unreviewed		0
SYS_DUP	Sysdup	Sysdup	existing-unreviewed		0
SYS_DUP2	Sysdup2	Sysdup2	existing-unreviewed		0
SYS_EXECVE	Sysexecve	Sysexecve	existing-unreviewed		0
SYS_EXIT	SysIzhod	SysIzhod	existing-unreviewed		0
SYS_FCNTL	Sysfcntl	Sysfcntl	existing-unreviewed		0
SYS_FORK	Sysfork	Sysfork	existing-unreviewed		0
SYS_FSTAT	Sysfstat	Sysfstat	existing-unreviewed		0
SYS_FSYNC	Sysfsync	Sysfsync	existing-unreviewed		0
SYS_GETCWD	Sysgetcwd	Sysgetcwd	existing-unreviewed		0
SYS_GETEGID	Sysgetegid	Sysgetegid	existing-unreviewed		0
SYS_GETEUID	Sysgeteuid	Sysgeteuid	existing-unreviewed		0
SYS_GETGID	Sysgetgid	Sysgetgid	existing-unreviewed		0
SYS_GETPID	Sysgetpid	Sysgetpid	existing-unreviewed		0
SYS_GETPPID	Sysgetppid	Sysgetppid	existing-unreviewed		0
SYS_GETUID	Sysgetuid	Sysgetuid	existing-unreviewed		0
SYS_LSEEK	Syslseek	Syslseek	existing-unreviewed		0
SYS_LSTAT	Syslstat	Syslstat	existing-unreviewed		0
SYS_OPEN	SysOdpri	SysOdpri	existing-unreviewed		0
SYS_READ	SysBranje	SysBranje	existing-unreviewed		0
SYS_RT_EXIT	SysrtIzhod	SysrtIzhod	existing-unreviewed		0
SYS_SOCKETCALL	Syssocketcall	Syssocketcall	existing-unreviewed		0
SYS_STAT	Sysstat	Sysstat	existing-unreviewed		0
SYS_SYNC	Syssync	Syssync	existing-unreviewed		0
SYS_UNAME	Sysuname	Sysuname	existing-unreviewed		0
SYS_WAITPID	Syswaitpid	Syswaitpid	existing-unreviewed		0
SYS_WRITE	SysPisanje	SysPisanje	existing-unreviewed		0
Schedule	Schedule	Schedule	existing-unreviewed		0
Scheduler	Scheduler	Scheduler	existing-unreviewed		0
SchedulerData	Schedulerdata	Schedulerdata	existing-unreviewed		0
SegmentNotPresent	SegmentnotPrisotnost	SegmentnotPrisotnost	existing-unreviewed		0
SelectDrivers	Selectdriver	Selectdriver	existing-unreviewed		0
Send	Pošlji	Pošlji	existing-unreviewed		0
SendEchoRequest	EchorequestPošlji	EchorequestPošlji	existing-unreviewed		0
SendFrame	OkvirPošlji	OkvirPošlji	existing-unreviewed		0
SerialInit	Zaporednaštevilkainit	Zaporednaštevilkainit	existing-unreviewed		0
SerialWriteByte	ZaporednaštevilkaPisanjebyte	ZaporednaštevilkaPisanjebyte	existing-unreviewed		0
SetBackend	Množicabackend	Množicabackend	existing-unreviewed		0
SetBit	Množicabit	Množicabit	existing-unreviewed		0
SetBlockInPageDir	MnožicaBlokVhodnoStranMapa	MnožicaBlokVhodnoStranMapa	existing-unreviewed		0
SetBuffer	Množicabuffer	Množicabuffer	existing-unreviewed		0
SetByteAtAddr	Množicabyteataddress	Množicabyteataddress	existing-unreviewed		0
SetByteInPageDir	MnožicabyteVhodnoStranMapa	MnožicabyteVhodnoStranMapa	existing-unreviewed		0
SetCR3	Množicacr3	Množicacr3	existing-unreviewed		0
SetColor	MnožicaBarva	MnožicaBarva	existing-unreviewed		0
SetDescriptor	Množicadescriptor	Množicadescriptor	existing-unreviewed		0
SetHandleInterruptFuction	MnožicaRočicaPrekinitevfuction	MnožicaRočicaPrekinitevfuction	existing-unreviewed		0
SetHandler	Množicahandler	Množicahandler	existing-unreviewed		0
SetIPAddress	Množicaipaddress	Množicaipaddress	existing-unreviewed		0
SetInterruptDescriptorTableEntry	PrekinitevdescriptorPreglednicavnosmnožica	PrekinitevdescriptorPreglednicavnosmnožica	existing-unreviewed		0
SetInterruptManager	MnožicaPrekinitevmanager	MnožicaPrekinitevmanager	existing-unreviewed		0
SetInterruptNumber	MnožicaPrekinitevŠtevilka	MnožicaPrekinitevŠtevilka	existing-unreviewed		0
SetMode	MnožicaNAČIN	MnožicaNAČIN	existing-unreviewed		0
SetNodeAt	Množicanodeat	Množicanodeat	existing-unreviewed		0
SetStack	Množicastack	Množicastack	existing-unreviewed		0
SetTlsSegment	Množicatlssegment	Množicatlssegment	existing-unreviewed		0
SetUint32AtAddr	Množicaunsignedinteger32ataddress	Množicaunsignedinteger32ataddress	existing-unreviewed		0
SetUint32InPageDir	Množicaunsignedinteger32VhodnoStranMapa	Množicaunsignedinteger32VhodnoStranMapa	existing-unreviewed		0
SetUint8AtAddr	Množicaunsignedinteger8ataddress	Množicaunsignedinteger8ataddress	existing-unreviewed		0
SharedMemoryRegion	SharedPomnilnikregion	SharedPomnilnikregion	existing-unreviewed		0
Size	Velikost_2	Velikost_2	existing-unreviewed		0
Spawn	Spawn	Spawn	existing-unreviewed		0
Ss	Ss	Ss	existing-unreviewed		0
Stack	Stack	Stack	existing-unreviewed		0
StackSegmentFault	Stacksegmentfault	Stacksegmentfault	existing-unreviewed		0
Start_lba	Začnilba	Začnilba	existing-unreviewed		0
Started	Začeto	Začeto	existing-unreviewed		0
StdinPutByte	Stdinputbyte	Stdinputbyte	existing-unreviewed		0
StopCurrentThread	Zaustavicurrentthread	Zaustavicurrentthread	existing-unreviewed		0
Stopped	Zaustavljeno	Zaustavljeno	existing-unreviewed		0
SubnetMask	SubnetMaska	SubnetMaska	existing-unreviewed		0
SupportMode	PodrobnostiNAČIN	PodrobnostiNAČIN	existing-unreviewed		0
Sys_brk	Sysbrk_2	Sysbrk_2	existing-unreviewed		0
Sys_close	SysZapri_2	SysZapri_2	existing-unreviewed		0
Sys_exit	SysIzhod_2	SysIzhod_2	existing-unreviewed		0
Sys_getpid	Sysgetpid_2	Sysgetpid_2	existing-unreviewed		0
Sys_mousemove	Sysmousemove	Sysmousemove	existing-unreviewed		0
Sys_open	SysOdpri_2	SysOdpri_2	existing-unreviewed		0
Sys_printStr	SysNatisnistr	SysNatisnistr	existing-unreviewed		0
Sys_printUint32	SysNatisniunsignedinteger32	SysNatisniunsignedinteger32	existing-unreviewed		0
Sys_printf	Sysprintf	Sysprintf	existing-unreviewed		0
Sys_read	SysBranje_2	SysBranje_2	existing-unreviewed		0
Syscall	Syscall	Syscall	existing-unreviewed		0
Sysname	Sysname	Sysname	existing-unreviewed		0
TARPEtherFrameHandler	ArpethernetOkvirhandler	ArpethernetOkvirhandler	existing-unreviewed		0
TARPMessage	ArpSporočilo	ArpSporočilo	existing-unreviewed		0
TARPMessageBuffer	ArpSporočilobuffer	ArpSporočilobuffer	existing-unreviewed		0
TARPProvider	Arpprovider	Arpprovider	existing-unreviewed		0
TAdvancedTechnologyAttachment	TNaprednoTehnologijaattachment	TNaprednoTehnologijaattachment	existing-unreviewed		0
TArray	TPolje	TPolje	existing-unreviewed		0
TBaseAddressRegister	TBaseaddressregister	TBaseaddressregister	existing-unreviewed		0
TBiosParameterBlock32	TBiosparameterBlok32	TBiosparameterBlok32	pending-language-review	fat_parameters	0
TBufferDescriptor	TBufferdescriptor	TBufferdescriptor	existing-unreviewed		0
TCOWFrameManager	TcowOkvirmanager	TcowOkvirmanager	existing-unreviewed		0
TCPUState	TcpuStanje	TcpuStanje	existing-unreviewed		0
TDefaultKeyboardEventHandler	TPrivzetoTipkovnicaeventhandler	TPrivzetoTipkovnicaeventhandler	existing-unreviewed		0
TDefaultMouseEventHandler	TPrivzetoMiškaeventhandler	TPrivzetoMiškaeventhandler	existing-unreviewed		0
TDefaultPCIControllerHandler	TPrivzetopcicontrollerhandler	TPrivzetopcicontrollerhandler	existing-unreviewed		0
TDefaultTimerEventHandler	TPrivzetoOdštevalnikčasaeventhandler	TPrivzetoOdštevalnikčasaeventhandler	existing-unreviewed		0
TDirectoryEntryFat32	TMapavnosfat32	TMapavnosfat32	existing-unreviewed		0
TDriverManager	TDrivermanager	TDrivermanager	existing-unreviewed		0
TEtherFrameHandler	TEthernetOkvirhandler	TEthernetOkvirhandler	existing-unreviewed		0
TEtherFrameHeader	TEthernetOkvirheader	TEthernetOkvirheader	pending-language-review	ethernet_header	0
TEtherFrameHeaderBuffer	TEthernetOkvirheaderbuffer	TEthernetOkvirheaderbuffer	existing-unreviewed		0
TEtherFrameProvider	TEthernetOkvirprovider	TEthernetOkvirprovider	pending-language-review	ethernet_provider	0
TEtherFrameRawDataHandler	TEthernetOkvirrawdatahandler	TEthernetOkvirrawdatahandler	existing-unreviewed		0
TGateDescriptor	TGatedescriptor	TGatedescriptor	existing-unreviewed		0
THREAD_STACK_SIZE	ThreadstackVelikost	ThreadstackVelikost	existing-unreviewed		0
TICMPHandler	Icmphandler	Icmphandler	existing-unreviewed		0
TIPEtherFrameHandler	IpethernetOkvirhandler	IpethernetOkvirhandler	existing-unreviewed		0
TInitializationBlock	TInitializationBlok	TInitializationBlok	existing-unreviewed		0
TInternetControlMessageProtocol	TSpletNadzorSporočiloprotocol	TSpletNadzorSporočiloprotocol	pending-language-review	icmp	0
TInternetControlMessageProtocolMessage	TSpletNadzorSporočiloprotocolSporočilo	TSpletNadzorSporočiloprotocolSporočilo	existing-unreviewed		0
TInternetControlMessageProtocolMessageBuffer	TSpletNadzorSporočiloprotocolSporočilobuffer	TSpletNadzorSporočiloprotocolSporočilobuffer	existing-unreviewed		0
TInternetProtocolHandler	TSpletprotocolhandler	TSpletprotocolhandler	existing-unreviewed		0
TInternetProtocolProvider	TSpletprotocolprovider	TSpletprotocolprovider	pending-language-review	ip_provider	0
TInternetProtocolV4Message	TSpletprotocolv4Sporočilo	TSpletprotocolv4Sporočilo	existing-unreviewed		0
TInternetProtocolV4MessageBuffer	TSpletprotocolv4Sporočilobuffer	TSpletprotocolv4Sporočilobuffer	existing-unreviewed		0
TInterruptDescriptorTablePointer	TPrekinitevdescriptorPreglednicaKazalnik	TPrekinitevdescriptorPreglednicaKazalnik	existing-unreviewed		0
TInterruptHandler	TPrekinitevhandler	TPrekinitevhandler	existing-unreviewed		0
TInterruptManager	TPrekinitevmanager	TPrekinitevmanager	existing-unreviewed		0
TKeyboardDriver	TTipkovnicadriver	TTipkovnicadriver	existing-unreviewed		0
TLS_START	TlsZačni	TlsZačni	existing-unreviewed		0
TMSDOSPartitionTable	TmsdospartitionPreglednica	TmsdospartitionPreglednica	existing-unreviewed		0
TMasterBootRecord	TGlavnibootSnemanje	TGlavnibootSnemanje	pending-language-review	boot_record	0
TMemoryChunk	TPomnilnikchunk	TPomnilnikchunk	existing-unreviewed		0
TMemoryManager	TPomnilnikmanager	TPomnilnikmanager	existing-unreviewed		0
TMouseDriver	TMiškadriver	TMiškadriver	existing-unreviewed		0
TMyKeyboardEventHandler	TMyTipkovnicaeventhandler	TMyTipkovnicaeventhandler	existing-unreviewed		0
TMyMouseEventHandler	TMyMiškaeventhandler	TMyMiškaeventhandler	existing-unreviewed		0
TMyPCIControllerHandler	TMypcicontrollerhandler	TMypcicontrollerhandler	existing-unreviewed		0
TPartitionTableEntry	TPartitionPreglednicavnos	TPartitionPreglednicavnos	existing-unreviewed		0
TPeripheralComponentInterconnectController	TPeripheralcomponentinterconnectcontroller	TPeripheralcomponentinterconnectcontroller	existing-unreviewed		0
TPeripheralComponentInterconnectDeviceDescriptor	TPeripheralcomponentinterconnectNapravadescriptor	TPeripheralcomponentinterconnectNapravadescriptor	existing-unreviewed		0
TPort	TVrata	TVrata	existing-unreviewed		0
TPort16Bit	TVrata16bit	TVrata16bit	existing-unreviewed		0
TPort32Bit	TVrata32bit	TVrata32bit	existing-unreviewed		0
TPort8Bit	TVrata8bit	TVrata8bit	existing-unreviewed		0
TRawDataHandler	TRawdatahandler	TRawdatahandler	existing-unreviewed		0
TSSEntry	Tssvnos	Tssvnos	existing-unreviewed		0
TSyscall	TSyscall	TSyscall	existing-unreviewed		0
TTask	TNaloga	TNaloga	existing-unreviewed		0
TThread	TThread	TThread	existing-unreviewed		0
TThreadHelper	TThreadhelper	TThreadhelper	existing-unreviewed		0
TTimerDriver	TOdštevalnikčasadriver	TOdštevalnikčasadriver	existing-unreviewed		0
TUserDatagramProtocolHandler	TUporabnikdatagramprotocolhandler	TUporabnikdatagramprotocolhandler	existing-unreviewed		0
TUserDatagramProtocolHeader	TUporabnikdatagramprotocolheader	TUporabnikdatagramprotocolheader	pending-language-review	udp_header	0
TUserDatagramProtocolHeaderBuffer	TUporabnikdatagramprotocolheaderbuffer	TUporabnikdatagramprotocolheaderbuffer	existing-unreviewed		0
TUserDatagramProtocolProvider	TUporabnikdatagramprotocolprovider	TUporabnikdatagramprotocolprovider	existing-unreviewed		0
TUserDatagramProtocolSocket	TUporabnikdatagramprotocolVti	TUporabnikdatagramprotocolVti	pending-language-review	udp_socket	0
TVideoGraphicsArray	TVideoGrafikaPolje	TVideoGrafikaPolje	existing-unreviewed		0
TWidget	TGradniki	TGradniki	pending-language-review	widget	0
TWidgetMouseEventHandler	TGradnikiMiškaeventhandler	TGradnikiMiškaeventhandler	existing-unreviewed		0
Tamd_am79c973	Tamdam79c973	Tamdam79c973	existing-unreviewed		0
Test	Preizkus	Preizkus	existing-unreviewed		0
TestBit	Preizkusbit	Preizkusbit	existing-unreviewed		0
TestPrint	PreizkusNatisni	PreizkusNatisni	existing-unreviewed		0
Thread	Thread	Thread	existing-unreviewed		0
ThreadList	ThreadSeznam	ThreadSeznam	existing-unreviewed		0
ThreadState	ThreadStanje	ThreadStanje	existing-unreviewed		0
Threads	Threads	Threads	existing-unreviewed		0
TlsSegments	Tlssegments	Tlssegments	existing-unreviewed		0
TotalBlocks	SkupnoBlok	SkupnoBlok	existing-unreviewed		0
Type	Vrsta	Vrsta	existing-unreviewed		0
TypeTest	VrstaPreizkus	VrstaPreizkus	existing-unreviewed		0
T공용서술자테이블	TShareddescriptorPreglednica	TShareddescriptorPreglednica	existing-unreviewed		0
T공용서술자테이블_자료	TShareddescriptorPreglednicadata	TShareddescriptorPreglednicadata	existing-unreviewed		0
T작업관리자	TNalogamanager	TNalogamanager	existing-unreviewed		0
T조각설명자	TSegmentdescriptor	TSegmentdescriptor	existing-unreviewed		0
T콘솔	TConsole	TConsole	existing-unreviewed		0
T함수1	TFunkcija1	TFunkcija1	existing-unreviewed		0
UDESC_32SEG	Udesc32seg	Udesc32seg	existing-unreviewed		0
UDESC_CONTENTS	UdescVsebina	UdescVsebina	existing-unreviewed		0
UDESC_LIMIT_IN_PAGES	UdesclimitVhodnopages	UdesclimitVhodnopages	existing-unreviewed		0
UDESC_RX_ONLY	Udescrxonly	Udescrxonly	existing-unreviewed		0
UDESC_SEG_NOT_PRESENT	UdescsegnotPrisotnost	UdescsegnotPrisotnost	existing-unreviewed		0
UDESC_USABLE	Udescusable	Udescusable	existing-unreviewed		0
USER_STACK	Uporabnikstack	Uporabnikstack	existing-unreviewed		0
USER_STACK_SIZE	UporabnikstackVelikost	UporabnikstackVelikost	existing-unreviewed		0
USER_STACK_TOP	UporabnikstackVrh	UporabnikstackVrh	existing-unreviewed		0
Uid	Uid	Uid	existing-unreviewed		0
Uint16ToArray	Unsignedinteger16toPolje	Unsignedinteger16toPolje	existing-unreviewed		0
Uint16ToArray_BE	Unsignedinteger16toPoljebe	Unsignedinteger16toPoljebe	existing-unreviewed		0
Uint16_R	Unsignedinteger16r	Unsignedinteger16r	existing-unreviewed		0
Uint32ToArray	Unsignedinteger32toPolje	Unsignedinteger32toPolje	existing-unreviewed		0
Uint32_R	Unsignedinteger32r	Unsignedinteger32r	existing-unreviewed		0
Uint48ToArray	Unsignedinteger48toPolje	Unsignedinteger48toPolje	existing-unreviewed		0
Uint48ToArray_BE	Unsignedinteger48toPoljebe	Unsignedinteger48toPoljebe	existing-unreviewed		0
Uint48_R	Unsignedinteger48r	Unsignedinteger48r	existing-unreviewed		0
Uint64ToArray	Unsignedinteger64toPolje	Unsignedinteger64toPolje	existing-unreviewed		0
Uint64_R	Unsignedinteger64r	Unsignedinteger64r	existing-unreviewed		0
UnhandleInterrupt	UnhandlePrekinitev	UnhandlePrekinitev	existing-unreviewed		0
UnsetBit	Nedoločenobit	Toggle_allocation_bit	pending-language-review	toggle_bit	1
UsedBlocks	UporabljenoBlok	UporabljenoBlok	existing-unreviewed		0
UserDesc	Uporabnikdescriptor	Uporabnikdescriptor	existing-unreviewed		0
UserStack	Uporabnikstack_2	Uporabnikstack_2	existing-unreviewed		0
UserStackSize	UporabnikstackVelikost_2	UporabnikstackVelikost_2	existing-unreviewed		0
Vendor_id	Prodajalecid	Prodajalecid	existing-unreviewed		0
Version	Različica	Različica	existing-unreviewed		0
VirtTest	VirtPreizkus	VirtPreizkus	existing-unreviewed		0
Write	Pisanje	Pisanje	existing-unreviewed		0
Write28	Pisanje28	Pisanje28	existing-unreviewed		0
WriteRegisters	Pisanjeregister	Pisanjeregister	existing-unreviewed		0
X	X	X	existing-unreviewed		0
Y	Y	Y	existing-unreviewed		0
Zero	Zero	Zero	existing-unreviewed		0
ZeroBlockInPageDir	ZeroBlokVhodnoStranMapa	ZeroBlokVhodnoStranMapa	existing-unreviewed		0
a	a	a	existing-unreviewed		0
aTime	aČas	aČas	existing-unreviewed		0
access	dostop	dostop	existing-unreviewed		0
accessMode	dostopNAČIN	dostopNAČIN	existing-unreviewed		0
ack	ack	ack	existing-unreviewed		0
activeKeyboardDriver	dejavenTipkovnicadriver	dejavenTipkovnicadriver	existing-unreviewed		0
activeMouseDriver	dejavenMiškadriver	dejavenMiškadriver	existing-unreviewed		0
addr	address	address	existing-unreviewed		0
addrPtr	addressKazalnik	addressKazalnik	existing-unreviewed		0
address	address_2	address_2	existing-unreviewed		0
addressError	addressNapaka	addressNapaka	existing-unreviewed		0
afInet	afinet	afinet	existing-unreviewed		0
allocFD	allocatefd	allocatefd	existing-unreviewed		0
allocOpenFile	allocateOdpriDatoteka	allocateOdpriDatoteka	existing-unreviewed		0
allocProcess	allocateOpravilo	allocateOpravilo	existing-unreviewed		0
allocateSocket	allocateVti	allocateVti	existing-unreviewed		0
allocated	allocated	allocated	existing-unreviewed		0
amd_am79c973	amdam79c973	amdam79c973	existing-unreviewed		0
args	argumenti	argumenti	existing-unreviewed		0
argument	argument	argument	existing-unreviewed		0
argumentPointers	argumentpointers	argumentpointers	existing-unreviewed		0
arguments	argumenti_2	argumenti_2	existing-unreviewed		0
arp	arp	arp	existing-unreviewed		0
arpBuffer	arpbuffer	arpbuffer	existing-unreviewed		0
arpMesgSize	arpmesgVelikost	arpmesgVelikost	existing-unreviewed		0
arpProvider	arpprovider	arpprovider	existing-unreviewed		0
arp콘솔	arpconsole	arpconsole	existing-unreviewed		0
array	polje	polje	existing-unreviewed		0
ata	ata	ata	existing-unreviewed		0
ata0s	ata0s	ata0s	existing-unreviewed		0
attempts	attempts	attempts	existing-unreviewed		0
attr	atribut	atribut	existing-unreviewed		0
attributeControllerIndexPort	atributcontrollerKazaloVrata	atributcontrollerKazaloVrata	existing-unreviewed		0
attributeControllerReadPort	atributcontrollerBranjeVrata	atributcontrollerBranjeVrata	existing-unreviewed		0
attributeControllerResetPort	atributcontrollerPonastaviVrata	atributcontrollerPonastaviVrata	existing-unreviewed		0
attributeControllerWritePort	atributcontrollerPisanjeVrata	atributcontrollerPisanjeVrata	existing-unreviewed		0
attributes	attributes	attributes	existing-unreviewed		0
aux	aux	aux	existing-unreviewed		0
avail	razpoložljivo	razpoložljivo	existing-unreviewed		0
b	b	b	existing-unreviewed		0
backend	backend	backend	existing-unreviewed		0
backupFpRegs	backupfpregs	backupfpregs	existing-unreviewed		0
backupSector	backupsector	backupsector	existing-unreviewed		0
bar	vrstica	vrstica	existing-unreviewed		0
barNum	vrsticaŠtevilka	vrsticaŠtevilka	existing-unreviewed		0
bar_value	vrsticaVrednost	vrsticaVrednost	existing-unreviewed		0
base	base	base	existing-unreviewed		0
baseCode	basecode	basecode	existing-unreviewed		0
baseHigh	baseVisoko	baseVisoko	existing-unreviewed		0
baseLow	baseNizko	baseNizko	existing-unreviewed		0
baseMid	basemid	basemid	existing-unreviewed		0
base_addr_high	baseaddressVisoko	baseaddressVisoko	existing-unreviewed		0
base_addr_low	baseaddressNizko	baseaddressNizko	existing-unreviewed		0
bh	bh	bh	existing-unreviewed		0
bindEphemeral	bindephemeral	bindephemeral	existing-unreviewed		0
bindError	bindNapaka	bindNapaka	existing-unreviewed		0
bios	bios	bios	existing-unreviewed		0
bit	bit	bit	existing-unreviewed		0
bitmap	bitmap	bitmap	pending-language-review	bitmap	0
bootSignature	bootsignature	bootsignature	existing-unreviewed		0
bootable	bootable	bootable	existing-unreviewed		0
bootloader	bootloader	bootloader	existing-unreviewed		0
bound	bound	bound	existing-unreviewed		0
bpb	bpb	bpb	pending-language-review	fat_parameters	0
bpbBytes	bpbBajtov	bpbBajtov	existing-unreviewed		0
bpbPtr	bpbKazalnik	bpbKazalnik	existing-unreviewed		0
buf	buffer	buffer	existing-unreviewed		0
buf1	buffer1	buffer1	existing-unreviewed		0
buf2	buffer2	buffer2	existing-unreviewed		0
buf3	buffer3	buffer3	existing-unreviewed		0
buf4	buffer4	buffer4	existing-unreviewed		0
buf6	buffer6	buffer6	existing-unreviewed		0
buffer	buffer_2	buffer_2	existing-unreviewed		0
buffer1	buffer1_2	buffer1_2	existing-unreviewed		0
buffer2	buffer2_2	buffer2_2	existing-unreviewed		0
bufferAddr	bufferaddress	bufferaddress	existing-unreviewed		0
bufferAddress	bufferaddress_2	bufferaddress_2	existing-unreviewed		0
bufptr	bufferKazalnik	bufferKazalnik	existing-unreviewed		0
bus	bus	bus	existing-unreviewed		0
busControlRegisterDataPort	busNadzorregisterdataVrata	busNadzorregisterdataVrata	existing-unreviewed		0
button	gumb	gumb	existing-unreviewed		0
buttons	gumb_2	gumb_2	existing-unreviewed		0
bytesPerSector	bajtovpersector	bajtovpersector	existing-unreviewed		0
c	c	c	existing-unreviewed		0
cDate	cDatum	cDatum	existing-unreviewed		0
cTime	cČas	cČas	existing-unreviewed		0
cTimeTenth	cČastenth	cČastenth	existing-unreviewed		0
call	call	call	existing-unreviewed		0
candidate	candidate	candidate	existing-unreviewed		0
cap	cap	cap	existing-unreviewed		0
char	char	char	existing-unreviewed		0
checked	checked	checked	existing-unreviewed		0
checksum	checksum	checksum	existing-unreviewed		0
child	podrejenipredmet	podrejenipredmet	existing-unreviewed		0
childPID	podrejenipredmetpid	podrejenipredmetpid	existing-unreviewed		0
childPageDir	podrejenipredmetStranMapa	podrejenipredmetStranMapa	existing-unreviewed		0
chunk	chunk	chunk	existing-unreviewed		0
class_id	razredid	razredid	existing-unreviewed		0
closeAllProcessFDs	zapriVseOpravilofds	zapriVseOpravilofds	existing-unreviewed		0
closeOnExec	zapriVključenoIzvedljivo	zapriVključenoIzvedljivo	existing-unreviewed		0
closeProcessFD	zapriOpravilofd	zapriOpravilofd	existing-unreviewed		0
code	code	code	existing-unreviewed		0
code1Ptr	code1Kazalnik	code1Kazalnik	existing-unreviewed		0
code1ptr	code1Kazalnik_2	code1Kazalnik_2	existing-unreviewed		0
code2Ptr	code2Kazalnik	code2Kazalnik	existing-unreviewed		0
code3Ptr	code3Kazalnik	code3Kazalnik	existing-unreviewed		0
codeSegment	codesegment	codesegment	existing-unreviewed		0
colorIndex	barvaKazalo	barvaKazalo	existing-unreviewed		0
colordepth	barvadepth	barvadepth	existing-unreviewed		0
command	ukaz	ukaz	existing-unreviewed		0
commandPort	ukazVrata	ukazVrata	existing-unreviewed		0
commandport	ukazVrata_2	ukazVrata_2	existing-unreviewed		0
common	skupno	skupno	existing-unreviewed		0
connected	connected	connected	existing-unreviewed		0
console	console	console	existing-unreviewed		0
controlPort	nadzorVrata	nadzorVrata	existing-unreviewed		0
copyExecVector	kopirajIzvedljivovector	kopirajIzvedljivovector	existing-unreviewed		0
copyLength	kopirajDolžina	kopirajDolžina	existing-unreviewed		0
copyPageDir	kopirajStranMapa	kopirajStranMapa	existing-unreviewed		0
copyPath	kopirajPOT	kopirajPOT	existing-unreviewed		0
copySocketName	kopirajVtiIme	kopirajVtiIme	existing-unreviewed		0
copyUtsField	kopirajutspolje	kopirajutspolje	existing-unreviewed		0
count	count	count	existing-unreviewed		0
count2	count2	count2	existing-unreviewed		0
cowFrameManager	cowOkvirmanager	cowOkvirmanager	existing-unreviewed		0
cpu	cPE	cPE	existing-unreviewed		0
cpustate	cPEStanje	cPEStanje	existing-unreviewed		0
cr0	cr0	cr0	existing-unreviewed		0
cr3	cr3	cr3	existing-unreviewed		0
cr4	cr4	cr4	existing-unreviewed		0
crtcDataPort	crtcdataVrata	crtcdataVrata	existing-unreviewed		0
crtcIndexPort	crtcKazaloVrata	crtcKazaloVrata	existing-unreviewed		0
cs	cs	cs	existing-unreviewed		0
currentRecvBuffer	currentrecvbuffer	currentrecvbuffer	existing-unreviewed		0
currentSendBuffer	currentPošljibuffer	currentPošljibuffer	existing-unreviewed		0
currentTask	currentNaloga	currentNaloga	existing-unreviewed		0
currentThread	currentthread	currentthread	existing-unreviewed		0
currentThreadIndex	currentthreadKazalo	currentthreadKazalo	existing-unreviewed		0
cursorHeight	kazalecVišina	kazalecVišina	existing-unreviewed		0
cursorStart	kazalecZačni	kazalecZačni	existing-unreviewed		0
d_tag	dOznaka	dOznaka	existing-unreviewed		0
d_val_ptr	dvalKazalnik	dvalKazalnik	existing-unreviewed		0
data	data	data	existing-unreviewed		0
dataBuf	databuffer	databuffer	existing-unreviewed		0
dataBytes	dataBajtov	dataBajtov	existing-unreviewed		0
dataPointer	dataKazalnik	dataKazalnik	existing-unreviewed		0
dataPort	dataVrata	dataVrata	existing-unreviewed		0
dataStart	dataZačni	dataZačni	existing-unreviewed		0
databuffer	databuffer_2	databuffer_2	existing-unreviewed		0
dataport	dataVrata_2	dataVrata_2	existing-unreviewed		0
defaultKeyboardEventHandler	privzetoTipkovnicaeventhandler	privzetoTipkovnicaeventhandler	existing-unreviewed		0
desc	descriptor	descriptor	existing-unreviewed		0
description	opis	opis	existing-unreviewed		0
destination	cilj	cilj	existing-unreviewed		0
destinationAddress	ciljaddress	ciljaddress	existing-unreviewed		0
destinationLength	ciljDolžina	ciljDolžina	existing-unreviewed		0
dev	naprava	naprava	existing-unreviewed		0
device	naprava_2	naprava_2	existing-unreviewed		0
deviceDescriptor	napravadescriptor	napravadescriptor	existing-unreviewed		0
devicePort	napravaVrata	napravaVrata	existing-unreviewed		0
diff	diff	diff	existing-unreviewed		0
digits	digits	digits	existing-unreviewed		0
dirent	dirent	dirent	existing-unreviewed		0
direntBytes	direntBajtov	direntBajtov	existing-unreviewed		0
direntPtr	direntKazalnik	direntKazalnik	existing-unreviewed		0
discardProcess	zavrziOpravilo	zavrziOpravilo	existing-unreviewed		0
dispatchInterrupt	dispatchPrekinitev	dispatchPrekinitev	existing-unreviewed		0
divisor	divisor	divisor	existing-unreviewed		0
domain	domena	domena	existing-unreviewed		0
driveNumber	driveŠtevilka	driveŠtevilka	existing-unreviewed		0
driver	driver	driver	existing-unreviewed		0
driverManager	drivermanager	drivermanager	existing-unreviewed		0
drivercount	drivercount	drivercount	existing-unreviewed		0
drv	driver_2	driver_2	existing-unreviewed		0
ds	ds	ds	existing-unreviewed		0
ds_segment	dssegment	dssegment	existing-unreviewed		0
dst	cilj_2	cilj_2	existing-unreviewed		0
dstEntry	ciljvnos	ciljvnos	existing-unreviewed		0
dstIP	ciljipaddress	ciljipaddress	existing-unreviewed		0
dstIP_BE	ciljipaddressOmrežjebyteorder	ciljipaddressOmrežjebyteorder	existing-unreviewed		0
dstMAC	ciljmacaddress	ciljmacaddress	existing-unreviewed		0
dstMAC_BE	ciljmacbe	ciljmacbe	existing-unreviewed		0
dstPageDir	ciljStranMapa	ciljStranMapa	existing-unreviewed		0
dstPort	ciljVrataŠtevilka	ciljVrataŠtevilka	pending-language-review	destination_port	0
dstPt	ciljpt	ciljpt	existing-unreviewed		0
dstPtPtr	ciljptKazalnik	ciljptKazalnik	existing-unreviewed		0
dstPtr	ciljKazalnik	ciljKazalnik	existing-unreviewed		0
dstptr	ciljKazalnik_2	ciljKazalnik_2	existing-unreviewed		0
dynamic	dinamično	dinamično	existing-unreviewed		0
e	e	e	existing-unreviewed		0
e_ehsize	eehsize	eehsize	existing-unreviewed		0
e_entry	evnos	evnos	existing-unreviewed		0
e_flags	eZastavice	eZastavice	existing-unreviewed		0
e_ident	eident	eident	existing-unreviewed		0
e_machine	emachine	emachine	existing-unreviewed		0
e_phentsize	ephentsize	ephentsize	existing-unreviewed		0
e_phnum	ephnum	ephnum	existing-unreviewed		0
e_phoff	ephoff	ephoff	existing-unreviewed		0
e_shentsize	eshentsize	eshentsize	existing-unreviewed		0
e_shnum	eshnum	eshnum	existing-unreviewed		0
e_shoff	eshoff	eshoff	existing-unreviewed		0
e_shstrndx	eshstrndx	eshstrndx	existing-unreviewed		0
e_type	eVrsta	eVrsta	existing-unreviewed		0
e_version	eRazličica	eRazličica	existing-unreviewed		0
eax	eax	eax	existing-unreviewed		0
ebp	ebp	ebp	existing-unreviewed		0
ebx	ebx	ebx	existing-unreviewed		0
ecx	ecx	ecx	existing-unreviewed		0
edi	edi	edi	existing-unreviewed		0
edx	edx	edx	existing-unreviewed		0
efHandler	efhandler	efhandler	existing-unreviewed		0
eflags	eflags	eflags	existing-unreviewed		0
eip	eip	eip	existing-unreviewed		0
eipOffset	eipoffset	eipoffset	existing-unreviewed		0
elf	elf	elf	existing-unreviewed		0
elf0	elf0	elf0	existing-unreviewed		0
elf2	elf2	elf2	existing-unreviewed		0
elf3	elf3	elf3	existing-unreviewed		0
elf4	elf4	elf4	existing-unreviewed		0
elfHeader	elfheader	elfheader	existing-unreviewed		0
enabled	omogočeno	omogočeno	existing-unreviewed		0
end	end	end	existing-unreviewed		0
endOffset	endoffset	endoffset	existing-unreviewed		0
end_cylinder	endcylinder	endcylinder	existing-unreviewed		0
end_head	endhead	endhead	existing-unreviewed		0
end_sector	endsector	endsector	existing-unreviewed		0
ensureCurrentProcess	ensurecurrentOpravilo	ensurecurrentOpravilo	existing-unreviewed		0
entry	vnos	vnos	existing-unreviewed		0
entryPoint	vnospoint	vnospoint	existing-unreviewed		0
entrypoint	vnospoint_2	vnospoint_2	existing-unreviewed		0
environment	environment	environment	existing-unreviewed		0
environmentPointers	environmentpointers	environmentpointers	existing-unreviewed		0
err	napaka	napaka	existing-unreviewed		0
errorPort	napakaVrata	napakaVrata	existing-unreviewed		0
es	es	es	existing-unreviewed		0
esi	esi	esi	existing-unreviewed		0
esp	esp	esp	existing-unreviewed		0
esp0	esp0	esp0	existing-unreviewed		0
esp1	esp1	esp1	existing-unreviewed		0
esp2	esp2	esp2	existing-unreviewed		0
etherFrameProvider	ethernetOkvirprovider	ethernetOkvirprovider	pending-language-review	ethernet_provider	0
etherType	ethernetVrsta	ethernetVrsta	existing-unreviewed		0
etherType_BE	ethernetVrstabe	ethernetVrstabe	existing-unreviewed		0
etherframe	ethernetOkvir	ethernetOkvir	existing-unreviewed		0
etherframePayload	ethernetOkvirpayload	ethernetOkvirpayload	existing-unreviewed		0
except	except	except	existing-unreviewed		0
exceptionCR0	exceptioncr0	exceptioncr0	existing-unreviewed		0
exceptionCR2	exceptioncr2	exceptioncr2	existing-unreviewed		0
exceptionCR3	exceptioncr3	exceptioncr3	existing-unreviewed		0
exceptionFrameValue	exceptionOkvirVrednost	exceptionOkvirVrednost	existing-unreviewed		0
exceptionHasErrorCode	exceptionhasNapakacode	exceptionhasNapakacode	existing-unreviewed		0
exceptionName	exceptionIme	exceptionIme	existing-unreviewed		0
execVector	izvedljivovector	izvedljivovector	existing-unreviewed		0
exists	exists	exists	existing-unreviewed		0
exited	končal	končal	existing-unreviewed		0
ext	ext	ext	existing-unreviewed		0
extFlags	extZastavice	extZastavice	existing-unreviewed		0
extendedScanCode	extendedPreiščicode	extendedPreiščicode	existing-unreviewed		0
fDupFD	fdupfd	fdupfd	existing-unreviewed		0
fGetFD	fgetfd	fgetfd	existing-unreviewed		0
fGetFL	fgetfl	fgetfl	existing-unreviewed		0
fSetFD	fmnožicafd	fmnožicafd	existing-unreviewed		0
fSetFL	fmnožicafl	fmnožicafl	existing-unreviewed		0
fat	fat	fat	existing-unreviewed		0
fatCopies	fatKopiraj	fatKopiraj	existing-unreviewed		0
fatInfo	fatPodatki	fatPodatki	existing-unreviewed		0
fatOffsetInSectorForCurrentCluster	fatoffsetVhodnosectorforcurrentcluster	fatoffsetVhodnosectorforcurrentcluster	existing-unreviewed		0
fatSectorCount	fatsectorcount	fatsectorcount	existing-unreviewed		0
fatSectorForCurrentCluster	fatsectorforcurrentcluster	fatsectorforcurrentcluster	existing-unreviewed		0
fatSize	fatVelikost	fatVelikost	existing-unreviewed		0
fatStart	fatZačni	fatZačni	existing-unreviewed		0
fatTypeLabel	fatVrstaOznaka	fatVrstaOznaka	existing-unreviewed		0
fatVersion	fatRazličica	fatRazličica	existing-unreviewed		0
fatbuf	fatbuf	fatbuf	existing-unreviewed		0
fatbuffer	fatbuffer	fatbuffer	existing-unreviewed		0
faultAddr	faultaddress	faultaddress	existing-unreviewed		0
fb	fb	fb	existing-unreviewed		0
fbCurCol	fbcurrentcol	fbcurrentcol	existing-unreviewed		0
fbCurLine	fbcurrentVrstica	fbcurrentVrstica	existing-unreviewed		0
fbHeight	fbVišina	fbVišina	existing-unreviewed		0
fbPhysAddr	fbphysaddress	fbphysaddress	existing-unreviewed		0
fbWidth	fbŠirina	fbŠirina	existing-unreviewed		0
fd	fd	fd	existing-unreviewed		0
fdCloexec	fdcloexec	fdcloexec	existing-unreviewed		0
fdEntry	fdvnos	fdvnos	existing-unreviewed		0
fdFlags	fdZastavice	fdZastavice	existing-unreviewed		0
fdKindConsole	fdVrstaconsole	fdVrstaconsole	existing-unreviewed		0
fdKindFat	fdVrstafat	fdVrstafat	existing-unreviewed		0
fdKindNone	fdVrstaBrez	fdVrstaBrez	existing-unreviewed		0
fdKindRootDir	fdVrstaVrhMapa	fdVrstaVrhMapa	existing-unreviewed		0
fdKindSocket	fdVrstaVti	fdVrstaVti	existing-unreviewed		0
fdKindStdin	fdVrstastdin	fdVrstastdin	existing-unreviewed		0
fds	fds	fds	existing-unreviewed		0
filePtr	datotekaKazalnik	datotekaKazalnik	existing-unreviewed		0
fileSector	datotekasector	datotekasector	existing-unreviewed		0
fileSize	datotekaVelikost	datotekaVelikost	existing-unreviewed		0
filename	imedatoteke	imedatoteke	existing-unreviewed		0
fillPosixStat	fillposixstat	fillposixstat	existing-unreviewed		0
findProcess	najdiOpravilo	najdiOpravilo	existing-unreviewed		0
first	prvi	prvi	existing-unreviewed		0
firstClusterHi	prviclusterhi	prviclusterhi	existing-unreviewed		0
firstClusterLow	prviclusterNizko	prviclusterNizko	existing-unreviewed		0
firstFileCluster	prviDatotekacluster	prviDatotekacluster	existing-unreviewed		0
flags	zastavice	zastavice	existing-unreviewed		0
flags2	zastavice2	zastavice2	existing-unreviewed		0
flagsAndOffset	zastaviceandoffset	zastaviceandoffset	existing-unreviewed		0
flushIndex	flushKazalo	flushKazalo	existing-unreviewed		0
flushTlsTable	flushtlsPreglednica	flushtlsPreglednica	existing-unreviewed		0
flush_tss	flushtss	flushtss	existing-unreviewed		0
fn	fn	fn	existing-unreviewed		0
foo	foo	foo	existing-unreviewed		0
foundChild	foundpodrejenipredmet	foundpodrejenipredmet	existing-unreviewed		0
frame	okvir	okvir	existing-unreviewed		0
frameCount	okvircount	okvircount	existing-unreviewed		0
frameHeaderSize	okvirheaderVelikost	okvirheaderVelikost	existing-unreviewed		0
free	prosto	prosto	existing-unreviewed		0
freePort	prostoVrata	prostoVrata	existing-unreviewed		0
frequency	frequency	frequency	existing-unreviewed		0
fs	fs	fs	existing-unreviewed		0
func1Val	func1val	func1val	existing-unreviewed		0
func2Val	func2val	func2val	existing-unreviewed		0
func3Val	func3val	func3val	existing-unreviewed		0
func_addr	funcaddress	funcaddress	existing-unreviewed		0
func_bytes	funcBajtov	funcBajtov	existing-unreviewed		0
func_name	funcIme	funcIme	existing-unreviewed		0
func_value	funcVrednost	funcVrednost	existing-unreviewed		0
function	funkcija	funkcija	existing-unreviewed		0
fxrstor	fxrstor	fxrstor	existing-unreviewed		0
fxsave	fxsave	fxsave	existing-unreviewed		0
g	g	g	existing-unreviewed		0
g_320x200x256	g320x200x256	g320x200x256	existing-unreviewed		0
gate	gate	gate	existing-unreviewed		0
gateData	gatedata	gatedata	existing-unreviewed		0
gatewayIP	gatewayip	gatewayip	existing-unreviewed		0
gdt	gdt	gdt	existing-unreviewed		0
gdtDescriptor	gdtdescriptor	gdtdescriptor	existing-unreviewed		0
gdtEntry	gdtvnos	gdtvnos	existing-unreviewed		0
gdtTable	gdtPreglednica	gdtPreglednica	existing-unreviewed		0
gdtTableLen	gdtPreglednicalen	gdtPreglednicalen	existing-unreviewed		0
gdt_codeSegmentSelector	gdtcodesegmentselector	gdtcodesegmentselector	existing-unreviewed		0
gdt_func	gdtfunc	gdtfunc	existing-unreviewed		0
getCR2	getcr2	getcr2	existing-unreviewed		0
getCR3	getcr3	getcr3	existing-unreviewed		0
getDescriptor	getdescriptor	getdescriptor	existing-unreviewed		0
getESI	getesi	getesi	existing-unreviewed		0
getESP	getesp	getesp	existing-unreviewed		0
getGDT	getgdt	getgdt	existing-unreviewed		0
getGS	getgs	getgs	existing-unreviewed		0
getOpenFile	getOdpriDatoteka	getOdpriDatoteka	existing-unreviewed		0
getOpenFileFor	getOdpriDatotekafor	getOdpriDatotekafor	existing-unreviewed		0
getTLS	gettls	gettls	existing-unreviewed		0
globalDescriptorTable	splošnodescriptorPreglednica	splošnodescriptorPreglednica	existing-unreviewed		0
globalOffsetTable	splošnooffsetPreglednica	splošnooffsetPreglednica	existing-unreviewed		0
global_offset_table	splošnooffsetPreglednica_2	splošnooffsetPreglednica_2	existing-unreviewed		0
graphicsControllerDataPort	grafikacontrollerdataVrata	grafikacontrollerdataVrata	existing-unreviewed		0
graphicsControllerIndexPort	grafikacontrollerKazaloVrata	grafikacontrollerKazaloVrata	existing-unreviewed		0
grub_multiboot_memory_map_t	grubmultibootPomnilnikmapt	grubmultibootPomnilnikmapt	existing-unreviewed		0
gs	gs	gs	existing-unreviewed		0
gs_segment	gssegment	gssegment	existing-unreviewed		0
h	h	h	existing-unreviewed		0
haltAfterFatalException	haltafterfatalexception	haltafterfatalexception	existing-unreviewed		0
handleInterrupt	ročicaPrekinitev	ročicaPrekinitev	existing-unreviewed		0
handleKeyboardInterrupt	ročicaTipkovnicaPrekinitev	ročicaTipkovnicaPrekinitev	existing-unreviewed		0
handleMouseInterrupt	ročicaMiškaPrekinitev	ročicaMiškaPrekinitev	existing-unreviewed		0
handlePagingInterrupt	ročicapagingPrekinitev	ročicapagingPrekinitev	existing-unreviewed		0
handleUnhandledSyscall	ročicaunhandledsyscall	ročicaunhandledsyscall	existing-unreviewed		0
handler	handler	handler	existing-unreviewed		0
handlerAddressHighBits	handleraddressVisokobiti	handleraddressVisokobiti	existing-unreviewed		0
handlerAddressLowBits	handleraddressNizkobiti	handleraddressNizkobiti	existing-unreviewed		0
handlerRun	handlerZaženi	handlerZaženi	existing-unreviewed		0
handlers	handler_2	handler_2	existing-unreviewed		0
hardwareAddressSize	strojnaopremaaddressVelikost	strojnaopremaaddressVelikost	existing-unreviewed		0
hardwareInterruptOffset	strojnaopremaPrekinitevoffset	strojnaopremaPrekinitevoffset	existing-unreviewed		0
hardwareType	strojnaopremaVrsta	strojnaopremaVrsta	existing-unreviewed		0
hd	hd	hd	existing-unreviewed		0
head	head	head	existing-unreviewed		0
headCount	headcount	headcount	existing-unreviewed		0
headerLength	headerDolžina	headerDolžina	existing-unreviewed		0
headertype	headertype	headertype	existing-unreviewed		0
height	višina	višina	existing-unreviewed		0
hex	šestnajstiško	šestnajstiško	existing-unreviewed		0
hiddenSectors	skritosectors	skritosectors	existing-unreviewed		0
i	i	i	existing-unreviewed		0
iCount	icount	icount	existing-unreviewed		0
iDrivers	idriver	idriver	existing-unreviewed		0
iKeyboardEventHandler	iTipkovnicaeventhandler	iTipkovnicaeventhandler	existing-unreviewed		0
iMouseEventHandler	iMiškaeventhandler	iMiškaeventhandler	existing-unreviewed		0
iPCIControllerHandler	ipcicontrollerhandler	ipcicontrollerhandler	existing-unreviewed		0
iRawDataHandler	irawdatahandler	irawdatahandler	existing-unreviewed		0
iTimerEventHandler	iOdštevalnikčasaeventhandler	iOdštevalnikčasaeventhandler	existing-unreviewed		0
icmp	icmp	icmp	existing-unreviewed		0
icmpSize	icmpVelikost	icmpVelikost	existing-unreviewed		0
icmp콘솔	icmpconsole	icmpconsole	existing-unreviewed		0
id	id	id	existing-unreviewed		0
ident	ident	ident	existing-unreviewed		0
idtData	idtdata	idtdata	existing-unreviewed		0
idtPointer	idtKazalnik	idtKazalnik	existing-unreviewed		0
idx	idx	idx	existing-unreviewed		0
index	kazalo	kazalo	existing-unreviewed		0
initBlock	initBlok	initBlok	existing-unreviewed		0
initFileDescriptors	initDatotekadescriptor	initDatotekadescriptor	existing-unreviewed		0
initPIT	initpit	initpit	existing-unreviewed		0
initializeProcessFDs	initializeOpravilofds	initializeOpravilofds	existing-unreviewed		0
inode	inode	inode	existing-unreviewed		0
inputEventTask	vhodeventNaloga	vhodeventNaloga	existing-unreviewed		0
installIDT	namestiidt	namestiidt	existing-unreviewed		0
intNumber	številoŠtevilka	številoŠtevilka	existing-unreviewed		0
interface_id	vMESNIKid	vMESNIKid	existing-unreviewed		0
internetprotocolPayload	spletprotocolpayload	spletprotocolpayload	existing-unreviewed		0
interrupt	prekinitev	prekinitev	existing-unreviewed		0
interruptDebug	prekinitevRazhrošči	prekinitevRazhrošči	existing-unreviewed		0
interruptExitLoop	prekinitevIzhodloop	prekinitevIzhodloop	existing-unreviewed		0
interruptGateEntries	prekinitevgatevnos	prekinitevgatevnos	existing-unreviewed		0
interruptHandler	prekinitevhandler	prekinitevhandler	existing-unreviewed		0
interrupts	interrupts	interrupts	existing-unreviewed		0
iomap	iomap	iomap	existing-unreviewed		0
ip	ip	ip	existing-unreviewed		0
ipEtherFrameHandler	ipethernetOkvirhandler	ipethernetOkvirhandler	existing-unreviewed		0
ipHandler	iphandler	iphandler	existing-unreviewed		0
ipIdx	ipidx	ipidx	existing-unreviewed		0
ipProtocolUDP	ipprotocoludp	ipprotocoludp	existing-unreviewed		0
ipProvider	ipprovider	ipprovider	pending-language-review	ip_provider	0
ipSize	ipVelikost	ipVelikost	existing-unreviewed		0
ip_be	ipOmrežjebyteorder	ipOmrežjebyteorder	existing-unreviewed		0
ipmessage	spletprotocolSporočilo	spletprotocolSporočilo	existing-unreviewed		0
ipv4	ipv4	ipv4	existing-unreviewed		0
ip콘솔	ipconsole	ipconsole	existing-unreviewed		0
isKernel	iskernel	iskernel	existing-unreviewed		0
isRoot	isVrh	isVrh	existing-unreviewed		0
isRootPath	isVrhPOT	isVrhPOT	existing-unreviewed		0
isSharedPDE	issharedpde	issharedpde	existing-unreviewed		0
istOffset	istoffset	istoffset	existing-unreviewed		0
j	j	j	existing-unreviewed		0
jmp	jmp	jmp	existing-unreviewed		0
jmp_user	jmpUporabnik	jmpUporabnik	existing-unreviewed		0
jump_usermode_iret	jumpusermodeiret	jumpusermodeiret	existing-unreviewed		0
kPageDirEntry	kStranMapavnos	kStranMapavnos	existing-unreviewed		0
kernelESP	kernelesp	kernelesp	existing-unreviewed		0
kernelPageDirEntry	kernelStranMapavnos	kernelStranMapavnos	existing-unreviewed		0
kernelSS	kernelss	kernelss	existing-unreviewed		0
key	ključ	ključ	existing-unreviewed		0
keyboard	tipkovnica	tipkovnica	existing-unreviewed		0
keyboardDriver	tipkovnicadriver	tipkovnicadriver	existing-unreviewed		0
keyboardEventHandler	tipkovnicaeventhandler	tipkovnicaeventhandler	existing-unreviewed		0
keyboardQueue	tipkovnicaqueue	tipkovnicaqueue	existing-unreviewed		0
keyboardQueueRead	tipkovnicaqueueBranje	tipkovnicaqueueBranje	existing-unreviewed		0
keyboardQueueSize	tipkovnicaqueueVelikost	tipkovnicaqueueVelikost	existing-unreviewed		0
keyboardQueueWrite	tipkovnicaqueuePisanje	tipkovnicaqueuePisanje	existing-unreviewed		0
kind	vrsta	vrsta	existing-unreviewed		0
l	l	l	existing-unreviewed		0
last	zadnji	zadnji	existing-unreviewed		0
lbaHiPort	lbahiVrata	lbahiVrata	existing-unreviewed		0
lbaLowPort	lbaNizkoVrata	lbaNizkoVrata	existing-unreviewed		0
lbaMidPort	lbamidVrata	lbamidVrata	existing-unreviewed		0
ldt	ldt	ldt	existing-unreviewed		0
leftShift	levoshift	levoshift	existing-unreviewed		0
len	len	len	existing-unreviewed		0
len_ver	lenver	lenver	existing-unreviewed		0
length	dolžina	dolžina	existing-unreviewed		0
lengthAddress	dolžinaaddress	dolžinaaddress	existing-unreviewed		0
lengthInBytes	dolžinaVhodnoBajtov	dolžinaVhodnoBajtov	existing-unreviewed		0
length_high	dolžinaVisoko	dolžinaVisoko	existing-unreviewed		0
length_low	dolžinaNizko	dolžinaNizko	existing-unreviewed		0
lengths	lengths	lengths	existing-unreviewed		0
lib1Addr	lib1address	lib1address	existing-unreviewed		0
lib1Data	lib1data	lib1data	existing-unreviewed		0
lib1File	lib1Datoteka	lib1Datoteka	existing-unreviewed		0
lib1GOT	lib1got	lib1got	existing-unreviewed		0
lib1elf	lib1elf	lib1elf	existing-unreviewed		0
lib2Addr	lib2address	lib2address	existing-unreviewed		0
lib2Data	lib2data	lib2data	existing-unreviewed		0
lib2File	lib2Datoteka	lib2Datoteka	existing-unreviewed		0
lib2GOT	lib2got	lib2got	existing-unreviewed		0
lib2elf	lib2elf	lib2elf	existing-unreviewed		0
libLinkMap	libPovezavamap	libPovezavamap	existing-unreviewed		0
lidtaddr	lidtaddr	lidtaddr	existing-unreviewed		0
limit	limit	limit	existing-unreviewed		0
limitHighAndFlags	limitVisokoandZastavice	limitVisokoandZastavice	existing-unreviewed		0
limitLow	limitNizko	limitNizko	existing-unreviewed		0
linkMap	povezavamap	povezavamap	existing-unreviewed		0
linkMapAddr	povezavamapaddress	povezavamapaddress	existing-unreviewed		0
linkerAddr	linkeraddress	linkeraddress	existing-unreviewed		0
linkerData	linkerdata	linkerdata	existing-unreviewed		0
linkerEntry	linkervnos	linkervnos	existing-unreviewed		0
linkerFile	linkerDatoteka	linkerDatoteka	existing-unreviewed		0
list	seznam	seznam	existing-unreviewed		0
listening	listening	listening	existing-unreviewed		0
loader	loader	loader	existing-unreviewed		0
local	krajevno	krajevno	existing-unreviewed		0
localDatagramSocket	krajevnodatagramVti	krajevnodatagramVti	existing-unreviewed		0
localIP	krajevnoip	krajevnoip	existing-unreviewed		0
localPort	krajevnoVrataŠtevilka	krajevnoVrataŠtevilka	existing-unreviewed		0
localSockets	krajevnosockets	krajevnosockets	existing-unreviewed		0
logicalAddress	logicaladdress	logicaladdress	existing-unreviewed		0
macAddr	macaddress	macaddress	existing-unreviewed		0
macIdx	macidx	macidx	existing-unreviewed		0
magicnumber	magicnumber	magicnumber	existing-unreviewed		0
main	main	main	compatibility		0
mainThread	glavnithread	glavnithread	existing-unreviewed		0
makePagePrivateWritableCurrent	makeStranZasebnowritablecurrent	makeStranZasebnowritablecurrent	existing-unreviewed		0
makeRangePrivateWritableCurrent	makeObmočjeZasebnowritablecurrent	makeObmočjeZasebnowritablecurrent	existing-unreviewed		0
manager	manager	manager	existing-unreviewed		0
mask	maska	maska	existing-unreviewed		0
master	glavni	glavni	existing-unreviewed		0
matches	matches	matches	existing-unreviewed		0
maxBARs	maxbars	maxbars	existing-unreviewed		0
maxDatagramSize	maxdatagramVelikost	maxdatagramVelikost	existing-unreviewed		0
maxExecStringLength	maxIzvedljivoNizDolžina	maxIzvedljivoNizDolžina	existing-unreviewed		0
maxExecVectorEntries	maxIzvedljivovectorvnos	maxIzvedljivovectorvnos	existing-unreviewed		0
maxFD	maxfd	maxfd	existing-unreviewed		0
maxOpenFiles	maxOdpriDatoteke	maxOdpriDatoteke	existing-unreviewed		0
maxSocketPackets	maxVtipaketov	maxVtipaketov	existing-unreviewed		0
maxSockets	maxsockets	maxsockets	existing-unreviewed		0
maximumBlocks	največBlok	največBlok	existing-unreviewed		0
mediaType	medijiVrsta	medijiVrsta	existing-unreviewed		0
mem	mem	mem	existing-unreviewed		0
memoryArray	pomnilnikPolje	pomnilnikPolje	existing-unreviewed		0
memoryChunkSize	pomnilnikchunkVelikost	pomnilnikchunkVelikost	existing-unreviewed		0
memoryManager	pomnilnikmanager	pomnilnikmanager	existing-unreviewed		0
memoryOper	pomnilnikoper	pomnilnikoper	existing-unreviewed		0
memorySize	pomnilnikVelikost	pomnilnikVelikost	existing-unreviewed		0
memorymananger	memorymananger	memorymananger	existing-unreviewed		0
memorytest	memorytest	memorytest	existing-unreviewed		0
message	sporočilo	sporočilo	existing-unreviewed		0
micsPort	micsVrata	micsVrata	existing-unreviewed		0
minimum	najmanj	najmanj	existing-unreviewed		0
mode	nAČIN	nAČIN	existing-unreviewed		0
mouseDriver	miškadriver	miškadriver	existing-unreviewed		0
mouseEventHandler	miškaeventhandler	miškaeventhandler	existing-unreviewed		0
mouseVGA	miškavga	miškavga	existing-unreviewed		0
mouseWidget	miškaGradniki	miškaGradniki	existing-unreviewed		0
msdospart	msdospartition	msdospartition	existing-unreviewed		0
msg	msg	msg	existing-unreviewed		0
msgBuffer	msgbuffer	msgbuffer	existing-unreviewed		0
multiboot_memory_map	multibootPomnilnikmap	multibootPomnilnikmap	existing-unreviewed		0
multitasking	multitasking	multitasking	existing-unreviewed		0
myKeyboardEventHandler	myTipkovnicaeventhandler	myTipkovnicaeventhandler	existing-unreviewed		0
myPCIControllerHandler	mypcicontrollerhandler	mypcicontrollerhandler	existing-unreviewed		0
myfunction	myfunction	myfunction	existing-unreviewed		0
n	n	n	existing-unreviewed		0
n_descsz	ndescsz	ndescsz	existing-unreviewed		0
n_namesz	nnamesz	nnamesz	existing-unreviewed		0
n_type	nVrsta	nVrsta	existing-unreviewed		0
name	ime	ime	existing-unreviewed		0
nameLen	imelen	imelen	existing-unreviewed		0
netCard	omrežjecard	omrežjecard	existing-unreviewed		0
newButtons	novaGumb	novaGumb	existing-unreviewed		0
newFD	novafd	novafd	existing-unreviewed		0
newFrame	novaOkvir	novaOkvir	existing-unreviewed		0
newLink	novaPovezava	novaPovezava	existing-unreviewed		0
newNode	novanode	novanode	existing-unreviewed		0
newPtr	novaKazalnik	novaKazalnik	existing-unreviewed		0
next	naslednje	naslednje	existing-unreviewed		0
nextEphemeralPort	naslednjeephemeralVrata	naslednjeephemeralVrata	existing-unreviewed		0
nextFileCluster	naslednjeDatotekacluster	naslednjeDatotekacluster	existing-unreviewed		0
nextHopIP_BE	naslednjehopipaddressOmrežjebyteorder	naslednjehopipaddressOmrežjebyteorder	existing-unreviewed		0
nextNode	naslednjenode	naslednjenode	existing-unreviewed		0
nextProcessID	naslednjeOpraviloid	naslednjeOpraviloid	existing-unreviewed		0
nextThread	naslednjethread	naslednjethread	existing-unreviewed		0
nibble	nibble	nibble	existing-unreviewed		0
node	node	node	pending-language-review	list_node	0
nodeArray	nodePolje	nodePolje	existing-unreviewed		0
num	številka	številka	existing-unreviewed		0
numCacheEntries	številkacachevnos	številkacachevnos	existing-unreviewed		0
numDrivers	številkadriver	številkadriver	existing-unreviewed		0
numFunctions	številkaFunkcije	številkaFunkcije	existing-unreviewed		0
numRecvBuffers	številkarecvbuffer	številkarecvbuffer	existing-unreviewed		0
numSendBuffers	številkaPošljibuffer	številkaPošljibuffer	existing-unreviewed		0
numSockets	številkasockets	številkasockets	existing-unreviewed		0
numTasks	številkaNaloge	številkaNaloge	existing-unreviewed		0
oAppend	oappend	oappend	existing-unreviewed		0
oCreate	ocreate	ocreate	existing-unreviewed		0
oDirectory	oMapa	oMapa	existing-unreviewed		0
oReadOnly	oBranjeonly	oBranjeonly	existing-unreviewed		0
oReadWrite	oBranjePisanje	oBranjePisanje	existing-unreviewed		0
oTruncate	oRazdeli	oRazdeli	existing-unreviewed		0
oWriteOnly	oPisanjeonly	oPisanjeonly	existing-unreviewed		0
o_addr	oaddress	oaddress	existing-unreviewed		0
offset	offset	offset	existing-unreviewed		0
ok	vredu	vredu	existing-unreviewed		0
oldButtons	oldGumb	oldGumb	existing-unreviewed		0
oldCR3	oldcr3	oldcr3	existing-unreviewed		0
oldFD	oldfd	oldfd	existing-unreviewed		0
oldFrame	oldOkvir	oldOkvir	existing-unreviewed		0
oldGdt	oldgdt	oldgdt	existing-unreviewed		0
oldGdtAddr	oldgdtaddress	oldgdtaddress	existing-unreviewed		0
oldGdtLen	oldgdtlen	oldgdtlen	existing-unreviewed		0
openFileDescription	odpriDatotekaOpis	odpriDatotekaOpis	existing-unreviewed		0
openFileTable	odpriDatotekaPreglednica	odpriDatotekaPreglednica	existing-unreviewed		0
options	možnosti	možnosti	existing-unreviewed		0
orgValue	orgVrednost	orgVrednost	existing-unreviewed		0
p	p	p	existing-unreviewed		0
p1	p1	p1	existing-unreviewed		0
p2	p2	p2	existing-unreviewed		0
p_align	pPoravnaj	pPoravnaj	existing-unreviewed		0
p_backend	pbackend	pbackend	existing-unreviewed		0
p_data	pdata	pdata	existing-unreviewed		0
p_efHandler	pefhandler	pefhandler	existing-unreviewed		0
p_efProvider	pefprovider	pefprovider	existing-unreviewed		0
p_etherType	pethernetVrsta	pethernetVrsta	existing-unreviewed		0
p_filesz	pfilesz	pfilesz	existing-unreviewed		0
p_flags	pZastavice	pZastavice	existing-unreviewed		0
p_iHandler	pihandler	pihandler	existing-unreviewed		0
p_ipHandler	piphandler	piphandler	existing-unreviewed		0
p_ipProvider	pipprovider	pipprovider	existing-unreviewed		0
p_memsz	pmemsz	pmemsz	existing-unreviewed		0
p_offset	poffset	poffset	existing-unreviewed		0
p_paddr	ppaddr	ppaddr	existing-unreviewed		0
p_protocol	pprotocol	pprotocol	existing-unreviewed		0
p_provider	pprovider	pprovider	existing-unreviewed		0
p_str	pstr	pstr	existing-unreviewed		0
p_type	pVrsta	pVrsta	existing-unreviewed		0
p_udpHandler	pudphandler	pudphandler	existing-unreviewed		0
p_udpProvider	pudpprovider	pudpprovider	existing-unreviewed		0
p_vaddr	pvaddr	pvaddr	existing-unreviewed		0
packet	packet	packet	existing-unreviewed		0
packetStatus	packetStanje	packetStanje	existing-unreviewed		0
packets	paketov	paketov	existing-unreviewed		0
page	stran	stran	existing-unreviewed		0
pageDir	stranMapa	stranMapa	pending-language-review	page_directory	0
pageDirEntry	stranMapavnos	stranMapavnos	existing-unreviewed		0
pageTableEntry	stranPreglednicavnos	stranPreglednicavnos	existing-unreviewed		0
paging	paging	paging	existing-unreviewed		0
param	param	param	existing-unreviewed		0
params	parametri	parametri	existing-unreviewed		0
parent	nadrejenipredmet	nadrejenipredmet	existing-unreviewed		0
parentPID	nadrejenipredmetpid	nadrejenipredmetpid	existing-unreviewed		0
parentProcess	nadrejenipredmetOpravilo	nadrejenipredmetOpravilo	existing-unreviewed		0
partEntry	partvnos	partvnos	existing-unreviewed		0
partition	partition	partition	existing-unreviewed		0
partitionBytes	partitionBajtov	partitionBajtov	existing-unreviewed		0
partitionOffset	partitionoffset	partitionoffset	existing-unreviewed		0
path	pOT	pOT	existing-unreviewed		0
pathAddr	pOTaddress	pOTaddress	existing-unreviewed		0
pci	pci	pci	existing-unreviewed		0
pciController	pcicontroller	pcicontroller	existing-unreviewed		0
pde	pde	pde	existing-unreviewed		0
pdeAddr	pdeaddress	pdeaddress	existing-unreviewed		0
pdelen	pdelen	pdelen	existing-unreviewed		0
peer	peer	peer	existing-unreviewed		0
pendingButtons	pendingGumb	pendingGumb	existing-unreviewed		0
pendingMouseEvent	pendingMiškaevent	pendingMiškaevent	existing-unreviewed		0
pendingX	pendingx	pendingx	existing-unreviewed		0
pendingY	pendingy	pendingy	existing-unreviewed		0
phyaddr	phyaddr	phyaddr	existing-unreviewed		0
phymem	physicalPomnilnik	physicalPomnilnik	existing-unreviewed		0
physicalAddress	physicaladdress	physicaladdress	existing-unreviewed		0
pid	pid	pid	existing-unreviewed		0
pitFrequency	pitfrequency	pitfrequency	existing-unreviewed		0
pixelAddress	pixeladdress	pixeladdress	existing-unreviewed		0
pointer	kazalnik	kazalnik	pending-language-review	pointer	0
pollKeyboardScancode	pollTipkovnicascancode	pollTipkovnicascancode	existing-unreviewed		0
port	vrata	vrata	existing-unreviewed		0
portBase	vratabase	vratabase	existing-unreviewed		0
portInUse	vrataVhodnoUporabi	vrataVhodnoUporabi	existing-unreviewed		0
portnumber	portnumber	portnumber	existing-unreviewed		0
pos	položaj	položaj	existing-unreviewed		0
position	položaj_2	položaj_2	existing-unreviewed		0
posixStat	posixstat	posixstat	existing-unreviewed		0
posixUtsname	posixutsname	posixutsname	existing-unreviewed		0
prefetchable	prefetchcapable	prefetchcapable	existing-unreviewed		0
prev	previous	previous	existing-unreviewed		0
prevNode	previousnode	previousnode	existing-unreviewed		0
prevX	previousx	previousx	existing-unreviewed		0
prevY	previousy	previousy	existing-unreviewed		0
printESP	natisniesp	natisniesp	existing-unreviewed		0
printExceptionSelectorInfo	natisniexceptionselectorPodatki	natisniexceptionselectorPodatki	existing-unreviewed		0
printPageFaultInfo	natisniStranfaultPodatki	natisniStranfaultPodatki	existing-unreviewed		0
printreg	printreg	printreg	existing-unreviewed		0
proc2	proc2	proc2	existing-unreviewed		0
proc3	proc3	proc3	existing-unreviewed		0
proc4	proc4	proc4	existing-unreviewed		0
process	opravilo	opravilo	existing-unreviewed		0
processEntry	opravilovnos	opravilovnos	existing-unreviewed		0
processHelper	opravilohelper	opravilohelper	existing-unreviewed		0
processTable	opraviloPreglednica	opraviloPreglednica	existing-unreviewed		0
processes	opravila	opravila	existing-unreviewed		0
programBreak	programbreak	programbreak	existing-unreviewed		0
protocol	protocol	protocol	existing-unreviewed		0
protocolAddressSize	protocoladdressVelikost	protocoladdressVelikost	existing-unreviewed		0
providedLength	providedDolžina	providedDolžina	existing-unreviewed		0
provider	provider	provider	existing-unreviewed		0
ps2WaitLimit	ps2Počakajlimit	ps2Počakajlimit	existing-unreviewed		0
pt	pt	pt	existing-unreviewed		0
pte	pte	pte	existing-unreviewed		0
pteAddr	pteaddress	pteaddress	existing-unreviewed		0
ptr	kazalnik_2	kazalnik_2	pending-language-review	pointer	0
pushExecUint32	pushIzvedljivounsignedinteger32	pushIzvedljivounsignedinteger32	existing-unreviewed		0
queueKeyboardByte	queueTipkovnicabyte	queueTipkovnicabyte	existing-unreviewed		0
r	r	r	existing-unreviewed		0
r_addend	raddend	raddend	existing-unreviewed		0
r_info	rPodatki	rPodatki	existing-unreviewed		0
r_offset	roffset	roffset	existing-unreviewed		0
raw	raw	raw	existing-unreviewed		0
rawDataBackend	rawdatabackend	rawdatabackend	existing-unreviewed		0
readFile	branjeDatoteka	branjeDatoteka	existing-unreviewed		0
readPS2Data	branjeps2data	branjeps2data	existing-unreviewed		0
readStdin	branjestdin	branjestdin	existing-unreviewed		0
readVFSFile	branjevfsDatoteka	branjevfsDatoteka	existing-unreviewed		0
read_count	branjecount	branjecount	existing-unreviewed		0
receiver	receiver	receiver	existing-unreviewed		0
recvBufferDescr	recvbufferOpis	recvbufferOpis	existing-unreviewed		0
recvBufferDescrAddress	recvbufferOpisaddress	recvbufferOpisaddress	existing-unreviewed		0
recvBuffers	recvbuffer	recvbuffer	existing-unreviewed		0
recvBuffersDescrMemory	recvbufferOpisPomnilnik	recvbufferOpisPomnilnik	existing-unreviewed		0
refBytes	referenceBajtov	referenceBajtov	existing-unreviewed		0
refPtr	referenceKazalnik	referenceKazalnik	existing-unreviewed		0
refs	refs	refs	existing-unreviewed		0
regIndex	regKazalo	regKazalo	existing-unreviewed		0
registerAddressPort	registeraddressVrata	registeraddressVrata	existing-unreviewed		0
registerDataPort	registerdataVrata	registerdataVrata	existing-unreviewed		0
registeroffset	registeroffset	registeroffset	existing-unreviewed		0
registers	register	register	existing-unreviewed		0
regtype	regtype	regtype	existing-unreviewed		0
rel_text	relBesedilo	relBesedilo	existing-unreviewed		0
rel_text_len	relBesedilolen	relBesedilolen	existing-unreviewed		0
releaseOpenFile	releaseOdpriDatoteka	releaseOdpriDatoteka	existing-unreviewed		0
released	released	released	existing-unreviewed		0
reloadCR3	ponovnonaložicr3	ponovnonaložicr3	existing-unreviewed		0
relocation_text	relocationBesedilo	relocationBesedilo	existing-unreviewed		0
remaining	remaining	remaining	existing-unreviewed		0
remote	oddaljeno	oddaljeno	existing-unreviewed		0
remoteIP	oddaljenoip	oddaljenoip	existing-unreviewed		0
remotePort	oddaljenoVrataŠtevilka	oddaljenoVrataŠtevilka	existing-unreviewed		0
requested	requested	requested	existing-unreviewed		0
reserved	reserved	reserved	existing-unreviewed		0
reserved0	reserved0	reserved0	existing-unreviewed		0
reservedSectors	reservedsectors	reservedsectors	existing-unreviewed		0
resetPort	ponastaviVrata	ponastaviVrata	existing-unreviewed		0
restoreFpRegs	obnovifpregs	obnovifpregs	existing-unreviewed		0
result	rEZULTAT	rEZULTAT	existing-unreviewed		0
result1	rEZULTAT1	rEZULTAT1	existing-unreviewed		0
result2	rEZULTAT2	rEZULTAT2	existing-unreviewed		0
ret	ret	ret	existing-unreviewed		0
revision	revision	revision	existing-unreviewed		0
rightShift	desnoshift	desnoshift	existing-unreviewed		0
rootCluster	vrhcluster	vrhcluster	existing-unreviewed		0
rootDirEntries	vrhMapavnos	vrhMapavnos	existing-unreviewed		0
rootStart	vrhZačni	vrhZačni	existing-unreviewed		0
rt	rt	rt	existing-unreviewed		0
s	s	s	existing-unreviewed		0
sIfchr	sifchr	sifchr	existing-unreviewed		0
sIfdir	sifdir	sifdir	existing-unreviewed		0
sIfmt	sifmt	sifmt	existing-unreviewed		0
sIfreg	sifreg	sifreg	existing-unreviewed		0
sIfsock	sifsock	sifsock	existing-unreviewed		0
savedESP	savedesp	savedesp	existing-unreviewed		0
sc	sc	sc	existing-unreviewed		0
scanCode	preiščicode	preiščicode	existing-unreviewed		0
scanCodeToByte	preiščicodetobyte	preiščicodetobyte	existing-unreviewed		0
scancodeToByte	scancodetobyte	scancodetobyte	existing-unreviewed		0
sche	sche	sche	existing-unreviewed		0
sche_data	schedata	schedata	existing-unreviewed		0
scheduleStack	schedulestack	schedulestack	existing-unreviewed		0
scheduler	scheduler	scheduler	existing-unreviewed		0
schedulerDebug	schedulerRazhrošči	schedulerRazhrošči	existing-unreviewed		0
sectHeader	sectheader	sectheader	existing-unreviewed		0
sectHeaderSize	sectheaderVelikost	sectheaderVelikost	existing-unreviewed		0
sectName	sectIme	sectIme	existing-unreviewed		0
sectValue	sectVrednost	sectVrednost	existing-unreviewed		0
sector	sector	sector	existing-unreviewed		0
sectorCountPort	sectorcountVrata	sectorcountVrata	existing-unreviewed		0
sectorNum	sectorŠtevilka	sectorŠtevilka	existing-unreviewed		0
sectorOffset	sectoroffset	sectoroffset	existing-unreviewed		0
sectorPerTrack	sectorpertrack	sectorpertrack	existing-unreviewed		0
sectorsPerCluster	sectorspercluster	sectorspercluster	existing-unreviewed		0
seekCur	seekcurrent	seekcurrent	existing-unreviewed		0
seekEnd	seekend	seekend	existing-unreviewed		0
seekSet	seekmnožica	seekmnožica	existing-unreviewed		0
segmentNumber	segmentŠtevilka	segmentŠtevilka	existing-unreviewed		0
self	sam	sam	existing-unreviewed		0
self_uintptr	samuintptr	samuintptr	existing-unreviewed		0
sendBack	reply	reply	existing-unreviewed		0
sendBufferDescr	pošljibufferOpis	pošljibufferOpis	existing-unreviewed		0
sendBufferDescrAddress	pošljibufferOpisaddress	pošljibufferOpisaddress	existing-unreviewed		0
sendBuffers	pošljibuffer	pošljibuffer	existing-unreviewed		0
sendBuffersDescrMemory	pošljibufferOpisPomnilnik	pošljibufferOpisPomnilnik	existing-unreviewed		0
sendDataPointer	pošljidataKazalnik	pošljidataKazalnik	existing-unreviewed		0
sendDescriptor	pošljidescriptor	pošljidescriptor	existing-unreviewed		0
sendMouseCommand	pošljiMiškaUkaz	pošljiMiškaUkaz	existing-unreviewed		0
sequencerDataPort	sequencerdataVrata	sequencerdataVrata	existing-unreviewed		0
sequencerIndexPort	sequencerKazaloVrata	sequencerKazaloVrata	existing-unreviewed		0
serialLogByte	zaporednaštevilkalogbyte	zaporednaštevilkalogbyte	existing-unreviewed		0
serialReady	zaporednaštevilkaPripravljen	zaporednaštevilkaPripravljen	existing-unreviewed		0
setCR3	množicacr3	množicacr3	existing-unreviewed		0
setDS	množicads	množicads	existing-unreviewed		0
setGS	množicags	množicags	existing-unreviewed		0
setThreadExitLoopState	množicathreadIzhodloopStanje	množicathreadIzhodloopStanje	existing-unreviewed		0
setupExecStack	setupIzvedljivostack	setupIzvedljivostack	existing-unreviewed		0
sh	sh	sh	existing-unreviewed		0
sh_addr	shaddress	shaddress	existing-unreviewed		0
sh_addralign	shaddralign	shaddralign	existing-unreviewed		0
sh_entsize	shentsize	shentsize	existing-unreviewed		0
sh_flags	shZastavice	shZastavice	existing-unreviewed		0
sh_info	shPodatki	shPodatki	existing-unreviewed		0
sh_link	shPovezava	shPovezava	existing-unreviewed		0
sh_name	shIme	shIme	existing-unreviewed		0
sh_offset	shoffset	shoffset	existing-unreviewed		0
sh_size	shVelikost	shVelikost	existing-unreviewed		0
sh_type	shVrsta	shVrsta	existing-unreviewed		0
shift	shift	shift	existing-unreviewed		0
signature	signature	signature	existing-unreviewed		0
size	velikost	velikost	existing-unreviewed		0
sl	sl	sl	existing-unreviewed		0
sockDatagram	sockdatagram	sockdatagram	existing-unreviewed		0
socket	vti	vti	existing-unreviewed		0
socketAddress	vtiaddress	vtiaddress	existing-unreviewed		0
socketAddressIPv4	vtiaddressipv4	vtiaddressipv4	existing-unreviewed		0
socketBind	vtibind	vtibind	existing-unreviewed		0
socketCallArgument	vticallargument	vticallargument	existing-unreviewed		0
socketConnect	vtiPoveži	vtiPoveži	existing-unreviewed		0
socketForFD	vtiforfd	vtiforfd	existing-unreviewed		0
socketIndex	vtiKazalo	vtiKazalo	existing-unreviewed		0
socketPacket	vtipacket	vtipacket	existing-unreviewed		0
socketReceiveFrom	vtireceivefrom	vtireceivefrom	existing-unreviewed		0
socketSendTo	vtiPošljito	vtiPošljito	existing-unreviewed		0
socketType	vtiVrsta	vtiVrsta	existing-unreviewed		0
sockets	sockets	sockets	existing-unreviewed		0
softName	softIme	softIme	existing-unreviewed		0
source	vir	vir	existing-unreviewed		0
sourceAddress	viraddress	viraddress	existing-unreviewed		0
sourceLengthAddress	virDolžinaaddress	virDolžinaaddress	existing-unreviewed		0
src	vir_2	vir_2	existing-unreviewed		0
srcEntry	virvnos	virvnos	existing-unreviewed		0
srcIP	viripaddress	viripaddress	existing-unreviewed		0
srcIP_BE	viripaddressOmrežjebyteorder	viripaddressOmrežjebyteorder	existing-unreviewed		0
srcMAC	virmacaddress	virmacaddress	existing-unreviewed		0
srcMAC_BE	virmacbe	virmacbe	existing-unreviewed		0
srcPageDir	virStranMapa	virStranMapa	existing-unreviewed		0
srcPde	virpde	virpde	existing-unreviewed		0
srcPdeAddr	virpdeaddress	virpdeaddress	existing-unreviewed		0
srcPort	virVrataŠtevilka	virVrataŠtevilka	pending-language-review	source_port	0
srcPt	virpt	virpt	existing-unreviewed		0
srcptr	srcptr	srcptr	existing-unreviewed		0
ss	ss	ss	existing-unreviewed		0
ss0	ss0	ss0	existing-unreviewed		0
ss1	ss1	ss1	existing-unreviewed		0
ss2	ss2	ss2	existing-unreviewed		0
st	st	st	existing-unreviewed		0
st_info	stPodatki	stPodatki	existing-unreviewed		0
st_name	stIme	stIme	existing-unreviewed		0
st_other	stDrugo	stDrugo	existing-unreviewed		0
st_shndx	stshndx	stshndx	existing-unreviewed		0
st_size	stVelikost	stVelikost	existing-unreviewed		0
st_value	stVrednost	stVrednost	existing-unreviewed		0
stack	stack	stack	pending-language-review	stack	0
stackBytes	stackBajtov	stackBajtov	existing-unreviewed		0
stackPtr	stackKazalnik	stackKazalnik	existing-unreviewed		0
stack_addr	stackaddress	stackaddress	existing-unreviewed		0
stackbottom	stackbottom	stackbottom	existing-unreviewed		0
stacktop	stacktop	stacktop	existing-unreviewed		0
start	začni	začni	existing-unreviewed		0
startOffset	začnioffset	začnioffset	existing-unreviewed		0
start_cylinder	začnicylinder	začnicylinder	existing-unreviewed		0
start_head	začnihead	začnihead	existing-unreviewed		0
start_sector	začnisector	začnisector	existing-unreviewed		0
startingBit	startingbit	startingbit	existing-unreviewed		0
stat	stat	stat	existing-unreviewed		0
statAddr	stataddress	stataddress	existing-unreviewed		0
status	stanje	stanje	existing-unreviewed		0
statusAddr	stanjeaddress	stanjeaddress	existing-unreviewed		0
stderrFD	stderrfd	stderrfd	existing-unreviewed		0
stdinBuffer	stdinbuffer	stdinbuffer	existing-unreviewed		0
stdinFD	stdinfd	stdinfd	existing-unreviewed		0
stdinGetBlocking	stdingetblocking	stdingetblocking	existing-unreviewed		0
stdinRead	stdinBranje	stdinBranje	existing-unreviewed		0
stdinWrite	stdinPisanje	stdinPisanje	existing-unreviewed		0
stdoutFD	stdoutfd	stdoutfd	existing-unreviewed		0
stoppedThread	zaustavljenothread	zaustavljenothread	existing-unreviewed		0
str	str	str	existing-unreviewed		0
stringAddress	nizaddress	nizaddress	existing-unreviewed		0
stringHeader	nizheader	nizheader	existing-unreviewed		0
strtab	strtab	strtab	existing-unreviewed		0
subclass_id	subclassid	subclassid	existing-unreviewed		0
subnetMask	subnetMaska	subnetMaska	existing-unreviewed		0
swapUint16	izmenjevalnirazdelekunsignedinteger16	izmenjevalnirazdelekunsignedinteger16	existing-unreviewed		0
switchForced	switchforced	switchforced	existing-unreviewed		0
sysAccess	sysdostop	sysdostop	existing-unreviewed		0
sysBrk	sysbrk	sysbrk	existing-unreviewed		0
sysCall	syscall	syscall	existing-unreviewed		0
sysChdir	syschdir	syschdir	existing-unreviewed		0
sysClose	sysZapri	sysZapri	existing-unreviewed		0
sysDup	sysdup	sysdup	existing-unreviewed		0
sysDup2	sysdup2	sysdup2	existing-unreviewed		0
sysExecve	sysexecve	sysexecve	existing-unreviewed		0
sysExit	sysIzhod	sysIzhod	existing-unreviewed		0
sysFcntl	sysfcntl	sysfcntl	existing-unreviewed		0
sysFork	sysfork	sysfork	existing-unreviewed		0
sysFstat	sysfstat	sysfstat	existing-unreviewed		0
sysFsync	sysfsync	sysfsync	existing-unreviewed		0
sysGetcwd	sysgetcwd	sysgetcwd	existing-unreviewed		0
sysLseek	syslseek	syslseek	existing-unreviewed		0
sysOpen	sysOdpri	sysOdpri	existing-unreviewed		0
sysRead	sysBranje	sysBranje	existing-unreviewed		0
sysSocketCall	sysVticall	sysVticall	existing-unreviewed		0
sysStat	sysstat	sysstat	existing-unreviewed		0
sysUname	sysuname	sysuname	existing-unreviewed		0
sysWaitpid	syswaitpid	syswaitpid	existing-unreviewed		0
sysWrite	sysPisanje	sysPisanje	existing-unreviewed		0
syscallError	syscallNapaka	syscallNapaka	existing-unreviewed		0
syscallID	syscallid	syscallid	existing-unreviewed		0
systemcall	sistemcall	sistemcall	existing-unreviewed		0
table	preglednica	preglednica	existing-unreviewed		0
tableSize	preglednicaVelikost	preglednicaVelikost	existing-unreviewed		0
tail	tail	tail	existing-unreviewed		0
task	naloga	naloga	existing-unreviewed		0
taskA	nalogaa	nalogaa	existing-unreviewed		0
taskB	nalogab	nalogab	existing-unreviewed		0
taskC	nalogac	nalogac	existing-unreviewed		0
taskD	nalogad	nalogad	existing-unreviewed		0
taskD0	nalogad0	nalogad0	existing-unreviewed		0
taskD1	nalogad1	nalogad1	existing-unreviewed		0
taskManager	nalogamanager	nalogamanager	existing-unreviewed		0
tasks	naloge	naloge	existing-unreviewed		0
temp	temporary	temporary	existing-unreviewed		0
terminated	terminated	terminated	existing-unreviewed		0
text	besedilo	besedilo	existing-unreviewed		0
textPtr	besediloKazalnik	besediloKazalnik	existing-unreviewed		0
text_len	besedilolen	besedilolen	existing-unreviewed		0
text_mode_check_fb_move	besediloNAČINcheckfbPremakni	besediloNAČINcheckfbPremakni	existing-unreviewed		0
text_mode_disable_cursor	besediloNAČINOnemogočiKazalec	besediloNAČINOnemogočiKazalec	existing-unreviewed		0
text_mode_enable_cursor	besediloNAČINOmogočiKazalec	besediloNAČINOmogočiKazalec	existing-unreviewed		0
text_mode_error_writer	besediloNAČINNapakawriter	besediloNAČINNapakawriter	existing-unreviewed		0
text_mode_flush_screen	besediloNAČINflushscreen	besediloNAČINflushscreen	existing-unreviewed		0
text_mode_init	besediloNAČINinit	besediloNAČINinit	existing-unreviewed		0
text_mode_print	besediloNAČINNatisni	besediloNAČINNatisni	existing-unreviewed		0
text_mode_print_bytes	besediloNAČINNatisniBajtov	besediloNAČINNatisniBajtov	existing-unreviewed		0
text_mode_print_char	besediloNAČINNatisnichar	besediloNAČINNatisnichar	existing-unreviewed		0
text_mode_print_char_col	besediloNAČINNatisnicharcol	besediloNAČINNatisnicharcol	existing-unreviewed		0
text_mode_print_col	besediloNAČINNatisnicol	besediloNAČINNatisnicol	existing-unreviewed		0
text_mode_print_error	besediloNAČINNatisniNapaka	besediloNAČINNatisniNapaka	existing-unreviewed		0
text_mode_print_error_bytes	besediloNAČINNatisniNapakaBajtov	besediloNAČINNatisniNapakaBajtov	existing-unreviewed		0
text_mode_print_errorln	besediloNAČINNatisnierrorln	besediloNAČINNatisnierrorln	existing-unreviewed		0
text_mode_print_hex	besediloNAČINNatisniŠestnajstiško	besediloNAČINNatisniŠestnajstiško	existing-unreviewed		0
text_mode_print_hex16	besediloNAČINNatisniŠestnajstiško16	besediloNAČINNatisniŠestnajstiško16	existing-unreviewed		0
text_mode_print_hex32	besediloNAČINNatisniŠestnajstiško32	besediloNAČINNatisniŠestnajstiško32	existing-unreviewed		0
text_mode_print_hex64	besediloNAČINNatisniŠestnajstiško64	besediloNAČINNatisniŠestnajstiško64	existing-unreviewed		0
text_mode_print_hex_char	besediloNAČINNatisniŠestnajstiškochar	besediloNAČINNatisniŠestnajstiškochar	existing-unreviewed		0
text_mode_println	besediloNAČINprintln	besediloNAČINprintln	existing-unreviewed		0
text_mode_println_col	besediloNAČINprintlncol	besediloNAČINprintlncol	existing-unreviewed		0
text_mode_update_cursor	besediloNAČINPosodobiKazalec	besediloNAČINPosodobiKazalec	existing-unreviewed		0
text_mode_writer	besediloNAČINwriter	besediloNAČINwriter	existing-unreviewed		0
thr2	thr2	thr2	existing-unreviewed		0
thr3	thr3	thr3	existing-unreviewed		0
thr4	thr4	thr4	existing-unreviewed		0
thread	thread	thread	existing-unreviewed		0
threadExitLoop	threadIzhodloop	threadIzhodloop	existing-unreviewed		0
threadHelper	threadhelper	threadhelper	existing-unreviewed		0
threadPtr	threadKazalnik	threadKazalnik	existing-unreviewed		0
tickCount	tickcount	tickcount	existing-unreviewed		0
timeDelta	časdelta	časdelta	existing-unreviewed		0
timeToLive	častolive	častolive	existing-unreviewed		0
timer	odštevalnikčasa	odštevalnikčasa	existing-unreviewed		0
tls	tls	tls	existing-unreviewed		0
tmp	tmp	tmp	existing-unreviewed		0
tmpPtr	tmpKazalnik	tmpKazalnik	existing-unreviewed		0
tos	tos	tos	existing-unreviewed		0
totalLength	skupnoDolžina	skupnoDolžina	existing-unreviewed		0
totalSectorCount	skupnosectorcount	skupnosectorcount	existing-unreviewed		0
totalSectors	skupnosectors	skupnosectors	existing-unreviewed		0
trap	trap	trap	existing-unreviewed		0
tss	tss	tss	existing-unreviewed		0
tssIndex	tssKazalo	tssKazalo	existing-unreviewed		0
udp	udp	udp	existing-unreviewed		0
udpHandler	udphandler	udphandler	existing-unreviewed		0
udpHeaderSize	udpheaderVelikost	udpheaderVelikost	existing-unreviewed		0
udpProvider	udpprovider	udpprovider	existing-unreviewed		0
udp콘솔	udpconsole	udpconsole	existing-unreviewed		0
unused	unused	unused	existing-unreviewed		0
used	uporabljeno	uporabljeno	existing-unreviewed		0
usedBlocks	uporabljenoBlok	uporabljenoBlok	existing-unreviewed		0
user1addr	uporabnik1address	uporabnik1address	existing-unreviewed		0
user1data	uporabnik1data	uporabnik1data	existing-unreviewed		0
user1entry	uporabnik1vnos	uporabnik1vnos	existing-unreviewed		0
user1file	uporabnik1Datoteka	uporabnik1Datoteka	existing-unreviewed		0
user2addr	uporabnik2address	uporabnik2address	existing-unreviewed		0
user2data	uporabnik2data	uporabnik2data	existing-unreviewed		0
user2entry	uporabnik2vnos	uporabnik2vnos	existing-unreviewed		0
user2file	uporabnik2Datoteka	uporabnik2Datoteka	existing-unreviewed		0
user3addr	uporabnik3address	uporabnik3address	existing-unreviewed		0
user3data	uporabnik3data	uporabnik3data	existing-unreviewed		0
user3entry	uporabnik3vnos	uporabnik3vnos	existing-unreviewed		0
user3file	uporabnik3Datoteka	uporabnik3Datoteka	existing-unreviewed		0
userHeapBase	uporabnikheapbase	uporabnikheapbase	existing-unreviewed		0
userHeapLimit	uporabnikheaplimit	uporabnikheaplimit	existing-unreviewed		0
user_esp	uporabnikesp	uporabnikesp	existing-unreviewed		0
userhandler	userhandler	userhandler	existing-unreviewed		0
userproc_entry	userprocvnos	userprocvnos	existing-unreviewed		0
util	util	util	existing-unreviewed		0
util콘솔	utilconsole	utilconsole	existing-unreviewed		0
v	v	v	existing-unreviewed		0
vAddr	vaddress	vaddress	existing-unreviewed		0
value	vrednost	vrednost	existing-unreviewed		0
values	values	values	existing-unreviewed		0
version	različica	različica	existing-unreviewed		0
vga	vga	vga	existing-unreviewed		0
virtlen	virtlen	virtlen	existing-unreviewed		0
virtmem	navideznoPomnilnik	navideznoPomnilnik	existing-unreviewed		0
virtualAddr	navideznoaddress	navideznoaddress	existing-unreviewed		0
volumeId	glasnostid	glasnostid	existing-unreviewed		0
volumeLabel	glasnostOznaka	glasnostOznaka	existing-unreviewed		0
w	w	w	existing-unreviewed		0
wDate	wDatum	wDatum	existing-unreviewed		0
wTime	wČas	wČas	existing-unreviewed		0
waitPS2InputEmpty	počakajps2VhodPrazno	počakajps2VhodPrazno	existing-unreviewed		0
waitPS2OutputFull	počakajps2IzhodPolno	počakajps2IzhodPolno	existing-unreviewed		0
wdata	wdata	wdata	existing-unreviewed		0
whence	whence	whence	existing-unreviewed		0
widget	gradniki	gradniki	existing-unreviewed		0
width	širina	širina	existing-unreviewed		0
writePS2Command	pisanjeps2Ukaz	pisanjeps2Ukaz	existing-unreviewed		0
writePS2Data	pisanjeps2data	pisanjeps2data	existing-unreviewed		0
write_count	pisanjecount	pisanjecount	existing-unreviewed		0
x	x	x	existing-unreviewed		0
xPageDir	xStranMapa	xStranMapa	existing-unreviewed		0
xPos	xPoložaj	xPoložaj	existing-unreviewed		0
y	y	y	existing-unreviewed		0
yPageDir	yStranMapa	yStranMapa	existing-unreviewed		0
yPos	yPoložaj	yPoložaj	existing-unreviewed		0
값	vrednost_2	vrednost_2	existing-unreviewed		0
공용서술자테이블	shareddescriptorPreglednica	shareddescriptorPreglednica	existing-unreviewed		0
기준	base_2	base_2	existing-unreviewed		0
기준_낮은	baseNizko_2	baseNizko_2	existing-unreviewed		0
기준_높은	baseVisoko_2	baseVisoko_2	existing-unreviewed		0
기준_매우높은	baseveryVisoko	baseveryVisoko	existing-unreviewed		0
기준주소	baseaddress	baseaddress	existing-unreviewed		0
넷카드콘솔	omrežjecardconsole	omrežjecardconsole	existing-unreviewed		0
단말기	terminal	terminal	existing-unreviewed		0
마우스콘솔	miškaconsole	miškaconsole	existing-unreviewed		0
매개값	argumentVrednost	argumentVrednost	existing-unreviewed		0
멈추기	halt	halt	existing-unreviewed		0
목적	cilj_3	cilj_3	existing-unreviewed		0
유형	vrsta_2	vrsta_2	existing-unreviewed		0
이더넷콘솔	ethernetconsole	ethernetconsole	existing-unreviewed		0
인터럽트무시하기	prekinitevignore	prekinitevignore	existing-unreviewed		0
인터럽트예외처리기	prekinitevexceptionhandler	prekinitevexceptionhandler	existing-unreviewed		0
인터럽트예외처리기0x00	prekinitevexceptionhandler0x00	prekinitevexceptionhandler0x00	existing-unreviewed		0
인터럽트예외처리기0x01	prekinitevexceptionhandler0x01	prekinitevexceptionhandler0x01	existing-unreviewed		0
인터럽트예외처리기0x02	prekinitevexceptionhandler0x02	prekinitevexceptionhandler0x02	existing-unreviewed		0
인터럽트예외처리기0x03	prekinitevexceptionhandler0x03	prekinitevexceptionhandler0x03	existing-unreviewed		0
인터럽트예외처리기0x04	prekinitevexceptionhandler0x04	prekinitevexceptionhandler0x04	existing-unreviewed		0
인터럽트예외처리기0x05	prekinitevexceptionhandler0x05	prekinitevexceptionhandler0x05	existing-unreviewed		0
인터럽트예외처리기0x06	prekinitevexceptionhandler0x06	prekinitevexceptionhandler0x06	existing-unreviewed		0
인터럽트예외처리기0x07	prekinitevexceptionhandler0x07	prekinitevexceptionhandler0x07	existing-unreviewed		0
인터럽트예외처리기0x08	prekinitevexceptionhandler0x08	prekinitevexceptionhandler0x08	existing-unreviewed		0
인터럽트예외처리기0x09	prekinitevexceptionhandler0x09	prekinitevexceptionhandler0x09	existing-unreviewed		0
인터럽트예외처리기0x0A	prekinitevexceptionhandler0x0a	prekinitevexceptionhandler0x0a	existing-unreviewed		0
인터럽트예외처리기0x0B	prekinitevexceptionhandler0x0b	prekinitevexceptionhandler0x0b	existing-unreviewed		0
인터럽트예외처리기0x0C	prekinitevexceptionhandler0x0c	prekinitevexceptionhandler0x0c	existing-unreviewed		0
인터럽트예외처리기0x0D	prekinitevexceptionhandler0x0d	prekinitevexceptionhandler0x0d	existing-unreviewed		0
인터럽트예외처리기0x0E	prekinitevexceptionhandler0x0e	prekinitevexceptionhandler0x0e	existing-unreviewed		0
인터럽트예외처리기0x0F	prekinitevexceptionhandler0x0f	prekinitevexceptionhandler0x0f	existing-unreviewed		0
인터럽트예외처리기0x10	prekinitevexceptionhandler0x10	prekinitevexceptionhandler0x10	existing-unreviewed		0
인터럽트예외처리기0x11	prekinitevexceptionhandler0x11	prekinitevexceptionhandler0x11	existing-unreviewed		0
인터럽트예외처리기0x12	prekinitevexceptionhandler0x12	prekinitevexceptionhandler0x12	existing-unreviewed		0
인터럽트예외처리기0x13	prekinitevexceptionhandler0x13	prekinitevexceptionhandler0x13	existing-unreviewed		0
인터럽트요청처리0x00	prekinitevrequesthandler0x00	prekinitevrequesthandler0x00	existing-unreviewed		0
인터럽트요청처리0x01	prekinitevrequesthandler0x01	prekinitevrequesthandler0x01	existing-unreviewed		0
인터럽트요청처리0x02	prekinitevrequesthandler0x02	prekinitevrequesthandler0x02	existing-unreviewed		0
인터럽트요청처리0x03	prekinitevrequesthandler0x03	prekinitevrequesthandler0x03	existing-unreviewed		0
인터럽트요청처리0x04	prekinitevrequesthandler0x04	prekinitevrequesthandler0x04	existing-unreviewed		0
인터럽트요청처리0x05	prekinitevrequesthandler0x05	prekinitevrequesthandler0x05	existing-unreviewed		0
인터럽트요청처리0x06	prekinitevrequesthandler0x06	prekinitevrequesthandler0x06	existing-unreviewed		0
인터럽트요청처리0x07	prekinitevrequesthandler0x07	prekinitevrequesthandler0x07	existing-unreviewed		0
인터럽트요청처리0x08	prekinitevrequesthandler0x08	prekinitevrequesthandler0x08	existing-unreviewed		0
인터럽트요청처리0x09	prekinitevrequesthandler0x09	prekinitevrequesthandler0x09	existing-unreviewed		0
인터럽트요청처리0x0A	prekinitevrequesthandler0x0a	prekinitevrequesthandler0x0a	existing-unreviewed		0
인터럽트요청처리0x0B	prekinitevrequesthandler0x0b	prekinitevrequesthandler0x0b	existing-unreviewed		0
인터럽트요청처리0x0C	prekinitevrequesthandler0x0c	prekinitevrequesthandler0x0c	existing-unreviewed		0
인터럽트요청처리0x0D	prekinitevrequesthandler0x0d	prekinitevrequesthandler0x0d	existing-unreviewed		0
인터럽트요청처리0x0E	prekinitevrequesthandler0x0e	prekinitevrequesthandler0x0e	existing-unreviewed		0
인터럽트요청처리0x0F	prekinitevrequesthandler0x0f	prekinitevrequesthandler0x0f	existing-unreviewed		0
인터럽트요청처리0x80	prekinitevrequesthandler0x80	prekinitevrequesthandler0x80	existing-unreviewed		0
인터럽트요청처리0x81	prekinitevrequesthandler0x81	prekinitevrequesthandler0x81	existing-unreviewed		0
인터럽트요청처리0x82	prekinitevrequesthandler0x82	prekinitevrequesthandler0x82	existing-unreviewed		0
인터럽트처리기	prekinitevhandler_2	prekinitevhandler_2	existing-unreviewed		0
임시	temporary_2	temporary_2	existing-unreviewed		0
자료	data_2	data_2	existing-unreviewed		0
자신	sam_2	sam_2	existing-unreviewed		0
작업관리자	nalogamanager_2	nalogamanager_2	existing-unreviewed		0
작업콘솔	nalogaconsole	nalogaconsole	existing-unreviewed		0
조각설명자	segmentdescriptor	segmentdescriptor	existing-unreviewed		0
콘솔	console_2	console_2	existing-unreviewed		0
크기	velikost_2	velikost_2	existing-unreviewed		0
키보드콘솔	tipkovnicaconsole	tipkovnicaconsole	existing-unreviewed		0
표시들	zastavice_2	zastavice_2	existing-unreviewed		0
표시들_한도_높은	zastavicelimitVisoko	zastavicelimitVisoko	existing-unreviewed		0
한도	limit_2	limit_2	existing-unreviewed		0
한도_낮은	limitNizko_2	limitNizko_2	existing-unreviewed		0
