original	before	after	review_status	concept	changed_tokens
Activate	Aktivovat	Aktivovat	existing-unreviewed		0
ActivateAll	AktivovatVše	AktivovatVše	existing-unreviewed		0
Active	Aktivní	Aktivní	existing-unreviewed		0
ActiveInterruptManager	AktivníPřerušenímanager	AktivníPřerušenímanager	existing-unreviewed		0
ActiveMemoryManager	AktivníPaměťmanager	AktivníPaměťmanager	existing-unreviewed		0
Add	Přidat	Přidat	existing-unreviewed		0
AddDriver	Přidatdriver	Přidatdriver	existing-unreviewed		0
AddRunnableThread	Přidatrunnablethread	Přidatrunnablethread	existing-unreviewed		0
AddTask	PřidatÚloha	PřidatÚloha	existing-unreviewed		0
AddThread	Přidatthread	Přidatthread	existing-unreviewed		0
Address	Adresa	Adresa	existing-unreviewed		0
AlignedMalloc	Alignedmalloc	Alignedmalloc	existing-unreviewed		0
AlignmentCheck	Alignmentcheck	Alignmentcheck	existing-unreviewed		0
AllocateBlock	AllocateBlokový	AllocateBlokový	existing-unreviewed		0
AllocatePID	Allocatepid	Allocatepid	existing-unreviewed		0
AmountOfMemory	MnožstvízPaměť	MnožstvízPaměť	existing-unreviewed		0
ArrayToUint16	Poledounsignedinteger16	Poledounsignedinteger16	existing-unreviewed		0
ArrayToUint32	Poledounsignedinteger32	Poledounsignedinteger32	existing-unreviewed		0
ArrayToUint48	Poledounsignedinteger48	Poledounsignedinteger48	existing-unreviewed		0
ArrayToUint48_BE	Poledounsignedinteger48be	Poledounsignedinteger48be	existing-unreviewed		0
ArrayToUint64	Poledounsignedinteger64	Poledounsignedinteger64	existing-unreviewed		0
Atime	Atime	Atime	existing-unreviewed		0
AtimeNsec	Atimensec	Atimensec	existing-unreviewed		0
BLOCKS_PER_BYTE	Blokovýperbyte	Blokovýperbyte	existing-unreviewed		0
BLOCK_SIZE	BlokovýVelikost	BlokovýVelikost	existing-unreviewed		0
Backend	Backend	Backend	existing-unreviewed		0
BaseAddr	BaseAdresa	BaseAdresa	existing-unreviewed		0
Bind	Svázat	Svázat	existing-unreviewed		0
Blksize	Blksize	Blksize	existing-unreviewed		0
Blocked	Blocked	Blocked	existing-unreviewed		0
BlockedState	BlockedStav	BlockedStav	existing-unreviewed		0
Blocks	Blokový	Blokový	existing-unreviewed		0
BoundRangeExceeded	BoundRozsahexceeded	BoundRozsahexceeded	existing-unreviewed		0
BroadcastMacAddress	BroadcastmacAdresa	BroadcastmacAdresa	existing-unreviewed		0
BytesPerSector	Bytůpersector	Bytůpersector	existing-unreviewed		0
BytesToString	Bytůdořetězec	Bytůdořetězec	existing-unreviewed		0
Checksum	Kontrolnísoučet	Kontrolnísoučet	existing-unreviewed		0
Clear	Vyčistit	Vyčistit	existing-unreviewed		0
Clone	Clone	Clone	existing-unreviewed		0
CloneAddressSpaceCOW	CloneAdresaMezeracow	CloneAdresaMezeracow	existing-unreviewed		0
Connect	Spojení	Spojení	existing-unreviewed		0
ContainsCoordinate	Containscoordinate	Containscoordinate	existing-unreviewed		0
CopyPageFrameBlock	KopírovatStránkaRámBlokový	KopírovatStránkaRámBlokový	existing-unreviewed		0
CpuState	CpuStav	CpuStav	existing-unreviewed		0
Create	Create	Create	existing-unreviewed		0
CreateFromData	Createzdata	Createzdata	existing-unreviewed		0
CreateFromFunction	CreatezFunkce	CreatezFunkce	existing-unreviewed		0
CreatePtrFromFunction	CreateKurzorzFunkce	CreateKurzorzFunkce	existing-unreviewed		0
Cs	Cs	Cs	existing-unreviewed		0
Ctime	Ctime	Ctime	existing-unreviewed		0
CtimeNsec	Ctimensec	Ctimensec	existing-unreviewed		0
CurrentPID	Současnýpid	Současnýpid	existing-unreviewed		0
CurrentParentPID	Současnýrodičpid	Současnýrodičpid	existing-unreviewed		0
Data	Data	Data	compatibility		0
Deactivate	Deaktivovat	Deaktivovat	existing-unreviewed		0
Deactive	Deactive	Deactive	existing-unreviewed		0
Decrement	Decrement	Decrement	existing-unreviewed		0
Delete	Smazat	Smazat	existing-unreviewed		0
DescriptorPrivilegeLevel	Descriptorprivilegelevel	Descriptorprivilegelevel	existing-unreviewed		0
DescriptorType	DescriptorTyp	DescriptorTyp	existing-unreviewed		0
Destroy	Zničit	Zničit	existing-unreviewed		0
Dev	Zařízení	Zařízení	existing-unreviewed		0
DeviceHasFunctions	ZařízeníhasFunkce	ZařízeníhasFunkce	existing-unreviewed		0
DeviceNotAvailable	ZařízenínotKdispozici	ZařízenínotKdispozici	existing-unreviewed		0
Device_id	Zařízeníid	Zařízeníid	existing-unreviewed		0
DisableInt	Zakázatint	Zakázatint	existing-unreviewed		0
Disconnect	Odpojit	Odpojit	existing-unreviewed		0
DivideByZero	DěleníbyNula	DěleníbyNula	existing-unreviewed		0
DoHandleInterrupt	DoÚchytkaPřerušení	DoÚchytkaPřerušení	existing-unreviewed		0
DoubleFault	Dvojitéfault	Dvojitéfault	existing-unreviewed		0
Draw	Draw	Draw	existing-unreviewed		0
DriverManager	Drivermanager	Drivermanager	existing-unreviewed		0
Ds	Ds	Ds	existing-unreviewed		0
Dynamic	Dynamické	Dynamické	existing-unreviewed		0
E2BIG	E2big	E2big	existing-unreviewed		0
EACCES	Eacces	Eacces	existing-unreviewed		0
EADDRINUSE	Eaddrinuse	Eaddrinuse	existing-unreviewed		0
EAFNOSUPPORT	Eafnosupport	Eafnosupport	existing-unreviewed		0
EAGAIN	Eagain	Eagain	existing-unreviewed		0
EBADF	Ebadf	Ebadf	existing-unreviewed		0
EBUSY	Ebusy	Ebusy	existing-unreviewed		0
ECHILD	Echild	Echild	existing-unreviewed		0
EEXIST	Eexist	Eexist	existing-unreviewed		0
EFAULT	Efault	Efault	existing-unreviewed		0
EFBIG	Efbig	Efbig	existing-unreviewed		0
EINTR	Eintr	Eintr	existing-unreviewed		0
EINVAL	Einval	Einval	existing-unreviewed		0
EIO	Eio	Eio	existing-unreviewed		0
EISDIR	Eisdir	Eisdir	existing-unreviewed		0
EMFILE	Emfile	Emfile	existing-unreviewed		0
EMSGSIZE	Emsgsize	Emsgsize	existing-unreviewed		0
ENETUNREACH	Enetunreach	Enetunreach	existing-unreviewed		0
ENFILE	Enfile	Enfile	existing-unreviewed		0
ENODEV	Enodev	Enodev	existing-unreviewed		0
ENOENT	Enoent	Enoent	existing-unreviewed		0
ENOEXEC	Enoexec	Enoexec	existing-unreviewed		0
ENOMEM	Enomem	Enomem	existing-unreviewed		0
ENOSPC	Enospc	Enospc	existing-unreviewed		0
ENOSYS	Enosys	Enosys	existing-unreviewed		0
ENOTCONN	Enotconn	Enotconn	existing-unreviewed		0
ENOTDIR	Enotdir	Enotdir	existing-unreviewed		0
ENOTTY	Enotty	Enotty	existing-unreviewed		0
EOPNOTSUPP	Eopnotsupp	Eopnotsupp	existing-unreviewed		0
EPERM	Eperm	Eperm	existing-unreviewed		0
EPROTONOSUPPORT	Eprotonosupport	Eprotonosupport	existing-unreviewed		0
ERANGE	Erange	Erange	existing-unreviewed		0
EROFS	Erofs	Erofs	existing-unreviewed		0
ESPIPE	Espipe	Espipe	existing-unreviewed		0
ESRCH	Esrch	Esrch	existing-unreviewed		0
Eax	Eax	Eax	existing-unreviewed		0
Ebp	Ebp	Ebp	existing-unreviewed		0
Ebx	Ebx	Ebx	existing-unreviewed		0
Ecx	Ecx	Ecx	existing-unreviewed		0
Edi	Edi	Edi	existing-unreviewed		0
Edx	Edx	Edx	existing-unreviewed		0
Eflags	Eflags	Eflags	existing-unreviewed		0
Eip	Eip	Eip	existing-unreviewed		0
Elf	Elf	Elf	existing-unreviewed		0
Elf32Dyn	Elf32dyn	Elf32dyn	existing-unreviewed		0
Elf32Note	Elf32Poznámka	Elf32Poznámka	existing-unreviewed		0
Elf32Rel	Elf32rel	Elf32rel	existing-unreviewed		0
Elf32Rela	Elf32rela	Elf32rela	existing-unreviewed		0
Elf32Sym	Elf32sym	Elf32sym	existing-unreviewed		0
ElfHeader	Elfheader	Elfheader	existing-unreviewed		0
ElfProgramHeader	Elfprogramheader	Elfprogramheader	existing-unreviewed		0
ElfSectionHeader	Elfsectionheader	Elfsectionheader	existing-unreviewed		0
EnablePaging	Povolitpaging	Povolitpaging	existing-unreviewed		0
Enabled	Povoleno	Povoleno	existing-unreviewed		0
EntryNumber	ZáznamČíslo	ZáznamČíslo	existing-unreviewed		0
EqualBytes	TotožnéBytů	TotožnéBytů	existing-unreviewed		0
Es	Es	Es	existing-unreviewed		0
Esi	Esi	Esi	existing-unreviewed		0
Esp	Esp	Esp	existing-unreviewed		0
FPUBuffer	Fpubuffer	Fpubuffer	existing-unreviewed		0
FPUOffset	Fpuoffset	Fpuoffset	existing-unreviewed		0
Family	Family	Family	existing-unreviewed		0
FileName	SouborNázev	SouborNázev	existing-unreviewed		0
Fill	Fill	Fill	existing-unreviewed		0
FillRectangle	FillObdélníkový	FillObdélníkový	existing-unreviewed		0
First	First	First	existing-unreviewed		0
FirstFree	FirstVolné	FirstVolné	existing-unreviewed		0
FirstFreeSize	FirstVolnéVelikost	FirstVolnéVelikost	existing-unreviewed		0
Flags	Příznaky	Příznaky	existing-unreviewed		0
FloatingPointException	Plovoucípointexception	Plovoucípointexception	existing-unreviewed		0
Flush	Flush	Flush	existing-unreviewed		0
FlushTlsTable	FlushtlsTabulka	FlushtlsTabulka	existing-unreviewed		0
Focussable	Focussable	Focussable	existing-unreviewed		0
Free	Volné	Volné	existing-unreviewed		0
Fs	Fs	Fs	existing-unreviewed		0
GB	Gb	Gb	existing-unreviewed		0
GDT_ENTRIES	GdtZáznam	GdtZáznam	existing-unreviewed		0
GOT	Got	Got	existing-unreviewed		0
GPFException	Gpfexception	Gpfexception	existing-unreviewed		0
GatewayIP	Gatewayip	Gatewayip	existing-unreviewed		0
GdtAddressHigh	GdtAdresaVysoká	GdtAdresaVysoká	existing-unreviewed		0
GdtAddressLow	GdtAdresaNízká	GdtAdresaNízká	existing-unreviewed		0
GdtDescriptor	Gdtdescriptor	Gdtdescriptor	existing-unreviewed		0
GdtEntry	GdtZáznam_2	GdtZáznam_2	existing-unreviewed		0
GdtSize	GdtVelikost	GdtVelikost	existing-unreviewed		0
GetAt	Getat	Getat	existing-unreviewed		0
GetBackend	Getbackend	Getbackend	existing-unreviewed		0
GetBaseAddressRegister	GetbaseAdresaregister	GetbaseAdresaregister	existing-unreviewed		0
GetBitmaspSize	GetbitmaspVelikost	GetbitmaspVelikost	existing-unreviewed		0
GetBytesFromPtr	GetBytůzKurzor	GetBytůzKurzor	existing-unreviewed		0
GetCR0	Getcr0	Getcr0	existing-unreviewed		0
GetCR2	Getcr2	Getcr2	existing-unreviewed		0
GetCR3	Getcr3	Getcr3	existing-unreviewed		0
GetCR4	Getcr4	Getcr4	existing-unreviewed		0
GetColorIndex	GetBarvaRejstřík	GetBarvaRejstřík	existing-unreviewed		0
GetDeviceDescriptor	GetZařízenídescriptor	GetZařízenídescriptor	existing-unreviewed		0
GetDriver	Getdriver	Getdriver	existing-unreviewed		0
GetESP0	Getesp0	Getesp0	existing-unreviewed		0
GetEntry	GetZáznam	GetZáznam	existing-unreviewed		0
GetFileSize	GetSouborVelikost	GetSouborVelikost	existing-unreviewed		0
GetFocus	GetZaměřit	GetZaměřit	existing-unreviewed		0
GetFrameBufferSegment	GetRámbuffersegment	GetRámbuffersegment	existing-unreviewed		0
GetFuncPtrFromPtr	GetfuncKurzorzKurzor	GetfuncKurzorzKurzor	existing-unreviewed		0
GetFunctionName	GetFunkceNázev	GetFunkceNázev	existing-unreviewed		0
GetHandler	Gethandler	Gethandler	existing-unreviewed		0
GetIPAddress	GetipAdresa	GetipAdresa	existing-unreviewed		0
GetMACAddress	GetmacAdresa	GetmacAdresa	existing-unreviewed		0
GetMACFromCache	Getmaczcache	Getmaczcache	existing-unreviewed		0
GetNextReadyThread	GetNásledujícíPřipraventhread	GetNásledujícíPřipraventhread	existing-unreviewed		0
GetNodeAt	GetUzelat	GetUzelat	existing-unreviewed		0
GetProvider	Providerget	Providerget	existing-unreviewed		0
GetSS0	Getss0	Getss0	existing-unreviewed		0
GetStr	Getstr	Getstr	existing-unreviewed		0
GetUint32ArrayFromPtr	Getunsignedinteger32PolezKurzor	Getunsignedinteger32PolezKurzor	existing-unreviewed		0
GetUintptrArrayFromPtr	GetunsignedintegerKurzorPolezKurzor	GetunsignedintegerKurzorPolezKurzor	existing-unreviewed		0
GetValue	GetHodnota	GetHodnota	existing-unreviewed		0
GetValueInPageDir	GetHodnotaVstupStránkaadresář	GetHodnotaVstupStránkaadresář	existing-unreviewed		0
Gid	Gid	Gid	existing-unreviewed		0
Gs	Gs	Gs	existing-unreviewed		0
HandleException	Úchytkaexception	Úchytkaexception	existing-unreviewed		0
HandleFatalInterruptFrame	ÚchytkafatalPřerušeníRám	ÚchytkafatalPřerušeníRám	existing-unreviewed		0
HandleInterrupt	ÚchytkaPřerušení	ÚchytkaPřerušení	existing-unreviewed		0
HandleInterrupt1	ÚchytkaPřerušení1	ÚchytkaPřerušení1	existing-unreviewed		0
HandleUserDatagramProtocolMessage	ÚchytkaUživateldatagramprotocolZpráva	ÚchytkaUživateldatagramprotocolZpráva	existing-unreviewed		0
IDT_DESC_PRESENT	IdtdescriptorSoučasný	IdtdescriptorSoučasný	existing-unreviewed		0
IDT_INTERRUPT_GATE	IdtPřerušenígate	IdtPřerušenígate	existing-unreviewed		0
IDriver	IDriver	IDriver	existing-unreviewed		0
IEtherFrameHandler	IEthernetRámhandler	IEthernetRámhandler	existing-unreviewed		0
IInternetProtocolHandler	IInternetprotocolhandler	IInternetprotocolhandler	existing-unreviewed		0
IInterruptHandler	IPřerušeníhandler	IPřerušeníhandler	existing-unreviewed		0
IKeyboardEventHandler	IKlávesniceUdálostihandler	IKlávesniceUdálostihandler	existing-unreviewed		0
IMouseEventHandler	IMyšUdálostihandler	IMyšUdálostihandler	existing-unreviewed		0
IPCIControllerHandler	Ipcicontrollerhandler	Ipcicontrollerhandler	existing-unreviewed		0
IPCache	Ipcache	Ipcache	existing-unreviewed		0
IP_BE	IpSíťbyteorder	IpSíťbyteorder	existing-unreviewed		0
IRawDataHandler	IRawdatahandler	IRawdatahandler	existing-unreviewed		0
ITimerEventHandler	IOdpočetUdálostihandler	IOdpočetUdálostihandler	existing-unreviewed		0
IUserDatagramProtocolHandler	IUživateldatagramprotocolhandler	IUživateldatagramprotocolhandler	existing-unreviewed		0
IUserDatagramProtocolSocket	IUživateldatagramprotocolsocket	IUživateldatagramprotocolsocket	existing-unreviewed		0
IWidget	IWidget	IPrvek_obrazovky	project-proposal	widget	6
Identify	Identify	Identify	existing-unreviewed		0
Increment	Increment	Increment	existing-unreviewed		0
IndexOf	Rejstříkz	Rejstříkz	existing-unreviewed		0
Init	Init	Init	existing-unreviewed		0
InitDriver	Initdriver	Initdriver	existing-unreviewed		0
InitialThreadUserJump	InitialthreadUživateljump	InitialthreadUživateljump	existing-unreviewed		0
Ino	Ino	Ino	existing-unreviewed		0
Install	Instalovat	Instalovat	existing-unreviewed		0
Interrupt	Přerušení	Přerušení	existing-unreviewed		0
InterruptActive	PřerušeníAktivní	PřerušeníAktivní	existing-unreviewed		0
InterruptDeactive	Přerušenídeactive	Přerušenídeactive	existing-unreviewed		0
InterruptManager	Přerušenímanager	Přerušenímanager	existing-unreviewed		0
InterruptNumber	PřerušeníČíslo	PřerušeníČíslo	existing-unreviewed		0
InvalidOpcode	Neplatnéopcode	Neplatnéopcode	existing-unreviewed		0
InvalidTSS	Neplatnétss	Neplatnétss	existing-unreviewed		0
IsKernel	Iskernel	Iskernel	existing-unreviewed		0
IsPresent	IsSoučasný	IsSoučasný	existing-unreviewed		0
IsUserSpace	IsUživatelMezera	IsUživatelMezera	existing-unreviewed		0
KB	Kb	Kb	existing-unreviewed		0
KCS_INDEX	KcsRejstřík	KcsRejstřík	existing-unreviewed		0
KCS_SELECTOR	Kcsselector	Kcsselector	existing-unreviewed		0
KDS_INDEX	KdsRejstřík	KdsRejstřík	existing-unreviewed		0
KDS_SELECTOR	Kdsselector	Kdsselector	existing-unreviewed		0
KERNEL_HEAP_START	KernelheapSpustit	KernelheapSpustit	existing-unreviewed		0
KERNEL_VIRT_ADDR	KernelvirtAdresa	KernelvirtAdresa	existing-unreviewed		0
KGS_INDEX	KgsRejstřík	KgsRejstřík	existing-unreviewed		0
KGS_SELECTOR	Kgsselector	Kgsselector	existing-unreviewed		0
K핵심	KKernelEntry	KKernelEntry	compatibility		0
LIDT	Lidt	Lidt	existing-unreviewed		0
Last	Poslední	Poslední	existing-unreviewed		0
Len	Len	Len	compatibility		0
Limit	Omezení	Omezení	existing-unreviewed		0
Link	Odkaz	Odkaz	existing-unreviewed		0
LinkMap	Odkazmap	Odkazmap	existing-unreviewed		0
LinkedList	LinkedSeznam	LinkedSeznam	existing-unreviewed		0
Listen	Listen	Listen	existing-unreviewed		0
LoadElf	Zátěželf	Zátěželf	existing-unreviewed		0
MAC	Mac	Mac	existing-unreviewed		0
MAC0	Mac0	Mac0	existing-unreviewed		0
MAC1	Mac1	Mac1	existing-unreviewed		0
MAC2	Mac2	Mac2	existing-unreviewed		0
MAC3	Mac3	Mac3	existing-unreviewed		0
MAC4	Mac4	Mac4	existing-unreviewed		0
MAC5	Mac5	Mac5	existing-unreviewed		0
MACAddress0Port	MacAdresa0port	MacAdresa0port	existing-unreviewed		0
MACAddress2Port	MacAdresa2port	MacAdresa2port	existing-unreviewed		0
MACAddress4Port	MacAdresa4port	MacAdresa4port	existing-unreviewed		0
MACCache	Maccache	Maccache	existing-unreviewed		0
MAX_QUEUE_SIZE	MaxqueueVelikost	MaxqueueVelikost	existing-unreviewed		0
MB	Mb	Mb	existing-unreviewed		0
MBR	Mbr	Mbr	existing-unreviewed		0
MHex출력	MHexadecimalTisknout	MHexadecimalTisknout	existing-unreviewed		0
MHex출력XY	MHexadecimalTisknoutxy	MHexadecimalTisknoutxy	existing-unreviewed		0
MUint16출력	MUnsignedinteger16Tisknout	MUnsignedinteger16Tisknout	existing-unreviewed		0
MUint16출력XY	MUnsignedinteger16Tisknoutxy	MUnsignedinteger16Tisknoutxy	existing-unreviewed		0
MUint32출력	MUnsignedinteger32Tisknout	MUnsignedinteger32Tisknout	existing-unreviewed		0
MUint32출력XY	MUnsignedinteger32Tisknoutxy	MUnsignedinteger32Tisknoutxy	existing-unreviewed		0
MUint64출력	MUnsignedinteger64Tisknout	MUnsignedinteger64Tisknout	existing-unreviewed		0
MUint64출력XY	MUnsignedinteger64Tisknoutxy	MUnsignedinteger64Tisknoutxy	existing-unreviewed		0
Machine	Machine	Machine	existing-unreviewed		0
MachineCheck	Machinecheck	Machinecheck	existing-unreviewed		0
MakeRangePrivateWritable	MakeRozsahPrivátníwritable	MakeRozsahPrivátníwritable	existing-unreviewed		0
Malloc	Malloc	Přidělit_paměť	project-proposal	allocate_memory	32
MemCmp	Memcmp	Memcmp	existing-unreviewed		0
MemCpy	MemKopírovat	MemKopírovat	existing-unreviewed		0
MemMove	MemPřesunout	MemPřesunout	existing-unreviewed		0
MemSet	MemNastavit	MemNastavit	existing-unreviewed		0
MemoryOper	Paměťoper	Paměťoper	existing-unreviewed		0
Mode	MÓD	MÓD	existing-unreviewed		0
ModelToScreen	ModeldoObrazovka	Nastavit_místní_souřadnice	project-proposal	set_coordinates	5
Mtime	Mtime	Mtime	existing-unreviewed		0
MtimeNsec	Mtimensec	Mtimensec	existing-unreviewed		0
MyHandleInterrupt	MyÚchytkaPřerušení	MyÚchytkaPřerušení	existing-unreviewed		0
MyTest	MyOtestovat	MyOtestovat	existing-unreviewed		0
M긴급로그Hex8	MEmergencyProtokolhexadecimal8	MEmergencyProtokolhexadecimal8	existing-unreviewed		0
M긴급로그Uint32	MEmergencyProtokolunsignedinteger32	MEmergencyProtokolunsignedinteger32	existing-unreviewed		0
M긴급로그문자열	MEmergencyProtokolřetězec	MEmergencyProtokolřetězec	existing-unreviewed		0
M직렬로그초기화	MSériovýProtokolinit	MSériovýProtokolinit	existing-unreviewed		0
M출력	MTisknout	MTisknout	existing-unreviewed		0
M출력BytesXY	MTisknoutBytůxy	MTisknoutBytůxy	existing-unreviewed		0
M출력Hex	MTisknouthexadecimal	MTisknouthexadecimal	existing-unreviewed		0
M출력Uint16	MTisknoutunsignedinteger16	MTisknoutunsignedinteger16	existing-unreviewed		0
M출력Uint32	MTisknoutunsignedinteger32	MTisknoutunsignedinteger32	existing-unreviewed		0
M출력XY	MTisknoutxy	MTisknoutxy	existing-unreviewed		0
M테스트	M테스트	M테스트	existing-unreviewed		0
NMI	Nmi	Nmi	existing-unreviewed		0
New	Nový	Nový	existing-unreviewed		0
NewInterruptHandler	NovýPřerušeníhandler	NovýPřerušeníhandler	existing-unreviewed		0
Next	Následující	Následující	existing-unreviewed		0
Nlink	Nlink	Nlink	existing-unreviewed		0
Node	Uzel	TUzel_seznamu	project-proposal	list_node	16
Nodename	Nodename	Nodename	existing-unreviewed		0
OnEtherFrameReceived	EthernetRámreceivewhen	EthernetRámreceivewhen	existing-unreviewed		0
OnGetDriver	Zapnutogetdriver	Zapnutogetdriver	existing-unreviewed		0
OnInternetProtocolReceived	Internetprotocolreceivewhen	Internetprotocolreceivewhen	existing-unreviewed		0
OnKeyDown	ZapnutoKlíčDolů	ZapnutoKlíčDolů	existing-unreviewed		0
OnKeyUp	ZapnutoKlíčNahoru	ZapnutoKlíčNahoru	existing-unreviewed		0
OnMouseDown	ZapnutoMyšDolů	ZapnutoMyšDolů	existing-unreviewed		0
OnMouseMove	ZapnutoMyšPřesunout	ZapnutoMyšPřesunout	existing-unreviewed		0
OnMouseUp	ZapnutoMyšNahoru	ZapnutoMyšNahoru	existing-unreviewed		0
OnRawDataReceived	Zapnutorawdatareceive	Zapnutorawdatareceive	existing-unreviewed		0
OnTick	Zapnutotick	Zapnutotick	existing-unreviewed		0
Overflow	Overflow	Overflow	existing-unreviewed		0
P1LinkMap	PHodnota1Odkazmap	PHodnota1Odkazmap	existing-unreviewed		0
P2LinkMap	PHodnota2Odkazmap	PHodnota2Odkazmap	existing-unreviewed		0
P3LinkMap	PHodnota3Odkazmap	PHodnota3Odkazmap	existing-unreviewed		0
PAGE_COW	Stránkacow	Stránkacow	existing-unreviewed		0
PAGE_FRAME	StránkaRám	StránkaRám	existing-unreviewed		0
PAGE_PRESENT	StránkaSoučasný	StránkaSoučasný	existing-unreviewed		0
PAGE_USER	StránkaUživatel	StránkaUživatel	existing-unreviewed		0
PAGE_WRITABLE	Stránkawritable	Stránkawritable	existing-unreviewed		0
PAUSE_LOOP	Uspatloop	Uspatloop	existing-unreviewed		0
PICMasterCommandPort	PrimarypicPříkazioport	PrimarypicPříkazioport	existing-unreviewed		0
PICMasterDataPort	Primarypicdataioport	Primarypicdataioport	existing-unreviewed		0
PICSlaveCommandPort	SecondarypicPříkazioport	SecondarypicPříkazioport	existing-unreviewed		0
PICSlaveDataPort	Secondarypicdataioport	Secondarypicdataioport	existing-unreviewed		0
PRESENT	Současný	Současný	existing-unreviewed		0
PRIV_KERNEL	Privkernel	Privkernel	existing-unreviewed		0
PRIV_USER	PrivUživatel	PrivUživatel	existing-unreviewed		0
PROC_USER_HEAP_SIZE	ProcUživatelheapVelikost	ProcUživatelheapVelikost	existing-unreviewed		0
PageDirEntry	StránkaadresářZáznam	StránkaadresářZáznam	existing-unreviewed		0
PageDirectoryEntry	StránkaadresářZáznam_2	StránkaadresářZáznam_2	existing-unreviewed		0
PageFault	Stránkafault	Stránkafault	existing-unreviewed		0
PageFaultException	Stránkafaultexception	Stránkafaultexception	existing-unreviewed		0
PageRoundDown	StránkaZaokrouhlitDolů	StránkaZaokrouhlitDolů	existing-unreviewed		0
PageRoundUp	StránkaZaokrouhlitNahoru	StránkaZaokrouhlitNahoru	existing-unreviewed		0
PageTableEntry	StránkaTabulkaZáznam	StránkaTabulkaZáznam	existing-unreviewed		0
Paging	Paging	Paging	existing-unreviewed		0
ParentPid	Rodičpid	Rodičpid	existing-unreviewed		0
Parse	Parse	Parse	existing-unreviewed		0
Partition_id	Partitionid	Partitionid	existing-unreviewed		0
PhyMemTest	PhymemOtestovat	PhymemOtestovat	existing-unreviewed		0
PhysicalMemoryManager	PhysicalPaměťmanager	PhysicalPaměťmanager	existing-unreviewed		0
Pid	Pid	Pid	existing-unreviewed		0
Port	Port	Port	existing-unreviewed		0
PortBase	Portbase	Portbase	existing-unreviewed		0
PortInByte	PortVstupbyte	PortVstupbyte	existing-unreviewed		0
PortInDword	PortVstupdword	PortVstupdword	existing-unreviewed		0
PortInWord	PortVstupslovo	PortVstupslovo	existing-unreviewed		0
PortOutByte	PortVýstupbyte	PortVýstupbyte	existing-unreviewed		0
PortOutDword	PortVýstupdword	PortVýstupdword	existing-unreviewed		0
PortOutWord	PortVýstupslovo	PortVýstupslovo	existing-unreviewed		0
PortReadByte	PortČteníbyte	PortČteníbyte	existing-unreviewed		0
PortReadDword	PortČtenídword	PortČtenídword	existing-unreviewed		0
PortReadWord	PortČteníslovo	PortČteníslovo	existing-unreviewed		0
PortWriteByte	PortZápisbyte	PortZápisbyte	existing-unreviewed		0
PortWriteDword	PortZápisdword	PortZápisdword	existing-unreviewed		0
PortWriteWord	PortZápisslovo	PortZápisslovo	existing-unreviewed		0
Prev	Previous	Previous	existing-unreviewed		0
PrevTSS	Previoustss	Previoustss	existing-unreviewed		0
PrimaryPartition	Primarypartition	Primarypartition	existing-unreviewed		0
Print	Tisknout	Tisknout	existing-unreviewed		0
PrintBytes	TisknoutBytů	TisknoutBytů	existing-unreviewed		0
PrintStr	Tisknoutstr	Tisknoutstr	existing-unreviewed		0
PrintTLS	Tisknouttls	Tisknouttls	existing-unreviewed		0
PrintTest	TisknoutOtestovat	TisknoutOtestovat	existing-unreviewed		0
Process	Proces	Proces	existing-unreviewed		0
ProcessHelper	Proceshelper	Proceshelper	existing-unreviewed		0
ProcessPendingKeyboardEvents	ProcespendingKlávesniceUdálosti	ProcespendingKlávesniceUdálosti	existing-unreviewed		0
ProcessPendingMouseEvents	ProcespendingMyšUdálosti	ProcespendingMyšUdálosti	existing-unreviewed		0
PushAt	Pushat	Vložit_na_pozici	project-proposal	insert_at	1
PushBack	PushZpět	Přidat_na_konec_seznamu	project-proposal	append	12
PushFront	PushPřední	Přidat_na_začátek_seznamu	project-proposal	prepend	5
PutPixel	Putpixel	Putpixel	existing-unreviewed		0
PutPixelRGB	Putpixelrgb	Putpixelrgb	existing-unreviewed		0
QUEUE_START_ADDR	QueueSpustitAdresa	QueueSpustitAdresa	existing-unreviewed		0
Rdev	Rdev	Rdev	existing-unreviewed		0
Read	Čtení	Čtení	existing-unreviewed		0
Read28	Čtení28	Čtení28	existing-unreviewed		0
ReadFile	ČteníSoubor	Číst_soubor	project-proposal	file_read	7
ReadPartitions	Čtenípartition	Čtenípartition	existing-unreviewed		0
Ready	Připraven	Připraven	existing-unreviewed		0
Receive	Receive	Receive	existing-unreviewed		0
Ref	Reference	Reference	existing-unreviewed		0
Release	Release	Release	existing-unreviewed		0
ReloadCR3	Znovunačístcr3	Znovunačístcr3	existing-unreviewed		0
Remove	Odstranit	Odstranit	existing-unreviewed		0
RemoveAt	Odstranitat	Odstranitat	existing-unreviewed		0
RemoveThread	Odstranitthread	Odstranitthread	existing-unreviewed		0
RemoveThreadAt	Odstranitthreadat	Odstranitthreadat	existing-unreviewed		0
RequestMacAddress	RequestmacAdresa	RequestmacAdresa	existing-unreviewed		0
Reset	Inicializovat	Inicializovat	existing-unreviewed		0
Resolve	Resolve	Resolve	existing-unreviewed		0
ResolveCopyOnWriteFault	ResolveKopírovatZapnutoZápisfault	ResolveKopírovatZapnutoZápisfault	existing-unreviewed		0
SCHEDULER_FREQUENCY	SchedulerČetnost	SchedulerČetnost	existing-unreviewed		0
SEG_BIG_MODE	SegbigMÓD	SegbigMÓD	existing-unreviewed		0
SEG_EXEC	SegVykonání	SegVykonání	existing-unreviewed		0
SEG_GRAN_4K_PAGE	Seggran4kStránka	Seggran4kStránka	existing-unreviewed		0
SEG_GRAN_BYTE	Seggranbyte	Seggranbyte	existing-unreviewed		0
SEG_KERNEL_CODE	Segkernelcode	Segkernelcode	existing-unreviewed		0
SEG_KERNEL_DATA	Segkerneldata	Segkerneldata	existing-unreviewed		0
SEG_KERNEL_GS	Segkernelgs	Segkernelgs	existing-unreviewed		0
SEG_NOEXEC	Segnoexec	Segnoexec	existing-unreviewed		0
SEG_NORMAL	SegNormální	SegNormální	existing-unreviewed		0
SEG_NORW	Segnorw	Segnorw	existing-unreviewed		0
SEG_R	Segr	Segr	existing-unreviewed		0
SEG_SYSTEM	SegSystém	SegSystém	existing-unreviewed		0
SEG_TASK_STATE	SegÚlohaStav	SegÚlohaStav	existing-unreviewed		0
SEG_USER_CODE	SegUživatelcode	SegUživatelcode	existing-unreviewed		0
SEG_USER_DATA	SegUživateldata	SegUživateldata	existing-unreviewed		0
SEG_USER_GS	SegUživatelgs	SegUživatelgs	existing-unreviewed		0
SEG_W	Segw	Segw	existing-unreviewed		0
SIMDFloatingPointException	SimdPlovoucípointexception	SimdPlovoucípointexception	existing-unreviewed		0
SIZE	Velikost	Velikost	existing-unreviewed		0
SYS_ACCESS	Syspřístup	Syspřístup	existing-unreviewed		0
SYS_BRK	Sysbrk	Sysbrk	existing-unreviewed		0
SYS_CHDIR	Syschdir	Syschdir	existing-unreviewed		0
SYS_CLOSE	SysZavřít	SysZavřít	existing-unreviewed		0
SYS_CREAT	Syscreat	Syscreat	existing-unreviewed		0
SYS_DUP	Sysdup	Sysdup	existing-unreviewed		0
SYS_DUP2	Sysdup2	Sysdup2	existing-unreviewed		0
SYS_EXECVE	Sysexecve	Sysexecve	existing-unreviewed		0
SYS_EXIT	SysKonec	SysKonec	existing-unreviewed		0
SYS_FCNTL	Sysfcntl	Sysfcntl	existing-unreviewed		0
SYS_FORK	Sysfork	Sysfork	existing-unreviewed		0
SYS_FSTAT	Sysfstat	Sysfstat	existing-unreviewed		0
SYS_FSYNC	Sysfsync	Sysfsync	existing-unreviewed		0
SYS_GETCWD	Sysgetcwd	Sysgetcwd	existing-unreviewed		0
SYS_GETEGID	Sysgetegid	Sysgetegid	existing-unreviewed		0
SYS_GETEUID	Sysgeteuid	Sysgeteuid	existing-unreviewed		0
SYS_GETGID	Sysgetgid	Sysgetgid	existing-unreviewed		0
SYS_GETPID	Sysgetpid	Sysgetpid	existing-unreviewed		0
SYS_GETPPID	Sysgetppid	Sysgetppid	existing-unreviewed		0
SYS_GETUID	Sysgetuid	Sysgetuid	existing-unreviewed		0
SYS_LSEEK	Syslseek	Syslseek	existing-unreviewed		0
SYS_LSTAT	Syslstat	Syslstat	existing-unreviewed		0
SYS_OPEN	SysOtevřít	SysOtevřít	existing-unreviewed		0
SYS_READ	SysČtení	SysČtení	existing-unreviewed		0
SYS_RT_EXIT	SysrtKonec	SysrtKonec	existing-unreviewed		0
SYS_SOCKETCALL	Syssocketcall	Syssocketcall	existing-unreviewed		0
SYS_STAT	Sysstat	Sysstat	existing-unreviewed		0
SYS_SYNC	Syssync	Syssync	existing-unreviewed		0
SYS_UNAME	Sysuname	Sysuname	existing-unreviewed		0
SYS_WAITPID	Syswaitpid	Syswaitpid	existing-unreviewed		0
SYS_WRITE	SysZápis	SysZápis	existing-unreviewed		0
Schedule	Schedule	Schedule	existing-unreviewed		0
Scheduler	Scheduler	Scheduler	existing-unreviewed		0
SchedulerData	Schedulerdata	Schedulerdata	existing-unreviewed		0
SegmentNotPresent	SegmentnotSoučasný	SegmentnotSoučasný	existing-unreviewed		0
SelectDrivers	Vybratdriver	Vybratdriver	existing-unreviewed		0
Send	Poslat	Poslat	existing-unreviewed		0
SendEchoRequest	EchorequestPoslat	EchorequestPoslat	existing-unreviewed		0
SendFrame	RámPoslat	RámPoslat	existing-unreviewed		0
SerialInit	Sériovýinit	Sériovýinit	existing-unreviewed		0
SerialWriteByte	SériovýZápisbyte	SériovýZápisbyte	existing-unreviewed		0
SetBackend	Nastavitbackend	Nastavitbackend	existing-unreviewed		0
SetBit	Nastavitbit	Nastavitbit	existing-unreviewed		0
SetBlockInPageDir	NastavitBlokovýVstupStránkaadresář	NastavitBlokovýVstupStránkaadresář	existing-unreviewed		0
SetBuffer	Nastavitbuffer	Nastavitbuffer	existing-unreviewed		0
SetByteAtAddr	NastavitbyteatAdresa	NastavitbyteatAdresa	existing-unreviewed		0
SetByteInPageDir	NastavitbyteVstupStránkaadresář	NastavitbyteVstupStránkaadresář	existing-unreviewed		0
SetCR3	Nastavitcr3	Nastavitcr3	existing-unreviewed		0
SetColor	NastavitBarva	NastavitBarva	existing-unreviewed		0
SetDescriptor	Nastavitdescriptor	Nastavitdescriptor	existing-unreviewed		0
SetHandleInterruptFuction	NastavitÚchytkaPřerušenífuction	NastavitÚchytkaPřerušenífuction	existing-unreviewed		0
SetHandler	Nastavithandler	Nastavithandler	existing-unreviewed		0
SetIPAddress	NastavitipAdresa	NastavitipAdresa	existing-unreviewed		0
SetInterruptDescriptorTableEntry	PřerušenídescriptorTabulkaZáznamNastavit	PřerušenídescriptorTabulkaZáznamNastavit	existing-unreviewed		0
SetInterruptManager	NastavitPřerušenímanager	NastavitPřerušenímanager	existing-unreviewed		0
SetInterruptNumber	NastavitPřerušeníČíslo	NastavitPřerušeníČíslo	existing-unreviewed		0
SetMode	NastavitMÓD	NastavitMÓD	existing-unreviewed		0
SetNodeAt	NastavitUzelat	NastavitUzelat	existing-unreviewed		0
SetStack	Nastavitstack	Nastavitstack	existing-unreviewed		0
SetTlsSegment	Nastavittlssegment	Nastavittlssegment	existing-unreviewed		0
SetUint32AtAddr	Nastavitunsignedinteger32atAdresa	Nastavitunsignedinteger32atAdresa	existing-unreviewed		0
SetUint32InPageDir	Nastavitunsignedinteger32VstupStránkaadresář	Nastavitunsignedinteger32VstupStránkaadresář	existing-unreviewed		0
SetUint8AtAddr	Nastavitunsignedinteger8atAdresa	Nastavitunsignedinteger8atAdresa	existing-unreviewed		0
SharedMemoryRegion	SharedPaměťregion	SharedPaměťregion	existing-unreviewed		0
Size	Velikost_2	Velikost_2	existing-unreviewed		0
Spawn	Spawn	Spawn	existing-unreviewed		0
Ss	Ss	Ss	existing-unreviewed		0
Stack	Stack	Stack	existing-unreviewed		0
StackSegmentFault	Stacksegmentfault	Stacksegmentfault	existing-unreviewed		0
Start_lba	Spustitlba	Spustitlba	existing-unreviewed		0
Started	Spuštěn	Spuštěn	existing-unreviewed		0
StdinPutByte	Stdinputbyte	Stdinputbyte	existing-unreviewed		0
StopCurrentThread	ZastavitSoučasnýthread	ZastavitSoučasnýthread	existing-unreviewed		0
Stopped	Zastaven	Zastaven	existing-unreviewed		0
SubnetMask	SubnetMaska	SubnetMaska	existing-unreviewed		0
SupportMode	PodporaMÓD	PodporaMÓD	existing-unreviewed		0
Sys_brk	Sysbrk_2	Sysbrk_2	existing-unreviewed		0
Sys_close	SysZavřít_2	SysZavřít_2	existing-unreviewed		0
Sys_exit	SysKonec_2	SysKonec_2	existing-unreviewed		0
Sys_getpid	Sysgetpid_2	Sysgetpid_2	existing-unreviewed		0
Sys_mousemove	Sysmousemove	Sysmousemove	existing-unreviewed		0
Sys_open	SysOtevřít_2	SysOtevřít_2	existing-unreviewed		0
Sys_printStr	SysTisknoutstr	SysTisknoutstr	existing-unreviewed		0
Sys_printUint32	SysTisknoutunsignedinteger32	SysTisknoutunsignedinteger32	existing-unreviewed		0
Sys_printf	Sysprintf	Sysprintf	existing-unreviewed		0
Sys_read	SysČtení_2	SysČtení_2	existing-unreviewed		0
Syscall	Syscall	Syscall	existing-unreviewed		0
Sysname	Sysname	Sysname	existing-unreviewed		0
TARPEtherFrameHandler	ArpethernetRámhandler	ArpethernetRámhandler	existing-unreviewed		0
TARPMessage	ArpZpráva	ArpZpráva	existing-unreviewed		0
TARPMessageBuffer	ArpZprávabuffer	ArpZprávabuffer	existing-unreviewed		0
TARPProvider	Arpprovider	Arpprovider	existing-unreviewed		0
TAdvancedTechnologyAttachment	TPokročiléTechnologieattachment	TPokročiléTechnologieattachment	existing-unreviewed		0
TArray	TPole	TPole	existing-unreviewed		0
TBaseAddressRegister	TBaseAdresaregister	TBaseAdresaregister	existing-unreviewed		0
TBiosParameterBlock32	TBiosparameterBlokový32	TParametry_souborového_systému32	project-proposal	fat_parameters	11
TBufferDescriptor	TBufferdescriptor	TBufferdescriptor	existing-unreviewed		0
TCOWFrameManager	TcowRámmanager	TcowRámmanager	existing-unreviewed		0
TCPUState	TcpuStav	TcpuStav	existing-unreviewed		0
TDefaultKeyboardEventHandler	TVýchozíKlávesniceUdálostihandler	TVýchozíKlávesniceUdálostihandler	existing-unreviewed		0
TDefaultMouseEventHandler	TVýchozíMyšUdálostihandler	TVýchozíMyšUdálostihandler	existing-unreviewed		0
TDefaultPCIControllerHandler	TVýchozípcicontrollerhandler	TVýchozípcicontrollerhandler	existing-unreviewed		0
TDefaultTimerEventHandler	TVýchozíOdpočetUdálostihandler	TVýchozíOdpočetUdálostihandler	existing-unreviewed		0
TDirectoryEntryFat32	TAdresářZáznamfat32	TAdresářZáznamfat32	existing-unreviewed		0
TDriverManager	TDrivermanager	TDrivermanager	existing-unreviewed		0
TEtherFrameHandler	TEthernetRámhandler	TEthernetRámhandler	existing-unreviewed		0
TEtherFrameHeader	TEthernetRámheader	THlavička_rámce_sítě_se_sdíleným_médiem	project-proposal	ethernet_header	8
TEtherFrameHeaderBuffer	TEthernetRámheaderbuffer	TEthernetRámheaderbuffer	existing-unreviewed		0
TEtherFrameProvider	TEthernetRámprovider	TPoskytovatel_rámců_sítě_se_sdíleným_médiem	project-proposal	ethernet_provider	20
TEtherFrameRawDataHandler	TEthernetRámrawdatahandler	TEthernetRámrawdatahandler	existing-unreviewed		0
TGateDescriptor	TGatedescriptor	TGatedescriptor	existing-unreviewed		0
THREAD_STACK_SIZE	ThreadstackVelikost	ThreadstackVelikost	existing-unreviewed		0
TICMPHandler	Icmphandler	Icmphandler	existing-unreviewed		0
TIPEtherFrameHandler	IpethernetRámhandler	IpethernetRámhandler	existing-unreviewed		0
TInitializationBlock	TInitializationBlokový	TInitializationBlokový	existing-unreviewed		0
TInternetControlMessageProtocol	TInternetOvládáníZprávaprotocol	TProtokol_řídicích_zpráv_propojených_sítí	project-proposal	icmp	5
TInternetControlMessageProtocolMessage	TInternetOvládáníZprávaprotocolZpráva	TInternetOvládáníZprávaprotocolZpráva	existing-unreviewed		0
TInternetControlMessageProtocolMessageBuffer	TInternetOvládáníZprávaprotocolZprávabuffer	TInternetOvládáníZprávaprotocolZprávabuffer	existing-unreviewed		0
TInternetProtocolHandler	TInternetprotocolhandler	TInternetprotocolhandler	existing-unreviewed		0
TInternetProtocolProvider	TInternetprotocolprovider	TPoskytovatel_protokolu_propojených_sítí	project-proposal	ip_provider	14
TInternetProtocolV4Message	TInternetprotocolv4Zpráva	TInternetprotocolv4Zpráva	existing-unreviewed		0
TInternetProtocolV4MessageBuffer	TInternetprotocolv4Zprávabuffer	TInternetprotocolv4Zprávabuffer	existing-unreviewed		0
TInterruptDescriptorTablePointer	TPřerušenídescriptorTabulkaKurzor	TPřerušenídescriptorTabulkaKurzor	existing-unreviewed		0
TInterruptHandler	TPřerušeníhandler	TPřerušeníhandler	existing-unreviewed		0
TInterruptManager	TPřerušenímanager	TPřerušenímanager	existing-unreviewed		0
TKeyboardDriver	TKlávesnicedriver	TKlávesnicedriver	existing-unreviewed		0
TLS_START	TlsSpustit	TlsSpustit	existing-unreviewed		0
TMSDOSPartitionTable	TmsdospartitionTabulka	TmsdospartitionTabulka	existing-unreviewed		0
TMasterBootRecord	THlavníbootZáznam	THlavní_spouštěcí_záznam	project-proposal	boot_record	3
TMemoryChunk	TPaměťchunk	TPaměťchunk	existing-unreviewed		0
TMemoryManager	TPaměťmanager	TPaměťmanager	existing-unreviewed		0
TMouseDriver	TMyšdriver	TMyšdriver	existing-unreviewed		0
TMyKeyboardEventHandler	TMyKlávesniceUdálostihandler	TMyKlávesniceUdálostihandler	existing-unreviewed		0
TMyMouseEventHandler	TMyMyšUdálostihandler	TMyMyšUdálostihandler	existing-unreviewed		0
TMyPCIControllerHandler	TMypcicontrollerhandler	TMypcicontrollerhandler	existing-unreviewed		0
TPartitionTableEntry	TPartitionTabulkaZáznam	TPartitionTabulkaZáznam	existing-unreviewed		0
TPeripheralComponentInterconnectController	TPeripheralcomponentinterconnectcontroller	TPeripheralcomponentinterconnectcontroller	existing-unreviewed		0
TPeripheralComponentInterconnectDeviceDescriptor	TPeripheralcomponentinterconnectZařízenídescriptor	TPeripheralcomponentinterconnectZařízenídescriptor	existing-unreviewed		0
TPort	TPort	TPort	existing-unreviewed		0
TPort16Bit	TPort16bit	TPort16bit	existing-unreviewed		0
TPort32Bit	TPort32bit	TPort32bit	existing-unreviewed		0
TPort8Bit	TPort8bit	TPort8bit	existing-unreviewed		0
TRawDataHandler	TRawdatahandler	TRawdatahandler	existing-unreviewed		0
TSSEntry	TssZáznam	TssZáznam	existing-unreviewed		0
TSyscall	TSyscall	TSyscall	existing-unreviewed		0
TTask	TÚloha	TÚloha	existing-unreviewed		0
TThread	TThread	TThread	existing-unreviewed		0
TThreadHelper	TThreadhelper	TThreadhelper	existing-unreviewed		0
TTimerDriver	TOdpočetdriver	TOdpočetdriver	existing-unreviewed		0
TUserDatagramProtocolHandler	TUživateldatagramprotocolhandler	TUživateldatagramprotocolhandler	existing-unreviewed		0
TUserDatagramProtocolHeader	TUživateldatagramprotocolheader	THlavička_uživatelského_datagramu	project-proposal	udp_header	5
TUserDatagramProtocolHeaderBuffer	TUživateldatagramprotocolheaderbuffer	TUživateldatagramprotocolheaderbuffer	existing-unreviewed		0
TUserDatagramProtocolProvider	TUživateldatagramprotocolprovider	TUživateldatagramprotocolprovider	existing-unreviewed		0
TUserDatagramProtocolSocket	TUživateldatagramprotocolsocket	TKoncový_bod_uživatelských_datagramů	project-proposal	udp_socket	17
TVideoGraphicsArray	TObrazGrafikaPole	TObrazGrafikaPole	existing-unreviewed		0
TWidget	TWidget	TPrvek_obrazovky	project-proposal	widget	9
TWidgetMouseEventHandler	TWidgetMyšUdálostihandler	TWidgetMyšUdálostihandler	existing-unreviewed		0
Tamd_am79c973	Tamdam79c973	Tamdam79c973	existing-unreviewed		0
Test	Otestovat	Otestovat	existing-unreviewed		0
TestBit	Otestovatbit	Otestovatbit	existing-unreviewed		0
TestPrint	OtestovatTisknout	OtestovatTisknout	existing-unreviewed		0
Thread	Thread	Thread	existing-unreviewed		0
ThreadList	ThreadSeznam	ThreadSeznam	existing-unreviewed		0
ThreadState	ThreadStav	ThreadStav	existing-unreviewed		0
Threads	Threads	Threads	existing-unreviewed		0
TlsSegments	Tlssegments	Tlssegments	existing-unreviewed		0
TotalBlocks	CelkemBlokový	CelkemBlokový	existing-unreviewed		0
Type	Typ	Typ	existing-unreviewed		0
TypeTest	TypOtestovat	TypOtestovat	existing-unreviewed		0
T공용서술자테이블	TShareddescriptorTabulka	TShareddescriptorTabulka	existing-unreviewed		0
T공용서술자테이블_자료	TShareddescriptorTabulkadata	TShareddescriptorTabulkadata	existing-unreviewed		0
T작업관리자	TÚlohamanager	TÚlohamanager	existing-unreviewed		0
T조각설명자	TSegmentdescriptor	TSegmentdescriptor	existing-unreviewed		0
T콘솔	TKonzole	TKonzole	existing-unreviewed		0
T함수1	TFunkce1	TFunkce1	existing-unreviewed		0
UDESC_32SEG	Udesc32seg	Udesc32seg	existing-unreviewed		0
UDESC_CONTENTS	UdescObsah	UdescObsah	existing-unreviewed		0
UDESC_LIMIT_IN_PAGES	UdescOmezeníVstuppages	UdescOmezeníVstuppages	existing-unreviewed		0
UDESC_RX_ONLY	Udescrxonly	Udescrxonly	existing-unreviewed		0
UDESC_SEG_NOT_PRESENT	UdescsegnotSoučasný	UdescsegnotSoučasný	existing-unreviewed		0
UDESC_USABLE	Udescusable	Udescusable	existing-unreviewed		0
USER_STACK	Uživatelstack	Uživatelstack	existing-unreviewed		0
USER_STACK_SIZE	UživatelstackVelikost	UživatelstackVelikost	existing-unreviewed		0
USER_STACK_TOP	UživatelstackNahoře	UživatelstackNahoře	existing-unreviewed		0
Uid	Uid	Uid	existing-unreviewed		0
Uint16ToArray	Unsignedinteger16doPole	Unsignedinteger16doPole	existing-unreviewed		0
Uint16ToArray_BE	Unsignedinteger16doPolebe	Unsignedinteger16doPolebe	existing-unreviewed		0
Uint16_R	Unsignedinteger16r	Unsignedinteger16r	existing-unreviewed		0
Uint32ToArray	Unsignedinteger32doPole	Unsignedinteger32doPole	existing-unreviewed		0
Uint32_R	Unsignedinteger32r	Unsignedinteger32r	existing-unreviewed		0
Uint48ToArray	Unsignedinteger48doPole	Unsignedinteger48doPole	existing-unreviewed		0
Uint48ToArray_BE	Unsignedinteger48doPolebe	Unsignedinteger48doPolebe	existing-unreviewed		0
Uint48_R	Unsignedinteger48r	Unsignedinteger48r	existing-unreviewed		0
Uint64ToArray	Unsignedinteger64doPole	Unsignedinteger64doPole	existing-unreviewed		0
Uint64_R	Unsignedinteger64r	Unsignedinteger64r	existing-unreviewed		0
UnhandleInterrupt	UnhandlePřerušení	UnhandlePřerušení	existing-unreviewed		0
UnsetBit	Nenastavenobit	Obrátit_bit_obsazení	project-proposal	toggle_bit	1
UsedBlocks	PoužitoBlokový	PoužitoBlokový	existing-unreviewed		0
UserDesc	Uživateldescriptor	Uživateldescriptor	existing-unreviewed		0
UserStack	Uživatelstack_2	Uživatelstack_2	existing-unreviewed		0
UserStackSize	UživatelstackVelikost_2	UživatelstackVelikost_2	existing-unreviewed		0
Vendor_id	Výrobceid	Výrobceid	existing-unreviewed		0
Version	Verze	Verze	existing-unreviewed		0
VirtTest	VirtOtestovat	VirtOtestovat	existing-unreviewed		0
Write	Zápis	Zápis	existing-unreviewed		0
Write28	Zápis28	Zápis28	existing-unreviewed		0
WriteRegisters	Zápisregister	Zápisregister	existing-unreviewed		0
X	X	X	existing-unreviewed		0
Y	Y	Y	existing-unreviewed		0
Zero	Nula	Nula	existing-unreviewed		0
ZeroBlockInPageDir	NulaBlokovýVstupStránkaadresář	NulaBlokovýVstupStránkaadresář	existing-unreviewed		0
a	a	a	existing-unreviewed		0
aTime	aČas	aČas	existing-unreviewed		0
access	přístup	přístup	existing-unreviewed		0
accessMode	přístupMÓD	přístupMÓD	existing-unreviewed		0
ack	ack	ack	existing-unreviewed		0
activeKeyboardDriver	aktivníKlávesnicedriver	aktivníKlávesnicedriver	existing-unreviewed		0
activeMouseDriver	aktivníMyšdriver	aktivníMyšdriver	existing-unreviewed		0
addr	adresa	adresa	existing-unreviewed		0
addrPtr	adresaKurzor	adresaKurzor	existing-unreviewed		0
address	adresa_2	adresa_2	existing-unreviewed		0
addressError	adresaChyba	adresaChyba	existing-unreviewed		0
afInet	afinet	afinet	existing-unreviewed		0
allocFD	allocatefd	allocatefd	existing-unreviewed		0
allocOpenFile	allocateOtevřítSoubor	allocateOtevřítSoubor	existing-unreviewed		0
allocProcess	allocateProces	allocateProces	existing-unreviewed		0
allocateSocket	allocatesocket	allocatesocket	existing-unreviewed		0
allocated	allocated	allocated	existing-unreviewed		0
amd_am79c973	amdam79c973	amdam79c973	existing-unreviewed		0
args	argumenty	argumenty	existing-unreviewed		0
argument	argument	argument	existing-unreviewed		0
argumentPointers	argumentpointers	argumentpointers	existing-unreviewed		0
arguments	argumenty_2	argumenty_2	existing-unreviewed		0
arp	arp	arp	existing-unreviewed		0
arpBuffer	arpbuffer	arpbuffer	existing-unreviewed		0
arpMesgSize	arpmesgVelikost	arpmesgVelikost	existing-unreviewed		0
arpProvider	arpprovider	arpprovider	existing-unreviewed		0
arp콘솔	arpKonzole	arpKonzole	existing-unreviewed		0
array	pole	pole	existing-unreviewed		0
ata	ata	ata	existing-unreviewed		0
ata0s	ata0s	ata0s	existing-unreviewed		0
attempts	attempts	attempts	existing-unreviewed		0
attr	atribut	atribut	existing-unreviewed		0
attributeControllerIndexPort	atributcontrollerRejstříkport	atributcontrollerRejstříkport	existing-unreviewed		0
attributeControllerReadPort	atributcontrollerČteníport	atributcontrollerČteníport	existing-unreviewed		0
attributeControllerResetPort	atributcontrollerInicializovatport	atributcontrollerInicializovatport	existing-unreviewed		0
attributeControllerWritePort	atributcontrollerZápisport	atributcontrollerZápisport	existing-unreviewed		0
attributes	atributy	atributy	existing-unreviewed		0
aux	aux	aux	existing-unreviewed		0
avail	kdispozici	kdispozici	existing-unreviewed		0
b	b	b	existing-unreviewed		0
backend	backend	backend	existing-unreviewed		0
backupFpRegs	backupfpregs	backupfpregs	existing-unreviewed		0
backupSector	backupsector	backupsector	existing-unreviewed		0
bar	pruh	pruh	existing-unreviewed		0
barNum	pruhČíslo	pruhČíslo	existing-unreviewed		0
bar_value	pruhHodnota	pruhHodnota	existing-unreviewed		0
base	base	base	existing-unreviewed		0
baseCode	basecode	basecode	existing-unreviewed		0
baseHigh	baseVysoká	baseVysoká	existing-unreviewed		0
baseLow	baseNízká	baseNízká	existing-unreviewed		0
baseMid	basemid	basemid	existing-unreviewed		0
base_addr_high	baseAdresaVysoká	baseAdresaVysoká	existing-unreviewed		0
base_addr_low	baseAdresaNízká	baseAdresaNízká	existing-unreviewed		0
bh	bh	bh	existing-unreviewed		0
bindEphemeral	svázatephemeral	svázatephemeral	existing-unreviewed		0
bindError	svázatChyba	svázatChyba	existing-unreviewed		0
bios	bios	bios	existing-unreviewed		0
bit	bit	bit	existing-unreviewed		0
bitmap	bitmap	mapa_obsazení	project-proposal	bitmap	2
bootSignature	bootsignature	bootsignature	existing-unreviewed		0
bootable	bootable	bootable	existing-unreviewed		0
bootloader	bootloader	bootloader	existing-unreviewed		0
bound	bound	bound	existing-unreviewed		0
bpb	bpb	parametry_souborového_systému	project-proposal	fat_parameters	16
bpbBytes	bpbBytů	bpbBytů	existing-unreviewed		0
bpbPtr	bpbKurzor	bpbKurzor	existing-unreviewed		0
buf	buffer	buffer	existing-unreviewed		0
buf1	buffer1	buffer1	existing-unreviewed		0
buf2	buffer2	buffer2	existing-unreviewed		0
buf3	buffer3	buffer3	existing-unreviewed		0
buf4	buffer4	buffer4	existing-unreviewed		0
buf6	buffer6	buffer6	existing-unreviewed		0
buffer	buffer_2	buffer_2	existing-unreviewed		0
buffer1	buffer1_2	buffer1_2	existing-unreviewed		0
buffer2	buffer2_2	buffer2_2	existing-unreviewed		0
bufferAddr	bufferAdresa	bufferAdresa	existing-unreviewed		0
bufferAddress	bufferAdresa_2	bufferAdresa_2	existing-unreviewed		0
bufptr	bufferKurzor	bufferKurzor	existing-unreviewed		0
bus	bus	bus	existing-unreviewed		0
busControlRegisterDataPort	busOvládáníregisterdataport	busOvládáníregisterdataport	existing-unreviewed		0
button	tlačítko	tlačítko	existing-unreviewed		0
buttons	tlačítko_2	tlačítko_2	existing-unreviewed		0
bytesPerSector	bytůpersector	bytůpersector	existing-unreviewed		0
c	c	c	existing-unreviewed		0
cDate	cDatum	cDatum	existing-unreviewed		0
cTime	cČas	cČas	existing-unreviewed		0
cTimeTenth	cČastenth	cČastenth	existing-unreviewed		0
call	call	call	existing-unreviewed		0
candidate	candidate	candidate	existing-unreviewed		0
cap	cap	cap	existing-unreviewed		0
char	char	char	existing-unreviewed		0
checked	checked	checked	existing-unreviewed		0
checksum	kontrolnísoučet	kontrolnísoučet	existing-unreviewed		0
child	syn	syn	existing-unreviewed		0
childPID	synpid	synpid	existing-unreviewed		0
childPageDir	synStránkaadresář	synStránkaadresář	existing-unreviewed		0
chunk	chunk	chunk	existing-unreviewed		0
class_id	třídaid	třídaid	existing-unreviewed		0
closeAllProcessFDs	zavřítVšeProcesfds	zavřítVšeProcesfds	existing-unreviewed		0
closeOnExec	zavřítZapnutoVykonání	zavřítZapnutoVykonání	existing-unreviewed		0
closeProcessFD	zavřítProcesfd	zavřítProcesfd	existing-unreviewed		0
code	code	code	existing-unreviewed		0
code1Ptr	code1Kurzor	code1Kurzor	existing-unreviewed		0
code1ptr	code1Kurzor_2	code1Kurzor_2	existing-unreviewed		0
code2Ptr	code2Kurzor	code2Kurzor	existing-unreviewed		0
code3Ptr	code3Kurzor	code3Kurzor	existing-unreviewed		0
codeSegment	codesegment	codesegment	existing-unreviewed		0
colorIndex	barvaRejstřík	barvaRejstřík	existing-unreviewed		0
colordepth	barvadepth	barvadepth	existing-unreviewed		0
command	příkaz	příkaz	existing-unreviewed		0
commandPort	příkazport	příkazport	existing-unreviewed		0
commandport	příkazport_2	příkazport_2	existing-unreviewed		0
common	běžné	běžné	existing-unreviewed		0
connected	connected	connected	existing-unreviewed		0
console	konzole	konzole	existing-unreviewed		0
controlPort	ovládáníport	ovládáníport	existing-unreviewed		0
copyExecVector	kopírovatVykonánívector	kopírovatVykonánívector	existing-unreviewed		0
copyLength	kopírovatDélka	kopírovatDélka	existing-unreviewed		0
copyPageDir	kopírovatStránkaadresář	kopírovatStránkaadresář	existing-unreviewed		0
copyPath	kopírovatCESTA	kopírovatCESTA	existing-unreviewed		0
copySocketName	kopírovatsocketNázev	kopírovatsocketNázev	existing-unreviewed		0
copyUtsField	kopírovatutsfield	kopírovatutsfield	existing-unreviewed		0
count	počet	počet	existing-unreviewed		0
count2	počet2	počet2	existing-unreviewed		0
cowFrameManager	cowRámmanager	cowRámmanager	existing-unreviewed		0
cpu	cpu	cpu	existing-unreviewed		0
cpustate	cpuStav	cpuStav	existing-unreviewed		0
cr0	cr0	cr0	existing-unreviewed		0
cr3	cr3	cr3	existing-unreviewed		0
cr4	cr4	cr4	existing-unreviewed		0
crtcDataPort	crtcdataport	crtcdataport	existing-unreviewed		0
crtcIndexPort	crtcRejstříkport	crtcRejstříkport	existing-unreviewed		0
cs	cs	cs	existing-unreviewed		0
currentRecvBuffer	současnýrecvbuffer	současnýrecvbuffer	existing-unreviewed		0
currentSendBuffer	současnýPoslatbuffer	současnýPoslatbuffer	existing-unreviewed		0
currentTask	současnýÚloha	současnýÚloha	existing-unreviewed		0
currentThread	současnýthread	současnýthread	existing-unreviewed		0
currentThreadIndex	současnýthreadRejstřík	současnýthreadRejstřík	existing-unreviewed		0
cursorHeight	kurzorVýška	kurzorVýška	existing-unreviewed		0
cursorStart	kurzorSpustit	kurzorSpustit	existing-unreviewed		0
d_tag	dZnačka	dZnačka	existing-unreviewed		0
d_val_ptr	dvalKurzor	dvalKurzor	existing-unreviewed		0
data	data	data	existing-unreviewed		0
dataBuf	databuffer	databuffer	existing-unreviewed		0
dataBytes	dataBytů	dataBytů	existing-unreviewed		0
dataPointer	dataKurzor	dataKurzor	existing-unreviewed		0
dataPort	dataport	dataport	existing-unreviewed		0
dataStart	dataSpustit	dataSpustit	existing-unreviewed		0
databuffer	databuffer_2	databuffer_2	existing-unreviewed		0
dataport	dataport_2	dataport_2	existing-unreviewed		0
defaultKeyboardEventHandler	výchozíKlávesniceUdálostihandler	výchozíKlávesniceUdálostihandler	existing-unreviewed		0
desc	descriptor	descriptor	existing-unreviewed		0
description	popis	popis	existing-unreviewed		0
destination	cíl	cíl	existing-unreviewed		0
destinationAddress	cílAdresa	cílAdresa	existing-unreviewed		0
destinationLength	cílDélka	cílDélka	existing-unreviewed		0
dev	zařízení	zařízení	existing-unreviewed		0
device	zařízení_2	zařízení_2	existing-unreviewed		0
deviceDescriptor	zařízenídescriptor	zařízenídescriptor	existing-unreviewed		0
devicePort	zařízeníport	zařízeníport	existing-unreviewed		0
diff	diff	diff	existing-unreviewed		0
digits	digits	digits	existing-unreviewed		0
dirent	dirent	dirent	existing-unreviewed		0
direntBytes	direntBytů	direntBytů	existing-unreviewed		0
direntPtr	direntKurzor	direntKurzor	existing-unreviewed		0
discardProcess	zahoditProces	zahoditProces	existing-unreviewed		0
dispatchInterrupt	dispatchPřerušení	dispatchPřerušení	existing-unreviewed		0
divisor	divisor	divisor	existing-unreviewed		0
domain	doména	doména	existing-unreviewed		0
driveNumber	driveČíslo	driveČíslo	existing-unreviewed		0
driver	driver	driver	existing-unreviewed		0
driverManager	drivermanager	drivermanager	existing-unreviewed		0
drivercount	driverPočet	driverPočet	existing-unreviewed		0
drv	driver_2	driver_2	existing-unreviewed		0
ds	ds	ds	existing-unreviewed		0
ds_segment	dssegment	dssegment	existing-unreviewed		0
dst	cíl_2	cíl_2	existing-unreviewed		0
dstEntry	cílZáznam	cílZáznam	existing-unreviewed		0
dstIP	cílipAdresa	cílipAdresa	existing-unreviewed		0
dstIP_BE	cílipAdresaSíťbyteorder	cílipAdresaSíťbyteorder	existing-unreviewed		0
dstMAC	cílmacAdresa	cílmacAdresa	existing-unreviewed		0
dstMAC_BE	cílmacbe	cílmacbe	existing-unreviewed		0
dstPageDir	cílStránkaadresář	cílStránkaadresář	existing-unreviewed		0
dstPort	cílportČíslo	číslo_cílového_portu	project-proposal	destination_port	9
dstPt	cílpt	cílpt	existing-unreviewed		0
dstPtPtr	cílptKurzor	cílptKurzor	existing-unreviewed		0
dstPtr	cílKurzor	cílKurzor	existing-unreviewed		0
dstptr	cílKurzor_2	cílKurzor_2	existing-unreviewed		0
dynamic	dynamické	dynamické	existing-unreviewed		0
e	e	e	existing-unreviewed		0
e_ehsize	eehsize	eehsize	existing-unreviewed		0
e_entry	eZáznam	eZáznam	existing-unreviewed		0
e_flags	ePříznaky	ePříznaky	existing-unreviewed		0
e_ident	eident	eident	existing-unreviewed		0
e_machine	emachine	emachine	existing-unreviewed		0
e_phentsize	ephentsize	ephentsize	existing-unreviewed		0
e_phnum	ephnum	ephnum	existing-unreviewed		0
e_phoff	ephoff	ephoff	existing-unreviewed		0
e_shentsize	eshentsize	eshentsize	existing-unreviewed		0
e_shnum	eshnum	eshnum	existing-unreviewed		0
e_shoff	eshoff	eshoff	existing-unreviewed		0
e_shstrndx	eshstrndx	eshstrndx	existing-unreviewed		0
e_type	eTyp	eTyp	existing-unreviewed		0
e_version	eVerze	eVerze	existing-unreviewed		0
eax	eax	eax	existing-unreviewed		0
ebp	ebp	ebp	existing-unreviewed		0
ebx	ebx	ebx	existing-unreviewed		0
ecx	ecx	ecx	existing-unreviewed		0
edi	edi	edi	existing-unreviewed		0
edx	edx	edx	existing-unreviewed		0
efHandler	efhandler	efhandler	existing-unreviewed		0
eflags	eflags	eflags	existing-unreviewed		0
eip	eip	eip	existing-unreviewed		0
eipOffset	eipoffset	eipoffset	existing-unreviewed		0
elf	elf	spustitelný_a_spojitelný_formát	project-proposal	elf	6
elf0	elf0	elf0	existing-unreviewed		0
elf2	elf2	elf2	existing-unreviewed		0
elf3	elf3	elf3	existing-unreviewed		0
elf4	elf4	elf4	existing-unreviewed		0
elfHeader	elfheader	elfheader	existing-unreviewed		0
enabled	povoleno	povoleno	existing-unreviewed		0
end	konec	konec	existing-unreviewed		0
endOffset	konecoffset	konecoffset	existing-unreviewed		0
end_cylinder	koneccylinder	koneccylinder	existing-unreviewed		0
end_head	konechead	konechead	existing-unreviewed		0
end_sector	konecsector	konecsector	existing-unreviewed		0
ensureCurrentProcess	ensureSoučasnýProces	ensureSoučasnýProces	existing-unreviewed		0
entry	záznam	záznam	existing-unreviewed		0
entryPoint	záznampoint	záznampoint	existing-unreviewed		0
entrypoint	záznampoint_2	záznampoint_2	existing-unreviewed		0
environment	environment	environment	existing-unreviewed		0
environmentPointers	environmentpointers	environmentpointers	existing-unreviewed		0
err	chyba	chyba	existing-unreviewed		0
errorPort	chybaport	chybaport	existing-unreviewed		0
es	es	es	existing-unreviewed		0
esi	esi	esi	existing-unreviewed		0
esp	esp	esp	existing-unreviewed		0
esp0	esp0	esp0	existing-unreviewed		0
esp1	esp1	esp1	existing-unreviewed		0
esp2	esp2	esp2	existing-unreviewed		0
etherFrameProvider	ethernetRámprovider	poskytovatel_rámců_sítě_se_sdíleným_médiem	project-proposal	ethernet_provider	1
etherType	ethernetTyp	ethernetTyp	existing-unreviewed		0
etherType_BE	ethernetTypbe	ethernetTypbe	existing-unreviewed		0
etherframe	ethernetRám	rámec_sítě_se_sdíleným_médiem	project-proposal	ethernet_frame	1
etherframePayload	ethernetRámpayload	ethernetRámpayload	existing-unreviewed		0
except	except	except	existing-unreviewed		0
exceptionCR0	exceptioncr0	exceptioncr0	existing-unreviewed		0
exceptionCR2	exceptioncr2	exceptioncr2	existing-unreviewed		0
exceptionCR3	exceptioncr3	exceptioncr3	existing-unreviewed		0
exceptionFrameValue	exceptionRámHodnota	exceptionRámHodnota	existing-unreviewed		0
exceptionHasErrorCode	exceptionhasChybacode	exceptionhasChybacode	existing-unreviewed		0
exceptionName	exceptionNázev	exceptionNázev	existing-unreviewed		0
execVector	vykonánívector	vykonánívector	existing-unreviewed		0
exists	exists	exists	existing-unreviewed		0
exited	skončil	skončil	existing-unreviewed		0
ext	ext	ext	existing-unreviewed		0
extFlags	extPříznaky	extPříznaky	existing-unreviewed		0
extendedScanCode	extendedProhledatcode	extendedProhledatcode	existing-unreviewed		0
fDupFD	fdupfd	fdupfd	existing-unreviewed		0
fGetFD	fgetfd	fgetfd	existing-unreviewed		0
fGetFL	fgetfl	fgetfl	existing-unreviewed		0
fSetFD	fNastavitfd	fNastavitfd	existing-unreviewed		0
fSetFL	fNastavitfl	fNastavitfl	existing-unreviewed		0
fat	fat	fat	existing-unreviewed		0
fatCopies	fatKopírovat	fatKopírovat	existing-unreviewed		0
fatInfo	fatInformace	fatInformace	existing-unreviewed		0
fatOffsetInSectorForCurrentCluster	fatoffsetVstupsectorforSoučasnýcluster	fatoffsetVstupsectorforSoučasnýcluster	existing-unreviewed		0
fatSectorCount	fatsectorPočet	fatsectorPočet	existing-unreviewed		0
fatSectorForCurrentCluster	fatsectorforSoučasnýcluster	fatsectorforSoučasnýcluster	existing-unreviewed		0
fatSize	fatVelikost	fatVelikost	existing-unreviewed		0
fatStart	fatSpustit	fatSpustit	existing-unreviewed		0
fatTypeLabel	fatTypPopisek	fatTypPopisek	existing-unreviewed		0
fatVersion	fatVerze	fatVerze	existing-unreviewed		0
fatbuf	fatbuf	fatbuf	existing-unreviewed		0
fatbuffer	fatbuffer	fatbuffer	existing-unreviewed		0
faultAddr	faultAdresa	faultAdresa	existing-unreviewed		0
fb	fb	fb	existing-unreviewed		0
fbCurCol	fbSoučasnýcol	fbSoučasnýcol	existing-unreviewed		0
fbCurLine	fbSoučasnýŘádek	fbSoučasnýŘádek	existing-unreviewed		0
fbHeight	fbVýška	fbVýška	existing-unreviewed		0
fbPhysAddr	fbphysAdresa	fbphysAdresa	existing-unreviewed		0
fbWidth	fbŠířka	fbŠířka	existing-unreviewed		0
fd	fd	fd	existing-unreviewed		0
fdCloexec	fdcloexec	fdcloexec	existing-unreviewed		0
fdEntry	fdZáznam	fdZáznam	existing-unreviewed		0
fdFlags	fdPříznaky	fdPříznaky	existing-unreviewed		0
fdKindConsole	fdTypKonzole	fdTypKonzole	existing-unreviewed		0
fdKindFat	fdTypfat	fdTypfat	existing-unreviewed		0
fdKindNone	fdTypŽádné	fdTypŽádné	existing-unreviewed		0
fdKindRootDir	fdTypKořenadresář	fdTypKořenadresář	existing-unreviewed		0
fdKindSocket	fdTypsocket	fdTypsocket	existing-unreviewed		0
fdKindStdin	fdTypstdin	fdTypstdin	existing-unreviewed		0
fds	fds	fds	existing-unreviewed		0
filePtr	souborKurzor	souborKurzor	existing-unreviewed		0
fileSector	souborsector	souborsector	existing-unreviewed		0
fileSize	souborVelikost	souborVelikost	existing-unreviewed		0
filename	názevsouboru	názevsouboru	existing-unreviewed		0
fillPosixStat	fillposixstat	fillposixstat	existing-unreviewed		0
findProcess	hledatProces	hledatProces	existing-unreviewed		0
first	first	first	existing-unreviewed		0
firstClusterHi	firstclusterhi	firstclusterhi	existing-unreviewed		0
firstClusterLow	firstclusterNízká	firstclusterNízká	existing-unreviewed		0
firstFileCluster	firstSouborcluster	firstSouborcluster	existing-unreviewed		0
flags	příznaky	příznaky	existing-unreviewed		0
flags2	příznaky2	příznaky2	existing-unreviewed		0
flagsAndOffset	příznakyaoffset	příznakyaoffset	existing-unreviewed		0
flushIndex	flushRejstřík	flushRejstřík	existing-unreviewed		0
flushTlsTable	flushtlsTabulka	flushtlsTabulka	existing-unreviewed		0
flush_tss	flushtss	flushtss	existing-unreviewed		0
fn	fn	fn	existing-unreviewed		0
foo	foo	foo	existing-unreviewed		0
foundChild	foundsyn	foundsyn	existing-unreviewed		0
frame	rám	rám	existing-unreviewed		0
frameCount	rámPočet	rámPočet	existing-unreviewed		0
frameHeaderSize	rámheaderVelikost	rámheaderVelikost	existing-unreviewed		0
free	volné	volné	existing-unreviewed		0
freePort	volnéport	volnéport	existing-unreviewed		0
frequency	četnost	četnost	existing-unreviewed		0
fs	fs	fs	existing-unreviewed		0
func1Val	func1val	func1val	existing-unreviewed		0
func2Val	func2val	func2val	existing-unreviewed		0
func3Val	func3val	func3val	existing-unreviewed		0
func_addr	funcAdresa	funcAdresa	existing-unreviewed		0
func_bytes	funcBytů	funcBytů	existing-unreviewed		0
func_name	funcNázev	funcNázev	existing-unreviewed		0
func_value	funcHodnota	funcHodnota	existing-unreviewed		0
function	funkce	funkce	existing-unreviewed		0
fxrstor	fxrstor	fxrstor	existing-unreviewed		0
fxsave	fxsave	fxsave	existing-unreviewed		0
g	g	g	existing-unreviewed		0
g_320x200x256	g320x200x256	g320x200x256	existing-unreviewed		0
gate	gate	gate	existing-unreviewed		0
gateData	gatedata	gatedata	existing-unreviewed		0
gatewayIP	gatewayip	gatewayip	existing-unreviewed		0
gdt	gdt	gdt	existing-unreviewed		0
gdtDescriptor	gdtdescriptor	gdtdescriptor	existing-unreviewed		0
gdtEntry	gdtZáznam	gdtZáznam	existing-unreviewed		0
gdtTable	gdtTabulka	gdtTabulka	existing-unreviewed		0
gdtTableLen	gdtTabulkalen	gdtTabulkalen	existing-unreviewed		0
gdt_codeSegmentSelector	gdtcodesegmentselector	gdtcodesegmentselector	existing-unreviewed		0
gdt_func	gdtfunc	gdtfunc	existing-unreviewed		0
getCR2	getcr2	getcr2	existing-unreviewed		0
getCR3	getcr3	getcr3	existing-unreviewed		0
getDescriptor	getdescriptor	getdescriptor	existing-unreviewed		0
getESI	getesi	getesi	existing-unreviewed		0
getESP	getesp	getesp	existing-unreviewed		0
getGDT	getgdt	getgdt	existing-unreviewed		0
getGS	getgs	getgs	existing-unreviewed		0
getOpenFile	getOtevřítSoubor	getOtevřítSoubor	existing-unreviewed		0
getOpenFileFor	getOtevřítSouborfor	getOtevřítSouborfor	existing-unreviewed		0
getTLS	gettls	gettls	existing-unreviewed		0
globalDescriptorTable	globálnídescriptorTabulka	globálnídescriptorTabulka	existing-unreviewed		0
globalOffsetTable	globálníoffsetTabulka	globálníoffsetTabulka	existing-unreviewed		0
global_offset_table	globálníoffsetTabulka_2	globálníoffsetTabulka_2	existing-unreviewed		0
graphicsControllerDataPort	grafikacontrollerdataport	grafikacontrollerdataport	existing-unreviewed		0
graphicsControllerIndexPort	grafikacontrollerRejstříkport	grafikacontrollerRejstříkport	existing-unreviewed		0
grub_multiboot_memory_map_t	grubmultibootPaměťmapt	grubmultibootPaměťmapt	existing-unreviewed		0
gs	gs	gs	existing-unreviewed		0
gs_segment	gssegment	gssegment	existing-unreviewed		0
h	h	h	existing-unreviewed		0
haltAfterFatalException	haltPotomfatalexception	haltPotomfatalexception	existing-unreviewed		0
handleInterrupt	úchytkaPřerušení	úchytkaPřerušení	existing-unreviewed		0
handleKeyboardInterrupt	úchytkaKlávesnicePřerušení	úchytkaKlávesnicePřerušení	existing-unreviewed		0
handleMouseInterrupt	úchytkaMyšPřerušení	úchytkaMyšPřerušení	existing-unreviewed		0
handlePagingInterrupt	úchytkapagingPřerušení	úchytkapagingPřerušení	existing-unreviewed		0
handleUnhandledSyscall	úchytkaunhandledsyscall	úchytkaunhandledsyscall	existing-unreviewed		0
handler	handler	handler	existing-unreviewed		0
handlerAddressHighBits	handlerAdresaVysokábitů	handlerAdresaVysokábitů	existing-unreviewed		0
handlerAddressLowBits	handlerAdresaNízkábitů	handlerAdresaNízkábitů	existing-unreviewed		0
handlerRun	handlerSpustit	handlerSpustit	existing-unreviewed		0
handlers	handler_2	handler_2	existing-unreviewed		0
hardwareAddressSize	hardwareAdresaVelikost	hardwareAdresaVelikost	existing-unreviewed		0
hardwareInterruptOffset	hardwarePřerušeníoffset	hardwarePřerušeníoffset	existing-unreviewed		0
hardwareType	hardwareTyp	hardwareTyp	existing-unreviewed		0
hd	hd	hd	existing-unreviewed		0
head	head	head	existing-unreviewed		0
headCount	headPočet	headPočet	existing-unreviewed		0
headerLength	headerDélka	headerDélka	existing-unreviewed		0
headertype	headertype	headertype	existing-unreviewed		0
height	výška	výška	existing-unreviewed		0
hex	šestnáctkově	šestnáctkově	existing-unreviewed		0
hiddenSectors	skrytásectors	skrytásectors	existing-unreviewed		0
i	i	i	existing-unreviewed		0
iCount	iPočet	iPočet	existing-unreviewed		0
iDrivers	idriver	idriver	existing-unreviewed		0
iKeyboardEventHandler	iKlávesniceUdálostihandler	iKlávesniceUdálostihandler	existing-unreviewed		0
iMouseEventHandler	iMyšUdálostihandler	iMyšUdálostihandler	existing-unreviewed		0
iPCIControllerHandler	ipcicontrollerhandler	ipcicontrollerhandler	existing-unreviewed		0
iRawDataHandler	irawdatahandler	irawdatahandler	existing-unreviewed		0
iTimerEventHandler	iOdpočetUdálostihandler	iOdpočetUdálostihandler	existing-unreviewed		0
icmp	icmp	protokol_řídicích_zpráv_propojených_sítí	project-proposal	icmp	12
icmpSize	icmpVelikost	icmpVelikost	existing-unreviewed		0
icmp콘솔	icmpKonzole	icmpKonzole	existing-unreviewed		0
id	id	id	existing-unreviewed		0
ident	ident	ident	existing-unreviewed		0
idtData	idtdata	idtdata	existing-unreviewed		0
idtPointer	idtKurzor	idtKurzor	existing-unreviewed		0
idx	idx	idx	existing-unreviewed		0
index	rejstřík	rejstřík	existing-unreviewed		0
initBlock	initBlokový	initBlokový	existing-unreviewed		0
initFileDescriptors	initSoubordescriptor	initSoubordescriptor	existing-unreviewed		0
initPIT	initpit	initpit	existing-unreviewed		0
initializeProcessFDs	initializeProcesfds	initializeProcesfds	existing-unreviewed		0
inode	iuzel	iuzel	existing-unreviewed		0
inputEventTask	vstupUdálostiÚloha	vstupUdálostiÚloha	existing-unreviewed		0
installIDT	instalovatidt	instalovatidt	existing-unreviewed		0
intNumber	intČíslo	intČíslo	existing-unreviewed		0
interface_id	rozhraníid	rozhraníid	existing-unreviewed		0
internetprotocolPayload	internetprotocolpayload	internetprotocolpayload	existing-unreviewed		0
interrupt	přerušení	přerušení	existing-unreviewed		0
interruptDebug	přerušeníLadit	přerušeníLadit	existing-unreviewed		0
interruptExitLoop	přerušeníKonecloop	přerušeníKonecloop	existing-unreviewed		0
interruptGateEntries	přerušenígateZáznam	přerušenígateZáznam	existing-unreviewed		0
interruptHandler	přerušeníhandler	přerušeníhandler	existing-unreviewed		0
interrupts	interrupts	interrupts	existing-unreviewed		0
iomap	iomap	iomap	existing-unreviewed		0
ip	ip	ip	existing-unreviewed		0
ipEtherFrameHandler	ipethernetRámhandler	ipethernetRámhandler	existing-unreviewed		0
ipHandler	iphandler	iphandler	existing-unreviewed		0
ipIdx	ipidx	ipidx	existing-unreviewed		0
ipProtocolUDP	ipprotocoludp	ipprotocoludp	existing-unreviewed		0
ipProvider	ipprovider	poskytovatel_protokolu_propojených_sítí	project-proposal	ip_provider	5
ipSize	ipVelikost	ipVelikost	existing-unreviewed		0
ip_be	ipSíťbyteorder	ipSíťbyteorder	existing-unreviewed		0
ipmessage	internetprotocolZpráva	internetprotocolZpráva	existing-unreviewed		0
ipv4	ipv4	protokol_propojených_sítí_4	project-proposal	ipv4	1
ip콘솔	ipKonzole	ipKonzole	existing-unreviewed		0
isKernel	iskernel	iskernel	existing-unreviewed		0
isRoot	isKořen	isKořen	existing-unreviewed		0
isRootPath	isKořenCESTA	isKořenCESTA	existing-unreviewed		0
isSharedPDE	issharedpde	issharedpde	existing-unreviewed		0
istOffset	istoffset	istoffset	existing-unreviewed		0
j	j	j	existing-unreviewed		0
jmp	jmp	jmp	existing-unreviewed		0
jmp_user	jmpUživatel	jmpUživatel	existing-unreviewed		0
jump_usermode_iret	jumpUživatelskýmódiret	jumpUživatelskýmódiret	existing-unreviewed		0
kPageDirEntry	kStránkaadresářZáznam	kStránkaadresářZáznam	existing-unreviewed		0
kernelESP	kernelesp	kernelesp	existing-unreviewed		0
kernelPageDirEntry	kernelStránkaadresářZáznam	kernelStránkaadresářZáznam	existing-unreviewed		0
kernelSS	kernelss	kernelss	existing-unreviewed		0
key	klíč	klíč	existing-unreviewed		0
keyboard	klávesnice	klávesnice	existing-unreviewed		0
keyboardDriver	klávesnicedriver	klávesnicedriver	existing-unreviewed		0
keyboardEventHandler	klávesniceUdálostihandler	klávesniceUdálostihandler	existing-unreviewed		0
keyboardQueue	klávesnicequeue	klávesnicequeue	existing-unreviewed		0
keyboardQueueRead	klávesnicequeueČtení	klávesnicequeueČtení	existing-unreviewed		0
keyboardQueueSize	klávesnicequeueVelikost	klávesnicequeueVelikost	existing-unreviewed		0
keyboardQueueWrite	klávesnicequeueZápis	klávesnicequeueZápis	existing-unreviewed		0
kind	typ	typ	existing-unreviewed		0
l	l	l	existing-unreviewed		0
last	poslední	poslední	existing-unreviewed		0
lbaHiPort	lbahiport	lbahiport	existing-unreviewed		0
lbaLowPort	lbaNízkáport	lbaNízkáport	existing-unreviewed		0
lbaMidPort	lbamidport	lbamidport	existing-unreviewed		0
ldt	ldt	ldt	existing-unreviewed		0
leftShift	vlevoshift	vlevoshift	existing-unreviewed		0
len	len	len	existing-unreviewed		0
len_ver	lenver	lenver	existing-unreviewed		0
length	délka	délka	existing-unreviewed		0
lengthAddress	délkaAdresa	délkaAdresa	existing-unreviewed		0
lengthInBytes	délkaVstupBytů	délkaVstupBytů	existing-unreviewed		0
length_high	délkaVysoká	délkaVysoká	existing-unreviewed		0
length_low	délkaNízká	délkaNízká	existing-unreviewed		0
lengths	lengths	lengths	existing-unreviewed		0
lib1Addr	lib1Adresa	lib1Adresa	existing-unreviewed		0
lib1Data	lib1data	lib1data	existing-unreviewed		0
lib1File	lib1Soubor	lib1Soubor	existing-unreviewed		0
lib1GOT	lib1got	lib1got	existing-unreviewed		0
lib1elf	lib1elf	lib1elf	existing-unreviewed		0
lib2Addr	lib2Adresa	lib2Adresa	existing-unreviewed		0
lib2Data	lib2data	lib2data	existing-unreviewed		0
lib2File	lib2Soubor	lib2Soubor	existing-unreviewed		0
lib2GOT	lib2got	lib2got	existing-unreviewed		0
lib2elf	lib2elf	lib2elf	existing-unreviewed		0
libLinkMap	libOdkazmap	libOdkazmap	existing-unreviewed		0
lidtaddr	lidtaddr	lidtaddr	existing-unreviewed		0
limit	omezení	omezení	existing-unreviewed		0
limitHighAndFlags	omezeníVysokáaPříznaky	omezeníVysokáaPříznaky	existing-unreviewed		0
limitLow	omezeníNízká	omezeníNízká	existing-unreviewed		0
linkMap	odkazmap	odkazmap	existing-unreviewed		0
linkMapAddr	odkazmapAdresa	odkazmapAdresa	existing-unreviewed		0
linkerAddr	linkerAdresa	linkerAdresa	existing-unreviewed		0
linkerData	linkerdata	linkerdata	existing-unreviewed		0
linkerEntry	linkerZáznam	linkerZáznam	existing-unreviewed		0
linkerFile	linkerSoubor	linkerSoubor	existing-unreviewed		0
list	seznam	seznam	existing-unreviewed		0
listening	listening	listening	existing-unreviewed		0
loader	loader	loader	existing-unreviewed		0
local	místní	místní	existing-unreviewed		0
localDatagramSocket	místnídatagramsocket	místnídatagramsocket	existing-unreviewed		0
localIP	místníip	místníip	existing-unreviewed		0
localPort	místníportČíslo	místníportČíslo	existing-unreviewed		0
localSockets	místnísockets	místnísockets	existing-unreviewed		0
logicalAddress	logickáAdresa	logickáAdresa	existing-unreviewed		0
macAddr	macAdresa	macAdresa	existing-unreviewed		0
macIdx	macidx	macidx	existing-unreviewed		0
magicnumber	magicnumber	magicnumber	existing-unreviewed		0
main	main	main	compatibility		0
mainThread	hlavníthread	hlavníthread	existing-unreviewed		0
makePagePrivateWritableCurrent	makeStránkaPrivátníwritableSoučasný	makeStránkaPrivátníwritableSoučasný	existing-unreviewed		0
makeRangePrivateWritableCurrent	makeRozsahPrivátníwritableSoučasný	makeRozsahPrivátníwritableSoučasný	existing-unreviewed		0
manager	manager	manager	existing-unreviewed		0
mask	maska	maska	existing-unreviewed		0
master	hlavní	hlavní	existing-unreviewed		0
matches	matches	matches	existing-unreviewed		0
maxBARs	maxbars	maxbars	existing-unreviewed		0
maxDatagramSize	maxdatagramVelikost	maxdatagramVelikost	existing-unreviewed		0
maxExecStringLength	maxVykonánířetězecDélka	maxVykonánířetězecDélka	existing-unreviewed		0
maxExecVectorEntries	maxVykonánívectorZáznam	maxVykonánívectorZáznam	existing-unreviewed		0
maxFD	maxfd	maxfd	existing-unreviewed		0
maxOpenFiles	maxOtevřítSOUBORY	maxOtevřítSOUBORY	existing-unreviewed		0
maxSocketPackets	maxsocketpaketů	maxsocketpaketů	existing-unreviewed		0
maxSockets	maxsockets	maxsockets	existing-unreviewed		0
maximumBlocks	maximumBlokový	maximumBlokový	existing-unreviewed		0
mediaType	médiaTyp	médiaTyp	existing-unreviewed		0
mem	mem	mem	existing-unreviewed		0
memoryArray	paměťPole	paměťPole	existing-unreviewed		0
memoryChunkSize	paměťchunkVelikost	paměťchunkVelikost	existing-unreviewed		0
memoryManager	paměťmanager	paměťmanager	existing-unreviewed		0
memoryOper	paměťoper	paměťoper	existing-unreviewed		0
memorySize	paměťVelikost	paměťVelikost	existing-unreviewed		0
memorymananger	memorymananger	memorymananger	existing-unreviewed		0
memorytest	memorytest	memorytest	existing-unreviewed		0
message	zpráva	zpráva	existing-unreviewed		0
micsPort	micsport	micsport	existing-unreviewed		0
minimum	minimum	minimum	existing-unreviewed		0
mode	mÓD	mÓD	existing-unreviewed		0
mouseDriver	myšdriver	myšdriver	existing-unreviewed		0
mouseEventHandler	myšUdálostihandler	myšUdálostihandler	existing-unreviewed		0
mouseVGA	myšvga	myšvga	existing-unreviewed		0
mouseWidget	myšwidget	myšwidget	existing-unreviewed		0
msdospart	msdospartition	msdospartition	existing-unreviewed		0
msg	msg	msg	existing-unreviewed		0
msgBuffer	msgbuffer	msgbuffer	existing-unreviewed		0
multiboot_memory_map	multibootPaměťmap	multibootPaměťmap	existing-unreviewed		0
multitasking	multitasking	multitasking	existing-unreviewed		0
myKeyboardEventHandler	myKlávesniceUdálostihandler	myKlávesniceUdálostihandler	existing-unreviewed		0
myPCIControllerHandler	mypcicontrollerhandler	mypcicontrollerhandler	existing-unreviewed		0
myfunction	myfunction	myfunction	existing-unreviewed		0
n	n	n	existing-unreviewed		0
n_descsz	ndescsz	ndescsz	existing-unreviewed		0
n_namesz	nnamesz	nnamesz	existing-unreviewed		0
n_type	nTyp	nTyp	existing-unreviewed		0
name	název	název	existing-unreviewed		0
nameLen	názevlen	názevlen	existing-unreviewed		0
netCard	síťKaretní	síťKaretní	existing-unreviewed		0
newButtons	novýTlačítko	novýTlačítko	existing-unreviewed		0
newFD	novýfd	novýfd	existing-unreviewed		0
newFrame	novýRám	novýRám	existing-unreviewed		0
newLink	novýOdkaz	novýOdkaz	existing-unreviewed		0
newNode	novýUzel	novýUzel	existing-unreviewed		0
newPtr	novýKurzor	novýKurzor	existing-unreviewed		0
next	následující	následující	existing-unreviewed		0
nextEphemeralPort	následujícíephemeralport	následujícíephemeralport	existing-unreviewed		0
nextFileCluster	následujícíSouborcluster	následujícíSouborcluster	existing-unreviewed		0
nextHopIP_BE	následujícíhopipAdresaSíťbyteorder	následujícíhopipAdresaSíťbyteorder	existing-unreviewed		0
nextNode	následujícíUzel	následujícíUzel	existing-unreviewed		0
nextProcessID	následujícíProcesid	následujícíProcesid	existing-unreviewed		0
nextThread	následujícíthread	následujícíthread	existing-unreviewed		0
nibble	nibble	nibble	existing-unreviewed		0
node	uzel	uzel_seznamu	project-proposal	list_node	16
nodeArray	uzelPole	uzelPole	existing-unreviewed		0
num	číslo	číslo	existing-unreviewed		0
numCacheEntries	číslocacheZáznam	číslocacheZáznam	existing-unreviewed		0
numDrivers	číslodriver	číslodriver	existing-unreviewed		0
numFunctions	čísloFunkce	čísloFunkce	existing-unreviewed		0
numRecvBuffers	číslorecvbuffer	číslorecvbuffer	existing-unreviewed		0
numSendBuffers	čísloPoslatbuffer	čísloPoslatbuffer	existing-unreviewed		0
numSockets	číslosockets	číslosockets	existing-unreviewed		0
numTasks	čísloÚkoly	čísloÚkoly	existing-unreviewed		0
oAppend	oappend	oappend	existing-unreviewed		0
oCreate	ocreate	ocreate	existing-unreviewed		0
oDirectory	oadresář	oadresář	existing-unreviewed		0
oReadOnly	oČteníonly	oČteníonly	existing-unreviewed		0
oReadWrite	oČteníZápis	oČteníZápis	existing-unreviewed		0
oTruncate	oOříznouthodnotu	oOříznouthodnotu	existing-unreviewed		0
oWriteOnly	oZápisonly	oZápisonly	existing-unreviewed		0
o_addr	oAdresa	oAdresa	existing-unreviewed		0
offset	offset	offset	existing-unreviewed		0
ok	budiž	budiž	existing-unreviewed		0
oldButtons	oldTlačítko	oldTlačítko	existing-unreviewed		0
oldCR3	oldcr3	oldcr3	existing-unreviewed		0
oldFD	oldfd	oldfd	existing-unreviewed		0
oldFrame	oldRám	oldRám	existing-unreviewed		0
oldGdt	oldgdt	oldgdt	existing-unreviewed		0
oldGdtAddr	oldgdtAdresa	oldgdtAdresa	existing-unreviewed		0
oldGdtLen	oldgdtlen	oldgdtlen	existing-unreviewed		0
openFileDescription	otevřítSouborPopis	otevřítSouborPopis	existing-unreviewed		0
openFileTable	otevřítSouborTabulka	otevřítSouborTabulka	existing-unreviewed		0
options	možnosti	možnosti	existing-unreviewed		0
orgValue	orgHodnota	orgHodnota	existing-unreviewed		0
p	p	p	existing-unreviewed		0
p1	p1	p1	existing-unreviewed		0
p2	p2	p2	existing-unreviewed		0
p_align	pZarovnání	pZarovnání	existing-unreviewed		0
p_backend	pbackend	pbackend	existing-unreviewed		0
p_data	pdata	pdata	existing-unreviewed		0
p_efHandler	pefhandler	pefhandler	existing-unreviewed		0
p_efProvider	pefprovider	pefprovider	existing-unreviewed		0
p_etherType	pethernetTyp	pethernetTyp	existing-unreviewed		0
p_filesz	pfilesz	pfilesz	existing-unreviewed		0
p_flags	pPříznaky	pPříznaky	existing-unreviewed		0
p_iHandler	pihandler	pihandler	existing-unreviewed		0
p_ipHandler	piphandler	piphandler	existing-unreviewed		0
p_ipProvider	pipprovider	pipprovider	existing-unreviewed		0
p_memsz	pmemsz	pmemsz	existing-unreviewed		0
p_offset	poffset	poffset	existing-unreviewed		0
p_paddr	ppaddr	ppaddr	existing-unreviewed		0
p_protocol	pprotocol	pprotocol	existing-unreviewed		0
p_provider	pprovider	pprovider	existing-unreviewed		0
p_str	pstr	pstr	existing-unreviewed		0
p_type	pTyp	pTyp	existing-unreviewed		0
p_udpHandler	pudphandler	pudphandler	existing-unreviewed		0
p_udpProvider	pudpprovider	pudpprovider	existing-unreviewed		0
p_vaddr	pvaddr	pvaddr	existing-unreviewed		0
packet	pAKET	pAKET	existing-unreviewed		0
packetStatus	pAKETStav	pAKETStav	existing-unreviewed		0
packets	paketů	paketů	existing-unreviewed		0
page	stránka	stránka	existing-unreviewed		0
pageDir	stránkaadresář	adresář_stránek	project-proposal	page_directory	27
pageDirEntry	stránkaadresářZáznam	stránkaadresářZáznam	existing-unreviewed		0
pageTableEntry	stránkaTabulkaZáznam	stránkaTabulkaZáznam	existing-unreviewed		0
paging	paging	paging	existing-unreviewed		0
param	param	param	existing-unreviewed		0
params	parametry	parametry	existing-unreviewed		0
parent	rodič	rodič	existing-unreviewed		0
parentPID	rodičpid	rodičpid	existing-unreviewed		0
parentProcess	rodičProces	rodičProces	existing-unreviewed		0
partEntry	partZáznam	partZáznam	existing-unreviewed		0
partition	partition	partition	existing-unreviewed		0
partitionBytes	partitionBytů	partitionBytů	existing-unreviewed		0
partitionOffset	partitionoffset	partitionoffset	existing-unreviewed		0
path	cESTA	cESTA	existing-unreviewed		0
pathAddr	cESTAAdresa	cESTAAdresa	existing-unreviewed		0
pci	pci	pci	existing-unreviewed		0
pciController	pcicontroller	pcicontroller	existing-unreviewed		0
pde	pde	pde	existing-unreviewed		0
pdeAddr	pdeAdresa	pdeAdresa	existing-unreviewed		0
pdelen	pdelen	pdelen	existing-unreviewed		0
peer	peer	peer	existing-unreviewed		0
pendingButtons	pendingTlačítko	pendingTlačítko	existing-unreviewed		0
pendingMouseEvent	pendingMyšUdálosti	pendingMyšUdálosti	existing-unreviewed		0
pendingX	pendingx	pendingx	existing-unreviewed		0
pendingY	pendingy	pendingy	existing-unreviewed		0
phyaddr	phyaddr	phyaddr	existing-unreviewed		0
phymem	physicalPaměť	physicalPaměť	existing-unreviewed		0
physicalAddress	physicalAdresa	physicalAdresa	existing-unreviewed		0
pid	pid	pid	existing-unreviewed		0
pitFrequency	pitČetnost	pitČetnost	existing-unreviewed		0
pixelAddress	pixelAdresa	pixelAdresa	existing-unreviewed		0
pointer	kurzor	odkaz_na_adresu	project-proposal	pointer	39
pollKeyboardScancode	pollKlávesnicescancode	pollKlávesnicescancode	existing-unreviewed		0
port	port	port	existing-unreviewed		0
portBase	portbase	portbase	existing-unreviewed		0
portInUse	portVstupPoužít	portVstupPoužít	existing-unreviewed		0
portnumber	portnumber	portnumber	existing-unreviewed		0
pos	umístění	umístění	existing-unreviewed		0
position	umístění_2	umístění_2	existing-unreviewed		0
posixStat	posixstat	posixstat	existing-unreviewed		0
posixUtsname	posixutsname	posixutsname	existing-unreviewed		0
prefetchable	prefetchcapable	prefetchcapable	existing-unreviewed		0
prev	previous	previous	existing-unreviewed		0
prevNode	previousUzel	previousUzel	existing-unreviewed		0
prevX	previousx	previousx	existing-unreviewed		0
prevY	previousy	previousy	existing-unreviewed		0
printESP	tisknoutesp	tisknoutesp	existing-unreviewed		0
printExceptionSelectorInfo	tisknoutexceptionselectorInformace	tisknoutexceptionselectorInformace	existing-unreviewed		0
printPageFaultInfo	tisknoutStránkafaultInformace	tisknoutStránkafaultInformace	existing-unreviewed		0
printreg	printreg	printreg	existing-unreviewed		0
proc2	proc2	proc2	existing-unreviewed		0
proc3	proc3	proc3	existing-unreviewed		0
proc4	proc4	proc4	existing-unreviewed		0
process	proces	proces	existing-unreviewed		0
processEntry	procesZáznam	procesZáznam	existing-unreviewed		0
processHelper	proceshelper	proceshelper	existing-unreviewed		0
processTable	procesTabulka	procesTabulka	existing-unreviewed		0
processes	procesy	procesy	existing-unreviewed		0
programBreak	programbreak	programbreak	existing-unreviewed		0
protocol	protocol	protocol	existing-unreviewed		0
protocolAddressSize	protocolAdresaVelikost	protocolAdresaVelikost	existing-unreviewed		0
providedLength	providedDélka	providedDélka	existing-unreviewed		0
provider	provider	provider	existing-unreviewed		0
ps2WaitLimit	ps2PočkatOmezení	ps2PočkatOmezení	existing-unreviewed		0
pt	pt	pt	existing-unreviewed		0
pte	pte	pte	existing-unreviewed		0
pteAddr	pteAdresa	pteAdresa	existing-unreviewed		0
ptr	kurzor_2	odkaz_na_adresu_2	project-proposal	pointer	12
pushExecUint32	pushVykonáníunsignedinteger32	pushVykonáníunsignedinteger32	existing-unreviewed		0
queueKeyboardByte	queueKlávesnicebyte	queueKlávesnicebyte	existing-unreviewed		0
r	r	r	existing-unreviewed		0
r_addend	raddend	raddend	existing-unreviewed		0
r_info	rInformace	rInformace	existing-unreviewed		0
r_offset	roffset	roffset	existing-unreviewed		0
raw	raw	raw	existing-unreviewed		0
rawDataBackend	rawdatabackend	rawdatabackend	existing-unreviewed		0
readFile	čteníSoubor	čteníSoubor	existing-unreviewed		0
readPS2Data	čteníps2data	čteníps2data	existing-unreviewed		0
readStdin	čtenístdin	čtenístdin	existing-unreviewed		0
readVFSFile	čtenívfsSoubor	čtenívfsSoubor	existing-unreviewed		0
read_count	čteníPočet	čteníPočet	existing-unreviewed		0
receiver	receiver	receiver	existing-unreviewed		0
recvBufferDescr	recvbufferPopis	recvbufferPopis	existing-unreviewed		0
recvBufferDescrAddress	recvbufferPopisAdresa	recvbufferPopisAdresa	existing-unreviewed		0
recvBuffers	recvbuffer	recvbuffer	existing-unreviewed		0
recvBuffersDescrMemory	recvbufferPopisPaměť	recvbufferPopisPaměť	existing-unreviewed		0
refBytes	referenceBytů	referenceBytů	existing-unreviewed		0
refPtr	referenceKurzor	referenceKurzor	existing-unreviewed		0
refs	refs	refs	existing-unreviewed		0
regIndex	regRejstřík	regRejstřík	existing-unreviewed		0
registerAddressPort	registerAdresaport	registerAdresaport	existing-unreviewed		0
registerDataPort	registerdataport	registerdataport	existing-unreviewed		0
registeroffset	registeroffset	registeroffset	existing-unreviewed		0
registers	register	register	existing-unreviewed		0
regtype	regtype	regtype	existing-unreviewed		0
rel_text	reltext	reltext	existing-unreviewed		0
rel_text_len	reltextlen	reltextlen	existing-unreviewed		0
releaseOpenFile	releaseOtevřítSoubor	releaseOtevřítSoubor	existing-unreviewed		0
released	released	released	existing-unreviewed		0
reloadCR3	znovunačístcr3	znovunačístcr3	existing-unreviewed		0
relocation_text	relocationtext	relocationtext	existing-unreviewed		0
remaining	remaining	remaining	existing-unreviewed		0
remote	vzdálený	vzdálený	existing-unreviewed		0
remoteIP	vzdálenýip	vzdálenýip	existing-unreviewed		0
remotePort	vzdálenýportČíslo	vzdálenýportČíslo	existing-unreviewed		0
requested	requested	requested	existing-unreviewed		0
reserved	reservovaná	reservovaná	existing-unreviewed		0
reserved0	reservovaná0	reservovaná0	existing-unreviewed		0
reservedSectors	reservovanásectors	reservovanásectors	existing-unreviewed		0
resetPort	inicializovatport	inicializovatport	existing-unreviewed		0
restoreFpRegs	obnovitfpregs	obnovitfpregs	existing-unreviewed		0
result	vÝSLEDEK	vÝSLEDEK	existing-unreviewed		0
result1	vÝSLEDEK1	vÝSLEDEK1	existing-unreviewed		0
result2	vÝSLEDEK2	vÝSLEDEK2	existing-unreviewed		0
ret	ret	ret	existing-unreviewed		0
revision	revision	revision	existing-unreviewed		0
rightShift	vpravoshift	vpravoshift	existing-unreviewed		0
rootCluster	kořencluster	kořencluster	existing-unreviewed		0
rootDirEntries	kořenadresářZáznam	kořenadresářZáznam	existing-unreviewed		0
rootStart	kořenSpustit	kořenSpustit	existing-unreviewed		0
rt	rt	rt	existing-unreviewed		0
s	s	s	existing-unreviewed		0
sIfchr	sifchr	sifchr	existing-unreviewed		0
sIfdir	sifdir	sifdir	existing-unreviewed		0
sIfmt	sifmt	sifmt	existing-unreviewed		0
sIfreg	sifreg	sifreg	existing-unreviewed		0
sIfsock	sifsock	sifsock	existing-unreviewed		0
savedESP	uloženoesp	uloženoesp	existing-unreviewed		0
sc	sc	sc	existing-unreviewed		0
scanCode	prohledatcode	prohledatcode	existing-unreviewed		0
scanCodeToByte	prohledatcodedobyte	prohledatcodedobyte	existing-unreviewed		0
scancodeToByte	scancodedobyte	scancodedobyte	existing-unreviewed		0
sche	sche	sche	existing-unreviewed		0
sche_data	schedata	schedata	existing-unreviewed		0
scheduleStack	schedulestack	schedulestack	existing-unreviewed		0
scheduler	scheduler	scheduler	existing-unreviewed		0
schedulerDebug	schedulerLadit	schedulerLadit	existing-unreviewed		0
sectHeader	sectheader	sectheader	existing-unreviewed		0
sectHeaderSize	sectheaderVelikost	sectheaderVelikost	existing-unreviewed		0
sectName	sectNázev	sectNázev	existing-unreviewed		0
sectValue	sectHodnota	sectHodnota	existing-unreviewed		0
sector	sector	sector	existing-unreviewed		0
sectorCountPort	sectorPočetport	sectorPočetport	existing-unreviewed		0
sectorNum	sectorČíslo	sectorČíslo	existing-unreviewed		0
sectorOffset	sectoroffset	sectoroffset	existing-unreviewed		0
sectorPerTrack	sectorpertrack	sectorpertrack	existing-unreviewed		0
sectorsPerCluster	sectorspercluster	sectorspercluster	existing-unreviewed		0
seekCur	seekSoučasný	seekSoučasný	existing-unreviewed		0
seekEnd	seekKonec	seekKonec	existing-unreviewed		0
seekSet	seekNastavit	seekNastavit	existing-unreviewed		0
segmentNumber	segmentČíslo	segmentČíslo	existing-unreviewed		0
self	self	self	existing-unreviewed		0
self_uintptr	selfuintptr	selfuintptr	existing-unreviewed		0
sendBack	reply	reply	existing-unreviewed		0
sendBufferDescr	poslatbufferPopis	poslatbufferPopis	existing-unreviewed		0
sendBufferDescrAddress	poslatbufferPopisAdresa	poslatbufferPopisAdresa	existing-unreviewed		0
sendBuffers	poslatbuffer	poslatbuffer	existing-unreviewed		0
sendBuffersDescrMemory	poslatbufferPopisPaměť	poslatbufferPopisPaměť	existing-unreviewed		0
sendDataPointer	poslatdataKurzor	poslatdataKurzor	existing-unreviewed		0
sendDescriptor	poslatdescriptor	poslatdescriptor	existing-unreviewed		0
sendMouseCommand	poslatMyšPříkaz	poslatMyšPříkaz	existing-unreviewed		0
sequencerDataPort	sequencerdataport	sequencerdataport	existing-unreviewed		0
sequencerIndexPort	sequencerRejstříkport	sequencerRejstříkport	existing-unreviewed		0
serialLogByte	sériovýProtokolbyte	sériovýProtokolbyte	existing-unreviewed		0
serialReady	sériovýPřipraven	sériovýPřipraven	existing-unreviewed		0
setCR3	nastavitcr3	nastavitcr3	existing-unreviewed		0
setDS	nastavitds	nastavitds	existing-unreviewed		0
setGS	nastavitgs	nastavitgs	existing-unreviewed		0
setThreadExitLoopState	nastavitthreadKonecloopStav	nastavitthreadKonecloopStav	existing-unreviewed		0
setupExecStack	setupVykonánístack	setupVykonánístack	existing-unreviewed		0
sh	sh	sh	existing-unreviewed		0
sh_addr	shAdresa	shAdresa	existing-unreviewed		0
sh_addralign	shaddralign	shaddralign	existing-unreviewed		0
sh_entsize	shentsize	shentsize	existing-unreviewed		0
sh_flags	shPříznaky	shPříznaky	existing-unreviewed		0
sh_info	shInformace	shInformace	existing-unreviewed		0
sh_link	shOdkaz	shOdkaz	existing-unreviewed		0
sh_name	shNázev	shNázev	existing-unreviewed		0
sh_offset	shoffset	shoffset	existing-unreviewed		0
sh_size	shVelikost	shVelikost	existing-unreviewed		0
sh_type	shTyp	shTyp	existing-unreviewed		0
shift	shift	shift	existing-unreviewed		0
signature	signature	signature	existing-unreviewed		0
size	velikost	velikost	existing-unreviewed		0
sl	sl	sl	existing-unreviewed		0
sockDatagram	sockdatagram	sockdatagram	existing-unreviewed		0
socket	socket	socket	existing-unreviewed		0
socketAddress	socketAdresa	socketAdresa	existing-unreviewed		0
socketAddressIPv4	socketAdresaipv4	socketAdresaipv4	existing-unreviewed		0
socketBind	socketSvázat	socketSvázat	existing-unreviewed		0
socketCallArgument	socketcallargument	socketcallargument	existing-unreviewed		0
socketConnect	socketSpojení	socketSpojení	existing-unreviewed		0
socketForFD	socketforfd	socketforfd	existing-unreviewed		0
socketIndex	socketRejstřík	socketRejstřík	existing-unreviewed		0
socketPacket	socketPAKET	socketPAKET	existing-unreviewed		0
socketReceiveFrom	socketreceivez	socketreceivez	existing-unreviewed		0
socketSendTo	socketPoslatdo	socketPoslatdo	existing-unreviewed		0
socketType	socketTyp	socketTyp	existing-unreviewed		0
sockets	sockets	sockets	existing-unreviewed		0
softName	softNázev	softNázev	existing-unreviewed		0
source	zdroj	zdroj	existing-unreviewed		0
sourceAddress	zdrojAdresa	zdrojAdresa	existing-unreviewed		0
sourceLengthAddress	zdrojDélkaAdresa	zdrojDélkaAdresa	existing-unreviewed		0
src	zdroj_2	zdroj_2	existing-unreviewed		0
srcEntry	zdrojZáznam	zdrojZáznam	existing-unreviewed		0
srcIP	zdrojipAdresa	zdrojipAdresa	existing-unreviewed		0
srcIP_BE	zdrojipAdresaSíťbyteorder	zdrojipAdresaSíťbyteorder	existing-unreviewed		0
srcMAC	zdrojmacAdresa	zdrojmacAdresa	existing-unreviewed		0
srcMAC_BE	zdrojmacbe	zdrojmacbe	existing-unreviewed		0
srcPageDir	zdrojStránkaadresář	zdrojStránkaadresář	existing-unreviewed		0
srcPde	zdrojpde	zdrojpde	existing-unreviewed		0
srcPdeAddr	zdrojpdeAdresa	zdrojpdeAdresa	existing-unreviewed		0
srcPort	zdrojportČíslo	číslo_zdrojového_portu	project-proposal	source_port	9
srcPt	zdrojpt	zdrojpt	existing-unreviewed		0
srcptr	srcptr	srcptr	existing-unreviewed		0
ss	ss	ss	existing-unreviewed		0
ss0	ss0	ss0	existing-unreviewed		0
ss1	ss1	ss1	existing-unreviewed		0
ss2	ss2	ss2	existing-unreviewed		0
st	st	st	existing-unreviewed		0
st_info	stInformace	stInformace	existing-unreviewed		0
st_name	stNázev	stNázev	existing-unreviewed		0
st_other	stOstatní	stOstatní	existing-unreviewed		0
st_shndx	stshndx	stshndx	existing-unreviewed		0
st_size	stVelikost	stVelikost	existing-unreviewed		0
st_value	stHodnota	stHodnota	existing-unreviewed		0
stack	stack	paměť_zásobníku	project-proposal	stack	18
stackBytes	stackBytů	stackBytů	existing-unreviewed		0
stackPtr	stackKurzor	stackKurzor	existing-unreviewed		0
stack_addr	stackAdresa	stackAdresa	existing-unreviewed		0
stackbottom	stackbottom	stackbottom	existing-unreviewed		0
stacktop	stacktop	stacktop	existing-unreviewed		0
start	spustit	spustit	existing-unreviewed		0
startOffset	spustitoffset	spustitoffset	existing-unreviewed		0
start_cylinder	spustitcylinder	spustitcylinder	existing-unreviewed		0
start_head	spustithead	spustithead	existing-unreviewed		0
start_sector	spustitsector	spustitsector	existing-unreviewed		0
startingBit	startingbit	startingbit	existing-unreviewed		0
stat	stat	stat	existing-unreviewed		0
statAddr	statAdresa	statAdresa	existing-unreviewed		0
status	stav	stav	existing-unreviewed		0
statusAddr	stavAdresa	stavAdresa	existing-unreviewed		0
stderrFD	stderrfd	stderrfd	existing-unreviewed		0
stdinBuffer	stdinbuffer	stdinbuffer	existing-unreviewed		0
stdinFD	stdinfd	stdinfd	existing-unreviewed		0
stdinGetBlocking	stdingetblocking	stdingetblocking	existing-unreviewed		0
stdinRead	stdinČtení	stdinČtení	existing-unreviewed		0
stdinWrite	stdinZápis	stdinZápis	existing-unreviewed		0
stdoutFD	stdoutfd	stdoutfd	existing-unreviewed		0
stoppedThread	zastaventhread	zastaventhread	existing-unreviewed		0
str	str	str	existing-unreviewed		0
stringAddress	řetězecAdresa	řetězecAdresa	existing-unreviewed		0
stringHeader	řetězecheader	řetězecheader	existing-unreviewed		0
strtab	strtab	strtab	existing-unreviewed		0
subclass_id	subclassid	subclassid	existing-unreviewed		0
subnetMask	subnetMaska	subnetMaska	existing-unreviewed		0
swapUint16	odkládacíprostorunsignedinteger16	odkládacíprostorunsignedinteger16	existing-unreviewed		0
switchForced	switchforced	switchforced	existing-unreviewed		0
sysAccess	syspřístup	syspřístup	existing-unreviewed		0
sysBrk	sysbrk	sysbrk	existing-unreviewed		0
sysCall	syscall	syscall	existing-unreviewed		0
sysChdir	syschdir	syschdir	existing-unreviewed		0
sysClose	sysZavřít	sysZavřít	existing-unreviewed		0
sysDup	sysdup	sysdup	existing-unreviewed		0
sysDup2	sysdup2	sysdup2	existing-unreviewed		0
sysExecve	sysexecve	sysexecve	existing-unreviewed		0
sysExit	sysKonec	sysKonec	existing-unreviewed		0
sysFcntl	sysfcntl	sysfcntl	existing-unreviewed		0
sysFork	sysfork	sysfork	existing-unreviewed		0
sysFstat	sysfstat	sysfstat	existing-unreviewed		0
sysFsync	sysfsync	sysfsync	existing-unreviewed		0
sysGetcwd	sysgetcwd	sysgetcwd	existing-unreviewed		0
sysLseek	syslseek	syslseek	existing-unreviewed		0
sysOpen	sysOtevřít	sysOtevřít	existing-unreviewed		0
sysRead	sysČtení	sysČtení	existing-unreviewed		0
sysSocketCall	syssocketcall	syssocketcall	existing-unreviewed		0
sysStat	sysstat	sysstat	existing-unreviewed		0
sysUname	sysuname	sysuname	existing-unreviewed		0
sysWaitpid	syswaitpid	syswaitpid	existing-unreviewed		0
sysWrite	sysZápis	sysZápis	existing-unreviewed		0
syscallError	syscallChyba	syscallChyba	existing-unreviewed		0
syscallID	syscallid	syscallid	existing-unreviewed		0
systemcall	systémcall	systémcall	existing-unreviewed		0
table	tabulka	tabulka	existing-unreviewed		0
tableSize	tabulkaVelikost	tabulkaVelikost	existing-unreviewed		0
tail	tail	tail	existing-unreviewed		0
task	úloha	úloha	existing-unreviewed		0
taskA	úlohaa	úlohaa	existing-unreviewed		0
taskB	úlohab	úlohab	existing-unreviewed		0
taskC	úlohac	úlohac	existing-unreviewed		0
taskD	úlohad	úlohad	existing-unreviewed		0
taskD0	úlohad0	úlohad0	existing-unreviewed		0
taskD1	úlohad1	úlohad1	existing-unreviewed		0
taskManager	úlohamanager	úlohamanager	existing-unreviewed		0
tasks	úkoly	úkoly	existing-unreviewed		0
temp	temporary	temporary	existing-unreviewed		0
terminated	terminated	terminated	existing-unreviewed		0
text	text	text	existing-unreviewed		0
textPtr	textKurzor	textKurzor	existing-unreviewed		0
text_len	textlen	textlen	existing-unreviewed		0
text_mode_check_fb_move	textMÓDcheckfbPřesunout	textMÓDcheckfbPřesunout	existing-unreviewed		0
text_mode_disable_cursor	textMÓDZakázatKurzor	textMÓDZakázatKurzor	existing-unreviewed		0
text_mode_enable_cursor	textMÓDPovolitKurzor	textMÓDPovolitKurzor	existing-unreviewed		0
text_mode_error_writer	textMÓDChybawriter	textMÓDChybawriter	existing-unreviewed		0
text_mode_flush_screen	textMÓDflushObrazovka	textMÓDflushObrazovka	existing-unreviewed		0
text_mode_init	textMÓDinit	textMÓDinit	existing-unreviewed		0
text_mode_print	textMÓDTisknout	textMÓDTisknout	existing-unreviewed		0
text_mode_print_bytes	textMÓDTisknoutBytů	textMÓDTisknoutBytů	existing-unreviewed		0
text_mode_print_char	textMÓDTisknoutchar	textMÓDTisknoutchar	existing-unreviewed		0
text_mode_print_char_col	textMÓDTisknoutcharcol	textMÓDTisknoutcharcol	existing-unreviewed		0
text_mode_print_col	textMÓDTisknoutcol	textMÓDTisknoutcol	existing-unreviewed		0
text_mode_print_error	textMÓDTisknoutChyba	textMÓDTisknoutChyba	existing-unreviewed		0
text_mode_print_error_bytes	textMÓDTisknoutChybaBytů	textMÓDTisknoutChybaBytů	existing-unreviewed		0
text_mode_print_errorln	textMÓDTisknouterrorln	textMÓDTisknouterrorln	existing-unreviewed		0
text_mode_print_hex	textMÓDTisknoutŠestnáctkově	textMÓDTisknoutŠestnáctkově	existing-unreviewed		0
text_mode_print_hex16	textMÓDTisknoutŠestnáctkově16	textMÓDTisknoutŠestnáctkově16	existing-unreviewed		0
text_mode_print_hex32	textMÓDTisknoutŠestnáctkově32	textMÓDTisknoutŠestnáctkově32	existing-unreviewed		0
text_mode_print_hex64	textMÓDTisknoutŠestnáctkově64	textMÓDTisknoutŠestnáctkově64	existing-unreviewed		0
text_mode_print_hex_char	textMÓDTisknoutŠestnáctkověchar	textMÓDTisknoutŠestnáctkověchar	existing-unreviewed		0
text_mode_println	textMÓDprintln	textMÓDprintln	existing-unreviewed		0
text_mode_println_col	textMÓDprintlncol	textMÓDprintlncol	existing-unreviewed		0
text_mode_update_cursor	textMÓDAktualizovatKurzor	textMÓDAktualizovatKurzor	existing-unreviewed		0
text_mode_writer	textMÓDwriter	textMÓDwriter	existing-unreviewed		0
thr2	thr2	thr2	existing-unreviewed		0
thr3	thr3	thr3	existing-unreviewed		0
thr4	thr4	thr4	existing-unreviewed		0
thread	thread	thread	existing-unreviewed		0
threadExitLoop	threadKonecloop	threadKonecloop	existing-unreviewed		0
threadHelper	threadhelper	threadhelper	existing-unreviewed		0
threadPtr	threadKurzor	threadKurzor	existing-unreviewed		0
tickCount	tickPočet	tickPočet	existing-unreviewed		0
timeDelta	časdelta	časdelta	existing-unreviewed		0
timeToLive	časdolive	časdolive	existing-unreviewed		0
timer	odpočet	odpočet	existing-unreviewed		0
tls	tls	tls	existing-unreviewed		0
tmp	tmp	tmp	existing-unreviewed		0
tmpPtr	tmpKurzor	tmpKurzor	existing-unreviewed		0
tos	tos	tos	existing-unreviewed		0
totalLength	celkemDélka	celkemDélka	existing-unreviewed		0
totalSectorCount	celkemsectorPočet	celkemsectorPočet	existing-unreviewed		0
totalSectors	celkemsectors	celkemsectors	existing-unreviewed		0
trap	trap	trap	existing-unreviewed		0
tss	tss	tss	existing-unreviewed		0
tssIndex	tssRejstřík	tssRejstřík	existing-unreviewed		0
udp	udp	protokol_uživatelských_datagramů	project-proposal	udp	1
udpHandler	udphandler	udphandler	existing-unreviewed		0
udpHeaderSize	udpheaderVelikost	udpheaderVelikost	existing-unreviewed		0
udpProvider	udpprovider	udpprovider	existing-unreviewed		0
udp콘솔	udpKonzole	udpKonzole	existing-unreviewed		0
unused	nepoužito	nepoužito	existing-unreviewed		0
used	použito	použito	existing-unreviewed		0
usedBlocks	použitoBlokový	použitoBlokový	existing-unreviewed		0
user1addr	uživatel1Adresa	uživatel1Adresa	existing-unreviewed		0
user1data	uživatel1data	uživatel1data	existing-unreviewed		0
user1entry	uživatel1Záznam	uživatel1Záznam	existing-unreviewed		0
user1file	uživatel1Soubor	uživatel1Soubor	existing-unreviewed		0
user2addr	uživatel2Adresa	uživatel2Adresa	existing-unreviewed		0
user2data	uživatel2data	uživatel2data	existing-unreviewed		0
user2entry	uživatel2Záznam	uživatel2Záznam	existing-unreviewed		0
user2file	uživatel2Soubor	uživatel2Soubor	existing-unreviewed		0
user3addr	uživatel3Adresa	uživatel3Adresa	existing-unreviewed		0
user3data	uživatel3data	uživatel3data	existing-unreviewed		0
user3entry	uživatel3Záznam	uživatel3Záznam	existing-unreviewed		0
user3file	uživatel3Soubor	uživatel3Soubor	existing-unreviewed		0
userHeapBase	uživatelheapbase	uživatelheapbase	existing-unreviewed		0
userHeapLimit	uživatelheapOmezení	uživatelheapOmezení	existing-unreviewed		0
user_esp	uživatelesp	uživatelesp	existing-unreviewed		0
userhandler	userhandler	userhandler	existing-unreviewed		0
userproc_entry	userprocZáznam	userprocZáznam	existing-unreviewed		0
util	util	util	existing-unreviewed		0
util콘솔	utilKonzole	utilKonzole	existing-unreviewed		0
v	v	v	existing-unreviewed		0
vAddr	vAdresa	vAdresa	existing-unreviewed		0
value	hodnota	hodnota	existing-unreviewed		0
values	hodnoty	hodnoty	existing-unreviewed		0
version	verze	verze	existing-unreviewed		0
vga	vga	vga	existing-unreviewed		0
virtlen	virtlen	virtlen	existing-unreviewed		0
virtmem	virtuálníPaměť	virtuálníPaměť	existing-unreviewed		0
virtualAddr	virtuálníAdresa	virtuálníAdresa	existing-unreviewed		0
volumeId	hlasitostid	hlasitostid	existing-unreviewed		0
volumeLabel	hlasitostPopisek	hlasitostPopisek	existing-unreviewed		0
w	w	w	existing-unreviewed		0
wDate	wDatum	wDatum	existing-unreviewed		0
wTime	wČas	wČas	existing-unreviewed		0
waitPS2InputEmpty	počkatps2VstupPrázdné	počkatps2VstupPrázdné	existing-unreviewed		0
waitPS2OutputFull	počkatps2VýstupÚplný	počkatps2VýstupÚplný	existing-unreviewed		0
wdata	wdata	wdata	existing-unreviewed		0
whence	whence	whence	existing-unreviewed		0
widget	widget	prvek_obrazovky	project-proposal	widget	6
width	šířka	šířka	existing-unreviewed		0
writePS2Command	zápisps2Příkaz	zápisps2Příkaz	existing-unreviewed		0
writePS2Data	zápisps2data	zápisps2data	existing-unreviewed		0
write_count	zápisPočet	zápisPočet	existing-unreviewed		0
x	x	x	existing-unreviewed		0
xPageDir	xStránkaadresář	xStránkaadresář	existing-unreviewed		0
xPos	xUmístění	xUmístění	existing-unreviewed		0
y	y	y	existing-unreviewed		0
yPageDir	yStránkaadresář	yStránkaadresář	existing-unreviewed		0
yPos	yUmístění	yUmístění	existing-unreviewed		0
값	hodnota_2	hodnota_2	existing-unreviewed		0
공용서술자테이블	shareddescriptorTabulka	shareddescriptorTabulka	existing-unreviewed		0
기준	base_2	base_2	existing-unreviewed		0
기준_낮은	baseNízká_2	baseNízká_2	existing-unreviewed		0
기준_높은	baseVysoká_2	baseVysoká_2	existing-unreviewed		0
기준_매우높은	baseveryVysoká	baseveryVysoká	existing-unreviewed		0
기준주소	baseAdresa	baseAdresa	existing-unreviewed		0
넷카드콘솔	síťKaretníKonzole	síťKaretníKonzole	existing-unreviewed		0
단말기	terminal	terminal	existing-unreviewed		0
마우스콘솔	myšKonzole	myšKonzole	existing-unreviewed		0
매개값	argumentHodnota	argumentHodnota	existing-unreviewed		0
멈추기	halt	halt	existing-unreviewed		0
목적	cíl_3	cíl_3	existing-unreviewed		0
유형	typ_2	typ_2	existing-unreviewed		0
이더넷콘솔	ethernetKonzole	ethernetKonzole	existing-unreviewed		0
인터럽트무시하기	přerušeníignore	přerušeníignore	existing-unreviewed		0
인터럽트예외처리기	přerušeníexceptionhandler	přerušeníexceptionhandler	existing-unreviewed		0
인터럽트예외처리기0x00	přerušeníexceptionhandler0x00	přerušeníexceptionhandler0x00	existing-unreviewed		0
인터럽트예외처리기0x01	přerušeníexceptionhandler0x01	přerušeníexceptionhandler0x01	existing-unreviewed		0
인터럽트예외처리기0x02	přerušeníexceptionhandler0x02	přerušeníexceptionhandler0x02	existing-unreviewed		0
인터럽트예외처리기0x03	přerušeníexceptionhandler0x03	přerušeníexceptionhandler0x03	existing-unreviewed		0
인터럽트예외처리기0x04	přerušeníexceptionhandler0x04	přerušeníexceptionhandler0x04	existing-unreviewed		0
인터럽트예외처리기0x05	přerušeníexceptionhandler0x05	přerušeníexceptionhandler0x05	existing-unreviewed		0
인터럽트예외처리기0x06	přerušeníexceptionhandler0x06	přerušeníexceptionhandler0x06	existing-unreviewed		0
인터럽트예외처리기0x07	přerušeníexceptionhandler0x07	přerušeníexceptionhandler0x07	existing-unreviewed		0
인터럽트예외처리기0x08	přerušeníexceptionhandler0x08	přerušeníexceptionhandler0x08	existing-unreviewed		0
인터럽트예외처리기0x09	přerušeníexceptionhandler0x09	přerušeníexceptionhandler0x09	existing-unreviewed		0
인터럽트예외처리기0x0A	přerušeníexceptionhandler0x0a	přerušeníexceptionhandler0x0a	existing-unreviewed		0
인터럽트예외처리기0x0B	přerušeníexceptionhandler0x0b	přerušeníexceptionhandler0x0b	existing-unreviewed		0
인터럽트예외처리기0x0C	přerušeníexceptionhandler0x0c	přerušeníexceptionhandler0x0c	existing-unreviewed		0
인터럽트예외처리기0x0D	přerušeníexceptionhandler0x0d	přerušeníexceptionhandler0x0d	existing-unreviewed		0
인터럽트예외처리기0x0E	přerušeníexceptionhandler0x0e	přerušeníexceptionhandler0x0e	existing-unreviewed		0
인터럽트예외처리기0x0F	přerušeníexceptionhandler0x0f	přerušeníexceptionhandler0x0f	existing-unreviewed		0
인터럽트예외처리기0x10	přerušeníexceptionhandler0x10	přerušeníexceptionhandler0x10	existing-unreviewed		0
인터럽트예외처리기0x11	přerušeníexceptionhandler0x11	přerušeníexceptionhandler0x11	existing-unreviewed		0
인터럽트예외처리기0x12	přerušeníexceptionhandler0x12	přerušeníexceptionhandler0x12	existing-unreviewed		0
인터럽트예외처리기0x13	přerušeníexceptionhandler0x13	přerušeníexceptionhandler0x13	existing-unreviewed		0
인터럽트요청처리0x00	přerušenírequesthandler0x00	přerušenírequesthandler0x00	existing-unreviewed		0
인터럽트요청처리0x01	přerušenírequesthandler0x01	přerušenírequesthandler0x01	existing-unreviewed		0
인터럽트요청처리0x02	přerušenírequesthandler0x02	přerušenírequesthandler0x02	existing-unreviewed		0
인터럽트요청처리0x03	přerušenírequesthandler0x03	přerušenírequesthandler0x03	existing-unreviewed		0
인터럽트요청처리0x04	přerušenírequesthandler0x04	přerušenírequesthandler0x04	existing-unreviewed		0
인터럽트요청처리0x05	přerušenírequesthandler0x05	přerušenírequesthandler0x05	existing-unreviewed		0
인터럽트요청처리0x06	přerušenírequesthandler0x06	přerušenírequesthandler0x06	existing-unreviewed		0
인터럽트요청처리0x07	přerušenírequesthandler0x07	přerušenírequesthandler0x07	existing-unreviewed		0
인터럽트요청처리0x08	přerušenírequesthandler0x08	přerušenírequesthandler0x08	existing-unreviewed		0
인터럽트요청처리0x09	přerušenírequesthandler0x09	přerušenírequesthandler0x09	existing-unreviewed		0
인터럽트요청처리0x0A	přerušenírequesthandler0x0a	přerušenírequesthandler0x0a	existing-unreviewed		0
인터럽트요청처리0x0B	přerušenírequesthandler0x0b	přerušenírequesthandler0x0b	existing-unreviewed		0
인터럽트요청처리0x0C	přerušenírequesthandler0x0c	přerušenírequesthandler0x0c	existing-unreviewed		0
인터럽트요청처리0x0D	přerušenírequesthandler0x0d	přerušenírequesthandler0x0d	existing-unreviewed		0
인터럽트요청처리0x0E	přerušenírequesthandler0x0e	přerušenírequesthandler0x0e	existing-unreviewed		0
인터럽트요청처리0x0F	přerušenírequesthandler0x0f	přerušenírequesthandler0x0f	existing-unreviewed		0
인터럽트요청처리0x80	přerušenírequesthandler0x80	přerušenírequesthandler0x80	existing-unreviewed		0
인터럽트요청처리0x81	přerušenírequesthandler0x81	přerušenírequesthandler0x81	existing-unreviewed		0
인터럽트요청처리0x82	přerušenírequesthandler0x82	přerušenírequesthandler0x82	existing-unreviewed		0
인터럽트처리기	přerušeníhandler_2	přerušeníhandler_2	existing-unreviewed		0
임시	temporary_2	temporary_2	existing-unreviewed		0
자료	data_2	data_2	existing-unreviewed		0
자신	self_2	self_2	existing-unreviewed		0
작업관리자	úlohamanager_2	úlohamanager_2	existing-unreviewed		0
작업콘솔	úlohaKonzole	úlohaKonzole	existing-unreviewed		0
조각설명자	segmentdescriptor	segmentdescriptor	existing-unreviewed		0
콘솔	konzole_2	konzole_2	existing-unreviewed		0
크기	velikost_2	velikost_2	existing-unreviewed		0
키보드콘솔	klávesniceKonzole	klávesniceKonzole	existing-unreviewed		0
표시들	příznaky_2	příznaky_2	existing-unreviewed		0
표시들_한도_높은	příznakyOmezeníVysoká	příznakyOmezeníVysoká	existing-unreviewed		0
한도	omezení_2	omezení_2	existing-unreviewed		0
한도_낮은	omezeníNízká_2	omezeníNízká_2	existing-unreviewed		0
