original	before	after	review_status	concept	changed_tokens
Activate	Activa	Activa	existing-unreviewed		0
ActivateAll	ActivaTot	ActivaTot	existing-unreviewed		0
Active	Actiu	Actiu	existing-unreviewed		0
ActiveInterruptManager	ActiuInterrupciómanager	ActiuInterrupciómanager	existing-unreviewed		0
ActiveMemoryManager	ActiuMemòriamanager	ActiuMemòriamanager	existing-unreviewed		0
Add	Afegeix	Afegeix	existing-unreviewed		0
AddDriver	Afegeixdriver	Afegeixdriver	existing-unreviewed		0
AddRunnableThread	Afegeixrunnablethread	Afegeixrunnablethread	existing-unreviewed		0
AddTask	AfegeixTasca	AfegeixTasca	existing-unreviewed		0
AddThread	Afegeixthread	Afegeixthread	existing-unreviewed		0
Address	Adreça	Adreça	existing-unreviewed		0
AlignedMalloc	Alignedmalloc	Alignedmalloc	existing-unreviewed		0
AlignmentCheck	Alignmentcheck	Alignmentcheck	existing-unreviewed		0
AllocateBlock	AllocateBloc	AllocateBloc	existing-unreviewed		0
AllocatePID	Allocatepid	Allocatepid	existing-unreviewed		0
AmountOfMemory	QuantitatdeMemòria	QuantitatdeMemòria	existing-unreviewed		0
ArrayToUint16	Matriutounsignedinteger16	Matriutounsignedinteger16	existing-unreviewed		0
ArrayToUint32	Matriutounsignedinteger32	Matriutounsignedinteger32	existing-unreviewed		0
ArrayToUint48	Matriutounsignedinteger48	Matriutounsignedinteger48	existing-unreviewed		0
ArrayToUint48_BE	Matriutounsignedinteger48be	Matriutounsignedinteger48be	existing-unreviewed		0
ArrayToUint64	Matriutounsignedinteger64	Matriutounsignedinteger64	existing-unreviewed		0
Atime	Atime	Atime	existing-unreviewed		0
AtimeNsec	Atimensec	Atimensec	existing-unreviewed		0
BLOCKS_PER_BYTE	Blocperbyte	Blocperbyte	existing-unreviewed		0
BLOCK_SIZE	BlocMida	BlocMida	existing-unreviewed		0
Backend	Backend	Backend	existing-unreviewed		0
BaseAddr	BaseAdreça	BaseAdreça	existing-unreviewed		0
Bind	Vincula	Vincula	existing-unreviewed		0
Blksize	Blksize	Blksize	existing-unreviewed		0
Blocked	Blocked	Blocked	existing-unreviewed		0
BlockedState	BlockedEstat	BlockedEstat	existing-unreviewed		0
Blocks	Bloc	Bloc	existing-unreviewed		0
BoundRangeExceeded	BoundIntervalexceeded	BoundIntervalexceeded	existing-unreviewed		0
BroadcastMacAddress	BroadcastmacAdreça	BroadcastmacAdreça	existing-unreviewed		0
BytesPerSector	Bytespersector	Bytespersector	existing-unreviewed		0
BytesToString	BytestoCadena	BytestoCadena	existing-unreviewed		0
Checksum	Checksum	Checksum	existing-unreviewed		0
Clear	Neteja	Neteja	existing-unreviewed		0
Clone	Clone	Clone	existing-unreviewed		0
CloneAddressSpaceCOW	CloneAdreçaEspaicow	CloneAdreçaEspaicow	existing-unreviewed		0
Connect	Connecta	Connecta	existing-unreviewed		0
ContainsCoordinate	Containscoordinate	Containscoordinate	existing-unreviewed		0
CopyPageFrameBlock	CopiaPàginaMarcBloc	CopiaPàginaMarcBloc	existing-unreviewed		0
CpuState	CpuEstat	CpuEstat	existing-unreviewed		0
Create	Create	Create	existing-unreviewed		0
CreateFromData	Createdesdedata	Createdesdedata	existing-unreviewed		0
CreateFromFunction	CreatedesdeFunció	CreatedesdeFunció	existing-unreviewed		0
CreatePtrFromFunction	CreatePunterdesdeFunció	CreatePunterdesdeFunció	existing-unreviewed		0
Cs	Cs	Cs	existing-unreviewed		0
Ctime	Ctime	Ctime	existing-unreviewed		0
CtimeNsec	Ctimensec	Ctimensec	existing-unreviewed		0
CurrentPID	Actualpid	Actualpid	existing-unreviewed		0
CurrentParentPID	Actualparepid	Actualparepid	existing-unreviewed		0
Data	Data	Data	compatibility		0
Deactivate	Desactiva	Desactiva	existing-unreviewed		0
Deactive	Deactive	Deactive	existing-unreviewed		0
Decrement	Decrement	Decrement	existing-unreviewed		0
Delete	Suprimeix	Suprimeix	existing-unreviewed		0
DescriptorPrivilegeLevel	Descriptorprivilegelevel	Descriptorprivilegelevel	existing-unreviewed		0
DescriptorType	DescriptorTipus	DescriptorTipus	existing-unreviewed		0
Destroy	Destrueix	Destrueix	existing-unreviewed		0
Dev	Dispositiu	Dispositiu	existing-unreviewed		0
DeviceHasFunctions	DispositiuhasFuncions	DispositiuhasFuncions	existing-unreviewed		0
DeviceNotAvailable	DispositiunotDisponible	DispositiunotDisponible	existing-unreviewed		0
Device_id	DispositiuIdentificador	DispositiuIdentificador	existing-unreviewed		0
DisableInt	InhabilitaEnter	InhabilitaEnter	existing-unreviewed		0
Disconnect	Desconnecta	Desconnecta	existing-unreviewed		0
DivideByZero	Dividebyzero	Dividebyzero	existing-unreviewed		0
DoHandleInterrupt	DoGestorInterrupció	DoGestorInterrupció	existing-unreviewed		0
DoubleFault	Doblefault	Doblefault	existing-unreviewed		0
Draw	Draw	Draw	existing-unreviewed		0
DriverManager	Drivermanager	Drivermanager	existing-unreviewed		0
Ds	Ds	Ds	existing-unreviewed		0
Dynamic	Dinàmic	Dinàmic	existing-unreviewed		0
E2BIG	E2big	E2big	existing-unreviewed		0
EACCES	Eacces	Eacces	existing-unreviewed		0
EADDRINUSE	Eaddrinuse	Eaddrinuse	existing-unreviewed		0
EAFNOSUPPORT	Eafnosupport	Eafnosupport	existing-unreviewed		0
EAGAIN	Eagain	Eagain	existing-unreviewed		0
EBADF	Ebadf	Ebadf	existing-unreviewed		0
EBUSY	Ebusy	Ebusy	existing-unreviewed		0
ECHILD	Echild	Echild	existing-unreviewed		0
EEXIST	Eexist	Eexist	existing-unreviewed		0
EFAULT	Efault	Efault	existing-unreviewed		0
EFBIG	Efbig	Efbig	existing-unreviewed		0
EINTR	Eintr	Eintr	existing-unreviewed		0
EINVAL	Einval	Einval	existing-unreviewed		0
EIO	Eio	Eio	existing-unreviewed		0
EISDIR	Eisdir	Eisdir	existing-unreviewed		0
EMFILE	Emfile	Emfile	existing-unreviewed		0
EMSGSIZE	Emsgsize	Emsgsize	existing-unreviewed		0
ENETUNREACH	Enetunreach	Enetunreach	existing-unreviewed		0
ENFILE	Enfile	Enfile	existing-unreviewed		0
ENODEV	Enodev	Enodev	existing-unreviewed		0
ENOENT	Enoent	Enoent	existing-unreviewed		0
ENOEXEC	Enoexec	Enoexec	existing-unreviewed		0
ENOMEM	Enomem	Enomem	existing-unreviewed		0
ENOSPC	Enospc	Enospc	existing-unreviewed		0
ENOSYS	Enosys	Enosys	existing-unreviewed		0
ENOTCONN	Enotconn	Enotconn	existing-unreviewed		0
ENOTDIR	Enotdir	Enotdir	existing-unreviewed		0
ENOTTY	Enotty	Enotty	existing-unreviewed		0
EOPNOTSUPP	Eopnotsupp	Eopnotsupp	existing-unreviewed		0
EPERM	Eperm	Eperm	existing-unreviewed		0
EPROTONOSUPPORT	Eprotonosupport	Eprotonosupport	existing-unreviewed		0
ERANGE	Erange	Erange	existing-unreviewed		0
EROFS	Erofs	Erofs	existing-unreviewed		0
ESPIPE	Espipe	Espipe	existing-unreviewed		0
ESRCH	Esrch	Esrch	existing-unreviewed		0
Eax	Eax	Eax	existing-unreviewed		0
Ebp	Ebp	Ebp	existing-unreviewed		0
Ebx	Ebx	Ebx	existing-unreviewed		0
Ecx	Ecx	Ecx	existing-unreviewed		0
Edi	Edi	Edi	existing-unreviewed		0
Edx	Edx	Edx	existing-unreviewed		0
Eflags	Eflags	Eflags	existing-unreviewed		0
Eip	Eip	Eip	existing-unreviewed		0
Elf	Elf	Elf	existing-unreviewed		0
Elf32Dyn	Elf32dyn	Elf32dyn	existing-unreviewed		0
Elf32Note	Elf32Nota	Elf32Nota	existing-unreviewed		0
Elf32Rel	Elf32rel	Elf32rel	existing-unreviewed		0
Elf32Rela	Elf32rela	Elf32rela	existing-unreviewed		0
Elf32Sym	Elf32sym	Elf32sym	existing-unreviewed		0
ElfHeader	Elfheader	Elfheader	existing-unreviewed		0
ElfProgramHeader	Elfprogramaheader	Elfprogramaheader	existing-unreviewed		0
ElfSectionHeader	Elfsectionheader	Elfsectionheader	existing-unreviewed		0
EnablePaging	Activapaging	Activapaging	existing-unreviewed		0
Enabled	Habilitat	Habilitat	existing-unreviewed		0
EntryNumber	EntradaNombre	EntradaNombre	existing-unreviewed		0
EqualBytes	Igualbytes	Igualbytes	existing-unreviewed		0
Es	Es	Es	existing-unreviewed		0
Esi	Esi	Esi	existing-unreviewed		0
Esp	Esp	Esp	existing-unreviewed		0
FPUBuffer	Fpubuffer	Fpubuffer	existing-unreviewed		0
FPUOffset	Fpuoffset	Fpuoffset	existing-unreviewed		0
Family	Family	Family	existing-unreviewed		0
FileName	FitxerNom	FitxerNom	existing-unreviewed		0
Fill	Fill	Fill	existing-unreviewed		0
FillRectangle	Fillrectangle	Fillrectangle	existing-unreviewed		0
First	First	First	existing-unreviewed		0
FirstFree	FirstLliure	FirstLliure	existing-unreviewed		0
FirstFreeSize	FirstLliureMida	FirstLliureMida	existing-unreviewed		0
Flags	Senyaladors	Senyaladors	existing-unreviewed		0
FloatingPointException	Flotantpointexception	Flotantpointexception	existing-unreviewed		0
Flush	Flush	Flush	existing-unreviewed		0
FlushTlsTable	FlushtlsTaula	FlushtlsTaula	existing-unreviewed		0
Focussable	Focussable	Focussable	existing-unreviewed		0
Free	Lliure	Lliure	existing-unreviewed		0
Fs	Fs	Fs	existing-unreviewed		0
GB	Gb	Gb	existing-unreviewed		0
GDT_ENTRIES	Gdtentrada	Gdtentrada	existing-unreviewed		0
GOT	Got	Got	existing-unreviewed		0
GPFException	Gpfexception	Gpfexception	existing-unreviewed		0
GatewayIP	Gatewayip	Gatewayip	existing-unreviewed		0
GdtAddressHigh	GdtAdreçaAlta	GdtAdreçaAlta	existing-unreviewed		0
GdtAddressLow	GdtAdreçaBaixa	GdtAdreçaBaixa	existing-unreviewed		0
GdtDescriptor	Gdtdescriptor	Gdtdescriptor	existing-unreviewed		0
GdtEntry	Gdtentrada_2	Gdtentrada_2	existing-unreviewed		0
GdtSize	GdtMida	GdtMida	existing-unreviewed		0
GetAt	Getat	Getat	existing-unreviewed		0
GetBackend	Getbackend	Getbackend	existing-unreviewed		0
GetBaseAddressRegister	GetbaseAdreçaregister	GetbaseAdreçaregister	existing-unreviewed		0
GetBitmaspSize	GetbitmaspMida	GetbitmaspMida	existing-unreviewed		0
GetBytesFromPtr	GetbytesdesdePunter	GetbytesdesdePunter	existing-unreviewed		0
GetCR0	Getcr0	Getcr0	existing-unreviewed		0
GetCR2	Getcr2	Getcr2	existing-unreviewed		0
GetCR3	Getcr3	Getcr3	existing-unreviewed		0
GetCR4	Getcr4	Getcr4	existing-unreviewed		0
GetColorIndex	GetcolorÍndex	GetcolorÍndex	existing-unreviewed		0
GetDeviceDescriptor	GetDispositiudescriptor	GetDispositiudescriptor	existing-unreviewed		0
GetDriver	Getdriver	Getdriver	existing-unreviewed		0
GetESP0	Getesp0	Getesp0	existing-unreviewed		0
GetEntry	Getentrada	Getentrada	existing-unreviewed		0
GetFileSize	GetFitxerMida	GetFitxerMida	existing-unreviewed		0
GetFocus	GetEnfocament	GetEnfocament	existing-unreviewed		0
GetFrameBufferSegment	GetMarcbuffersegment	GetMarcbuffersegment	existing-unreviewed		0
GetFuncPtrFromPtr	GetfuncPunterdesdePunter	GetfuncPunterdesdePunter	existing-unreviewed		0
GetFunctionName	GetFuncióNom	GetFuncióNom	existing-unreviewed		0
GetHandler	Gethandler	Gethandler	existing-unreviewed		0
GetIPAddress	GetipAdreça	GetipAdreça	existing-unreviewed		0
GetMACAddress	GetmacAdreça	GetmacAdreça	existing-unreviewed		0
GetMACFromCache	Getmacdesdecache	Getmacdesdecache	existing-unreviewed		0
GetNextReadyThread	GetSegüentPreparatthread	GetSegüentPreparatthread	existing-unreviewed		0
GetNodeAt	Getnodeat	Getnodeat	existing-unreviewed		0
GetProvider	Providerget	Providerget	existing-unreviewed		0
GetSS0	Getss0	Getss0	existing-unreviewed		0
GetStr	Getstr	Getstr	existing-unreviewed		0
GetUint32ArrayFromPtr	Getunsignedinteger32MatriudesdePunter	Getunsignedinteger32MatriudesdePunter	existing-unreviewed		0
GetUintptrArrayFromPtr	GetunsignedintegerPunterMatriudesdePunter	GetunsignedintegerPunterMatriudesdePunter	existing-unreviewed		0
GetValue	GetValor	GetValor	existing-unreviewed		0
GetValueInPageDir	GetValoraPàginaDirectori	GetValoraPàginaDirectori	existing-unreviewed		0
Gid	Gid	Gid	existing-unreviewed		0
Gs	Gs	Gs	existing-unreviewed		0
HandleException	Gestorexception	Gestorexception	existing-unreviewed		0
HandleFatalInterruptFrame	GestorfatalInterrupcióMarc	GestorfatalInterrupcióMarc	existing-unreviewed		0
HandleInterrupt	GestorInterrupció	GestorInterrupció	existing-unreviewed		0
HandleInterrupt1	GestorInterrupció1	GestorInterrupció1	existing-unreviewed		0
HandleUserDatagramProtocolMessage	GestorUsuaridatagramprotocolMissatge	GestorUsuaridatagramprotocolMissatge	existing-unreviewed		0
IDT_DESC_PRESENT	Idtdescriptorpresent	Idtdescriptorpresent	existing-unreviewed		0
IDT_INTERRUPT_GATE	IdtInterrupciógate	IdtInterrupciógate	existing-unreviewed		0
IDriver	IDriver	IDriver	existing-unreviewed		0
IEtherFrameHandler	ICableMarchandler	ICableMarchandler	existing-unreviewed		0
IInternetProtocolHandler	IInternetprotocolhandler	IInternetprotocolhandler	existing-unreviewed		0
IInterruptHandler	IInterrupcióhandler	IInterrupcióhandler	existing-unreviewed		0
IKeyboardEventHandler	ITeclatEsdevenimenthandler	ITeclatEsdevenimenthandler	existing-unreviewed		0
IMouseEventHandler	IRatolíEsdevenimenthandler	IRatolíEsdevenimenthandler	existing-unreviewed		0
IPCIControllerHandler	IpciControladorhandler	IpciControladorhandler	existing-unreviewed		0
IPCache	Ipcache	Ipcache	existing-unreviewed		0
IP_BE	IpXarxabyteorder	IpXarxabyteorder	existing-unreviewed		0
IRawDataHandler	IRawdatahandler	IRawdatahandler	existing-unreviewed		0
ITimerEventHandler	ITemporitzadorEsdevenimenthandler	ITemporitzadorEsdevenimenthandler	existing-unreviewed		0
IUserDatagramProtocolHandler	IUsuaridatagramprotocolhandler	IUsuaridatagramprotocolhandler	existing-unreviewed		0
IUserDatagramProtocolSocket	IUsuaridatagramprotocolSòcol	IUsuaridatagramprotocolSòcol	existing-unreviewed		0
IWidget	IWidget	IWidget	pending-language-review	widget	0
Identify	Identify	Identify	existing-unreviewed		0
Increment	Increment	Increment	existing-unreviewed		0
IndexOf	Índexde	Índexde	existing-unreviewed		0
Init	Init	Init	existing-unreviewed		0
InitDriver	Initdriver	Initdriver	existing-unreviewed		0
InitialThreadUserJump	InitialthreadUsuarijump	InitialthreadUsuarijump	existing-unreviewed		0
Ino	Ino	Ino	existing-unreviewed		0
Install	Install	Install	existing-unreviewed		0
Interrupt	Interrupció	Interrupció	existing-unreviewed		0
InterruptActive	InterrupcióActiu	InterrupcióActiu	existing-unreviewed		0
InterruptDeactive	Interrupciódeactive	Interrupciódeactive	existing-unreviewed		0
InterruptManager	Interrupciómanager	Interrupciómanager	existing-unreviewed		0
InterruptNumber	InterrupcióNombre	InterrupcióNombre	existing-unreviewed		0
InvalidOpcode	Invàlidopcode	Invàlidopcode	existing-unreviewed		0
InvalidTSS	Invàlidtss	Invàlidtss	existing-unreviewed		0
IsKernel	Iskernel	Iskernel	existing-unreviewed		0
IsPresent	Ispresent	Ispresent	existing-unreviewed		0
IsUserSpace	IsUsuariEspai	IsUsuariEspai	existing-unreviewed		0
KB	Kb	Kb	existing-unreviewed		0
KCS_INDEX	KcsÍndex	KcsÍndex	existing-unreviewed		0
KCS_SELECTOR	Kcsselector	Kcsselector	existing-unreviewed		0
KDS_INDEX	KdsÍndex	KdsÍndex	existing-unreviewed		0
KDS_SELECTOR	Kdsselector	Kdsselector	existing-unreviewed		0
KERNEL_HEAP_START	KernelheapInicia	KernelheapInicia	existing-unreviewed		0
KERNEL_VIRT_ADDR	KernelvirtAdreça	KernelvirtAdreça	existing-unreviewed		0
KGS_INDEX	KgsÍndex	KgsÍndex	existing-unreviewed		0
KGS_SELECTOR	Kgsselector	Kgsselector	existing-unreviewed		0
K핵심	KKernelEntry	KKernelEntry	compatibility		0
LIDT	Lidt	Lidt	existing-unreviewed		0
Last	Últim	Últim	existing-unreviewed		0
Len	Len	Len	compatibility		0
Limit	Límit	Límit	existing-unreviewed		0
Link	Enllaç	Enllaç	existing-unreviewed		0
LinkMap	Enllaçmap	Enllaçmap	existing-unreviewed		0
LinkedList	LinkedLlista	LinkedLlista	existing-unreviewed		0
Listen	Listen	Listen	existing-unreviewed		0
LoadElf	Càrregaelf	Càrregaelf	existing-unreviewed		0
MAC	Mac	Mac	existing-unreviewed		0
MAC0	Mac0	Mac0	existing-unreviewed		0
MAC1	Mac1	Mac1	existing-unreviewed		0
MAC2	Mac2	Mac2	existing-unreviewed		0
MAC3	Mac3	Mac3	existing-unreviewed		0
MAC4	Mac4	Mac4	existing-unreviewed		0
MAC5	Mac5	Mac5	existing-unreviewed		0
MACAddress0Port	MacAdreça0port	MacAdreça0port	existing-unreviewed		0
MACAddress2Port	MacAdreça2port	MacAdreça2port	existing-unreviewed		0
MACAddress4Port	MacAdreça4port	MacAdreça4port	existing-unreviewed		0
MACCache	Maccache	Maccache	existing-unreviewed		0
MAX_QUEUE_SIZE	MàxqueueMida	MàxqueueMida	existing-unreviewed		0
MB	Mb	Mb	existing-unreviewed		0
MBR	Mbr	Mbr	existing-unreviewed		0
MHex출력	MHexadecimalImprimeix	MHexadecimalImprimeix	existing-unreviewed		0
MHex출력XY	MHexadecimalImprimeixxy	MHexadecimalImprimeixxy	existing-unreviewed		0
MUint16출력	MUnsignedinteger16Imprimeix	MUnsignedinteger16Imprimeix	existing-unreviewed		0
MUint16출력XY	MUnsignedinteger16Imprimeixxy	MUnsignedinteger16Imprimeixxy	existing-unreviewed		0
MUint32출력	MUnsignedinteger32Imprimeix	MUnsignedinteger32Imprimeix	existing-unreviewed		0
MUint32출력XY	MUnsignedinteger32Imprimeixxy	MUnsignedinteger32Imprimeixxy	existing-unreviewed		0
MUint64출력	MUnsignedinteger64Imprimeix	MUnsignedinteger64Imprimeix	existing-unreviewed		0
MUint64출력XY	MUnsignedinteger64Imprimeixxy	MUnsignedinteger64Imprimeixxy	existing-unreviewed		0
Machine	Machine	Machine	existing-unreviewed		0
MachineCheck	Machinecheck	Machinecheck	existing-unreviewed		0
MakeRangePrivateWritable	MakeIntervalPrivatwritable	MakeIntervalPrivatwritable	existing-unreviewed		0
Malloc	Malloc	Malloc	pending-language-review	allocate_memory	0
MemCmp	Memcmp	Memcmp	existing-unreviewed		0
MemCpy	MemCopia	MemCopia	existing-unreviewed		0
MemMove	MemMou	MemMou	existing-unreviewed		0
MemSet	Memestableix	Memestableix	existing-unreviewed		0
MemoryOper	Memòriaoper	Memòriaoper	existing-unreviewed		0
Mode	Mode	Mode	existing-unreviewed		0
ModelToScreen	ModeltoPantalla	Set_local_coordinates	pending-language-review	set_coordinates	5
Mtime	Mtime	Mtime	existing-unreviewed		0
MtimeNsec	Mtimensec	Mtimensec	existing-unreviewed		0
MyHandleInterrupt	MyGestorInterrupció	MyGestorInterrupció	existing-unreviewed		0
MyTest	MyProva	MyProva	existing-unreviewed		0
M긴급로그Hex8	MEmergencyRegistrehexadecimal8	MEmergencyRegistrehexadecimal8	existing-unreviewed		0
M긴급로그Uint32	MEmergencyRegistreunsignedinteger32	MEmergencyRegistreunsignedinteger32	existing-unreviewed		0
M긴급로그문자열	MEmergencyRegistreCadena	MEmergencyRegistreCadena	existing-unreviewed		0
M직렬로그초기화	MSèrieRegistreinit	MSèrieRegistreinit	existing-unreviewed		0
M출력	MImprimeix	MImprimeix	existing-unreviewed		0
M출력BytesXY	MImprimeixbytesxy	MImprimeixbytesxy	existing-unreviewed		0
M출력Hex	MImprimeixhexadecimal	MImprimeixhexadecimal	existing-unreviewed		0
M출력Uint16	MImprimeixunsignedinteger16	MImprimeixunsignedinteger16	existing-unreviewed		0
M출력Uint32	MImprimeixunsignedinteger32	MImprimeixunsignedinteger32	existing-unreviewed		0
M출력XY	MImprimeixxy	MImprimeixxy	existing-unreviewed		0
M테스트	M테스트	M테스트	existing-unreviewed		0
NMI	Nmi	Nmi	existing-unreviewed		0
New	Nou	Nou	existing-unreviewed		0
NewInterruptHandler	NouInterrupcióhandler	NouInterrupcióhandler	existing-unreviewed		0
Next	Següent	Següent	existing-unreviewed		0
Nlink	Nlink	Nlink	existing-unreviewed		0
Node	Node	Node	pending-language-review	list_node	0
Nodename	Nodename	Nodename	existing-unreviewed		0
OnEtherFrameReceived	CableMarcreceivewhen	CableMarcreceivewhen	existing-unreviewed		0
OnGetDriver	Engegatgetdriver	Engegatgetdriver	existing-unreviewed		0
OnInternetProtocolReceived	Internetprotocolreceivewhen	Internetprotocolreceivewhen	existing-unreviewed		0
OnKeyDown	EngegatClauAvall	EngegatClauAvall	existing-unreviewed		0
OnKeyUp	EngegatClauAmunt	EngegatClauAmunt	existing-unreviewed		0
OnMouseDown	EngegatRatolíAvall	EngegatRatolíAvall	existing-unreviewed		0
OnMouseMove	EngegatRatolíMou	EngegatRatolíMou	existing-unreviewed		0
OnMouseUp	EngegatRatolíAmunt	EngegatRatolíAmunt	existing-unreviewed		0
OnRawDataReceived	Engegatrawdatareceive	Engegatrawdatareceive	existing-unreviewed		0
OnTick	Engegattick	Engegattick	existing-unreviewed		0
Overflow	Overflow	Overflow	existing-unreviewed		0
P1LinkMap	PValor1Enllaçmap	PValor1Enllaçmap	existing-unreviewed		0
P2LinkMap	PValor2Enllaçmap	PValor2Enllaçmap	existing-unreviewed		0
P3LinkMap	PValor3Enllaçmap	PValor3Enllaçmap	existing-unreviewed		0
PAGE_COW	Pàginacow	Pàginacow	existing-unreviewed		0
PAGE_FRAME	PàginaMarc	PàginaMarc	existing-unreviewed		0
PAGE_PRESENT	Pàginapresent	Pàginapresent	existing-unreviewed		0
PAGE_USER	PàginaUsuari	PàginaUsuari	existing-unreviewed		0
PAGE_WRITABLE	Pàginawritable	Pàginawritable	existing-unreviewed		0
PAUSE_LOOP	Posaenpausaloop	Posaenpausaloop	existing-unreviewed		0
PICMasterCommandPort	PrimarypicOrdreESport	PrimarypicOrdreESport	existing-unreviewed		0
PICMasterDataPort	PrimarypicdataESport	PrimarypicdataESport	existing-unreviewed		0
PICSlaveCommandPort	SecondarypicOrdreESport	SecondarypicOrdreESport	existing-unreviewed		0
PICSlaveDataPort	SecondarypicdataESport	SecondarypicdataESport	existing-unreviewed		0
PRESENT	Present	Present	existing-unreviewed		0
PRIV_KERNEL	Privkernel	Privkernel	existing-unreviewed		0
PRIV_USER	PrivUsuari	PrivUsuari	existing-unreviewed		0
PROC_USER_HEAP_SIZE	ProcUsuariheapMida	ProcUsuariheapMida	existing-unreviewed		0
PageDirEntry	PàginaDirectorientrada	PàginaDirectorientrada	existing-unreviewed		0
PageDirectoryEntry	PàginaDirectorientrada_2	PàginaDirectorientrada_2	existing-unreviewed		0
PageFault	Pàginafault	Pàginafault	existing-unreviewed		0
PageFaultException	Pàginafaultexception	Pàginafaultexception	existing-unreviewed		0
PageRoundDown	PàginaArrodoneixAvall	PàginaArrodoneixAvall	existing-unreviewed		0
PageRoundUp	PàginaArrodoneixAmunt	PàginaArrodoneixAmunt	existing-unreviewed		0
PageTableEntry	PàginaTaulaentrada	PàginaTaulaentrada	existing-unreviewed		0
Paging	Paging	Paging	existing-unreviewed		0
ParentPid	Parepid	Parepid	existing-unreviewed		0
Parse	Parse	Parse	existing-unreviewed		0
Partition_id	PartitionIdentificador	PartitionIdentificador	existing-unreviewed		0
PhyMemTest	PhymemProva	PhymemProva	existing-unreviewed		0
PhysicalMemoryManager	PhysicalMemòriamanager	PhysicalMemòriamanager	existing-unreviewed		0
Pid	Pid	Pid	existing-unreviewed		0
Port	Port	Port	existing-unreviewed		0
PortBase	Portbase	Portbase	existing-unreviewed		0
PortInByte	Portabyte	Portabyte	existing-unreviewed		0
PortInDword	Portadword	Portadword	existing-unreviewed		0
PortInWord	Portaparaula	Portaparaula	existing-unreviewed		0
PortOutByte	PortSortidabyte	PortSortidabyte	existing-unreviewed		0
PortOutDword	PortSortidadword	PortSortidadword	existing-unreviewed		0
PortOutWord	PortSortidaparaula	PortSortidaparaula	existing-unreviewed		0
PortReadByte	PortLecturabyte	PortLecturabyte	existing-unreviewed		0
PortReadDword	PortLecturadword	PortLecturadword	existing-unreviewed		0
PortReadWord	PortLecturaparaula	PortLecturaparaula	existing-unreviewed		0
PortWriteByte	PortEscripturabyte	PortEscripturabyte	existing-unreviewed		0
PortWriteDword	PortEscripturadword	PortEscripturadword	existing-unreviewed		0
PortWriteWord	PortEscripturaparaula	PortEscripturaparaula	existing-unreviewed		0
Prev	Previous	Previous	existing-unreviewed		0
PrevTSS	Previoustss	Previoustss	existing-unreviewed		0
PrimaryPartition	Primarypartition	Primarypartition	existing-unreviewed		0
Print	Imprimeix	Imprimeix	existing-unreviewed		0
PrintBytes	Imprimeixbytes	Imprimeixbytes	existing-unreviewed		0
PrintStr	Imprimeixstr	Imprimeixstr	existing-unreviewed		0
PrintTLS	Imprimeixtls	Imprimeixtls	existing-unreviewed		0
PrintTest	ImprimeixProva	ImprimeixProva	existing-unreviewed		0
Process	Procés	Procés	existing-unreviewed		0
ProcessHelper	Procéshelper	Procéshelper	existing-unreviewed		0
ProcessPendingKeyboardEvents	ProcéspendingTeclatEsdeveniments	ProcéspendingTeclatEsdeveniments	existing-unreviewed		0
ProcessPendingMouseEvents	ProcéspendingRatolíEsdeveniments	ProcéspendingRatolíEsdeveniments	existing-unreviewed		0
PushAt	Pushat	Insert_at_index	pending-language-review	insert_at	1
PushBack	PushEnrere	Append_to_list	pending-language-review	append	12
PushFront	PushFrontal	Prepend_to_list	pending-language-review	prepend	5
PutPixel	Putpixel	Putpixel	existing-unreviewed		0
PutPixelRGB	Putpixelrgb	Putpixelrgb	existing-unreviewed		0
QUEUE_START_ADDR	QueueIniciaAdreça	QueueIniciaAdreça	existing-unreviewed		0
Rdev	Rdev	Rdev	existing-unreviewed		0
Read	Lectura	Lectura	existing-unreviewed		0
Read28	Lectura28	Lectura28	existing-unreviewed		0
ReadFile	LecturaFitxer	LecturaFitxer	pending-language-review	file_read	0
ReadPartitions	Lecturapartition	Lecturapartition	existing-unreviewed		0
Ready	Preparat	Preparat	existing-unreviewed		0
Receive	Receive	Receive	existing-unreviewed		0
Ref	Reference	Reference	existing-unreviewed		0
Release	Release	Release	existing-unreviewed		0
ReloadCR3	Tornaacarregarcr3	Tornaacarregarcr3	existing-unreviewed		0
Remove	Elimina	Elimina	existing-unreviewed		0
RemoveAt	Eliminaat	Eliminaat	existing-unreviewed		0
RemoveThread	Eliminathread	Eliminathread	existing-unreviewed		0
RemoveThreadAt	Eliminathreadat	Eliminathreadat	existing-unreviewed		0
RequestMacAddress	RequestmacAdreça	RequestmacAdreça	existing-unreviewed		0
Reset	Restableix	Restableix	existing-unreviewed		0
Resolve	Resolve	Resolve	existing-unreviewed		0
ResolveCopyOnWriteFault	ResolveCopiaEngegatEscripturafault	ResolveCopiaEngegatEscripturafault	existing-unreviewed		0
SCHEDULER_FREQUENCY	SchedulerFreqüència	SchedulerFreqüència	existing-unreviewed		0
SEG_BIG_MODE	Segbigmode	Segbigmode	existing-unreviewed		0
SEG_EXEC	SegExecució	SegExecució	existing-unreviewed		0
SEG_GRAN_4K_PAGE	Seggran4kPàgina	Seggran4kPàgina	existing-unreviewed		0
SEG_GRAN_BYTE	Seggranbyte	Seggranbyte	existing-unreviewed		0
SEG_KERNEL_CODE	Segkernelcode	Segkernelcode	existing-unreviewed		0
SEG_KERNEL_DATA	Segkerneldata	Segkerneldata	existing-unreviewed		0
SEG_KERNEL_GS	Segkernelgs	Segkernelgs	existing-unreviewed		0
SEG_NOEXEC	Segnoexec	Segnoexec	existing-unreviewed		0
SEG_NORMAL	Segnormal	Segnormal	existing-unreviewed		0
SEG_NORW	Segnorw	Segnorw	existing-unreviewed		0
SEG_R	Segr	Segr	existing-unreviewed		0
SEG_SYSTEM	SegSistema	SegSistema	existing-unreviewed		0
SEG_TASK_STATE	SegTascaEstat	SegTascaEstat	existing-unreviewed		0
SEG_USER_CODE	SegUsuaricode	SegUsuaricode	existing-unreviewed		0
SEG_USER_DATA	SegUsuaridata	SegUsuaridata	existing-unreviewed		0
SEG_USER_GS	SegUsuarigs	SegUsuarigs	existing-unreviewed		0
SEG_W	Segw	Segw	existing-unreviewed		0
SIMDFloatingPointException	SimdFlotantpointexception	SimdFlotantpointexception	existing-unreviewed		0
SIZE	Mida	Mida	existing-unreviewed		0
SYS_ACCESS	Sysaccés	Sysaccés	existing-unreviewed		0
SYS_BRK	Sysbrk	Sysbrk	existing-unreviewed		0
SYS_CHDIR	Syschdir	Syschdir	existing-unreviewed		0
SYS_CLOSE	SysTanca	SysTanca	existing-unreviewed		0
SYS_CREAT	Syscreat	Syscreat	existing-unreviewed		0
SYS_DUP	Sysdup	Sysdup	existing-unreviewed		0
SYS_DUP2	Sysdup2	Sysdup2	existing-unreviewed		0
SYS_EXECVE	Sysexecve	Sysexecve	existing-unreviewed		0
SYS_EXIT	SysSurt	SysSurt	existing-unreviewed		0
SYS_FCNTL	Sysfcntl	Sysfcntl	existing-unreviewed		0
SYS_FORK	Sysfork	Sysfork	existing-unreviewed		0
SYS_FSTAT	Sysfstat	Sysfstat	existing-unreviewed		0
SYS_FSYNC	Sysfsync	Sysfsync	existing-unreviewed		0
SYS_GETCWD	Sysgetcwd	Sysgetcwd	existing-unreviewed		0
SYS_GETEGID	Sysgetegid	Sysgetegid	existing-unreviewed		0
SYS_GETEUID	Sysgeteuid	Sysgeteuid	existing-unreviewed		0
SYS_GETGID	Sysgetgid	Sysgetgid	existing-unreviewed		0
SYS_GETPID	Sysgetpid	Sysgetpid	existing-unreviewed		0
SYS_GETPPID	Sysgetppid	Sysgetppid	existing-unreviewed		0
SYS_GETUID	Sysgetuid	Sysgetuid	existing-unreviewed		0
SYS_LSEEK	Syslseek	Syslseek	existing-unreviewed		0
SYS_LSTAT	Syslstat	Syslstat	existing-unreviewed		0
SYS_OPEN	SysObre	SysObre	existing-unreviewed		0
SYS_READ	SysLectura	SysLectura	existing-unreviewed		0
SYS_RT_EXIT	SysrtSurt	SysrtSurt	existing-unreviewed		0
SYS_SOCKETCALL	Syssocketcall	Syssocketcall	existing-unreviewed		0
SYS_STAT	Sysstat	Sysstat	existing-unreviewed		0
SYS_SYNC	Syssync	Syssync	existing-unreviewed		0
SYS_UNAME	Sysuname	Sysuname	existing-unreviewed		0
SYS_WAITPID	Syswaitpid	Syswaitpid	existing-unreviewed		0
SYS_WRITE	SysEscriptura	SysEscriptura	existing-unreviewed		0
Schedule	Schedule	Schedule	existing-unreviewed		0
Scheduler	Scheduler	Scheduler	existing-unreviewed		0
SchedulerData	Schedulerdata	Schedulerdata	existing-unreviewed		0
SegmentNotPresent	Segmentnotpresent	Segmentnotpresent	existing-unreviewed		0
SelectDrivers	Seleccionadriver	Seleccionadriver	existing-unreviewed		0
Send	Envia	Envia	existing-unreviewed		0
SendEchoRequest	EchorequestEnvia	EchorequestEnvia	existing-unreviewed		0
SendFrame	MarcEnvia	MarcEnvia	existing-unreviewed		0
SerialInit	Sèrieinit	Sèrieinit	existing-unreviewed		0
SerialWriteByte	SèrieEscripturabyte	SèrieEscripturabyte	existing-unreviewed		0
SetBackend	Estableixbackend	Estableixbackend	existing-unreviewed		0
SetBit	Estableixbit	Estableixbit	existing-unreviewed		0
SetBlockInPageDir	EstableixBlocaPàginaDirectori	EstableixBlocaPàginaDirectori	existing-unreviewed		0
SetBuffer	Estableixbuffer	Estableixbuffer	existing-unreviewed		0
SetByteAtAddr	EstableixbyteatAdreça	EstableixbyteatAdreça	existing-unreviewed		0
SetByteInPageDir	EstableixbyteaPàginaDirectori	EstableixbyteaPàginaDirectori	existing-unreviewed		0
SetCR3	Estableixcr3	Estableixcr3	existing-unreviewed		0
SetColor	Estableixcolor	Estableixcolor	existing-unreviewed		0
SetDescriptor	Estableixdescriptor	Estableixdescriptor	existing-unreviewed		0
SetHandleInterruptFuction	EstableixGestorInterrupciófuction	EstableixGestorInterrupciófuction	existing-unreviewed		0
SetHandler	Estableixhandler	Estableixhandler	existing-unreviewed		0
SetIPAddress	EstableixipAdreça	EstableixipAdreça	existing-unreviewed		0
SetInterruptDescriptorTableEntry	InterrupciódescriptorTaulaentradaestableix	InterrupciódescriptorTaulaentradaestableix	existing-unreviewed		0
SetInterruptManager	EstableixInterrupciómanager	EstableixInterrupciómanager	existing-unreviewed		0
SetInterruptNumber	EstableixInterrupcióNombre	EstableixInterrupcióNombre	existing-unreviewed		0
SetMode	Estableixmode	Estableixmode	existing-unreviewed		0
SetNodeAt	Estableixnodeat	Estableixnodeat	existing-unreviewed		0
SetStack	Estableixstack	Estableixstack	existing-unreviewed		0
SetTlsSegment	Estableixtlssegment	Estableixtlssegment	existing-unreviewed		0
SetUint32AtAddr	Estableixunsignedinteger32atAdreça	Estableixunsignedinteger32atAdreça	existing-unreviewed		0
SetUint32InPageDir	Estableixunsignedinteger32aPàginaDirectori	Estableixunsignedinteger32aPàginaDirectori	existing-unreviewed		0
SetUint8AtAddr	Estableixunsignedinteger8atAdreça	Estableixunsignedinteger8atAdreça	existing-unreviewed		0
SharedMemoryRegion	SharedMemòriaregion	SharedMemòriaregion	existing-unreviewed		0
Size	Mida_2	Mida_2	existing-unreviewed		0
Spawn	Spawn	Spawn	existing-unreviewed		0
Ss	Ss	Ss	existing-unreviewed		0
Stack	Stack	Stack	existing-unreviewed		0
StackSegmentFault	Stacksegmentfault	Stacksegmentfault	existing-unreviewed		0
Start_lba	Inicialba	Inicialba	existing-unreviewed		0
Started	Iniciat	Iniciat	existing-unreviewed		0
StdinPutByte	Stdinputbyte	Stdinputbyte	existing-unreviewed		0
StopCurrentThread	AturaActualthread	AturaActualthread	existing-unreviewed		0
Stopped	Aturat	Aturat	existing-unreviewed		0
SubnetMask	SubnetMàscara	SubnetMàscara	existing-unreviewed		0
SupportMode	Suportmode	Suportmode	existing-unreviewed		0
Sys_brk	Sysbrk_2	Sysbrk_2	existing-unreviewed		0
Sys_close	SysTanca_2	SysTanca_2	existing-unreviewed		0
Sys_exit	SysSurt_2	SysSurt_2	existing-unreviewed		0
Sys_getpid	Sysgetpid_2	Sysgetpid_2	existing-unreviewed		0
Sys_mousemove	Sysmousemove	Sysmousemove	existing-unreviewed		0
Sys_open	SysObre_2	SysObre_2	existing-unreviewed		0
Sys_printStr	SysImprimeixstr	SysImprimeixstr	existing-unreviewed		0
Sys_printUint32	SysImprimeixunsignedinteger32	SysImprimeixunsignedinteger32	existing-unreviewed		0
Sys_printf	Sysprintf	Sysprintf	existing-unreviewed		0
Sys_read	SysLectura_2	SysLectura_2	existing-unreviewed		0
Syscall	Syscall	Syscall	existing-unreviewed		0
Sysname	Sysname	Sysname	existing-unreviewed		0
TARPEtherFrameHandler	ArpCableMarchandler	ArpCableMarchandler	existing-unreviewed		0
TARPMessage	ArpMissatge	ArpMissatge	existing-unreviewed		0
TARPMessageBuffer	ArpMissatgebuffer	ArpMissatgebuffer	existing-unreviewed		0
TARPProvider	Arpprovider	Arpprovider	existing-unreviewed		0
TAdvancedTechnologyAttachment	TAvançatTecnologiaattachment	TAvançatTecnologiaattachment	existing-unreviewed		0
TArray	TMatriu	TMatriu	existing-unreviewed		0
TBaseAddressRegister	TBaseAdreçaregister	TBaseAdreçaregister	existing-unreviewed		0
TBiosParameterBlock32	TBiosparameterBloc32	TBiosparameterBloc32	pending-language-review	fat_parameters	0
TBufferDescriptor	TBufferdescriptor	TBufferdescriptor	existing-unreviewed		0
TCOWFrameManager	TcowMarcmanager	TcowMarcmanager	existing-unreviewed		0
TCPUState	TcpuEstat	TcpuEstat	existing-unreviewed		0
TDefaultKeyboardEventHandler	TPerdefecteTeclatEsdevenimenthandler	TPerdefecteTeclatEsdevenimenthandler	existing-unreviewed		0
TDefaultMouseEventHandler	TPerdefecteRatolíEsdevenimenthandler	TPerdefecteRatolíEsdevenimenthandler	existing-unreviewed		0
TDefaultPCIControllerHandler	TPerdefectepciControladorhandler	TPerdefectepciControladorhandler	existing-unreviewed		0
TDefaultTimerEventHandler	TPerdefecteTemporitzadorEsdevenimenthandler	TPerdefecteTemporitzadorEsdevenimenthandler	existing-unreviewed		0
TDirectoryEntryFat32	TDirectorientradafat32	TDirectorientradafat32	existing-unreviewed		0
TDriverManager	TDrivermanager	TDrivermanager	existing-unreviewed		0
TEtherFrameHandler	TCableMarchandler	TCableMarchandler	existing-unreviewed		0
TEtherFrameHeader	TCableMarcheader	TCableMarcheader	pending-language-review	ethernet_header	0
TEtherFrameHeaderBuffer	TCableMarcheaderbuffer	TCableMarcheaderbuffer	existing-unreviewed		0
TEtherFrameProvider	TCableMarcprovider	TCableMarcprovider	pending-language-review	ethernet_provider	0
TEtherFrameRawDataHandler	TCableMarcrawdatahandler	TCableMarcrawdatahandler	existing-unreviewed		0
TGateDescriptor	TGatedescriptor	TGatedescriptor	existing-unreviewed		0
THREAD_STACK_SIZE	ThreadstackMida	ThreadstackMida	existing-unreviewed		0
TICMPHandler	Icmphandler	Icmphandler	existing-unreviewed		0
TIPEtherFrameHandler	IpCableMarchandler	IpCableMarchandler	existing-unreviewed		0
TInitializationBlock	TInitializationBloc	TInitializationBloc	existing-unreviewed		0
TInternetControlMessageProtocol	TInternetcontrolMissatgeprotocol	TInternetcontrolMissatgeprotocol	pending-language-review	icmp	0
TInternetControlMessageProtocolMessage	TInternetcontrolMissatgeprotocolMissatge	TInternetcontrolMissatgeprotocolMissatge	existing-unreviewed		0
TInternetControlMessageProtocolMessageBuffer	TInternetcontrolMissatgeprotocolMissatgebuffer	TInternetcontrolMissatgeprotocolMissatgebuffer	existing-unreviewed		0
TInternetProtocolHandler	TInternetprotocolhandler	TInternetprotocolhandler	existing-unreviewed		0
TInternetProtocolProvider	TInternetprotocolprovider	TInternetprotocolprovider	pending-language-review	ip_provider	0
TInternetProtocolV4Message	TInternetprotocolv4Missatge	TInternetprotocolv4Missatge	existing-unreviewed		0
TInternetProtocolV4MessageBuffer	TInternetprotocolv4Missatgebuffer	TInternetprotocolv4Missatgebuffer	existing-unreviewed		0
TInterruptDescriptorTablePointer	TInterrupciódescriptorTaulaPunter	TInterrupciódescriptorTaulaPunter	existing-unreviewed		0
TInterruptHandler	TInterrupcióhandler	TInterrupcióhandler	existing-unreviewed		0
TInterruptManager	TInterrupciómanager	TInterrupciómanager	existing-unreviewed		0
TKeyboardDriver	TTeclatdriver	TTeclatdriver	existing-unreviewed		0
TLS_START	TlsInicia	TlsInicia	existing-unreviewed		0
TMSDOSPartitionTable	TmsdospartitionTaula	TmsdospartitionTaula	existing-unreviewed		0
TMasterBootRecord	TMestrebootRegistra	TMestrebootRegistra	pending-language-review	boot_record	0
TMemoryChunk	TMemòriachunk	TMemòriachunk	existing-unreviewed		0
TMemoryManager	TMemòriamanager	TMemòriamanager	existing-unreviewed		0
TMouseDriver	TRatolídriver	TRatolídriver	existing-unreviewed		0
TMyKeyboardEventHandler	TMyTeclatEsdevenimenthandler	TMyTeclatEsdevenimenthandler	existing-unreviewed		0
TMyMouseEventHandler	TMyRatolíEsdevenimenthandler	TMyRatolíEsdevenimenthandler	existing-unreviewed		0
TMyPCIControllerHandler	TMypciControladorhandler	TMypciControladorhandler	existing-unreviewed		0
TPartitionTableEntry	TPartitionTaulaentrada	TPartitionTaulaentrada	existing-unreviewed		0
TPeripheralComponentInterconnectController	TPeripheralcomponentinterconnectControlador	TPeripheralcomponentinterconnectControlador	existing-unreviewed		0
TPeripheralComponentInterconnectDeviceDescriptor	TPeripheralcomponentinterconnectDispositiudescriptor	TPeripheralcomponentinterconnectDispositiudescriptor	existing-unreviewed		0
TPort	TPort	TPort	existing-unreviewed		0
TPort16Bit	TPort16bit	TPort16bit	existing-unreviewed		0
TPort32Bit	TPort32bit	TPort32bit	existing-unreviewed		0
TPort8Bit	TPort8bit	TPort8bit	existing-unreviewed		0
TRawDataHandler	TRawdatahandler	TRawdatahandler	existing-unreviewed		0
TSSEntry	Tssentrada	Tssentrada	existing-unreviewed		0
TSyscall	TSyscall	TSyscall	existing-unreviewed		0
TTask	TTasca	TTasca	existing-unreviewed		0
TThread	TThread	TThread	existing-unreviewed		0
TThreadHelper	TThreadhelper	TThreadhelper	existing-unreviewed		0
TTimerDriver	TTemporitzadordriver	TTemporitzadordriver	existing-unreviewed		0
TUserDatagramProtocolHandler	TUsuaridatagramprotocolhandler	TUsuaridatagramprotocolhandler	existing-unreviewed		0
TUserDatagramProtocolHeader	TUsuaridatagramprotocolheader	TUsuaridatagramprotocolheader	pending-language-review	udp_header	0
TUserDatagramProtocolHeaderBuffer	TUsuaridatagramprotocolheaderbuffer	TUsuaridatagramprotocolheaderbuffer	existing-unreviewed		0
TUserDatagramProtocolProvider	TUsuaridatagramprotocolprovider	TUsuaridatagramprotocolprovider	existing-unreviewed		0
TUserDatagramProtocolSocket	TUsuaridatagramprotocolSòcol	TUsuaridatagramprotocolSòcol	pending-language-review	udp_socket	0
TVideoGraphicsArray	TVídeoGràficsMatriu	TVídeoGràficsMatriu	existing-unreviewed		0
TWidget	TWidget	TWidget	pending-language-review	widget	0
TWidgetMouseEventHandler	TWidgetRatolíEsdevenimenthandler	TWidgetRatolíEsdevenimenthandler	existing-unreviewed		0
Tamd_am79c973	Tamdam79c973	Tamdam79c973	existing-unreviewed		0
Test	Prova	Prova	existing-unreviewed		0
TestBit	Provabit	Provabit	existing-unreviewed		0
TestPrint	ProvaImprimeix	ProvaImprimeix	existing-unreviewed		0
Thread	Thread	Thread	existing-unreviewed		0
ThreadList	ThreadLlista	ThreadLlista	existing-unreviewed		0
ThreadState	ThreadEstat	ThreadEstat	existing-unreviewed		0
Threads	Threads	Threads	existing-unreviewed		0
TlsSegments	Tlssegments	Tlssegments	existing-unreviewed		0
TotalBlocks	TotalBloc	TotalBloc	existing-unreviewed		0
Type	Tipus	Tipus	existing-unreviewed		0
TypeTest	TipusProva	TipusProva	existing-unreviewed		0
T공용서술자테이블	TShareddescriptorTaula	TShareddescriptorTaula	existing-unreviewed		0
T공용서술자테이블_자료	TShareddescriptorTauladata	TShareddescriptorTauladata	existing-unreviewed		0
T작업관리자	TTascamanager	TTascamanager	existing-unreviewed		0
T조각설명자	TSegmentdescriptor	TSegmentdescriptor	existing-unreviewed		0
T콘솔	TConsola	TConsola	existing-unreviewed		0
T함수1	TFunció1	TFunció1	existing-unreviewed		0
UDESC_32SEG	Udesc32seg	Udesc32seg	existing-unreviewed		0
UDESC_CONTENTS	UdescContinguts	UdescContinguts	existing-unreviewed		0
UDESC_LIMIT_IN_PAGES	UdescLímitaPàgines	UdescLímitaPàgines	existing-unreviewed		0
UDESC_RX_ONLY	Udescrxonly	Udescrxonly	existing-unreviewed		0
UDESC_SEG_NOT_PRESENT	Udescsegnotpresent	Udescsegnotpresent	existing-unreviewed		0
UDESC_USABLE	Udescusable	Udescusable	existing-unreviewed		0
USER_STACK	Usuaristack	Usuaristack	existing-unreviewed		0
USER_STACK_SIZE	UsuaristackMida	UsuaristackMida	existing-unreviewed		0
USER_STACK_TOP	UsuaristackAdalt	UsuaristackAdalt	existing-unreviewed		0
Uid	Uid	Uid	existing-unreviewed		0
Uint16ToArray	Unsignedinteger16toMatriu	Unsignedinteger16toMatriu	existing-unreviewed		0
Uint16ToArray_BE	Unsignedinteger16toMatriube	Unsignedinteger16toMatriube	existing-unreviewed		0
Uint16_R	Unsignedinteger16r	Unsignedinteger16r	existing-unreviewed		0
Uint32ToArray	Unsignedinteger32toMatriu	Unsignedinteger32toMatriu	existing-unreviewed		0
Uint32_R	Unsignedinteger32r	Unsignedinteger32r	existing-unreviewed		0
Uint48ToArray	Unsignedinteger48toMatriu	Unsignedinteger48toMatriu	existing-unreviewed		0
Uint48ToArray_BE	Unsignedinteger48toMatriube	Unsignedinteger48toMatriube	existing-unreviewed		0
Uint48_R	Unsignedinteger48r	Unsignedinteger48r	existing-unreviewed		0
Uint64ToArray	Unsignedinteger64toMatriu	Unsignedinteger64toMatriu	existing-unreviewed		0
Uint64_R	Unsignedinteger64r	Unsignedinteger64r	existing-unreviewed		0
UnhandleInterrupt	UnhandleInterrupció	UnhandleInterrupció	existing-unreviewed		0
UnsetBit	Nodefinitbit	Toggle_allocation_bit	pending-language-review	toggle_bit	1
UsedBlocks	UtilitzatBloc	UtilitzatBloc	existing-unreviewed		0
UserDesc	Usuaridescriptor	Usuaridescriptor	existing-unreviewed		0
UserStack	Usuaristack_2	Usuaristack_2	existing-unreviewed		0
UserStackSize	UsuaristackMida_2	UsuaristackMida_2	existing-unreviewed		0
Vendor_id	FabricantIdentificador	FabricantIdentificador	existing-unreviewed		0
Version	Versió	Versió	existing-unreviewed		0
VirtTest	VirtProva	VirtProva	existing-unreviewed		0
Write	Escriptura	Escriptura	existing-unreviewed		0
Write28	Escriptura28	Escriptura28	existing-unreviewed		0
WriteRegisters	Escripturaregister	Escripturaregister	existing-unreviewed		0
X	X	X	existing-unreviewed		0
Y	Y	Y	existing-unreviewed		0
Zero	Zero	Zero	existing-unreviewed		0
ZeroBlockInPageDir	ZeroBlocaPàginaDirectori	ZeroBlocaPàginaDirectori	existing-unreviewed		0
a	a	a	existing-unreviewed		0
aTime	aHora	aHora	existing-unreviewed		0
access	accés	accés	existing-unreviewed		0
accessMode	accésmode	accésmode	existing-unreviewed		0
ack	ack	ack	existing-unreviewed		0
activeKeyboardDriver	actiuTeclatdriver	actiuTeclatdriver	existing-unreviewed		0
activeMouseDriver	actiuRatolídriver	actiuRatolídriver	existing-unreviewed		0
addr	adreça	adreça	existing-unreviewed		0
addrPtr	adreçaPunter	adreçaPunter	existing-unreviewed		0
address	adreça_2	adreça_2	existing-unreviewed		0
addressError	adreçashaproduïtunerror	adreçashaproduïtunerror	existing-unreviewed		0
afInet	afinet	afinet	existing-unreviewed		0
allocFD	allocateDF	allocateDF	existing-unreviewed		0
allocOpenFile	allocateObreFitxer	allocateObreFitxer	existing-unreviewed		0
allocProcess	allocateProcés	allocateProcés	existing-unreviewed		0
allocateSocket	allocateSòcol	allocateSòcol	existing-unreviewed		0
allocated	allocated	allocated	existing-unreviewed		0
amd_am79c973	amdam79c973	amdam79c973	existing-unreviewed		0
args	arguments	arguments	existing-unreviewed		0
argument	argument	argument	existing-unreviewed		0
argumentPointers	argumentpointers	argumentpointers	existing-unreviewed		0
arguments	arguments_2	arguments_2	existing-unreviewed		0
arp	arp	arp	existing-unreviewed		0
arpBuffer	arpbuffer	arpbuffer	existing-unreviewed		0
arpMesgSize	arpmesgMida	arpmesgMida	existing-unreviewed		0
arpProvider	arpprovider	arpprovider	existing-unreviewed		0
arp콘솔	arpConsola	arpConsola	existing-unreviewed		0
array	matriu	matriu	existing-unreviewed		0
ata	ata	ata	existing-unreviewed		0
ata0s	ata0s	ata0s	existing-unreviewed		0
attempts	attempts	attempts	existing-unreviewed		0
attr	atribut	atribut	existing-unreviewed		0
attributeControllerIndexPort	atributControladorÍndexport	atributControladorÍndexport	existing-unreviewed		0
attributeControllerReadPort	atributControladorLecturaport	atributControladorLecturaport	existing-unreviewed		0
attributeControllerResetPort	atributControladorRestableixport	atributControladorRestableixport	existing-unreviewed		0
attributeControllerWritePort	atributControladorEscripturaport	atributControladorEscripturaport	existing-unreviewed		0
attributes	atributs	atributs	existing-unreviewed		0
aux	aux	aux	existing-unreviewed		0
avail	disponible	disponible	existing-unreviewed		0
b	b	b	existing-unreviewed		0
backend	backend	backend	existing-unreviewed		0
backupFpRegs	backupfpregs	backupfpregs	existing-unreviewed		0
backupSector	backupsector	backupsector	existing-unreviewed		0
bar	barra	barra	existing-unreviewed		0
barNum	barraNombre	barraNombre	existing-unreviewed		0
bar_value	barraValor	barraValor	existing-unreviewed		0
base	base	base	existing-unreviewed		0
baseCode	basecode	basecode	existing-unreviewed		0
baseHigh	baseAlta	baseAlta	existing-unreviewed		0
baseLow	baseBaixa	baseBaixa	existing-unreviewed		0
baseMid	basemid	basemid	existing-unreviewed		0
base_addr_high	baseAdreçaAlta	baseAdreçaAlta	existing-unreviewed		0
base_addr_low	baseAdreçaBaixa	baseAdreçaBaixa	existing-unreviewed		0
bh	bh	bh	existing-unreviewed		0
bindEphemeral	vinculaephemeral	vinculaephemeral	existing-unreviewed		0
bindError	vinculashaproduïtunerror	vinculashaproduïtunerror	existing-unreviewed		0
bios	bios	bios	existing-unreviewed		0
bit	bit	bit	existing-unreviewed		0
bitmap	bitmap	bitmap	pending-language-review	bitmap	0
bootSignature	bootsignature	bootsignature	existing-unreviewed		0
bootable	bootable	bootable	existing-unreviewed		0
bootloader	bootloader	bootloader	existing-unreviewed		0
bound	bound	bound	existing-unreviewed		0
bpb	bpb	bpb	pending-language-review	fat_parameters	0
bpbBytes	bpbbytes	bpbbytes	existing-unreviewed		0
bpbPtr	bpbPunter	bpbPunter	existing-unreviewed		0
buf	buffer	buffer	existing-unreviewed		0
buf1	buffer1	buffer1	existing-unreviewed		0
buf2	buffer2	buffer2	existing-unreviewed		0
buf3	buffer3	buffer3	existing-unreviewed		0
buf4	buffer4	buffer4	existing-unreviewed		0
buf6	buffer6	buffer6	existing-unreviewed		0
buffer	buffer_2	buffer_2	existing-unreviewed		0
buffer1	buffer1_2	buffer1_2	existing-unreviewed		0
buffer2	buffer2_2	buffer2_2	existing-unreviewed		0
bufferAddr	bufferAdreça	bufferAdreça	existing-unreviewed		0
bufferAddress	bufferAdreça_2	bufferAdreça_2	existing-unreviewed		0
bufptr	bufferPunter	bufferPunter	existing-unreviewed		0
bus	bus	bus	existing-unreviewed		0
busControlRegisterDataPort	buscontrolregisterdataport	buscontrolregisterdataport	existing-unreviewed		0
button	botó	botó	existing-unreviewed		0
buttons	botó_2	botó_2	existing-unreviewed		0
bytesPerSector	bytespersector	bytespersector	existing-unreviewed		0
c	c	c	existing-unreviewed		0
cDate	cData	cData	existing-unreviewed		0
cTime	cHora	cHora	existing-unreviewed		0
cTimeTenth	cHoratenth	cHoratenth	existing-unreviewed		0
call	call	call	existing-unreviewed		0
candidate	candidate	candidate	existing-unreviewed		0
cap	cap	cap	existing-unreviewed		0
char	char	char	existing-unreviewed		0
checked	checked	checked	existing-unreviewed		0
checksum	checksum	checksum	existing-unreviewed		0
child	fill	fill	existing-unreviewed		0
childPID	fillpid	fillpid	existing-unreviewed		0
childPageDir	fillPàginaDirectori	fillPàginaDirectori	existing-unreviewed		0
chunk	chunk	chunk	existing-unreviewed		0
class_id	classeIdentificador	classeIdentificador	existing-unreviewed		0
closeAllProcessFDs	tancaTotProcésfds	tancaTotProcésfds	existing-unreviewed		0
closeOnExec	tancaEngegatExecució	tancaEngegatExecució	existing-unreviewed		0
closeProcessFD	tancaProcésDF	tancaProcésDF	existing-unreviewed		0
code	code	code	existing-unreviewed		0
code1Ptr	code1Punter	code1Punter	existing-unreviewed		0
code1ptr	code1Punter_2	code1Punter_2	existing-unreviewed		0
code2Ptr	code2Punter	code2Punter	existing-unreviewed		0
code3Ptr	code3Punter	code3Punter	existing-unreviewed		0
codeSegment	codesegment	codesegment	existing-unreviewed		0
colorIndex	colorÍndex	colorÍndex	existing-unreviewed		0
colordepth	colordepth	colordepth	existing-unreviewed		0
command	ordre	ordre	existing-unreviewed		0
commandPort	ordreport	ordreport	existing-unreviewed		0
commandport	ordreport_2	ordreport_2	existing-unreviewed		0
common	comú	comú	existing-unreviewed		0
connected	connected	connected	existing-unreviewed		0
console	consola	consola	existing-unreviewed		0
controlPort	controlport	controlport	existing-unreviewed		0
copyExecVector	copiaExecucióvector	copiaExecucióvector	existing-unreviewed		0
copyLength	copiaDurada	copiaDurada	existing-unreviewed		0
copyPageDir	copiaPàginaDirectori	copiaPàginaDirectori	existing-unreviewed		0
copyPath	copiaCAMÍ	copiaCAMÍ	existing-unreviewed		0
copySocketName	copiaSòcolNom	copiaSòcolNom	existing-unreviewed		0
copyUtsField	copiautscamp	copiautscamp	existing-unreviewed		0
count	recompte	recompte	existing-unreviewed		0
count2	recompte2	recompte2	existing-unreviewed		0
cowFrameManager	cowMarcmanager	cowMarcmanager	existing-unreviewed		0
cpu	cpu	cpu	existing-unreviewed		0
cpustate	cpuEstat	cpuEstat	existing-unreviewed		0
cr0	cr0	cr0	existing-unreviewed		0
cr3	cr3	cr3	existing-unreviewed		0
cr4	cr4	cr4	existing-unreviewed		0
crtcDataPort	crtcdataport	crtcdataport	existing-unreviewed		0
crtcIndexPort	crtcÍndexport	crtcÍndexport	existing-unreviewed		0
cs	cs	cs	existing-unreviewed		0
currentRecvBuffer	actualrecvbuffer	actualrecvbuffer	existing-unreviewed		0
currentSendBuffer	actualEnviabuffer	actualEnviabuffer	existing-unreviewed		0
currentTask	actualTasca	actualTasca	existing-unreviewed		0
currentThread	actualthread	actualthread	existing-unreviewed		0
currentThreadIndex	actualthreadÍndex	actualthreadÍndex	existing-unreviewed		0
cursorHeight	cursorAlçada	cursorAlçada	existing-unreviewed		0
cursorStart	cursorInicia	cursorInicia	existing-unreviewed		0
d_tag	dEtiqueta	dEtiqueta	existing-unreviewed		0
d_val_ptr	dvalPunter	dvalPunter	existing-unreviewed		0
data	data	data	existing-unreviewed		0
dataBuf	databuffer	databuffer	existing-unreviewed		0
dataBytes	databytes	databytes	existing-unreviewed		0
dataPointer	dataPunter	dataPunter	existing-unreviewed		0
dataPort	dataport	dataport	existing-unreviewed		0
dataStart	dataInicia	dataInicia	existing-unreviewed		0
databuffer	databuffer_2	databuffer_2	existing-unreviewed		0
dataport	dataport_2	dataport_2	existing-unreviewed		0
defaultKeyboardEventHandler	perdefecteTeclatEsdevenimenthandler	perdefecteTeclatEsdevenimenthandler	existing-unreviewed		0
desc	descriptor	descriptor	existing-unreviewed		0
description	descripció	descripció	existing-unreviewed		0
destination	destinació	destinació	existing-unreviewed		0
destinationAddress	destinacióAdreça	destinacióAdreça	existing-unreviewed		0
destinationLength	destinacióDurada	destinacióDurada	existing-unreviewed		0
dev	dispositiu	dispositiu	existing-unreviewed		0
device	dispositiu_2	dispositiu_2	existing-unreviewed		0
deviceDescriptor	dispositiudescriptor	dispositiudescriptor	existing-unreviewed		0
devicePort	dispositiuport	dispositiuport	existing-unreviewed		0
diff	diff	diff	existing-unreviewed		0
digits	digits	digits	existing-unreviewed		0
dirent	dirent	dirent	existing-unreviewed		0
direntBytes	direntbytes	direntbytes	existing-unreviewed		0
direntPtr	direntPunter	direntPunter	existing-unreviewed		0
discardProcess	descartaProcés	descartaProcés	existing-unreviewed		0
dispatchInterrupt	dispatchInterrupció	dispatchInterrupció	existing-unreviewed		0
divisor	divisor	divisor	existing-unreviewed		0
domain	domini	domini	existing-unreviewed		0
driveNumber	driveNombre	driveNombre	existing-unreviewed		0
driver	driver	driver	existing-unreviewed		0
driverManager	drivermanager	drivermanager	existing-unreviewed		0
drivercount	driverRecompte	driverRecompte	existing-unreviewed		0
drv	driver_2	driver_2	existing-unreviewed		0
ds	ds	ds	existing-unreviewed		0
ds_segment	dssegment	dssegment	existing-unreviewed		0
dst	destinació_2	destinació_2	existing-unreviewed		0
dstEntry	destinacióentrada	destinacióentrada	existing-unreviewed		0
dstIP	destinacióipAdreça	destinacióipAdreça	existing-unreviewed		0
dstIP_BE	destinacióipAdreçaXarxabyteorder	destinacióipAdreçaXarxabyteorder	existing-unreviewed		0
dstMAC	destinaciómacAdreça	destinaciómacAdreça	existing-unreviewed		0
dstMAC_BE	destinaciómacbe	destinaciómacbe	existing-unreviewed		0
dstPageDir	destinacióPàginaDirectori	destinacióPàginaDirectori	existing-unreviewed		0
dstPort	destinacióportNombre	destinacióportNombre	pending-language-review	destination_port	0
dstPt	destinaciópt	destinaciópt	existing-unreviewed		0
dstPtPtr	destinacióptPunter	destinacióptPunter	existing-unreviewed		0
dstPtr	destinacióPunter	destinacióPunter	existing-unreviewed		0
dstptr	destinacióPunter_2	destinacióPunter_2	existing-unreviewed		0
dynamic	dinàmic	dinàmic	existing-unreviewed		0
e	e	e	existing-unreviewed		0
e_ehsize	eehsize	eehsize	existing-unreviewed		0
e_entry	eentrada	eentrada	existing-unreviewed		0
e_flags	eSenyaladors	eSenyaladors	existing-unreviewed		0
e_ident	eident	eident	existing-unreviewed		0
e_machine	emachine	emachine	existing-unreviewed		0
e_phentsize	ephentsize	ephentsize	existing-unreviewed		0
e_phnum	ephnum	ephnum	existing-unreviewed		0
e_phoff	ephoff	ephoff	existing-unreviewed		0
e_shentsize	eshentsize	eshentsize	existing-unreviewed		0
e_shnum	eshnum	eshnum	existing-unreviewed		0
e_shoff	eshoff	eshoff	existing-unreviewed		0
e_shstrndx	eshstrndx	eshstrndx	existing-unreviewed		0
e_type	eTipus	eTipus	existing-unreviewed		0
e_version	eVersió	eVersió	existing-unreviewed		0
eax	eax	eax	existing-unreviewed		0
ebp	ebp	ebp	existing-unreviewed		0
ebx	ebx	ebx	existing-unreviewed		0
ecx	ecx	ecx	existing-unreviewed		0
edi	edi	edi	existing-unreviewed		0
edx	edx	edx	existing-unreviewed		0
efHandler	efhandler	efhandler	existing-unreviewed		0
eflags	eflags	eflags	existing-unreviewed		0
eip	eip	eip	existing-unreviewed		0
eipOffset	eipoffset	eipoffset	existing-unreviewed		0
elf	elf	elf	existing-unreviewed		0
elf0	elf0	elf0	existing-unreviewed		0
elf2	elf2	elf2	existing-unreviewed		0
elf3	elf3	elf3	existing-unreviewed		0
elf4	elf4	elf4	existing-unreviewed		0
elfHeader	elfheader	elfheader	existing-unreviewed		0
enabled	habilitat	habilitat	existing-unreviewed		0
end	final	final	existing-unreviewed		0
endOffset	finaloffset	finaloffset	existing-unreviewed		0
end_cylinder	finalcylinder	finalcylinder	existing-unreviewed		0
end_head	finalhead	finalhead	existing-unreviewed		0
end_sector	finalsector	finalsector	existing-unreviewed		0
ensureCurrentProcess	ensureActualProcés	ensureActualProcés	existing-unreviewed		0
entry	entrada	entrada	existing-unreviewed		0
entryPoint	entradapoint	entradapoint	existing-unreviewed		0
entrypoint	entradapoint_2	entradapoint_2	existing-unreviewed		0
environment	environment	environment	existing-unreviewed		0
environmentPointers	environmentpointers	environmentpointers	existing-unreviewed		0
err	error	error	existing-unreviewed		0
errorPort	shaproduïtunerrorport	shaproduïtunerrorport	existing-unreviewed		0
es	es	es	existing-unreviewed		0
esi	esi	esi	existing-unreviewed		0
esp	esp	esp	existing-unreviewed		0
esp0	esp0	esp0	existing-unreviewed		0
esp1	esp1	esp1	existing-unreviewed		0
esp2	esp2	esp2	existing-unreviewed		0
etherFrameProvider	cableMarcprovider	cableMarcprovider	pending-language-review	ethernet_provider	0
etherType	cableTipus	cableTipus	existing-unreviewed		0
etherType_BE	cableTipusbe	cableTipusbe	existing-unreviewed		0
etherframe	cableMarc	cableMarc	existing-unreviewed		0
etherframePayload	cableMarcpayload	cableMarcpayload	existing-unreviewed		0
except	except	except	existing-unreviewed		0
exceptionCR0	exceptioncr0	exceptioncr0	existing-unreviewed		0
exceptionCR2	exceptioncr2	exceptioncr2	existing-unreviewed		0
exceptionCR3	exceptioncr3	exceptioncr3	existing-unreviewed		0
exceptionFrameValue	exceptionMarcValor	exceptionMarcValor	existing-unreviewed		0
exceptionHasErrorCode	exceptionhasshaproduïtunerrorcode	exceptionhasshaproduïtunerrorcode	existing-unreviewed		0
exceptionName	exceptionNom	exceptionNom	existing-unreviewed		0
execVector	execucióvector	execucióvector	existing-unreviewed		0
exists	exists	exists	existing-unreviewed		0
exited	hasortit	hasortit	existing-unreviewed		0
ext	ext	ext	existing-unreviewed		0
extFlags	extSenyaladors	extSenyaladors	existing-unreviewed		0
extendedScanCode	extendedExploracode	extendedExploracode	existing-unreviewed		0
fDupFD	fdupDF	fdupDF	existing-unreviewed		0
fGetFD	fgetDF	fgetDF	existing-unreviewed		0
fGetFL	fgetfl	fgetfl	existing-unreviewed		0
fSetFD	festableixDF	festableixDF	existing-unreviewed		0
fSetFL	festableixfl	festableixfl	existing-unreviewed		0
fat	fat	fat	existing-unreviewed		0
fatCopies	fatCopia	fatCopia	existing-unreviewed		0
fatInfo	fatInformació	fatInformació	existing-unreviewed		0
fatOffsetInSectorForCurrentCluster	fatoffsetasectorforActualcluster	fatoffsetasectorforActualcluster	existing-unreviewed		0
fatSectorCount	fatsectorRecompte	fatsectorRecompte	existing-unreviewed		0
fatSectorForCurrentCluster	fatsectorforActualcluster	fatsectorforActualcluster	existing-unreviewed		0
fatSize	fatMida	fatMida	existing-unreviewed		0
fatStart	fatInicia	fatInicia	existing-unreviewed		0
fatTypeLabel	fatTipusetiqueta	fatTipusetiqueta	existing-unreviewed		0
fatVersion	fatVersió	fatVersió	existing-unreviewed		0
fatbuf	fatbuf	fatbuf	existing-unreviewed		0
fatbuffer	fatbuffer	fatbuffer	existing-unreviewed		0
faultAddr	faultAdreça	faultAdreça	existing-unreviewed		0
fb	fb	fb	existing-unreviewed		0
fbCurCol	fbActualcol	fbActualcol	existing-unreviewed		0
fbCurLine	fbActualLínia	fbActualLínia	existing-unreviewed		0
fbHeight	fbAlçada	fbAlçada	existing-unreviewed		0
fbPhysAddr	fbphysAdreça	fbphysAdreça	existing-unreviewed		0
fbWidth	fbAmplada	fbAmplada	existing-unreviewed		0
fd	dF	dF	existing-unreviewed		0
fdCloexec	dFcloexec	dFcloexec	existing-unreviewed		0
fdEntry	dFentrada	dFentrada	existing-unreviewed		0
fdFlags	dFSenyaladors	dFSenyaladors	existing-unreviewed		0
fdKindConsole	dFClasseConsola	dFClasseConsola	existing-unreviewed		0
fdKindFat	dFClassefat	dFClassefat	existing-unreviewed		0
fdKindNone	dFClasseCap	dFClasseCap	existing-unreviewed		0
fdKindRootDir	dFClasseArrelDirectori	dFClasseArrelDirectori	existing-unreviewed		0
fdKindSocket	dFClasseSòcol	dFClasseSòcol	existing-unreviewed		0
fdKindStdin	dFClassestdin	dFClassestdin	existing-unreviewed		0
fds	fds	fds	existing-unreviewed		0
filePtr	fitxerPunter	fitxerPunter	existing-unreviewed		0
fileSector	fitxersector	fitxersector	existing-unreviewed		0
fileSize	fitxerMida	fitxerMida	existing-unreviewed		0
filename	nomdelfitxer	nomdelfitxer	existing-unreviewed		0
fillPosixStat	fillposixstat	fillposixstat	existing-unreviewed		0
findProcess	trobaProcés	trobaProcés	existing-unreviewed		0
first	first	first	existing-unreviewed		0
firstClusterHi	firstclusterhi	firstclusterhi	existing-unreviewed		0
firstClusterLow	firstclusterBaixa	firstclusterBaixa	existing-unreviewed		0
firstFileCluster	firstFitxercluster	firstFitxercluster	existing-unreviewed		0
flags	senyaladors	senyaladors	existing-unreviewed		0
flags2	senyaladors2	senyaladors2	existing-unreviewed		0
flagsAndOffset	senyaladorsioffset	senyaladorsioffset	existing-unreviewed		0
flushIndex	flushÍndex	flushÍndex	existing-unreviewed		0
flushTlsTable	flushtlsTaula	flushtlsTaula	existing-unreviewed		0
flush_tss	flushtss	flushtss	existing-unreviewed		0
fn	fn	fn	existing-unreviewed		0
foo	foo	foo	existing-unreviewed		0
foundChild	foundfill	foundfill	existing-unreviewed		0
frame	marc	marc	existing-unreviewed		0
frameCount	marcRecompte	marcRecompte	existing-unreviewed		0
frameHeaderSize	marcheaderMida	marcheaderMida	existing-unreviewed		0
free	lliure	lliure	existing-unreviewed		0
freePort	lliureport	lliureport	existing-unreviewed		0
frequency	freqüència	freqüència	existing-unreviewed		0
fs	fs	fs	existing-unreviewed		0
func1Val	func1val	func1val	existing-unreviewed		0
func2Val	func2val	func2val	existing-unreviewed		0
func3Val	func3val	func3val	existing-unreviewed		0
func_addr	funcAdreça	funcAdreça	existing-unreviewed		0
func_bytes	funcbytes	funcbytes	existing-unreviewed		0
func_name	funcNom	funcNom	existing-unreviewed		0
func_value	funcValor	funcValor	existing-unreviewed		0
function	funció	funció	existing-unreviewed		0
fxrstor	fxrstor	fxrstor	existing-unreviewed		0
fxsave	fxsave	fxsave	existing-unreviewed		0
g	g	g	existing-unreviewed		0
g_320x200x256	g320x200x256	g320x200x256	existing-unreviewed		0
gate	gate	gate	existing-unreviewed		0
gateData	gatedata	gatedata	existing-unreviewed		0
gatewayIP	gatewayip	gatewayip	existing-unreviewed		0
gdt	gdt	gdt	existing-unreviewed		0
gdtDescriptor	gdtdescriptor	gdtdescriptor	existing-unreviewed		0
gdtEntry	gdtentrada	gdtentrada	existing-unreviewed		0
gdtTable	gdtTaula	gdtTaula	existing-unreviewed		0
gdtTableLen	gdtTaulalen	gdtTaulalen	existing-unreviewed		0
gdt_codeSegmentSelector	gdtcodesegmentselector	gdtcodesegmentselector	existing-unreviewed		0
gdt_func	gdtfunc	gdtfunc	existing-unreviewed		0
getCR2	getcr2	getcr2	existing-unreviewed		0
getCR3	getcr3	getcr3	existing-unreviewed		0
getDescriptor	getdescriptor	getdescriptor	existing-unreviewed		0
getESI	getesi	getesi	existing-unreviewed		0
getESP	getesp	getesp	existing-unreviewed		0
getGDT	getgdt	getgdt	existing-unreviewed		0
getGS	getgs	getgs	existing-unreviewed		0
getOpenFile	getObreFitxer	getObreFitxer	existing-unreviewed		0
getOpenFileFor	getObreFitxerfor	getObreFitxerfor	existing-unreviewed		0
getTLS	gettls	gettls	existing-unreviewed		0
globalDescriptorTable	globaldescriptorTaula	globaldescriptorTaula	existing-unreviewed		0
globalOffsetTable	globaloffsetTaula	globaloffsetTaula	existing-unreviewed		0
global_offset_table	globaloffsetTaula_2	globaloffsetTaula_2	existing-unreviewed		0
graphicsControllerDataPort	gràficsControladordataport	gràficsControladordataport	existing-unreviewed		0
graphicsControllerIndexPort	gràficsControladorÍndexport	gràficsControladorÍndexport	existing-unreviewed		0
grub_multiboot_memory_map_t	grubmultibootMemòriamapt	grubmultibootMemòriamapt	existing-unreviewed		0
gs	gs	gs	existing-unreviewed		0
gs_segment	gssegment	gssegment	existing-unreviewed		0
h	h	h	existing-unreviewed		0
haltAfterFatalException	haltafterfatalexception	haltafterfatalexception	existing-unreviewed		0
handleInterrupt	gestorInterrupció	gestorInterrupció	existing-unreviewed		0
handleKeyboardInterrupt	gestorTeclatInterrupció	gestorTeclatInterrupció	existing-unreviewed		0
handleMouseInterrupt	gestorRatolíInterrupció	gestorRatolíInterrupció	existing-unreviewed		0
handlePagingInterrupt	gestorpagingInterrupció	gestorpagingInterrupció	existing-unreviewed		0
handleUnhandledSyscall	gestorunhandledsyscall	gestorunhandledsyscall	existing-unreviewed		0
handler	handler	handler	existing-unreviewed		0
handlerAddressHighBits	handlerAdreçaAltabits	handlerAdreçaAltabits	existing-unreviewed		0
handlerAddressLowBits	handlerAdreçaBaixabits	handlerAdreçaBaixabits	existing-unreviewed		0
handlerRun	handlerExecuta	handlerExecuta	existing-unreviewed		0
handlers	handler_2	handler_2	existing-unreviewed		0
hardwareAddressSize	maquinariAdreçaMida	maquinariAdreçaMida	existing-unreviewed		0
hardwareInterruptOffset	maquinariInterrupcióoffset	maquinariInterrupcióoffset	existing-unreviewed		0
hardwareType	maquinariTipus	maquinariTipus	existing-unreviewed		0
hd	hd	hd	existing-unreviewed		0
head	head	head	existing-unreviewed		0
headCount	headRecompte	headRecompte	existing-unreviewed		0
headerLength	headerDurada	headerDurada	existing-unreviewed		0
headertype	headertype	headertype	existing-unreviewed		0
height	alçada	alçada	existing-unreviewed		0
hex	hexadecimal	hexadecimal	existing-unreviewed		0
hiddenSectors	ocultsectors	ocultsectors	existing-unreviewed		0
i	i	i	existing-unreviewed		0
iCount	iRecompte	iRecompte	existing-unreviewed		0
iDrivers	idriver	idriver	existing-unreviewed		0
iKeyboardEventHandler	iTeclatEsdevenimenthandler	iTeclatEsdevenimenthandler	existing-unreviewed		0
iMouseEventHandler	iRatolíEsdevenimenthandler	iRatolíEsdevenimenthandler	existing-unreviewed		0
iPCIControllerHandler	ipciControladorhandler	ipciControladorhandler	existing-unreviewed		0
iRawDataHandler	irawdatahandler	irawdatahandler	existing-unreviewed		0
iTimerEventHandler	iTemporitzadorEsdevenimenthandler	iTemporitzadorEsdevenimenthandler	existing-unreviewed		0
icmp	icmp	icmp	existing-unreviewed		0
icmpSize	icmpMida	icmpMida	existing-unreviewed		0
icmp콘솔	icmpConsola	icmpConsola	existing-unreviewed		0
id	identificador	identificador	existing-unreviewed		0
ident	ident	ident	existing-unreviewed		0
idtData	idtdata	idtdata	existing-unreviewed		0
idtPointer	idtPunter	idtPunter	existing-unreviewed		0
idx	idx	idx	existing-unreviewed		0
index	índex	índex	existing-unreviewed		0
initBlock	initBloc	initBloc	existing-unreviewed		0
initFileDescriptors	initFitxerdescriptor	initFitxerdescriptor	existing-unreviewed		0
initPIT	initpit	initpit	existing-unreviewed		0
initializeProcessFDs	initializeProcésfds	initializeProcésfds	existing-unreviewed		0
inode	inode	inode	existing-unreviewed		0
inputEventTask	entradaEsdevenimentTasca	entradaEsdevenimentTasca	existing-unreviewed		0
installIDT	installidt	installidt	existing-unreviewed		0
intNumber	enterNombre	enterNombre	existing-unreviewed		0
interface_id	interfícieIdentificador	interfícieIdentificador	existing-unreviewed		0
internetprotocolPayload	internetprotocolpayload	internetprotocolpayload	existing-unreviewed		0
interrupt	interrupció	interrupció	existing-unreviewed		0
interruptDebug	interrupcióDepura	interrupcióDepura	existing-unreviewed		0
interruptExitLoop	interrupcióSurtloop	interrupcióSurtloop	existing-unreviewed		0
interruptGateEntries	interrupciógateentrada	interrupciógateentrada	existing-unreviewed		0
interruptHandler	interrupcióhandler	interrupcióhandler	existing-unreviewed		0
interrupts	interrupts	interrupts	existing-unreviewed		0
iomap	iomap	iomap	existing-unreviewed		0
ip	ip	ip	existing-unreviewed		0
ipEtherFrameHandler	ipCableMarchandler	ipCableMarchandler	existing-unreviewed		0
ipHandler	iphandler	iphandler	existing-unreviewed		0
ipIdx	ipidx	ipidx	existing-unreviewed		0
ipProtocolUDP	ipprotocoludp	ipprotocoludp	existing-unreviewed		0
ipProvider	ipprovider	ipprovider	pending-language-review	ip_provider	0
ipSize	ipMida	ipMida	existing-unreviewed		0
ip_be	ipXarxabyteorder	ipXarxabyteorder	existing-unreviewed		0
ipmessage	internetprotocolMissatge	internetprotocolMissatge	existing-unreviewed		0
ipv4	ipv4	ipv4	existing-unreviewed		0
ip콘솔	ipConsola	ipConsola	existing-unreviewed		0
isKernel	iskernel	iskernel	existing-unreviewed		0
isRoot	isArrel	isArrel	existing-unreviewed		0
isRootPath	isArrelCAMÍ	isArrelCAMÍ	existing-unreviewed		0
isSharedPDE	issharedpde	issharedpde	existing-unreviewed		0
istOffset	istoffset	istoffset	existing-unreviewed		0
j	j	j	existing-unreviewed		0
jmp	jmp	jmp	existing-unreviewed		0
jmp_user	jmpUsuari	jmpUsuari	existing-unreviewed		0
jump_usermode_iret	jumpModedusuariiret	jumpModedusuariiret	existing-unreviewed		0
kPageDirEntry	kPàginaDirectorientrada	kPàginaDirectorientrada	existing-unreviewed		0
kernelESP	kernelesp	kernelesp	existing-unreviewed		0
kernelPageDirEntry	kernelPàginaDirectorientrada	kernelPàginaDirectorientrada	existing-unreviewed		0
kernelSS	kernelss	kernelss	existing-unreviewed		0
key	clau	clau	existing-unreviewed		0
keyboard	teclat	teclat	existing-unreviewed		0
keyboardDriver	teclatdriver	teclatdriver	existing-unreviewed		0
keyboardEventHandler	teclatEsdevenimenthandler	teclatEsdevenimenthandler	existing-unreviewed		0
keyboardQueue	teclatqueue	teclatqueue	existing-unreviewed		0
keyboardQueueRead	teclatqueueLectura	teclatqueueLectura	existing-unreviewed		0
keyboardQueueSize	teclatqueueMida	teclatqueueMida	existing-unreviewed		0
keyboardQueueWrite	teclatqueueEscriptura	teclatqueueEscriptura	existing-unreviewed		0
kind	classe	classe	existing-unreviewed		0
l	l	l	existing-unreviewed		0
last	últim	últim	existing-unreviewed		0
lbaHiPort	lbahiport	lbahiport	existing-unreviewed		0
lbaLowPort	lbaBaixaport	lbaBaixaport	existing-unreviewed		0
lbaMidPort	lbamidport	lbamidport	existing-unreviewed		0
ldt	ldt	ldt	existing-unreviewed		0
leftShift	esquerraMaj	esquerraMaj	existing-unreviewed		0
len	len	len	existing-unreviewed		0
len_ver	lenver	lenver	existing-unreviewed		0
length	durada	durada	existing-unreviewed		0
lengthAddress	duradaAdreça	duradaAdreça	existing-unreviewed		0
lengthInBytes	duradaabytes	duradaabytes	existing-unreviewed		0
length_high	duradaAlta	duradaAlta	existing-unreviewed		0
length_low	duradaBaixa	duradaBaixa	existing-unreviewed		0
lengths	lengths	lengths	existing-unreviewed		0
lib1Addr	lib1Adreça	lib1Adreça	existing-unreviewed		0
lib1Data	lib1data	lib1data	existing-unreviewed		0
lib1File	lib1Fitxer	lib1Fitxer	existing-unreviewed		0
lib1GOT	lib1got	lib1got	existing-unreviewed		0
lib1elf	lib1elf	lib1elf	existing-unreviewed		0
lib2Addr	lib2Adreça	lib2Adreça	existing-unreviewed		0
lib2Data	lib2data	lib2data	existing-unreviewed		0
lib2File	lib2Fitxer	lib2Fitxer	existing-unreviewed		0
lib2GOT	lib2got	lib2got	existing-unreviewed		0
lib2elf	lib2elf	lib2elf	existing-unreviewed		0
libLinkMap	libEnllaçmap	libEnllaçmap	existing-unreviewed		0
lidtaddr	lidtaddr	lidtaddr	existing-unreviewed		0
limit	límit	límit	existing-unreviewed		0
limitHighAndFlags	límitAltaiSenyaladors	límitAltaiSenyaladors	existing-unreviewed		0
limitLow	límitBaixa	límitBaixa	existing-unreviewed		0
linkMap	enllaçmap	enllaçmap	existing-unreviewed		0
linkMapAddr	enllaçmapAdreça	enllaçmapAdreça	existing-unreviewed		0
linkerAddr	linkerAdreça	linkerAdreça	existing-unreviewed		0
linkerData	linkerdata	linkerdata	existing-unreviewed		0
linkerEntry	linkerentrada	linkerentrada	existing-unreviewed		0
linkerFile	linkerFitxer	linkerFitxer	existing-unreviewed		0
list	llista	llista	existing-unreviewed		0
listening	listening	listening	existing-unreviewed		0
loader	loader	loader	existing-unreviewed		0
local	local	local	existing-unreviewed		0
localDatagramSocket	localdatagramSòcol	localdatagramSòcol	existing-unreviewed		0
localIP	localip	localip	existing-unreviewed		0
localPort	localportNombre	localportNombre	existing-unreviewed		0
localSockets	localsockets	localsockets	existing-unreviewed		0
logicalAddress	logicalAdreça	logicalAdreça	existing-unreviewed		0
macAddr	macAdreça	macAdreça	existing-unreviewed		0
macIdx	macidx	macidx	existing-unreviewed		0
magicnumber	magicnumber	magicnumber	existing-unreviewed		0
main	main	main	compatibility		0
mainThread	principalthread	principalthread	existing-unreviewed		0
makePagePrivateWritableCurrent	makePàginaPrivatwritableActual	makePàginaPrivatwritableActual	existing-unreviewed		0
makeRangePrivateWritableCurrent	makeIntervalPrivatwritableActual	makeIntervalPrivatwritableActual	existing-unreviewed		0
manager	manager	manager	existing-unreviewed		0
mask	màscara	màscara	existing-unreviewed		0
master	mestre	mestre	existing-unreviewed		0
matches	matches	matches	existing-unreviewed		0
maxBARs	màxbars	màxbars	existing-unreviewed		0
maxDatagramSize	màxdatagramMida	màxdatagramMida	existing-unreviewed		0
maxExecStringLength	màxExecucióCadenaDurada	màxExecucióCadenaDurada	existing-unreviewed		0
maxExecVectorEntries	màxExecucióvectorentrada	màxExecucióvectorentrada	existing-unreviewed		0
maxFD	màxDF	màxDF	existing-unreviewed		0
maxOpenFiles	màxObreFITXERS	màxObreFITXERS	existing-unreviewed		0
maxSocketPackets	màxSòcolpaquets	màxSòcolpaquets	existing-unreviewed		0
maxSockets	màxsockets	màxsockets	existing-unreviewed		0
maximumBlocks	màximBloc	màximBloc	existing-unreviewed		0
mediaType	mitjansTipus	mitjansTipus	existing-unreviewed		0
mem	mem	mem	existing-unreviewed		0
memoryArray	memòriaMatriu	memòriaMatriu	existing-unreviewed		0
memoryChunkSize	memòriachunkMida	memòriachunkMida	existing-unreviewed		0
memoryManager	memòriamanager	memòriamanager	existing-unreviewed		0
memoryOper	memòriaoper	memòriaoper	existing-unreviewed		0
memorySize	memòriaMida	memòriaMida	existing-unreviewed		0
memorymananger	memorymananger	memorymananger	existing-unreviewed		0
memorytest	memorytest	memorytest	existing-unreviewed		0
message	missatge	missatge	existing-unreviewed		0
micsPort	micsport	micsport	existing-unreviewed		0
minimum	mínim	mínim	existing-unreviewed		0
mode	mode	mode	existing-unreviewed		0
mouseDriver	ratolídriver	ratolídriver	existing-unreviewed		0
mouseEventHandler	ratolíEsdevenimenthandler	ratolíEsdevenimenthandler	existing-unreviewed		0
mouseVGA	ratolívga	ratolívga	existing-unreviewed		0
mouseWidget	ratolíwidget	ratolíwidget	existing-unreviewed		0
msdospart	msdospartition	msdospartition	existing-unreviewed		0
msg	msg	msg	existing-unreviewed		0
msgBuffer	msgbuffer	msgbuffer	existing-unreviewed		0
multiboot_memory_map	multibootMemòriamap	multibootMemòriamap	existing-unreviewed		0
multitasking	multitasking	multitasking	existing-unreviewed		0
myKeyboardEventHandler	myTeclatEsdevenimenthandler	myTeclatEsdevenimenthandler	existing-unreviewed		0
myPCIControllerHandler	mypciControladorhandler	mypciControladorhandler	existing-unreviewed		0
myfunction	myfunction	myfunction	existing-unreviewed		0
n	n	n	existing-unreviewed		0
n_descsz	ndescsz	ndescsz	existing-unreviewed		0
n_namesz	nnamesz	nnamesz	existing-unreviewed		0
n_type	nTipus	nTipus	existing-unreviewed		0
name	nom	nom	existing-unreviewed		0
nameLen	nomlen	nomlen	existing-unreviewed		0
netCard	xarxaCartes	xarxaCartes	existing-unreviewed		0
newButtons	nouBotó	nouBotó	existing-unreviewed		0
newFD	nouDF	nouDF	existing-unreviewed		0
newFrame	nouMarc	nouMarc	existing-unreviewed		0
newLink	nouEnllaç	nouEnllaç	existing-unreviewed		0
newNode	nounode	nounode	existing-unreviewed		0
newPtr	nouPunter	nouPunter	existing-unreviewed		0
next	següent	següent	existing-unreviewed		0
nextEphemeralPort	següentephemeralport	següentephemeralport	existing-unreviewed		0
nextFileCluster	següentFitxercluster	següentFitxercluster	existing-unreviewed		0
nextHopIP_BE	següenthopipAdreçaXarxabyteorder	següenthopipAdreçaXarxabyteorder	existing-unreviewed		0
nextNode	següentnode	següentnode	existing-unreviewed		0
nextProcessID	següentProcésIdentificador	següentProcésIdentificador	existing-unreviewed		0
nextThread	següentthread	següentthread	existing-unreviewed		0
nibble	nibble	nibble	existing-unreviewed		0
node	node	node	pending-language-review	list_node	0
nodeArray	nodeMatriu	nodeMatriu	existing-unreviewed		0
num	nombre	nombre	existing-unreviewed		0
numCacheEntries	nombrecacheentrada	nombrecacheentrada	existing-unreviewed		0
numDrivers	nombredriver	nombredriver	existing-unreviewed		0
numFunctions	nombreFuncions	nombreFuncions	existing-unreviewed		0
numRecvBuffers	nombrerecvbuffer	nombrerecvbuffer	existing-unreviewed		0
numSendBuffers	nombreEnviabuffer	nombreEnviabuffer	existing-unreviewed		0
numSockets	nombresockets	nombresockets	existing-unreviewed		0
numTasks	nombreTasques	nombreTasques	existing-unreviewed		0
oAppend	oappend	oappend	existing-unreviewed		0
oCreate	ocreate	ocreate	existing-unreviewed		0
oDirectory	oDirectori	oDirectori	existing-unreviewed		0
oReadOnly	oLecturaonly	oLecturaonly	existing-unreviewed		0
oReadWrite	oLecturaEscriptura	oLecturaEscriptura	existing-unreviewed		0
oTruncate	oTrunca	oTrunca	existing-unreviewed		0
oWriteOnly	oEscripturaonly	oEscripturaonly	existing-unreviewed		0
o_addr	oAdreça	oAdreça	existing-unreviewed		0
offset	offset	offset	existing-unreviewed		0
ok	dacord	dacord	existing-unreviewed		0
oldButtons	oldBotó	oldBotó	existing-unreviewed		0
oldCR3	oldcr3	oldcr3	existing-unreviewed		0
oldFD	oldDF	oldDF	existing-unreviewed		0
oldFrame	oldMarc	oldMarc	existing-unreviewed		0
oldGdt	oldgdt	oldgdt	existing-unreviewed		0
oldGdtAddr	oldgdtAdreça	oldgdtAdreça	existing-unreviewed		0
oldGdtLen	oldgdtlen	oldgdtlen	existing-unreviewed		0
openFileDescription	obreFitxerDescripció	obreFitxerDescripció	existing-unreviewed		0
openFileTable	obreFitxerTaula	obreFitxerTaula	existing-unreviewed		0
options	opcions	opcions	existing-unreviewed		0
orgValue	orgValor	orgValor	existing-unreviewed		0
p	p	p	existing-unreviewed		0
p1	p1	p1	existing-unreviewed		0
p2	p2	p2	existing-unreviewed		0
p_align	pAlinea	pAlinea	existing-unreviewed		0
p_backend	pbackend	pbackend	existing-unreviewed		0
p_data	pdata	pdata	existing-unreviewed		0
p_efHandler	pefhandler	pefhandler	existing-unreviewed		0
p_efProvider	pefprovider	pefprovider	existing-unreviewed		0
p_etherType	pCableTipus	pCableTipus	existing-unreviewed		0
p_filesz	pfilesz	pfilesz	existing-unreviewed		0
p_flags	pSenyaladors	pSenyaladors	existing-unreviewed		0
p_iHandler	pihandler	pihandler	existing-unreviewed		0
p_ipHandler	piphandler	piphandler	existing-unreviewed		0
p_ipProvider	pipprovider	pipprovider	existing-unreviewed		0
p_memsz	pmemsz	pmemsz	existing-unreviewed		0
p_offset	poffset	poffset	existing-unreviewed		0
p_paddr	ppaddr	ppaddr	existing-unreviewed		0
p_protocol	pprotocol	pprotocol	existing-unreviewed		0
p_provider	pprovider	pprovider	existing-unreviewed		0
p_str	pstr	pstr	existing-unreviewed		0
p_type	pTipus	pTipus	existing-unreviewed		0
p_udpHandler	pudphandler	pudphandler	existing-unreviewed		0
p_udpProvider	pudpprovider	pudpprovider	existing-unreviewed		0
p_vaddr	pvaddr	pvaddr	existing-unreviewed		0
packet	pAQUET	pAQUET	existing-unreviewed		0
packetStatus	pAQUETEstat	pAQUETEstat	existing-unreviewed		0
packets	paquets	paquets	existing-unreviewed		0
page	pàgina	pàgina	existing-unreviewed		0
pageDir	pàginaDirectori	pàginaDirectori	pending-language-review	page_directory	0
pageDirEntry	pàginaDirectorientrada	pàginaDirectorientrada	existing-unreviewed		0
pageTableEntry	pàginaTaulaentrada	pàginaTaulaentrada	existing-unreviewed		0
paging	paging	paging	existing-unreviewed		0
param	param	param	existing-unreviewed		0
params	paràmetres	paràmetres	existing-unreviewed		0
parent	pare	pare	existing-unreviewed		0
parentPID	parepid	parepid	existing-unreviewed		0
parentProcess	pareProcés	pareProcés	existing-unreviewed		0
partEntry	partentrada	partentrada	existing-unreviewed		0
partition	partition	partition	existing-unreviewed		0
partitionBytes	partitionbytes	partitionbytes	existing-unreviewed		0
partitionOffset	partitionoffset	partitionoffset	existing-unreviewed		0
path	cAMÍ	cAMÍ	existing-unreviewed		0
pathAddr	cAMÍAdreça	cAMÍAdreça	existing-unreviewed		0
pci	pci	pci	existing-unreviewed		0
pciController	pciControlador	pciControlador	existing-unreviewed		0
pde	pde	pde	existing-unreviewed		0
pdeAddr	pdeAdreça	pdeAdreça	existing-unreviewed		0
pdelen	pdelen	pdelen	existing-unreviewed		0
peer	peer	peer	existing-unreviewed		0
pendingButtons	pendingBotó	pendingBotó	existing-unreviewed		0
pendingMouseEvent	pendingRatolíEsdeveniment	pendingRatolíEsdeveniment	existing-unreviewed		0
pendingX	pendingx	pendingx	existing-unreviewed		0
pendingY	pendingy	pendingy	existing-unreviewed		0
phyaddr	phyaddr	phyaddr	existing-unreviewed		0
phymem	physicalMemòria	physicalMemòria	existing-unreviewed		0
physicalAddress	physicalAdreça	physicalAdreça	existing-unreviewed		0
pid	pid	pid	existing-unreviewed		0
pitFrequency	pitFreqüència	pitFreqüència	existing-unreviewed		0
pixelAddress	pixelAdreça	pixelAdreça	existing-unreviewed		0
pointer	punter	punter	pending-language-review	pointer	0
pollKeyboardScancode	pollTeclatscancode	pollTeclatscancode	existing-unreviewed		0
port	port	port	existing-unreviewed		0
portBase	portbase	portbase	existing-unreviewed		0
portInUse	portaUsa	portaUsa	existing-unreviewed		0
portnumber	portnumber	portnumber	existing-unreviewed		0
pos	posició	posició	existing-unreviewed		0
position	posició_2	posició_2	existing-unreviewed		0
posixStat	posixstat	posixstat	existing-unreviewed		0
posixUtsname	posixutsname	posixutsname	existing-unreviewed		0
prefetchable	prefetchcapable	prefetchcapable	existing-unreviewed		0
prev	previous	previous	existing-unreviewed		0
prevNode	previousnode	previousnode	existing-unreviewed		0
prevX	previousx	previousx	existing-unreviewed		0
prevY	previousy	previousy	existing-unreviewed		0
printESP	imprimeixesp	imprimeixesp	existing-unreviewed		0
printExceptionSelectorInfo	imprimeixexceptionselectorInformació	imprimeixexceptionselectorInformació	existing-unreviewed		0
printPageFaultInfo	imprimeixPàginafaultInformació	imprimeixPàginafaultInformació	existing-unreviewed		0
printreg	printreg	printreg	existing-unreviewed		0
proc2	proc2	proc2	existing-unreviewed		0
proc3	proc3	proc3	existing-unreviewed		0
proc4	proc4	proc4	existing-unreviewed		0
process	procés	procés	existing-unreviewed		0
processEntry	procésentrada	procésentrada	existing-unreviewed		0
processHelper	procéshelper	procéshelper	existing-unreviewed		0
processTable	procésTaula	procésTaula	existing-unreviewed		0
processes	processos	processos	existing-unreviewed		0
programBreak	programabreak	programabreak	existing-unreviewed		0
protocol	protocol	protocol	existing-unreviewed		0
protocolAddressSize	protocolAdreçaMida	protocolAdreçaMida	existing-unreviewed		0
providedLength	providedDurada	providedDurada	existing-unreviewed		0
provider	provider	provider	existing-unreviewed		0
ps2WaitLimit	ps2EsperaLímit	ps2EsperaLímit	existing-unreviewed		0
pt	pt	pt	existing-unreviewed		0
pte	pte	pte	existing-unreviewed		0
pteAddr	pteAdreça	pteAdreça	existing-unreviewed		0
ptr	punter_2	punter_2	pending-language-review	pointer	0
pushExecUint32	pushExecucióunsignedinteger32	pushExecucióunsignedinteger32	existing-unreviewed		0
queueKeyboardByte	queueTeclatbyte	queueTeclatbyte	existing-unreviewed		0
r	r	r	existing-unreviewed		0
r_addend	raddend	raddend	existing-unreviewed		0
r_info	rInformació	rInformació	existing-unreviewed		0
r_offset	roffset	roffset	existing-unreviewed		0
raw	raw	raw	existing-unreviewed		0
rawDataBackend	rawdatabackend	rawdatabackend	existing-unreviewed		0
readFile	lecturaFitxer	lecturaFitxer	existing-unreviewed		0
readPS2Data	lecturaps2data	lecturaps2data	existing-unreviewed		0
readStdin	lecturastdin	lecturastdin	existing-unreviewed		0
readVFSFile	lecturavfsFitxer	lecturavfsFitxer	existing-unreviewed		0
read_count	lecturaRecompte	lecturaRecompte	existing-unreviewed		0
receiver	receiver	receiver	existing-unreviewed		0
recvBufferDescr	recvbufferDescripció	recvbufferDescripció	existing-unreviewed		0
recvBufferDescrAddress	recvbufferDescripcióAdreça	recvbufferDescripcióAdreça	existing-unreviewed		0
recvBuffers	recvbuffer	recvbuffer	existing-unreviewed		0
recvBuffersDescrMemory	recvbufferDescripcióMemòria	recvbufferDescripcióMemòria	existing-unreviewed		0
refBytes	referencebytes	referencebytes	existing-unreviewed		0
refPtr	referencePunter	referencePunter	existing-unreviewed		0
refs	refs	refs	existing-unreviewed		0
regIndex	regÍndex	regÍndex	existing-unreviewed		0
registerAddressPort	registerAdreçaport	registerAdreçaport	existing-unreviewed		0
registerDataPort	registerdataport	registerdataport	existing-unreviewed		0
registeroffset	registeroffset	registeroffset	existing-unreviewed		0
registers	register	register	existing-unreviewed		0
regtype	regtype	regtype	existing-unreviewed		0
rel_text	reltext	reltext	existing-unreviewed		0
rel_text_len	reltextlen	reltextlen	existing-unreviewed		0
releaseOpenFile	releaseObreFitxer	releaseObreFitxer	existing-unreviewed		0
released	released	released	existing-unreviewed		0
reloadCR3	tornaacarregarcr3	tornaacarregarcr3	existing-unreviewed		0
relocation_text	relocationtext	relocationtext	existing-unreviewed		0
remaining	remaining	remaining	existing-unreviewed		0
remote	remot	remot	existing-unreviewed		0
remoteIP	remotip	remotip	existing-unreviewed		0
remotePort	remotportNombre	remotportNombre	existing-unreviewed		0
requested	requested	requested	existing-unreviewed		0
reserved	reservat	reservat	existing-unreviewed		0
reserved0	reservat0	reservat0	existing-unreviewed		0
reservedSectors	reservatsectors	reservatsectors	existing-unreviewed		0
resetPort	restableixport	restableixport	existing-unreviewed		0
restoreFpRegs	restaurafpregs	restaurafpregs	existing-unreviewed		0
result	rESULTAT	rESULTAT	existing-unreviewed		0
result1	rESULTAT1	rESULTAT1	existing-unreviewed		0
result2	rESULTAT2	rESULTAT2	existing-unreviewed		0
ret	ret	ret	existing-unreviewed		0
revision	revision	revision	existing-unreviewed		0
rightShift	dretaMaj	dretaMaj	existing-unreviewed		0
rootCluster	arrelcluster	arrelcluster	existing-unreviewed		0
rootDirEntries	arrelDirectorientrada	arrelDirectorientrada	existing-unreviewed		0
rootStart	arrelInicia	arrelInicia	existing-unreviewed		0
rt	rt	rt	existing-unreviewed		0
s	s	s	existing-unreviewed		0
sIfchr	sifchr	sifchr	existing-unreviewed		0
sIfdir	sifdir	sifdir	existing-unreviewed		0
sIfmt	sifmt	sifmt	existing-unreviewed		0
sIfreg	sifreg	sifreg	existing-unreviewed		0
sIfsock	sifsock	sifsock	existing-unreviewed		0
savedESP	desadaesp	desadaesp	existing-unreviewed		0
sc	sc	sc	existing-unreviewed		0
scanCode	exploracode	exploracode	existing-unreviewed		0
scanCodeToByte	exploracodetobyte	exploracodetobyte	existing-unreviewed		0
scancodeToByte	scancodetobyte	scancodetobyte	existing-unreviewed		0
sche	sche	sche	existing-unreviewed		0
sche_data	schedata	schedata	existing-unreviewed		0
scheduleStack	schedulestack	schedulestack	existing-unreviewed		0
scheduler	scheduler	scheduler	existing-unreviewed		0
schedulerDebug	schedulerDepura	schedulerDepura	existing-unreviewed		0
sectHeader	sectheader	sectheader	existing-unreviewed		0
sectHeaderSize	sectheaderMida	sectheaderMida	existing-unreviewed		0
sectName	sectNom	sectNom	existing-unreviewed		0
sectValue	sectValor	sectValor	existing-unreviewed		0
sector	sector	sector	existing-unreviewed		0
sectorCountPort	sectorRecompteport	sectorRecompteport	existing-unreviewed		0
sectorNum	sectorNombre	sectorNombre	existing-unreviewed		0
sectorOffset	sectoroffset	sectoroffset	existing-unreviewed		0
sectorPerTrack	sectorpertrack	sectorpertrack	existing-unreviewed		0
sectorsPerCluster	sectorspercluster	sectorspercluster	existing-unreviewed		0
seekCur	seekActual	seekActual	existing-unreviewed		0
seekEnd	seekFinal	seekFinal	existing-unreviewed		0
seekSet	seekestableix	seekestableix	existing-unreviewed		0
segmentNumber	segmentNombre	segmentNombre	existing-unreviewed		0
self	unmateix	unmateix	existing-unreviewed		0
self_uintptr	unmateixuintptr	unmateixuintptr	existing-unreviewed		0
sendBack	reply	reply	existing-unreviewed		0
sendBufferDescr	enviabufferDescripció	enviabufferDescripció	existing-unreviewed		0
sendBufferDescrAddress	enviabufferDescripcióAdreça	enviabufferDescripcióAdreça	existing-unreviewed		0
sendBuffers	enviabuffer	enviabuffer	existing-unreviewed		0
sendBuffersDescrMemory	enviabufferDescripcióMemòria	enviabufferDescripcióMemòria	existing-unreviewed		0
sendDataPointer	enviadataPunter	enviadataPunter	existing-unreviewed		0
sendDescriptor	enviadescriptor	enviadescriptor	existing-unreviewed		0
sendMouseCommand	enviaRatolíOrdre	enviaRatolíOrdre	existing-unreviewed		0
sequencerDataPort	sequencerdataport	sequencerdataport	existing-unreviewed		0
sequencerIndexPort	sequencerÍndexport	sequencerÍndexport	existing-unreviewed		0
serialLogByte	sèrieRegistrebyte	sèrieRegistrebyte	existing-unreviewed		0
serialReady	sèriePreparat	sèriePreparat	existing-unreviewed		0
setCR3	estableixcr3	estableixcr3	existing-unreviewed		0
setDS	estableixds	estableixds	existing-unreviewed		0
setGS	estableixgs	estableixgs	existing-unreviewed		0
setThreadExitLoopState	estableixthreadSurtloopEstat	estableixthreadSurtloopEstat	existing-unreviewed		0
setupExecStack	setupExecucióstack	setupExecucióstack	existing-unreviewed		0
sh	sh	sh	existing-unreviewed		0
sh_addr	shAdreça	shAdreça	existing-unreviewed		0
sh_addralign	shaddralign	shaddralign	existing-unreviewed		0
sh_entsize	shentsize	shentsize	existing-unreviewed		0
sh_flags	shSenyaladors	shSenyaladors	existing-unreviewed		0
sh_info	shInformació	shInformació	existing-unreviewed		0
sh_link	shEnllaç	shEnllaç	existing-unreviewed		0
sh_name	shNom	shNom	existing-unreviewed		0
sh_offset	shoffset	shoffset	existing-unreviewed		0
sh_size	shMida	shMida	existing-unreviewed		0
sh_type	shTipus	shTipus	existing-unreviewed		0
shift	maj	maj	existing-unreviewed		0
signature	signature	signature	existing-unreviewed		0
size	mida	mida	existing-unreviewed		0
sl	sl	sl	existing-unreviewed		0
sockDatagram	sockdatagram	sockdatagram	existing-unreviewed		0
socket	sòcol	sòcol	existing-unreviewed		0
socketAddress	sòcolAdreça	sòcolAdreça	existing-unreviewed		0
socketAddressIPv4	sòcolAdreçaipv4	sòcolAdreçaipv4	existing-unreviewed		0
socketBind	sòcolVincula	sòcolVincula	existing-unreviewed		0
socketCallArgument	sòcolcallargument	sòcolcallargument	existing-unreviewed		0
socketConnect	sòcolConnecta	sòcolConnecta	existing-unreviewed		0
socketForFD	sòcolforDF	sòcolforDF	existing-unreviewed		0
socketIndex	sòcolÍndex	sòcolÍndex	existing-unreviewed		0
socketPacket	sòcolPAQUET	sòcolPAQUET	existing-unreviewed		0
socketReceiveFrom	sòcolreceivedesde	sòcolreceivedesde	existing-unreviewed		0
socketSendTo	sòcolEnviato	sòcolEnviato	existing-unreviewed		0
socketType	sòcolTipus	sòcolTipus	existing-unreviewed		0
sockets	sockets	sockets	existing-unreviewed		0
softName	softNom	softNom	existing-unreviewed		0
source	origen	origen	existing-unreviewed		0
sourceAddress	origenAdreça	origenAdreça	existing-unreviewed		0
sourceLengthAddress	origenDuradaAdreça	origenDuradaAdreça	existing-unreviewed		0
src	origen_2	origen_2	existing-unreviewed		0
srcEntry	origenentrada	origenentrada	existing-unreviewed		0
srcIP	origenipAdreça	origenipAdreça	existing-unreviewed		0
srcIP_BE	origenipAdreçaXarxabyteorder	origenipAdreçaXarxabyteorder	existing-unreviewed		0
srcMAC	origenmacAdreça	origenmacAdreça	existing-unreviewed		0
srcMAC_BE	origenmacbe	origenmacbe	existing-unreviewed		0
srcPageDir	origenPàginaDirectori	origenPàginaDirectori	existing-unreviewed		0
srcPde	origenpde	origenpde	existing-unreviewed		0
srcPdeAddr	origenpdeAdreça	origenpdeAdreça	existing-unreviewed		0
srcPort	origenportNombre	origenportNombre	pending-language-review	source_port	0
srcPt	origenpt	origenpt	existing-unreviewed		0
srcptr	srcptr	srcptr	existing-unreviewed		0
ss	ss	ss	existing-unreviewed		0
ss0	ss0	ss0	existing-unreviewed		0
ss1	ss1	ss1	existing-unreviewed		0
ss2	ss2	ss2	existing-unreviewed		0
st	st	st	existing-unreviewed		0
st_info	stInformació	stInformació	existing-unreviewed		0
st_name	stNom	stNom	existing-unreviewed		0
st_other	stAltres	stAltres	existing-unreviewed		0
st_shndx	stshndx	stshndx	existing-unreviewed		0
st_size	stMida	stMida	existing-unreviewed		0
st_value	stValor	stValor	existing-unreviewed		0
stack	stack	stack	pending-language-review	stack	0
stackBytes	stackbytes	stackbytes	existing-unreviewed		0
stackPtr	stackPunter	stackPunter	existing-unreviewed		0
stack_addr	stackAdreça	stackAdreça	existing-unreviewed		0
stackbottom	stackbottom	stackbottom	existing-unreviewed		0
stacktop	stacktop	stacktop	existing-unreviewed		0
start	inicia	inicia	existing-unreviewed		0
startOffset	iniciaoffset	iniciaoffset	existing-unreviewed		0
start_cylinder	iniciacylinder	iniciacylinder	existing-unreviewed		0
start_head	iniciahead	iniciahead	existing-unreviewed		0
start_sector	iniciasector	iniciasector	existing-unreviewed		0
startingBit	startingbit	startingbit	existing-unreviewed		0
stat	stat	stat	existing-unreviewed		0
statAddr	statAdreça	statAdreça	existing-unreviewed		0
status	estat	estat	existing-unreviewed		0
statusAddr	estatAdreça	estatAdreça	existing-unreviewed		0
stderrFD	stderrDF	stderrDF	existing-unreviewed		0
stdinBuffer	stdinbuffer	stdinbuffer	existing-unreviewed		0
stdinFD	stdinDF	stdinDF	existing-unreviewed		0
stdinGetBlocking	stdingetblocking	stdingetblocking	existing-unreviewed		0
stdinRead	stdinLectura	stdinLectura	existing-unreviewed		0
stdinWrite	stdinEscriptura	stdinEscriptura	existing-unreviewed		0
stdoutFD	stdoutDF	stdoutDF	existing-unreviewed		0
stoppedThread	aturatthread	aturatthread	existing-unreviewed		0
str	str	str	existing-unreviewed		0
stringAddress	cadenaAdreça	cadenaAdreça	existing-unreviewed		0
stringHeader	cadenaheader	cadenaheader	existing-unreviewed		0
strtab	strtab	strtab	existing-unreviewed		0
subclass_id	subclassIdentificador	subclassIdentificador	existing-unreviewed		0
subnetMask	subnetMàscara	subnetMàscara	existing-unreviewed		0
swapUint16	espaidintercanviunsignedinteger16	espaidintercanviunsignedinteger16	existing-unreviewed		0
switchForced	switchforced	switchforced	existing-unreviewed		0
sysAccess	sysaccés	sysaccés	existing-unreviewed		0
sysBrk	sysbrk	sysbrk	existing-unreviewed		0
sysCall	syscall	syscall	existing-unreviewed		0
sysChdir	syschdir	syschdir	existing-unreviewed		0
sysClose	sysTanca	sysTanca	existing-unreviewed		0
sysDup	sysdup	sysdup	existing-unreviewed		0
sysDup2	sysdup2	sysdup2	existing-unreviewed		0
sysExecve	sysexecve	sysexecve	existing-unreviewed		0
sysExit	sysSurt	sysSurt	existing-unreviewed		0
sysFcntl	sysfcntl	sysfcntl	existing-unreviewed		0
sysFork	sysfork	sysfork	existing-unreviewed		0
sysFstat	sysfstat	sysfstat	existing-unreviewed		0
sysFsync	sysfsync	sysfsync	existing-unreviewed		0
sysGetcwd	sysgetcwd	sysgetcwd	existing-unreviewed		0
sysLseek	syslseek	syslseek	existing-unreviewed		0
sysOpen	sysObre	sysObre	existing-unreviewed		0
sysRead	sysLectura	sysLectura	existing-unreviewed		0
sysSocketCall	sysSòcolcall	sysSòcolcall	existing-unreviewed		0
sysStat	sysstat	sysstat	existing-unreviewed		0
sysUname	sysuname	sysuname	existing-unreviewed		0
sysWaitpid	syswaitpid	syswaitpid	existing-unreviewed		0
sysWrite	sysEscriptura	sysEscriptura	existing-unreviewed		0
syscallError	syscallshaproduïtunerror	syscallshaproduïtunerror	existing-unreviewed		0
syscallID	syscallIdentificador	syscallIdentificador	existing-unreviewed		0
systemcall	sistemacall	sistemacall	existing-unreviewed		0
table	taula	taula	existing-unreviewed		0
tableSize	taulaMida	taulaMida	existing-unreviewed		0
tail	tail	tail	existing-unreviewed		0
task	tasca	tasca	existing-unreviewed		0
taskA	tascaa	tascaa	existing-unreviewed		0
taskB	tascab	tascab	existing-unreviewed		0
taskC	tascac	tascac	existing-unreviewed		0
taskD	tascad	tascad	existing-unreviewed		0
taskD0	tascad0	tascad0	existing-unreviewed		0
taskD1	tascad1	tascad1	existing-unreviewed		0
taskManager	tascamanager	tascamanager	existing-unreviewed		0
tasks	tasques	tasques	existing-unreviewed		0
temp	temporary	temporary	existing-unreviewed		0
terminated	terminated	terminated	existing-unreviewed		0
text	text	text	existing-unreviewed		0
textPtr	textPunter	textPunter	existing-unreviewed		0
text_len	textlen	textlen	existing-unreviewed		0
text_mode_check_fb_move	textmodecheckfbMou	textmodecheckfbMou	existing-unreviewed		0
text_mode_disable_cursor	textmodeInhabilitacursor	textmodeInhabilitacursor	existing-unreviewed		0
text_mode_enable_cursor	textmodeActivacursor	textmodeActivacursor	existing-unreviewed		0
text_mode_error_writer	textmodeshaproduïtunerrorwriter	textmodeshaproduïtunerrorwriter	existing-unreviewed		0
text_mode_flush_screen	textmodeflushPantalla	textmodeflushPantalla	existing-unreviewed		0
text_mode_init	textmodeinit	textmodeinit	existing-unreviewed		0
text_mode_print	textmodeImprimeix	textmodeImprimeix	existing-unreviewed		0
text_mode_print_bytes	textmodeImprimeixbytes	textmodeImprimeixbytes	existing-unreviewed		0
text_mode_print_char	textmodeImprimeixchar	textmodeImprimeixchar	existing-unreviewed		0
text_mode_print_char_col	textmodeImprimeixcharcol	textmodeImprimeixcharcol	existing-unreviewed		0
text_mode_print_col	textmodeImprimeixcol	textmodeImprimeixcol	existing-unreviewed		0
text_mode_print_error	textmodeImprimeixshaproduïtunerror	textmodeImprimeixshaproduïtunerror	existing-unreviewed		0
text_mode_print_error_bytes	textmodeImprimeixshaproduïtunerrorbytes	textmodeImprimeixshaproduïtunerrorbytes	existing-unreviewed		0
text_mode_print_errorln	textmodeImprimeixerrorln	textmodeImprimeixerrorln	existing-unreviewed		0
text_mode_print_hex	textmodeImprimeixHexadecimal	textmodeImprimeixHexadecimal	existing-unreviewed		0
text_mode_print_hex16	textmodeImprimeixHexadecimal16	textmodeImprimeixHexadecimal16	existing-unreviewed		0
text_mode_print_hex32	textmodeImprimeixHexadecimal32	textmodeImprimeixHexadecimal32	existing-unreviewed		0
text_mode_print_hex64	textmodeImprimeixHexadecimal64	textmodeImprimeixHexadecimal64	existing-unreviewed		0
text_mode_print_hex_char	textmodeImprimeixHexadecimalchar	textmodeImprimeixHexadecimalchar	existing-unreviewed		0
text_mode_println	textmodeprintln	textmodeprintln	existing-unreviewed		0
text_mode_println_col	textmodeprintlncol	textmodeprintlncol	existing-unreviewed		0
text_mode_update_cursor	textmodeActualitzacursor	textmodeActualitzacursor	existing-unreviewed		0
text_mode_writer	textmodewriter	textmodewriter	existing-unreviewed		0
thr2	thr2	thr2	existing-unreviewed		0
thr3	thr3	thr3	existing-unreviewed		0
thr4	thr4	thr4	existing-unreviewed		0
thread	thread	thread	existing-unreviewed		0
threadExitLoop	threadSurtloop	threadSurtloop	existing-unreviewed		0
threadHelper	threadhelper	threadhelper	existing-unreviewed		0
threadPtr	threadPunter	threadPunter	existing-unreviewed		0
tickCount	tickRecompte	tickRecompte	existing-unreviewed		0
timeDelta	horadelta	horadelta	existing-unreviewed		0
timeToLive	horatolive	horatolive	existing-unreviewed		0
timer	temporitzador	temporitzador	existing-unreviewed		0
tls	tls	tls	existing-unreviewed		0
tmp	tmp	tmp	existing-unreviewed		0
tmpPtr	tmpPunter	tmpPunter	existing-unreviewed		0
tos	tos	tos	existing-unreviewed		0
totalLength	totalDurada	totalDurada	existing-unreviewed		0
totalSectorCount	totalsectorRecompte	totalsectorRecompte	existing-unreviewed		0
totalSectors	totalsectors	totalsectors	existing-unreviewed		0
trap	trap	trap	existing-unreviewed		0
tss	tss	tss	existing-unreviewed		0
tssIndex	tssÍndex	tssÍndex	existing-unreviewed		0
udp	udp	udp	existing-unreviewed		0
udpHandler	udphandler	udphandler	existing-unreviewed		0
udpHeaderSize	udpheaderMida	udpheaderMida	existing-unreviewed		0
udpProvider	udpprovider	udpprovider	existing-unreviewed		0
udp콘솔	udpConsola	udpConsola	existing-unreviewed		0
unused	senseús	senseús	existing-unreviewed		0
used	utilitzat	utilitzat	existing-unreviewed		0
usedBlocks	utilitzatBloc	utilitzatBloc	existing-unreviewed		0
user1addr	usuari1Adreça	usuari1Adreça	existing-unreviewed		0
user1data	usuari1data	usuari1data	existing-unreviewed		0
user1entry	usuari1entrada	usuari1entrada	existing-unreviewed		0
user1file	usuari1Fitxer	usuari1Fitxer	existing-unreviewed		0
user2addr	usuari2Adreça	usuari2Adreça	existing-unreviewed		0
user2data	usuari2data	usuari2data	existing-unreviewed		0
user2entry	usuari2entrada	usuari2entrada	existing-unreviewed		0
user2file	usuari2Fitxer	usuari2Fitxer	existing-unreviewed		0
user3addr	usuari3Adreça	usuari3Adreça	existing-unreviewed		0
user3data	usuari3data	usuari3data	existing-unreviewed		0
user3entry	usuari3entrada	usuari3entrada	existing-unreviewed		0
user3file	usuari3Fitxer	usuari3Fitxer	existing-unreviewed		0
userHeapBase	usuariheapbase	usuariheapbase	existing-unreviewed		0
userHeapLimit	usuariheapLímit	usuariheapLímit	existing-unreviewed		0
user_esp	usuariesp	usuariesp	existing-unreviewed		0
userhandler	userhandler	userhandler	existing-unreviewed		0
userproc_entry	userprocentrada	userprocentrada	existing-unreviewed		0
util	util	util	existing-unreviewed		0
util콘솔	utilConsola	utilConsola	existing-unreviewed		0
v	v	v	existing-unreviewed		0
vAddr	vAdreça	vAdreça	existing-unreviewed		0
value	valor	valor	existing-unreviewed		0
values	valors	valors	existing-unreviewed		0
version	versió	versió	existing-unreviewed		0
vga	vga	vga	existing-unreviewed		0
virtlen	virtlen	virtlen	existing-unreviewed		0
virtmem	virtualMemòria	virtualMemòria	existing-unreviewed		0
virtualAddr	virtualAdreça	virtualAdreça	existing-unreviewed		0
volumeId	volumIdentificador	volumIdentificador	existing-unreviewed		0
volumeLabel	volumetiqueta	volumetiqueta	existing-unreviewed		0
w	w	w	existing-unreviewed		0
wDate	wData	wData	existing-unreviewed		0
wTime	wHora	wHora	existing-unreviewed		0
waitPS2InputEmpty	esperaps2EntradaBuit	esperaps2EntradaBuit	existing-unreviewed		0
waitPS2OutputFull	esperaps2SortidaComplet	esperaps2SortidaComplet	existing-unreviewed		0
wdata	wdata	wdata	existing-unreviewed		0
whence	whence	whence	existing-unreviewed		0
widget	widget	widget	existing-unreviewed		0
width	amplada	amplada	existing-unreviewed		0
writePS2Command	escripturaps2Ordre	escripturaps2Ordre	existing-unreviewed		0
writePS2Data	escripturaps2data	escripturaps2data	existing-unreviewed		0
write_count	escripturaRecompte	escripturaRecompte	existing-unreviewed		0
x	x	x	existing-unreviewed		0
xPageDir	xPàginaDirectori	xPàginaDirectori	existing-unreviewed		0
xPos	xPosició	xPosició	existing-unreviewed		0
y	y	y	existing-unreviewed		0
yPageDir	yPàginaDirectori	yPàginaDirectori	existing-unreviewed		0
yPos	yPosició	yPosició	existing-unreviewed		0
값	valor_2	valor_2	existing-unreviewed		0
공용서술자테이블	shareddescriptorTaula	shareddescriptorTaula	existing-unreviewed		0
기준	base_2	base_2	existing-unreviewed		0
기준_낮은	baseBaixa_2	baseBaixa_2	existing-unreviewed		0
기준_높은	baseAlta_2	baseAlta_2	existing-unreviewed		0
기준_매우높은	baseveryAlta	baseveryAlta	existing-unreviewed		0
기준주소	baseAdreça	baseAdreça	existing-unreviewed		0
넷카드콘솔	xarxaCartesConsola	xarxaCartesConsola	existing-unreviewed		0
단말기	terminal	terminal	existing-unreviewed		0
마우스콘솔	ratolíConsola	ratolíConsola	existing-unreviewed		0
매개값	argumentValor	argumentValor	existing-unreviewed		0
멈추기	halt	halt	existing-unreviewed		0
목적	destinació_3	destinació_3	existing-unreviewed		0
유형	tipus	tipus	existing-unreviewed		0
이더넷콘솔	cableConsola	cableConsola	existing-unreviewed		0
인터럽트무시하기	interrupcióignore	interrupcióignore	existing-unreviewed		0
인터럽트예외처리기	interrupcióexceptionhandler	interrupcióexceptionhandler	existing-unreviewed		0
인터럽트예외처리기0x00	interrupcióexceptionhandler0x00	interrupcióexceptionhandler0x00	existing-unreviewed		0
인터럽트예외처리기0x01	interrupcióexceptionhandler0x01	interrupcióexceptionhandler0x01	existing-unreviewed		0
인터럽트예외처리기0x02	interrupcióexceptionhandler0x02	interrupcióexceptionhandler0x02	existing-unreviewed		0
인터럽트예외처리기0x03	interrupcióexceptionhandler0x03	interrupcióexceptionhandler0x03	existing-unreviewed		0
인터럽트예외처리기0x04	interrupcióexceptionhandler0x04	interrupcióexceptionhandler0x04	existing-unreviewed		0
인터럽트예외처리기0x05	interrupcióexceptionhandler0x05	interrupcióexceptionhandler0x05	existing-unreviewed		0
인터럽트예외처리기0x06	interrupcióexceptionhandler0x06	interrupcióexceptionhandler0x06	existing-unreviewed		0
인터럽트예외처리기0x07	interrupcióexceptionhandler0x07	interrupcióexceptionhandler0x07	existing-unreviewed		0
인터럽트예외처리기0x08	interrupcióexceptionhandler0x08	interrupcióexceptionhandler0x08	existing-unreviewed		0
인터럽트예외처리기0x09	interrupcióexceptionhandler0x09	interrupcióexceptionhandler0x09	existing-unreviewed		0
인터럽트예외처리기0x0A	interrupcióexceptionhandler0x0a	interrupcióexceptionhandler0x0a	existing-unreviewed		0
인터럽트예외처리기0x0B	interrupcióexceptionhandler0x0b	interrupcióexceptionhandler0x0b	existing-unreviewed		0
인터럽트예외처리기0x0C	interrupcióexceptionhandler0x0c	interrupcióexceptionhandler0x0c	existing-unreviewed		0
인터럽트예외처리기0x0D	interrupcióexceptionhandler0x0d	interrupcióexceptionhandler0x0d	existing-unreviewed		0
인터럽트예외처리기0x0E	interrupcióexceptionhandler0x0e	interrupcióexceptionhandler0x0e	existing-unreviewed		0
인터럽트예외처리기0x0F	interrupcióexceptionhandler0x0f	interrupcióexceptionhandler0x0f	existing-unreviewed		0
인터럽트예외처리기0x10	interrupcióexceptionhandler0x10	interrupcióexceptionhandler0x10	existing-unreviewed		0
인터럽트예외처리기0x11	interrupcióexceptionhandler0x11	interrupcióexceptionhandler0x11	existing-unreviewed		0
인터럽트예외처리기0x12	interrupcióexceptionhandler0x12	interrupcióexceptionhandler0x12	existing-unreviewed		0
인터럽트예외처리기0x13	interrupcióexceptionhandler0x13	interrupcióexceptionhandler0x13	existing-unreviewed		0
인터럽트요청처리0x00	interrupciórequesthandler0x00	interrupciórequesthandler0x00	existing-unreviewed		0
인터럽트요청처리0x01	interrupciórequesthandler0x01	interrupciórequesthandler0x01	existing-unreviewed		0
인터럽트요청처리0x02	interrupciórequesthandler0x02	interrupciórequesthandler0x02	existing-unreviewed		0
인터럽트요청처리0x03	interrupciórequesthandler0x03	interrupciórequesthandler0x03	existing-unreviewed		0
인터럽트요청처리0x04	interrupciórequesthandler0x04	interrupciórequesthandler0x04	existing-unreviewed		0
인터럽트요청처리0x05	interrupciórequesthandler0x05	interrupciórequesthandler0x05	existing-unreviewed		0
인터럽트요청처리0x06	interrupciórequesthandler0x06	interrupciórequesthandler0x06	existing-unreviewed		0
인터럽트요청처리0x07	interrupciórequesthandler0x07	interrupciórequesthandler0x07	existing-unreviewed		0
인터럽트요청처리0x08	interrupciórequesthandler0x08	interrupciórequesthandler0x08	existing-unreviewed		0
인터럽트요청처리0x09	interrupciórequesthandler0x09	interrupciórequesthandler0x09	existing-unreviewed		0
인터럽트요청처리0x0A	interrupciórequesthandler0x0a	interrupciórequesthandler0x0a	existing-unreviewed		0
인터럽트요청처리0x0B	interrupciórequesthandler0x0b	interrupciórequesthandler0x0b	existing-unreviewed		0
인터럽트요청처리0x0C	interrupciórequesthandler0x0c	interrupciórequesthandler0x0c	existing-unreviewed		0
인터럽트요청처리0x0D	interrupciórequesthandler0x0d	interrupciórequesthandler0x0d	existing-unreviewed		0
인터럽트요청처리0x0E	interrupciórequesthandler0x0e	interrupciórequesthandler0x0e	existing-unreviewed		0
인터럽트요청처리0x0F	interrupciórequesthandler0x0f	interrupciórequesthandler0x0f	existing-unreviewed		0
인터럽트요청처리0x80	interrupciórequesthandler0x80	interrupciórequesthandler0x80	existing-unreviewed		0
인터럽트요청처리0x81	interrupciórequesthandler0x81	interrupciórequesthandler0x81	existing-unreviewed		0
인터럽트요청처리0x82	interrupciórequesthandler0x82	interrupciórequesthandler0x82	existing-unreviewed		0
인터럽트처리기	interrupcióhandler_2	interrupcióhandler_2	existing-unreviewed		0
임시	temporary_2	temporary_2	existing-unreviewed		0
자료	data_2	data_2	existing-unreviewed		0
자신	unmateix_2	unmateix_2	existing-unreviewed		0
작업관리자	tascamanager_2	tascamanager_2	existing-unreviewed		0
작업콘솔	tascaConsola	tascaConsola	existing-unreviewed		0
조각설명자	segmentdescriptor	segmentdescriptor	existing-unreviewed		0
콘솔	consola_2	consola_2	existing-unreviewed		0
크기	mida_2	mida_2	existing-unreviewed		0
키보드콘솔	teclatConsola	teclatConsola	existing-unreviewed		0
표시들	senyaladors_2	senyaladors_2	existing-unreviewed		0
표시들_한도_높은	senyaladorsLímitAlta	senyaladorsLímitAlta	existing-unreviewed		0
한도	límit_2	límit_2	existing-unreviewed		0
한도_낮은	límitBaixa_2	límitBaixa_2	existing-unreviewed		0
