original	before	after	review_status	concept	changed_tokens
Activate	Activează	Activează	existing-unreviewed		0
ActivateAll	ActiveazăToate	ActiveazăToate	existing-unreviewed		0
Active	Activ	Activ	existing-unreviewed		0
ActiveInterruptManager	ActivIntreruperemanager	ActivIntreruperemanager	existing-unreviewed		0
ActiveMemoryManager	ActivMemoriemanager	ActivMemoriemanager	existing-unreviewed		0
Add	Adaugă	Adaugă	existing-unreviewed		0
AddDriver	Adaugădriver	Adaugădriver	existing-unreviewed		0
AddRunnableThread	Adaugărunnablethread	Adaugărunnablethread	existing-unreviewed		0
AddTask	Adaugătask	Adaugătask	existing-unreviewed		0
AddThread	Adaugăthread	Adaugăthread	existing-unreviewed		0
Address	Address	Address	existing-unreviewed		0
AlignedMalloc	Alignedmalloc	Alignedmalloc	existing-unreviewed		0
AlignmentCheck	Alignmentcheck	Alignmentcheck	existing-unreviewed		0
AllocateBlock	AllocateBloc	AllocateBloc	existing-unreviewed		0
AllocatePID	Allocatepid	Allocatepid	existing-unreviewed		0
AmountOfMemory	CantitatedinMemorie	CantitatedinMemorie	existing-unreviewed		0
ArrayToUint16	Vectortounsignedinteger16	Vectortounsignedinteger16	existing-unreviewed		0
ArrayToUint32	Vectortounsignedinteger32	Vectortounsignedinteger32	existing-unreviewed		0
ArrayToUint48	Vectortounsignedinteger48	Vectortounsignedinteger48	existing-unreviewed		0
ArrayToUint48_BE	Vectortounsignedinteger48be	Vectortounsignedinteger48be	existing-unreviewed		0
ArrayToUint64	Vectortounsignedinteger64	Vectortounsignedinteger64	existing-unreviewed		0
Atime	Atime	Atime	existing-unreviewed		0
AtimeNsec	Atimensec	Atimensec	existing-unreviewed		0
BLOCKS_PER_BYTE	Blocperbyte	Blocperbyte	existing-unreviewed		0
BLOCK_SIZE	BlocMărime	BlocMărime	existing-unreviewed		0
Backend	Backend	Backend	existing-unreviewed		0
BaseAddr	Baseaddress	Baseaddress	existing-unreviewed		0
Bind	Bind	Bind	existing-unreviewed		0
Blksize	Blksize	Blksize	existing-unreviewed		0
Blocked	Blocked	Blocked	existing-unreviewed		0
BlockedState	BlockedStare	BlockedStare	existing-unreviewed		0
Blocks	Bloc	Bloc	existing-unreviewed		0
BoundRangeExceeded	BoundIntervalexceeded	BoundIntervalexceeded	existing-unreviewed		0
BroadcastMacAddress	Broadcastmacaddress	Broadcastmacaddress	existing-unreviewed		0
BytesPerSector	Octețipersector	Octețipersector	existing-unreviewed		0
BytesToString	OctețitoȘir	OctețitoȘir	existing-unreviewed		0
Checksum	Checksum	Checksum	existing-unreviewed		0
Clear	Golește	Golește	existing-unreviewed		0
Clone	Clone	Clone	existing-unreviewed		0
CloneAddressSpaceCOW	CloneaddressSpațiucow	CloneaddressSpațiucow	existing-unreviewed		0
Connect	Conectează	Conectează	existing-unreviewed		0
ContainsCoordinate	Containscoordinate	Containscoordinate	existing-unreviewed		0
CopyPageFrameBlock	CopiazăPAGINĂCadruBloc	CopiazăPAGINĂCadruBloc	existing-unreviewed		0
CpuState	CpuStare	CpuStare	existing-unreviewed		0
Create	Create	Create	existing-unreviewed		0
CreateFromData	Createfromdata	Createfromdata	existing-unreviewed		0
CreateFromFunction	CreatefromFuncție	CreatefromFuncție	existing-unreviewed		0
CreatePtrFromFunction	CreateIndicatorfromFuncție	CreateIndicatorfromFuncție	existing-unreviewed		0
Cs	Cs	Cs	existing-unreviewed		0
Ctime	Ctime	Ctime	existing-unreviewed		0
CtimeNsec	Ctimensec	Ctimensec	existing-unreviewed		0
CurrentPID	Curentăpid	Curentăpid	existing-unreviewed		0
CurrentParentPID	Curentăpărintepid	Curentăpărintepid	existing-unreviewed		0
Data	Data	Data	compatibility		0
Deactivate	Dezactivează	Dezactivează	existing-unreviewed		0
Deactive	Deactive	Deactive	existing-unreviewed		0
Decrement	Decrement	Decrement	existing-unreviewed		0
Delete	Șterge	Șterge	existing-unreviewed		0
DescriptorPrivilegeLevel	Descriptorprivilegelevel	Descriptorprivilegelevel	existing-unreviewed		0
DescriptorType	DescriptorTip	DescriptorTip	existing-unreviewed		0
Destroy	Distruge	Distruge	existing-unreviewed		0
Dev	Dispozitiv	Dispozitiv	existing-unreviewed		0
DeviceHasFunctions	DispozitivhasFuncții	DispozitivhasFuncții	existing-unreviewed		0
DeviceNotAvailable	DispozitivnotDisponibil	DispozitivnotDisponibil	existing-unreviewed		0
Device_id	Dispozitivid	Dispozitivid	existing-unreviewed		0
DisableInt	Dezactiveazăint	Dezactiveazăint	existing-unreviewed		0
Disconnect	Deconectează	Deconectează	existing-unreviewed		0
DivideByZero	Impartirebyzero	Impartirebyzero	existing-unreviewed		0
DoHandleInterrupt	DoMânerIntrerupere	DoMânerIntrerupere	existing-unreviewed		0
DoubleFault	Doublefault	Doublefault	existing-unreviewed		0
Draw	Draw	Draw	existing-unreviewed		0
DriverManager	Drivermanager	Drivermanager	existing-unreviewed		0
Ds	Ds	Ds	existing-unreviewed		0
Dynamic	Dinamică	Dinamică	existing-unreviewed		0
E2BIG	E2big	E2big	existing-unreviewed		0
EACCES	Eacces	Eacces	existing-unreviewed		0
EADDRINUSE	Eaddrinuse	Eaddrinuse	existing-unreviewed		0
EAFNOSUPPORT	Eafnosupport	Eafnosupport	existing-unreviewed		0
EAGAIN	Eagain	Eagain	existing-unreviewed		0
EBADF	Ebadf	Ebadf	existing-unreviewed		0
EBUSY	Ebusy	Ebusy	existing-unreviewed		0
ECHILD	Echild	Echild	existing-unreviewed		0
EEXIST	Eexist	Eexist	existing-unreviewed		0
EFAULT	Efault	Efault	existing-unreviewed		0
EFBIG	Efbig	Efbig	existing-unreviewed		0
EINTR	Eintr	Eintr	existing-unreviewed		0
EINVAL	Einval	Einval	existing-unreviewed		0
EIO	Eio	Eio	existing-unreviewed		0
EISDIR	Eisdir	Eisdir	existing-unreviewed		0
EMFILE	Emfile	Emfile	existing-unreviewed		0
EMSGSIZE	Emsgsize	Emsgsize	existing-unreviewed		0
ENETUNREACH	Enetunreach	Enetunreach	existing-unreviewed		0
ENFILE	Enfile	Enfile	existing-unreviewed		0
ENODEV	Enodev	Enodev	existing-unreviewed		0
ENOENT	Enoent	Enoent	existing-unreviewed		0
ENOEXEC	Enoexec	Enoexec	existing-unreviewed		0
ENOMEM	Enomem	Enomem	existing-unreviewed		0
ENOSPC	Enospc	Enospc	existing-unreviewed		0
ENOSYS	Enosys	Enosys	existing-unreviewed		0
ENOTCONN	Enotconn	Enotconn	existing-unreviewed		0
ENOTDIR	Enotdir	Enotdir	existing-unreviewed		0
ENOTTY	Enotty	Enotty	existing-unreviewed		0
EOPNOTSUPP	Eopnotsupp	Eopnotsupp	existing-unreviewed		0
EPERM	Eperm	Eperm	existing-unreviewed		0
EPROTONOSUPPORT	Eprotonosupport	Eprotonosupport	existing-unreviewed		0
ERANGE	Erange	Erange	existing-unreviewed		0
EROFS	Erofs	Erofs	existing-unreviewed		0
ESPIPE	Espipe	Espipe	existing-unreviewed		0
ESRCH	Esrch	Esrch	existing-unreviewed		0
Eax	Eax	Eax	existing-unreviewed		0
Ebp	Ebp	Ebp	existing-unreviewed		0
Ebx	Ebx	Ebx	existing-unreviewed		0
Ecx	Ecx	Ecx	existing-unreviewed		0
Edi	Edi	Edi	existing-unreviewed		0
Edx	Edx	Edx	existing-unreviewed		0
Eflags	Eflags	Eflags	existing-unreviewed		0
Eip	Eip	Eip	existing-unreviewed		0
Elf	Elf	Elf	existing-unreviewed		0
Elf32Dyn	Elf32dyn	Elf32dyn	existing-unreviewed		0
Elf32Note	Elf32Notă	Elf32Notă	existing-unreviewed		0
Elf32Rel	Elf32rel	Elf32rel	existing-unreviewed		0
Elf32Rela	Elf32rela	Elf32rela	existing-unreviewed		0
Elf32Sym	Elf32sym	Elf32sym	existing-unreviewed		0
ElfHeader	Elfheader	Elfheader	existing-unreviewed		0
ElfProgramHeader	Elfprogramheader	Elfprogramheader	existing-unreviewed		0
ElfSectionHeader	Elfsectionheader	Elfsectionheader	existing-unreviewed		0
EnablePaging	Activeazăpaging	Activeazăpaging	existing-unreviewed		0
Enabled	Activat	Activat	existing-unreviewed		0
EntryNumber	ÎnregistrareNumăr	ÎnregistrareNumăr	existing-unreviewed		0
EqualBytes	EqualOcteți	EqualOcteți	existing-unreviewed		0
Es	Es	Es	existing-unreviewed		0
Esi	Esi	Esi	existing-unreviewed		0
Esp	Esp	Esp	existing-unreviewed		0
FPUBuffer	Fpubuffer	Fpubuffer	existing-unreviewed		0
FPUOffset	Fpuoffset	Fpuoffset	existing-unreviewed		0
Family	Family	Family	existing-unreviewed		0
FileName	FișierNume	FișierNume	existing-unreviewed		0
Fill	Fill	Fill	existing-unreviewed		0
FillRectangle	FillDreptunghi	FillDreptunghi	existing-unreviewed		0
First	First	First	existing-unreviewed		0
FirstFree	FirstLiber	FirstLiber	existing-unreviewed		0
FirstFreeSize	FirstLiberMărime	FirstLiberMărime	existing-unreviewed		0
Flags	Indicatori	Indicatori	existing-unreviewed		0
FloatingPointException	Liberpointexception	Liberpointexception	existing-unreviewed		0
Flush	Flush	Flush	existing-unreviewed		0
FlushTlsTable	FlushtlsTabel	FlushtlsTabel	existing-unreviewed		0
Focussable	Focussable	Focussable	existing-unreviewed		0
Free	Liber	Liber	existing-unreviewed		0
Fs	Fs	Fs	existing-unreviewed		0
GB	Gb	Gb	existing-unreviewed		0
GDT_ENTRIES	Gdtînregistrare	Gdtînregistrare	existing-unreviewed		0
GOT	Got	Got	existing-unreviewed		0
GPFException	Gpfexception	Gpfexception	existing-unreviewed		0
GatewayIP	Gatewayip	Gatewayip	existing-unreviewed		0
GdtAddressHigh	GdtaddressRidicată	GdtaddressRidicată	existing-unreviewed		0
GdtAddressLow	GdtaddressScăzută	GdtaddressScăzută	existing-unreviewed		0
GdtDescriptor	Gdtdescriptor	Gdtdescriptor	existing-unreviewed		0
GdtEntry	Gdtînregistrare_2	Gdtînregistrare_2	existing-unreviewed		0
GdtSize	GdtMărime	GdtMărime	existing-unreviewed		0
GetAt	Getat	Getat	existing-unreviewed		0
GetBackend	Getbackend	Getbackend	existing-unreviewed		0
GetBaseAddressRegister	Getbaseaddressregister	Getbaseaddressregister	existing-unreviewed		0
GetBitmaspSize	GetbitmaspMărime	GetbitmaspMărime	existing-unreviewed		0
GetBytesFromPtr	GetOctețifromIndicator	GetOctețifromIndicator	existing-unreviewed		0
GetCR0	Getcr0	Getcr0	existing-unreviewed		0
GetCR2	Getcr2	Getcr2	existing-unreviewed		0
GetCR3	Getcr3	Getcr3	existing-unreviewed		0
GetCR4	Getcr4	Getcr4	existing-unreviewed		0
GetColorIndex	GetCuloareindex	GetCuloareindex	existing-unreviewed		0
GetDeviceDescriptor	GetDispozitivdescriptor	GetDispozitivdescriptor	existing-unreviewed		0
GetDriver	Getdriver	Getdriver	existing-unreviewed		0
GetESP0	Getesp0	Getesp0	existing-unreviewed		0
GetEntry	Getînregistrare	Getînregistrare	existing-unreviewed		0
GetFileSize	GetFișierMărime	GetFișierMărime	existing-unreviewed		0
GetFocus	Getfocus	Getfocus	existing-unreviewed		0
GetFrameBufferSegment	GetCadrubuffersegment	GetCadrubuffersegment	existing-unreviewed		0
GetFuncPtrFromPtr	GetfuncIndicatorfromIndicator	GetfuncIndicatorfromIndicator	existing-unreviewed		0
GetFunctionName	GetFuncțieNume	GetFuncțieNume	existing-unreviewed		0
GetHandler	Gethandler	Gethandler	existing-unreviewed		0
GetIPAddress	Getipaddress	Getipaddress	existing-unreviewed		0
GetMACAddress	Getmacaddress	Getmacaddress	existing-unreviewed		0
GetMACFromCache	Getmacfromcache	Getmacfromcache	existing-unreviewed		0
GetNextReadyThread	GetÎnaintePregătitthread	GetÎnaintePregătitthread	existing-unreviewed		0
GetNodeAt	Getnodeat	Getnodeat	existing-unreviewed		0
GetProvider	Providerget	Providerget	existing-unreviewed		0
GetSS0	Getss0	Getss0	existing-unreviewed		0
GetStr	Getstr	Getstr	existing-unreviewed		0
GetUint32ArrayFromPtr	Getunsignedinteger32VectorfromIndicator	Getunsignedinteger32VectorfromIndicator	existing-unreviewed		0
GetUintptrArrayFromPtr	GetunsignedintegerIndicatorVectorfromIndicator	GetunsignedintegerIndicatorVectorfromIndicator	existing-unreviewed		0
GetValue	GetValoare	GetValoare	existing-unreviewed		0
GetValueInPageDir	GetValoareIntrarePAGINĂDirector	GetValoareIntrarePAGINĂDirector	existing-unreviewed		0
Gid	Gid	Gid	existing-unreviewed		0
Gs	Gs	Gs	existing-unreviewed		0
HandleException	Mânerexception	Mânerexception	existing-unreviewed		0
HandleFatalInterruptFrame	MânerfatalIntrerupereCadru	MânerfatalIntrerupereCadru	existing-unreviewed		0
HandleInterrupt	MânerIntrerupere	MânerIntrerupere	existing-unreviewed		0
HandleInterrupt1	MânerIntrerupere1	MânerIntrerupere1	existing-unreviewed		0
HandleUserDatagramProtocolMessage	MânerUtilizatordatagramprotocolMesaj	MânerUtilizatordatagramprotocolMesaj	existing-unreviewed		0
IDT_DESC_PRESENT	IdtdescriptorPrezent	IdtdescriptorPrezent	existing-unreviewed		0
IDT_INTERRUPT_GATE	IdtIntreruperegate	IdtIntreruperegate	existing-unreviewed		0
IDriver	IDriver	IDriver	existing-unreviewed		0
IEtherFrameHandler	IEthernetCadruhandler	IEthernetCadruhandler	existing-unreviewed		0
IInternetProtocolHandler	IInternetprotocolhandler	IInternetprotocolhandler	existing-unreviewed		0
IInterruptHandler	IIntreruperehandler	IIntreruperehandler	existing-unreviewed		0
IKeyboardEventHandler	ITastaturăEvenimenthandler	ITastaturăEvenimenthandler	existing-unreviewed		0
IMouseEventHandler	IMausEvenimenthandler	IMausEvenimenthandler	existing-unreviewed		0
IPCIControllerHandler	Ipcicontrollerhandler	Ipcicontrollerhandler	existing-unreviewed		0
IPCache	Ipcache	Ipcache	existing-unreviewed		0
IP_BE	IpRețeabyteorder	IpRețeabyteorder	existing-unreviewed		0
IRawDataHandler	IRawdatahandler	IRawdatahandler	existing-unreviewed		0
ITimerEventHandler	ITimerEvenimenthandler	ITimerEvenimenthandler	existing-unreviewed		0
IUserDatagramProtocolHandler	IUtilizatordatagramprotocolhandler	IUtilizatordatagramprotocolhandler	existing-unreviewed		0
IUserDatagramProtocolSocket	IUtilizatordatagramprotocolsocket	IUtilizatordatagramprotocolsocket	existing-unreviewed		0
IWidget	IWidget	IWidget	pending-language-review	widget	0
Identify	Identify	Identify	existing-unreviewed		0
Increment	Increment	Increment	existing-unreviewed		0
IndexOf	Indexdin	Indexdin	existing-unreviewed		0
Init	Init	Init	existing-unreviewed		0
InitDriver	Initdriver	Initdriver	existing-unreviewed		0
InitialThreadUserJump	InitialthreadUtilizatorjump	InitialthreadUtilizatorjump	existing-unreviewed		0
Ino	Ino	Ino	existing-unreviewed		0
Install	Instalează	Instalează	existing-unreviewed		0
Interrupt	Intrerupere	Intrerupere	existing-unreviewed		0
InterruptActive	IntrerupereActiv	IntrerupereActiv	existing-unreviewed		0
InterruptDeactive	Intreruperedeactive	Intreruperedeactive	existing-unreviewed		0
InterruptManager	Intreruperemanager	Intreruperemanager	existing-unreviewed		0
InterruptNumber	IntrerupereNumăr	IntrerupereNumăr	existing-unreviewed		0
InvalidOpcode	Nevalidopcode	Nevalidopcode	existing-unreviewed		0
InvalidTSS	Nevalidtss	Nevalidtss	existing-unreviewed		0
IsKernel	Iskernel	Iskernel	existing-unreviewed		0
IsPresent	IsPrezent	IsPrezent	existing-unreviewed		0
IsUserSpace	IsUtilizatorSpațiu	IsUtilizatorSpațiu	existing-unreviewed		0
KB	Kb	Kb	existing-unreviewed		0
KCS_INDEX	Kcsindex	Kcsindex	existing-unreviewed		0
KCS_SELECTOR	Kcsselector	Kcsselector	existing-unreviewed		0
KDS_INDEX	Kdsindex	Kdsindex	existing-unreviewed		0
KDS_SELECTOR	Kdsselector	Kdsselector	existing-unreviewed		0
KERNEL_HEAP_START	KernelheapPornește	KernelheapPornește	existing-unreviewed		0
KERNEL_VIRT_ADDR	Kernelvirtaddress	Kernelvirtaddress	existing-unreviewed		0
KGS_INDEX	Kgsindex	Kgsindex	existing-unreviewed		0
KGS_SELECTOR	Kgsselector	Kgsselector	existing-unreviewed		0
K핵심	KKernelEntry	KKernelEntry	compatibility		0
LIDT	Lidt	Lidt	existing-unreviewed		0
Last	Ultima	Ultima	existing-unreviewed		0
Len	Len	Len	compatibility		0
Limit	Limită	Limită	existing-unreviewed		0
Link	Legătură	Legătură	existing-unreviewed		0
LinkMap	Legăturămap	Legăturămap	existing-unreviewed		0
LinkedList	LinkedListă	LinkedListă	existing-unreviewed		0
Listen	Listen	Listen	existing-unreviewed		0
LoadElf	Încărcareelf	Încărcareelf	existing-unreviewed		0
MAC	Mac	Mac	existing-unreviewed		0
MAC0	Mac0	Mac0	existing-unreviewed		0
MAC1	Mac1	Mac1	existing-unreviewed		0
MAC2	Mac2	Mac2	existing-unreviewed		0
MAC3	Mac3	Mac3	existing-unreviewed		0
MAC4	Mac4	Mac4	existing-unreviewed		0
MAC5	Mac5	Mac5	existing-unreviewed		0
MACAddress0Port	Macaddress0port	Macaddress0port	existing-unreviewed		0
MACAddress2Port	Macaddress2port	Macaddress2port	existing-unreviewed		0
MACAddress4Port	Macaddress4port	Macaddress4port	existing-unreviewed		0
MACCache	Maccache	Maccache	existing-unreviewed		0
MAX_QUEUE_SIZE	MaxqueueMărime	MaxqueueMărime	existing-unreviewed		0
MB	Mb	Mb	existing-unreviewed		0
MBR	Mbr	Mbr	existing-unreviewed		0
MHex출력	MHexadecimalTipărește	MHexadecimalTipărește	existing-unreviewed		0
MHex출력XY	MHexadecimalTipăreștexy	MHexadecimalTipăreștexy	existing-unreviewed		0
MUint16출력	MUnsignedinteger16Tipărește	MUnsignedinteger16Tipărește	existing-unreviewed		0
MUint16출력XY	MUnsignedinteger16Tipăreștexy	MUnsignedinteger16Tipăreștexy	existing-unreviewed		0
MUint32출력	MUnsignedinteger32Tipărește	MUnsignedinteger32Tipărește	existing-unreviewed		0
MUint32출력XY	MUnsignedinteger32Tipăreștexy	MUnsignedinteger32Tipăreștexy	existing-unreviewed		0
MUint64출력	MUnsignedinteger64Tipărește	MUnsignedinteger64Tipărește	existing-unreviewed		0
MUint64출력XY	MUnsignedinteger64Tipăreștexy	MUnsignedinteger64Tipăreștexy	existing-unreviewed		0
Machine	Machine	Machine	existing-unreviewed		0
MachineCheck	Machinecheck	Machinecheck	existing-unreviewed		0
MakeRangePrivateWritable	MakeIntervalPrivatwritable	MakeIntervalPrivatwritable	existing-unreviewed		0
Malloc	Malloc	Malloc	pending-language-review	allocate_memory	0
MemCmp	Memcmp	Memcmp	existing-unreviewed		0
MemCpy	MemCopiază	MemCopiază	existing-unreviewed		0
MemMove	MemMutare	MemMutare	existing-unreviewed		0
MemSet	Memdefinit	Memdefinit	existing-unreviewed		0
MemoryOper	Memorieoper	Memorieoper	existing-unreviewed		0
Mode	MOD	MOD	existing-unreviewed		0
ModelToScreen	ModeltoEcran	Set_local_coordinates	pending-language-review	set_coordinates	5
Mtime	Mtime	Mtime	existing-unreviewed		0
MtimeNsec	Mtimensec	Mtimensec	existing-unreviewed		0
MyHandleInterrupt	MyMânerIntrerupere	MyMânerIntrerupere	existing-unreviewed		0
MyTest	MyTestează	MyTestează	existing-unreviewed		0
M긴급로그Hex8	MEmergencyloghexadecimal8	MEmergencyloghexadecimal8	existing-unreviewed		0
M긴급로그Uint32	MEmergencylogunsignedinteger32	MEmergencylogunsignedinteger32	existing-unreviewed		0
M긴급로그문자열	MEmergencylogȘir	MEmergencylogȘir	existing-unreviewed		0
M직렬로그초기화	MSerieloginit	MSerieloginit	existing-unreviewed		0
M출력	MTipărește	MTipărește	existing-unreviewed		0
M출력BytesXY	MTipăreșteOctețixy	MTipăreșteOctețixy	existing-unreviewed		0
M출력Hex	MTipăreștehexadecimal	MTipăreștehexadecimal	existing-unreviewed		0
M출력Uint16	MTipăreșteunsignedinteger16	MTipăreșteunsignedinteger16	existing-unreviewed		0
M출력Uint32	MTipăreșteunsignedinteger32	MTipăreșteunsignedinteger32	existing-unreviewed		0
M출력XY	MTipăreștexy	MTipăreștexy	existing-unreviewed		0
M테스트	M테스트	M테스트	existing-unreviewed		0
NMI	Nmi	Nmi	existing-unreviewed		0
New	Nou	Nou	existing-unreviewed		0
NewInterruptHandler	NouIntreruperehandler	NouIntreruperehandler	existing-unreviewed		0
Next	Înainte	Înainte	existing-unreviewed		0
Nlink	Nlink	Nlink	existing-unreviewed		0
Node	Node	Node	pending-language-review	list_node	0
Nodename	Nodename	Nodename	existing-unreviewed		0
OnEtherFrameReceived	EthernetCadrureceivewhen	EthernetCadrureceivewhen	existing-unreviewed		0
OnGetDriver	Pornitgetdriver	Pornitgetdriver	existing-unreviewed		0
OnInternetProtocolReceived	Internetprotocolreceivewhen	Internetprotocolreceivewhen	existing-unreviewed		0
OnKeyDown	PornitCheieÎnjos	PornitCheieÎnjos	existing-unreviewed		0
OnKeyUp	PornitCheieSus	PornitCheieSus	existing-unreviewed		0
OnMouseDown	PornitMausÎnjos	PornitMausÎnjos	existing-unreviewed		0
OnMouseMove	PornitMausMutare	PornitMausMutare	existing-unreviewed		0
OnMouseUp	PornitMausSus	PornitMausSus	existing-unreviewed		0
OnRawDataReceived	Pornitrawdatareceive	Pornitrawdatareceive	existing-unreviewed		0
OnTick	Pornittick	Pornittick	existing-unreviewed		0
Overflow	Overflow	Overflow	existing-unreviewed		0
P1LinkMap	PValoare1Legăturămap	PValoare1Legăturămap	existing-unreviewed		0
P2LinkMap	PValoare2Legăturămap	PValoare2Legăturămap	existing-unreviewed		0
P3LinkMap	PValoare3Legăturămap	PValoare3Legăturămap	existing-unreviewed		0
PAGE_COW	PAGINĂcow	PAGINĂcow	existing-unreviewed		0
PAGE_FRAME	PAGINĂCadru	PAGINĂCadru	existing-unreviewed		0
PAGE_PRESENT	PAGINĂPrezent	PAGINĂPrezent	existing-unreviewed		0
PAGE_USER	PAGINĂUtilizator	PAGINĂUtilizator	existing-unreviewed		0
PAGE_WRITABLE	PAGINĂwritable	PAGINĂwritable	existing-unreviewed		0
PAUSE_LOOP	Pauzăloop	Pauzăloop	existing-unreviewed		0
PICMasterCommandPort	PrimarypicComandăioport	PrimarypicComandăioport	existing-unreviewed		0
PICMasterDataPort	Primarypicdataioport	Primarypicdataioport	existing-unreviewed		0
PICSlaveCommandPort	SecondarypicComandăioport	SecondarypicComandăioport	existing-unreviewed		0
PICSlaveDataPort	Secondarypicdataioport	Secondarypicdataioport	existing-unreviewed		0
PRESENT	Prezent	Prezent	existing-unreviewed		0
PRIV_KERNEL	Privkernel	Privkernel	existing-unreviewed		0
PRIV_USER	PrivUtilizator	PrivUtilizator	existing-unreviewed		0
PROC_USER_HEAP_SIZE	ProcUtilizatorheapMărime	ProcUtilizatorheapMărime	existing-unreviewed		0
PageDirEntry	PAGINĂDirectorînregistrare	PAGINĂDirectorînregistrare	existing-unreviewed		0
PageDirectoryEntry	PAGINĂDirectorînregistrare_2	PAGINĂDirectorînregistrare_2	existing-unreviewed		0
PageFault	PAGINĂfault	PAGINĂfault	existing-unreviewed		0
PageFaultException	PAGINĂfaultexception	PAGINĂfaultexception	existing-unreviewed		0
PageRoundDown	PAGINĂRotunjireÎnjos	PAGINĂRotunjireÎnjos	existing-unreviewed		0
PageRoundUp	PAGINĂRotunjireSus	PAGINĂRotunjireSus	existing-unreviewed		0
PageTableEntry	PAGINĂTabelînregistrare	PAGINĂTabelînregistrare	existing-unreviewed		0
Paging	Paging	Paging	existing-unreviewed		0
ParentPid	Părintepid	Părintepid	existing-unreviewed		0
Parse	Parse	Parse	existing-unreviewed		0
Partition_id	Partitionid	Partitionid	existing-unreviewed		0
PhyMemTest	PhymemTestează	PhymemTestează	existing-unreviewed		0
PhysicalMemoryManager	PhysicalMemoriemanager	PhysicalMemoriemanager	existing-unreviewed		0
Pid	Pid	Pid	existing-unreviewed		0
Port	Port	Port	existing-unreviewed		0
PortBase	Portbase	Portbase	existing-unreviewed		0
PortInByte	PortIntrarebyte	PortIntrarebyte	existing-unreviewed		0
PortInDword	PortIntraredword	PortIntraredword	existing-unreviewed		0
PortInWord	PortIntrarecuvânt	PortIntrarecuvânt	existing-unreviewed		0
PortOutByte	PortIeșirebyte	PortIeșirebyte	existing-unreviewed		0
PortOutDword	PortIeșiredword	PortIeșiredword	existing-unreviewed		0
PortOutWord	PortIeșirecuvânt	PortIeșirecuvânt	existing-unreviewed		0
PortReadByte	PortCitirebyte	PortCitirebyte	existing-unreviewed		0
PortReadDword	PortCitiredword	PortCitiredword	existing-unreviewed		0
PortReadWord	PortCitirecuvânt	PortCitirecuvânt	existing-unreviewed		0
PortWriteByte	PortScrierebyte	PortScrierebyte	existing-unreviewed		0
PortWriteDword	PortScrieredword	PortScrieredword	existing-unreviewed		0
PortWriteWord	PortScrierecuvânt	PortScrierecuvânt	existing-unreviewed		0
Prev	Previous	Previous	existing-unreviewed		0
PrevTSS	Previoustss	Previoustss	existing-unreviewed		0
PrimaryPartition	Primarypartition	Primarypartition	existing-unreviewed		0
Print	Tipărește	Tipărește	existing-unreviewed		0
PrintBytes	TipăreșteOcteți	TipăreșteOcteți	existing-unreviewed		0
PrintStr	Tipăreștestr	Tipăreștestr	existing-unreviewed		0
PrintTLS	Tipăreștetls	Tipăreștetls	existing-unreviewed		0
PrintTest	TipăreșteTestează	TipăreșteTestează	existing-unreviewed		0
Process	Proces	Proces	existing-unreviewed		0
ProcessHelper	Proceshelper	Proceshelper	existing-unreviewed		0
ProcessPendingKeyboardEvents	ProcespendingTastaturăevents	ProcespendingTastaturăevents	existing-unreviewed		0
ProcessPendingMouseEvents	ProcespendingMausevents	ProcespendingMausevents	existing-unreviewed		0
PushAt	Pushat	Insert_at_index	pending-language-review	insert_at	1
PushBack	PushÎnapoi	Append_to_list	pending-language-review	append	12
PushFront	PushFață	Prepend_to_list	pending-language-review	prepend	5
PutPixel	Putpixel	Putpixel	existing-unreviewed		0
PutPixelRGB	Putpixelrgb	Putpixelrgb	existing-unreviewed		0
QUEUE_START_ADDR	QueuePorneșteaddress	QueuePorneșteaddress	existing-unreviewed		0
Rdev	Rdev	Rdev	existing-unreviewed		0
Read	Citire	Citire	existing-unreviewed		0
Read28	Citire28	Citire28	existing-unreviewed		0
ReadFile	CitireFișier	CitireFișier	pending-language-review	file_read	0
ReadPartitions	Citirepartition	Citirepartition	existing-unreviewed		0
Ready	Pregătit	Pregătit	existing-unreviewed		0
Receive	Receive	Receive	existing-unreviewed		0
Ref	Reference	Reference	existing-unreviewed		0
Release	Release	Release	existing-unreviewed		0
ReloadCR3	Reîncarcăcr3	Reîncarcăcr3	existing-unreviewed		0
Remove	Elimină	Elimină	existing-unreviewed		0
RemoveAt	Eliminăat	Eliminăat	existing-unreviewed		0
RemoveThread	Eliminăthread	Eliminăthread	existing-unreviewed		0
RemoveThreadAt	Eliminăthreadat	Eliminăthreadat	existing-unreviewed		0
RequestMacAddress	Requestmacaddress	Requestmacaddress	existing-unreviewed		0
Reset	Restabilește	Restabilește	existing-unreviewed		0
Resolve	Resolve	Resolve	existing-unreviewed		0
ResolveCopyOnWriteFault	ResolveCopiazăPornitScrierefault	ResolveCopiazăPornitScrierefault	existing-unreviewed		0
SCHEDULER_FREQUENCY	SchedulerFrecvență	SchedulerFrecvență	existing-unreviewed		0
SEG_BIG_MODE	SegbigMOD	SegbigMOD	existing-unreviewed		0
SEG_EXEC	SegExecuție	SegExecuție	existing-unreviewed		0
SEG_GRAN_4K_PAGE	Seggran4kPAGINĂ	Seggran4kPAGINĂ	existing-unreviewed		0
SEG_GRAN_BYTE	Seggranbyte	Seggranbyte	existing-unreviewed		0
SEG_KERNEL_CODE	Segkernelcode	Segkernelcode	existing-unreviewed		0
SEG_KERNEL_DATA	Segkerneldata	Segkerneldata	existing-unreviewed		0
SEG_KERNEL_GS	Segkernelgs	Segkernelgs	existing-unreviewed		0
SEG_NOEXEC	Segnoexec	Segnoexec	existing-unreviewed		0
SEG_NORMAL	SegNormală	SegNormală	existing-unreviewed		0
SEG_NORW	Segnorw	Segnorw	existing-unreviewed		0
SEG_R	Segr	Segr	existing-unreviewed		0
SEG_SYSTEM	SegSistem	SegSistem	existing-unreviewed		0
SEG_TASK_STATE	SegtaskStare	SegtaskStare	existing-unreviewed		0
SEG_USER_CODE	SegUtilizatorcode	SegUtilizatorcode	existing-unreviewed		0
SEG_USER_DATA	SegUtilizatordata	SegUtilizatordata	existing-unreviewed		0
SEG_USER_GS	SegUtilizatorgs	SegUtilizatorgs	existing-unreviewed		0
SEG_W	Segw	Segw	existing-unreviewed		0
SIMDFloatingPointException	SimdLiberpointexception	SimdLiberpointexception	existing-unreviewed		0
SIZE	Mărime	Mărime	existing-unreviewed		0
SYS_ACCESS	Sysacces	Sysacces	existing-unreviewed		0
SYS_BRK	Sysbrk	Sysbrk	existing-unreviewed		0
SYS_CHDIR	Syschdir	Syschdir	existing-unreviewed		0
SYS_CLOSE	SysÎnchide	SysÎnchide	existing-unreviewed		0
SYS_CREAT	Syscreat	Syscreat	existing-unreviewed		0
SYS_DUP	Sysdup	Sysdup	existing-unreviewed		0
SYS_DUP2	Sysdup2	Sysdup2	existing-unreviewed		0
SYS_EXECVE	Sysexecve	Sysexecve	existing-unreviewed		0
SYS_EXIT	SysIeșire	SysIeșire	existing-unreviewed		0
SYS_FCNTL	Sysfcntl	Sysfcntl	existing-unreviewed		0
SYS_FORK	Sysfork	Sysfork	existing-unreviewed		0
SYS_FSTAT	Sysfstat	Sysfstat	existing-unreviewed		0
SYS_FSYNC	Sysfsync	Sysfsync	existing-unreviewed		0
SYS_GETCWD	Sysgetcwd	Sysgetcwd	existing-unreviewed		0
SYS_GETEGID	Sysgetegid	Sysgetegid	existing-unreviewed		0
SYS_GETEUID	Sysgeteuid	Sysgeteuid	existing-unreviewed		0
SYS_GETGID	Sysgetgid	Sysgetgid	existing-unreviewed		0
SYS_GETPID	Sysgetpid	Sysgetpid	existing-unreviewed		0
SYS_GETPPID	Sysgetppid	Sysgetppid	existing-unreviewed		0
SYS_GETUID	Sysgetuid	Sysgetuid	existing-unreviewed		0
SYS_LSEEK	Syslseek	Syslseek	existing-unreviewed		0
SYS_LSTAT	Syslstat	Syslstat	existing-unreviewed		0
SYS_OPEN	SysDeschide	SysDeschide	existing-unreviewed		0
SYS_READ	SysCitire	SysCitire	existing-unreviewed		0
SYS_RT_EXIT	SysrtIeșire	SysrtIeșire	existing-unreviewed		0
SYS_SOCKETCALL	Syssocketcall	Syssocketcall	existing-unreviewed		0
SYS_STAT	Sysstat	Sysstat	existing-unreviewed		0
SYS_SYNC	Syssync	Syssync	existing-unreviewed		0
SYS_UNAME	Sysuname	Sysuname	existing-unreviewed		0
SYS_WAITPID	Syswaitpid	Syswaitpid	existing-unreviewed		0
SYS_WRITE	SysScriere	SysScriere	existing-unreviewed		0
Schedule	Schedule	Schedule	existing-unreviewed		0
Scheduler	Scheduler	Scheduler	existing-unreviewed		0
SchedulerData	Schedulerdata	Schedulerdata	existing-unreviewed		0
SegmentNotPresent	SegmentnotPrezent	SegmentnotPrezent	existing-unreviewed		0
SelectDrivers	Selecteazădriver	Selecteazădriver	existing-unreviewed		0
Send	Trimite	Trimite	existing-unreviewed		0
SendEchoRequest	EchorequestTrimite	EchorequestTrimite	existing-unreviewed		0
SendFrame	CadruTrimite	CadruTrimite	existing-unreviewed		0
SerialInit	Serieinit	Serieinit	existing-unreviewed		0
SerialWriteByte	SerieScrierebyte	SerieScrierebyte	existing-unreviewed		0
SetBackend	Definitbackend	Definitbackend	existing-unreviewed		0
SetBit	Definitbit	Definitbit	existing-unreviewed		0
SetBlockInPageDir	DefinitBlocIntrarePAGINĂDirector	DefinitBlocIntrarePAGINĂDirector	existing-unreviewed		0
SetBuffer	Definitbuffer	Definitbuffer	existing-unreviewed		0
SetByteAtAddr	Definitbyteataddress	Definitbyteataddress	existing-unreviewed		0
SetByteInPageDir	DefinitbyteIntrarePAGINĂDirector	DefinitbyteIntrarePAGINĂDirector	existing-unreviewed		0
SetCR3	Definitcr3	Definitcr3	existing-unreviewed		0
SetColor	DefinitCuloare	DefinitCuloare	existing-unreviewed		0
SetDescriptor	Definitdescriptor	Definitdescriptor	existing-unreviewed		0
SetHandleInterruptFuction	DefinitMânerIntreruperefuction	DefinitMânerIntreruperefuction	existing-unreviewed		0
SetHandler	Definithandler	Definithandler	existing-unreviewed		0
SetIPAddress	Definitipaddress	Definitipaddress	existing-unreviewed		0
SetInterruptDescriptorTableEntry	IntreruperedescriptorTabelînregistraredefinit	IntreruperedescriptorTabelînregistraredefinit	existing-unreviewed		0
SetInterruptManager	DefinitIntreruperemanager	DefinitIntreruperemanager	existing-unreviewed		0
SetInterruptNumber	DefinitIntrerupereNumăr	DefinitIntrerupereNumăr	existing-unreviewed		0
SetMode	DefinitMOD	DefinitMOD	existing-unreviewed		0
SetNodeAt	Definitnodeat	Definitnodeat	existing-unreviewed		0
SetStack	Definitstack	Definitstack	existing-unreviewed		0
SetTlsSegment	Definittlssegment	Definittlssegment	existing-unreviewed		0
SetUint32AtAddr	Definitunsignedinteger32ataddress	Definitunsignedinteger32ataddress	existing-unreviewed		0
SetUint32InPageDir	Definitunsignedinteger32IntrarePAGINĂDirector	Definitunsignedinteger32IntrarePAGINĂDirector	existing-unreviewed		0
SetUint8AtAddr	Definitunsignedinteger8ataddress	Definitunsignedinteger8ataddress	existing-unreviewed		0
SharedMemoryRegion	SharedMemorieregion	SharedMemorieregion	existing-unreviewed		0
Size	Mărime_2	Mărime_2	existing-unreviewed		0
Spawn	Spawn	Spawn	existing-unreviewed		0
Ss	Ss	Ss	existing-unreviewed		0
Stack	Stack	Stack	existing-unreviewed		0
StackSegmentFault	Stacksegmentfault	Stacksegmentfault	existing-unreviewed		0
Start_lba	Porneștelba	Porneștelba	existing-unreviewed		0
Started	Pornit	Pornit	existing-unreviewed		0
StdinPutByte	Stdinputbyte	Stdinputbyte	existing-unreviewed		0
StopCurrentThread	OpreșteCurentăthread	OpreșteCurentăthread	existing-unreviewed		0
Stopped	Oprit	Oprit	existing-unreviewed		0
SubnetMask	SubnetMasca	SubnetMasca	existing-unreviewed		0
SupportMode	SuportMOD	SuportMOD	existing-unreviewed		0
Sys_brk	Sysbrk_2	Sysbrk_2	existing-unreviewed		0
Sys_close	SysÎnchide_2	SysÎnchide_2	existing-unreviewed		0
Sys_exit	SysIeșire_2	SysIeșire_2	existing-unreviewed		0
Sys_getpid	Sysgetpid_2	Sysgetpid_2	existing-unreviewed		0
Sys_mousemove	Sysmousemove	Sysmousemove	existing-unreviewed		0
Sys_open	SysDeschide_2	SysDeschide_2	existing-unreviewed		0
Sys_printStr	SysTipăreștestr	SysTipăreștestr	existing-unreviewed		0
Sys_printUint32	SysTipăreșteunsignedinteger32	SysTipăreșteunsignedinteger32	existing-unreviewed		0
Sys_printf	Sysprintf	Sysprintf	existing-unreviewed		0
Sys_read	SysCitire_2	SysCitire_2	existing-unreviewed		0
Syscall	Syscall	Syscall	existing-unreviewed		0
Sysname	Sysname	Sysname	existing-unreviewed		0
TARPEtherFrameHandler	ArpethernetCadruhandler	ArpethernetCadruhandler	existing-unreviewed		0
TARPMessage	ArpMesaj	ArpMesaj	existing-unreviewed		0
TARPMessageBuffer	ArpMesajbuffer	ArpMesajbuffer	existing-unreviewed		0
TARPProvider	Arpprovider	Arpprovider	existing-unreviewed		0
TAdvancedTechnologyAttachment	TAvansateTehnologieattachment	TAvansateTehnologieattachment	existing-unreviewed		0
TArray	TVector	TVector	existing-unreviewed		0
TBaseAddressRegister	TBaseaddressregister	TBaseaddressregister	existing-unreviewed		0
TBiosParameterBlock32	TBiosparameterBloc32	TBiosparameterBloc32	pending-language-review	fat_parameters	0
TBufferDescriptor	TBufferdescriptor	TBufferdescriptor	existing-unreviewed		0
TCOWFrameManager	TcowCadrumanager	TcowCadrumanager	existing-unreviewed		0
TCPUState	TcpuStare	TcpuStare	existing-unreviewed		0
TDefaultKeyboardEventHandler	TImplicităTastaturăEvenimenthandler	TImplicităTastaturăEvenimenthandler	existing-unreviewed		0
TDefaultMouseEventHandler	TImplicităMausEvenimenthandler	TImplicităMausEvenimenthandler	existing-unreviewed		0
TDefaultPCIControllerHandler	TImplicităpcicontrollerhandler	TImplicităpcicontrollerhandler	existing-unreviewed		0
TDefaultTimerEventHandler	TImplicitătimerEvenimenthandler	TImplicitătimerEvenimenthandler	existing-unreviewed		0
TDirectoryEntryFat32	TDirectorînregistrarefat32	TDirectorînregistrarefat32	existing-unreviewed		0
TDriverManager	TDrivermanager	TDrivermanager	existing-unreviewed		0
TEtherFrameHandler	TEthernetCadruhandler	TEthernetCadruhandler	existing-unreviewed		0
TEtherFrameHeader	TEthernetCadruheader	TEthernetCadruheader	pending-language-review	ethernet_header	0
TEtherFrameHeaderBuffer	TEthernetCadruheaderbuffer	TEthernetCadruheaderbuffer	existing-unreviewed		0
TEtherFrameProvider	TEthernetCadruprovider	TEthernetCadruprovider	pending-language-review	ethernet_provider	0
TEtherFrameRawDataHandler	TEthernetCadrurawdatahandler	TEthernetCadrurawdatahandler	existing-unreviewed		0
TGateDescriptor	TGatedescriptor	TGatedescriptor	existing-unreviewed		0
THREAD_STACK_SIZE	ThreadstackMărime	ThreadstackMărime	existing-unreviewed		0
TICMPHandler	Icmphandler	Icmphandler	existing-unreviewed		0
TIPEtherFrameHandler	IpethernetCadruhandler	IpethernetCadruhandler	existing-unreviewed		0
TInitializationBlock	TInitializationBloc	TInitializationBloc	existing-unreviewed		0
TInternetControlMessageProtocol	TInternetcontrolMesajprotocol	TInternetcontrolMesajprotocol	pending-language-review	icmp	0
TInternetControlMessageProtocolMessage	TInternetcontrolMesajprotocolMesaj	TInternetcontrolMesajprotocolMesaj	existing-unreviewed		0
TInternetControlMessageProtocolMessageBuffer	TInternetcontrolMesajprotocolMesajbuffer	TInternetcontrolMesajprotocolMesajbuffer	existing-unreviewed		0
TInternetProtocolHandler	TInternetprotocolhandler	TInternetprotocolhandler	existing-unreviewed		0
TInternetProtocolProvider	TInternetprotocolprovider	TInternetprotocolprovider	pending-language-review	ip_provider	0
TInternetProtocolV4Message	TInternetprotocolv4Mesaj	TInternetprotocolv4Mesaj	existing-unreviewed		0
TInternetProtocolV4MessageBuffer	TInternetprotocolv4Mesajbuffer	TInternetprotocolv4Mesajbuffer	existing-unreviewed		0
TInterruptDescriptorTablePointer	TIntreruperedescriptorTabelIndicator	TIntreruperedescriptorTabelIndicator	existing-unreviewed		0
TInterruptHandler	TIntreruperehandler	TIntreruperehandler	existing-unreviewed		0
TInterruptManager	TIntreruperemanager	TIntreruperemanager	existing-unreviewed		0
TKeyboardDriver	TTastaturădriver	TTastaturădriver	existing-unreviewed		0
TLS_START	TlsPornește	TlsPornește	existing-unreviewed		0
TMSDOSPartitionTable	TmsdospartitionTabel	TmsdospartitionTabel	existing-unreviewed		0
TMasterBootRecord	TPrincipalbootÎnregistrare	TPrincipalbootÎnregistrare	pending-language-review	boot_record	0
TMemoryChunk	TMemoriechunk	TMemoriechunk	existing-unreviewed		0
TMemoryManager	TMemoriemanager	TMemoriemanager	existing-unreviewed		0
TMouseDriver	TMausdriver	TMausdriver	existing-unreviewed		0
TMyKeyboardEventHandler	TMyTastaturăEvenimenthandler	TMyTastaturăEvenimenthandler	existing-unreviewed		0
TMyMouseEventHandler	TMyMausEvenimenthandler	TMyMausEvenimenthandler	existing-unreviewed		0
TMyPCIControllerHandler	TMypcicontrollerhandler	TMypcicontrollerhandler	existing-unreviewed		0
TPartitionTableEntry	TPartitionTabelînregistrare	TPartitionTabelînregistrare	existing-unreviewed		0
TPeripheralComponentInterconnectController	TPeripheralcomponentinterconnectcontroller	TPeripheralcomponentinterconnectcontroller	existing-unreviewed		0
TPeripheralComponentInterconnectDeviceDescriptor	TPeripheralcomponentinterconnectDispozitivdescriptor	TPeripheralcomponentinterconnectDispozitivdescriptor	existing-unreviewed		0
TPort	TPort	TPort	existing-unreviewed		0
TPort16Bit	TPort16bit	TPort16bit	existing-unreviewed		0
TPort32Bit	TPort32bit	TPort32bit	existing-unreviewed		0
TPort8Bit	TPort8bit	TPort8bit	existing-unreviewed		0
TRawDataHandler	TRawdatahandler	TRawdatahandler	existing-unreviewed		0
TSSEntry	Tssînregistrare	Tssînregistrare	existing-unreviewed		0
TSyscall	TSyscall	TSyscall	existing-unreviewed		0
TTask	TTask	TTask	existing-unreviewed		0
TThread	TThread	TThread	existing-unreviewed		0
TThreadHelper	TThreadhelper	TThreadhelper	existing-unreviewed		0
TTimerDriver	TTimerdriver	TTimerdriver	existing-unreviewed		0
TUserDatagramProtocolHandler	TUtilizatordatagramprotocolhandler	TUtilizatordatagramprotocolhandler	existing-unreviewed		0
TUserDatagramProtocolHeader	TUtilizatordatagramprotocolheader	TUtilizatordatagramprotocolheader	pending-language-review	udp_header	0
TUserDatagramProtocolHeaderBuffer	TUtilizatordatagramprotocolheaderbuffer	TUtilizatordatagramprotocolheaderbuffer	existing-unreviewed		0
TUserDatagramProtocolProvider	TUtilizatordatagramprotocolprovider	TUtilizatordatagramprotocolprovider	existing-unreviewed		0
TUserDatagramProtocolSocket	TUtilizatordatagramprotocolsocket	TUtilizatordatagramprotocolsocket	pending-language-review	udp_socket	0
TVideoGraphicsArray	TVideoGraficăVector	TVideoGraficăVector	existing-unreviewed		0
TWidget	TWidget	TWidget	pending-language-review	widget	0
TWidgetMouseEventHandler	TWidgetMausEvenimenthandler	TWidgetMausEvenimenthandler	existing-unreviewed		0
Tamd_am79c973	Tamdam79c973	Tamdam79c973	existing-unreviewed		0
Test	Testează	Testează	existing-unreviewed		0
TestBit	Testeazăbit	Testeazăbit	existing-unreviewed		0
TestPrint	TesteazăTipărește	TesteazăTipărește	existing-unreviewed		0
Thread	Thread	Thread	existing-unreviewed		0
ThreadList	ThreadListă	ThreadListă	existing-unreviewed		0
ThreadState	ThreadStare	ThreadStare	existing-unreviewed		0
Threads	Threads	Threads	existing-unreviewed		0
TlsSegments	Tlssegments	Tlssegments	existing-unreviewed		0
TotalBlocks	TotalBloc	TotalBloc	existing-unreviewed		0
Type	Tip	Tip	existing-unreviewed		0
TypeTest	TipTestează	TipTestează	existing-unreviewed		0
T공용서술자테이블	TShareddescriptorTabel	TShareddescriptorTabel	existing-unreviewed		0
T공용서술자테이블_자료	TShareddescriptorTabeldata	TShareddescriptorTabeldata	existing-unreviewed		0
T작업관리자	TTaskmanager	TTaskmanager	existing-unreviewed		0
T조각설명자	TSegmentdescriptor	TSegmentdescriptor	existing-unreviewed		0
T콘솔	TConsole	TConsole	existing-unreviewed		0
T함수1	TFuncție1	TFuncție1	existing-unreviewed		0
UDESC_32SEG	Udesc32seg	Udesc32seg	existing-unreviewed		0
UDESC_CONTENTS	UdescConținut	UdescConținut	existing-unreviewed		0
UDESC_LIMIT_IN_PAGES	UdescLimităIntrarepages	UdescLimităIntrarepages	existing-unreviewed		0
UDESC_RX_ONLY	Udescrxonly	Udescrxonly	existing-unreviewed		0
UDESC_SEG_NOT_PRESENT	UdescsegnotPrezent	UdescsegnotPrezent	existing-unreviewed		0
UDESC_USABLE	Udescusable	Udescusable	existing-unreviewed		0
USER_STACK	Utilizatorstack	Utilizatorstack	existing-unreviewed		0
USER_STACK_SIZE	UtilizatorstackMărime	UtilizatorstackMărime	existing-unreviewed		0
USER_STACK_TOP	UtilizatorstackSus	UtilizatorstackSus	existing-unreviewed		0
Uid	Uid	Uid	existing-unreviewed		0
Uint16ToArray	Unsignedinteger16toVector	Unsignedinteger16toVector	existing-unreviewed		0
Uint16ToArray_BE	Unsignedinteger16toVectorbe	Unsignedinteger16toVectorbe	existing-unreviewed		0
Uint16_R	Unsignedinteger16r	Unsignedinteger16r	existing-unreviewed		0
Uint32ToArray	Unsignedinteger32toVector	Unsignedinteger32toVector	existing-unreviewed		0
Uint32_R	Unsignedinteger32r	Unsignedinteger32r	existing-unreviewed		0
Uint48ToArray	Unsignedinteger48toVector	Unsignedinteger48toVector	existing-unreviewed		0
Uint48ToArray_BE	Unsignedinteger48toVectorbe	Unsignedinteger48toVectorbe	existing-unreviewed		0
Uint48_R	Unsignedinteger48r	Unsignedinteger48r	existing-unreviewed		0
Uint64ToArray	Unsignedinteger64toVector	Unsignedinteger64toVector	existing-unreviewed		0
Uint64_R	Unsignedinteger64r	Unsignedinteger64r	existing-unreviewed		0
UnhandleInterrupt	UnhandleIntrerupere	UnhandleIntrerupere	existing-unreviewed		0
UnsetBit	Nesetatăbit	Toggle_allocation_bit	pending-language-review	toggle_bit	1
UsedBlocks	FolositBloc	FolositBloc	existing-unreviewed		0
UserDesc	Utilizatordescriptor	Utilizatordescriptor	existing-unreviewed		0
UserStack	Utilizatorstack_2	Utilizatorstack_2	existing-unreviewed		0
UserStackSize	UtilizatorstackMărime_2	UtilizatorstackMărime_2	existing-unreviewed		0
Vendor_id	Comerciantid	Comerciantid	existing-unreviewed		0
Version	Versiune	Versiune	existing-unreviewed		0
VirtTest	VirtTestează	VirtTestează	existing-unreviewed		0
Write	Scriere	Scriere	existing-unreviewed		0
Write28	Scriere28	Scriere28	existing-unreviewed		0
WriteRegisters	Scriereregister	Scriereregister	existing-unreviewed		0
X	X	X	existing-unreviewed		0
Y	Y	Y	existing-unreviewed		0
Zero	Zero	Zero	existing-unreviewed		0
ZeroBlockInPageDir	ZeroBlocIntrarePAGINĂDirector	ZeroBlocIntrarePAGINĂDirector	existing-unreviewed		0
a	a	a	existing-unreviewed		0
aTime	aOră	aOră	existing-unreviewed		0
access	acces	acces	existing-unreviewed		0
accessMode	accesMOD	accesMOD	existing-unreviewed		0
ack	ack	ack	existing-unreviewed		0
activeKeyboardDriver	activTastaturădriver	activTastaturădriver	existing-unreviewed		0
activeMouseDriver	activMausdriver	activMausdriver	existing-unreviewed		0
addr	address	address	existing-unreviewed		0
addrPtr	addressIndicator	addressIndicator	existing-unreviewed		0
address	address_2	address_2	existing-unreviewed		0
addressError	addressEroare	addressEroare	existing-unreviewed		0
afInet	afinet	afinet	existing-unreviewed		0
allocFD	allocateDescriptorfișier	allocateDescriptorfișier	existing-unreviewed		0
allocOpenFile	allocateDeschideFișier	allocateDeschideFișier	existing-unreviewed		0
allocProcess	allocateProces	allocateProces	existing-unreviewed		0
allocateSocket	allocatesocket	allocatesocket	existing-unreviewed		0
allocated	allocated	allocated	existing-unreviewed		0
amd_am79c973	amdam79c973	amdam79c973	existing-unreviewed		0
args	argumente	argumente	existing-unreviewed		0
argument	argument	argument	existing-unreviewed		0
argumentPointers	argumentpointers	argumentpointers	existing-unreviewed		0
arguments	argumente_2	argumente_2	existing-unreviewed		0
arp	arp	arp	existing-unreviewed		0
arpBuffer	arpbuffer	arpbuffer	existing-unreviewed		0
arpMesgSize	arpmesgMărime	arpmesgMărime	existing-unreviewed		0
arpProvider	arpprovider	arpprovider	existing-unreviewed		0
arp콘솔	arpconsole	arpconsole	existing-unreviewed		0
array	vector	vector	existing-unreviewed		0
ata	ata	ata	existing-unreviewed		0
ata0s	ata0s	ata0s	existing-unreviewed		0
attempts	attempts	attempts	existing-unreviewed		0
attr	atribut	atribut	existing-unreviewed		0
attributeControllerIndexPort	atributcontrollerindexport	atributcontrollerindexport	existing-unreviewed		0
attributeControllerReadPort	atributcontrollerCitireport	atributcontrollerCitireport	existing-unreviewed		0
attributeControllerResetPort	atributcontrollerRestabileșteport	atributcontrollerRestabileșteport	existing-unreviewed		0
attributeControllerWritePort	atributcontrollerScriereport	atributcontrollerScriereport	existing-unreviewed		0
attributes	atribute	atribute	existing-unreviewed		0
aux	aux	aux	existing-unreviewed		0
avail	disponibil	disponibil	existing-unreviewed		0
b	b	b	existing-unreviewed		0
backend	backend	backend	existing-unreviewed		0
backupFpRegs	backupfpregs	backupfpregs	existing-unreviewed		0
backupSector	backupsector	backupsector	existing-unreviewed		0
bar	bară	bară	existing-unreviewed		0
barNum	barăNumăr	barăNumăr	existing-unreviewed		0
bar_value	barăValoare	barăValoare	existing-unreviewed		0
base	base	base	existing-unreviewed		0
baseCode	basecode	basecode	existing-unreviewed		0
baseHigh	baseRidicată	baseRidicată	existing-unreviewed		0
baseLow	baseScăzută	baseScăzută	existing-unreviewed		0
baseMid	basemid	basemid	existing-unreviewed		0
base_addr_high	baseaddressRidicată	baseaddressRidicată	existing-unreviewed		0
base_addr_low	baseaddressScăzută	baseaddressScăzută	existing-unreviewed		0
bh	bh	bh	existing-unreviewed		0
bindEphemeral	bindephemeral	bindephemeral	existing-unreviewed		0
bindError	bindEroare	bindEroare	existing-unreviewed		0
bios	bios	bios	existing-unreviewed		0
bit	bit	bit	existing-unreviewed		0
bitmap	bitmap	bitmap	pending-language-review	bitmap	0
bootSignature	bootsignature	bootsignature	existing-unreviewed		0
bootable	bootable	bootable	existing-unreviewed		0
bootloader	bootloader	bootloader	existing-unreviewed		0
bound	bound	bound	existing-unreviewed		0
bpb	bpb	bpb	pending-language-review	fat_parameters	0
bpbBytes	bpbOcteți	bpbOcteți	existing-unreviewed		0
bpbPtr	bpbIndicator	bpbIndicator	existing-unreviewed		0
buf	buffer	buffer	existing-unreviewed		0
buf1	buffer1	buffer1	existing-unreviewed		0
buf2	buffer2	buffer2	existing-unreviewed		0
buf3	buffer3	buffer3	existing-unreviewed		0
buf4	buffer4	buffer4	existing-unreviewed		0
buf6	buffer6	buffer6	existing-unreviewed		0
buffer	buffer_2	buffer_2	existing-unreviewed		0
buffer1	buffer1_2	buffer1_2	existing-unreviewed		0
buffer2	buffer2_2	buffer2_2	existing-unreviewed		0
bufferAddr	bufferaddress	bufferaddress	existing-unreviewed		0
bufferAddress	bufferaddress_2	bufferaddress_2	existing-unreviewed		0
bufptr	bufferIndicator	bufferIndicator	existing-unreviewed		0
bus	bus	bus	existing-unreviewed		0
busControlRegisterDataPort	buscontrolregisterdataport	buscontrolregisterdataport	existing-unreviewed		0
button	buton	buton	existing-unreviewed		0
buttons	buton_2	buton_2	existing-unreviewed		0
bytesPerSector	octețipersector	octețipersector	existing-unreviewed		0
c	c	c	existing-unreviewed		0
cDate	cDată	cDată	existing-unreviewed		0
cTime	cOră	cOră	existing-unreviewed		0
cTimeTenth	cOrătenth	cOrătenth	existing-unreviewed		0
call	call	call	existing-unreviewed		0
candidate	candidate	candidate	existing-unreviewed		0
cap	cap	cap	existing-unreviewed		0
char	char	char	existing-unreviewed		0
checked	checked	checked	existing-unreviewed		0
checksum	checksum	checksum	existing-unreviewed		0
child	copil	copil	existing-unreviewed		0
childPID	copilpid	copilpid	existing-unreviewed		0
childPageDir	copilPAGINĂDirector	copilPAGINĂDirector	existing-unreviewed		0
chunk	chunk	chunk	existing-unreviewed		0
class_id	clasaid	clasaid	existing-unreviewed		0
closeAllProcessFDs	închideToateProcesfds	închideToateProcesfds	existing-unreviewed		0
closeOnExec	închidePornitExecuție	închidePornitExecuție	existing-unreviewed		0
closeProcessFD	închideProcesDescriptorfișier	închideProcesDescriptorfișier	existing-unreviewed		0
code	code	code	existing-unreviewed		0
code1Ptr	code1Indicator	code1Indicator	existing-unreviewed		0
code1ptr	code1Indicator_2	code1Indicator_2	existing-unreviewed		0
code2Ptr	code2Indicator	code2Indicator	existing-unreviewed		0
code3Ptr	code3Indicator	code3Indicator	existing-unreviewed		0
codeSegment	codesegment	codesegment	existing-unreviewed		0
colorIndex	culoareindex	culoareindex	existing-unreviewed		0
colordepth	culoaredepth	culoaredepth	existing-unreviewed		0
command	comandă	comandă	existing-unreviewed		0
commandPort	comandăport	comandăport	existing-unreviewed		0
commandport	comandăport_2	comandăport_2	existing-unreviewed		0
common	comun	comun	existing-unreviewed		0
connected	connected	connected	existing-unreviewed		0
console	console	console	existing-unreviewed		0
controlPort	controlport	controlport	existing-unreviewed		0
copyExecVector	copiazăExecuțievector	copiazăExecuțievector	existing-unreviewed		0
copyLength	copiazăDurată	copiazăDurată	existing-unreviewed		0
copyPageDir	copiazăPAGINĂDirector	copiazăPAGINĂDirector	existing-unreviewed		0
copyPath	copiazăCALE	copiazăCALE	existing-unreviewed		0
copySocketName	copiazăsocketNume	copiazăsocketNume	existing-unreviewed		0
copyUtsField	copiazăutscâmp	copiazăutscâmp	existing-unreviewed		0
count	count	count	existing-unreviewed		0
count2	count2	count2	existing-unreviewed		0
cowFrameManager	cowCadrumanager	cowCadrumanager	existing-unreviewed		0
cpu	cpu	cpu	existing-unreviewed		0
cpustate	cpuStare	cpuStare	existing-unreviewed		0
cr0	cr0	cr0	existing-unreviewed		0
cr3	cr3	cr3	existing-unreviewed		0
cr4	cr4	cr4	existing-unreviewed		0
crtcDataPort	crtcdataport	crtcdataport	existing-unreviewed		0
crtcIndexPort	crtcindexport	crtcindexport	existing-unreviewed		0
cs	cs	cs	existing-unreviewed		0
currentRecvBuffer	curentărecvbuffer	curentărecvbuffer	existing-unreviewed		0
currentSendBuffer	curentăTrimitebuffer	curentăTrimitebuffer	existing-unreviewed		0
currentTask	curentătask	curentătask	existing-unreviewed		0
currentThread	curentăthread	curentăthread	existing-unreviewed		0
currentThreadIndex	curentăthreadindex	curentăthreadindex	existing-unreviewed		0
cursorHeight	cursorÎnălțime	cursorÎnălțime	existing-unreviewed		0
cursorStart	cursorPornește	cursorPornește	existing-unreviewed		0
d_tag	dEtichetă	dEtichetă	existing-unreviewed		0
d_val_ptr	dvalIndicator	dvalIndicator	existing-unreviewed		0
data	data	data	existing-unreviewed		0
dataBuf	databuffer	databuffer	existing-unreviewed		0
dataBytes	dataOcteți	dataOcteți	existing-unreviewed		0
dataPointer	dataIndicator	dataIndicator	existing-unreviewed		0
dataPort	dataport	dataport	existing-unreviewed		0
dataStart	dataPornește	dataPornește	existing-unreviewed		0
databuffer	databuffer_2	databuffer_2	existing-unreviewed		0
dataport	dataport_2	dataport_2	existing-unreviewed		0
defaultKeyboardEventHandler	implicităTastaturăEvenimenthandler	implicităTastaturăEvenimenthandler	existing-unreviewed		0
desc	descriptor	descriptor	existing-unreviewed		0
description	descriere	descriere	existing-unreviewed		0
destination	destinație	destinație	existing-unreviewed		0
destinationAddress	destinațieaddress	destinațieaddress	existing-unreviewed		0
destinationLength	destinațieDurată	destinațieDurată	existing-unreviewed		0
dev	dispozitiv	dispozitiv	existing-unreviewed		0
device	dispozitiv_2	dispozitiv_2	existing-unreviewed		0
deviceDescriptor	dispozitivdescriptor	dispozitivdescriptor	existing-unreviewed		0
devicePort	dispozitivport	dispozitivport	existing-unreviewed		0
diff	diff	diff	existing-unreviewed		0
digits	digits	digits	existing-unreviewed		0
dirent	dirent	dirent	existing-unreviewed		0
direntBytes	direntOcteți	direntOcteți	existing-unreviewed		0
direntPtr	direntIndicator	direntIndicator	existing-unreviewed		0
discardProcess	eliminăProces	eliminăProces	existing-unreviewed		0
dispatchInterrupt	dispatchIntrerupere	dispatchIntrerupere	existing-unreviewed		0
divisor	divisor	divisor	existing-unreviewed		0
domain	domeniu	domeniu	existing-unreviewed		0
driveNumber	driveNumăr	driveNumăr	existing-unreviewed		0
driver	driver	driver	existing-unreviewed		0
driverManager	drivermanager	drivermanager	existing-unreviewed		0
drivercount	drivercount	drivercount	existing-unreviewed		0
drv	driver_2	driver_2	existing-unreviewed		0
ds	ds	ds	existing-unreviewed		0
ds_segment	dssegment	dssegment	existing-unreviewed		0
dst	destinație_2	destinație_2	existing-unreviewed		0
dstEntry	destinațieînregistrare	destinațieînregistrare	existing-unreviewed		0
dstIP	destinațieipaddress	destinațieipaddress	existing-unreviewed		0
dstIP_BE	destinațieipaddressRețeabyteorder	destinațieipaddressRețeabyteorder	existing-unreviewed		0
dstMAC	destinațiemacaddress	destinațiemacaddress	existing-unreviewed		0
dstMAC_BE	destinațiemacbe	destinațiemacbe	existing-unreviewed		0
dstPageDir	destinațiePAGINĂDirector	destinațiePAGINĂDirector	existing-unreviewed		0
dstPort	destinațieportNumăr	destinațieportNumăr	pending-language-review	destination_port	0
dstPt	destinațiept	destinațiept	existing-unreviewed		0
dstPtPtr	destinațieptIndicator	destinațieptIndicator	existing-unreviewed		0
dstPtr	destinațieIndicator	destinațieIndicator	existing-unreviewed		0
dstptr	destinațieIndicator_2	destinațieIndicator_2	existing-unreviewed		0
dynamic	dinamică	dinamică	existing-unreviewed		0
e	e	e	existing-unreviewed		0
e_ehsize	eehsize	eehsize	existing-unreviewed		0
e_entry	eînregistrare	eînregistrare	existing-unreviewed		0
e_flags	eIndicatori	eIndicatori	existing-unreviewed		0
e_ident	eident	eident	existing-unreviewed		0
e_machine	emachine	emachine	existing-unreviewed		0
e_phentsize	ephentsize	ephentsize	existing-unreviewed		0
e_phnum	ephnum	ephnum	existing-unreviewed		0
e_phoff	ephoff	ephoff	existing-unreviewed		0
e_shentsize	eshentsize	eshentsize	existing-unreviewed		0
e_shnum	eshnum	eshnum	existing-unreviewed		0
e_shoff	eshoff	eshoff	existing-unreviewed		0
e_shstrndx	eshstrndx	eshstrndx	existing-unreviewed		0
e_type	eTip	eTip	existing-unreviewed		0
e_version	eVersiune	eVersiune	existing-unreviewed		0
eax	eax	eax	existing-unreviewed		0
ebp	ebp	ebp	existing-unreviewed		0
ebx	ebx	ebx	existing-unreviewed		0
ecx	ecx	ecx	existing-unreviewed		0
edi	edi	edi	existing-unreviewed		0
edx	edx	edx	existing-unreviewed		0
efHandler	efhandler	efhandler	existing-unreviewed		0
eflags	eflags	eflags	existing-unreviewed		0
eip	eip	eip	existing-unreviewed		0
eipOffset	eipoffset	eipoffset	existing-unreviewed		0
elf	elf	elf	existing-unreviewed		0
elf0	elf0	elf0	existing-unreviewed		0
elf2	elf2	elf2	existing-unreviewed		0
elf3	elf3	elf3	existing-unreviewed		0
elf4	elf4	elf4	existing-unreviewed		0
elfHeader	elfheader	elfheader	existing-unreviewed		0
enabled	activat	activat	existing-unreviewed		0
end	sfârșit	sfârșit	existing-unreviewed		0
endOffset	sfârșitoffset	sfârșitoffset	existing-unreviewed		0
end_cylinder	sfârșitcylinder	sfârșitcylinder	existing-unreviewed		0
end_head	sfârșithead	sfârșithead	existing-unreviewed		0
end_sector	sfârșitsector	sfârșitsector	existing-unreviewed		0
ensureCurrentProcess	ensureCurentăProces	ensureCurentăProces	existing-unreviewed		0
entry	înregistrare	înregistrare	existing-unreviewed		0
entryPoint	înregistrarepoint	înregistrarepoint	existing-unreviewed		0
entrypoint	înregistrarepoint_2	înregistrarepoint_2	existing-unreviewed		0
environment	environment	environment	existing-unreviewed		0
environmentPointers	environmentpointers	environmentpointers	existing-unreviewed		0
err	erori	erori	existing-unreviewed		0
errorPort	eroareport	eroareport	existing-unreviewed		0
es	es	es	existing-unreviewed		0
esi	esi	esi	existing-unreviewed		0
esp	esp	esp	existing-unreviewed		0
esp0	esp0	esp0	existing-unreviewed		0
esp1	esp1	esp1	existing-unreviewed		0
esp2	esp2	esp2	existing-unreviewed		0
etherFrameProvider	ethernetCadruprovider	ethernetCadruprovider	pending-language-review	ethernet_provider	0
etherType	ethernetTip	ethernetTip	existing-unreviewed		0
etherType_BE	ethernetTipbe	ethernetTipbe	existing-unreviewed		0
etherframe	ethernetCadru	ethernetCadru	existing-unreviewed		0
etherframePayload	ethernetCadrupayload	ethernetCadrupayload	existing-unreviewed		0
except	except	except	existing-unreviewed		0
exceptionCR0	exceptioncr0	exceptioncr0	existing-unreviewed		0
exceptionCR2	exceptioncr2	exceptioncr2	existing-unreviewed		0
exceptionCR3	exceptioncr3	exceptioncr3	existing-unreviewed		0
exceptionFrameValue	exceptionCadruValoare	exceptionCadruValoare	existing-unreviewed		0
exceptionHasErrorCode	exceptionhasEroarecode	exceptionhasEroarecode	existing-unreviewed		0
exceptionName	exceptionNume	exceptionNume	existing-unreviewed		0
execVector	execuțievector	execuțievector	existing-unreviewed		0
exists	exists	exists	existing-unreviewed		0
exited	terminat	terminat	existing-unreviewed		0
ext	ext	ext	existing-unreviewed		0
extFlags	extIndicatori	extIndicatori	existing-unreviewed		0
extendedScanCode	extendedScaneazăcode	extendedScaneazăcode	existing-unreviewed		0
fDupFD	fdupDescriptorfișier	fdupDescriptorfișier	existing-unreviewed		0
fGetFD	fgetDescriptorfișier	fgetDescriptorfișier	existing-unreviewed		0
fGetFL	fgetfl	fgetfl	existing-unreviewed		0
fSetFD	fdefinitDescriptorfișier	fdefinitDescriptorfișier	existing-unreviewed		0
fSetFL	fdefinitfl	fdefinitfl	existing-unreviewed		0
fat	fat	fat	existing-unreviewed		0
fatCopies	fatCopiază	fatCopiază	existing-unreviewed		0
fatInfo	fatDetaliat	fatDetaliat	existing-unreviewed		0
fatOffsetInSectorForCurrentCluster	fatoffsetIntraresectorforCurentăcluster	fatoffsetIntraresectorforCurentăcluster	existing-unreviewed		0
fatSectorCount	fatsectorcount	fatsectorcount	existing-unreviewed		0
fatSectorForCurrentCluster	fatsectorforCurentăcluster	fatsectorforCurentăcluster	existing-unreviewed		0
fatSize	fatMărime	fatMărime	existing-unreviewed		0
fatStart	fatPornește	fatPornește	existing-unreviewed		0
fatTypeLabel	fatTipEtichetă	fatTipEtichetă	existing-unreviewed		0
fatVersion	fatVersiune	fatVersiune	existing-unreviewed		0
fatbuf	fatbuf	fatbuf	existing-unreviewed		0
fatbuffer	fatbuffer	fatbuffer	existing-unreviewed		0
faultAddr	faultaddress	faultaddress	existing-unreviewed		0
fb	fb	fb	existing-unreviewed		0
fbCurCol	fbCurentăcol	fbCurentăcol	existing-unreviewed		0
fbCurLine	fbCurentăLinie	fbCurentăLinie	existing-unreviewed		0
fbHeight	fbÎnălțime	fbÎnălțime	existing-unreviewed		0
fbPhysAddr	fbphysaddress	fbphysaddress	existing-unreviewed		0
fbWidth	fbLățime	fbLățime	existing-unreviewed		0
fd	descriptorfișier	descriptorfișier	existing-unreviewed		0
fdCloexec	descriptorfișiercloexec	descriptorfișiercloexec	existing-unreviewed		0
fdEntry	descriptorfișierînregistrare	descriptorfișierînregistrare	existing-unreviewed		0
fdFlags	descriptorfișierIndicatori	descriptorfișierIndicatori	existing-unreviewed		0
fdKindConsole	descriptorfișierGenconsole	descriptorfișierGenconsole	existing-unreviewed		0
fdKindFat	descriptorfișierGenfat	descriptorfișierGenfat	existing-unreviewed		0
fdKindNone	descriptorfișierGenNimic	descriptorfișierGenNimic	existing-unreviewed		0
fdKindRootDir	descriptorfișierGenRădăcinăDirector	descriptorfișierGenRădăcinăDirector	existing-unreviewed		0
fdKindSocket	descriptorfișierGensocket	descriptorfișierGensocket	existing-unreviewed		0
fdKindStdin	descriptorfișierGenstdin	descriptorfișierGenstdin	existing-unreviewed		0
fds	fds	fds	existing-unreviewed		0
filePtr	fișierIndicator	fișierIndicator	existing-unreviewed		0
fileSector	fișiersector	fișiersector	existing-unreviewed		0
fileSize	fișierMărime	fișierMărime	existing-unreviewed		0
filename	numefișier	numefișier	existing-unreviewed		0
fillPosixStat	fillposixstat	fillposixstat	existing-unreviewed		0
findProcess	cautăProces	cautăProces	existing-unreviewed		0
first	first	first	existing-unreviewed		0
firstClusterHi	firstclusterhi	firstclusterhi	existing-unreviewed		0
firstClusterLow	firstclusterScăzută	firstclusterScăzută	existing-unreviewed		0
firstFileCluster	firstFișiercluster	firstFișiercluster	existing-unreviewed		0
flags	indicatori	indicatori	existing-unreviewed		0
flags2	indicatori2	indicatori2	existing-unreviewed		0
flagsAndOffset	indicatorișioffset	indicatorișioffset	existing-unreviewed		0
flushIndex	flushindex	flushindex	existing-unreviewed		0
flushTlsTable	flushtlsTabel	flushtlsTabel	existing-unreviewed		0
flush_tss	flushtss	flushtss	existing-unreviewed		0
fn	fn	fn	existing-unreviewed		0
foo	foo	foo	existing-unreviewed		0
foundChild	foundcopil	foundcopil	existing-unreviewed		0
frame	cadru	cadru	existing-unreviewed		0
frameCount	cadrucount	cadrucount	existing-unreviewed		0
frameHeaderSize	cadruheaderMărime	cadruheaderMărime	existing-unreviewed		0
free	liber	liber	existing-unreviewed		0
freePort	liberport	liberport	existing-unreviewed		0
frequency	frecvență	frecvență	existing-unreviewed		0
fs	fs	fs	existing-unreviewed		0
func1Val	func1val	func1val	existing-unreviewed		0
func2Val	func2val	func2val	existing-unreviewed		0
func3Val	func3val	func3val	existing-unreviewed		0
func_addr	funcaddress	funcaddress	existing-unreviewed		0
func_bytes	funcOcteți	funcOcteți	existing-unreviewed		0
func_name	funcNume	funcNume	existing-unreviewed		0
func_value	funcValoare	funcValoare	existing-unreviewed		0
function	funcție	funcție	existing-unreviewed		0
fxrstor	fxrstor	fxrstor	existing-unreviewed		0
fxsave	fxsave	fxsave	existing-unreviewed		0
g	g	g	existing-unreviewed		0
g_320x200x256	g320x200x256	g320x200x256	existing-unreviewed		0
gate	gate	gate	existing-unreviewed		0
gateData	gatedata	gatedata	existing-unreviewed		0
gatewayIP	gatewayip	gatewayip	existing-unreviewed		0
gdt	gdt	gdt	existing-unreviewed		0
gdtDescriptor	gdtdescriptor	gdtdescriptor	existing-unreviewed		0
gdtEntry	gdtînregistrare	gdtînregistrare	existing-unreviewed		0
gdtTable	gdtTabel	gdtTabel	existing-unreviewed		0
gdtTableLen	gdtTabellen	gdtTabellen	existing-unreviewed		0
gdt_codeSegmentSelector	gdtcodesegmentselector	gdtcodesegmentselector	existing-unreviewed		0
gdt_func	gdtfunc	gdtfunc	existing-unreviewed		0
getCR2	getcr2	getcr2	existing-unreviewed		0
getCR3	getcr3	getcr3	existing-unreviewed		0
getDescriptor	getdescriptor	getdescriptor	existing-unreviewed		0
getESI	getesi	getesi	existing-unreviewed		0
getESP	getesp	getesp	existing-unreviewed		0
getGDT	getgdt	getgdt	existing-unreviewed		0
getGS	getgs	getgs	existing-unreviewed		0
getOpenFile	getDeschideFișier	getDeschideFișier	existing-unreviewed		0
getOpenFileFor	getDeschideFișierfor	getDeschideFișierfor	existing-unreviewed		0
getTLS	gettls	gettls	existing-unreviewed		0
globalDescriptorTable	globaldescriptorTabel	globaldescriptorTabel	existing-unreviewed		0
globalOffsetTable	globaloffsetTabel	globaloffsetTabel	existing-unreviewed		0
global_offset_table	globaloffsetTabel_2	globaloffsetTabel_2	existing-unreviewed		0
graphicsControllerDataPort	graficăcontrollerdataport	graficăcontrollerdataport	existing-unreviewed		0
graphicsControllerIndexPort	graficăcontrollerindexport	graficăcontrollerindexport	existing-unreviewed		0
grub_multiboot_memory_map_t	grubmultibootMemoriemapt	grubmultibootMemoriemapt	existing-unreviewed		0
gs	gs	gs	existing-unreviewed		0
gs_segment	gssegment	gssegment	existing-unreviewed		0
h	h	h	existing-unreviewed		0
haltAfterFatalException	haltafterfatalexception	haltafterfatalexception	existing-unreviewed		0
handleInterrupt	mânerIntrerupere	mânerIntrerupere	existing-unreviewed		0
handleKeyboardInterrupt	mânerTastaturăIntrerupere	mânerTastaturăIntrerupere	existing-unreviewed		0
handleMouseInterrupt	mânerMausIntrerupere	mânerMausIntrerupere	existing-unreviewed		0
handlePagingInterrupt	mânerpagingIntrerupere	mânerpagingIntrerupere	existing-unreviewed		0
handleUnhandledSyscall	mânerunhandledsyscall	mânerunhandledsyscall	existing-unreviewed		0
handler	handler	handler	existing-unreviewed		0
handlerAddressHighBits	handleraddressRidicatăbiți	handleraddressRidicatăbiți	existing-unreviewed		0
handlerAddressLowBits	handleraddressScăzutăbiți	handleraddressScăzutăbiți	existing-unreviewed		0
handlerRun	handlerRulează	handlerRulează	existing-unreviewed		0
handlers	handler_2	handler_2	existing-unreviewed		0
hardwareAddressSize	componenteaddressMărime	componenteaddressMărime	existing-unreviewed		0
hardwareInterruptOffset	componenteIntrerupereoffset	componenteIntrerupereoffset	existing-unreviewed		0
hardwareType	componenteTip	componenteTip	existing-unreviewed		0
hd	hd	hd	existing-unreviewed		0
head	head	head	existing-unreviewed		0
headCount	headcount	headcount	existing-unreviewed		0
headerLength	headerDurată	headerDurată	existing-unreviewed		0
headertype	headertype	headertype	existing-unreviewed		0
height	înălțime	înălțime	existing-unreviewed		0
hex	hex	hex	existing-unreviewed		0
hiddenSectors	ascunsesectors	ascunsesectors	existing-unreviewed		0
i	i	i	existing-unreviewed		0
iCount	icount	icount	existing-unreviewed		0
iDrivers	idriver	idriver	existing-unreviewed		0
iKeyboardEventHandler	iTastaturăEvenimenthandler	iTastaturăEvenimenthandler	existing-unreviewed		0
iMouseEventHandler	iMausEvenimenthandler	iMausEvenimenthandler	existing-unreviewed		0
iPCIControllerHandler	ipcicontrollerhandler	ipcicontrollerhandler	existing-unreviewed		0
iRawDataHandler	irawdatahandler	irawdatahandler	existing-unreviewed		0
iTimerEventHandler	itimerEvenimenthandler	itimerEvenimenthandler	existing-unreviewed		0
icmp	icmp	icmp	existing-unreviewed		0
icmpSize	icmpMărime	icmpMărime	existing-unreviewed		0
icmp콘솔	icmpconsole	icmpconsole	existing-unreviewed		0
id	id	id	existing-unreviewed		0
ident	ident	ident	existing-unreviewed		0
idtData	idtdata	idtdata	existing-unreviewed		0
idtPointer	idtIndicator	idtIndicator	existing-unreviewed		0
idx	idx	idx	existing-unreviewed		0
index	index	index	existing-unreviewed		0
initBlock	initBloc	initBloc	existing-unreviewed		0
initFileDescriptors	initFișierdescriptor	initFișierdescriptor	existing-unreviewed		0
initPIT	initpit	initpit	existing-unreviewed		0
initializeProcessFDs	initializeProcesfds	initializeProcesfds	existing-unreviewed		0
inode	inode	inode	existing-unreviewed		0
inputEventTask	introducețiEvenimenttask	introducețiEvenimenttask	existing-unreviewed		0
installIDT	instaleazăidt	instaleazăidt	existing-unreviewed		0
intNumber	intNumăr	intNumăr	existing-unreviewed		0
interface_id	iNTERFAȚĂid	iNTERFAȚĂid	existing-unreviewed		0
internetprotocolPayload	internetprotocolpayload	internetprotocolpayload	existing-unreviewed		0
interrupt	intrerupere	intrerupere	existing-unreviewed		0
interruptDebug	intrerupereDepanează	intrerupereDepanează	existing-unreviewed		0
interruptExitLoop	intrerupereIeșireloop	intrerupereIeșireloop	existing-unreviewed		0
interruptGateEntries	intreruperegateînregistrare	intreruperegateînregistrare	existing-unreviewed		0
interruptHandler	intreruperehandler	intreruperehandler	existing-unreviewed		0
interrupts	interrupts	interrupts	existing-unreviewed		0
iomap	iomap	iomap	existing-unreviewed		0
ip	ip	ip	existing-unreviewed		0
ipEtherFrameHandler	ipethernetCadruhandler	ipethernetCadruhandler	existing-unreviewed		0
ipHandler	iphandler	iphandler	existing-unreviewed		0
ipIdx	ipidx	ipidx	existing-unreviewed		0
ipProtocolUDP	ipprotocoludp	ipprotocoludp	existing-unreviewed		0
ipProvider	ipprovider	ipprovider	pending-language-review	ip_provider	0
ipSize	ipMărime	ipMărime	existing-unreviewed		0
ip_be	ipRețeabyteorder	ipRețeabyteorder	existing-unreviewed		0
ipmessage	internetprotocolMesaj	internetprotocolMesaj	existing-unreviewed		0
ipv4	ipv4	ipv4	existing-unreviewed		0
ip콘솔	ipconsole	ipconsole	existing-unreviewed		0
isKernel	iskernel	iskernel	existing-unreviewed		0
isRoot	isRădăcină	isRădăcină	existing-unreviewed		0
isRootPath	isRădăcinăCALE	isRădăcinăCALE	existing-unreviewed		0
isSharedPDE	issharedpde	issharedpde	existing-unreviewed		0
istOffset	istoffset	istoffset	existing-unreviewed		0
j	j	j	existing-unreviewed		0
jmp	jmp	jmp	existing-unreviewed		0
jmp_user	jmpUtilizator	jmpUtilizator	existing-unreviewed		0
jump_usermode_iret	jumpusermodeiret	jumpusermodeiret	existing-unreviewed		0
kPageDirEntry	kPAGINĂDirectorînregistrare	kPAGINĂDirectorînregistrare	existing-unreviewed		0
kernelESP	kernelesp	kernelesp	existing-unreviewed		0
kernelPageDirEntry	kernelPAGINĂDirectorînregistrare	kernelPAGINĂDirectorînregistrare	existing-unreviewed		0
kernelSS	kernelss	kernelss	existing-unreviewed		0
key	cheie	cheie	existing-unreviewed		0
keyboard	tastatură	tastatură	existing-unreviewed		0
keyboardDriver	tastaturădriver	tastaturădriver	existing-unreviewed		0
keyboardEventHandler	tastaturăEvenimenthandler	tastaturăEvenimenthandler	existing-unreviewed		0
keyboardQueue	tastaturăqueue	tastaturăqueue	existing-unreviewed		0
keyboardQueueRead	tastaturăqueueCitire	tastaturăqueueCitire	existing-unreviewed		0
keyboardQueueSize	tastaturăqueueMărime	tastaturăqueueMărime	existing-unreviewed		0
keyboardQueueWrite	tastaturăqueueScriere	tastaturăqueueScriere	existing-unreviewed		0
kind	gen	gen	existing-unreviewed		0
l	l	l	existing-unreviewed		0
last	ultima	ultima	existing-unreviewed		0
lbaHiPort	lbahiport	lbahiport	existing-unreviewed		0
lbaLowPort	lbaScăzutăport	lbaScăzutăport	existing-unreviewed		0
lbaMidPort	lbamidport	lbamidport	existing-unreviewed		0
ldt	ldt	ldt	existing-unreviewed		0
leftShift	stângashift	stângashift	existing-unreviewed		0
len	len	len	existing-unreviewed		0
len_ver	lenver	lenver	existing-unreviewed		0
length	durată	durată	existing-unreviewed		0
lengthAddress	duratăaddress	duratăaddress	existing-unreviewed		0
lengthInBytes	duratăIntrareOcteți	duratăIntrareOcteți	existing-unreviewed		0
length_high	duratăRidicată	duratăRidicată	existing-unreviewed		0
length_low	duratăScăzută	duratăScăzută	existing-unreviewed		0
lengths	lengths	lengths	existing-unreviewed		0
lib1Addr	lib1address	lib1address	existing-unreviewed		0
lib1Data	lib1data	lib1data	existing-unreviewed		0
lib1File	lib1Fișier	lib1Fișier	existing-unreviewed		0
lib1GOT	lib1got	lib1got	existing-unreviewed		0
lib1elf	lib1elf	lib1elf	existing-unreviewed		0
lib2Addr	lib2address	lib2address	existing-unreviewed		0
lib2Data	lib2data	lib2data	existing-unreviewed		0
lib2File	lib2Fișier	lib2Fișier	existing-unreviewed		0
lib2GOT	lib2got	lib2got	existing-unreviewed		0
lib2elf	lib2elf	lib2elf	existing-unreviewed		0
libLinkMap	libLegăturămap	libLegăturămap	existing-unreviewed		0
lidtaddr	lidtaddr	lidtaddr	existing-unreviewed		0
limit	limită	limită	existing-unreviewed		0
limitHighAndFlags	limităRidicatășiIndicatori	limităRidicatășiIndicatori	existing-unreviewed		0
limitLow	limităScăzută	limităScăzută	existing-unreviewed		0
linkMap	legăturămap	legăturămap	existing-unreviewed		0
linkMapAddr	legăturămapaddress	legăturămapaddress	existing-unreviewed		0
linkerAddr	linkeraddress	linkeraddress	existing-unreviewed		0
linkerData	linkerdata	linkerdata	existing-unreviewed		0
linkerEntry	linkerînregistrare	linkerînregistrare	existing-unreviewed		0
linkerFile	linkerFișier	linkerFișier	existing-unreviewed		0
list	listă	listă	existing-unreviewed		0
listening	listening	listening	existing-unreviewed		0
loader	loader	loader	existing-unreviewed		0
local	local	local	existing-unreviewed		0
localDatagramSocket	localdatagramsocket	localdatagramsocket	existing-unreviewed		0
localIP	localip	localip	existing-unreviewed		0
localPort	localportNumăr	localportNumăr	existing-unreviewed		0
localSockets	localsockets	localsockets	existing-unreviewed		0
logicalAddress	logicaddress	logicaddress	existing-unreviewed		0
macAddr	macaddress	macaddress	existing-unreviewed		0
macIdx	macidx	macidx	existing-unreviewed		0
magicnumber	magicnumber	magicnumber	existing-unreviewed		0
main	main	main	compatibility		0
mainThread	principalthread	principalthread	existing-unreviewed		0
makePagePrivateWritableCurrent	makePAGINĂPrivatwritableCurentă	makePAGINĂPrivatwritableCurentă	existing-unreviewed		0
makeRangePrivateWritableCurrent	makeIntervalPrivatwritableCurentă	makeIntervalPrivatwritableCurentă	existing-unreviewed		0
manager	manager	manager	existing-unreviewed		0
mask	masca	masca	existing-unreviewed		0
master	principal	principal	existing-unreviewed		0
matches	matches	matches	existing-unreviewed		0
maxBARs	maxbars	maxbars	existing-unreviewed		0
maxDatagramSize	maxdatagramMărime	maxdatagramMărime	existing-unreviewed		0
maxExecStringLength	maxExecuțieȘirDurată	maxExecuțieȘirDurată	existing-unreviewed		0
maxExecVectorEntries	maxExecuțievectorînregistrare	maxExecuțievectorînregistrare	existing-unreviewed		0
maxFD	maxDescriptorfișier	maxDescriptorfișier	existing-unreviewed		0
maxOpenFiles	maxDeschideFIȘIERE	maxDeschideFIȘIERE	existing-unreviewed		0
maxSocketPackets	maxsocketpachete	maxsocketpachete	existing-unreviewed		0
maxSockets	maxsockets	maxsockets	existing-unreviewed		0
maximumBlocks	maximBloc	maximBloc	existing-unreviewed		0
mediaType	mediidestocareTip	mediidestocareTip	existing-unreviewed		0
mem	mem	mem	existing-unreviewed		0
memoryArray	memorieVector	memorieVector	existing-unreviewed		0
memoryChunkSize	memoriechunkMărime	memoriechunkMărime	existing-unreviewed		0
memoryManager	memoriemanager	memoriemanager	existing-unreviewed		0
memoryOper	memorieoper	memorieoper	existing-unreviewed		0
memorySize	memorieMărime	memorieMărime	existing-unreviewed		0
memorymananger	memorymananger	memorymananger	existing-unreviewed		0
memorytest	memorytest	memorytest	existing-unreviewed		0
message	mesaj	mesaj	existing-unreviewed		0
micsPort	micsport	micsport	existing-unreviewed		0
minimum	minim	minim	existing-unreviewed		0
mode	mOD	mOD	existing-unreviewed		0
mouseDriver	mausdriver	mausdriver	existing-unreviewed		0
mouseEventHandler	mausEvenimenthandler	mausEvenimenthandler	existing-unreviewed		0
mouseVGA	mausvga	mausvga	existing-unreviewed		0
mouseWidget	mauswidget	mauswidget	existing-unreviewed		0
msdospart	msdospartition	msdospartition	existing-unreviewed		0
msg	msg	msg	existing-unreviewed		0
msgBuffer	msgbuffer	msgbuffer	existing-unreviewed		0
multiboot_memory_map	multibootMemoriemap	multibootMemoriemap	existing-unreviewed		0
multitasking	multitasking	multitasking	existing-unreviewed		0
myKeyboardEventHandler	myTastaturăEvenimenthandler	myTastaturăEvenimenthandler	existing-unreviewed		0
myPCIControllerHandler	mypcicontrollerhandler	mypcicontrollerhandler	existing-unreviewed		0
myfunction	myfunction	myfunction	existing-unreviewed		0
n	n	n	existing-unreviewed		0
n_descsz	ndescsz	ndescsz	existing-unreviewed		0
n_namesz	nnamesz	nnamesz	existing-unreviewed		0
n_type	nTip	nTip	existing-unreviewed		0
name	nume	nume	existing-unreviewed		0
nameLen	numelen	numelen	existing-unreviewed		0
netCard	rețeaCărți	rețeaCărți	existing-unreviewed		0
newButtons	nouButon	nouButon	existing-unreviewed		0
newFD	nouDescriptorfișier	nouDescriptorfișier	existing-unreviewed		0
newFrame	nouCadru	nouCadru	existing-unreviewed		0
newLink	nouLegătură	nouLegătură	existing-unreviewed		0
newNode	nounode	nounode	existing-unreviewed		0
newPtr	nouIndicator	nouIndicator	existing-unreviewed		0
next	înainte	înainte	existing-unreviewed		0
nextEphemeralPort	înainteephemeralport	înainteephemeralport	existing-unreviewed		0
nextFileCluster	înainteFișiercluster	înainteFișiercluster	existing-unreviewed		0
nextHopIP_BE	înaintehopipaddressRețeabyteorder	înaintehopipaddressRețeabyteorder	existing-unreviewed		0
nextNode	înaintenode	înaintenode	existing-unreviewed		0
nextProcessID	înainteProcesid	înainteProcesid	existing-unreviewed		0
nextThread	înaintethread	înaintethread	existing-unreviewed		0
nibble	nibble	nibble	existing-unreviewed		0
node	node	node	pending-language-review	list_node	0
nodeArray	nodeVector	nodeVector	existing-unreviewed		0
num	număr	număr	existing-unreviewed		0
numCacheEntries	numărcacheînregistrare	numărcacheînregistrare	existing-unreviewed		0
numDrivers	numărdriver	numărdriver	existing-unreviewed		0
numFunctions	numărFuncții	numărFuncții	existing-unreviewed		0
numRecvBuffers	numărrecvbuffer	numărrecvbuffer	existing-unreviewed		0
numSendBuffers	numărTrimitebuffer	numărTrimitebuffer	existing-unreviewed		0
numSockets	numărsockets	numărsockets	existing-unreviewed		0
numTasks	numărSarcini	numărSarcini	existing-unreviewed		0
oAppend	oappend	oappend	existing-unreviewed		0
oCreate	ocreate	ocreate	existing-unreviewed		0
oDirectory	oDirector	oDirector	existing-unreviewed		0
oReadOnly	oCitireonly	oCitireonly	existing-unreviewed		0
oReadWrite	oCitireScriere	oCitireScriere	existing-unreviewed		0
oTruncate	oTrunchiază	oTrunchiază	existing-unreviewed		0
oWriteOnly	oScriereonly	oScriereonly	existing-unreviewed		0
o_addr	oaddress	oaddress	existing-unreviewed		0
offset	offset	offset	existing-unreviewed		0
ok	ok	ok	existing-unreviewed		0
oldButtons	oldButon	oldButon	existing-unreviewed		0
oldCR3	oldcr3	oldcr3	existing-unreviewed		0
oldFD	oldDescriptorfișier	oldDescriptorfișier	existing-unreviewed		0
oldFrame	oldCadru	oldCadru	existing-unreviewed		0
oldGdt	oldgdt	oldgdt	existing-unreviewed		0
oldGdtAddr	oldgdtaddress	oldgdtaddress	existing-unreviewed		0
oldGdtLen	oldgdtlen	oldgdtlen	existing-unreviewed		0
openFileDescription	deschideFișierDescriere	deschideFișierDescriere	existing-unreviewed		0
openFileTable	deschideFișierTabel	deschideFișierTabel	existing-unreviewed		0
options	opțiuni	opțiuni	existing-unreviewed		0
orgValue	orgValoare	orgValoare	existing-unreviewed		0
p	p	p	existing-unreviewed		0
p1	p1	p1	existing-unreviewed		0
p2	p2	p2	existing-unreviewed		0
p_align	pAliniere	pAliniere	existing-unreviewed		0
p_backend	pbackend	pbackend	existing-unreviewed		0
p_data	pdata	pdata	existing-unreviewed		0
p_efHandler	pefhandler	pefhandler	existing-unreviewed		0
p_efProvider	pefprovider	pefprovider	existing-unreviewed		0
p_etherType	pethernetTip	pethernetTip	existing-unreviewed		0
p_filesz	pfilesz	pfilesz	existing-unreviewed		0
p_flags	pIndicatori	pIndicatori	existing-unreviewed		0
p_iHandler	pihandler	pihandler	existing-unreviewed		0
p_ipHandler	piphandler	piphandler	existing-unreviewed		0
p_ipProvider	pipprovider	pipprovider	existing-unreviewed		0
p_memsz	pmemsz	pmemsz	existing-unreviewed		0
p_offset	poffset	poffset	existing-unreviewed		0
p_paddr	ppaddr	ppaddr	existing-unreviewed		0
p_protocol	pprotocol	pprotocol	existing-unreviewed		0
p_provider	pprovider	pprovider	existing-unreviewed		0
p_str	pstr	pstr	existing-unreviewed		0
p_type	pTip	pTip	existing-unreviewed		0
p_udpHandler	pudphandler	pudphandler	existing-unreviewed		0
p_udpProvider	pudpprovider	pudpprovider	existing-unreviewed		0
p_vaddr	pvaddr	pvaddr	existing-unreviewed		0
packet	packet	packet	existing-unreviewed		0
packetStatus	packetStare	packetStare	existing-unreviewed		0
packets	pachete	pachete	existing-unreviewed		0
page	pAGINĂ	pAGINĂ	existing-unreviewed		0
pageDir	pAGINĂDirector	pAGINĂDirector	pending-language-review	page_directory	0
pageDirEntry	pAGINĂDirectorînregistrare	pAGINĂDirectorînregistrare	existing-unreviewed		0
pageTableEntry	pAGINĂTabelînregistrare	pAGINĂTabelînregistrare	existing-unreviewed		0
paging	paging	paging	existing-unreviewed		0
param	param	param	existing-unreviewed		0
params	parametri	parametri	existing-unreviewed		0
parent	părinte	părinte	existing-unreviewed		0
parentPID	părintepid	părintepid	existing-unreviewed		0
parentProcess	părinteProces	părinteProces	existing-unreviewed		0
partEntry	partînregistrare	partînregistrare	existing-unreviewed		0
partition	partition	partition	existing-unreviewed		0
partitionBytes	partitionOcteți	partitionOcteți	existing-unreviewed		0
partitionOffset	partitionoffset	partitionoffset	existing-unreviewed		0
path	cALE	cALE	existing-unreviewed		0
pathAddr	cALEaddress	cALEaddress	existing-unreviewed		0
pci	pci	pci	existing-unreviewed		0
pciController	pcicontroller	pcicontroller	existing-unreviewed		0
pde	pde	pde	existing-unreviewed		0
pdeAddr	pdeaddress	pdeaddress	existing-unreviewed		0
pdelen	pdelen	pdelen	existing-unreviewed		0
peer	peer	peer	existing-unreviewed		0
pendingButtons	pendingButon	pendingButon	existing-unreviewed		0
pendingMouseEvent	pendingMausEveniment	pendingMausEveniment	existing-unreviewed		0
pendingX	pendingx	pendingx	existing-unreviewed		0
pendingY	pendingy	pendingy	existing-unreviewed		0
phyaddr	phyaddr	phyaddr	existing-unreviewed		0
phymem	physicalMemorie	physicalMemorie	existing-unreviewed		0
physicalAddress	physicaladdress	physicaladdress	existing-unreviewed		0
pid	pid	pid	existing-unreviewed		0
pitFrequency	pitFrecvență	pitFrecvență	existing-unreviewed		0
pixelAddress	pixeladdress	pixeladdress	existing-unreviewed		0
pointer	indicator	indicator	pending-language-review	pointer	0
pollKeyboardScancode	pollTastaturăscancode	pollTastaturăscancode	existing-unreviewed		0
port	port	port	existing-unreviewed		0
portBase	portbase	portbase	existing-unreviewed		0
portInUse	portIntrareuse	portIntrareuse	existing-unreviewed		0
portnumber	portnumber	portnumber	existing-unreviewed		0
pos	poziție	poziție	existing-unreviewed		0
position	poziție_2	poziție_2	existing-unreviewed		0
posixStat	posixstat	posixstat	existing-unreviewed		0
posixUtsname	posixutsname	posixutsname	existing-unreviewed		0
prefetchable	prefetchcapable	prefetchcapable	existing-unreviewed		0
prev	previous	previous	existing-unreviewed		0
prevNode	previousnode	previousnode	existing-unreviewed		0
prevX	previousx	previousx	existing-unreviewed		0
prevY	previousy	previousy	existing-unreviewed		0
printESP	tipăreșteesp	tipăreșteesp	existing-unreviewed		0
printExceptionSelectorInfo	tipăreșteexceptionselectorDetaliat	tipăreșteexceptionselectorDetaliat	existing-unreviewed		0
printPageFaultInfo	tipăreștePAGINĂfaultDetaliat	tipăreștePAGINĂfaultDetaliat	existing-unreviewed		0
printreg	printreg	printreg	existing-unreviewed		0
proc2	proc2	proc2	existing-unreviewed		0
proc3	proc3	proc3	existing-unreviewed		0
proc4	proc4	proc4	existing-unreviewed		0
process	proces	proces	existing-unreviewed		0
processEntry	procesînregistrare	procesînregistrare	existing-unreviewed		0
processHelper	proceshelper	proceshelper	existing-unreviewed		0
processTable	procesTabel	procesTabel	existing-unreviewed		0
processes	procese	procese	existing-unreviewed		0
programBreak	programbreak	programbreak	existing-unreviewed		0
protocol	protocol	protocol	existing-unreviewed		0
protocolAddressSize	protocoladdressMărime	protocoladdressMărime	existing-unreviewed		0
providedLength	providedDurată	providedDurată	existing-unreviewed		0
provider	provider	provider	existing-unreviewed		0
ps2WaitLimit	ps2AșteaptăLimită	ps2AșteaptăLimită	existing-unreviewed		0
pt	pt	pt	existing-unreviewed		0
pte	pte	pte	existing-unreviewed		0
pteAddr	pteaddress	pteaddress	existing-unreviewed		0
ptr	indicator_2	indicator_2	pending-language-review	pointer	0
pushExecUint32	pushExecuțieunsignedinteger32	pushExecuțieunsignedinteger32	existing-unreviewed		0
queueKeyboardByte	queueTastaturăbyte	queueTastaturăbyte	existing-unreviewed		0
r	r	r	existing-unreviewed		0
r_addend	raddend	raddend	existing-unreviewed		0
r_info	rDetaliat	rDetaliat	existing-unreviewed		0
r_offset	roffset	roffset	existing-unreviewed		0
raw	raw	raw	existing-unreviewed		0
rawDataBackend	rawdatabackend	rawdatabackend	existing-unreviewed		0
readFile	citireFișier	citireFișier	existing-unreviewed		0
readPS2Data	citireps2data	citireps2data	existing-unreviewed		0
readStdin	citirestdin	citirestdin	existing-unreviewed		0
readVFSFile	citirevfsFișier	citirevfsFișier	existing-unreviewed		0
read_count	citirecount	citirecount	existing-unreviewed		0
receiver	receiver	receiver	existing-unreviewed		0
recvBufferDescr	recvbufferDescriere	recvbufferDescriere	existing-unreviewed		0
recvBufferDescrAddress	recvbufferDescriereaddress	recvbufferDescriereaddress	existing-unreviewed		0
recvBuffers	recvbuffer	recvbuffer	existing-unreviewed		0
recvBuffersDescrMemory	recvbufferDescriereMemorie	recvbufferDescriereMemorie	existing-unreviewed		0
refBytes	referenceOcteți	referenceOcteți	existing-unreviewed		0
refPtr	referenceIndicator	referenceIndicator	existing-unreviewed		0
refs	refs	refs	existing-unreviewed		0
regIndex	regindex	regindex	existing-unreviewed		0
registerAddressPort	registeraddressport	registeraddressport	existing-unreviewed		0
registerDataPort	registerdataport	registerdataport	existing-unreviewed		0
registeroffset	registeroffset	registeroffset	existing-unreviewed		0
registers	register	register	existing-unreviewed		0
regtype	regtype	regtype	existing-unreviewed		0
rel_text	reltext	reltext	existing-unreviewed		0
rel_text_len	reltextlen	reltextlen	existing-unreviewed		0
releaseOpenFile	releaseDeschideFișier	releaseDeschideFișier	existing-unreviewed		0
released	released	released	existing-unreviewed		0
reloadCR3	reîncarcăcr3	reîncarcăcr3	existing-unreviewed		0
relocation_text	relocationtext	relocationtext	existing-unreviewed		0
remaining	remaining	remaining	existing-unreviewed		0
remote	ladistanță	ladistanță	existing-unreviewed		0
remoteIP	ladistanțăip	ladistanțăip	existing-unreviewed		0
remotePort	ladistanțăportNumăr	ladistanțăportNumăr	existing-unreviewed		0
requested	requested	requested	existing-unreviewed		0
reserved	reserved	reserved	existing-unreviewed		0
reserved0	reserved0	reserved0	existing-unreviewed		0
reservedSectors	reservedsectors	reservedsectors	existing-unreviewed		0
resetPort	restabileșteport	restabileșteport	existing-unreviewed		0
restoreFpRegs	restaureazăfpregs	restaureazăfpregs	existing-unreviewed		0
result	result	result	existing-unreviewed		0
result1	result1	result1	existing-unreviewed		0
result2	result2	result2	existing-unreviewed		0
ret	ret	ret	existing-unreviewed		0
revision	revision	revision	existing-unreviewed		0
rightShift	dreaptashift	dreaptashift	existing-unreviewed		0
rootCluster	rădăcinăcluster	rădăcinăcluster	existing-unreviewed		0
rootDirEntries	rădăcinăDirectorînregistrare	rădăcinăDirectorînregistrare	existing-unreviewed		0
rootStart	rădăcinăPornește	rădăcinăPornește	existing-unreviewed		0
rt	rt	rt	existing-unreviewed		0
s	s	s	existing-unreviewed		0
sIfchr	sifchr	sifchr	existing-unreviewed		0
sIfdir	sifdir	sifdir	existing-unreviewed		0
sIfmt	sifmt	sifmt	existing-unreviewed		0
sIfreg	sifreg	sifreg	existing-unreviewed		0
sIfsock	sifsock	sifsock	existing-unreviewed		0
savedESP	savedesp	savedesp	existing-unreviewed		0
sc	sc	sc	existing-unreviewed		0
scanCode	scaneazăcode	scaneazăcode	existing-unreviewed		0
scanCodeToByte	scaneazăcodetobyte	scaneazăcodetobyte	existing-unreviewed		0
scancodeToByte	scancodetobyte	scancodetobyte	existing-unreviewed		0
sche	sche	sche	existing-unreviewed		0
sche_data	schedata	schedata	existing-unreviewed		0
scheduleStack	schedulestack	schedulestack	existing-unreviewed		0
scheduler	scheduler	scheduler	existing-unreviewed		0
schedulerDebug	schedulerDepanează	schedulerDepanează	existing-unreviewed		0
sectHeader	sectheader	sectheader	existing-unreviewed		0
sectHeaderSize	sectheaderMărime	sectheaderMărime	existing-unreviewed		0
sectName	sectNume	sectNume	existing-unreviewed		0
sectValue	sectValoare	sectValoare	existing-unreviewed		0
sector	sector	sector	existing-unreviewed		0
sectorCountPort	sectorcountport	sectorcountport	existing-unreviewed		0
sectorNum	sectorNumăr	sectorNumăr	existing-unreviewed		0
sectorOffset	sectoroffset	sectoroffset	existing-unreviewed		0
sectorPerTrack	sectorpertrack	sectorpertrack	existing-unreviewed		0
sectorsPerCluster	sectorspercluster	sectorspercluster	existing-unreviewed		0
seekCur	seekCurentă	seekCurentă	existing-unreviewed		0
seekEnd	seekSfârșit	seekSfârșit	existing-unreviewed		0
seekSet	seekdefinit	seekdefinit	existing-unreviewed		0
segmentNumber	segmentNumăr	segmentNumăr	existing-unreviewed		0
self	sine	sine	existing-unreviewed		0
self_uintptr	sineuintptr	sineuintptr	existing-unreviewed		0
sendBack	reply	reply	existing-unreviewed		0
sendBufferDescr	trimitebufferDescriere	trimitebufferDescriere	existing-unreviewed		0
sendBufferDescrAddress	trimitebufferDescriereaddress	trimitebufferDescriereaddress	existing-unreviewed		0
sendBuffers	trimitebuffer	trimitebuffer	existing-unreviewed		0
sendBuffersDescrMemory	trimitebufferDescriereMemorie	trimitebufferDescriereMemorie	existing-unreviewed		0
sendDataPointer	trimitedataIndicator	trimitedataIndicator	existing-unreviewed		0
sendDescriptor	trimitedescriptor	trimitedescriptor	existing-unreviewed		0
sendMouseCommand	trimiteMausComandă	trimiteMausComandă	existing-unreviewed		0
sequencerDataPort	sequencerdataport	sequencerdataport	existing-unreviewed		0
sequencerIndexPort	sequencerindexport	sequencerindexport	existing-unreviewed		0
serialLogByte	serielogbyte	serielogbyte	existing-unreviewed		0
serialReady	seriePregătit	seriePregătit	existing-unreviewed		0
setCR3	definitcr3	definitcr3	existing-unreviewed		0
setDS	definitds	definitds	existing-unreviewed		0
setGS	definitgs	definitgs	existing-unreviewed		0
setThreadExitLoopState	definitthreadIeșireloopStare	definitthreadIeșireloopStare	existing-unreviewed		0
setupExecStack	setupExecuțiestack	setupExecuțiestack	existing-unreviewed		0
sh	sh	sh	existing-unreviewed		0
sh_addr	shaddress	shaddress	existing-unreviewed		0
sh_addralign	shaddralign	shaddralign	existing-unreviewed		0
sh_entsize	shentsize	shentsize	existing-unreviewed		0
sh_flags	shIndicatori	shIndicatori	existing-unreviewed		0
sh_info	shDetaliat	shDetaliat	existing-unreviewed		0
sh_link	shLegătură	shLegătură	existing-unreviewed		0
sh_name	shNume	shNume	existing-unreviewed		0
sh_offset	shoffset	shoffset	existing-unreviewed		0
sh_size	shMărime	shMărime	existing-unreviewed		0
sh_type	shTip	shTip	existing-unreviewed		0
shift	shift	shift	existing-unreviewed		0
signature	signature	signature	existing-unreviewed		0
size	mărime	mărime	existing-unreviewed		0
sl	sl	sl	existing-unreviewed		0
sockDatagram	sockdatagram	sockdatagram	existing-unreviewed		0
socket	socket	socket	existing-unreviewed		0
socketAddress	socketaddress	socketaddress	existing-unreviewed		0
socketAddressIPv4	socketaddressiVp4	socketaddressiVp4	existing-unreviewed		0
socketBind	socketbind	socketbind	existing-unreviewed		0
socketCallArgument	socketcallargument	socketcallargument	existing-unreviewed		0
socketConnect	socketConectează	socketConectează	existing-unreviewed		0
socketForFD	socketforDescriptorfișier	socketforDescriptorfișier	existing-unreviewed		0
socketIndex	socketindex	socketindex	existing-unreviewed		0
socketPacket	socketpacket	socketpacket	existing-unreviewed		0
socketReceiveFrom	socketreceivefrom	socketreceivefrom	existing-unreviewed		0
socketSendTo	socketTrimiteto	socketTrimiteto	existing-unreviewed		0
socketType	socketTip	socketTip	existing-unreviewed		0
sockets	sockets	sockets	existing-unreviewed		0
softName	softNume	softNume	existing-unreviewed		0
source	sursă	sursă	existing-unreviewed		0
sourceAddress	sursăaddress	sursăaddress	existing-unreviewed		0
sourceLengthAddress	sursăDuratăaddress	sursăDuratăaddress	existing-unreviewed		0
src	sursă_2	sursă_2	existing-unreviewed		0
srcEntry	sursăînregistrare	sursăînregistrare	existing-unreviewed		0
srcIP	sursăipaddress	sursăipaddress	existing-unreviewed		0
srcIP_BE	sursăipaddressRețeabyteorder	sursăipaddressRețeabyteorder	existing-unreviewed		0
srcMAC	sursămacaddress	sursămacaddress	existing-unreviewed		0
srcMAC_BE	sursămacbe	sursămacbe	existing-unreviewed		0
srcPageDir	sursăPAGINĂDirector	sursăPAGINĂDirector	existing-unreviewed		0
srcPde	sursăpde	sursăpde	existing-unreviewed		0
srcPdeAddr	sursăpdeaddress	sursăpdeaddress	existing-unreviewed		0
srcPort	sursăportNumăr	sursăportNumăr	pending-language-review	source_port	0
srcPt	sursăpt	sursăpt	existing-unreviewed		0
srcptr	srcptr	srcptr	existing-unreviewed		0
ss	ss	ss	existing-unreviewed		0
ss0	ss0	ss0	existing-unreviewed		0
ss1	ss1	ss1	existing-unreviewed		0
ss2	ss2	ss2	existing-unreviewed		0
st	st	st	existing-unreviewed		0
st_info	stDetaliat	stDetaliat	existing-unreviewed		0
st_name	stNume	stNume	existing-unreviewed		0
st_other	stAltele	stAltele	existing-unreviewed		0
st_shndx	stshndx	stshndx	existing-unreviewed		0
st_size	stMărime	stMărime	existing-unreviewed		0
st_value	stValoare	stValoare	existing-unreviewed		0
stack	stack	stack	pending-language-review	stack	0
stackBytes	stackOcteți	stackOcteți	existing-unreviewed		0
stackPtr	stackIndicator	stackIndicator	existing-unreviewed		0
stack_addr	stackaddress	stackaddress	existing-unreviewed		0
stackbottom	stackbottom	stackbottom	existing-unreviewed		0
stacktop	stacktop	stacktop	existing-unreviewed		0
start	pornește	pornește	existing-unreviewed		0
startOffset	porneșteoffset	porneșteoffset	existing-unreviewed		0
start_cylinder	porneștecylinder	porneștecylinder	existing-unreviewed		0
start_head	porneștehead	porneștehead	existing-unreviewed		0
start_sector	porneștesector	porneștesector	existing-unreviewed		0
startingBit	startingbit	startingbit	existing-unreviewed		0
stat	stat	stat	existing-unreviewed		0
statAddr	stataddress	stataddress	existing-unreviewed		0
status	stare	stare	existing-unreviewed		0
statusAddr	stareaddress	stareaddress	existing-unreviewed		0
stderrFD	stderrDescriptorfișier	stderrDescriptorfișier	existing-unreviewed		0
stdinBuffer	stdinbuffer	stdinbuffer	existing-unreviewed		0
stdinFD	stdinDescriptorfișier	stdinDescriptorfișier	existing-unreviewed		0
stdinGetBlocking	stdingetblocking	stdingetblocking	existing-unreviewed		0
stdinRead	stdinCitire	stdinCitire	existing-unreviewed		0
stdinWrite	stdinScriere	stdinScriere	existing-unreviewed		0
stdoutFD	stdoutDescriptorfișier	stdoutDescriptorfișier	existing-unreviewed		0
stoppedThread	opritthread	opritthread	existing-unreviewed		0
str	str	str	existing-unreviewed		0
stringAddress	șiraddress	șiraddress	existing-unreviewed		0
stringHeader	șirheader	șirheader	existing-unreviewed		0
strtab	strtab	strtab	existing-unreviewed		0
subclass_id	subclassid	subclassid	existing-unreviewed		0
subnetMask	subnetMasca	subnetMasca	existing-unreviewed		0
swapUint16	spațiudeschimbunsignedinteger16	spațiudeschimbunsignedinteger16	existing-unreviewed		0
switchForced	switchforced	switchforced	existing-unreviewed		0
sysAccess	sysacces	sysacces	existing-unreviewed		0
sysBrk	sysbrk	sysbrk	existing-unreviewed		0
sysCall	syscall	syscall	existing-unreviewed		0
sysChdir	syschdir	syschdir	existing-unreviewed		0
sysClose	sysÎnchide	sysÎnchide	existing-unreviewed		0
sysDup	sysdup	sysdup	existing-unreviewed		0
sysDup2	sysdup2	sysdup2	existing-unreviewed		0
sysExecve	sysexecve	sysexecve	existing-unreviewed		0
sysExit	sysIeșire	sysIeșire	existing-unreviewed		0
sysFcntl	sysfcntl	sysfcntl	existing-unreviewed		0
sysFork	sysfork	sysfork	existing-unreviewed		0
sysFstat	sysfstat	sysfstat	existing-unreviewed		0
sysFsync	sysfsync	sysfsync	existing-unreviewed		0
sysGetcwd	sysgetcwd	sysgetcwd	existing-unreviewed		0
sysLseek	syslseek	syslseek	existing-unreviewed		0
sysOpen	sysDeschide	sysDeschide	existing-unreviewed		0
sysRead	sysCitire	sysCitire	existing-unreviewed		0
sysSocketCall	syssocketcall	syssocketcall	existing-unreviewed		0
sysStat	sysstat	sysstat	existing-unreviewed		0
sysUname	sysuname	sysuname	existing-unreviewed		0
sysWaitpid	syswaitpid	syswaitpid	existing-unreviewed		0
sysWrite	sysScriere	sysScriere	existing-unreviewed		0
syscallError	syscallEroare	syscallEroare	existing-unreviewed		0
syscallID	syscallid	syscallid	existing-unreviewed		0
systemcall	sistemcall	sistemcall	existing-unreviewed		0
table	tabel	tabel	existing-unreviewed		0
tableSize	tabelMărime	tabelMărime	existing-unreviewed		0
tail	tail	tail	existing-unreviewed		0
task	task	task	existing-unreviewed		0
taskA	taska	taska	existing-unreviewed		0
taskB	taskb	taskb	existing-unreviewed		0
taskC	taskc	taskc	existing-unreviewed		0
taskD	taskd	taskd	existing-unreviewed		0
taskD0	taskd0	taskd0	existing-unreviewed		0
taskD1	taskd1	taskd1	existing-unreviewed		0
taskManager	taskmanager	taskmanager	existing-unreviewed		0
tasks	sarcini	sarcini	existing-unreviewed		0
temp	temporary	temporary	existing-unreviewed		0
terminated	terminated	terminated	existing-unreviewed		0
text	text	text	existing-unreviewed		0
textPtr	textIndicator	textIndicator	existing-unreviewed		0
text_len	textlen	textlen	existing-unreviewed		0
text_mode_check_fb_move	textMODcheckfbMutare	textMODcheckfbMutare	existing-unreviewed		0
text_mode_disable_cursor	textMODDezactiveazăcursor	textMODDezactiveazăcursor	existing-unreviewed		0
text_mode_enable_cursor	textMODActiveazăcursor	textMODActiveazăcursor	existing-unreviewed		0
text_mode_error_writer	textMODEroarewriter	textMODEroarewriter	existing-unreviewed		0
text_mode_flush_screen	textMODflushEcran	textMODflushEcran	existing-unreviewed		0
text_mode_init	textMODinit	textMODinit	existing-unreviewed		0
text_mode_print	textMODTipărește	textMODTipărește	existing-unreviewed		0
text_mode_print_bytes	textMODTipăreșteOcteți	textMODTipăreșteOcteți	existing-unreviewed		0
text_mode_print_char	textMODTipăreștechar	textMODTipăreștechar	existing-unreviewed		0
text_mode_print_char_col	textMODTipăreștecharcol	textMODTipăreștecharcol	existing-unreviewed		0
text_mode_print_col	textMODTipăreștecol	textMODTipăreștecol	existing-unreviewed		0
text_mode_print_error	textMODTipăreșteEroare	textMODTipăreșteEroare	existing-unreviewed		0
text_mode_print_error_bytes	textMODTipăreșteEroareOcteți	textMODTipăreșteEroareOcteți	existing-unreviewed		0
text_mode_print_errorln	textMODTipăreșteerrorln	textMODTipăreșteerrorln	existing-unreviewed		0
text_mode_print_hex	textMODTipăreștehex	textMODTipăreștehex	existing-unreviewed		0
text_mode_print_hex16	textMODTipăreștehex16	textMODTipăreștehex16	existing-unreviewed		0
text_mode_print_hex32	textMODTipăreștehex32	textMODTipăreștehex32	existing-unreviewed		0
text_mode_print_hex64	textMODTipăreștehex64	textMODTipăreștehex64	existing-unreviewed		0
text_mode_print_hex_char	textMODTipăreștehexchar	textMODTipăreștehexchar	existing-unreviewed		0
text_mode_println	textMODprintln	textMODprintln	existing-unreviewed		0
text_mode_println_col	textMODprintlncol	textMODprintlncol	existing-unreviewed		0
text_mode_update_cursor	textMODActualizeazăcursor	textMODActualizeazăcursor	existing-unreviewed		0
text_mode_writer	textMODwriter	textMODwriter	existing-unreviewed		0
thr2	thr2	thr2	existing-unreviewed		0
thr3	thr3	thr3	existing-unreviewed		0
thr4	thr4	thr4	existing-unreviewed		0
thread	thread	thread	existing-unreviewed		0
threadExitLoop	threadIeșireloop	threadIeșireloop	existing-unreviewed		0
threadHelper	threadhelper	threadhelper	existing-unreviewed		0
threadPtr	threadIndicator	threadIndicator	existing-unreviewed		0
tickCount	tickcount	tickcount	existing-unreviewed		0
timeDelta	orădelta	orădelta	existing-unreviewed		0
timeToLive	orătolive	orătolive	existing-unreviewed		0
timer	timer	timer	existing-unreviewed		0
tls	tls	tls	existing-unreviewed		0
tmp	tmp	tmp	existing-unreviewed		0
tmpPtr	tmpIndicator	tmpIndicator	existing-unreviewed		0
tos	tos	tos	existing-unreviewed		0
totalLength	totalDurată	totalDurată	existing-unreviewed		0
totalSectorCount	totalsectorcount	totalsectorcount	existing-unreviewed		0
totalSectors	totalsectors	totalsectors	existing-unreviewed		0
trap	trap	trap	existing-unreviewed		0
tss	tss	tss	existing-unreviewed		0
tssIndex	tssindex	tssindex	existing-unreviewed		0
udp	udp	udp	existing-unreviewed		0
udpHandler	udphandler	udphandler	existing-unreviewed		0
udpHeaderSize	udpheaderMărime	udpheaderMărime	existing-unreviewed		0
udpProvider	udpprovider	udpprovider	existing-unreviewed		0
udp콘솔	udpconsole	udpconsole	existing-unreviewed		0
unused	unused	unused	existing-unreviewed		0
used	folosit	folosit	existing-unreviewed		0
usedBlocks	folositBloc	folositBloc	existing-unreviewed		0
user1addr	utilizator1address	utilizator1address	existing-unreviewed		0
user1data	utilizator1data	utilizator1data	existing-unreviewed		0
user1entry	utilizator1înregistrare	utilizator1înregistrare	existing-unreviewed		0
user1file	utilizator1Fișier	utilizator1Fișier	existing-unreviewed		0
user2addr	utilizator2address	utilizator2address	existing-unreviewed		0
user2data	utilizator2data	utilizator2data	existing-unreviewed		0
user2entry	utilizator2înregistrare	utilizator2înregistrare	existing-unreviewed		0
user2file	utilizator2Fișier	utilizator2Fișier	existing-unreviewed		0
user3addr	utilizator3address	utilizator3address	existing-unreviewed		0
user3data	utilizator3data	utilizator3data	existing-unreviewed		0
user3entry	utilizator3înregistrare	utilizator3înregistrare	existing-unreviewed		0
user3file	utilizator3Fișier	utilizator3Fișier	existing-unreviewed		0
userHeapBase	utilizatorheapbase	utilizatorheapbase	existing-unreviewed		0
userHeapLimit	utilizatorheapLimită	utilizatorheapLimită	existing-unreviewed		0
user_esp	utilizatoresp	utilizatoresp	existing-unreviewed		0
userhandler	userhandler	userhandler	existing-unreviewed		0
userproc_entry	userprocînregistrare	userprocînregistrare	existing-unreviewed		0
util	util	util	existing-unreviewed		0
util콘솔	utilconsole	utilconsole	existing-unreviewed		0
v	v	v	existing-unreviewed		0
vAddr	vaddress	vaddress	existing-unreviewed		0
value	valoare	valoare	existing-unreviewed		0
values	values	values	existing-unreviewed		0
version	versiune	versiune	existing-unreviewed		0
vga	vga	vga	existing-unreviewed		0
virtlen	virtlen	virtlen	existing-unreviewed		0
virtmem	virtualăMemorie	virtualăMemorie	existing-unreviewed		0
virtualAddr	virtualăaddress	virtualăaddress	existing-unreviewed		0
volumeId	volumid	volumid	existing-unreviewed		0
volumeLabel	volumEtichetă	volumEtichetă	existing-unreviewed		0
w	w	w	existing-unreviewed		0
wDate	wDată	wDată	existing-unreviewed		0
wTime	wOră	wOră	existing-unreviewed		0
waitPS2InputEmpty	așteaptăps2IntroducețiGol	așteaptăps2IntroducețiGol	existing-unreviewed		0
waitPS2OutputFull	așteaptăps2RezultatComplet	așteaptăps2RezultatComplet	existing-unreviewed		0
wdata	wdata	wdata	existing-unreviewed		0
whence	whence	whence	existing-unreviewed		0
widget	widget	widget	existing-unreviewed		0
width	lățime	lățime	existing-unreviewed		0
writePS2Command	scriereps2Comandă	scriereps2Comandă	existing-unreviewed		0
writePS2Data	scriereps2data	scriereps2data	existing-unreviewed		0
write_count	scrierecount	scrierecount	existing-unreviewed		0
x	x	x	existing-unreviewed		0
xPageDir	xPAGINĂDirector	xPAGINĂDirector	existing-unreviewed		0
xPos	xPoziție	xPoziție	existing-unreviewed		0
y	y	y	existing-unreviewed		0
yPageDir	yPAGINĂDirector	yPAGINĂDirector	existing-unreviewed		0
yPos	yPoziție	yPoziție	existing-unreviewed		0
값	valoare_2	valoare_2	existing-unreviewed		0
공용서술자테이블	shareddescriptorTabel	shareddescriptorTabel	existing-unreviewed		0
기준	base_2	base_2	existing-unreviewed		0
기준_낮은	baseScăzută_2	baseScăzută_2	existing-unreviewed		0
기준_높은	baseRidicată_2	baseRidicată_2	existing-unreviewed		0
기준_매우높은	baseveryRidicată	baseveryRidicată	existing-unreviewed		0
기준주소	baseaddress	baseaddress	existing-unreviewed		0
넷카드콘솔	rețeaCărțiconsole	rețeaCărțiconsole	existing-unreviewed		0
단말기	terminal	terminal	existing-unreviewed		0
마우스콘솔	mausconsole	mausconsole	existing-unreviewed		0
매개값	argumentValoare	argumentValoare	existing-unreviewed		0
멈추기	halt	halt	existing-unreviewed		0
목적	destinație_3	destinație_3	existing-unreviewed		0
유형	tip	tip	existing-unreviewed		0
이더넷콘솔	ethernetconsole	ethernetconsole	existing-unreviewed		0
인터럽트무시하기	intrerupereignore	intrerupereignore	existing-unreviewed		0
인터럽트예외처리기	intrerupereexceptionhandler	intrerupereexceptionhandler	existing-unreviewed		0
인터럽트예외처리기0x00	intrerupereexceptionhandler0x00	intrerupereexceptionhandler0x00	existing-unreviewed		0
인터럽트예외처리기0x01	intrerupereexceptionhandler0x01	intrerupereexceptionhandler0x01	existing-unreviewed		0
인터럽트예외처리기0x02	intrerupereexceptionhandler0x02	intrerupereexceptionhandler0x02	existing-unreviewed		0
인터럽트예외처리기0x03	intrerupereexceptionhandler0x03	intrerupereexceptionhandler0x03	existing-unreviewed		0
인터럽트예외처리기0x04	intrerupereexceptionhandler0x04	intrerupereexceptionhandler0x04	existing-unreviewed		0
인터럽트예외처리기0x05	intrerupereexceptionhandler0x05	intrerupereexceptionhandler0x05	existing-unreviewed		0
인터럽트예외처리기0x06	intrerupereexceptionhandler0x06	intrerupereexceptionhandler0x06	existing-unreviewed		0
인터럽트예외처리기0x07	intrerupereexceptionhandler0x07	intrerupereexceptionhandler0x07	existing-unreviewed		0
인터럽트예외처리기0x08	intrerupereexceptionhandler0x08	intrerupereexceptionhandler0x08	existing-unreviewed		0
인터럽트예외처리기0x09	intrerupereexceptionhandler0x09	intrerupereexceptionhandler0x09	existing-unreviewed		0
인터럽트예외처리기0x0A	intrerupereexceptionhandler0x0a	intrerupereexceptionhandler0x0a	existing-unreviewed		0
인터럽트예외처리기0x0B	intrerupereexceptionhandler0x0b	intrerupereexceptionhandler0x0b	existing-unreviewed		0
인터럽트예외처리기0x0C	intrerupereexceptionhandler0x0c	intrerupereexceptionhandler0x0c	existing-unreviewed		0
인터럽트예외처리기0x0D	intrerupereexceptionhandler0x0d	intrerupereexceptionhandler0x0d	existing-unreviewed		0
인터럽트예외처리기0x0E	intrerupereexceptionhandler0x0e	intrerupereexceptionhandler0x0e	existing-unreviewed		0
인터럽트예외처리기0x0F	intrerupereexceptionhandler0x0f	intrerupereexceptionhandler0x0f	existing-unreviewed		0
인터럽트예외처리기0x10	intrerupereexceptionhandler0x10	intrerupereexceptionhandler0x10	existing-unreviewed		0
인터럽트예외처리기0x11	intrerupereexceptionhandler0x11	intrerupereexceptionhandler0x11	existing-unreviewed		0
인터럽트예외처리기0x12	intrerupereexceptionhandler0x12	intrerupereexceptionhandler0x12	existing-unreviewed		0
인터럽트예외처리기0x13	intrerupereexceptionhandler0x13	intrerupereexceptionhandler0x13	existing-unreviewed		0
인터럽트요청처리0x00	intrerupererequesthandler0x00	intrerupererequesthandler0x00	existing-unreviewed		0
인터럽트요청처리0x01	intrerupererequesthandler0x01	intrerupererequesthandler0x01	existing-unreviewed		0
인터럽트요청처리0x02	intrerupererequesthandler0x02	intrerupererequesthandler0x02	existing-unreviewed		0
인터럽트요청처리0x03	intrerupererequesthandler0x03	intrerupererequesthandler0x03	existing-unreviewed		0
인터럽트요청처리0x04	intrerupererequesthandler0x04	intrerupererequesthandler0x04	existing-unreviewed		0
인터럽트요청처리0x05	intrerupererequesthandler0x05	intrerupererequesthandler0x05	existing-unreviewed		0
인터럽트요청처리0x06	intrerupererequesthandler0x06	intrerupererequesthandler0x06	existing-unreviewed		0
인터럽트요청처리0x07	intrerupererequesthandler0x07	intrerupererequesthandler0x07	existing-unreviewed		0
인터럽트요청처리0x08	intrerupererequesthandler0x08	intrerupererequesthandler0x08	existing-unreviewed		0
인터럽트요청처리0x09	intrerupererequesthandler0x09	intrerupererequesthandler0x09	existing-unreviewed		0
인터럽트요청처리0x0A	intrerupererequesthandler0x0a	intrerupererequesthandler0x0a	existing-unreviewed		0
인터럽트요청처리0x0B	intrerupererequesthandler0x0b	intrerupererequesthandler0x0b	existing-unreviewed		0
인터럽트요청처리0x0C	intrerupererequesthandler0x0c	intrerupererequesthandler0x0c	existing-unreviewed		0
인터럽트요청처리0x0D	intrerupererequesthandler0x0d	intrerupererequesthandler0x0d	existing-unreviewed		0
인터럽트요청처리0x0E	intrerupererequesthandler0x0e	intrerupererequesthandler0x0e	existing-unreviewed		0
인터럽트요청처리0x0F	intrerupererequesthandler0x0f	intrerupererequesthandler0x0f	existing-unreviewed		0
인터럽트요청처리0x80	intrerupererequesthandler0x80	intrerupererequesthandler0x80	existing-unreviewed		0
인터럽트요청처리0x81	intrerupererequesthandler0x81	intrerupererequesthandler0x81	existing-unreviewed		0
인터럽트요청처리0x82	intrerupererequesthandler0x82	intrerupererequesthandler0x82	existing-unreviewed		0
인터럽트처리기	intreruperehandler_2	intreruperehandler_2	existing-unreviewed		0
임시	temporary_2	temporary_2	existing-unreviewed		0
자료	data_2	data_2	existing-unreviewed		0
자신	sine_2	sine_2	existing-unreviewed		0
작업관리자	taskmanager_2	taskmanager_2	existing-unreviewed		0
작업콘솔	taskconsole	taskconsole	existing-unreviewed		0
조각설명자	segmentdescriptor	segmentdescriptor	existing-unreviewed		0
콘솔	console_2	console_2	existing-unreviewed		0
크기	mărime_2	mărime_2	existing-unreviewed		0
키보드콘솔	tastaturăconsole	tastaturăconsole	existing-unreviewed		0
표시들	indicatori_2	indicatori_2	existing-unreviewed		0
표시들_한도_높은	indicatoriLimităRidicată	indicatoriLimităRidicată	existing-unreviewed		0
한도	limită_2	limită_2	existing-unreviewed		0
한도_낮은	limităScăzută_2	limităScăzută_2	existing-unreviewed		0
