original	before	after	review_status	concept	changed_tokens
Activate	Activate	Activate	existing-unreviewed		0
ActivateAll	Activateall	Activateall	existing-unreviewed		0
Active	Активдүү	Активдүү	existing-unreviewed		0
ActiveInterruptManager	Активдүүinterruptmanager	Активдүүinterruptmanager	existing-unreviewed		0
ActiveMemoryManager	АктивдүүЭсиmanager	АктивдүүЭсиmanager	existing-unreviewed		0
Add	Кошуу	Кошуу	existing-unreviewed		0
AddDriver	Кошууdriver	Кошууdriver	existing-unreviewed		0
AddRunnableThread	Кошууrunnablethread	Кошууrunnablethread	existing-unreviewed		0
AddTask	Кошууtask	Кошууtask	existing-unreviewed		0
AddThread	Кошууthread	Кошууthread	existing-unreviewed		0
Address	Address	Address	existing-unreviewed		0
AlignedMalloc	Alignedmalloc	Alignedmalloc	existing-unreviewed		0
AlignmentCheck	Alignmentcheck	Alignmentcheck	existing-unreviewed		0
AllocateBlock	AllocateБлок	AllocateБлок	existing-unreviewed		0
AllocatePID	Allocatepid	Allocatepid	existing-unreviewed		0
AmountOfMemory	AmountofЭси	AmountofЭси	existing-unreviewed		0
ArrayToUint16	Массивtounsignedinteger16	Массивtounsignedinteger16	existing-unreviewed		0
ArrayToUint32	Массивtounsignedinteger32	Массивtounsignedinteger32	existing-unreviewed		0
ArrayToUint48	Массивtounsignedinteger48	Массивtounsignedinteger48	existing-unreviewed		0
ArrayToUint48_BE	Массивtounsignedinteger48be	Массивtounsignedinteger48be	existing-unreviewed		0
ArrayToUint64	Массивtounsignedinteger64	Массивtounsignedinteger64	existing-unreviewed		0
Atime	Atime	Atime	existing-unreviewed		0
AtimeNsec	Atimensec	Atimensec	existing-unreviewed		0
BLOCKS_PER_BYTE	Блокperbyte	Блокperbyte	existing-unreviewed		0
BLOCK_SIZE	БлокӨлчөм	БлокӨлчөм	existing-unreviewed		0
Backend	Backend	Backend	existing-unreviewed		0
BaseAddr	Baseaddress	Baseaddress	existing-unreviewed		0
Bind	Bind	Bind	existing-unreviewed		0
Blksize	Blksize	Blksize	existing-unreviewed		0
Blocked	Blocked	Blocked	existing-unreviewed		0
BlockedState	BlockedАбал	BlockedАбал	existing-unreviewed		0
Blocks	Блок	Блок	existing-unreviewed		0
BoundRangeExceeded	BoundДиапазонexceeded	BoundДиапазонexceeded	existing-unreviewed		0
BroadcastMacAddress	Broadcastmacaddress	Broadcastmacaddress	existing-unreviewed		0
BytesPerSector	Байтpersector	Байтpersector	existing-unreviewed		0
BytesToString	БайтtoСАП	БайтtoСАП	existing-unreviewed		0
Checksum	Checksum	Checksum	existing-unreviewed		0
Clear	Тзл	Тзл	existing-unreviewed		0
Clone	Clone	Clone	existing-unreviewed		0
CloneAddressSpaceCOW	Cloneaddressspacecow	Cloneaddressspacecow	existing-unreviewed		0
Connect	Туташуу	Туташуу	existing-unreviewed		0
ContainsCoordinate	Containscoordinate	Containscoordinate	existing-unreviewed		0
CopyPageFrameBlock	КөчүрүүБАРАКframeБлок	КөчүрүүБАРАКframeБлок	existing-unreviewed		0
CpuState	БПАбал	БПАбал	existing-unreviewed		0
Create	Create	Create	existing-unreviewed		0
CreateFromData	Createfromdata	Createfromdata	existing-unreviewed		0
CreateFromFunction	Createfromfunction	Createfromfunction	existing-unreviewed		0
CreatePtrFromFunction	CreateКөрсөткүчfromfunction	CreateКөрсөткүчfromfunction	existing-unreviewed		0
Cs	Cs	Cs	existing-unreviewed		0
Ctime	Ctime	Ctime	existing-unreviewed		0
CtimeNsec	Ctimensec	Ctimensec	existing-unreviewed		0
CurrentPID	Currentpid	Currentpid	existing-unreviewed		0
CurrentParentPID	Currentатаэнеpid	Currentатаэнеpid	existing-unreviewed		0
Data	Data	Data	compatibility		0
Deactivate	Deactivate	Deactivate	existing-unreviewed		0
Deactive	Deactive	Deactive	existing-unreviewed		0
Decrement	Decrement	Decrement	existing-unreviewed		0
Delete	Өчүрүү	Өчүрүү	existing-unreviewed		0
DescriptorPrivilegeLevel	Descriptorprivilegelevel	Descriptorprivilegelevel	existing-unreviewed		0
DescriptorType	DescriptorТүрү	DescriptorТүрү	existing-unreviewed		0
Destroy	Destroy	Destroy	existing-unreviewed		0
Dev	Түзүлүшү	Түзүлүшү	existing-unreviewed		0
DeviceHasFunctions	Түзүлүшүhasfunctions	Түзүлүшүhasfunctions	existing-unreviewed		0
DeviceNotAvailable	ТүзүлүшүnotЖеткиликтүүсү	ТүзүлүшүnotЖеткиликтүүсү	existing-unreviewed		0
Device_id	ТүзүлүшүИДЕНТИФИКАТОР	ТүзүлүшүИДЕНТИФИКАТОР	existing-unreviewed		0
DisableInt	Disableint	Disableint	existing-unreviewed		0
Disconnect	Өчүрүлүү	Өчүрүлүү	existing-unreviewed		0
DivideByZero	Dividebyzero	Dividebyzero	existing-unreviewed		0
DoHandleInterrupt	Dohandleinterrupt	Dohandleinterrupt	existing-unreviewed		0
DoubleFault	Doublefault	Doublefault	existing-unreviewed		0
Draw	Draw	Draw	existing-unreviewed		0
DriverManager	Drivermanager	Drivermanager	existing-unreviewed		0
Ds	Ds	Ds	existing-unreviewed		0
Dynamic	Dynamic	Dynamic	existing-unreviewed		0
E2BIG	E2big	E2big	existing-unreviewed		0
EACCES	Eacces	Eacces	existing-unreviewed		0
EADDRINUSE	Eaddrinuse	Eaddrinuse	existing-unreviewed		0
EAFNOSUPPORT	Eafnosupport	Eafnosupport	existing-unreviewed		0
EAGAIN	Eagain	Eagain	existing-unreviewed		0
EBADF	Ebadf	Ebadf	existing-unreviewed		0
EBUSY	Ebusy	Ebusy	existing-unreviewed		0
ECHILD	Echild	Echild	existing-unreviewed		0
EEXIST	Eexist	Eexist	existing-unreviewed		0
EFAULT	Efault	Efault	existing-unreviewed		0
EFBIG	Efbig	Efbig	existing-unreviewed		0
EINTR	Eintr	Eintr	existing-unreviewed		0
EINVAL	Einval	Einval	existing-unreviewed		0
EIO	Eio	Eio	existing-unreviewed		0
EISDIR	Eisdir	Eisdir	existing-unreviewed		0
EMFILE	Emfile	Emfile	existing-unreviewed		0
EMSGSIZE	Emsgsize	Emsgsize	existing-unreviewed		0
ENETUNREACH	Enetunreach	Enetunreach	existing-unreviewed		0
ENFILE	Enfile	Enfile	existing-unreviewed		0
ENODEV	Enodev	Enodev	existing-unreviewed		0
ENOENT	Enoent	Enoent	existing-unreviewed		0
ENOEXEC	Enoexec	Enoexec	existing-unreviewed		0
ENOMEM	Enomem	Enomem	existing-unreviewed		0
ENOSPC	Enospc	Enospc	existing-unreviewed		0
ENOSYS	Enosys	Enosys	existing-unreviewed		0
ENOTCONN	Enotconn	Enotconn	existing-unreviewed		0
ENOTDIR	Enotdir	Enotdir	existing-unreviewed		0
ENOTTY	Enotty	Enotty	existing-unreviewed		0
EOPNOTSUPP	Eopnotsupp	Eopnotsupp	existing-unreviewed		0
EPERM	Eperm	Eperm	existing-unreviewed		0
EPROTONOSUPPORT	Eprotonosupport	Eprotonosupport	existing-unreviewed		0
ERANGE	Erange	Erange	existing-unreviewed		0
EROFS	Erofs	Erofs	existing-unreviewed		0
ESPIPE	Espipe	Espipe	existing-unreviewed		0
ESRCH	Esrch	Esrch	existing-unreviewed		0
Eax	Eax	Eax	existing-unreviewed		0
Ebp	Ebp	Ebp	existing-unreviewed		0
Ebx	Ebx	Ebx	existing-unreviewed		0
Ecx	Ecx	Ecx	existing-unreviewed		0
Edi	Edi	Edi	existing-unreviewed		0
Edx	Edx	Edx	existing-unreviewed		0
Eflags	Eflags	Eflags	existing-unreviewed		0
Eip	Eip	Eip	existing-unreviewed		0
Elf	Elf	Elf	existing-unreviewed		0
Elf32Dyn	Elf32dyn	Elf32dyn	existing-unreviewed		0
Elf32Note	Elf32Белги	Elf32Белги	existing-unreviewed		0
Elf32Rel	Elf32rel	Elf32rel	existing-unreviewed		0
Elf32Rela	Elf32rela	Elf32rela	existing-unreviewed		0
Elf32Sym	Elf32sym	Elf32sym	existing-unreviewed		0
ElfHeader	Elfheader	Elfheader	existing-unreviewed		0
ElfProgramHeader	Elfпрограммаheader	Elfпрограммаheader	existing-unreviewed		0
ElfSectionHeader	Elfsectionheader	Elfsectionheader	existing-unreviewed		0
EnablePaging	Enablepaging	Enablepaging	existing-unreviewed		0
Enabled	Күйүк	Күйүк	existing-unreviewed		0
EntryNumber	EntryНОМЕР	EntryНОМЕР	existing-unreviewed		0
EqualBytes	EqualБайт	EqualБайт	existing-unreviewed		0
Es	Es	Es	existing-unreviewed		0
Esi	Esi	Esi	existing-unreviewed		0
Esp	Esp	Esp	existing-unreviewed		0
FPUBuffer	Fpubuffer	Fpubuffer	existing-unreviewed		0
FPUOffset	Fpuoffset	Fpuoffset	existing-unreviewed		0
Family	Family	Family	existing-unreviewed		0
FileName	ФайлАты	ФайлАты	existing-unreviewed		0
Fill	Fill	Fill	existing-unreviewed		0
FillRectangle	Fillrectangle	Fillrectangle	existing-unreviewed		0
First	First	First	existing-unreviewed		0
FirstFree	Firstбош	Firstбош	existing-unreviewed		0
FirstFreeSize	FirstбошӨлчөм	FirstбошӨлчөм	existing-unreviewed		0
Flags	Желектери	Желектери	existing-unreviewed		0
FloatingPointException	Floatingpointexception	Floatingpointexception	existing-unreviewed		0
Flush	Flush	Flush	existing-unreviewed		0
FlushTlsTable	FlushtlsЖадыбал	FlushtlsЖадыбал	existing-unreviewed		0
Focussable	Focussable	Focussable	existing-unreviewed		0
Free	Бош	Бош	existing-unreviewed		0
Fs	Fs	Fs	existing-unreviewed		0
GB	Gb	Gb	existing-unreviewed		0
GDT_ENTRIES	Gdtentry	Gdtentry	existing-unreviewed		0
GOT	Got	Got	existing-unreviewed		0
GPFException	Gpfexception	Gpfexception	existing-unreviewed		0
GatewayIP	Gatewayip	Gatewayip	existing-unreviewed		0
GdtAddressHigh	Gdtaddresshigh	Gdtaddresshigh	existing-unreviewed		0
GdtAddressLow	Gdtaddresslow	Gdtaddresslow	existing-unreviewed		0
GdtDescriptor	Gdtdescriptor	Gdtdescriptor	existing-unreviewed		0
GdtEntry	Gdtentry_2	Gdtentry_2	existing-unreviewed		0
GdtSize	GdtӨлчөм	GdtӨлчөм	existing-unreviewed		0
GetAt	Getat	Getat	existing-unreviewed		0
GetBackend	Getbackend	Getbackend	existing-unreviewed		0
GetBaseAddressRegister	Getbaseaddressregister	Getbaseaddressregister	existing-unreviewed		0
GetBitmaspSize	GetbitmaspӨлчөм	GetbitmaspӨлчөм	existing-unreviewed		0
GetBytesFromPtr	GetБайтfromКөрсөткүч	GetБайтfromКөрсөткүч	existing-unreviewed		0
GetCR0	Getcr0	Getcr0	existing-unreviewed		0
GetCR2	Getcr2	Getcr2	existing-unreviewed		0
GetCR3	Getcr3	Getcr3	existing-unreviewed		0
GetCR4	Getcr4	Getcr4	existing-unreviewed		0
GetColorIndex	GetcolorМазмун	GetcolorМазмун	existing-unreviewed		0
GetDeviceDescriptor	GetТүзүлүшүdescriptor	GetТүзүлүшүdescriptor	existing-unreviewed		0
GetDriver	Getdriver	Getdriver	existing-unreviewed		0
GetESP0	Getesp0	Getesp0	existing-unreviewed		0
GetEntry	Getentry	Getentry	existing-unreviewed		0
GetFileSize	GetФайлӨлчөм	GetФайлӨлчөм	existing-unreviewed		0
GetFocus	Getfocus	Getfocus	existing-unreviewed		0
GetFrameBufferSegment	Getframebuffersegment	Getframebuffersegment	existing-unreviewed		0
GetFuncPtrFromPtr	GetfuncКөрсөткүчfromКөрсөткүч	GetfuncКөрсөткүчfromКөрсөткүч	existing-unreviewed		0
GetFunctionName	GetfunctionАты	GetfunctionАты	existing-unreviewed		0
GetHandler	Gethandler	Gethandler	existing-unreviewed		0
GetIPAddress	Getipaddress	Getipaddress	existing-unreviewed		0
GetMACAddress	Getmacaddress	Getmacaddress	existing-unreviewed		0
GetMACFromCache	Getmacfromcache	Getmacfromcache	existing-unreviewed		0
GetNextReadyThread	GetКийинкиДаярthread	GetКийинкиДаярthread	existing-unreviewed		0
GetNodeAt	Getnodeat	Getnodeat	existing-unreviewed		0
GetProvider	Providerget	Providerget	existing-unreviewed		0
GetSS0	Getss0	Getss0	existing-unreviewed		0
GetStr	Getstr	Getstr	existing-unreviewed		0
GetUint32ArrayFromPtr	Getunsignedinteger32МассивfromКөрсөткүч	Getunsignedinteger32МассивfromКөрсөткүч	existing-unreviewed		0
GetUintptrArrayFromPtr	GetunsignedintegerКөрсөткүчМассивfromКөрсөткүч	GetunsignedintegerКөрсөткүчМассивfromКөрсөткүч	existing-unreviewed		0
GetValue	GetМааниси	GetМааниси	existing-unreviewed		0
GetValueInPageDir	GetМаанисиЧоңойтууБАРАКкаталог	GetМаанисиЧоңойтууБАРАКкаталог	existing-unreviewed		0
Gid	Gid	Gid	existing-unreviewed		0
Gs	Gs	Gs	existing-unreviewed		0
HandleException	Handleexception	Handleexception	existing-unreviewed		0
HandleFatalInterruptFrame	Handlefatalinterruptframe	Handlefatalinterruptframe	existing-unreviewed		0
HandleInterrupt	Handleinterrupt	Handleinterrupt	existing-unreviewed		0
HandleInterrupt1	Handleinterrupt1	Handleinterrupt1	existing-unreviewed		0
HandleUserDatagramProtocolMessage	HandleКолдонуучуdatagramprotocolmessage	HandleКолдонуучуdatagramprotocolmessage	existing-unreviewed		0
IDT_DESC_PRESENT	Idtdescriptorpresent	Idtdescriptorpresent	existing-unreviewed		0
IDT_INTERRUPT_GATE	Idtinterruptgate	Idtinterruptgate	existing-unreviewed		0
IDriver	IDriver	IDriver	existing-unreviewed		0
IEtherFrameHandler	IEthernetframehandler	IEthernetframehandler	existing-unreviewed		0
IInternetProtocolHandler	IИнтернетprotocolhandler	IИнтернетprotocolhandler	existing-unreviewed		0
IInterruptHandler	IInterrupthandler	IInterrupthandler	existing-unreviewed		0
IKeyboardEventHandler	IКлавиатураeventhandler	IКлавиатураeventhandler	existing-unreviewed		0
IMouseEventHandler	IЧычканeventhandler	IЧычканeventhandler	existing-unreviewed		0
IPCIControllerHandler	Ipcicontrollerhandler	Ipcicontrollerhandler	existing-unreviewed		0
IPCache	Ipcache	Ipcache	existing-unreviewed		0
IP_BE	IpТармакbyteorder	IpТармакbyteorder	existing-unreviewed		0
IRawDataHandler	IRawdatahandler	IRawdatahandler	existing-unreviewed		0
ITimerEventHandler	ITimereventhandler	ITimereventhandler	existing-unreviewed		0
IUserDatagramProtocolHandler	IКолдонуучуdatagramprotocolhandler	IКолдонуучуdatagramprotocolhandler	existing-unreviewed		0
IUserDatagramProtocolSocket	IКолдонуучуdatagramprotocolsocket	IКолдонуучуdatagramprotocolsocket	existing-unreviewed		0
IWidget	IWidget	IWidget	pending-language-review	widget	0
Identify	Identify	Identify	existing-unreviewed		0
Increment	Increment	Increment	existing-unreviewed		0
IndexOf	Мазмунof	Мазмунof	existing-unreviewed		0
Init	Init	Init	existing-unreviewed		0
InitDriver	Initdriver	Initdriver	existing-unreviewed		0
InitialThreadUserJump	InitialthreadКолдонуучуjump	InitialthreadКолдонуучуjump	existing-unreviewed		0
Ino	Ino	Ino	existing-unreviewed		0
Install	Орнотуу	Орнотуу	existing-unreviewed		0
Interrupt	Interrupt	Interrupt	existing-unreviewed		0
InterruptActive	Interruptактивдүү	Interruptактивдүү	existing-unreviewed		0
InterruptDeactive	Interruptdeactive	Interruptdeactive	existing-unreviewed		0
InterruptManager	Interruptmanager	Interruptmanager	existing-unreviewed		0
InterruptNumber	InterruptНОМЕР	InterruptНОМЕР	existing-unreviewed		0
InvalidOpcode	Invalidopcode	Invalidopcode	existing-unreviewed		0
InvalidTSS	Invalidtss	Invalidtss	existing-unreviewed		0
IsKernel	Iskernel	Iskernel	existing-unreviewed		0
IsPresent	Ispresent	Ispresent	existing-unreviewed		0
IsUserSpace	IsКолдонуучуspace	IsКолдонуучуspace	existing-unreviewed		0
KB	Kb	Kb	existing-unreviewed		0
KCS_INDEX	KcsМазмун	KcsМазмун	existing-unreviewed		0
KCS_SELECTOR	Kcsselector	Kcsselector	existing-unreviewed		0
KDS_INDEX	KdsМазмун	KdsМазмун	existing-unreviewed		0
KDS_SELECTOR	Kdsselector	Kdsselector	existing-unreviewed		0
KERNEL_HEAP_START	KernelheapЖүргүзүү	KernelheapЖүргүзүү	existing-unreviewed		0
KERNEL_VIRT_ADDR	Kernelvirtaddress	Kernelvirtaddress	existing-unreviewed		0
KGS_INDEX	KgsМазмун	KgsМазмун	existing-unreviewed		0
KGS_SELECTOR	Kgsselector	Kgsselector	existing-unreviewed		0
K핵심	KKernelEntry	KKernelEntry	compatibility		0
LIDT	Lidt	Lidt	existing-unreviewed		0
Last	Last	Last	existing-unreviewed		0
Len	Len	Len	compatibility		0
Limit	Limit	Limit	existing-unreviewed		0
Link	Шилтеме	Шилтеме	existing-unreviewed		0
LinkMap	Шилтемеmap	Шилтемеmap	existing-unreviewed		0
LinkedList	LinkedТизме	LinkedТизме	existing-unreviewed		0
Listen	Listen	Listen	existing-unreviewed		0
LoadElf	Жүктөөelf	Жүктөөelf	existing-unreviewed		0
MAC	Mac	Mac	existing-unreviewed		0
MAC0	Mac0	Mac0	existing-unreviewed		0
MAC1	Mac1	Mac1	existing-unreviewed		0
MAC2	Mac2	Mac2	existing-unreviewed		0
MAC3	Mac3	Mac3	existing-unreviewed		0
MAC4	Mac4	Mac4	existing-unreviewed		0
MAC5	Mac5	Mac5	existing-unreviewed		0
MACAddress0Port	Macaddress0Порт	Macaddress0Порт	existing-unreviewed		0
MACAddress2Port	Macaddress2Порт	Macaddress2Порт	existing-unreviewed		0
MACAddress4Port	Macaddress4Порт	Macaddress4Порт	existing-unreviewed		0
MACCache	Maccache	Maccache	existing-unreviewed		0
MAX_QUEUE_SIZE	MaxqueueӨлчөм	MaxqueueӨлчөм	existing-unreviewed		0
MB	МБ	МБ	existing-unreviewed		0
MBR	Mbr	Mbr	existing-unreviewed		0
MHex출력	MHexadecimalБасма	MHexadecimalБасма	existing-unreviewed		0
MHex출력XY	MHexadecimalБасмаxy	MHexadecimalБасмаxy	existing-unreviewed		0
MUint16출력	MUnsignedinteger16Басма	MUnsignedinteger16Басма	existing-unreviewed		0
MUint16출력XY	MUnsignedinteger16Басмаxy	MUnsignedinteger16Басмаxy	existing-unreviewed		0
MUint32출력	MUnsignedinteger32Басма	MUnsignedinteger32Басма	existing-unreviewed		0
MUint32출력XY	MUnsignedinteger32Басмаxy	MUnsignedinteger32Басмаxy	existing-unreviewed		0
MUint64출력	MUnsignedinteger64Басма	MUnsignedinteger64Басма	existing-unreviewed		0
MUint64출력XY	MUnsignedinteger64Басмаxy	MUnsignedinteger64Басмаxy	existing-unreviewed		0
Machine	Machine	Machine	existing-unreviewed		0
MachineCheck	Machinecheck	Machinecheck	existing-unreviewed		0
MakeRangePrivateWritable	MakeДиапазонprivatewritable	MakeДиапазонprivatewritable	existing-unreviewed		0
Malloc	Malloc	Malloc	pending-language-review	allocate_memory	0
MemCmp	Memcmp	Memcmp	existing-unreviewed		0
MemCpy	MemКөчүрүү	MemКөчүрүү	existing-unreviewed		0
MemMove	MemТашуу	MemТашуу	existing-unreviewed		0
MemSet	Memset	Memset	existing-unreviewed		0
MemoryOper	Эсиoper	Эсиoper	existing-unreviewed		0
Mode	Режим	Режим	existing-unreviewed		0
ModelToScreen	Модельtoscreen	Set_local_coordinates	pending-language-review	set_coordinates	5
Mtime	Mtime	Mtime	existing-unreviewed		0
MtimeNsec	Mtimensec	Mtimensec	existing-unreviewed		0
MyHandleInterrupt	Myhandleinterrupt	Myhandleinterrupt	existing-unreviewed		0
MyTest	MyТекшерүү	MyТекшерүү	existing-unreviewed		0
M긴급로그Hex8	MEmergencyloghexadecimal8	MEmergencyloghexadecimal8	existing-unreviewed		0
M긴급로그Uint32	MEmergencylogunsignedinteger32	MEmergencylogunsignedinteger32	existing-unreviewed		0
M긴급로그문자열	MEmergencylogСАП	MEmergencylogСАП	existing-unreviewed		0
M직렬로그초기화	MSerialloginit	MSerialloginit	existing-unreviewed		0
M출력	MБасма	MБасма	existing-unreviewed		0
M출력BytesXY	MБасмаБайтxy	MБасмаБайтxy	existing-unreviewed		0
M출력Hex	MБасмаhexadecimal	MБасмаhexadecimal	existing-unreviewed		0
M출력Uint16	MБасмаunsignedinteger16	MБасмаunsignedinteger16	existing-unreviewed		0
M출력Uint32	MБасмаunsignedinteger32	MБасмаunsignedinteger32	existing-unreviewed		0
M출력XY	MБасмаxy	MБасмаxy	existing-unreviewed		0
M테스트	M테스트	M테스트	existing-unreviewed		0
NMI	Деңизмилясы	Деңизмилясы	existing-unreviewed		0
New	Жаңы	Жаңы	existing-unreviewed		0
NewInterruptHandler	Жаңыinterrupthandler	Жаңыinterrupthandler	existing-unreviewed		0
Next	Кийинки	Кийинки	existing-unreviewed		0
Nlink	Nlink	Nlink	existing-unreviewed		0
Node	Node	Node	pending-language-review	list_node	0
Nodename	Nodename	Nodename	existing-unreviewed		0
OnEtherFrameReceived	Ethernetframereceivewhen	Ethernetframereceivewhen	existing-unreviewed		0
OnGetDriver	Ongetdriver	Ongetdriver	existing-unreviewed		0
OnInternetProtocolReceived	Интернетprotocolreceivewhen	Интернетprotocolreceivewhen	existing-unreviewed		0
OnKeyDown	OnАчкычdown	OnАчкычdown	existing-unreviewed		0
OnKeyUp	OnАчкычӨйдө	OnАчкычӨйдө	existing-unreviewed		0
OnMouseDown	OnЧычканdown	OnЧычканdown	existing-unreviewed		0
OnMouseMove	OnЧычканТашуу	OnЧычканТашуу	existing-unreviewed		0
OnMouseUp	OnЧычканӨйдө	OnЧычканӨйдө	existing-unreviewed		0
OnRawDataReceived	Onrawdatareceive	Onrawdatareceive	existing-unreviewed		0
OnTick	Ontick	Ontick	existing-unreviewed		0
Overflow	Overflow	Overflow	existing-unreviewed		0
P1LinkMap	PМааниси1шилтемеmap	PМааниси1шилтемеmap	existing-unreviewed		0
P2LinkMap	PМааниси2шилтемеmap	PМааниси2шилтемеmap	existing-unreviewed		0
P3LinkMap	PМааниси3шилтемеmap	PМааниси3шилтемеmap	existing-unreviewed		0
PAGE_COW	БАРАКcow	БАРАКcow	existing-unreviewed		0
PAGE_FRAME	БАРАКframe	БАРАКframe	existing-unreviewed		0
PAGE_PRESENT	БАРАКpresent	БАРАКpresent	existing-unreviewed		0
PAGE_USER	БАРАККолдонуучу	БАРАККолдонуучу	existing-unreviewed		0
PAGE_WRITABLE	БАРАКwritable	БАРАКwritable	existing-unreviewed		0
PAUSE_LOOP	Pauseloop	Pauseloop	existing-unreviewed		0
PICMasterCommandPort	PrimarypicКомандаioПорт	PrimarypicКомандаioПорт	existing-unreviewed		0
PICMasterDataPort	PrimarypicdataioПорт	PrimarypicdataioПорт	existing-unreviewed		0
PICSlaveCommandPort	SecondarypicКомандаioПорт	SecondarypicКомандаioПорт	existing-unreviewed		0
PICSlaveDataPort	SecondarypicdataioПорт	SecondarypicdataioПорт	existing-unreviewed		0
PRESENT	Present	Present	existing-unreviewed		0
PRIV_KERNEL	Privkernel	Privkernel	existing-unreviewed		0
PRIV_USER	PrivКолдонуучу	PrivКолдонуучу	existing-unreviewed		0
PROC_USER_HEAP_SIZE	ProcКолдонуучуheapӨлчөм	ProcКолдонуучуheapӨлчөм	existing-unreviewed		0
PageDirEntry	БАРАКкаталогentry	БАРАКкаталогentry	existing-unreviewed		0
PageDirectoryEntry	БАРАКкаталогentry_2	БАРАКкаталогentry_2	existing-unreviewed		0
PageFault	БАРАКfault	БАРАКfault	existing-unreviewed		0
PageFaultException	БАРАКfaultexception	БАРАКfaultexception	existing-unreviewed		0
PageRoundDown	БАРАКТегеректөөdown	БАРАКТегеректөөdown	existing-unreviewed		0
PageRoundUp	БАРАКТегеректөөӨйдө	БАРАКТегеректөөӨйдө	existing-unreviewed		0
PageTableEntry	БАРАКЖадыбалentry	БАРАКЖадыбалentry	existing-unreviewed		0
Paging	Paging	Paging	existing-unreviewed		0
ParentPid	Атаэнеpid	Атаэнеpid	existing-unreviewed		0
Parse	Parse	Parse	existing-unreviewed		0
Partition_id	PartitionИДЕНТИФИКАТОР	PartitionИДЕНТИФИКАТОР	existing-unreviewed		0
PhyMemTest	PhymemТекшерүү	PhymemТекшерүү	existing-unreviewed		0
PhysicalMemoryManager	PhysicalЭсиmanager	PhysicalЭсиmanager	existing-unreviewed		0
Pid	Pid	Pid	existing-unreviewed		0
Port	Порт	Порт	existing-unreviewed		0
PortBase	Портbase	Портbase	existing-unreviewed		0
PortInByte	ПортЧоңойтууbyte	ПортЧоңойтууbyte	existing-unreviewed		0
PortInDword	ПортЧоңойтууdword	ПортЧоңойтууdword	existing-unreviewed		0
PortInWord	ПортЧоңойтуусөз	ПортЧоңойтуусөз	existing-unreviewed		0
PortOutByte	ПортКичирейтүүbyte	ПортКичирейтүүbyte	existing-unreviewed		0
PortOutDword	ПортКичирейтүүdword	ПортКичирейтүүdword	existing-unreviewed		0
PortOutWord	ПортКичирейтүүсөз	ПортКичирейтүүсөз	existing-unreviewed		0
PortReadByte	ПортОкууbyte	ПортОкууbyte	existing-unreviewed		0
PortReadDword	ПортОкууdword	ПортОкууdword	existing-unreviewed		0
PortReadWord	ПортОкуусөз	ПортОкуусөз	existing-unreviewed		0
PortWriteByte	ПортЖазууbyte	ПортЖазууbyte	existing-unreviewed		0
PortWriteDword	ПортЖазууdword	ПортЖазууdword	existing-unreviewed		0
PortWriteWord	ПортЖазуусөз	ПортЖазуусөз	existing-unreviewed		0
Prev	Previous	Previous	existing-unreviewed		0
PrevTSS	Previoustss	Previoustss	existing-unreviewed		0
PrimaryPartition	Primarypartition	Primarypartition	existing-unreviewed		0
Print	Басма	Басма	existing-unreviewed		0
PrintBytes	БасмаБайт	БасмаБайт	existing-unreviewed		0
PrintStr	Басмаstr	Басмаstr	existing-unreviewed		0
PrintTLS	Басмаtls	Басмаtls	existing-unreviewed		0
PrintTest	БасмаТекшерүү	БасмаТекшерүү	existing-unreviewed		0
Process	Процесси	Процесси	existing-unreviewed		0
ProcessHelper	Процессиhelper	Процессиhelper	existing-unreviewed		0
ProcessPendingKeyboardEvents	ПроцессиpendingКлавиатураevents	ПроцессиpendingКлавиатураevents	existing-unreviewed		0
ProcessPendingMouseEvents	ПроцессиpendingЧычканevents	ПроцессиpendingЧычканevents	existing-unreviewed		0
PushAt	Pushat	Insert_at_index	pending-language-review	insert_at	1
PushBack	PushАртка	Append_to_list	pending-language-review	append	12
PushFront	PushАлдыңкы	Prepend_to_list	pending-language-review	prepend	5
PutPixel	Putpixel	Putpixel	existing-unreviewed		0
PutPixelRGB	Putpixelrgb	Putpixelrgb	existing-unreviewed		0
QUEUE_START_ADDR	QueueЖүргүзүүaddress	QueueЖүргүзүүaddress	existing-unreviewed		0
Rdev	Rdev	Rdev	existing-unreviewed		0
Read	Окуу	Окуу	existing-unreviewed		0
Read28	Окуу28	Окуу28	existing-unreviewed		0
ReadFile	ОкууФайл	ОкууФайл	pending-language-review	file_read	0
ReadPartitions	Окууpartition	Окууpartition	existing-unreviewed		0
Ready	Даяр	Даяр	existing-unreviewed		0
Receive	Receive	Receive	existing-unreviewed		0
Ref	Reference	Reference	existing-unreviewed		0
Release	Release	Release	existing-unreviewed		0
ReloadCR3	Кайтаданжүктөөcr3	Кайтаданжүктөөcr3	existing-unreviewed		0
Remove	Өчүрүү_2	Өчүрүү_2	existing-unreviewed		0
RemoveAt	Өчүрүүat	Өчүрүүat	existing-unreviewed		0
RemoveThread	Өчүрүүthread	Өчүрүүthread	existing-unreviewed		0
RemoveThreadAt	Өчүрүүthreadat	Өчүрүүthreadat	existing-unreviewed		0
RequestMacAddress	Requestmacaddress	Requestmacaddress	existing-unreviewed		0
Reset	Түшүрүү	Түшүрүү	existing-unreviewed		0
Resolve	Resolve	Resolve	existing-unreviewed		0
ResolveCopyOnWriteFault	ResolveКөчүрүүonЖазууfault	ResolveКөчүрүүonЖазууfault	existing-unreviewed		0
SCHEDULER_FREQUENCY	Schedulerfrequency	Schedulerfrequency	existing-unreviewed		0
SEG_BIG_MODE	SegbigРежим	SegbigРежим	existing-unreviewed		0
SEG_EXEC	Segexec	Segexec	existing-unreviewed		0
SEG_GRAN_4K_PAGE	Seggran4kБАРАК	Seggran4kБАРАК	existing-unreviewed		0
SEG_GRAN_BYTE	Seggranbyte	Seggranbyte	existing-unreviewed		0
SEG_KERNEL_CODE	Segkernelcode	Segkernelcode	existing-unreviewed		0
SEG_KERNEL_DATA	Segkerneldata	Segkerneldata	existing-unreviewed		0
SEG_KERNEL_GS	Segkernelgs	Segkernelgs	existing-unreviewed		0
SEG_NOEXEC	Segnoexec	Segnoexec	existing-unreviewed		0
SEG_NORMAL	SegКадимкидей	SegКадимкидей	existing-unreviewed		0
SEG_NORW	Segnorw	Segnorw	existing-unreviewed		0
SEG_R	Segr	Segr	existing-unreviewed		0
SEG_SYSTEM	SegСистема	SegСистема	existing-unreviewed		0
SEG_TASK_STATE	SegtaskАбал	SegtaskАбал	existing-unreviewed		0
SEG_USER_CODE	SegКолдонуучуcode	SegКолдонуучуcode	existing-unreviewed		0
SEG_USER_DATA	SegКолдонуучуdata	SegКолдонуучуdata	existing-unreviewed		0
SEG_USER_GS	SegКолдонуучуgs	SegКолдонуучуgs	existing-unreviewed		0
SEG_W	Segw	Segw	existing-unreviewed		0
SIMDFloatingPointException	Simdfloatingpointexception	Simdfloatingpointexception	existing-unreviewed		0
SIZE	Өлчөм	Өлчөм	existing-unreviewed		0
SYS_ACCESS	Sysкирүү	Sysкирүү	existing-unreviewed		0
SYS_BRK	Sysbrk	Sysbrk	existing-unreviewed		0
SYS_CHDIR	Syschdir	Syschdir	existing-unreviewed		0
SYS_CLOSE	SysЖабуу	SysЖабуу	existing-unreviewed		0
SYS_CREAT	Syscreat	Syscreat	existing-unreviewed		0
SYS_DUP	Sysdup	Sysdup	existing-unreviewed		0
SYS_DUP2	Sysdup2	Sysdup2	existing-unreviewed		0
SYS_EXECVE	Sysexecve	Sysexecve	existing-unreviewed		0
SYS_EXIT	Sysexit	Sysexit	existing-unreviewed		0
SYS_FCNTL	Sysfcntl	Sysfcntl	existing-unreviewed		0
SYS_FORK	Sysfork	Sysfork	existing-unreviewed		0
SYS_FSTAT	Sysfstat	Sysfstat	existing-unreviewed		0
SYS_FSYNC	Sysfsync	Sysfsync	existing-unreviewed		0
SYS_GETCWD	Sysgetcwd	Sysgetcwd	existing-unreviewed		0
SYS_GETEGID	Sysgetegid	Sysgetegid	existing-unreviewed		0
SYS_GETEUID	Sysgeteuid	Sysgeteuid	existing-unreviewed		0
SYS_GETGID	Sysgetgid	Sysgetgid	existing-unreviewed		0
SYS_GETPID	Sysgetpid	Sysgetpid	existing-unreviewed		0
SYS_GETPPID	Sysgetppid	Sysgetppid	existing-unreviewed		0
SYS_GETUID	Sysgetuid	Sysgetuid	existing-unreviewed		0
SYS_LSEEK	Syslseek	Syslseek	existing-unreviewed		0
SYS_LSTAT	Syslstat	Syslstat	existing-unreviewed		0
SYS_OPEN	SysАчуу	SysАчуу	existing-unreviewed		0
SYS_READ	SysОкуу	SysОкуу	existing-unreviewed		0
SYS_RT_EXIT	Sysrtexit	Sysrtexit	existing-unreviewed		0
SYS_SOCKETCALL	Syssocketcall	Syssocketcall	existing-unreviewed		0
SYS_STAT	Sysstat	Sysstat	existing-unreviewed		0
SYS_SYNC	Syssync	Syssync	existing-unreviewed		0
SYS_UNAME	Sysuname	Sysuname	existing-unreviewed		0
SYS_WAITPID	Syswaitpid	Syswaitpid	existing-unreviewed		0
SYS_WRITE	SysЖазуу	SysЖазуу	existing-unreviewed		0
Schedule	Schedule	Schedule	existing-unreviewed		0
Scheduler	Scheduler	Scheduler	existing-unreviewed		0
SchedulerData	Schedulerdata	Schedulerdata	existing-unreviewed		0
SegmentNotPresent	Segmentnotpresent	Segmentnotpresent	existing-unreviewed		0
SelectDrivers	Selectdriver	Selectdriver	existing-unreviewed		0
Send	Send	Send	existing-unreviewed		0
SendEchoRequest	Echorequestsend	Echorequestsend	existing-unreviewed		0
SendFrame	Framesend	Framesend	existing-unreviewed		0
SerialInit	Serialinit	Serialinit	existing-unreviewed		0
SerialWriteByte	SerialЖазууbyte	SerialЖазууbyte	existing-unreviewed		0
SetBackend	Setbackend	Setbackend	existing-unreviewed		0
SetBit	Setbit	Setbit	existing-unreviewed		0
SetBlockInPageDir	SetБлокЧоңойтууБАРАКкаталог	SetБлокЧоңойтууБАРАКкаталог	existing-unreviewed		0
SetBuffer	Setbuffer	Setbuffer	existing-unreviewed		0
SetByteAtAddr	Setbyteataddress	Setbyteataddress	existing-unreviewed		0
SetByteInPageDir	SetbyteЧоңойтууБАРАКкаталог	SetbyteЧоңойтууБАРАКкаталог	existing-unreviewed		0
SetCR3	Setcr3	Setcr3	existing-unreviewed		0
SetColor	Setcolor	Setcolor	existing-unreviewed		0
SetDescriptor	Setdescriptor	Setdescriptor	existing-unreviewed		0
SetHandleInterruptFuction	Sethandleinterruptfuction	Sethandleinterruptfuction	existing-unreviewed		0
SetHandler	Sethandler	Sethandler	existing-unreviewed		0
SetIPAddress	Setipaddress	Setipaddress	existing-unreviewed		0
SetInterruptDescriptorTableEntry	InterruptdescriptorЖадыбалentryset	InterruptdescriptorЖадыбалentryset	existing-unreviewed		0
SetInterruptManager	Setinterruptmanager	Setinterruptmanager	existing-unreviewed		0
SetInterruptNumber	SetinterruptНОМЕР	SetinterruptНОМЕР	existing-unreviewed		0
SetMode	SetРежим	SetРежим	existing-unreviewed		0
SetNodeAt	Setnodeat	Setnodeat	existing-unreviewed		0
SetStack	Setstack	Setstack	existing-unreviewed		0
SetTlsSegment	Settlssegment	Settlssegment	existing-unreviewed		0
SetUint32AtAddr	Setunsignedinteger32ataddress	Setunsignedinteger32ataddress	existing-unreviewed		0
SetUint32InPageDir	Setunsignedinteger32ЧоңойтууБАРАКкаталог	Setunsignedinteger32ЧоңойтууБАРАКкаталог	existing-unreviewed		0
SetUint8AtAddr	Setunsignedinteger8ataddress	Setunsignedinteger8ataddress	existing-unreviewed		0
SharedMemoryRegion	SharedЭсиregion	SharedЭсиregion	existing-unreviewed		0
Size	Өлчөм_2	Өлчөм_2	existing-unreviewed		0
Spawn	Spawn	Spawn	existing-unreviewed		0
Ss	Ss	Ss	existing-unreviewed		0
Stack	Stack	Stack	existing-unreviewed		0
StackSegmentFault	Stacksegmentfault	Stacksegmentfault	existing-unreviewed		0
Start_lba	Жүргүзүүlba	Жүргүзүүlba	existing-unreviewed		0
Started	Жүргүзүлгөнкүнү	Жүргүзүлгөнкүнү	existing-unreviewed		0
StdinPutByte	Stdinputbyte	Stdinputbyte	existing-unreviewed		0
StopCurrentThread	Токтотууcurrentthread	Токтотууcurrentthread	existing-unreviewed		0
Stopped	Токтотулган	Токтотулган	existing-unreviewed		0
SubnetMask	Subnetmask	Subnetmask	existing-unreviewed		0
SupportMode	SupportРежим	SupportРежим	existing-unreviewed		0
Sys_brk	Sysbrk_2	Sysbrk_2	existing-unreviewed		0
Sys_close	SysЖабуу_2	SysЖабуу_2	existing-unreviewed		0
Sys_exit	Sysexit_2	Sysexit_2	existing-unreviewed		0
Sys_getpid	Sysgetpid_2	Sysgetpid_2	existing-unreviewed		0
Sys_mousemove	Sysmousemove	Sysmousemove	existing-unreviewed		0
Sys_open	SysАчуу_2	SysАчуу_2	existing-unreviewed		0
Sys_printStr	SysБасмаstr	SysБасмаstr	existing-unreviewed		0
Sys_printUint32	SysБасмаunsignedinteger32	SysБасмаunsignedinteger32	existing-unreviewed		0
Sys_printf	Sysprintf	Sysprintf	existing-unreviewed		0
Sys_read	SysОкуу_2	SysОкуу_2	existing-unreviewed		0
Syscall	Syscall	Syscall	existing-unreviewed		0
Sysname	Sysname	Sysname	existing-unreviewed		0
TARPEtherFrameHandler	Arpethernetframehandler	Arpethernetframehandler	existing-unreviewed		0
TARPMessage	Arpmessage	Arpmessage	existing-unreviewed		0
TARPMessageBuffer	Arpmessagebuffer	Arpmessagebuffer	existing-unreviewed		0
TARPProvider	Arpprovider	Arpprovider	existing-unreviewed		0
TAdvancedTechnologyAttachment	TКеңейтилгенТехнологияattachment	TКеңейтилгенТехнологияattachment	existing-unreviewed		0
TArray	TМассив	TМассив	existing-unreviewed		0
TBaseAddressRegister	TBaseaddressregister	TBaseaddressregister	existing-unreviewed		0
TBiosParameterBlock32	TBiosparameterБлок32	TBiosparameterБлок32	pending-language-review	fat_parameters	0
TBufferDescriptor	TBufferdescriptor	TBufferdescriptor	existing-unreviewed		0
TCOWFrameManager	Tcowframemanager	Tcowframemanager	existing-unreviewed		0
TCPUState	TcpuАбал	TcpuАбал	existing-unreviewed		0
TDefaultKeyboardEventHandler	TЖарыяланбасКлавиатураeventhandler	TЖарыяланбасКлавиатураeventhandler	existing-unreviewed		0
TDefaultMouseEventHandler	TЖарыяланбасЧычканeventhandler	TЖарыяланбасЧычканeventhandler	existing-unreviewed		0
TDefaultPCIControllerHandler	TЖарыяланбасpcicontrollerhandler	TЖарыяланбасpcicontrollerhandler	existing-unreviewed		0
TDefaultTimerEventHandler	TЖарыяланбасtimereventhandler	TЖарыяланбасtimereventhandler	existing-unreviewed		0
TDirectoryEntryFat32	TКаталогentryfat32	TКаталогentryfat32	existing-unreviewed		0
TDriverManager	TDrivermanager	TDrivermanager	existing-unreviewed		0
TEtherFrameHandler	TEthernetframehandler	TEthernetframehandler	existing-unreviewed		0
TEtherFrameHeader	TEthernetframeheader	TEthernetframeheader	pending-language-review	ethernet_header	0
TEtherFrameHeaderBuffer	TEthernetframeheaderbuffer	TEthernetframeheaderbuffer	existing-unreviewed		0
TEtherFrameProvider	TEthernetframeprovider	TEthernetframeprovider	pending-language-review	ethernet_provider	0
TEtherFrameRawDataHandler	TEthernetframerawdatahandler	TEthernetframerawdatahandler	existing-unreviewed		0
TGateDescriptor	TGatedescriptor	TGatedescriptor	existing-unreviewed		0
THREAD_STACK_SIZE	ThreadstackӨлчөм	ThreadstackӨлчөм	existing-unreviewed		0
TICMPHandler	Icmphandler	Icmphandler	existing-unreviewed		0
TIPEtherFrameHandler	Ipethernetframehandler	Ipethernetframehandler	existing-unreviewed		0
TInitializationBlock	TInitializationБлок	TInitializationБлок	existing-unreviewed		0
TInternetControlMessageProtocol	TИнтернетcontrolmessageprotocol	TИнтернетcontrolmessageprotocol	pending-language-review	icmp	0
TInternetControlMessageProtocolMessage	TИнтернетcontrolmessageprotocolmessage	TИнтернетcontrolmessageprotocolmessage	existing-unreviewed		0
TInternetControlMessageProtocolMessageBuffer	TИнтернетcontrolmessageprotocolmessagebuffer	TИнтернетcontrolmessageprotocolmessagebuffer	existing-unreviewed		0
TInternetProtocolHandler	TИнтернетprotocolhandler	TИнтернетprotocolhandler	existing-unreviewed		0
TInternetProtocolProvider	TИнтернетprotocolprovider	TИнтернетprotocolprovider	pending-language-review	ip_provider	0
TInternetProtocolV4Message	TИнтернетprotocolv4message	TИнтернетprotocolv4message	existing-unreviewed		0
TInternetProtocolV4MessageBuffer	TИнтернетprotocolv4messagebuffer	TИнтернетprotocolv4messagebuffer	existing-unreviewed		0
TInterruptDescriptorTablePointer	TInterruptdescriptorЖадыбалКөрсөткүч	TInterruptdescriptorЖадыбалКөрсөткүч	existing-unreviewed		0
TInterruptHandler	TInterrupthandler	TInterrupthandler	existing-unreviewed		0
TInterruptManager	TInterruptmanager	TInterruptmanager	existing-unreviewed		0
TKeyboardDriver	TКлавиатураdriver	TКлавиатураdriver	existing-unreviewed		0
TLS_START	TlsЖүргүзүү	TlsЖүргүзүү	existing-unreviewed		0
TMSDOSPartitionTable	TmsdospartitionЖадыбал	TmsdospartitionЖадыбал	existing-unreviewed		0
TMasterBootRecord	TMasterbootrecord	TMasterbootrecord	pending-language-review	boot_record	0
TMemoryChunk	TЭсиchunk	TЭсиchunk	existing-unreviewed		0
TMemoryManager	TЭсиmanager	TЭсиmanager	existing-unreviewed		0
TMouseDriver	TЧычканdriver	TЧычканdriver	existing-unreviewed		0
TMyKeyboardEventHandler	TMyКлавиатураeventhandler	TMyКлавиатураeventhandler	existing-unreviewed		0
TMyMouseEventHandler	TMyЧычканeventhandler	TMyЧычканeventhandler	existing-unreviewed		0
TMyPCIControllerHandler	TMypcicontrollerhandler	TMypcicontrollerhandler	existing-unreviewed		0
TPartitionTableEntry	TPartitionЖадыбалentry	TPartitionЖадыбалentry	existing-unreviewed		0
TPeripheralComponentInterconnectController	TPeripheralcomponentinterconnectcontroller	TPeripheralcomponentinterconnectcontroller	existing-unreviewed		0
TPeripheralComponentInterconnectDeviceDescriptor	TPeripheralcomponentinterconnectТүзүлүшүdescriptor	TPeripheralcomponentinterconnectТүзүлүшүdescriptor	existing-unreviewed		0
TPort	TПорт	TПорт	existing-unreviewed		0
TPort16Bit	TПорт16bit	TПорт16bit	existing-unreviewed		0
TPort32Bit	TПорт32bit	TПорт32bit	existing-unreviewed		0
TPort8Bit	TПорт8bit	TПорт8bit	existing-unreviewed		0
TRawDataHandler	TRawdatahandler	TRawdatahandler	existing-unreviewed		0
TSSEntry	Tssentry	Tssentry	existing-unreviewed		0
TSyscall	TSyscall	TSyscall	existing-unreviewed		0
TTask	TTask	TTask	existing-unreviewed		0
TThread	TThread	TThread	existing-unreviewed		0
TThreadHelper	TThreadhelper	TThreadhelper	existing-unreviewed		0
TTimerDriver	TTimerdriver	TTimerdriver	existing-unreviewed		0
TUserDatagramProtocolHandler	TКолдонуучуdatagramprotocolhandler	TКолдонуучуdatagramprotocolhandler	existing-unreviewed		0
TUserDatagramProtocolHeader	TКолдонуучуdatagramprotocolheader	TКолдонуучуdatagramprotocolheader	pending-language-review	udp_header	0
TUserDatagramProtocolHeaderBuffer	TКолдонуучуdatagramprotocolheaderbuffer	TКолдонуучуdatagramprotocolheaderbuffer	existing-unreviewed		0
TUserDatagramProtocolProvider	TКолдонуучуdatagramprotocolprovider	TКолдонуучуdatagramprotocolprovider	existing-unreviewed		0
TUserDatagramProtocolSocket	TКолдонуучуdatagramprotocolsocket	TКолдонуучуdatagramprotocolsocket	pending-language-review	udp_socket	0
TVideoGraphicsArray	TВидеоГрафикаМассив	TВидеоГрафикаМассив	existing-unreviewed		0
TWidget	TWidget	TWidget	pending-language-review	widget	0
TWidgetMouseEventHandler	TWidgetЧычканeventhandler	TWidgetЧычканeventhandler	existing-unreviewed		0
Tamd_am79c973	Tamdam79c973	Tamdam79c973	existing-unreviewed		0
Test	Текшерүү	Текшерүү	existing-unreviewed		0
TestBit	Текшерүүbit	Текшерүүbit	existing-unreviewed		0
TestPrint	ТекшерүүБасма	ТекшерүүБасма	existing-unreviewed		0
Thread	Thread	Thread	existing-unreviewed		0
ThreadList	ThreadТизме	ThreadТизме	existing-unreviewed		0
ThreadState	ThreadАбал	ThreadАбал	existing-unreviewed		0
Threads	Threads	Threads	existing-unreviewed		0
TlsSegments	Tlssegments	Tlssegments	existing-unreviewed		0
TotalBlocks	БардыгыБлок	БардыгыБлок	existing-unreviewed		0
Type	Түрү	Түрү	existing-unreviewed		0
TypeTest	ТүрүТекшерүү	ТүрүТекшерүү	existing-unreviewed		0
T공용서술자테이블	TShareddescriptorЖадыбал	TShareddescriptorЖадыбал	existing-unreviewed		0
T공용서술자테이블_자료	TShareddescriptorЖадыбалdata	TShareddescriptorЖадыбалdata	existing-unreviewed		0
T작업관리자	TTaskmanager	TTaskmanager	existing-unreviewed		0
T조각설명자	TSegmentdescriptor	TSegmentdescriptor	existing-unreviewed		0
T콘솔	TConsole	TConsole	existing-unreviewed		0
T함수1	TFunction1	TFunction1	existing-unreviewed		0
UDESC_32SEG	Udesc32seg	Udesc32seg	existing-unreviewed		0
UDESC_CONTENTS	UdescМазмун	UdescМазмун	existing-unreviewed		0
UDESC_LIMIT_IN_PAGES	UdesclimitЧоңойтууpages	UdesclimitЧоңойтууpages	existing-unreviewed		0
UDESC_RX_ONLY	Udescrxonly	Udescrxonly	existing-unreviewed		0
UDESC_SEG_NOT_PRESENT	Udescsegnotpresent	Udescsegnotpresent	existing-unreviewed		0
UDESC_USABLE	Udescusable	Udescusable	existing-unreviewed		0
USER_STACK	Колдонуучуstack	Колдонуучуstack	existing-unreviewed		0
USER_STACK_SIZE	КолдонуучуstackӨлчөм	КолдонуучуstackӨлчөм	existing-unreviewed		0
USER_STACK_TOP	КолдонуучуstackҮстү	КолдонуучуstackҮстү	existing-unreviewed		0
Uid	Uid	Uid	existing-unreviewed		0
Uint16ToArray	Unsignedinteger16toМассив	Unsignedinteger16toМассив	existing-unreviewed		0
Uint16ToArray_BE	Unsignedinteger16toМассивbe	Unsignedinteger16toМассивbe	existing-unreviewed		0
Uint16_R	Unsignedinteger16r	Unsignedinteger16r	existing-unreviewed		0
Uint32ToArray	Unsignedinteger32toМассив	Unsignedinteger32toМассив	existing-unreviewed		0
Uint32_R	Unsignedinteger32r	Unsignedinteger32r	existing-unreviewed		0
Uint48ToArray	Unsignedinteger48toМассив	Unsignedinteger48toМассив	existing-unreviewed		0
Uint48ToArray_BE	Unsignedinteger48toМассивbe	Unsignedinteger48toМассивbe	existing-unreviewed		0
Uint48_R	Unsignedinteger48r	Unsignedinteger48r	existing-unreviewed		0
Uint64ToArray	Unsignedinteger64toМассив	Unsignedinteger64toМассив	existing-unreviewed		0
Uint64_R	Unsignedinteger64r	Unsignedinteger64r	existing-unreviewed		0
UnhandleInterrupt	Unhandleinterrupt	Unhandleinterrupt	existing-unreviewed		0
UnsetBit	Unsetbit	Toggle_allocation_bit	pending-language-review	toggle_bit	1
UsedBlocks	КолдонулганыБлок	КолдонулганыБлок	existing-unreviewed		0
UserDesc	Колдонуучуdescriptor	Колдонуучуdescriptor	existing-unreviewed		0
UserStack	Колдонуучуstack_2	Колдонуучуstack_2	existing-unreviewed		0
UserStackSize	КолдонуучуstackӨлчөм_2	КолдонуучуstackӨлчөм_2	existing-unreviewed		0
Vendor_id	ИштепчыгаруучуИДЕНТИФИКАТОР	ИштепчыгаруучуИДЕНТИФИКАТОР	existing-unreviewed		0
Version	Version	Version	existing-unreviewed		0
VirtTest	VirtТекшерүү	VirtТекшерүү	existing-unreviewed		0
Write	Жазуу	Жазуу	existing-unreviewed		0
Write28	Жазуу28	Жазуу28	existing-unreviewed		0
WriteRegisters	Жазууregister	Жазууregister	existing-unreviewed		0
X	X	X	existing-unreviewed		0
Y	Y	Y	existing-unreviewed		0
Zero	Zero	Zero	existing-unreviewed		0
ZeroBlockInPageDir	ZeroБлокЧоңойтууБАРАКкаталог	ZeroБлокЧоңойтууБАРАКкаталог	existing-unreviewed		0
a	a	a	existing-unreviewed		0
aTime	atime	atime	existing-unreviewed		0
access	кирүү	кирүү	existing-unreviewed		0
accessMode	кирүүРежим	кирүүРежим	existing-unreviewed		0
ack	ack	ack	existing-unreviewed		0
activeKeyboardDriver	активдүүКлавиатураdriver	активдүүКлавиатураdriver	existing-unreviewed		0
activeMouseDriver	активдүүЧычканdriver	активдүүЧычканdriver	existing-unreviewed		0
addr	address	address	existing-unreviewed		0
addrPtr	addressКөрсөткүч	addressКөрсөткүч	existing-unreviewed		0
address	address_2	address_2	existing-unreviewed		0
addressError	addressКата	addressКата	existing-unreviewed		0
afInet	afinet	afinet	existing-unreviewed		0
allocFD	allocatefd	allocatefd	existing-unreviewed		0
allocOpenFile	allocateАчууФайл	allocateАчууФайл	existing-unreviewed		0
allocProcess	allocateПроцесси	allocateПроцесси	existing-unreviewed		0
allocateSocket	allocatesocket	allocatesocket	existing-unreviewed		0
allocated	allocated	allocated	existing-unreviewed		0
amd_am79c973	amdam79c973	amdam79c973	existing-unreviewed		0
args	arguments	arguments	existing-unreviewed		0
argument	argument	argument	existing-unreviewed		0
argumentPointers	argumentpointers	argumentpointers	existing-unreviewed		0
arguments	arguments_2	arguments_2	existing-unreviewed		0
arp	arp	arp	existing-unreviewed		0
arpBuffer	arpbuffer	arpbuffer	existing-unreviewed		0
arpMesgSize	arpmesgӨлчөм	arpmesgӨлчөм	existing-unreviewed		0
arpProvider	arpprovider	arpprovider	existing-unreviewed		0
arp콘솔	arpconsole	arpconsole	existing-unreviewed		0
array	массив	массив	existing-unreviewed		0
ata	ata	ata	existing-unreviewed		0
ata0s	ata0s	ata0s	existing-unreviewed		0
attempts	attempts	attempts	existing-unreviewed		0
attr	атрибут	атрибут	existing-unreviewed		0
attributeControllerIndexPort	атрибутcontrollerМазмунПорт	атрибутcontrollerМазмунПорт	existing-unreviewed		0
attributeControllerReadPort	атрибутcontrollerОкууПорт	атрибутcontrollerОкууПорт	existing-unreviewed		0
attributeControllerResetPort	атрибутcontrollerТүшүрүүПорт	атрибутcontrollerТүшүрүүПорт	existing-unreviewed		0
attributeControllerWritePort	атрибутcontrollerЖазууПорт	атрибутcontrollerЖазууПорт	existing-unreviewed		0
attributes	attributes	attributes	existing-unreviewed		0
aux	aux	aux	existing-unreviewed		0
avail	жеткиликтүүсү	жеткиликтүүсү	existing-unreviewed		0
b	b	b	existing-unreviewed		0
backend	backend	backend	existing-unreviewed		0
backupFpRegs	backupfpregs	backupfpregs	existing-unreviewed		0
backupSector	backupsector	backupsector	existing-unreviewed		0
bar	панель	панель	existing-unreviewed		0
barNum	панельНОМЕР	панельНОМЕР	existing-unreviewed		0
bar_value	панельМааниси	панельМааниси	existing-unreviewed		0
base	base	base	existing-unreviewed		0
baseCode	basecode	basecode	existing-unreviewed		0
baseHigh	basehigh	basehigh	existing-unreviewed		0
baseLow	baselow	baselow	existing-unreviewed		0
baseMid	basemid	basemid	existing-unreviewed		0
base_addr_high	baseaddresshigh	baseaddresshigh	existing-unreviewed		0
base_addr_low	baseaddresslow	baseaddresslow	existing-unreviewed		0
bh	bh	bh	existing-unreviewed		0
bindEphemeral	bindephemeral	bindephemeral	existing-unreviewed		0
bindError	bindКата	bindКата	existing-unreviewed		0
bios	bios	bios	existing-unreviewed		0
bit	bit	bit	existing-unreviewed		0
bitmap	bitmap	bitmap	pending-language-review	bitmap	0
bootSignature	bootsignature	bootsignature	existing-unreviewed		0
bootable	bootable	bootable	existing-unreviewed		0
bootloader	bootloader	bootloader	existing-unreviewed		0
bound	bound	bound	existing-unreviewed		0
bpb	bpb	bpb	pending-language-review	fat_parameters	0
bpbBytes	bpbБайт	bpbБайт	existing-unreviewed		0
bpbPtr	bpbКөрсөткүч	bpbКөрсөткүч	existing-unreviewed		0
buf	buffer	buffer	existing-unreviewed		0
buf1	buffer1	buffer1	existing-unreviewed		0
buf2	buffer2	buffer2	existing-unreviewed		0
buf3	buffer3	buffer3	existing-unreviewed		0
buf4	buffer4	buffer4	existing-unreviewed		0
buf6	buffer6	buffer6	existing-unreviewed		0
buffer	buffer_2	buffer_2	existing-unreviewed		0
buffer1	buffer1_2	buffer1_2	existing-unreviewed		0
buffer2	buffer2_2	buffer2_2	existing-unreviewed		0
bufferAddr	bufferaddress	bufferaddress	existing-unreviewed		0
bufferAddress	bufferaddress_2	bufferaddress_2	existing-unreviewed		0
bufptr	bufferКөрсөткүч	bufferКөрсөткүч	existing-unreviewed		0
bus	bus	bus	existing-unreviewed		0
busControlRegisterDataPort	buscontrolregisterdataПорт	buscontrolregisterdataПорт	existing-unreviewed		0
button	button	button	existing-unreviewed		0
buttons	button_2	button_2	existing-unreviewed		0
bytesPerSector	байтpersector	байтpersector	existing-unreviewed		0
c	c	c	existing-unreviewed		0
cDate	cdate	cdate	existing-unreviewed		0
cTime	ctime	ctime	existing-unreviewed		0
cTimeTenth	ctimetenth	ctimetenth	existing-unreviewed		0
call	call	call	existing-unreviewed		0
candidate	candidate	candidate	existing-unreviewed		0
cap	cap	cap	existing-unreviewed		0
char	char	char	existing-unreviewed		0
checked	checked	checked	existing-unreviewed		0
checksum	checksum	checksum	existing-unreviewed		0
child	тукум	тукум	existing-unreviewed		0
childPID	тукумpid	тукумpid	existing-unreviewed		0
childPageDir	тукумБАРАКкаталог	тукумБАРАКкаталог	existing-unreviewed		0
chunk	chunk	chunk	existing-unreviewed		0
class_id	classИДЕНТИФИКАТОР	classИДЕНТИФИКАТОР	existing-unreviewed		0
closeAllProcessFDs	жабууallПроцессиfds	жабууallПроцессиfds	existing-unreviewed		0
closeOnExec	жабууonexec	жабууonexec	existing-unreviewed		0
closeProcessFD	жабууПроцессиfd	жабууПроцессиfd	existing-unreviewed		0
code	code	code	existing-unreviewed		0
code1Ptr	code1Көрсөткүч	code1Көрсөткүч	existing-unreviewed		0
code1ptr	code1Көрсөткүч_2	code1Көрсөткүч_2	existing-unreviewed		0
code2Ptr	code2Көрсөткүч	code2Көрсөткүч	existing-unreviewed		0
code3Ptr	code3Көрсөткүч	code3Көрсөткүч	existing-unreviewed		0
codeSegment	codesegment	codesegment	existing-unreviewed		0
colorIndex	colorМазмун	colorМазмун	existing-unreviewed		0
colordepth	colordepth	colordepth	existing-unreviewed		0
command	команда	команда	existing-unreviewed		0
commandPort	командаПорт	командаПорт	existing-unreviewed		0
commandport	командаПорт_2	командаПорт_2	existing-unreviewed		0
common	common	common	existing-unreviewed		0
connected	connected	connected	existing-unreviewed		0
console	console	console	existing-unreviewed		0
controlPort	controlПорт	controlПорт	existing-unreviewed		0
copyExecVector	көчүрүүexecvector	көчүрүүexecvector	existing-unreviewed		0
copyLength	көчүрүүУзундук	көчүрүүУзундук	existing-unreviewed		0
copyPageDir	көчүрүүБАРАКкаталог	көчүрүүБАРАКкаталог	existing-unreviewed		0
copyPath	көчүрүүЖОЛ	көчүрүүЖОЛ	existing-unreviewed		0
copySocketName	көчүрүүsocketАты	көчүрүүsocketАты	existing-unreviewed		0
copyUtsField	көчүрүүutsfield	көчүрүүutsfield	existing-unreviewed		0
count	count	count	existing-unreviewed		0
count2	count2	count2	existing-unreviewed		0
cowFrameManager	cowframemanager	cowframemanager	existing-unreviewed		0
cpu	бП	бП	existing-unreviewed		0
cpustate	бПАбал	бПАбал	existing-unreviewed		0
cr0	cr0	cr0	existing-unreviewed		0
cr3	cr3	cr3	existing-unreviewed		0
cr4	cr4	cr4	existing-unreviewed		0
crtcDataPort	crtcdataПорт	crtcdataПорт	existing-unreviewed		0
crtcIndexPort	crtcМазмунПорт	crtcМазмунПорт	existing-unreviewed		0
cs	cs	cs	existing-unreviewed		0
currentRecvBuffer	currentrecvbuffer	currentrecvbuffer	existing-unreviewed		0
currentSendBuffer	currentsendbuffer	currentsendbuffer	existing-unreviewed		0
currentTask	currenttask	currenttask	existing-unreviewed		0
currentThread	currentthread	currentthread	existing-unreviewed		0
currentThreadIndex	currentthreadМазмун	currentthreadМазмун	existing-unreviewed		0
cursorHeight	cursorБийиктик	cursorБийиктик	existing-unreviewed		0
cursorStart	cursorЖүргүзүү	cursorЖүргүзүү	existing-unreviewed		0
d_tag	dТеги	dТеги	existing-unreviewed		0
d_val_ptr	dvalКөрсөткүч	dvalКөрсөткүч	existing-unreviewed		0
data	data	data	existing-unreviewed		0
dataBuf	databuffer	databuffer	existing-unreviewed		0
dataBytes	dataБайт	dataБайт	existing-unreviewed		0
dataPointer	dataКөрсөткүч	dataКөрсөткүч	existing-unreviewed		0
dataPort	dataПорт	dataПорт	existing-unreviewed		0
dataStart	dataЖүргүзүү	dataЖүргүзүү	existing-unreviewed		0
databuffer	databuffer_2	databuffer_2	existing-unreviewed		0
dataport	dataПорт_2	dataПорт_2	existing-unreviewed		0
defaultKeyboardEventHandler	жарыяланбасКлавиатураeventhandler	жарыяланбасКлавиатураeventhandler	existing-unreviewed		0
desc	descriptor	descriptor	existing-unreviewed		0
description	баяндамасы	баяндамасы	existing-unreviewed		0
destination	destination	destination	existing-unreviewed		0
destinationAddress	destinationaddress	destinationaddress	existing-unreviewed		0
destinationLength	destinationУзундук	destinationУзундук	existing-unreviewed		0
dev	түзүлүшү	түзүлүшү	existing-unreviewed		0
device	түзүлүшү_2	түзүлүшү_2	existing-unreviewed		0
deviceDescriptor	түзүлүшүdescriptor	түзүлүшүdescriptor	existing-unreviewed		0
devicePort	түзүлүшүПорт	түзүлүшүПорт	existing-unreviewed		0
diff	diff	diff	existing-unreviewed		0
digits	digits	digits	existing-unreviewed		0
dirent	dirent	dirent	existing-unreviewed		0
direntBytes	direntБайт	direntБайт	existing-unreviewed		0
direntPtr	direntКөрсөткүч	direntКөрсөткүч	existing-unreviewed		0
discardProcess	discardПроцесси	discardПроцесси	existing-unreviewed		0
dispatchInterrupt	dispatchinterrupt	dispatchinterrupt	existing-unreviewed		0
divisor	divisor	divisor	existing-unreviewed		0
domain	domain	domain	existing-unreviewed		0
driveNumber	driveНОМЕР	driveНОМЕР	existing-unreviewed		0
driver	driver	driver	existing-unreviewed		0
driverManager	drivermanager	drivermanager	existing-unreviewed		0
drivercount	drivercount	drivercount	existing-unreviewed		0
drv	driver_2	driver_2	existing-unreviewed		0
ds	ds	ds	existing-unreviewed		0
ds_segment	dssegment	dssegment	existing-unreviewed		0
dst	destination_2	destination_2	existing-unreviewed		0
dstEntry	destinationentry	destinationentry	existing-unreviewed		0
dstIP	destinationipaddress	destinationipaddress	existing-unreviewed		0
dstIP_BE	destinationipaddressТармакbyteorder	destinationipaddressТармакbyteorder	existing-unreviewed		0
dstMAC	destinationmacaddress	destinationmacaddress	existing-unreviewed		0
dstMAC_BE	destinationmacbe	destinationmacbe	existing-unreviewed		0
dstPageDir	destinationБАРАКкаталог	destinationБАРАКкаталог	existing-unreviewed		0
dstPort	destinationПортНОМЕР	destinationПортНОМЕР	pending-language-review	destination_port	0
dstPt	destinationpt	destinationpt	existing-unreviewed		0
dstPtPtr	destinationptКөрсөткүч	destinationptКөрсөткүч	existing-unreviewed		0
dstPtr	destinationКөрсөткүч	destinationКөрсөткүч	existing-unreviewed		0
dstptr	destinationКөрсөткүч_2	destinationКөрсөткүч_2	existing-unreviewed		0
dynamic	dynamic	dynamic	existing-unreviewed		0
e	e	e	existing-unreviewed		0
e_ehsize	eehsize	eehsize	existing-unreviewed		0
e_entry	eentry	eentry	existing-unreviewed		0
e_flags	eЖелектери	eЖелектери	existing-unreviewed		0
e_ident	eident	eident	existing-unreviewed		0
e_machine	emachine	emachine	existing-unreviewed		0
e_phentsize	ephentsize	ephentsize	existing-unreviewed		0
e_phnum	ephnum	ephnum	existing-unreviewed		0
e_phoff	ephoff	ephoff	existing-unreviewed		0
e_shentsize	eshentsize	eshentsize	existing-unreviewed		0
e_shnum	eshnum	eshnum	existing-unreviewed		0
e_shoff	eshoff	eshoff	existing-unreviewed		0
e_shstrndx	eshstrndx	eshstrndx	existing-unreviewed		0
e_type	eТүрү	eТүрү	existing-unreviewed		0
e_version	eversion	eversion	existing-unreviewed		0
eax	eax	eax	existing-unreviewed		0
ebp	ebp	ebp	existing-unreviewed		0
ebx	ebx	ebx	existing-unreviewed		0
ecx	ecx	ecx	existing-unreviewed		0
edi	edi	edi	existing-unreviewed		0
edx	edx	edx	existing-unreviewed		0
efHandler	efhandler	efhandler	existing-unreviewed		0
eflags	eflags	eflags	existing-unreviewed		0
eip	eip	eip	existing-unreviewed		0
eipOffset	eipoffset	eipoffset	existing-unreviewed		0
elf	elf	elf	existing-unreviewed		0
elf0	elf0	elf0	existing-unreviewed		0
elf2	elf2	elf2	existing-unreviewed		0
elf3	elf3	elf3	existing-unreviewed		0
elf4	elf4	elf4	existing-unreviewed		0
elfHeader	elfheader	elfheader	existing-unreviewed		0
enabled	күйүк	күйүк	existing-unreviewed		0
end	end	end	existing-unreviewed		0
endOffset	endoffset	endoffset	existing-unreviewed		0
end_cylinder	endcylinder	endcylinder	existing-unreviewed		0
end_head	endhead	endhead	existing-unreviewed		0
end_sector	endsector	endsector	existing-unreviewed		0
ensureCurrentProcess	ensurecurrentПроцесси	ensurecurrentПроцесси	existing-unreviewed		0
entry	entry	entry	existing-unreviewed		0
entryPoint	entrypoint	entrypoint	existing-unreviewed		0
entrypoint	entrypoint_2	entrypoint_2	existing-unreviewed		0
environment	environment	environment	existing-unreviewed		0
environmentPointers	environmentpointers	environmentpointers	existing-unreviewed		0
err	err	err	existing-unreviewed		0
errorPort	катаПорт	катаПорт	existing-unreviewed		0
es	es	es	existing-unreviewed		0
esi	esi	esi	existing-unreviewed		0
esp	esp	esp	existing-unreviewed		0
esp0	esp0	esp0	existing-unreviewed		0
esp1	esp1	esp1	existing-unreviewed		0
esp2	esp2	esp2	existing-unreviewed		0
etherFrameProvider	ethernetframeprovider	ethernetframeprovider	pending-language-review	ethernet_provider	0
etherType	ethernetТүрү	ethernetТүрү	existing-unreviewed		0
etherType_BE	ethernetТүрүbe	ethernetТүрүbe	existing-unreviewed		0
etherframe	ethernetframe	ethernetframe	existing-unreviewed		0
etherframePayload	ethernetframepayload	ethernetframepayload	existing-unreviewed		0
except	except	except	existing-unreviewed		0
exceptionCR0	exceptioncr0	exceptioncr0	existing-unreviewed		0
exceptionCR2	exceptioncr2	exceptioncr2	existing-unreviewed		0
exceptionCR3	exceptioncr3	exceptioncr3	existing-unreviewed		0
exceptionFrameValue	exceptionframeМааниси	exceptionframeМааниси	existing-unreviewed		0
exceptionHasErrorCode	exceptionhasКатаcode	exceptionhasКатаcode	existing-unreviewed		0
exceptionName	exceptionАты	exceptionАты	existing-unreviewed		0
execVector	execvector	execvector	existing-unreviewed		0
exists	exists	exists	existing-unreviewed		0
exited	exited	exited	existing-unreviewed		0
ext	ext	ext	existing-unreviewed		0
extFlags	extЖелектери	extЖелектери	existing-unreviewed		0
extendedScanCode	extendedСкандооcode	extendedСкандооcode	existing-unreviewed		0
fDupFD	fdupfd	fdupfd	existing-unreviewed		0
fGetFD	fgetfd	fgetfd	existing-unreviewed		0
fGetFL	fgetfl	fgetfl	existing-unreviewed		0
fSetFD	fsetfd	fsetfd	existing-unreviewed		0
fSetFL	fsetfl	fsetfl	existing-unreviewed		0
fat	fat	fat	existing-unreviewed		0
fatCopies	fatКөчүрүү	fatКөчүрүү	existing-unreviewed		0
fatInfo	fatinfo	fatinfo	existing-unreviewed		0
fatOffsetInSectorForCurrentCluster	fatoffsetЧоңойтууsectorforcurrentcluster	fatoffsetЧоңойтууsectorforcurrentcluster	existing-unreviewed		0
fatSectorCount	fatsectorcount	fatsectorcount	existing-unreviewed		0
fatSectorForCurrentCluster	fatsectorforcurrentcluster	fatsectorforcurrentcluster	existing-unreviewed		0
fatSize	fatӨлчөм	fatӨлчөм	existing-unreviewed		0
fatStart	fatЖүргүзүү	fatЖүргүзүү	existing-unreviewed		0
fatTypeLabel	fatТүрүlabel	fatТүрүlabel	existing-unreviewed		0
fatVersion	fatversion	fatversion	existing-unreviewed		0
fatbuf	fatbuf	fatbuf	existing-unreviewed		0
fatbuffer	fatbuffer	fatbuffer	existing-unreviewed		0
faultAddr	faultaddress	faultaddress	existing-unreviewed		0
fb	fb	fb	existing-unreviewed		0
fbCurCol	fbcurrentcol	fbcurrentcol	existing-unreviewed		0
fbCurLine	fbcurrentline	fbcurrentline	existing-unreviewed		0
fbHeight	fbБийиктик	fbБийиктик	existing-unreviewed		0
fbPhysAddr	fbphysaddress	fbphysaddress	existing-unreviewed		0
fbWidth	fbТуурасы	fbТуурасы	existing-unreviewed		0
fd	fd	fd	existing-unreviewed		0
fdCloexec	fdcloexec	fdcloexec	existing-unreviewed		0
fdEntry	fdentry	fdentry	existing-unreviewed		0
fdFlags	fdЖелектери	fdЖелектери	existing-unreviewed		0
fdKindConsole	fdkindconsole	fdkindconsole	existing-unreviewed		0
fdKindFat	fdkindfat	fdkindfat	existing-unreviewed		0
fdKindNone	fdkindЖок	fdkindЖок	existing-unreviewed		0
fdKindRootDir	fdkindТамыркаталог	fdkindТамыркаталог	existing-unreviewed		0
fdKindSocket	fdkindsocket	fdkindsocket	existing-unreviewed		0
fdKindStdin	fdkindstdin	fdkindstdin	existing-unreviewed		0
fds	fds	fds	existing-unreviewed		0
filePtr	файлКөрсөткүч	файлКөрсөткүч	existing-unreviewed		0
fileSector	файлsector	файлsector	existing-unreviewed		0
fileSize	файлӨлчөм	файлӨлчөм	existing-unreviewed		0
filename	файлаты	файлаты	existing-unreviewed		0
fillPosixStat	fillposixstat	fillposixstat	existing-unreviewed		0
findProcess	табууПроцесси	табууПроцесси	existing-unreviewed		0
first	first	first	existing-unreviewed		0
firstClusterHi	firstclusterhi	firstclusterhi	existing-unreviewed		0
firstClusterLow	firstclusterlow	firstclusterlow	existing-unreviewed		0
firstFileCluster	firstФайлcluster	firstФайлcluster	existing-unreviewed		0
flags	желектери	желектери	existing-unreviewed		0
flags2	желектери2	желектери2	existing-unreviewed		0
flagsAndOffset	желектериandoffset	желектериandoffset	existing-unreviewed		0
flushIndex	flushМазмун	flushМазмун	existing-unreviewed		0
flushTlsTable	flushtlsЖадыбал	flushtlsЖадыбал	existing-unreviewed		0
flush_tss	flushtss	flushtss	existing-unreviewed		0
fn	fn	fn	existing-unreviewed		0
foo	foo	foo	existing-unreviewed		0
foundChild	foundтукум	foundтукум	existing-unreviewed		0
frame	frame	frame	existing-unreviewed		0
frameCount	framecount	framecount	existing-unreviewed		0
frameHeaderSize	frameheaderӨлчөм	frameheaderӨлчөм	existing-unreviewed		0
free	бош	бош	existing-unreviewed		0
freePort	бошПорт	бошПорт	existing-unreviewed		0
frequency	frequency	frequency	existing-unreviewed		0
fs	fs	fs	existing-unreviewed		0
func1Val	func1val	func1val	existing-unreviewed		0
func2Val	func2val	func2val	existing-unreviewed		0
func3Val	func3val	func3val	existing-unreviewed		0
func_addr	funcaddress	funcaddress	existing-unreviewed		0
func_bytes	funcБайт	funcБайт	existing-unreviewed		0
func_name	funcАты	funcАты	existing-unreviewed		0
func_value	funcМааниси	funcМааниси	existing-unreviewed		0
function	function	function	existing-unreviewed		0
fxrstor	fxrstor	fxrstor	existing-unreviewed		0
fxsave	fxsave	fxsave	existing-unreviewed		0
g	g	g	existing-unreviewed		0
g_320x200x256	g320x200x256	g320x200x256	existing-unreviewed		0
gate	gate	gate	existing-unreviewed		0
gateData	gatedata	gatedata	existing-unreviewed		0
gatewayIP	gatewayip	gatewayip	existing-unreviewed		0
gdt	gdt	gdt	existing-unreviewed		0
gdtDescriptor	gdtdescriptor	gdtdescriptor	existing-unreviewed		0
gdtEntry	gdtentry	gdtentry	existing-unreviewed		0
gdtTable	gdtЖадыбал	gdtЖадыбал	existing-unreviewed		0
gdtTableLen	gdtЖадыбалlen	gdtЖадыбалlen	existing-unreviewed		0
gdt_codeSegmentSelector	gdtcodesegmentselector	gdtcodesegmentselector	existing-unreviewed		0
gdt_func	gdtfunc	gdtfunc	existing-unreviewed		0
getCR2	getcr2	getcr2	existing-unreviewed		0
getCR3	getcr3	getcr3	existing-unreviewed		0
getDescriptor	getdescriptor	getdescriptor	existing-unreviewed		0
getESI	getesi	getesi	existing-unreviewed		0
getESP	getesp	getesp	existing-unreviewed		0
getGDT	getgdt	getgdt	existing-unreviewed		0
getGS	getgs	getgs	existing-unreviewed		0
getOpenFile	getАчууФайл	getАчууФайл	existing-unreviewed		0
getOpenFileFor	getАчууФайлfor	getАчууФайлfor	existing-unreviewed		0
getTLS	gettls	gettls	existing-unreviewed		0
globalDescriptorTable	globaldescriptorЖадыбал	globaldescriptorЖадыбал	existing-unreviewed		0
globalOffsetTable	globaloffsetЖадыбал	globaloffsetЖадыбал	existing-unreviewed		0
global_offset_table	globaloffsetЖадыбал_2	globaloffsetЖадыбал_2	existing-unreviewed		0
graphicsControllerDataPort	графикаcontrollerdataПорт	графикаcontrollerdataПорт	existing-unreviewed		0
graphicsControllerIndexPort	графикаcontrollerМазмунПорт	графикаcontrollerМазмунПорт	existing-unreviewed		0
grub_multiboot_memory_map_t	grubmultibootЭсиmapt	grubmultibootЭсиmapt	existing-unreviewed		0
gs	gs	gs	existing-unreviewed		0
gs_segment	gssegment	gssegment	existing-unreviewed		0
h	h	h	existing-unreviewed		0
haltAfterFatalException	haltafterfatalexception	haltafterfatalexception	existing-unreviewed		0
handleInterrupt	handleinterrupt	handleinterrupt	existing-unreviewed		0
handleKeyboardInterrupt	handleКлавиатураinterrupt	handleКлавиатураinterrupt	existing-unreviewed		0
handleMouseInterrupt	handleЧычканinterrupt	handleЧычканinterrupt	existing-unreviewed		0
handlePagingInterrupt	handlepaginginterrupt	handlepaginginterrupt	existing-unreviewed		0
handleUnhandledSyscall	handleunhandledsyscall	handleunhandledsyscall	existing-unreviewed		0
handler	handler	handler	existing-unreviewed		0
handlerAddressHighBits	handleraddresshighbits	handleraddresshighbits	existing-unreviewed		0
handlerAddressLowBits	handleraddresslowbits	handleraddresslowbits	existing-unreviewed		0
handlerRun	handlerЖүргүзүү	handlerЖүргүзүү	existing-unreviewed		0
handlers	handler_2	handler_2	existing-unreviewed		0
hardwareAddressSize	жабдууларaddressӨлчөм	жабдууларaddressӨлчөм	existing-unreviewed		0
hardwareInterruptOffset	жабдууларinterruptoffset	жабдууларinterruptoffset	existing-unreviewed		0
hardwareType	жабдууларТүрү	жабдууларТүрү	existing-unreviewed		0
hd	hd	hd	existing-unreviewed		0
head	head	head	existing-unreviewed		0
headCount	headcount	headcount	existing-unreviewed		0
headerLength	headerУзундук	headerУзундук	existing-unreviewed		0
headertype	headertype	headertype	existing-unreviewed		0
height	бийиктик	бийиктик	existing-unreviewed		0
hex	hex	hex	existing-unreviewed		0
hiddenSectors	hiddensectors	hiddensectors	existing-unreviewed		0
i	i	i	existing-unreviewed		0
iCount	icount	icount	existing-unreviewed		0
iDrivers	idriver	idriver	existing-unreviewed		0
iKeyboardEventHandler	iКлавиатураeventhandler	iКлавиатураeventhandler	existing-unreviewed		0
iMouseEventHandler	iЧычканeventhandler	iЧычканeventhandler	existing-unreviewed		0
iPCIControllerHandler	ipcicontrollerhandler	ipcicontrollerhandler	existing-unreviewed		0
iRawDataHandler	irawdatahandler	irawdatahandler	existing-unreviewed		0
iTimerEventHandler	itimereventhandler	itimereventhandler	existing-unreviewed		0
icmp	icmp	icmp	existing-unreviewed		0
icmpSize	icmpӨлчөм	icmpӨлчөм	existing-unreviewed		0
icmp콘솔	icmpconsole	icmpconsole	existing-unreviewed		0
id	иДЕНТИФИКАТОР	иДЕНТИФИКАТОР	existing-unreviewed		0
ident	ident	ident	existing-unreviewed		0
idtData	idtdata	idtdata	existing-unreviewed		0
idtPointer	idtКөрсөткүч	idtКөрсөткүч	existing-unreviewed		0
idx	idx	idx	existing-unreviewed		0
index	мазмун	мазмун	existing-unreviewed		0
initBlock	initБлок	initБлок	existing-unreviewed		0
initFileDescriptors	initФайлdescriptor	initФайлdescriptor	existing-unreviewed		0
initPIT	initpit	initpit	existing-unreviewed		0
initializeProcessFDs	initializeПроцессиfds	initializeПроцессиfds	existing-unreviewed		0
inode	inode	inode	existing-unreviewed		0
inputEventTask	киришeventtask	киришeventtask	existing-unreviewed		0
installIDT	орнотууidt	орнотууidt	existing-unreviewed		0
intNumber	intНОМЕР	intНОМЕР	existing-unreviewed		0
interface_id	interfaceИДЕНТИФИКАТОР	interfaceИДЕНТИФИКАТОР	existing-unreviewed		0
internetprotocolPayload	интернетprotocolpayload	интернетprotocolpayload	existing-unreviewed		0
interrupt	interrupt	interrupt	existing-unreviewed		0
interruptDebug	interruptdebug	interruptdebug	existing-unreviewed		0
interruptExitLoop	interruptexitloop	interruptexitloop	existing-unreviewed		0
interruptGateEntries	interruptgateentry	interruptgateentry	existing-unreviewed		0
interruptHandler	interrupthandler	interrupthandler	existing-unreviewed		0
interrupts	interrupts	interrupts	existing-unreviewed		0
iomap	iomap	iomap	existing-unreviewed		0
ip	ip	ip	existing-unreviewed		0
ipEtherFrameHandler	ipethernetframehandler	ipethernetframehandler	existing-unreviewed		0
ipHandler	iphandler	iphandler	existing-unreviewed		0
ipIdx	ipidx	ipidx	existing-unreviewed		0
ipProtocolUDP	ipprotocoludp	ipprotocoludp	existing-unreviewed		0
ipProvider	ipprovider	ipprovider	pending-language-review	ip_provider	0
ipSize	ipӨлчөм	ipӨлчөм	existing-unreviewed		0
ip_be	ipТармакbyteorder	ipТармакbyteorder	existing-unreviewed		0
ipmessage	интернетprotocolmessage	интернетprotocolmessage	existing-unreviewed		0
ipv4	ipv4	ipv4	existing-unreviewed		0
ip콘솔	ipconsole	ipconsole	existing-unreviewed		0
isKernel	iskernel	iskernel	existing-unreviewed		0
isRoot	isТамыр	isТамыр	existing-unreviewed		0
isRootPath	isТамырЖОЛ	isТамырЖОЛ	existing-unreviewed		0
isSharedPDE	issharedpde	issharedpde	existing-unreviewed		0
istOffset	istoffset	istoffset	existing-unreviewed		0
j	j	j	existing-unreviewed		0
jmp	jmp	jmp	existing-unreviewed		0
jmp_user	jmpКолдонуучу	jmpКолдонуучу	existing-unreviewed		0
jump_usermode_iret	jumpusermodeiret	jumpusermodeiret	existing-unreviewed		0
kPageDirEntry	kБАРАКкаталогentry	kБАРАКкаталогentry	existing-unreviewed		0
kernelESP	kernelesp	kernelesp	existing-unreviewed		0
kernelPageDirEntry	kernelБАРАКкаталогentry	kernelБАРАКкаталогentry	existing-unreviewed		0
kernelSS	kernelss	kernelss	existing-unreviewed		0
key	ачкыч	ачкыч	existing-unreviewed		0
keyboard	клавиатура	клавиатура	existing-unreviewed		0
keyboardDriver	клавиатураdriver	клавиатураdriver	existing-unreviewed		0
keyboardEventHandler	клавиатураeventhandler	клавиатураeventhandler	existing-unreviewed		0
keyboardQueue	клавиатураqueue	клавиатураqueue	existing-unreviewed		0
keyboardQueueRead	клавиатураqueueОкуу	клавиатураqueueОкуу	existing-unreviewed		0
keyboardQueueSize	клавиатураqueueӨлчөм	клавиатураqueueӨлчөм	existing-unreviewed		0
keyboardQueueWrite	клавиатураqueueЖазуу	клавиатураqueueЖазуу	existing-unreviewed		0
kind	kind	kind	existing-unreviewed		0
l	l	l	existing-unreviewed		0
last	last	last	existing-unreviewed		0
lbaHiPort	lbahiПорт	lbahiПорт	existing-unreviewed		0
lbaLowPort	lbalowПорт	lbalowПорт	existing-unreviewed		0
lbaMidPort	lbamidПорт	lbamidПорт	existing-unreviewed		0
ldt	ldt	ldt	existing-unreviewed		0
leftShift	солshift	солshift	existing-unreviewed		0
len	len	len	existing-unreviewed		0
len_ver	lenver	lenver	existing-unreviewed		0
length	узундук	узундук	existing-unreviewed		0
lengthAddress	узундукaddress	узундукaddress	existing-unreviewed		0
lengthInBytes	узундукЧоңойтууБайт	узундукЧоңойтууБайт	existing-unreviewed		0
length_high	узундукhigh	узундукhigh	existing-unreviewed		0
length_low	узундукlow	узундукlow	existing-unreviewed		0
lengths	lengths	lengths	existing-unreviewed		0
lib1Addr	lib1address	lib1address	existing-unreviewed		0
lib1Data	lib1data	lib1data	existing-unreviewed		0
lib1File	lib1Файл	lib1Файл	existing-unreviewed		0
lib1GOT	lib1got	lib1got	existing-unreviewed		0
lib1elf	lib1elf	lib1elf	existing-unreviewed		0
lib2Addr	lib2address	lib2address	existing-unreviewed		0
lib2Data	lib2data	lib2data	existing-unreviewed		0
lib2File	lib2Файл	lib2Файл	existing-unreviewed		0
lib2GOT	lib2got	lib2got	existing-unreviewed		0
lib2elf	lib2elf	lib2elf	existing-unreviewed		0
libLinkMap	libшилтемеmap	libшилтемеmap	existing-unreviewed		0
lidtaddr	lidtaddr	lidtaddr	existing-unreviewed		0
limit	limit	limit	existing-unreviewed		0
limitHighAndFlags	limithighandЖелектери	limithighandЖелектери	existing-unreviewed		0
limitLow	limitlow	limitlow	existing-unreviewed		0
linkMap	шилтемеmap	шилтемеmap	existing-unreviewed		0
linkMapAddr	шилтемеmapaddress	шилтемеmapaddress	existing-unreviewed		0
linkerAddr	linkeraddress	linkeraddress	existing-unreviewed		0
linkerData	linkerdata	linkerdata	existing-unreviewed		0
linkerEntry	linkerentry	linkerentry	existing-unreviewed		0
linkerFile	linkerФайл	linkerФайл	existing-unreviewed		0
list	тизме	тизме	existing-unreviewed		0
listening	listening	listening	existing-unreviewed		0
loader	loader	loader	existing-unreviewed		0
local	local	local	existing-unreviewed		0
localDatagramSocket	localdatagramsocket	localdatagramsocket	existing-unreviewed		0
localIP	localip	localip	existing-unreviewed		0
localPort	localПортНОМЕР	localПортНОМЕР	existing-unreviewed		0
localSockets	localsockets	localsockets	existing-unreviewed		0
logicalAddress	logicaladdress	logicaladdress	existing-unreviewed		0
macAddr	macaddress	macaddress	existing-unreviewed		0
macIdx	macidx	macidx	existing-unreviewed		0
magicnumber	magicnumber	magicnumber	existing-unreviewed		0
main	main	main	compatibility		0
mainThread	негизгиthread	негизгиthread	existing-unreviewed		0
makePagePrivateWritableCurrent	makeБАРАКprivatewritablecurrent	makeБАРАКprivatewritablecurrent	existing-unreviewed		0
makeRangePrivateWritableCurrent	makeДиапазонprivatewritablecurrent	makeДиапазонprivatewritablecurrent	existing-unreviewed		0
manager	manager	manager	existing-unreviewed		0
mask	mask	mask	existing-unreviewed		0
master	master	master	existing-unreviewed		0
matches	matches	matches	existing-unreviewed		0
maxBARs	maxbars	maxbars	existing-unreviewed		0
maxDatagramSize	maxdatagramӨлчөм	maxdatagramӨлчөм	existing-unreviewed		0
maxExecStringLength	maxexecСАПУзундук	maxexecСАПУзундук	existing-unreviewed		0
maxExecVectorEntries	maxexecvectorentry	maxexecvectorentry	existing-unreviewed		0
maxFD	maxfd	maxfd	existing-unreviewed		0
maxOpenFiles	maxАчууfiles	maxАчууfiles	existing-unreviewed		0
maxSocketPackets	maxsocketpackets	maxsocketpackets	existing-unreviewed		0
maxSockets	maxsockets	maxsockets	existing-unreviewed		0
maximumBlocks	жогоркучегиБлок	жогоркучегиБлок	existing-unreviewed		0
mediaType	көтөргүчтөрТүрү	көтөргүчтөрТүрү	existing-unreviewed		0
mem	mem	mem	existing-unreviewed		0
memoryArray	эсиМассив	эсиМассив	existing-unreviewed		0
memoryChunkSize	эсиchunkӨлчөм	эсиchunkӨлчөм	existing-unreviewed		0
memoryManager	эсиmanager	эсиmanager	existing-unreviewed		0
memoryOper	эсиoper	эсиoper	existing-unreviewed		0
memorySize	эсиӨлчөм	эсиӨлчөм	existing-unreviewed		0
memorymananger	memorymananger	memorymananger	existing-unreviewed		0
memorytest	memorytest	memorytest	existing-unreviewed		0
message	message	message	existing-unreviewed		0
micsPort	micsПорт	micsПорт	existing-unreviewed		0
minimum	төмөнкүчеги	төмөнкүчеги	existing-unreviewed		0
mode	режим	режим	existing-unreviewed		0
mouseDriver	чычканdriver	чычканdriver	existing-unreviewed		0
mouseEventHandler	чычканeventhandler	чычканeventhandler	existing-unreviewed		0
mouseVGA	чычканvga	чычканvga	existing-unreviewed		0
mouseWidget	чычканwidget	чычканwidget	existing-unreviewed		0
msdospart	msdospartition	msdospartition	existing-unreviewed		0
msg	msg	msg	existing-unreviewed		0
msgBuffer	msgbuffer	msgbuffer	existing-unreviewed		0
multiboot_memory_map	multibootЭсиmap	multibootЭсиmap	existing-unreviewed		0
multitasking	multitasking	multitasking	existing-unreviewed		0
myKeyboardEventHandler	myКлавиатураeventhandler	myКлавиатураeventhandler	existing-unreviewed		0
myPCIControllerHandler	mypcicontrollerhandler	mypcicontrollerhandler	existing-unreviewed		0
myfunction	myfunction	myfunction	existing-unreviewed		0
n	n	n	existing-unreviewed		0
n_descsz	ndescsz	ndescsz	existing-unreviewed		0
n_namesz	nnamesz	nnamesz	existing-unreviewed		0
n_type	nТүрү	nТүрү	existing-unreviewed		0
name	аты	аты	existing-unreviewed		0
nameLen	атыlen	атыlen	existing-unreviewed		0
netCard	тармакcard	тармакcard	existing-unreviewed		0
newButtons	жаңыbutton	жаңыbutton	existing-unreviewed		0
newFD	жаңыfd	жаңыfd	existing-unreviewed		0
newFrame	жаңыframe	жаңыframe	existing-unreviewed		0
newLink	жаңышилтеме	жаңышилтеме	existing-unreviewed		0
newNode	жаңыnode	жаңыnode	existing-unreviewed		0
newPtr	жаңыКөрсөткүч	жаңыКөрсөткүч	existing-unreviewed		0
next	кийинки	кийинки	existing-unreviewed		0
nextEphemeralPort	кийинкиephemeralПорт	кийинкиephemeralПорт	existing-unreviewed		0
nextFileCluster	кийинкиФайлcluster	кийинкиФайлcluster	existing-unreviewed		0
nextHopIP_BE	кийинкиhopipaddressТармакbyteorder	кийинкиhopipaddressТармакbyteorder	existing-unreviewed		0
nextNode	кийинкиnode	кийинкиnode	existing-unreviewed		0
nextProcessID	кийинкиПроцессиИДЕНТИФИКАТОР	кийинкиПроцессиИДЕНТИФИКАТОР	existing-unreviewed		0
nextThread	кийинкиthread	кийинкиthread	existing-unreviewed		0
nibble	nibble	nibble	existing-unreviewed		0
node	node	node	pending-language-review	list_node	0
nodeArray	nodeМассив	nodeМассив	existing-unreviewed		0
num	нОМЕР	нОМЕР	existing-unreviewed		0
numCacheEntries	нОМЕРcacheentry	нОМЕРcacheentry	existing-unreviewed		0
numDrivers	нОМЕРdriver	нОМЕРdriver	existing-unreviewed		0
numFunctions	нОМЕРfunctions	нОМЕРfunctions	existing-unreviewed		0
numRecvBuffers	нОМЕРrecvbuffer	нОМЕРrecvbuffer	existing-unreviewed		0
numSendBuffers	нОМЕРsendbuffer	нОМЕРsendbuffer	existing-unreviewed		0
numSockets	нОМЕРsockets	нОМЕРsockets	existing-unreviewed		0
numTasks	нОМЕРМаселелер	нОМЕРМаселелер	existing-unreviewed		0
oAppend	oappend	oappend	existing-unreviewed		0
oCreate	ocreate	ocreate	existing-unreviewed		0
oDirectory	oкаталог	oкаталог	existing-unreviewed		0
oReadOnly	oОкууonly	oОкууonly	existing-unreviewed		0
oReadWrite	oОкууЖазуу	oОкууЖазуу	existing-unreviewed		0
oTruncate	otruncate	otruncate	existing-unreviewed		0
oWriteOnly	oЖазууonly	oЖазууonly	existing-unreviewed		0
o_addr	oaddress	oaddress	existing-unreviewed		0
offset	offset	offset	existing-unreviewed		0
ok	ok	ok	existing-unreviewed		0
oldButtons	oldbutton	oldbutton	existing-unreviewed		0
oldCR3	oldcr3	oldcr3	existing-unreviewed		0
oldFD	oldfd	oldfd	existing-unreviewed		0
oldFrame	oldframe	oldframe	existing-unreviewed		0
oldGdt	oldgdt	oldgdt	existing-unreviewed		0
oldGdtAddr	oldgdtaddress	oldgdtaddress	existing-unreviewed		0
oldGdtLen	oldgdtlen	oldgdtlen	existing-unreviewed		0
openFileDescription	ачууФайлБаяндамасы	ачууФайлБаяндамасы	existing-unreviewed		0
openFileTable	ачууФайлЖадыбал	ачууФайлЖадыбал	existing-unreviewed		0
options	параметрлер	параметрлер	existing-unreviewed		0
orgValue	orgМааниси	orgМааниси	existing-unreviewed		0
p	p	p	existing-unreviewed		0
p1	p1	p1	existing-unreviewed		0
p2	p2	p2	existing-unreviewed		0
p_align	pТүздөө	pТүздөө	existing-unreviewed		0
p_backend	pbackend	pbackend	existing-unreviewed		0
p_data	pdata	pdata	existing-unreviewed		0
p_efHandler	pefhandler	pefhandler	existing-unreviewed		0
p_efProvider	pefprovider	pefprovider	existing-unreviewed		0
p_etherType	pethernetТүрү	pethernetТүрү	existing-unreviewed		0
p_filesz	pfilesz	pfilesz	existing-unreviewed		0
p_flags	pЖелектери	pЖелектери	existing-unreviewed		0
p_iHandler	pihandler	pihandler	existing-unreviewed		0
p_ipHandler	piphandler	piphandler	existing-unreviewed		0
p_ipProvider	pipprovider	pipprovider	existing-unreviewed		0
p_memsz	pmemsz	pmemsz	existing-unreviewed		0
p_offset	poffset	poffset	existing-unreviewed		0
p_paddr	ppaddr	ppaddr	existing-unreviewed		0
p_protocol	pprotocol	pprotocol	existing-unreviewed		0
p_provider	pprovider	pprovider	existing-unreviewed		0
p_str	pstr	pstr	existing-unreviewed		0
p_type	pТүрү	pТүрү	existing-unreviewed		0
p_udpHandler	pudphandler	pudphandler	existing-unreviewed		0
p_udpProvider	pudpprovider	pudpprovider	existing-unreviewed		0
p_vaddr	pvaddr	pvaddr	existing-unreviewed		0
packet	packet	packet	existing-unreviewed		0
packetStatus	packetАбалы	packetАбалы	existing-unreviewed		0
packets	packets	packets	existing-unreviewed		0
page	бАРАК	бАРАК	existing-unreviewed		0
pageDir	бАРАКкаталог	бАРАКкаталог	pending-language-review	page_directory	0
pageDirEntry	бАРАКкаталогentry	бАРАКкаталогentry	existing-unreviewed		0
pageTableEntry	бАРАКЖадыбалentry	бАРАКЖадыбалentry	existing-unreviewed		0
paging	paging	paging	existing-unreviewed		0
param	param	param	existing-unreviewed		0
params	params	params	existing-unreviewed		0
parent	атаэне	атаэне	existing-unreviewed		0
parentPID	атаэнеpid	атаэнеpid	existing-unreviewed		0
parentProcess	атаэнеПроцесси	атаэнеПроцесси	existing-unreviewed		0
partEntry	partentry	partentry	existing-unreviewed		0
partition	partition	partition	existing-unreviewed		0
partitionBytes	partitionБайт	partitionБайт	existing-unreviewed		0
partitionOffset	partitionoffset	partitionoffset	existing-unreviewed		0
path	жОЛ	жОЛ	existing-unreviewed		0
pathAddr	жОЛaddress	жОЛaddress	existing-unreviewed		0
pci	pci	pci	existing-unreviewed		0
pciController	pcicontroller	pcicontroller	existing-unreviewed		0
pde	pde	pde	existing-unreviewed		0
pdeAddr	pdeaddress	pdeaddress	existing-unreviewed		0
pdelen	pdelen	pdelen	existing-unreviewed		0
peer	peer	peer	existing-unreviewed		0
pendingButtons	pendingbutton	pendingbutton	existing-unreviewed		0
pendingMouseEvent	pendingЧычканevent	pendingЧычканevent	existing-unreviewed		0
pendingX	pendingx	pendingx	existing-unreviewed		0
pendingY	pendingy	pendingy	existing-unreviewed		0
phyaddr	phyaddr	phyaddr	existing-unreviewed		0
phymem	physicalЭси	physicalЭси	existing-unreviewed		0
physicalAddress	physicaladdress	physicaladdress	existing-unreviewed		0
pid	pid	pid	existing-unreviewed		0
pitFrequency	pitfrequency	pitfrequency	existing-unreviewed		0
pixelAddress	pixeladdress	pixeladdress	existing-unreviewed		0
pointer	көрсөткүч	көрсөткүч	pending-language-review	pointer	0
pollKeyboardScancode	pollКлавиатураscancode	pollКлавиатураscancode	existing-unreviewed		0
port	порт	порт	existing-unreviewed		0
portBase	портbase	портbase	existing-unreviewed		0
portInUse	портЧоңойтууuse	портЧоңойтууuse	existing-unreviewed		0
portnumber	portnumber	portnumber	existing-unreviewed		0
pos	турганжери	турганжери	existing-unreviewed		0
position	турганжери_2	турганжери_2	existing-unreviewed		0
posixStat	posixstat	posixstat	existing-unreviewed		0
posixUtsname	posixutsname	posixutsname	existing-unreviewed		0
prefetchable	prefetchcapable	prefetchcapable	existing-unreviewed		0
prev	previous	previous	existing-unreviewed		0
prevNode	previousnode	previousnode	existing-unreviewed		0
prevX	previousx	previousx	existing-unreviewed		0
prevY	previousy	previousy	existing-unreviewed		0
printESP	басмаesp	басмаesp	existing-unreviewed		0
printExceptionSelectorInfo	басмаexceptionselectorinfo	басмаexceptionselectorinfo	existing-unreviewed		0
printPageFaultInfo	басмаБАРАКfaultinfo	басмаБАРАКfaultinfo	existing-unreviewed		0
printreg	printreg	printreg	existing-unreviewed		0
proc2	proc2	proc2	existing-unreviewed		0
proc3	proc3	proc3	existing-unreviewed		0
proc4	proc4	proc4	existing-unreviewed		0
process	процесси	процесси	existing-unreviewed		0
processEntry	процессиentry	процессиentry	existing-unreviewed		0
processHelper	процессиhelper	процессиhelper	existing-unreviewed		0
processTable	процессиЖадыбал	процессиЖадыбал	existing-unreviewed		0
processes	жараяндар	жараяндар	existing-unreviewed		0
programBreak	программаbreak	программаbreak	existing-unreviewed		0
protocol	protocol	protocol	existing-unreviewed		0
protocolAddressSize	protocoladdressӨлчөм	protocoladdressӨлчөм	existing-unreviewed		0
providedLength	providedУзундук	providedУзундук	existing-unreviewed		0
provider	provider	provider	existing-unreviewed		0
ps2WaitLimit	ps2Күтүүlimit	ps2Күтүүlimit	existing-unreviewed		0
pt	pt	pt	existing-unreviewed		0
pte	pte	pte	existing-unreviewed		0
pteAddr	pteaddress	pteaddress	existing-unreviewed		0
ptr	көрсөткүч_2	көрсөткүч_2	pending-language-review	pointer	0
pushExecUint32	pushexecunsignedinteger32	pushexecunsignedinteger32	existing-unreviewed		0
queueKeyboardByte	queueКлавиатураbyte	queueКлавиатураbyte	existing-unreviewed		0
r	r	r	existing-unreviewed		0
r_addend	raddend	raddend	existing-unreviewed		0
r_info	rinfo	rinfo	existing-unreviewed		0
r_offset	roffset	roffset	existing-unreviewed		0
raw	raw	raw	existing-unreviewed		0
rawDataBackend	rawdatabackend	rawdatabackend	existing-unreviewed		0
readFile	окууФайл	окууФайл	existing-unreviewed		0
readPS2Data	окууps2data	окууps2data	existing-unreviewed		0
readStdin	окууstdin	окууstdin	existing-unreviewed		0
readVFSFile	окууvfsФайл	окууvfsФайл	existing-unreviewed		0
read_count	окууcount	окууcount	existing-unreviewed		0
receiver	receiver	receiver	existing-unreviewed		0
recvBufferDescr	recvbufferБаяндамасы	recvbufferБаяндамасы	existing-unreviewed		0
recvBufferDescrAddress	recvbufferБаяндамасыaddress	recvbufferБаяндамасыaddress	existing-unreviewed		0
recvBuffers	recvbuffer	recvbuffer	existing-unreviewed		0
recvBuffersDescrMemory	recvbufferБаяндамасыЭси	recvbufferБаяндамасыЭси	existing-unreviewed		0
refBytes	referenceБайт	referenceБайт	existing-unreviewed		0
refPtr	referenceКөрсөткүч	referenceКөрсөткүч	existing-unreviewed		0
refs	refs	refs	existing-unreviewed		0
regIndex	regМазмун	regМазмун	existing-unreviewed		0
registerAddressPort	registeraddressПорт	registeraddressПорт	existing-unreviewed		0
registerDataPort	registerdataПорт	registerdataПорт	existing-unreviewed		0
registeroffset	registeroffset	registeroffset	existing-unreviewed		0
registers	register	register	existing-unreviewed		0
regtype	regtype	regtype	existing-unreviewed		0
rel_text	relТекст	relТекст	existing-unreviewed		0
rel_text_len	relТекстlen	relТекстlen	existing-unreviewed		0
releaseOpenFile	releaseАчууФайл	releaseАчууФайл	existing-unreviewed		0
released	released	released	existing-unreviewed		0
reloadCR3	кайтаданжүктөөcr3	кайтаданжүктөөcr3	existing-unreviewed		0
relocation_text	relocationТекст	relocationТекст	existing-unreviewed		0
remaining	remaining	remaining	existing-unreviewed		0
remote	remote	remote	existing-unreviewed		0
remoteIP	remoteip	remoteip	existing-unreviewed		0
remotePort	remoteПортНОМЕР	remoteПортНОМЕР	existing-unreviewed		0
requested	requested	requested	existing-unreviewed		0
reserved	reserved	reserved	existing-unreviewed		0
reserved0	reserved0	reserved0	existing-unreviewed		0
reservedSectors	reservedsectors	reservedsectors	existing-unreviewed		0
resetPort	түшүрүүПорт	түшүрүүПорт	existing-unreviewed		0
restoreFpRegs	калыбынакелтирүүfpregs	калыбынакелтирүүfpregs	existing-unreviewed		0
result	result	result	existing-unreviewed		0
result1	result1	result1	existing-unreviewed		0
result2	result2	result2	existing-unreviewed		0
ret	ret	ret	existing-unreviewed		0
revision	revision	revision	existing-unreviewed		0
rightShift	оңshift	оңshift	existing-unreviewed		0
rootCluster	тамырcluster	тамырcluster	existing-unreviewed		0
rootDirEntries	тамыркаталогentry	тамыркаталогentry	existing-unreviewed		0
rootStart	тамырЖүргүзүү	тамырЖүргүзүү	existing-unreviewed		0
rt	rt	rt	existing-unreviewed		0
s	s	s	existing-unreviewed		0
sIfchr	sifchr	sifchr	existing-unreviewed		0
sIfdir	sifdir	sifdir	existing-unreviewed		0
sIfmt	sifmt	sifmt	existing-unreviewed		0
sIfreg	sifreg	sifreg	existing-unreviewed		0
sIfsock	sifsock	sifsock	existing-unreviewed		0
savedESP	savedesp	savedesp	existing-unreviewed		0
sc	sc	sc	existing-unreviewed		0
scanCode	скандооcode	скандооcode	existing-unreviewed		0
scanCodeToByte	скандооcodetobyte	скандооcodetobyte	existing-unreviewed		0
scancodeToByte	scancodetobyte	scancodetobyte	existing-unreviewed		0
sche	sche	sche	existing-unreviewed		0
sche_data	schedata	schedata	existing-unreviewed		0
scheduleStack	schedulestack	schedulestack	existing-unreviewed		0
scheduler	scheduler	scheduler	existing-unreviewed		0
schedulerDebug	schedulerdebug	schedulerdebug	existing-unreviewed		0
sectHeader	sectheader	sectheader	existing-unreviewed		0
sectHeaderSize	sectheaderӨлчөм	sectheaderӨлчөм	existing-unreviewed		0
sectName	sectАты	sectАты	existing-unreviewed		0
sectValue	sectМааниси	sectМааниси	existing-unreviewed		0
sector	sector	sector	existing-unreviewed		0
sectorCountPort	sectorcountПорт	sectorcountПорт	existing-unreviewed		0
sectorNum	sectorНОМЕР	sectorНОМЕР	existing-unreviewed		0
sectorOffset	sectoroffset	sectoroffset	existing-unreviewed		0
sectorPerTrack	sectorpertrack	sectorpertrack	existing-unreviewed		0
sectorsPerCluster	sectorspercluster	sectorspercluster	existing-unreviewed		0
seekCur	seekcurrent	seekcurrent	existing-unreviewed		0
seekEnd	seekend	seekend	existing-unreviewed		0
seekSet	seekset	seekset	existing-unreviewed		0
segmentNumber	segmentНОМЕР	segmentНОМЕР	existing-unreviewed		0
self	self	self	existing-unreviewed		0
self_uintptr	selfuintptr	selfuintptr	existing-unreviewed		0
sendBack	reply	reply	existing-unreviewed		0
sendBufferDescr	sendbufferБаяндамасы	sendbufferБаяндамасы	existing-unreviewed		0
sendBufferDescrAddress	sendbufferБаяндамасыaddress	sendbufferБаяндамасыaddress	existing-unreviewed		0
sendBuffers	sendbuffer	sendbuffer	existing-unreviewed		0
sendBuffersDescrMemory	sendbufferБаяндамасыЭси	sendbufferБаяндамасыЭси	existing-unreviewed		0
sendDataPointer	senddataКөрсөткүч	senddataКөрсөткүч	existing-unreviewed		0
sendDescriptor	senddescriptor	senddescriptor	existing-unreviewed		0
sendMouseCommand	sendЧычканКоманда	sendЧычканКоманда	existing-unreviewed		0
sequencerDataPort	sequencerdataПорт	sequencerdataПорт	existing-unreviewed		0
sequencerIndexPort	sequencerМазмунПорт	sequencerМазмунПорт	existing-unreviewed		0
serialLogByte	seriallogbyte	seriallogbyte	existing-unreviewed		0
serialReady	serialДаяр	serialДаяр	existing-unreviewed		0
setCR3	setcr3	setcr3	existing-unreviewed		0
setDS	setds	setds	existing-unreviewed		0
setGS	setgs	setgs	existing-unreviewed		0
setThreadExitLoopState	setthreadexitloopАбал	setthreadexitloopАбал	existing-unreviewed		0
setupExecStack	setupexecstack	setupexecstack	existing-unreviewed		0
sh	sh	sh	existing-unreviewed		0
sh_addr	shaddress	shaddress	existing-unreviewed		0
sh_addralign	shaddralign	shaddralign	existing-unreviewed		0
sh_entsize	shentsize	shentsize	existing-unreviewed		0
sh_flags	shЖелектери	shЖелектери	existing-unreviewed		0
sh_info	shinfo	shinfo	existing-unreviewed		0
sh_link	shшилтеме	shшилтеме	existing-unreviewed		0
sh_name	shАты	shАты	existing-unreviewed		0
sh_offset	shoffset	shoffset	existing-unreviewed		0
sh_size	shӨлчөм	shӨлчөм	existing-unreviewed		0
sh_type	shТүрү	shТүрү	existing-unreviewed		0
shift	shift	shift	existing-unreviewed		0
signature	signature	signature	existing-unreviewed		0
size	өлчөм	өлчөм	existing-unreviewed		0
sl	sl	sl	existing-unreviewed		0
sockDatagram	sockdatagram	sockdatagram	existing-unreviewed		0
socket	socket	socket	existing-unreviewed		0
socketAddress	socketaddress	socketaddress	existing-unreviewed		0
socketAddressIPv4	socketaddressipv4	socketaddressipv4	existing-unreviewed		0
socketBind	socketbind	socketbind	existing-unreviewed		0
socketCallArgument	socketcallargument	socketcallargument	existing-unreviewed		0
socketConnect	socketТуташуу	socketТуташуу	existing-unreviewed		0
socketForFD	socketforfd	socketforfd	existing-unreviewed		0
socketIndex	socketМазмун	socketМазмун	existing-unreviewed		0
socketPacket	socketpacket	socketpacket	existing-unreviewed		0
socketReceiveFrom	socketreceivefrom	socketreceivefrom	existing-unreviewed		0
socketSendTo	socketsendto	socketsendto	existing-unreviewed		0
socketType	socketТүрү	socketТүрү	existing-unreviewed		0
sockets	sockets	sockets	existing-unreviewed		0
softName	softАты	softАты	existing-unreviewed		0
source	баштапкытекст	баштапкытекст	existing-unreviewed		0
sourceAddress	баштапкытекстaddress	баштапкытекстaddress	existing-unreviewed		0
sourceLengthAddress	баштапкытекстУзундукaddress	баштапкытекстУзундукaddress	existing-unreviewed		0
src	баштапкытекст_2	баштапкытекст_2	existing-unreviewed		0
srcEntry	баштапкытекстentry	баштапкытекстentry	existing-unreviewed		0
srcIP	баштапкытекстipaddress	баштапкытекстipaddress	existing-unreviewed		0
srcIP_BE	баштапкытекстipaddressТармакbyteorder	баштапкытекстipaddressТармакbyteorder	existing-unreviewed		0
srcMAC	баштапкытекстmacaddress	баштапкытекстmacaddress	existing-unreviewed		0
srcMAC_BE	баштапкытекстmacbe	баштапкытекстmacbe	existing-unreviewed		0
srcPageDir	баштапкытекстБАРАКкаталог	баштапкытекстБАРАКкаталог	existing-unreviewed		0
srcPde	баштапкытекстpde	баштапкытекстpde	existing-unreviewed		0
srcPdeAddr	баштапкытекстpdeaddress	баштапкытекстpdeaddress	existing-unreviewed		0
srcPort	баштапкытекстПортНОМЕР	баштапкытекстПортНОМЕР	pending-language-review	source_port	0
srcPt	баштапкытекстpt	баштапкытекстpt	existing-unreviewed		0
srcptr	srcptr	srcptr	existing-unreviewed		0
ss	ss	ss	existing-unreviewed		0
ss0	ss0	ss0	existing-unreviewed		0
ss1	ss1	ss1	existing-unreviewed		0
ss2	ss2	ss2	existing-unreviewed		0
st	st	st	existing-unreviewed		0
st_info	stinfo	stinfo	existing-unreviewed		0
st_name	stАты	stАты	existing-unreviewed		0
st_other	stБашкалар	stБашкалар	existing-unreviewed		0
st_shndx	stshndx	stshndx	existing-unreviewed		0
st_size	stӨлчөм	stӨлчөм	existing-unreviewed		0
st_value	stМааниси	stМааниси	existing-unreviewed		0
stack	stack	stack	pending-language-review	stack	0
stackBytes	stackБайт	stackБайт	existing-unreviewed		0
stackPtr	stackКөрсөткүч	stackКөрсөткүч	existing-unreviewed		0
stack_addr	stackaddress	stackaddress	existing-unreviewed		0
stackbottom	stackbottom	stackbottom	existing-unreviewed		0
stacktop	stacktop	stacktop	existing-unreviewed		0
start	жүргүзүү	жүргүзүү	existing-unreviewed		0
startOffset	жүргүзүүoffset	жүргүзүүoffset	existing-unreviewed		0
start_cylinder	жүргүзүүcylinder	жүргүзүүcylinder	existing-unreviewed		0
start_head	жүргүзүүhead	жүргүзүүhead	existing-unreviewed		0
start_sector	жүргүзүүsector	жүргүзүүsector	existing-unreviewed		0
startingBit	startingbit	startingbit	existing-unreviewed		0
stat	stat	stat	existing-unreviewed		0
statAddr	stataddress	stataddress	existing-unreviewed		0
status	абалы	абалы	existing-unreviewed		0
statusAddr	абалыaddress	абалыaddress	existing-unreviewed		0
stderrFD	stderrfd	stderrfd	existing-unreviewed		0
stdinBuffer	stdinbuffer	stdinbuffer	existing-unreviewed		0
stdinFD	stdinfd	stdinfd	existing-unreviewed		0
stdinGetBlocking	stdingetblocking	stdingetblocking	existing-unreviewed		0
stdinRead	stdinОкуу	stdinОкуу	existing-unreviewed		0
stdinWrite	stdinЖазуу	stdinЖазуу	existing-unreviewed		0
stdoutFD	stdoutfd	stdoutfd	existing-unreviewed		0
stoppedThread	токтотулганthread	токтотулганthread	existing-unreviewed		0
str	str	str	existing-unreviewed		0
stringAddress	сАПaddress	сАПaddress	existing-unreviewed		0
stringHeader	сАПheader	сАПheader	existing-unreviewed		0
strtab	strtab	strtab	existing-unreviewed		0
subclass_id	subclassИДЕНТИФИКАТОР	subclassИДЕНТИФИКАТОР	existing-unreviewed		0
subnetMask	subnetmask	subnetmask	existing-unreviewed		0
swapUint16	куюштуруусуunsignedinteger16	куюштуруусуunsignedinteger16	existing-unreviewed		0
switchForced	switchforced	switchforced	existing-unreviewed		0
sysAccess	sysкирүү	sysкирүү	existing-unreviewed		0
sysBrk	sysbrk	sysbrk	existing-unreviewed		0
sysCall	syscall	syscall	existing-unreviewed		0
sysChdir	syschdir	syschdir	existing-unreviewed		0
sysClose	sysЖабуу	sysЖабуу	existing-unreviewed		0
sysDup	sysdup	sysdup	existing-unreviewed		0
sysDup2	sysdup2	sysdup2	existing-unreviewed		0
sysExecve	sysexecve	sysexecve	existing-unreviewed		0
sysExit	sysexit	sysexit	existing-unreviewed		0
sysFcntl	sysfcntl	sysfcntl	existing-unreviewed		0
sysFork	sysfork	sysfork	existing-unreviewed		0
sysFstat	sysfstat	sysfstat	existing-unreviewed		0
sysFsync	sysfsync	sysfsync	existing-unreviewed		0
sysGetcwd	sysgetcwd	sysgetcwd	existing-unreviewed		0
sysLseek	syslseek	syslseek	existing-unreviewed		0
sysOpen	sysАчуу	sysАчуу	existing-unreviewed		0
sysRead	sysОкуу	sysОкуу	existing-unreviewed		0
sysSocketCall	syssocketcall	syssocketcall	existing-unreviewed		0
sysStat	sysstat	sysstat	existing-unreviewed		0
sysUname	sysuname	sysuname	existing-unreviewed		0
sysWaitpid	syswaitpid	syswaitpid	existing-unreviewed		0
sysWrite	sysЖазуу	sysЖазуу	existing-unreviewed		0
syscallError	syscallКата	syscallКата	existing-unreviewed		0
syscallID	syscallИДЕНТИФИКАТОР	syscallИДЕНТИФИКАТОР	existing-unreviewed		0
systemcall	системаcall	системаcall	existing-unreviewed		0
table	жадыбал	жадыбал	existing-unreviewed		0
tableSize	жадыбалӨлчөм	жадыбалӨлчөм	existing-unreviewed		0
tail	tail	tail	existing-unreviewed		0
task	task	task	existing-unreviewed		0
taskA	taska	taska	existing-unreviewed		0
taskB	taskb	taskb	existing-unreviewed		0
taskC	taskc	taskc	existing-unreviewed		0
taskD	taskd	taskd	existing-unreviewed		0
taskD0	taskd0	taskd0	existing-unreviewed		0
taskD1	taskd1	taskd1	existing-unreviewed		0
taskManager	taskmanager	taskmanager	existing-unreviewed		0
tasks	маселелер	маселелер	existing-unreviewed		0
temp	temporary	temporary	existing-unreviewed		0
terminated	terminated	terminated	existing-unreviewed		0
text	текст	текст	existing-unreviewed		0
textPtr	текстКөрсөткүч	текстКөрсөткүч	existing-unreviewed		0
text_len	текстlen	текстlen	existing-unreviewed		0
text_mode_check_fb_move	текстРежимcheckfbТашуу	текстРежимcheckfbТашуу	existing-unreviewed		0
text_mode_disable_cursor	текстРежимdisablecursor	текстРежимdisablecursor	existing-unreviewed		0
text_mode_enable_cursor	текстРежимenablecursor	текстРежимenablecursor	existing-unreviewed		0
text_mode_error_writer	текстРежимКатаwriter	текстРежимКатаwriter	existing-unreviewed		0
text_mode_flush_screen	текстРежимflushscreen	текстРежимflushscreen	existing-unreviewed		0
text_mode_init	текстРежимinit	текстРежимinit	existing-unreviewed		0
text_mode_print	текстРежимБасма	текстРежимБасма	existing-unreviewed		0
text_mode_print_bytes	текстРежимБасмаБайт	текстРежимБасмаБайт	existing-unreviewed		0
text_mode_print_char	текстРежимБасмаchar	текстРежимБасмаchar	existing-unreviewed		0
text_mode_print_char_col	текстРежимБасмаcharcol	текстРежимБасмаcharcol	existing-unreviewed		0
text_mode_print_col	текстРежимБасмаcol	текстРежимБасмаcol	existing-unreviewed		0
text_mode_print_error	текстРежимБасмаКата	текстРежимБасмаКата	existing-unreviewed		0
text_mode_print_error_bytes	текстРежимБасмаКатаБайт	текстРежимБасмаКатаБайт	existing-unreviewed		0
text_mode_print_errorln	текстРежимБасмаerrorln	текстРежимБасмаerrorln	existing-unreviewed		0
text_mode_print_hex	текстРежимБасмаhex	текстРежимБасмаhex	existing-unreviewed		0
text_mode_print_hex16	текстРежимБасмаhex16	текстРежимБасмаhex16	existing-unreviewed		0
text_mode_print_hex32	текстРежимБасмаhex32	текстРежимБасмаhex32	existing-unreviewed		0
text_mode_print_hex64	текстРежимБасмаhex64	текстРежимБасмаhex64	existing-unreviewed		0
text_mode_print_hex_char	текстРежимБасмаhexchar	текстРежимБасмаhexchar	existing-unreviewed		0
text_mode_println	текстРежимprintln	текстРежимprintln	existing-unreviewed		0
text_mode_println_col	текстРежимprintlncol	текстРежимprintlncol	existing-unreviewed		0
text_mode_update_cursor	текстРежимЖаңылооcursor	текстРежимЖаңылооcursor	existing-unreviewed		0
text_mode_writer	текстРежимwriter	текстРежимwriter	existing-unreviewed		0
thr2	thr2	thr2	existing-unreviewed		0
thr3	thr3	thr3	existing-unreviewed		0
thr4	thr4	thr4	existing-unreviewed		0
thread	thread	thread	existing-unreviewed		0
threadExitLoop	threadexitloop	threadexitloop	existing-unreviewed		0
threadHelper	threadhelper	threadhelper	existing-unreviewed		0
threadPtr	threadКөрсөткүч	threadКөрсөткүч	existing-unreviewed		0
tickCount	tickcount	tickcount	existing-unreviewed		0
timeDelta	timedelta	timedelta	existing-unreviewed		0
timeToLive	timetolive	timetolive	existing-unreviewed		0
timer	timer	timer	existing-unreviewed		0
tls	tls	tls	existing-unreviewed		0
tmp	tmp	tmp	existing-unreviewed		0
tmpPtr	tmpКөрсөткүч	tmpКөрсөткүч	existing-unreviewed		0
tos	tos	tos	existing-unreviewed		0
totalLength	бардыгыУзундук	бардыгыУзундук	existing-unreviewed		0
totalSectorCount	бардыгыsectorcount	бардыгыsectorcount	existing-unreviewed		0
totalSectors	бардыгыsectors	бардыгыsectors	existing-unreviewed		0
trap	trap	trap	existing-unreviewed		0
tss	tss	tss	existing-unreviewed		0
tssIndex	tssМазмун	tssМазмун	existing-unreviewed		0
udp	udp	udp	existing-unreviewed		0
udpHandler	udphandler	udphandler	existing-unreviewed		0
udpHeaderSize	udpheaderӨлчөм	udpheaderӨлчөм	existing-unreviewed		0
udpProvider	udpprovider	udpprovider	existing-unreviewed		0
udp콘솔	udpconsole	udpconsole	existing-unreviewed		0
unused	unused	unused	existing-unreviewed		0
used	колдонулганы	колдонулганы	existing-unreviewed		0
usedBlocks	колдонулганыБлок	колдонулганыБлок	existing-unreviewed		0
user1addr	колдонуучу1address	колдонуучу1address	existing-unreviewed		0
user1data	колдонуучу1data	колдонуучу1data	existing-unreviewed		0
user1entry	колдонуучу1entry	колдонуучу1entry	existing-unreviewed		0
user1file	колдонуучу1Файл	колдонуучу1Файл	existing-unreviewed		0
user2addr	колдонуучу2address	колдонуучу2address	existing-unreviewed		0
user2data	колдонуучу2data	колдонуучу2data	existing-unreviewed		0
user2entry	колдонуучу2entry	колдонуучу2entry	existing-unreviewed		0
user2file	колдонуучу2Файл	колдонуучу2Файл	existing-unreviewed		0
user3addr	колдонуучу3address	колдонуучу3address	existing-unreviewed		0
user3data	колдонуучу3data	колдонуучу3data	existing-unreviewed		0
user3entry	колдонуучу3entry	колдонуучу3entry	existing-unreviewed		0
user3file	колдонуучу3Файл	колдонуучу3Файл	existing-unreviewed		0
userHeapBase	колдонуучуheapbase	колдонуучуheapbase	existing-unreviewed		0
userHeapLimit	колдонуучуheaplimit	колдонуучуheaplimit	existing-unreviewed		0
user_esp	колдонуучуesp	колдонуучуesp	existing-unreviewed		0
userhandler	userhandler	userhandler	existing-unreviewed		0
userproc_entry	userprocentry	userprocentry	existing-unreviewed		0
util	util	util	existing-unreviewed		0
util콘솔	utilconsole	utilconsole	existing-unreviewed		0
v	v	v	existing-unreviewed		0
vAddr	vaddress	vaddress	existing-unreviewed		0
value	мааниси	мааниси	existing-unreviewed		0
values	values	values	existing-unreviewed		0
version	version	version	existing-unreviewed		0
vga	vga	vga	existing-unreviewed		0
virtlen	virtlen	virtlen	existing-unreviewed		0
virtmem	virtualЭси	virtualЭси	existing-unreviewed		0
virtualAddr	virtualaddress	virtualaddress	existing-unreviewed		0
volumeId	көлөмИДЕНТИФИКАТОР	көлөмИДЕНТИФИКАТОР	existing-unreviewed		0
volumeLabel	көлөмlabel	көлөмlabel	existing-unreviewed		0
w	w	w	existing-unreviewed		0
wDate	wdate	wdate	existing-unreviewed		0
wTime	wtime	wtime	existing-unreviewed		0
waitPS2InputEmpty	күтүүps2КиришБош	күтүүps2КиришБош	existing-unreviewed		0
waitPS2OutputFull	күтүүps2ЧыгышТолук	күтүүps2ЧыгышТолук	existing-unreviewed		0
wdata	wdata	wdata	existing-unreviewed		0
whence	whence	whence	existing-unreviewed		0
widget	widget	widget	existing-unreviewed		0
width	туурасы	туурасы	existing-unreviewed		0
writePS2Command	жазууps2Команда	жазууps2Команда	existing-unreviewed		0
writePS2Data	жазууps2data	жазууps2data	existing-unreviewed		0
write_count	жазууcount	жазууcount	existing-unreviewed		0
x	x	x	existing-unreviewed		0
xPageDir	xБАРАКкаталог	xБАРАКкаталог	existing-unreviewed		0
xPos	xТурганжери	xТурганжери	existing-unreviewed		0
y	y	y	existing-unreviewed		0
yPageDir	yБАРАКкаталог	yБАРАКкаталог	existing-unreviewed		0
yPos	yТурганжери	yТурганжери	existing-unreviewed		0
값	мааниси_2	мааниси_2	existing-unreviewed		0
공용서술자테이블	shareddescriptorЖадыбал	shareddescriptorЖадыбал	existing-unreviewed		0
기준	base_2	base_2	existing-unreviewed		0
기준_낮은	baselow_2	baselow_2	existing-unreviewed		0
기준_높은	basehigh_2	basehigh_2	existing-unreviewed		0
기준_매우높은	baseveryhigh	baseveryhigh	existing-unreviewed		0
기준주소	baseaddress	baseaddress	existing-unreviewed		0
넷카드콘솔	тармакcardconsole	тармакcardconsole	existing-unreviewed		0
단말기	terminal	terminal	existing-unreviewed		0
마우스콘솔	чычканconsole	чычканconsole	existing-unreviewed		0
매개값	argumentМааниси	argumentМааниси	existing-unreviewed		0
멈추기	halt	halt	existing-unreviewed		0
목적	destination_3	destination_3	existing-unreviewed		0
유형	түрү	түрү	existing-unreviewed		0
이더넷콘솔	ethernetconsole	ethernetconsole	existing-unreviewed		0
인터럽트무시하기	interruptignore	interruptignore	existing-unreviewed		0
인터럽트예외처리기	interruptexceptionhandler	interruptexceptionhandler	existing-unreviewed		0
인터럽트예외처리기0x00	interruptexceptionhandler0x00	interruptexceptionhandler0x00	existing-unreviewed		0
인터럽트예외처리기0x01	interruptexceptionhandler0x01	interruptexceptionhandler0x01	existing-unreviewed		0
인터럽트예외처리기0x02	interruptexceptionhandler0x02	interruptexceptionhandler0x02	existing-unreviewed		0
인터럽트예외처리기0x03	interruptexceptionhandler0x03	interruptexceptionhandler0x03	existing-unreviewed		0
인터럽트예외처리기0x04	interruptexceptionhandler0x04	interruptexceptionhandler0x04	existing-unreviewed		0
인터럽트예외처리기0x05	interruptexceptionhandler0x05	interruptexceptionhandler0x05	existing-unreviewed		0
인터럽트예외처리기0x06	interruptexceptionhandler0x06	interruptexceptionhandler0x06	existing-unreviewed		0
인터럽트예외처리기0x07	interruptexceptionhandler0x07	interruptexceptionhandler0x07	existing-unreviewed		0
인터럽트예외처리기0x08	interruptexceptionhandler0x08	interruptexceptionhandler0x08	existing-unreviewed		0
인터럽트예외처리기0x09	interruptexceptionhandler0x09	interruptexceptionhandler0x09	existing-unreviewed		0
인터럽트예외처리기0x0A	interruptexceptionhandler0x0a	interruptexceptionhandler0x0a	existing-unreviewed		0
인터럽트예외처리기0x0B	interruptexceptionhandler0x0b	interruptexceptionhandler0x0b	existing-unreviewed		0
인터럽트예외처리기0x0C	interruptexceptionhandler0x0c	interruptexceptionhandler0x0c	existing-unreviewed		0
인터럽트예외처리기0x0D	interruptexceptionhandler0x0d	interruptexceptionhandler0x0d	existing-unreviewed		0
인터럽트예외처리기0x0E	interruptexceptionhandler0x0e	interruptexceptionhandler0x0e	existing-unreviewed		0
인터럽트예외처리기0x0F	interruptexceptionhandler0x0f	interruptexceptionhandler0x0f	existing-unreviewed		0
인터럽트예외처리기0x10	interruptexceptionhandler0x10	interruptexceptionhandler0x10	existing-unreviewed		0
인터럽트예외처리기0x11	interruptexceptionhandler0x11	interruptexceptionhandler0x11	existing-unreviewed		0
인터럽트예외처리기0x12	interruptexceptionhandler0x12	interruptexceptionhandler0x12	existing-unreviewed		0
인터럽트예외처리기0x13	interruptexceptionhandler0x13	interruptexceptionhandler0x13	existing-unreviewed		0
인터럽트요청처리0x00	interruptrequesthandler0x00	interruptrequesthandler0x00	existing-unreviewed		0
인터럽트요청처리0x01	interruptrequesthandler0x01	interruptrequesthandler0x01	existing-unreviewed		0
인터럽트요청처리0x02	interruptrequesthandler0x02	interruptrequesthandler0x02	existing-unreviewed		0
인터럽트요청처리0x03	interruptrequesthandler0x03	interruptrequesthandler0x03	existing-unreviewed		0
인터럽트요청처리0x04	interruptrequesthandler0x04	interruptrequesthandler0x04	existing-unreviewed		0
인터럽트요청처리0x05	interruptrequesthandler0x05	interruptrequesthandler0x05	existing-unreviewed		0
인터럽트요청처리0x06	interruptrequesthandler0x06	interruptrequesthandler0x06	existing-unreviewed		0
인터럽트요청처리0x07	interruptrequesthandler0x07	interruptrequesthandler0x07	existing-unreviewed		0
인터럽트요청처리0x08	interruptrequesthandler0x08	interruptrequesthandler0x08	existing-unreviewed		0
인터럽트요청처리0x09	interruptrequesthandler0x09	interruptrequesthandler0x09	existing-unreviewed		0
인터럽트요청처리0x0A	interruptrequesthandler0x0a	interruptrequesthandler0x0a	existing-unreviewed		0
인터럽트요청처리0x0B	interruptrequesthandler0x0b	interruptrequesthandler0x0b	existing-unreviewed		0
인터럽트요청처리0x0C	interruptrequesthandler0x0c	interruptrequesthandler0x0c	existing-unreviewed		0
인터럽트요청처리0x0D	interruptrequesthandler0x0d	interruptrequesthandler0x0d	existing-unreviewed		0
인터럽트요청처리0x0E	interruptrequesthandler0x0e	interruptrequesthandler0x0e	existing-unreviewed		0
인터럽트요청처리0x0F	interruptrequesthandler0x0f	interruptrequesthandler0x0f	existing-unreviewed		0
인터럽트요청처리0x80	interruptrequesthandler0x80	interruptrequesthandler0x80	existing-unreviewed		0
인터럽트요청처리0x81	interruptrequesthandler0x81	interruptrequesthandler0x81	existing-unreviewed		0
인터럽트요청처리0x82	interruptrequesthandler0x82	interruptrequesthandler0x82	existing-unreviewed		0
인터럽트처리기	interrupthandler_2	interrupthandler_2	existing-unreviewed		0
임시	temporary_2	temporary_2	existing-unreviewed		0
자료	data_2	data_2	existing-unreviewed		0
자신	self_2	self_2	existing-unreviewed		0
작업관리자	taskmanager_2	taskmanager_2	existing-unreviewed		0
작업콘솔	taskconsole	taskconsole	existing-unreviewed		0
조각설명자	segmentdescriptor	segmentdescriptor	existing-unreviewed		0
콘솔	console_2	console_2	existing-unreviewed		0
크기	өлчөм_2	өлчөм_2	existing-unreviewed		0
키보드콘솔	клавиатураconsole	клавиатураconsole	existing-unreviewed		0
표시들	желектери_2	желектери_2	existing-unreviewed		0
표시들_한도_높은	желектериlimithigh	желектериlimithigh	existing-unreviewed		0
한도	limit_2	limit_2	existing-unreviewed		0
한도_낮은	limitlow_2	limitlow_2	existing-unreviewed		0
