original	before	after	review_status	concept	changed_tokens
Activate	Activate	Activate	existing-unreviewed		0
ActivateAll	ActivateByose	ActivateByose	existing-unreviewed		0
Active	Gikora	Gikora	existing-unreviewed		0
ActiveInterruptManager	Gikorainterruptmanager	Gikorainterruptmanager	existing-unreviewed		0
ActiveMemoryManager	GikoraUbubikomanager	GikoraUbubikomanager	existing-unreviewed		0
Add	Kongera	Kongera	existing-unreviewed		0
AddDriver	Kongeradriver	Kongeradriver	existing-unreviewed		0
AddRunnableThread	Kongerarunnablethread	Kongerarunnablethread	existing-unreviewed		0
AddTask	Kongeratask	Kongeratask	existing-unreviewed		0
AddThread	Kongerathread	Kongerathread	existing-unreviewed		0
Address	Address	Address	existing-unreviewed		0
AlignedMalloc	Alignedmalloc	Alignedmalloc	existing-unreviewed		0
AlignmentCheck	Alignmentcheck	Alignmentcheck	existing-unreviewed		0
AllocateBlock	Allocateblock	Allocateblock	existing-unreviewed		0
AllocatePID	Allocatepid	Allocatepid	existing-unreviewed		0
AmountOfMemory	AmountofUbubiko	AmountofUbubiko	existing-unreviewed		0
ArrayToUint16	Imbonerahamwetounsignedinteger16	Imbonerahamwetounsignedinteger16	existing-unreviewed		0
ArrayToUint32	Imbonerahamwetounsignedinteger32	Imbonerahamwetounsignedinteger32	existing-unreviewed		0
ArrayToUint48	Imbonerahamwetounsignedinteger48	Imbonerahamwetounsignedinteger48	existing-unreviewed		0
ArrayToUint48_BE	Imbonerahamwetounsignedinteger48be	Imbonerahamwetounsignedinteger48be	existing-unreviewed		0
ArrayToUint64	Imbonerahamwetounsignedinteger64	Imbonerahamwetounsignedinteger64	existing-unreviewed		0
Atime	Atime	Atime	existing-unreviewed		0
AtimeNsec	Atimensec	Atimensec	existing-unreviewed		0
BLOCKS_PER_BYTE	Blockperbyte	Blockperbyte	existing-unreviewed		0
BLOCK_SIZE	BlockIngano	BlockIngano	existing-unreviewed		0
Backend	Backend	Backend	existing-unreviewed		0
BaseAddr	Baseaddress	Baseaddress	existing-unreviewed		0
Bind	Bind	Bind	existing-unreviewed		0
Blksize	Blksize	Blksize	existing-unreviewed		0
Blocked	Blocked	Blocked	existing-unreviewed		0
BlockedState	Blockedstate	Blockedstate	existing-unreviewed		0
Blocks	Block	Block	existing-unreviewed		0
BoundRangeExceeded	BoundIgiceexceeded	BoundIgiceexceeded	existing-unreviewed		0
BroadcastMacAddress	Broadcastmacaddress	Broadcastmacaddress	existing-unreviewed		0
BytesPerSector	Bayitepersector	Bayitepersector	existing-unreviewed		0
BytesToString	Bayitetostring	Bayitetostring	existing-unreviewed		0
Checksum	Checksum	Checksum	existing-unreviewed		0
Clear	Gusiba	Gusiba	existing-unreviewed		0
Clone	Clone	Clone	existing-unreviewed		0
CloneAddressSpaceCOW	Cloneaddressspacecow	Cloneaddressspacecow	existing-unreviewed		0
Connect	Connect	Connect	existing-unreviewed		0
ContainsCoordinate	Containscoordinate	Containscoordinate	existing-unreviewed		0
CopyPageFrameBlock	GukopororaIpajiIkadiriblock	GukopororaIpajiIkadiriblock	existing-unreviewed		0
CpuState	Cpustate	Cpustate	existing-unreviewed		0
Create	Create	Create	existing-unreviewed		0
CreateFromData	Createfromdata	Createfromdata	existing-unreviewed		0
CreateFromFunction	Createfromfunction	Createfromfunction	existing-unreviewed		0
CreatePtrFromFunction	Createpointerfromfunction	Createpointerfromfunction	existing-unreviewed		0
Cs	Cs	Cs	existing-unreviewed		0
Ctime	Ctime	Ctime	existing-unreviewed		0
CtimeNsec	Ctimensec	Ctimensec	existing-unreviewed		0
CurrentPID	Currentpid	Currentpid	existing-unreviewed		0
CurrentParentPID	Currentparentpid	Currentparentpid	existing-unreviewed		0
Data	Data	Data	compatibility		0
Deactivate	Deactivate	Deactivate	existing-unreviewed		0
Deactive	Deactive	Deactive	existing-unreviewed		0
Decrement	Decrement	Decrement	existing-unreviewed		0
Delete	Gusiba_2	Gusiba_2	existing-unreviewed		0
DescriptorPrivilegeLevel	Descriptorprivilegelevel	Descriptorprivilegelevel	existing-unreviewed		0
DescriptorType	DescriptorUbwoko	DescriptorUbwoko	existing-unreviewed		0
Destroy	Destroy	Destroy	existing-unreviewed		0
Dev	Ububiko	Ububiko	existing-unreviewed		0
DeviceHasFunctions	Ububikohasfunctions	Ububikohasfunctions	existing-unreviewed		0
DeviceNotAvailable	Ububikonotavailable	Ububikonotavailable	existing-unreviewed		0
Device_id	Ububikoid	Ububikoid	existing-unreviewed		0
DisableInt	Disableint	Disableint	existing-unreviewed		0
Disconnect	Disconnect	Disconnect	existing-unreviewed		0
DivideByZero	Dividebyzero	Dividebyzero	existing-unreviewed		0
DoHandleInterrupt	Dohandleinterrupt	Dohandleinterrupt	existing-unreviewed		0
DoubleFault	Doublefault	Doublefault	existing-unreviewed		0
Draw	Draw	Draw	existing-unreviewed		0
DriverManager	Drivermanager	Drivermanager	existing-unreviewed		0
Ds	Ds	Ds	existing-unreviewed		0
Dynamic	Dynamic	Dynamic	existing-unreviewed		0
E2BIG	E2big	E2big	existing-unreviewed		0
EACCES	Eacces	Eacces	existing-unreviewed		0
EADDRINUSE	Eaddrinuse	Eaddrinuse	existing-unreviewed		0
EAFNOSUPPORT	Eafnosupport	Eafnosupport	existing-unreviewed		0
EAGAIN	Eagain	Eagain	existing-unreviewed		0
EBADF	Ebadf	Ebadf	existing-unreviewed		0
EBUSY	Ebusy	Ebusy	existing-unreviewed		0
ECHILD	Echild	Echild	existing-unreviewed		0
EEXIST	Eexist	Eexist	existing-unreviewed		0
EFAULT	Efault	Efault	existing-unreviewed		0
EFBIG	Efbig	Efbig	existing-unreviewed		0
EINTR	Eintr	Eintr	existing-unreviewed		0
EINVAL	Einval	Einval	existing-unreviewed		0
EIO	Eio	Eio	existing-unreviewed		0
EISDIR	Eisdir	Eisdir	existing-unreviewed		0
EMFILE	Emfile	Emfile	existing-unreviewed		0
EMSGSIZE	Emsgsize	Emsgsize	existing-unreviewed		0
ENETUNREACH	Enetunreach	Enetunreach	existing-unreviewed		0
ENFILE	Enfile	Enfile	existing-unreviewed		0
ENODEV	Enodev	Enodev	existing-unreviewed		0
ENOENT	Enoent	Enoent	existing-unreviewed		0
ENOEXEC	Enoexec	Enoexec	existing-unreviewed		0
ENOMEM	Enomem	Enomem	existing-unreviewed		0
ENOSPC	Enospc	Enospc	existing-unreviewed		0
ENOSYS	Enosys	Enosys	existing-unreviewed		0
ENOTCONN	Enotconn	Enotconn	existing-unreviewed		0
ENOTDIR	Enotdir	Enotdir	existing-unreviewed		0
ENOTTY	Enotty	Enotty	existing-unreviewed		0
EOPNOTSUPP	Eopnotsupp	Eopnotsupp	existing-unreviewed		0
EPERM	Eperm	Eperm	existing-unreviewed		0
EPROTONOSUPPORT	Eprotonosupport	Eprotonosupport	existing-unreviewed		0
ERANGE	Erange	Erange	existing-unreviewed		0
EROFS	Erofs	Erofs	existing-unreviewed		0
ESPIPE	Espipe	Espipe	existing-unreviewed		0
ESRCH	Esrch	Esrch	existing-unreviewed		0
Eax	Eax	Eax	existing-unreviewed		0
Ebp	Ebp	Ebp	existing-unreviewed		0
Ebx	Ebx	Ebx	existing-unreviewed		0
Ecx	Ecx	Ecx	existing-unreviewed		0
Edi	Edi	Edi	existing-unreviewed		0
Edx	Edx	Edx	existing-unreviewed		0
Eflags	Eflags	Eflags	existing-unreviewed		0
Eip	Eip	Eip	existing-unreviewed		0
Elf	Elf	Elf	existing-unreviewed		0
Elf32Dyn	Elf32dyn	Elf32dyn	existing-unreviewed		0
Elf32Note	Elf32Igisobanuro	Elf32Igisobanuro	existing-unreviewed		0
Elf32Rel	Elf32rel	Elf32rel	existing-unreviewed		0
Elf32Rela	Elf32rela	Elf32rela	existing-unreviewed		0
Elf32Sym	Elf32sym	Elf32sym	existing-unreviewed		0
ElfHeader	Elfheader	Elfheader	existing-unreviewed		0
ElfProgramHeader	ElfPorogaramuheader	ElfPorogaramuheader	existing-unreviewed		0
ElfSectionHeader	Elfsectionheader	Elfsectionheader	existing-unreviewed		0
EnablePaging	Enablepaging	Enablepaging	existing-unreviewed		0
Enabled	Enabled	Enabled	existing-unreviewed		0
EntryNumber	Entrynumber	Entrynumber	existing-unreviewed		0
EqualBytes	EqualBayite	EqualBayite	existing-unreviewed		0
Es	Es	Es	existing-unreviewed		0
Esi	Esi	Esi	existing-unreviewed		0
Esp	Esp	Esp	existing-unreviewed		0
FPUBuffer	Fpubuffer	Fpubuffer	existing-unreviewed		0
FPUOffset	Fpuoffset	Fpuoffset	existing-unreviewed		0
Family	Family	Family	existing-unreviewed		0
FileName	IdosiyeIzina	IdosiyeIzina	existing-unreviewed		0
Fill	Fill	Fill	existing-unreviewed		0
FillRectangle	Fillrectangle	Fillrectangle	existing-unreviewed		0
First	First	First	existing-unreviewed		0
FirstFree	FirstKigenga	FirstKigenga	existing-unreviewed		0
FirstFreeSize	FirstKigengaIngano	FirstKigengaIngano	existing-unreviewed		0
Flags	Amabendera	Amabendera	existing-unreviewed		0
FloatingPointException	Floatingpointexception	Floatingpointexception	existing-unreviewed		0
Flush	Flush	Flush	existing-unreviewed		0
FlushTlsTable	FlushtlsImbonerahamwe	FlushtlsImbonerahamwe	existing-unreviewed		0
Focussable	Focussable	Focussable	existing-unreviewed		0
Free	Kigenga	Kigenga	existing-unreviewed		0
Fs	Fs	Fs	existing-unreviewed		0
GB	Gb	Gb	existing-unreviewed		0
GDT_ENTRIES	Gdtentry	Gdtentry	existing-unreviewed		0
GOT	Got	Got	existing-unreviewed		0
GPFException	Gpfexception	Gpfexception	existing-unreviewed		0
GatewayIP	Gatewayip	Gatewayip	existing-unreviewed		0
GdtAddressHigh	Gdtaddresshigh	Gdtaddresshigh	existing-unreviewed		0
GdtAddressLow	Gdtaddresslow	Gdtaddresslow	existing-unreviewed		0
GdtDescriptor	Gdtdescriptor	Gdtdescriptor	existing-unreviewed		0
GdtEntry	Gdtentry_2	Gdtentry_2	existing-unreviewed		0
GdtSize	GdtIngano	GdtIngano	existing-unreviewed		0
GetAt	Getat	Getat	existing-unreviewed		0
GetBackend	Getbackend	Getbackend	existing-unreviewed		0
GetBaseAddressRegister	Getbaseaddressregister	Getbaseaddressregister	existing-unreviewed		0
GetBitmaspSize	GetbitmaspIngano	GetbitmaspIngano	existing-unreviewed		0
GetBytesFromPtr	GetBayitefrompointer	GetBayitefrompointer	existing-unreviewed		0
GetCR0	Getcr0	Getcr0	existing-unreviewed		0
GetCR2	Getcr2	Getcr2	existing-unreviewed		0
GetCR3	Getcr3	Getcr3	existing-unreviewed		0
GetCR4	Getcr4	Getcr4	existing-unreviewed		0
GetColorIndex	GetcolorUmubarendanga	GetcolorUmubarendanga	existing-unreviewed		0
GetDeviceDescriptor	GetUbubikodescriptor	GetUbubikodescriptor	existing-unreviewed		0
GetDriver	Getdriver	Getdriver	existing-unreviewed		0
GetESP0	Getesp0	Getesp0	existing-unreviewed		0
GetEntry	Getentry	Getentry	existing-unreviewed		0
GetFileSize	GetIdosiyeIngano	GetIdosiyeIngano	existing-unreviewed		0
GetFocus	Getfocus	Getfocus	existing-unreviewed		0
GetFrameBufferSegment	GetIkadiribuffersegment	GetIkadiribuffersegment	existing-unreviewed		0
GetFuncPtrFromPtr	Getfuncpointerfrompointer	Getfuncpointerfrompointer	existing-unreviewed		0
GetFunctionName	GetfunctionIzina	GetfunctionIzina	existing-unreviewed		0
GetHandler	Gethandler	Gethandler	existing-unreviewed		0
GetIPAddress	Getipaddress	Getipaddress	existing-unreviewed		0
GetMACAddress	Getmacaddress	Getmacaddress	existing-unreviewed		0
GetMACFromCache	Getmacfromcache	Getmacfromcache	existing-unreviewed		0
GetNextReadyThread	GetIkurikirareadythread	GetIkurikirareadythread	existing-unreviewed		0
GetNodeAt	Getnodeat	Getnodeat	existing-unreviewed		0
GetProvider	Providerget	Providerget	existing-unreviewed		0
GetSS0	Getss0	Getss0	existing-unreviewed		0
GetStr	Getstr	Getstr	existing-unreviewed		0
GetUint32ArrayFromPtr	Getunsignedinteger32Imbonerahamwefrompointer	Getunsignedinteger32Imbonerahamwefrompointer	existing-unreviewed		0
GetUintptrArrayFromPtr	GetunsignedintegerpointerImbonerahamwefrompointer	GetunsignedintegerpointerImbonerahamwefrompointer	existing-unreviewed		0
GetValue	GetAgaciro	GetAgaciro	existing-unreviewed		0
GetValueInPageDir	GetAgaciroImbereIpajiUbubiko	GetAgaciroImbereIpajiUbubiko	existing-unreviewed		0
Gid	Gid	Gid	existing-unreviewed		0
Gs	Gs	Gs	existing-unreviewed		0
HandleException	Handleexception	Handleexception	existing-unreviewed		0
HandleFatalInterruptFrame	HandlefatalinterruptIkadiri	HandlefatalinterruptIkadiri	existing-unreviewed		0
HandleInterrupt	Handleinterrupt	Handleinterrupt	existing-unreviewed		0
HandleInterrupt1	Handleinterrupt1	Handleinterrupt1	existing-unreviewed		0
HandleUserDatagramProtocolMessage	HandleUkoreshadatagramprotocolUbutumwa	HandleUkoreshadatagramprotocolUbutumwa	existing-unreviewed		0
IDT_DESC_PRESENT	Idtdescriptorpresent	Idtdescriptorpresent	existing-unreviewed		0
IDT_INTERRUPT_GATE	Idtinterruptgate	Idtinterruptgate	existing-unreviewed		0
IDriver	IDriver	IDriver	existing-unreviewed		0
IEtherFrameHandler	IEthernetIkadirihandler	IEthernetIkadirihandler	existing-unreviewed		0
IInternetProtocolHandler	IInterinetiprotocolhandler	IInterinetiprotocolhandler	existing-unreviewed		0
IInterruptHandler	IInterrupthandler	IInterrupthandler	existing-unreviewed		0
IKeyboardEventHandler	IMwandikishoeventhandler	IMwandikishoeventhandler	existing-unreviewed		0
IMouseEventHandler	IImbebaeventhandler	IImbebaeventhandler	existing-unreviewed		0
IPCIControllerHandler	Ipcicontrollerhandler	Ipcicontrollerhandler	existing-unreviewed		0
IPCache	Ipcache	Ipcache	existing-unreviewed		0
IP_BE	Ipurusobebyteorder	Ipurusobebyteorder	existing-unreviewed		0
IRawDataHandler	IRawdatahandler	IRawdatahandler	existing-unreviewed		0
ITimerEventHandler	ITimereventhandler	ITimereventhandler	existing-unreviewed		0
IUserDatagramProtocolHandler	IUkoreshadatagramprotocolhandler	IUkoreshadatagramprotocolhandler	existing-unreviewed		0
IUserDatagramProtocolSocket	IUkoreshadatagramprotocolsocket	IUkoreshadatagramprotocolsocket	existing-unreviewed		0
IWidget	IWidget	IWidget	pending-language-review	widget	0
Identify	Identify	Identify	existing-unreviewed		0
Increment	Increment	Increment	existing-unreviewed		0
IndexOf	Umubarendangaof	Umubarendangaof	existing-unreviewed		0
Init	Init	Init	existing-unreviewed		0
InitDriver	Initdriver	Initdriver	existing-unreviewed		0
InitialThreadUserJump	InitialthreadUkoreshajump	InitialthreadUkoreshajump	existing-unreviewed		0
Ino	Ino	Ino	existing-unreviewed		0
Install	Install	Install	existing-unreviewed		0
Interrupt	Interrupt	Interrupt	existing-unreviewed		0
InterruptActive	InterruptGikora	InterruptGikora	existing-unreviewed		0
InterruptDeactive	Interruptdeactive	Interruptdeactive	existing-unreviewed		0
InterruptManager	Interruptmanager	Interruptmanager	existing-unreviewed		0
InterruptNumber	Interruptnumber	Interruptnumber	existing-unreviewed		0
InvalidOpcode	Bitemeweopcode	Bitemeweopcode	existing-unreviewed		0
InvalidTSS	Bitemewetss	Bitemewetss	existing-unreviewed		0
IsKernel	Iskernel	Iskernel	existing-unreviewed		0
IsPresent	Ispresent	Ispresent	existing-unreviewed		0
IsUserSpace	IsUkoreshaspace	IsUkoreshaspace	existing-unreviewed		0
KB	Kb	Kb	existing-unreviewed		0
KCS_INDEX	KcsUmubarendanga	KcsUmubarendanga	existing-unreviewed		0
KCS_SELECTOR	Kcsselector	Kcsselector	existing-unreviewed		0
KDS_INDEX	KdsUmubarendanga	KdsUmubarendanga	existing-unreviewed		0
KDS_SELECTOR	Kdsselector	Kdsselector	existing-unreviewed		0
KERNEL_HEAP_START	Kernelheapstart	Kernelheapstart	existing-unreviewed		0
KERNEL_VIRT_ADDR	Kernelvirtaddress	Kernelvirtaddress	existing-unreviewed		0
KGS_INDEX	KgsUmubarendanga	KgsUmubarendanga	existing-unreviewed		0
KGS_SELECTOR	Kgsselector	Kgsselector	existing-unreviewed		0
K핵심	KKernelEntry	KKernelEntry	compatibility		0
LIDT	Lidt	Lidt	existing-unreviewed		0
Last	Last	Last	existing-unreviewed		0
Len	Len	Len	compatibility		0
Limit	Limit	Limit	existing-unreviewed		0
Link	Link	Link	existing-unreviewed		0
LinkMap	Linkmap	Linkmap	existing-unreviewed		0
LinkedList	Linkedlist	Linkedlist	existing-unreviewed		0
Listen	Listen	Listen	existing-unreviewed		0
LoadElf	Ibirimoelf	Ibirimoelf	existing-unreviewed		0
MAC	Mac	Mac	existing-unreviewed		0
MAC0	Mac0	Mac0	existing-unreviewed		0
MAC1	Mac1	Mac1	existing-unreviewed		0
MAC2	Mac2	Mac2	existing-unreviewed		0
MAC3	Mac3	Mac3	existing-unreviewed		0
MAC4	Mac4	Mac4	existing-unreviewed		0
MAC5	Mac5	Mac5	existing-unreviewed		0
MACAddress0Port	Macaddress0Umuyoboro	Macaddress0Umuyoboro	existing-unreviewed		0
MACAddress2Port	Macaddress2Umuyoboro	Macaddress2Umuyoboro	existing-unreviewed		0
MACAddress4Port	Macaddress4Umuyoboro	Macaddress4Umuyoboro	existing-unreviewed		0
MACCache	Maccache	Maccache	existing-unreviewed		0
MAX_QUEUE_SIZE	MaxqueueIngano	MaxqueueIngano	existing-unreviewed		0
MB	Mb	Mb	existing-unreviewed		0
MBR	Mbr	Mbr	existing-unreviewed		0
MHex출력	MHexadecimalGucapa	MHexadecimalGucapa	existing-unreviewed		0
MHex출력XY	MHexadecimalGucapaxy	MHexadecimalGucapaxy	existing-unreviewed		0
MUint16출력	MUnsignedinteger16Gucapa	MUnsignedinteger16Gucapa	existing-unreviewed		0
MUint16출력XY	MUnsignedinteger16Gucapaxy	MUnsignedinteger16Gucapaxy	existing-unreviewed		0
MUint32출력	MUnsignedinteger32Gucapa	MUnsignedinteger32Gucapa	existing-unreviewed		0
MUint32출력XY	MUnsignedinteger32Gucapaxy	MUnsignedinteger32Gucapaxy	existing-unreviewed		0
MUint64출력	MUnsignedinteger64Gucapa	MUnsignedinteger64Gucapa	existing-unreviewed		0
MUint64출력XY	MUnsignedinteger64Gucapaxy	MUnsignedinteger64Gucapaxy	existing-unreviewed		0
Machine	Machine	Machine	existing-unreviewed		0
MachineCheck	Machinecheck	Machinecheck	existing-unreviewed		0
MakeRangePrivateWritable	MakeIgiceprivatewritable	MakeIgiceprivatewritable	existing-unreviewed		0
Malloc	Malloc	Malloc	pending-language-review	allocate_memory	0
MemCmp	Memcmp	Memcmp	existing-unreviewed		0
MemCpy	MemGukoporora	MemGukoporora	existing-unreviewed		0
MemMove	Memmove	Memmove	existing-unreviewed		0
MemSet	Memset	Memset	existing-unreviewed		0
MemoryOper	Ububikooper	Ububikooper	existing-unreviewed		0
Mode	Ubwoko	Ubwoko	existing-unreviewed		0
ModelToScreen	Modeltoscreen	Set_local_coordinates	pending-language-review	set_coordinates	5
Mtime	Mtime	Mtime	existing-unreviewed		0
MtimeNsec	Mtimensec	Mtimensec	existing-unreviewed		0
MyHandleInterrupt	Myhandleinterrupt	Myhandleinterrupt	existing-unreviewed		0
MyTest	Mytest	Mytest	existing-unreviewed		0
M긴급로그Hex8	MEmergencyloghexadecimal8	MEmergencyloghexadecimal8	existing-unreviewed		0
M긴급로그Uint32	MEmergencylogunsignedinteger32	MEmergencylogunsignedinteger32	existing-unreviewed		0
M긴급로그문자열	MEmergencylogstring	MEmergencylogstring	existing-unreviewed		0
M직렬로그초기화	MSerialloginit	MSerialloginit	existing-unreviewed		0
M출력	MGucapa	MGucapa	existing-unreviewed		0
M출력BytesXY	MGucapaBayitexy	MGucapaBayitexy	existing-unreviewed		0
M출력Hex	MGucapahexadecimal	MGucapahexadecimal	existing-unreviewed		0
M출력Uint16	MGucapaunsignedinteger16	MGucapaunsignedinteger16	existing-unreviewed		0
M출력Uint32	MGucapaunsignedinteger32	MGucapaunsignedinteger32	existing-unreviewed		0
M출력XY	MGucapaxy	MGucapaxy	existing-unreviewed		0
M테스트	M테스트	M테스트	existing-unreviewed		0
NMI	Nmi	Nmi	existing-unreviewed		0
New	New	New	existing-unreviewed		0
NewInterruptHandler	Newinterrupthandler	Newinterrupthandler	existing-unreviewed		0
Next	Ikurikira	Ikurikira	existing-unreviewed		0
Nlink	Nlink	Nlink	existing-unreviewed		0
Node	Node	Node	pending-language-review	list_node	0
Nodename	Nodename	Nodename	existing-unreviewed		0
OnEtherFrameReceived	EthernetIkadirireceivewhen	EthernetIkadirireceivewhen	existing-unreviewed		0
OnGetDriver	Kurigetdriver	Kurigetdriver	existing-unreviewed		0
OnInternetProtocolReceived	Interinetiprotocolreceivewhen	Interinetiprotocolreceivewhen	existing-unreviewed		0
OnKeyDown	Kurikeydown	Kurikeydown	existing-unreviewed		0
OnKeyUp	Kurikeyup	Kurikeyup	existing-unreviewed		0
OnMouseDown	KuriImbebadown	KuriImbebadown	existing-unreviewed		0
OnMouseMove	KuriImbebamove	KuriImbebamove	existing-unreviewed		0
OnMouseUp	KuriImbebaup	KuriImbebaup	existing-unreviewed		0
OnRawDataReceived	Kurirawdatareceive	Kurirawdatareceive	existing-unreviewed		0
OnTick	Kuritick	Kuritick	existing-unreviewed		0
Overflow	Overflow	Overflow	existing-unreviewed		0
P1LinkMap	PAgaciro1linkmap	PAgaciro1linkmap	existing-unreviewed		0
P2LinkMap	PAgaciro2linkmap	PAgaciro2linkmap	existing-unreviewed		0
P3LinkMap	PAgaciro3linkmap	PAgaciro3linkmap	existing-unreviewed		0
PAGE_COW	Ipajicow	Ipajicow	existing-unreviewed		0
PAGE_FRAME	IpajiIkadiri	IpajiIkadiri	existing-unreviewed		0
PAGE_PRESENT	Ipajipresent	Ipajipresent	existing-unreviewed		0
PAGE_USER	IpajiUkoresha	IpajiUkoresha	existing-unreviewed		0
PAGE_WRITABLE	Ipajiwritable	Ipajiwritable	existing-unreviewed		0
PAUSE_LOOP	Pauseloop	Pauseloop	existing-unreviewed		0
PICMasterCommandPort	PrimarypicIcyowifuzaioUmuyoboro	PrimarypicIcyowifuzaioUmuyoboro	existing-unreviewed		0
PICMasterDataPort	PrimarypicdataioUmuyoboro	PrimarypicdataioUmuyoboro	existing-unreviewed		0
PICSlaveCommandPort	SecondarypicIcyowifuzaioUmuyoboro	SecondarypicIcyowifuzaioUmuyoboro	existing-unreviewed		0
PICSlaveDataPort	SecondarypicdataioUmuyoboro	SecondarypicdataioUmuyoboro	existing-unreviewed		0
PRESENT	Present	Present	existing-unreviewed		0
PRIV_KERNEL	Privkernel	Privkernel	existing-unreviewed		0
PRIV_USER	PrivUkoresha	PrivUkoresha	existing-unreviewed		0
PROC_USER_HEAP_SIZE	ProcUkoreshaheapIngano	ProcUkoreshaheapIngano	existing-unreviewed		0
PageDirEntry	IpajiUbubikoentry	IpajiUbubikoentry	existing-unreviewed		0
PageDirectoryEntry	IpajiUbubikoentry_2	IpajiUbubikoentry_2	existing-unreviewed		0
PageFault	Ipajifault	Ipajifault	existing-unreviewed		0
PageFaultException	Ipajifaultexception	Ipajifaultexception	existing-unreviewed		0
PageRoundDown	Ipajirounddown	Ipajirounddown	existing-unreviewed		0
PageRoundUp	Ipajiroundup	Ipajiroundup	existing-unreviewed		0
PageTableEntry	IpajiImbonerahamweentry	IpajiImbonerahamweentry	existing-unreviewed		0
Paging	Paging	Paging	existing-unreviewed		0
ParentPid	Parentpid	Parentpid	existing-unreviewed		0
Parse	Parse	Parse	existing-unreviewed		0
Partition_id	Partitionid	Partitionid	existing-unreviewed		0
PhyMemTest	Phymemtest	Phymemtest	existing-unreviewed		0
PhysicalMemoryManager	PhysicalUbubikomanager	PhysicalUbubikomanager	existing-unreviewed		0
Pid	Pid	Pid	existing-unreviewed		0
Port	Umuyoboro	Umuyoboro	existing-unreviewed		0
PortBase	Umuyoborobase	Umuyoborobase	existing-unreviewed		0
PortInByte	UmuyoboroImberebyte	UmuyoboroImberebyte	existing-unreviewed		0
PortInDword	UmuyoboroImberedword	UmuyoboroImberedword	existing-unreviewed		0
PortInWord	UmuyoboroImbereword	UmuyoboroImbereword	existing-unreviewed		0
PortOutByte	UmuyoboroInyumabyte	UmuyoboroInyumabyte	existing-unreviewed		0
PortOutDword	UmuyoboroInyumadword	UmuyoboroInyumadword	existing-unreviewed		0
PortOutWord	UmuyoboroInyumaword	UmuyoboroInyumaword	existing-unreviewed		0
PortReadByte	Umuyoborogusomabyte	Umuyoborogusomabyte	existing-unreviewed		0
PortReadDword	Umuyoborogusomadword	Umuyoborogusomadword	existing-unreviewed		0
PortReadWord	Umuyoborogusomaword	Umuyoborogusomaword	existing-unreviewed		0
PortWriteByte	Umuyoborokwandikabyte	Umuyoborokwandikabyte	existing-unreviewed		0
PortWriteDword	Umuyoborokwandikadword	Umuyoborokwandikadword	existing-unreviewed		0
PortWriteWord	Umuyoborokwandikaword	Umuyoborokwandikaword	existing-unreviewed		0
Prev	Previous	Previous	existing-unreviewed		0
PrevTSS	Previoustss	Previoustss	existing-unreviewed		0
PrimaryPartition	Primarypartition	Primarypartition	existing-unreviewed		0
Print	Gucapa	Gucapa	existing-unreviewed		0
PrintBytes	GucapaBayite	GucapaBayite	existing-unreviewed		0
PrintStr	Gucapastr	Gucapastr	existing-unreviewed		0
PrintTLS	Gucapatls	Gucapatls	existing-unreviewed		0
PrintTest	Gucapatest	Gucapatest	existing-unreviewed		0
Process	Process	Process	existing-unreviewed		0
ProcessHelper	Processhelper	Processhelper	existing-unreviewed		0
ProcessPendingKeyboardEvents	ProcesspendingMwandikishoevents	ProcesspendingMwandikishoevents	existing-unreviewed		0
ProcessPendingMouseEvents	ProcesspendingImbebaevents	ProcesspendingImbebaevents	existing-unreviewed		0
PushAt	Pushat	Insert_at_index	pending-language-review	insert_at	1
PushBack	Pushback	Append_to_list	pending-language-review	append	12
PushFront	Pushfront	Prepend_to_list	pending-language-review	prepend	5
PutPixel	Putpixel	Putpixel	existing-unreviewed		0
PutPixelRGB	Putpixelrgb	Putpixelrgb	existing-unreviewed		0
QUEUE_START_ADDR	Queuestartaddress	Queuestartaddress	existing-unreviewed		0
Rdev	Rdev	Rdev	existing-unreviewed		0
Read	Gusoma	Gusoma	existing-unreviewed		0
Read28	Gusoma28	Gusoma28	existing-unreviewed		0
ReadFile	GusomaIdosiye	GusomaIdosiye	pending-language-review	file_read	0
ReadPartitions	Gusomapartition	Gusomapartition	existing-unreviewed		0
Ready	Ready	Ready	existing-unreviewed		0
Receive	Receive	Receive	existing-unreviewed		0
Ref	Reference	Reference	existing-unreviewed		0
Release	Release	Release	existing-unreviewed		0
ReloadCR3	Reloadcr3	Reloadcr3	existing-unreviewed		0
Remove	Gukuraho	Gukuraho	existing-unreviewed		0
RemoveAt	Gukurahoat	Gukurahoat	existing-unreviewed		0
RemoveThread	Gukurahothread	Gukurahothread	existing-unreviewed		0
RemoveThreadAt	Gukurahothreadat	Gukurahothreadat	existing-unreviewed		0
RequestMacAddress	Requestmacaddress	Requestmacaddress	existing-unreviewed		0
Reset	Kugarura	Kugarura	existing-unreviewed		0
Resolve	Resolve	Resolve	existing-unreviewed		0
ResolveCopyOnWriteFault	ResolveGukopororaKurikwandikafault	ResolveGukopororaKurikwandikafault	existing-unreviewed		0
SCHEDULER_FREQUENCY	Schedulerfrequency	Schedulerfrequency	existing-unreviewed		0
SEG_BIG_MODE	SegbigUbwoko	SegbigUbwoko	existing-unreviewed		0
SEG_EXEC	Segexec	Segexec	existing-unreviewed		0
SEG_GRAN_4K_PAGE	Seggran4kIpaji	Seggran4kIpaji	existing-unreviewed		0
SEG_GRAN_BYTE	Seggranbyte	Seggranbyte	existing-unreviewed		0
SEG_KERNEL_CODE	Segkernelcode	Segkernelcode	existing-unreviewed		0
SEG_KERNEL_DATA	Segkerneldata	Segkerneldata	existing-unreviewed		0
SEG_KERNEL_GS	Segkernelgs	Segkernelgs	existing-unreviewed		0
SEG_NOEXEC	Segnoexec	Segnoexec	existing-unreviewed		0
SEG_NORMAL	SegBisanzwe	SegBisanzwe	existing-unreviewed		0
SEG_NORW	Segnorw	Segnorw	existing-unreviewed		0
SEG_R	Segr	Segr	existing-unreviewed		0
SEG_SYSTEM	Segsystem	Segsystem	existing-unreviewed		0
SEG_TASK_STATE	Segtaskstate	Segtaskstate	existing-unreviewed		0
SEG_USER_CODE	SegUkoreshacode	SegUkoreshacode	existing-unreviewed		0
SEG_USER_DATA	SegUkoreshadata	SegUkoreshadata	existing-unreviewed		0
SEG_USER_GS	SegUkoreshags	SegUkoreshags	existing-unreviewed		0
SEG_W	Segw	Segw	existing-unreviewed		0
SIMDFloatingPointException	Simdfloatingpointexception	Simdfloatingpointexception	existing-unreviewed		0
SIZE	Ingano	Ingano	existing-unreviewed		0
SYS_ACCESS	Sysaccess	Sysaccess	existing-unreviewed		0
SYS_BRK	Sysbrk	Sysbrk	existing-unreviewed		0
SYS_CHDIR	Syschdir	Syschdir	existing-unreviewed		0
SYS_CLOSE	SysGufunga	SysGufunga	existing-unreviewed		0
SYS_CREAT	Syscreat	Syscreat	existing-unreviewed		0
SYS_DUP	Sysdup	Sysdup	existing-unreviewed		0
SYS_DUP2	Sysdup2	Sysdup2	existing-unreviewed		0
SYS_EXECVE	Sysexecve	Sysexecve	existing-unreviewed		0
SYS_EXIT	SysGusohoka	SysGusohoka	existing-unreviewed		0
SYS_FCNTL	Sysfcntl	Sysfcntl	existing-unreviewed		0
SYS_FORK	Sysfork	Sysfork	existing-unreviewed		0
SYS_FSTAT	Sysfstat	Sysfstat	existing-unreviewed		0
SYS_FSYNC	Sysfsync	Sysfsync	existing-unreviewed		0
SYS_GETCWD	Sysgetcwd	Sysgetcwd	existing-unreviewed		0
SYS_GETEGID	Sysgetegid	Sysgetegid	existing-unreviewed		0
SYS_GETEUID	Sysgeteuid	Sysgeteuid	existing-unreviewed		0
SYS_GETGID	Sysgetgid	Sysgetgid	existing-unreviewed		0
SYS_GETPID	Sysgetpid	Sysgetpid	existing-unreviewed		0
SYS_GETPPID	Sysgetppid	Sysgetppid	existing-unreviewed		0
SYS_GETUID	Sysgetuid	Sysgetuid	existing-unreviewed		0
SYS_LSEEK	Syslseek	Syslseek	existing-unreviewed		0
SYS_LSTAT	Syslstat	Syslstat	existing-unreviewed		0
SYS_OPEN	SysGufungura	SysGufungura	existing-unreviewed		0
SYS_READ	Sysgusoma	Sysgusoma	existing-unreviewed		0
SYS_RT_EXIT	SysrtGusohoka	SysrtGusohoka	existing-unreviewed		0
SYS_SOCKETCALL	Syssocketcall	Syssocketcall	existing-unreviewed		0
SYS_STAT	Sysstat	Sysstat	existing-unreviewed		0
SYS_SYNC	Syssync	Syssync	existing-unreviewed		0
SYS_UNAME	Sysuname	Sysuname	existing-unreviewed		0
SYS_WAITPID	Syswaitpid	Syswaitpid	existing-unreviewed		0
SYS_WRITE	Syskwandika	Syskwandika	existing-unreviewed		0
Schedule	Schedule	Schedule	existing-unreviewed		0
Scheduler	Scheduler	Scheduler	existing-unreviewed		0
SchedulerData	Schedulerdata	Schedulerdata	existing-unreviewed		0
SegmentNotPresent	Segmentnotpresent	Segmentnotpresent	existing-unreviewed		0
SelectDrivers	Selectdriver	Selectdriver	existing-unreviewed		0
Send	Send	Send	existing-unreviewed		0
SendEchoRequest	Echorequestsend	Echorequestsend	existing-unreviewed		0
SendFrame	Ikadirisend	Ikadirisend	existing-unreviewed		0
SerialInit	Serialinit	Serialinit	existing-unreviewed		0
SerialWriteByte	Serialkwandikabyte	Serialkwandikabyte	existing-unreviewed		0
SetBackend	Setbackend	Setbackend	existing-unreviewed		0
SetBit	Setbit	Setbit	existing-unreviewed		0
SetBlockInPageDir	SetblockImbereIpajiUbubiko	SetblockImbereIpajiUbubiko	existing-unreviewed		0
SetBuffer	Setbuffer	Setbuffer	existing-unreviewed		0
SetByteAtAddr	Setbyteataddress	Setbyteataddress	existing-unreviewed		0
SetByteInPageDir	SetbyteImbereIpajiUbubiko	SetbyteImbereIpajiUbubiko	existing-unreviewed		0
SetCR3	Setcr3	Setcr3	existing-unreviewed		0
SetColor	Setcolor	Setcolor	existing-unreviewed		0
SetDescriptor	Setdescriptor	Setdescriptor	existing-unreviewed		0
SetHandleInterruptFuction	Sethandleinterruptfuction	Sethandleinterruptfuction	existing-unreviewed		0
SetHandler	Sethandler	Sethandler	existing-unreviewed		0
SetIPAddress	Setipaddress	Setipaddress	existing-unreviewed		0
SetInterruptDescriptorTableEntry	InterruptdescriptorImbonerahamweentryset	InterruptdescriptorImbonerahamweentryset	existing-unreviewed		0
SetInterruptManager	Setinterruptmanager	Setinterruptmanager	existing-unreviewed		0
SetInterruptNumber	Setinterruptnumber	Setinterruptnumber	existing-unreviewed		0
SetMode	SetUbwoko	SetUbwoko	existing-unreviewed		0
SetNodeAt	Setnodeat	Setnodeat	existing-unreviewed		0
SetStack	Setstack	Setstack	existing-unreviewed		0
SetTlsSegment	Settlssegment	Settlssegment	existing-unreviewed		0
SetUint32AtAddr	Setunsignedinteger32ataddress	Setunsignedinteger32ataddress	existing-unreviewed		0
SetUint32InPageDir	Setunsignedinteger32ImbereIpajiUbubiko	Setunsignedinteger32ImbereIpajiUbubiko	existing-unreviewed		0
SetUint8AtAddr	Setunsignedinteger8ataddress	Setunsignedinteger8ataddress	existing-unreviewed		0
SharedMemoryRegion	SharedUbubikoregion	SharedUbubikoregion	existing-unreviewed		0
Size	Ingano_2	Ingano_2	existing-unreviewed		0
Spawn	Spawn	Spawn	existing-unreviewed		0
Ss	Ss	Ss	existing-unreviewed		0
Stack	Stack	Stack	existing-unreviewed		0
StackSegmentFault	Stacksegmentfault	Stacksegmentfault	existing-unreviewed		0
Start_lba	Startlba	Startlba	existing-unreviewed		0
Started	Started	Started	existing-unreviewed		0
StdinPutByte	Stdinputbyte	Stdinputbyte	existing-unreviewed		0
StopCurrentThread	Guhagararacurrentthread	Guhagararacurrentthread	existing-unreviewed		0
Stopped	Kyahagariswe	Kyahagariswe	existing-unreviewed		0
SubnetMask	Subnetmask	Subnetmask	existing-unreviewed		0
SupportMode	SupportUbwoko	SupportUbwoko	existing-unreviewed		0
Sys_brk	Sysbrk_2	Sysbrk_2	existing-unreviewed		0
Sys_close	SysGufunga_2	SysGufunga_2	existing-unreviewed		0
Sys_exit	SysGusohoka_2	SysGusohoka_2	existing-unreviewed		0
Sys_getpid	Sysgetpid_2	Sysgetpid_2	existing-unreviewed		0
Sys_mousemove	Sysmousemove	Sysmousemove	existing-unreviewed		0
Sys_open	SysGufungura_2	SysGufungura_2	existing-unreviewed		0
Sys_printStr	SysGucapastr	SysGucapastr	existing-unreviewed		0
Sys_printUint32	SysGucapaunsignedinteger32	SysGucapaunsignedinteger32	existing-unreviewed		0
Sys_printf	Sysprintf	Sysprintf	existing-unreviewed		0
Sys_read	Sysgusoma_2	Sysgusoma_2	existing-unreviewed		0
Syscall	Syscall	Syscall	existing-unreviewed		0
Sysname	Sysname	Sysname	existing-unreviewed		0
TARPEtherFrameHandler	ArpethernetIkadirihandler	ArpethernetIkadirihandler	existing-unreviewed		0
TARPMessage	ArpUbutumwa	ArpUbutumwa	existing-unreviewed		0
TARPMessageBuffer	ArpUbutumwabuffer	ArpUbutumwabuffer	existing-unreviewed		0
TARPProvider	Arpprovider	Arpprovider	existing-unreviewed		0
TAdvancedTechnologyAttachment	TUrwegorwohejurutechnologyattachment	TUrwegorwohejurutechnologyattachment	existing-unreviewed		0
TArray	TImbonerahamwe	TImbonerahamwe	existing-unreviewed		0
TBaseAddressRegister	TBaseaddressregister	TBaseaddressregister	existing-unreviewed		0
TBiosParameterBlock32	TBiosparameterblock32	TBiosparameterblock32	pending-language-review	fat_parameters	0
TBufferDescriptor	TBufferdescriptor	TBufferdescriptor	existing-unreviewed		0
TCOWFrameManager	TcowIkadirimanager	TcowIkadirimanager	existing-unreviewed		0
TCPUState	Tcpustate	Tcpustate	existing-unreviewed		0
TDefaultKeyboardEventHandler	TMburabuziMwandikishoeventhandler	TMburabuziMwandikishoeventhandler	existing-unreviewed		0
TDefaultMouseEventHandler	TMburabuziImbebaeventhandler	TMburabuziImbebaeventhandler	existing-unreviewed		0
TDefaultPCIControllerHandler	TMburabuzipcicontrollerhandler	TMburabuzipcicontrollerhandler	existing-unreviewed		0
TDefaultTimerEventHandler	TMburabuzitimereventhandler	TMburabuzitimereventhandler	existing-unreviewed		0
TDirectoryEntryFat32	TUbubikoentryfat32	TUbubikoentryfat32	existing-unreviewed		0
TDriverManager	TDrivermanager	TDrivermanager	existing-unreviewed		0
TEtherFrameHandler	TEthernetIkadirihandler	TEthernetIkadirihandler	existing-unreviewed		0
TEtherFrameHeader	TEthernetIkadiriheader	TEthernetIkadiriheader	pending-language-review	ethernet_header	0
TEtherFrameHeaderBuffer	TEthernetIkadiriheaderbuffer	TEthernetIkadiriheaderbuffer	existing-unreviewed		0
TEtherFrameProvider	TEthernetIkadiriprovider	TEthernetIkadiriprovider	pending-language-review	ethernet_provider	0
TEtherFrameRawDataHandler	TEthernetIkadirirawdatahandler	TEthernetIkadirirawdatahandler	existing-unreviewed		0
TGateDescriptor	TGatedescriptor	TGatedescriptor	existing-unreviewed		0
THREAD_STACK_SIZE	ThreadstackIngano	ThreadstackIngano	existing-unreviewed		0
TICMPHandler	Icmphandler	Icmphandler	existing-unreviewed		0
TIPEtherFrameHandler	IpethernetIkadirihandler	IpethernetIkadirihandler	existing-unreviewed		0
TInitializationBlock	TInitializationblock	TInitializationblock	existing-unreviewed		0
TInternetControlMessageProtocol	TInterineticontrolUbutumwaprotocol	TInterineticontrolUbutumwaprotocol	pending-language-review	icmp	0
TInternetControlMessageProtocolMessage	TInterineticontrolUbutumwaprotocolUbutumwa	TInterineticontrolUbutumwaprotocolUbutumwa	existing-unreviewed		0
TInternetControlMessageProtocolMessageBuffer	TInterineticontrolUbutumwaprotocolUbutumwabuffer	TInterineticontrolUbutumwaprotocolUbutumwabuffer	existing-unreviewed		0
TInternetProtocolHandler	TInterinetiprotocolhandler	TInterinetiprotocolhandler	existing-unreviewed		0
TInternetProtocolProvider	TInterinetiprotocolprovider	TInterinetiprotocolprovider	pending-language-review	ip_provider	0
TInternetProtocolV4Message	TInterinetiprotocolv4Ubutumwa	TInterinetiprotocolv4Ubutumwa	existing-unreviewed		0
TInternetProtocolV4MessageBuffer	TInterinetiprotocolv4Ubutumwabuffer	TInterinetiprotocolv4Ubutumwabuffer	existing-unreviewed		0
TInterruptDescriptorTablePointer	TInterruptdescriptorImbonerahamwepointer	TInterruptdescriptorImbonerahamwepointer	existing-unreviewed		0
TInterruptHandler	TInterrupthandler	TInterrupthandler	existing-unreviewed		0
TInterruptManager	TInterruptmanager	TInterruptmanager	existing-unreviewed		0
TKeyboardDriver	TMwandikishodriver	TMwandikishodriver	existing-unreviewed		0
TLS_START	Tlsstart	Tlsstart	existing-unreviewed		0
TMSDOSPartitionTable	TmsdospartitionImbonerahamwe	TmsdospartitionImbonerahamwe	existing-unreviewed		0
TMasterBootRecord	TMasterbootrecord	TMasterbootrecord	pending-language-review	boot_record	0
TMemoryChunk	TUbubikochunk	TUbubikochunk	existing-unreviewed		0
TMemoryManager	TUbubikomanager	TUbubikomanager	existing-unreviewed		0
TMouseDriver	TImbebadriver	TImbebadriver	existing-unreviewed		0
TMyKeyboardEventHandler	TMyMwandikishoeventhandler	TMyMwandikishoeventhandler	existing-unreviewed		0
TMyMouseEventHandler	TMyImbebaeventhandler	TMyImbebaeventhandler	existing-unreviewed		0
TMyPCIControllerHandler	TMypcicontrollerhandler	TMypcicontrollerhandler	existing-unreviewed		0
TPartitionTableEntry	TPartitionImbonerahamweentry	TPartitionImbonerahamweentry	existing-unreviewed		0
TPeripheralComponentInterconnectController	TPeripheralcomponentinterconnectcontroller	TPeripheralcomponentinterconnectcontroller	existing-unreviewed		0
TPeripheralComponentInterconnectDeviceDescriptor	TPeripheralcomponentinterconnectUbubikodescriptor	TPeripheralcomponentinterconnectUbubikodescriptor	existing-unreviewed		0
TPort	TUmuyoboro	TUmuyoboro	existing-unreviewed		0
TPort16Bit	TUmuyoboro16bit	TUmuyoboro16bit	existing-unreviewed		0
TPort32Bit	TUmuyoboro32bit	TUmuyoboro32bit	existing-unreviewed		0
TPort8Bit	TUmuyoboro8bit	TUmuyoboro8bit	existing-unreviewed		0
TRawDataHandler	TRawdatahandler	TRawdatahandler	existing-unreviewed		0
TSSEntry	Tssentry	Tssentry	existing-unreviewed		0
TSyscall	TSyscall	TSyscall	existing-unreviewed		0
TTask	TTask	TTask	existing-unreviewed		0
TThread	TThread	TThread	existing-unreviewed		0
TThreadHelper	TThreadhelper	TThreadhelper	existing-unreviewed		0
TTimerDriver	TTimerdriver	TTimerdriver	existing-unreviewed		0
TUserDatagramProtocolHandler	TUkoreshadatagramprotocolhandler	TUkoreshadatagramprotocolhandler	existing-unreviewed		0
TUserDatagramProtocolHeader	TUkoreshadatagramprotocolheader	TUkoreshadatagramprotocolheader	pending-language-review	udp_header	0
TUserDatagramProtocolHeaderBuffer	TUkoreshadatagramprotocolheaderbuffer	TUkoreshadatagramprotocolheaderbuffer	existing-unreviewed		0
TUserDatagramProtocolProvider	TUkoreshadatagramprotocolprovider	TUkoreshadatagramprotocolprovider	existing-unreviewed		0
TUserDatagramProtocolSocket	TUkoreshadatagramprotocolsocket	TUkoreshadatagramprotocolsocket	pending-language-review	udp_socket	0
TVideoGraphicsArray	TInyerekanamashushoIbishushanyoImbonerahamwe	TInyerekanamashushoIbishushanyoImbonerahamwe	existing-unreviewed		0
TWidget	TWidget	TWidget	pending-language-review	widget	0
TWidgetMouseEventHandler	TWidgetImbebaeventhandler	TWidgetImbebaeventhandler	existing-unreviewed		0
Tamd_am79c973	Tamdam79c973	Tamdam79c973	existing-unreviewed		0
Test	Test	Test	existing-unreviewed		0
TestBit	Testbit	Testbit	existing-unreviewed		0
TestPrint	TestGucapa	TestGucapa	existing-unreviewed		0
Thread	Thread	Thread	existing-unreviewed		0
ThreadList	Threadlist	Threadlist	existing-unreviewed		0
ThreadState	Threadstate	Threadstate	existing-unreviewed		0
Threads	Threads	Threads	existing-unreviewed		0
TlsSegments	Tlssegments	Tlssegments	existing-unreviewed		0
TotalBlocks	Igiteranyoblock	Igiteranyoblock	existing-unreviewed		0
Type	Ubwoko_2	Ubwoko_2	existing-unreviewed		0
TypeTest	Ubwokotest	Ubwokotest	existing-unreviewed		0
T공용서술자테이블	TShareddescriptorImbonerahamwe	TShareddescriptorImbonerahamwe	existing-unreviewed		0
T공용서술자테이블_자료	TShareddescriptorImbonerahamwedata	TShareddescriptorImbonerahamwedata	existing-unreviewed		0
T작업관리자	TTaskmanager	TTaskmanager	existing-unreviewed		0
T조각설명자	TSegmentdescriptor	TSegmentdescriptor	existing-unreviewed		0
T콘솔	TConsole	TConsole	existing-unreviewed		0
T함수1	TFunction1	TFunction1	existing-unreviewed		0
UDESC_32SEG	Udesc32seg	Udesc32seg	existing-unreviewed		0
UDESC_CONTENTS	UdescIbigize	UdescIbigize	existing-unreviewed		0
UDESC_LIMIT_IN_PAGES	UdesclimitImbereAmapaji	UdesclimitImbereAmapaji	existing-unreviewed		0
UDESC_RX_ONLY	Udescrxonly	Udescrxonly	existing-unreviewed		0
UDESC_SEG_NOT_PRESENT	Udescsegnotpresent	Udescsegnotpresent	existing-unreviewed		0
UDESC_USABLE	Udescusable	Udescusable	existing-unreviewed		0
USER_STACK	Ukoreshastack	Ukoreshastack	existing-unreviewed		0
USER_STACK_SIZE	UkoreshastackIngano	UkoreshastackIngano	existing-unreviewed		0
USER_STACK_TOP	Ukoreshastacktop	Ukoreshastacktop	existing-unreviewed		0
Uid	Uid	Uid	existing-unreviewed		0
Uint16ToArray	Unsignedinteger16toImbonerahamwe	Unsignedinteger16toImbonerahamwe	existing-unreviewed		0
Uint16ToArray_BE	Unsignedinteger16toImbonerahamwebe	Unsignedinteger16toImbonerahamwebe	existing-unreviewed		0
Uint16_R	Unsignedinteger16r	Unsignedinteger16r	existing-unreviewed		0
Uint32ToArray	Unsignedinteger32toImbonerahamwe	Unsignedinteger32toImbonerahamwe	existing-unreviewed		0
Uint32_R	Unsignedinteger32r	Unsignedinteger32r	existing-unreviewed		0
Uint48ToArray	Unsignedinteger48toImbonerahamwe	Unsignedinteger48toImbonerahamwe	existing-unreviewed		0
Uint48ToArray_BE	Unsignedinteger48toImbonerahamwebe	Unsignedinteger48toImbonerahamwebe	existing-unreviewed		0
Uint48_R	Unsignedinteger48r	Unsignedinteger48r	existing-unreviewed		0
Uint64ToArray	Unsignedinteger64toImbonerahamwe	Unsignedinteger64toImbonerahamwe	existing-unreviewed		0
Uint64_R	Unsignedinteger64r	Unsignedinteger64r	existing-unreviewed		0
UnhandleInterrupt	Unhandleinterrupt	Unhandleinterrupt	existing-unreviewed		0
UnsetBit	Unsetbit	Toggle_allocation_bit	pending-language-review	toggle_bit	1
UsedBlocks	Usedblock	Usedblock	existing-unreviewed		0
UserDesc	Ukoreshadescriptor	Ukoreshadescriptor	existing-unreviewed		0
UserStack	Ukoreshastack_2	Ukoreshastack_2	existing-unreviewed		0
UserStackSize	UkoreshastackIngano_2	UkoreshastackIngano_2	existing-unreviewed		0
Vendor_id	Vendorid	Vendorid	existing-unreviewed		0
Version	Version	Version	existing-unreviewed		0
VirtTest	Virttest	Virttest	existing-unreviewed		0
Write	Kwandika	Kwandika	existing-unreviewed		0
Write28	Kwandika28	Kwandika28	existing-unreviewed		0
WriteRegisters	Kwandikaregister	Kwandikaregister	existing-unreviewed		0
X	X	X	existing-unreviewed		0
Y	Y	Y	existing-unreviewed		0
Zero	Zero	Zero	existing-unreviewed		0
ZeroBlockInPageDir	ZeroblockImbereIpajiUbubiko	ZeroblockImbereIpajiUbubiko	existing-unreviewed		0
a	a	a	existing-unreviewed		0
aTime	aIgihe	aIgihe	existing-unreviewed		0
access	access	access	existing-unreviewed		0
accessMode	accessUbwoko	accessUbwoko	existing-unreviewed		0
ack	ack	ack	existing-unreviewed		0
activeKeyboardDriver	gikoraMwandikishodriver	gikoraMwandikishodriver	existing-unreviewed		0
activeMouseDriver	gikoraImbebadriver	gikoraImbebadriver	existing-unreviewed		0
addr	address	address	existing-unreviewed		0
addrPtr	addresspointer	addresspointer	existing-unreviewed		0
address	address_2	address_2	existing-unreviewed		0
addressError	addressIkosa	addressIkosa	existing-unreviewed		0
afInet	afinet	afinet	existing-unreviewed		0
allocFD	allocatefd	allocatefd	existing-unreviewed		0
allocOpenFile	allocateGufunguraIdosiye	allocateGufunguraIdosiye	existing-unreviewed		0
allocProcess	allocateprocess	allocateprocess	existing-unreviewed		0
allocateSocket	allocatesocket	allocatesocket	existing-unreviewed		0
allocated	allocated	allocated	existing-unreviewed		0
amd_am79c973	amdam79c973	amdam79c973	existing-unreviewed		0
args	arguments	arguments	existing-unreviewed		0
argument	argument	argument	existing-unreviewed		0
argumentPointers	argumentpointers	argumentpointers	existing-unreviewed		0
arguments	arguments_2	arguments_2	existing-unreviewed		0
arp	arp	arp	existing-unreviewed		0
arpBuffer	arpbuffer	arpbuffer	existing-unreviewed		0
arpMesgSize	arpmesgIngano	arpmesgIngano	existing-unreviewed		0
arpProvider	arpprovider	arpprovider	existing-unreviewed		0
arp콘솔	arpconsole	arpconsole	existing-unreviewed		0
array	imbonerahamwe	imbonerahamwe	existing-unreviewed		0
ata	ata	ata	existing-unreviewed		0
ata0s	ata0s	ata0s	existing-unreviewed		0
attempts	attempts	attempts	existing-unreviewed		0
attr	attribute	attribute	existing-unreviewed		0
attributeControllerIndexPort	attributecontrollerUmubarendangaUmuyoboro	attributecontrollerUmubarendangaUmuyoboro	existing-unreviewed		0
attributeControllerReadPort	attributecontrollergusomaUmuyoboro	attributecontrollergusomaUmuyoboro	existing-unreviewed		0
attributeControllerResetPort	attributecontrollerKugaruraUmuyoboro	attributecontrollerKugaruraUmuyoboro	existing-unreviewed		0
attributeControllerWritePort	attributecontrollerkwandikaUmuyoboro	attributecontrollerkwandikaUmuyoboro	existing-unreviewed		0
attributes	attributes	attributes	existing-unreviewed		0
aux	aux	aux	existing-unreviewed		0
avail	available	available	existing-unreviewed		0
b	b	b	existing-unreviewed		0
backend	backend	backend	existing-unreviewed		0
backupFpRegs	backupfpregs	backupfpregs	existing-unreviewed		0
backupSector	backupsector	backupsector	existing-unreviewed		0
bar	bar	bar	existing-unreviewed		0
barNum	barnumber	barnumber	existing-unreviewed		0
bar_value	barAgaciro	barAgaciro	existing-unreviewed		0
base	base	base	existing-unreviewed		0
baseCode	basecode	basecode	existing-unreviewed		0
baseHigh	basehigh	basehigh	existing-unreviewed		0
baseLow	baselow	baselow	existing-unreviewed		0
baseMid	basemid	basemid	existing-unreviewed		0
base_addr_high	baseaddresshigh	baseaddresshigh	existing-unreviewed		0
base_addr_low	baseaddresslow	baseaddresslow	existing-unreviewed		0
bh	bh	bh	existing-unreviewed		0
bindEphemeral	bindephemeral	bindephemeral	existing-unreviewed		0
bindError	bindIkosa	bindIkosa	existing-unreviewed		0
bios	bios	bios	existing-unreviewed		0
bit	bit	bit	existing-unreviewed		0
bitmap	bitmap	bitmap	pending-language-review	bitmap	0
bootSignature	bootsignature	bootsignature	existing-unreviewed		0
bootable	bootable	bootable	existing-unreviewed		0
bootloader	bootloader	bootloader	existing-unreviewed		0
bound	bound	bound	existing-unreviewed		0
bpb	bpb	bpb	pending-language-review	fat_parameters	0
bpbBytes	bpbBayite	bpbBayite	existing-unreviewed		0
bpbPtr	bpbpointer	bpbpointer	existing-unreviewed		0
buf	buffer	buffer	existing-unreviewed		0
buf1	buffer1	buffer1	existing-unreviewed		0
buf2	buffer2	buffer2	existing-unreviewed		0
buf3	buffer3	buffer3	existing-unreviewed		0
buf4	buffer4	buffer4	existing-unreviewed		0
buf6	buffer6	buffer6	existing-unreviewed		0
buffer	buffer_2	buffer_2	existing-unreviewed		0
buffer1	buffer1_2	buffer1_2	existing-unreviewed		0
buffer2	buffer2_2	buffer2_2	existing-unreviewed		0
bufferAddr	bufferaddress	bufferaddress	existing-unreviewed		0
bufferAddress	bufferaddress_2	bufferaddress_2	existing-unreviewed		0
bufptr	bufferpointer	bufferpointer	existing-unreviewed		0
bus	bus	bus	existing-unreviewed		0
busControlRegisterDataPort	buscontrolregisterdataUmuyoboro	buscontrolregisterdataUmuyoboro	existing-unreviewed		0
button	button	button	existing-unreviewed		0
buttons	button_2	button_2	existing-unreviewed		0
bytesPerSector	bayitepersector	bayitepersector	existing-unreviewed		0
c	c	c	existing-unreviewed		0
cDate	cItariki	cItariki	existing-unreviewed		0
cTime	cIgihe	cIgihe	existing-unreviewed		0
cTimeTenth	cIgihetenth	cIgihetenth	existing-unreviewed		0
call	call	call	existing-unreviewed		0
candidate	candidate	candidate	existing-unreviewed		0
cap	cap	cap	existing-unreviewed		0
char	char	char	existing-unreviewed		0
checked	checked	checked	existing-unreviewed		0
checksum	checksum	checksum	existing-unreviewed		0
child	child	child	existing-unreviewed		0
childPID	childpid	childpid	existing-unreviewed		0
childPageDir	childIpajiUbubiko	childIpajiUbubiko	existing-unreviewed		0
chunk	chunk	chunk	existing-unreviewed		0
class_id	classid	classid	existing-unreviewed		0
closeAllProcessFDs	gufungaByoseprocessfds	gufungaByoseprocessfds	existing-unreviewed		0
closeOnExec	gufungaKuriexec	gufungaKuriexec	existing-unreviewed		0
closeProcessFD	gufungaprocessfd	gufungaprocessfd	existing-unreviewed		0
code	code	code	existing-unreviewed		0
code1Ptr	code1pointer	code1pointer	existing-unreviewed		0
code1ptr	code1pointer_2	code1pointer_2	existing-unreviewed		0
code2Ptr	code2pointer	code2pointer	existing-unreviewed		0
code3Ptr	code3pointer	code3pointer	existing-unreviewed		0
codeSegment	codesegment	codesegment	existing-unreviewed		0
colorIndex	colorUmubarendanga	colorUmubarendanga	existing-unreviewed		0
colordepth	colordepth	colordepth	existing-unreviewed		0
command	icyowifuza	icyowifuza	existing-unreviewed		0
commandPort	icyowifuzaUmuyoboro	icyowifuzaUmuyoboro	existing-unreviewed		0
commandport	icyowifuzaUmuyoboro_2	icyowifuzaUmuyoboro_2	existing-unreviewed		0
common	common	common	existing-unreviewed		0
connected	connected	connected	existing-unreviewed		0
console	console	console	existing-unreviewed		0
controlPort	controlUmuyoboro	controlUmuyoboro	existing-unreviewed		0
copyExecVector	gukopororaexecvector	gukopororaexecvector	existing-unreviewed		0
copyLength	gukopororalength	gukopororalength	existing-unreviewed		0
copyPageDir	gukopororaIpajiUbubiko	gukopororaIpajiUbubiko	existing-unreviewed		0
copyPath	gukopororaInzira	gukopororaInzira	existing-unreviewed		0
copySocketName	gukopororasocketIzina	gukopororasocketIzina	existing-unreviewed		0
copyUtsField	gukopororautsfield	gukopororautsfield	existing-unreviewed		0
count	count	count	existing-unreviewed		0
count2	count2	count2	existing-unreviewed		0
cowFrameManager	cowIkadirimanager	cowIkadirimanager	existing-unreviewed		0
cpu	cpu	cpu	existing-unreviewed		0
cpustate	cpustate	cpustate	existing-unreviewed		0
cr0	cr0	cr0	existing-unreviewed		0
cr3	cr3	cr3	existing-unreviewed		0
cr4	cr4	cr4	existing-unreviewed		0
crtcDataPort	crtcdataUmuyoboro	crtcdataUmuyoboro	existing-unreviewed		0
crtcIndexPort	crtcUmubarendangaUmuyoboro	crtcUmubarendangaUmuyoboro	existing-unreviewed		0
cs	cs	cs	existing-unreviewed		0
currentRecvBuffer	currentrecvbuffer	currentrecvbuffer	existing-unreviewed		0
currentSendBuffer	currentsendbuffer	currentsendbuffer	existing-unreviewed		0
currentTask	currenttask	currenttask	existing-unreviewed		0
currentThread	currentthread	currentthread	existing-unreviewed		0
currentThreadIndex	currentthreadUmubarendanga	currentthreadUmubarendanga	existing-unreviewed		0
cursorHeight	cursorUbuhagarike	cursorUbuhagarike	existing-unreviewed		0
cursorStart	cursorstart	cursorstart	existing-unreviewed		0
d_tag	dItagi	dItagi	existing-unreviewed		0
d_val_ptr	dvalpointer	dvalpointer	existing-unreviewed		0
data	data	data	existing-unreviewed		0
dataBuf	databuffer	databuffer	existing-unreviewed		0
dataBytes	dataBayite	dataBayite	existing-unreviewed		0
dataPointer	datapointer	datapointer	existing-unreviewed		0
dataPort	dataUmuyoboro	dataUmuyoboro	existing-unreviewed		0
dataStart	datastart	datastart	existing-unreviewed		0
databuffer	databuffer_2	databuffer_2	existing-unreviewed		0
dataport	dataUmuyoboro_2	dataUmuyoboro_2	existing-unreviewed		0
defaultKeyboardEventHandler	mburabuziMwandikishoeventhandler	mburabuziMwandikishoeventhandler	existing-unreviewed		0
desc	descriptor	descriptor	existing-unreviewed		0
description	umwirondoro	umwirondoro	existing-unreviewed		0
destination	destination	destination	existing-unreviewed		0
destinationAddress	destinationaddress	destinationaddress	existing-unreviewed		0
destinationLength	destinationlength	destinationlength	existing-unreviewed		0
dev	ububiko	ububiko	existing-unreviewed		0
device	ububiko_2	ububiko_2	existing-unreviewed		0
deviceDescriptor	ububikodescriptor	ububikodescriptor	existing-unreviewed		0
devicePort	ububikoUmuyoboro	ububikoUmuyoboro	existing-unreviewed		0
diff	diff	diff	existing-unreviewed		0
digits	digits	digits	existing-unreviewed		0
dirent	dirent	dirent	existing-unreviewed		0
direntBytes	direntBayite	direntBayite	existing-unreviewed		0
direntPtr	direntpointer	direntpointer	existing-unreviewed		0
discardProcess	discardprocess	discardprocess	existing-unreviewed		0
dispatchInterrupt	dispatchinterrupt	dispatchinterrupt	existing-unreviewed		0
divisor	divisor	divisor	existing-unreviewed		0
domain	domain	domain	existing-unreviewed		0
driveNumber	drivenumber	drivenumber	existing-unreviewed		0
driver	driver	driver	existing-unreviewed		0
driverManager	drivermanager	drivermanager	existing-unreviewed		0
drivercount	drivercount	drivercount	existing-unreviewed		0
drv	driver_2	driver_2	existing-unreviewed		0
ds	ds	ds	existing-unreviewed		0
ds_segment	dssegment	dssegment	existing-unreviewed		0
dst	destination_2	destination_2	existing-unreviewed		0
dstEntry	destinationentry	destinationentry	existing-unreviewed		0
dstIP	destinationipaddress	destinationipaddress	existing-unreviewed		0
dstIP_BE	destinationipaddressurusobebyteorder	destinationipaddressurusobebyteorder	existing-unreviewed		0
dstMAC	destinationmacaddress	destinationmacaddress	existing-unreviewed		0
dstMAC_BE	destinationmacbe	destinationmacbe	existing-unreviewed		0
dstPageDir	destinationIpajiUbubiko	destinationIpajiUbubiko	existing-unreviewed		0
dstPort	destinationUmuyoboronumber	destinationUmuyoboronumber	pending-language-review	destination_port	0
dstPt	destinationpt	destinationpt	existing-unreviewed		0
dstPtPtr	destinationptpointer	destinationptpointer	existing-unreviewed		0
dstPtr	destinationpointer	destinationpointer	existing-unreviewed		0
dstptr	destinationpointer_2	destinationpointer_2	existing-unreviewed		0
dynamic	dynamic	dynamic	existing-unreviewed		0
e	e	e	existing-unreviewed		0
e_ehsize	eehsize	eehsize	existing-unreviewed		0
e_entry	eentry	eentry	existing-unreviewed		0
e_flags	eAmabendera	eAmabendera	existing-unreviewed		0
e_ident	eident	eident	existing-unreviewed		0
e_machine	emachine	emachine	existing-unreviewed		0
e_phentsize	ephentsize	ephentsize	existing-unreviewed		0
e_phnum	ephnum	ephnum	existing-unreviewed		0
e_phoff	ephoff	ephoff	existing-unreviewed		0
e_shentsize	eshentsize	eshentsize	existing-unreviewed		0
e_shnum	eshnum	eshnum	existing-unreviewed		0
e_shoff	eshoff	eshoff	existing-unreviewed		0
e_shstrndx	eshstrndx	eshstrndx	existing-unreviewed		0
e_type	eUbwoko	eUbwoko	existing-unreviewed		0
e_version	eversion	eversion	existing-unreviewed		0
eax	eax	eax	existing-unreviewed		0
ebp	ebp	ebp	existing-unreviewed		0
ebx	ebx	ebx	existing-unreviewed		0
ecx	ecx	ecx	existing-unreviewed		0
edi	edi	edi	existing-unreviewed		0
edx	edx	edx	existing-unreviewed		0
efHandler	efhandler	efhandler	existing-unreviewed		0
eflags	eflags	eflags	existing-unreviewed		0
eip	eip	eip	existing-unreviewed		0
eipOffset	eipoffset	eipoffset	existing-unreviewed		0
elf	elf	elf	existing-unreviewed		0
elf0	elf0	elf0	existing-unreviewed		0
elf2	elf2	elf2	existing-unreviewed		0
elf3	elf3	elf3	existing-unreviewed		0
elf4	elf4	elf4	existing-unreviewed		0
elfHeader	elfheader	elfheader	existing-unreviewed		0
enabled	enabled	enabled	existing-unreviewed		0
end	end	end	existing-unreviewed		0
endOffset	endoffset	endoffset	existing-unreviewed		0
end_cylinder	endcylinder	endcylinder	existing-unreviewed		0
end_head	endhead	endhead	existing-unreviewed		0
end_sector	endsector	endsector	existing-unreviewed		0
ensureCurrentProcess	ensurecurrentprocess	ensurecurrentprocess	existing-unreviewed		0
entry	entry	entry	existing-unreviewed		0
entryPoint	entrypoint	entrypoint	existing-unreviewed		0
entrypoint	entrypoint_2	entrypoint_2	existing-unreviewed		0
environment	environment	environment	existing-unreviewed		0
environmentPointers	environmentpointers	environmentpointers	existing-unreviewed		0
err	err	err	existing-unreviewed		0
errorPort	ikosaUmuyoboro	ikosaUmuyoboro	existing-unreviewed		0
es	es	es	existing-unreviewed		0
esi	esi	esi	existing-unreviewed		0
esp	esp	esp	existing-unreviewed		0
esp0	esp0	esp0	existing-unreviewed		0
esp1	esp1	esp1	existing-unreviewed		0
esp2	esp2	esp2	existing-unreviewed		0
etherFrameProvider	ethernetIkadiriprovider	ethernetIkadiriprovider	pending-language-review	ethernet_provider	0
etherType	ethernetUbwoko	ethernetUbwoko	existing-unreviewed		0
etherType_BE	ethernetUbwokobe	ethernetUbwokobe	existing-unreviewed		0
etherframe	ethernetIkadiri	ethernetIkadiri	existing-unreviewed		0
etherframePayload	ethernetIkadiripayload	ethernetIkadiripayload	existing-unreviewed		0
except	except	except	existing-unreviewed		0
exceptionCR0	exceptioncr0	exceptioncr0	existing-unreviewed		0
exceptionCR2	exceptioncr2	exceptioncr2	existing-unreviewed		0
exceptionCR3	exceptioncr3	exceptioncr3	existing-unreviewed		0
exceptionFrameValue	exceptionIkadiriAgaciro	exceptionIkadiriAgaciro	existing-unreviewed		0
exceptionHasErrorCode	exceptionhasIkosacode	exceptionhasIkosacode	existing-unreviewed		0
exceptionName	exceptionIzina	exceptionIzina	existing-unreviewed		0
execVector	execvector	execvector	existing-unreviewed		0
exists	exists	exists	existing-unreviewed		0
exited	exited	exited	existing-unreviewed		0
ext	ext	ext	existing-unreviewed		0
extFlags	extAmabendera	extAmabendera	existing-unreviewed		0
extendedScanCode	extendedscancode	extendedscancode	existing-unreviewed		0
fDupFD	fdupfd	fdupfd	existing-unreviewed		0
fGetFD	fgetfd	fgetfd	existing-unreviewed		0
fGetFL	fgetfl	fgetfl	existing-unreviewed		0
fSetFD	fsetfd	fsetfd	existing-unreviewed		0
fSetFL	fsetfl	fsetfl	existing-unreviewed		0
fat	fat	fat	existing-unreviewed		0
fatCopies	fatGukoporora	fatGukoporora	existing-unreviewed		0
fatInfo	fatinfo	fatinfo	existing-unreviewed		0
fatOffsetInSectorForCurrentCluster	fatoffsetImberesectorforcurrentcluster	fatoffsetImberesectorforcurrentcluster	existing-unreviewed		0
fatSectorCount	fatsectorcount	fatsectorcount	existing-unreviewed		0
fatSectorForCurrentCluster	fatsectorforcurrentcluster	fatsectorforcurrentcluster	existing-unreviewed		0
fatSize	fatIngano	fatIngano	existing-unreviewed		0
fatStart	fatstart	fatstart	existing-unreviewed		0
fatTypeLabel	fatUbwokoAkarango	fatUbwokoAkarango	existing-unreviewed		0
fatVersion	fatversion	fatversion	existing-unreviewed		0
fatbuf	fatbuf	fatbuf	existing-unreviewed		0
fatbuffer	fatbuffer	fatbuffer	existing-unreviewed		0
faultAddr	faultaddress	faultaddress	existing-unreviewed		0
fb	fb	fb	existing-unreviewed		0
fbCurCol	fbcurrentcol	fbcurrentcol	existing-unreviewed		0
fbCurLine	fbcurrentline	fbcurrentline	existing-unreviewed		0
fbHeight	fbUbuhagarike	fbUbuhagarike	existing-unreviewed		0
fbPhysAddr	fbphysaddress	fbphysaddress	existing-unreviewed		0
fbWidth	fbUbugari	fbUbugari	existing-unreviewed		0
fd	fd	fd	existing-unreviewed		0
fdCloexec	fdcloexec	fdcloexec	existing-unreviewed		0
fdEntry	fdentry	fdentry	existing-unreviewed		0
fdFlags	fdAmabendera	fdAmabendera	existing-unreviewed		0
fdKindConsole	fdkindconsole	fdkindconsole	existing-unreviewed		0
fdKindFat	fdkindfat	fdkindfat	existing-unreviewed		0
fdKindNone	fdkindNtanakimwe	fdkindNtanakimwe	existing-unreviewed		0
fdKindRootDir	fdkindImiziUbubiko	fdkindImiziUbubiko	existing-unreviewed		0
fdKindSocket	fdkindsocket	fdkindsocket	existing-unreviewed		0
fdKindStdin	fdkindstdin	fdkindstdin	existing-unreviewed		0
fds	fds	fds	existing-unreviewed		0
filePtr	idosiyepointer	idosiyepointer	existing-unreviewed		0
fileSector	idosiyesector	idosiyesector	existing-unreviewed		0
fileSize	idosiyeIngano	idosiyeIngano	existing-unreviewed		0
filename	izinaryidosiye	izinaryidosiye	existing-unreviewed		0
fillPosixStat	fillposixstat	fillposixstat	existing-unreviewed		0
findProcess	gushakaprocess	gushakaprocess	existing-unreviewed		0
first	first	first	existing-unreviewed		0
firstClusterHi	firstclusterhi	firstclusterhi	existing-unreviewed		0
firstClusterLow	firstclusterlow	firstclusterlow	existing-unreviewed		0
firstFileCluster	firstIdosiyecluster	firstIdosiyecluster	existing-unreviewed		0
flags	amabendera	amabendera	existing-unreviewed		0
flags2	amabendera2	amabendera2	existing-unreviewed		0
flagsAndOffset	amabenderaandoffset	amabenderaandoffset	existing-unreviewed		0
flushIndex	flushUmubarendanga	flushUmubarendanga	existing-unreviewed		0
flushTlsTable	flushtlsImbonerahamwe	flushtlsImbonerahamwe	existing-unreviewed		0
flush_tss	flushtss	flushtss	existing-unreviewed		0
fn	fn	fn	existing-unreviewed		0
foo	foo	foo	existing-unreviewed		0
foundChild	foundchild	foundchild	existing-unreviewed		0
frame	ikadiri	ikadiri	existing-unreviewed		0
frameCount	ikadiricount	ikadiricount	existing-unreviewed		0
frameHeaderSize	ikadiriheaderIngano	ikadiriheaderIngano	existing-unreviewed		0
free	kigenga	kigenga	existing-unreviewed		0
freePort	kigengaUmuyoboro	kigengaUmuyoboro	existing-unreviewed		0
frequency	frequency	frequency	existing-unreviewed		0
fs	fs	fs	existing-unreviewed		0
func1Val	func1val	func1val	existing-unreviewed		0
func2Val	func2val	func2val	existing-unreviewed		0
func3Val	func3val	func3val	existing-unreviewed		0
func_addr	funcaddress	funcaddress	existing-unreviewed		0
func_bytes	funcBayite	funcBayite	existing-unreviewed		0
func_name	funcIzina	funcIzina	existing-unreviewed		0
func_value	funcAgaciro	funcAgaciro	existing-unreviewed		0
function	function	function	existing-unreviewed		0
fxrstor	fxrstor	fxrstor	existing-unreviewed		0
fxsave	fxsave	fxsave	existing-unreviewed		0
g	g	g	existing-unreviewed		0
g_320x200x256	g320x200x256	g320x200x256	existing-unreviewed		0
gate	gate	gate	existing-unreviewed		0
gateData	gatedata	gatedata	existing-unreviewed		0
gatewayIP	gatewayip	gatewayip	existing-unreviewed		0
gdt	gdt	gdt	existing-unreviewed		0
gdtDescriptor	gdtdescriptor	gdtdescriptor	existing-unreviewed		0
gdtEntry	gdtentry	gdtentry	existing-unreviewed		0
gdtTable	gdtImbonerahamwe	gdtImbonerahamwe	existing-unreviewed		0
gdtTableLen	gdtImbonerahamwelen	gdtImbonerahamwelen	existing-unreviewed		0
gdt_codeSegmentSelector	gdtcodesegmentselector	gdtcodesegmentselector	existing-unreviewed		0
gdt_func	gdtfunc	gdtfunc	existing-unreviewed		0
getCR2	getcr2	getcr2	existing-unreviewed		0
getCR3	getcr3	getcr3	existing-unreviewed		0
getDescriptor	getdescriptor	getdescriptor	existing-unreviewed		0
getESI	getesi	getesi	existing-unreviewed		0
getESP	getesp	getesp	existing-unreviewed		0
getGDT	getgdt	getgdt	existing-unreviewed		0
getGS	getgs	getgs	existing-unreviewed		0
getOpenFile	getGufunguraIdosiye	getGufunguraIdosiye	existing-unreviewed		0
getOpenFileFor	getGufunguraIdosiyefor	getGufunguraIdosiyefor	existing-unreviewed		0
getTLS	gettls	gettls	existing-unreviewed		0
globalDescriptorTable	globaldescriptorImbonerahamwe	globaldescriptorImbonerahamwe	existing-unreviewed		0
globalOffsetTable	globaloffsetImbonerahamwe	globaloffsetImbonerahamwe	existing-unreviewed		0
global_offset_table	globaloffsetImbonerahamwe_2	globaloffsetImbonerahamwe_2	existing-unreviewed		0
graphicsControllerDataPort	ibishushanyocontrollerdataUmuyoboro	ibishushanyocontrollerdataUmuyoboro	existing-unreviewed		0
graphicsControllerIndexPort	ibishushanyocontrollerUmubarendangaUmuyoboro	ibishushanyocontrollerUmubarendangaUmuyoboro	existing-unreviewed		0
grub_multiboot_memory_map_t	grubmultibootUbubikomapt	grubmultibootUbubikomapt	existing-unreviewed		0
gs	gs	gs	existing-unreviewed		0
gs_segment	gssegment	gssegment	existing-unreviewed		0
h	h	h	existing-unreviewed		0
haltAfterFatalException	haltafterfatalexception	haltafterfatalexception	existing-unreviewed		0
handleInterrupt	handleinterrupt	handleinterrupt	existing-unreviewed		0
handleKeyboardInterrupt	handleMwandikishointerrupt	handleMwandikishointerrupt	existing-unreviewed		0
handleMouseInterrupt	handleImbebainterrupt	handleImbebainterrupt	existing-unreviewed		0
handlePagingInterrupt	handlepaginginterrupt	handlepaginginterrupt	existing-unreviewed		0
handleUnhandledSyscall	handleunhandledsyscall	handleunhandledsyscall	existing-unreviewed		0
handler	handler	handler	existing-unreviewed		0
handlerAddressHighBits	handleraddresshighbits	handleraddresshighbits	existing-unreviewed		0
handlerAddressLowBits	handleraddresslowbits	handleraddresslowbits	existing-unreviewed		0
handlerRun	handlerrun	handlerrun	existing-unreviewed		0
handlers	handler_2	handler_2	existing-unreviewed		0
hardwareAddressSize	hardwareaddressIngano	hardwareaddressIngano	existing-unreviewed		0
hardwareInterruptOffset	hardwareinterruptoffset	hardwareinterruptoffset	existing-unreviewed		0
hardwareType	hardwareUbwoko	hardwareUbwoko	existing-unreviewed		0
hd	hd	hd	existing-unreviewed		0
head	head	head	existing-unreviewed		0
headCount	headcount	headcount	existing-unreviewed		0
headerLength	headerlength	headerlength	existing-unreviewed		0
headertype	headertype	headertype	existing-unreviewed		0
height	ubuhagarike	ubuhagarike	existing-unreviewed		0
hex	hex	hex	existing-unreviewed		0
hiddenSectors	hiddensectors	hiddensectors	existing-unreviewed		0
i	i	i	existing-unreviewed		0
iCount	icount	icount	existing-unreviewed		0
iDrivers	idriver	idriver	existing-unreviewed		0
iKeyboardEventHandler	iMwandikishoeventhandler	iMwandikishoeventhandler	existing-unreviewed		0
iMouseEventHandler	iImbebaeventhandler	iImbebaeventhandler	existing-unreviewed		0
iPCIControllerHandler	ipcicontrollerhandler	ipcicontrollerhandler	existing-unreviewed		0
iRawDataHandler	irawdatahandler	irawdatahandler	existing-unreviewed		0
iTimerEventHandler	itimereventhandler	itimereventhandler	existing-unreviewed		0
icmp	icmp	icmp	existing-unreviewed		0
icmpSize	icmpIngano	icmpIngano	existing-unreviewed		0
icmp콘솔	icmpconsole	icmpconsole	existing-unreviewed		0
id	id	id	existing-unreviewed		0
ident	ident	ident	existing-unreviewed		0
idtData	idtdata	idtdata	existing-unreviewed		0
idtPointer	idtpointer	idtpointer	existing-unreviewed		0
idx	idx	idx	existing-unreviewed		0
index	umubarendanga	umubarendanga	existing-unreviewed		0
initBlock	initblock	initblock	existing-unreviewed		0
initFileDescriptors	initIdosiyedescriptor	initIdosiyedescriptor	existing-unreviewed		0
initPIT	initpit	initpit	existing-unreviewed		0
initializeProcessFDs	initializeprocessfds	initializeprocessfds	existing-unreviewed		0
inode	inode	inode	existing-unreviewed		0
inputEventTask	inputeventtask	inputeventtask	existing-unreviewed		0
installIDT	installidt	installidt	existing-unreviewed		0
intNumber	intnumber	intnumber	existing-unreviewed		0
interface_id	interfaceid	interfaceid	existing-unreviewed		0
internetprotocolPayload	interinetiprotocolpayload	interinetiprotocolpayload	existing-unreviewed		0
interrupt	interrupt	interrupt	existing-unreviewed		0
interruptDebug	interruptdebug	interruptdebug	existing-unreviewed		0
interruptExitLoop	interruptGusohokaloop	interruptGusohokaloop	existing-unreviewed		0
interruptGateEntries	interruptgateentry	interruptgateentry	existing-unreviewed		0
interruptHandler	interrupthandler	interrupthandler	existing-unreviewed		0
interrupts	interrupts	interrupts	existing-unreviewed		0
iomap	iomap	iomap	existing-unreviewed		0
ip	ip	ip	existing-unreviewed		0
ipEtherFrameHandler	ipethernetIkadirihandler	ipethernetIkadirihandler	existing-unreviewed		0
ipHandler	iphandler	iphandler	existing-unreviewed		0
ipIdx	ipidx	ipidx	existing-unreviewed		0
ipProtocolUDP	ipprotocoludp	ipprotocoludp	existing-unreviewed		0
ipProvider	ipprovider	ipprovider	pending-language-review	ip_provider	0
ipSize	ipIngano	ipIngano	existing-unreviewed		0
ip_be	ipurusobebyteorder	ipurusobebyteorder	existing-unreviewed		0
ipmessage	interinetiprotocolUbutumwa	interinetiprotocolUbutumwa	existing-unreviewed		0
ipv4	ipv4	ipv4	existing-unreviewed		0
ip콘솔	ipconsole	ipconsole	existing-unreviewed		0
isKernel	iskernel	iskernel	existing-unreviewed		0
isRoot	isImizi	isImizi	existing-unreviewed		0
isRootPath	isImiziInzira	isImiziInzira	existing-unreviewed		0
isSharedPDE	issharedpde	issharedpde	existing-unreviewed		0
istOffset	istoffset	istoffset	existing-unreviewed		0
j	j	j	existing-unreviewed		0
jmp	jmp	jmp	existing-unreviewed		0
jmp_user	jmpUkoresha	jmpUkoresha	existing-unreviewed		0
jump_usermode_iret	jumpusermodeiret	jumpusermodeiret	existing-unreviewed		0
kPageDirEntry	kIpajiUbubikoentry	kIpajiUbubikoentry	existing-unreviewed		0
kernelESP	kernelesp	kernelesp	existing-unreviewed		0
kernelPageDirEntry	kernelIpajiUbubikoentry	kernelIpajiUbubikoentry	existing-unreviewed		0
kernelSS	kernelss	kernelss	existing-unreviewed		0
key	key	key	existing-unreviewed		0
keyboard	mwandikisho	mwandikisho	existing-unreviewed		0
keyboardDriver	mwandikishodriver	mwandikishodriver	existing-unreviewed		0
keyboardEventHandler	mwandikishoeventhandler	mwandikishoeventhandler	existing-unreviewed		0
keyboardQueue	mwandikishoqueue	mwandikishoqueue	existing-unreviewed		0
keyboardQueueRead	mwandikishoqueuegusoma	mwandikishoqueuegusoma	existing-unreviewed		0
keyboardQueueSize	mwandikishoqueueIngano	mwandikishoqueueIngano	existing-unreviewed		0
keyboardQueueWrite	mwandikishoqueuekwandika	mwandikishoqueuekwandika	existing-unreviewed		0
kind	kind	kind	existing-unreviewed		0
l	l	l	existing-unreviewed		0
last	last	last	existing-unreviewed		0
lbaHiPort	lbahiUmuyoboro	lbahiUmuyoboro	existing-unreviewed		0
lbaLowPort	lbalowUmuyoboro	lbalowUmuyoboro	existing-unreviewed		0
lbaMidPort	lbamidUmuyoboro	lbamidUmuyoboro	existing-unreviewed		0
ldt	ldt	ldt	existing-unreviewed		0
leftShift	ibumosoGusunika	ibumosoGusunika	existing-unreviewed		0
len	len	len	existing-unreviewed		0
len_ver	lenver	lenver	existing-unreviewed		0
length	length	length	existing-unreviewed		0
lengthAddress	lengthaddress	lengthaddress	existing-unreviewed		0
lengthInBytes	lengthImbereBayite	lengthImbereBayite	existing-unreviewed		0
length_high	lengthhigh	lengthhigh	existing-unreviewed		0
length_low	lengthlow	lengthlow	existing-unreviewed		0
lengths	lengths	lengths	existing-unreviewed		0
lib1Addr	lib1address	lib1address	existing-unreviewed		0
lib1Data	lib1data	lib1data	existing-unreviewed		0
lib1File	lib1Idosiye	lib1Idosiye	existing-unreviewed		0
lib1GOT	lib1got	lib1got	existing-unreviewed		0
lib1elf	lib1elf	lib1elf	existing-unreviewed		0
lib2Addr	lib2address	lib2address	existing-unreviewed		0
lib2Data	lib2data	lib2data	existing-unreviewed		0
lib2File	lib2Idosiye	lib2Idosiye	existing-unreviewed		0
lib2GOT	lib2got	lib2got	existing-unreviewed		0
lib2elf	lib2elf	lib2elf	existing-unreviewed		0
libLinkMap	liblinkmap	liblinkmap	existing-unreviewed		0
lidtaddr	lidtaddr	lidtaddr	existing-unreviewed		0
limit	limit	limit	existing-unreviewed		0
limitHighAndFlags	limithighandAmabendera	limithighandAmabendera	existing-unreviewed		0
limitLow	limitlow	limitlow	existing-unreviewed		0
linkMap	linkmap	linkmap	existing-unreviewed		0
linkMapAddr	linkmapaddress	linkmapaddress	existing-unreviewed		0
linkerAddr	linkeraddress	linkeraddress	existing-unreviewed		0
linkerData	linkerdata	linkerdata	existing-unreviewed		0
linkerEntry	linkerentry	linkerentry	existing-unreviewed		0
linkerFile	linkerIdosiye	linkerIdosiye	existing-unreviewed		0
list	list	list	existing-unreviewed		0
listening	listening	listening	existing-unreviewed		0
loader	loader	loader	existing-unreviewed		0
local	local	local	existing-unreviewed		0
localDatagramSocket	localdatagramsocket	localdatagramsocket	existing-unreviewed		0
localIP	localip	localip	existing-unreviewed		0
localPort	localUmuyoboronumber	localUmuyoboronumber	existing-unreviewed		0
localSockets	localsockets	localsockets	existing-unreviewed		0
logicalAddress	logicaladdress	logicaladdress	existing-unreviewed		0
macAddr	macaddress	macaddress	existing-unreviewed		0
macIdx	macidx	macidx	existing-unreviewed		0
magicnumber	magicnumber	magicnumber	existing-unreviewed		0
main	main	main	compatibility		0
mainThread	nyamukuruthread	nyamukuruthread	existing-unreviewed		0
makePagePrivateWritableCurrent	makeIpajiprivatewritablecurrent	makeIpajiprivatewritablecurrent	existing-unreviewed		0
makeRangePrivateWritableCurrent	makeIgiceprivatewritablecurrent	makeIgiceprivatewritablecurrent	existing-unreviewed		0
manager	manager	manager	existing-unreviewed		0
mask	mask	mask	existing-unreviewed		0
master	master	master	existing-unreviewed		0
matches	matches	matches	existing-unreviewed		0
maxBARs	maxbars	maxbars	existing-unreviewed		0
maxDatagramSize	maxdatagramIngano	maxdatagramIngano	existing-unreviewed		0
maxExecStringLength	maxexecstringlength	maxexecstringlength	existing-unreviewed		0
maxExecVectorEntries	maxexecvectorentry	maxexecvectorentry	existing-unreviewed		0
maxFD	maxfd	maxfd	existing-unreviewed		0
maxOpenFiles	maxGufungurafiles	maxGufungurafiles	existing-unreviewed		0
maxSocketPackets	maxsocketpackets	maxsocketpackets	existing-unreviewed		0
maxSockets	maxsockets	maxsockets	existing-unreviewed		0
maximumBlocks	maximumblock	maximumblock	existing-unreviewed		0
mediaType	mediaUbwoko	mediaUbwoko	existing-unreviewed		0
mem	mem	mem	existing-unreviewed		0
memoryArray	ububikoImbonerahamwe	ububikoImbonerahamwe	existing-unreviewed		0
memoryChunkSize	ububikochunkIngano	ububikochunkIngano	existing-unreviewed		0
memoryManager	ububikomanager	ububikomanager	existing-unreviewed		0
memoryOper	ububikooper	ububikooper	existing-unreviewed		0
memorySize	ububikoIngano	ububikoIngano	existing-unreviewed		0
memorymananger	memorymananger	memorymananger	existing-unreviewed		0
memorytest	memorytest	memorytest	existing-unreviewed		0
message	ubutumwa	ubutumwa	existing-unreviewed		0
micsPort	micsUmuyoboro	micsUmuyoboro	existing-unreviewed		0
minimum	minimum	minimum	existing-unreviewed		0
mode	ubwoko	ubwoko	existing-unreviewed		0
mouseDriver	imbebadriver	imbebadriver	existing-unreviewed		0
mouseEventHandler	imbebaeventhandler	imbebaeventhandler	existing-unreviewed		0
mouseVGA	imbebavga	imbebavga	existing-unreviewed		0
mouseWidget	imbebawidget	imbebawidget	existing-unreviewed		0
msdospart	msdospartition	msdospartition	existing-unreviewed		0
msg	msg	msg	existing-unreviewed		0
msgBuffer	msgbuffer	msgbuffer	existing-unreviewed		0
multiboot_memory_map	multibootUbubikomap	multibootUbubikomap	existing-unreviewed		0
multitasking	multitasking	multitasking	existing-unreviewed		0
myKeyboardEventHandler	myMwandikishoeventhandler	myMwandikishoeventhandler	existing-unreviewed		0
myPCIControllerHandler	mypcicontrollerhandler	mypcicontrollerhandler	existing-unreviewed		0
myfunction	myfunction	myfunction	existing-unreviewed		0
n	n	n	existing-unreviewed		0
n_descsz	ndescsz	ndescsz	existing-unreviewed		0
n_namesz	nnamesz	nnamesz	existing-unreviewed		0
n_type	nUbwoko	nUbwoko	existing-unreviewed		0
name	izina	izina	existing-unreviewed		0
nameLen	izinalen	izinalen	existing-unreviewed		0
netCard	urusobecard	urusobecard	existing-unreviewed		0
newButtons	newbutton	newbutton	existing-unreviewed		0
newFD	newfd	newfd	existing-unreviewed		0
newFrame	newIkadiri	newIkadiri	existing-unreviewed		0
newLink	newlink	newlink	existing-unreviewed		0
newNode	newnode	newnode	existing-unreviewed		0
newPtr	newpointer	newpointer	existing-unreviewed		0
next	ikurikira	ikurikira	existing-unreviewed		0
nextEphemeralPort	ikurikiraephemeralUmuyoboro	ikurikiraephemeralUmuyoboro	existing-unreviewed		0
nextFileCluster	ikurikiraIdosiyecluster	ikurikiraIdosiyecluster	existing-unreviewed		0
nextHopIP_BE	ikurikirahopipaddressurusobebyteorder	ikurikirahopipaddressurusobebyteorder	existing-unreviewed		0
nextNode	ikurikiranode	ikurikiranode	existing-unreviewed		0
nextProcessID	ikurikiraprocessid	ikurikiraprocessid	existing-unreviewed		0
nextThread	ikurikirathread	ikurikirathread	existing-unreviewed		0
nibble	nibble	nibble	existing-unreviewed		0
node	node	node	pending-language-review	list_node	0
nodeArray	nodeImbonerahamwe	nodeImbonerahamwe	existing-unreviewed		0
num	number	number	existing-unreviewed		0
numCacheEntries	numbercacheentry	numbercacheentry	existing-unreviewed		0
numDrivers	numberdriver	numberdriver	existing-unreviewed		0
numFunctions	numberfunctions	numberfunctions	existing-unreviewed		0
numRecvBuffers	numberrecvbuffer	numberrecvbuffer	existing-unreviewed		0
numSendBuffers	numbersendbuffer	numbersendbuffer	existing-unreviewed		0
numSockets	numbersockets	numbersockets	existing-unreviewed		0
numTasks	numberIbikorwa	numberIbikorwa	existing-unreviewed		0
oAppend	oappend	oappend	existing-unreviewed		0
oCreate	ocreate	ocreate	existing-unreviewed		0
oDirectory	oUbubiko	oUbubiko	existing-unreviewed		0
oReadOnly	ogusomaonly	ogusomaonly	existing-unreviewed		0
oReadWrite	ogusomakwandika	ogusomakwandika	existing-unreviewed		0
oTruncate	otruncate	otruncate	existing-unreviewed		0
oWriteOnly	okwandikaonly	okwandikaonly	existing-unreviewed		0
o_addr	oaddress	oaddress	existing-unreviewed		0
offset	offset	offset	existing-unreviewed		0
ok	yEGO	yEGO	existing-unreviewed		0
oldButtons	oldbutton	oldbutton	existing-unreviewed		0
oldCR3	oldcr3	oldcr3	existing-unreviewed		0
oldFD	oldfd	oldfd	existing-unreviewed		0
oldFrame	oldIkadiri	oldIkadiri	existing-unreviewed		0
oldGdt	oldgdt	oldgdt	existing-unreviewed		0
oldGdtAddr	oldgdtaddress	oldgdtaddress	existing-unreviewed		0
oldGdtLen	oldgdtlen	oldgdtlen	existing-unreviewed		0
openFileDescription	gufunguraIdosiyeUmwirondoro	gufunguraIdosiyeUmwirondoro	existing-unreviewed		0
openFileTable	gufunguraIdosiyeImbonerahamwe	gufunguraIdosiyeImbonerahamwe	existing-unreviewed		0
options	amahitamo	amahitamo	existing-unreviewed		0
orgValue	orgAgaciro	orgAgaciro	existing-unreviewed		0
p	p	p	existing-unreviewed		0
p1	p1	p1	existing-unreviewed		0
p2	p2	p2	existing-unreviewed		0
p_align	pItunganya	pItunganya	existing-unreviewed		0
p_backend	pbackend	pbackend	existing-unreviewed		0
p_data	pdata	pdata	existing-unreviewed		0
p_efHandler	pefhandler	pefhandler	existing-unreviewed		0
p_efProvider	pefprovider	pefprovider	existing-unreviewed		0
p_etherType	pethernetUbwoko	pethernetUbwoko	existing-unreviewed		0
p_filesz	pfilesz	pfilesz	existing-unreviewed		0
p_flags	pAmabendera	pAmabendera	existing-unreviewed		0
p_iHandler	pihandler	pihandler	existing-unreviewed		0
p_ipHandler	piphandler	piphandler	existing-unreviewed		0
p_ipProvider	pipprovider	pipprovider	existing-unreviewed		0
p_memsz	pmemsz	pmemsz	existing-unreviewed		0
p_offset	poffset	poffset	existing-unreviewed		0
p_paddr	ppaddr	ppaddr	existing-unreviewed		0
p_protocol	pprotocol	pprotocol	existing-unreviewed		0
p_provider	pprovider	pprovider	existing-unreviewed		0
p_str	pstr	pstr	existing-unreviewed		0
p_type	pUbwoko	pUbwoko	existing-unreviewed		0
p_udpHandler	pudphandler	pudphandler	existing-unreviewed		0
p_udpProvider	pudpprovider	pudpprovider	existing-unreviewed		0
p_vaddr	pvaddr	pvaddr	existing-unreviewed		0
packet	packet	packet	existing-unreviewed		0
packetStatus	packetImimerere	packetImimerere	existing-unreviewed		0
packets	packets	packets	existing-unreviewed		0
page	ipaji	ipaji	existing-unreviewed		0
pageDir	ipajiUbubiko	ipajiUbubiko	pending-language-review	page_directory	0
pageDirEntry	ipajiUbubikoentry	ipajiUbubikoentry	existing-unreviewed		0
pageTableEntry	ipajiImbonerahamweentry	ipajiImbonerahamweentry	existing-unreviewed		0
paging	paging	paging	existing-unreviewed		0
param	param	param	existing-unreviewed		0
params	params	params	existing-unreviewed		0
parent	parent	parent	existing-unreviewed		0
parentPID	parentpid	parentpid	existing-unreviewed		0
parentProcess	parentprocess	parentprocess	existing-unreviewed		0
partEntry	partentry	partentry	existing-unreviewed		0
partition	partition	partition	existing-unreviewed		0
partitionBytes	partitionBayite	partitionBayite	existing-unreviewed		0
partitionOffset	partitionoffset	partitionoffset	existing-unreviewed		0
path	inzira	inzira	existing-unreviewed		0
pathAddr	inziraaddress	inziraaddress	existing-unreviewed		0
pci	pci	pci	existing-unreviewed		0
pciController	pcicontroller	pcicontroller	existing-unreviewed		0
pde	pde	pde	existing-unreviewed		0
pdeAddr	pdeaddress	pdeaddress	existing-unreviewed		0
pdelen	pdelen	pdelen	existing-unreviewed		0
peer	peer	peer	existing-unreviewed		0
pendingButtons	pendingbutton	pendingbutton	existing-unreviewed		0
pendingMouseEvent	pendingImbebaevent	pendingImbebaevent	existing-unreviewed		0
pendingX	pendingx	pendingx	existing-unreviewed		0
pendingY	pendingy	pendingy	existing-unreviewed		0
phyaddr	phyaddr	phyaddr	existing-unreviewed		0
phymem	physicalUbubiko	physicalUbubiko	existing-unreviewed		0
physicalAddress	physicaladdress	physicaladdress	existing-unreviewed		0
pid	pid	pid	existing-unreviewed		0
pitFrequency	pitfrequency	pitfrequency	existing-unreviewed		0
pixelAddress	pixeladdress	pixeladdress	existing-unreviewed		0
pointer	pointer	pointer	pending-language-review	pointer	0
pollKeyboardScancode	pollMwandikishoscancode	pollMwandikishoscancode	existing-unreviewed		0
port	umuyoboro	umuyoboro	existing-unreviewed		0
portBase	umuyoborobase	umuyoborobase	existing-unreviewed		0
portInUse	umuyoboroImbereuse	umuyoboroImbereuse	existing-unreviewed		0
portnumber	portnumber	portnumber	existing-unreviewed		0
pos	position	position	existing-unreviewed		0
position	position_2	position_2	existing-unreviewed		0
posixStat	posixstat	posixstat	existing-unreviewed		0
posixUtsname	posixutsname	posixutsname	existing-unreviewed		0
prefetchable	prefetchcapable	prefetchcapable	existing-unreviewed		0
prev	previous	previous	existing-unreviewed		0
prevNode	previousnode	previousnode	existing-unreviewed		0
prevX	previousx	previousx	existing-unreviewed		0
prevY	previousy	previousy	existing-unreviewed		0
printESP	gucapaesp	gucapaesp	existing-unreviewed		0
printExceptionSelectorInfo	gucapaexceptionselectorinfo	gucapaexceptionselectorinfo	existing-unreviewed		0
printPageFaultInfo	gucapaIpajifaultinfo	gucapaIpajifaultinfo	existing-unreviewed		0
printreg	printreg	printreg	existing-unreviewed		0
proc2	proc2	proc2	existing-unreviewed		0
proc3	proc3	proc3	existing-unreviewed		0
proc4	proc4	proc4	existing-unreviewed		0
process	process	process	existing-unreviewed		0
processEntry	processentry	processentry	existing-unreviewed		0
processHelper	processhelper	processhelper	existing-unreviewed		0
processTable	processImbonerahamwe	processImbonerahamwe	existing-unreviewed		0
processes	processes	processes	existing-unreviewed		0
programBreak	porogaramubreak	porogaramubreak	existing-unreviewed		0
protocol	protocol	protocol	existing-unreviewed		0
protocolAddressSize	protocoladdressIngano	protocoladdressIngano	existing-unreviewed		0
providedLength	providedlength	providedlength	existing-unreviewed		0
provider	provider	provider	existing-unreviewed		0
ps2WaitLimit	ps2waitlimit	ps2waitlimit	existing-unreviewed		0
pt	pt	pt	existing-unreviewed		0
pte	pte	pte	existing-unreviewed		0
pteAddr	pteaddress	pteaddress	existing-unreviewed		0
ptr	pointer_2	pointer_2	pending-language-review	pointer	0
pushExecUint32	pushexecunsignedinteger32	pushexecunsignedinteger32	existing-unreviewed		0
queueKeyboardByte	queueMwandikishobyte	queueMwandikishobyte	existing-unreviewed		0
r	r	r	existing-unreviewed		0
r_addend	raddend	raddend	existing-unreviewed		0
r_info	rinfo	rinfo	existing-unreviewed		0
r_offset	roffset	roffset	existing-unreviewed		0
raw	raw	raw	existing-unreviewed		0
rawDataBackend	rawdatabackend	rawdatabackend	existing-unreviewed		0
readFile	gusomaIdosiye	gusomaIdosiye	existing-unreviewed		0
readPS2Data	gusomaps2data	gusomaps2data	existing-unreviewed		0
readStdin	gusomastdin	gusomastdin	existing-unreviewed		0
readVFSFile	gusomavfsIdosiye	gusomavfsIdosiye	existing-unreviewed		0
read_count	gusomacount	gusomacount	existing-unreviewed		0
receiver	receiver	receiver	existing-unreviewed		0
recvBufferDescr	recvbufferUmwirondoro	recvbufferUmwirondoro	existing-unreviewed		0
recvBufferDescrAddress	recvbufferUmwirondoroaddress	recvbufferUmwirondoroaddress	existing-unreviewed		0
recvBuffers	recvbuffer	recvbuffer	existing-unreviewed		0
recvBuffersDescrMemory	recvbufferUmwirondoroUbubiko	recvbufferUmwirondoroUbubiko	existing-unreviewed		0
refBytes	referenceBayite	referenceBayite	existing-unreviewed		0
refPtr	referencepointer	referencepointer	existing-unreviewed		0
refs	refs	refs	existing-unreviewed		0
regIndex	regUmubarendanga	regUmubarendanga	existing-unreviewed		0
registerAddressPort	registeraddressUmuyoboro	registeraddressUmuyoboro	existing-unreviewed		0
registerDataPort	registerdataUmuyoboro	registerdataUmuyoboro	existing-unreviewed		0
registeroffset	registeroffset	registeroffset	existing-unreviewed		0
registers	register	register	existing-unreviewed		0
regtype	regtype	regtype	existing-unreviewed		0
rel_text	relUmwandiko	relUmwandiko	existing-unreviewed		0
rel_text_len	relUmwandikolen	relUmwandikolen	existing-unreviewed		0
releaseOpenFile	releaseGufunguraIdosiye	releaseGufunguraIdosiye	existing-unreviewed		0
released	released	released	existing-unreviewed		0
reloadCR3	reloadcr3	reloadcr3	existing-unreviewed		0
relocation_text	relocationUmwandiko	relocationUmwandiko	existing-unreviewed		0
remaining	remaining	remaining	existing-unreviewed		0
remote	remote	remote	existing-unreviewed		0
remoteIP	remoteip	remoteip	existing-unreviewed		0
remotePort	remoteUmuyoboronumber	remoteUmuyoboronumber	existing-unreviewed		0
requested	requested	requested	existing-unreviewed		0
reserved	reserved	reserved	existing-unreviewed		0
reserved0	reserved0	reserved0	existing-unreviewed		0
reservedSectors	reservedsectors	reservedsectors	existing-unreviewed		0
resetPort	kugaruraUmuyoboro	kugaruraUmuyoboro	existing-unreviewed		0
restoreFpRegs	restorefpregs	restorefpregs	existing-unreviewed		0
result	result	result	existing-unreviewed		0
result1	result1	result1	existing-unreviewed		0
result2	result2	result2	existing-unreviewed		0
ret	ret	ret	existing-unreviewed		0
revision	revision	revision	existing-unreviewed		0
rightShift	iburyoGusunika	iburyoGusunika	existing-unreviewed		0
rootCluster	imizicluster	imizicluster	existing-unreviewed		0
rootDirEntries	imiziUbubikoentry	imiziUbubikoentry	existing-unreviewed		0
rootStart	imizistart	imizistart	existing-unreviewed		0
rt	rt	rt	existing-unreviewed		0
s	s	s	existing-unreviewed		0
sIfchr	sifchr	sifchr	existing-unreviewed		0
sIfdir	sifdir	sifdir	existing-unreviewed		0
sIfmt	sifmt	sifmt	existing-unreviewed		0
sIfreg	sifreg	sifreg	existing-unreviewed		0
sIfsock	sifsock	sifsock	existing-unreviewed		0
savedESP	savedesp	savedesp	existing-unreviewed		0
sc	sc	sc	existing-unreviewed		0
scanCode	scancode	scancode	existing-unreviewed		0
scanCodeToByte	scancodetobyte	scancodetobyte	existing-unreviewed		0
scancodeToByte	scancodetobyte_2	scancodetobyte_2	existing-unreviewed		0
sche	sche	sche	existing-unreviewed		0
sche_data	schedata	schedata	existing-unreviewed		0
scheduleStack	schedulestack	schedulestack	existing-unreviewed		0
scheduler	scheduler	scheduler	existing-unreviewed		0
schedulerDebug	schedulerdebug	schedulerdebug	existing-unreviewed		0
sectHeader	sectheader	sectheader	existing-unreviewed		0
sectHeaderSize	sectheaderIngano	sectheaderIngano	existing-unreviewed		0
sectName	sectIzina	sectIzina	existing-unreviewed		0
sectValue	sectAgaciro	sectAgaciro	existing-unreviewed		0
sector	sector	sector	existing-unreviewed		0
sectorCountPort	sectorcountUmuyoboro	sectorcountUmuyoboro	existing-unreviewed		0
sectorNum	sectornumber	sectornumber	existing-unreviewed		0
sectorOffset	sectoroffset	sectoroffset	existing-unreviewed		0
sectorPerTrack	sectorpertrack	sectorpertrack	existing-unreviewed		0
sectorsPerCluster	sectorspercluster	sectorspercluster	existing-unreviewed		0
seekCur	seekcurrent	seekcurrent	existing-unreviewed		0
seekEnd	seekend	seekend	existing-unreviewed		0
seekSet	seekset	seekset	existing-unreviewed		0
segmentNumber	segmentnumber	segmentnumber	existing-unreviewed		0
self	self	self	existing-unreviewed		0
self_uintptr	selfuintptr	selfuintptr	existing-unreviewed		0
sendBack	reply	reply	existing-unreviewed		0
sendBufferDescr	sendbufferUmwirondoro	sendbufferUmwirondoro	existing-unreviewed		0
sendBufferDescrAddress	sendbufferUmwirondoroaddress	sendbufferUmwirondoroaddress	existing-unreviewed		0
sendBuffers	sendbuffer	sendbuffer	existing-unreviewed		0
sendBuffersDescrMemory	sendbufferUmwirondoroUbubiko	sendbufferUmwirondoroUbubiko	existing-unreviewed		0
sendDataPointer	senddatapointer	senddatapointer	existing-unreviewed		0
sendDescriptor	senddescriptor	senddescriptor	existing-unreviewed		0
sendMouseCommand	sendImbebaIcyowifuza	sendImbebaIcyowifuza	existing-unreviewed		0
sequencerDataPort	sequencerdataUmuyoboro	sequencerdataUmuyoboro	existing-unreviewed		0
sequencerIndexPort	sequencerUmubarendangaUmuyoboro	sequencerUmubarendangaUmuyoboro	existing-unreviewed		0
serialLogByte	seriallogbyte	seriallogbyte	existing-unreviewed		0
serialReady	serialready	serialready	existing-unreviewed		0
setCR3	setcr3	setcr3	existing-unreviewed		0
setDS	setds	setds	existing-unreviewed		0
setGS	setgs	setgs	existing-unreviewed		0
setThreadExitLoopState	setthreadGusohokaloopstate	setthreadGusohokaloopstate	existing-unreviewed		0
setupExecStack	setupexecstack	setupexecstack	existing-unreviewed		0
sh	sh	sh	existing-unreviewed		0
sh_addr	shaddress	shaddress	existing-unreviewed		0
sh_addralign	shaddralign	shaddralign	existing-unreviewed		0
sh_entsize	shentsize	shentsize	existing-unreviewed		0
sh_flags	shAmabendera	shAmabendera	existing-unreviewed		0
sh_info	shinfo	shinfo	existing-unreviewed		0
sh_link	shlink	shlink	existing-unreviewed		0
sh_name	shIzina	shIzina	existing-unreviewed		0
sh_offset	shoffset	shoffset	existing-unreviewed		0
sh_size	shIngano	shIngano	existing-unreviewed		0
sh_type	shUbwoko	shUbwoko	existing-unreviewed		0
shift	gusunika	gusunika	existing-unreviewed		0
signature	signature	signature	existing-unreviewed		0
size	ingano	ingano	existing-unreviewed		0
sl	sl	sl	existing-unreviewed		0
sockDatagram	sockdatagram	sockdatagram	existing-unreviewed		0
socket	socket	socket	existing-unreviewed		0
socketAddress	socketaddress	socketaddress	existing-unreviewed		0
socketAddressIPv4	socketaddressiAgacirokikigihe4	socketaddressiAgacirokikigihe4	existing-unreviewed		0
socketBind	socketbind	socketbind	existing-unreviewed		0
socketCallArgument	socketcallargument	socketcallargument	existing-unreviewed		0
socketConnect	socketconnect	socketconnect	existing-unreviewed		0
socketForFD	socketforfd	socketforfd	existing-unreviewed		0
socketIndex	socketUmubarendanga	socketUmubarendanga	existing-unreviewed		0
socketPacket	socketpacket	socketpacket	existing-unreviewed		0
socketReceiveFrom	socketreceivefrom	socketreceivefrom	existing-unreviewed		0
socketSendTo	socketsendto	socketsendto	existing-unreviewed		0
socketType	socketUbwoko	socketUbwoko	existing-unreviewed		0
sockets	sockets	sockets	existing-unreviewed		0
softName	softIzina	softIzina	existing-unreviewed		0
source	inkomoko	inkomoko	existing-unreviewed		0
sourceAddress	inkomokoaddress	inkomokoaddress	existing-unreviewed		0
sourceLengthAddress	inkomokolengthaddress	inkomokolengthaddress	existing-unreviewed		0
src	inkomoko_2	inkomoko_2	existing-unreviewed		0
srcEntry	inkomokoentry	inkomokoentry	existing-unreviewed		0
srcIP	inkomokoipaddress	inkomokoipaddress	existing-unreviewed		0
srcIP_BE	inkomokoipaddressurusobebyteorder	inkomokoipaddressurusobebyteorder	existing-unreviewed		0
srcMAC	inkomokomacaddress	inkomokomacaddress	existing-unreviewed		0
srcMAC_BE	inkomokomacbe	inkomokomacbe	existing-unreviewed		0
srcPageDir	inkomokoIpajiUbubiko	inkomokoIpajiUbubiko	existing-unreviewed		0
srcPde	inkomokopde	inkomokopde	existing-unreviewed		0
srcPdeAddr	inkomokopdeaddress	inkomokopdeaddress	existing-unreviewed		0
srcPort	inkomokoUmuyoboronumber	inkomokoUmuyoboronumber	pending-language-review	source_port	0
srcPt	inkomokopt	inkomokopt	existing-unreviewed		0
srcptr	srcptr	srcptr	existing-unreviewed		0
ss	ss	ss	existing-unreviewed		0
ss0	ss0	ss0	existing-unreviewed		0
ss1	ss1	ss1	existing-unreviewed		0
ss2	ss2	ss2	existing-unreviewed		0
st	st	st	existing-unreviewed		0
st_info	stinfo	stinfo	existing-unreviewed		0
st_name	stIzina	stIzina	existing-unreviewed		0
st_other	stIkindi	stIkindi	existing-unreviewed		0
st_shndx	stshndx	stshndx	existing-unreviewed		0
st_size	stIngano	stIngano	existing-unreviewed		0
st_value	stAgaciro	stAgaciro	existing-unreviewed		0
stack	stack	stack	pending-language-review	stack	0
stackBytes	stackBayite	stackBayite	existing-unreviewed		0
stackPtr	stackpointer	stackpointer	existing-unreviewed		0
stack_addr	stackaddress	stackaddress	existing-unreviewed		0
stackbottom	stackbottom	stackbottom	existing-unreviewed		0
stacktop	stacktop	stacktop	existing-unreviewed		0
start	start	start	existing-unreviewed		0
startOffset	startoffset	startoffset	existing-unreviewed		0
start_cylinder	startcylinder	startcylinder	existing-unreviewed		0
start_head	starthead	starthead	existing-unreviewed		0
start_sector	startsector	startsector	existing-unreviewed		0
startingBit	startingbit	startingbit	existing-unreviewed		0
stat	stat	stat	existing-unreviewed		0
statAddr	stataddress	stataddress	existing-unreviewed		0
status	imimerere	imimerere	existing-unreviewed		0
statusAddr	imimerereaddress	imimerereaddress	existing-unreviewed		0
stderrFD	stderrfd	stderrfd	existing-unreviewed		0
stdinBuffer	stdinbuffer	stdinbuffer	existing-unreviewed		0
stdinFD	stdinfd	stdinfd	existing-unreviewed		0
stdinGetBlocking	stdingetblocking	stdingetblocking	existing-unreviewed		0
stdinRead	stdingusoma	stdingusoma	existing-unreviewed		0
stdinWrite	stdinkwandika	stdinkwandika	existing-unreviewed		0
stdoutFD	stdoutfd	stdoutfd	existing-unreviewed		0
stoppedThread	kyahagariswethread	kyahagariswethread	existing-unreviewed		0
str	str	str	existing-unreviewed		0
stringAddress	stringaddress	stringaddress	existing-unreviewed		0
stringHeader	stringheader	stringheader	existing-unreviewed		0
strtab	strtab	strtab	existing-unreviewed		0
subclass_id	subclassid	subclassid	existing-unreviewed		0
subnetMask	subnetmask	subnetmask	existing-unreviewed		0
swapUint16	swapunsignedinteger16	swapunsignedinteger16	existing-unreviewed		0
switchForced	switchforced	switchforced	existing-unreviewed		0
sysAccess	sysaccess	sysaccess	existing-unreviewed		0
sysBrk	sysbrk	sysbrk	existing-unreviewed		0
sysCall	syscall	syscall	existing-unreviewed		0
sysChdir	syschdir	syschdir	existing-unreviewed		0
sysClose	sysGufunga	sysGufunga	existing-unreviewed		0
sysDup	sysdup	sysdup	existing-unreviewed		0
sysDup2	sysdup2	sysdup2	existing-unreviewed		0
sysExecve	sysexecve	sysexecve	existing-unreviewed		0
sysExit	sysGusohoka	sysGusohoka	existing-unreviewed		0
sysFcntl	sysfcntl	sysfcntl	existing-unreviewed		0
sysFork	sysfork	sysfork	existing-unreviewed		0
sysFstat	sysfstat	sysfstat	existing-unreviewed		0
sysFsync	sysfsync	sysfsync	existing-unreviewed		0
sysGetcwd	sysgetcwd	sysgetcwd	existing-unreviewed		0
sysLseek	syslseek	syslseek	existing-unreviewed		0
sysOpen	sysGufungura	sysGufungura	existing-unreviewed		0
sysRead	sysgusoma	sysgusoma	existing-unreviewed		0
sysSocketCall	syssocketcall	syssocketcall	existing-unreviewed		0
sysStat	sysstat	sysstat	existing-unreviewed		0
sysUname	sysuname	sysuname	existing-unreviewed		0
sysWaitpid	syswaitpid	syswaitpid	existing-unreviewed		0
sysWrite	syskwandika	syskwandika	existing-unreviewed		0
syscallError	syscallIkosa	syscallIkosa	existing-unreviewed		0
syscallID	syscallid	syscallid	existing-unreviewed		0
systemcall	systemcall	systemcall	existing-unreviewed		0
table	imbonerahamwe_2	imbonerahamwe_2	existing-unreviewed		0
tableSize	imbonerahamweIngano	imbonerahamweIngano	existing-unreviewed		0
tail	tail	tail	existing-unreviewed		0
task	task	task	existing-unreviewed		0
taskA	taska	taska	existing-unreviewed		0
taskB	taskb	taskb	existing-unreviewed		0
taskC	taskc	taskc	existing-unreviewed		0
taskD	taskd	taskd	existing-unreviewed		0
taskD0	taskd0	taskd0	existing-unreviewed		0
taskD1	taskd1	taskd1	existing-unreviewed		0
taskManager	taskmanager	taskmanager	existing-unreviewed		0
tasks	ibikorwa	ibikorwa	existing-unreviewed		0
temp	temporary	temporary	existing-unreviewed		0
terminated	terminated	terminated	existing-unreviewed		0
text	umwandiko	umwandiko	existing-unreviewed		0
textPtr	umwandikopointer	umwandikopointer	existing-unreviewed		0
text_len	umwandikolen	umwandikolen	existing-unreviewed		0
text_mode_check_fb_move	umwandikoUbwokocheckfbmove	umwandikoUbwokocheckfbmove	existing-unreviewed		0
text_mode_disable_cursor	umwandikoUbwokodisablecursor	umwandikoUbwokodisablecursor	existing-unreviewed		0
text_mode_enable_cursor	umwandikoUbwokoenablecursor	umwandikoUbwokoenablecursor	existing-unreviewed		0
text_mode_error_writer	umwandikoUbwokoIkosawriter	umwandikoUbwokoIkosawriter	existing-unreviewed		0
text_mode_flush_screen	umwandikoUbwokoflushscreen	umwandikoUbwokoflushscreen	existing-unreviewed		0
text_mode_init	umwandikoUbwokoinit	umwandikoUbwokoinit	existing-unreviewed		0
text_mode_print	umwandikoUbwokoGucapa	umwandikoUbwokoGucapa	existing-unreviewed		0
text_mode_print_bytes	umwandikoUbwokoGucapaBayite	umwandikoUbwokoGucapaBayite	existing-unreviewed		0
text_mode_print_char	umwandikoUbwokoGucapachar	umwandikoUbwokoGucapachar	existing-unreviewed		0
text_mode_print_char_col	umwandikoUbwokoGucapacharcol	umwandikoUbwokoGucapacharcol	existing-unreviewed		0
text_mode_print_col	umwandikoUbwokoGucapacol	umwandikoUbwokoGucapacol	existing-unreviewed		0
text_mode_print_error	umwandikoUbwokoGucapaIkosa	umwandikoUbwokoGucapaIkosa	existing-unreviewed		0
text_mode_print_error_bytes	umwandikoUbwokoGucapaIkosaBayite	umwandikoUbwokoGucapaIkosaBayite	existing-unreviewed		0
text_mode_print_errorln	umwandikoUbwokoGucapaerrorln	umwandikoUbwokoGucapaerrorln	existing-unreviewed		0
text_mode_print_hex	umwandikoUbwokoGucapahex	umwandikoUbwokoGucapahex	existing-unreviewed		0
text_mode_print_hex16	umwandikoUbwokoGucapahex16	umwandikoUbwokoGucapahex16	existing-unreviewed		0
text_mode_print_hex32	umwandikoUbwokoGucapahex32	umwandikoUbwokoGucapahex32	existing-unreviewed		0
text_mode_print_hex64	umwandikoUbwokoGucapahex64	umwandikoUbwokoGucapahex64	existing-unreviewed		0
text_mode_print_hex_char	umwandikoUbwokoGucapahexchar	umwandikoUbwokoGucapahexchar	existing-unreviewed		0
text_mode_println	umwandikoUbwokoprintln	umwandikoUbwokoprintln	existing-unreviewed		0
text_mode_println_col	umwandikoUbwokoprintlncol	umwandikoUbwokoprintlncol	existing-unreviewed		0
text_mode_update_cursor	umwandikoUbwokoKuvugururacursor	umwandikoUbwokoKuvugururacursor	existing-unreviewed		0
text_mode_writer	umwandikoUbwokowriter	umwandikoUbwokowriter	existing-unreviewed		0
thr2	thr2	thr2	existing-unreviewed		0
thr3	thr3	thr3	existing-unreviewed		0
thr4	thr4	thr4	existing-unreviewed		0
thread	thread	thread	existing-unreviewed		0
threadExitLoop	threadGusohokaloop	threadGusohokaloop	existing-unreviewed		0
threadHelper	threadhelper	threadhelper	existing-unreviewed		0
threadPtr	threadpointer	threadpointer	existing-unreviewed		0
tickCount	tickcount	tickcount	existing-unreviewed		0
timeDelta	igihedelta	igihedelta	existing-unreviewed		0
timeToLive	igihetolive	igihetolive	existing-unreviewed		0
timer	timer	timer	existing-unreviewed		0
tls	tls	tls	existing-unreviewed		0
tmp	tmp	tmp	existing-unreviewed		0
tmpPtr	tmppointer	tmppointer	existing-unreviewed		0
tos	tos	tos	existing-unreviewed		0
totalLength	igiteranyolength	igiteranyolength	existing-unreviewed		0
totalSectorCount	igiteranyosectorcount	igiteranyosectorcount	existing-unreviewed		0
totalSectors	igiteranyosectors	igiteranyosectors	existing-unreviewed		0
trap	trap	trap	existing-unreviewed		0
tss	tss	tss	existing-unreviewed		0
tssIndex	tssUmubarendanga	tssUmubarendanga	existing-unreviewed		0
udp	udp	udp	existing-unreviewed		0
udpHandler	udphandler	udphandler	existing-unreviewed		0
udpHeaderSize	udpheaderIngano	udpheaderIngano	existing-unreviewed		0
udpProvider	udpprovider	udpprovider	existing-unreviewed		0
udp콘솔	udpconsole	udpconsole	existing-unreviewed		0
unused	unused	unused	existing-unreviewed		0
used	used	used	existing-unreviewed		0
usedBlocks	usedblock	usedblock	existing-unreviewed		0
user1addr	ukoresha1address	ukoresha1address	existing-unreviewed		0
user1data	ukoresha1data	ukoresha1data	existing-unreviewed		0
user1entry	ukoresha1entry	ukoresha1entry	existing-unreviewed		0
user1file	ukoresha1Idosiye	ukoresha1Idosiye	existing-unreviewed		0
user2addr	ukoresha2address	ukoresha2address	existing-unreviewed		0
user2data	ukoresha2data	ukoresha2data	existing-unreviewed		0
user2entry	ukoresha2entry	ukoresha2entry	existing-unreviewed		0
user2file	ukoresha2Idosiye	ukoresha2Idosiye	existing-unreviewed		0
user3addr	ukoresha3address	ukoresha3address	existing-unreviewed		0
user3data	ukoresha3data	ukoresha3data	existing-unreviewed		0
user3entry	ukoresha3entry	ukoresha3entry	existing-unreviewed		0
user3file	ukoresha3Idosiye	ukoresha3Idosiye	existing-unreviewed		0
userHeapBase	ukoreshaheapbase	ukoreshaheapbase	existing-unreviewed		0
userHeapLimit	ukoreshaheaplimit	ukoreshaheaplimit	existing-unreviewed		0
user_esp	ukoreshaesp	ukoreshaesp	existing-unreviewed		0
userhandler	userhandler	userhandler	existing-unreviewed		0
userproc_entry	userprocentry	userprocentry	existing-unreviewed		0
util	util	util	existing-unreviewed		0
util콘솔	utilconsole	utilconsole	existing-unreviewed		0
v	v	v	existing-unreviewed		0
vAddr	vaddress	vaddress	existing-unreviewed		0
value	agaciro	agaciro	existing-unreviewed		0
values	values	values	existing-unreviewed		0
version	version	version	existing-unreviewed		0
vga	vga	vga	existing-unreviewed		0
virtlen	virtlen	virtlen	existing-unreviewed		0
virtmem	virtualUbubiko	virtualUbubiko	existing-unreviewed		0
virtualAddr	virtualaddress	virtualaddress	existing-unreviewed		0
volumeId	volumeid	volumeid	existing-unreviewed		0
volumeLabel	volumeAkarango	volumeAkarango	existing-unreviewed		0
w	w	w	existing-unreviewed		0
wDate	wItariki	wItariki	existing-unreviewed		0
wTime	wIgihe	wIgihe	existing-unreviewed		0
waitPS2InputEmpty	waitps2inputempty	waitps2inputempty	existing-unreviewed		0
waitPS2OutputFull	waitps2outputfull	waitps2outputfull	existing-unreviewed		0
wdata	wdata	wdata	existing-unreviewed		0
whence	whence	whence	existing-unreviewed		0
widget	widget	widget	existing-unreviewed		0
width	ubugari	ubugari	existing-unreviewed		0
writePS2Command	kwandikaps2Icyowifuza	kwandikaps2Icyowifuza	existing-unreviewed		0
writePS2Data	kwandikaps2data	kwandikaps2data	existing-unreviewed		0
write_count	kwandikacount	kwandikacount	existing-unreviewed		0
x	x	x	existing-unreviewed		0
xPageDir	xIpajiUbubiko	xIpajiUbubiko	existing-unreviewed		0
xPos	xposition	xposition	existing-unreviewed		0
y	y	y	existing-unreviewed		0
yPageDir	yIpajiUbubiko	yIpajiUbubiko	existing-unreviewed		0
yPos	yposition	yposition	existing-unreviewed		0
값	agaciro_2	agaciro_2	existing-unreviewed		0
공용서술자테이블	shareddescriptorImbonerahamwe	shareddescriptorImbonerahamwe	existing-unreviewed		0
기준	base_2	base_2	existing-unreviewed		0
기준_낮은	baselow_2	baselow_2	existing-unreviewed		0
기준_높은	basehigh_2	basehigh_2	existing-unreviewed		0
기준_매우높은	baseveryhigh	baseveryhigh	existing-unreviewed		0
기준주소	baseaddress	baseaddress	existing-unreviewed		0
넷카드콘솔	urusobecardconsole	urusobecardconsole	existing-unreviewed		0
단말기	terminal	terminal	existing-unreviewed		0
마우스콘솔	imbebaconsole	imbebaconsole	existing-unreviewed		0
매개값	argumentAgaciro	argumentAgaciro	existing-unreviewed		0
멈추기	halt	halt	existing-unreviewed		0
목적	destination_3	destination_3	existing-unreviewed		0
유형	ubwoko_2	ubwoko_2	existing-unreviewed		0
이더넷콘솔	ethernetconsole	ethernetconsole	existing-unreviewed		0
인터럽트무시하기	interruptignore	interruptignore	existing-unreviewed		0
인터럽트예외처리기	interruptexceptionhandler	interruptexceptionhandler	existing-unreviewed		0
인터럽트예외처리기0x00	interruptexceptionhandler0x00	interruptexceptionhandler0x00	existing-unreviewed		0
인터럽트예외처리기0x01	interruptexceptionhandler0x01	interruptexceptionhandler0x01	existing-unreviewed		0
인터럽트예외처리기0x02	interruptexceptionhandler0x02	interruptexceptionhandler0x02	existing-unreviewed		0
인터럽트예외처리기0x03	interruptexceptionhandler0x03	interruptexceptionhandler0x03	existing-unreviewed		0
인터럽트예외처리기0x04	interruptexceptionhandler0x04	interruptexceptionhandler0x04	existing-unreviewed		0
인터럽트예외처리기0x05	interruptexceptionhandler0x05	interruptexceptionhandler0x05	existing-unreviewed		0
인터럽트예외처리기0x06	interruptexceptionhandler0x06	interruptexceptionhandler0x06	existing-unreviewed		0
인터럽트예외처리기0x07	interruptexceptionhandler0x07	interruptexceptionhandler0x07	existing-unreviewed		0
인터럽트예외처리기0x08	interruptexceptionhandler0x08	interruptexceptionhandler0x08	existing-unreviewed		0
인터럽트예외처리기0x09	interruptexceptionhandler0x09	interruptexceptionhandler0x09	existing-unreviewed		0
인터럽트예외처리기0x0A	interruptexceptionhandler0x0a	interruptexceptionhandler0x0a	existing-unreviewed		0
인터럽트예외처리기0x0B	interruptexceptionhandler0x0b	interruptexceptionhandler0x0b	existing-unreviewed		0
인터럽트예외처리기0x0C	interruptexceptionhandler0x0c	interruptexceptionhandler0x0c	existing-unreviewed		0
인터럽트예외처리기0x0D	interruptexceptionhandler0x0d	interruptexceptionhandler0x0d	existing-unreviewed		0
인터럽트예외처리기0x0E	interruptexceptionhandler0x0e	interruptexceptionhandler0x0e	existing-unreviewed		0
인터럽트예외처리기0x0F	interruptexceptionhandler0x0f	interruptexceptionhandler0x0f	existing-unreviewed		0
인터럽트예외처리기0x10	interruptexceptionhandler0x10	interruptexceptionhandler0x10	existing-unreviewed		0
인터럽트예외처리기0x11	interruptexceptionhandler0x11	interruptexceptionhandler0x11	existing-unreviewed		0
인터럽트예외처리기0x12	interruptexceptionhandler0x12	interruptexceptionhandler0x12	existing-unreviewed		0
인터럽트예외처리기0x13	interruptexceptionhandler0x13	interruptexceptionhandler0x13	existing-unreviewed		0
인터럽트요청처리0x00	interruptrequesthandler0x00	interruptrequesthandler0x00	existing-unreviewed		0
인터럽트요청처리0x01	interruptrequesthandler0x01	interruptrequesthandler0x01	existing-unreviewed		0
인터럽트요청처리0x02	interruptrequesthandler0x02	interruptrequesthandler0x02	existing-unreviewed		0
인터럽트요청처리0x03	interruptrequesthandler0x03	interruptrequesthandler0x03	existing-unreviewed		0
인터럽트요청처리0x04	interruptrequesthandler0x04	interruptrequesthandler0x04	existing-unreviewed		0
인터럽트요청처리0x05	interruptrequesthandler0x05	interruptrequesthandler0x05	existing-unreviewed		0
인터럽트요청처리0x06	interruptrequesthandler0x06	interruptrequesthandler0x06	existing-unreviewed		0
인터럽트요청처리0x07	interruptrequesthandler0x07	interruptrequesthandler0x07	existing-unreviewed		0
인터럽트요청처리0x08	interruptrequesthandler0x08	interruptrequesthandler0x08	existing-unreviewed		0
인터럽트요청처리0x09	interruptrequesthandler0x09	interruptrequesthandler0x09	existing-unreviewed		0
인터럽트요청처리0x0A	interruptrequesthandler0x0a	interruptrequesthandler0x0a	existing-unreviewed		0
인터럽트요청처리0x0B	interruptrequesthandler0x0b	interruptrequesthandler0x0b	existing-unreviewed		0
인터럽트요청처리0x0C	interruptrequesthandler0x0c	interruptrequesthandler0x0c	existing-unreviewed		0
인터럽트요청처리0x0D	interruptrequesthandler0x0d	interruptrequesthandler0x0d	existing-unreviewed		0
인터럽트요청처리0x0E	interruptrequesthandler0x0e	interruptrequesthandler0x0e	existing-unreviewed		0
인터럽트요청처리0x0F	interruptrequesthandler0x0f	interruptrequesthandler0x0f	existing-unreviewed		0
인터럽트요청처리0x80	interruptrequesthandler0x80	interruptrequesthandler0x80	existing-unreviewed		0
인터럽트요청처리0x81	interruptrequesthandler0x81	interruptrequesthandler0x81	existing-unreviewed		0
인터럽트요청처리0x82	interruptrequesthandler0x82	interruptrequesthandler0x82	existing-unreviewed		0
인터럽트처리기	interrupthandler_2	interrupthandler_2	existing-unreviewed		0
임시	temporary_2	temporary_2	existing-unreviewed		0
자료	data_2	data_2	existing-unreviewed		0
자신	self_2	self_2	existing-unreviewed		0
작업관리자	taskmanager_2	taskmanager_2	existing-unreviewed		0
작업콘솔	taskconsole	taskconsole	existing-unreviewed		0
조각설명자	segmentdescriptor	segmentdescriptor	existing-unreviewed		0
콘솔	console_2	console_2	existing-unreviewed		0
크기	ingano_2	ingano_2	existing-unreviewed		0
키보드콘솔	mwandikishoconsole	mwandikishoconsole	existing-unreviewed		0
표시들	amabendera_2	amabendera_2	existing-unreviewed		0
표시들_한도_높은	amabenderalimithigh	amabenderalimithigh	existing-unreviewed		0
한도	limit_2	limit_2	existing-unreviewed		0
한도_낮은	limitlow_2	limitlow_2	existing-unreviewed		0
