original	before	after	review_status	concept	changed_tokens
Activate	Aktifkan	Aktifkan	existing-unreviewed		0
ActivateAll	AktifkanSemua	AktifkanSemua	existing-unreviewed		0
Active	Aktif	Aktif	existing-unreviewed		0
ActiveInterruptManager	AktifSampukmanager	AktifSampukmanager	existing-unreviewed		0
ActiveMemoryManager	AktifIngatanmanager	AktifIngatanmanager	existing-unreviewed		0
Add	Tambah	Tambah	existing-unreviewed		0
AddDriver	Tambahdriver	Tambahdriver	existing-unreviewed		0
AddRunnableThread	Tambahrunnablethread	Tambahrunnablethread	existing-unreviewed		0
AddTask	TambahTugas	TambahTugas	existing-unreviewed		0
AddThread	Tambahthread	Tambahthread	existing-unreviewed		0
Address	Address	Address	existing-unreviewed		0
AlignedMalloc	Alignedmalloc	Alignedmalloc	existing-unreviewed		0
AlignmentCheck	Alignmentcheck	Alignmentcheck	existing-unreviewed		0
AllocateBlock	AllocateBlok	AllocateBlok	existing-unreviewed		0
AllocatePID	AllocateIDP	AllocateIDP	existing-unreviewed		0
AmountOfMemory	AmountdariIngatan	AmountdariIngatan	existing-unreviewed		0
ArrayToUint16	Tatasusunantounsignedinteger16	Tatasusunantounsignedinteger16	existing-unreviewed		0
ArrayToUint32	Tatasusunantounsignedinteger32	Tatasusunantounsignedinteger32	existing-unreviewed		0
ArrayToUint48	Tatasusunantounsignedinteger48	Tatasusunantounsignedinteger48	existing-unreviewed		0
ArrayToUint48_BE	Tatasusunantounsignedinteger48be	Tatasusunantounsignedinteger48be	existing-unreviewed		0
ArrayToUint64	Tatasusunantounsignedinteger64	Tatasusunantounsignedinteger64	existing-unreviewed		0
Atime	Atime	Atime	existing-unreviewed		0
AtimeNsec	Atimensec	Atimensec	existing-unreviewed		0
BLOCKS_PER_BYTE	Blokperbyte	Blokperbyte	existing-unreviewed		0
BLOCK_SIZE	BlokSaiz	BlokSaiz	existing-unreviewed		0
Backend	Backend	Backend	existing-unreviewed		0
BaseAddr	Baseaddress	Baseaddress	existing-unreviewed		0
Bind	Bind	Bind	existing-unreviewed		0
Blksize	Blksize	Blksize	existing-unreviewed		0
Blocked	Blocked	Blocked	existing-unreviewed		0
BlockedState	BlockedKeadaan	BlockedKeadaan	existing-unreviewed		0
Blocks	Blok	Blok	existing-unreviewed		0
BoundRangeExceeded	BoundJulatexceeded	BoundJulatexceeded	existing-unreviewed		0
BroadcastMacAddress	Broadcastmacaddress	Broadcastmacaddress	existing-unreviewed		0
BytesPerSector	Baitpersector	Baitpersector	existing-unreviewed		0
BytesToString	BaittoRentetan	BaittoRentetan	existing-unreviewed		0
Checksum	Checksum	Checksum	existing-unreviewed		0
Clear	Kosongkan	Kosongkan	existing-unreviewed		0
Clone	Clone	Clone	existing-unreviewed		0
CloneAddressSpaceCOW	CloneaddressRuangcow	CloneaddressRuangcow	existing-unreviewed		0
Connect	Sambung	Sambung	existing-unreviewed		0
ContainsCoordinate	Containscoordinate	Containscoordinate	existing-unreviewed		0
CopyPageFrameBlock	SalinHalamanBingkaiBlok	SalinHalamanBingkaiBlok	existing-unreviewed		0
CpuState	CpuKeadaan	CpuKeadaan	existing-unreviewed		0
Create	Create	Create	existing-unreviewed		0
CreateFromData	Createfromdata	Createfromdata	existing-unreviewed		0
CreateFromFunction	CreatefromFungsi	CreatefromFungsi	existing-unreviewed		0
CreatePtrFromFunction	CreatePenudingfromFungsi	CreatePenudingfromFungsi	existing-unreviewed		0
Cs	Cs	Cs	existing-unreviewed		0
Ctime	Ctime	Ctime	existing-unreviewed		0
CtimeNsec	Ctimensec	Ctimensec	existing-unreviewed		0
CurrentPID	SemasaIDP	SemasaIDP	existing-unreviewed		0
CurrentParentPID	SemasaindukIDP	SemasaindukIDP	existing-unreviewed		0
Data	Data	Data	compatibility		0
Deactivate	Nyahaktifkan	Nyahaktifkan	existing-unreviewed		0
Deactive	Deactive	Deactive	existing-unreviewed		0
Decrement	Decrement	Decrement	existing-unreviewed		0
Delete	Padam	Padam	existing-unreviewed		0
DescriptorPrivilegeLevel	Descriptorprivilegelevel	Descriptorprivilegelevel	existing-unreviewed		0
DescriptorType	DescriptorJenis	DescriptorJenis	existing-unreviewed		0
Destroy	Musnah	Musnah	existing-unreviewed		0
Dev	Peranti	Peranti	existing-unreviewed		0
DeviceHasFunctions	Perantihasfunctions	Perantihasfunctions	existing-unreviewed		0
DeviceNotAvailable	PerantinotTersedia	PerantinotTersedia	existing-unreviewed		0
Device_id	Perantiid	Perantiid	existing-unreviewed		0
DisableInt	Lumpuhint	Lumpuhint	existing-unreviewed		0
Disconnect	Putus	Putus	existing-unreviewed		0
DivideByZero	Dividebyzero	Dividebyzero	existing-unreviewed		0
DoHandleInterrupt	DoKendaliSampuk	DoKendaliSampuk	existing-unreviewed		0
DoubleFault	Dwifault	Dwifault	existing-unreviewed		0
Draw	Draw	Draw	existing-unreviewed		0
DriverManager	Drivermanager	Drivermanager	existing-unreviewed		0
Ds	Ds	Ds	existing-unreviewed		0
Dynamic	Dynamic	Dynamic	existing-unreviewed		0
E2BIG	E2big	E2big	existing-unreviewed		0
EACCES	Eacces	Eacces	existing-unreviewed		0
EADDRINUSE	Eaddrinuse	Eaddrinuse	existing-unreviewed		0
EAFNOSUPPORT	Eafnosupport	Eafnosupport	existing-unreviewed		0
EAGAIN	Eagain	Eagain	existing-unreviewed		0
EBADF	Ebadf	Ebadf	existing-unreviewed		0
EBUSY	Ebusy	Ebusy	existing-unreviewed		0
ECHILD	Echild	Echild	existing-unreviewed		0
EEXIST	Eexist	Eexist	existing-unreviewed		0
EFAULT	Efault	Efault	existing-unreviewed		0
EFBIG	Efbig	Efbig	existing-unreviewed		0
EINTR	Eintr	Eintr	existing-unreviewed		0
EINVAL	Einval	Einval	existing-unreviewed		0
EIO	Eio	Eio	existing-unreviewed		0
EISDIR	Eisdir	Eisdir	existing-unreviewed		0
EMFILE	Emfile	Emfile	existing-unreviewed		0
EMSGSIZE	Emsgsize	Emsgsize	existing-unreviewed		0
ENETUNREACH	Enetunreach	Enetunreach	existing-unreviewed		0
ENFILE	Enfile	Enfile	existing-unreviewed		0
ENODEV	Enodev	Enodev	existing-unreviewed		0
ENOENT	Enoent	Enoent	existing-unreviewed		0
ENOEXEC	Enoexec	Enoexec	existing-unreviewed		0
ENOMEM	Enomem	Enomem	existing-unreviewed		0
ENOSPC	Enospc	Enospc	existing-unreviewed		0
ENOSYS	Enosys	Enosys	existing-unreviewed		0
ENOTCONN	Enotconn	Enotconn	existing-unreviewed		0
ENOTDIR	Enotdir	Enotdir	existing-unreviewed		0
ENOTTY	Enotty	Enotty	existing-unreviewed		0
EOPNOTSUPP	Eopnotsupp	Eopnotsupp	existing-unreviewed		0
EPERM	Eperm	Eperm	existing-unreviewed		0
EPROTONOSUPPORT	Eprotonosupport	Eprotonosupport	existing-unreviewed		0
ERANGE	Erange	Erange	existing-unreviewed		0
EROFS	Erofs	Erofs	existing-unreviewed		0
ESPIPE	Espipe	Espipe	existing-unreviewed		0
ESRCH	Esrch	Esrch	existing-unreviewed		0
Eax	Eax	Eax	existing-unreviewed		0
Ebp	Ebp	Ebp	existing-unreviewed		0
Ebx	Ebx	Ebx	existing-unreviewed		0
Ecx	Ecx	Ecx	existing-unreviewed		0
Edi	Edi	Edi	existing-unreviewed		0
Edx	Edx	Edx	existing-unreviewed		0
Eflags	Eflags	Eflags	existing-unreviewed		0
Eip	Eip	Eip	existing-unreviewed		0
Elf	Elf	Elf	existing-unreviewed		0
Elf32Dyn	Elf32dyn	Elf32dyn	existing-unreviewed		0
Elf32Note	Elf32Nota	Elf32Nota	existing-unreviewed		0
Elf32Rel	Elf32rel	Elf32rel	existing-unreviewed		0
Elf32Rela	Elf32rela	Elf32rela	existing-unreviewed		0
Elf32Sym	Elf32sym	Elf32sym	existing-unreviewed		0
ElfHeader	Elfheader	Elfheader	existing-unreviewed		0
ElfProgramHeader	Elfprogramheader	Elfprogramheader	existing-unreviewed		0
ElfSectionHeader	Elfsectionheader	Elfsectionheader	existing-unreviewed		0
EnablePaging	Benarkanpaging	Benarkanpaging	existing-unreviewed		0
Enabled	Dibenarkan	Dibenarkan	existing-unreviewed		0
EntryNumber	EntryNOMBOR	EntryNOMBOR	existing-unreviewed		0
EqualBytes	SamaBait	SamaBait	existing-unreviewed		0
Es	Es	Es	existing-unreviewed		0
Esi	Esi	Esi	existing-unreviewed		0
Esp	Esp	Esp	existing-unreviewed		0
FPUBuffer	Fpubuffer	Fpubuffer	existing-unreviewed		0
FPUOffset	Fpuoffset	Fpuoffset	existing-unreviewed		0
Family	Family	Family	existing-unreviewed		0
FileName	FailNama	FailNama	existing-unreviewed		0
Fill	Fill	Fill	existing-unreviewed		0
FillRectangle	Fillrectangle	Fillrectangle	existing-unreviewed		0
First	First	First	existing-unreviewed		0
FirstFree	FirstBebas	FirstBebas	existing-unreviewed		0
FirstFreeSize	FirstBebasSaiz	FirstBebasSaiz	existing-unreviewed		0
Flags	Bendera	Bendera	existing-unreviewed		0
FloatingPointException	Terapungpointexception	Terapungpointexception	existing-unreviewed		0
Flush	Flush	Flush	existing-unreviewed		0
FlushTlsTable	FlushtlsJadual	FlushtlsJadual	existing-unreviewed		0
Focussable	Focussable	Focussable	existing-unreviewed		0
Free	Bebas	Bebas	existing-unreviewed		0
Fs	Fs	Fs	existing-unreviewed		0
GB	Gb	Gb	existing-unreviewed		0
GDT_ENTRIES	Gdtentry	Gdtentry	existing-unreviewed		0
GOT	Got	Got	existing-unreviewed		0
GPFException	Gpfexception	Gpfexception	existing-unreviewed		0
GatewayIP	Gatewayip	Gatewayip	existing-unreviewed		0
GdtAddressHigh	GdtaddressTinggi	GdtaddressTinggi	existing-unreviewed		0
GdtAddressLow	GdtaddressRendah	GdtaddressRendah	existing-unreviewed		0
GdtDescriptor	Gdtdescriptor	Gdtdescriptor	existing-unreviewed		0
GdtEntry	Gdtentry_2	Gdtentry_2	existing-unreviewed		0
GdtSize	GdtSaiz	GdtSaiz	existing-unreviewed		0
GetAt	Getat	Getat	existing-unreviewed		0
GetBackend	Getbackend	Getbackend	existing-unreviewed		0
GetBaseAddressRegister	Getbaseaddressregister	Getbaseaddressregister	existing-unreviewed		0
GetBitmaspSize	GetbitmaspSaiz	GetbitmaspSaiz	existing-unreviewed		0
GetBytesFromPtr	GetBaitfromPenuding	GetBaitfromPenuding	existing-unreviewed		0
GetCR0	Getcr0	Getcr0	existing-unreviewed		0
GetCR2	Getcr2	Getcr2	existing-unreviewed		0
GetCR3	Getcr3	Getcr3	existing-unreviewed		0
GetCR4	Getcr4	Getcr4	existing-unreviewed		0
GetColorIndex	GetWarnaIndeks	GetWarnaIndeks	existing-unreviewed		0
GetDeviceDescriptor	GetPerantidescriptor	GetPerantidescriptor	existing-unreviewed		0
GetDriver	Getdriver	Getdriver	existing-unreviewed		0
GetESP0	Getesp0	Getesp0	existing-unreviewed		0
GetEntry	Getentry	Getentry	existing-unreviewed		0
GetFileSize	GetFailSaiz	GetFailSaiz	existing-unreviewed		0
GetFocus	GetFokus	GetFokus	existing-unreviewed		0
GetFrameBufferSegment	GetBingkaibuffersegment	GetBingkaibuffersegment	existing-unreviewed		0
GetFuncPtrFromPtr	GetfuncPenudingfromPenuding	GetfuncPenudingfromPenuding	existing-unreviewed		0
GetFunctionName	GetFungsiNama	GetFungsiNama	existing-unreviewed		0
GetHandler	Gethandler	Gethandler	existing-unreviewed		0
GetIPAddress	Getipaddress	Getipaddress	existing-unreviewed		0
GetMACAddress	Getmacaddress	Getmacaddress	existing-unreviewed		0
GetMACFromCache	Getmacfromcache	Getmacfromcache	existing-unreviewed		0
GetNextReadyThread	GetBerikutnyaSediathread	GetBerikutnyaSediathread	existing-unreviewed		0
GetNodeAt	GetNodat	GetNodat	existing-unreviewed		0
GetProvider	Providerget	Providerget	existing-unreviewed		0
GetSS0	Getss0	Getss0	existing-unreviewed		0
GetStr	Getstr	Getstr	existing-unreviewed		0
GetUint32ArrayFromPtr	Getunsignedinteger32TatasusunanfromPenuding	Getunsignedinteger32TatasusunanfromPenuding	existing-unreviewed		0
GetUintptrArrayFromPtr	GetunsignedintegerPenudingTatasusunanfromPenuding	GetunsignedintegerPenudingTatasusunanfromPenuding	existing-unreviewed		0
GetValue	GetNilai	GetNilai	existing-unreviewed		0
GetValueInPageDir	GetNilaiMasukHalamandirektori	GetNilaiMasukHalamandirektori	existing-unreviewed		0
Gid	Gid	Gid	existing-unreviewed		0
Gs	Gs	Gs	existing-unreviewed		0
HandleException	Kendaliexception	Kendaliexception	existing-unreviewed		0
HandleFatalInterruptFrame	KendalifatalSampukBingkai	KendalifatalSampukBingkai	existing-unreviewed		0
HandleInterrupt	KendaliSampuk	KendaliSampuk	existing-unreviewed		0
HandleInterrupt1	KendaliSampuk1	KendaliSampuk1	existing-unreviewed		0
HandleUserDatagramProtocolMessage	KendaliPenggunadatagramprotocolmesej	KendaliPenggunadatagramprotocolmesej	existing-unreviewed		0
IDT_DESC_PRESENT	IdtdescriptorHadir	IdtdescriptorHadir	existing-unreviewed		0
IDT_INTERRUPT_GATE	IdtSampukgate	IdtSampukgate	existing-unreviewed		0
IDriver	IDriver	IDriver	existing-unreviewed		0
IEtherFrameHandler	IEternetBingkaihandler	IEternetBingkaihandler	existing-unreviewed		0
IInternetProtocolHandler	IInternetprotocolhandler	IInternetprotocolhandler	existing-unreviewed		0
IInterruptHandler	ISampukhandler	ISampukhandler	existing-unreviewed		0
IKeyboardEventHandler	IPapankekunciPeristiwahandler	IPapankekunciPeristiwahandler	existing-unreviewed		0
IMouseEventHandler	ITetikusPeristiwahandler	ITetikusPeristiwahandler	existing-unreviewed		0
IPCIControllerHandler	Ipcicontrollerhandler	Ipcicontrollerhandler	existing-unreviewed		0
IPCache	Ipcache	Ipcache	existing-unreviewed		0
IP_BE	IpRangkaianbyteorder	IpRangkaianbyteorder	existing-unreviewed		0
IRawDataHandler	IRawdatahandler	IRawdatahandler	existing-unreviewed		0
ITimerEventHandler	IPemasaPeristiwahandler	IPemasaPeristiwahandler	existing-unreviewed		0
IUserDatagramProtocolHandler	IPenggunadatagramprotocolhandler	IPenggunadatagramprotocolhandler	existing-unreviewed		0
IUserDatagramProtocolSocket	IPenggunadatagramprotocolSoket	IPenggunadatagramprotocolSoket	existing-unreviewed		0
IWidget	IWidget	IUnsur_skrin	project-proposal	widget	6
Identify	Identify	Identify	existing-unreviewed		0
Increment	Increment	Increment	existing-unreviewed		0
IndexOf	Indeksdari	Indeksdari	existing-unreviewed		0
Init	Init	Init	existing-unreviewed		0
InitDriver	Initdriver	Initdriver	existing-unreviewed		0
InitialThreadUserJump	InitialthreadPenggunajump	InitialthreadPenggunajump	existing-unreviewed		0
Ino	Ino	Ino	existing-unreviewed		0
Install	Pasang	Pasang	existing-unreviewed		0
Interrupt	Sampuk	Sampuk	existing-unreviewed		0
InterruptActive	SampukAktif	SampukAktif	existing-unreviewed		0
InterruptDeactive	Sampukdeactive	Sampukdeactive	existing-unreviewed		0
InterruptManager	Sampukmanager	Sampukmanager	existing-unreviewed		0
InterruptNumber	SampukNOMBOR	SampukNOMBOR	existing-unreviewed		0
InvalidOpcode	Taksahopcode	Taksahopcode	existing-unreviewed		0
InvalidTSS	Taksahtss	Taksahtss	existing-unreviewed		0
IsKernel	Iskernel	Iskernel	existing-unreviewed		0
IsPresent	IsHadir	IsHadir	existing-unreviewed		0
IsUserSpace	IsPenggunaRuang	IsPenggunaRuang	existing-unreviewed		0
KB	Kb	Kb	existing-unreviewed		0
KCS_INDEX	KcsIndeks	KcsIndeks	existing-unreviewed		0
KCS_SELECTOR	Kcsselector	Kcsselector	existing-unreviewed		0
KDS_INDEX	KdsIndeks	KdsIndeks	existing-unreviewed		0
KDS_SELECTOR	Kdsselector	Kdsselector	existing-unreviewed		0
KERNEL_HEAP_START	KernelheapMula	KernelheapMula	existing-unreviewed		0
KERNEL_VIRT_ADDR	Kernelvirtaddress	Kernelvirtaddress	existing-unreviewed		0
KGS_INDEX	KgsIndeks	KgsIndeks	existing-unreviewed		0
KGS_SELECTOR	Kgsselector	Kgsselector	existing-unreviewed		0
K핵심	KKernelEntry	KKernelEntry	compatibility		0
LIDT	Lidt	Lidt	existing-unreviewed		0
Last	Terakhir	Terakhir	existing-unreviewed		0
Len	Len	Len	compatibility		0
Limit	Had	Had	existing-unreviewed		0
Link	Pautan	Pautan	existing-unreviewed		0
LinkMap	Pautanmap	Pautanmap	existing-unreviewed		0
LinkedList	LinkedSenarai	LinkedSenarai	existing-unreviewed		0
Listen	Listen	Listen	existing-unreviewed		0
LoadElf	Muatanelf	Muatanelf	existing-unreviewed		0
MAC	Mac	Mac	existing-unreviewed		0
MAC0	Mac0	Mac0	existing-unreviewed		0
MAC1	Mac1	Mac1	existing-unreviewed		0
MAC2	Mac2	Mac2	existing-unreviewed		0
MAC3	Mac3	Mac3	existing-unreviewed		0
MAC4	Mac4	Mac4	existing-unreviewed		0
MAC5	Mac5	Mac5	existing-unreviewed		0
MACAddress0Port	Macaddress0port	Macaddress0port	existing-unreviewed		0
MACAddress2Port	Macaddress2port	Macaddress2port	existing-unreviewed		0
MACAddress4Port	Macaddress4port	Macaddress4port	existing-unreviewed		0
MACCache	Maccache	Maccache	existing-unreviewed		0
MAX_QUEUE_SIZE	MaksqueueSaiz	MaksqueueSaiz	existing-unreviewed		0
MB	Mb	Mb	existing-unreviewed		0
MBR	Mbr	Mbr	existing-unreviewed		0
MHex출력	MHexadecimalCetak	MHexadecimalCetak	existing-unreviewed		0
MHex출력XY	MHexadecimalCetakxy	MHexadecimalCetakxy	existing-unreviewed		0
MUint16출력	MUnsignedinteger16Cetak	MUnsignedinteger16Cetak	existing-unreviewed		0
MUint16출력XY	MUnsignedinteger16Cetakxy	MUnsignedinteger16Cetakxy	existing-unreviewed		0
MUint32출력	MUnsignedinteger32Cetak	MUnsignedinteger32Cetak	existing-unreviewed		0
MUint32출력XY	MUnsignedinteger32Cetakxy	MUnsignedinteger32Cetakxy	existing-unreviewed		0
MUint64출력	MUnsignedinteger64Cetak	MUnsignedinteger64Cetak	existing-unreviewed		0
MUint64출력XY	MUnsignedinteger64Cetakxy	MUnsignedinteger64Cetakxy	existing-unreviewed		0
Machine	Machine	Machine	existing-unreviewed		0
MachineCheck	Machinecheck	Machinecheck	existing-unreviewed		0
MakeRangePrivateWritable	MakeJulatprivatewritable	MakeJulatprivatewritable	existing-unreviewed		0
Malloc	Malloc	Peruntukkan_ingatan	project-proposal	allocate_memory	32
MemCmp	Memcmp	Memcmp	existing-unreviewed		0
MemCpy	MemSalin	MemSalin	existing-unreviewed		0
MemMove	MemAlih	MemAlih	existing-unreviewed		0
MemSet	MemTetapkan	MemTetapkan	existing-unreviewed		0
MemoryOper	Ingatanoper	Ingatanoper	existing-unreviewed		0
Mode	Mod	Mod	existing-unreviewed		0
ModelToScreen	Modeltoscreen	Tetapkan_koordinat_setempat	project-proposal	set_coordinates	5
Mtime	Mtime	Mtime	existing-unreviewed		0
MtimeNsec	Mtimensec	Mtimensec	existing-unreviewed		0
MyHandleInterrupt	MyKendaliSampuk	MyKendaliSampuk	existing-unreviewed		0
MyTest	MyUji	MyUji	existing-unreviewed		0
M긴급로그Hex8	MEmergencyloghexadecimal8	MEmergencyloghexadecimal8	existing-unreviewed		0
M긴급로그Uint32	MEmergencylogunsignedinteger32	MEmergencylogunsignedinteger32	existing-unreviewed		0
M긴급로그문자열	MEmergencylogRentetan	MEmergencylogRentetan	existing-unreviewed		0
M직렬로그초기화	MSiriloginit	MSiriloginit	existing-unreviewed		0
M출력	MCetak	MCetak	existing-unreviewed		0
M출력BytesXY	MCetakBaitxy	MCetakBaitxy	existing-unreviewed		0
M출력Hex	MCetakhexadecimal	MCetakhexadecimal	existing-unreviewed		0
M출력Uint16	MCetakunsignedinteger16	MCetakunsignedinteger16	existing-unreviewed		0
M출력Uint32	MCetakunsignedinteger32	MCetakunsignedinteger32	existing-unreviewed		0
M출력XY	MCetakxy	MCetakxy	existing-unreviewed		0
M테스트	M테스트	M테스트	existing-unreviewed		0
NMI	Nmi	Nmi	existing-unreviewed		0
New	Baharu	Baharu	existing-unreviewed		0
NewInterruptHandler	BaharuSampukhandler	BaharuSampukhandler	existing-unreviewed		0
Next	Berikutnya	Berikutnya	existing-unreviewed		0
Nlink	Nlink	Nlink	existing-unreviewed		0
Node	Nod	TNod_senarai	project-proposal	list_node	16
Nodename	Nodename	Nodename	existing-unreviewed		0
OnEtherFrameReceived	EternetBingkaireceivewhen	EternetBingkaireceivewhen	existing-unreviewed		0
OnGetDriver	Bukagetdriver	Bukagetdriver	existing-unreviewed		0
OnInternetProtocolReceived	Internetprotocolreceivewhen	Internetprotocolreceivewhen	existing-unreviewed		0
OnKeyDown	BukaKunciTurun	BukaKunciTurun	existing-unreviewed		0
OnKeyUp	BukaKunciNaik	BukaKunciNaik	existing-unreviewed		0
OnMouseDown	BukaTetikusTurun	BukaTetikusTurun	existing-unreviewed		0
OnMouseMove	BukaTetikusAlih	BukaTetikusAlih	existing-unreviewed		0
OnMouseUp	BukaTetikusNaik	BukaTetikusNaik	existing-unreviewed		0
OnRawDataReceived	Bukarawdatareceive	Bukarawdatareceive	existing-unreviewed		0
OnTick	Bukatick	Bukatick	existing-unreviewed		0
Overflow	Overflow	Overflow	existing-unreviewed		0
P1LinkMap	PNilai1Pautanmap	PNilai1Pautanmap	existing-unreviewed		0
P2LinkMap	PNilai2Pautanmap	PNilai2Pautanmap	existing-unreviewed		0
P3LinkMap	PNilai3Pautanmap	PNilai3Pautanmap	existing-unreviewed		0
PAGE_COW	Halamancow	Halamancow	existing-unreviewed		0
PAGE_FRAME	HalamanBingkai	HalamanBingkai	existing-unreviewed		0
PAGE_PRESENT	HalamanHadir	HalamanHadir	existing-unreviewed		0
PAGE_USER	HalamanPengguna	HalamanPengguna	existing-unreviewed		0
PAGE_WRITABLE	Halamanwritable	Halamanwritable	existing-unreviewed		0
PAUSE_LOOP	HentiSebentarloop	HentiSebentarloop	existing-unreviewed		0
PICMasterCommandPort	PrimarypicPerintahioport	PrimarypicPerintahioport	existing-unreviewed		0
PICMasterDataPort	Primarypicdataioport	Primarypicdataioport	existing-unreviewed		0
PICSlaveCommandPort	SecondarypicPerintahioport	SecondarypicPerintahioport	existing-unreviewed		0
PICSlaveDataPort	Secondarypicdataioport	Secondarypicdataioport	existing-unreviewed		0
PRESENT	Hadir	Hadir	existing-unreviewed		0
PRIV_KERNEL	Privkernel	Privkernel	existing-unreviewed		0
PRIV_USER	PrivPengguna	PrivPengguna	existing-unreviewed		0
PROC_USER_HEAP_SIZE	ProcPenggunaheapSaiz	ProcPenggunaheapSaiz	existing-unreviewed		0
PageDirEntry	Halamandirektorientry	Halamandirektorientry	existing-unreviewed		0
PageDirectoryEntry	Halamandirektorientry_2	Halamandirektorientry_2	existing-unreviewed		0
PageFault	Halamanfault	Halamanfault	existing-unreviewed		0
PageFaultException	Halamanfaultexception	Halamanfaultexception	existing-unreviewed		0
PageRoundDown	HalamanBulatTurun	HalamanBulatTurun	existing-unreviewed		0
PageRoundUp	HalamanBulatNaik	HalamanBulatNaik	existing-unreviewed		0
PageTableEntry	HalamanJadualentry	HalamanJadualentry	existing-unreviewed		0
Paging	Paging	Paging	existing-unreviewed		0
ParentPid	IndukIDP	IndukIDP	existing-unreviewed		0
Parse	Parse	Parse	existing-unreviewed		0
Partition_id	Partitionid	Partitionid	existing-unreviewed		0
PhyMemTest	PhymemUji	PhymemUji	existing-unreviewed		0
PhysicalMemoryManager	PhysicalIngatanmanager	PhysicalIngatanmanager	existing-unreviewed		0
Pid	IDP	IDP	existing-unreviewed		0
Port	Port	Port	existing-unreviewed		0
PortBase	Portbase	Portbase	existing-unreviewed		0
PortInByte	PortMasukbyte	PortMasukbyte	existing-unreviewed		0
PortInDword	PortMasukdword	PortMasukdword	existing-unreviewed		0
PortInWord	PortMasukperkataan	PortMasukperkataan	existing-unreviewed		0
PortOutByte	PortKeluarbyte	PortKeluarbyte	existing-unreviewed		0
PortOutDword	PortKeluardword	PortKeluardword	existing-unreviewed		0
PortOutWord	PortKeluarperkataan	PortKeluarperkataan	existing-unreviewed		0
PortReadByte	PortBacabyte	PortBacabyte	existing-unreviewed		0
PortReadDword	PortBacadword	PortBacadword	existing-unreviewed		0
PortReadWord	PortBacaperkataan	PortBacaperkataan	existing-unreviewed		0
PortWriteByte	PortTulisbyte	PortTulisbyte	existing-unreviewed		0
PortWriteDword	PortTulisdword	PortTulisdword	existing-unreviewed		0
PortWriteWord	PortTulisperkataan	PortTulisperkataan	existing-unreviewed		0
Prev	Previous	Previous	existing-unreviewed		0
PrevTSS	Previoustss	Previoustss	existing-unreviewed		0
PrimaryPartition	Primarypartition	Primarypartition	existing-unreviewed		0
Print	Cetak	Cetak	existing-unreviewed		0
PrintBytes	CetakBait	CetakBait	existing-unreviewed		0
PrintStr	Cetakstr	Cetakstr	existing-unreviewed		0
PrintTLS	Cetaktls	Cetaktls	existing-unreviewed		0
PrintTest	CetakUji	CetakUji	existing-unreviewed		0
Process	Proses	Proses	existing-unreviewed		0
ProcessHelper	Proseshelper	Proseshelper	existing-unreviewed		0
ProcessPendingKeyboardEvents	ProsespendingPapankekuncievents	ProsespendingPapankekuncievents	existing-unreviewed		0
ProcessPendingMouseEvents	ProsespendingTetikusevents	ProsespendingTetikusevents	existing-unreviewed		0
PushAt	Pushat	Sisip_pada_indeks	project-proposal	insert_at	1
PushBack	PushUndur	Tambah_di_hujung_senarai	project-proposal	append	12
PushFront	PushHadapan	Tambah_di_awal_senarai	project-proposal	prepend	5
PutPixel	Putpixel	Putpixel	existing-unreviewed		0
PutPixelRGB	Putpixelrgb	Putpixelrgb	existing-unreviewed		0
QUEUE_START_ADDR	QueueMulaaddress	QueueMulaaddress	existing-unreviewed		0
Rdev	Rdev	Rdev	existing-unreviewed		0
Read	Baca	Baca	existing-unreviewed		0
Read28	Baca28	Baca28	existing-unreviewed		0
ReadFile	BacaFail	Baca_fail	project-proposal	file_read	7
ReadPartitions	Bacapartition	Bacapartition	existing-unreviewed		0
Ready	Sedia	Sedia	existing-unreviewed		0
Receive	Receive	Receive	existing-unreviewed		0
Ref	Reference	Reference	existing-unreviewed		0
Release	Release	Release	existing-unreviewed		0
ReloadCR3	MuatSemulacr3	MuatSemulacr3	existing-unreviewed		0
Remove	Buang	Buang	existing-unreviewed		0
RemoveAt	Buangat	Buangat	existing-unreviewed		0
RemoveThread	Buangthread	Buangthread	existing-unreviewed		0
RemoveThreadAt	Buangthreadat	Buangthreadat	existing-unreviewed		0
RequestMacAddress	Requestmacaddress	Requestmacaddress	existing-unreviewed		0
Reset	TetapSemula	TetapSemula	existing-unreviewed		0
Resolve	Resolve	Resolve	existing-unreviewed		0
ResolveCopyOnWriteFault	ResolveSalinBukaTulisfault	ResolveSalinBukaTulisfault	existing-unreviewed		0
SCHEDULER_FREQUENCY	SchedulerKekerapan	SchedulerKekerapan	existing-unreviewed		0
SEG_BIG_MODE	Segbigmod	Segbigmod	existing-unreviewed		0
SEG_EXEC	SegJalankan	SegJalankan	existing-unreviewed		0
SEG_GRAN_4K_PAGE	Seggran4kHalaman	Seggran4kHalaman	existing-unreviewed		0
SEG_GRAN_BYTE	Seggranbyte	Seggranbyte	existing-unreviewed		0
SEG_KERNEL_CODE	Segkernelcode	Segkernelcode	existing-unreviewed		0
SEG_KERNEL_DATA	Segkerneldata	Segkerneldata	existing-unreviewed		0
SEG_KERNEL_GS	Segkernelgs	Segkernelgs	existing-unreviewed		0
SEG_NOEXEC	Segnoexec	Segnoexec	existing-unreviewed		0
SEG_NORMAL	SegBiasa	SegBiasa	existing-unreviewed		0
SEG_NORW	Segnorw	Segnorw	existing-unreviewed		0
SEG_R	Segr	Segr	existing-unreviewed		0
SEG_SYSTEM	SegSistem	SegSistem	existing-unreviewed		0
SEG_TASK_STATE	SegTugasKeadaan	SegTugasKeadaan	existing-unreviewed		0
SEG_USER_CODE	SegPenggunacode	SegPenggunacode	existing-unreviewed		0
SEG_USER_DATA	SegPenggunadata	SegPenggunadata	existing-unreviewed		0
SEG_USER_GS	SegPenggunags	SegPenggunags	existing-unreviewed		0
SEG_W	Segw	Segw	existing-unreviewed		0
SIMDFloatingPointException	Simdterapungpointexception	Simdterapungpointexception	existing-unreviewed		0
SIZE	Saiz	Saiz	existing-unreviewed		0
SYS_ACCESS	Syscapai	Syscapai	existing-unreviewed		0
SYS_BRK	Sysbrk	Sysbrk	existing-unreviewed		0
SYS_CHDIR	Syschdir	Syschdir	existing-unreviewed		0
SYS_CLOSE	SysTutup	SysTutup	existing-unreviewed		0
SYS_CREAT	Syscreat	Syscreat	existing-unreviewed		0
SYS_DUP	Sysdup	Sysdup	existing-unreviewed		0
SYS_DUP2	Sysdup2	Sysdup2	existing-unreviewed		0
SYS_EXECVE	Sysexecve	Sysexecve	existing-unreviewed		0
SYS_EXIT	SysKeluar	SysKeluar	existing-unreviewed		0
SYS_FCNTL	Sysfcntl	Sysfcntl	existing-unreviewed		0
SYS_FORK	Sysfork	Sysfork	existing-unreviewed		0
SYS_FSTAT	Sysfstat	Sysfstat	existing-unreviewed		0
SYS_FSYNC	Sysfsync	Sysfsync	existing-unreviewed		0
SYS_GETCWD	Sysgetcwd	Sysgetcwd	existing-unreviewed		0
SYS_GETEGID	Sysgetegid	Sysgetegid	existing-unreviewed		0
SYS_GETEUID	Sysgeteuid	Sysgeteuid	existing-unreviewed		0
SYS_GETGID	Sysgetgid	Sysgetgid	existing-unreviewed		0
SYS_GETPID	Sysgetpid	Sysgetpid	existing-unreviewed		0
SYS_GETPPID	Sysgetppid	Sysgetppid	existing-unreviewed		0
SYS_GETUID	Sysgetuid	Sysgetuid	existing-unreviewed		0
SYS_LSEEK	Syslseek	Syslseek	existing-unreviewed		0
SYS_LSTAT	Syslstat	Syslstat	existing-unreviewed		0
SYS_OPEN	SysBuka	SysBuka	existing-unreviewed		0
SYS_READ	SysBaca	SysBaca	existing-unreviewed		0
SYS_RT_EXIT	SysrtKeluar	SysrtKeluar	existing-unreviewed		0
SYS_SOCKETCALL	Syssocketcall	Syssocketcall	existing-unreviewed		0
SYS_STAT	Sysstat	Sysstat	existing-unreviewed		0
SYS_SYNC	Syssync	Syssync	existing-unreviewed		0
SYS_UNAME	Sysuname	Sysuname	existing-unreviewed		0
SYS_WAITPID	Syswaitpid	Syswaitpid	existing-unreviewed		0
SYS_WRITE	SysTulis	SysTulis	existing-unreviewed		0
Schedule	Schedule	Schedule	existing-unreviewed		0
Scheduler	Scheduler	Scheduler	existing-unreviewed		0
SchedulerData	Schedulerdata	Schedulerdata	existing-unreviewed		0
SegmentNotPresent	SegmentnotHadir	SegmentnotHadir	existing-unreviewed		0
SelectDrivers	Pilihdriver	Pilihdriver	existing-unreviewed		0
Send	Hantar	Hantar	existing-unreviewed		0
SendEchoRequest	EchorequestHantar	EchorequestHantar	existing-unreviewed		0
SendFrame	BingkaiHantar	BingkaiHantar	existing-unreviewed		0
SerialInit	Siriinit	Siriinit	existing-unreviewed		0
SerialWriteByte	SiriTulisbyte	SiriTulisbyte	existing-unreviewed		0
SetBackend	Tetapkanbackend	Tetapkanbackend	existing-unreviewed		0
SetBit	Tetapkanbit	Tetapkanbit	existing-unreviewed		0
SetBlockInPageDir	TetapkanBlokMasukHalamandirektori	TetapkanBlokMasukHalamandirektori	existing-unreviewed		0
SetBuffer	Tetapkanbuffer	Tetapkanbuffer	existing-unreviewed		0
SetByteAtAddr	Tetapkanbyteataddress	Tetapkanbyteataddress	existing-unreviewed		0
SetByteInPageDir	TetapkanbyteMasukHalamandirektori	TetapkanbyteMasukHalamandirektori	existing-unreviewed		0
SetCR3	Tetapkancr3	Tetapkancr3	existing-unreviewed		0
SetColor	TetapkanWarna	TetapkanWarna	existing-unreviewed		0
SetDescriptor	Tetapkandescriptor	Tetapkandescriptor	existing-unreviewed		0
SetHandleInterruptFuction	TetapkanKendaliSampukfuction	TetapkanKendaliSampukfuction	existing-unreviewed		0
SetHandler	Tetapkanhandler	Tetapkanhandler	existing-unreviewed		0
SetIPAddress	Tetapkanipaddress	Tetapkanipaddress	existing-unreviewed		0
SetInterruptDescriptorTableEntry	SampukdescriptorJadualentryTetapkan	SampukdescriptorJadualentryTetapkan	existing-unreviewed		0
SetInterruptManager	TetapkanSampukmanager	TetapkanSampukmanager	existing-unreviewed		0
SetInterruptNumber	TetapkanSampukNOMBOR	TetapkanSampukNOMBOR	existing-unreviewed		0
SetMode	Tetapkanmod	Tetapkanmod	existing-unreviewed		0
SetNodeAt	TetapkanNodat	TetapkanNodat	existing-unreviewed		0
SetStack	Tetapkanstack	Tetapkanstack	existing-unreviewed		0
SetTlsSegment	Tetapkantlssegment	Tetapkantlssegment	existing-unreviewed		0
SetUint32AtAddr	Tetapkanunsignedinteger32ataddress	Tetapkanunsignedinteger32ataddress	existing-unreviewed		0
SetUint32InPageDir	Tetapkanunsignedinteger32MasukHalamandirektori	Tetapkanunsignedinteger32MasukHalamandirektori	existing-unreviewed		0
SetUint8AtAddr	Tetapkanunsignedinteger8ataddress	Tetapkanunsignedinteger8ataddress	existing-unreviewed		0
SharedMemoryRegion	SharedIngatanregion	SharedIngatanregion	existing-unreviewed		0
Size	Saiz_2	Saiz_2	existing-unreviewed		0
Spawn	Spawn	Spawn	existing-unreviewed		0
Ss	Ss	Ss	existing-unreviewed		0
Stack	Stack	Stack	existing-unreviewed		0
StackSegmentFault	Stacksegmentfault	Stacksegmentfault	existing-unreviewed		0
Start_lba	Mulalba	Mulalba	existing-unreviewed		0
Started	Bermula	Bermula	existing-unreviewed		0
StdinPutByte	Stdinputbyte	Stdinputbyte	existing-unreviewed		0
StopCurrentThread	HentiSemasathread	HentiSemasathread	existing-unreviewed		0
Stopped	Berhenti	Berhenti	existing-unreviewed		0
SubnetMask	Subnetmask	Subnetmask	existing-unreviewed		0
SupportMode	Sokonganmod	Sokonganmod	existing-unreviewed		0
Sys_brk	Sysbrk_2	Sysbrk_2	existing-unreviewed		0
Sys_close	SysTutup_2	SysTutup_2	existing-unreviewed		0
Sys_exit	SysKeluar_2	SysKeluar_2	existing-unreviewed		0
Sys_getpid	Sysgetpid_2	Sysgetpid_2	existing-unreviewed		0
Sys_mousemove	Sysmousemove	Sysmousemove	existing-unreviewed		0
Sys_open	SysBuka_2	SysBuka_2	existing-unreviewed		0
Sys_printStr	SysCetakstr	SysCetakstr	existing-unreviewed		0
Sys_printUint32	SysCetakunsignedinteger32	SysCetakunsignedinteger32	existing-unreviewed		0
Sys_printf	Sysprintf	Sysprintf	existing-unreviewed		0
Sys_read	SysBaca_2	SysBaca_2	existing-unreviewed		0
Syscall	Syscall	Syscall	existing-unreviewed		0
Sysname	Sysname	Sysname	existing-unreviewed		0
TARPEtherFrameHandler	ArpEternetBingkaihandler	ArpEternetBingkaihandler	existing-unreviewed		0
TARPMessage	Arpmesej	Arpmesej	existing-unreviewed		0
TARPMessageBuffer	Arpmesejbuffer	Arpmesejbuffer	existing-unreviewed		0
TARPProvider	Arpprovider	Arpprovider	existing-unreviewed		0
TAdvancedTechnologyAttachment	TLanjutanTeknologiattachment	TLanjutanTeknologiattachment	existing-unreviewed		0
TArray	TTatasusunan	TTatasusunan	existing-unreviewed		0
TBaseAddressRegister	TBaseaddressregister	TBaseaddressregister	existing-unreviewed		0
TBiosParameterBlock32	TBiosparameterBlok32	TParameter_sistem_fail32	project-proposal	fat_parameters	11
TBufferDescriptor	TBufferdescriptor	TBufferdescriptor	existing-unreviewed		0
TCOWFrameManager	TcowBingkaimanager	TcowBingkaimanager	existing-unreviewed		0
TCPUState	TcpuKeadaan	TcpuKeadaan	existing-unreviewed		0
TDefaultKeyboardEventHandler	TLalaiPapankekunciPeristiwahandler	TLalaiPapankekunciPeristiwahandler	existing-unreviewed		0
TDefaultMouseEventHandler	TLalaiTetikusPeristiwahandler	TLalaiTetikusPeristiwahandler	existing-unreviewed		0
TDefaultPCIControllerHandler	TLalaipcicontrollerhandler	TLalaipcicontrollerhandler	existing-unreviewed		0
TDefaultTimerEventHandler	TLalaiPemasaPeristiwahandler	TLalaiPemasaPeristiwahandler	existing-unreviewed		0
TDirectoryEntryFat32	TDirektorientryfat32	TDirektorientryfat32	existing-unreviewed		0
TDriverManager	TDrivermanager	TDrivermanager	existing-unreviewed		0
TEtherFrameHandler	TEternetBingkaihandler	TEternetBingkaihandler	existing-unreviewed		0
TEtherFrameHeader	TEternetBingkaiheader	TPengepala_bingkai_rangkaian_medium_bersama	project-proposal	ethernet_header	8
TEtherFrameHeaderBuffer	TEternetBingkaiheaderbuffer	TEternetBingkaiheaderbuffer	existing-unreviewed		0
TEtherFrameProvider	TEternetBingkaiprovider	TPembekal_bingkai_rangkaian_medium_bersama	project-proposal	ethernet_provider	20
TEtherFrameRawDataHandler	TEternetBingkairawdatahandler	TEternetBingkairawdatahandler	existing-unreviewed		0
TGateDescriptor	TGatedescriptor	TGatedescriptor	existing-unreviewed		0
THREAD_STACK_SIZE	ThreadstackSaiz	ThreadstackSaiz	existing-unreviewed		0
TICMPHandler	Icmphandler	Icmphandler	existing-unreviewed		0
TIPEtherFrameHandler	IpEternetBingkaihandler	IpEternetBingkaihandler	existing-unreviewed		0
TInitializationBlock	TInitializationBlok	TInitializationBlok	existing-unreviewed		0
TInternetControlMessageProtocol	TInternetKawalanmesejprotocol	TProtokol_mesej_kawalan_rangkaian_saling_terhubung	project-proposal	icmp	5
TInternetControlMessageProtocolMessage	TInternetKawalanmesejprotocolmesej	TInternetKawalanmesejprotocolmesej	existing-unreviewed		0
TInternetControlMessageProtocolMessageBuffer	TInternetKawalanmesejprotocolmesejbuffer	TInternetKawalanmesejprotocolmesejbuffer	existing-unreviewed		0
TInternetProtocolHandler	TInternetprotocolhandler	TInternetprotocolhandler	existing-unreviewed		0
TInternetProtocolProvider	TInternetprotocolprovider	TPembekal_protokol_rangkaian_saling_terhubung	project-proposal	ip_provider	14
TInternetProtocolV4Message	TInternetprotocolv4mesej	TInternetprotocolv4mesej	existing-unreviewed		0
TInternetProtocolV4MessageBuffer	TInternetprotocolv4mesejbuffer	TInternetprotocolv4mesejbuffer	existing-unreviewed		0
TInterruptDescriptorTablePointer	TSampukdescriptorJadualPenuding	TSampukdescriptorJadualPenuding	existing-unreviewed		0
TInterruptHandler	TSampukhandler	TSampukhandler	existing-unreviewed		0
TInterruptManager	TSampukmanager	TSampukmanager	existing-unreviewed		0
TKeyboardDriver	TPapankekuncidriver	TPapankekuncidriver	existing-unreviewed		0
TLS_START	TlsMula	TlsMula	existing-unreviewed		0
TMSDOSPartitionTable	TmsdospartitionJadual	TmsdospartitionJadual	existing-unreviewed		0
TMasterBootRecord	TMasterbootRakam	TRekod_but_utama	project-proposal	boot_record	3
TMemoryChunk	TIngatanchunk	TIngatanchunk	existing-unreviewed		0
TMemoryManager	TIngatanmanager	TIngatanmanager	existing-unreviewed		0
TMouseDriver	TTetikusdriver	TTetikusdriver	existing-unreviewed		0
TMyKeyboardEventHandler	TMyPapankekunciPeristiwahandler	TMyPapankekunciPeristiwahandler	existing-unreviewed		0
TMyMouseEventHandler	TMyTetikusPeristiwahandler	TMyTetikusPeristiwahandler	existing-unreviewed		0
TMyPCIControllerHandler	TMypcicontrollerhandler	TMypcicontrollerhandler	existing-unreviewed		0
TPartitionTableEntry	TPartitionJadualentry	TPartitionJadualentry	existing-unreviewed		0
TPeripheralComponentInterconnectController	TPeripheralcomponentinterconnectcontroller	TPeripheralcomponentinterconnectcontroller	existing-unreviewed		0
TPeripheralComponentInterconnectDeviceDescriptor	TPeripheralcomponentinterconnectPerantidescriptor	TPeripheralcomponentinterconnectPerantidescriptor	existing-unreviewed		0
TPort	TPort	TPort	existing-unreviewed		0
TPort16Bit	TPort16bit	TPort16bit	existing-unreviewed		0
TPort32Bit	TPort32bit	TPort32bit	existing-unreviewed		0
TPort8Bit	TPort8bit	TPort8bit	existing-unreviewed		0
TRawDataHandler	TRawdatahandler	TRawdatahandler	existing-unreviewed		0
TSSEntry	Tssentry	Tssentry	existing-unreviewed		0
TSyscall	TSyscall	TSyscall	existing-unreviewed		0
TTask	TTugas	TTugas	existing-unreviewed		0
TThread	TThread	TThread	existing-unreviewed		0
TThreadHelper	TThreadhelper	TThreadhelper	existing-unreviewed		0
TTimerDriver	TPemasadriver	TPemasadriver	existing-unreviewed		0
TUserDatagramProtocolHandler	TPenggunadatagramprotocolhandler	TPenggunadatagramprotocolhandler	existing-unreviewed		0
TUserDatagramProtocolHeader	TPenggunadatagramprotocolheader	TPengepala_datagram_pengguna	project-proposal	udp_header	5
TUserDatagramProtocolHeaderBuffer	TPenggunadatagramprotocolheaderbuffer	TPenggunadatagramprotocolheaderbuffer	existing-unreviewed		0
TUserDatagramProtocolProvider	TPenggunadatagramprotocolprovider	TPenggunadatagramprotocolprovider	existing-unreviewed		0
TUserDatagramProtocolSocket	TPenggunadatagramprotocolSoket	TTitik_akhir_datagram_pengguna	project-proposal	udp_socket	17
TVideoGraphicsArray	TVideoGrafikTatasusunan	TVideoGrafikTatasusunan	existing-unreviewed		0
TWidget	TWidget	TUnsur_skrin	project-proposal	widget	9
TWidgetMouseEventHandler	TWidgetTetikusPeristiwahandler	TWidgetTetikusPeristiwahandler	existing-unreviewed		0
Tamd_am79c973	Tamdam79c973	Tamdam79c973	existing-unreviewed		0
Test	Uji	Uji	existing-unreviewed		0
TestBit	Ujibit	Ujibit	existing-unreviewed		0
TestPrint	UjiCetak	UjiCetak	existing-unreviewed		0
Thread	Thread	Thread	existing-unreviewed		0
ThreadList	ThreadSenarai	ThreadSenarai	existing-unreviewed		0
ThreadState	ThreadKeadaan	ThreadKeadaan	existing-unreviewed		0
Threads	Threads	Threads	existing-unreviewed		0
TlsSegments	Tlssegments	Tlssegments	existing-unreviewed		0
TotalBlocks	JumlahBlok	JumlahBlok	existing-unreviewed		0
Type	Jenis	Jenis	existing-unreviewed		0
TypeTest	JenisUji	JenisUji	existing-unreviewed		0
T공용서술자테이블	TShareddescriptorJadual	TShareddescriptorJadual	existing-unreviewed		0
T공용서술자테이블_자료	TShareddescriptorJadualdata	TShareddescriptorJadualdata	existing-unreviewed		0
T작업관리자	TTugasmanager	TTugasmanager	existing-unreviewed		0
T조각설명자	TSegmentdescriptor	TSegmentdescriptor	existing-unreviewed		0
T콘솔	TConsole	TConsole	existing-unreviewed		0
T함수1	TFungsi1	TFungsi1	existing-unreviewed		0
UDESC_32SEG	Udesc32seg	Udesc32seg	existing-unreviewed		0
UDESC_CONTENTS	UdescKandungan	UdescKandungan	existing-unreviewed		0
UDESC_LIMIT_IN_PAGES	UdescHadMasukHalaman	UdescHadMasukHalaman	existing-unreviewed		0
UDESC_RX_ONLY	Udescrxonly	Udescrxonly	existing-unreviewed		0
UDESC_SEG_NOT_PRESENT	UdescsegnotHadir	UdescsegnotHadir	existing-unreviewed		0
UDESC_USABLE	Udescusable	Udescusable	existing-unreviewed		0
USER_STACK	Penggunastack	Penggunastack	existing-unreviewed		0
USER_STACK_SIZE	PenggunastackSaiz	PenggunastackSaiz	existing-unreviewed		0
USER_STACK_TOP	PenggunastackAtas	PenggunastackAtas	existing-unreviewed		0
Uid	Uid	Uid	existing-unreviewed		0
Uint16ToArray	Unsignedinteger16toTatasusunan	Unsignedinteger16toTatasusunan	existing-unreviewed		0
Uint16ToArray_BE	Unsignedinteger16toTatasusunanbe	Unsignedinteger16toTatasusunanbe	existing-unreviewed		0
Uint16_R	Unsignedinteger16r	Unsignedinteger16r	existing-unreviewed		0
Uint32ToArray	Unsignedinteger32toTatasusunan	Unsignedinteger32toTatasusunan	existing-unreviewed		0
Uint32_R	Unsignedinteger32r	Unsignedinteger32r	existing-unreviewed		0
Uint48ToArray	Unsignedinteger48toTatasusunan	Unsignedinteger48toTatasusunan	existing-unreviewed		0
Uint48ToArray_BE	Unsignedinteger48toTatasusunanbe	Unsignedinteger48toTatasusunanbe	existing-unreviewed		0
Uint48_R	Unsignedinteger48r	Unsignedinteger48r	existing-unreviewed		0
Uint64ToArray	Unsignedinteger64toTatasusunan	Unsignedinteger64toTatasusunan	existing-unreviewed		0
Uint64_R	Unsignedinteger64r	Unsignedinteger64r	existing-unreviewed		0
UnhandleInterrupt	UnhandleSampuk	UnhandleSampuk	existing-unreviewed		0
UnsetBit	Nyahtetapbit	Songsangkan_bit_peruntukan	project-proposal	toggle_bit	1
UsedBlocks	DigunakanBlok	DigunakanBlok	existing-unreviewed		0
UserDesc	Penggunadescriptor	Penggunadescriptor	existing-unreviewed		0
UserStack	Penggunastack_2	Penggunastack_2	existing-unreviewed		0
UserStackSize	PenggunastackSaiz_2	PenggunastackSaiz_2	existing-unreviewed		0
Vendor_id	Pembekalid	Pembekalid	existing-unreviewed		0
Version	Versi	Versi	existing-unreviewed		0
VirtTest	VirtUji	VirtUji	existing-unreviewed		0
Write	Tulis	Tulis	existing-unreviewed		0
Write28	Tulis28	Tulis28	existing-unreviewed		0
WriteRegisters	Tulisregister	Tulisregister	existing-unreviewed		0
X	X	X	existing-unreviewed		0
Y	Y	Y	existing-unreviewed		0
Zero	Zero	Zero	existing-unreviewed		0
ZeroBlockInPageDir	ZeroBlokMasukHalamandirektori	ZeroBlokMasukHalamandirektori	existing-unreviewed		0
a	a	a	existing-unreviewed		0
aTime	aMasa	aMasa	existing-unreviewed		0
access	capai	capai	existing-unreviewed		0
accessMode	capaimod	capaimod	existing-unreviewed		0
ack	ack	ack	existing-unreviewed		0
activeKeyboardDriver	aktifPapankekuncidriver	aktifPapankekuncidriver	existing-unreviewed		0
activeMouseDriver	aktifTetikusdriver	aktifTetikusdriver	existing-unreviewed		0
addr	address	address	existing-unreviewed		0
addrPtr	addressPenuding	addressPenuding	existing-unreviewed		0
address	address_2	address_2	existing-unreviewed		0
addressError	addressRalat	addressRalat	existing-unreviewed		0
afInet	afinet	afinet	existing-unreviewed		0
allocFD	allocatefd	allocatefd	existing-unreviewed		0
allocOpenFile	allocateBukaFail	allocateBukaFail	existing-unreviewed		0
allocProcess	allocateProses	allocateProses	existing-unreviewed		0
allocateSocket	allocateSoket	allocateSoket	existing-unreviewed		0
allocated	allocated	allocated	existing-unreviewed		0
amd_am79c973	amdam79c973	amdam79c973	existing-unreviewed		0
args	arguments	arguments	existing-unreviewed		0
argument	argument	argument	existing-unreviewed		0
argumentPointers	argumentpointers	argumentpointers	existing-unreviewed		0
arguments	arguments_2	arguments_2	existing-unreviewed		0
arp	arp	arp	existing-unreviewed		0
arpBuffer	arpbuffer	arpbuffer	existing-unreviewed		0
arpMesgSize	arpmesgSaiz	arpmesgSaiz	existing-unreviewed		0
arpProvider	arpprovider	arpprovider	existing-unreviewed		0
arp콘솔	arpconsole	arpconsole	existing-unreviewed		0
array	tatasusunan	tatasusunan	existing-unreviewed		0
ata	ata	ata	existing-unreviewed		0
ata0s	ata0s	ata0s	existing-unreviewed		0
attempts	attempts	attempts	existing-unreviewed		0
attr	atribut	atribut	existing-unreviewed		0
attributeControllerIndexPort	atributcontrollerIndeksport	atributcontrollerIndeksport	existing-unreviewed		0
attributeControllerReadPort	atributcontrollerBacaport	atributcontrollerBacaport	existing-unreviewed		0
attributeControllerResetPort	atributcontrollerTetapSemulaport	atributcontrollerTetapSemulaport	existing-unreviewed		0
attributeControllerWritePort	atributcontrollerTulisport	atributcontrollerTulisport	existing-unreviewed		0
attributes	attributes	attributes	existing-unreviewed		0
aux	aux	aux	existing-unreviewed		0
avail	tersedia	tersedia	existing-unreviewed		0
b	b	b	existing-unreviewed		0
backend	backend	backend	existing-unreviewed		0
backupFpRegs	backupfpregs	backupfpregs	existing-unreviewed		0
backupSector	backupsector	backupsector	existing-unreviewed		0
bar	palang	palang	existing-unreviewed		0
barNum	palangNOMBOR	palangNOMBOR	existing-unreviewed		0
bar_value	palangNilai	palangNilai	existing-unreviewed		0
base	base	base	existing-unreviewed		0
baseCode	basecode	basecode	existing-unreviewed		0
baseHigh	baseTinggi	baseTinggi	existing-unreviewed		0
baseLow	baseRendah	baseRendah	existing-unreviewed		0
baseMid	basemid	basemid	existing-unreviewed		0
base_addr_high	baseaddressTinggi	baseaddressTinggi	existing-unreviewed		0
base_addr_low	baseaddressRendah	baseaddressRendah	existing-unreviewed		0
bh	bh	bh	existing-unreviewed		0
bindEphemeral	bindephemeral	bindephemeral	existing-unreviewed		0
bindError	bindRalat	bindRalat	existing-unreviewed		0
bios	bios	bios	existing-unreviewed		0
bit	bit	bit	existing-unreviewed		0
bitmap	bitmap	peta_peruntukan	project-proposal	bitmap	2
bootSignature	bootsignature	bootsignature	existing-unreviewed		0
bootable	bootable	bootable	existing-unreviewed		0
bootloader	bootloader	bootloader	existing-unreviewed		0
bound	bound	bound	existing-unreviewed		0
bpb	bpb	parameter_sistem_fail	project-proposal	fat_parameters	16
bpbBytes	bpbBait	bpbBait	existing-unreviewed		0
bpbPtr	bpbPenuding	bpbPenuding	existing-unreviewed		0
buf	buffer	buffer	existing-unreviewed		0
buf1	buffer1	buffer1	existing-unreviewed		0
buf2	buffer2	buffer2	existing-unreviewed		0
buf3	buffer3	buffer3	existing-unreviewed		0
buf4	buffer4	buffer4	existing-unreviewed		0
buf6	buffer6	buffer6	existing-unreviewed		0
buffer	buffer_2	buffer_2	existing-unreviewed		0
buffer1	buffer1_2	buffer1_2	existing-unreviewed		0
buffer2	buffer2_2	buffer2_2	existing-unreviewed		0
bufferAddr	bufferaddress	bufferaddress	existing-unreviewed		0
bufferAddress	bufferaddress_2	bufferaddress_2	existing-unreviewed		0
bufptr	bufferPenuding	bufferPenuding	existing-unreviewed		0
bus	bus	bus	existing-unreviewed		0
busControlRegisterDataPort	busKawalanregisterdataport	busKawalanregisterdataport	existing-unreviewed		0
button	butang	butang	existing-unreviewed		0
buttons	butang_2	butang_2	existing-unreviewed		0
bytesPerSector	baitpersector	baitpersector	existing-unreviewed		0
c	c	c	existing-unreviewed		0
cDate	cTarikh	cTarikh	existing-unreviewed		0
cTime	cMasa	cMasa	existing-unreviewed		0
cTimeTenth	cMasatenth	cMasatenth	existing-unreviewed		0
call	call	call	existing-unreviewed		0
candidate	candidate	candidate	existing-unreviewed		0
cap	cap	cap	existing-unreviewed		0
char	char	char	existing-unreviewed		0
checked	checked	checked	existing-unreviewed		0
checksum	checksum	checksum	existing-unreviewed		0
child	anak	anak	existing-unreviewed		0
childPID	anakIDP	anakIDP	existing-unreviewed		0
childPageDir	anakHalamandirektori	anakHalamandirektori	existing-unreviewed		0
chunk	chunk	chunk	existing-unreviewed		0
class_id	kelasid	kelasid	existing-unreviewed		0
closeAllProcessFDs	tutupSemuaProsesfds	tutupSemuaProsesfds	existing-unreviewed		0
closeOnExec	tutupBukaJalankan	tutupBukaJalankan	existing-unreviewed		0
closeProcessFD	tutupProsesfd	tutupProsesfd	existing-unreviewed		0
code	code	code	existing-unreviewed		0
code1Ptr	code1Penuding	code1Penuding	existing-unreviewed		0
code1ptr	code1Penuding_2	code1Penuding_2	existing-unreviewed		0
code2Ptr	code2Penuding	code2Penuding	existing-unreviewed		0
code3Ptr	code3Penuding	code3Penuding	existing-unreviewed		0
codeSegment	codesegment	codesegment	existing-unreviewed		0
colorIndex	warnaIndeks	warnaIndeks	existing-unreviewed		0
colordepth	warnadepth	warnadepth	existing-unreviewed		0
command	perintah	perintah	existing-unreviewed		0
commandPort	perintahport	perintahport	existing-unreviewed		0
commandport	perintahport_2	perintahport_2	existing-unreviewed		0
common	biasa	biasa	existing-unreviewed		0
connected	connected	connected	existing-unreviewed		0
console	console	console	existing-unreviewed		0
controlPort	kawalanport	kawalanport	existing-unreviewed		0
copyExecVector	salinJalankanvector	salinJalankanvector	existing-unreviewed		0
copyLength	salinJarak	salinJarak	existing-unreviewed		0
copyPageDir	salinHalamandirektori	salinHalamandirektori	existing-unreviewed		0
copyPath	salinLALUAN	salinLALUAN	existing-unreviewed		0
copySocketName	salinSoketNama	salinSoketNama	existing-unreviewed		0
copyUtsField	salinutsfield	salinutsfield	existing-unreviewed		0
count	count	count	existing-unreviewed		0
count2	count2	count2	existing-unreviewed		0
cowFrameManager	cowBingkaimanager	cowBingkaimanager	existing-unreviewed		0
cpu	cpu	cpu	existing-unreviewed		0
cpustate	cpuKeadaan	cpuKeadaan	existing-unreviewed		0
cr0	cr0	cr0	existing-unreviewed		0
cr3	cr3	cr3	existing-unreviewed		0
cr4	cr4	cr4	existing-unreviewed		0
crtcDataPort	crtcdataport	crtcdataport	existing-unreviewed		0
crtcIndexPort	crtcIndeksport	crtcIndeksport	existing-unreviewed		0
cs	cs	cs	existing-unreviewed		0
currentRecvBuffer	semasarecvbuffer	semasarecvbuffer	existing-unreviewed		0
currentSendBuffer	semasaHantarbuffer	semasaHantarbuffer	existing-unreviewed		0
currentTask	semasaTugas	semasaTugas	existing-unreviewed		0
currentThread	semasathread	semasathread	existing-unreviewed		0
currentThreadIndex	semasathreadIndeks	semasathreadIndeks	existing-unreviewed		0
cursorHeight	kursorTinggi	kursorTinggi	existing-unreviewed		0
cursorStart	kursorMula	kursorMula	existing-unreviewed		0
d_tag	dtag	dtag	existing-unreviewed		0
d_val_ptr	dvalPenuding	dvalPenuding	existing-unreviewed		0
data	data	data	existing-unreviewed		0
dataBuf	databuffer	databuffer	existing-unreviewed		0
dataBytes	dataBait	dataBait	existing-unreviewed		0
dataPointer	dataPenuding	dataPenuding	existing-unreviewed		0
dataPort	dataport	dataport	existing-unreviewed		0
dataStart	dataMula	dataMula	existing-unreviewed		0
databuffer	databuffer_2	databuffer_2	existing-unreviewed		0
dataport	dataport_2	dataport_2	existing-unreviewed		0
defaultKeyboardEventHandler	lalaiPapankekunciPeristiwahandler	lalaiPapankekunciPeristiwahandler	existing-unreviewed		0
desc	descriptor	descriptor	existing-unreviewed		0
description	keterangan	keterangan	existing-unreviewed		0
destination	destination	destination	existing-unreviewed		0
destinationAddress	destinationaddress	destinationaddress	existing-unreviewed		0
destinationLength	destinationJarak	destinationJarak	existing-unreviewed		0
dev	peranti	peranti	existing-unreviewed		0
device	peranti_2	peranti_2	existing-unreviewed		0
deviceDescriptor	perantidescriptor	perantidescriptor	existing-unreviewed		0
devicePort	perantiport	perantiport	existing-unreviewed		0
diff	diff	diff	existing-unreviewed		0
digits	digits	digits	existing-unreviewed		0
dirent	dirent	dirent	existing-unreviewed		0
direntBytes	direntBait	direntBait	existing-unreviewed		0
direntPtr	direntPenuding	direntPenuding	existing-unreviewed		0
discardProcess	discardProses	discardProses	existing-unreviewed		0
dispatchInterrupt	dispatchSampuk	dispatchSampuk	existing-unreviewed		0
divisor	divisor	divisor	existing-unreviewed		0
domain	domain	domain	existing-unreviewed		0
driveNumber	driveNOMBOR	driveNOMBOR	existing-unreviewed		0
driver	driver	driver	existing-unreviewed		0
driverManager	drivermanager	drivermanager	existing-unreviewed		0
drivercount	drivercount	drivercount	existing-unreviewed		0
drv	driver_2	driver_2	existing-unreviewed		0
ds	ds	ds	existing-unreviewed		0
ds_segment	dssegment	dssegment	existing-unreviewed		0
dst	destination_2	destination_2	existing-unreviewed		0
dstEntry	destinationentry	destinationentry	existing-unreviewed		0
dstIP	destinationipaddress	destinationipaddress	existing-unreviewed		0
dstIP_BE	destinationipaddressRangkaianbyteorder	destinationipaddressRangkaianbyteorder	existing-unreviewed		0
dstMAC	destinationmacaddress	destinationmacaddress	existing-unreviewed		0
dstMAC_BE	destinationmacbe	destinationmacbe	existing-unreviewed		0
dstPageDir	destinationHalamandirektori	destinationHalamandirektori	existing-unreviewed		0
dstPort	destinationportNOMBOR	nombor_port_destinasi	project-proposal	destination_port	9
dstPt	destinationpt	destinationpt	existing-unreviewed		0
dstPtPtr	destinationptPenuding	destinationptPenuding	existing-unreviewed		0
dstPtr	destinationPenuding	destinationPenuding	existing-unreviewed		0
dstptr	destinationPenuding_2	destinationPenuding_2	existing-unreviewed		0
dynamic	dynamic	dynamic	existing-unreviewed		0
e	e	e	existing-unreviewed		0
e_ehsize	eehsize	eehsize	existing-unreviewed		0
e_entry	eentry	eentry	existing-unreviewed		0
e_flags	eBendera	eBendera	existing-unreviewed		0
e_ident	eident	eident	existing-unreviewed		0
e_machine	emachine	emachine	existing-unreviewed		0
e_phentsize	ephentsize	ephentsize	existing-unreviewed		0
e_phnum	ephnum	ephnum	existing-unreviewed		0
e_phoff	ephoff	ephoff	existing-unreviewed		0
e_shentsize	eshentsize	eshentsize	existing-unreviewed		0
e_shnum	eshnum	eshnum	existing-unreviewed		0
e_shoff	eshoff	eshoff	existing-unreviewed		0
e_shstrndx	eshstrndx	eshstrndx	existing-unreviewed		0
e_type	eJenis	eJenis	existing-unreviewed		0
e_version	eVersi	eVersi	existing-unreviewed		0
eax	eax	eax	existing-unreviewed		0
ebp	ebp	ebp	existing-unreviewed		0
ebx	ebx	ebx	existing-unreviewed		0
ecx	ecx	ecx	existing-unreviewed		0
edi	edi	edi	existing-unreviewed		0
edx	edx	edx	existing-unreviewed		0
efHandler	efhandler	efhandler	existing-unreviewed		0
eflags	eflags	eflags	existing-unreviewed		0
eip	eip	eip	existing-unreviewed		0
eipOffset	eipoffset	eipoffset	existing-unreviewed		0
elf	elf	format_pelaksanaan_dan_pemautan	project-proposal	elf	6
elf0	elf0	elf0	existing-unreviewed		0
elf2	elf2	elf2	existing-unreviewed		0
elf3	elf3	elf3	existing-unreviewed		0
elf4	elf4	elf4	existing-unreviewed		0
elfHeader	elfheader	elfheader	existing-unreviewed		0
enabled	dibenarkan	dibenarkan	existing-unreviewed		0
end	tamat	tamat	existing-unreviewed		0
endOffset	tamatoffset	tamatoffset	existing-unreviewed		0
end_cylinder	tamatcylinder	tamatcylinder	existing-unreviewed		0
end_head	tamathead	tamathead	existing-unreviewed		0
end_sector	tamatsector	tamatsector	existing-unreviewed		0
ensureCurrentProcess	ensureSemasaProses	ensureSemasaProses	existing-unreviewed		0
entry	entry	entry	existing-unreviewed		0
entryPoint	entrypoint	entrypoint	existing-unreviewed		0
entrypoint	entrypoint_2	entrypoint_2	existing-unreviewed		0
environment	environment	environment	existing-unreviewed		0
environmentPointers	environmentpointers	environmentpointers	existing-unreviewed		0
err	err	err	existing-unreviewed		0
errorPort	ralatport	ralatport	existing-unreviewed		0
es	es	es	existing-unreviewed		0
esi	esi	esi	existing-unreviewed		0
esp	esp	esp	existing-unreviewed		0
esp0	esp0	esp0	existing-unreviewed		0
esp1	esp1	esp1	existing-unreviewed		0
esp2	esp2	esp2	existing-unreviewed		0
etherFrameProvider	eternetBingkaiprovider	pembekal_bingkai_rangkaian_medium_bersama	project-proposal	ethernet_provider	1
etherType	eternetJenis	eternetJenis	existing-unreviewed		0
etherType_BE	eternetJenisbe	eternetJenisbe	existing-unreviewed		0
etherframe	eternetBingkai	bingkai_rangkaian_medium_bersama	project-proposal	ethernet_frame	1
etherframePayload	eternetBingkaipayload	eternetBingkaipayload	existing-unreviewed		0
except	except	except	existing-unreviewed		0
exceptionCR0	exceptioncr0	exceptioncr0	existing-unreviewed		0
exceptionCR2	exceptioncr2	exceptioncr2	existing-unreviewed		0
exceptionCR3	exceptioncr3	exceptioncr3	existing-unreviewed		0
exceptionFrameValue	exceptionBingkaiNilai	exceptionBingkaiNilai	existing-unreviewed		0
exceptionHasErrorCode	exceptionhasRalatcode	exceptionhasRalatcode	existing-unreviewed		0
exceptionName	exceptionNama	exceptionNama	existing-unreviewed		0
execVector	jalankanvector	jalankanvector	existing-unreviewed		0
exists	exists	exists	existing-unreviewed		0
exited	keluar	keluar	existing-unreviewed		0
ext	ext	ext	existing-unreviewed		0
extFlags	extBendera	extBendera	existing-unreviewed		0
extendedScanCode	extendedImbascode	extendedImbascode	existing-unreviewed		0
fDupFD	fdupfd	fdupfd	existing-unreviewed		0
fGetFD	fgetfd	fgetfd	existing-unreviewed		0
fGetFL	fgetfl	fgetfl	existing-unreviewed		0
fSetFD	fTetapkanfd	fTetapkanfd	existing-unreviewed		0
fSetFL	fTetapkanfl	fTetapkanfl	existing-unreviewed		0
fat	fat	fat	existing-unreviewed		0
fatCopies	fatSalin	fatSalin	existing-unreviewed		0
fatInfo	fatMaklumat	fatMaklumat	existing-unreviewed		0
fatOffsetInSectorForCurrentCluster	fatoffsetMasuksectorforSemasacluster	fatoffsetMasuksectorforSemasacluster	existing-unreviewed		0
fatSectorCount	fatsectorcount	fatsectorcount	existing-unreviewed		0
fatSectorForCurrentCluster	fatsectorforSemasacluster	fatsectorforSemasacluster	existing-unreviewed		0
fatSize	fatSaiz	fatSaiz	existing-unreviewed		0
fatStart	fatMula	fatMula	existing-unreviewed		0
fatTypeLabel	fatJenislabel	fatJenislabel	existing-unreviewed		0
fatVersion	fatVersi	fatVersi	existing-unreviewed		0
fatbuf	fatbuf	fatbuf	existing-unreviewed		0
fatbuffer	fatbuffer	fatbuffer	existing-unreviewed		0
faultAddr	faultaddress	faultaddress	existing-unreviewed		0
fb	fb	fb	existing-unreviewed		0
fbCurCol	fbSemasacol	fbSemasacol	existing-unreviewed		0
fbCurLine	fbSemasaline	fbSemasaline	existing-unreviewed		0
fbHeight	fbTinggi	fbTinggi	existing-unreviewed		0
fbPhysAddr	fbphysaddress	fbphysaddress	existing-unreviewed		0
fbWidth	fbLebar	fbLebar	existing-unreviewed		0
fd	fd	fd	existing-unreviewed		0
fdCloexec	fdcloexec	fdcloexec	existing-unreviewed		0
fdEntry	fdentry	fdentry	existing-unreviewed		0
fdFlags	fdBendera	fdBendera	existing-unreviewed		0
fdKindConsole	fdkindconsole	fdkindconsole	existing-unreviewed		0
fdKindFat	fdkindfat	fdkindfat	existing-unreviewed		0
fdKindNone	fdkindTiada	fdkindTiada	existing-unreviewed		0
fdKindRootDir	fdkindrootdirektori	fdkindrootdirektori	existing-unreviewed		0
fdKindSocket	fdkindSoket	fdkindSoket	existing-unreviewed		0
fdKindStdin	fdkindstdin	fdkindstdin	existing-unreviewed		0
fds	fds	fds	existing-unreviewed		0
filePtr	failPenuding	failPenuding	existing-unreviewed		0
fileSector	failsector	failsector	existing-unreviewed		0
fileSize	failSaiz	failSaiz	existing-unreviewed		0
filename	namafail	namafail	existing-unreviewed		0
fillPosixStat	fillposixstat	fillposixstat	existing-unreviewed		0
findProcess	cariProses	cariProses	existing-unreviewed		0
first	first	first	existing-unreviewed		0
firstClusterHi	firstclusterhi	firstclusterhi	existing-unreviewed		0
firstClusterLow	firstclusterRendah	firstclusterRendah	existing-unreviewed		0
firstFileCluster	firstFailcluster	firstFailcluster	existing-unreviewed		0
flags	bendera	bendera	existing-unreviewed		0
flags2	bendera2	bendera2	existing-unreviewed		0
flagsAndOffset	benderaandoffset	benderaandoffset	existing-unreviewed		0
flushIndex	flushIndeks	flushIndeks	existing-unreviewed		0
flushTlsTable	flushtlsJadual	flushtlsJadual	existing-unreviewed		0
flush_tss	flushtss	flushtss	existing-unreviewed		0
fn	fn	fn	existing-unreviewed		0
foo	foo	foo	existing-unreviewed		0
foundChild	foundanak	foundanak	existing-unreviewed		0
frame	bingkai	bingkai	existing-unreviewed		0
frameCount	bingkaicount	bingkaicount	existing-unreviewed		0
frameHeaderSize	bingkaiheaderSaiz	bingkaiheaderSaiz	existing-unreviewed		0
free	bebas	bebas	existing-unreviewed		0
freePort	bebasport	bebasport	existing-unreviewed		0
frequency	kekerapan	kekerapan	existing-unreviewed		0
fs	fs	fs	existing-unreviewed		0
func1Val	func1val	func1val	existing-unreviewed		0
func2Val	func2val	func2val	existing-unreviewed		0
func3Val	func3val	func3val	existing-unreviewed		0
func_addr	funcaddress	funcaddress	existing-unreviewed		0
func_bytes	funcBait	funcBait	existing-unreviewed		0
func_name	funcNama	funcNama	existing-unreviewed		0
func_value	funcNilai	funcNilai	existing-unreviewed		0
function	fungsi	fungsi	existing-unreviewed		0
fxrstor	fxrstor	fxrstor	existing-unreviewed		0
fxsave	fxsave	fxsave	existing-unreviewed		0
g	g	g	existing-unreviewed		0
g_320x200x256	g320x200x256	g320x200x256	existing-unreviewed		0
gate	gate	gate	existing-unreviewed		0
gateData	gatedata	gatedata	existing-unreviewed		0
gatewayIP	gatewayip	gatewayip	existing-unreviewed		0
gdt	gdt	gdt	existing-unreviewed		0
gdtDescriptor	gdtdescriptor	gdtdescriptor	existing-unreviewed		0
gdtEntry	gdtentry	gdtentry	existing-unreviewed		0
gdtTable	gdtJadual	gdtJadual	existing-unreviewed		0
gdtTableLen	gdtJaduallen	gdtJaduallen	existing-unreviewed		0
gdt_codeSegmentSelector	gdtcodesegmentselector	gdtcodesegmentselector	existing-unreviewed		0
gdt_func	gdtfunc	gdtfunc	existing-unreviewed		0
getCR2	getcr2	getcr2	existing-unreviewed		0
getCR3	getcr3	getcr3	existing-unreviewed		0
getDescriptor	getdescriptor	getdescriptor	existing-unreviewed		0
getESI	getesi	getesi	existing-unreviewed		0
getESP	getesp	getesp	existing-unreviewed		0
getGDT	getgdt	getgdt	existing-unreviewed		0
getGS	getgs	getgs	existing-unreviewed		0
getOpenFile	getBukaFail	getBukaFail	existing-unreviewed		0
getOpenFileFor	getBukaFailfor	getBukaFailfor	existing-unreviewed		0
getTLS	gettls	gettls	existing-unreviewed		0
globalDescriptorTable	sejagatdescriptorJadual	sejagatdescriptorJadual	existing-unreviewed		0
globalOffsetTable	sejagatoffsetJadual	sejagatoffsetJadual	existing-unreviewed		0
global_offset_table	sejagatoffsetJadual_2	sejagatoffsetJadual_2	existing-unreviewed		0
graphicsControllerDataPort	grafikcontrollerdataport	grafikcontrollerdataport	existing-unreviewed		0
graphicsControllerIndexPort	grafikcontrollerIndeksport	grafikcontrollerIndeksport	existing-unreviewed		0
grub_multiboot_memory_map_t	grubmultibootIngatanmapt	grubmultibootIngatanmapt	existing-unreviewed		0
gs	gs	gs	existing-unreviewed		0
gs_segment	gssegment	gssegment	existing-unreviewed		0
h	h	h	existing-unreviewed		0
haltAfterFatalException	haltSelepasfatalexception	haltSelepasfatalexception	existing-unreviewed		0
handleInterrupt	kendaliSampuk	kendaliSampuk	existing-unreviewed		0
handleKeyboardInterrupt	kendaliPapankekunciSampuk	kendaliPapankekunciSampuk	existing-unreviewed		0
handleMouseInterrupt	kendaliTetikusSampuk	kendaliTetikusSampuk	existing-unreviewed		0
handlePagingInterrupt	kendalipagingSampuk	kendalipagingSampuk	existing-unreviewed		0
handleUnhandledSyscall	kendaliunhandledsyscall	kendaliunhandledsyscall	existing-unreviewed		0
handler	handler	handler	existing-unreviewed		0
handlerAddressHighBits	handleraddressTinggibit	handleraddressTinggibit	existing-unreviewed		0
handlerAddressLowBits	handleraddressRendahbit	handleraddressRendahbit	existing-unreviewed		0
handlerRun	handlerLaksana	handlerLaksana	existing-unreviewed		0
handlers	handler_2	handler_2	existing-unreviewed		0
hardwareAddressSize	perkakasanaddressSaiz	perkakasanaddressSaiz	existing-unreviewed		0
hardwareInterruptOffset	perkakasanSampukoffset	perkakasanSampukoffset	existing-unreviewed		0
hardwareType	perkakasanJenis	perkakasanJenis	existing-unreviewed		0
hd	hd	hd	existing-unreviewed		0
head	head	head	existing-unreviewed		0
headCount	headcount	headcount	existing-unreviewed		0
headerLength	headerJarak	headerJarak	existing-unreviewed		0
headertype	headertype	headertype	existing-unreviewed		0
height	tinggi	tinggi	existing-unreviewed		0
hex	heks	heks	existing-unreviewed		0
hiddenSectors	sembunyisectors	sembunyisectors	existing-unreviewed		0
i	i	i	existing-unreviewed		0
iCount	icount	icount	existing-unreviewed		0
iDrivers	idriver	idriver	existing-unreviewed		0
iKeyboardEventHandler	iPapankekunciPeristiwahandler	iPapankekunciPeristiwahandler	existing-unreviewed		0
iMouseEventHandler	iTetikusPeristiwahandler	iTetikusPeristiwahandler	existing-unreviewed		0
iPCIControllerHandler	ipcicontrollerhandler	ipcicontrollerhandler	existing-unreviewed		0
iRawDataHandler	irawdatahandler	irawdatahandler	existing-unreviewed		0
iTimerEventHandler	iPemasaPeristiwahandler	iPemasaPeristiwahandler	existing-unreviewed		0
icmp	icmp	protokol_mesej_kawalan_rangkaian_saling_terhubung	project-proposal	icmp	12
icmpSize	icmpSaiz	icmpSaiz	existing-unreviewed		0
icmp콘솔	icmpconsole	icmpconsole	existing-unreviewed		0
id	id	id	existing-unreviewed		0
ident	ident	ident	existing-unreviewed		0
idtData	idtdata	idtdata	existing-unreviewed		0
idtPointer	idtPenuding	idtPenuding	existing-unreviewed		0
idx	idx	idx	existing-unreviewed		0
index	indeks	indeks	existing-unreviewed		0
initBlock	initBlok	initBlok	existing-unreviewed		0
initFileDescriptors	initFaildescriptor	initFaildescriptor	existing-unreviewed		0
initPIT	initpit	initpit	existing-unreviewed		0
initializeProcessFDs	initializeProsesfds	initializeProsesfds	existing-unreviewed		0
inode	inod	inod	existing-unreviewed		0
inputEventTask	masukanPeristiwaTugas	masukanPeristiwaTugas	existing-unreviewed		0
installIDT	pasangidt	pasangidt	existing-unreviewed		0
intNumber	intNOMBOR	intNOMBOR	existing-unreviewed		0
interface_id	antaramukaid	antaramukaid	existing-unreviewed		0
internetprotocolPayload	internetprotocolpayload	internetprotocolpayload	existing-unreviewed		0
interrupt	sampuk	sampuk	existing-unreviewed		0
interruptDebug	sampukNyahpepijat	sampukNyahpepijat	existing-unreviewed		0
interruptExitLoop	sampukKeluarloop	sampukKeluarloop	existing-unreviewed		0
interruptGateEntries	sampukgateentry	sampukgateentry	existing-unreviewed		0
interruptHandler	sampukhandler	sampukhandler	existing-unreviewed		0
interrupts	interrupts	interrupts	existing-unreviewed		0
iomap	iomap	iomap	existing-unreviewed		0
ip	ip	ip	existing-unreviewed		0
ipEtherFrameHandler	ipEternetBingkaihandler	ipEternetBingkaihandler	existing-unreviewed		0
ipHandler	iphandler	iphandler	existing-unreviewed		0
ipIdx	ipidx	ipidx	existing-unreviewed		0
ipProtocolUDP	ipprotocoludp	ipprotocoludp	existing-unreviewed		0
ipProvider	ipprovider	pembekal_protokol_rangkaian_saling_terhubung	project-proposal	ip_provider	5
ipSize	ipSaiz	ipSaiz	existing-unreviewed		0
ip_be	ipRangkaianbyteorder	ipRangkaianbyteorder	existing-unreviewed		0
ipmessage	internetprotocolmesej	internetprotocolmesej	existing-unreviewed		0
ipv4	ipv4	protokol_rangkaian_saling_terhubung_4	project-proposal	ipv4	1
ip콘솔	ipconsole	ipconsole	existing-unreviewed		0
isKernel	iskernel	iskernel	existing-unreviewed		0
isRoot	isroot	isroot	existing-unreviewed		0
isRootPath	isrootLALUAN	isrootLALUAN	existing-unreviewed		0
isSharedPDE	issharedpde	issharedpde	existing-unreviewed		0
istOffset	istoffset	istoffset	existing-unreviewed		0
j	j	j	existing-unreviewed		0
jmp	jmp	jmp	existing-unreviewed		0
jmp_user	jmpPengguna	jmpPengguna	existing-unreviewed		0
jump_usermode_iret	jumpusermodeiret	jumpusermodeiret	existing-unreviewed		0
kPageDirEntry	kHalamandirektorientry	kHalamandirektorientry	existing-unreviewed		0
kernelESP	kernelesp	kernelesp	existing-unreviewed		0
kernelPageDirEntry	kernelHalamandirektorientry	kernelHalamandirektorientry	existing-unreviewed		0
kernelSS	kernelss	kernelss	existing-unreviewed		0
key	kunci	kunci	existing-unreviewed		0
keyboard	papankekunci	papankekunci	existing-unreviewed		0
keyboardDriver	papankekuncidriver	papankekuncidriver	existing-unreviewed		0
keyboardEventHandler	papankekunciPeristiwahandler	papankekunciPeristiwahandler	existing-unreviewed		0
keyboardQueue	papankekunciqueue	papankekunciqueue	existing-unreviewed		0
keyboardQueueRead	papankekunciqueueBaca	papankekunciqueueBaca	existing-unreviewed		0
keyboardQueueSize	papankekunciqueueSaiz	papankekunciqueueSaiz	existing-unreviewed		0
keyboardQueueWrite	papankekunciqueueTulis	papankekunciqueueTulis	existing-unreviewed		0
kind	kind	kind	existing-unreviewed		0
l	l	l	existing-unreviewed		0
last	terakhir	terakhir	existing-unreviewed		0
lbaHiPort	lbahiport	lbahiport	existing-unreviewed		0
lbaLowPort	lbaRendahport	lbaRendahport	existing-unreviewed		0
lbaMidPort	lbamidport	lbamidport	existing-unreviewed		0
ldt	ldt	ldt	existing-unreviewed		0
leftShift	kiriShif	kiriShif	existing-unreviewed		0
len	len	len	existing-unreviewed		0
len_ver	lenver	lenver	existing-unreviewed		0
length	jarak	jarak	existing-unreviewed		0
lengthAddress	jarakaddress	jarakaddress	existing-unreviewed		0
lengthInBytes	jarakMasukBait	jarakMasukBait	existing-unreviewed		0
length_high	jarakTinggi	jarakTinggi	existing-unreviewed		0
length_low	jarakRendah	jarakRendah	existing-unreviewed		0
lengths	lengths	lengths	existing-unreviewed		0
lib1Addr	lib1address	lib1address	existing-unreviewed		0
lib1Data	lib1data	lib1data	existing-unreviewed		0
lib1File	lib1Fail	lib1Fail	existing-unreviewed		0
lib1GOT	lib1got	lib1got	existing-unreviewed		0
lib1elf	lib1elf	lib1elf	existing-unreviewed		0
lib2Addr	lib2address	lib2address	existing-unreviewed		0
lib2Data	lib2data	lib2data	existing-unreviewed		0
lib2File	lib2Fail	lib2Fail	existing-unreviewed		0
lib2GOT	lib2got	lib2got	existing-unreviewed		0
lib2elf	lib2elf	lib2elf	existing-unreviewed		0
libLinkMap	libPautanmap	libPautanmap	existing-unreviewed		0
lidtaddr	lidtaddr	lidtaddr	existing-unreviewed		0
limit	had	had	existing-unreviewed		0
limitHighAndFlags	hadTinggiandBendera	hadTinggiandBendera	existing-unreviewed		0
limitLow	hadRendah	hadRendah	existing-unreviewed		0
linkMap	pautanmap	pautanmap	existing-unreviewed		0
linkMapAddr	pautanmapaddress	pautanmapaddress	existing-unreviewed		0
linkerAddr	linkeraddress	linkeraddress	existing-unreviewed		0
linkerData	linkerdata	linkerdata	existing-unreviewed		0
linkerEntry	linkerentry	linkerentry	existing-unreviewed		0
linkerFile	linkerFail	linkerFail	existing-unreviewed		0
list	senarai	senarai	existing-unreviewed		0
listening	listening	listening	existing-unreviewed		0
loader	loader	loader	existing-unreviewed		0
local	setempat	setempat	existing-unreviewed		0
localDatagramSocket	setempatdatagramSoket	setempatdatagramSoket	existing-unreviewed		0
localIP	setempatip	setempatip	existing-unreviewed		0
localPort	setempatportNOMBOR	setempatportNOMBOR	existing-unreviewed		0
localSockets	setempatsockets	setempatsockets	existing-unreviewed		0
logicalAddress	logicaladdress	logicaladdress	existing-unreviewed		0
macAddr	macaddress	macaddress	existing-unreviewed		0
macIdx	macidx	macidx	existing-unreviewed		0
magicnumber	magicnumber	magicnumber	existing-unreviewed		0
main	main	main	compatibility		0
mainThread	utamathread	utamathread	existing-unreviewed		0
makePagePrivateWritableCurrent	makeHalamanprivatewritableSemasa	makeHalamanprivatewritableSemasa	existing-unreviewed		0
makeRangePrivateWritableCurrent	makeJulatprivatewritableSemasa	makeJulatprivatewritableSemasa	existing-unreviewed		0
manager	manager	manager	existing-unreviewed		0
mask	mask	mask	existing-unreviewed		0
master	master	master	existing-unreviewed		0
matches	matches	matches	existing-unreviewed		0
maxBARs	maksbars	maksbars	existing-unreviewed		0
maxDatagramSize	maksdatagramSaiz	maksdatagramSaiz	existing-unreviewed		0
maxExecStringLength	maksJalankanRentetanJarak	maksJalankanRentetanJarak	existing-unreviewed		0
maxExecVectorEntries	maksJalankanvectorentry	maksJalankanvectorentry	existing-unreviewed		0
maxFD	maksfd	maksfd	existing-unreviewed		0
maxOpenFiles	maksBukafiles	maksBukafiles	existing-unreviewed		0
maxSocketPackets	maksSoketpaketpaket	maksSoketpaketpaket	existing-unreviewed		0
maxSockets	makssockets	makssockets	existing-unreviewed		0
maximumBlocks	maksimumBlok	maksimumBlok	existing-unreviewed		0
mediaType	mediaJenis	mediaJenis	existing-unreviewed		0
mem	mem	mem	existing-unreviewed		0
memoryArray	ingatanTatasusunan	ingatanTatasusunan	existing-unreviewed		0
memoryChunkSize	ingatanchunkSaiz	ingatanchunkSaiz	existing-unreviewed		0
memoryManager	ingatanmanager	ingatanmanager	existing-unreviewed		0
memoryOper	ingatanoper	ingatanoper	existing-unreviewed		0
memorySize	ingatanSaiz	ingatanSaiz	existing-unreviewed		0
memorymananger	memorymananger	memorymananger	existing-unreviewed		0
memorytest	memorytest	memorytest	existing-unreviewed		0
message	mesej	mesej	existing-unreviewed		0
micsPort	micsport	micsport	existing-unreviewed		0
minimum	minimum	minimum	existing-unreviewed		0
mode	mod	mod	existing-unreviewed		0
mouseDriver	tetikusdriver	tetikusdriver	existing-unreviewed		0
mouseEventHandler	tetikusPeristiwahandler	tetikusPeristiwahandler	existing-unreviewed		0
mouseVGA	tetikusvga	tetikusvga	existing-unreviewed		0
mouseWidget	tetikuswidget	tetikuswidget	existing-unreviewed		0
msdospart	msdospartition	msdospartition	existing-unreviewed		0
msg	msg	msg	existing-unreviewed		0
msgBuffer	msgbuffer	msgbuffer	existing-unreviewed		0
multiboot_memory_map	multibootIngatanmap	multibootIngatanmap	existing-unreviewed		0
multitasking	multitasking	multitasking	existing-unreviewed		0
myKeyboardEventHandler	myPapankekunciPeristiwahandler	myPapankekunciPeristiwahandler	existing-unreviewed		0
myPCIControllerHandler	mypcicontrollerhandler	mypcicontrollerhandler	existing-unreviewed		0
myfunction	myfunction	myfunction	existing-unreviewed		0
n	n	n	existing-unreviewed		0
n_descsz	ndescsz	ndescsz	existing-unreviewed		0
n_namesz	nnamesz	nnamesz	existing-unreviewed		0
n_type	nJenis	nJenis	existing-unreviewed		0
name	nama	nama	existing-unreviewed		0
nameLen	namalen	namalen	existing-unreviewed		0
netCard	rangkaiancard	rangkaiancard	existing-unreviewed		0
newButtons	baharuButang	baharuButang	existing-unreviewed		0
newFD	baharufd	baharufd	existing-unreviewed		0
newFrame	baharuBingkai	baharuBingkai	existing-unreviewed		0
newLink	baharuPautan	baharuPautan	existing-unreviewed		0
newNode	baharuNod	baharuNod	existing-unreviewed		0
newPtr	baharuPenuding	baharuPenuding	existing-unreviewed		0
next	berikutnya	berikutnya	existing-unreviewed		0
nextEphemeralPort	berikutnyaephemeralport	berikutnyaephemeralport	existing-unreviewed		0
nextFileCluster	berikutnyaFailcluster	berikutnyaFailcluster	existing-unreviewed		0
nextHopIP_BE	berikutnyahopipaddressRangkaianbyteorder	berikutnyahopipaddressRangkaianbyteorder	existing-unreviewed		0
nextNode	berikutnyaNod	berikutnyaNod	existing-unreviewed		0
nextProcessID	berikutnyaProsesid	berikutnyaProsesid	existing-unreviewed		0
nextThread	berikutnyathread	berikutnyathread	existing-unreviewed		0
nibble	nibble	nibble	existing-unreviewed		0
node	nod	nod_senarai	project-proposal	list_node	16
nodeArray	nodTatasusunan	nodTatasusunan	existing-unreviewed		0
num	nOMBOR	nOMBOR	existing-unreviewed		0
numCacheEntries	nOMBORcacheentry	nOMBORcacheentry	existing-unreviewed		0
numDrivers	nOMBORdriver	nOMBORdriver	existing-unreviewed		0
numFunctions	nOMBORfunctions	nOMBORfunctions	existing-unreviewed		0
numRecvBuffers	nOMBORrecvbuffer	nOMBORrecvbuffer	existing-unreviewed		0
numSendBuffers	nOMBORHantarbuffer	nOMBORHantarbuffer	existing-unreviewed		0
numSockets	nOMBORsockets	nOMBORsockets	existing-unreviewed		0
numTasks	nOMBORTugas	nOMBORTugas	existing-unreviewed		0
oAppend	oappend	oappend	existing-unreviewed		0
oCreate	ocreate	ocreate	existing-unreviewed		0
oDirectory	odirektori	odirektori	existing-unreviewed		0
oReadOnly	oBacaonly	oBacaonly	existing-unreviewed		0
oReadWrite	oBacaTulis	oBacaTulis	existing-unreviewed		0
oTruncate	oPangkas	oPangkas	existing-unreviewed		0
oWriteOnly	oTulisonly	oTulisonly	existing-unreviewed		0
o_addr	oaddress	oaddress	existing-unreviewed		0
offset	offset	offset	existing-unreviewed		0
ok	ok	ok	existing-unreviewed		0
oldButtons	oldButang	oldButang	existing-unreviewed		0
oldCR3	oldcr3	oldcr3	existing-unreviewed		0
oldFD	oldfd	oldfd	existing-unreviewed		0
oldFrame	oldBingkai	oldBingkai	existing-unreviewed		0
oldGdt	oldgdt	oldgdt	existing-unreviewed		0
oldGdtAddr	oldgdtaddress	oldgdtaddress	existing-unreviewed		0
oldGdtLen	oldgdtlen	oldgdtlen	existing-unreviewed		0
openFileDescription	bukaFailKeterangan	bukaFailKeterangan	existing-unreviewed		0
openFileTable	bukaFailJadual	bukaFailJadual	existing-unreviewed		0
options	opsyen	opsyen	existing-unreviewed		0
orgValue	orgNilai	orgNilai	existing-unreviewed		0
p	p	p	existing-unreviewed		0
p1	p1	p1	existing-unreviewed		0
p2	p2	p2	existing-unreviewed		0
p_align	pJajar	pJajar	existing-unreviewed		0
p_backend	pbackend	pbackend	existing-unreviewed		0
p_data	pdata	pdata	existing-unreviewed		0
p_efHandler	pefhandler	pefhandler	existing-unreviewed		0
p_efProvider	pefprovider	pefprovider	existing-unreviewed		0
p_etherType	pEternetJenis	pEternetJenis	existing-unreviewed		0
p_filesz	pfilesz	pfilesz	existing-unreviewed		0
p_flags	pBendera	pBendera	existing-unreviewed		0
p_iHandler	pihandler	pihandler	existing-unreviewed		0
p_ipHandler	piphandler	piphandler	existing-unreviewed		0
p_ipProvider	pipprovider	pipprovider	existing-unreviewed		0
p_memsz	pmemsz	pmemsz	existing-unreviewed		0
p_offset	poffset	poffset	existing-unreviewed		0
p_paddr	ppaddr	ppaddr	existing-unreviewed		0
p_protocol	pprotocol	pprotocol	existing-unreviewed		0
p_provider	pprovider	pprovider	existing-unreviewed		0
p_str	pstr	pstr	existing-unreviewed		0
p_type	pJenis	pJenis	existing-unreviewed		0
p_udpHandler	pudphandler	pudphandler	existing-unreviewed		0
p_udpProvider	pudpprovider	pudpprovider	existing-unreviewed		0
p_vaddr	pvaddr	pvaddr	existing-unreviewed		0
packet	packet	packet	existing-unreviewed		0
packetStatus	packetstatus	packetstatus	existing-unreviewed		0
packets	paketpaket	paketpaket	existing-unreviewed		0
page	halaman	halaman	existing-unreviewed		0
pageDir	halamandirektori	direktori_halaman	project-proposal	page_directory	27
pageDirEntry	halamandirektorientry	halamandirektorientry	existing-unreviewed		0
pageTableEntry	halamanJadualentry	halamanJadualentry	existing-unreviewed		0
paging	paging	paging	existing-unreviewed		0
param	param	param	existing-unreviewed		0
params	params	params	existing-unreviewed		0
parent	induk	induk	existing-unreviewed		0
parentPID	indukIDP	indukIDP	existing-unreviewed		0
parentProcess	indukProses	indukProses	existing-unreviewed		0
partEntry	partentry	partentry	existing-unreviewed		0
partition	partition	partition	existing-unreviewed		0
partitionBytes	partitionBait	partitionBait	existing-unreviewed		0
partitionOffset	partitionoffset	partitionoffset	existing-unreviewed		0
path	lALUAN	lALUAN	existing-unreviewed		0
pathAddr	lALUANaddress	lALUANaddress	existing-unreviewed		0
pci	pci	pci	existing-unreviewed		0
pciController	pcicontroller	pcicontroller	existing-unreviewed		0
pde	pde	pde	existing-unreviewed		0
pdeAddr	pdeaddress	pdeaddress	existing-unreviewed		0
pdelen	pdelen	pdelen	existing-unreviewed		0
peer	peer	peer	existing-unreviewed		0
pendingButtons	pendingButang	pendingButang	existing-unreviewed		0
pendingMouseEvent	pendingTetikusPeristiwa	pendingTetikusPeristiwa	existing-unreviewed		0
pendingX	pendingx	pendingx	existing-unreviewed		0
pendingY	pendingy	pendingy	existing-unreviewed		0
phyaddr	phyaddr	phyaddr	existing-unreviewed		0
phymem	physicalIngatan	physicalIngatan	existing-unreviewed		0
physicalAddress	physicaladdress	physicaladdress	existing-unreviewed		0
pid	iDP	iDP	existing-unreviewed		0
pitFrequency	pitKekerapan	pitKekerapan	existing-unreviewed		0
pixelAddress	pixeladdress	pixeladdress	existing-unreviewed		0
pointer	penuding	rujukan_alamat	project-proposal	pointer	39
pollKeyboardScancode	pollPapankekunciscancode	pollPapankekunciscancode	existing-unreviewed		0
port	port	port	existing-unreviewed		0
portBase	portbase	portbase	existing-unreviewed		0
portInUse	portMasukGuna	portMasukGuna	existing-unreviewed		0
portnumber	portnumber	portnumber	existing-unreviewed		0
pos	kedudukan	kedudukan	existing-unreviewed		0
position	kedudukan_2	kedudukan_2	existing-unreviewed		0
posixStat	posixstat	posixstat	existing-unreviewed		0
posixUtsname	posixutsname	posixutsname	existing-unreviewed		0
prefetchable	prefetchcapable	prefetchcapable	existing-unreviewed		0
prev	previous	previous	existing-unreviewed		0
prevNode	previousNod	previousNod	existing-unreviewed		0
prevX	previousx	previousx	existing-unreviewed		0
prevY	previousy	previousy	existing-unreviewed		0
printESP	cetakesp	cetakesp	existing-unreviewed		0
printExceptionSelectorInfo	cetakexceptionselectorMaklumat	cetakexceptionselectorMaklumat	existing-unreviewed		0
printPageFaultInfo	cetakHalamanfaultMaklumat	cetakHalamanfaultMaklumat	existing-unreviewed		0
printreg	printreg	printreg	existing-unreviewed		0
proc2	proc2	proc2	existing-unreviewed		0
proc3	proc3	proc3	existing-unreviewed		0
proc4	proc4	proc4	existing-unreviewed		0
process	proses	proses	existing-unreviewed		0
processEntry	prosesentry	prosesentry	existing-unreviewed		0
processHelper	proseshelper	proseshelper	existing-unreviewed		0
processTable	prosesJadual	prosesJadual	existing-unreviewed		0
processes	proses_2	proses_2	existing-unreviewed		0
programBreak	programbreak	programbreak	existing-unreviewed		0
protocol	protocol	protocol	existing-unreviewed		0
protocolAddressSize	protocoladdressSaiz	protocoladdressSaiz	existing-unreviewed		0
providedLength	providedJarak	providedJarak	existing-unreviewed		0
provider	provider	provider	existing-unreviewed		0
ps2WaitLimit	ps2TungguHad	ps2TungguHad	existing-unreviewed		0
pt	pt	pt	existing-unreviewed		0
pte	pte	pte	existing-unreviewed		0
pteAddr	pteaddress	pteaddress	existing-unreviewed		0
ptr	penuding_2	rujukan_alamat_2	project-proposal	pointer	12
pushExecUint32	pushJalankanunsignedinteger32	pushJalankanunsignedinteger32	existing-unreviewed		0
queueKeyboardByte	queuePapankekuncibyte	queuePapankekuncibyte	existing-unreviewed		0
r	r	r	existing-unreviewed		0
r_addend	raddend	raddend	existing-unreviewed		0
r_info	rMaklumat	rMaklumat	existing-unreviewed		0
r_offset	roffset	roffset	existing-unreviewed		0
raw	raw	raw	existing-unreviewed		0
rawDataBackend	rawdatabackend	rawdatabackend	existing-unreviewed		0
readFile	bacaFail	bacaFail	existing-unreviewed		0
readPS2Data	bacaps2data	bacaps2data	existing-unreviewed		0
readStdin	bacastdin	bacastdin	existing-unreviewed		0
readVFSFile	bacavfsFail	bacavfsFail	existing-unreviewed		0
read_count	bacacount	bacacount	existing-unreviewed		0
receiver	receiver	receiver	existing-unreviewed		0
recvBufferDescr	recvbufferKeterangan	recvbufferKeterangan	existing-unreviewed		0
recvBufferDescrAddress	recvbufferKeteranganaddress	recvbufferKeteranganaddress	existing-unreviewed		0
recvBuffers	recvbuffer	recvbuffer	existing-unreviewed		0
recvBuffersDescrMemory	recvbufferKeteranganIngatan	recvbufferKeteranganIngatan	existing-unreviewed		0
refBytes	referenceBait	referenceBait	existing-unreviewed		0
refPtr	referencePenuding	referencePenuding	existing-unreviewed		0
refs	refs	refs	existing-unreviewed		0
regIndex	regIndeks	regIndeks	existing-unreviewed		0
registerAddressPort	registeraddressport	registeraddressport	existing-unreviewed		0
registerDataPort	registerdataport	registerdataport	existing-unreviewed		0
registeroffset	registeroffset	registeroffset	existing-unreviewed		0
registers	register	register	existing-unreviewed		0
regtype	regtype	regtype	existing-unreviewed		0
rel_text	relTeks	relTeks	existing-unreviewed		0
rel_text_len	relTekslen	relTekslen	existing-unreviewed		0
releaseOpenFile	releaseBukaFail	releaseBukaFail	existing-unreviewed		0
released	released	released	existing-unreviewed		0
reloadCR3	muatSemulacr3	muatSemulacr3	existing-unreviewed		0
relocation_text	relocationTeks	relocationTeks	existing-unreviewed		0
remaining	remaining	remaining	existing-unreviewed		0
remote	remote	remote	existing-unreviewed		0
remoteIP	remoteip	remoteip	existing-unreviewed		0
remotePort	remoteportNOMBOR	remoteportNOMBOR	existing-unreviewed		0
requested	requested	requested	existing-unreviewed		0
reserved	reserved	reserved	existing-unreviewed		0
reserved0	reserved0	reserved0	existing-unreviewed		0
reservedSectors	reservedsectors	reservedsectors	existing-unreviewed		0
resetPort	tetapSemulaport	tetapSemulaport	existing-unreviewed		0
restoreFpRegs	pulihfpregs	pulihfpregs	existing-unreviewed		0
result	result	result	existing-unreviewed		0
result1	result1	result1	existing-unreviewed		0
result2	result2	result2	existing-unreviewed		0
ret	ret	ret	existing-unreviewed		0
revision	revision	revision	existing-unreviewed		0
rightShift	kananShif	kananShif	existing-unreviewed		0
rootCluster	rootcluster	rootcluster	existing-unreviewed		0
rootDirEntries	rootdirektorientry	rootdirektorientry	existing-unreviewed		0
rootStart	rootMula	rootMula	existing-unreviewed		0
rt	rt	rt	existing-unreviewed		0
s	s	s	existing-unreviewed		0
sIfchr	sifchr	sifchr	existing-unreviewed		0
sIfdir	sifdir	sifdir	existing-unreviewed		0
sIfmt	sifmt	sifmt	existing-unreviewed		0
sIfreg	sifreg	sifreg	existing-unreviewed		0
sIfsock	sifsock	sifsock	existing-unreviewed		0
savedESP	savedesp	savedesp	existing-unreviewed		0
sc	sc	sc	existing-unreviewed		0
scanCode	imbascode	imbascode	existing-unreviewed		0
scanCodeToByte	imbascodetobyte	imbascodetobyte	existing-unreviewed		0
scancodeToByte	scancodetobyte	scancodetobyte	existing-unreviewed		0
sche	sche	sche	existing-unreviewed		0
sche_data	schedata	schedata	existing-unreviewed		0
scheduleStack	schedulestack	schedulestack	existing-unreviewed		0
scheduler	scheduler	scheduler	existing-unreviewed		0
schedulerDebug	schedulerNyahpepijat	schedulerNyahpepijat	existing-unreviewed		0
sectHeader	sectheader	sectheader	existing-unreviewed		0
sectHeaderSize	sectheaderSaiz	sectheaderSaiz	existing-unreviewed		0
sectName	sectNama	sectNama	existing-unreviewed		0
sectValue	sectNilai	sectNilai	existing-unreviewed		0
sector	sector	sector	existing-unreviewed		0
sectorCountPort	sectorcountport	sectorcountport	existing-unreviewed		0
sectorNum	sectorNOMBOR	sectorNOMBOR	existing-unreviewed		0
sectorOffset	sectoroffset	sectoroffset	existing-unreviewed		0
sectorPerTrack	sectorpertrack	sectorpertrack	existing-unreviewed		0
sectorsPerCluster	sectorspercluster	sectorspercluster	existing-unreviewed		0
seekCur	seekSemasa	seekSemasa	existing-unreviewed		0
seekEnd	seekTamat	seekTamat	existing-unreviewed		0
seekSet	seekTetapkan	seekTetapkan	existing-unreviewed		0
segmentNumber	segmentNOMBOR	segmentNOMBOR	existing-unreviewed		0
self	diri	diri	existing-unreviewed		0
self_uintptr	diriuintptr	diriuintptr	existing-unreviewed		0
sendBack	reply	reply	existing-unreviewed		0
sendBufferDescr	hantarbufferKeterangan	hantarbufferKeterangan	existing-unreviewed		0
sendBufferDescrAddress	hantarbufferKeteranganaddress	hantarbufferKeteranganaddress	existing-unreviewed		0
sendBuffers	hantarbuffer	hantarbuffer	existing-unreviewed		0
sendBuffersDescrMemory	hantarbufferKeteranganIngatan	hantarbufferKeteranganIngatan	existing-unreviewed		0
sendDataPointer	hantardataPenuding	hantardataPenuding	existing-unreviewed		0
sendDescriptor	hantardescriptor	hantardescriptor	existing-unreviewed		0
sendMouseCommand	hantarTetikusPerintah	hantarTetikusPerintah	existing-unreviewed		0
sequencerDataPort	sequencerdataport	sequencerdataport	existing-unreviewed		0
sequencerIndexPort	sequencerIndeksport	sequencerIndeksport	existing-unreviewed		0
serialLogByte	sirilogbyte	sirilogbyte	existing-unreviewed		0
serialReady	siriSedia	siriSedia	existing-unreviewed		0
setCR3	tetapkancr3	tetapkancr3	existing-unreviewed		0
setDS	tetapkands	tetapkands	existing-unreviewed		0
setGS	tetapkangs	tetapkangs	existing-unreviewed		0
setThreadExitLoopState	tetapkanthreadKeluarloopKeadaan	tetapkanthreadKeluarloopKeadaan	existing-unreviewed		0
setupExecStack	setupJalankanstack	setupJalankanstack	existing-unreviewed		0
sh	sh	sh	existing-unreviewed		0
sh_addr	shaddress	shaddress	existing-unreviewed		0
sh_addralign	shaddralign	shaddralign	existing-unreviewed		0
sh_entsize	shentsize	shentsize	existing-unreviewed		0
sh_flags	shBendera	shBendera	existing-unreviewed		0
sh_info	shMaklumat	shMaklumat	existing-unreviewed		0
sh_link	shPautan	shPautan	existing-unreviewed		0
sh_name	shNama	shNama	existing-unreviewed		0
sh_offset	shoffset	shoffset	existing-unreviewed		0
sh_size	shSaiz	shSaiz	existing-unreviewed		0
sh_type	shJenis	shJenis	existing-unreviewed		0
shift	shif	shif	existing-unreviewed		0
signature	signature	signature	existing-unreviewed		0
size	saiz	saiz	existing-unreviewed		0
sl	sl	sl	existing-unreviewed		0
sockDatagram	sockdatagram	sockdatagram	existing-unreviewed		0
socket	soket	soket	existing-unreviewed		0
socketAddress	soketaddress	soketaddress	existing-unreviewed		0
socketAddressIPv4	soketaddressipv4	soketaddressipv4	existing-unreviewed		0
socketBind	soketbind	soketbind	existing-unreviewed		0
socketCallArgument	soketcallargument	soketcallargument	existing-unreviewed		0
socketConnect	soketSambung	soketSambung	existing-unreviewed		0
socketForFD	soketforfd	soketforfd	existing-unreviewed		0
socketIndex	soketIndeks	soketIndeks	existing-unreviewed		0
socketPacket	soketpacket	soketpacket	existing-unreviewed		0
socketReceiveFrom	soketreceivefrom	soketreceivefrom	existing-unreviewed		0
socketSendTo	soketHantarto	soketHantarto	existing-unreviewed		0
socketType	soketJenis	soketJenis	existing-unreviewed		0
sockets	sockets	sockets	existing-unreviewed		0
softName	softNama	softNama	existing-unreviewed		0
source	sumber	sumber	existing-unreviewed		0
sourceAddress	sumberaddress	sumberaddress	existing-unreviewed		0
sourceLengthAddress	sumberJarakaddress	sumberJarakaddress	existing-unreviewed		0
src	sumber_2	sumber_2	existing-unreviewed		0
srcEntry	sumberentry	sumberentry	existing-unreviewed		0
srcIP	sumberipaddress	sumberipaddress	existing-unreviewed		0
srcIP_BE	sumberipaddressRangkaianbyteorder	sumberipaddressRangkaianbyteorder	existing-unreviewed		0
srcMAC	sumbermacaddress	sumbermacaddress	existing-unreviewed		0
srcMAC_BE	sumbermacbe	sumbermacbe	existing-unreviewed		0
srcPageDir	sumberHalamandirektori	sumberHalamandirektori	existing-unreviewed		0
srcPde	sumberpde	sumberpde	existing-unreviewed		0
srcPdeAddr	sumberpdeaddress	sumberpdeaddress	existing-unreviewed		0
srcPort	sumberportNOMBOR	nombor_port_sumber	project-proposal	source_port	9
srcPt	sumberpt	sumberpt	existing-unreviewed		0
srcptr	srcptr	srcptr	existing-unreviewed		0
ss	ss	ss	existing-unreviewed		0
ss0	ss0	ss0	existing-unreviewed		0
ss1	ss1	ss1	existing-unreviewed		0
ss2	ss2	ss2	existing-unreviewed		0
st	st	st	existing-unreviewed		0
st_info	stMaklumat	stMaklumat	existing-unreviewed		0
st_name	stNama	stNama	existing-unreviewed		0
st_other	stLainlain	stLainlain	existing-unreviewed		0
st_shndx	stshndx	stshndx	existing-unreviewed		0
st_size	stSaiz	stSaiz	existing-unreviewed		0
st_value	stNilai	stNilai	existing-unreviewed		0
stack	stack	ingatan_tindanan	project-proposal	stack	18
stackBytes	stackBait	stackBait	existing-unreviewed		0
stackPtr	stackPenuding	stackPenuding	existing-unreviewed		0
stack_addr	stackaddress	stackaddress	existing-unreviewed		0
stackbottom	stackbottom	stackbottom	existing-unreviewed		0
stacktop	stacktop	stacktop	existing-unreviewed		0
start	mula	mula	existing-unreviewed		0
startOffset	mulaoffset	mulaoffset	existing-unreviewed		0
start_cylinder	mulacylinder	mulacylinder	existing-unreviewed		0
start_head	mulahead	mulahead	existing-unreviewed		0
start_sector	mulasector	mulasector	existing-unreviewed		0
startingBit	startingbit	startingbit	existing-unreviewed		0
stat	stat	stat	existing-unreviewed		0
statAddr	stataddress	stataddress	existing-unreviewed		0
status	status	status	existing-unreviewed		0
statusAddr	statusaddress	statusaddress	existing-unreviewed		0
stderrFD	stderrfd	stderrfd	existing-unreviewed		0
stdinBuffer	stdinbuffer	stdinbuffer	existing-unreviewed		0
stdinFD	stdinfd	stdinfd	existing-unreviewed		0
stdinGetBlocking	stdingetblocking	stdingetblocking	existing-unreviewed		0
stdinRead	stdinBaca	stdinBaca	existing-unreviewed		0
stdinWrite	stdinTulis	stdinTulis	existing-unreviewed		0
stdoutFD	stdoutfd	stdoutfd	existing-unreviewed		0
stoppedThread	berhentithread	berhentithread	existing-unreviewed		0
str	str	str	existing-unreviewed		0
stringAddress	rentetanaddress	rentetanaddress	existing-unreviewed		0
stringHeader	rentetanheader	rentetanheader	existing-unreviewed		0
strtab	strtab	strtab	existing-unreviewed		0
subclass_id	subclassid	subclassid	existing-unreviewed		0
subnetMask	subnetmask	subnetmask	existing-unreviewed		0
swapUint16	silihunsignedinteger16	silihunsignedinteger16	existing-unreviewed		0
switchForced	switchforced	switchforced	existing-unreviewed		0
sysAccess	syscapai	syscapai	existing-unreviewed		0
sysBrk	sysbrk	sysbrk	existing-unreviewed		0
sysCall	syscall	syscall	existing-unreviewed		0
sysChdir	syschdir	syschdir	existing-unreviewed		0
sysClose	sysTutup	sysTutup	existing-unreviewed		0
sysDup	sysdup	sysdup	existing-unreviewed		0
sysDup2	sysdup2	sysdup2	existing-unreviewed		0
sysExecve	sysexecve	sysexecve	existing-unreviewed		0
sysExit	sysKeluar	sysKeluar	existing-unreviewed		0
sysFcntl	sysfcntl	sysfcntl	existing-unreviewed		0
sysFork	sysfork	sysfork	existing-unreviewed		0
sysFstat	sysfstat	sysfstat	existing-unreviewed		0
sysFsync	sysfsync	sysfsync	existing-unreviewed		0
sysGetcwd	sysgetcwd	sysgetcwd	existing-unreviewed		0
sysLseek	syslseek	syslseek	existing-unreviewed		0
sysOpen	sysBuka	sysBuka	existing-unreviewed		0
sysRead	sysBaca	sysBaca	existing-unreviewed		0
sysSocketCall	sysSoketcall	sysSoketcall	existing-unreviewed		0
sysStat	sysstat	sysstat	existing-unreviewed		0
sysUname	sysuname	sysuname	existing-unreviewed		0
sysWaitpid	syswaitpid	syswaitpid	existing-unreviewed		0
sysWrite	sysTulis	sysTulis	existing-unreviewed		0
syscallError	syscallRalat	syscallRalat	existing-unreviewed		0
syscallID	syscallid	syscallid	existing-unreviewed		0
systemcall	sistemcall	sistemcall	existing-unreviewed		0
table	jadual	jadual	existing-unreviewed		0
tableSize	jadualSaiz	jadualSaiz	existing-unreviewed		0
tail	tail	tail	existing-unreviewed		0
task	tugas	tugas	existing-unreviewed		0
taskA	tugasa	tugasa	existing-unreviewed		0
taskB	tugasb	tugasb	existing-unreviewed		0
taskC	tugasc	tugasc	existing-unreviewed		0
taskD	tugasd	tugasd	existing-unreviewed		0
taskD0	tugasd0	tugasd0	existing-unreviewed		0
taskD1	tugasd1	tugasd1	existing-unreviewed		0
taskManager	tugasmanager	tugasmanager	existing-unreviewed		0
tasks	tugas_2	tugas_2	existing-unreviewed		0
temp	temporary	temporary	existing-unreviewed		0
terminated	terminated	terminated	existing-unreviewed		0
text	teks	teks	existing-unreviewed		0
textPtr	teksPenuding	teksPenuding	existing-unreviewed		0
text_len	tekslen	tekslen	existing-unreviewed		0
text_mode_check_fb_move	teksmodcheckfbAlih	teksmodcheckfbAlih	existing-unreviewed		0
text_mode_disable_cursor	teksmodLumpuhKursor	teksmodLumpuhKursor	existing-unreviewed		0
text_mode_enable_cursor	teksmodBenarkanKursor	teksmodBenarkanKursor	existing-unreviewed		0
text_mode_error_writer	teksmodRalatwriter	teksmodRalatwriter	existing-unreviewed		0
text_mode_flush_screen	teksmodflushscreen	teksmodflushscreen	existing-unreviewed		0
text_mode_init	teksmodinit	teksmodinit	existing-unreviewed		0
text_mode_print	teksmodCetak	teksmodCetak	existing-unreviewed		0
text_mode_print_bytes	teksmodCetakBait	teksmodCetakBait	existing-unreviewed		0
text_mode_print_char	teksmodCetakchar	teksmodCetakchar	existing-unreviewed		0
text_mode_print_char_col	teksmodCetakcharcol	teksmodCetakcharcol	existing-unreviewed		0
text_mode_print_col	teksmodCetakcol	teksmodCetakcol	existing-unreviewed		0
text_mode_print_error	teksmodCetakRalat	teksmodCetakRalat	existing-unreviewed		0
text_mode_print_error_bytes	teksmodCetakRalatBait	teksmodCetakRalatBait	existing-unreviewed		0
text_mode_print_errorln	teksmodCetakerrorln	teksmodCetakerrorln	existing-unreviewed		0
text_mode_print_hex	teksmodCetakHeks	teksmodCetakHeks	existing-unreviewed		0
text_mode_print_hex16	teksmodCetakHeks16	teksmodCetakHeks16	existing-unreviewed		0
text_mode_print_hex32	teksmodCetakHeks32	teksmodCetakHeks32	existing-unreviewed		0
text_mode_print_hex64	teksmodCetakHeks64	teksmodCetakHeks64	existing-unreviewed		0
text_mode_print_hex_char	teksmodCetakHekschar	teksmodCetakHekschar	existing-unreviewed		0
text_mode_println	teksmodprintln	teksmodprintln	existing-unreviewed		0
text_mode_println_col	teksmodprintlncol	teksmodprintlncol	existing-unreviewed		0
text_mode_update_cursor	teksmodKemaskiniKursor	teksmodKemaskiniKursor	existing-unreviewed		0
text_mode_writer	teksmodwriter	teksmodwriter	existing-unreviewed		0
thr2	thr2	thr2	existing-unreviewed		0
thr3	thr3	thr3	existing-unreviewed		0
thr4	thr4	thr4	existing-unreviewed		0
thread	thread	thread	existing-unreviewed		0
threadExitLoop	threadKeluarloop	threadKeluarloop	existing-unreviewed		0
threadHelper	threadhelper	threadhelper	existing-unreviewed		0
threadPtr	threadPenuding	threadPenuding	existing-unreviewed		0
tickCount	tickcount	tickcount	existing-unreviewed		0
timeDelta	masadelta	masadelta	existing-unreviewed		0
timeToLive	masatolive	masatolive	existing-unreviewed		0
timer	pemasa	pemasa	existing-unreviewed		0
tls	tls	tls	existing-unreviewed		0
tmp	tmp	tmp	existing-unreviewed		0
tmpPtr	tmpPenuding	tmpPenuding	existing-unreviewed		0
tos	tos	tos	existing-unreviewed		0
totalLength	jumlahJarak	jumlahJarak	existing-unreviewed		0
totalSectorCount	jumlahsectorcount	jumlahsectorcount	existing-unreviewed		0
totalSectors	jumlahsectors	jumlahsectors	existing-unreviewed		0
trap	trap	trap	existing-unreviewed		0
tss	tss	tss	existing-unreviewed		0
tssIndex	tssIndeks	tssIndeks	existing-unreviewed		0
udp	udp	protokol_datagram_pengguna	project-proposal	udp	1
udpHandler	udphandler	udphandler	existing-unreviewed		0
udpHeaderSize	udpheaderSaiz	udpheaderSaiz	existing-unreviewed		0
udpProvider	udpprovider	udpprovider	existing-unreviewed		0
udp콘솔	udpconsole	udpconsole	existing-unreviewed		0
unused	tidakdigunakan	tidakdigunakan	existing-unreviewed		0
used	digunakan	digunakan	existing-unreviewed		0
usedBlocks	digunakanBlok	digunakanBlok	existing-unreviewed		0
user1addr	pengguna1address	pengguna1address	existing-unreviewed		0
user1data	pengguna1data	pengguna1data	existing-unreviewed		0
user1entry	pengguna1entry	pengguna1entry	existing-unreviewed		0
user1file	pengguna1Fail	pengguna1Fail	existing-unreviewed		0
user2addr	pengguna2address	pengguna2address	existing-unreviewed		0
user2data	pengguna2data	pengguna2data	existing-unreviewed		0
user2entry	pengguna2entry	pengguna2entry	existing-unreviewed		0
user2file	pengguna2Fail	pengguna2Fail	existing-unreviewed		0
user3addr	pengguna3address	pengguna3address	existing-unreviewed		0
user3data	pengguna3data	pengguna3data	existing-unreviewed		0
user3entry	pengguna3entry	pengguna3entry	existing-unreviewed		0
user3file	pengguna3Fail	pengguna3Fail	existing-unreviewed		0
userHeapBase	penggunaheapbase	penggunaheapbase	existing-unreviewed		0
userHeapLimit	penggunaheapHad	penggunaheapHad	existing-unreviewed		0
user_esp	penggunaesp	penggunaesp	existing-unreviewed		0
userhandler	userhandler	userhandler	existing-unreviewed		0
userproc_entry	userprocentry	userprocentry	existing-unreviewed		0
util	util	util	existing-unreviewed		0
util콘솔	utilconsole	utilconsole	existing-unreviewed		0
v	v	v	existing-unreviewed		0
vAddr	vaddress	vaddress	existing-unreviewed		0
value	nilai	nilai	existing-unreviewed		0
values	nilai_2	nilai_2	existing-unreviewed		0
version	versi	versi	existing-unreviewed		0
vga	vga	vga	existing-unreviewed		0
virtlen	virtlen	virtlen	existing-unreviewed		0
virtmem	virtualIngatan	virtualIngatan	existing-unreviewed		0
virtualAddr	virtualaddress	virtualaddress	existing-unreviewed		0
volumeId	volumid	volumid	existing-unreviewed		0
volumeLabel	volumlabel	volumlabel	existing-unreviewed		0
w	w	w	existing-unreviewed		0
wDate	wTarikh	wTarikh	existing-unreviewed		0
wTime	wMasa	wMasa	existing-unreviewed		0
waitPS2InputEmpty	tunggups2MasukanKosong	tunggups2MasukanKosong	existing-unreviewed		0
waitPS2OutputFull	tunggups2outputPenuh	tunggups2outputPenuh	existing-unreviewed		0
wdata	wdata	wdata	existing-unreviewed		0
whence	whence	whence	existing-unreviewed		0
widget	widget	unsur_skrin	project-proposal	widget	6
width	lebar	lebar	existing-unreviewed		0
writePS2Command	tulisps2Perintah	tulisps2Perintah	existing-unreviewed		0
writePS2Data	tulisps2data	tulisps2data	existing-unreviewed		0
write_count	tuliscount	tuliscount	existing-unreviewed		0
x	x	x	existing-unreviewed		0
xPageDir	xHalamandirektori	xHalamandirektori	existing-unreviewed		0
xPos	xKedudukan	xKedudukan	existing-unreviewed		0
y	y	y	existing-unreviewed		0
yPageDir	yHalamandirektori	yHalamandirektori	existing-unreviewed		0
yPos	yKedudukan	yKedudukan	existing-unreviewed		0
값	nilai_3	nilai_3	existing-unreviewed		0
공용서술자테이블	shareddescriptorJadual	shareddescriptorJadual	existing-unreviewed		0
기준	base_2	base_2	existing-unreviewed		0
기준_낮은	baseRendah_2	baseRendah_2	existing-unreviewed		0
기준_높은	baseTinggi_2	baseTinggi_2	existing-unreviewed		0
기준_매우높은	baseveryTinggi	baseveryTinggi	existing-unreviewed		0
기준주소	baseaddress	baseaddress	existing-unreviewed		0
넷카드콘솔	rangkaiancardconsole	rangkaiancardconsole	existing-unreviewed		0
단말기	terminal	terminal	existing-unreviewed		0
마우스콘솔	tetikusconsole	tetikusconsole	existing-unreviewed		0
매개값	argumentNilai	argumentNilai	existing-unreviewed		0
멈추기	halt	halt	existing-unreviewed		0
목적	destination_3	destination_3	existing-unreviewed		0
유형	jenis	jenis	existing-unreviewed		0
이더넷콘솔	eternetconsole	eternetconsole	existing-unreviewed		0
인터럽트무시하기	sampukignore	sampukignore	existing-unreviewed		0
인터럽트예외처리기	sampukexceptionhandler	sampukexceptionhandler	existing-unreviewed		0
인터럽트예외처리기0x00	sampukexceptionhandler0x00	sampukexceptionhandler0x00	existing-unreviewed		0
인터럽트예외처리기0x01	sampukexceptionhandler0x01	sampukexceptionhandler0x01	existing-unreviewed		0
인터럽트예외처리기0x02	sampukexceptionhandler0x02	sampukexceptionhandler0x02	existing-unreviewed		0
인터럽트예외처리기0x03	sampukexceptionhandler0x03	sampukexceptionhandler0x03	existing-unreviewed		0
인터럽트예외처리기0x04	sampukexceptionhandler0x04	sampukexceptionhandler0x04	existing-unreviewed		0
인터럽트예외처리기0x05	sampukexceptionhandler0x05	sampukexceptionhandler0x05	existing-unreviewed		0
인터럽트예외처리기0x06	sampukexceptionhandler0x06	sampukexceptionhandler0x06	existing-unreviewed		0
인터럽트예외처리기0x07	sampukexceptionhandler0x07	sampukexceptionhandler0x07	existing-unreviewed		0
인터럽트예외처리기0x08	sampukexceptionhandler0x08	sampukexceptionhandler0x08	existing-unreviewed		0
인터럽트예외처리기0x09	sampukexceptionhandler0x09	sampukexceptionhandler0x09	existing-unreviewed		0
인터럽트예외처리기0x0A	sampukexceptionhandler0x0a	sampukexceptionhandler0x0a	existing-unreviewed		0
인터럽트예외처리기0x0B	sampukexceptionhandler0x0b	sampukexceptionhandler0x0b	existing-unreviewed		0
인터럽트예외처리기0x0C	sampukexceptionhandler0x0c	sampukexceptionhandler0x0c	existing-unreviewed		0
인터럽트예외처리기0x0D	sampukexceptionhandler0x0d	sampukexceptionhandler0x0d	existing-unreviewed		0
인터럽트예외처리기0x0E	sampukexceptionhandler0x0e	sampukexceptionhandler0x0e	existing-unreviewed		0
인터럽트예외처리기0x0F	sampukexceptionhandler0x0f	sampukexceptionhandler0x0f	existing-unreviewed		0
인터럽트예외처리기0x10	sampukexceptionhandler0x10	sampukexceptionhandler0x10	existing-unreviewed		0
인터럽트예외처리기0x11	sampukexceptionhandler0x11	sampukexceptionhandler0x11	existing-unreviewed		0
인터럽트예외처리기0x12	sampukexceptionhandler0x12	sampukexceptionhandler0x12	existing-unreviewed		0
인터럽트예외처리기0x13	sampukexceptionhandler0x13	sampukexceptionhandler0x13	existing-unreviewed		0
인터럽트요청처리0x00	sampukrequesthandler0x00	sampukrequesthandler0x00	existing-unreviewed		0
인터럽트요청처리0x01	sampukrequesthandler0x01	sampukrequesthandler0x01	existing-unreviewed		0
인터럽트요청처리0x02	sampukrequesthandler0x02	sampukrequesthandler0x02	existing-unreviewed		0
인터럽트요청처리0x03	sampukrequesthandler0x03	sampukrequesthandler0x03	existing-unreviewed		0
인터럽트요청처리0x04	sampukrequesthandler0x04	sampukrequesthandler0x04	existing-unreviewed		0
인터럽트요청처리0x05	sampukrequesthandler0x05	sampukrequesthandler0x05	existing-unreviewed		0
인터럽트요청처리0x06	sampukrequesthandler0x06	sampukrequesthandler0x06	existing-unreviewed		0
인터럽트요청처리0x07	sampukrequesthandler0x07	sampukrequesthandler0x07	existing-unreviewed		0
인터럽트요청처리0x08	sampukrequesthandler0x08	sampukrequesthandler0x08	existing-unreviewed		0
인터럽트요청처리0x09	sampukrequesthandler0x09	sampukrequesthandler0x09	existing-unreviewed		0
인터럽트요청처리0x0A	sampukrequesthandler0x0a	sampukrequesthandler0x0a	existing-unreviewed		0
인터럽트요청처리0x0B	sampukrequesthandler0x0b	sampukrequesthandler0x0b	existing-unreviewed		0
인터럽트요청처리0x0C	sampukrequesthandler0x0c	sampukrequesthandler0x0c	existing-unreviewed		0
인터럽트요청처리0x0D	sampukrequesthandler0x0d	sampukrequesthandler0x0d	existing-unreviewed		0
인터럽트요청처리0x0E	sampukrequesthandler0x0e	sampukrequesthandler0x0e	existing-unreviewed		0
인터럽트요청처리0x0F	sampukrequesthandler0x0f	sampukrequesthandler0x0f	existing-unreviewed		0
인터럽트요청처리0x80	sampukrequesthandler0x80	sampukrequesthandler0x80	existing-unreviewed		0
인터럽트요청처리0x81	sampukrequesthandler0x81	sampukrequesthandler0x81	existing-unreviewed		0
인터럽트요청처리0x82	sampukrequesthandler0x82	sampukrequesthandler0x82	existing-unreviewed		0
인터럽트처리기	sampukhandler_2	sampukhandler_2	existing-unreviewed		0
임시	temporary_2	temporary_2	existing-unreviewed		0
자료	data_2	data_2	existing-unreviewed		0
자신	diri_2	diri_2	existing-unreviewed		0
작업관리자	tugasmanager_2	tugasmanager_2	existing-unreviewed		0
작업콘솔	tugasconsole	tugasconsole	existing-unreviewed		0
조각설명자	segmentdescriptor	segmentdescriptor	existing-unreviewed		0
콘솔	console_2	console_2	existing-unreviewed		0
크기	saiz_2	saiz_2	existing-unreviewed		0
키보드콘솔	papankekunciconsole	papankekunciconsole	existing-unreviewed		0
표시들	bendera_2	bendera_2	existing-unreviewed		0
표시들_한도_높은	benderaHadTinggi	benderaHadTinggi	existing-unreviewed		0
한도	had_2	had_2	existing-unreviewed		0
한도_낮은	hadRendah_2	hadRendah_2	existing-unreviewed		0
