original	before	after	review_status	concept	changed_tokens
Activate	Aგააქტიურება	Aგააქტიურება	existing-unreviewed		0
ActivateAll	Aგააქტიურებაყველა	Aგააქტიურებაყველა	existing-unreviewed		0
Active	Aაქტიური	Aაქტიური	existing-unreviewed		0
ActiveInterruptManager	Aაქტიურიinterruptmanager	Aაქტიურიinterruptmanager	existing-unreviewed		0
ActiveMemoryManager	Aაქტიურიმეხსიერებაmanager	Aაქტიურიმეხსიერებაmanager	existing-unreviewed		0
Add	Aდამატება	Aდამატება	existing-unreviewed		0
AddDriver	Aდამატებაdriver	Aდამატებაdriver	existing-unreviewed		0
AddRunnableThread	Aდამატებაrunnablethread	Aდამატებაrunnablethread	existing-unreviewed		0
AddTask	Aდამატებაtask	Aდამატებაtask	existing-unreviewed		0
AddThread	Aდამატებაthread	Aდამატებაthread	existing-unreviewed		0
Address	Address	Address	existing-unreviewed		0
AlignedMalloc	Alignedmalloc	Alignedmalloc	existing-unreviewed		0
AlignmentCheck	Alignmentcheck	Alignmentcheck	existing-unreviewed		0
AllocateBlock	Allocateblock	Allocateblock	existing-unreviewed		0
AllocatePID	Allocatepid	Allocatepid	existing-unreviewed		0
AmountOfMemory	Aრაოდენობაofმეხსიერება	Aრაოდენობაofმეხსიერება	existing-unreviewed		0
ArrayToUint16	Aმასივიtounsignedinteger16	Aმასივიtounsignedinteger16	existing-unreviewed		0
ArrayToUint32	Aმასივიtounsignedinteger32	Aმასივიtounsignedinteger32	existing-unreviewed		0
ArrayToUint48	Aმასივიtounsignedinteger48	Aმასივიtounsignedinteger48	existing-unreviewed		0
ArrayToUint48_BE	Aმასივიtounsignedinteger48be	Aმასივიtounsignedinteger48be	existing-unreviewed		0
ArrayToUint64	Aმასივიtounsignedinteger64	Aმასივიtounsignedinteger64	existing-unreviewed		0
Atime	Atime	Atime	existing-unreviewed		0
AtimeNsec	Atimensec	Atimensec	existing-unreviewed		0
BLOCKS_PER_BYTE	Blockperbyte	Blockperbyte	existing-unreviewed		0
BLOCK_SIZE	Blockზომა	Blockზომა	existing-unreviewed		0
Backend	Backend	Backend	existing-unreviewed		0
BaseAddr	Baseaddress	Baseaddress	existing-unreviewed		0
Bind	Bind	Bind	existing-unreviewed		0
Blksize	Blksize	Blksize	existing-unreviewed		0
Blocked	Blocked	Blocked	existing-unreviewed		0
BlockedState	Blockedstate	Blockedstate	existing-unreviewed		0
Blocks	Block	Block	existing-unreviewed		0
BoundRangeExceeded	Boundrangeexceeded	Boundrangeexceeded	existing-unreviewed		0
BroadcastMacAddress	Broadcastmacaddress	Broadcastmacaddress	existing-unreviewed		0
BytesPerSector	Bბაიტიpersector	Bბაიტიpersector	existing-unreviewed		0
BytesToString	Bბაიტიtostring	Bბაიტიtostring	existing-unreviewed		0
Checksum	Checksum	Checksum	existing-unreviewed		0
Clear	Cგაწმენდა	Cგაწმენდა	existing-unreviewed		0
Clone	Clone	Clone	existing-unreviewed		0
CloneAddressSpaceCOW	Cloneaddressspacecow	Cloneaddressspacecow	existing-unreviewed		0
Connect	Cდაკავშირება	Cდაკავშირება	existing-unreviewed		0
ContainsCoordinate	Containscoordinate	Containscoordinate	existing-unreviewed		0
CopyPageFrameBlock	Cდააკოპირეგვერდიframeblock	Cდააკოპირეგვერდიframeblock	existing-unreviewed		0
CpuState	Cpustate	Cpustate	existing-unreviewed		0
Create	Create	Create	existing-unreviewed		0
CreateFromData	Createfromdata	Createfromdata	existing-unreviewed		0
CreateFromFunction	Createfromფუნქცია	Createfromფუნქცია	existing-unreviewed		0
CreatePtrFromFunction	Createკურსორიfromფუნქცია	Createკურსორიfromფუნქცია	existing-unreviewed		0
Cs	Cs	Cs	existing-unreviewed		0
Ctime	Ctime	Ctime	existing-unreviewed		0
CtimeNsec	Ctimensec	Ctimensec	existing-unreviewed		0
CurrentPID	Currentpid	Currentpid	existing-unreviewed		0
CurrentParentPID	Currentparentpid	Currentparentpid	existing-unreviewed		0
Data	Data	Data	compatibility		0
Deactivate	Dდეაქტივაცია	Dდეაქტივაცია	existing-unreviewed		0
Deactive	Deactive	Deactive	existing-unreviewed		0
Decrement	Decrement	Decrement	existing-unreviewed		0
Delete	Dწაშლა	Dწაშლა	existing-unreviewed		0
DescriptorPrivilegeLevel	Descriptorprivilegelevel	Descriptorprivilegelevel	existing-unreviewed		0
DescriptorType	Descriptorტიპი	Descriptorტიპი	existing-unreviewed		0
Destroy	Destroy	Destroy	existing-unreviewed		0
Dev	Dმოწყობილობა	Dმოწყობილობა	existing-unreviewed		0
DeviceHasFunctions	Dმოწყობილობაhasfunctions	Dმოწყობილობაhasfunctions	existing-unreviewed		0
DeviceNotAvailable	Dმოწყობილობაnotხელმისაწვდომი	Dმოწყობილობაnotხელმისაწვდომი	existing-unreviewed		0
Device_id	Dმოწყობილობაid	Dმოწყობილობაid	existing-unreviewed		0
DisableInt	Disableint	Disableint	existing-unreviewed		0
Disconnect	Dგათიშვა	Dგათიშვა	existing-unreviewed		0
DivideByZero	Dividebyzero	Dividebyzero	existing-unreviewed		0
DoHandleInterrupt	Dohandleinterrupt	Dohandleinterrupt	existing-unreviewed		0
DoubleFault	Doublefault	Doublefault	existing-unreviewed		0
Draw	Draw	Draw	existing-unreviewed		0
DriverManager	Drivermanager	Drivermanager	existing-unreviewed		0
Ds	Ds	Ds	existing-unreviewed		0
Dynamic	Dynamic	Dynamic	existing-unreviewed		0
E2BIG	E2big	E2big	existing-unreviewed		0
EACCES	Eacces	Eacces	existing-unreviewed		0
EADDRINUSE	Eaddrinuse	Eaddrinuse	existing-unreviewed		0
EAFNOSUPPORT	Eafnosupport	Eafnosupport	existing-unreviewed		0
EAGAIN	Eagain	Eagain	existing-unreviewed		0
EBADF	Ebadf	Ebadf	existing-unreviewed		0
EBUSY	Ebusy	Ebusy	existing-unreviewed		0
ECHILD	Echild	Echild	existing-unreviewed		0
EEXIST	Eexist	Eexist	existing-unreviewed		0
EFAULT	Efault	Efault	existing-unreviewed		0
EFBIG	Efbig	Efbig	existing-unreviewed		0
EINTR	Eintr	Eintr	existing-unreviewed		0
EINVAL	Einval	Einval	existing-unreviewed		0
EIO	Eio	Eio	existing-unreviewed		0
EISDIR	Eisdir	Eisdir	existing-unreviewed		0
EMFILE	Emfile	Emfile	existing-unreviewed		0
EMSGSIZE	Emsgsize	Emsgsize	existing-unreviewed		0
ENETUNREACH	Enetunreach	Enetunreach	existing-unreviewed		0
ENFILE	Enfile	Enfile	existing-unreviewed		0
ENODEV	Enodev	Enodev	existing-unreviewed		0
ENOENT	Enoent	Enoent	existing-unreviewed		0
ENOEXEC	Enoexec	Enoexec	existing-unreviewed		0
ENOMEM	Enomem	Enomem	existing-unreviewed		0
ENOSPC	Enospc	Enospc	existing-unreviewed		0
ENOSYS	Enosys	Enosys	existing-unreviewed		0
ENOTCONN	Enotconn	Enotconn	existing-unreviewed		0
ENOTDIR	Enotdir	Enotdir	existing-unreviewed		0
ENOTTY	Enotty	Enotty	existing-unreviewed		0
EOPNOTSUPP	Eopnotsupp	Eopnotsupp	existing-unreviewed		0
EPERM	Eperm	Eperm	existing-unreviewed		0
EPROTONOSUPPORT	Eprotonosupport	Eprotonosupport	existing-unreviewed		0
ERANGE	Erange	Erange	existing-unreviewed		0
EROFS	Erofs	Erofs	existing-unreviewed		0
ESPIPE	Espipe	Espipe	existing-unreviewed		0
ESRCH	Esrch	Esrch	existing-unreviewed		0
Eax	Eax	Eax	existing-unreviewed		0
Ebp	Ebp	Ebp	existing-unreviewed		0
Ebx	Ebx	Ebx	existing-unreviewed		0
Ecx	Ecx	Ecx	existing-unreviewed		0
Edi	Edi	Edi	existing-unreviewed		0
Edx	Edx	Edx	existing-unreviewed		0
Eflags	Eflags	Eflags	existing-unreviewed		0
Eip	Eip	Eip	existing-unreviewed		0
Elf	Elf	Elf	existing-unreviewed		0
Elf32Dyn	Elf32dyn	Elf32dyn	existing-unreviewed		0
Elf32Note	Elf32შენიშვნა	Elf32შენიშვნა	existing-unreviewed		0
Elf32Rel	Elf32rel	Elf32rel	existing-unreviewed		0
Elf32Rela	Elf32rela	Elf32rela	existing-unreviewed		0
Elf32Sym	Elf32sym	Elf32sym	existing-unreviewed		0
ElfHeader	Elfheader	Elfheader	existing-unreviewed		0
ElfProgramHeader	Elfპროგრამაheader	Elfპროგრამაheader	existing-unreviewed		0
ElfSectionHeader	Elfsectionheader	Elfsectionheader	existing-unreviewed		0
EnablePaging	Enablepaging	Enablepaging	existing-unreviewed		0
Enabled	Eჩართულია	Eჩართულია	existing-unreviewed		0
EntryNumber	Entryრიცხვი	Entryრიცხვი	existing-unreviewed		0
EqualBytes	Equalბაიტი	Equalბაიტი	existing-unreviewed		0
Es	Es	Es	existing-unreviewed		0
Esi	Esi	Esi	existing-unreviewed		0
Esp	Esp	Esp	existing-unreviewed		0
FPUBuffer	Fpubuffer	Fpubuffer	existing-unreviewed		0
FPUOffset	Fpuoffset	Fpuoffset	existing-unreviewed		0
Family	Family	Family	existing-unreviewed		0
FileName	Fფაილისახელი	Fფაილისახელი	existing-unreviewed		0
Fill	Fill	Fill	existing-unreviewed		0
FillRectangle	Fillrectangle	Fillrectangle	existing-unreviewed		0
First	First	First	existing-unreviewed		0
FirstFree	Firstთავისუფალი	Firstთავისუფალი	existing-unreviewed		0
FirstFreeSize	Firstთავისუფალიზომა	Firstთავისუფალიზომა	existing-unreviewed		0
Flags	Fალმები	Fალმები	existing-unreviewed		0
FloatingPointException	Floatingpointexception	Floatingpointexception	existing-unreviewed		0
Flush	Flush	Flush	existing-unreviewed		0
FlushTlsTable	Flushtlsცხრილი	Flushtlsცხრილი	existing-unreviewed		0
Focussable	Focussable	Focussable	existing-unreviewed		0
Free	Fთავისუფალი	Fთავისუფალი	existing-unreviewed		0
Fs	Fs	Fs	existing-unreviewed		0
GB	Gb	Gb	existing-unreviewed		0
GDT_ENTRIES	Gdtentry	Gdtentry	existing-unreviewed		0
GOT	Got	Got	existing-unreviewed		0
GPFException	Gpfexception	Gpfexception	existing-unreviewed		0
GatewayIP	Gatewayip	Gatewayip	existing-unreviewed		0
GdtAddressHigh	Gdtaddresshigh	Gdtaddresshigh	existing-unreviewed		0
GdtAddressLow	Gdtaddresslow	Gdtaddresslow	existing-unreviewed		0
GdtDescriptor	Gdtdescriptor	Gdtdescriptor	existing-unreviewed		0
GdtEntry	Gdtentry_2	Gdtentry_2	existing-unreviewed		0
GdtSize	Gdtზომა	Gdtზომა	existing-unreviewed		0
GetAt	Getat	Getat	existing-unreviewed		0
GetBackend	Getbackend	Getbackend	existing-unreviewed		0
GetBaseAddressRegister	Getbaseaddressregister	Getbaseaddressregister	existing-unreviewed		0
GetBitmaspSize	Getbitmaspზომა	Getbitmaspზომა	existing-unreviewed		0
GetBytesFromPtr	Getბაიტიfromკურსორი	Getბაიტიfromკურსორი	existing-unreviewed		0
GetCR0	Getcr0	Getcr0	existing-unreviewed		0
GetCR2	Getcr2	Getcr2	existing-unreviewed		0
GetCR3	Getcr3	Getcr3	existing-unreviewed		0
GetCR4	Getcr4	Getcr4	existing-unreviewed		0
GetColorIndex	Getფერიინდექსი	Getფერიინდექსი	existing-unreviewed		0
GetDeviceDescriptor	Getმოწყობილობაdescriptor	Getმოწყობილობაdescriptor	existing-unreviewed		0
GetDriver	Getdriver	Getdriver	existing-unreviewed		0
GetESP0	Getesp0	Getesp0	existing-unreviewed		0
GetEntry	Getentry	Getentry	existing-unreviewed		0
GetFileSize	Getფაილიზომა	Getფაილიზომა	existing-unreviewed		0
GetFocus	Getfocus	Getfocus	existing-unreviewed		0
GetFrameBufferSegment	Getframebuffersegment	Getframebuffersegment	existing-unreviewed		0
GetFuncPtrFromPtr	Getfuncკურსორიfromკურსორი	Getfuncკურსორიfromკურსორი	existing-unreviewed		0
GetFunctionName	Getფუნქციასახელი	Getფუნქციასახელი	existing-unreviewed		0
GetHandler	Gethandler	Gethandler	existing-unreviewed		0
GetIPAddress	Getipaddress	Getipaddress	existing-unreviewed		0
GetMACAddress	Getmacaddress	Getmacaddress	existing-unreviewed		0
GetMACFromCache	Getmacfromcache	Getmacfromcache	existing-unreviewed		0
GetNextReadyThread	Getშემდეგიreadythread	Getშემდეგიreadythread	existing-unreviewed		0
GetNodeAt	Getnodeat	Getnodeat	existing-unreviewed		0
GetProvider	Providerget	Providerget	existing-unreviewed		0
GetSS0	Getss0	Getss0	existing-unreviewed		0
GetStr	Getstr	Getstr	existing-unreviewed		0
GetUint32ArrayFromPtr	Getunsignedinteger32მასივიfromკურსორი	Getunsignedinteger32მასივიfromკურსორი	existing-unreviewed		0
GetUintptrArrayFromPtr	Getunsignedintegerკურსორიმასივიfromკურსორი	Getunsignedintegerკურსორიმასივიfromკურსორი	existing-unreviewed		0
GetValue	Getმნიშვნელობა	Getმნიშვნელობა	existing-unreviewed		0
GetValueInPageDir	Getმნიშვნელობაგადიდებაგვერდიდასტა	Getმნიშვნელობაგადიდებაგვერდიდასტა	existing-unreviewed		0
Gid	Gid	Gid	existing-unreviewed		0
Gs	Gs	Gs	existing-unreviewed		0
HandleException	Handleexception	Handleexception	existing-unreviewed		0
HandleFatalInterruptFrame	Handlefatalinterruptframe	Handlefatalinterruptframe	existing-unreviewed		0
HandleInterrupt	Handleinterrupt	Handleinterrupt	existing-unreviewed		0
HandleInterrupt1	Handleinterrupt1	Handleinterrupt1	existing-unreviewed		0
HandleUserDatagramProtocolMessage	Handleმომხმარებელიdatagramprotocolშეტყობინება	Handleმომხმარებელიdatagramprotocolშეტყობინება	existing-unreviewed		0
IDT_DESC_PRESENT	Idtdescriptorpresent	Idtdescriptorpresent	existing-unreviewed		0
IDT_INTERRUPT_GATE	Idtinterruptgate	Idtinterruptgate	existing-unreviewed		0
IDriver	IDriver	IDriver	existing-unreviewed		0
IEtherFrameHandler	IEthernetframehandler	IEthernetframehandler	existing-unreviewed		0
IInternetProtocolHandler	Iინტერნეტიprotocolhandler	Iინტერნეტიprotocolhandler	existing-unreviewed		0
IInterruptHandler	IInterrupthandler	IInterrupthandler	existing-unreviewed		0
IKeyboardEventHandler	Iკლავიატურაeventhandler	Iკლავიატურაeventhandler	existing-unreviewed		0
IMouseEventHandler	Iთაგვიeventhandler	Iთაგვიeventhandler	existing-unreviewed		0
IPCIControllerHandler	Ipcicontrollerhandler	Ipcicontrollerhandler	existing-unreviewed		0
IPCache	Ipcache	Ipcache	existing-unreviewed		0
IP_BE	Ipქსელიbyteorder	Ipქსელიbyteorder	existing-unreviewed		0
IRawDataHandler	IRawdatahandler	IRawdatahandler	existing-unreviewed		0
ITimerEventHandler	ITimereventhandler	ITimereventhandler	existing-unreviewed		0
IUserDatagramProtocolHandler	Iმომხმარებელიdatagramprotocolhandler	Iმომხმარებელიdatagramprotocolhandler	existing-unreviewed		0
IUserDatagramProtocolSocket	Iმომხმარებელიdatagramprotocolsocket	Iმომხმარებელიdatagramprotocolsocket	existing-unreviewed		0
IWidget	IWidget	IWidget	pending-language-review	widget	0
Identify	Identify	Identify	existing-unreviewed		0
Increment	Increment	Increment	existing-unreviewed		0
IndexOf	Iინდექსიof	Iინდექსიof	existing-unreviewed		0
Init	Init	Init	existing-unreviewed		0
InitDriver	Initdriver	Initdriver	existing-unreviewed		0
InitialThreadUserJump	Initialthreadმომხმარებელიjump	Initialthreadმომხმარებელიjump	existing-unreviewed		0
Ino	Ino	Ino	existing-unreviewed		0
Install	Iდაყენება	Iდაყენება	existing-unreviewed		0
Interrupt	Interrupt	Interrupt	existing-unreviewed		0
InterruptActive	Interruptაქტიური	Interruptაქტიური	existing-unreviewed		0
InterruptDeactive	Interruptdeactive	Interruptdeactive	existing-unreviewed		0
InterruptManager	Interruptmanager	Interruptmanager	existing-unreviewed		0
InterruptNumber	Interruptრიცხვი	Interruptრიცხვი	existing-unreviewed		0
InvalidOpcode	Iმიუღებელიopcode	Iმიუღებელიopcode	existing-unreviewed		0
InvalidTSS	Iმიუღებელიtss	Iმიუღებელიtss	existing-unreviewed		0
IsKernel	Iskernel	Iskernel	existing-unreviewed		0
IsPresent	Ispresent	Ispresent	existing-unreviewed		0
IsUserSpace	Isმომხმარებელიspace	Isმომხმარებელიspace	existing-unreviewed		0
KB	Kb	Kb	existing-unreviewed		0
KCS_INDEX	Kcsინდექსი	Kcsინდექსი	existing-unreviewed		0
KCS_SELECTOR	Kcsselector	Kcsselector	existing-unreviewed		0
KDS_INDEX	Kdsინდექსი	Kdsინდექსი	existing-unreviewed		0
KDS_SELECTOR	Kdsselector	Kdsselector	existing-unreviewed		0
KERNEL_HEAP_START	Kernelheapstart	Kernelheapstart	existing-unreviewed		0
KERNEL_VIRT_ADDR	Kernelvirtaddress	Kernelvirtaddress	existing-unreviewed		0
KGS_INDEX	Kgsინდექსი	Kgsინდექსი	existing-unreviewed		0
KGS_SELECTOR	Kgsselector	Kgsselector	existing-unreviewed		0
K핵심	KKernelEntry	KKernelEntry	compatibility		0
LIDT	Lidt	Lidt	existing-unreviewed		0
Last	Last	Last	existing-unreviewed		0
Len	Len	Len	compatibility		0
Limit	Limit	Limit	existing-unreviewed		0
Link	Lბმული	Lბმული	existing-unreviewed		0
LinkMap	Lბმულიmap	Lბმულიmap	existing-unreviewed		0
LinkedList	Linkedსია	Linkedსია	existing-unreviewed		0
Listen	Listen	Listen	existing-unreviewed		0
LoadElf	Lჩატვირთვაelf	Lჩატვირთვაelf	existing-unreviewed		0
MAC	Mac	Mac	existing-unreviewed		0
MAC0	Mac0	Mac0	existing-unreviewed		0
MAC1	Mac1	Mac1	existing-unreviewed		0
MAC2	Mac2	Mac2	existing-unreviewed		0
MAC3	Mac3	Mac3	existing-unreviewed		0
MAC4	Mac4	Mac4	existing-unreviewed		0
MAC5	Mac5	Mac5	existing-unreviewed		0
MACAddress0Port	Macaddress0პორტი	Macaddress0პორტი	existing-unreviewed		0
MACAddress2Port	Macaddress2პორტი	Macaddress2პორტი	existing-unreviewed		0
MACAddress4Port	Macaddress4პორტი	Macaddress4პორტი	existing-unreviewed		0
MACCache	Maccache	Maccache	existing-unreviewed		0
MAX_QUEUE_SIZE	Maxqueueზომა	Maxqueueზომა	existing-unreviewed		0
MB	Mმილიბარი	Mმილიბარი	existing-unreviewed		0
MBR	Mbr	Mbr	existing-unreviewed		0
MHex출력	MHexadecimalბეჭდვა	MHexadecimalბეჭდვა	existing-unreviewed		0
MHex출력XY	MHexadecimalბეჭდვაxy	MHexadecimalბეჭდვაxy	existing-unreviewed		0
MUint16출력	MUnsignedinteger16ბეჭდვა	MUnsignedinteger16ბეჭდვა	existing-unreviewed		0
MUint16출력XY	MUnsignedinteger16ბეჭდვაxy	MUnsignedinteger16ბეჭდვაxy	existing-unreviewed		0
MUint32출력	MUnsignedinteger32ბეჭდვა	MUnsignedinteger32ბეჭდვა	existing-unreviewed		0
MUint32출력XY	MUnsignedinteger32ბეჭდვაxy	MUnsignedinteger32ბეჭდვაxy	existing-unreviewed		0
MUint64출력	MUnsignedinteger64ბეჭდვა	MUnsignedinteger64ბეჭდვა	existing-unreviewed		0
MUint64출력XY	MUnsignedinteger64ბეჭდვაxy	MUnsignedinteger64ბეჭდვაxy	existing-unreviewed		0
Machine	Machine	Machine	existing-unreviewed		0
MachineCheck	Machinecheck	Machinecheck	existing-unreviewed		0
MakeRangePrivateWritable	Makerangeprivatewritable	Makerangeprivatewritable	existing-unreviewed		0
Malloc	Malloc	Malloc	pending-language-review	allocate_memory	0
MemCmp	Memcmp	Memcmp	existing-unreviewed		0
MemCpy	Memდააკოპირე	Memდააკოპირე	existing-unreviewed		0
MemMove	Memგადაადგილება	Memგადაადგილება	existing-unreviewed		0
MemSet	Memset	Memset	existing-unreviewed		0
MemoryOper	Mმეხსიერებაoper	Mმეხსიერებაoper	existing-unreviewed		0
Mode	Mრეჟიმი	Mრეჟიმი	existing-unreviewed		0
ModelToScreen	Modeltoეკრანი	Set_local_coordinates	pending-language-review	set_coordinates	5
Mtime	Mtime	Mtime	existing-unreviewed		0
MtimeNsec	Mtimensec	Mtimensec	existing-unreviewed		0
MyHandleInterrupt	Myhandleinterrupt	Myhandleinterrupt	existing-unreviewed		0
MyTest	Mytest	Mytest	existing-unreviewed		0
M긴급로그Hex8	MEmergencyloghexadecimal8	MEmergencyloghexadecimal8	existing-unreviewed		0
M긴급로그Uint32	MEmergencylogunsignedinteger32	MEmergencylogunsignedinteger32	existing-unreviewed		0
M긴급로그문자열	MEmergencylogstring	MEmergencylogstring	existing-unreviewed		0
M직렬로그초기화	MSerialloginit	MSerialloginit	existing-unreviewed		0
M출력	Mბეჭდვა	Mბეჭდვა	existing-unreviewed		0
M출력BytesXY	Mბეჭდვაბაიტიxy	Mბეჭდვაბაიტიxy	existing-unreviewed		0
M출력Hex	Mბეჭდვაhexadecimal	Mბეჭდვაhexadecimal	existing-unreviewed		0
M출력Uint16	Mბეჭდვაunsignedinteger16	Mბეჭდვაunsignedinteger16	existing-unreviewed		0
M출력Uint32	Mბეჭდვაunsignedinteger32	Mბეჭდვაunsignedinteger32	existing-unreviewed		0
M출력XY	Mბეჭდვაxy	Mბეჭდვაxy	existing-unreviewed		0
M테스트	M테스트	M테스트	existing-unreviewed		0
NMI	Nmi	Nmi	existing-unreviewed		0
New	Nახალი	Nახალი	existing-unreviewed		0
NewInterruptHandler	Nახალიinterrupthandler	Nახალიinterrupthandler	existing-unreviewed		0
Next	Nშემდეგი	Nშემდეგი	existing-unreviewed		0
Nlink	Nlink	Nlink	existing-unreviewed		0
Node	Node	Node	pending-language-review	list_node	0
Nodename	Nodename	Nodename	existing-unreviewed		0
OnEtherFrameReceived	Ethernetframereceivewhen	Ethernetframereceivewhen	existing-unreviewed		0
OnGetDriver	Ongetdriver	Ongetdriver	existing-unreviewed		0
OnInternetProtocolReceived	Oინტერნეტიprotocolreceivewhen	Oინტერნეტიprotocolreceivewhen	existing-unreviewed		0
OnKeyDown	Onkeydown	Onkeydown	existing-unreviewed		0
OnKeyUp	Onkeyზემოთ	Onkeyზემოთ	existing-unreviewed		0
OnMouseDown	Onთაგვიdown	Onთაგვიdown	existing-unreviewed		0
OnMouseMove	Onთაგვიგადაადგილება	Onთაგვიგადაადგილება	existing-unreviewed		0
OnMouseUp	Onთაგვიზემოთ	Onთაგვიზემოთ	existing-unreviewed		0
OnRawDataReceived	Onrawdatareceive	Onrawdatareceive	existing-unreviewed		0
OnTick	Ontick	Ontick	existing-unreviewed		0
Overflow	Overflow	Overflow	existing-unreviewed		0
P1LinkMap	Pმნიშვნელობა1ბმულიmap	Pმნიშვნელობა1ბმულიmap	existing-unreviewed		0
P2LinkMap	Pმნიშვნელობა2ბმულიmap	Pმნიშვნელობა2ბმულიmap	existing-unreviewed		0
P3LinkMap	Pმნიშვნელობა3ბმულიmap	Pმნიშვნელობა3ბმულიmap	existing-unreviewed		0
PAGE_COW	Pგვერდიcow	Pგვერდიcow	existing-unreviewed		0
PAGE_FRAME	Pგვერდიframe	Pგვერდიframe	existing-unreviewed		0
PAGE_PRESENT	Pგვერდიpresent	Pგვერდიpresent	existing-unreviewed		0
PAGE_USER	Pგვერდიმომხმარებელი	Pგვერდიმომხმარებელი	existing-unreviewed		0
PAGE_WRITABLE	Pგვერდიwritable	Pგვერდიwritable	existing-unreviewed		0
PAUSE_LOOP	Pauseloop	Pauseloop	existing-unreviewed		0
PICMasterCommandPort	Primarypicბრძანებაioპორტი	Primarypicბრძანებაioპორტი	existing-unreviewed		0
PICMasterDataPort	Primarypicdataioპორტი	Primarypicdataioპორტი	existing-unreviewed		0
PICSlaveCommandPort	Secondarypicბრძანებაioპორტი	Secondarypicბრძანებაioპორტი	existing-unreviewed		0
PICSlaveDataPort	Secondarypicdataioპორტი	Secondarypicdataioპორტი	existing-unreviewed		0
PRESENT	Present	Present	existing-unreviewed		0
PRIV_KERNEL	Privkernel	Privkernel	existing-unreviewed		0
PRIV_USER	Privმომხმარებელი	Privმომხმარებელი	existing-unreviewed		0
PROC_USER_HEAP_SIZE	Procმომხმარებელიheapზომა	Procმომხმარებელიheapზომა	existing-unreviewed		0
PageDirEntry	Pგვერდიდასტაentry	Pგვერდიდასტაentry	existing-unreviewed		0
PageDirectoryEntry	Pგვერდიდასტაentry_2	Pგვერდიდასტაentry_2	existing-unreviewed		0
PageFault	Pგვერდიfault	Pგვერდიfault	existing-unreviewed		0
PageFaultException	Pგვერდიfaultexception	Pგვერდიfaultexception	existing-unreviewed		0
PageRoundDown	Pგვერდიrounddown	Pგვერდიrounddown	existing-unreviewed		0
PageRoundUp	Pგვერდიroundზემოთ	Pგვერდიroundზემოთ	existing-unreviewed		0
PageTableEntry	Pგვერდიცხრილიentry	Pგვერდიცხრილიentry	existing-unreviewed		0
Paging	Paging	Paging	existing-unreviewed		0
ParentPid	Parentpid	Parentpid	existing-unreviewed		0
Parse	Parse	Parse	existing-unreviewed		0
Partition_id	Partitionid	Partitionid	existing-unreviewed		0
PhyMemTest	Phymemtest	Phymemtest	existing-unreviewed		0
PhysicalMemoryManager	Physicalმეხსიერებაmanager	Physicalმეხსიერებაmanager	existing-unreviewed		0
Pid	Pid	Pid	existing-unreviewed		0
Port	Pპორტი	Pპორტი	existing-unreviewed		0
PortBase	Pპორტიbase	Pპორტიbase	existing-unreviewed		0
PortInByte	Pპორტიგადიდებაbyte	Pპორტიგადიდებაbyte	existing-unreviewed		0
PortInDword	Pპორტიგადიდებაdword	Pპორტიგადიდებაdword	existing-unreviewed		0
PortInWord	Pპორტიგადიდებასიტყვა	Pპორტიგადიდებასიტყვა	existing-unreviewed		0
PortOutByte	Pპორტიდაპატარავებაbyte	Pპორტიდაპატარავებაbyte	existing-unreviewed		0
PortOutDword	Pპორტიდაპატარავებაdword	Pპორტიდაპატარავებაdword	existing-unreviewed		0
PortOutWord	Pპორტიდაპატარავებასიტყვა	Pპორტიდაპატარავებასიტყვა	existing-unreviewed		0
PortReadByte	Pპორტიკითხვაbyte	Pპორტიკითხვაbyte	existing-unreviewed		0
PortReadDword	Pპორტიკითხვაdword	Pპორტიკითხვაdword	existing-unreviewed		0
PortReadWord	Pპორტიკითხვასიტყვა	Pპორტიკითხვასიტყვა	existing-unreviewed		0
PortWriteByte	Pპორტიჩაწერაbyte	Pპორტიჩაწერაbyte	existing-unreviewed		0
PortWriteDword	Pპორტიჩაწერაdword	Pპორტიჩაწერაdword	existing-unreviewed		0
PortWriteWord	Pპორტიჩაწერასიტყვა	Pპორტიჩაწერასიტყვა	existing-unreviewed		0
Prev	Previous	Previous	existing-unreviewed		0
PrevTSS	Previoustss	Previoustss	existing-unreviewed		0
PrimaryPartition	Primarypartition	Primarypartition	existing-unreviewed		0
Print	Pბეჭდვა	Pბეჭდვა	existing-unreviewed		0
PrintBytes	Pბეჭდვაბაიტი	Pბეჭდვაბაიტი	existing-unreviewed		0
PrintStr	Pბეჭდვაstr	Pბეჭდვაstr	existing-unreviewed		0
PrintTLS	Pბეჭდვაtls	Pბეჭდვაtls	existing-unreviewed		0
PrintTest	Pბეჭდვაtest	Pბეჭდვაtest	existing-unreviewed		0
Process	Pპროცესი	Pპროცესი	existing-unreviewed		0
ProcessHelper	Pპროცესიhelper	Pპროცესიhelper	existing-unreviewed		0
ProcessPendingKeyboardEvents	Pპროცესიpendingკლავიატურაevents	Pპროცესიpendingკლავიატურაevents	existing-unreviewed		0
ProcessPendingMouseEvents	Pპროცესიpendingთაგვიevents	Pპროცესიpendingთაგვიevents	existing-unreviewed		0
PushAt	Pushat	Insert_at_index	pending-language-review	insert_at	1
PushBack	Pushუკან	Append_to_list	pending-language-review	append	12
PushFront	Pushfront	Prepend_to_list	pending-language-review	prepend	5
PutPixel	Putpixel	Putpixel	existing-unreviewed		0
PutPixelRGB	Putpixelrgb	Putpixelrgb	existing-unreviewed		0
QUEUE_START_ADDR	Queuestartaddress	Queuestartaddress	existing-unreviewed		0
Rdev	Rdev	Rdev	existing-unreviewed		0
Read	Rკითხვა	Rკითხვა	existing-unreviewed		0
Read28	Rკითხვა28	Rკითხვა28	existing-unreviewed		0
ReadFile	Rკითხვაფაილი	Rკითხვაფაილი	pending-language-review	file_read	0
ReadPartitions	Rკითხვაpartition	Rკითხვაpartition	existing-unreviewed		0
Ready	Ready	Ready	existing-unreviewed		0
Receive	Receive	Receive	existing-unreviewed		0
Ref	Reference	Reference	existing-unreviewed		0
Release	Release	Release	existing-unreviewed		0
ReloadCR3	Rგადატვირთვაcr3	Rგადატვირთვაcr3	existing-unreviewed		0
Remove	Rწაშლა	Rწაშლა	existing-unreviewed		0
RemoveAt	Rწაშლაat	Rწაშლაat	existing-unreviewed		0
RemoveThread	Rწაშლაthread	Rწაშლაthread	existing-unreviewed		0
RemoveThreadAt	Rწაშლაthreadat	Rწაშლაthreadat	existing-unreviewed		0
RequestMacAddress	Requestmacaddress	Requestmacaddress	existing-unreviewed		0
Reset	Rგანულება	Rგანულება	existing-unreviewed		0
Resolve	Resolve	Resolve	existing-unreviewed		0
ResolveCopyOnWriteFault	Resolveდააკოპირეonჩაწერაfault	Resolveდააკოპირეonჩაწერაfault	existing-unreviewed		0
SCHEDULER_FREQUENCY	Schedulerfrequency	Schedulerfrequency	existing-unreviewed		0
SEG_BIG_MODE	Segbigრეჟიმი	Segbigრეჟიმი	existing-unreviewed		0
SEG_EXEC	Segexec	Segexec	existing-unreviewed		0
SEG_GRAN_4K_PAGE	Seggran4kგვერდი	Seggran4kგვერდი	existing-unreviewed		0
SEG_GRAN_BYTE	Seggranbyte	Seggranbyte	existing-unreviewed		0
SEG_KERNEL_CODE	Segkernelcode	Segkernelcode	existing-unreviewed		0
SEG_KERNEL_DATA	Segkerneldata	Segkerneldata	existing-unreviewed		0
SEG_KERNEL_GS	Segkernelgs	Segkernelgs	existing-unreviewed		0
SEG_NOEXEC	Segnoexec	Segnoexec	existing-unreviewed		0
SEG_NORMAL	Segჩვეულებრივი	Segჩვეულებრივი	existing-unreviewed		0
SEG_NORW	Segnorw	Segnorw	existing-unreviewed		0
SEG_R	Segr	Segr	existing-unreviewed		0
SEG_SYSTEM	Segსისტემა	Segსისტემა	existing-unreviewed		0
SEG_TASK_STATE	Segtaskstate	Segtaskstate	existing-unreviewed		0
SEG_USER_CODE	Segმომხმარებელიcode	Segმომხმარებელიcode	existing-unreviewed		0
SEG_USER_DATA	Segმომხმარებელიdata	Segმომხმარებელიdata	existing-unreviewed		0
SEG_USER_GS	Segმომხმარებელიgs	Segმომხმარებელიgs	existing-unreviewed		0
SEG_W	Segw	Segw	existing-unreviewed		0
SIMDFloatingPointException	Simdfloatingpointexception	Simdfloatingpointexception	existing-unreviewed		0
SIZE	Sზომა	Sზომა	existing-unreviewed		0
SYS_ACCESS	Sysწვდომა	Sysწვდომა	existing-unreviewed		0
SYS_BRK	Sysbrk	Sysbrk	existing-unreviewed		0
SYS_CHDIR	Syschdir	Syschdir	existing-unreviewed		0
SYS_CLOSE	Sysდახურვა	Sysდახურვა	existing-unreviewed		0
SYS_CREAT	Syscreat	Syscreat	existing-unreviewed		0
SYS_DUP	Sysdup	Sysdup	existing-unreviewed		0
SYS_DUP2	Sysdup2	Sysdup2	existing-unreviewed		0
SYS_EXECVE	Sysexecve	Sysexecve	existing-unreviewed		0
SYS_EXIT	Sysგასვლა	Sysგასვლა	existing-unreviewed		0
SYS_FCNTL	Sysfcntl	Sysfcntl	existing-unreviewed		0
SYS_FORK	Sysfork	Sysfork	existing-unreviewed		0
SYS_FSTAT	Sysfstat	Sysfstat	existing-unreviewed		0
SYS_FSYNC	Sysfsync	Sysfsync	existing-unreviewed		0
SYS_GETCWD	Sysgetcwd	Sysgetcwd	existing-unreviewed		0
SYS_GETEGID	Sysgetegid	Sysgetegid	existing-unreviewed		0
SYS_GETEUID	Sysgeteuid	Sysgeteuid	existing-unreviewed		0
SYS_GETGID	Sysgetgid	Sysgetgid	existing-unreviewed		0
SYS_GETPID	Sysgetpid	Sysgetpid	existing-unreviewed		0
SYS_GETPPID	Sysgetppid	Sysgetppid	existing-unreviewed		0
SYS_GETUID	Sysgetuid	Sysgetuid	existing-unreviewed		0
SYS_LSEEK	Syslseek	Syslseek	existing-unreviewed		0
SYS_LSTAT	Syslstat	Syslstat	existing-unreviewed		0
SYS_OPEN	Sysგახსნა	Sysგახსნა	existing-unreviewed		0
SYS_READ	Sysკითხვა	Sysკითხვა	existing-unreviewed		0
SYS_RT_EXIT	Sysrtგასვლა	Sysrtგასვლა	existing-unreviewed		0
SYS_SOCKETCALL	Syssocketcall	Syssocketcall	existing-unreviewed		0
SYS_STAT	Sysstat	Sysstat	existing-unreviewed		0
SYS_SYNC	Syssync	Syssync	existing-unreviewed		0
SYS_UNAME	Sysuname	Sysuname	existing-unreviewed		0
SYS_WAITPID	Syswaitpid	Syswaitpid	existing-unreviewed		0
SYS_WRITE	Sysჩაწერა	Sysჩაწერა	existing-unreviewed		0
Schedule	Schedule	Schedule	existing-unreviewed		0
Scheduler	Scheduler	Scheduler	existing-unreviewed		0
SchedulerData	Schedulerdata	Schedulerdata	existing-unreviewed		0
SegmentNotPresent	Segmentnotpresent	Segmentnotpresent	existing-unreviewed		0
SelectDrivers	Selectdriver	Selectdriver	existing-unreviewed		0
Send	Sგაგზავნა	Sგაგზავნა	existing-unreviewed		0
SendEchoRequest	Echorequestგაგზავნა	Echorequestგაგზავნა	existing-unreviewed		0
SendFrame	Frameგაგზავნა	Frameგაგზავნა	existing-unreviewed		0
SerialInit	Serialinit	Serialinit	existing-unreviewed		0
SerialWriteByte	Serialჩაწერაbyte	Serialჩაწერაbyte	existing-unreviewed		0
SetBackend	Setbackend	Setbackend	existing-unreviewed		0
SetBit	Setbit	Setbit	existing-unreviewed		0
SetBlockInPageDir	Setblockგადიდებაგვერდიდასტა	Setblockგადიდებაგვერდიდასტა	existing-unreviewed		0
SetBuffer	Setbuffer	Setbuffer	existing-unreviewed		0
SetByteAtAddr	Setbyteataddress	Setbyteataddress	existing-unreviewed		0
SetByteInPageDir	Setbyteგადიდებაგვერდიდასტა	Setbyteგადიდებაგვერდიდასტა	existing-unreviewed		0
SetCR3	Setcr3	Setcr3	existing-unreviewed		0
SetColor	Setფერი	Setფერი	existing-unreviewed		0
SetDescriptor	Setdescriptor	Setdescriptor	existing-unreviewed		0
SetHandleInterruptFuction	Sethandleinterruptfuction	Sethandleinterruptfuction	existing-unreviewed		0
SetHandler	Sethandler	Sethandler	existing-unreviewed		0
SetIPAddress	Setipaddress	Setipaddress	existing-unreviewed		0
SetInterruptDescriptorTableEntry	Interruptdescriptorცხრილიentryset	Interruptdescriptorცხრილიentryset	existing-unreviewed		0
SetInterruptManager	Setinterruptmanager	Setinterruptmanager	existing-unreviewed		0
SetInterruptNumber	Setinterruptრიცხვი	Setinterruptრიცხვი	existing-unreviewed		0
SetMode	Setრეჟიმი	Setრეჟიმი	existing-unreviewed		0
SetNodeAt	Setnodeat	Setnodeat	existing-unreviewed		0
SetStack	Setstack	Setstack	existing-unreviewed		0
SetTlsSegment	Settlssegment	Settlssegment	existing-unreviewed		0
SetUint32AtAddr	Setunsignedinteger32ataddress	Setunsignedinteger32ataddress	existing-unreviewed		0
SetUint32InPageDir	Setunsignedinteger32გადიდებაგვერდიდასტა	Setunsignedinteger32გადიდებაგვერდიდასტა	existing-unreviewed		0
SetUint8AtAddr	Setunsignedinteger8ataddress	Setunsignedinteger8ataddress	existing-unreviewed		0
SharedMemoryRegion	Sharedმეხსიერებაregion	Sharedმეხსიერებაregion	existing-unreviewed		0
Size	Sზომა_2	Sზომა_2	existing-unreviewed		0
Spawn	Spawn	Spawn	existing-unreviewed		0
Ss	Ss	Ss	existing-unreviewed		0
Stack	Stack	Stack	existing-unreviewed		0
StackSegmentFault	Stacksegmentfault	Stacksegmentfault	existing-unreviewed		0
Start_lba	Startlba	Startlba	existing-unreviewed		0
Started	Sგაშვებული	Sგაშვებული	existing-unreviewed		0
StdinPutByte	Stdinputbyte	Stdinputbyte	existing-unreviewed		0
StopCurrentThread	Sშეჩერებაcurrentthread	Sშეჩერებაcurrentthread	existing-unreviewed		0
Stopped	Sგაჩერებულია	Sგაჩერებულია	existing-unreviewed		0
SubnetMask	Subnetmask	Subnetmask	existing-unreviewed		0
SupportMode	Supportრეჟიმი	Supportრეჟიმი	existing-unreviewed		0
Sys_brk	Sysbrk_2	Sysbrk_2	existing-unreviewed		0
Sys_close	Sysდახურვა_2	Sysდახურვა_2	existing-unreviewed		0
Sys_exit	Sysგასვლა_2	Sysგასვლა_2	existing-unreviewed		0
Sys_getpid	Sysgetpid_2	Sysgetpid_2	existing-unreviewed		0
Sys_mousemove	Sysmousemove	Sysmousemove	existing-unreviewed		0
Sys_open	Sysგახსნა_2	Sysგახსნა_2	existing-unreviewed		0
Sys_printStr	Sysბეჭდვაstr	Sysბეჭდვაstr	existing-unreviewed		0
Sys_printUint32	Sysბეჭდვაunsignedinteger32	Sysბეჭდვაunsignedinteger32	existing-unreviewed		0
Sys_printf	Sysprintf	Sysprintf	existing-unreviewed		0
Sys_read	Sysკითხვა_2	Sysკითხვა_2	existing-unreviewed		0
Syscall	Syscall	Syscall	existing-unreviewed		0
Sysname	Sysname	Sysname	existing-unreviewed		0
TARPEtherFrameHandler	Arpethernetframehandler	Arpethernetframehandler	existing-unreviewed		0
TARPMessage	Arpშეტყობინება	Arpშეტყობინება	existing-unreviewed		0
TARPMessageBuffer	Arpშეტყობინებაbuffer	Arpშეტყობინებაbuffer	existing-unreviewed		0
TARPProvider	Arpprovider	Arpprovider	existing-unreviewed		0
TAdvancedTechnologyAttachment	Tდეტალურიtechnologyattachment	Tდეტალურიtechnologyattachment	existing-unreviewed		0
TArray	Tმასივი	Tმასივი	existing-unreviewed		0
TBaseAddressRegister	TBaseaddressregister	TBaseaddressregister	existing-unreviewed		0
TBiosParameterBlock32	TBiosparameterblock32	TBiosparameterblock32	pending-language-review	fat_parameters	0
TBufferDescriptor	TBufferdescriptor	TBufferdescriptor	existing-unreviewed		0
TCOWFrameManager	Tcowframemanager	Tcowframemanager	existing-unreviewed		0
TCPUState	Tcpustate	Tcpustate	existing-unreviewed		0
TDefaultKeyboardEventHandler	Tნაგულისხმევიკლავიატურაeventhandler	Tნაგულისხმევიკლავიატურაeventhandler	existing-unreviewed		0
TDefaultMouseEventHandler	Tნაგულისხმევითაგვიeventhandler	Tნაგულისხმევითაგვიeventhandler	existing-unreviewed		0
TDefaultPCIControllerHandler	Tნაგულისხმევიpcicontrollerhandler	Tნაგულისხმევიpcicontrollerhandler	existing-unreviewed		0
TDefaultTimerEventHandler	Tნაგულისხმევიtimereventhandler	Tნაგულისხმევიtimereventhandler	existing-unreviewed		0
TDirectoryEntryFat32	Tდასტაentryfat32	Tდასტაentryfat32	existing-unreviewed		0
TDriverManager	TDrivermanager	TDrivermanager	existing-unreviewed		0
TEtherFrameHandler	TEthernetframehandler	TEthernetframehandler	existing-unreviewed		0
TEtherFrameHeader	TEthernetframeheader	TEthernetframeheader	pending-language-review	ethernet_header	0
TEtherFrameHeaderBuffer	TEthernetframeheaderbuffer	TEthernetframeheaderbuffer	existing-unreviewed		0
TEtherFrameProvider	TEthernetframeprovider	TEthernetframeprovider	pending-language-review	ethernet_provider	0
TEtherFrameRawDataHandler	TEthernetframerawdatahandler	TEthernetframerawdatahandler	existing-unreviewed		0
TGateDescriptor	TGatedescriptor	TGatedescriptor	existing-unreviewed		0
THREAD_STACK_SIZE	Threadstackზომა	Threadstackზომა	existing-unreviewed		0
TICMPHandler	Icmphandler	Icmphandler	existing-unreviewed		0
TIPEtherFrameHandler	Ipethernetframehandler	Ipethernetframehandler	existing-unreviewed		0
TInitializationBlock	TInitializationblock	TInitializationblock	existing-unreviewed		0
TInternetControlMessageProtocol	Tინტერნეტიcontrolშეტყობინებაprotocol	Tინტერნეტიcontrolშეტყობინებაprotocol	pending-language-review	icmp	0
TInternetControlMessageProtocolMessage	Tინტერნეტიcontrolშეტყობინებაprotocolშეტყობინება	Tინტერნეტიcontrolშეტყობინებაprotocolშეტყობინება	existing-unreviewed		0
TInternetControlMessageProtocolMessageBuffer	Tინტერნეტიcontrolშეტყობინებაprotocolშეტყობინებაbuffer	Tინტერნეტიcontrolშეტყობინებაprotocolშეტყობინებაbuffer	existing-unreviewed		0
TInternetProtocolHandler	Tინტერნეტიprotocolhandler	Tინტერნეტიprotocolhandler	existing-unreviewed		0
TInternetProtocolProvider	Tინტერნეტიprotocolprovider	Tინტერნეტიprotocolprovider	pending-language-review	ip_provider	0
TInternetProtocolV4Message	Tინტერნეტიprotocolv4შეტყობინება	Tინტერნეტიprotocolv4შეტყობინება	existing-unreviewed		0
TInternetProtocolV4MessageBuffer	Tინტერნეტიprotocolv4შეტყობინებაbuffer	Tინტერნეტიprotocolv4შეტყობინებაbuffer	existing-unreviewed		0
TInterruptDescriptorTablePointer	TInterruptdescriptorცხრილიკურსორი	TInterruptdescriptorცხრილიკურსორი	existing-unreviewed		0
TInterruptHandler	TInterrupthandler	TInterrupthandler	existing-unreviewed		0
TInterruptManager	TInterruptmanager	TInterruptmanager	existing-unreviewed		0
TKeyboardDriver	Tკლავიატურაdriver	Tკლავიატურაdriver	existing-unreviewed		0
TLS_START	Tlsstart	Tlsstart	existing-unreviewed		0
TMSDOSPartitionTable	Tmsdospartitionცხრილი	Tmsdospartitionცხრილი	existing-unreviewed		0
TMasterBootRecord	TMasterჩატვირთვაrecord	TMasterჩატვირთვაrecord	pending-language-review	boot_record	0
TMemoryChunk	Tმეხსიერებაchunk	Tმეხსიერებაchunk	existing-unreviewed		0
TMemoryManager	Tმეხსიერებაmanager	Tმეხსიერებაmanager	existing-unreviewed		0
TMouseDriver	Tთაგვიdriver	Tთაგვიdriver	existing-unreviewed		0
TMyKeyboardEventHandler	TMyკლავიატურაeventhandler	TMyკლავიატურაeventhandler	existing-unreviewed		0
TMyMouseEventHandler	TMyთაგვიeventhandler	TMyთაგვიeventhandler	existing-unreviewed		0
TMyPCIControllerHandler	TMypcicontrollerhandler	TMypcicontrollerhandler	existing-unreviewed		0
TPartitionTableEntry	TPartitionცხრილიentry	TPartitionცხრილიentry	existing-unreviewed		0
TPeripheralComponentInterconnectController	TPeripheralcomponentinterconnectcontroller	TPeripheralcomponentinterconnectcontroller	existing-unreviewed		0
TPeripheralComponentInterconnectDeviceDescriptor	TPeripheralcomponentinterconnectმოწყობილობაdescriptor	TPeripheralcomponentinterconnectმოწყობილობაdescriptor	existing-unreviewed		0
TPort	Tპორტი	Tპორტი	existing-unreviewed		0
TPort16Bit	Tპორტი16bit	Tპორტი16bit	existing-unreviewed		0
TPort32Bit	Tპორტი32bit	Tპორტი32bit	existing-unreviewed		0
TPort8Bit	Tპორტი8bit	Tპორტი8bit	existing-unreviewed		0
TRawDataHandler	TRawdatahandler	TRawdatahandler	existing-unreviewed		0
TSSEntry	Tssentry	Tssentry	existing-unreviewed		0
TSyscall	TSyscall	TSyscall	existing-unreviewed		0
TTask	TTask	TTask	existing-unreviewed		0
TThread	TThread	TThread	existing-unreviewed		0
TThreadHelper	TThreadhelper	TThreadhelper	existing-unreviewed		0
TTimerDriver	TTimerdriver	TTimerdriver	existing-unreviewed		0
TUserDatagramProtocolHandler	Tმომხმარებელიdatagramprotocolhandler	Tმომხმარებელიdatagramprotocolhandler	existing-unreviewed		0
TUserDatagramProtocolHeader	Tმომხმარებელიdatagramprotocolheader	Tმომხმარებელიdatagramprotocolheader	pending-language-review	udp_header	0
TUserDatagramProtocolHeaderBuffer	Tმომხმარებელიdatagramprotocolheaderbuffer	Tმომხმარებელიdatagramprotocolheaderbuffer	existing-unreviewed		0
TUserDatagramProtocolProvider	Tმომხმარებელიdatagramprotocolprovider	Tმომხმარებელიdatagramprotocolprovider	existing-unreviewed		0
TUserDatagramProtocolSocket	Tმომხმარებელიdatagramprotocolsocket	Tმომხმარებელიdatagramprotocolsocket	pending-language-review	udp_socket	0
TVideoGraphicsArray	Tვიდეოგრაფიკამასივი	Tვიდეოგრაფიკამასივი	existing-unreviewed		0
TWidget	TWidget	TWidget	pending-language-review	widget	0
TWidgetMouseEventHandler	TWidgetთაგვიeventhandler	TWidgetთაგვიeventhandler	existing-unreviewed		0
Tamd_am79c973	Tamdam79c973	Tamdam79c973	existing-unreviewed		0
Test	Test	Test	existing-unreviewed		0
TestBit	Testbit	Testbit	existing-unreviewed		0
TestPrint	Testბეჭდვა	Testბეჭდვა	existing-unreviewed		0
Thread	Thread	Thread	existing-unreviewed		0
ThreadList	Threadსია	Threadსია	existing-unreviewed		0
ThreadState	Threadstate	Threadstate	existing-unreviewed		0
Threads	Threads	Threads	existing-unreviewed		0
TlsSegments	Tlssegments	Tlssegments	existing-unreviewed		0
TotalBlocks	Tსულblock	Tსულblock	existing-unreviewed		0
Type	Tტიპი	Tტიპი	existing-unreviewed		0
TypeTest	Tტიპიtest	Tტიპიtest	existing-unreviewed		0
T공용서술자테이블	TShareddescriptorცხრილი	TShareddescriptorცხრილი	existing-unreviewed		0
T공용서술자테이블_자료	TShareddescriptorცხრილიdata	TShareddescriptorცხრილიdata	existing-unreviewed		0
T작업관리자	TTaskmanager	TTaskmanager	existing-unreviewed		0
T조각설명자	TSegmentdescriptor	TSegmentdescriptor	existing-unreviewed		0
T콘솔	TConsole	TConsole	existing-unreviewed		0
T함수1	Tფუნქცია1	Tფუნქცია1	existing-unreviewed		0
UDESC_32SEG	Udesc32seg	Udesc32seg	existing-unreviewed		0
UDESC_CONTENTS	Udescშინაარსი	Udescშინაარსი	existing-unreviewed		0
UDESC_LIMIT_IN_PAGES	Udesclimitგადიდებაpages	Udesclimitგადიდებაpages	existing-unreviewed		0
UDESC_RX_ONLY	Udescrxonly	Udescrxonly	existing-unreviewed		0
UDESC_SEG_NOT_PRESENT	Udescsegnotpresent	Udescsegnotpresent	existing-unreviewed		0
UDESC_USABLE	Udescusable	Udescusable	existing-unreviewed		0
USER_STACK	Uმომხმარებელიstack	Uმომხმარებელიstack	existing-unreviewed		0
USER_STACK_SIZE	Uმომხმარებელიstackზომა	Uმომხმარებელიstackზომა	existing-unreviewed		0
USER_STACK_TOP	Uმომხმარებელიstackზემოთ	Uმომხმარებელიstackზემოთ	existing-unreviewed		0
Uid	Uid	Uid	existing-unreviewed		0
Uint16ToArray	Unsignedinteger16toმასივი	Unsignedinteger16toმასივი	existing-unreviewed		0
Uint16ToArray_BE	Unsignedinteger16toმასივიbe	Unsignedinteger16toმასივიbe	existing-unreviewed		0
Uint16_R	Unsignedinteger16r	Unsignedinteger16r	existing-unreviewed		0
Uint32ToArray	Unsignedinteger32toმასივი	Unsignedinteger32toმასივი	existing-unreviewed		0
Uint32_R	Unsignedinteger32r	Unsignedinteger32r	existing-unreviewed		0
Uint48ToArray	Unsignedinteger48toმასივი	Unsignedinteger48toმასივი	existing-unreviewed		0
Uint48ToArray_BE	Unsignedinteger48toმასივიbe	Unsignedinteger48toმასივიbe	existing-unreviewed		0
Uint48_R	Unsignedinteger48r	Unsignedinteger48r	existing-unreviewed		0
Uint64ToArray	Unsignedinteger64toმასივი	Unsignedinteger64toმასივი	existing-unreviewed		0
Uint64_R	Unsignedinteger64r	Unsignedinteger64r	existing-unreviewed		0
UnhandleInterrupt	Unhandleinterrupt	Unhandleinterrupt	existing-unreviewed		0
UnsetBit	Uმოშორებაbit	Toggle_allocation_bit	pending-language-review	toggle_bit	1
UsedBlocks	Uგამოყეებულიაblock	Uგამოყეებულიაblock	existing-unreviewed		0
UserDesc	Uმომხმარებელიdescriptor	Uმომხმარებელიdescriptor	existing-unreviewed		0
UserStack	Uმომხმარებელიstack_2	Uმომხმარებელიstack_2	existing-unreviewed		0
UserStackSize	Uმომხმარებელიstackზომა_2	Uმომხმარებელიstackზომა_2	existing-unreviewed		0
Vendor_id	Vendorid	Vendorid	existing-unreviewed		0
Version	Version	Version	existing-unreviewed		0
VirtTest	Virttest	Virttest	existing-unreviewed		0
Write	Wჩაწერა	Wჩაწერა	existing-unreviewed		0
Write28	Wჩაწერა28	Wჩაწერა28	existing-unreviewed		0
WriteRegisters	Wჩაწერაregister	Wჩაწერაregister	existing-unreviewed		0
X	X	X	existing-unreviewed		0
Y	Y	Y	existing-unreviewed		0
Zero	Zero	Zero	existing-unreviewed		0
ZeroBlockInPageDir	Zeroblockგადიდებაგვერდიდასტა	Zeroblockგადიდებაგვერდიდასტა	existing-unreviewed		0
a	a	a	existing-unreviewed		0
aTime	aდრო	aდრო	existing-unreviewed		0
access	წვდომა	წვდომა	existing-unreviewed		0
accessMode	წვდომარეჟიმი	წვდომარეჟიმი	existing-unreviewed		0
ack	ack	ack	existing-unreviewed		0
activeKeyboardDriver	აქტიურიკლავიატურაdriver	აქტიურიკლავიატურაdriver	existing-unreviewed		0
activeMouseDriver	აქტიურითაგვიdriver	აქტიურითაგვიdriver	existing-unreviewed		0
addr	address	address	existing-unreviewed		0
addrPtr	addressკურსორი	addressკურსორი	existing-unreviewed		0
address	address_2	address_2	existing-unreviewed		0
addressError	addressშეცდომა	addressშეცდომა	existing-unreviewed		0
afInet	afinet	afinet	existing-unreviewed		0
allocFD	allocatefd	allocatefd	existing-unreviewed		0
allocOpenFile	allocateგახსნაფაილი	allocateგახსნაფაილი	existing-unreviewed		0
allocProcess	allocateპროცესი	allocateპროცესი	existing-unreviewed		0
allocateSocket	allocatesocket	allocatesocket	existing-unreviewed		0
allocated	allocated	allocated	existing-unreviewed		0
amd_am79c973	amdam79c973	amdam79c973	existing-unreviewed		0
args	arguments	arguments	existing-unreviewed		0
argument	argument	argument	existing-unreviewed		0
argumentPointers	argumentpointers	argumentpointers	existing-unreviewed		0
arguments	arguments_2	arguments_2	existing-unreviewed		0
arp	arp	arp	existing-unreviewed		0
arpBuffer	arpbuffer	arpbuffer	existing-unreviewed		0
arpMesgSize	arpmesgზომა	arpmesgზომა	existing-unreviewed		0
arpProvider	arpprovider	arpprovider	existing-unreviewed		0
arp콘솔	arpconsole	arpconsole	existing-unreviewed		0
array	მასივი	მასივი	existing-unreviewed		0
ata	ata	ata	existing-unreviewed		0
ata0s	ata0s	ata0s	existing-unreviewed		0
attempts	attempts	attempts	existing-unreviewed		0
attr	ატრიბუტი	ატრიბუტი	existing-unreviewed		0
attributeControllerIndexPort	ატრიბუტიcontrollerინდექსიპორტი	ატრიბუტიcontrollerინდექსიპორტი	existing-unreviewed		0
attributeControllerReadPort	ატრიბუტიcontrollerკითხვაპორტი	ატრიბუტიcontrollerკითხვაპორტი	existing-unreviewed		0
attributeControllerResetPort	ატრიბუტიcontrollerგანულებაპორტი	ატრიბუტიcontrollerგანულებაპორტი	existing-unreviewed		0
attributeControllerWritePort	ატრიბუტიcontrollerჩაწერაპორტი	ატრიბუტიcontrollerჩაწერაპორტი	existing-unreviewed		0
attributes	attributes	attributes	existing-unreviewed		0
aux	aux	aux	existing-unreviewed		0
avail	ხელმისაწვდომი	ხელმისაწვდომი	existing-unreviewed		0
b	b	b	existing-unreviewed		0
backend	backend	backend	existing-unreviewed		0
backupFpRegs	backupfpregs	backupfpregs	existing-unreviewed		0
backupSector	backupsector	backupsector	existing-unreviewed		0
bar	ზოლი	ზოლი	existing-unreviewed		0
barNum	ზოლირიცხვი	ზოლირიცხვი	existing-unreviewed		0
bar_value	ზოლიმნიშვნელობა	ზოლიმნიშვნელობა	existing-unreviewed		0
base	base	base	existing-unreviewed		0
baseCode	basecode	basecode	existing-unreviewed		0
baseHigh	basehigh	basehigh	existing-unreviewed		0
baseLow	baselow	baselow	existing-unreviewed		0
baseMid	basemid	basemid	existing-unreviewed		0
base_addr_high	baseaddresshigh	baseaddresshigh	existing-unreviewed		0
base_addr_low	baseaddresslow	baseaddresslow	existing-unreviewed		0
bh	bh	bh	existing-unreviewed		0
bindEphemeral	bindephemeral	bindephemeral	existing-unreviewed		0
bindError	bindშეცდომა	bindშეცდომა	existing-unreviewed		0
bios	bios	bios	existing-unreviewed		0
bit	bit	bit	existing-unreviewed		0
bitmap	bitmap	bitmap	pending-language-review	bitmap	0
bootSignature	ჩატვირთვაsignature	ჩატვირთვაsignature	existing-unreviewed		0
bootable	bootable	bootable	existing-unreviewed		0
bootloader	ჩატვირთვაloader	ჩატვირთვაloader	existing-unreviewed		0
bound	bound	bound	existing-unreviewed		0
bpb	bpb	bpb	pending-language-review	fat_parameters	0
bpbBytes	bpbბაიტი	bpbბაიტი	existing-unreviewed		0
bpbPtr	bpbკურსორი	bpbკურსორი	existing-unreviewed		0
buf	buffer	buffer	existing-unreviewed		0
buf1	buffer1	buffer1	existing-unreviewed		0
buf2	buffer2	buffer2	existing-unreviewed		0
buf3	buffer3	buffer3	existing-unreviewed		0
buf4	buffer4	buffer4	existing-unreviewed		0
buf6	buffer6	buffer6	existing-unreviewed		0
buffer	buffer_2	buffer_2	existing-unreviewed		0
buffer1	buffer1_2	buffer1_2	existing-unreviewed		0
buffer2	buffer2_2	buffer2_2	existing-unreviewed		0
bufferAddr	bufferaddress	bufferaddress	existing-unreviewed		0
bufferAddress	bufferaddress_2	bufferaddress_2	existing-unreviewed		0
bufptr	bufferკურსორი	bufferკურსორი	existing-unreviewed		0
bus	bus	bus	existing-unreviewed		0
busControlRegisterDataPort	buscontrolregisterdataპორტი	buscontrolregisterdataპორტი	existing-unreviewed		0
button	button	button	existing-unreviewed		0
buttons	button_2	button_2	existing-unreviewed		0
bytesPerSector	ბაიტიpersector	ბაიტიpersector	existing-unreviewed		0
c	c	c	existing-unreviewed		0
cDate	cთარიღი	cთარიღი	existing-unreviewed		0
cTime	cდრო	cდრო	existing-unreviewed		0
cTimeTenth	cდროtenth	cდროtenth	existing-unreviewed		0
call	call	call	existing-unreviewed		0
candidate	candidate	candidate	existing-unreviewed		0
cap	cap	cap	existing-unreviewed		0
char	char	char	existing-unreviewed		0
checked	checked	checked	existing-unreviewed		0
checksum	checksum	checksum	existing-unreviewed		0
child	child	child	existing-unreviewed		0
childPID	childpid	childpid	existing-unreviewed		0
childPageDir	childგვერდიდასტა	childგვერდიდასტა	existing-unreviewed		0
chunk	chunk	chunk	existing-unreviewed		0
class_id	კლასიid	კლასიid	existing-unreviewed		0
closeAllProcessFDs	დახურვაყველაპროცესიfds	დახურვაყველაპროცესიfds	existing-unreviewed		0
closeOnExec	დახურვაonexec	დახურვაonexec	existing-unreviewed		0
closeProcessFD	დახურვაპროცესიfd	დახურვაპროცესიfd	existing-unreviewed		0
code	code	code	existing-unreviewed		0
code1Ptr	code1კურსორი	code1კურსორი	existing-unreviewed		0
code1ptr	code1კურსორი_2	code1კურსორი_2	existing-unreviewed		0
code2Ptr	code2კურსორი	code2კურსორი	existing-unreviewed		0
code3Ptr	code3კურსორი	code3კურსორი	existing-unreviewed		0
codeSegment	codesegment	codesegment	existing-unreviewed		0
colorIndex	ფერიინდექსი	ფერიინდექსი	existing-unreviewed		0
colordepth	ფერიdepth	ფერიdepth	existing-unreviewed		0
command	ბრძანება	ბრძანება	existing-unreviewed		0
commandPort	ბრძანებაპორტი	ბრძანებაპორტი	existing-unreviewed		0
commandport	ბრძანებაპორტი_2	ბრძანებაპორტი_2	existing-unreviewed		0
common	საერთო	საერთო	existing-unreviewed		0
connected	connected	connected	existing-unreviewed		0
console	console	console	existing-unreviewed		0
controlPort	controlპორტი	controlპორტი	existing-unreviewed		0
copyExecVector	დააკოპირეexecvector	დააკოპირეexecvector	existing-unreviewed		0
copyLength	დააკოპირეlength	დააკოპირეlength	existing-unreviewed		0
copyPageDir	დააკოპირეგვერდიდასტა	დააკოპირეგვერდიდასტა	existing-unreviewed		0
copyPath	დააკოპირეგეზი	დააკოპირეგეზი	existing-unreviewed		0
copySocketName	დააკოპირეsocketსახელი	დააკოპირეsocketსახელი	existing-unreviewed		0
copyUtsField	დააკოპირეutsfield	დააკოპირეutsfield	existing-unreviewed		0
count	count	count	existing-unreviewed		0
count2	count2	count2	existing-unreviewed		0
cowFrameManager	cowframemanager	cowframemanager	existing-unreviewed		0
cpu	cpu	cpu	existing-unreviewed		0
cpustate	cpustate	cpustate	existing-unreviewed		0
cr0	cr0	cr0	existing-unreviewed		0
cr3	cr3	cr3	existing-unreviewed		0
cr4	cr4	cr4	existing-unreviewed		0
crtcDataPort	crtcdataპორტი	crtcdataპორტი	existing-unreviewed		0
crtcIndexPort	crtcინდექსიპორტი	crtcინდექსიპორტი	existing-unreviewed		0
cs	cs	cs	existing-unreviewed		0
currentRecvBuffer	currentrecvbuffer	currentrecvbuffer	existing-unreviewed		0
currentSendBuffer	currentგაგზავნაbuffer	currentგაგზავნაbuffer	existing-unreviewed		0
currentTask	currenttask	currenttask	existing-unreviewed		0
currentThread	currentthread	currentthread	existing-unreviewed		0
currentThreadIndex	currentthreadინდექსი	currentthreadინდექსი	existing-unreviewed		0
cursorHeight	cursorსიმაღლე	cursorსიმაღლე	existing-unreviewed		0
cursorStart	cursorstart	cursorstart	existing-unreviewed		0
d_tag	dიარლიყი	dიარლიყი	existing-unreviewed		0
d_val_ptr	dvalკურსორი	dvalკურსორი	existing-unreviewed		0
data	data	data	existing-unreviewed		0
dataBuf	databuffer	databuffer	existing-unreviewed		0
dataBytes	dataბაიტი	dataბაიტი	existing-unreviewed		0
dataPointer	dataკურსორი	dataკურსორი	existing-unreviewed		0
dataPort	dataპორტი	dataპორტი	existing-unreviewed		0
dataStart	datastart	datastart	existing-unreviewed		0
databuffer	databuffer_2	databuffer_2	existing-unreviewed		0
dataport	dataპორტი_2	dataპორტი_2	existing-unreviewed		0
defaultKeyboardEventHandler	ნაგულისხმევიკლავიატურაeventhandler	ნაგულისხმევიკლავიატურაeventhandler	existing-unreviewed		0
desc	descriptor	descriptor	existing-unreviewed		0
description	აღწერილობა	აღწერილობა	existing-unreviewed		0
destination	destination	destination	existing-unreviewed		0
destinationAddress	destinationaddress	destinationaddress	existing-unreviewed		0
destinationLength	destinationlength	destinationlength	existing-unreviewed		0
dev	მოწყობილობა	მოწყობილობა	existing-unreviewed		0
device	მოწყობილობა_2	მოწყობილობა_2	existing-unreviewed		0
deviceDescriptor	მოწყობილობაdescriptor	მოწყობილობაdescriptor	existing-unreviewed		0
devicePort	მოწყობილობაპორტი	მოწყობილობაპორტი	existing-unreviewed		0
diff	diff	diff	existing-unreviewed		0
digits	digits	digits	existing-unreviewed		0
dirent	dirent	dirent	existing-unreviewed		0
direntBytes	direntბაიტი	direntბაიტი	existing-unreviewed		0
direntPtr	direntკურსორი	direntკურსორი	existing-unreviewed		0
discardProcess	discardპროცესი	discardპროცესი	existing-unreviewed		0
dispatchInterrupt	dispatchinterrupt	dispatchinterrupt	existing-unreviewed		0
divisor	divisor	divisor	existing-unreviewed		0
domain	domain	domain	existing-unreviewed		0
driveNumber	driveრიცხვი	driveრიცხვი	existing-unreviewed		0
driver	driver	driver	existing-unreviewed		0
driverManager	drivermanager	drivermanager	existing-unreviewed		0
drivercount	drivercount	drivercount	existing-unreviewed		0
drv	driver_2	driver_2	existing-unreviewed		0
ds	ds	ds	existing-unreviewed		0
ds_segment	dssegment	dssegment	existing-unreviewed		0
dst	destination_2	destination_2	existing-unreviewed		0
dstEntry	destinationentry	destinationentry	existing-unreviewed		0
dstIP	destinationipaddress	destinationipaddress	existing-unreviewed		0
dstIP_BE	destinationipaddressქსელიbyteorder	destinationipaddressქსელიbyteorder	existing-unreviewed		0
dstMAC	destinationmacaddress	destinationmacaddress	existing-unreviewed		0
dstMAC_BE	destinationmacbe	destinationmacbe	existing-unreviewed		0
dstPageDir	destinationგვერდიდასტა	destinationგვერდიდასტა	existing-unreviewed		0
dstPort	destinationპორტირიცხვი	destinationპორტირიცხვი	pending-language-review	destination_port	0
dstPt	destinationpt	destinationpt	existing-unreviewed		0
dstPtPtr	destinationptკურსორი	destinationptკურსორი	existing-unreviewed		0
dstPtr	destinationკურსორი	destinationკურსორი	existing-unreviewed		0
dstptr	destinationკურსორი_2	destinationკურსორი_2	existing-unreviewed		0
dynamic	dynamic	dynamic	existing-unreviewed		0
e	e	e	existing-unreviewed		0
e_ehsize	eehsize	eehsize	existing-unreviewed		0
e_entry	eentry	eentry	existing-unreviewed		0
e_flags	eალმები	eალმები	existing-unreviewed		0
e_ident	eident	eident	existing-unreviewed		0
e_machine	emachine	emachine	existing-unreviewed		0
e_phentsize	ephentsize	ephentsize	existing-unreviewed		0
e_phnum	ephnum	ephnum	existing-unreviewed		0
e_phoff	ephoff	ephoff	existing-unreviewed		0
e_shentsize	eshentsize	eshentsize	existing-unreviewed		0
e_shnum	eshnum	eshnum	existing-unreviewed		0
e_shoff	eshoff	eshoff	existing-unreviewed		0
e_shstrndx	eshstrndx	eshstrndx	existing-unreviewed		0
e_type	eტიპი	eტიპი	existing-unreviewed		0
e_version	eversion	eversion	existing-unreviewed		0
eax	eax	eax	existing-unreviewed		0
ebp	ebp	ebp	existing-unreviewed		0
ebx	ebx	ebx	existing-unreviewed		0
ecx	ecx	ecx	existing-unreviewed		0
edi	edi	edi	existing-unreviewed		0
edx	edx	edx	existing-unreviewed		0
efHandler	efhandler	efhandler	existing-unreviewed		0
eflags	eflags	eflags	existing-unreviewed		0
eip	eip	eip	existing-unreviewed		0
eipOffset	eipoffset	eipoffset	existing-unreviewed		0
elf	elf	elf	existing-unreviewed		0
elf0	elf0	elf0	existing-unreviewed		0
elf2	elf2	elf2	existing-unreviewed		0
elf3	elf3	elf3	existing-unreviewed		0
elf4	elf4	elf4	existing-unreviewed		0
elfHeader	elfheader	elfheader	existing-unreviewed		0
enabled	ჩართულია	ჩართულია	existing-unreviewed		0
end	end	end	existing-unreviewed		0
endOffset	endoffset	endoffset	existing-unreviewed		0
end_cylinder	endcylinder	endcylinder	existing-unreviewed		0
end_head	endhead	endhead	existing-unreviewed		0
end_sector	endsector	endsector	existing-unreviewed		0
ensureCurrentProcess	ensurecurrentპროცესი	ensurecurrentპროცესი	existing-unreviewed		0
entry	entry	entry	existing-unreviewed		0
entryPoint	entrypoint	entrypoint	existing-unreviewed		0
entrypoint	entrypoint_2	entrypoint_2	existing-unreviewed		0
environment	environment	environment	existing-unreviewed		0
environmentPointers	environmentpointers	environmentpointers	existing-unreviewed		0
err	err	err	existing-unreviewed		0
errorPort	შეცდომაპორტი	შეცდომაპორტი	existing-unreviewed		0
es	es	es	existing-unreviewed		0
esi	esi	esi	existing-unreviewed		0
esp	esp	esp	existing-unreviewed		0
esp0	esp0	esp0	existing-unreviewed		0
esp1	esp1	esp1	existing-unreviewed		0
esp2	esp2	esp2	existing-unreviewed		0
etherFrameProvider	ethernetframeprovider	ethernetframeprovider	pending-language-review	ethernet_provider	0
etherType	ethernetტიპი	ethernetტიპი	existing-unreviewed		0
etherType_BE	ethernetტიპიbe	ethernetტიპიbe	existing-unreviewed		0
etherframe	ethernetframe	ethernetframe	existing-unreviewed		0
etherframePayload	ethernetframepayload	ethernetframepayload	existing-unreviewed		0
except	except	except	existing-unreviewed		0
exceptionCR0	exceptioncr0	exceptioncr0	existing-unreviewed		0
exceptionCR2	exceptioncr2	exceptioncr2	existing-unreviewed		0
exceptionCR3	exceptioncr3	exceptioncr3	existing-unreviewed		0
exceptionFrameValue	exceptionframeმნიშვნელობა	exceptionframeმნიშვნელობა	existing-unreviewed		0
exceptionHasErrorCode	exceptionhasშეცდომაcode	exceptionhasშეცდომაcode	existing-unreviewed		0
exceptionName	exceptionსახელი	exceptionსახელი	existing-unreviewed		0
execVector	execvector	execvector	existing-unreviewed		0
exists	exists	exists	existing-unreviewed		0
exited	exited	exited	existing-unreviewed		0
ext	ext	ext	existing-unreviewed		0
extFlags	extალმები	extალმები	existing-unreviewed		0
extendedScanCode	extendedscancode	extendedscancode	existing-unreviewed		0
fDupFD	fdupfd	fdupfd	existing-unreviewed		0
fGetFD	fgetfd	fgetfd	existing-unreviewed		0
fGetFL	fgetfl	fgetfl	existing-unreviewed		0
fSetFD	fsetfd	fsetfd	existing-unreviewed		0
fSetFL	fsetfl	fsetfl	existing-unreviewed		0
fat	fat	fat	existing-unreviewed		0
fatCopies	fatდააკოპირე	fatდააკოპირე	existing-unreviewed		0
fatInfo	fatinfo	fatinfo	existing-unreviewed		0
fatOffsetInSectorForCurrentCluster	fatoffsetგადიდებაsectorforcurrentcluster	fatoffsetგადიდებაsectorforcurrentcluster	existing-unreviewed		0
fatSectorCount	fatsectorcount	fatsectorcount	existing-unreviewed		0
fatSectorForCurrentCluster	fatsectorforcurrentcluster	fatsectorforcurrentcluster	existing-unreviewed		0
fatSize	fatზომა	fatზომა	existing-unreviewed		0
fatStart	fatstart	fatstart	existing-unreviewed		0
fatTypeLabel	fatტიპისათაური	fatტიპისათაური	existing-unreviewed		0
fatVersion	fatversion	fatversion	existing-unreviewed		0
fatbuf	fatbuf	fatbuf	existing-unreviewed		0
fatbuffer	fatbuffer	fatbuffer	existing-unreviewed		0
faultAddr	faultaddress	faultaddress	existing-unreviewed		0
fb	fb	fb	existing-unreviewed		0
fbCurCol	fbcurrentcol	fbcurrentcol	existing-unreviewed		0
fbCurLine	fbcurrentline	fbcurrentline	existing-unreviewed		0
fbHeight	fbსიმაღლე	fbსიმაღლე	existing-unreviewed		0
fbPhysAddr	fbphysaddress	fbphysaddress	existing-unreviewed		0
fbWidth	fbსიგანე	fbსიგანე	existing-unreviewed		0
fd	fd	fd	existing-unreviewed		0
fdCloexec	fdcloexec	fdcloexec	existing-unreviewed		0
fdEntry	fdentry	fdentry	existing-unreviewed		0
fdFlags	fdალმები	fdალმები	existing-unreviewed		0
fdKindConsole	fdkindconsole	fdkindconsole	existing-unreviewed		0
fdKindFat	fdkindfat	fdkindfat	existing-unreviewed		0
fdKindNone	fdkindარა	fdkindარა	existing-unreviewed		0
fdKindRootDir	fdkindrootდასტა	fdkindrootდასტა	existing-unreviewed		0
fdKindSocket	fdkindsocket	fdkindsocket	existing-unreviewed		0
fdKindStdin	fdkindstdin	fdkindstdin	existing-unreviewed		0
fds	fds	fds	existing-unreviewed		0
filePtr	ფაილიკურსორი	ფაილიკურსორი	existing-unreviewed		0
fileSector	ფაილიsector	ფაილიsector	existing-unreviewed		0
fileSize	ფაილიზომა	ფაილიზომა	existing-unreviewed		0
filename	ფაილისსახელი	ფაილისსახელი	existing-unreviewed		0
fillPosixStat	fillposixstat	fillposixstat	existing-unreviewed		0
findProcess	ძიებაპროცესი	ძიებაპროცესი	existing-unreviewed		0
first	first	first	existing-unreviewed		0
firstClusterHi	firstclusterhi	firstclusterhi	existing-unreviewed		0
firstClusterLow	firstclusterlow	firstclusterlow	existing-unreviewed		0
firstFileCluster	firstფაილიcluster	firstფაილიcluster	existing-unreviewed		0
flags	ალმები	ალმები	existing-unreviewed		0
flags2	ალმები2	ალმები2	existing-unreviewed		0
flagsAndOffset	ალმებიandoffset	ალმებიandoffset	existing-unreviewed		0
flushIndex	flushინდექსი	flushინდექსი	existing-unreviewed		0
flushTlsTable	flushtlsცხრილი	flushtlsცხრილი	existing-unreviewed		0
flush_tss	flushtss	flushtss	existing-unreviewed		0
fn	fn	fn	existing-unreviewed		0
foo	foo	foo	existing-unreviewed		0
foundChild	foundchild	foundchild	existing-unreviewed		0
frame	frame	frame	existing-unreviewed		0
frameCount	framecount	framecount	existing-unreviewed		0
frameHeaderSize	frameheaderზომა	frameheaderზომა	existing-unreviewed		0
free	თავისუფალი	თავისუფალი	existing-unreviewed		0
freePort	თავისუფალიპორტი	თავისუფალიპორტი	existing-unreviewed		0
frequency	frequency	frequency	existing-unreviewed		0
fs	fs	fs	existing-unreviewed		0
func1Val	func1val	func1val	existing-unreviewed		0
func2Val	func2val	func2val	existing-unreviewed		0
func3Val	func3val	func3val	existing-unreviewed		0
func_addr	funcaddress	funcaddress	existing-unreviewed		0
func_bytes	funcბაიტი	funcბაიტი	existing-unreviewed		0
func_name	funcსახელი	funcსახელი	existing-unreviewed		0
func_value	funcმნიშვნელობა	funcმნიშვნელობა	existing-unreviewed		0
function	ფუნქცია	ფუნქცია	existing-unreviewed		0
fxrstor	fxrstor	fxrstor	existing-unreviewed		0
fxsave	fxsave	fxsave	existing-unreviewed		0
g	g	g	existing-unreviewed		0
g_320x200x256	g320x200x256	g320x200x256	existing-unreviewed		0
gate	gate	gate	existing-unreviewed		0
gateData	gatedata	gatedata	existing-unreviewed		0
gatewayIP	gatewayip	gatewayip	existing-unreviewed		0
gdt	gdt	gdt	existing-unreviewed		0
gdtDescriptor	gdtdescriptor	gdtdescriptor	existing-unreviewed		0
gdtEntry	gdtentry	gdtentry	existing-unreviewed		0
gdtTable	gdtცხრილი	gdtცხრილი	existing-unreviewed		0
gdtTableLen	gdtცხრილიlen	gdtცხრილიlen	existing-unreviewed		0
gdt_codeSegmentSelector	gdtcodesegmentselector	gdtcodesegmentselector	existing-unreviewed		0
gdt_func	gdtfunc	gdtfunc	existing-unreviewed		0
getCR2	getcr2	getcr2	existing-unreviewed		0
getCR3	getcr3	getcr3	existing-unreviewed		0
getDescriptor	getdescriptor	getdescriptor	existing-unreviewed		0
getESI	getesi	getesi	existing-unreviewed		0
getESP	getesp	getesp	existing-unreviewed		0
getGDT	getgdt	getgdt	existing-unreviewed		0
getGS	getgs	getgs	existing-unreviewed		0
getOpenFile	getგახსნაფაილი	getგახსნაფაილი	existing-unreviewed		0
getOpenFileFor	getგახსნაფაილიfor	getგახსნაფაილიfor	existing-unreviewed		0
getTLS	gettls	gettls	existing-unreviewed		0
globalDescriptorTable	globaldescriptorცხრილი	globaldescriptorცხრილი	existing-unreviewed		0
globalOffsetTable	globaloffsetცხრილი	globaloffsetცხრილი	existing-unreviewed		0
global_offset_table	globaloffsetცხრილი_2	globaloffsetცხრილი_2	existing-unreviewed		0
graphicsControllerDataPort	გრაფიკაcontrollerdataპორტი	გრაფიკაcontrollerdataპორტი	existing-unreviewed		0
graphicsControllerIndexPort	გრაფიკაcontrollerინდექსიპორტი	გრაფიკაcontrollerინდექსიპორტი	existing-unreviewed		0
grub_multiboot_memory_map_t	grubmultibootმეხსიერებაmapt	grubmultibootმეხსიერებაmapt	existing-unreviewed		0
gs	gs	gs	existing-unreviewed		0
gs_segment	gssegment	gssegment	existing-unreviewed		0
h	h	h	existing-unreviewed		0
haltAfterFatalException	haltafterfatalexception	haltafterfatalexception	existing-unreviewed		0
handleInterrupt	handleinterrupt	handleinterrupt	existing-unreviewed		0
handleKeyboardInterrupt	handleკლავიატურაinterrupt	handleკლავიატურაinterrupt	existing-unreviewed		0
handleMouseInterrupt	handleთაგვიinterrupt	handleთაგვიinterrupt	existing-unreviewed		0
handlePagingInterrupt	handlepaginginterrupt	handlepaginginterrupt	existing-unreviewed		0
handleUnhandledSyscall	handleunhandledsyscall	handleunhandledsyscall	existing-unreviewed		0
handler	handler	handler	existing-unreviewed		0
handlerAddressHighBits	handleraddresshighbits	handleraddresshighbits	existing-unreviewed		0
handlerAddressLowBits	handleraddresslowbits	handleraddresslowbits	existing-unreviewed		0
handlerRun	handlerგაშვება	handlerგაშვება	existing-unreviewed		0
handlers	handler_2	handler_2	existing-unreviewed		0
hardwareAddressSize	აპარატურაaddressზომა	აპარატურაaddressზომა	existing-unreviewed		0
hardwareInterruptOffset	აპარატურაinterruptoffset	აპარატურაinterruptoffset	existing-unreviewed		0
hardwareType	აპარატურატიპი	აპარატურატიპი	existing-unreviewed		0
hd	hd	hd	existing-unreviewed		0
head	head	head	existing-unreviewed		0
headCount	headcount	headcount	existing-unreviewed		0
headerLength	headerlength	headerlength	existing-unreviewed		0
headertype	headertype	headertype	existing-unreviewed		0
height	სიმაღლე	სიმაღლე	existing-unreviewed		0
hex	hex	hex	existing-unreviewed		0
hiddenSectors	hiddensectors	hiddensectors	existing-unreviewed		0
i	i	i	existing-unreviewed		0
iCount	icount	icount	existing-unreviewed		0
iDrivers	idriver	idriver	existing-unreviewed		0
iKeyboardEventHandler	iკლავიატურაeventhandler	iკლავიატურაeventhandler	existing-unreviewed		0
iMouseEventHandler	iთაგვიeventhandler	iთაგვიeventhandler	existing-unreviewed		0
iPCIControllerHandler	ipcicontrollerhandler	ipcicontrollerhandler	existing-unreviewed		0
iRawDataHandler	irawdatahandler	irawdatahandler	existing-unreviewed		0
iTimerEventHandler	itimereventhandler	itimereventhandler	existing-unreviewed		0
icmp	icmp	icmp	existing-unreviewed		0
icmpSize	icmpზომა	icmpზომა	existing-unreviewed		0
icmp콘솔	icmpconsole	icmpconsole	existing-unreviewed		0
id	id	id	existing-unreviewed		0
ident	ident	ident	existing-unreviewed		0
idtData	idtdata	idtdata	existing-unreviewed		0
idtPointer	idtკურსორი	idtკურსორი	existing-unreviewed		0
idx	idx	idx	existing-unreviewed		0
index	ინდექსი	ინდექსი	existing-unreviewed		0
initBlock	initblock	initblock	existing-unreviewed		0
initFileDescriptors	initფაილიdescriptor	initფაილიdescriptor	existing-unreviewed		0
initPIT	initpit	initpit	existing-unreviewed		0
initializeProcessFDs	initializeპროცესიfds	initializeპროცესიfds	existing-unreviewed		0
inode	inode	inode	existing-unreviewed		0
inputEventTask	inputeventtask	inputeventtask	existing-unreviewed		0
installIDT	დაყენებაidt	დაყენებაidt	existing-unreviewed		0
intNumber	intრიცხვი	intრიცხვი	existing-unreviewed		0
interface_id	ინტერფეისიid	ინტერფეისიid	existing-unreviewed		0
internetprotocolPayload	ინტერნეტიprotocolpayload	ინტერნეტიprotocolpayload	existing-unreviewed		0
interrupt	interrupt	interrupt	existing-unreviewed		0
interruptDebug	interruptdebug	interruptdebug	existing-unreviewed		0
interruptExitLoop	interruptგასვლაloop	interruptგასვლაloop	existing-unreviewed		0
interruptGateEntries	interruptgateentry	interruptgateentry	existing-unreviewed		0
interruptHandler	interrupthandler	interrupthandler	existing-unreviewed		0
interrupts	interrupts	interrupts	existing-unreviewed		0
iomap	iomap	iomap	existing-unreviewed		0
ip	ip	ip	existing-unreviewed		0
ipEtherFrameHandler	ipethernetframehandler	ipethernetframehandler	existing-unreviewed		0
ipHandler	iphandler	iphandler	existing-unreviewed		0
ipIdx	ipidx	ipidx	existing-unreviewed		0
ipProtocolUDP	ipprotocoludp	ipprotocoludp	existing-unreviewed		0
ipProvider	ipprovider	ipprovider	pending-language-review	ip_provider	0
ipSize	ipზომა	ipზომა	existing-unreviewed		0
ip_be	ipქსელიbyteorder	ipქსელიbyteorder	existing-unreviewed		0
ipmessage	ინტერნეტიprotocolშეტყობინება	ინტერნეტიprotocolშეტყობინება	existing-unreviewed		0
ipv4	ipv4	ipv4	existing-unreviewed		0
ip콘솔	ipconsole	ipconsole	existing-unreviewed		0
isKernel	iskernel	iskernel	existing-unreviewed		0
isRoot	isroot	isroot	existing-unreviewed		0
isRootPath	isrootგეზი	isrootგეზი	existing-unreviewed		0
isSharedPDE	issharedpde	issharedpde	existing-unreviewed		0
istOffset	istoffset	istoffset	existing-unreviewed		0
j	j	j	existing-unreviewed		0
jmp	jmp	jmp	existing-unreviewed		0
jmp_user	jmpმომხმარებელი	jmpმომხმარებელი	existing-unreviewed		0
jump_usermode_iret	jumpusermodeiret	jumpusermodeiret	existing-unreviewed		0
kPageDirEntry	kგვერდიდასტაentry	kგვერდიდასტაentry	existing-unreviewed		0
kernelESP	kernelesp	kernelesp	existing-unreviewed		0
kernelPageDirEntry	kernelგვერდიდასტაentry	kernelგვერდიდასტაentry	existing-unreviewed		0
kernelSS	kernelss	kernelss	existing-unreviewed		0
key	key	key	existing-unreviewed		0
keyboard	კლავიატურა	კლავიატურა	existing-unreviewed		0
keyboardDriver	კლავიატურაdriver	კლავიატურაdriver	existing-unreviewed		0
keyboardEventHandler	კლავიატურაeventhandler	კლავიატურაeventhandler	existing-unreviewed		0
keyboardQueue	კლავიატურაqueue	კლავიატურაqueue	existing-unreviewed		0
keyboardQueueRead	კლავიატურაqueueკითხვა	კლავიატურაqueueკითხვა	existing-unreviewed		0
keyboardQueueSize	კლავიატურაqueueზომა	კლავიატურაqueueზომა	existing-unreviewed		0
keyboardQueueWrite	კლავიატურაqueueჩაწერა	კლავიატურაqueueჩაწერა	existing-unreviewed		0
kind	kind	kind	existing-unreviewed		0
l	l	l	existing-unreviewed		0
last	last	last	existing-unreviewed		0
lbaHiPort	lbahiპორტი	lbahiპორტი	existing-unreviewed		0
lbaLowPort	lbalowპორტი	lbalowპორტი	existing-unreviewed		0
lbaMidPort	lbamidპორტი	lbamidპორტი	existing-unreviewed		0
ldt	ldt	ldt	existing-unreviewed		0
leftShift	მარცხნივshift	მარცხნივshift	existing-unreviewed		0
len	len	len	existing-unreviewed		0
len_ver	lenver	lenver	existing-unreviewed		0
length	length	length	existing-unreviewed		0
lengthAddress	lengthaddress	lengthaddress	existing-unreviewed		0
lengthInBytes	lengthგადიდებაბაიტი	lengthგადიდებაბაიტი	existing-unreviewed		0
length_high	lengthhigh	lengthhigh	existing-unreviewed		0
length_low	lengthlow	lengthlow	existing-unreviewed		0
lengths	lengths	lengths	existing-unreviewed		0
lib1Addr	lib1address	lib1address	existing-unreviewed		0
lib1Data	lib1data	lib1data	existing-unreviewed		0
lib1File	lib1ფაილი	lib1ფაილი	existing-unreviewed		0
lib1GOT	lib1got	lib1got	existing-unreviewed		0
lib1elf	lib1elf	lib1elf	existing-unreviewed		0
lib2Addr	lib2address	lib2address	existing-unreviewed		0
lib2Data	lib2data	lib2data	existing-unreviewed		0
lib2File	lib2ფაილი	lib2ფაილი	existing-unreviewed		0
lib2GOT	lib2got	lib2got	existing-unreviewed		0
lib2elf	lib2elf	lib2elf	existing-unreviewed		0
libLinkMap	libბმულიmap	libბმულიmap	existing-unreviewed		0
lidtaddr	lidtaddr	lidtaddr	existing-unreviewed		0
limit	limit	limit	existing-unreviewed		0
limitHighAndFlags	limithighandალმები	limithighandალმები	existing-unreviewed		0
limitLow	limitlow	limitlow	existing-unreviewed		0
linkMap	ბმულიmap	ბმულიmap	existing-unreviewed		0
linkMapAddr	ბმულიmapaddress	ბმულიmapaddress	existing-unreviewed		0
linkerAddr	linkeraddress	linkeraddress	existing-unreviewed		0
linkerData	linkerdata	linkerdata	existing-unreviewed		0
linkerEntry	linkerentry	linkerentry	existing-unreviewed		0
linkerFile	linkerფაილი	linkerფაილი	existing-unreviewed		0
list	სია	სია	existing-unreviewed		0
listening	listening	listening	existing-unreviewed		0
loader	loader	loader	existing-unreviewed		0
local	local	local	existing-unreviewed		0
localDatagramSocket	localdatagramsocket	localdatagramsocket	existing-unreviewed		0
localIP	localip	localip	existing-unreviewed		0
localPort	localპორტირიცხვი	localპორტირიცხვი	existing-unreviewed		0
localSockets	localsockets	localsockets	existing-unreviewed		0
logicalAddress	logicaladdress	logicaladdress	existing-unreviewed		0
macAddr	macaddress	macaddress	existing-unreviewed		0
macIdx	macidx	macidx	existing-unreviewed		0
magicnumber	magicnumber	magicnumber	existing-unreviewed		0
main	main	main	compatibility		0
mainThread	მთავარიthread	მთავარიthread	existing-unreviewed		0
makePagePrivateWritableCurrent	makeგვერდიprivatewritablecurrent	makeგვერდიprivatewritablecurrent	existing-unreviewed		0
makeRangePrivateWritableCurrent	makerangeprivatewritablecurrent	makerangeprivatewritablecurrent	existing-unreviewed		0
manager	manager	manager	existing-unreviewed		0
mask	mask	mask	existing-unreviewed		0
master	master	master	existing-unreviewed		0
matches	matches	matches	existing-unreviewed		0
maxBARs	maxbars	maxbars	existing-unreviewed		0
maxDatagramSize	maxdatagramზომა	maxdatagramზომა	existing-unreviewed		0
maxExecStringLength	maxexecstringlength	maxexecstringlength	existing-unreviewed		0
maxExecVectorEntries	maxexecvectorentry	maxexecvectorentry	existing-unreviewed		0
maxFD	maxfd	maxfd	existing-unreviewed		0
maxOpenFiles	maxგახსნაfiles	maxგახსნაfiles	existing-unreviewed		0
maxSocketPackets	maxsocketpackets	maxsocketpackets	existing-unreviewed		0
maxSockets	maxsockets	maxsockets	existing-unreviewed		0
maximumBlocks	maximumblock	maximumblock	existing-unreviewed		0
mediaType	მედიატიპი	მედიატიპი	existing-unreviewed		0
mem	mem	mem	existing-unreviewed		0
memoryArray	მეხსიერებამასივი	მეხსიერებამასივი	existing-unreviewed		0
memoryChunkSize	მეხსიერებაchunkზომა	მეხსიერებაchunkზომა	existing-unreviewed		0
memoryManager	მეხსიერებაmanager	მეხსიერებაmanager	existing-unreviewed		0
memoryOper	მეხსიერებაoper	მეხსიერებაoper	existing-unreviewed		0
memorySize	მეხსიერებაზომა	მეხსიერებაზომა	existing-unreviewed		0
memorymananger	memorymananger	memorymananger	existing-unreviewed		0
memorytest	memorytest	memorytest	existing-unreviewed		0
message	შეტყობინება	შეტყობინება	existing-unreviewed		0
micsPort	micsპორტი	micsპორტი	existing-unreviewed		0
minimum	minimum	minimum	existing-unreviewed		0
mode	რეჟიმი	რეჟიმი	existing-unreviewed		0
mouseDriver	თაგვიdriver	თაგვიdriver	existing-unreviewed		0
mouseEventHandler	თაგვიeventhandler	თაგვიeventhandler	existing-unreviewed		0
mouseVGA	თაგვიvga	თაგვიvga	existing-unreviewed		0
mouseWidget	თაგვიwidget	თაგვიwidget	existing-unreviewed		0
msdospart	msdospartition	msdospartition	existing-unreviewed		0
msg	msg	msg	existing-unreviewed		0
msgBuffer	msgbuffer	msgbuffer	existing-unreviewed		0
multiboot_memory_map	multibootმეხსიერებაmap	multibootმეხსიერებაmap	existing-unreviewed		0
multitasking	multitasking	multitasking	existing-unreviewed		0
myKeyboardEventHandler	myკლავიატურაeventhandler	myკლავიატურაeventhandler	existing-unreviewed		0
myPCIControllerHandler	mypcicontrollerhandler	mypcicontrollerhandler	existing-unreviewed		0
myfunction	myfunction	myfunction	existing-unreviewed		0
n	n	n	existing-unreviewed		0
n_descsz	ndescsz	ndescsz	existing-unreviewed		0
n_namesz	nnamesz	nnamesz	existing-unreviewed		0
n_type	nტიპი	nტიპი	existing-unreviewed		0
name	სახელი	სახელი	existing-unreviewed		0
nameLen	სახელიlen	სახელიlen	existing-unreviewed		0
netCard	ქსელიბანქო	ქსელიბანქო	existing-unreviewed		0
newButtons	ახალიbutton	ახალიbutton	existing-unreviewed		0
newFD	ახალიfd	ახალიfd	existing-unreviewed		0
newFrame	ახალიframe	ახალიframe	existing-unreviewed		0
newLink	ახალიბმული	ახალიბმული	existing-unreviewed		0
newNode	ახალიnode	ახალიnode	existing-unreviewed		0
newPtr	ახალიკურსორი	ახალიკურსორი	existing-unreviewed		0
next	შემდეგი	შემდეგი	existing-unreviewed		0
nextEphemeralPort	შემდეგიephemeralპორტი	შემდეგიephemeralპორტი	existing-unreviewed		0
nextFileCluster	შემდეგიფაილიcluster	შემდეგიფაილიcluster	existing-unreviewed		0
nextHopIP_BE	შემდეგიhopipaddressქსელიbyteorder	შემდეგიhopipaddressქსელიbyteorder	existing-unreviewed		0
nextNode	შემდეგიnode	შემდეგიnode	existing-unreviewed		0
nextProcessID	შემდეგიპროცესიid	შემდეგიპროცესიid	existing-unreviewed		0
nextThread	შემდეგიthread	შემდეგიthread	existing-unreviewed		0
nibble	nibble	nibble	existing-unreviewed		0
node	node	node	pending-language-review	list_node	0
nodeArray	nodeმასივი	nodeმასივი	existing-unreviewed		0
num	რიცხვი	რიცხვი	existing-unreviewed		0
numCacheEntries	რიცხვიcacheentry	რიცხვიcacheentry	existing-unreviewed		0
numDrivers	რიცხვიdriver	რიცხვიdriver	existing-unreviewed		0
numFunctions	რიცხვიfunctions	რიცხვიfunctions	existing-unreviewed		0
numRecvBuffers	რიცხვიrecvbuffer	რიცხვიrecvbuffer	existing-unreviewed		0
numSendBuffers	რიცხვიგაგზავნაbuffer	რიცხვიგაგზავნაbuffer	existing-unreviewed		0
numSockets	რიცხვიsockets	რიცხვიsockets	existing-unreviewed		0
numTasks	რიცხვიდავალებანი	რიცხვიდავალებანი	existing-unreviewed		0
oAppend	oappend	oappend	existing-unreviewed		0
oCreate	ocreate	ocreate	existing-unreviewed		0
oDirectory	oდასტა	oდასტა	existing-unreviewed		0
oReadOnly	oკითხვაonly	oკითხვაonly	existing-unreviewed		0
oReadWrite	oკითხვაჩაწერა	oკითხვაჩაწერა	existing-unreviewed		0
oTruncate	otruncate	otruncate	existing-unreviewed		0
oWriteOnly	oჩაწერაonly	oჩაწერაonly	existing-unreviewed		0
o_addr	oaddress	oaddress	existing-unreviewed		0
offset	offset	offset	existing-unreviewed		0
ok	ok	ok	existing-unreviewed		0
oldButtons	oldbutton	oldbutton	existing-unreviewed		0
oldCR3	oldcr3	oldcr3	existing-unreviewed		0
oldFD	oldfd	oldfd	existing-unreviewed		0
oldFrame	oldframe	oldframe	existing-unreviewed		0
oldGdt	oldgdt	oldgdt	existing-unreviewed		0
oldGdtAddr	oldgdtaddress	oldgdtaddress	existing-unreviewed		0
oldGdtLen	oldgdtlen	oldgdtlen	existing-unreviewed		0
openFileDescription	გახსნაფაილიაღწერილობა	გახსნაფაილიაღწერილობა	existing-unreviewed		0
openFileTable	გახსნაფაილიცხრილი	გახსნაფაილიცხრილი	existing-unreviewed		0
options	ოფციები	ოფციები	existing-unreviewed		0
orgValue	orgმნიშვნელობა	orgმნიშვნელობა	existing-unreviewed		0
p	p	p	existing-unreviewed		0
p1	p1	p1	existing-unreviewed		0
p2	p2	p2	existing-unreviewed		0
p_align	pგანთავსება	pგანთავსება	existing-unreviewed		0
p_backend	pbackend	pbackend	existing-unreviewed		0
p_data	pdata	pdata	existing-unreviewed		0
p_efHandler	pefhandler	pefhandler	existing-unreviewed		0
p_efProvider	pefprovider	pefprovider	existing-unreviewed		0
p_etherType	pethernetტიპი	pethernetტიპი	existing-unreviewed		0
p_filesz	pfilesz	pfilesz	existing-unreviewed		0
p_flags	pალმები	pალმები	existing-unreviewed		0
p_iHandler	pihandler	pihandler	existing-unreviewed		0
p_ipHandler	piphandler	piphandler	existing-unreviewed		0
p_ipProvider	pipprovider	pipprovider	existing-unreviewed		0
p_memsz	pmemsz	pmemsz	existing-unreviewed		0
p_offset	poffset	poffset	existing-unreviewed		0
p_paddr	ppaddr	ppaddr	existing-unreviewed		0
p_protocol	pprotocol	pprotocol	existing-unreviewed		0
p_provider	pprovider	pprovider	existing-unreviewed		0
p_str	pstr	pstr	existing-unreviewed		0
p_type	pტიპი	pტიპი	existing-unreviewed		0
p_udpHandler	pudphandler	pudphandler	existing-unreviewed		0
p_udpProvider	pudpprovider	pudpprovider	existing-unreviewed		0
p_vaddr	pvaddr	pvaddr	existing-unreviewed		0
packet	packet	packet	existing-unreviewed		0
packetStatus	packetსტატუსი	packetსტატუსი	existing-unreviewed		0
packets	packets	packets	existing-unreviewed		0
page	გვერდი	გვერდი	existing-unreviewed		0
pageDir	გვერდიდასტა	გვერდიდასტა	pending-language-review	page_directory	0
pageDirEntry	გვერდიდასტაentry	გვერდიდასტაentry	existing-unreviewed		0
pageTableEntry	გვერდიცხრილიentry	გვერდიცხრილიentry	existing-unreviewed		0
paging	paging	paging	existing-unreviewed		0
param	param	param	existing-unreviewed		0
params	params	params	existing-unreviewed		0
parent	parent	parent	existing-unreviewed		0
parentPID	parentpid	parentpid	existing-unreviewed		0
parentProcess	parentპროცესი	parentპროცესი	existing-unreviewed		0
partEntry	partentry	partentry	existing-unreviewed		0
partition	partition	partition	existing-unreviewed		0
partitionBytes	partitionბაიტი	partitionბაიტი	existing-unreviewed		0
partitionOffset	partitionoffset	partitionoffset	existing-unreviewed		0
path	გეზი	გეზი	existing-unreviewed		0
pathAddr	გეზიaddress	გეზიaddress	existing-unreviewed		0
pci	pci	pci	existing-unreviewed		0
pciController	pcicontroller	pcicontroller	existing-unreviewed		0
pde	pde	pde	existing-unreviewed		0
pdeAddr	pdeaddress	pdeaddress	existing-unreviewed		0
pdelen	pdelen	pdelen	existing-unreviewed		0
peer	peer	peer	existing-unreviewed		0
pendingButtons	pendingbutton	pendingbutton	existing-unreviewed		0
pendingMouseEvent	pendingთაგვიevent	pendingთაგვიevent	existing-unreviewed		0
pendingX	pendingx	pendingx	existing-unreviewed		0
pendingY	pendingy	pendingy	existing-unreviewed		0
phyaddr	phyaddr	phyaddr	existing-unreviewed		0
phymem	physicalმეხსიერება	physicalმეხსიერება	existing-unreviewed		0
physicalAddress	physicaladdress	physicaladdress	existing-unreviewed		0
pid	pid	pid	existing-unreviewed		0
pitFrequency	pitfrequency	pitfrequency	existing-unreviewed		0
pixelAddress	pixeladdress	pixeladdress	existing-unreviewed		0
pointer	კურსორი	კურსორი	pending-language-review	pointer	0
pollKeyboardScancode	pollკლავიატურაscancode	pollკლავიატურაscancode	existing-unreviewed		0
port	პორტი	პორტი	existing-unreviewed		0
portBase	პორტიbase	პორტიbase	existing-unreviewed		0
portInUse	პორტიგადიდებაuse	პორტიგადიდებაuse	existing-unreviewed		0
portnumber	portnumber	portnumber	existing-unreviewed		0
pos	position	position	existing-unreviewed		0
position	position_2	position_2	existing-unreviewed		0
posixStat	posixstat	posixstat	existing-unreviewed		0
posixUtsname	posixutsname	posixutsname	existing-unreviewed		0
prefetchable	prefetchcapable	prefetchcapable	existing-unreviewed		0
prev	previous	previous	existing-unreviewed		0
prevNode	previousnode	previousnode	existing-unreviewed		0
prevX	previousx	previousx	existing-unreviewed		0
prevY	previousy	previousy	existing-unreviewed		0
printESP	ბეჭდვაesp	ბეჭდვაesp	existing-unreviewed		0
printExceptionSelectorInfo	ბეჭდვაexceptionselectorinfo	ბეჭდვაexceptionselectorinfo	existing-unreviewed		0
printPageFaultInfo	ბეჭდვაგვერდიfaultinfo	ბეჭდვაგვერდიfaultinfo	existing-unreviewed		0
printreg	printreg	printreg	existing-unreviewed		0
proc2	proc2	proc2	existing-unreviewed		0
proc3	proc3	proc3	existing-unreviewed		0
proc4	proc4	proc4	existing-unreviewed		0
process	პროცესი	პროცესი	existing-unreviewed		0
processEntry	პროცესიentry	პროცესიentry	existing-unreviewed		0
processHelper	პროცესიhelper	პროცესიhelper	existing-unreviewed		0
processTable	პროცესიცხრილი	პროცესიცხრილი	existing-unreviewed		0
processes	პროცესები	პროცესები	existing-unreviewed		0
programBreak	პროგრამაbreak	პროგრამაbreak	existing-unreviewed		0
protocol	protocol	protocol	existing-unreviewed		0
protocolAddressSize	protocoladdressზომა	protocoladdressზომა	existing-unreviewed		0
providedLength	providedlength	providedlength	existing-unreviewed		0
provider	provider	provider	existing-unreviewed		0
ps2WaitLimit	ps2ლოდინიlimit	ps2ლოდინიlimit	existing-unreviewed		0
pt	pt	pt	existing-unreviewed		0
pte	pte	pte	existing-unreviewed		0
pteAddr	pteaddress	pteaddress	existing-unreviewed		0
ptr	კურსორი_2	კურსორი_2	pending-language-review	pointer	0
pushExecUint32	pushexecunsignedinteger32	pushexecunsignedinteger32	existing-unreviewed		0
queueKeyboardByte	queueკლავიატურაbyte	queueკლავიატურაbyte	existing-unreviewed		0
r	r	r	existing-unreviewed		0
r_addend	raddend	raddend	existing-unreviewed		0
r_info	rinfo	rinfo	existing-unreviewed		0
r_offset	roffset	roffset	existing-unreviewed		0
raw	raw	raw	existing-unreviewed		0
rawDataBackend	rawdatabackend	rawdatabackend	existing-unreviewed		0
readFile	კითხვაფაილი	კითხვაფაილი	existing-unreviewed		0
readPS2Data	კითხვაps2data	კითხვაps2data	existing-unreviewed		0
readStdin	კითხვაstdin	კითხვაstdin	existing-unreviewed		0
readVFSFile	კითხვაvfsფაილი	კითხვაvfsფაილი	existing-unreviewed		0
read_count	კითხვაcount	კითხვაcount	existing-unreviewed		0
receiver	receiver	receiver	existing-unreviewed		0
recvBufferDescr	recvbufferაღწერილობა	recvbufferაღწერილობა	existing-unreviewed		0
recvBufferDescrAddress	recvbufferაღწერილობაaddress	recvbufferაღწერილობაaddress	existing-unreviewed		0
recvBuffers	recvbuffer	recvbuffer	existing-unreviewed		0
recvBuffersDescrMemory	recvbufferაღწერილობამეხსიერება	recvbufferაღწერილობამეხსიერება	existing-unreviewed		0
refBytes	referenceბაიტი	referenceბაიტი	existing-unreviewed		0
refPtr	referenceკურსორი	referenceკურსორი	existing-unreviewed		0
refs	refs	refs	existing-unreviewed		0
regIndex	regინდექსი	regინდექსი	existing-unreviewed		0
registerAddressPort	registeraddressპორტი	registeraddressპორტი	existing-unreviewed		0
registerDataPort	registerdataპორტი	registerdataპორტი	existing-unreviewed		0
registeroffset	registeroffset	registeroffset	existing-unreviewed		0
registers	register	register	existing-unreviewed		0
regtype	regtype	regtype	existing-unreviewed		0
rel_text	relტექსტი	relტექსტი	existing-unreviewed		0
rel_text_len	relტექსტიlen	relტექსტიlen	existing-unreviewed		0
releaseOpenFile	releaseგახსნაფაილი	releaseგახსნაფაილი	existing-unreviewed		0
released	released	released	existing-unreviewed		0
reloadCR3	გადატვირთვაcr3	გადატვირთვაcr3	existing-unreviewed		0
relocation_text	relocationტექსტი	relocationტექსტი	existing-unreviewed		0
remaining	remaining	remaining	existing-unreviewed		0
remote	remote	remote	existing-unreviewed		0
remoteIP	remoteip	remoteip	existing-unreviewed		0
remotePort	remoteპორტირიცხვი	remoteპორტირიცხვი	existing-unreviewed		0
requested	requested	requested	existing-unreviewed		0
reserved	reserved	reserved	existing-unreviewed		0
reserved0	reserved0	reserved0	existing-unreviewed		0
reservedSectors	reservedsectors	reservedsectors	existing-unreviewed		0
resetPort	განულებაპორტი	განულებაპორტი	existing-unreviewed		0
restoreFpRegs	აღდგენაfpregs	აღდგენაfpregs	existing-unreviewed		0
result	result	result	existing-unreviewed		0
result1	result1	result1	existing-unreviewed		0
result2	result2	result2	existing-unreviewed		0
ret	ret	ret	existing-unreviewed		0
revision	revision	revision	existing-unreviewed		0
rightShift	მარჯვნივshift	მარჯვნივshift	existing-unreviewed		0
rootCluster	rootcluster	rootcluster	existing-unreviewed		0
rootDirEntries	rootდასტაentry	rootდასტაentry	existing-unreviewed		0
rootStart	rootstart	rootstart	existing-unreviewed		0
rt	rt	rt	existing-unreviewed		0
s	s	s	existing-unreviewed		0
sIfchr	sifchr	sifchr	existing-unreviewed		0
sIfdir	sifdir	sifdir	existing-unreviewed		0
sIfmt	sifmt	sifmt	existing-unreviewed		0
sIfreg	sifreg	sifreg	existing-unreviewed		0
sIfsock	sifsock	sifsock	existing-unreviewed		0
savedESP	savedesp	savedesp	existing-unreviewed		0
sc	sc	sc	existing-unreviewed		0
scanCode	scancode	scancode	existing-unreviewed		0
scanCodeToByte	scancodetobyte	scancodetobyte	existing-unreviewed		0
scancodeToByte	scancodetobyte_2	scancodetobyte_2	existing-unreviewed		0
sche	sche	sche	existing-unreviewed		0
sche_data	schedata	schedata	existing-unreviewed		0
scheduleStack	schedulestack	schedulestack	existing-unreviewed		0
scheduler	scheduler	scheduler	existing-unreviewed		0
schedulerDebug	schedulerdebug	schedulerdebug	existing-unreviewed		0
sectHeader	sectheader	sectheader	existing-unreviewed		0
sectHeaderSize	sectheaderზომა	sectheaderზომა	existing-unreviewed		0
sectName	sectსახელი	sectსახელი	existing-unreviewed		0
sectValue	sectმნიშვნელობა	sectმნიშვნელობა	existing-unreviewed		0
sector	sector	sector	existing-unreviewed		0
sectorCountPort	sectorcountპორტი	sectorcountპორტი	existing-unreviewed		0
sectorNum	sectorრიცხვი	sectorრიცხვი	existing-unreviewed		0
sectorOffset	sectoroffset	sectoroffset	existing-unreviewed		0
sectorPerTrack	sectorpertrack	sectorpertrack	existing-unreviewed		0
sectorsPerCluster	sectorspercluster	sectorspercluster	existing-unreviewed		0
seekCur	seekcurrent	seekcurrent	existing-unreviewed		0
seekEnd	seekend	seekend	existing-unreviewed		0
seekSet	seekset	seekset	existing-unreviewed		0
segmentNumber	segmentრიცხვი	segmentრიცხვი	existing-unreviewed		0
self	self	self	existing-unreviewed		0
self_uintptr	selfuintptr	selfuintptr	existing-unreviewed		0
sendBack	reply	reply	existing-unreviewed		0
sendBufferDescr	გაგზავნაbufferაღწერილობა	გაგზავნაbufferაღწერილობა	existing-unreviewed		0
sendBufferDescrAddress	გაგზავნაbufferაღწერილობაaddress	გაგზავნაbufferაღწერილობაaddress	existing-unreviewed		0
sendBuffers	გაგზავნაbuffer	გაგზავნაbuffer	existing-unreviewed		0
sendBuffersDescrMemory	გაგზავნაbufferაღწერილობამეხსიერება	გაგზავნაbufferაღწერილობამეხსიერება	existing-unreviewed		0
sendDataPointer	გაგზავნაdataკურსორი	გაგზავნაdataკურსორი	existing-unreviewed		0
sendDescriptor	გაგზავნაdescriptor	გაგზავნაdescriptor	existing-unreviewed		0
sendMouseCommand	გაგზავნათაგვიბრძანება	გაგზავნათაგვიბრძანება	existing-unreviewed		0
sequencerDataPort	sequencerdataპორტი	sequencerdataპორტი	existing-unreviewed		0
sequencerIndexPort	sequencerინდექსიპორტი	sequencerინდექსიპორტი	existing-unreviewed		0
serialLogByte	seriallogbyte	seriallogbyte	existing-unreviewed		0
serialReady	serialready	serialready	existing-unreviewed		0
setCR3	setcr3	setcr3	existing-unreviewed		0
setDS	setds	setds	existing-unreviewed		0
setGS	setgs	setgs	existing-unreviewed		0
setThreadExitLoopState	setthreadგასვლაloopstate	setthreadგასვლაloopstate	existing-unreviewed		0
setupExecStack	setupexecstack	setupexecstack	existing-unreviewed		0
sh	sh	sh	existing-unreviewed		0
sh_addr	shaddress	shaddress	existing-unreviewed		0
sh_addralign	shaddralign	shaddralign	existing-unreviewed		0
sh_entsize	shentsize	shentsize	existing-unreviewed		0
sh_flags	shალმები	shალმები	existing-unreviewed		0
sh_info	shinfo	shinfo	existing-unreviewed		0
sh_link	shბმული	shბმული	existing-unreviewed		0
sh_name	shსახელი	shსახელი	existing-unreviewed		0
sh_offset	shoffset	shoffset	existing-unreviewed		0
sh_size	shზომა	shზომა	existing-unreviewed		0
sh_type	shტიპი	shტიპი	existing-unreviewed		0
shift	shift	shift	existing-unreviewed		0
signature	signature	signature	existing-unreviewed		0
size	ზომა	ზომა	existing-unreviewed		0
sl	sl	sl	existing-unreviewed		0
sockDatagram	sockdatagram	sockdatagram	existing-unreviewed		0
socket	socket	socket	existing-unreviewed		0
socketAddress	socketaddress	socketaddress	existing-unreviewed		0
socketAddressIPv4	socketaddressipv4	socketaddressipv4	existing-unreviewed		0
socketBind	socketbind	socketbind	existing-unreviewed		0
socketCallArgument	socketcallargument	socketcallargument	existing-unreviewed		0
socketConnect	socketდაკავშირება	socketდაკავშირება	existing-unreviewed		0
socketForFD	socketforfd	socketforfd	existing-unreviewed		0
socketIndex	socketინდექსი	socketინდექსი	existing-unreviewed		0
socketPacket	socketpacket	socketpacket	existing-unreviewed		0
socketReceiveFrom	socketreceivefrom	socketreceivefrom	existing-unreviewed		0
socketSendTo	socketგაგზავნაto	socketგაგზავნაto	existing-unreviewed		0
socketType	socketტიპი	socketტიპი	existing-unreviewed		0
sockets	sockets	sockets	existing-unreviewed		0
softName	softსახელი	softსახელი	existing-unreviewed		0
source	წყარო	წყარო	existing-unreviewed		0
sourceAddress	წყაროaddress	წყაროaddress	existing-unreviewed		0
sourceLengthAddress	წყაროlengthaddress	წყაროlengthaddress	existing-unreviewed		0
src	წყარო_2	წყარო_2	existing-unreviewed		0
srcEntry	წყაროentry	წყაროentry	existing-unreviewed		0
srcIP	წყაროipaddress	წყაროipaddress	existing-unreviewed		0
srcIP_BE	წყაროipaddressქსელიbyteorder	წყაროipaddressქსელიbyteorder	existing-unreviewed		0
srcMAC	წყაროmacaddress	წყაროmacaddress	existing-unreviewed		0
srcMAC_BE	წყაროmacbe	წყაროmacbe	existing-unreviewed		0
srcPageDir	წყაროგვერდიდასტა	წყაროგვერდიდასტა	existing-unreviewed		0
srcPde	წყაროpde	წყაროpde	existing-unreviewed		0
srcPdeAddr	წყაროpdeaddress	წყაროpdeaddress	existing-unreviewed		0
srcPort	წყაროპორტირიცხვი	წყაროპორტირიცხვი	pending-language-review	source_port	0
srcPt	წყაროpt	წყაროpt	existing-unreviewed		0
srcptr	srcptr	srcptr	existing-unreviewed		0
ss	ss	ss	existing-unreviewed		0
ss0	ss0	ss0	existing-unreviewed		0
ss1	ss1	ss1	existing-unreviewed		0
ss2	ss2	ss2	existing-unreviewed		0
st	st	st	existing-unreviewed		0
st_info	stinfo	stinfo	existing-unreviewed		0
st_name	stსახელი	stსახელი	existing-unreviewed		0
st_other	stსხვა	stსხვა	existing-unreviewed		0
st_shndx	stshndx	stshndx	existing-unreviewed		0
st_size	stზომა	stზომა	existing-unreviewed		0
st_value	stმნიშვნელობა	stმნიშვნელობა	existing-unreviewed		0
stack	stack	stack	pending-language-review	stack	0
stackBytes	stackბაიტი	stackბაიტი	existing-unreviewed		0
stackPtr	stackკურსორი	stackკურსორი	existing-unreviewed		0
stack_addr	stackaddress	stackaddress	existing-unreviewed		0
stackbottom	stackbottom	stackbottom	existing-unreviewed		0
stacktop	stacktop	stacktop	existing-unreviewed		0
start	start	start	existing-unreviewed		0
startOffset	startoffset	startoffset	existing-unreviewed		0
start_cylinder	startcylinder	startcylinder	existing-unreviewed		0
start_head	starthead	starthead	existing-unreviewed		0
start_sector	startsector	startsector	existing-unreviewed		0
startingBit	startingbit	startingbit	existing-unreviewed		0
stat	stat	stat	existing-unreviewed		0
statAddr	stataddress	stataddress	existing-unreviewed		0
status	სტატუსი	სტატუსი	existing-unreviewed		0
statusAddr	სტატუსიaddress	სტატუსიaddress	existing-unreviewed		0
stderrFD	stderrfd	stderrfd	existing-unreviewed		0
stdinBuffer	stdinbuffer	stdinbuffer	existing-unreviewed		0
stdinFD	stdinfd	stdinfd	existing-unreviewed		0
stdinGetBlocking	stdingetblocking	stdingetblocking	existing-unreviewed		0
stdinRead	stdinკითხვა	stdinკითხვა	existing-unreviewed		0
stdinWrite	stdinჩაწერა	stdinჩაწერა	existing-unreviewed		0
stdoutFD	stdoutfd	stdoutfd	existing-unreviewed		0
stoppedThread	გაჩერებულიაthread	გაჩერებულიაthread	existing-unreviewed		0
str	str	str	existing-unreviewed		0
stringAddress	stringaddress	stringaddress	existing-unreviewed		0
stringHeader	stringheader	stringheader	existing-unreviewed		0
strtab	strtab	strtab	existing-unreviewed		0
subclass_id	subclassid	subclassid	existing-unreviewed		0
subnetMask	subnetmask	subnetmask	existing-unreviewed		0
swapUint16	swapunsignedinteger16	swapunsignedinteger16	existing-unreviewed		0
switchForced	switchforced	switchforced	existing-unreviewed		0
sysAccess	sysწვდომა	sysწვდომა	existing-unreviewed		0
sysBrk	sysbrk	sysbrk	existing-unreviewed		0
sysCall	syscall	syscall	existing-unreviewed		0
sysChdir	syschdir	syschdir	existing-unreviewed		0
sysClose	sysდახურვა	sysდახურვა	existing-unreviewed		0
sysDup	sysdup	sysdup	existing-unreviewed		0
sysDup2	sysdup2	sysdup2	existing-unreviewed		0
sysExecve	sysexecve	sysexecve	existing-unreviewed		0
sysExit	sysგასვლა	sysგასვლა	existing-unreviewed		0
sysFcntl	sysfcntl	sysfcntl	existing-unreviewed		0
sysFork	sysfork	sysfork	existing-unreviewed		0
sysFstat	sysfstat	sysfstat	existing-unreviewed		0
sysFsync	sysfsync	sysfsync	existing-unreviewed		0
sysGetcwd	sysgetcwd	sysgetcwd	existing-unreviewed		0
sysLseek	syslseek	syslseek	existing-unreviewed		0
sysOpen	sysგახსნა	sysგახსნა	existing-unreviewed		0
sysRead	sysკითხვა	sysკითხვა	existing-unreviewed		0
sysSocketCall	syssocketcall	syssocketcall	existing-unreviewed		0
sysStat	sysstat	sysstat	existing-unreviewed		0
sysUname	sysuname	sysuname	existing-unreviewed		0
sysWaitpid	syswaitpid	syswaitpid	existing-unreviewed		0
sysWrite	sysჩაწერა	sysჩაწერა	existing-unreviewed		0
syscallError	syscallშეცდომა	syscallშეცდომა	existing-unreviewed		0
syscallID	syscallid	syscallid	existing-unreviewed		0
systemcall	სისტემაcall	სისტემაcall	existing-unreviewed		0
table	ცხრილი	ცხრილი	existing-unreviewed		0
tableSize	ცხრილიზომა	ცხრილიზომა	existing-unreviewed		0
tail	tail	tail	existing-unreviewed		0
task	task	task	existing-unreviewed		0
taskA	taska	taska	existing-unreviewed		0
taskB	taskb	taskb	existing-unreviewed		0
taskC	taskc	taskc	existing-unreviewed		0
taskD	taskd	taskd	existing-unreviewed		0
taskD0	taskd0	taskd0	existing-unreviewed		0
taskD1	taskd1	taskd1	existing-unreviewed		0
taskManager	taskmanager	taskmanager	existing-unreviewed		0
tasks	დავალებანი	დავალებანი	existing-unreviewed		0
temp	temporary	temporary	existing-unreviewed		0
terminated	terminated	terminated	existing-unreviewed		0
text	ტექსტი	ტექსტი	existing-unreviewed		0
textPtr	ტექსტიკურსორი	ტექსტიკურსორი	existing-unreviewed		0
text_len	ტექსტიlen	ტექსტიlen	existing-unreviewed		0
text_mode_check_fb_move	ტექსტირეჟიმიcheckfbგადაადგილება	ტექსტირეჟიმიcheckfbგადაადგილება	existing-unreviewed		0
text_mode_disable_cursor	ტექსტირეჟიმიdisablecursor	ტექსტირეჟიმიdisablecursor	existing-unreviewed		0
text_mode_enable_cursor	ტექსტირეჟიმიenablecursor	ტექსტირეჟიმიenablecursor	existing-unreviewed		0
text_mode_error_writer	ტექსტირეჟიმიშეცდომაwriter	ტექსტირეჟიმიშეცდომაwriter	existing-unreviewed		0
text_mode_flush_screen	ტექსტირეჟიმიflushეკრანი	ტექსტირეჟიმიflushეკრანი	existing-unreviewed		0
text_mode_init	ტექსტირეჟიმიinit	ტექსტირეჟიმიinit	existing-unreviewed		0
text_mode_print	ტექსტირეჟიმიბეჭდვა	ტექსტირეჟიმიბეჭდვა	existing-unreviewed		0
text_mode_print_bytes	ტექსტირეჟიმიბეჭდვაბაიტი	ტექსტირეჟიმიბეჭდვაბაიტი	existing-unreviewed		0
text_mode_print_char	ტექსტირეჟიმიბეჭდვაchar	ტექსტირეჟიმიბეჭდვაchar	existing-unreviewed		0
text_mode_print_char_col	ტექსტირეჟიმიბეჭდვაcharcol	ტექსტირეჟიმიბეჭდვაcharcol	existing-unreviewed		0
text_mode_print_col	ტექსტირეჟიმიბეჭდვაcol	ტექსტირეჟიმიბეჭდვაcol	existing-unreviewed		0
text_mode_print_error	ტექსტირეჟიმიბეჭდვაშეცდომა	ტექსტირეჟიმიბეჭდვაშეცდომა	existing-unreviewed		0
text_mode_print_error_bytes	ტექსტირეჟიმიბეჭდვაშეცდომაბაიტი	ტექსტირეჟიმიბეჭდვაშეცდომაბაიტი	existing-unreviewed		0
text_mode_print_errorln	ტექსტირეჟიმიბეჭდვაerrorln	ტექსტირეჟიმიბეჭდვაerrorln	existing-unreviewed		0
text_mode_print_hex	ტექსტირეჟიმიბეჭდვაhex	ტექსტირეჟიმიბეჭდვაhex	existing-unreviewed		0
text_mode_print_hex16	ტექსტირეჟიმიბეჭდვაhex16	ტექსტირეჟიმიბეჭდვაhex16	existing-unreviewed		0
text_mode_print_hex32	ტექსტირეჟიმიბეჭდვაhex32	ტექსტირეჟიმიბეჭდვაhex32	existing-unreviewed		0
text_mode_print_hex64	ტექსტირეჟიმიბეჭდვაhex64	ტექსტირეჟიმიბეჭდვაhex64	existing-unreviewed		0
text_mode_print_hex_char	ტექსტირეჟიმიბეჭდვაhexchar	ტექსტირეჟიმიბეჭდვაhexchar	existing-unreviewed		0
text_mode_println	ტექსტირეჟიმიprintln	ტექსტირეჟიმიprintln	existing-unreviewed		0
text_mode_println_col	ტექსტირეჟიმიprintlncol	ტექსტირეჟიმიprintlncol	existing-unreviewed		0
text_mode_update_cursor	ტექსტირეჟიმიგანახლებაcursor	ტექსტირეჟიმიგანახლებაcursor	existing-unreviewed		0
text_mode_writer	ტექსტირეჟიმიwriter	ტექსტირეჟიმიwriter	existing-unreviewed		0
thr2	thr2	thr2	existing-unreviewed		0
thr3	thr3	thr3	existing-unreviewed		0
thr4	thr4	thr4	existing-unreviewed		0
thread	thread	thread	existing-unreviewed		0
threadExitLoop	threadგასვლაloop	threadგასვლაloop	existing-unreviewed		0
threadHelper	threadhelper	threadhelper	existing-unreviewed		0
threadPtr	threadკურსორი	threadკურსორი	existing-unreviewed		0
tickCount	tickcount	tickcount	existing-unreviewed		0
timeDelta	დროdelta	დროdelta	existing-unreviewed		0
timeToLive	დროtolive	დროtolive	existing-unreviewed		0
timer	timer	timer	existing-unreviewed		0
tls	tls	tls	existing-unreviewed		0
tmp	tmp	tmp	existing-unreviewed		0
tmpPtr	tmpკურსორი	tmpკურსორი	existing-unreviewed		0
tos	tos	tos	existing-unreviewed		0
totalLength	სულlength	სულlength	existing-unreviewed		0
totalSectorCount	სულsectorcount	სულsectorcount	existing-unreviewed		0
totalSectors	სულsectors	სულsectors	existing-unreviewed		0
trap	trap	trap	existing-unreviewed		0
tss	tss	tss	existing-unreviewed		0
tssIndex	tssინდექსი	tssინდექსი	existing-unreviewed		0
udp	udp	udp	existing-unreviewed		0
udpHandler	udphandler	udphandler	existing-unreviewed		0
udpHeaderSize	udpheaderზომა	udpheaderზომა	existing-unreviewed		0
udpProvider	udpprovider	udpprovider	existing-unreviewed		0
udp콘솔	udpconsole	udpconsole	existing-unreviewed		0
unused	unused	unused	existing-unreviewed		0
used	გამოყეებულია	გამოყეებულია	existing-unreviewed		0
usedBlocks	გამოყეებულიაblock	გამოყეებულიაblock	existing-unreviewed		0
user1addr	მომხმარებელი1address	მომხმარებელი1address	existing-unreviewed		0
user1data	მომხმარებელი1data	მომხმარებელი1data	existing-unreviewed		0
user1entry	მომხმარებელი1entry	მომხმარებელი1entry	existing-unreviewed		0
user1file	მომხმარებელი1ფაილი	მომხმარებელი1ფაილი	existing-unreviewed		0
user2addr	მომხმარებელი2address	მომხმარებელი2address	existing-unreviewed		0
user2data	მომხმარებელი2data	მომხმარებელი2data	existing-unreviewed		0
user2entry	მომხმარებელი2entry	მომხმარებელი2entry	existing-unreviewed		0
user2file	მომხმარებელი2ფაილი	მომხმარებელი2ფაილი	existing-unreviewed		0
user3addr	მომხმარებელი3address	მომხმარებელი3address	existing-unreviewed		0
user3data	მომხმარებელი3data	მომხმარებელი3data	existing-unreviewed		0
user3entry	მომხმარებელი3entry	მომხმარებელი3entry	existing-unreviewed		0
user3file	მომხმარებელი3ფაილი	მომხმარებელი3ფაილი	existing-unreviewed		0
userHeapBase	მომხმარებელიheapbase	მომხმარებელიheapbase	existing-unreviewed		0
userHeapLimit	მომხმარებელიheaplimit	მომხმარებელიheaplimit	existing-unreviewed		0
user_esp	მომხმარებელიesp	მომხმარებელიesp	existing-unreviewed		0
userhandler	userhandler	userhandler	existing-unreviewed		0
userproc_entry	userprocentry	userprocentry	existing-unreviewed		0
util	util	util	existing-unreviewed		0
util콘솔	utilconsole	utilconsole	existing-unreviewed		0
v	v	v	existing-unreviewed		0
vAddr	vaddress	vaddress	existing-unreviewed		0
value	მნიშვნელობა	მნიშვნელობა	existing-unreviewed		0
values	values	values	existing-unreviewed		0
version	version	version	existing-unreviewed		0
vga	vga	vga	existing-unreviewed		0
virtlen	virtlen	virtlen	existing-unreviewed		0
virtmem	virtualმეხსიერება	virtualმეხსიერება	existing-unreviewed		0
virtualAddr	virtualaddress	virtualaddress	existing-unreviewed		0
volumeId	volumeid	volumeid	existing-unreviewed		0
volumeLabel	volumeსათაური	volumeსათაური	existing-unreviewed		0
w	w	w	existing-unreviewed		0
wDate	wთარიღი	wთარიღი	existing-unreviewed		0
wTime	wდრო	wდრო	existing-unreviewed		0
waitPS2InputEmpty	ლოდინიps2inputცარიელი	ლოდინიps2inputცარიელი	existing-unreviewed		0
waitPS2OutputFull	ლოდინიps2outputსრული	ლოდინიps2outputსრული	existing-unreviewed		0
wdata	wdata	wdata	existing-unreviewed		0
whence	whence	whence	existing-unreviewed		0
widget	widget	widget	existing-unreviewed		0
width	სიგანე	სიგანე	existing-unreviewed		0
writePS2Command	ჩაწერაps2ბრძანება	ჩაწერაps2ბრძანება	existing-unreviewed		0
writePS2Data	ჩაწერაps2data	ჩაწერაps2data	existing-unreviewed		0
write_count	ჩაწერაcount	ჩაწერაcount	existing-unreviewed		0
x	x	x	existing-unreviewed		0
xPageDir	xგვერდიდასტა	xგვერდიდასტა	existing-unreviewed		0
xPos	xposition	xposition	existing-unreviewed		0
y	y	y	existing-unreviewed		0
yPageDir	yგვერდიდასტა	yგვერდიდასტა	existing-unreviewed		0
yPos	yposition	yposition	existing-unreviewed		0
값	მნიშვნელობა_2	მნიშვნელობა_2	existing-unreviewed		0
공용서술자테이블	shareddescriptorცხრილი	shareddescriptorცხრილი	existing-unreviewed		0
기준	base_2	base_2	existing-unreviewed		0
기준_낮은	baselow_2	baselow_2	existing-unreviewed		0
기준_높은	basehigh_2	basehigh_2	existing-unreviewed		0
기준_매우높은	baseveryhigh	baseveryhigh	existing-unreviewed		0
기준주소	baseaddress	baseaddress	existing-unreviewed		0
넷카드콘솔	ქსელიბანქოconsole	ქსელიბანქოconsole	existing-unreviewed		0
단말기	terminal	terminal	existing-unreviewed		0
마우스콘솔	თაგვიconsole	თაგვიconsole	existing-unreviewed		0
매개값	argumentმნიშვნელობა	argumentმნიშვნელობა	existing-unreviewed		0
멈추기	halt	halt	existing-unreviewed		0
목적	destination_3	destination_3	existing-unreviewed		0
유형	ტიპი	ტიპი	existing-unreviewed		0
이더넷콘솔	ethernetconsole	ethernetconsole	existing-unreviewed		0
인터럽트무시하기	interruptignore	interruptignore	existing-unreviewed		0
인터럽트예외처리기	interruptexceptionhandler	interruptexceptionhandler	existing-unreviewed		0
인터럽트예외처리기0x00	interruptexceptionhandler0x00	interruptexceptionhandler0x00	existing-unreviewed		0
인터럽트예외처리기0x01	interruptexceptionhandler0x01	interruptexceptionhandler0x01	existing-unreviewed		0
인터럽트예외처리기0x02	interruptexceptionhandler0x02	interruptexceptionhandler0x02	existing-unreviewed		0
인터럽트예외처리기0x03	interruptexceptionhandler0x03	interruptexceptionhandler0x03	existing-unreviewed		0
인터럽트예외처리기0x04	interruptexceptionhandler0x04	interruptexceptionhandler0x04	existing-unreviewed		0
인터럽트예외처리기0x05	interruptexceptionhandler0x05	interruptexceptionhandler0x05	existing-unreviewed		0
인터럽트예외처리기0x06	interruptexceptionhandler0x06	interruptexceptionhandler0x06	existing-unreviewed		0
인터럽트예외처리기0x07	interruptexceptionhandler0x07	interruptexceptionhandler0x07	existing-unreviewed		0
인터럽트예외처리기0x08	interruptexceptionhandler0x08	interruptexceptionhandler0x08	existing-unreviewed		0
인터럽트예외처리기0x09	interruptexceptionhandler0x09	interruptexceptionhandler0x09	existing-unreviewed		0
인터럽트예외처리기0x0A	interruptexceptionhandler0x0a	interruptexceptionhandler0x0a	existing-unreviewed		0
인터럽트예외처리기0x0B	interruptexceptionhandler0x0b	interruptexceptionhandler0x0b	existing-unreviewed		0
인터럽트예외처리기0x0C	interruptexceptionhandler0x0c	interruptexceptionhandler0x0c	existing-unreviewed		0
인터럽트예외처리기0x0D	interruptexceptionhandler0x0d	interruptexceptionhandler0x0d	existing-unreviewed		0
인터럽트예외처리기0x0E	interruptexceptionhandler0x0e	interruptexceptionhandler0x0e	existing-unreviewed		0
인터럽트예외처리기0x0F	interruptexceptionhandler0x0f	interruptexceptionhandler0x0f	existing-unreviewed		0
인터럽트예외처리기0x10	interruptexceptionhandler0x10	interruptexceptionhandler0x10	existing-unreviewed		0
인터럽트예외처리기0x11	interruptexceptionhandler0x11	interruptexceptionhandler0x11	existing-unreviewed		0
인터럽트예외처리기0x12	interruptexceptionhandler0x12	interruptexceptionhandler0x12	existing-unreviewed		0
인터럽트예외처리기0x13	interruptexceptionhandler0x13	interruptexceptionhandler0x13	existing-unreviewed		0
인터럽트요청처리0x00	interruptrequesthandler0x00	interruptrequesthandler0x00	existing-unreviewed		0
인터럽트요청처리0x01	interruptrequesthandler0x01	interruptrequesthandler0x01	existing-unreviewed		0
인터럽트요청처리0x02	interruptrequesthandler0x02	interruptrequesthandler0x02	existing-unreviewed		0
인터럽트요청처리0x03	interruptrequesthandler0x03	interruptrequesthandler0x03	existing-unreviewed		0
인터럽트요청처리0x04	interruptrequesthandler0x04	interruptrequesthandler0x04	existing-unreviewed		0
인터럽트요청처리0x05	interruptrequesthandler0x05	interruptrequesthandler0x05	existing-unreviewed		0
인터럽트요청처리0x06	interruptrequesthandler0x06	interruptrequesthandler0x06	existing-unreviewed		0
인터럽트요청처리0x07	interruptrequesthandler0x07	interruptrequesthandler0x07	existing-unreviewed		0
인터럽트요청처리0x08	interruptrequesthandler0x08	interruptrequesthandler0x08	existing-unreviewed		0
인터럽트요청처리0x09	interruptrequesthandler0x09	interruptrequesthandler0x09	existing-unreviewed		0
인터럽트요청처리0x0A	interruptrequesthandler0x0a	interruptrequesthandler0x0a	existing-unreviewed		0
인터럽트요청처리0x0B	interruptrequesthandler0x0b	interruptrequesthandler0x0b	existing-unreviewed		0
인터럽트요청처리0x0C	interruptrequesthandler0x0c	interruptrequesthandler0x0c	existing-unreviewed		0
인터럽트요청처리0x0D	interruptrequesthandler0x0d	interruptrequesthandler0x0d	existing-unreviewed		0
인터럽트요청처리0x0E	interruptrequesthandler0x0e	interruptrequesthandler0x0e	existing-unreviewed		0
인터럽트요청처리0x0F	interruptrequesthandler0x0f	interruptrequesthandler0x0f	existing-unreviewed		0
인터럽트요청처리0x80	interruptrequesthandler0x80	interruptrequesthandler0x80	existing-unreviewed		0
인터럽트요청처리0x81	interruptrequesthandler0x81	interruptrequesthandler0x81	existing-unreviewed		0
인터럽트요청처리0x82	interruptrequesthandler0x82	interruptrequesthandler0x82	existing-unreviewed		0
인터럽트처리기	interrupthandler_2	interrupthandler_2	existing-unreviewed		0
임시	temporary_2	temporary_2	existing-unreviewed		0
자료	data_2	data_2	existing-unreviewed		0
자신	self_2	self_2	existing-unreviewed		0
작업관리자	taskmanager_2	taskmanager_2	existing-unreviewed		0
작업콘솔	taskconsole	taskconsole	existing-unreviewed		0
조각설명자	segmentdescriptor	segmentdescriptor	existing-unreviewed		0
콘솔	console_2	console_2	existing-unreviewed		0
크기	ზომა_2	ზომა_2	existing-unreviewed		0
키보드콘솔	კლავიატურაconsole	კლავიატურაconsole	existing-unreviewed		0
표시들	ალმები_2	ალმები_2	existing-unreviewed		0
표시들_한도_높은	ალმებიlimithigh	ალმებიlimithigh	existing-unreviewed		0
한도	limit_2	limit_2	existing-unreviewed		0
한도_낮은	limitlow_2	limitlow_2	existing-unreviewed		0
